source,event,crop,crop_group,district,area_under_crop_acre,fully_damaged_acre,partially_damaged_acre,pct_partial_damage,total_damaged_acre,yield_kg_per_acre,production_loss_t,page
BBS Yearbook of Agricultural Statistics of Bangladesh 2025,Damage of different crops due to flood & Excessive rain in the months of July& August 2017-18,Local Aus,Aus rice,Rangamati,,989.0,1356.0,18.0,1233.0,15.3,704.0,431
BBS Yearbook of Agricultural Statistics of Bangladesh 2025,Damage of different crops due to flood & Excessive rain in the months of July& August 2017-18,Local Aus,Aus rice,Sylhet,,344.0,655.0,35.0,574.0,16.2,347.0,431
BBS Yearbook of Agricultural Statistics of Bangladesh 2025,Damage of different crops due to flood & Excessive rain in the months of July& August 2017-18,Local Aus,Aus rice,Sirajganj,,132.0,,,132.0,13.2,65.0,431
BBS Yearbook of Agricultural Statistics of Bangladesh 2025,Damage of different crops due to flood & Excessive rain in the months of July& August 2017-18,Local Aus,Aus rice,Bangladesh,,1465.0,2011.0,24.0,1939.0,15.42,1116.0,431
BBS Yearbook of Agricultural Statistics of Bangladesh 2025,Damage of different crops due to flood & Excessive rain in the months of July& August 2017-18,HYV Aus,Aus rice,Noakhali,,1434.0,1550.0,3.0,1486.0,23.63,1311.0,431
BBS Yearbook of Agricultural Statistics of Bangladesh 2025,Damage of different crops due to flood & Excessive rain in the months of July& August 2017-18,HYV Aus,Aus rice,Rangamati,,187.0,392.0,26.0,289.0,22.3,241.0,431
BBS Yearbook of Agricultural Statistics of Bangladesh 2025,Damage of different crops due to flood & Excessive rain in the months of July& August 2017-18,HYV Aus,Aus rice,Maulvibazar,,1257.0,2053.0,40.0,2078.0,30.3,2350.0,431
BBS Yearbook of Agricultural Statistics of Bangladesh 2025,Damage of different crops due to flood & Excessive rain in the months of July& August 2017-18,HYV Aus,Aus rice,Sylhet,,2391.0,4518.0,38.0,4108.0,28.0,4294.0,431
BBS Yearbook of Agricultural Statistics of Bangladesh 2025,Damage of different crops due to flood & Excessive rain in the months of July& August 2017-18,HYV Aus,Aus rice,Sirajganj,,178.0,609.0,44.0,446.0,26.79,446.0,431
BBS Yearbook of Agricultural Statistics of Bangladesh 2025,Damage of different crops due to flood & Excessive rain in the months of July& August 2017-18,HYV Aus,Aus rice,Rajshahi,,24811.0,2382.0,63.0,26318.0,29.2,28686.0,431
BBS Yearbook of Agricultural Statistics of Bangladesh 2025,Damage of different crops due to flood & Excessive rain in the months of July& August 2017-18,HYV Aus,Aus rice,Naogaon,,17152.0,7170.0,30.0,19303.0,29.39,21176.0,431
BBS Yearbook of Agricultural Statistics of Bangladesh 2025,Damage of different crops due to flood & Excessive rain in the months of July& August 2017-18,HYV Aus,Aus rice,Nawabganj,,257.0,9729.0,45.0,4635.0,28.1,4862.0,431
BBS Yearbook of Agricultural Statistics of Bangladesh 2025,Damage of different crops due to flood & Excessive rain in the months of July& August 2017-18,HYV Aus,Aus rice,Bangladesh,,47667.0,28403.0,39.0,58663.0,28.94,63366.0,431
BBS Yearbook of Agricultural Statistics of Bangladesh 2025,Damage of different crops due to flood & Excessive rain in the months of July& August 2017-18,Total Aus (Local+HYV,Aus rice,Noakhali,,1434.0,1550.0,3.0,1486.0,23.63,1311.0,431
BBS Yearbook of Agricultural Statistics of Bangladesh 2025,Damage of different crops due to flood & Excessive rain in the months of July& August 2017-18,Total Aus (Local+HYV,Aus rice,Rangamati,,1176.0,1748.0,20.0,1522.0,16.63,945.0,431
BBS Yearbook of Agricultural Statistics of Bangladesh 2025,Damage of different crops due to flood & Excessive rain in the months of July& August 2017-18,Total Aus (Local+HYV,Aus rice,Maulvibazar,,1257.0,2053.0,40.0,2078.0,30.3,2350.0,431
BBS Yearbook of Agricultural Statistics of Bangladesh 2025,Damage of different crops due to flood & Excessive rain in the months of July& August 2017-18,Total Aus (Local+HYV,Aus rice,Sylhet,,2735.0,5173.0,38.0,4682.0,26.55,4641.0,431
BBS Yearbook of Agricultural Statistics of Bangladesh 2025,Damage of different crops due to flood & Excessive rain in the months of July& August 2017-18,Total Aus (Local+HYV,Aus rice,Sirajganj,,310.0,609.0,44.0,578.0,23.68,511.0,431
BBS Yearbook of Agricultural Statistics of Bangladesh 2025,Damage of different crops due to flood & Excessive rain in the months of July& August 2017-18,Total Aus (Local+HYV,Aus rice,Rajshahi,,24811.0,2382.0,63.0,26318.0,29.2,28686.0,431
BBS Yearbook of Agricultural Statistics of Bangladesh 2025,Damage of different crops due to flood & Excessive rain in the months of July& August 2017-18,Total Aus (Local+HYV,Aus rice,Naogaon,,17152.0,7170.0,30.0,19303.0,29.39,21176.0,431
BBS Yearbook of Agricultural Statistics of Bangladesh 2025,Damage of different crops due to flood & Excessive rain in the months of July& August 2017-18,Total Aus (Local+HYV,Aus rice,Nawabganj,,257.0,9729.0,45.0,4635.0,28.1,4862.0,431
BBS Yearbook of Agricultural Statistics of Bangladesh 2025,Damage of different crops due to flood & Excessive rain in the months of July& August 2017-18,Total Aus (Local+HYV,Aus rice,Bangladesh,,49132.0,30414.0,38.0,60602.0,28.5,64482.0,431
BBS Yearbook of Agricultural Statistics of Bangladesh 2025,Damage of different crops due to flood & Excessive rain in the months of July& August 2017-18,Broadcast (Aman),Aman rice,Sirajganj,,3022.0,9817.0,36.0,6556.0,13.6,3328.0,431
BBS Yearbook of Agricultural Statistics of Bangladesh 2025,Damage of different crops due to flood & Excessive rain in the months of July& August 2017-18,Broadcast (Aman),Aman rice,Bangladesh,,3022.0,9817.0,36.0,6556.0,13.6,3328.0,431
BBS Yearbook of Agricultural Statistics of Bangladesh 2025,Damage of different crops due to flood & Excessive rain in the months of July& August 2017-18,HYV Aman,Aman rice,Jamalpur,,67516.0,41795.0,45.0,86324.0,28.9,93123.0,431
BBS Yearbook of Agricultural Statistics of Bangladesh 2025,Damage of different crops due to flood & Excessive rain in the months of July& August 2017-18,HYV Aman,Aman rice,Sherpur,,4711.0,6944.0,52.0,8322.0,27.96,8685.0,431
BBS Yearbook of Agricultural Statistics of Bangladesh 2025,Damage of different crops due to flood & Excessive rain in the months of July& August 2017-18,HYV Aman,Aman rice,Netrakona,,15182.0,25328.0,34.0,23794.0,28.7,25490.0,431
BBS Yearbook of Agricultural Statistics of Bangladesh 2025,Damage of different crops due to flood & Excessive rain in the months of July& August 2017-18,HYV Aman,Aman rice,Mymensingh,,18127.0,51470.0,12.0,24303.0,28.8,26126.0,431
BBS Yearbook of Agricultural Statistics of Bangladesh 2025,Damage of different crops due to flood & Excessive rain in the months of July& August 2017-18,HYV Aman,Aman rice,Joypurhat,,14089.0,13839.0,44.0,20224.0,31.6,23855.0,431
BBS Yearbook of Agricultural Statistics of Bangladesh 2025,Damage of different crops due to flood & Excessive rain in the months of July& August 2017-18,HYV Aman,Aman rice,Rajshahi,,5197.0,1031.0,51.0,5726.0,32.2,6882.0,431
BBS Yearbook of Agricultural Statistics of Bangladesh 2025,Damage of different crops due to flood & Excessive rain in the months of July& August 2017-18,HYV Aman,Aman rice,Naogaon,,99144.0,28896.0,38.0,110124.0,32.95,135446.0,431
BBS Yearbook of Agricultural Statistics of Bangladesh 2025,Damage of different crops due to flood & Excessive rain in the months of July& August 2017-18,HYV Aman,Aman rice,Nawabganj,,937.0,1631.0,37.0,1540.0,31.17,1792.0,431
BBS Yearbook of Agricultural Statistics of Bangladesh 2025,Damage of different crops due to flood & Excessive rain in the months of July& August 2017-18,HYV Aman,Aman rice,Rangpur,,254421.0,473641.0,26.0,377568.0,30.64,431828.0,431
BBS Yearbook of Agricultural Statistics of Bangladesh 2025,Damage of different crops due to flood & Excessive rain in the months of July& August 2017-18,HYV Aman,Aman rice,Gaibandha,,28277.0,49915.0,53.0,54732.0,28.99,59227.0,431
BBS Yearbook of Agricultural Statistics of Bangladesh 2025,Damage of different crops due to flood & Excessive rain in the months of July& August 2017-18,HYV Aman,Aman rice,Bangladesh,,507601.0,694490.0,29.0,712657.0,30.54,812454.0,431
BBS Yearbook of Agricultural Statistics of Bangladesh 2025,Damage of different crops due to flood & Excessive rain in the months of July& August 2017-18,Total Aman (Broadcast+HYV),Aman rice,Sirajganj,,3022.0,9817.0,36.0,6556.0,13.6,3328.0,431
BBS Yearbook of Agricultural Statistics of Bangladesh 2025,Damage of different crops due to flood & Excessive rain in the months of July& August 2017-18,Total Aman (Broadcast+HYV),Aman rice,Jamalpur,,67516.0,41795.0,45.0,86324.0,28.9,93123.0,431
BBS Yearbook of Agricultural Statistics of Bangladesh 2025,Damage of different crops due to flood & Excessive rain in the months of July& August 2017-18,Total Aman (Broadcast+HYV),Aman rice,Sherpur,,4711.0,6944.0,52.0,8322.0,27.96,8685.0,432
BBS Yearbook of Agricultural Statistics of Bangladesh 2025,Damage of different crops due to flood & Excessive rain in the months of July& August 2017-18,Total Aman (Broadcast+HYV),Aman rice,Netrakona,,15182.0,25328.0,34.0,23794.0,28.7,25490.0,432
BBS Yearbook of Agricultural Statistics of Bangladesh 2025,Damage of different crops due to flood & Excessive rain in the months of July& August 2017-18,Total Aman (Broadcast+HYV),Aman rice,Mymensingh,,18127.0,51470.0,12.0,24303.0,28.8,26126.0,432
BBS Yearbook of Agricultural Statistics of Bangladesh 2025,Damage of different crops due to flood & Excessive rain in the months of July& August 2017-18,Total Aman (Broadcast+HYV),Aman rice,Joypurhat,,14089.0,13839.0,44.0,20224.0,31.6,23855.0,432
BBS Yearbook of Agricultural Statistics of Bangladesh 2025,Damage of different crops due to flood & Excessive rain in the months of July& August 2017-18,Total Aman (Broadcast+HYV),Aman rice,Rajshahi,,5197.0,1031.0,51.0,5726.0,32.2,6882.0,432
BBS Yearbook of Agricultural Statistics of Bangladesh 2025,Damage of different crops due to flood & Excessive rain in the months of July& August 2017-18,Total Aman (Broadcast+HYV),Aman rice,Naogaon,,99144.0,28896.0,38.0,110124.0,32.95,135446.0,432
BBS Yearbook of Agricultural Statistics of Bangladesh 2025,Damage of different crops due to flood & Excessive rain in the months of July& August 2017-18,Total Aman (Broadcast+HYV),Aman rice,Nawabganj,,937.0,1631.0,37.0,1540.0,31.17,1792.0,432
BBS Yearbook of Agricultural Statistics of Bangladesh 2025,Damage of different crops due to flood & Excessive rain in the months of July& August 2017-18,Total Aman (Broadcast+HYV),Aman rice,Rangpur,,254421.0,473641.0,26.0,377568.0,30.64,431828.0,432
BBS Yearbook of Agricultural Statistics of Bangladesh 2025,Damage of different crops due to flood & Excessive rain in the months of July& August 2017-18,Total Aman (Broadcast+HYV),Aman rice,Gaibandha,,28277.0,49915.0,53.0,54732.0,28.99,59227.0,432
BBS Yearbook of Agricultural Statistics of Bangladesh 2025,Damage of different crops due to flood & Excessive rain in the months of July& August 2017-18,Total Aman (Broadcast+HYV),Aman rice,Bangladesh,,510623.0,704307.0,30.0,719213.0,30.39,815782.0,432
BBS Yearbook of Agricultural Statistics of Bangladesh 2025,Damage of different crops due to flood & Excessive rain in the months of July& August 2017-18,Jute,Jute,Sirajganj,,1429.0,4040.0,30.0,2641.0,4.22,11145.0,432
BBS Yearbook of Agricultural Statistics of Bangladesh 2025,Damage of different crops due to flood & Excessive rain in the months of July& August 2017-18,Jute,Jute,Bangladesh,,1429.0,4040.0,30.0,2641.0,4.22,11145.0,432
BBS Yearbook of Agricultural Statistics of Bangladesh 2025,Damage of different crops due to flood & Excessive rain in the months of July& August 2017-18,Aman (Seed Bad),Aman seedbed,Jamalpur,,50.0,25.0,60.0,65.0,,,432
BBS Yearbook of Agricultural Statistics of Bangladesh 2025,Damage of different crops due to flood & Excessive rain in the months of July& August 2017-18,Aman (Seed Bad),Aman seedbed,Sherpur,,141.0,173.0,50.0,227.0,,,432
BBS Yearbook of Agricultural Statistics of Bangladesh 2025,Damage of different crops due to flood & Excessive rain in the months of July& August 2017-18,Aman (Seed Bad),Aman seedbed,Sirajganj,,168.0,,,168.0,,,432
BBS Yearbook of Agricultural Statistics of Bangladesh 2025,Damage of different crops due to flood & Excessive rain in the months of July& August 2017-18,Aman (Seed Bad),Aman seedbed,Bangladesh,,359.0,198.0,51.0,460.0,,,432
BBS Yearbook of Agricultural Statistics of Bangladesh 2025,Damage of different crops due to flood & Excessive rain in the months of July& August 2017-18,Others Summer Vegetables,Others Summer Vegetables,Jamalpur,,5633.0,443.0,68.0,5934.0,54.59,12092.0,432
BBS Yearbook of Agricultural Statistics of Bangladesh 2025,Damage of different crops due to flood & Excessive rain in the months of July& August 2017-18,Others Summer Vegetables,Others Summer Vegetables,Sherpur,,216.0,308.0,50.0,370.0,58.36,806.0,432
BBS Yearbook of Agricultural Statistics of Bangladesh 2025,Damage of different crops due to flood & Excessive rain in the months of July& August 2017-18,Others Summer Vegetables,Others Summer Vegetables,Netrakona,,241.0,101.0,25.0,266.0,67.91,674.0,432
BBS Yearbook of Agricultural Statistics of Bangladesh 2025,Damage of different crops due to flood & Excessive rain in the months of July& August 2017-18,Others Summer Vegetables,Others Summer Vegetables,Mymensingh,,519.0,749.0,39.0,812.0,39.87,1208.0,432
BBS Yearbook of Agricultural Statistics of Bangladesh 2025,Damage of different crops due to flood & Excessive rain in the months of July& August 2017-18,Others Summer Vegetables,Others Summer Vegetables,Joypurhat,,629.0,,,629.0,49.06,1152.0,432
BBS Yearbook of Agricultural Statistics of Bangladesh 2025,Damage of different crops due to flood & Excessive rain in the months of July& August 2017-18,Others Summer Vegetables,Others Summer Vegetables,Naogaon,,578.0,,,578.0,60.42,1304.0,432
BBS Yearbook of Agricultural Statistics of Bangladesh 2025,Damage of different crops due to flood & Excessive rain in the months of July& August 2017-18,Others Summer Vegetables,Others Summer Vegetables,Bangladesh,,7816.0,1601.0,48.0,8589.0,53.76,17236.0,432
BBS Yearbook of Agricultural Statistics of Bangladesh 2025,Damage of different crops due to flood & Excessive rain in the months of July& August 2017-18,Patal,Patal,Bogra,,,4.0,33.0,1.0,97.9,4.0,432
BBS Yearbook of Agricultural Statistics of Bangladesh 2025,Damage of different crops due to flood & Excessive rain in the months of July& August 2017-18,Patal,Patal,Sirajganj,,20.0,,,20.0,48.46,36.0,432
BBS Yearbook of Agricultural Statistics of Bangladesh 2025,Damage of different crops due to flood & Excessive rain in the months of July& August 2017-18,Patal,Patal,Naogaon,,463.0,31.0,39.0,475.0,125.72,2211.0,432
BBS Yearbook of Agricultural Statistics of Bangladesh 2025,Damage of different crops due to flood & Excessive rain in the months of July& August 2017-18,Patal,Patal,Dinajpur,,315.0,425.0,47.0,515.0,61.07,1174.0,432
BBS Yearbook of Agricultural Statistics of Bangladesh 2025,Damage of different crops due to flood & Excessive rain in the months of July& August 2017-18,Patal,Patal,Thakurgaon,,,72.0,34.0,25.0,64.24,60.0,432
BBS Yearbook of Agricultural Statistics of Bangladesh 2025,Damage of different crops due to flood & Excessive rain in the months of July& August 2017-18,Patal,Patal,Rangpur,,359.0,234.0,64.0,511.0,79.23,1511.0,432
BBS Yearbook of Agricultural Statistics of Bangladesh 2025,Damage of different crops due to flood & Excessive rain in the months of July& August 2017-18,Patal,Patal,Kurigram,,139.0,416.0,83.0,359.0,62.89,843.0,432
BBS Yearbook of Agricultural Statistics of Bangladesh 2025,Damage of different crops due to flood & Excessive rain in the months of July& August 2017-18,Patal,Patal,Lalmonirhat,,29.0,89.0,30.0,56.0,74.86,156.0,432
BBS Yearbook of Agricultural Statistics of Bangladesh 2025,Damage of different crops due to flood & Excessive rain in the months of July& August 2017-18,Patal,Patal,Bangladesh,,1325.0,1271.0,50.0,1962.0,81.86,5995.0,432
BBS Yearbook of Agricultural Statistics of Bangladesh 2025,Damage of different crops due to flood & Excessive rain in the months of July& August 2017-18,Brinjal,Brinjal,Sirajganj,,180.0,,,180.0,93.61,629.0,432
BBS Yearbook of Agricultural Statistics of Bangladesh 2025,Damage of different crops due to flood & Excessive rain in the months of July& August 2017-18,Brinjal,Brinjal,Naogaon,,211.0,29.0,38.0,222.0,166.22,1377.0,432
BBS Yearbook of Agricultural Statistics of Bangladesh 2025,Damage of different crops due to flood & Excessive rain in the months of July& August 2017-18,Brinjal,Brinjal,Dinajpur,,260.0,450.0,28.0,386.0,84.66,1220.0,432
BBS Yearbook of Agricultural Statistics of Bangladesh 2025,Damage of different crops due to flood & Excessive rain in the months of July& August 2017-18,Brinjal,Brinjal,Thakurgaon,,5.0,90.0,29.0,31.0,52.21,60.0,432
BBS Yearbook of Agricultural Statistics of Bangladesh 2025,Damage of different crops due to flood & Excessive rain in the months of July& August 2017-18,Brinjal,Brinjal,Panchagarh,,1.0,49.0,14.0,8.0,54.14,16.0,432
BBS Yearbook of Agricultural Statistics of Bangladesh 2025,Damage of different crops due to flood & Excessive rain in the months of July& August 2017-18,Brinjal,Brinjal,Rangpur,,381.0,271.0,55.0,530.0,65.03,1287.0,432
BBS Yearbook of Agricultural Statistics of Bangladesh 2025,Damage of different crops due to flood & Excessive rain in the months of July& August 2017-18,Brinjal,Brinjal,Kurigram,,213.0,286.0,43.0,336.0,107.52,1349.0,432
BBS Yearbook of Agricultural Statistics of Bangladesh 2025,Damage of different crops due to flood & Excessive rain in the months of July& August 2017-18,Brinjal,Brinjal,Lalmonirhat,,15.0,63.0,33.0,36.0,72.35,97.0,432
BBS Yearbook of Agricultural Statistics of Bangladesh 2025,Damage of different crops due to flood & Excessive rain in the months of July& August 2017-18,Brinjal,Brinjal,Bangladesh,,1266.0,1238.0,37.0,1729.0,93.51,6035.0,432
BBS Yearbook of Agricultural Statistics of Bangladesh 2025,Damage of different crops due to flood & Excessive rain in the months of July& August 2017-18,Cucumber,Cucumber,Sirajganj,,67.0,,,67.0,52.88,132.0,433
BBS Yearbook of Agricultural Statistics of Bangladesh 2025,Damage of different crops due to flood & Excessive rain in the months of July& August 2017-18,Cucumber,Cucumber,Naogaon,,21.0,3.0,67.0,23.0,77.19,66.0,433
BBS Yearbook of Agricultural Statistics of Bangladesh 2025,Damage of different crops due to flood & Excessive rain in the months of July& August 2017-18,Cucumber,Cucumber,Dinajpur,,35.0,120.0,25.0,65.0,67.3,163.0,433
BBS Yearbook of Agricultural Statistics of Bangladesh 2025,Damage of different crops due to flood & Excessive rain in the months of July& August 2017-18,Cucumber,Cucumber,Thakurgaon,,,53.0,28.0,15.0,67.38,38.0,433
BBS Yearbook of Agricultural Statistics of Bangladesh 2025,Damage of different crops due to flood & Excessive rain in the months of July& August 2017-18,Cucumber,Cucumber,Panchagarh,,4.0,57.0,24.0,18.0,45.03,30.0,433
BBS Yearbook of Agricultural Statistics of Bangladesh 2025,Damage of different crops due to flood & Excessive rain in the months of July& August 2017-18,Cucumber,Cucumber,Lalmonirhat,,5.0,33.0,25.0,17.0,53.71,34.0,433
BBS Yearbook of Agricultural Statistics of Bangladesh 2025,Damage of different crops due to flood & Excessive rain in the months of July& August 2017-18,Cucumber,Cucumber,Bangladesh,,132.0,266.0,27.0,205.0,60.51,463.0,433
BBS Yearbook of Agricultural Statistics of Bangladesh 2025,Damage of different crops due to flood & Excessive rain in the months of July& August 2017-18,Chillies,Chillies,Pabna,,,10.0,50.0,5.0,16.31,3.0,433
BBS Yearbook of Agricultural Statistics of Bangladesh 2025,Damage of different crops due to flood & Excessive rain in the months of July& August 2017-18,Chillies,Chillies,Naogaon,,24.0,,,24.0,17.08,15.0,433
BBS Yearbook of Agricultural Statistics of Bangladesh 2025,Damage of different crops due to flood & Excessive rain in the months of July& August 2017-18,Chillies,Chillies,Dinajpur,,110.0,390.0,44.0,282.0,23.57,248.0,433
BBS Yearbook of Agricultural Statistics of Bangladesh 2025,Damage of different crops due to flood & Excessive rain in the months of July& August 2017-18,Chillies,Chillies,Rangpur,,85.0,111.0,45.0,135.0,12.14,61.0,433
BBS Yearbook of Agricultural Statistics of Bangladesh 2025,Damage of different crops due to flood & Excessive rain in the months of July& August 2017-18,Chillies,Chillies,Kurigram,,213.0,170.0,31.0,266.0,25.46,253.0,433
BBS Yearbook of Agricultural Statistics of Bangladesh 2025,Damage of different crops due to flood & Excessive rain in the months of July& August 2017-18,Chillies,Chillies,Nilphamari,,159.0,134.0,11.0,174.0,24.86,160.0,433
BBS Yearbook of Agricultural Statistics of Bangladesh 2025,Damage of different crops due to flood & Excessive rain in the months of July& August 2017-18,Chillies,Chillies,Bangladesh,,591.0,815.0,36.0,886.0,22.37,740.0,433
BBS Yearbook of Agricultural Statistics of Bangladesh 2025,Damage of different crops due to flood & Excessive rain in the months of July& August 2017-18,Kakrol,Kakrol,Naogaon,,10.0,,,10.0,47.12,18.0,433
BBS Yearbook of Agricultural Statistics of Bangladesh 2025,Damage of different crops due to flood & Excessive rain in the months of July& August 2017-18,Kakrol,Kakrol,Dinajpur,,125.0,280.0,32.0,215.0,46.07,370.0,433
BBS Yearbook of Agricultural Statistics of Bangladesh 2025,Damage of different crops due to flood & Excessive rain in the months of July& August 2017-18,Kakrol,Kakrol,Panchagarh,,4.0,19.0,9.0,6.0,105.68,24.0,433
BBS Yearbook of Agricultural Statistics of Bangladesh 2025,Damage of different crops due to flood & Excessive rain in the months of July& August 2017-18,Kakrol,Kakrol,Rangpur,,33.0,50.0,32.0,49.0,47.12,86.0,433
BBS Yearbook of Agricultural Statistics of Bangladesh 2025,Damage of different crops due to flood & Excessive rain in the months of July& August 2017-18,Kakrol,Kakrol,Lalmonirhat,,5.0,17.0,28.0,10.0,58.63,22.0,433
BBS Yearbook of Agricultural Statistics of Bangladesh 2025,Damage of different crops due to flood & Excessive rain in the months of July& August 2017-18,Kakrol,Kakrol,Bangladesh,,177.0,366.0,31.0,290.0,48.04,520.0,433
BBS Yearbook of Agricultural Statistics of Bangladesh 2025,Damage of different crops due to flood & Excessive rain in the months of July& August 2017-18,Puisak,Puisak,Sirajganj,,85.0,,,85.0,96.98,308.0,433
BBS Yearbook of Agricultural Statistics of Bangladesh 2025,Damage of different crops due to flood & Excessive rain in the months of July& August 2017-18,Puisak,Puisak,Naogaon,,25.0,7.0,57.0,29.0,106.36,115.0,433
BBS Yearbook of Agricultural Statistics of Bangladesh 2025,Damage of different crops due to flood & Excessive rain in the months of July& August 2017-18,Puisak,Puisak,Dinajpur,,115.0,324.0,33.0,222.0,85.12,705.0,433
BBS Yearbook of Agricultural Statistics of Bangladesh 2025,Damage of different crops due to flood & Excessive rain in the months of July& August 2017-18,Puisak,Puisak,Thakurgaon,,5.0,56.0,19.0,16.0,59.52,36.0,433
BBS Yearbook of Agricultural Statistics of Bangladesh 2025,Damage of different crops due to flood & Excessive rain in the months of July& August 2017-18,Puisak,Puisak,Rangpur,,129.0,68.0,50.0,163.0,57.31,349.0,433
BBS Yearbook of Agricultural Statistics of Bangladesh 2025,Damage of different crops due to flood & Excessive rain in the months of July& August 2017-18,Puisak,Puisak,Bangladesh,,359.0,455.0,34.0,515.0,78.71,1513.0,433
BBS Yearbook of Agricultural Statistics of Bangladesh 2025,Damage of different crops due to flood & Excessive rain in the months of July& August 2017-18,Chalkumra,Chalkumra,Sirajganj,,133.0,,,133.0,99.87,496.0,433
BBS Yearbook of Agricultural Statistics of Bangladesh 2025,Damage of different crops due to flood & Excessive rain in the months of July& August 2017-18,Chalkumra,Chalkumra,Naogaon,,27.0,,,27.0,99.51,100.0,433
BBS Yearbook of Agricultural Statistics of Bangladesh 2025,Damage of different crops due to flood & Excessive rain in the months of July& August 2017-18,Chalkumra,Chalkumra,Dinajpur,,113.0,180.0,50.0,203.0,79.66,604.0,433
BBS Yearbook of Agricultural Statistics of Bangladesh 2025,Damage of different crops due to flood & Excessive rain in the months of July& August 2017-18,Chalkumra,Chalkumra,Lalmonirhat,,7.0,28.0,35.0,17.0,71.83,46.0,433
BBS Yearbook of Agricultural Statistics of Bangladesh 2025,Damage of different crops due to flood & Excessive rain in the months of July& August 2017-18,Chalkumra,Chalkumra,Bangladesh,,280.0,208.0,48.0,380.0,87.84,1246.0,433
BBS Yearbook of Agricultural Statistics of Bangladesh 2025,Damage of different crops due to flood & Excessive rain in the months of July& August 2017-18,Lalsak,Lalsak,Thakurgaon,,,63.0,22.0,14.0,48.05,24.0,433
BBS Yearbook of Agricultural Statistics of Bangladesh 2025,Damage of different crops due to flood & Excessive rain in the months of July& August 2017-18,Lalsak,Lalsak,Panchagarh,,1.0,67.0,24.0,17.0,51.04,32.0,433
BBS Yearbook of Agricultural Statistics of Bangladesh 2025,Damage of different crops due to flood & Excessive rain in the months of July& August 2017-18,Lalsak,Lalsak,Rangpur,,70.0,45.0,31.0,87.0,36.93,120.0,433
BBS Yearbook of Agricultural Statistics of Bangladesh 2025,Damage of different crops due to flood & Excessive rain in the months of July& August 2017-18,Lalsak,Lalsak,Lalmonirhat,,25.0,76.0,28.0,46.0,46.46,80.0,433
BBS Yearbook of Agricultural Statistics of Bangladesh 2025,Damage of different crops due to flood & Excessive rain in the months of July& August 2017-18,Lalsak,Lalsak,Bangladesh,,96.0,251.0,27.0,164.0,41.82,256.0,433
BBS Yearbook of Agricultural Statistics of Bangladesh 2025,Damage of different crops due to flood & Excessive rain in the months of July& August 2017-18,Dantasak,Dantasak,Sirajganj,,126.0,,,126.0,52.52,247.0,433
BBS Yearbook of Agricultural Statistics of Bangladesh 2025,Damage of different crops due to flood & Excessive rain in the months of July& August 2017-18,Dantasak,Dantasak,Dinajpur,,40.0,210.0,16.0,74.0,63.71,176.0,433
BBS Yearbook of Agricultural Statistics of Bangladesh 2025,Damage of different crops due to flood & Excessive rain in the months of July& August 2017-18,Dantasak,Dantasak,Rangpur,,41.0,43.0,40.0,58.0,51.61,112.0,433
BBS Yearbook of Agricultural Statistics of Bangladesh 2025,Damage of different crops due to flood & Excessive rain in the months of July& August 2017-18,Dantasak,Dantasak,Bangladesh,,207.0,253.0,20.0,258.0,55.55,535.0,433
BBS Yearbook of Agricultural Statistics of Bangladesh 2025,Damage of different crops due to flood & Excessive rain in the months of July& August 2017-18,Karala,Karala,Dinajpur,,30.0,48.0,50.0,54.0,40.72,82.0,434
BBS Yearbook of Agricultural Statistics of Bangladesh 2025,Damage of different crops due to flood & Excessive rain in the months of July& August 2017-18,Karala,Karala,Rangpur,,57.0,116.0,66.0,134.0,45.68,228.0,434
BBS Yearbook of Agricultural Statistics of Bangladesh 2025,Damage of different crops due to flood & Excessive rain in the months of July& August 2017-18,Karala,Karala,Lalmonirhat,,,29.0,31.0,9.0,38.58,13.0,434
BBS Yearbook of Agricultural Statistics of Bangladesh 2025,Damage of different crops due to flood & Excessive rain in the months of July& August 2017-18,Karala,Karala,Bangladesh,,87.0,193.0,57.0,197.0,43.92,323.0,434
BBS Yearbook of Agricultural Statistics of Bangladesh 2025,Damage of different crops due to flood & Excessive rain in the months of July& August 2017-18,Green Papaya,Green Papaya,Naogaon,,11.0,2.0,50.0,12.0,23.22,10.0,434
BBS Yearbook of Agricultural Statistics of Bangladesh 2025,Damage of different crops due to flood & Excessive rain in the months of July& August 2017-18,Green Papaya,Green Papaya,Dinajpur,,45.0,30.0,50.0,60.0,28.43,64.0,434
BBS Yearbook of Agricultural Statistics of Bangladesh 2025,Damage of different crops due to flood & Excessive rain in the months of July& August 2017-18,Green Papaya,Green Papaya,Kurigram,,192.0,,,192.0,38.79,278.0,434
BBS Yearbook of Agricultural Statistics of Bangladesh 2025,Damage of different crops due to flood & Excessive rain in the months of July& August 2017-18,Green Papaya,Green Papaya,Bangladesh,,248.0,32.0,50.0,264.0,35.72,352.0,434
BBS Yearbook of Agricultural Statistics of Bangladesh 2025,Damage of different crops due to flood & Excessive rain in the months of July& August 2017-18,Chichinga,Chichinga,Dinajpur,,30.0,167.0,15.0,55.0,54.22,111.0,434
BBS Yearbook of Agricultural Statistics of Bangladesh 2025,Damage of different crops due to flood & Excessive rain in the months of July& August 2017-18,Chichinga,Chichinga,Thakurgaon,,,38.0,24.0,9.0,59.36,20.0,434
BBS Yearbook of Agricultural Statistics of Bangladesh 2025,Damage of different crops due to flood & Excessive rain in the months of July& August 2017-18,Chichinga,Chichinga,Rangpur,,12.0,27.0,33.0,21.0,39.37,31.0,434
BBS Yearbook of Agricultural Statistics of Bangladesh 2025,Damage of different crops due to flood & Excessive rain in the months of July& August 2017-18,Chichinga,Chichinga,Bangladesh,,42.0,232.0,18.0,85.0,51.06,162.0,434
BBS Yearbook of Agricultural Statistics of Bangladesh 2025,Damage of different crops due to flood & Excessive rain in the months of July& August 2017-18,Barbati,Barbati,Dinajpur,,80.0,150.0,50.0,155.0,32.84,190.0,434
BBS Yearbook of Agricultural Statistics of Bangladesh 2025,Damage of different crops due to flood & Excessive rain in the months of July& August 2017-18,Barbati,Barbati,Panchagarh,,,20.0,10.0,2.0,62.43,5.0,434
BBS Yearbook of Agricultural Statistics of Bangladesh 2025,Damage of different crops due to flood & Excessive rain in the months of July& August 2017-18,Barbati,Barbati,Bangladesh,,80.0,170.0,45.0,157.0,33.41,195.0,434
BBS Yearbook of Agricultural Statistics of Bangladesh 2025,Damage of different crops due to flood & Excessive rain in the months of July& August 2017-18,Turmeric,Turmeric,Nilphamari,,94.0,70.0,32.0,116.0,21.95,95.0,434
BBS Yearbook of Agricultural Statistics of Bangladesh 2025,Damage of different crops due to flood & Excessive rain in the months of July& August 2017-18,Turmeric,Turmeric,Bangladesh,,94.0,70.0,32.0,116.0,21.95,95.0,434
BBS Yearbook of Agricultural Statistics of Bangladesh 2025,Damage of different crops due to flood & Excessive rain in the months of July& August 2017-18,Ginger,Ginger,Nilphamari,,276.0,118.0,24.0,304.0,110.0,1248.0,434
BBS Yearbook of Agricultural Statistics of Bangladesh 2025,Damage of different crops due to flood & Excessive rain in the months of July& August 2017-18,Ginger,Ginger,Bangladesh,,276.0,118.0,24.0,304.0,110.0,1248.0,434
BBS Yearbook of Agricultural Statistics of Bangladesh 2025,Damage of different crops due to flood & Excessive rain in the months of July& August 2017-18,Betel leaves,Betel leaves,Rajshahi,,569.0,358.0,22.0,647.0,170.95,4129.0,434
BBS Yearbook of Agricultural Statistics of Bangladesh 2025,Damage of different crops due to flood & Excessive rain in the months of July& August 2017-18,Betel leaves,Betel leaves,Bangladesh,,569.0,358.0,22.0,647.0,170.95,4129.0,434
BBS Yearbook of Agricultural Statistics of Bangladesh 2025,Damage of different crops due to flood & Excessive rain in the months of July& August 2017-18,Ladies Finger,Ladies Finger,Sirajganj,,73.0,,,73.0,42.95,117.0,434
BBS Yearbook of Agricultural Statistics of Bangladesh 2025,Damage of different crops due to flood & Excessive rain in the months of July& August 2017-18,Ladies Finger,Ladies Finger,Bangladesh,,73.0,,,73.0,42.95,117.0,434
BBS Yearbook of Agricultural Statistics of Bangladesh 2025,Damage of different crops due to flood & Excessive rain in the months of July& August 2017-18,Dundal,Dundal,Dinajpur,,15.0,20.0,50.0,25.0,30.71,29.0,434
BBS Yearbook of Agricultural Statistics of Bangladesh 2025,Damage of different crops due to flood & Excessive rain in the months of July& August 2017-18,Dundal,Dundal,Bangladesh,,15.0,20.0,50.0,25.0,30.71,29.0,434
BBS Yearbook of Agricultural Statistics of Bangladesh 2025,Damage of different crops due to flood & Excessive rain in the months of July& August 2017-18,Arum,Arum,Dinajpur,,270.0,630.0,25.0,428.0,81.66,1305.0,434
BBS Yearbook of Agricultural Statistics of Bangladesh 2025,Damage of different crops due to flood & Excessive rain in the months of July& August 2017-18,Arum,Arum,Bangladesh,,270.0,630.0,25.0,428.0,81.66,1305.0,434
BBS Yearbook of Agricultural Statistics of Bangladesh 2025,Damage of different crops due to flood & Excessive rain in the months of July& August 2017-18,Jhinga,Jhinga,Dinajpur,,142.0,240.0,50.0,262.0,40.74,398.0,434
BBS Yearbook of Agricultural Statistics of Bangladesh 2025,Damage of different crops due to flood & Excessive rain in the months of July& August 2017-18,Jhinga,Jhinga,Bangladesh,,142.0,240.0,50.0,262.0,40.74,398.0,434
BBS Yearbook of Agricultural Statistics of Bangladesh 2025,Damage of different crops due to flood & Excessive rain in the months of July& August 2017-18,Kachur lati,Kachur lati,Dinajpur,,30.0,50.0,50.0,55.0,39.62,81.0,434
BBS Yearbook of Agricultural Statistics of Bangladesh 2025,Damage of different crops due to flood & Excessive rain in the months of July& August 2017-18,Kachur lati,Kachur lati,Bangladesh,,30.0,50.0,50.0,55.0,39.62,81.0,434
BBS Yearbook of Agricultural Statistics of Bangladesh 2025,Damage of different Crops of Cyclone (Bulbul) in the Month of November 2019-20,HYV Aman,Aman rice,Barguna,186181.0,0.0,43922.0,24.0,1780.0,992.0,1761.0,435
BBS Yearbook of Agricultural Statistics of Bangladesh 2025,Damage of different Crops of Cyclone (Bulbul) in the Month of November 2019-20,HYV Aman,Aman rice,Bhola,76041.0,403.16,17674.26,17.0,5839.622,19665.13,6626.928,435
BBS Yearbook of Agricultural Statistics of Bangladesh 2025,Damage of different Crops of Cyclone (Bulbul) in the Month of November 2019-20,HYV Aman,Aman rice,Pirojpur,23196.0,0.0,12281.0,0.15,1833.0,1000.0,1833.0,435
BBS Yearbook of Agricultural Statistics of Bangladesh 2025,Damage of different Crops of Cyclone (Bulbul) in the Month of November 2019-20,HYV Aman,Aman rice,Chandpur,44922.0,0.0,6921.7,0.13,6921.33,1270.0,8846.82,435
BBS Yearbook of Agricultural Statistics of Bangladesh 2025,Damage of different Crops of Cyclone (Bulbul) in the Month of November 2019-20,HYV Aman,Aman rice,Feni,87383.0,532.0,573.0,8.86,1956.59,1776.66,3275.36,435
BBS Yearbook of Agricultural Statistics of Bangladesh 2025,Damage of different Crops of Cyclone (Bulbul) in the Month of November 2019-20,HYV Aman,Aman rice,Lakshmipur,164733.0,0.0,16523.0,13.0,1900.868,1126.0,2106.85,435
BBS Yearbook of Agricultural Statistics of Bangladesh 2025,Damage of different Crops of Cyclone (Bulbul) in the Month of November 2019-20,HYV Aman,Aman rice,Noakhali,306637.0,0.0,46540.0,8.8,4917.78,865.6,4168.276,435
BBS Yearbook of Agricultural Statistics of Bangladesh 2025,Damage of different Crops of Cyclone (Bulbul) in the Month of November 2019-20,HYV Aman,Aman rice,Madaripur,29947.0,0.0,3620.0,0.16,260.1,1408.75,366.4159,435
BBS Yearbook of Agricultural Statistics of Bangladesh 2025,Damage of different Crops of Cyclone (Bulbul) in the Month of November 2019-20,HYV Aman,Aman rice,Bagerhat,72595.0,0.0,16345.0,3.0,474.125,1182.222,617.335,435
BBS Yearbook of Agricultural Statistics of Bangladesh 2025,Damage of different Crops of Cyclone (Bulbul) in the Month of November 2019-20,HYV Aman,Aman rice,Satkhira,188489.0,0.0,49317.0,10.71,4948.0,1596.143,7770.953,435
BBS Yearbook of Agricultural Statistics of Bangladesh 2025,Damage of different Crops of Cyclone (Bulbul) in the Month of November 2019-20,LT Aman,Aman rice,Bhola,295979.0,796.42,58697.0,19.0,14265.11,12211.39,54907.1,435
BBS Yearbook of Agricultural Statistics of Bangladesh 2025,Damage of different Crops of Cyclone (Bulbul) in the Month of November 2019-20,LT Aman,Aman rice,Pirojpur,6150.0,0.0,3927.0,0.18,717.9,589.0,427.37,435
BBS Yearbook of Agricultural Statistics of Bangladesh 2025,Damage of different Crops of Cyclone (Bulbul) in the Month of November 2019-20,LT Aman,Aman rice,Lakshmipur,19029.0,0.0,1720.0,0.08,155.76,552.0,130.66,435
BBS Yearbook of Agricultural Statistics of Bangladesh 2025,Damage of different Crops of Cyclone (Bulbul) in the Month of November 2019-20,LT Aman,Aman rice,Madaripur,7178.0,0.0,754.82,0.11,81.83,739.0,60.60668,435
BBS Yearbook of Agricultural Statistics of Bangladesh 2025,Damage of different Crops of Cyclone (Bulbul) in the Month of November 2019-20,LT Aman,Aman rice,Bagerhat,76579.0,0.0,24447.0,3.0,791.48,717.19,657.936,435
BBS Yearbook of Agricultural Statistics of Bangladesh 2025,Damage of different Crops of Cyclone (Bulbul) in the Month of November 2019-20,Broadcast Aman,Aman rice,Pirojpur,122673.0,0.0,57401.0,0.12,6773.0,750.0,5080.0,435
BBS Yearbook of Agricultural Statistics of Bangladesh 2025,Damage of different Crops of Cyclone (Bulbul) in the Month of November 2019-20,Vegetable,Vegetable,Pirojpur,320.8,0.0,256.0,0.45,113.55,848.5714,96.155,435
BBS Yearbook of Agricultural Statistics of Bangladesh 2025,Damage of different Crops of Cyclone (Bulbul) in the Month of November 2019-20,Vegetable,Vegetable,Lakshmipur,3743.0,0.0,1324.0,0.4,572.6175,1502.0,946.5012,435
BBS Yearbook of Agricultural Statistics of Bangladesh 2025,Damage of different Crops of Cyclone (Bulbul) in the Month of November 2019-20,Vegetable,Vegetable,Noakhali,1254.0,4.0,377.7,13.2,102.475,596.0,149.525,435
BBS Yearbook of Agricultural Statistics of Bangladesh 2025,Damage of different Crops of Cyclone (Bulbul) in the Month of November 2019-20,Vegetable,Vegetable,Satkhira,3861.0,0.0,912.1,10.33,93.91,7882.286,699.2,435
BBS Yearbook of Agricultural Statistics of Bangladesh 2025,Damage of different Crops of Cyclone (Bulbul) in the Month of November 2019-20,Betel Leaves,Betel Leaves,Pirojpur,1135.0,0.0,909.2,0.23,213.79,1301.371,287.4869,435
BBS Yearbook of Agricultural Statistics of Bangladesh 2025,Damage of different Crops of Cyclone (Bulbul) in the Month of November 2019-20,Green Banana,Green Banana,Pirojpur,676.4,0.0,600.0,0.59,355.06,4780.0,1742.651,435
BBS Yearbook of Agricultural Statistics of Bangladesh 2025,Damage of different Crops of Cyclone (Bulbul) in the Month of November 2019-20,Kheshari,Kheshari,Pirojpur,6208.5,0.0,5642.0,0.69,3954.2,432.2857,1746.168,435
BBS Yearbook of Agricultural Statistics of Bangladesh 2025,Damage of different Crops of Cyclone (Bulbul) in the Month of November 2019-20,Kheshari,Kheshari,Khagrachhari,381.0,0.0,94.0,0.13,14.7,224.0,4.539,435
BBS Yearbook of Agricultural Statistics of Bangladesh 2025,Damage of different Crops of Cyclone (Bulbul) in the Month of November 2019-20,Kheshari,Kheshari,Madaripur,2360.0,7.68,486.05,0.18,97.43,513.75,50.05466,435
BBS Yearbook of Agricultural Statistics of Bangladesh 2025,Damage of different Crops of Cyclone (Bulbul) in the Month of November 2019-20,Lau (Water gourd),Lau (Water gourd),Pirojpur,555.0,0.0,453.0,0.37,165.58,1116.571,183.2369,435
BBS Yearbook of Agricultural Statistics of Bangladesh 2025,Damage of different Crops of Cyclone (Bulbul) in the Month of November 2019-20,Radish,Radish,Pirojpur,323.0,0.0,261.5,0.48,133.105,2724.286,372.0124,436
BBS Yearbook of Agricultural Statistics of Bangladesh 2025,Damage of different Crops of Cyclone (Bulbul) in the Month of November 2019-20,Ripe Banana,Ripe Banana,Pirojpur,2772.0,0.0,2154.0,0.39,796.45,4977.571,3881.304,436
BBS Yearbook of Agricultural Statistics of Bangladesh 2025,Damage of different Crops of Cyclone (Bulbul) in the Month of November 2019-20,Blackgram (Mashkalai),Blackgram (Mashkalai),Madaripur,1156.0,0.0,55.0,0.06,8.2,495.0,4.059,436
BBS Yearbook of Agricultural Statistics of Bangladesh 2025,Damage of different Crops of Cyclone (Bulbul) in the Month of November 2019-20,Lentil (Masur),Lentil (Masur),Madaripur,2592.0,0.0,463.36,0.18,71.34,513.3333,36.6212,436
BBS Yearbook of Agricultural Statistics of Bangladesh 2025,Damage of different Crops of Cyclone (Bulbul) in the Month of November 2019-20,Rape and Mustard,Rape and Mustard,Madaripur,6280.0,0.0,861.0,0.15,70.24,441.6667,33.2,436
BBS Yearbook of Agricultural Statistics of Bangladesh 2025,Damage of different Crops of Cyclone (Bulbul) in the Month of November 2019-20,Coriander,Coriander,Madaripur,106.0,0.0,59.0,0.81,47.64,150.0,6.4271,436
BBS Yearbook of Agricultural Statistics of Bangladesh 2025,Damage of different Crops of Cyclone (Amphan) in the Month of May 2020,Boro,Boro rice,Jhalokati,20839.0,0.0,756.0,0.04,30.0,2438.0,74.0,437
BBS Yearbook of Agricultural Statistics of Bangladesh 2025,Damage of different Crops of Cyclone (Amphan) in the Month of May 2020,Boro,Boro rice,Rajbari,151956.0,18.0,1225.0,24.93,99.0,17597.0,556.0,437
BBS Yearbook of Agricultural Statistics of Bangladesh 2025,Damage of different Crops of Cyclone (Amphan) in the Month of May 2020,Boro,Boro rice,Chuadanga,61470.0,0.0,5329.0,2.68,1650.0,2920.0,4285.0,437
BBS Yearbook of Agricultural Statistics of Bangladesh 2025,Damage of different Crops of Cyclone (Amphan) in the Month of May 2020,Boro,Boro rice,Jhenaidah,196089.0,218.0,3876.0,13.91,676.0,2355.0,1610.0,437
BBS Yearbook of Agricultural Statistics of Bangladesh 2025,Damage of different Crops of Cyclone (Amphan) in the Month of May 2020,Boro,Boro rice,Kushtia,45041.0,0.0,14420.0,0.06,865.0,2607.0,2255.0,437
BBS Yearbook of Agricultural Statistics of Bangladesh 2025,Damage of different Crops of Cyclone (Amphan) in the Month of May 2020,Boro,Boro rice,Narail,86953.0,0.0,2384.0,2.74,427.0,2642.0,861.0,437
BBS Yearbook of Agricultural Statistics of Bangladesh 2025,Damage of different Crops of Cyclone (Amphan) in the Month of May 2020,Boro,Boro rice,Pabna,52.0,6.0,3.0,4.0,7.0,1286.0,9.0,437
BBS Yearbook of Agricultural Statistics of Bangladesh 2025,Damage of different Crops of Cyclone (Amphan) in the Month of May 2020,Boro,Boro rice,Dinajpur,178622.0,0.0,7358.0,4.17,447.0,2160.0,966.0,437
BBS Yearbook of Agricultural Statistics of Bangladesh 2025,Damage of different Crops of Cyclone (Amphan) in the Month of May 2020,Boro,Boro rice,Bangladesh,741022.0,242.0,35351.0,11.77,4200.0,34005.0,10615.0,437
BBS Yearbook of Agricultural Statistics of Bangladesh 2025,Damage of different Crops of Cyclone (Amphan) in the Month of May 2020,Maize,Maize,Noakhali,63.0,7.0,13.0,4.0,3.0,400.0,5.0,437
BBS Yearbook of Agricultural Statistics of Bangladesh 2025,Damage of different Crops of Cyclone (Amphan) in the Month of May 2020,Maize,Maize,Khulna,93.0,50.0,35.0,36.72,6.0,5015.0,28.0,437
BBS Yearbook of Agricultural Statistics of Bangladesh 2025,Damage of different Crops of Cyclone (Amphan) in the Month of May 2020,Maize,Maize,Kushtia,0.0,12050.0,15656.0,120.5,0.0,1205.0,4453.0,437
BBS Yearbook of Agricultural Statistics of Bangladesh 2025,Damage of different Crops of Cyclone (Amphan) in the Month of May 2020,Maize,Maize,Naogaon,97.0,83.0,41.0,42.27,41.0,2239.0,7.0,437
BBS Yearbook of Agricultural Statistics of Bangladesh 2025,Damage of different Crops of Cyclone (Amphan) in the Month of May 2020,Maize,Maize,Dinajpur,55513.0,46.0,890.0,1.6,44.0,3242.0,453.0,437
BBS Yearbook of Agricultural Statistics of Bangladesh 2025,Damage of different Crops of Cyclone (Amphan) in the Month of May 2020,Maize,Maize,Bangladesh,55765.0,12235.0,16634.0,0.6,93.0,12101.0,4947.0,437
BBS Yearbook of Agricultural Statistics of Bangladesh 2025,Damage of different Crops of Cyclone (Amphan) in the Month of May 2020,Jute,Jute,Chittagong,1078.0,246.0,710.0,65.35,710.0,3250.0,1254.0,437
BBS Yearbook of Agricultural Statistics of Bangladesh 2025,Damage of different Crops of Cyclone (Amphan) in the Month of May 2020,Jute,Jute,Rajbari,126254.0,6.0,916.0,12.04,112.0,814.0,674.0,437
BBS Yearbook of Agricultural Statistics of Bangladesh 2025,Damage of different Crops of Cyclone (Amphan) in the Month of May 2020,Jute,Jute,Jessore,36277.0,55.0,12970.0,7.63,1045.0,955.0,998.0,437
BBS Yearbook of Agricultural Statistics of Bangladesh 2025,Damage of different Crops of Cyclone (Amphan) in the Month of May 2020,Jute,Jute,Jhenaidah,43378.0,741.0,16845.0,19.12,4385.0,1068.0,3622.0,437
BBS Yearbook of Agricultural Statistics of Bangladesh 2025,Damage of different Crops of Cyclone (Amphan) in the Month of May 2020,Jute,Jute,Khulna,1950.0,0.0,722.0,26.13,189.0,889.0,137.0,437
BBS Yearbook of Agricultural Statistics of Bangladesh 2025,Damage of different Crops of Cyclone (Amphan) in the Month of May 2020,Jute,Jute,Kushtia,31213.0,0.0,4351.0,6.0,261.0,1083.0,283.0,437
BBS Yearbook of Agricultural Statistics of Bangladesh 2025,Damage of different Crops of Cyclone (Amphan) in the Month of May 2020,Jute,Jute,Narail,52545.0,0.0,2574.0,13.65,351.0,3850.0,1775.0,437
BBS Yearbook of Agricultural Statistics of Bangladesh 2025,Damage of different Crops of Cyclone (Amphan) in the Month of May 2020,Jute,Jute,Satkhira,23589.0,3205.0,9546.0,0.14,24303.0,9835.0,5.0,437
BBS Yearbook of Agricultural Statistics of Bangladesh 2025,Damage of different Crops of Cyclone (Amphan) in the Month of May 2020,Jute,Jute,Pabna,39041.0,0.0,1505.0,6.57,99.0,990.0,95.0,437
BBS Yearbook of Agricultural Statistics of Bangladesh 2025,Damage of different Crops of Cyclone (Amphan) in the Month of May 2020,Jute,Jute,Bangladesh,355325.0,4253.0,50138.0,11.37,31455.0,22734.0,8842.0,437
BBS Yearbook of Agricultural Statistics of Bangladesh 2025,Damage of different Crops of Cyclone (Amphan) in the Month of May 2020,Banana,Banana,Barisal,495.0,0.0,27.0,37.04,10.0,3477.0,35.0,437
BBS Yearbook of Agricultural Statistics of Bangladesh 2025,Damage of different Crops of Cyclone (Amphan) in the Month of May 2020,Banana,Banana,Jhalokati,2904.0,0.0,221.0,3.5,8.0,2881.0,22.0,437
BBS Yearbook of Agricultural Statistics of Bangladesh 2025,Damage of different Crops of Cyclone (Amphan) in the Month of May 2020,Banana,Banana,Bagerhat,110.0,0.0,80.0,30.0,24.0,5500.0,132.0,437
BBS Yearbook of Agricultural Statistics of Bangladesh 2025,Damage of different Crops of Cyclone (Amphan) in the Month of May 2020,Banana,Banana,Chuadanga,3285.0,0.0,1462.0,46.42,679.0,4316.0,6676.0,437
BBS Yearbook of Agricultural Statistics of Bangladesh 2025,Damage of different Crops of Cyclone (Amphan) in the Month of May 2020,Banana,Banana,Jessore,1287.0,169.0,849.0,65.89,728.0,6534.0,4757.0,437
BBS Yearbook of Agricultural Statistics of Bangladesh 2025,Damage of different Crops of Cyclone (Amphan) in the Month of May 2020,Banana,Banana,Jhenaidah,9035.0,806.0,3995.0,51.45,2861.0,6711.0,19720.0,437
BBS Yearbook of Agricultural Statistics of Bangladesh 2025,Damage of different Crops of Cyclone (Amphan) in the Month of May 2020,Banana,Banana,Khulna,952.0,42.0,545.0,40.64,264.0,19260.0,5091.0,437
BBS Yearbook of Agricultural Statistics of Bangladesh 2025,Damage of different Crops of Cyclone (Amphan) in the Month of May 2020,Banana,Banana,Kushtia,4467.0,0.0,2658.0,17.01,452.0,7020.0,3173.0,437
BBS Yearbook of Agricultural Statistics of Bangladesh 2025,Damage of different Crops of Cyclone (Amphan) in the Month of May 2020,Banana,Banana,Magura,1718.0,16.0,625.0,42.55,282.0,11108.0,3136.0,437
BBS Yearbook of Agricultural Statistics of Bangladesh 2025,Damage of different Crops of Cyclone (Amphan) in the Month of May 2020,Banana,Banana,Meherpur,2672.0,164.0,722.0,28.08,367.0,14996.0,4086.0,437
BBS Yearbook of Agricultural Statistics of Bangladesh 2025,Damage of different Crops of Cyclone (Amphan) in the Month of May 2020,Banana,Banana,Narail,499.0,0.0,40.0,50.0,20.0,6691.0,134.0,437
BBS Yearbook of Agricultural Statistics of Bangladesh 2025,Damage of different Crops of Cyclone (Amphan) in the Month of May 2020,Banana,Banana,Naogaon,521.0,0.0,151.0,12.49,19.0,13536.0,182.0,437
BBS Yearbook of Agricultural Statistics of Bangladesh 2025,Damage of different Crops of Cyclone (Amphan) in the Month of May 2020,Banana,Banana,Pabna,895.0,0.0,502.0,2.59,13.0,469.0,92.0,437
BBS Yearbook of Agricultural Statistics of Bangladesh 2025,Damage of different Crops of Cyclone (Amphan) in the Month of May 2020,Banana,Banana,Bangladesh,28730.0,1197.0,11877.0,0.38,5727.0,96999.0,47235.0,437
BBS Yearbook of Agricultural Statistics of Bangladesh 2025,Damage of different Crops of Cyclone (Amphan) in the Month of May 2020,Cucumber,Cucumber,Jessore,422.0,0.0,152.0,34.46,52.0,7827.0,410.0,438
BBS Yearbook of Agricultural Statistics of Bangladesh 2025,Damage of different Crops of Cyclone (Amphan) in the Month of May 2020,Cucumber,Cucumber,Jhenaidah,252.0,0.0,147.0,60.05,88.0,339.0,30.0,438
BBS Yearbook of Agricultural Statistics of Bangladesh 2025,Damage of different Crops of Cyclone (Amphan) in the Month of May 2020,Cucumber,Cucumber,Bangladesh,674.0,0.0,299.0,47.04,141.0,8166.0,440.0,438
BBS Yearbook of Agricultural Statistics of Bangladesh 2025,Damage of different Crops of Cyclone (Amphan) in the Month of May 2020,Karala,Karala,Brahamanbaria,154.0,0.0,5.0,10.0,0.0,18593.0,1.0,438
BBS Yearbook of Agricultural Statistics of Bangladesh 2025,Damage of different Crops of Cyclone (Amphan) in the Month of May 2020,Karala,Karala,Jessore,937.0,1.0,442.0,50.76,225.0,3002.0,676.0,438
BBS Yearbook of Agricultural Statistics of Bangladesh 2025,Damage of different Crops of Cyclone (Amphan) in the Month of May 2020,Karala,Karala,Jhenaidah,478.0,0.0,182.0,29.13,53.0,5076.0,269.0,438
BBS Yearbook of Agricultural Statistics of Bangladesh 2025,Damage of different Crops of Cyclone (Amphan) in the Month of May 2020,Karala,Karala,Khulna,102.0,0.0,52.0,27.31,14.0,1200.0,17.0,438
BBS Yearbook of Agricultural Statistics of Bangladesh 2025,Damage of different Crops of Cyclone (Amphan) in the Month of May 2020,Karala,Karala,Naogaon,75.0,0.0,12.0,15.0,2.0,7284.0,29.0,438
BBS Yearbook of Agricultural Statistics of Bangladesh 2025,Damage of different Crops of Cyclone (Amphan) in the Month of May 2020,Karala,Karala,Sirajganj,190.0,18.0,54.0,10.89,24.0,1789.0,50.0,438
BBS Yearbook of Agricultural Statistics of Bangladesh 2025,Damage of different Crops of Cyclone (Amphan) in the Month of May 2020,Karala,Karala,Bangladesh,1936.0,19.0,746.0,40.16,319.0,36943.0,1042.0,438
BBS Yearbook of Agricultural Statistics of Bangladesh 2025,Damage of different Crops of Cyclone (Amphan) in the Month of May 2020,Til,Til,Rajbari,1952.0,6.0,63.0,17.46,13.0,850.0,14.0,438
BBS Yearbook of Agricultural Statistics of Bangladesh 2025,Damage of different Crops of Cyclone (Amphan) in the Month of May 2020,Til,Til,Jhenaidah,4847.0,44.0,1543.0,43.68,718.0,386.0,285.0,438
BBS Yearbook of Agricultural Statistics of Bangladesh 2025,Damage of different Crops of Cyclone (Amphan) in the Month of May 2020,Til,Til,Khulna,9.0,2.0,2.0,45.0,3.0,370.0,1.0,438
BBS Yearbook of Agricultural Statistics of Bangladesh 2025,Damage of different Crops of Cyclone (Amphan) in the Month of May 2020,Til,Til,Kushtia,460.0,0.0,103.0,9.71,10.0,530.0,3.0,438
BBS Yearbook of Agricultural Statistics of Bangladesh 2025,Damage of different Crops of Cyclone (Amphan) in the Month of May 2020,Til,Til,Narail,1290.0,0.0,185.0,25.81,48.0,730.0,40.0,438
BBS Yearbook of Agricultural Statistics of Bangladesh 2025,Damage of different Crops of Cyclone (Amphan) in the Month of May 2020,Til,Til,Satkhira,210.0,0.0,210.0,0.95,2.0,2500.0,5.0,438
BBS Yearbook of Agricultural Statistics of Bangladesh 2025,Damage of different Crops of Cyclone (Amphan) in the Month of May 2020,Til,Til,Joypurhat,7.0,0.0,1.0,116.67,1.0,318.0,0.0,438
BBS Yearbook of Agricultural Statistics of Bangladesh 2025,Damage of different Crops of Cyclone (Amphan) in the Month of May 2020,Til,Til,Nawabganj,2923.0,0.0,1416.0,8.66,123.0,450.0,54.0,438
BBS Yearbook of Agricultural Statistics of Bangladesh 2025,Damage of different Crops of Cyclone (Amphan) in the Month of May 2020,Til,Til,Rajshahi,1731.0,247.0,745.0,28.62,460.0,384.0,185.0,438
BBS Yearbook of Agricultural Statistics of Bangladesh 2025,Damage of different Crops of Cyclone (Amphan) in the Month of May 2020,Til,Til,Bangladesh,13429.0,299.0,4268.0,25.37,1378.0,6518.0,586.0,438
BBS Yearbook of Agricultural Statistics of Bangladesh 2025,Damage of different Crops of Cyclone (Amphan) in the Month of May 2020,Jhinga,Jhinga,Jessore,403.0,3.0,181.0,46.52,87.0,2613.0,228.0,438
BBS Yearbook of Agricultural Statistics of Bangladesh 2025,Damage of different Crops of Cyclone (Amphan) in the Month of May 2020,Jhinga,Jhinga,Jhenaidah,129.0,0.0,74.0,32.96,24.0,3001.0,75.0,438
BBS Yearbook of Agricultural Statistics of Bangladesh 2025,Damage of different Crops of Cyclone (Amphan) in the Month of May 2020,Jhinga,Jhinga,Bangladesh,532.0,3.0,255.0,42.58,112.0,5615.0,303.0,438
BBS Yearbook of Agricultural Statistics of Bangladesh 2025,Damage of different Crops of Cyclone (Amphan) in the Month of May 2020,Patal,Patal,Jhalokati,1136.0,0.0,169.0,3.5,6.0,1401.0,8.0,438
BBS Yearbook of Agricultural Statistics of Bangladesh 2025,Damage of different Crops of Cyclone (Amphan) in the Month of May 2020,Patal,Patal,Jessore,3522.0,10.0,2060.0,53.5,1112.0,5733.0,6376.0,438
BBS Yearbook of Agricultural Statistics of Bangladesh 2025,Damage of different Crops of Cyclone (Amphan) in the Month of May 2020,Patal,Patal,Jhenaidah,1362.0,0.0,606.0,28.46,172.0,3809.0,774.0,438
BBS Yearbook of Agricultural Statistics of Bangladesh 2025,Damage of different Crops of Cyclone (Amphan) in the Month of May 2020,Patal,Patal,Khulna,176.0,0.0,88.0,38.3,34.0,1622.0,51.0,438
BBS Yearbook of Agricultural Statistics of Bangladesh 2025,Damage of different Crops of Cyclone (Amphan) in the Month of May 2020,Patal,Patal,Naogaon,681.0,0.0,108.0,20.65,22.0,4985.0,123.0,438
BBS Yearbook of Agricultural Statistics of Bangladesh 2025,Damage of different Crops of Cyclone (Amphan) in the Month of May 2020,Patal,Patal,Bangladesh,6877.0,10.0,3031.0,44.1,1347.0,17548.0,7332.0,438
BBS Yearbook of Agricultural Statistics of Bangladesh 2025,Damage of different Crops of Cyclone (Amphan) in the Month of May 2020,Beatel Leaves (Paan),Beatel Leaves (Paan),Barisal,4855.0,0.0,94.0,69.15,65.0,1392.0,90.0,438
BBS Yearbook of Agricultural Statistics of Bangladesh 2025,Damage of different Crops of Cyclone (Amphan) in the Month of May 2020,Beatel Leaves (Paan),Beatel Leaves (Paan),Patuakhali,839.0,0.0,267.0,6.75,18.0,1089.0,20.0,438
BBS Yearbook of Agricultural Statistics of Bangladesh 2025,Damage of different Crops of Cyclone (Amphan) in the Month of May 2020,Beatel Leaves (Paan),Beatel Leaves (Paan),Bagerhat,2032.0,0.0,943.0,17.01,160.0,2085.0,334.0,438
BBS Yearbook of Agricultural Statistics of Bangladesh 2025,Damage of different Crops of Cyclone (Amphan) in the Month of May 2020,Beatel Leaves (Paan),Beatel Leaves (Paan),Chuadanga,6654.0,0.0,2535.0,34.95,886.0,3824.0,4246.0,438
BBS Yearbook of Agricultural Statistics of Bangladesh 2025,Damage of different Crops of Cyclone (Amphan) in the Month of May 2020,Beatel Leaves (Paan),Beatel Leaves (Paan),Jhenaidah,5735.0,0.0,2004.0,18.82,377.0,5252.0,2672.0,438
BBS Yearbook of Agricultural Statistics of Bangladesh 2025,Damage of different Crops of Cyclone (Amphan) in the Month of May 2020,Beatel Leaves (Paan),Beatel Leaves (Paan),Khulna,681.0,9.0,245.0,20.32,58.0,2207.0,128.0,438
BBS Yearbook of Agricultural Statistics of Bangladesh 2025,Damage of different Crops of Cyclone (Amphan) in the Month of May 2020,Beatel Leaves (Paan),Beatel Leaves (Paan),Kushtia,3200.0,0.0,2191.0,8.99,197.0,7315.0,1441.0,438
BBS Yearbook of Agricultural Statistics of Bangladesh 2025,Damage of different Crops of Cyclone (Amphan) in the Month of May 2020,Beatel Leaves (Paan),Beatel Leaves (Paan),Narail,1115.0,0.0,67.0,26.23,18.0,5815.0,119.0,438
BBS Yearbook of Agricultural Statistics of Bangladesh 2025,Damage of different Crops of Cyclone (Amphan) in the Month of May 2020,Beatel Leaves (Paan),Beatel Leaves (Paan),Satkhira,2525.0,0.0,2525.0,35.65,900.0,2384.0,2407.0,438
BBS Yearbook of Agricultural Statistics of Bangladesh 2025,Damage of different Crops of Cyclone (Amphan) in the Month of May 2020,Beatel Leaves (Paan),Beatel Leaves (Paan),Bangladesh,27635.0,9.0,10871.0,24.57,2680.0,31363.0,11458.0,439
BBS Yearbook of Agricultural Statistics of Bangladesh 2025,Damage of different Crops of Cyclone (Amphan) in the Month of May 2020,Papaya,Papaya,Barisal,498.0,0.0,46.0,23.91,11.0,6320.0,70.0,439
BBS Yearbook of Agricultural Statistics of Bangladesh 2025,Damage of different Crops of Cyclone (Amphan) in the Month of May 2020,Papaya,Papaya,Patuakhali,573.0,0.0,64.0,6.75,4.0,23.0,0.0,439
BBS Yearbook of Agricultural Statistics of Bangladesh 2025,Damage of different Crops of Cyclone (Amphan) in the Month of May 2020,Papaya,Papaya,Bagerhat,267.0,5.0,125.0,20.37,30.0,16857.0,513.0,439
BBS Yearbook of Agricultural Statistics of Bangladesh 2025,Damage of different Crops of Cyclone (Amphan) in the Month of May 2020,Papaya,Papaya,Jessore,3522.0,10.0,2060.0,53.5,1112.0,5733.0,6376.0,439
BBS Yearbook of Agricultural Statistics of Bangladesh 2025,Damage of different Crops of Cyclone (Amphan) in the Month of May 2020,Papaya,Papaya,Jhenaidah,209.0,0.0,88.0,28.32,25.0,19124.0,435.0,439
BBS Yearbook of Agricultural Statistics of Bangladesh 2025,Damage of different Crops of Cyclone (Amphan) in the Month of May 2020,Papaya,Papaya,Magura,683.0,12.0,362.0,54.51,209.0,12624.0,2637.0,439
BBS Yearbook of Agricultural Statistics of Bangladesh 2025,Damage of different Crops of Cyclone (Amphan) in the Month of May 2020,Papaya,Papaya,Narail,683.0,12.0,362.0,54.51,209.0,12624.0,2637.0,439
BBS Yearbook of Agricultural Statistics of Bangladesh 2025,Damage of different Crops of Cyclone (Amphan) in the Month of May 2020,Papaya,Papaya,Bangladesh,6435.0,38.0,3106.0,50.29,1601.0,73305.0,12667.0,439
BBS Yearbook of Agricultural Statistics of Bangladesh 2025,Damage of different Crops of Cyclone (Amphan) in the Month of May 2020,Brinjal,Brinjal,Jessore,2088.0,25.0,813.0,43.38,378.0,4078.0,1540.0,439
BBS Yearbook of Agricultural Statistics of Bangladesh 2025,Damage of different Crops of Cyclone (Amphan) in the Month of May 2020,Brinjal,Brinjal,Jhenaidah,1520.0,40.0,732.0,22.39,204.0,5990.0,1382.0,439
BBS Yearbook of Agricultural Statistics of Bangladesh 2025,Damage of different Crops of Cyclone (Amphan) in the Month of May 2020,Brinjal,Brinjal,Khulna,423.0,0.0,270.0,37.04,100.0,2091.0,212.0,439
BBS Yearbook of Agricultural Statistics of Bangladesh 2025,Damage of different Crops of Cyclone (Amphan) in the Month of May 2020,Brinjal,Brinjal,Naogaon,125.0,0.0,87.0,17.9,16.0,6011.0,101.0,439
BBS Yearbook of Agricultural Statistics of Bangladesh 2025,Damage of different Crops of Cyclone (Amphan) in the Month of May 2020,Brinjal,Brinjal,Sirajganj,862.0,0.0,243.0,10.66,26.0,2944.0,46.0,439
BBS Yearbook of Agricultural Statistics of Bangladesh 2025,Damage of different Crops of Cyclone (Amphan) in the Month of May 2020,Brinjal,Brinjal,Bangladesh,5018.0,65.0,2145.0,30.68,723.0,21113.0,3281.0,439
BBS Yearbook of Agricultural Statistics of Bangladesh 2025,Damage of different Crops of Cyclone (Amphan) in the Month of May 2020,Chillies,Chillies,Patuakhali,2681.0,0.0,324.0,8.25,27.0,279.0,7.0,439
BBS Yearbook of Agricultural Statistics of Bangladesh 2025,Damage of different Crops of Cyclone (Amphan) in the Month of May 2020,Chillies,Chillies,Cox's Bazar,480.0,0.0,7.0,10.0,1.0,21000.0,21.0,439
BBS Yearbook of Agricultural Statistics of Bangladesh 2025,Damage of different Crops of Cyclone (Amphan) in the Month of May 2020,Chillies,Chillies,Noakhali,386.0,0.0,77.0,20.0,15.0,30.0,2.0,439
BBS Yearbook of Agricultural Statistics of Bangladesh 2025,Damage of different Crops of Cyclone (Amphan) in the Month of May 2020,Chillies,Chillies,Jhenaidah,1602.0,5.0,526.0,13.01,73.0,7378.0,420.0,439
BBS Yearbook of Agricultural Statistics of Bangladesh 2025,Damage of different Crops of Cyclone (Amphan) in the Month of May 2020,Chillies,Chillies,Kushtia,3319.0,0.0,857.0,9.36,80.0,796.0,64.0,439
BBS Yearbook of Agricultural Statistics of Bangladesh 2025,Damage of different Crops of Cyclone (Amphan) in the Month of May 2020,Chillies,Chillies,Narail,342.0,0.0,22.0,15.64,4.0,2177.0,8.0,439
BBS Yearbook of Agricultural Statistics of Bangladesh 2025,Damage of different Crops of Cyclone (Amphan) in the Month of May 2020,Chillies,Chillies,Naogaon,976.0,0.0,339.0,45.72,155.0,1266.0,28.0,439
BBS Yearbook of Agricultural Statistics of Bangladesh 2025,Damage of different Crops of Cyclone (Amphan) in the Month of May 2020,Chillies,Chillies,Bangladesh,9786.0,5.0,2153.0,16.26,355.0,32927.0,552.0,439
BBS Yearbook of Agricultural Statistics of Bangladesh 2025,Damage of different Crops of Cyclone (Amphan) in the Month of May 2020,Laushak,Aus rice,Barisal,1160.0,0.0,105.0,19.62,21.0,1082.0,22.0,439
BBS Yearbook of Agricultural Statistics of Bangladesh 2025,Damage of different Crops of Cyclone (Amphan) in the Month of May 2020,Laushak,Aus rice,Jessore,361.0,4.0,181.0,42.6,81.0,3210.0,260.0,439
BBS Yearbook of Agricultural Statistics of Bangladesh 2025,Damage of different Crops of Cyclone (Amphan) in the Month of May 2020,Laushak,Aus rice,Khulna,250.0,0.0,229.0,33.38,76.0,2211.0,169.0,439
BBS Yearbook of Agricultural Statistics of Bangladesh 2025,Damage of different Crops of Cyclone (Amphan) in the Month of May 2020,Laushak,Aus rice,Bangladesh,1771.0,4.0,515.0,33.81,178.0,6503.0,452.0,439
BBS Yearbook of Agricultural Statistics of Bangladesh 2025,Damage of different Crops of Cyclone (Amphan) in the Month of May 2020,Lalshak,Lalshak,Barisal,332.0,0.0,42.0,33.33,14.0,936.0,13.0,439
BBS Yearbook of Agricultural Statistics of Bangladesh 2025,Damage of different Crops of Cyclone (Amphan) in the Month of May 2020,Lalshak,Lalshak,Jessore,691.0,2.0,278.0,24.19,69.0,2195.0,152.0,439
BBS Yearbook of Agricultural Statistics of Bangladesh 2025,Damage of different Crops of Cyclone (Amphan) in the Month of May 2020,Lalshak,Lalshak,Bangladesh,1023.0,2.0,320.0,25.39,83.0,3131.0,165.0,439
BBS Yearbook of Agricultural Statistics of Bangladesh 2025,Damage of different Crops of Cyclone (Amphan) in the Month of May 2020,Soyabean,Soyabean,Barisal,7880.0,0.0,708.0,27.4,194.0,494.0,96.0,439
BBS Yearbook of Agricultural Statistics of Bangladesh 2025,Damage of different Crops of Cyclone (Amphan) in the Month of May 2020,Soyabean,Soyabean,Bangladesh,7880.0,0.0,708.0,27.4,194.0,494.0,96.0,439
BBS Yearbook of Agricultural Statistics of Bangladesh 2025,Damage of different Crops of Cyclone (Amphan) in the Month of May 2020,Chichinga,Chichinga,Brahamanbaria,245.0,0.0,6.0,10.0,1.0,14929.0,1.0,439
BBS Yearbook of Agricultural Statistics of Bangladesh 2025,Damage of different Crops of Cyclone (Amphan) in the Month of May 2020,Chichinga,Chichinga,Jessore,511.0,2.0,193.0,36.28,72.0,4027.0,290.0,439
BBS Yearbook of Agricultural Statistics of Bangladesh 2025,Damage of different Crops of Cyclone (Amphan) in the Month of May 2020,Chichinga,Chichinga,Bangladesh,756.0,2.0,199.0,35.49,73.0,18956.0,291.0,439
BBS Yearbook of Agricultural Statistics of Bangladesh 2025,Damage of different Crops of Cyclone (Amphan) in the Month of May 2020,Ladies finger,Ladies finger,Brahamanbaria,713.0,0.0,9.0,10.0,1.0,13892.0,2.0,439
BBS Yearbook of Agricultural Statistics of Bangladesh 2025,Damage of different Crops of Cyclone (Amphan) in the Month of May 2020,Ladies finger,Ladies finger,Jessore,741.0,7.0,252.0,22.74,64.0,3670.0,236.0,439
BBS Yearbook of Agricultural Statistics of Bangladesh 2025,Damage of different Crops of Cyclone (Amphan) in the Month of May 2020,Ladies finger,Ladies finger,Bangladesh,1454.0,7.0,261.0,22.32,65.0,17562.0,238.0,439
BBS Yearbook of Agricultural Statistics of Bangladesh 2025,Damage of different Crops of Cyclone (Amphan) in the Month of May 2020,Dhundal,Dhundal,Brahamanbaria,64.0,0.0,6.0,10.0,1.0,5390.0,1.0,440
BBS Yearbook of Agricultural Statistics of Bangladesh 2025,Damage of different Crops of Cyclone (Amphan) in the Month of May 2020,Dhundal,Dhundal,Bangladesh,64.0,0.0,6.0,10.0,1.0,5390.0,1.0,440
BBS Yearbook of Agricultural Statistics of Bangladesh 2025,Damage of different Crops of Cyclone (Amphan) in the Month of May 2020,Puishak,Puishak,Brahamanbaria,543.0,0.0,1.0,9.68,0.0,55139.0,1.0,440
BBS Yearbook of Agricultural Statistics of Bangladesh 2025,Damage of different Crops of Cyclone (Amphan) in the Month of May 2020,Puishak,Puishak,Khulna,66.0,0.0,34.0,31.76,108.0,3809.0,41.0,440
BBS Yearbook of Agricultural Statistics of Bangladesh 2025,Damage of different Crops of Cyclone (Amphan) in the Month of May 2020,Puishak,Puishak,Bangladesh,609.0,0.0,35.0,30.99,108.0,58948.0,41.0,440
BBS Yearbook of Agricultural Statistics of Bangladesh 2025,Damage of different Crops of Cyclone (Amphan) in the Month of May 2020,Barbati,Barbati,Jessore,350.0,0.0,117.0,21.57,25.0,4054.0,102.0,440
BBS Yearbook of Agricultural Statistics of Bangladesh 2025,Damage of different Crops of Cyclone (Amphan) in the Month of May 2020,Barbati,Barbati,Bangladesh,350.0,0.0,117.0,21.57,25.0,4054.0,102.0,440
BBS Yearbook of Agricultural Statistics of Bangladesh 2025,Damage of different Crops of Cyclone (Amphan) in the Month of May 2020,Danta,Danta,Jessore,880.0,3.0,183.0,20.45,40.0,4849.0,196.0,440
BBS Yearbook of Agricultural Statistics of Bangladesh 2025,Damage of different Crops of Cyclone (Amphan) in the Month of May 2020,Danta,Danta,Bangladesh,880.0,3.0,183.0,20.45,40.0,4849.0,196.0,440
BBS Yearbook of Agricultural Statistics of Bangladesh 2025,Damage of different Crops of Cyclone (Amphan) in the Month of May 2020,Mango,Mango,Chuadanga,5042.0,0.0,3176.0,57.84,1837.0,1701.0,8854.0,440
BBS Yearbook of Agricultural Statistics of Bangladesh 2025,Damage of different Crops of Cyclone (Amphan) in the Month of May 2020,Mango,Mango,Kushtia,1644.0,0.0,1427.0,29.01,414.0,16577.0,6863.0,440
BBS Yearbook of Agricultural Statistics of Bangladesh 2025,Damage of different Crops of Cyclone (Amphan) in the Month of May 2020,Mango,Mango,Magura,500.0,0.0,25.0,5.31,1.0,1250.0,2.0,440
BBS Yearbook of Agricultural Statistics of Bangladesh 2025,Damage of different Crops of Cyclone (Amphan) in the Month of May 2020,Mango,Mango,Narail,876.0,0.0,122.0,43.77,53.0,3358.0,234.0,440
BBS Yearbook of Agricultural Statistics of Bangladesh 2025,Damage of different Crops of Cyclone (Amphan) in the Month of May 2020,Mango,Mango,Satkhira,5493.0,0.0,5493.0,56.92,3126.0,4087.0,10086.0,440
BBS Yearbook of Agricultural Statistics of Bangladesh 2025,Damage of different Crops of Cyclone (Amphan) in the Month of May 2020,Mango,Mango,Naogaon,185.0,0.0,103.0,67.17,69.0,3825.0,11.0,440
BBS Yearbook of Agricultural Statistics of Bangladesh 2025,Damage of different Crops of Cyclone (Amphan) in the Month of May 2020,Mango,Mango,Pabna,346.0,0.0,346.0,15.0,52.0,8080.0,419.0,440
BBS Yearbook of Agricultural Statistics of Bangladesh 2025,Damage of different Crops of Cyclone (Amphan) in the Month of May 2020,Mango,Mango,Bangladesh,14086.0,0.0,10692.0,51.94,5553.0,38877.0,26471.0,440
BBS Yearbook of Agricultural Statistics of Bangladesh 2025,Damage of different Crops of Cyclone (Amphan) in the Month of May 2020,Mung Dal,Mung Dal,Chuadanga,2958.0,0.0,2951.0,31.42,927.0,239.0,579.0,440
BBS Yearbook of Agricultural Statistics of Bangladesh 2025,Damage of different Crops of Cyclone (Amphan) in the Month of May 2020,Mung Dal,Mung Dal,Khulna,17.0,1.0,5.0,3.15,1.0,575.0,1.0,440
BBS Yearbook of Agricultural Statistics of Bangladesh 2025,Damage of different Crops of Cyclone (Amphan) in the Month of May 2020,Mung Dal,Mung Dal,Kushtia,35.0,0.0,9.0,22.22,2.0,600.0,1.0,440
BBS Yearbook of Agricultural Statistics of Bangladesh 2025,Damage of different Crops of Cyclone (Amphan) in the Month of May 2020,Mung Dal,Mung Dal,Narail,586.0,0.0,46.0,17.83,8.0,512.0,5.0,440
BBS Yearbook of Agricultural Statistics of Bangladesh 2025,Damage of different Crops of Cyclone (Amphan) in the Month of May 2020,Mung Dal,Mung Dal,Bangladesh,3660.0,937.0,3596.0,30.11,1.0,938.0,1926.0,440
BBS Yearbook of Agricultural Statistics of Bangladesh 2025,Damage of different Crops of Cyclone (Amphan) in the Month of May 2020,Litchi,Litchi,Kushtia,80.0,0.0,56.0,16.07,9.0,2846.0,26.0,440
BBS Yearbook of Agricultural Statistics of Bangladesh 2025,Damage of different Crops of Cyclone (Amphan) in the Month of May 2020,Litchi,Litchi,Magura,49.0,0.0,14.0,28.57,4.0,6357.0,25.0,440
BBS Yearbook of Agricultural Statistics of Bangladesh 2025,Damage of different Crops of Cyclone (Amphan) in the Month of May 2020,Litchi,Litchi,Bangladesh,277.0,0.0,170.0,10.59,18.0,15261.0,82.0,440
BBS Yearbook of Agricultural Statistics of Bangladesh 2025,Damage of different Crops of Cyclone (Amphan) in the Month of May 2020,Aus,Aus rice,Pabna,5181.0,0.0,640.0,11.25,72.0,527.0,38.0,440
BBS Yearbook of Agricultural Statistics of Bangladesh 2025,Damage of different Crops of Cyclone (Amphan) in the Month of May 2020,Aus,Aus rice,Bangladesh,5181.0,0.0,640.0,11.25,72.0,527.0,38.0,440
BBS Yearbook of Agricultural Statistics of Bangladesh 2025,Damage of different Crops of Cyclone (Amphan) in the Month of May 2020,Kalmishak,Kalmishak,Sirajganj,3.0,0.0,3.0,5.0,0.0,1022.0,0.0,440
BBS Yearbook of Agricultural Statistics of Bangladesh 2025,Damage of different Crops of Cyclone (Amphan) in the Month of May 2020,Kalmishak,Kalmishak,Bangladesh,3.0,0.0,3.0,5.0,0.0,1022.0,0.0,440
BBS Yearbook of Agricultural Statistics of Bangladesh 2025,Damage of different Crops of Cyclone (Amphan) in the Month of May 2020,Onion,Onion,Sirajganj,139.0,0.0,0.0,0.0,0.0,2922.0,1.0,440
BBS Yearbook of Agricultural Statistics of Bangladesh 2025,Damage of different Crops of Cyclone (Amphan) in the Month of May 2020,Onion,Onion,Bangladesh,139.0,0.49,0.0,0.0,0.49,2922.0,1.0,440
BBS Yearbook of Agricultural Statistics of Bangladesh 2025,Damage of different Crops of Cyclone (Amphan) in the Month of May 2020,Peanut,Peanut,Lakshmipur,6055.0,0.0,334.0,8.0,27.0,296.0,8.0,440
BBS Yearbook of Agricultural Statistics of Bangladesh 2025,Damage of different Crops of Cyclone (Amphan) in the Month of May 2020,Peanut,Peanut,Bangladesh,6055.0,0.0,334.0,8.0,27.0,296.0,8.0,440
BBS Yearbook of Agricultural Statistics of Bangladesh 2025,Damage of different crops due to flood in the month of July 2020-21,Potato,Potato,Nilphamari,,0.0,25.0,30.0,7.5,7680.0,57.6,441
BBS Yearbook of Agricultural Statistics of Bangladesh 2025,Damage of different crops due to flood in the month of July 2020-21,Potato,Potato,Bangladesh,,0.0,25.0,30.0,7.5,7680.0,57.6,441
BBS Yearbook of Agricultural Statistics of Bangladesh 2025,Damage of different crops due to flood in the month of July 2020-21,Banana,Banana,Pabna,,0.0,66.0,9.0,5.86,69235.0,405.717,441
BBS Yearbook of Agricultural Statistics of Bangladesh 2025,Damage of different crops due to flood in the month of July 2020-21,Banana,Banana,Bangladesh,,0.0,66.0,9.0,5.86,69235.0,405.717,441
BBS Yearbook of Agricultural Statistics of Bangladesh 2025,Damage of different crops due to flood in the month of July 2020-21,Cucumber,Cucumber,Sirajganj,,41.0,0.0,100.0,41.0,2592.6,106.297,441
BBS Yearbook of Agricultural Statistics of Bangladesh 2025,Damage of different crops due to flood in the month of July 2020-21,Cucumber,Cucumber,Kurigram,,18.35,61.65,34.0,40.0,4130.0,163.381,441
BBS Yearbook of Agricultural Statistics of Bangladesh 2025,Damage of different crops due to flood in the month of July 2020-21,Cucumber,Cucumber,Bangladesh,,59.35,61.65,34.0,81.0,3361.3,270.784,441
BBS Yearbook of Agricultural Statistics of Bangladesh 2025,Damage of different crops due to flood in the month of July 2020-21,Lal Shak,Lal Shak,Sirajganj,,37.0,0.0,0.0,37.0,2100.83,77.73,441
BBS Yearbook of Agricultural Statistics of Bangladesh 2025,Damage of different crops due to flood in the month of July 2020-21,Lal Shak,Lal Shak,Kurigram,,11.1,64.6,60.2,49.99,1871.0,93.53,441
BBS Yearbook of Agricultural Statistics of Bangladesh 2025,Damage of different crops due to flood in the month of July 2020-21,Lal Shak,Lal Shak,Lalmonirhat,,6.5,7.34,73.0,11.84,1848.0,21.88,441
BBS Yearbook of Agricultural Statistics of Bangladesh 2025,Damage of different crops due to flood in the month of July 2020-21,Lal Shak,Lal Shak,Bangladesh,,54.6,71.94,61.0,98.83,1939.943,191.72,441
BBS Yearbook of Agricultural Statistics of Bangladesh 2025,Damage of different crops due to flood in the month of July 2020-21,Brinjal,Brinjal,Sirajganj,,49.48,0.0,0.0,49.48,4918.0,243.3,441
BBS Yearbook of Agricultural Statistics of Bangladesh 2025,Damage of different crops due to flood in the month of July 2020-21,Brinjal,Brinjal,Pabna,,0.0,324.0,12.0,38.49,5137.0,197.7,441
BBS Yearbook of Agricultural Statistics of Bangladesh 2025,Damage of different crops due to flood in the month of July 2020-21,Brinjal,Brinjal,Naogaon,,0.0,12.0,8.0,0.97,5955.0,5.8,441
BBS Yearbook of Agricultural Statistics of Bangladesh 2025,Damage of different crops due to flood in the month of July 2020-21,Brinjal,Brinjal,Kurigram,,70.12,87.35,62.0,124.022,3827.0,474.6,441
BBS Yearbook of Agricultural Statistics of Bangladesh 2025,Damage of different crops due to flood in the month of July 2020-21,Brinjal,Brinjal,Bangladesh,,119.6,423.35,22.0,212.962,4959.25,1056.1,441
BBS Yearbook of Agricultural Statistics of Bangladesh 2025,Damage of different crops due to flood in the month of July 2020-21,Puishak,Puishak,Sirajganj,,84.89,0.0,0.0,84.89,5463.66,463.81,441
BBS Yearbook of Agricultural Statistics of Bangladesh 2025,Damage of different crops due to flood in the month of July 2020-21,Puishak,Puishak,Kurigram,,7.5,31.0,50.0,23.0,2875.26,66.131,441
BBS Yearbook of Agricultural Statistics of Bangladesh 2025,Damage of different crops due to flood in the month of July 2020-21,Puishak,Puishak,Bangladesh,,92.39,31.0,50.0,107.89,4169.46,449.843,441
BBS Yearbook of Agricultural Statistics of Bangladesh 2025,Damage of different crops due to flood in the month of July 2020-21,Jute Local,Jute,Pabna,,101.0,0.0,0.0,101.0,186.97,18.884,441
BBS Yearbook of Agricultural Statistics of Bangladesh 2025,Damage of different crops due to flood in the month of July 2020-21,Jute Local,Jute,Naogaon,,184.0,0.0,0.0,184.0,217.57,40.0329,441
BBS Yearbook of Agricultural Statistics of Bangladesh 2025,Damage of different crops due to flood in the month of July 2020-21,Jute Local,Jute,Bogra,,10322.0,1228.0,50.0,10936.0,204.14,2232.48,441
BBS Yearbook of Agricultural Statistics of Bangladesh 2025,Damage of different crops due to flood in the month of July 2020-21,Jute Local,Jute,Rajshahi,,242.3,1538.0,55.0,1087.3,199.66,217.09,441
BBS Yearbook of Agricultural Statistics of Bangladesh 2025,Damage of different crops due to flood in the month of July 2020-21,Jute Local,Jute,Sirajganj,,513.0,307.0,36.0,623.8,154.5,96.38,441
BBS Yearbook of Agricultural Statistics of Bangladesh 2025,Damage of different crops due to flood in the month of July 2020-21,Jute Local,Jute,Bangladesh,,11362.3,3073.0,89.0,12932.1,356.585,2583.7,441
BBS Yearbook of Agricultural Statistics of Bangladesh 2025,Damage of different crops due to flood in the month of July 2020-21,Jute Tosha/Ufshi,Jute,Sirajganj,,9384.0,36930.0,49.0,11194.3,154.5,8923.72,441
BBS Yearbook of Agricultural Statistics of Bangladesh 2025,Damage of different crops due to flood in the month of July 2020-21,Jute Tosha/Ufshi,Jute,Bangladesh,,9384.0,3693.0,49.0,11194.3,154.5,1729.519,441
BBS Yearbook of Agricultural Statistics of Bangladesh 2025,Damage of different crops due to flood in the month of July 2020-21,Jute Meshta,Jute,Sirajganj,,572.0,88.0,26.0,594.6,154.5,91.8657,441
BBS Yearbook of Agricultural Statistics of Bangladesh 2025,Damage of different crops due to flood in the month of July 2020-21,Jute Meshta,Jute,Bangladesh,,572.0,88.0,26.0,594.6,154.5,91.8657,441
BBS Yearbook of Agricultural Statistics of Bangladesh 2025,Damage of different crops due to flood in the month of July 2020-21,Jute Kenaf,Jute,Sirajganj,,1210.0,61.25,25.0,1225.313,154.5,532.39,441
BBS Yearbook of Agricultural Statistics of Bangladesh 2025,Damage of different crops due to flood in the month of July 2020-21,Jute Kenaf,Jute,Bangladesh,,1210.0,61.25,25.0,1225.31,154.5,189.3108,441
BBS Yearbook of Agricultural Statistics of Bangladesh 2025,Damage of different crops due to flood in the month of July 2020-21,TIL (summer),TIL (summer),Sirajganj,,70.0,0.0,0.0,70.0,359.51,25.1657,442
BBS Yearbook of Agricultural Statistics of Bangladesh 2025,Damage of different crops due to flood in the month of July 2020-21,TIL (summer),TIL (summer),Bangladesh,,70.0,0.0,0.0,70.0,359.51,25.1657,442
BBS Yearbook of Agricultural Statistics of Bangladesh 2025,Damage of different crops due to flood in the month of July 2020-21,Chili (summer),Chili (summer),Kurigram,,35.21,122.3,37.0,80.6,2413.0,194.4878,442
BBS Yearbook of Agricultural Statistics of Bangladesh 2025,Damage of different crops due to flood in the month of July 2020-21,Chili (summer),Chili (summer),Lalmonirhat,,6.5,11.5,44.0,11.55,3215.0,37.13325,442
BBS Yearbook of Agricultural Statistics of Bangladesh 2025,Damage of different crops due to flood in the month of July 2020-21,Chili (summer),Chili (summer),Rangpur,,2.4,7.0,50.0,5.9,2126.0,12.5434,442
BBS Yearbook of Agricultural Statistics of Bangladesh 2025,Damage of different crops due to flood in the month of July 2020-21,Chili (summer),Chili (summer),Pabna,,6.0,3.0,67.0,8.0,2950.0,23.6004,442
BBS Yearbook of Agricultural Statistics of Bangladesh 2025,Damage of different crops due to flood in the month of July 2020-21,Chili (summer),Chili (summer),Naogaon,,23.2,0.0,0.0,23.2,745.0,17.27333,442
BBS Yearbook of Agricultural Statistics of Bangladesh 2025,Damage of different crops due to flood in the month of July 2020-21,Chili (summer),Chili (summer),Bangladesh,,50.11,143.8,39.0,106.05,3568.017,378.3882,442
BBS Yearbook of Agricultural Statistics of Bangladesh 2025,Damage of different crops due to flood in the month of July 2020-21,Potol,Potol,Kurigram,,40.01,148.7,50.0,115.041,2458.0,282.7708,442
BBS Yearbook of Agricultural Statistics of Bangladesh 2025,Damage of different crops due to flood in the month of July 2020-21,Potol,Potol,Naogaon,,29.0,62.8,84.0,81.54,4170.0,340.0218,442
BBS Yearbook of Agricultural Statistics of Bangladesh 2025,Damage of different crops due to flood in the month of July 2020-21,Potol,Potol,Sirajganj,,70.25,0.0,0.0,70.25,3646.0,256.1315,442
BBS Yearbook of Agricultural Statistics of Bangladesh 2025,Damage of different crops due to flood in the month of July 2020-21,Potol,Potol,Bangladesh,,139.26,211.5,60.0,266.831,3424.667,913.8072,442
BBS Yearbook of Agricultural Statistics of Bangladesh 2025,Damage of different crops due to flood in the month of July 2020-21,Onion,Onion,Lalmonirhat,,17.0,35.0,48.0,33.8,3161.0,106.8418,442
BBS Yearbook of Agricultural Statistics of Bangladesh 2025,Damage of different crops due to flood in the month of July 2020-21,Onion,Onion,Bangladesh,,17.0,35.0,48.0,33.8,3161.0,106.8418,442
BBS Yearbook of Agricultural Statistics of Bangladesh 2025,Damage of different crops due to flood in the month of July 2020-21,Mula Shak,Mula Shak,Lalmonirhat,,6.5,7.25,53.0,10.34,1570.63,14.58,442
BBS Yearbook of Agricultural Statistics of Bangladesh 2025,Damage of different crops due to flood in the month of July 2020-21,Mula Shak,Mula Shak,Bangladesh,,6.5,7.25,53.0,10.34,1570.63,16.24031,442
BBS Yearbook of Agricultural Statistics of Bangladesh 2025,Damage of different crops due to flood in the month of July 2020-21,Karala,Karala,Naogaon,,41.0,12.0,15.0,42.8,2397.66,102.6198,442
BBS Yearbook of Agricultural Statistics of Bangladesh 2025,Damage of different crops due to flood in the month of July 2020-21,Karala,Karala,Kurigram,,4.8,27.0,53.0,19.0,2117.0,40.223,442
BBS Yearbook of Agricultural Statistics of Bangladesh 2025,Damage of different crops due to flood in the month of July 2020-21,Karala,Karala,Bangladesh,,45.8,39.0,41.0,61.8,2257.33,139.503,442
BBS Yearbook of Agricultural Statistics of Bangladesh 2025,Damage of different crops due to flood in the month of July 2020-21,Ladies Finger,Ladies Finger,Kurigram,,7.6,63.0,44.0,35.5,1744.0,61.912,442
BBS Yearbook of Agricultural Statistics of Bangladesh 2025,Damage of different crops due to flood in the month of July 2020-21,Ladies Finger,Ladies Finger,Bangladesh,,7.6,63.0,44.0,35.5,1744.0,61.912,442
BBS Yearbook of Agricultural Statistics of Bangladesh 2025,Damage of different crops due to flood in the month of July 2020-21,Ladies Finger,Ladies Finger,Kurigram,,5.0,0.0,0.0,5.0,423.0,2.115,442
BBS Yearbook of Agricultural Statistics of Bangladesh 2025,Damage of different crops due to flood in the month of July 2020-21,Ladies Finger,Ladies Finger,Lalmonirhat,,1048.0,0.99,70.0,1048.69,390.0,408.9891,442
BBS Yearbook of Agricultural Statistics of Bangladesh 2025,Damage of different crops due to flood in the month of July 2020-21,Ladies Finger,Ladies Finger,Bangladesh,,1053.0,0.99,70.0,1053.69,406.5,428.325,442
BBS Yearbook of Agricultural Statistics of Bangladesh 2025,Damage of different crops due to flood in the month of July 2020-21,Data,Data,Sirajganj,,25.0,0.0,0.0,25.0,5355.47,133.8868,442
BBS Yearbook of Agricultural Statistics of Bangladesh 2025,Damage of different crops due to flood in the month of July 2020-21,Data,Data,Bangladesh,,25.0,0.0,0.0,25.0,5355.47,133.8868,442
BBS Yearbook of Agricultural Statistics of Bangladesh 2025,Damage of different crops due to flood in the month of July 2020-21,Kakrol,Kakrol,Lalmonirhat,,25.0,24.0,59.0,39.07,1636.0,63.91852,442
BBS Yearbook of Agricultural Statistics of Bangladesh 2025,Damage of different crops due to flood in the month of July 2020-21,Kakrol,Kakrol,Bangladesh,,25.0,24.0,59.0,39.07,1636.0,63.91852,442
BBS Yearbook of Agricultural Statistics of Bangladesh 2025,Damage of different crops due to flood in the month of July 2020-21,Chichinga,Chichinga,Sirajganj,,26.35,0.0,0.0,26.35,2192.0,57.7592,442
BBS Yearbook of Agricultural Statistics of Bangladesh 2025,Damage of different crops due to flood in the month of July 2020-21,Chichinga,Chichinga,Bangladesh,,26.35,0.0,0.0,26.35,2192.0,57.7592,442
BBS Yearbook of Agricultural Statistics of Bangladesh 2025,Damage Report of different crops due to flood in the months of July 2020-21,Chal Kumra,Chal Kumra,Sirajganj,,59.75,0.0,0.0,59.75,4736.0,282.976,443
BBS Yearbook of Agricultural Statistics of Bangladesh 2025,Damage Report of different crops due to flood in the months of July 2020-21,Chal Kumra,Chal Kumra,Bangladesh,,59.75,0.0,0.0,59.75,4736.0,282.976,443
BBS Yearbook of Agricultural Statistics of Bangladesh 2025,Damage Report of different crops due to flood in the months of July 2020-21,Betel Leaf,Betel Leaf,Rajshahi,,52.0,397.7,20.0,130.0,5326.34,692.4242,443
BBS Yearbook of Agricultural Statistics of Bangladesh 2025,Damage Report of different crops due to flood in the months of July 2020-21,Betel Leaf,Betel Leaf,Bangladesh,,52.0,397.7,20.0,130.0,5326.34,692.4242,443
BBS Yearbook of Agricultural Statistics of Bangladesh 2025,Damage Report of different crops due to flood in the months of July 2020-21,Sugarcane,Sugarcane,Natore,,0.0,2024.0,14.0,283.0,18230.0,5166.0,443
BBS Yearbook of Agricultural Statistics of Bangladesh 2025,Damage Report of different crops due to flood in the months of July 2020-21,Sugarcane,Sugarcane,Bangladesh,,0.0,2024.0,14.0,283.0,18230.0,5166.0,443
BBS Yearbook of Agricultural Statistics of Bangladesh 2025,Damage Report of different crops due to flood in the months of July 2020-21,Aman (HYV),Aman rice,Bogra,,720.0,705.0,75.0,1250.0,1217.75,1522.0,443
BBS Yearbook of Agricultural Statistics of Bangladesh 2025,Damage Report of different crops due to flood in the months of July 2020-21,Aman (HYV),Aman rice,Dinajpur,,0.0,364.5,25.0,90.96,1086.76,99.0,443
BBS Yearbook of Agricultural Statistics of Bangladesh 2025,Damage Report of different crops due to flood in the months of July 2020-21,Aman (HYV),Aman rice,Gaibandha,,784.0,163.0,50.0,865.5,1178.19,1020.0,443
BBS Yearbook of Agricultural Statistics of Bangladesh 2025,Damage Report of different crops due to flood in the months of July 2020-21,Aman (HYV),Aman rice,Kurigram,,5198.5,37508.0,14.0,10274.63,1147.59,11791.0,443
BBS Yearbook of Agricultural Statistics of Bangladesh 2025,Damage Report of different crops due to flood in the months of July 2020-21,Aman (HYV),Aman rice,Lalmonirhat,,493.1,1281.0,35.0,944.6,1141.25,1078.0,443
BBS Yearbook of Agricultural Statistics of Bangladesh 2025,Damage Report of different crops due to flood in the months of July 2020-21,Aman (HYV),Aman rice,Nilphamari,,852.0,2974.0,40.0,2042.0,1105.04,2256.0,443
BBS Yearbook of Agricultural Statistics of Bangladesh 2025,Damage Report of different crops due to flood in the months of July 2020-21,Aman (HYV),Aman rice,Rangpur,,152.0,2197.0,9.0,354.39,1094.22,388.0,443
BBS Yearbook of Agricultural Statistics of Bangladesh 2025,Damage Report of different crops due to flood in the months of July 2020-21,Aman (HYV),Aman rice,Rajbari,,0.0,6.0,50.0,3.0,947.93,3.0,443
BBS Yearbook of Agricultural Statistics of Bangladesh 2025,Damage Report of different crops due to flood in the months of July 2020-21,Aman (HYV),Aman rice,Tangail,,1160.0,373.0,34.0,1285.24,1066.23,1370.0,443
BBS Yearbook of Agricultural Statistics of Bangladesh 2025,Damage Report of different crops due to flood in the months of July 2020-21,Aman (HYV),Aman rice,Khulna,,0.0,6158.9,11.5,705.3,1243.1,876.7,443
BBS Yearbook of Agricultural Statistics of Bangladesh 2025,Damage Report of different crops due to flood in the months of July 2020-21,Aman (HYV),Aman rice,Bhola,,0.0,8505.3,3.9,334.6,1197.6,400.7,443
BBS Yearbook of Agricultural Statistics of Bangladesh 2025,Damage Report of different crops due to flood in the months of July 2020-21,Aman (HYV),Aman rice,Bangladesh,,9359.6,60235.7,24.1,18150.22,2329.84,20252.0,443
BBS Yearbook of Agricultural Statistics of Bangladesh 2025,Damage Report of different crops due to flood in the months of July 2020-21,Aman(Broadcast),Aman rice,Gaibandha,,16.0,0.0,0.0,16.0,468.37,168.0,443
BBS Yearbook of Agricultural Statistics of Bangladesh 2025,Damage Report of different crops due to flood in the months of July 2020-21,Aman(Broadcast),Aman rice,Khulna,,0.0,519.0,7.0,36.33,884.11,32.11972,443
BBS Yearbook of Agricultural Statistics of Bangladesh 2025,Damage Report of different crops due to flood in the months of July 2020-21,Aman(Broadcast),Aman rice,Bhola,,0.0,663.0,1.22,84.0,711.32,59.75088,443
BBS Yearbook of Agricultural Statistics of Bangladesh 2025,Damage Report of different crops due to flood in the months of July 2020-21,Aman(Broadcast),Aman rice,Chittagong,,0.0,2.24,0.0,2.24,628.84,1.408602,443
BBS Yearbook of Agricultural Statistics of Bangladesh 2025,Damage Report of different crops due to flood in the months of July 2020-21,Aman(Broadcast),Aman rice,Comilla,,9.0,2759.0,6.0,26.27,543.0,14.26461,443
BBS Yearbook of Agricultural Statistics of Bangladesh 2025,Damage Report of different crops due to flood in the months of July 2020-21,Aman(Broadcast),Aman rice,Rangamati,,18.0,529.0,41.4,237.0,531.81,126.039,443
BBS Yearbook of Agricultural Statistics of Bangladesh 2025,Damage Report of different crops due to flood in the months of July 2020-21,Aman(Broadcast),Aman rice,Sirajganj,,1573.0,1432.0,42.0,2181.0,548.0,1195.188,443
BBS Yearbook of Agricultural Statistics of Bangladesh 2025,Damage Report of different crops due to flood in the months of July 2020-21,Aman(Broadcast),Aman rice,Natore,,7057.0,0.0,0.0,7057.0,593.0,4184.801,443
BBS Yearbook of Agricultural Statistics of Bangladesh 2025,Damage Report of different crops due to flood in the months of July 2020-21,Aman(Broadcast),Aman rice,Bangladesh,,8673.0,5904.24,50.02372,9639.84,1698.69,5532.3563,443
BBS Yearbook of Agricultural Statistics of Bangladesh 2025,Damage Report of different crops due to flood in the months of July 2020-21,Aman (seed bad),Aman seedbed,Sirajganj,,1107.0,379.0,40.0,1257.5,0.0,0.0,443
BBS Yearbook of Agricultural Statistics of Bangladesh 2025,Damage Report of different crops due to flood in the months of July 2020-21,Aman (seed bad),Aman seedbed,Bangladesh,,1107.0,379.0,40.0,1257.5,0.0,0.0,443
BBS Yearbook of Agricultural Statistics of Bangladesh 2025,Damage Report of different crops due to flood in the months of July 2020-21,Aman (L.T.),Aman rice,Sirajganj,,134.0,30.0,21.0,140.387,577.0,250.97,443
BBS Yearbook of Agricultural Statistics of Bangladesh 2025,Damage Report of different crops due to flood in the months of July 2020-21,Aman (L.T.),Aman rice,Natore,,7945.0,589.1,51.0,8247.208,640.0,10738.0,443
BBS Yearbook of Agricultural Statistics of Bangladesh 2025,Damage Report of different crops due to flood in the months of July 2020-21,Aman (L.T.),Aman rice,Khulna,,0.0,4157.3,19.99976,831.45,884.11,735.0933,443
BBS Yearbook of Agricultural Statistics of Bangladesh 2025,Damage Report of different crops due to flood in the months of July 2020-21,Aman (L.T.),Aman rice,Bangladesh,,8071.0,4776.4,50.0,9219.045,1492.61,5838.9453,443
BBS Yearbook of Agricultural Statistics of Bangladesh 2025,Damage Report of different crops due to flood in the months of July 2020-21,Aus,Aus rice,Pabna,,90.0,0.0,0.0,90.0,848.0,72.0,444
BBS Yearbook of Agricultural Statistics of Bangladesh 2025,Damage Report of different crops due to flood in the months of July 2020-21,Aus,Aus rice,Rajshahi,,1640.0,13193.0,59.0,9460.0,1450.0,10827.0,444
BBS Yearbook of Agricultural Statistics of Bangladesh 2025,Damage Report of different crops due to flood in the months of July 2020-21,Aus,Aus rice,Naogaon,,7981.9,0.0,0.0,7982.0,1078.0,12624.0,444
BBS Yearbook of Agricultural Statistics of Bangladesh 2025,Damage Report of different crops due to flood in the months of July 2020-21,Aus,Aus rice,Nawabganj,,242.0,1141.0,50.0,812.5,3242.0,1462.5,444
BBS Yearbook of Agricultural Statistics of Bangladesh 2025,Damage Report of different crops due to flood in the months of July 2020-21,Aus,Aus rice,Sirajganj,,1385.0,0.0,0.0,1385.0,547.48,1413.0,444
BBS Yearbook of Agricultural Statistics of Bangladesh 2025,Damage Report of different crops due to flood in the months of July 2020-21,Aus,Aus rice,Bangladesh,,11338.9,14334.0,59.0,19729.4,2201.98,31763.81,444
BBS Yearbook of Agricultural Statistics of Bangladesh 2025,Damage Report of different crops due to flood in the months of July 2020-21,Aus (HYV),Aus rice,Bogra,,5978.0,612.0,50.0,6284.0,983.0,9964.6,444
BBS Yearbook of Agricultural Statistics of Bangladesh 2025,Damage Report of different crops due to flood in the months of July 2020-21,Aus (HYV),Aus rice,Sirajganj,,1929.0,599.0,29.0,2105.0,1105.0,2234.0,444
BBS Yearbook of Agricultural Statistics of Bangladesh 2025,Damage Report of different crops due to flood in the months of July 2020-21,Aus (HYV),Aus rice,Bangladesh,,7907.0,1211.0,40.0,8389.0,1044.0,8758.116,444
BBS Yearbook of Agricultural Statistics of Bangladesh 2025,Damage Report of different crops due to flood in the months of July 2020-21,Aus (Local),Aus rice,Sirajganj,,1385.0,0.0,0.0,1385.0,547.48,1413.0,444
BBS Yearbook of Agricultural Statistics of Bangladesh 2025,Damage Report of different crops due to flood in the months of July 2020-21,Aus (Local),Aus rice,Bangladesh,,1385.0,0.0,0.0,1385.0,547.48,758.2598,444
BBS Yearbook of Agricultural Statistics of Bangladesh 2025,Damage Report of different crops due to flood in the months of July 2020-21,Ropa Aman (Local),Aman rice,Khulna,,0.0,4157.3,19.99976,831.45,884.11,735.0933,444
BBS Yearbook of Agricultural Statistics of Bangladesh 2025,Damage Report of different crops due to flood in the months of July 2020-21,Ropa Aman (Local),Aman rice,Bangladesh,,0.0,4157.3,19.99976,831.45,884.11,735.0933,444
BBS Yearbook of Agricultural Statistics of Bangladesh 2025,Damage of different Crops of Cyclone (Chattrang) in the Month of October 2022,HYB Amon,Aman rice,Barguna,234852.0,0.0,11062.0,8.25,912.09,1329.23,1212.38,445
BBS Yearbook of Agricultural Statistics of Bangladesh 2025,Damage of different Crops of Cyclone (Chattrang) in the Month of October 2022,HYB Amon,Aman rice,Bhola,358890.0,2.6,3697.0,8.87,330.5,1765.81,583.6,445
BBS Yearbook of Agricultural Statistics of Bangladesh 2025,Damage of different Crops of Cyclone (Chattrang) in the Month of October 2022,HYB Amon,Aman rice,Jhalokati,28974.0,0.0,1304.0,5.99,78.15,1682.66,131.5,445
BBS Yearbook of Agricultural Statistics of Bangladesh 2025,Damage of different Crops of Cyclone (Chattrang) in the Month of October 2022,HYB Amon,Aman rice,Pirojpur,20277.0,0.0,190.8,13.76,26.26,925.74,24.31,445
BBS Yearbook of Agricultural Statistics of Bangladesh 2025,Damage of different Crops of Cyclone (Chattrang) in the Month of October 2022,HYB Amon,Aman rice,Patuakhali,390428.0,0.0,80.35,25.33,20.35,176604.42,3593.9,445
BBS Yearbook of Agricultural Statistics of Bangladesh 2025,Damage of different Crops of Cyclone (Chattrang) in the Month of October 2022,HYB Amon,Aman rice,Narail,85876.0,0.0,1321.0,1.68,22.15,1544.02,34.2,445
BBS Yearbook of Agricultural Statistics of Bangladesh 2025,Damage of different Crops of Cyclone (Chattrang) in the Month of October 2022,HYB Amon,Aman rice,Bagerhat,43636.0,0.0,903.5,12.56,113.51,1650.96,187.401,445
BBS Yearbook of Agricultural Statistics of Bangladesh 2025,Damage of different Crops of Cyclone (Chattrang) in the Month of October 2022,HYB Amon,Aman rice,Tangail,14119.0,11.1,851.0,5.14,54.8,1344.89,73.7,445
BBS Yearbook of Agricultural Statistics of Bangladesh 2025,Damage of different Crops of Cyclone (Chattrang) in the Month of October 2022,Ropa Amon,Aman rice,Bhola,54476.0,0.0,828.0,17.91,148.3,4139.57,613.898,445
BBS Yearbook of Agricultural Statistics of Bangladesh 2025,Damage of different Crops of Cyclone (Chattrang) in the Month of October 2022,Ropa Amon,Aman rice,Jhalokati,41140.0,0.0,390.0,6.59,25.7,1094.4,28.126,445
BBS Yearbook of Agricultural Statistics of Bangladesh 2025,Damage of different Crops of Cyclone (Chattrang) in the Month of October 2022,Ropa Amon,Aman rice,Pirojpur,74153.0,0.0,938.0,3.52,33.02,908.63,30.003,445
BBS Yearbook of Agricultural Statistics of Bangladesh 2025,Damage of different Crops of Cyclone (Chattrang) in the Month of October 2022,Ropa Amon,Aman rice,Narail,9111.0,0.0,541.0,6.76,36.55,639.95,23.39,445
BBS Yearbook of Agricultural Statistics of Bangladesh 2025,Damage of different Crops of Cyclone (Chattrang) in the Month of October 2022,Ropa Amon,Aman rice,Bagerhat,75202.0,0.0,4126.0,5.79,238.96,1784.8,426.497,445
BBS Yearbook of Agricultural Statistics of Bangladesh 2025,Damage of different Crops of Cyclone (Chattrang) in the Month of October 2022,Bona Amon,Aman rice,Pirojpur,450.0,0.0,5.0,40.0,2.0,500.0,1.0,445
BBS Yearbook of Agricultural Statistics of Bangladesh 2025,Damage of different Crops of Cyclone (Chattrang) in the Month of October 2022,Bona Amon,Aman rice,Narail,8704.0,0.0,521.0,6.0,31.25,545.6,17.05,445
BBS Yearbook of Agricultural Statistics of Bangladesh 2025,Damage of different Crops of Cyclone (Chattrang) in the Month of October 2022,Banana,Banana,Tangail,4704.0,10.16,129.08,20.44,36.55,7644.05,279.39,445
BBS Yearbook of Agricultural Statistics of Bangladesh 2025,Damage of different Crops of Cyclone (Chattrang) in the Month of October 2022,Banana,Banana,Bagerhat,502.0,44.0,48.75,21.54,54.5,3315.05,180.67,445
BBS Yearbook of Agricultural Statistics of Bangladesh 2025,Damage of different Crops of Cyclone (Chattrang) in the Month of October 2022,Banana,Banana,Jhalokati,2543.0,0.0,70.95,18.3,12.98,3443.67,44.7075,445
BBS Yearbook of Agricultural Statistics of Bangladesh 2025,Damage of different Crops of Cyclone (Chattrang) in the Month of October 2022,Nuts,Nuts,Tangail,2728.0,118.0,0.0,0.0,118.0,517.03,61.01,445
BBS Yearbook of Agricultural Statistics of Bangladesh 2025,Damage of different Crops of Cyclone (Chattrang) in the Month of October 2022,Nuts,Nuts,Bangladesh,2728.0,118.0,0.0,0.0,118.0,517.03,61.01,445
BBS Yearbook of Agricultural Statistics of Bangladesh 2025,Damage of different Crops of Cyclone (Chattrang) in the Month of October 2022,Maize,Maize,Tangail,5506.0,243.0,62.0,20.0,255.4,2820.6,720.38,445
BBS Yearbook of Agricultural Statistics of Bangladesh 2025,Damage of different Crops of Cyclone (Chattrang) in the Month of October 2022,Maize,Maize,Bangladesh,5506.0,243.0,62.0,20.0,255.4,2820.6,720.38,445
BBS Yearbook of Agricultural Statistics of Bangladesh 2025,Damage of different Crops of Cyclone (Chattrang) in the Month of October 2022,Black gram (Mashkalai),Black gram (Mashkalai),Tangail,4699.0,1186.5,142.05,30.28,1229.5,307.8,378.44,445
BBS Yearbook of Agricultural Statistics of Bangladesh 2025,Damage of different Crops of Cyclone (Chattrang) in the Month of October 2022,Black gram (Mashkalai),Black gram (Mashkalai),Bangladesh,4699.0,1186.5,142.05,30.28,1229.5,307.8,378.44,445
BBS Yearbook of Agricultural Statistics of Bangladesh 2025,Damage of different Crops of Cyclone (Chattrang) in the Month of October 2022,Spinach (Palong Shak),Spinach (Palong Shak),Bagerhat,205.0,0.0,5.0,5.0,0.25,3350.0,0.8375,445
BBS Yearbook of Agricultural Statistics of Bangladesh 2025,Damage of different Crops of Cyclone (Chattrang) in the Month of October 2022,Spinach (Palong Shak),Spinach (Palong Shak),Khulna,213.0,0.0,31.5,7.78,2.45,2446.12,5.993,445
BBS Yearbook of Agricultural Statistics of Bangladesh 2025,Damage of different Crops of Cyclone (Chattrang) in the Month of October 2022,Cauliflower,Cauliflower,Bagerhat,110.0,0.0,2.0,5.0,0.1,5750.0,0.58,445
BBS Yearbook of Agricultural Statistics of Bangladesh 2025,Damage of different Crops of Cyclone (Chattrang) in the Month of October 2022,Cauliflower,Cauliflower,Bangladesh,110.0,0.0,2.0,5.0,0.1,5750.0,0.58,445
BBS Yearbook of Agricultural Statistics of Bangladesh 2025,Damage of different Crops of Cyclone (Chattrang) in the Month of October 2022,Cabbage,Cabbage,Bagerhat,201.0,0.0,2.0,5.0,0.1,6000.0,0.6,446
BBS Yearbook of Agricultural Statistics of Bangladesh 2025,Damage of different Crops of Cyclone (Chattrang) in the Month of October 2022,Cabbage,Cabbage,Bangladesh,201.0,0.0,2.0,5.0,0.1,6000.0,0.6,446
BBS Yearbook of Agricultural Statistics of Bangladesh 2025,Damage of different Crops of Cyclone (Chattrang) in the Month of October 2022,Radish,Radish,Bagerhat,15.0,0.0,4.0,53.0,2.12,1599.06,3.39,446
BBS Yearbook of Agricultural Statistics of Bangladesh 2025,Damage of different Crops of Cyclone (Chattrang) in the Month of October 2022,Radish,Radish,Bangladesh,15.0,0.0,4.0,53.0,2.12,1599.06,3.39,446
BBS Yearbook of Agricultural Statistics of Bangladesh 2025,Damage of different Crops of Cyclone (Chattrang) in the Month of October 2022,Red Amaranth (Lal Shak),Red Amaranth (Lal Shak),Bagerhat,150.0,1.0,5.0,5.0,1.25,5320.0,6.65,446
BBS Yearbook of Agricultural Statistics of Bangladesh 2025,Damage of different Crops of Cyclone (Chattrang) in the Month of October 2022,Red Amaranth (Lal Shak),Red Amaranth (Lal Shak),Bangladesh,150.0,1.0,5.0,5.0,1.25,5320.0,6.65,446
BBS Yearbook of Agricultural Statistics of Bangladesh 2025,Damage of different Crops of Cyclone (Chattrang) in the Month of October 2022,Green Papaya (Kacha Papa),Green Papaya (Kacha Papa),Khulna,49.0,1.99,8.9,25.95,4.3,9103.13,39.16,446
BBS Yearbook of Agricultural Statistics of Bangladesh 2025,Damage of different Crops of Cyclone (Chattrang) in the Month of October 2022,Green Papaya (Kacha Papa),Green Papaya (Kacha Papa),Bangladesh,49.0,1.99,8.9,25.95,4.3,9103.13,39.16,446
BBS Yearbook of Agricultural Statistics of Bangladesh 2025,Damage of different Crops of Cyclone (Chattrang) in the Month of October 2022,Green Banana(kacha kala),Green Banana(kacha kala),Khulna,291.5,7.53,58.5,22.14,20.48,4033.0,82.6,446
BBS Yearbook of Agricultural Statistics of Bangladesh 2025,Damage of different Crops of Cyclone (Chattrang) in the Month of October 2022,Green Banana(kacha kala),Green Banana(kacha kala),Bangladesh,291.5,7.53,58.5,22.14,20.48,4033.0,82.6,446
BBS Yearbook of Agricultural Statistics of Bangladesh 2025,Damage of different Crops of Cyclone (Chattrang) in the Month of October 2022,Betel Leaves,Betel Leaves,Jhalokati,478.0,0.0,77.0,17.03,13.11,1409.31,18.48,446
BBS Yearbook of Agricultural Statistics of Bangladesh 2025,Damage of different Crops of Cyclone (Chattrang) in the Month of October 2022,Betel Leaves,Betel Leaves,Bangladesh,478.0,0.0,77.0,17.03,13.11,1409.31,18.48,446
BBS Yearbook of Agricultural Statistics of Bangladesh 2025,Damage of different Crops of Cyclone (Chattrang) in the Month of October 2022,Sugarcane,Sugarcane,Pirojpur,5.0,0.0,5.0,5.0,0.25,10800.0,2.7,446
BBS Yearbook of Agricultural Statistics of Bangladesh 2025,Damage of different Crops of Cyclone (Chattrang) in the Month of October 2022,Sugarcane,Sugarcane,Bangladesh,5.0,0.0,5.0,5.0,0.25,10800.0,2.7,446
BBS Yearbook of Agricultural Statistics of Bangladesh 2025,Damage of different Crops Due to Flood Excessive Rainfall & Rush of Water in the Month of April to June 2022,Boro,Boro rice,Netrakona,446069.0,3198.5,16476.0,39.38,9687.11,2199.27,21304.53,447
BBS Yearbook of Agricultural Statistics of Bangladesh 2025,Damage of different Crops Due to Flood Excessive Rainfall & Rush of Water in the Month of April to June 2022,Boro,Boro rice,Bangladesh,446069.0,3198.5,16476.0,39.38,9687.11,2199.27,21304.53,447
BBS Yearbook of Agricultural Statistics of Bangladesh 2025,Damage of different Crops Due to Flood Excessive Rainfall & Rush of Water in the Month of April to June 2022,Aus,Aus rice,Habiganj,124760.0,897.0,17084.0,63.67,11773.75,1692.94,19932.22,447
BBS Yearbook of Agricultural Statistics of Bangladesh 2025,Damage of different Crops Due to Flood Excessive Rainfall & Rush of Water in the Month of April to June 2022,Aus,Aus rice,Maulvibazar,55206.0,8018.0,22668.0,47.62,18813.0,1240.72,23341.65,447
BBS Yearbook of Agricultural Statistics of Bangladesh 2025,Damage of different Crops Due to Flood Excessive Rainfall & Rush of Water in the Month of April to June 2022,Aus,Aus rice,Sunamganj,28779.0,9327.0,6228.0,25.87,10938.0,1032.73,11296.0,447
BBS Yearbook of Agricultural Statistics of Bangladesh 2025,Damage of different Crops Due to Flood Excessive Rainfall & Rush of Water in the Month of April to June 2022,Aus,Aus rice,Sylhet,122335.0,45244.0,29808.0,43.9,58329.0,1152.0,67194.76,447
BBS Yearbook of Agricultural Statistics of Bangladesh 2025,Damage of different Crops Due to Flood Excessive Rainfall & Rush of Water in the Month of August to September 2024-25,Aus,Aus rice,Noakhali,6938.0,2950.0,3690.0,82.82,5746.0,1038.0,5963.0,447
BBS Yearbook of Agricultural Statistics of Bangladesh 2025,Damage of different Crops Due to Flood Excessive Rainfall & Rush of Water in the Month of August to September 2024-25,Aus,Aus rice,Chittagong,50547.0,1207.0,13237.0,3.76,1900.0,1341.0,2549.0,447
BBS Yearbook of Agricultural Statistics of Bangladesh 2025,Damage of different Crops Due to Flood Excessive Rainfall & Rush of Water in the Month of August to September 2024-25,Aus,Aus rice,Rajshahi,625.0,235.0,235.0,72.08,451.0,1702.0,767.0,447
BBS Yearbook of Agricultural Statistics of Bangladesh 2025,Damage of different Crops Due to Flood Excessive Rainfall & Rush of Water in the Month of August to September 2024-25,Aus,Aus rice,Habiganj,98184.0,168.0,0.0,0.17,168.0,1428.0,240.0,447
BBS Yearbook of Agricultural Statistics of Bangladesh 2025,Damage of different Crops Due to Flood Excessive Rainfall & Rush of Water in the Month of August to September 2024-25,Aus,Aus rice,Maulvibazar,59666.0,548.0,4757.0,3.18,1897.0,1154.0,2188.0,447
BBS Yearbook of Agricultural Statistics of Bangladesh 2025,Damage of different Crops Due to Flood Excessive Rainfall & Rush of Water in the Month of August to September 2024-25,Aus,Aus rice,Sunamganj,595110.0,1885.0,802.0,0.32,1892.0,1175.0,2223.0,447
BBS Yearbook of Agricultural Statistics of Bangladesh 2025,Damage of different Crops Due to Flood Excessive Rainfall & Rush of Water in the Month of August to September 2024-25,Aus,Aus rice,Sylhet,37897.0,31155.0,0.0,82.21,31155.0,1433.0,44637.0,447
BBS Yearbook of Agricultural Statistics of Bangladesh 2025,Damage of different Crops Due to Flood Excessive Rainfall & Rush of Water in the Month of August to September 2024-25,Aus,Aus rice,Bangladesh,848967.0,38147.0,22721.0,5.09,43208.0,1355.0,58567.0,447
BBS Yearbook of Agricultural Statistics of Bangladesh 2025,Damage of different Crops Due to Flood Excessive Rainfall & Rush of Water in the Month of August to September 2024-25,Aman(Local+HYV+Hybrid),Aman rice,Noakhali,124204.0,22442.0,58203.0,44.01,54656.0,1616.0,88349.0,447
BBS Yearbook of Agricultural Statistics of Bangladesh 2025,Damage of different Crops Due to Flood Excessive Rainfall & Rush of Water in the Month of August to September 2024-25,Aman(Local+HYV+Hybrid),Aman rice,Chittagong,158654.0,23496.0,19310.0,17.3,27440.0,1872.0,51377.0,447
BBS Yearbook of Agricultural Statistics of Bangladesh 2025,Damage of different Crops Due to Flood Excessive Rainfall & Rush of Water in the Month of August to September 2024-25,Aman(Local+HYV+Hybrid),Aman rice,Brahamanbaria,15788.0,8612.0,0.0,54.55,8612.0,2170.0,18687.0,447
BBS Yearbook of Agricultural Statistics of Bangladesh 2025,Damage of different Crops Due to Flood Excessive Rainfall & Rush of Water in the Month of August to September 2024-25,Aman(Local+HYV+Hybrid),Aman rice,Khagrachhari,67634.0,3006.0,7418.0,7.59,5130.0,1661.0,8521.0,447
BBS Yearbook of Agricultural Statistics of Bangladesh 2025,Damage of different Crops Due to Flood Excessive Rainfall & Rush of Water in the Month of August to September 2024-25,Aman(Local+HYV+Hybrid),Aman rice,Comilla,35966.0,18766.0,8382.0,63.34,22781.0,1629.0,37117.0,447
BBS Yearbook of Agricultural Statistics of Bangladesh 2025,Damage of different Crops Due to Flood Excessive Rainfall & Rush of Water in the Month of August to September 2024-25,Aman(Local+HYV+Hybrid),Aman rice,Maulvibazar,199041.0,21020.0,36240.0,15.98,31807.0,1464.0,46580.0,447
BBS Yearbook of Agricultural Statistics of Bangladesh 2025,Damage of different Crops Due to Flood Excessive Rainfall & Rush of Water in the Month of August to September 2024-25,Aman(Local+HYV+Hybrid),Aman rice,Lakshmipur,27675.0,8838.0,18937.0,50.6,14003.0,1407.0,19704.0,447
BBS Yearbook of Agricultural Statistics of Bangladesh 2025,Damage of different Crops Due to Flood Excessive Rainfall & Rush of Water in the Month of August to September 2024-25,Aman(Local+HYV+Hybrid),Aman rice,Feni,74106.0,40049.0,29057.0,55.04,40788.0,1616.0,65900.0,448
BBS Yearbook of Agricultural Statistics of Bangladesh 2025,Damage of different Crops Due to Flood Excessive Rainfall & Rush of Water in the Month of August to September 2024-25,Aman(Local+HYV+Hybrid),Aman rice,Rangpur,73790.0,6.0,28.0,0.02,12.0,1952.0,24.0,448
BBS Yearbook of Agricultural Statistics of Bangladesh 2025,Damage of different Crops Due to Flood Excessive Rainfall & Rush of Water in the Month of August to September 2024-25,Aman(Local+HYV+Hybrid),Aman rice,Cox's Bazar,185551.0,0.0,2874.0,0.02,45.0,1703.0,76.0,448
BBS Yearbook of Agricultural Statistics of Bangladesh 2025,Damage of different Crops Due to Flood Excessive Rainfall & Rush of Water in the Month of August to September 2024-25,Aman(Local+HYV+Hybrid),Aman rice,Magura,146877.0,233.0,1385.0,0.36,524.0,1568.0,821.0,448
BBS Yearbook of Agricultural Statistics of Bangladesh 2025,Damage of different Crops Due to Flood Excessive Rainfall & Rush of Water in the Month of August to September 2024-25,Aman(Local+HYV+Hybrid),Aman rice,Mymensingh,245664.0,28191.0,57018.0,21.3,52317.0,1550.0,81091.0,448
BBS Yearbook of Agricultural Statistics of Bangladesh 2025,Damage of different Crops Due to Flood Excessive Rainfall & Rush of Water in the Month of August to September 2024-25,Aman(Local+HYV+Hybrid),Aman rice,Netrakona,317872.0,47819.0,34566.0,23.65,75167.0,1661.0,124852.0,448
BBS Yearbook of Agricultural Statistics of Bangladesh 2025,Damage of different Crops Due to Flood Excessive Rainfall & Rush of Water in the Month of August to September 2024-25,Aman(Local+HYV+Hybrid),Aman rice,Sherpur,229694.0,52426.0,47809.0,33.65,77286.0,1338.0,103382.3,448
BBS Yearbook of Agricultural Statistics of Bangladesh 2025,Damage of different Crops Due to Flood Excessive Rainfall & Rush of Water in the Month of August to September 2024-25,Aman(Local+HYV+Hybrid),Aman rice,Chandpur,45499.0,1917.0,5132.0,8.99,4089.0,1098.0,4488.0,448
BBS Yearbook of Agricultural Statistics of Bangladesh 2025,Damage of different Crops Due to Flood Excessive Rainfall & Rush of Water in the Month of August to September 2024-25,Aman(Local+HYV+Hybrid),Aman rice,Bangladesh,1354950.0,174660.0,238852.0,19.05,258114.0,1620.0,418247.0,448
BBS Yearbook of Agricultural Statistics of Bangladesh 2025,Damage of different Crops Due to Flood Excessive Rainfall & Rush of Water in the Month of August to September 2024-25,Aman Seedbed,Aman seedbed,Noakhali,124204.0,22442.0,58203.0,44.01,54656.0,1616.0,88349.0,448
BBS Yearbook of Agricultural Statistics of Bangladesh 2025,Damage of different Crops Due to Flood Excessive Rainfall & Rush of Water in the Month of August to September 2024-25,Aman Seedbed,Aman seedbed,Chittagong,34159.0,2839.0,8660.0,11.67,3987.0,1134.0,4523.0,448
BBS Yearbook of Agricultural Statistics of Bangladesh 2025,Damage of different Crops Due to Flood Excessive Rainfall & Rush of Water in the Month of August to September 2024-25,Aman Seedbed,Aman seedbed,Comilla,1410.0,705.0,196.0,58.65,827.0,1330.0,1100.0,448
BBS Yearbook of Agricultural Statistics of Bangladesh 2025,Damage of different Crops Due to Flood Excessive Rainfall & Rush of Water in the Month of August to September 2024-25,Aman Seedbed,Aman seedbed,Feni,15970.0,15298.0,14936.0,96.8,15459.0,1327.0,20515.0,448
BBS Yearbook of Agricultural Statistics of Bangladesh 2025,Damage of different Crops Due to Flood Excessive Rainfall & Rush of Water in the Month of August to September 2024-25,Aman Seedbed,Aman seedbed,Bangladesh,175743.0,41284.0,81994.0,41.0,74929.0,1528.0,114487.0,448
BBS Yearbook of Agricultural Statistics of Bangladesh 2025,Damage of different Crops Due to Flood Excessive Rainfall & Rush of Water in the Month of August to September 2024-25,Karolla (Bitter Gourd),Karolla (Bitter Gourd),Chittagong,122.0,37.0,28.0,30.0,37.0,4125.0,151.0,448
BBS Yearbook of Agricultural Statistics of Bangladesh 2025,Damage of different Crops Due to Flood Excessive Rainfall & Rush of Water in the Month of August to September 2024-25,Karolla (Bitter Gourd),Karolla (Bitter Gourd),Bangladesh,122.0,37.0,28.0,30.0,37.0,4125.0,151.0,448
BBS Yearbook of Agricultural Statistics of Bangladesh 2025,Damage of different Crops Due to Flood Excessive Rainfall & Rush of Water in the Month of August to September 2024-25,Kakrol (Sweet Bitter Gourd),Kakrol (Sweet Bitter Gourd),Chittagong,278.0,71.0,53.0,13.0,37.0,92033.0,3359.0,448
BBS Yearbook of Agricultural Statistics of Bangladesh 2025,Damage of different Crops Due to Flood Excessive Rainfall & Rush of Water in the Month of August to September 2024-25,Kakrol (Sweet Bitter Gourd),Kakrol (Sweet Bitter Gourd),Bangladesh,278.0,71.0,53.0,13.0,37.0,92033.0,3359.0,448
BBS Yearbook of Agricultural Statistics of Bangladesh 2025,Damage of different Crops Due to Flood Excessive Rainfall & Rush of Water in the Month of August to September 2024-25,Ash Gourd (Chalkumra),Ash Gourd (Chalkumra),Chittagong,286.0,42.0,122.0,13.0,37.0,8111.0,296.0,448
BBS Yearbook of Agricultural Statistics of Bangladesh 2025,Damage of different Crops Due to Flood Excessive Rainfall & Rush of Water in the Month of August to September 2024-25,Ash Gourd (Chalkumra),Ash Gourd (Chalkumra),Bangladesh,286.0,42.0,122.0,13.0,37.0,8111.0,296.0,448
BBS Yearbook of Agricultural Statistics of Bangladesh 2025,Damage of different Crops Due to Flood Excessive Rainfall & Rush of Water in the Month of August to September 2024-25,Snake Gourd (Chichianga),Snake Gourd (Chichianga),Chittagong,762.0,73.0,316.0,20.0,152.93,3819.0,584.0,448
BBS Yearbook of Agricultural Statistics of Bangladesh 2025,Damage of different Crops Due to Flood Excessive Rainfall & Rush of Water in the Month of August to September 2024-25,Snake Gourd (Chichianga),Snake Gourd (Chichianga),Bangladesh,762.0,73.0,316.0,20.0,152.93,3819.0,584.0,448
BBS Yearbook of Agricultural Statistics of Bangladesh 2025,Damage of different Crops Due to Flood Excessive Rainfall & Rush of Water in the Month of August to September 2024-25,Ridge Gourd (Jhinga),Ridge Gourd (Jhinga),Chittagong,291.0,109.0,64.0,60.0,175.0,3106.0,544.0,448
BBS Yearbook of Agricultural Statistics of Bangladesh 2025,Damage of different Crops Due to Flood Excessive Rainfall & Rush of Water in the Month of August to September 2024-25,Ridge Gourd (Jhinga),Ridge Gourd (Jhinga),Bangladesh,291.0,109.0,64.0,60.0,175.0,3106.0,544.0,448
BBS Yearbook of Agricultural Statistics of Bangladesh 2025,Damage of different Crops Due to Flood Excessive Rainfall & Rush of Water in the Month of August to September 2024-25,Lady’s Finger,Lady’s Finger,Chittagong,285.0,96.0,60.0,45.0,129.0,2650.0,341.0,448
BBS Yearbook of Agricultural Statistics of Bangladesh 2025,Damage of different Crops Due to Flood Excessive Rainfall & Rush of Water in the Month of August to September 2024-25,Lady’s Finger,Lady’s Finger,Bangladesh,285.0,96.0,60.0,45.0,129.0,2650.0,341.0,448
BBS Yearbook of Agricultural Statistics of Bangladesh 2025,Damage of different Crops Due to Flood Excessive Rainfall & Rush of Water in the Month of August to September 2024-25,Sponge Gourd (Dhundul),Sponge Gourd (Dhundul),Chittagong,243.0,60.0,45.0,36.0,88.0,2976.0,262.0,448
BBS Yearbook of Agricultural Statistics of Bangladesh 2025,Damage of different Crops Due to Flood Excessive Rainfall & Rush of Water in the Month of August to September 2024-25,Sponge Gourd (Dhundul),Sponge Gourd (Dhundul),Bangladesh,243.0,60.0,45.0,36.0,88.0,2976.0,262.0,448
BBS Yearbook of Agricultural Statistics of Bangladesh 2025,Damage of different Crops Due to Flood Excessive Rainfall & Rush of Water in the Month of August to September 2024-25,Panikachu (Water Arum),Panikachu (Water Arum),Chittagong,89.0,9.0,13.0,18.31,16.0,5472.0,89.19,448
BBS Yearbook of Agricultural Statistics of Bangladesh 2025,Damage of different Crops Due to Flood Excessive Rainfall & Rush of Water in the Month of August to September 2024-25,Panikachu (Water Arum),Panikachu (Water Arum),Bangladesh,89.0,9.0,13.0,18.31,16.0,5472.0,89.19,448
BBS Yearbook of Agricultural Statistics of Bangladesh 2025,Damage of different Crops Due to Flood Excessive Rainfall & Rush of Water in the Month of August to September 2024-25,Indian Spinach ( Puishak),Indian Spinach ( Puishak),Chittagong,56.0,4.0,7.0,13.21,7.0,2310.0,17.0,448
BBS Yearbook of Agricultural Statistics of Bangladesh 2025,Damage of different Crops Due to Flood Excessive Rainfall & Rush of Water in the Month of August to September 2024-25,Indian Spinach ( Puishak),Indian Spinach ( Puishak),Bangladesh,56.0,4.0,7.0,13.21,7.0,2310.0,17.0,448
BBS Yearbook of Agricultural Statistics of Bangladesh 2025,Damage of different Crops Due to Flood Excessive Rainfall & Rush of Water in the Month of August to September 2024-25,Green Papaya (Kacha papa),Green Papaya (Kacha papa),Chittagong,71.0,31.0,19.0,66.2,47.0,2766.0,130.0,448
BBS Yearbook of Agricultural Statistics of Bangladesh 2025,Damage of different Crops Due to Flood Excessive Rainfall & Rush of Water in the Month of August to September 2024-25,Green Papaya (Kacha papa),Green Papaya (Kacha papa),Magura,24.0,0.0,3.0,2.63,1.0,19000.0,12.0,449
BBS Yearbook of Agricultural Statistics of Bangladesh 2025,Damage of different Crops Due to Flood Excessive Rainfall & Rush of Water in the Month of August to September 2024-25,Green Papaya (Kacha papa),Green Papaya (Kacha papa),Bangladesh,95.0,31.0,22.0,69.0,48.0,2981.0,142.0,449
BBS Yearbook of Agricultural Statistics of Bangladesh 2025,Damage of different Crops Due to Flood Excessive Rainfall & Rush of Water in the Month of August to September 2024-25,Long Bean (Barbati),Long Bean (Barbati),Chittagong,234.0,69.0,45.0,43.62,102.0,3464.0,354.0,449
BBS Yearbook of Agricultural Statistics of Bangladesh 2025,Damage of different Crops Due to Flood Excessive Rainfall & Rush of Water in the Month of August to September 2024-25,Long Bean (Barbati),Long Bean (Barbati),Bangladesh,234.0,69.0,45.0,43.62,102.0,3464.0,354.0,449
BBS Yearbook of Agricultural Statistics of Bangladesh 2025,Damage of different Crops Due to Flood Excessive Rainfall & Rush of Water in the Month of August to September 2024-25,Brinjal (Eggplant),Brinjal (Eggplant),Chittagong,99.0,17.0,29.0,27.0,27.0,333.0,9.0,449
BBS Yearbook of Agricultural Statistics of Bangladesh 2025,Damage of different Crops Due to Flood Excessive Rainfall & Rush of Water in the Month of August to September 2024-25,Brinjal (Eggplant),Brinjal (Eggplant),Magura,155.0,4.0,32.0,7.0,11.0,4440.0,48.0,449
BBS Yearbook of Agricultural Statistics of Bangladesh 2025,Damage of different Crops Due to Flood Excessive Rainfall & Rush of Water in the Month of August to September 2024-25,Brinjal (Eggplant),Brinjal (Eggplant),Rangpur,46.0,1.0,2.0,4.0,2.0,1650.0,3.0,449
BBS Yearbook of Agricultural Statistics of Bangladesh 2025,Damage of different Crops Due to Flood Excessive Rainfall & Rush of Water in the Month of August to September 2024-25,Brinjal (Eggplant),Brinjal (Eggplant),Bangladesh,300.0,22.0,63.0,13.0,40.0,1511.0,60.0,449
BBS Yearbook of Agricultural Statistics of Bangladesh 2025,Damage of different Crops Due to Flood Excessive Rainfall & Rush of Water in the Month of August to September 2024-25,Mukhikachu (Bulbous root of arum),Mukhikachu (Bulbous root of arum),Chittagong,50.0,6.0,6.25,17.36,9.0,2520.0,22.0,449
BBS Yearbook of Agricultural Statistics of Bangladesh 2025,Damage of different Crops Due to Flood Excessive Rainfall & Rush of Water in the Month of August to September 2024-25,Mukhikachu (Bulbous root of arum),Mukhikachu (Bulbous root of arum),Bangladesh,50.0,6.0,6.25,17.36,9.0,2520.0,22.0,449
BBS Yearbook of Agricultural Statistics of Bangladesh 2025,Damage of different Crops Due to Flood Excessive Rainfall & Rush of Water in the Month of August to September 2024-25,Cucumber,Cucumber,Chittagong,491.0,92.0,173.0,31.73,156.0,3742.0,583.0,449
BBS Yearbook of Agricultural Statistics of Bangladesh 2025,Damage of different Crops Due to Flood Excessive Rainfall & Rush of Water in the Month of August to September 2024-25,Cucumber,Cucumber,Bangladesh,491.0,92.0,173.0,31.73,156.0,3742.0,583.0,449
BBS Yearbook of Agricultural Statistics of Bangladesh 2025,Damage of different Crops Due to Flood Excessive Rainfall & Rush of Water in the Month of August to September 2024-25,Chili,Chili,Magura,590.0,39.0,75.0,9.34,55.0,1792.0,99.0,449
BBS Yearbook of Agricultural Statistics of Bangladesh 2025,Damage of different Crops Due to Flood Excessive Rainfall & Rush of Water in the Month of August to September 2024-25,Chili,Chili,Rangpur,360.0,2.0,3.0,1.0,4.0,2337.0,10.0,449
BBS Yearbook of Agricultural Statistics of Bangladesh 2025,Damage of different Crops Due to Flood Excessive Rainfall & Rush of Water in the Month of August to September 2024-25,Chili,Chili,Bangladesh,950.0,41.0,78.0,6.0,60.0,1833.0,109.0,449
