source,table,market,year,serial,item,item_full,measurement,unit,jan,feb,mar,apr,may,jun,jul,aug,sep,oct,nov,dec,average_printed,suspect_months,note,page
BBS Yearbook of Agricultural Statistics of Bangladesh 2025,10.1,wholesale,2024,1,Paddy Aman Fine,Paddy Aman Fine,,Tk per quintal,3497.0,3630.0,3597.0,3528.0,3490.0,3283.0,3272.0,3238.0,3425.0,3412.0,3220.0,3172.0,3397.0,,,616
BBS Yearbook of Agricultural Statistics of Bangladesh 2025,10.1,wholesale,2024,2,",, Medium",Paddy Aman Medium,,Tk per quintal,3145.0,3197.0,3160.0,3138.0,3044.0,2978.0,2916.0,2873.0,3001.0,3056.0,2870.0,2878.0,3021.0,,,616
BBS Yearbook of Agricultural Statistics of Bangladesh 2025,10.1,wholesale,2024,3,",, Coarse",Paddy Aman Coarse,,Tk per quintal,2829.0,2914.0,2914.0,2925.0,2834.0,2759.0,2657.0,2664.0,2934.0,2739.0,2702.0,2679.0,2796.0,,,616
BBS Yearbook of Agricultural Statistics of Bangladesh 2025,10.1,wholesale,2024,4,",, Pajam",Paddy Aman Pajam,,Tk per quintal,3954.0,4038.0,3923.0,3942.0,3206.0,,,,,,2728.0,2979.0,3539.0,,,616
BBS Yearbook of Agricultural Statistics of Bangladesh 2025,10.1,wholesale,2024,5,‘’ shugandhi,Paddy Aman shugandhi,,Tk per quintal,5613.0,6092.0,6319.0,6548.0,6514.0,5650.0,5700.0,5700.0,,,,4376.0,5835.0,,,616
BBS Yearbook of Agricultural Statistics of Bangladesh 2025,10.1,wholesale,2024,6,Paddy Aus medium,Paddy Aus medium,,Tk per quintal,,,,,,,,2297.0,2858.0,2858.0,2981.0,3520.0,2903.0,,,616
BBS Yearbook of Agricultural Statistics of Bangladesh 2025,10.1,wholesale,2024,7,",, coarse",Paddy Aus coarse,,Tk per quintal,3031.0,2969.0,3055.0,300.0,,,,2277.0,2422.0,2516.0,2648.0,2703.0,2736.0,apr,,616
BBS Yearbook of Agricultural Statistics of Bangladesh 2025,10.1,wholesale,2024,8,",, Pajam",Paddy Aus Pajam,,Tk per quintal,2775.0,2850.0,,,,,,,2525.0,2525.0,2700.0,2700.0,2679.0,,,616
BBS Yearbook of Agricultural Statistics of Bangladesh 2025,10.1,wholesale,2024,9,Paddy Boro fine,Paddy Boro fine,,Tk per quintal,3854.0,3838.0,3778.0,3391.0,3072.0,3089.0,3115.0,3138.0,3233.0,3286.0,3404.0,3402.0,3383.0,,,616
BBS Yearbook of Agricultural Statistics of Bangladesh 2025,10.1,wholesale,2024,10,medium,Paddy Boro medium,,Tk per quintal,3370.0,3387.0,3306.0,2996.0,2744.0,2788.0,2834.0,2877.0,2913.0,2980.0,3124.0,3114.0,3036.0,,,616
BBS Yearbook of Agricultural Statistics of Bangladesh 2025,10.1,wholesale,2024,11,‘’ coarse,Paddy Boro coarse,,Tk per quintal,2922.0,2927.0,2902.0,2679.0,2452.0,2499.0,2595.0,2658.0,2696.0,2745.0,2848.0,2890.0,2734.0,,,616
BBS Yearbook of Agricultural Statistics of Bangladesh 2025,10.1,wholesale,2024,12,",, pajam",Paddy Boro pajam,,Tk per quintal,,,,,,,,,,,,6100.0,6100.0,,,616
BBS Yearbook of Agricultural Statistics of Bangladesh 2025,10.1,wholesale,2024,13,Rice Aman fine,Rice Aman fine,,Tk per quintal,6839.0,6849.0,6802.0,6813.0,6780.0,6641.0,6588.0,6626.0,6607.0,6571.0,6543.0,6403.0,6672.0,,,616
BBS Yearbook of Agricultural Statistics of Bangladesh 2025,10.1,wholesale,2024,14,",, medium",Rice Aman medium,,Tk per quintal,5244.0,5243.0,5239.0,5222.0,5197.0,5180.0,5164.0,5181.0,5113.0,5136.0,5108.0,4972.0,5167.0,,,616
BBS Yearbook of Agricultural Statistics of Bangladesh 2025,10.1,wholesale,2024,15,",, coarse",Rice Aman coarse,,Tk per quintal,4431.0,4453.0,4463.0,4447.0,4450.0,4460.0,4488.0,4500.0,445.0,4469.0,4484.0,4359.0,4454.0,sep,,616
BBS Yearbook of Agricultural Statistics of Bangladesh 2025,10.1,wholesale,2024,16,",, Pajam",Rice Aman Pajam,,Tk per quintal,5834.0,5742.0,6110.0,6075.0,6221.0,6189.0,6199.0,5823.0,5613.0,5519.0,5763.0,5745.0,5903.0,,,616
BBS Yearbook of Agricultural Statistics of Bangladesh 2025,10.1,wholesale,2024,17,Rice Aus medium,Rice Aus medium,,Tk per quintal,5350.0,5350.0,5350.0,5525.0,5525.0,5350.0,5350.0,4025.0,5225.0,4444.0,4680.0,5131.0,5109.0,,,616
BBS Yearbook of Agricultural Statistics of Bangladesh 2025,10.1,wholesale,2024,18,",, coarse",Rice Aus coarse,,Tk per quintal,4050.0,4100.0,4150.0,4350.0,4313.0,4150.0,4150.0,4250.0,4200.0,3923.0,4162.0,4523.0,4193.0,,,616
BBS Yearbook of Agricultural Statistics of Bangladesh 2025,10.1,wholesale,2024,19,‘’ Pajam,Rice Aus Pajam,,Tk per quintal,7050.0,7050.0,7080.0,7100.0,7100.0,7100.0,7100.0,7020.0,6900.0,6850.0,6800.0,4625.0,6815.0,,,616
BBS Yearbook of Agricultural Statistics of Bangladesh 2025,10.1,wholesale,2024,20,Rice boro fine,Rice boro fine,,Tk per quintal,6752.0,3830.0,6741.0,6750.0,6521.0,6382.0,6311.0,6390.0,6397.0,6210.0,6246.0,6273.0,6484.0,,,616
BBS Yearbook of Agricultural Statistics of Bangladesh 2025,10.1,wholesale,2024,21,",, Medium",Rice boro Medium,,Tk per quintal,5526.0,5549.0,5510.0,5200.0,5248.0,5179.0,5151.0,5149.0,5201.0,5129.0,5201.0,5208.0,5271.0,,,616
BBS Yearbook of Agricultural Statistics of Bangladesh 2025,10.1,wholesale,2024,22,",, coarse",Rice boro coarse,,Tk per quintal,4449.0,4497.0,4457.0,4458.0,4358.0,4332.0,4468.0,4334.0,4395.0,4364.0,4485.0,4505.0,4425.0,,,616
BBS Yearbook of Agricultural Statistics of Bangladesh 2025,10.1,wholesale,2024,23,",, pajam",Rice boro pajam,,Tk per quintal,5650.0,5670.0,5712.0,5717.0,5578.0,5454.0,5254.0,5040.0,5022.0,5000.0,5081.0,5022.0,3491.0,,,616
BBS Yearbook of Agricultural Statistics of Bangladesh 2025,10.1,wholesale,2024,24,Rice OMS course,Rice OMS course,,Tk per quintal,3525.0,3528.0,3525.0,3525.0,3525.0,3488.0,3450.0,3450.0,3456.0,3456.0,3481.0,3479.0,3490.0,,,616
BBS Yearbook of Agricultural Statistics of Bangladesh 2025,10.1,wholesale,2024,25,Aromatic rice Chinigura,Aromatic rice Chinigura,,Tk per quintal,11641.0,11891.0,12079.0,12180.0,12122.0,12080.0,12065.0,12673.0,12613.0,11970.0,11984.0,12090.0,11367.0,,,616
BBS Yearbook of Agricultural Statistics of Bangladesh 2025,10.1,wholesale,2024,26,“ Kalojira,Aromatic Kalojira,,Tk per quintal,10796.0,11104.0,11026.0,11318.0,11168.0,11330.0,12929.0,11615.0,11445.0,11719.0,11085.0,10873.0,11055.0,,,616
BBS Yearbook of Agricultural Statistics of Bangladesh 2025,10.1,wholesale,2024,27,“ kataribhog,Aromatic kataribhog,,Tk per quintal,8530.0,9104.0,9035.0,9100.0,8643.0,8569.0,8490.0,8380.0,8312.0,8203.0,8118.0,8135.0,4447.0,,,616
BBS Yearbook of Agricultural Statistics of Bangladesh 2025,10.1,wholesale,2024,28,Wheat local red,Wheat local red,,Tk per quintal,4931.0,4936.0,4775.0,4687.0,4670.0,4467.0,4321.0,4236.0,4280.0,4187.0,3916.0,3958.0,4433.0,,,616
BBS Yearbook of Agricultural Statistics of Bangladesh 2025,10.1,wholesale,2024,29,",, white",Wheat white,,Tk per quintal,5092.0,5066.0,4844.0,4650.0,4609.0,4391.0,4227.0,4106.0,4197.0,3948.0,4017.0,4054.0,4449.0,,,616
BBS Yearbook of Agricultural Statistics of Bangladesh 2025,10.1,wholesale,2024,30,Imported red,Imported red,,Tk per quintal,4941.0,4948.0,4921.0,4820.0,4761.0,4458.0,4252.0,4150.0,4214.0,3941.0,3983.0,4004.0,4589.0,,,616
BBS Yearbook of Agricultural Statistics of Bangladesh 2025,10.1,wholesale,2024,31,",, white",Imported white,,Tk per quintal,5497.0,4999.0,5108.0,5032.0,4941.0,4509.0,4340.0,4151.0,4232.0,4036.0,4099.0,4149.0,4798.0,,,616
BBS Yearbook of Agricultural Statistics of Bangladesh 2025,10.1,wholesale,2024,32,Ata loose,Ata loose,,Tk per quintal,5532.0,5471.0,5475.0,5354.0,5187.0,4768.0,4537.0,4333.0,4350.0,4220.0,4130.0,4215.0,5670.0,,,616
BBS Yearbook of Agricultural Statistics of Bangladesh 2025,10.1,wholesale,2024,33,",, Packet",Ata Packet,,Tk per quintal,6337.0,6245.0,6240.0,6188.0,6084.0,5889.0,5654.0,5365.0,5148.0,4917.0,4926.0,5046.0,5749.0,,,616
BBS Yearbook of Agricultural Statistics of Bangladesh 2025,10.1,wholesale,2024,34,flour loose,Ata flour loose,,Tk per quintal,6224.0,6180.0,6134.0,6071.0,5924.0,5742.0,5581.0,5486.0,5414.0,5333.0,5393.0,5504.0,6737.0,,,616
BBS Yearbook of Agricultural Statistics of Bangladesh 2025,10.1,wholesale,2024,35,",, packet",Ata packet,,Tk per quintal,7203.0,7203.0,7129.0,7088.0,7014.0,6929.0,6758.0,6491.0,6348.0,6167.0,6171.0,6339.0,3140.0,,,616
BBS Yearbook of Agricultural Statistics of Bangladesh 2025,10.1,wholesale,2024,36,Maize -,Maize -,,Tk per quintal,3794.0,3759.0,3682.0,3312.0,2723.0,2613.0,2670.0,2819.0,2986.0,3043.0,2955.0,3331.0,11457.0,,,616
BBS Yearbook of Agricultural Statistics of Bangladesh 2025,10.1,wholesale,2024,37,Kalai Black gram (mashkalai),Kalai Black gram (mashkalai),,Tk per quintal,9810.0,10047.0,10292.0,10608.0,10966.0,11154.0,11575.0,12136.0,12470.0,12666.0,13073.0,12684.0,10982.0,,,616
BBS Yearbook of Agricultural Statistics of Bangladesh 2025,10.1,wholesale,2024,38,",, Lemtil (mashur)",Kalai Lemtil (mashur),,Tk per quintal,9115.0,9114.0,8899.0,8459.0,8489.0,8388.0,8396.0,8377.0,8660.0,9301.0,9443.0,9411.0,8959.0,,,616
BBS Yearbook of Agricultural Statistics of Bangladesh 2025,10.1,wholesale,2024,39,",, Green gram (Mug)",Kalai Green gram (Mug),,Tk per quintal,9527.0,9209.0,9102.0,8692.0,8508.0,8258.0,8404.0,8437.0,8115.0,8861.0,9799.0,10598.0,7832.0,,,616
BBS Yearbook of Agricultural Statistics of Bangladesh 2025,10.1,wholesale,2024,40,",, Chickpea (Chola)",Kalai Chickpea (Chola),,Tk per quintal,7691.0,8082.0,8520.0,7966.0,7739.0,7603.0,7519.0,7425.0,7516.0,7658.0,7949.0,8321.0,6747.0,,,616
BBS Yearbook of Agricultural Statistics of Bangladesh 2025,10.1,wholesale,2024,41,",, Pea (Motor) local",Kalai Pea (Motor) local,,Tk per quintal,6332.0,7320.0,7202.0,7112.0,6980.0,6270.0,6142.0,6175.0,6631.0,6871.0,6987.0,6942.0,6747.0,,,616
BBS Yearbook of Agricultural Statistics of Bangladesh 2025,10.1,wholesale,2024,42,",, Pea (Motor) foreign (Dabri)",Kalai Pea (Motor) foreign (Dabri),,Tk per quintal,6060.0,6089.0,6084.0,6033.0,5958.0,5853.0,5733.0,5583.0,5650.0,5685.0,5680.0,5632.0,5837.0,,,616
BBS Yearbook of Agricultural Statistics of Bangladesh 2025,10.1,wholesale,2024,43,",, Grass pea (Kheshari)",Kalai Grass pea (Kheshari),,Tk per quintal,5807.0,5796.0,5650.0,5601.0,5793.0,5719.0,5699.0,5726.0,5935.0,6225.0,6362.0,6695.0,5917.0,,,617
BBS Yearbook of Agricultural Statistics of Bangladesh 2025,10.1,wholesale,2024,44,Dal Black gram (Mashkalai) gota,Dal Black gram (Mashkalai) gota,,Tk per quintal,11653.0,11676.0,11762.0,12076.0,12016.0,12307.0,13139.0,13506.0,14018.0,14218.0,14110.0,14622.0,13244.0,,,617
BBS Yearbook of Agricultural Statistics of Bangladesh 2025,10.1,wholesale,2024,45,",, Broken",Dal Broken,,Tk per quintal,12405.0,12591.0,12757.0,12817.0,13119.0,13731.0,14628.0,14975.0,15081.0,15113.0,15734.0,15661.0,12246.0,,,617
BBS Yearbook of Agricultural Statistics of Bangladesh 2025,10.1,wholesale,2024,46,",, Lentil (Mashur) local  gota",Dal Lentil (Mashur) local gota,,Tk per quintal,12320.0,12279.0,12287.0,12312.0,12274.0,12191.0,12062.0,12001.0,12122.0,12218.0,12394.0,12491.0,10773.0,,,617
BBS Yearbook of Agricultural Statistics of Bangladesh 2025,10.1,wholesale,2024,47,",, Lentil (Mashur)  broken",Dal Lentil (Mashur) broken,,Tk per quintal,13498.0,9679.0,12006.0,11967.0,9649.0,10439.0,9711.0,9655.0,9785.0,9852.0,10955.0,12077.0,10242.0,,,617
BBS Yearbook of Agricultural Statistics of Bangladesh 2025,10.1,wholesale,2024,48,",, Lentil (Mashur)  foreign",Dal Lentil (Mashur) foreign,,Tk per quintal,10350.0,10123.0,10119.0,9928.0,9910.0,10697.0,10065.0,9831.0,10179.0,10345.0,10643.0,10712.0,11602.0,,,617
BBS Yearbook of Agricultural Statistics of Bangladesh 2025,10.1,wholesale,2024,49,",, Green Gram (Mug)  local",Dal Green Gram (Mug) local,,Tk per quintal,11588.0,11612.0,11604.0,11460.0,11342.0,11743.0,11241.0,11170.0,11342.0,11507.0,12051.0,12563.0,8169.0,,,617
BBS Yearbook of Agricultural Statistics of Bangladesh 2025,10.1,wholesale,2024,50,",, Chickpea (Chola)  gota",Dal Chickpea (Chola) gota,,Tk per quintal,7850.0,8205.0,8402.0,8388.0,8248.0,8155.0,7976.0,7882.0,7900.0,8050.0,8328.0,8642.0,8583.0,,,617
BBS Yearbook of Agricultural Statistics of Bangladesh 2025,10.1,wholesale,2024,51,",, Chickpea (Chola)  broken",Dal Chickpea (Chola) broken,,Tk per quintal,8069.0,8263.0,8383.0,8329.0,8210.0,8150.0,7991.0,7938.0,8051.0,8246.0,8413.0,8770.0,6180.0,,,617
BBS Yearbook of Agricultural Statistics of Bangladesh 2025,10.1,wholesale,2024,52,",, Pea (Motor) local",Dal Pea (Motor) local,,Tk per quintal,9201.0,9200.0,8825.0,8535.0,8447.0,8455.0,8186.0,7986.0,8022.0,8373.0,8870.0,8890.0,7381.0,,,617
BBS Yearbook of Agricultural Statistics of Bangladesh 2025,10.1,wholesale,2024,53,",, Pea (Motor) foreign",Dal Pea (Motor) foreign,,Tk per quintal,6228.0,6610.0,6345.0,7712.0,6205.0,6158.0,6018.0,5773.0,5780.0,5774.0,5786.0,5781.0,8401.0,,,617
BBS Yearbook of Agricultural Statistics of Bangladesh 2025,10.1,wholesale,2024,54,",, Grass pea (Kheshari)",Dal Grass pea (Kheshari),,Tk per quintal,7141.0,7312.0,7360.0,7237.0,7132.0,7049.0,7032.0,7032.0,7391.0,7584.0,7957.0,8340.0,11929.0,,,617
BBS Yearbook of Agricultural Statistics of Bangladesh 2025,10.1,wholesale,2024,55,Oil seed Mustard,Oil seed Mustard,,Tk per quintal,9184.0,8723.0,8027.0,8311.0,8336.0,8297.0,8199.0,8158.0,8496.0,8247.0,8428.0,8412.0,10713.0,,,617
BBS Yearbook of Agricultural Statistics of Bangladesh 2025,10.1,wholesale,2024,56,",, Tishi",Oil Tishi,,Tk per quintal,11150.0,11272.0,11250.0,11209.0,11716.0,11331.0,10994.0,11418.0,11300.0,12225.0,14614.0,14666.0,13350.0,,,617
BBS Yearbook of Agricultural Statistics of Bangladesh 2025,10.1,wholesale,2024,57,",, Till",Oil Till,,Tk per quintal,10010.0,9806.0,10607.0,9893.0,1141.0,10651.0,9830.0,10031.0,9522.0,10803.0,13296.0,12698.0,20975.0,may,,617
BBS Yearbook of Agricultural Statistics of Bangladesh 2025,10.1,wholesale,2024,58,",, Nut",Oil Nut,,Tk per quintal,12723.0,12968.0,13528.0,14061.0,13497.0,13360.0,13628.0,13009.0,13290.0,13358.0,13341.0,13433.0,16146.0,,,617
BBS Yearbook of Agricultural Statistics of Bangladesh 2025,10.1,wholesale,2024,59,Oil Mustard loose,Oil Mustard loose,,Tk per quintal,22010.0,21900.0,21724.0,21831.0,21502.0,21186.0,21020.0,20667.0,20289.0,20078.0,19820.0,19705.0,12409.0,,,617
BBS Yearbook of Agricultural Statistics of Bangladesh 2025,10.1,wholesale,2024,60,",, Soyabeen",Oil Soyabeen,,Tk per quintal,16735.0,16475.0,16705.0,16458.0,17005.0,16642.0,16280.0,15929.0,15572.0,15269.0,15299.0,15381.0,15463.0,,,617
BBS Yearbook of Agricultural Statistics of Bangladesh 2025,10.1,wholesale,2024,61,",, Pulm",Oil Pulm,,Tk per quintal,11969.0,12033.0,12370.0,12439.0,13047.0,12783.0,12622.0,12492.0,12375.0,12189.0,12239.0,12350.0,66244.0,,,617
BBS Yearbook of Agricultural Statistics of Bangladesh 2025,10.1,wholesale,2024,62,“ Ghee (dalda),Oil Ghee (dalda),,Tk per quintal,15198.0,15613.0,15511.0,15397.0,15612.0,15472.0,15595.0,15508.0,15334.0,15414.0,15308.0,15590.0,7381.0,,,617
BBS Yearbook of Agricultural Statistics of Bangladesh 2025,10.1,wholesale,2024,63,",, Butter oil",Oil Butter oil,,Tk per quintal,49127.0,33399.0,68250.0,68250.0,68250.0,68250.0,73875.0,49417.0,49417.0,76875.0,77725.0,112000.0,66244.0,,,617
BBS Yearbook of Agricultural Statistics of Bangladesh 2025,10.1,wholesale,2024,64,",, Coconut local loose",Oil Coconut local loose,,Tk per quintal,33464.0,33587.0,33741.0,32709.0,33687.0,33672.0,33833.0,33249.0,33221.0,33454.0,33365.0,33837.0,33485.0,,,617
BBS Yearbook of Agricultural Statistics of Bangladesh 2025,10.1,wholesale,2024,65,khail Mustard,Oil khail Mustard,,Tk per quintal,4215.0,4478.0,4377.0,4418.0,4623.0,4518.0,4458.0,4495.0,4596.0,4647.0,4643.0,4671.0,4526.0,,,617
BBS Yearbook of Agricultural Statistics of Bangladesh 2025,10.1,wholesale,2024,66,",, Till",Oil Till,,Tk per quintal,4025.0,4220.0,4228.0,4225.0,7180.0,4219.0,4566.0,4925.0,4940.0,4775.0,4867.0,4908.0,4772.0,,,617
BBS Yearbook of Agricultural Statistics of Bangladesh 2025,10.1,wholesale,2024,67,",, Others",Oil Others,,Tk per quintal,2839.0,9456.0,4658.0,4783.0,7666.0,4783.0,5875.0,4707.0,4870.0,4725.0,4945.0,5050.0,5365.0,,,617
BBS Yearbook of Agricultural Statistics of Bangladesh 2025,10.1,wholesale,2024,68,Spice Onion local,Spice Onion local,,Tk per quintal,3175.0,2842.0,2739.0,6420.0,3265.0,6669.0,4708.0,6665.0,6858.0,7997.0,10644.0,9952.0,6064.0,,,617
BBS Yearbook of Agricultural Statistics of Bangladesh 2025,10.1,wholesale,2024,69,",, Onion imported",Spice Onion imported,,Tk per quintal,8217.0,3392.0,2905.0,5297.0,3329.0,3797.0,3592.0,4866.0,5585.0,6776.0,9277.0,11135.0,5261.0,,,617
BBS Yearbook of Agricultural Statistics of Bangladesh 2025,10.1,wholesale,2024,70,",, Garlic local",Spice Garlic local,,Tk per quintal,14169.0,9908.0,8596.0,12267.0,9045.0,11987.0,14485.0,19095.0,19076.0,18495.0,18524.0,20791.0,14208.0,,,617
BBS Yearbook of Agricultural Statistics of Bangladesh 2025,10.1,wholesale,2024,71,",, Garlic imported",Spice Garlic imported,,Tk per quintal,36079.0,15067.0,12969.0,13339.0,12194.0,13499.0,17018.0,19612.0,18704.0,17099.0,16714.0,18947.0,15778.0,,,617
BBS Yearbook of Agricultural Statistics of Bangladesh 2025,10.1,wholesale,2024,72,",, Chilli dried",Spice Chilli dried,,Tk per quintal,7404.0,35377.0,37123.0,37592.0,38024.0,37281.0,38646.0,39335.0,38921.0,38928.0,38954.0,38974.0,37936.0,jan,,617
BBS Yearbook of Agricultural Statistics of Bangladesh 2025,10.1,wholesale,2024,73,",, Green chilli",Spice Green chilli,,Tk per quintal,8769.0,8999.0,7660.0,9466.0,5698.0,14053.0,22685.0,15071.0,10665.0,15123.0,9136.0,6241.0,11017.0,,,617
BBS Yearbook of Agricultural Statistics of Bangladesh 2025,10.1,wholesale,2024,74,",, Ginger local",Spice Ginger local,,Tk per quintal,10078.0,9149.0,9988.0,19603.0,12620.0,26640.0,26009.0,20732.0,21096.0,19517.0,19108.0,18649.0,17657.0,,,617
BBS Yearbook of Agricultural Statistics of Bangladesh 2025,10.1,wholesale,2024,75,",, Ginger imported",Spice Ginger imported,,Tk per quintal,13018.0,9925.0,10754.0,21586.0,13924.0,25847.0,21212.0,16329.0,18526.0,19131.0,19017.0,18557.0,17074.0,,,617
BBS Yearbook of Agricultural Statistics of Bangladesh 2025,10.1,wholesale,2024,76,",, Turmeric round",Spice Turmeric round,,Tk per quintal,14215.0,12140.0,13539.0,13645.0,13519.0,13807.0,14641.0,16487.0,17683.0,18149.0,18769.0,19220.0,15385.0,,,617
BBS Yearbook of Agricultural Statistics of Bangladesh 2025,10.1,wholesale,2024,77,",, Turmeric long",Spice Turmeric long,,Tk per quintal,11111.0,14054.0,14796.0,15157.0,14787.0,15195.0,15647.0,16623.0,18202.0,18837.0,19400.0,19879.0,16399.0,,,617
BBS Yearbook of Agricultural Statistics of Bangladesh 2025,10.1,wholesale,2024,78,",, Coriander old",Spice Coriander old,,Tk per quintal,10649.0,11404.0,11580.0,14014.0,12074.0,15861.0,16417.0,16788.0,17200.0,17809.0,17892.0,18718.0,15073.0,,,617
BBS Yearbook of Agricultural Statistics of Bangladesh 2025,10.1,wholesale,2024,79,",, Coriander new 7763",Spice Coriander new 7763,,Tk per quintal,14132.0,10454.0,13848.0,11361.0,15089.0,15483.0,,,,,,,13002.0,,,617
BBS Yearbook of Agricultural Statistics of Bangladesh 2025,10.1,wholesale,2024,80,Jute White,Jute White,,Tk per quintal,6112.0,9075.0,9450.0,8550.0,9450.0,6500.0,7875.0,7129.0,6018.0,5215.0,4122.0,5254.0,7200.0,,,617
BBS Yearbook of Agricultural Statistics of Bangladesh 2025,10.1,wholesale,2024,81,",, Tosha",Jute Tosha,,Tk per quintal,5738.0,6128.0,6066.0,6387.0,6109.0,5961.0,6089.0,5748.0,5706.0,5175.0,5173.0,5109.0,5814.0,,,617
BBS Yearbook of Agricultural Statistics of Bangladesh 2025,10.1,wholesale,2024,82,‘’ bi-bottom,Jute bi-bottom,,Tk per quintal,5429.0,5425.0,5488.0,5700.0,5581.0,5550.0,5467.0,5250.0,5106.0,4769.0,500.0,5113.0,5349.0,nov,,617
BBS Yearbook of Agricultural Statistics of Bangladesh 2025,10.1,wholesale,2024,83,“” C-bottom,Jute C-bottom,,Tk per quintal,6900.0,6900.0,6900.0,6900.0,9900.0,6900.0,6763.0,6288.0,6100.0,6100.0,6100.0,6100.0,6100.0,,,617
BBS Yearbook of Agricultural Statistics of Bangladesh 2025,10.1,wholesale,2024,84,“” SMR,Jute SMR,,Tk per quintal,,,,,,,,3638.0,,,,,3694.0,,,618
BBS Yearbook of Agricultural Statistics of Bangladesh 2025,10.1,wholesale,2024,85,“” Average chat,Jute Average chat,,Tk per quintal,6135.0,6231.0,5997.0,9092.0,6190.0,6134.0,6152.0,5808.0,5174.0,5174.0,5221.0,5424.0,5825.0,,,618
BBS Yearbook of Agricultural Statistics of Bangladesh 2025,10.1,wholesale,2024,86,“” Mesta average chat,Jute Mesta average chat,,Tk per quintal,5542.0,5288.0,5142.0,5000.0,5945.0,5750.0,5888.0,6140.0,4821.0,4821.0,4796.0,4619.0,5747.0,,,618
BBS Yearbook of Agricultural Statistics of Bangladesh 2025,10.1,wholesale,2024,87,Cotton Shimul,Cotton Shimul,,Tk per quintal,40200.0,39800.0,39667.0,39600.0,39519.0,39641.0,39961.0,39773.0,40154.0,40154.0,41884.0,45035.0,40554.0,,,618
BBS Yearbook of Agricultural Statistics of Bangladesh 2025,10.1,wholesale,2024,88,",, Carpus",Cotton Carpus,,Tk per quintal,18625.0,18625.0,18625.0,18656.0,18694.0,18234.0,18250.0,19643.0,17854.0,17854.0,19913.0,20750.0,18861.0,,,618
BBS Yearbook of Agricultural Statistics of Bangladesh 2025,10.1,wholesale,2024,89,Tobbaco Jati-1(High quality),Tobbaco Jati-1(High quality),,Tk per quintal,22750.0,22750.0,22750.0,23125.0,24100.0,24250.0,24250.0,24250.0,24167.0,24167.0,24300.0,24543.0,23783.0,,,618
BBS Yearbook of Agricultural Statistics of Bangladesh 2025,10.1,wholesale,2024,90,",, Jati-2 (Medium)",Tobbaco Jati-2 (Medium),,Tk per quintal,17000.0,17000.0,17000.0,17000.0,18600.0,19000.0,19000.0,19000.0,19000.0,19000.0,20167.0,20708.0,18540.0,,,618
BBS Yearbook of Agricultural Statistics of Bangladesh 2025,10.1,wholesale,2024,91,",, Jati-3 (general)",Tobbaco Jati-3 (general),,Tk per quintal,14500.0,14500.0,14500.0,14500.0,15300.0,15500.0,15500.0,15500.0,15500.0,15500.0,15500.0,16000.0,15192.0,,,618
BBS Yearbook of Agricultural Statistics of Bangladesh 2025,10.1,wholesale,2024,92,",, Motihar heavy",Tobbaco Motihar heavy,,Tk per quintal,15016.0,14725.0,15013.0,15514.0,15331.0,15981.0,15975.0,16359.0,16800.0,16800.0,18399.0,19113.0,16237.0,,,618
BBS Yearbook of Agricultural Statistics of Bangladesh 2025,10.1,wholesale,2024,93,",, Motihar medium",Tobbaco Motihar medium,,Tk per quintal,12944.0,12983.0,13103.0,13192.0,13512.0,15550.0,15800.0,15715.0,15925.0,15925.0,13072.0,17353.0,14590.0,,,618
BBS Yearbook of Agricultural Statistics of Bangladesh 2025,10.1,wholesale,2024,94,",, Moti general",Tobbaco Moti general,,Tk per quintal,11583.0,12083.0,12250.0,13058.0,16300.0,14500.0,14500.0,14500.0,14500.0,14500.0,15875.0,19083.0,14165.0,,,618
BBS Yearbook of Agricultural Statistics of Bangladesh 2025,10.1,wholesale,2024,95,",, Vargina (heat-cured)",Tobbaco Vargina (heat-cured),,Tk per quintal,16500.0,16500.0,16500.0,16500.0,17100.0,17500.0,17500.0,17500.0,18500.0,18500.0,18500.0,18500.0,17383.0,,,618
BBS Yearbook of Agricultural Statistics of Bangladesh 2025,10.1,wholesale,2024,97,‘’ Bangla-8 (heat-cured),Tobbaco Bangla-8 (heat-cured),,Tk per quintal,,,16500.0,16500.0,17000.0,17000.0,17000.0,17000.0,17000.0,17000.0,17000.0,17000.0,16900.0,,,618
BBS Yearbook of Agricultural Statistics of Bangladesh 2025,10.1,wholesale,2024,98,Hide skin: Light,Hide skin: Light,,Tk per quintal,24010.0,24897.0,25621.0,25659.0,30459.0,31008.0,26484.0,27626.0,29180.0,29267.0,29835.0,31010.0,27921.0,,,618
BBS Yearbook of Agricultural Statistics of Bangladesh 2025,10.1,wholesale,2024,99,"COW ,, Medium","COW ,, Medium",,Tk per quintal,40325.0,39950.0,41790.0,41898.0,45093.0,45112.0,42476.0,43526.0,45544.0,47416.0,49300.0,50091.0,44377.0,,,618
BBS Yearbook of Agricultural Statistics of Bangladesh 2025,10.1,wholesale,2024,100,",, Heavy",COW Heavy,,Tk per quintal,62966.0,63633.0,64825.0,65198.0,66431.0,66880.0,6307.0,65288.0,71408.0,73088.0,74302.0,77180.0,67875.0,jul,,618
BBS Yearbook of Agricultural Statistics of Bangladesh 2025,10.1,wholesale,2024,101,",, Katachera",COW Katachera,,Tk per quintal,31200.0,31200.0,31170.0,31150.0,31610.0,31288.0,38080.0,35576.0,44156.0,44868.0,38583.0,45247.0,36177.0,,,618
BBS Yearbook of Agricultural Statistics of Bangladesh 2025,10.1,wholesale,2024,102,Hide skin Heavy,Hide skin Heavy,,Tk per quintal,69222.0,71938.0,75071.0,75071.0,74786.0,75071.0,71500.0,72289.0,79031.0,84306.0,98778.0,100278.0,78945.0,,,618
BBS Yearbook of Agricultural Statistics of Bangladesh 2025,10.1,wholesale,2024,103,"Bufello ,, Medium","Bufello ,, Medium",,Tk per quintal,62857.0,63929.0,70000.0,65714.0,61500.0,61458.0,59792.0,61250.0,61719.0,57500.0,66681.0,69722.0,63510.0,,,618
BBS Yearbook of Agricultural Statistics of Bangladesh 2025,10.1,wholesale,2024,104,",, Katachera",Bufello Katachera,,Tk per quintal,,,,,,17000.0,17000.0,17000.0,17000.0,17000.0,17000.0,17000.0,17000.0,,,618
BBS Yearbook of Agricultural Statistics of Bangladesh 2025,10.1,wholesale,2024,105,Hide skin Sheep,Hide skin Sheep,,Tk per quintal,5183.0,7109.0,7250.0,7308.0,7768.0,7815.0,6808.0,6019.0,6121.0,5925.0,6221.0,5897.0,6619.0,,,618
BBS Yearbook of Agricultural Statistics of Bangladesh 2025,10.1,wholesale,2024,106,",, Goat",Hide Goat,,Tk per quintal,3941.0,4120.0,4161.0,4128.0,4300.0,4364.0,4584.0,4606.0,4828.0,4853.0,4901.0,4490.0,4440.0,,,618
BBS Yearbook of Agricultural Statistics of Bangladesh 2025,10.1,wholesale,2024,107,Chemical Uria 50 kg  fertilizer,Chemical Uria 50 kg fertilizer,,Tk per quintal,1100.0,1100.0,1100.0,1350.0,13500.0,1350.0,1350.0,1350.0,1350.0,1350.0,1308.0,1310.0,1281.0,may,,618
BBS Yearbook of Agricultural Statistics of Bangladesh 2025,10.1,wholesale,2024,108,",, TSP ,,","Chemical TSP ,,",,Tk per quintal,1100.0,1100.0,1100.0,1350.0,1350.0,1350.0,1350.0,1350.0,1350.0,1350.0,1307.0,1310.0,1281.0,,,618
BBS Yearbook of Agricultural Statistics of Bangladesh 2025,10.1,wholesale,2024,109,",, DAP ,,","Chemical DAP ,,",,Tk per quintal,850.0,850.0,850.0,1050.0,1050.0,1050.0,1050.0,1050.0,1050.0,1050.0,1015.0,1016.0,994.0,,,618
BBS Yearbook of Agricultural Statistics of Bangladesh 2025,10.1,wholesale,2024,110,",, AMP ,,","Chemical AMP ,,",,Tk per quintal,800.0,800.0,800.0,1000.0,1000.0,1000.0,1000.0,1000.0,100.0,1000.0,981.0,983.0,947.0,sep,,618
BBS Yearbook of Agricultural Statistics of Bangladesh 2025,10.1,wholesale,2024,111,",, Zinc LOCAL",Chemical Zinc LOCAL,,Tk per quintal,7108.0,7067.0,6929.0,5847.0,5675.0,5516.0,5470.0,5578.0,5588.0,5922.0,4990.0,4815.0,5875.0,,,618
BBS Yearbook of Agricultural Statistics of Bangladesh 2025,10.1,wholesale,2024,112,",, Zinc foreign",Chemical Zinc foreign,,Tk per quintal,8612.0,8721.0,8731.0,8527.0,9310.0,9360.0,9360.0,9360.0,9404.0,9239.0,7092.0,7076.0,8733.0,,,618
BBS Yearbook of Agricultural Statistics of Bangladesh 2025,10.1,wholesale,2024,113,",, Zipsum",Chemical Zipsum,,Tk per quintal,947.0,939.0,723.0,762.0,765.0,727.0,705.0,707.0,697.0,725.0,617.0,573.0,741.0,,,618
BBS Yearbook of Agricultural Statistics of Bangladesh 2025,10.1,wholesale,2024,114,Organic Cowdung 50 kg fertilizer,Organic Cowdung 50 kg fertilizer,,Tk per quintal,235.0,244.0,380.0,383.0,372.0,360.0,360.0,360.0,382.0,382.0,343.0,311.0,343.0,,,618
BBS Yearbook of Agricultural Statistics of Bangladesh 2025,10.1,wholesale,2024,116,Milk & Powder Milk Milkproduct (Packaged) Cow Milk Liquid,Milk & Powder Milk Milkproduct (Packaged) Cow Milk Liquid,,Tk per quintal,6532.0,6614.0,6683.0,6813.0,6873.0,6833.0,6804.0,6829.0,6816.0,6864.0,6962.0,6941.0,6797.0,,,618
BBS Yearbook of Agricultural Statistics of Bangladesh 2025,10.1,wholesale,2024,117,Cow Milk Milkvita,Cow Milk Milkvita,,Tk per quintal,8018.0,8110.0,8217.0,8300.0,8492.0,8575.0,8617.0,8607.0,8272.0,8492.0,8638.0,8752.0,8424.0,,,618
BBS Yearbook of Agricultural Statistics of Bangladesh 2025,10.1,wholesale,2024,118,Gawa ghee -,Gawa ghee -,,Tk per quintal,11480.0,11515.0,11730.0,11710.0,11650.0,11650.0,11650.0,11770.0,12475.0,12446.0,13516.0,19773.0,12614.0,,,618
BBS Yearbook of Agricultural Statistics of Bangladesh 2025,10.1,wholesale,2024,119,Dano - -,Dano - -,,Tk per quintal,11957.0,12176.0,12105.0,11935.0,11018.0,11021.0,10990.0,11004.0,10888.0,10927.0,8940.0,8510.0,10956.0,,,618
BBS Yearbook of Agricultural Statistics of Bangladesh 2025,10.1,wholesale,2024,120,Red cow -,Red cow -,,Tk per quintal,7498.0,7519.0,7529.0,7541.0,6255.0,6405.0,6275.0,6275.0,6709.0,6779.0,8156.0,7434.0,7031.0,,,618
BBS Yearbook of Agricultural Statistics of Bangladesh 2025,10.1,wholesale,2024,121,Powdered milk-  anchor,Powdered milk- anchor,,Tk per quintal,8852.0,8848.0,8848.0,8852.0,8864.0,8915.0,7973.0,7973.0,7973.0,8175.0,8175.0,8854.0,8525.0,,,618
BBS Yearbook of Agricultural Statistics of Bangladesh 2025,10.1,wholesale,2024,122,Condensed One kartoon milk,Condensed One kartoon milk,,Tk per quintal,3728.0,3815.0,3937.0,3932.0,4098.0,4221.0,4244.0,4292.0,4340.0,4407.0,4644.0,4702.0,4197.0,,,618
BBS Yearbook of Agricultural Statistics of Bangladesh 2025,10.1,wholesale,2024,123,Hen/chicken- Local large(900gm+),Hen/chicken- Local large(900gm+),,Tk per quintal,39906.0,41697.0,46831.0,50583.0,52330.0,50987.0,48270.0,46283.0,45789.0,45676.0,45201.0,45084.0,46553.0,,,618
BBS Yearbook of Agricultural Statistics of Bangladesh 2025,10.1,wholesale,2024,124,"Live ,, ,, medium(700gm+)","Live ,, ,, medium(700gm+)",,Tk per quintal,38872.0,41357.0,45572.0,48137.0,50973.0,50000.0,47273.0,45129.0,44841.0,44554.0,44320.0,44292.0,45443.0,,,618
BBS Yearbook of Agricultural Statistics of Bangladesh 2025,10.1,wholesale,2024,125,",, ,, small(500gm+)","Live ,, small(500gm+)",,Tk per quintal,37807.0,40291.0,44907.0,47233.0,49318.0,48192.0,45989.0,43636.0,42700.0,42577.0,41489.0,43300.0,43953.0,,,619
BBS Yearbook of Agricultural Statistics of Bangladesh 2025,10.1,wholesale,2024,126,",, Cock",Live Cock,,Tk per quintal,24135.0,26074.0,29989.0,30531.0,29757.0,26771.0,26159.0,26578.0,27382.0,27483.0,26754.0,26978.0,27383.0,,,619
BBS Yearbook of Agricultural Statistics of Bangladesh 2025,10.1,wholesale,2024,127,",, Farm broiler",Live Farm broiler,,Tk per quintal,13477.0,17006.0,21107.0,19342.0,19279.0,17259.0,15570.0,15786.0,16596.0,16326.0,15633.0,15828.0,16934.0,,,619
BBS Yearbook of Agricultural Statistics of Bangladesh 2025,10.1,wholesale,2024,128,",, Duck",Live Duck,,Tk per quintal,35062.0,37883.0,40340.0,41372.0,42940.0,43202.0,40878.0,41271.0,40497.0,40592.0,40932.0,40633.0,40467.0,,,619
BBS Yearbook of Agricultural Statistics of Bangladesh 2025,10.1,wholesale,2024,129,Meat Cow,Meat Cow,,Tk per quintal,63129.0,63840.0,64931.0,67972.0,69758.0,70063.0,70087.0,70221.0,69920.0,70210.0,68632.0,65081.0,67820.0,,,619
BBS Yearbook of Agricultural Statistics of Bangladesh 2025,10.1,wholesale,2024,130,",, Goat",Meat Goat,,Tk per quintal,81886.0,83996.0,86966.0,86452.0,90322.0,91947.0,91402.0,91848.0,91465.0,92261.0,92990.0,92973.0,89542.0,,,619
BBS Yearbook of Agricultural Statistics of Bangladesh 2025,10.1,wholesale,2024,131,Egg Chicken local,Egg Chicken local,,Tk per quintal,1353.0,1416.0,1436.0,1434.0,1450.0,1451.0,1497.0,1533.0,1539.0,1563.0,1546.0,1524.0,1479.0,,,619
BBS Yearbook of Agricultural Statistics of Bangladesh 2025,10.1,wholesale,2024,133,",, Farm red",Egg Farm red,,Tk per quintal,875.0,1021.0,1043.0,911.0,1071.0,1071.0,1084.0,1163.0,1159.0,1174.0,1044.0,971.0,1056.0,,,619
BBS Yearbook of Agricultural Statistics of Bangladesh 2025,10.1,wholesale,2024,134,",, Farm white",Egg Farm white,,Tk per quintal,862.0,1008.0,988.0,973.0,1036.0,1046.0,1061.0,1139.0,1147.0,1157.0,1024.0,950.0,1032.0,,,619
BBS Yearbook of Agricultural Statistics of Bangladesh 2025,10.1,wholesale,2024,135,",, Duck",Egg Duck,,Tk per quintal,1416.0,1504.0,1448.0,1414.0,1416.0,1412.0,1442.0,1490.0,1518.0,1552.0,1521.0,1507.0,1470.0,,,619
BBS Yearbook of Agricultural Statistics of Bangladesh 2025,10.1,wholesale,2024,136,Rohu Carp (Rui) local Fish (Ka):Fresh big(5+kg),Rohu Carp (Rui) local Fish (Ka):Fresh big(5+kg),,Tk per quintal,32750.0,32750.0,36500.0,36500.0,,,,,,,,,34625.0,,,619
BBS Yearbook of Agricultural Statistics of Bangladesh 2025,10.1,wholesale,2024,137,"Rohu carp (Rui) local ,, (2.5+kg)medium","Rohu carp (Rui) local ,, (2.5+kg)medium",,Tk per quintal,31623.0,31593.0,32530.0,32980.0,33632.0,33940.0,34716.0,35080.0,35662.0,36697.0,36854.0,36720.0,34336.0,,,619
BBS Yearbook of Agricultural Statistics of Bangladesh 2025,10.1,wholesale,2024,138,"Rohu carp (Rui) local ,, small (1.5+kg)","Rohu carp (Rui) local ,, small (1.5+kg)",,Tk per quintal,25366.0,25128.0,25590.0,26261.0,26776.0,26936.0,27934.0,28503.0,28950.0,29644.0,29168.0,28375.0,27386.0,,,619
BBS Yearbook of Agricultural Statistics of Bangladesh 2025,10.1,wholesale,2024,139,"Imported ,, medium(2.5+kg)","Imported ,, medium(2.5+kg)",,Tk per quintal,26549.0,26759.0,27572.0,27806.0,28496.0,29140.0,30728.0,31114.0,32371.0,32169.0,31405.0,30933.0,29587.0,,,619
BBS Yearbook of Agricultural Statistics of Bangladesh 2025,10.1,wholesale,2024,140,",, Imported small",Imported Imported small,,Tk per quintal,20692.0,20756.0,21035.0,21926.0,22101.0,22639.0,24798.0,25339.0,25125.0,24783.0,25859.0,24633.0,23307.0,,,619
BBS Yearbook of Agricultural Statistics of Bangladesh 2025,10.1,wholesale,2024,141,",, Catal large",Imported Catal large,,Tk per quintal,38958.0,40000.0,40167.0,37370.0,37500.0,37266.0,39167.0,41367.0,33777.0,39558.0,39790.0,39522.0,38703.0,,,619
BBS Yearbook of Agricultural Statistics of Bangladesh 2025,10.1,wholesale,2024,142,",, medium",Imported medium,,Tk per quintal,29834.0,30378.0,31065.0,31485.0,31681.0,32387.0,33274.0,33784.0,33484.0,34904.0,34948.0,34560.0,32649.0,,,619
BBS Yearbook of Agricultural Statistics of Bangladesh 2025,10.1,wholesale,2024,143,",, small",Imported small,,Tk per quintal,23146.0,23633.0,24382.0,24711.0,24852.0,25388.0,26189.0,27262.0,27507.0,28110.0,27573.0,26629.0,25782.0,,,619
BBS Yearbook of Agricultural Statistics of Bangladesh 2025,10.1,wholesale,2024,144,Fish (Ka):Live Mrigal large,Fish (Ka):Live Mrigal large,,Tk per quintal,24826.0,25385.0,25723.0,25966.0,26614.0,26861.0,27262.0,27303.0,28227.0,28955.0,29432.0,29641.0,27183.0,,,619
BBS Yearbook of Agricultural Statistics of Bangladesh 2025,10.1,wholesale,2024,145,",, small",Fish small,,Tk per quintal,16853.0,16925.0,17527.0,17579.0,18109.0,18556.0,19169.0,20077.0,19720.0,20617.0,20320.0,19806.0,18771.0,,,619
BBS Yearbook of Agricultural Statistics of Bangladesh 2025,10.1,wholesale,2024,146,"Giant River Catfish ,, (Airr) large","Giant River Catfish ,, (Airr) large",,Tk per quintal,75417.0,74583.0,74167.0,68750.0,68750.0,67153.0,81875.0,110000.0,80000.0,120000.0,119000.0,,87752.0,,,619
BBS Yearbook of Agricultural Statistics of Bangladesh 2025,10.1,wholesale,2024,147,",, Small",Giant Small,,Tk per quintal,51320.0,53929.0,55071.0,58528.0,57775.0,55025.0,60769.0,59333.0,53389.0,55038.0,53850.0,51581.0,55467.0,,,619
BBS Yearbook of Agricultural Statistics of Bangladesh 2025,10.1,wholesale,2024,148,"Helicopter Catfish ,, (Boal) large","Helicopter Catfish ,, (Boal) large",,Tk per quintal,70500.0,71875.0,75750.0,83469.0,79314.0,80458.0,84063.0,82188.0,90250.0,88611.0,83069.0,88167.0,81476.0,,,619
BBS Yearbook of Agricultural Statistics of Bangladesh 2025,10.1,wholesale,2024,149,",, Small",Helicopter Small,,Tk per quintal,46194.0,45296.0,47563.0,49924.0,47483.0,45673.0,47845.0,47600.0,48808.0,47490.0,45907.0,45706.0,47124.0,,,619
BBS Yearbook of Agricultural Statistics of Bangladesh 2025,10.1,wholesale,2024,150,"Clown Knifefish ,, (Chita) large","Clown Knifefish ,, (Chita) large",,Tk per quintal,70167.0,70167.0,71100.0,72969.0,71563.0,74063.0,74609.0,73125.0,74500.0,75250.0,76000.0,74292.0,73150.0,,,619
BBS Yearbook of Agricultural Statistics of Bangladesh 2025,10.1,wholesale,2024,151,"Clown Knifefish ,, (Chita) small","Clown Knifefish ,, (Chita) small",,Tk per quintal,51250.0,51250.0,47167.0,49156.0,53188.0,53188.0,46391.0,38550.0,43800.0,44542.0,45750.0,43271.0,47292.0,,,619
BBS Yearbook of Agricultural Statistics of Bangladesh 2025,10.1,wholesale,2024,152,",, Pangasius larges",Clown Pangasius larges,,Tk per quintal,15587.0,16859.0,17556.0,17981.0,18855.0,18558.0,19112.0,20119.0,20778.0,20811.0,22079.0,21071.0,19114.0,,,619
BBS Yearbook of Agricultural Statistics of Bangladesh 2025,10.1,wholesale,2024,153,",, Small",Clown Small,,Tk per quintal,12665.0,12770.0,13152.0,13592.0,14001.0,14455.0,15058.0,15306.0,15609.0,15627.0,15196.0,14679.0,14343.0,,,619
BBS Yearbook of Agricultural Statistics of Bangladesh 2025,10.1,wholesale,2024,154,",, Hilsha (small/ larges)",Clown Hilsha (small/ larges),,Tk per quintal,73526.0,77344.0,80280.0,80117.0,80459.0,83266.0,88598.0,91095.0,92518.0,92907.0,85913.0,88702.0,84560.0,,,619
BBS Yearbook of Agricultural Statistics of Bangladesh 2025,10.1,wholesale,2024,155,",, Prawn bagda",Clown Prawn bagda,,Tk per quintal,69894.0,72744.0,73067.0,67912.0,75776.0,70777.0,80208.0,79757.0,79014.0,76503.0,75192.0,67257.0,74008.0,,,619
BBS Yearbook of Agricultural Statistics of Bangladesh 2025,10.1,wholesale,2024,156,",, golda",Clown golda,,Tk per quintal,6905.0,69984.0,70193.0,70118.0,71629.0,73169.0,80268.0,80386.0,79722.0,83458.0,80187.0,74495.0,75260.0,jan,,619
BBS Yearbook of Agricultural Statistics of Bangladesh 2025,10.1,wholesale,2024,157,",, Small",Clown Small,,Tk per quintal,43909.0,49938.0,52010.0,52415.0,53380.0,56405.0,56689.0,57478.0,57991.0,57298.0,56251.0,56133.0,54158.0,,,619
BBS Yearbook of Agricultural Statistics of Bangladesh 2025,10.1,wholesale,2024,158,",, Climbing Fish (Koii)",Clown Climbing Fish (Koii),,Tk per quintal,19163.0,20016.0,20050.0,20473.0,20393.0,20719.0,21287.0,21711.0,22451.0,22372.0,21250.0,20998.0,20907.0,,,619
BBS Yearbook of Agricultural Statistics of Bangladesh 2025,10.1,wholesale,2024,159,",, Catfish (Magur)",Clown Catfish (Magur),,Tk per quintal,41442.0,41036.0,41750.0,41335.0,39730.0,39750.0,38336.0,39703.0,39353.0,39236.0,37741.0,36923.0,39694.0,,,619
BBS Yearbook of Agricultural Statistics of Bangladesh 2025,10.1,wholesale,2024,160,"Stinging Catfish ,, (Shing)","Stinging Catfish ,, (Shing)",,Tk per quintal,35837.0,35908.0,35946.0,35892.0,36355.0,37486.0,37463.0,36623.0,36548.0,35011.0,36203.0,36206.0,36290.0,,,619
BBS Yearbook of Agricultural Statistics of Bangladesh 2025,10.1,wholesale,2024,161,",, Silvar carp",Stinging Silvar carp,,Tk per quintal,14630.0,14860.0,15493.0,16152.0,16058.0,16579.0,16949.0,17431.0,17764.0,17583.0,17430.0,17383.0,16526.0,,,619
BBS Yearbook of Agricultural Statistics of Bangladesh 2025,10.1,wholesale,2024,162,",, Grass carp",Stinging Grass carp,,Tk per quintal,17630.0,17905.0,18112.0,18780.0,18938.0,19378.0,19568.0,20184.0,20438.0,20612.0,20790.0,20719.0,19421.0,,,619
BBS Yearbook of Agricultural Statistics of Bangladesh 2025,10.1,wholesale,2024,163,",, Tilapia / Nailotika",Stinging Tilapia / Nailotika,,Tk per quintal,14287.0,14485.0,14822.0,15235.0,15525.0,15895.0,16445.0,17184.0,17348.0,17387.0,16876.0,16542.0,16002.0,,,619
BBS Yearbook of Agricultural Statistics of Bangladesh 2025,10.1,wholesale,2024,164,",, Pomfret (Rupchada)",Stinging Pomfret (Rupchada),,Tk per quintal,65313.0,65313.0,67292.0,67969.0,68964.0,68516.0,70717.0,72641.0,69938.0,71344.0,68144.0,64833.0,68415.0,,,619
BBS Yearbook of Agricultural Statistics of Bangladesh 2025,10.1,wholesale,2024,165,Fish(Kha)Dry Pomfret (Rupchada),Fish(Kha)Dry Pomfret (Rupchada),,Tk per quintal,137500.0,137500.0,137500.0,137500.0,137500.0,133750.0,125625.0,132500.0,141667.0,121250.0,103500.0,138125.0,131993.0,,,620
BBS Yearbook of Agricultural Statistics of Bangladesh 2025,10.1,wholesale,2024,166,",, Bombay duck (Loitta)",Fish(Kha)Dry Bombay duck (Loitta),,Tk per quintal,52087.0,52375.0,53850.0,55672.0,56647.0,58867.0,59925.0,60833.0,60833.0,64725.0,65281.0,65081.0,58848.0,,,620
BBS Yearbook of Agricultural Statistics of Bangladesh 2025,10.1,wholesale,2024,167,",, Swamp barb(Puti)",Fish(Kha)Dry Swamp barb(Puti),,Tk per quintal,51292.0,39625.0,50300.0,49875.0,49357.0,49571.0,50333.0,52233.0,4889.0,54458.0,50406.0,51717.0,49838.0,sep,,620
BBS Yearbook of Agricultural Statistics of Bangladesh 2025,10.1,wholesale,2024,168,",, Prawn",Fish(Kha)Dry Prawn,,Tk per quintal,55292.0,62000.0,84213.0,74500.0,71395.0,73313.0,75117.0,73493.0,66775.0,68828.0,69069.0,73607.0,70633.0,,,620
BBS Yearbook of Agricultural Statistics of Bangladesh 2025,10.1,wholesale,2024,169,“ Corica Fish (Kachki),Fish(Kha)Dry Corica Fish (Kachki),,Tk per quintal,48639.0,48287.0,51094.0,51722.0,52656.0,51889.0,52531.0,51303.0,55500.0,53848.0,52911.0,54258.0,52052.0,,,620
BBS Yearbook of Agricultural Statistics of Bangladesh 2025,10.1,wholesale,2024,170,Salted Hilsha,Salted Hilsha,,Tk per quintal,63333.0,65417.0,67667.0,69167.0,69167.0,70417.0,65958.0,70833.0,67000.0,65929.0,63500.0,63363.0,66812.0,,,620
BBS Yearbook of Agricultural Statistics of Bangladesh 2025,10.1,wholesale,2024,171,Betel nut -,Betel nut -,,Tk per quintal,36808.0,37186.0,37517.0,37149.0,37764.0,38301.0,38791.0,38824.0,38702.0,38286.0,37485.0,36960.0,37814.0,,,620
BBS Yearbook of Agricultural Statistics of Bangladesh 2025,10.1,wholesale,2024,172,Betel leaves Large (Bangla),Betel leaves Large (Bangla),,Tk per quintal,9819.0,10777.0,11100.0,12080.0,11797.0,11088.0,11314.0,10708.0,9942.0,10318.0,9650.0,10381.0,10748.0,,,620
BBS Yearbook of Agricultural Statistics of Bangladesh 2025,10.1,wholesale,2024,173,",, Medium",Betel Medium,,Tk per quintal,6813.0,7629.0,7842.0,8153.0,7938.0,7705.0,7179.0,6687.0,6656.0,6259.0,6472.0,7038.0,7173.0,,,620
BBS Yearbook of Agricultural Statistics of Bangladesh 2025,10.1,wholesale,2024,174,",, Small",Betel Small,,Tk per quintal,4319.0,4345.0,4656.0,4620.0,4716.0,4274.0,4175.0,4360.0,4167.0,4114.0,4477.0,4086.0,4359.0,,,620
BBS Yearbook of Agricultural Statistics of Bangladesh 2025,10.1,wholesale,2024,175,",, Sanchi",Betel Sanchi,,Tk per quintal,2283.0,1950.0,2150.0,2083.0,2339.0,2417.0,2283.0,2150.0,1990.0,1990.0,3617.0,2683.0,2328.0,,,620
BBS Yearbook of Agricultural Statistics of Bangladesh 2025,10.1,wholesale,2024,176,Fruits: Mango Guti,Fruits: Mango Guti,,Tk per quintal,,,,,3867.0,3208.0,4010.0,6688.0,9000.0,,,,5355.0,,,620
BBS Yearbook of Agricultural Statistics of Bangladesh 2025,10.1,wholesale,2024,177,",, Gopalbhog",Fruits: Gopalbhog,,Tk per quintal,,,,,5367.0,4400.0,4564.0,5000.0,7467.0,,,,5360.0,,,620
BBS Yearbook of Agricultural Statistics of Bangladesh 2025,10.1,wholesale,2024,178,",, Himsagor",Fruits: Himsagor,,Tk per quintal,,,,,5195.0,4876.0,5625.0,6838.0,7500.0,,,,6007.0,,,620
BBS Yearbook of Agricultural Statistics of Bangladesh 2025,10.1,wholesale,2024,179,",, Langra",Fruits: Langra,,Tk per quintal,,,,,4849.0,4623.0,5972.0,7250.0,,,,,5673.0,,,620
BBS Yearbook of Agricultural Statistics of Bangladesh 2025,10.1,wholesale,2024,180,",, Fazli",Fruits: Fazli,,Tk per quintal,,,,,,3863.0,5109.0,6587.0,9075.0,8750.0,,,6676.0,,,620
BBS Yearbook of Agricultural Statistics of Bangladesh 2025,10.1,wholesale,2024,181,",, Aswini -",Fruits: Aswini -,,Tk per quintal,,,,,,5750.0,3846.0,4842.0,6936.0,,,,5344.0,,,620
BBS Yearbook of Agricultural Statistics of Bangladesh 2025,10.1,wholesale,2024,182,",, Amrupali",Fruits: Amrupali,,Tk per quintal,,,,,,4938.0,5817.0,7211.0,,,,,5989.0,,,620
BBS Yearbook of Agricultural Statistics of Bangladesh 2025,10.1,wholesale,2024,183,",, Harivangga",Fruits: Harivangga,,Tk per quintal,,,,,,5279.0,5859.0,7588.0,,,,,6242.0,,,620
BBS Yearbook of Agricultural Statistics of Bangladesh 2025,10.1,wholesale,2024,184,Jackfruits Large(4+kg),Jackfruits Large(4+kg),,Tk per quintal,,,,,,11499.0,8821.0,7568.0,18063.0,17500.0,,,12582.0,,,620
BBS Yearbook of Agricultural Statistics of Bangladesh 2025,10.1,wholesale,2024,185,Small,Small,,Tk per quintal,,,,8333.0,16292.0,6403.0,5603.0,6129.0,11300.0,11500.0,,,7464.0,,,620
BBS Yearbook of Agricultural Statistics of Bangladesh 2025,10.1,wholesale,2024,186,Fruits Green Coconut,Fruits Green Coconut,,Tk per quintal,5461.0,5547.0,5757.0,5500.0,5813.0,7016.0,7155.0,7459.0,7821.0,7639.0,7276.0,6905.0,6772.0,,,620
BBS Yearbook of Agricultural Statistics of Bangladesh 2025,10.1,wholesale,2024,187,",, Batabi lebu",Fruits Batabi lebu,,Tk per quintal,1424.0,1819.0,1572.0,6407.0,6826.0,2700.0,1973.0,2458.0,2701.0,3013.0,3747.0,4481.0,2568.0,,,620
BBS Yearbook of Agricultural Statistics of Bangladesh 2025,10.1,wholesale,2024,188,",, Elachi lebu",Fruits Elachi lebu,,Tk per quintal,332.0,332.0,559.0,1887.0,3044.0,260.0,250.0,253.0,262.0,296.0,313.0,321.0,335.0,apr;may,,620
BBS Yearbook of Agricultural Statistics of Bangladesh 2025,10.1,wholesale,2024,189,",, Kagozi lebu",Fruits Kagozi lebu,,Tk per quintal,351.0,380.0,491.0,491.0,353.0,312.0,284.0,254.0,274.0,321.0,346.0,374.0,362.0,,,620
BBS Yearbook of Agricultural Statistics of Bangladesh 2025,10.1,wholesale,2024,190,",, Guava",Fruits Guava,,Tk per quintal,4785.0,4879.0,4718.0,548.0,412.0,4693.0,4438.0,4074.0,4412.0,4525.0,4392.0,4581.0,4559.0,apr;may,,620
BBS Yearbook of Agricultural Statistics of Bangladesh 2025,10.1,wholesale,2024,191,",, Hog plum (Amra)",Fruits Hog plum (Amra),,Tk per quintal,4271.0,4200.0,4480.0,4479.0,4729.0,3210.0,2960.0,2870.0,2856.0,3449.0,4271.0,3524.0,3576.0,,,620
BBS Yearbook of Agricultural Statistics of Bangladesh 2025,10.1,wholesale,2024,192,",, Orange",Fruits Orange,,Tk per quintal,17992.0,18502.0,19637.0,3250.0,,22090.0,22443.0,23117.0,26113.0,25697.0,21259.0,20185.0,21658.0,apr,,620
BBS Yearbook of Agricultural Statistics of Bangladesh 2025,10.1,wholesale,2024,193,",, Apple",Fruits Apple,,Tk per quintal,19160.0,20547.0,21325.0,22723.0,22720.0,22396.0,23120.0,24500.0,25049.0,24855.0,23134.0,22520.0,22671.0,,,620
BBS Yearbook of Agricultural Statistics of Bangladesh 2025,10.1,wholesale,2024,194,",, Malta",Fruits Malta,,Tk per quintal,19545.0,20362.0,20092.0,20441.0,19841.0,19385.0,19543.0,20731.0,26114.0,23297.0,23405.0,24271.0,21419.0,,,620
BBS Yearbook of Agricultural Statistics of Bangladesh 2025,10.1,wholesale,2024,195,",, Grape (anggur)",Fruits Grape (anggur),,Tk per quintal,30633.0,28621.0,25828.0,26022.0,26423.0,28234.0,31996.0,32793.0,36037.0,35385.0,34140.0,34144.0,30855.0,,,620
BBS Yearbook of Agricultural Statistics of Bangladesh 2025,10.1,wholesale,2024,196,",, Jujube (Boroi)",Fruits Jujube (Boroi),,Tk per quintal,7014.0,5572.0,5297.0,6004.0,,,,,,,,10143.0,6806.0,,,620
BBS Yearbook of Agricultural Statistics of Bangladesh 2025,10.1,wholesale,2024,197,",, Water melon (Tormuj)",Fruits Water melon (Tormuj),,Tk per quintal,7625.0,,5374.0,2769.0,4797.0,4813.0,,5373.0,6025.0,6280.0,5648.0,5522.0,5423.0,,,620
BBS Yearbook of Agricultural Statistics of Bangladesh 2025,10.1,wholesale,2024,198,Fruit: Melon (Bangi),Fruit: Melon (Bangi),,Tk per quintal,,,5495.0,5079.0,4336.0,4550.0,,,,,,,4565.0,,,620
BBS Yearbook of Agricultural Statistics of Bangladesh 2025,10.1,wholesale,2024,199,",, Ripe Papaya",Fruit: Ripe Papaya,,Tk per quintal,5463.0,5743.0,5913.0,6527.0,5956.0,6417.0,6664.0,6282.0,6865.0,6308.0,5824.0,6016.0,6165.0,,,620
BBS Yearbook of Agricultural Statistics of Bangladesh 2025,10.1,wholesale,2024,200,",, Lychee",Fruit: Lychee,,Tk per quintal,,,,,2649.0,4213.0,,,,,,7250.0,4704.0,,,620
BBS Yearbook of Agricultural Statistics of Bangladesh 2025,10.1,wholesale,2024,201,",, Banana: Chapa",Fruit: Banana: Chapa,,Tk per quintal,299.0,264.0,279.0,286.0,291.0,270.0,268.0,283.0,295.0,298.0,335.0,289.0,288.0,,,620
BBS Yearbook of Agricultural Statistics of Bangladesh 2025,10.1,wholesale,2024,202,",, Sabri",Fruit: Sabri,,Tk per quintal,514.0,513.0,519.0,517.0,524.0,507.0,496.0,491.0,494.0,500.0,511.0,506.0,508.0,,,620
BBS Yearbook of Agricultural Statistics of Bangladesh 2025,10.1,wholesale,2024,203,",, Banana: Sagar",Fruit: Banana: Sagar,,Tk per quintal,390.0,383.0,392.0,402.0,427.0,425.0,420.0,434.0,409.0,400.0,413.0,408.0,408.0,,,620
BBS Yearbook of Agricultural Statistics of Bangladesh 2025,10.1,wholesale,2024,204,",, Paineapple:Calengga",Fruit: Paineapple:Calengga,,Tk per quintal,4531.0,4893.0,4196.0,4895.0,4223.0,4273.0,4147.0,4017.0,4486.0,4654.0,4973.0,4819.0,4509.0,,,620
BBS Yearbook of Agricultural Statistics of Bangladesh 2025,10.1,wholesale,2024,205,",, Jaldub",Fruit: Jaldub,,Tk per quintal,3446.0,3654.0,3287.0,3245.0,3341.0,3467.0,3515.0,3797.0,3991.0,4360.0,4605.0,3579.0,3691.0,,,620
BBS Yearbook of Agricultural Statistics of Bangladesh 2025,10.1,wholesale,2024,206,Paineapple:Local,Paineapple:Local,,Tk per quintal,3950.0,3047.0,3173.0,3338.0,3496.0,3223.0,4477.0,3567.0,3863.0,3832.0,3942.0,3987.0,3658.0,,,620
BBS Yearbook of Agricultural Statistics of Bangladesh 2025,10.1,wholesale,2024,207,Dry Coconut,Dry Coconut,,Tk per quintal,7459.0,7910.0,8032.0,8175.0,8580.0,8527.0,8350.0,7698.0,8147.0,8102.0,8035.0,7669.0,8057.0,,,620
BBS Yearbook of Agricultural Statistics of Bangladesh 2025,10.1,wholesale,2024,208,",, Dates (khejur)",Dry Dates (khejur),,Tk per quintal,32362.0,33623.0,35721.0,36610.0,37432.0,37772.0,39625.0,40857.0,40541.0,41096.0,43078.0,43936.0,38554.0,,,620
BBS Yearbook of Agricultural Statistics of Bangladesh 2025,10.1,wholesale,2024,209,",, Tamarind with seed",Dry Tamarind with seed,,Tk per quintal,9943.0,9781.0,9645.0,10399.0,10462.0,10594.0,11565.0,10849.0,12403.0,12049.0,13323.0,12692.0,11142.0,,,620
BBS Yearbook of Agricultural Statistics of Bangladesh 2025,10.1,wholesale,2024,210,",, without seed",Dry without seed,,Tk per quintal,11750.0,11450.0,15445.0,15438.0,13500.0,15656.0,16000.0,15113.0,11658.0,15650.0,15189.0,19500.0,14696.0,,,620
BBS Yearbook of Agricultural Statistics of Bangladesh 2025,10.1,wholesale,2024,211,Vegetable: Potato: Local,Vegetable: Potato: Local,,Tk per quintal,2669.0,2295.0,2689.0,2805.0,3729.0,3941.0,4163.0,4277.0,4571.0,4996.0,5352.0,5739.0,3936.0,,,620
BBS Yearbook of Agricultural Statistics of Bangladesh 2025,10.1,wholesale,2024,212,",, Holland White",Vegetable: Holland White,,Tk per quintal,1774.0,1756.0,1567.0,2166.0,2929.0,3169.0,3362.0,3406.0,3897.0,4118.0,4330.0,4948.0,3119.0,,,620
BBS Yearbook of Agricultural Statistics of Bangladesh 2025,10.1,wholesale,2024,213,",, Red",Vegetable: Red,,Tk per quintal,1943.0,1776.0,1588.0,2246.0,2968.0,3102.0,3304.0,3404.0,3843.0,4153.0,4344.0,5003.0,3139.0,,,621
BBS Yearbook of Agricultural Statistics of Bangladesh 2025,10.1,wholesale,2024,214,Sweet Potato,Sweet Potato,,Tk per quintal,2642.0,2555.0,2406.0,2504.0,2667.0,2766.0,2836.0,2795.0,2917.0,,3032.0,3289.0,2764.0,,,621
BBS Yearbook of Agricultural Statistics of Bangladesh 2025,10.1,wholesale,2024,215,Vegetable: Brinjal High,Vegetable: Brinjal High,,Tk per quintal,2154.0,2564.0,2958.0,3266.0,3115.0,3236.0,3810.0,3773.0,4287.0,5143.0,3477.0,3284.0,3422.0,,,621
BBS Yearbook of Agricultural Statistics of Bangladesh 2025,10.1,wholesale,2024,216,Vegetable: Brinjal Circle,Vegetable: Brinjal Circle,,Tk per quintal,2403.0,2776.0,3277.0,3766.0,3509.0,3691.0,4592.0,4446.0,5191.0,6080.0,3983.0,4061.0,3981.0,,,621
BBS Yearbook of Agricultural Statistics of Bangladesh 2025,10.1,wholesale,2024,217,"Poimted Gourd ,, (Patal)","Poimted Gourd ,, (Patal)",,Tk per quintal,3620.0,5202.0,5179.0,4603.0,4016.0,2857.0,2939.0,3026.0,3454.0,4461.0,3548.0,3125.0,3836.0,,,621
BBS Yearbook of Agricultural Statistics of Bangladesh 2025,10.1,wholesale,2024,218,"Ash Gourd ,, (Chalkumra)","Ash Gourd ,, (Chalkumra)",,Tk per quintal,2548.0,2629.0,2810.0,2796.0,2770.0,2323.0,2610.0,2634.0,2749.0,2995.0,2920.0,3125.0,2728.0,,,621
BBS Yearbook of Agricultural Statistics of Bangladesh 2025,10.1,wholesale,2024,219,",, Pumpkin",Ash Pumpkin,,Tk per quintal,2403.0,2440.0,2259.0,2128.0,2388.0,2243.0,2470.0,2647.0,2941.0,3292.0,3318.0,2949.0,2616.0,,,621
BBS Yearbook of Agricultural Statistics of Bangladesh 2025,10.1,wholesale,2024,220,",, Gourd (Lau)",Ash Gourd (Lau),,Tk per quintal,2614.0,2772.0,2534.0,2903.0,3049.0,2920.0,3165.0,3043.0,2948.0,3539.0,3222.0,2870.0,3006.0,,,621
BBS Yearbook of Agricultural Statistics of Bangladesh 2025,10.1,wholesale,2024,221,"Bitter melon ,, (Uchehhe)","Bitter melon ,, (Uchehhe)",,Tk per quintal,5490.0,7583.0,6452.0,5168.0,4986.0,4976.0,6081.0,6091.0,5502.0,6071.0,4791.0,3358.0,5682.0,,,621
BBS Yearbook of Agricultural Statistics of Bangladesh 2025,10.1,wholesale,2024,222,",, Bitter Gourd (Karalla)",Bitter Bitter Gourd (Karalla),,Tk per quintal,4612.0,6269.0,6393.0,4870.0,4589.0,4391.0,5672.0,5384.0,5159.0,6043.0,4626.0,4994.0,5213.0,,,621
BBS Yearbook of Agricultural Statistics of Bangladesh 2025,10.1,wholesale,2024,223,Green Papaya Vegetable: (Katcha papa),Green Papaya Vegetable: (Katcha papa),,Tk per quintal,1618.0,1707.0,1890.0,2380.0,3527.0,3279.0,2849.0,2281.0,1973.0,1943.0,1939.0,4550.0,2284.0,,,621
BBS Yearbook of Agricultural Statistics of Bangladesh 2025,10.1,wholesale,2024,224,"Bulbous root of arum ,, (Mukhi kachu)","Bulbous root of arum ,, (Mukhi kachu)",,Tk per quintal,3514.0,3604.0,4192.0,4775.0,6931.0,5837.0,5335.0,5130.0,5394.0,6089.0,5604.0,2025.0,5109.0,,,621
BBS Yearbook of Agricultural Statistics of Bangladesh 2025,10.1,wholesale,2024,225,"Water arum (Pani ,, kachu)","Water arum (Pani ,, kachu)",,Tk per quintal,5500.0,,3250.0,2750.0,2971.0,2741.0,3282.0,3025.0,3197.0,3276.0,3130.0,4901.0,3295.0,,,621
BBS Yearbook of Agricultural Statistics of Bangladesh 2025,10.1,wholesale,2024,226,"Arum lobe ,, (Kachurlati)","Arum lobe ,, (Kachurlati)",,Tk per quintal,3869.0,4149.0,5142.0,4980.0,4511.0,4231.0,4424.0,4300.0,4533.0,4880.0,4463.0,3122.0,4481.0,,,621
BBS Yearbook of Agricultural Statistics of Bangladesh 2025,10.1,wholesale,2024,227,"Sweet Bitter Gourd ,, (Kakrol)","Sweet Bitter Gourd ,, (Kakrol)",,Tk per quintal,,,,7320.0,5420.0,3948.0,4181.0,4072.0,4447.0,5221.0,5337.0,4291.0,4797.0,,,621
BBS Yearbook of Agricultural Statistics of Bangladesh 2025,10.1,wholesale,2024,228,",, Lady's Finger",Sweet Lady's Finger,,Tk per quintal,4243.0,5430.0,5613.0,3989.0,3194.0,2449.0,3063.0,3399.0,3713.0,4459.0,3873.0,3225.0,3947.0,,,621
BBS Yearbook of Agricultural Statistics of Bangladesh 2025,10.1,wholesale,2024,229,",, Cucumber (Sosha)",Sweet Cucumber (Sosha),,Tk per quintal,2793.0,2496.0,2756.0,4061.0,3475.0,3016.0,2900.0,3282.0,3396.0,3988.0,2987.0,3934.0,3179.0,,,621
BBS Yearbook of Agricultural Statistics of Bangladesh 2025,10.1,wholesale,2024,230,",, Khirai",Sweet Khirai,,Tk per quintal,2630.0,2315.0,2400.0,3378.0,3260.0,2618.0,2739.0,3212.0,3470.0,4156.0,3268.0,2998.0,3046.0,,,621
BBS Yearbook of Agricultural Statistics of Bangladesh 2025,10.1,wholesale,2024,231,",, Beans",Sweet Beans,,Tk per quintal,2462.0,2552.0,2876.0,3612.0,3939.0,,,,11146.0,12376.0,5202.0,3104.0,5383.0,sep;oct,,621
BBS Yearbook of Agricultural Statistics of Bangladesh 2025,10.1,wholesale,2024,232,",, Long bean (Barbati)",Sweet Long bean (Barbati),,Tk per quintal,3934.0,4723.0,5316.0,4893.0,4379.0,3896.0,4166.0,4696.0,5419.0,5967.0,4727.0,4282.0,4709.0,,,621
BBS Yearbook of Agricultural Statistics of Bangladesh 2025,10.1,wholesale,2024,233,",, Tomato Ripe",Sweet Tomato Ripe,,Tk per quintal,2871.0,1837.0,1832.0,2355.0,3243.0,4775.0,11125.0,14260.0,9209.0,8145.0,8509.0,5491.0,6138.0,,,621
BBS Yearbook of Agricultural Statistics of Bangladesh 2025,10.1,wholesale,2024,234,"Green pea ,, (Motorshooti)","Green pea ,, (Motorshooti)",,Tk per quintal,6478.0,5753.0,5594.0,5033.0,6375.0,,,,,,,11302.0,6756.0,,,621
BBS Yearbook of Agricultural Statistics of Bangladesh 2025,10.1,wholesale,2024,235,",, Ridge Gourd (Jinga)",Green Ridge Gourd (Jinga),,Tk per quintal,4048.0,3900.0,5234.0,4670.0,3906.0,3350.0,3727.0,3922.0,4026.0,4495.0,3997.0,3663.0,4078.0,,,621
BBS Yearbook of Agricultural Statistics of Bangladesh 2025,10.1,wholesale,2024,236,"Snake Gourd ,, (Chichinga)","Snake Gourd ,, (Chichinga)",,Tk per quintal,3604.0,3606.0,3922.0,3724.0,3473.0,2957.0,3171.0,3212.0,3478.0,4035.0,3634.0,3208.0,3502.0,,,621
BBS Yearbook of Agricultural Statistics of Bangladesh 2025,10.1,wholesale,2024,237,"Sponge Gourd ,, (Dundol)","Sponge Gourd ,, (Dundol)",,Tk per quintal,3225.0,3225.0,3752.0,3719.0,3358.0,2812.0,2826.0,2782.0,2973.0,3410.0,3171.0,3078.0,3194.0,,,621
BBS Yearbook of Agricultural Statistics of Bangladesh 2025,10.1,wholesale,2024,238,"Radish Spinach (Mula ,, Shak)","Radish Spinach (Mula ,, Shak)",,Tk per quintal,1247.0,1285.0,1321.0,800.0,1367.0,,,2036.0,2566.0,2639.0,1929.0,1447.0,1664.0,,,621
BBS Yearbook of Agricultural Statistics of Bangladesh 2025,10.1,wholesale,2024,239,"Red Spinach (lal ,, Shak)","Red Spinach (lal ,, Shak)",,Tk per quintal,1836.0,1959.0,1861.0,2066.0,2199.0,2284.0,2352.0,2304.0,2553.0,2963.0,2483.0,2141.0,2250.0,,,621
BBS Yearbook of Agricultural Statistics of Bangladesh 2025,10.1,wholesale,2024,240,",, Spinach (Palongsak)",Red Spinach (Palongsak),,Tk per quintal,1652.0,1616.0,1713.0,1806.0,2004.0,2045.0,1863.0,2008.0,2307.0,3394.0,2618.0,2223.0,2104.0,,,621
BBS Yearbook of Agricultural Statistics of Bangladesh 2025,10.1,wholesale,2024,241,"Indian Spinach ,, (Puishak)","Indian Spinach ,, (Puishak)",,Tk per quintal,1714.0,1833.0,1874.0,1824.0,1785.0,1726.0,1675.0,1768.0,1905.0,2097.0,2071.0,1843.0,1843.0,,,621
BBS Yearbook of Agricultural Statistics of Bangladesh 2025,10.1,wholesale,2024,242,",, Amaranth (Danta)",Indian Amaranth (Danta),,Tk per quintal,1773.0,1780.0,1812.0,1976.0,1965.0,1814.0,2041.0,1977.0,2074.0,2167.0,2290.0,2136.0,1984.0,,,621
BBS Yearbook of Agricultural Statistics of Bangladesh 2025,10.1,wholesale,2024,243,",, Cauliflower",Indian Cauliflower,,Tk per quintal,1961.0,1602.0,1830.0,2719.0,5617.0,,,,5545.0,5928.0,3637.0,3485.0,3591.0,,,621
BBS Yearbook of Agricultural Statistics of Bangladesh 2025,10.1,wholesale,2024,244,",, Cabbage",Indian Cabbage,,Tk per quintal,1561.0,1295.0,1257.0,1632.0,4133.0,,,,3811.0,4009.0,3305.0,2516.0,2613.0,,,621
BBS Yearbook of Agricultural Statistics of Bangladesh 2025,10.1,wholesale,2024,245,Broccoli,Broccoli,,Tk per quintal,3794.0,2888.0,2918.0,3650.0,,,,,,,,4528.0,3555.0,,,621
BBS Yearbook of Agricultural Statistics of Bangladesh 2025,10.1,wholesale,2024,246,",, Kohlrabi (Ol Kopi)",Broccoli Kohlrabi (Ol Kopi),,Tk per quintal,1673.0,1477.0,1694.0,2000.0,1700.0,,,,,,3467.0,2791.0,2115.0,,,621
BBS Yearbook of Agricultural Statistics of Bangladesh 2025,10.1,wholesale,2024,247,",, Carrot",Broccoli Carrot,,Tk per quintal,3041.0,2617.0,2586.0,3374.0,5028.0,7085.0,8790.0,10044.0,9779.0,9269.0,8571.0,5026.0,6267.0,,,621
BBS Yearbook of Agricultural Statistics of Bangladesh 2025,10.1,wholesale,2024,248,",, Green Banana",Broccoli Green Banana,,Tk per quintal,388.0,399.0,388.0,442.0,420.0,437.0,476.0,456.0,466.0,496.0,517.0,434.0,443.0,,,622
BBS Yearbook of Agricultural Statistics of Bangladesh 2025,10.1,wholesale,2024,249,",, Radish-Local",Broccoli Radish-Local,,Tk per quintal,1095.0,1164.0,1347.0,2513.0,3354.0,3020.0,3277.0,3143.0,3257.0,3848.0,2517.0,1419.0,2496.0,,,622
BBS Yearbook of Agricultural Statistics of Bangladesh 2025,10.1,wholesale,2024,250,Bibidh: Sugar-Local,Bibidh: Sugar-Local,,Tk per quintal,10670.0,10751.0,11094.0,11442.0,12554.0,12700.0,12666.0,12840.0,12864.0,12897.0,13323.0,13355.0,12263.0,,,622
BBS Yearbook of Agricultural Statistics of Bangladesh 2025,10.1,wholesale,2024,251,",, Sugar-foreign",Bibidh: Sugar-foreign,,Tk per quintal,10459.0,10618.0,10804.0,11234.0,12490.0,12517.0,12759.0,12663.0,12837.0,12578.0,13257.0,13602.0,12152.0,,,622
BBS Yearbook of Agricultural Statistics of Bangladesh 2025,10.1,wholesale,2024,252,",, Sugarcane",Bibidh: Sugarcane,,Tk per quintal,10484.0,10587.0,10856.0,11076.0,11365.0,11443.0,11588.0,11628.0,11582.0,11507.0,11307.0,11302.0,11227.0,,,622
BBS Yearbook of Agricultural Statistics of Bangladesh 2025,10.1,wholesale,2024,253,",, Dates",Bibidh: Dates,,Tk per quintal,16610.0,16295.0,17190.0,16206.0,16653.0,16070.0,14700.0,14735.0,14709.0,14595.0,14423.0,17184.0,15781.0,,,622
BBS Yearbook of Agricultural Statistics of Bangladesh 2025,10.1,wholesale,2024,254,Salt With Iodine,Salt With Iodine,,Tk per quintal,3089.0,3142.0,3180.0,3192.0,3320.0,3306.0,3324.0,3353.0,3369.0,3396.0,3399.0,3397.0,3289.0,,,622
BBS Yearbook of Agricultural Statistics of Bangladesh 2025,10.1,wholesale,2024,255,",, Loose",Salt Loose,,Tk per quintal,1887.0,1886.0,1891.0,1897.0,1906.0,1967.0,1972.0,1974.0,1988.0,1992.0,1998.0,2030.0,1949.0,,,622
BBS Yearbook of Agricultural Statistics of Bangladesh 2025,10.1,wholesale,2024,256,Vushi Lentil (Mashur),Vushi Lentil (Mashur),,Tk per quintal,4112.0,4257.0,4235.0,4379.0,4442.0,4442.0,4465.0,4391.0,4456.0,4262.0,4190.0,4431.0,4338.0,,,622
BBS Yearbook of Agricultural Statistics of Bangladesh 2025,10.1,wholesale,2024,257,",, Chickpea (Chola)",Vushi Chickpea (Chola),,Tk per quintal,4601.0,4744.0,4924.0,4963.0,5033.0,5086.0,5086.0,5041.0,4880.0,4869.0,4822.0,5063.0,4926.0,,,622
BBS Yearbook of Agricultural Statistics of Bangladesh 2025,10.1,wholesale,2024,258,",, Grass pea (Kheshari)",Vushi Grass pea (Kheshari),,Tk per quintal,4610.0,4488.0,4799.0,4812.0,4876.0,4932.0,4942.0,4901.0,4873.0,4834.0,4814.0,4779.0,4805.0,,,622
BBS Yearbook of Agricultural Statistics of Bangladesh 2025,10.1,wholesale,2024,259,",, Wheat",Vushi Wheat,,Tk per quintal,4595.0,4789.0,4873.0,4918.0,4977.0,4932.0,4836.0,4723.0,4546.0,4421.0,4446.0,4437.0,4708.0,,,622
BBS Yearbook of Agricultural Statistics of Bangladesh 2025,10.1,wholesale,2024,260,",, Rice kura",Vushi Rice kura,,Tk per quintal,1581.0,1626.0,1679.0,1712.0,1695.0,1769.0,1746.0,1763.0,1719.0,1669.0,1660.0,1693.0,1693.0,,,622
BBS Yearbook of Agricultural Statistics of Bangladesh 2025,10.1,wholesale,2024,261,",, Lakri cherai Mango",Vushi Lakri cherai Mango,,Tk per quintal,645.0,644.0,652.0,649.0,667.0,676.0,677.0,675.0,667.0,670.0,658.0,654.0,661.0,,,622
BBS Yearbook of Agricultural Statistics of Bangladesh 2025,10.2,wholesale,2025,1,Paddy Aman Fine,Paddy Aman Fine,1quintal,Tk per quintal,4067.0,4180.0,4210.0,4218.0,3918.0,4177.0,4251.0,4322.0,4359.0,3972.0,3763.0,,4131.0,,,623
BBS Yearbook of Agricultural Statistics of Bangladesh 2025,10.2,wholesale,2025,2,Paddy Aman Medium,Paddy Aman Medium,1quintal,Tk per quintal,3558.0,3581.0,3608.0,3580.0,3408.0,3340.0,3349.0,3287.0,3297.0,3188.0,2987.0,,3380.0,,,623
BBS Yearbook of Agricultural Statistics of Bangladesh 2025,10.2,wholesale,2025,3,Paddy Aman Coarse,Paddy Aman Coarse,1quintal,Tk per quintal,3265.0,3290.0,3333.0,3321.0,3129.0,3135.0,3143.0,3128.0,3192.0,3106.0,2798.0,,3167.0,,,623
BBS Yearbook of Agricultural Statistics of Bangladesh 2025,10.2,wholesale,2025,4,Paddy Aman Panjam,Paddy Aman Panjam,1quintal,Tk per quintal,3853.0,3750.0,3745.0,3714.0,3500.0,,,,,2875.0,3174.0,,3516.0,,,623
BBS Yearbook of Agricultural Statistics of Bangladesh 2025,10.2,wholesale,2025,5,Paddy Aman Shugandhi,Paddy Aman Shugandhi,1quintal,Tk per quintal,5072.0,5020.0,4996.0,5681.0,5865.0,,,,,,,,5327.0,,,623
BBS Yearbook of Agricultural Statistics of Bangladesh 2025,10.2,wholesale,2025,6,Paddy Aus Medium,Paddy Aus Medium,1quintal,Tk per quintal,3403.0,3395.0,3417.0,3406.0,3263.0,3263.0,3263.0,2946.0,3153.0,3234.0,3263.0,,3273.0,,,623
BBS Yearbook of Agricultural Statistics of Bangladesh 2025,10.2,wholesale,2025,7,Paddy Aus Coarse,Paddy Aus Coarse,1quintal,Tk per quintal,3133.0,3159.0,3163.0,3150.0,3150.0,3150.0,3150.0,2948.0,2791.0,2899.0,2889.0,,3053.0,,,623
BBS Yearbook of Agricultural Statistics of Bangladesh 2025,10.2,wholesale,2025,8,Paddy Aus Panjam,Paddy Aus Panjam,1quintal,Tk per quintal,,,,,,,,,2957.0,3108.0,,,3032.0,,,623
BBS Yearbook of Agricultural Statistics of Bangladesh 2025,10.2,wholesale,2025,9,Paddy Boro Fine,Paddy Boro Fine,1quintal,Tk per quintal,4178.0,4471.0,4539.0,3574.0,3464.0,3671.0,3861.0,3880.0,3856.0,3881.0,3978.0,,3941.0,,,623
BBS Yearbook of Agricultural Statistics of Bangladesh 2025,10.2,wholesale,2025,10,Paddy Boro Medium,Paddy Boro Medium,1quintal,Tk per quintal,3748.0,3724.0,3746.0,3089.0,2983.0,3144.0,3350.0,3377.0,3347.0,3332.0,3307.0,,3377.0,,,623
BBS Yearbook of Agricultural Statistics of Bangladesh 2025,10.2,wholesale,2025,11,Paddy Boro Coars,Paddy Boro Coars,1quintal,Tk per quintal,3308.0,3348.0,3352.0,2760.0,2709.0,2878.0,3063.0,3085.0,3059.0,3039.0,2981.0,,3053.0,,,623
BBS Yearbook of Agricultural Statistics of Bangladesh 2025,10.2,wholesale,2025,12,Paddy Boro Panjam,Paddy Boro Panjam,1quintal,Tk per quintal,,,,,,,,,,,,,,,,623
BBS Yearbook of Agricultural Statistics of Bangladesh 2025,10.2,wholesale,2025,13,Rice Aman Fine,Rice Aman Fine,1quintal,Tk per quintal,7339.0,7314.0,7360.0,7434.0,7315.0,7197.0,7412.0,7458.0,7429.0,7379.0,7285.0,,7356.0,,,623
BBS Yearbook of Agricultural Statistics of Bangladesh 2025,10.2,wholesale,2025,14,Rice Aman Medium,Rice Aman Medium,1quintal,Tk per quintal,5899.0,5857.0,5877.0,5881.0,5764.0,5783.0,5890.0,5877.0,5834.0,5800.0,5416.0,,5807.0,,,623
BBS Yearbook of Agricultural Statistics of Bangladesh 2025,10.2,wholesale,2025,15,Rice Aman Coarse,Rice Aman Coarse,1quintal,Tk per quintal,4993.0,4952.0,4967.0,5027.0,4963.0,4987.0,5089.0,5067.0,5065.0,5016.0,4728.0,,4987.0,,,623
BBS Yearbook of Agricultural Statistics of Bangladesh 2025,10.2,wholesale,2025,16,Rice Aman Panjam,Rice Aman Panjam,1quintal,Tk per quintal,6319.0,6372.0,6382.0,6405.0,6360.0,6388.0,6533.0,6525.0,6427.0,6439.0,5736.0,,6353.0,,,623
BBS Yearbook of Agricultural Statistics of Bangladesh 2025,10.2,wholesale,2025,17,Rice Aus Medium,Rice Aus Medium,1quintal,Tk per quintal,6100.0,6096.0,6071.0,6060.0,6150.0,6094.0,6075.0,6050.0,5925.0,5925.0,5925.0,,6043.0,,,623
BBS Yearbook of Agricultural Statistics of Bangladesh 2025,10.2,wholesale,2025,18,Rice Aus Coars,Rice Aus Coars,1quintal,Tk per quintal,5000.0,5019.0,5106.0,5090.0,4700.0,4700.0,4620.0,4613.0,4875.0,4805.0,4763.0,,4845.0,,,623
BBS Yearbook of Agricultural Statistics of Bangladesh 2025,10.2,wholesale,2025,19,Rice Aus Panjam,Rice Aus Panjam,1quintal,Tk per quintal,7460.0,7900.0,8000.0,8080.0,7700.0,7488.0,7450.0,7750.0,7750.0,7750.0,7750.0,,7734.0,,,623
BBS Yearbook of Agricultural Statistics of Bangladesh 2025,10.2,wholesale,2025,20,Rice Boro Fine,Rice Boro Fine,1quintal,Tk per quintal,7202.0,7356.0,7487.0,7572.0,7275.0,7211.0,7393.0,7374.0,7361.0,7294.0,7279.0,,7346.0,,,623
BBS Yearbook of Agricultural Statistics of Bangladesh 2025,10.2,wholesale,2025,21,Rice Boro Medium,Rice Boro Medium,1quintal,Tk per quintal,6017.0,6039.0,6084.0,6056.0,5822.0,5795.0,5961.0,5934.0,5904.0,5870.0,5800.0,,5935.0,,,623
BBS Yearbook of Agricultural Statistics of Bangladesh 2025,10.2,wholesale,2025,22,Rice Boro Coars,Rice Boro Coars,1quintal,Tk per quintal,4989.0,4947.0,4948.0,4971.0,4862.0,4831.0,4986.0,5010.0,4977.0,4910.0,4836.0,,4933.0,,,623
BBS Yearbook of Agricultural Statistics of Bangladesh 2025,10.2,wholesale,2025,23,Rice Boro Panjam,Rice Boro Panjam,1quintal,Tk per quintal,5811.0,5477.0,5486.0,5463.0,5375.0,5399.0,5541.0,5506.0,5442.0,5442.0,5428.0,,5488.0,,,623
BBS Yearbook of Agricultural Statistics of Bangladesh 2025,10.2,wholesale,2025,24,Rice OMS Coarse,Rice OMS Coarse,1quintal,Tk per quintal,3300.0,3300.0,3300.0,3300.0,3300.0,3300.0,3300.0,3300.0,3300.0,3300.0,3300.0,,3300.0,,,623
BBS Yearbook of Agricultural Statistics of Bangladesh 2025,10.2,wholesale,2025,25,Aromatic Rice Chinigura,Aromatic Rice Chinigura,1quintal,Tk per quintal,11484.0,11361.0,11315.0,11270.0,11180.0,11127.0,11150.0,11132.0,11205.0,11266.0,11245.0,,11249.0,,,623
BBS Yearbook of Agricultural Statistics of Bangladesh 2025,10.2,wholesale,2025,26,Aromatic Rice Kalojira,Aromatic Rice Kalojira,1quintal,Tk per quintal,10829.0,10619.0,10655.0,10534.0,10421.0,10506.0,10561.0,10542.0,10562.0,10656.0,10624.0,,10592.0,,,623
BBS Yearbook of Agricultural Statistics of Bangladesh 2025,10.2,wholesale,2025,27,Aromatic Rice Kataribhog,Aromatic Rice Kataribhog,1quintal,Tk per quintal,8328.0,8393.0,8442.0,8492.0,8485.0,8509.0,8265.0,8043.0,8050.0,8254.0,8294.0,,8323.0,,,623
BBS Yearbook of Agricultural Statistics of Bangladesh 2025,10.2,wholesale,2025,28,Wheat Local Red,Wheat Local Red,1quintal,Tk per quintal,3918.0,3873.0,3854.0,3841.0,3869.0,3879.0,3975.0,3927.0,4107.0,4113.0,4136.0,,3954.0,,,623
BBS Yearbook of Agricultural Statistics of Bangladesh 2025,10.2,wholesale,2025,29,Wheat White,Wheat White,1quintal,Tk per quintal,3911.0,3896.0,3852.0,3758.0,3750.0,3697.0,3725.0,3886.0,4015.0,4106.0,4074.0,,3879.0,,,623
BBS Yearbook of Agricultural Statistics of Bangladesh 2025,10.2,wholesale,2025,30,Imported Wheat Red,Imported Wheat Red,1quintal,Tk per quintal,3751.0,3740.0,3712.0,3695.0,3705.0,3719.0,3742.0,3840.0,3934.0,3904.0,3889.0,,3785.0,,,623
BBS Yearbook of Agricultural Statistics of Bangladesh 2025,10.2,wholesale,2025,31,Imported Wheat White,Imported Wheat White,1quintal,Tk per quintal,3887.0,3883.0,3860.0,3858.0,3846.0,3856.0,3821.0,3885.0,3949.0,3965.0,3996.0,,3891.0,,,623
BBS Yearbook of Agricultural Statistics of Bangladesh 2025,10.2,wholesale,2025,32,Ata loose,Ata loose,1quintal,Tk per quintal,3782.0,3715.0,3652.0,3624.0,3619.0,3640.0,3651.0,3899.0,4107.0,4170.0,4095.0,,3814.0,,,623
BBS Yearbook of Agricultural Statistics of Bangladesh 2025,10.2,wholesale,2025,33,Ata Packet,Ata Packet,1quintal,Tk per quintal,4696.0,4656.0,4637.0,4610.0,4579.0,4552.0,4564.0,4616.0,4821.0,4914.0,4958.0,,4691.0,,,623
BBS Yearbook of Agricultural Statistics of Bangladesh 2025,10.2,wholesale,2025,34,Flour Loose,Flour Loose,1quintal,Tk per quintal,5173.0,5108.0,5064.0,5044.0,5004.0,5009.0,5272.0,5051.0,5114.0,5121.0,5106.0,,5097.0,,,623
BBS Yearbook of Agricultural Statistics of Bangladesh 2025,10.2,wholesale,2025,35,Flour Packet,Flour Packet,1quintal,Tk per quintal,6302.0,6194.0,6165.0,6141.0,6096.0,6086.0,6079.0,6060.0,6088.0,6142.0,6153.0,,6137.0,,,623
BBS Yearbook of Agricultural Statistics of Bangladesh 2025,10.2,wholesale,2025,36,Maize,Maize,1quintal,Tk per quintal,3773.0,3349.0,3279.0,3102.0,2970.0,2965.0,3022.0,3057.0,2943.0,3089.0,3132.0,,3153.0,,,623
BBS Yearbook of Agricultural Statistics of Bangladesh 2025,10.2,wholesale,2025,37,Kalai Mashkalai (Black gram),Kalai Mashkalai (Black gram),1quintal,Tk per quintal,13016.0,12937.0,12654.0,12636.0,12716.0,12657.0,12661.0,12763.0,12789.0,12710.0,12764.0,,12755.0,,,623
BBS Yearbook of Agricultural Statistics of Bangladesh 2025,10.2,wholesale,2025,38,Kalai Mashur (Lentil),Kalai Mashur (Lentil),1quintal,Tk per quintal,9149.0,8838.0,8751.0,8726.0,8711.0,8796.0,8842.0,9711.0,9847.0,9914.0,10196.0,,9226.0,,,623
BBS Yearbook of Agricultural Statistics of Bangladesh 2025,10.2,wholesale,2025,39,Kalai Mugh (Green gram),Kalai Mugh (Green gram),1quintal,Tk per quintal,12178.0,12261.0,11627.0,11736.0,11618.0,11400.0,11203.0,11202.0,11328.0,11457.0,11152.0,,11560.0,,,623
BBS Yearbook of Agricultural Statistics of Bangladesh 2025,10.2,wholesale,2025,40,Kalai Chola (Chickpea),Kalai Chola (Chickpea),1quintal,Tk per quintal,11116.0,11557.0,11339.0,11010.0,10939.0,10976.0,9370.0,9789.0,9485.0,9575.0,9537.0,,10427.0,,,623
BBS Yearbook of Agricultural Statistics of Bangladesh 2025,10.2,wholesale,2025,41,Kalai Motor (Pea) Local,Kalai Motor (Pea) Local,1quintal,Tk per quintal,6452.0,6320.0,7701.0,7554.0,7404.0,7374.0,7603.0,7783.0,7948.0,7869.0,7547.0,,7414.0,,,623
BBS Yearbook of Agricultural Statistics of Bangladesh 2025,10.2,wholesale,2025,42,Kalai Motor (Pea) Foreign (Dabri),Kalai Motor (Pea) Foreign (Dabri),1quintal,Tk per quintal,6579.0,6340.0,6108.0,5981.0,5869.0,5781.0,5701.0,5641.0,5643.0,5591.0,5420.0,,5878.0,,,623
BBS Yearbook of Agricultural Statistics of Bangladesh 2025,10.2,wholesale,2025,43,Kalai Kheshari (Grass pea),Kalai Kheshari (Grass pea),1quintal,Tk per quintal,7889.0,7888.0,7524.0,7215.0,6993.0,6837.0,6792.0,6956.0,7006.0,7101.0,6888.0,,7190.0,,,624
BBS Yearbook of Agricultural Statistics of Bangladesh 2025,10.2,wholesale,2025,44,Dal Mashkalai (Balck gram) Gota,Dal Mashkalai (Balck gram) Gota,1quintal,Tk per quintal,15948.0,15992.0,15618.0,15435.0,15392.0,15355.0,15191.0,15053.0,15093.0,15239.0,14869.0,,15380.0,,,624
BBS Yearbook of Agricultural Statistics of Bangladesh 2025,10.2,wholesale,2025,45,Dal Mash (Black gram) Broken,Dal Mash (Black gram) Broken,1quintal,Tk per quintal,16869.0,16675.0,16127.0,16131.0,16071.0,15998.0,15876.0,15755.0,15724.0,15689.0,15557.0,,16043.0,,,624
BBS Yearbook of Agricultural Statistics of Bangladesh 2025,10.2,wholesale,2025,46,Dal Mashur (lentil) Local Gota,Dal Mashur (lentil) Local Gota,1quintal,Tk per quintal,12514.0,12493.0,12391.0,12320.0,12308.0,12297.0,12347.0,13131.0,13599.0,13750.0,13738.0,,12808.0,,,624
BBS Yearbook of Agricultural Statistics of Bangladesh 2025,10.2,wholesale,2025,47,Dal Mashur (Lentil) Local Broken,Dal Mashur (Lentil) Local Broken,1quintal,Tk per quintal,10431.0,10424.0,10421.0,10394.0,10357.0,10381.0,10425.0,10644.0,10719.0,10972.0,10911.0,,10553.0,,,624
BBS Yearbook of Agricultural Statistics of Bangladesh 2025,10.2,wholesale,2025,48,Dal Mashur (Lentil) Foreign,Dal Mashur (Lentil) Foreign,1quintal,Tk per quintal,10896.0,11190.0,10626.0,10576.0,10519.0,10424.0,10801.0,11002.0,10699.0,10674.0,10430.0,,10713.0,,,624
BBS Yearbook of Agricultural Statistics of Bangladesh 2025,10.2,wholesale,2025,49,Dal Mug (Green gram) Local,Dal Mug (Green gram) Local,1quintal,Tk per quintal,15168.0,14996.0,14846.0,14730.0,14739.0,14610.0,14469.0,14471.0,14470.0,14441.0,14297.0,,14658.0,,,624
BBS Yearbook of Agricultural Statistics of Bangladesh 2025,10.2,wholesale,2025,50,Dal Chola (Chickpea) Gota,Dal Chola (Chickpea) Gota,1quintal,Tk per quintal,11861.0,11511.0,10905.0,10723.0,10569.0,10522.0,10422.0,10390.0,10515.0,10540.0,10394.0,,10759.0,,,624
BBS Yearbook of Agricultural Statistics of Bangladesh 2025,10.2,wholesale,2025,51,Dal Chola (Chickpea) Broken,Dal Chola (Chickpea) Broken,1quintal,Tk per quintal,12378.0,11965.0,11345.0,11321.0,11066.0,10978.0,10780.0,10716.0,10842.0,10791.0,10740.0,,11175.0,,,624
BBS Yearbook of Agricultural Statistics of Bangladesh 2025,10.2,wholesale,2025,52,Dal Motor (Pea) Local,Dal Motor (Pea) Local,1quintal,Tk per quintal,10540.0,10395.0,10218.0,10015.0,9933.0,9897.0,10143.0,9950.0,9777.0,9584.0,9540.0,,9999.0,,,624
BBS Yearbook of Agricultural Statistics of Bangladesh 2025,10.2,wholesale,2025,53,Dal Motor (Pea) Foreign,Dal Motor (Pea) Foreign,1quintal,Tk per quintal,6774.0,6573.0,6386.0,6252.0,6165.0,6067.0,5981.0,5920.0,5901.0,5834.0,5721.0,,6143.0,,,624
BBS Yearbook of Agricultural Statistics of Bangladesh 2025,10.2,wholesale,2025,54,Dal Kheshari (Grass pea),Dal Kheshari (Grass pea),1quintal,Tk per quintal,10279.0,10271.0,10252.0,10044.0,9897.0,9830.0,9523.0,9343.0,9300.0,9253.0,8930.0,,9720.0,,,624
BBS Yearbook of Agricultural Statistics of Bangladesh 2025,10.2,wholesale,2025,55,Oil Seed Mustard,Oil Seed Mustard,1quintal,Tk per quintal,8750.0,8600.0,8648.0,8551.0,8648.0,8800.0,8978.0,9277.0,9387.0,9438.0,9452.0,,8957.0,,,624
BBS Yearbook of Agricultural Statistics of Bangladesh 2025,10.2,wholesale,2025,56,Oil Seed Tishi,Oil Seed Tishi,1quintal,Tk per quintal,13755.0,13319.0,13733.0,13828.0,13970.0,13945.0,12301.0,12438.0,12440.0,12434.0,12356.0,,13138.0,,,624
BBS Yearbook of Agricultural Statistics of Bangladesh 2025,10.2,wholesale,2025,57,Oil Seed Till,Oil Seed Till,1quintal,Tk per quintal,14358.0,14641.0,14275.0,14492.0,14333.0,16969.0,17096.0,17022.0,16147.0,12889.0,12884.0,,15010.0,,,624
BBS Yearbook of Agricultural Statistics of Bangladesh 2025,10.2,wholesale,2025,58,Oil Seed Nut,Oil Seed Nut,1quintal,Tk per quintal,13737.0,13578.0,13434.0,13385.0,13337.0,13056.0,13101.0,13277.0,13264.0,13222.0,13230.0,,13329.0,,,624
BBS Yearbook of Agricultural Statistics of Bangladesh 2025,10.2,wholesale,2025,59,Oil Mustard Loose 100L,Oil Mustard Loose 100L,1quintal,Tk per quintal,20088.0,20391.0,20276.0,20308.0,20383.0,20450.0,20441.0,20604.0,20622.0,20655.0,20701.0,,20447.0,,,624
BBS Yearbook of Agricultural Statistics of Bangladesh 2025,10.2,wholesale,2025,60,Oil Soyabeen,Oil Soyabeen,1quintal,Tk per quintal,16524.0,16981.0,16361.0,16333.0,16456.0,16388.0,16365.0,16528.0,16733.0,16941.0,17126.0,,16612.0,,,624
BBS Yearbook of Agricultural Statistics of Bangladesh 2025,10.2,wholesale,2025,61,Oil Pulm,Oil Pulm,1quintal,Tk per quintal,15373.0,15241.0,14905.0,15036.0,14997.0,14899.0,14853.0,14958.0,15155.0,15293.0,15508.0,,15111.0,,,624
BBS Yearbook of Agricultural Statistics of Bangladesh 2025,10.2,wholesale,2025,62,Oil Ghee (Dalda),Oil Ghee (Dalda),1quintal,Tk per quintal,16753.0,16689.0,16977.0,16968.0,16977.0,17011.0,17161.0,17139.0,17004.0,16971.0,16984.0,,16967.0,,,624
BBS Yearbook of Agricultural Statistics of Bangladesh 2025,10.2,wholesale,2025,63,Oill Butter Oil,Oill Butter Oil,1quintal,Tk per quintal,91625.0,91625.0,91625.0,89667.0,89458.0,88833.0,89167.0,63209.0,95750.0,79125.0,76250.0,,86030.0,,,624
BBS Yearbook of Agricultural Statistics of Bangladesh 2025,10.2,wholesale,2025,64,Oil Cocount Local Loose 100L,Oil Cocount Local Loose 100L,1quintal,Tk per quintal,36840.0,37031.0,37482.0,37815.0,38030.0,38024.0,40058.0,40805.0,41852.0,41928.0,42393.0,,39296.0,,,624
BBS Yearbook of Agricultural Statistics of Bangladesh 2025,10.2,wholesale,2025,65,Khail Mustard,Khail Mustard,1quintal,Tk per quintal,4660.0,4662.0,4663.0,4651.0,4617.0,4599.0,4599.0,4565.0,4543.0,4539.0,4463.0,,4596.0,,,624
BBS Yearbook of Agricultural Statistics of Bangladesh 2025,10.2,wholesale,2025,66,Khail Till,Khail Till,1quintal,Tk per quintal,4753.0,7688.0,5539.0,4844.0,4843.0,4829.0,4839.0,4921.0,4783.0,4787.0,4695.0,,5138.0,,,624
BBS Yearbook of Agricultural Statistics of Bangladesh 2025,10.2,wholesale,2025,67,Khail Others,Khail Others,1quintal,Tk per quintal,5210.0,6558.0,5550.0,5183.0,5181.0,5167.0,5175.0,5175.0,5160.0,5130.0,5083.0,,5325.0,,,624
BBS Yearbook of Agricultural Statistics of Bangladesh 2025,10.2,wholesale,2025,68,Spice Onion Local,Spice Onion Local,1quintal,Tk per quintal,4248.0,3659.0,3071.0,3942.0,4730.0,4653.0,4934.0,6669.0,6418.0,6509.0,9259.0,,5281.0,,,624
BBS Yearbook of Agricultural Statistics of Bangladesh 2025,10.2,wholesale,2025,69,Spice Onion Imported,Spice Onion Imported,1quintal,Tk per quintal,5043.0,5059.0,4751.0,4477.0,4973.0,5304.0,5103.0,6370.0,6664.0,6615.0,8958.0,,5756.0,,,624
BBS Yearbook of Agricultural Statistics of Bangladesh 2025,10.2,wholesale,2025,70,Spice Garlic Local,Spice Garlic Local,1quintal,Tk per quintal,21003.0,16758.0,9592.0,9842.0,10382.0,10746.0,9158.0,9198.0,8817.0,7939.0,7387.0,,10984.0,,,624
BBS Yearbook of Agricultural Statistics of Bangladesh 2025,10.2,wholesale,2025,71,Spice Garlic Imported,Spice Garlic Imported,1quintal,Tk per quintal,19913.0,20370.0,19394.0,19329.0,18273.0,16009.0,15292.0,13604.0,12971.0,13047.0,14294.0,,16591.0,,,624
BBS Yearbook of Agricultural Statistics of Bangladesh 2025,10.2,wholesale,2025,72,Spice Chilli Dried,Spice Chilli Dried,1quintal,Tk per quintal,30663.0,29594.0,28467.0,27767.0,26719.0,26493.0,26435.0,26007.0,25971.0,25555.0,25684.0,,27214.0,,,624
BBS Yearbook of Agricultural Statistics of Bangladesh 2025,10.2,wholesale,2025,73,Spice Green Chilli,Spice Green Chilli,1quintal,Tk per quintal,3655.0,3250.0,3591.0,4146.0,4110.0,4102.0,11724.0,15840.0,14177.0,15830.0,11242.0,,8333.0,aug;sep;oct,,624
BBS Yearbook of Agricultural Statistics of Bangladesh 2025,10.2,wholesale,2025,74,Spice Ginger Local,Spice Ginger Local,1quintal,Tk per quintal,11100.0,10708.0,9654.0,10597.0,10675.0,10723.0,11071.0,15132.0,16391.0,12349.0,11894.0,,11845.0,,,624
BBS Yearbook of Agricultural Statistics of Bangladesh 2025,10.2,wholesale,2025,75,Spice Ginger Imported,Spice Ginger Imported,1quintal,Tk per quintal,11660.0,11508.0,11427.0,9892.0,9919.0,10352.0,12579.0,15541.0,13618.0,13086.0,13015.0,,12054.0,,,624
BBS Yearbook of Agricultural Statistics of Bangladesh 2025,10.2,wholesale,2025,76,Spice Turmeric Round Local,Spice Turmeric Round Local,1quintal,Tk per quintal,24415.0,23802.0,22902.0,22779.0,23051.0,23127.0,23000.0,22484.0,22513.0,22404.0,22875.0,,23032.0,,,624
BBS Yearbook of Agricultural Statistics of Bangladesh 2025,10.2,wholesale,2025,77,Spice Turmeric Long,Spice Turmeric Long,1quintal,Tk per quintal,24737.0,24511.0,23913.0,24052.0,24295.0,24257.0,24340.0,24283.0,24138.0,24017.0,24167.0,,24246.0,,,624
BBS Yearbook of Agricultural Statistics of Bangladesh 2025,10.2,wholesale,2025,78,Spice Coriander old,Spice Coriander old,1quintal,Tk per quintal,18142.0,18036.0,17839.0,17588.0,17716.0,17614.0,17450.0,17055.0,16971.0,16900.0,16671.0,,17453.0,,,624
BBS Yearbook of Agricultural Statistics of Bangladesh 2025,10.2,wholesale,2025,79,Spice Coriander New,Spice Coriander New,1quintal,Tk per quintal,18395.0,17994.0,17479.0,16276.0,16393.0,15754.0,15639.0,15458.0,15699.0,15852.0,15764.0,,16428.0,,,624
BBS Yearbook of Agricultural Statistics of Bangladesh 2025,10.2,wholesale,2025,80,Jute White,Jute White,1quintal,Tk per quintal,8380.0,8875.0,8875.0,9000.0,8708.0,8688.0,8688.0,8000.0,8094.0,8250.0,9350.0,,8628.0,,,624
BBS Yearbook of Agricultural Statistics of Bangladesh 2025,10.2,wholesale,2025,81,JuteTosha,JuteTosha,1quintal,Tk per quintal,8222.0,8334.0,8335.0,8412.0,8278.0,8394.0,8566.0,8043.0,8442.0,9828.0,9068.0,,8538.0,,,624
BBS Yearbook of Agricultural Statistics of Bangladesh 2025,10.2,wholesale,2025,82,Jute Bi-Bottom,Jute Bi-Bottom,1quintal,Tk per quintal,,,,,,,,,,,,,,,,624
BBS Yearbook of Agricultural Statistics of Bangladesh 2025,10.2,wholesale,2025,83,Jute C-Bottom,Jute C-Bottom,1quintal,Tk per quintal,,,,,,,,8800.0,9000.0,9450.0,9500.0,,9188.0,,,624
BBS Yearbook of Agricultural Statistics of Bangladesh 2025,10.2,wholesale,2025,84,Jute Cross-Bottom,Jute Cross-Bottom,1quintal,Tk per quintal,,,,,,,,,,,,,,,,624
BBS Yearbook of Agricultural Statistics of Bangladesh 2025,10.2,wholesale,2025,85,Jute SMR,Jute SMR,1quintal,Tk per quintal,,,,,,,,,,,,,,,,624
BBS Yearbook of Agricultural Statistics of Bangladesh 2025,10.2,wholesale,2025,86,Jute Average chat,Jute Average chat,1quintal,Tk per quintal,8355.0,8280.0,7846.0,8033.0,8113.0,8300.0,8848.0,8627.0,8709.0,8798.0,9539.0,,8495.0,,,625
BBS Yearbook of Agricultural Statistics of Bangladesh 2025,10.2,wholesale,2025,87,Jute Mesta Average chat,Jute Mesta Average chat,1quintal,Tk per quintal,8200.0,8200.0,7850.0,7850.0,7850.0,7850.0,7850.0,8825.0,8950.0,9083.0,8738.0,,8295.0,,,625
BBS Yearbook of Agricultural Statistics of Bangladesh 2025,10.2,wholesale,2025,88,Cotton Shimul,Cotton Shimul,1quintal,Tk per quintal,47633.0,48433.0,49580.0,49607.0,48500.0,48767.0,48903.0,49158.0,49092.0,48910.0,48967.0,,48868.0,,,625
BBS Yearbook of Agricultural Statistics of Bangladesh 2025,10.2,wholesale,2025,89,Cotton Carpus,Cotton Carpus,1quintal,Tk per quintal,21088.0,21141.0,21125.0,23267.0,21000.0,21094.0,21281.0,21406.0,21125.0,19706.0,19531.0,,21069.0,,,625
BBS Yearbook of Agricultural Statistics of Bangladesh 2025,10.2,wholesale,2025,90,Tobbaco Jati-1 (Hevy),Tobbaco Jati-1 (Hevy),1quintal,Tk per quintal,19950.0,19950.0,19950.0,19950.0,19950.0,19950.0,19950.0,17767.0,17767.0,17767.0,17767.0,,19156.0,,,625
BBS Yearbook of Agricultural Statistics of Bangladesh 2025,10.2,wholesale,2025,91,Tobbaco Jati-2 (Medium),Tobbaco Jati-2 (Medium),1quintal,Tk per quintal,19000.0,19000.0,19000.0,19000.0,19000.0,19000.0,19000.0,19000.0,19000.0,19000.0,19000.0,,19000.0,,,625
BBS Yearbook of Agricultural Statistics of Bangladesh 2025,10.2,wholesale,2025,92,Tobbaco Jati-3 (General),Tobbaco Jati-3 (General),1quintal,Tk per quintal,16500.0,16500.0,16500.0,16500.0,16500.0,16500.0,16500.0,16500.0,16500.0,16500.0,16500.0,,16500.0,,,625
BBS Yearbook of Agricultural Statistics of Bangladesh 2025,10.2,wholesale,2025,93,Tobbaco Motihar (Heavy),Tobbaco Motihar (Heavy),1quintal,Tk per quintal,25229.0,25500.0,25589.0,25729.0,24543.0,25289.0,25757.0,26129.0,27600.0,28943.0,28750.0,,26278.0,,,625
BBS Yearbook of Agricultural Statistics of Bangladesh 2025,10.2,wholesale,2025,94,Tobbaco Motihar (Medium),Tobbaco Motihar (Medium),1quintal,Tk per quintal,19408.0,19396.0,19344.0,19350.0,19333.0,20021.0,20400.0,20208.0,20458.0,20683.0,20917.0,,19956.0,,,625
BBS Yearbook of Agricultural Statistics of Bangladesh 2025,10.2,wholesale,2025,95,Tobbaco Motihar (General),Tobbaco Motihar (General),1quintal,Tk per quintal,23125.0,23125.0,23063.0,22825.0,22625.0,22625.0,20925.0,18625.0,18625.0,18625.0,18750.0,,21176.0,,,625
BBS Yearbook of Agricultural Statistics of Bangladesh 2025,10.2,wholesale,2025,96,Vargina (heat-cured),Vargina (heat-cured),1quintal,Tk per quintal,26500.0,26500.0,26500.0,26500.0,26500.0,26500.0,26500.0,26500.0,26500.0,26500.0,26500.0,,26500.0,,,625
BBS Yearbook of Agricultural Statistics of Bangladesh 2025,10.2,wholesale,2025,97,Tobbaco Bangla-1 (heat-cured),Tobbaco Bangla-1 (heat-cured),1quintal,Tk per quintal,,,,,21150.0,21150.0,,,,,,,21150.0,,,625
BBS Yearbook of Agricultural Statistics of Bangladesh 2025,10.2,wholesale,2025,98,Tobbaco Bangla-2 (heat-cured),Tobbaco Bangla-2 (heat-cured),1quintal,Tk per quintal,,,,,17900.0,17900.0,,,,,,,17900.0,,,625
BBS Yearbook of Agricultural Statistics of Bangladesh 2025,10.2,wholesale,2025,99,Tobbaco Bangla-3 (heat-cured),Tobbaco Bangla-3 (heat-cured),1quintal,Tk per quintal,,,,,16050.0,16050.0,,,,,,,16050.0,,,625
BBS Yearbook of Agricultural Statistics of Bangladesh 2025,10.2,wholesale,2025,100,Tobbaco Bangla-4 (heat-cured),Tobbaco Bangla-4 (heat-cured),1quintal,Tk per quintal,,,,,15000.0,15000.0,,,,,,,15000.0,,,625
BBS Yearbook of Agricultural Statistics of Bangladesh 2025,10.2,wholesale,2025,101,Tobbaco Bangla-5 (heat-cured),Tobbaco Bangla-5 (heat-cured),1quintal,Tk per quintal,,,,,14100.0,14100.0,,,,,,,14100.0,,,625
BBS Yearbook of Agricultural Statistics of Bangladesh 2025,10.2,wholesale,2025,102,Tobbaco Bangla-6 (heat-cured),Tobbaco Bangla-6 (heat-cured),1quintal,Tk per quintal,,,,,12900.0,12900.0,,,,,,,12900.0,,,625
BBS Yearbook of Agricultural Statistics of Bangladesh 2025,10.2,wholesale,2025,103,Tobbaco Bangla-7 (heat-cured),Tobbaco Bangla-7 (heat-cured),1quintal,Tk per quintal,,,,,,,,,,,,,,,,625
BBS Yearbook of Agricultural Statistics of Bangladesh 2025,10.2,wholesale,2025,104,Tobbaco Bangla-8 (heat-cured),Tobbaco Bangla-8 (heat-cured),1quintal,Tk per quintal,,,,,,,,,,,,,,,,625
BBS Yearbook of Agricultural Statistics of Bangladesh 2025,10.2,wholesale,2025,105,Tobacco-Virginia (aerated)),Tobacco-Virginia (aerated)),1quintal,Tk per quintal,,,,,,,,,,,,,,,,625
BBS Yearbook of Agricultural Statistics of Bangladesh 2025,10.2,wholesale,2025,106,Tobbacco DV-1 (aerated)),Tobbacco DV-1 (aerated)),1quintal,Tk per quintal,,,,,,,,,,,,,,,,625
BBS Yearbook of Agricultural Statistics of Bangladesh 2025,10.2,wholesale,2025,107,Tobbacco DV-2 (aerated)),Tobbacco DV-2 (aerated)),1quintal,Tk per quintal,,,,,,,,,,,,,,,,625
BBS Yearbook of Agricultural Statistics of Bangladesh 2025,10.2,wholesale,2025,108,Tobbacco DV-2 (aerated)),Tobbacco DV-2 (aerated)),1quintal,Tk per quintal,,,,,,,,,,,,,,,,625
BBS Yearbook of Agricultural Statistics of Bangladesh 2025,10.2,wholesale,2025,109,Leather- Cow-Light (Fried Salted),Leather- Cow-Light (Fried Salted),100Pices,Tk per quintal,33224.0,33017.0,33448.0,34033.0,34155.0,38866.0,39313.0,39196.0,39843.0,47139.0,39346.0,,37416.0,,,625
BBS Yearbook of Agricultural Statistics of Bangladesh 2025,10.2,wholesale,2025,110,Leather- Cow-Medium (Fried Salted),Leather- Cow-Medium (Fried Salted),100Pices,Tk per quintal,52644.0,52393.0,52886.0,52506.0,52011.0,55500.0,55791.0,55176.0,55033.0,54779.0,55602.0,,54029.0,,,625
BBS Yearbook of Agricultural Statistics of Bangladesh 2025,10.2,wholesale,2025,111,Leather- Cow-Hevy (Fried Salted),Leather- Cow-Hevy (Fried Salted),100Pices,Tk per quintal,74970.0,74849.0,75456.0,75814.0,75231.0,77740.0,76456.0,76341.0,75811.0,75470.0,77073.0,,75928.0,,,625
BBS Yearbook of Agricultural Statistics of Bangladesh 2025,10.2,wholesale,2025,112,Skin-beef-bone (fried salted),Skin-beef-bone (fried salted),100Pices,Tk per quintal,36160.0,37144.0,37144.0,37144.0,37678.0,41412.0,32798.0,29353.0,29353.0,29464.0,29567.0,,34293.0,,,625
BBS Yearbook of Agricultural Statistics of Bangladesh 2025,10.2,wholesale,2025,113,Leather-buffalo-heavy (fried salted),Leather-buffalo-heavy (fried salted),100Pices,Tk per quintal,98600.0,98600.0,98600.0,102600.0,104600.0,109088.0,110250.0,110000.0,109250.0,109650.0,121250.0,,106590.0,,,625
BBS Yearbook of Agricultural Statistics of Bangladesh 2025,10.2,wholesale,2025,114,Leather-buffalo-Medium (fried salted,Leather-buffalo-Medium (fried salted,100Pices,Tk per quintal,65429.0,65429.0,65429.0,69714.0,69714.0,68107.0,77171.0,83125.0,81786.0,82357.0,102000.0,,75478.0,,,625
BBS Yearbook of Agricultural Statistics of Bangladesh 2025,10.2,wholesale,2025,115,Skin-buffalo-thorn (fried with salt),Skin-buffalo-thorn (fried with salt),100Pices,Tk per quintal,17500.0,17500.0,17500.0,17500.0,17500.0,,,,,,,,17500.0,,,625
BBS Yearbook of Agricultural Statistics of Bangladesh 2025,10.2,wholesale,2025,116,Leather: Sheep (wet salted),Leather: Sheep (wet salted),100Pices,Tk per quintal,4991.0,4994.0,4931.0,4931.0,4931.0,5343.0,5238.0,5457.0,5500.0,5507.0,5652.0,,5225.0,,,625
BBS Yearbook of Agricultural Statistics of Bangladesh 2025,10.2,wholesale,2025,117,Leather: Goat (wet salted),Leather: Goat (wet salted),100Pices,Tk per quintal,3986.0,4003.0,3930.0,3934.0,4121.0,4725.0,5058.0,5066.0,5088.0,5098.0,5182.0,,4563.0,,,625
BBS Yearbook of Agricultural Statistics of Bangladesh 2025,10.2,wholesale,2025,118,hemical fertilizer urea 50 Kg,Leather: hemical fertilizer urea 50 Kg,100Pices,Tk per quintal,1311.0,1312.0,1311.0,1311.0,1311.0,1311.0,1311.0,1311.0,1311.0,1313.0,1313.0,,1312.0,,,625
BBS Yearbook of Agricultural Statistics of Bangladesh 2025,10.2,wholesale,2025,119,"Chemical Fertilizers- T, S, P-Local","Chemical Fertilizers- T, S, P-Local",100Pices,Tk per quintal,1312.0,1311.0,1309.0,1310.0,1309.0,1309.0,1310.0,1311.0,1311.0,1315.0,1316.0,,1311.0,,,625
BBS Yearbook of Agricultural Statistics of Bangladesh 2025,10.2,wholesale,2025,120,"Chemical Fertilizers- D, A, P","Chemical Fertilizers- D, A, P",100Pices,Tk per quintal,1012.0,1012.0,1011.0,1012.0,1012.0,1012.0,1012.0,1011.0,1010.0,1011.0,1011.0,,1011.0,,,625
BBS Yearbook of Agricultural Statistics of Bangladesh 2025,10.2,wholesale,2025,121,"Chemical Fertilizers- A, M, P","Chemical Fertilizers- A, M, P",100Pices,Tk per quintal,971.0,971.0,971.0,971.0,971.0,971.0,971.0,972.0,970.0,971.0,971.0,,971.0,,,625
BBS Yearbook of Agricultural Statistics of Bangladesh 2025,10.2,wholesale,2025,122,Chemical Fertilizers- Zinc-Domestic,Chemical Fertilizers- Zinc-Domestic,100Pices,Tk per quintal,4924.0,4868.0,4878.0,4980.0,4878.0,,4905.0,4609.0,4615.0,4516.0,4626.0,,4780.0,,,625
BBS Yearbook of Agricultural Statistics of Bangladesh 2025,10.2,wholesale,2025,123,Chemical Fertilizers- Zinc-Imported,Chemical Fertilizers- Zinc-Imported,100Pices,Tk per quintal,6892.0,6906.0,6905.0,6945.0,7013.0,7013.0,6953.0,6525.0,6490.0,6449.0,6492.0,,6780.0,,,625
BBS Yearbook of Agricultural Statistics of Bangladesh 2025,10.2,wholesale,2025,124,Chemical Fertilizers- Gypsum,Chemical Fertilizers- Gypsum,100Pices,Tk per quintal,552.0,550.0,555.0,557.0,552.0,552.0,558.0,551.0,549.0,546.0,547.0,,552.0,,,625
BBS Yearbook of Agricultural Statistics of Bangladesh 2025,10.2,wholesale,2025,125,Organic Fertilizers- Cow Dung 50Kg,Organic Fertilizers- Cow Dung 50Kg,100Pices,Tk per quintal,280.0,281.0,281.0,283.0,291.0,291.0,290.0,312.0,281.0,295.0,295.0,,289.0,,,625
BBS Yearbook of Agricultural Statistics of Bangladesh 2025,10.2,wholesale,2025,126,Milk and Milk Products- Powdered Milk 100 Kg (Packaged),Milk and Milk Products- Powdered Milk 100 Kg (Packaged),100Pices,Tk per quintal,48500.0,48500.0,48500.0,48500.0,64000.0,64000.0,51588.0,53438.0,53438.0,70167.0,53438.0,,54915.0,,,625
BBS Yearbook of Agricultural Statistics of Bangladesh 2025,10.2,wholesale,2025,127,Cow Milk- Liquid 100 L,Cow Milk- Liquid 100 L,100Pices,Tk per quintal,7064.0,7062.0,7219.0,7194.0,7073.0,7074.0,7065.0,7108.0,7164.0,7223.0,7220.0,,7133.0,,,626
BBS Yearbook of Agricultural Statistics of Bangladesh 2025,10.2,wholesale,2025,128,Cow Milk- Liquid (Milkvita),Cow Milk- Liquid (Milkvita),100Pices,Tk per quintal,8973.0,8618.0,8721.0,9073.0,9030.0,9030.0,9082.0,9053.0,9053.0,9096.0,9066.0,,8981.0,,,626
BBS Yearbook of Agricultural Statistics of Bangladesh 2025,10.2,wholesale,2025,129,Cow Ghee (Packaged) 12 Kg,Cow Ghee (Packaged) 12 Kg,100Pices,Tk per quintal,18115.0,17699.0,17904.0,18328.0,13073.0,13043.0,13140.0,13164.0,13129.0,13118.0,13098.0,,14892.0,,,626
BBS Yearbook of Agricultural Statistics of Bangladesh 2025,10.2,wholesale,2025,130,Powdered milk – Dano,Powdered milk – Dano,100Pices,Tk per quintal,9164.0,9143.0,9207.0,9213.0,9232.0,9228.0,9249.0,9297.0,9322.0,9348.0,9359.0,,9251.0,,,626
BBS Yearbook of Agricultural Statistics of Bangladesh 2025,10.2,wholesale,2025,131,Powdered milk – Redcow,Powdered milk – Redcow,100Pices,Tk per quintal,8671.0,8840.0,8921.0,8904.0,8910.0,10113.0,10113.0,10203.0,10293.0,10293.0,10293.0,,9596.0,,,626
BBS Yearbook of Agricultural Statistics of Bangladesh 2025,10.2,wholesale,2025,132,Powdered milk – Anchor,Powdered milk – Anchor,100Pices,Tk per quintal,8566.0,8916.0,9288.0,9339.0,9369.0,9369.0,9419.0,9419.0,9419.0,9419.0,9419.0,,9268.0,,,626
BBS Yearbook of Agricultural Statistics of Bangladesh 2025,10.2,wholesale,2025,133,Condensed milk 1 cartoon (48),Condensed milk 1 cartoon (48),100Pices,Tk per quintal,4737.0,4747.0,4878.0,4742.0,4728.0,5014.0,4718.0,4573.0,4563.0,4557.0,4551.0,,4710.0,,,626
BBS Yearbook of Agricultural Statistics of Bangladesh 2025,10.2,wholesale,2025,134,Chicken-Chicken-Desi-Large-Live,Chicken-Chicken-Desi-Large-Live,1quintal,Tk per quintal,47241.0,46935.0,49451.0,50474.0,50493.0,50014.0,49656.0,,,,,,49181.0,,,626
BBS Yearbook of Agricultural Statistics of Bangladesh 2025,10.2,wholesale,2025,135,(Above 900g),(Above 900g),1quintal,Tk per quintal,46769.0,46606.0,48381.0,49332.0,49085.0,48914.0,48671.0,,,,,,48251.0,,,626
BBS Yearbook of Agricultural Statistics of Bangladesh 2025,10.2,wholesale,2025,136,Chicken-Chicken-Desi-Medium-Live,Chicken-Chicken-Desi-Medium-Live,1quintal,Tk per quintal,46098.0,45597.0,47639.0,48036.0,48359.0,48213.0,47399.0,,,,,,47335.0,,,626
BBS Yearbook of Agricultural Statistics of Bangladesh 2025,10.2,wholesale,2025,137,(700-850g),(700-850g),1quintal,Tk per quintal,29055.0,27800.0,26402.0,25812.0,23723.0,23468.0,25867.0,,,,,,26018.0,,,626
BBS Yearbook of Agricultural Statistics of Bangladesh 2025,10.2,wholesale,2025,138,Chicken-Chicken-Desi-Small-Live,Chicken-Chicken-Desi-Small-Live,1quintal,Tk per quintal,17573.0,17235.0,17460.0,16490.0,15165.0,13889.0,13901.0,,,,,,15959.0,,,626
BBS Yearbook of Agricultural Statistics of Bangladesh 2025,10.2,wholesale,2025,139,(500-650g),(500-650g),1quintal,Tk per quintal,43920.0,44299.0,42568.0,41536.0,42667.0,43708.0,43294.0,,,,,,43142.0,,,626
BBS Yearbook of Agricultural Statistics of Bangladesh 2025,10.2,wholesale,2025,140,Chicken-Chicken (Kok/Sonali) Live,Chicken-Chicken (Kok/Sonali) Live,1quintal,Tk per quintal,68324.0,68844.0,70023.0,70318.0,70799.0,70707.0,70842.0,,,,,,69979.0,,,626
BBS Yearbook of Agricultural Statistics of Bangladesh 2025,10.2,wholesale,2025,141,(900-700g),(900-700g),1quintal,Tk per quintal,95733.0,95946.0,97080.0,96185.0,96033.0,96480.0,97274.0,,,,,,96390.0,,,626
BBS Yearbook of Agricultural Statistics of Bangladesh 2025,10.2,wholesale,2025,142,Chicken-Chicken-Farm-Raised-Large 100 (Broiler) Pices,Chicken-Chicken-Farm-Raised-Large 100 (Broiler) Pices,1quintal,Tk per quintal,1671.0,1672.0,1657.0,1654.0,1642.0,1637.0,1612.0,,,,,,1649.0,,,626
BBS Yearbook of Agricultural Statistics of Bangladesh 2025,10.2,wholesale,2025,143,Duck (Live),Duck (Live),100Pices,Tk per quintal,1050.0,1027.0,952.0,965.0,1041.0,994.0,936.0,,,,,,995.0,,,626
BBS Yearbook of Agricultural Statistics of Bangladesh 2025,10.2,wholesale,2025,144,Meat-Cow,Meat-Cow,100Pices,Tk per quintal,1032.0,1011.0,918.0,923.0,994.0,943.0,887.0,,,,,,958.0,,,626
BBS Yearbook of Agricultural Statistics of Bangladesh 2025,10.2,wholesale,2025,145,Meat-Khasi,Meat-Khasi,100Pices,Tk per quintal,1690.0,1722.0,1628.0,1603.0,1589.0,1554.0,1585.0,,,,,,1625.0,,,626
BBS Yearbook of Agricultural Statistics of Bangladesh 2025,10.2,wholesale,2025,146,Fish-Fresh-Freshwater-,Fish-Fresh-Freshwater-,1quintal,Tk per quintal,,,,,,,,,,,,,,,,626
BBS Yearbook of Agricultural Statistics of Bangladesh 2025,10.2,wholesale,2025,147,Rui-Local-Large (Above 5 kg),Rui-Local-Large (Above 5 kg),1quintal,Tk per quintal,35208.0,35079.0,35390.0,35524.0,35677.0,35519.0,36337.0,,,,,,35534.0,,,626
BBS Yearbook of Agricultural Statistics of Bangladesh 2025,10.2,wholesale,2025,148,Rui-Local-Medium (2.50-4.50 kg),Rui-Local-Medium (2.50-4.50 kg),1quintal,Tk per quintal,28517.0,28389.0,28629.0,28925.0,28796.0,28794.0,29198.0,,,,,,28749.0,,,626
BBS Yearbook of Agricultural Statistics of Bangladesh 2025,10.2,wholesale,2025,149,Rui-Local-Small (1.50-2.00 kg),Rui-Local-Small (1.50-2.00 kg),1quintal,Tk per quintal,31252.0,31463.0,31469.0,32002.0,31584.0,31687.0,31687.0,,,,,,31592.0,,,626
BBS Yearbook of Agricultural Statistics of Bangladesh 2025,10.2,wholesale,2025,150,Fish- Rohu Carp (Rui)-Imported Medium,Fish- Rohu Carp (Rui)-Imported Medium,1quintal,Tk per quintal,24187.0,23418.0,23898.0,24498.0,23622.0,23734.0,23997.0,,,,,,23908.0,,,626
BBS Yearbook of Agricultural Statistics of Bangladesh 2025,10.2,wholesale,2025,151,(2.50-4.50) kg,(2.50-4.50) kg,1quintal,Tk per quintal,42382.0,41779.0,42761.0,42500.0,41000.0,41420.0,42526.0,,,,,,42053.0,,,626
BBS Yearbook of Agricultural Statistics of Bangladesh 2025,10.2,wholesale,2025,152,Fish-Rohu Carp (Rui)-Imported Small,Fish-Rohu Carp (Rui)-Imported Small,1quintal,Tk per quintal,33308.0,33441.0,33953.0,33943.0,33977.0,33577.0,34241.0,,,,,,33777.0,,,626
BBS Yearbook of Agricultural Statistics of Bangladesh 2025,10.2,wholesale,2025,153,(1.50-2.00 kg),(1.50-2.00 kg),1quintal,Tk per quintal,26828.0,26699.0,26776.0,26859.0,26951.0,26703.0,27155.0,,,,,,26853.0,,,626
BBS Yearbook of Agricultural Statistics of Bangladesh 2025,10.2,wholesale,2025,154,Fish-Catal-Large (Above 5 kg),Fish-Catal-Large (Above 5 kg),1quintal,Tk per quintal,30353.0,29970.0,30211.0,30597.0,30188.0,31336.0,31534.0,,,,,,30599.0,,,626
BBS Yearbook of Agricultural Statistics of Bangladesh 2025,10.2,wholesale,2025,155,Fish-Catal-Medium (2.50-4.50 kg),Fish-Catal-Medium (2.50-4.50 kg),1quintal,Tk per quintal,19509.0,19663.0,19597.0,19787.0,19718.0,19660.0,19626.0,,,,,,19651.0,,,626
BBS Yearbook of Agricultural Statistics of Bangladesh 2025,10.2,wholesale,2025,156,Fish-Catal-Small (1.50-2.00 kg),Fish-Catal-Small (1.50-2.00 kg),1quintal,Tk per quintal,115000.0,115000.0,115000.0,115000.0,123333.0,122083.0,118333.0,,,,,,117679.0,,,626
BBS Yearbook of Agricultural Statistics of Bangladesh 2025,10.2,wholesale,2025,157,Fish-Mrigal-Large (Above 5 kg),Fish-Mrigal-Large (Above 5 kg),1quintal,Tk per quintal,53680.0,53509.0,54045.0,55762.0,57771.0,54964.0,59507.0,,,,,,55605.0,,,626
BBS Yearbook of Agricultural Statistics of Bangladesh 2025,10.2,wholesale,2025,158,Fish-Mrigal-Small,Fish-Mrigal-Small,1quintal,Tk per quintal,90205.0,90813.0,89050.0,93045.0,92313.0,92212.0,94850.0,,,,,,91784.0,,,626
BBS Yearbook of Agricultural Statistics of Bangladesh 2025,10.2,wholesale,2025,159,Fish-Giant River Catfish (Air)-Large (Above 5 kg),Fish-Giant River Catfish (Air)-Large (Above 5 kg),1quintal,Tk per quintal,47455.0,46149.0,46768.0,47943.0,47317.0,47108.0,48023.0,,,,,,47252.0,,,626
BBS Yearbook of Agricultural Statistics of Bangladesh 2025,10.2,wholesale,2025,160,Fish- Giant River Catfish (Air)-Small,Fish- Giant River Catfish (Air)-Small,1quintal,Tk per quintal,92500.0,87000.0,85417.0,85000.0,89833.0,90000.0,92000.0,,,,,,88821.0,,,626
BBS Yearbook of Agricultural Statistics of Bangladesh 2025,10.2,wholesale,2025,161,Fish-Helicopter Catfish (Boal)-Large (Above 5 kg),Fish-Helicopter Catfish (Boal)-Large (Above 5 kg),1quintal,Tk per quintal,51421.0,50946.0,52063.0,54083.0,55786.0,54083.0,58214.0,,,,,,53800.0,,,626
BBS Yearbook of Agricultural Statistics of Bangladesh 2025,10.2,wholesale,2025,162,Fish- Pangas- Large (above 5 kg),Fish- Pangas- Large (above 5 kg),1quintal,Tk per quintal,22958.0,22598.0,22425.0,22107.0,20907.0,21108.0,21015.0,,,,,,21874.0,,,627
BBS Yearbook of Agricultural Statistics of Bangladesh 2025,10.2,wholesale,2025,163,Fish- Pangasius- Small,Fish- Pangasius- Small,1quintal,Tk per quintal,14875.0,14897.0,15040.0,14997.0,15043.0,14997.0,15051.0,,,,,,14986.0,,,627
BBS Yearbook of Agricultural Statistics of Bangladesh 2025,10.2,wholesale,2025,164,Fish- Hilsa (Small/Large),Fish- Hilsa (Small/Large),1quintal,Tk per quintal,105899.0,102843.0,106923.0,107034.0,111579.0,117226.0,126401.0,,,,,,111129.0,,,627
BBS Yearbook of Agricultural Statistics of Bangladesh 2025,10.2,wholesale,2025,165,Fish- Shrimp- Bagda,Fish- Shrimp- Bagda,1quintal,Tk per quintal,74341.0,74289.0,75482.0,74514.0,72655.0,75938.0,79143.0,,,,,,75195.0,,,627
BBS Yearbook of Agricultural Statistics of Bangladesh 2025,10.2,wholesale,2025,166,Fish- Shrimp- Lump,Fish- Shrimp- Lump,1quintal,Tk per quintal,80542.0,80936.0,77037.0,77194.0,81281.0,83032.0,85883.0,,,,,,80844.0,,,627
BBS Yearbook of Agricultural Statistics of Bangladesh 2025,10.2,wholesale,2025,167,Fish- Shrimp- Small,Fish- Shrimp- Small,1quintal,Tk per quintal,58835.0,57704.0,59558.0,56942.0,59152.0,60071.0,59873.0,,,,,,58876.0,,,627
BBS Yearbook of Agricultural Statistics of Bangladesh 2025,10.2,wholesale,2025,168,Fish- Climbing Fish (Koi) (Farmed),Fish- Climbing Fish (Koi) (Farmed),1quintal,Tk per quintal,20897.0,21401.0,21248.0,21857.0,22000.0,21984.0,21954.0,,,,,,21620.0,,,627
BBS Yearbook of Agricultural Statistics of Bangladesh 2025,10.2,wholesale,2025,169,Fish- Catfish (Magur) (Farmed),Fish- Catfish (Magur) (Farmed),1quintal,Tk per quintal,38967.0,37005.0,36930.0,38431.0,40453.0,44057.0,38281.0,,,,,,39161.0,,,627
BBS Yearbook of Agricultural Statistics of Bangladesh 2025,10.2,wholesale,2025,170,Fish- Horn (Farmed),Fish- Horn (Farmed),1quintal,Tk per quintal,34526.0,34465.0,33412.0,34303.0,33687.0,34727.0,33462.0,,,,,,34083.0,,,627
BBS Yearbook of Agricultural Statistics of Bangladesh 2025,10.2,wholesale,2025,171,Fish- Silver Carp,Fish- Silver Carp,1quintal,Tk per quintal,17093.0,17365.0,17364.0,17428.0,17487.0,17599.0,17729.0,,,,,,17438.0,,,627
BBS Yearbook of Agricultural Statistics of Bangladesh 2025,10.2,wholesale,2025,172,Fish- Grass Carp,Fish- Grass Carp,1quintal,Tk per quintal,20906.0,21002.0,20992.0,20848.0,21008.0,20864.0,21416.0,,,,,,21005.0,,,627
BBS Yearbook of Agricultural Statistics of Bangladesh 2025,10.2,wholesale,2025,173,Fish- Tilapia/Nylotica,Fish- Tilapia/Nylotica,1quintal,Tk per quintal,16591.0,16696.0,16759.0,16872.0,16698.0,16834.0,16984.0,,,,,,16776.0,,,627
BBS Yearbook of Agricultural Statistics of Bangladesh 2025,10.2,wholesale,2025,174,Fish- Pomfret (Rupchanda),Fish- Pomfret (Rupchanda),1quintal,Tk per quintal,71039.0,76009.0,72155.0,74488.0,76214.0,74089.0,74967.0,,,,,,74137.0,,,627
BBS Yearbook of Agricultural Statistics of Bangladesh 2025,10.2,wholesale,2025,175,Fish- Dry- Pomfret (Rupchanda),Fish- Dry- Pomfret (Rupchanda),1quintal,Tk per quintal,127350.0,116286.0,130150.0,140821.0,130150.0,137150.0,137150.0,,,,,,131294.0,,,627
BBS Yearbook of Agricultural Statistics of Bangladesh 2025,10.2,wholesale,2025,176,Fish- Dry- Bombay duck (Laitya),Fish- Dry- Bombay duck (Laitya),1quintal,Tk per quintal,72366.0,72660.0,74341.0,73251.0,73812.0,75125.0,73835.0,,,,,,73627.0,,,627
BBS Yearbook of Agricultural Statistics of Bangladesh 2025,10.2,wholesale,2025,177,Fish- Dry- Swamp barb (Puti),Fish- Dry- Swamp barb (Puti),1quintal,Tk per quintal,54013.0,56820.0,53275.0,54527.0,55311.0,54736.0,55333.0,,,,,,54859.0,,,627
BBS Yearbook of Agricultural Statistics of Bangladesh 2025,10.2,wholesale,2025,178,Dried Fish- Shrimp,Dried Fish- Shrimp,1quintal,Tk per quintal,75541.0,84984.0,81176.0,86949.0,86639.0,91529.0,92027.0,,,,,,85549.0,,,627
BBS Yearbook of Agricultural Statistics of Bangladesh 2025,10.2,wholesale,2025,179,Dried- Fish- Glass,Dried- Fish- Glass,1quintal,Tk per quintal,60852.0,60745.0,60102.0,62489.0,67098.0,66887.0,63852.0,,,,,,63147.0,,,627
BBS Yearbook of Agricultural Statistics of Bangladesh 2025,10.2,wholesale,2025,180,Dried- Fish- Salt- Hilsa,Dried- Fish- Salt- Hilsa,1quintal,Tk per quintal,64364.0,63773.0,61886.0,62527.0,69138.0,71614.0,65060.0,,,,,,65480.0,,,627
BBS Yearbook of Agricultural Statistics of Bangladesh 2025,10.2,wholesale,2025,181,Betel/Betel:Betel-dried-high/normal quality,Betel/Betel:Betel-dried-high/normal quality,1quintal,Tk per quintal,36728.0,38372.0,39281.0,40327.0,43600.0,45757.0,48265.0,53886.0,54261.0,54798.0,52683.0,,46178.0,,,627
BBS Yearbook of Agricultural Statistics of Bangladesh 2025,10.2,wholesale,2025,182,Betel-Bangla- large (6400 Pages) Gadi,Betel-Bangla- large (6400 Pages) Gadi,1quintal,Tk per quintal,12627.0,11570.0,12605.0,12251.0,12139.0,12043.0,10959.0,9165.0,10530.0,8224.0,8333.0,,10950.0,,,627
BBS Yearbook of Agricultural Statistics of Bangladesh 2025,10.2,wholesale,2025,183,Betel-Bangla- medium,Betel-Bangla- medium,1quintal,Tk per quintal,7366.0,7776.0,7813.0,7119.0,8181.0,7449.0,6959.0,6496.0,6979.0,6222.0,5433.0,,7072.0,,,627
BBS Yearbook of Agricultural Statistics of Bangladesh 2025,10.2,wholesale,2025,184,Betel-Bangla- small,Betel-Bangla- small,1quintal,Tk per quintal,4545.0,4860.0,4795.0,4954.0,4405.0,4864.0,4536.0,5044.0,4790.0,3929.0,3439.0,,4560.0,,,627
BBS Yearbook of Agricultural Statistics of Bangladesh 2025,10.2,wholesale,2025,185,Betel-Bangla- Sanchi,Betel-Bangla- Sanchi,1quintal,Tk per quintal,3167.0,2833.0,2750.0,3003.0,3033.0,2500.0,2750.0,4450.0,5733.0,5600.0,2967.0,,3526.0,,,627
BBS Yearbook of Agricultural Statistics of Bangladesh 2025,10.2,wholesale,2025,186,Fruit: Fresh- Mango- Guti,Fruit: Fresh- Mango- Guti,1quintal,Tk per quintal,,,,,4060.0,3659.0,4815.0,,,,,,4178.0,,,627
BBS Yearbook of Agricultural Statistics of Bangladesh 2025,10.2,wholesale,2025,187,Fruit- Fresh- Mango- Gopalbhog,Fruit- Fresh- Mango- Gopalbhog,1quintal,Tk per quintal,,,,,5514.0,5031.0,5396.0,,,,,,5314.0,,,627
BBS Yearbook of Agricultural Statistics of Bangladesh 2025,10.2,wholesale,2025,188,Fruit- Fresh- Mango- Himsagar,Fruit- Fresh- Mango- Himsagar,1quintal,Tk per quintal,,,,,5958.0,5374.0,5906.0,7417.0,,,,,6164.0,,,627
BBS Yearbook of Agricultural Statistics of Bangladesh 2025,10.2,wholesale,2025,189,Fruit- Fresh- Mango- Langra,Fruit- Fresh- Mango- Langra,1quintal,Tk per quintal,,,,,5789.0,5192.0,5541.0,,,,,,5507.0,,,627
BBS Yearbook of Agricultural Statistics of Bangladesh 2025,10.2,wholesale,2025,190,Fruit- Fresh- Mango- Fazli,Fruit- Fresh- Mango- Fazli,1quintal,Tk per quintal,,,,,,5060.0,5520.0,7125.0,7893.0,,,,6399.0,,,627
BBS Yearbook of Agricultural Statistics of Bangladesh 2025,10.2,wholesale,2025,191,Fruit- Fresh- Mango- Ashwini,Fruit- Fresh- Mango- Ashwini,1quintal,Tk per quintal,,,,,,,4343.0,5768.0,7574.0,,,,5895.0,,,627
BBS Yearbook of Agricultural Statistics of Bangladesh 2025,10.2,wholesale,2025,192,Fruit- Fresh- Mango- Amrapali,Fruit- Fresh- Mango- Amrapali,1quintal,Tk per quintal,,,,,7667.0,5605.0,6044.0,8118.0,,,,,6858.0,,,627
BBS Yearbook of Agricultural Statistics of Bangladesh 2025,10.2,wholesale,2025,193,Fruit- Fresh- Mango- Haribhanga,Fruit- Fresh- Mango- Haribhanga,1quintal,Tk per quintal,,,,6500.0,,5589.0,5565.0,9100.0,,,,,6688.0,,,627
BBS Yearbook of Agricultural Statistics of Bangladesh 2025,10.2,wholesale,2025,194,Fruit: Jackfruit- large (above 4 kg),Fruit: Jackfruit- large (above 4 kg),80Pices,Tk per quintal,,,,7500.0,18773.0,5563.0,7043.0,7205.0,15400.0,,,,10247.0,,,627
BBS Yearbook of Agricultural Statistics of Bangladesh 2025,10.2,wholesale,2025,195,Fruit- Jackfrui Kathal- small,Fruit- Jackfrui Kathal- small,80Pices,Tk per quintal,,,,5315.0,7232.0,4813.0,4713.0,6511.0,11563.0,,,,6691.0,,,627
BBS Yearbook of Agricultural Statistics of Bangladesh 2025,10.2,wholesale,2025,196,Fruit- Green Coconut (Dab),Fruit- Green Coconut (Dab),80Pices,Tk per quintal,7854.0,7961.0,8324.0,8546.0,8975.0,8960.0,8991.0,9142.0,9989.0,9916.0,9467.0,,8920.0,,,627
BBS Yearbook of Agricultural Statistics of Bangladesh 2025,10.2,wholesale,2025,197,Fruit- Batabi lemon,Fruit- Batabi lemon,80Pices,Tk per quintal,3300.0,3500.0,2875.0,,,,,2983.0,3128.0,2958.0,3230.0,,3139.0,,,627
BBS Yearbook of Agricultural Statistics of Bangladesh 2025,10.2,wholesale,2025,198,Fruit- Cardamom lemon,Fruit- Cardamom lemon,80Pices,Tk per quintal,401.0,450.0,875.0,565.0,362.0,347.0,338.0,294.0,342.0,332.0,367.0,,425.0,,,627
BBS Yearbook of Agricultural Statistics of Bangladesh 2025,10.2,wholesale,2025,199,Fruit- Kagoji Lemon,Fruit- Kagoji Lemon,80Pices,Tk per quintal,406.0,446.0,813.0,522.0,366.0,353.0,350.0,299.0,323.0,339.0,392.0,,419.0,,,627
BBS Yearbook of Agricultural Statistics of Bangladesh 2025,10.2,wholesale,2025,200,Fruit- Guava,Fruit- Guava,1quintal,Tk per quintal,5848.0,6362.0,6190.0,5600.0,5825.0,5548.0,5056.0,4946.0,5010.0,5243.0,5983.0,,5601.0,,,628
BBS Yearbook of Agricultural Statistics of Bangladesh 2025,10.2,wholesale,2025,201,Fruit- Hog Plum (Amra),Fruit- Hog Plum (Amra),1quintal,Tk per quintal,3877.0,3263.0,,,,,3172.0,3315.0,3525.0,4049.0,4228.0,,3633.0,,,628
BBS Yearbook of Agricultural Statistics of Bangladesh 2025,10.2,wholesale,2025,202,Fruit- Orange,Fruit- Orange,1quintal,Tk per quintal,23011.0,24072.0,25011.0,26170.0,26350.0,26773.0,28327.0,31238.0,31489.0,28800.0,28203.0,,27222.0,,,628
BBS Yearbook of Agricultural Statistics of Bangladesh 2025,10.2,wholesale,2025,203,Fruit- Apple,Fruit- Apple,1quintal,Tk per quintal,25303.0,25627.0,26340.0,27762.0,27400.0,27193.0,27410.0,31080.0,30287.0,29254.0,28501.0,,27832.0,,,628
BBS Yearbook of Agricultural Statistics of Bangladesh 2025,10.2,wholesale,2025,204,Fruit- Malta,Fruit- Malta,1quintal,Tk per quintal,25444.0,25205.0,25594.0,26244.0,25816.0,25396.0,26094.0,33104.0,30354.0,26887.0,26007.0,,26922.0,,,628
BBS Yearbook of Agricultural Statistics of Bangladesh 2025,10.2,wholesale,2025,205,Fruit- Grape,Fruit- Grape,1quintal,Tk per quintal,39663.0,36652.0,34516.0,34607.0,34035.0,36913.0,37950.0,40430.0,39645.0,39456.0,39380.0,,37568.0,,,628
BBS Yearbook of Agricultural Statistics of Bangladesh 2025,10.2,wholesale,2025,206,Fruit- Kul,Fruit- Kul,1quintal,Tk per quintal,10817.0,7687.0,6399.0,6594.0,,,,,,,,,7874.0,,,628
BBS Yearbook of Agricultural Statistics of Bangladesh 2025,10.2,wholesale,2025,207,Fruit- Watermelon,Fruit- Watermelon,1quintal,Tk per quintal,,4270.0,4399.0,4269.0,4076.0,5475.0,,,,,,,4498.0,,,628
BBS Yearbook of Agricultural Statistics of Bangladesh 2025,10.2,wholesale,2025,208,Fruit- Melon (Bangi),Fruit- Melon (Bangi),80Pices,Tk per quintal,,,4861.0,5542.0,4599.0,5094.0,,,,,,,5024.0,,,628
BBS Yearbook of Agricultural Statistics of Bangladesh 2025,10.2,wholesale,2025,209,Fruit- Papaya,Fruit- Papaya,80Pices,Tk per quintal,6865.0,7029.0,7398.0,7029.0,6770.0,8781.0,6971.0,7274.0,7489.0,7101.0,7056.0,,7251.0,,,628
BBS Yearbook of Agricultural Statistics of Bangladesh 2025,10.2,wholesale,2025,210,Fruit- Litchi,Fruit- Litchi,1000pices,Tk per quintal,,,,,4941.0,4906.0,,,,,,,4923.0,,,628
BBS Yearbook of Agricultural Statistics of Bangladesh 2025,10.2,wholesale,2025,211,Fruit- Banana - Chapai,Fruit- Banana - Chapai,80Pices,Tk per quintal,353.0,356.0,330.0,338.0,363.0,323.0,349.0,333.0,334.0,325.0,324.0,,339.0,,,628
BBS Yearbook of Agricultural Statistics of Bangladesh 2025,10.2,wholesale,2025,212,Fruit- Banana - Sabri - Superior Quality,Fruit- Banana - Sabri - Superior Quality,80Pices,Tk per quintal,522.0,536.0,567.0,551.0,545.0,542.0,534.0,548.0,546.0,554.0,558.0,,546.0,,,628
BBS Yearbook of Agricultural Statistics of Bangladesh 2025,10.2,wholesale,2025,213,Fruit- Banana - Sagar Superior Quality,Fruit- Banana - Sagar Superior Quality,80Pices,Tk per quintal,417.0,422.0,448.0,440.0,466.0,433.0,437.0,440.0,430.0,443.0,455.0,,439.0,,,628
BBS Yearbook of Agricultural Statistics of Bangladesh 2025,10.2,wholesale,2025,214,Fruit- Pineapple - Kalenga,Fruit- Pineapple - Kalenga,80Pices,Tk per quintal,4950.0,4150.0,3911.0,3048.0,4188.0,4273.0,3777.0,4267.0,4976.0,5039.0,5253.0,,4348.0,,,628
BBS Yearbook of Agricultural Statistics of Bangladesh 2025,10.2,wholesale,2025,215,Fruit- Pineapple - Jaldabu,Fruit- Pineapple - Jaldabu,80Pices,Tk per quintal,3438.0,3360.0,2833.0,3006.0,4250.0,2678.0,3352.0,3289.0,4256.0,4507.0,5407.0,,3671.0,,,628
BBS Yearbook of Agricultural Statistics of Bangladesh 2025,10.2,wholesale,2025,216,Fruit- Pineapple - Desi,Fruit- Pineapple - Desi,80Pices,Tk per quintal,3614.0,3670.0,3398.0,3110.0,3167.0,3194.0,3152.0,3100.0,3609.0,4088.0,3263.0,,3397.0,,,628
BBS Yearbook of Agricultural Statistics of Bangladesh 2025,10.2,wholesale,2025,217,Fruit- Dried Coconut,Fruit- Dried Coconut,80Pices,Tk per quintal,9319.0,9291.0,9563.0,9786.0,9975.0,9936.0,10031.0,10971.0,12428.0,11770.0,10989.0,,10369.0,,serial printed as 117,628
BBS Yearbook of Agricultural Statistics of Bangladesh 2025,10.2,wholesale,2025,218,Fruit- Dates,Fruit- Dates,1quintal,Tk per quintal,51653.0,52029.0,53861.0,51835.0,52579.0,52894.0,54548.0,55178.0,55155.0,55042.0,54511.0,,53571.0,,serial printed as 118,628
BBS Yearbook of Agricultural Statistics of Bangladesh 2025,10.2,wholesale,2025,219,Fruit- Tamarind- With Seeds,Fruit- Tamarind- With Seeds,1quintal,Tk per quintal,14310.0,15527.0,17309.0,17006.0,17841.0,15029.0,13868.0,14581.0,14768.0,14782.0,15900.0,,15538.0,,serial printed as 119,628
BBS Yearbook of Agricultural Statistics of Bangladesh 2025,10.2,wholesale,2025,220,Fruit- Tamarind- Without Seeds,Fruit- Tamarind- Without Seeds,1quintal,Tk per quintal,17468.0,19125.0,20993.0,21000.0,21182.0,18227.0,15591.0,22000.0,18181.0,21425.0,18650.0,,19440.0,,,628
BBS Yearbook of Agricultural Statistics of Bangladesh 2025,10.2,wholesale,2025,221,Vegetables- Local Potatoes,Vegetables- Local Potatoes,1quintal,Tk per quintal,3312.0,2191.0,2160.0,2042.0,1876.0,2027.0,2079.0,2056.0,2110.0,1956.0,2159.0,,2179.0,,,628
BBS Yearbook of Agricultural Statistics of Bangladesh 2025,10.2,wholesale,2025,222,White Holland Potatoes,White Holland Potatoes,1quintal,Tk per quintal,2838.0,1522.0,1684.0,1572.0,1477.0,1696.0,1775.0,1702.0,1682.0,1544.0,1710.0,,1746.0,,,628
BBS Yearbook of Agricultural Statistics of Bangladesh 2025,10.2,wholesale,2025,223,Red Holland Potatoes,Red Holland Potatoes,1quintal,Tk per quintal,2723.0,1576.0,1690.0,1513.0,1468.0,1648.0,1738.0,1675.0,1681.0,1500.0,1794.0,,1728.0,,,628
BBS Yearbook of Agricultural Statistics of Bangladesh 2025,10.2,wholesale,2025,224,Sweet Potatoes,Sweet Potatoes,1quintal,Tk per quintal,3410.0,2786.0,2593.0,2583.0,2377.0,2282.0,2401.0,2678.0,2534.0,2940.0,2592.0,,2652.0,,,628
BBS Yearbook of Agricultural Statistics of Bangladesh 2025,10.2,wholesale,2025,225,Brinjal/Eggplant (long),Brinjal/Eggplant (long),1quintal,Tk per quintal,2175.0,2030.0,3466.0,3891.0,3662.0,3424.0,4481.0,5677.0,5154.0,5649.0,4624.0,,4021.0,,,628
BBS Yearbook of Agricultural Statistics of Bangladesh 2025,10.2,wholesale,2025,226,Brinjal/Eggplant (round),Brinjal/Eggplant (round),1quintal,Tk per quintal,2787.0,2434.0,4003.0,4625.0,4317.0,4278.0,5720.0,6755.0,6336.0,6926.0,5891.0,,4916.0,,,628
BBS Yearbook of Agricultural Statistics of Bangladesh 2025,10.2,wholesale,2025,227,Poimted gourd (Pata)l,Poimted gourd (Pata)l,1quintal,Tk per quintal,3419.0,6925.0,6596.0,5021.0,3190.0,2391.0,3011.0,4607.0,4639.0,4598.0,3738.0,,4376.0,,,628
BBS Yearbook of Agricultural Statistics of Bangladesh 2025,10.2,wholesale,2025,228,Ash Gourd (Chalcumra),Ash Gourd (Chalcumra),80Pices,Tk per quintal,3211.0,2918.0,3358.0,3351.0,2770.0,2513.0,2873.0,3383.0,3299.0,3253.0,2905.0,,3076.0,,,628
BBS Yearbook of Agricultural Statistics of Bangladesh 2025,10.2,wholesale,2025,229,Pumpkin,Pumpkin,1quintal,Tk per quintal,2408.0,2051.0,1912.0,1923.0,1913.0,1893.0,2123.0,2961.0,3540.0,3530.0,3082.0,,2485.0,,,628
BBS Yearbook of Agricultural Statistics of Bangladesh 2025,10.2,wholesale,2025,230,Gourd (Lau),Gourd (Lau),100Pices,Tk per quintal,2509.0,2318.0,2424.0,2722.0,2834.0,2869.0,3217.0,4092.0,3972.0,3784.0,3358.0,,3100.0,,,628
BBS Yearbook of Agricultural Statistics of Bangladesh 2025,10.2,wholesale,2025,231,Bitter Melon (Utche),Bitter Melon (Utche),1quintal,Tk per quintal,4660.0,5479.0,5903.0,5048.0,4005.0,4502.0,5160.0,6479.0,6254.0,6195.0,5741.0,,5402.0,,,628
BBS Yearbook of Agricultural Statistics of Bangladesh 2025,10.2,wholesale,2025,232,Bitter Gourd (karlla),Bitter Gourd (karlla),1quintal,Tk per quintal,4889.0,5474.0,5672.0,5306.0,3732.0,4190.0,5018.0,6167.0,6007.0,5872.0,5498.0,,5257.0,,,628
BBS Yearbook of Agricultural Statistics of Bangladesh 2025,10.2,wholesale,2025,233,Green papaya (Kacha Papa),Green papaya (Kacha Papa),1quintal,Tk per quintal,2592.0,2432.0,2542.0,3154.0,3782.0,2847.0,2266.0,2121.0,1880.0,1785.0,1882.0,,2480.0,,,628
BBS Yearbook of Agricultural Statistics of Bangladesh 2025,10.2,wholesale,2025,234,Bulbous root of arum (Mukhikachu),Bulbous root of arum (Mukhikachu),1quintal,Tk per quintal,4165.0,3675.0,5408.0,8663.0,6305.0,4368.0,3669.0,3321.0,2686.0,2557.0,2570.0,,4308.0,,,628
BBS Yearbook of Agricultural Statistics of Bangladesh 2025,10.2,wholesale,2025,235,Water arum (Panikachu),Water arum (Panikachu),100pices,Tk per quintal,3467.0,,,4100.0,3045.0,3079.0,3267.0,3509.0,3633.0,3596.0,3736.0,,3492.0,,,628
BBS Yearbook of Agricultural Statistics of Bangladesh 2025,10.2,wholesale,2025,236,Arum lobe (Kachurlati),Arum lobe (Kachurlati),1quintal,Tk per quintal,4438.0,4801.0,5778.0,5148.0,4345.0,3876.0,3858.0,4331.0,4231.0,4186.0,4059.0,,4459.0,,,628
BBS Yearbook of Agricultural Statistics of Bangladesh 2025,10.2,wholesale,2025,237,Sweet Bitter Gourd (Kakrol),Sweet Bitter Gourd (Kakrol),1quintal,Tk per quintal,4130.0,3500.0,4750.0,8539.0,5095.0,4268.0,4535.0,5270.0,5372.0,5504.0,5092.0,,5096.0,,,628
BBS Yearbook of Agricultural Statistics of Bangladesh 2025,10.2,wholesale,2025,238,Radish,Radish,1quintal,Tk per quintal,4054.0,6223.0,6281.0,4472.0,2705.0,2343.0,3124.0,4695.0,4823.0,4874.0,4340.0,,4358.0,,,628
BBS Yearbook of Agricultural Statistics of Bangladesh 2025,10.2,wholesale,2025,239,Cucumber,Cucumber,1quintal,Tk per quintal,2581.0,2371.0,3391.0,3558.0,3250.0,2658.0,3549.0,4354.0,3900.0,3595.0,4128.0,,3394.0,,,628
BBS Yearbook of Agricultural Statistics of Bangladesh 2025,10.2,wholesale,2025,240,Khirai,Khirai,1quintal,Tk per quintal,2618.0,2381.0,3055.0,3151.0,3461.0,2941.0,3499.0,4590.0,4246.0,3759.0,4266.0,,3452.0,,,629
BBS Yearbook of Agricultural Statistics of Bangladesh 2025,10.2,wholesale,2025,241,Beans,Beans,1quintal,Tk per quintal,2275.0,1981.0,2563.0,3492.0,,,,,11727.0,8206.0,7292.0,,5362.0,sep,,629
BBS Yearbook of Agricultural Statistics of Bangladesh 2025,10.2,wholesale,2025,242,Long bean (Barbarti),Long bean (Barbarti),1quintal,Tk per quintal,4476.0,4479.0,5514.0,5233.0,4003.0,4109.0,4750.0,6023.0,5688.0,5499.0,4868.0,,4968.0,,,629
BBS Yearbook of Agricultural Statistics of Bangladesh 2025,10.2,wholesale,2025,243,Tomato Ripe,Tomato Ripe,1quintal,Tk per quintal,3088.0,1553.0,1240.0,1945.0,2800.0,4506.0,8574.0,12610.0,11157.0,9965.0,9390.0,,6075.0,mar,,629
BBS Yearbook of Agricultural Statistics of Bangladesh 2025,10.2,wholesale,2025,244,Green Peas (Motorshooti),Green Peas (Motorshooti),1quintal,Tk per quintal,7663.0,6091.0,6039.0,9675.0,,,,,,,,,7367.0,,,629
BBS Yearbook of Agricultural Statistics of Bangladesh 2025,10.2,wholesale,2025,245,Ridge Gourd (Jhinga),Ridge Gourd (Jhinga),1quintal,Tk per quintal,4330.0,4000.0,6054.0,4837.0,3498.0,3271.0,3749.0,4736.0,4628.0,4461.0,3877.0,,4313.0,,,629
BBS Yearbook of Agricultural Statistics of Bangladesh 2025,10.2,wholesale,2025,246,Snake Gourd (Chichinga),Snake Gourd (Chichinga),1quintal,Tk per quintal,3422.0,3226.0,3935.0,4238.0,3191.0,2942.0,3252.0,4172.0,3908.0,3832.0,3334.0,,3587.0,,,629
BBS Yearbook of Agricultural Statistics of Bangladesh 2025,10.2,wholesale,2025,247,Sponge Gourd (Dundol),Sponge Gourd (Dundol),1quintal,Tk per quintal,3376.0,2900.0,4108.0,4095.0,3214.0,2629.0,3079.0,3627.0,3360.0,3356.0,3021.0,,3342.0,,,629
BBS Yearbook of Agricultural Statistics of Bangladesh 2025,10.2,wholesale,2025,248,Radish Spinach (Mula Shak),Radish Spinach (Mula Shak),1quintal,Tk per quintal,1300.0,1224.0,1188.0,1288.0,1750.0,,2294.0,2983.0,2905.0,2671.0,2152.0,,1975.0,,,629
BBS Yearbook of Agricultural Statistics of Bangladesh 2025,10.2,wholesale,2025,249,Red Spinach (Lal Shak),Red Spinach (Lal Shak),1quintal,Tk per quintal,1799.0,1736.0,1845.0,1911.0,1923.0,2018.0,2208.0,2858.0,3000.0,2851.0,2653.0,,2255.0,,,629
BBS Yearbook of Agricultural Statistics of Bangladesh 2025,10.2,wholesale,2025,250,Spinach (Palongsak),Spinach (Palongsak),1quintal,Tk per quintal,1617.0,1500.0,1688.0,1754.0,1903.0,1833.0,2050.0,3173.0,2777.0,3141.0,3226.0,,2242.0,,,629
BBS Yearbook of Agricultural Statistics of Bangladesh 2025,10.2,wholesale,2025,251,Indian Spinach (Puishak),Indian Spinach (Puishak),1quintal,Tk per quintal,1939.0,1876.0,1966.0,1859.0,1656.0,1593.0,1749.0,2168.0,2318.0,2259.0,2093.0,,1952.0,,,629
BBS Yearbook of Agricultural Statistics of Bangladesh 2025,10.2,wholesale,2025,252,Amarnath (Danta),Amarnath (Danta),1quintal,Tk per quintal,2084.0,1882.0,1963.0,1920.0,1830.0,1829.0,2020.0,2240.0,2474.0,2500.0,2432.0,,2107.0,,,629
BBS Yearbook of Agricultural Statistics of Bangladesh 2025,10.2,wholesale,2025,253,Cauliflour,Cauliflour,100Pices,Tk per quintal,1160.0,1145.0,1625.0,2031.0,,,,,,6216.0,4664.0,,2807.0,oct,,629
BBS Yearbook of Agricultural Statistics of Bangladesh 2025,10.2,wholesale,2025,254,Cabbage,Cabbage,100Pices,Tk per quintal,1334.0,1113.0,1205.0,1391.0,,,,,5113.0,4947.0,3787.0,,2699.0,sep;oct,,629
BBS Yearbook of Agricultural Statistics of Bangladesh 2025,10.2,wholesale,2025,255,Broccoli,Broccoli,100Pices,Tk per quintal,2706.0,2490.0,2592.0,,,,,,,,,,2596.0,,,629
BBS Yearbook of Agricultural Statistics of Bangladesh 2025,10.2,wholesale,2025,256,Kohlrabi (Ol Kopi),Kohlrabi (Ol Kopi),1quintal,Tk per quintal,1392.0,1128.0,1151.0,1310.0,,,,,,7500.0,5000.0,,2914.0,oct;nov,,629
BBS Yearbook of Agricultural Statistics of Bangladesh 2025,10.2,wholesale,2025,257,Carrot,Carrot,1quintal,Tk per quintal,3244.0,2348.0,2232.0,2678.0,3942.0,6338.0,8824.0,10208.0,9726.0,10011.0,9334.0,,6262.0,,,629
BBS Yearbook of Agricultural Statistics of Bangladesh 2025,10.2,wholesale,2025,258,Green Banana ( Katcha Kala),Green Banana ( Katcha Kala),80Pices,Tk per quintal,538.0,539.0,553.0,570.0,582.0,579.0,578.0,573.0,583.0,585.0,597.0,,571.0,,,629
BBS Yearbook of Agricultural Statistics of Bangladesh 2025,10.2,wholesale,2025,259,Radish Local,Radish Local,1quintal,Tk per quintal,931.0,815.0,967.0,2668.0,3255.0,2830.0,2947.0,4838.0,4300.0,3208.0,2662.0,,2674.0,jan;feb,,629
BBS Yearbook of Agricultural Statistics of Bangladesh 2025,10.2,wholesale,2025,260,Miscellaneous: Sugar Local,Miscellaneous: Sugar Local,1quintal,Tk per quintal,12554.0,12609.0,12351.0,12153.0,12021.0,11862.0,11702.0,14777.0,17374.0,13781.0,13608.0,,13163.0,,,629
BBS Yearbook of Agricultural Statistics of Bangladesh 2025,10.2,wholesale,2025,261,Sugar Foreign,Sugar Foreign,1quintal,Tk per quintal,11928.0,11843.0,11657.0,11480.0,11152.0,10800.0,10515.0,11368.0,11222.0,9951.0,9568.0,,11044.0,,,629
BBS Yearbook of Agricultural Statistics of Bangladesh 2025,10.2,wholesale,2025,262,Gur Sugarcane,Gur Sugarcane,1quintal,Tk per quintal,11512.0,11518.0,11567.0,11683.0,11699.0,11666.0,11679.0,11690.0,11674.0,11651.0,11667.0,,11637.0,,,629
BBS Yearbook of Agricultural Statistics of Bangladesh 2025,10.2,wholesale,2025,263,Gur Dates,Gur Dates,1quintal,Tk per quintal,19050.0,18976.0,18901.0,18984.0,19802.0,19561.0,19467.0,19904.0,19731.0,19150.0,19651.0,,19380.0,,,629
BBS Yearbook of Agricultural Statistics of Bangladesh 2025,10.2,wholesale,2025,264,Salt With Iodine,Salt With Iodine,1quintal,Tk per quintal,3370.0,3366.0,3368.0,3369.0,3364.0,3358.0,3353.0,3354.0,3352.0,3352.0,3343.0,,3359.0,,,629
BBS Yearbook of Agricultural Statistics of Bangladesh 2025,10.2,wholesale,2025,265,Salt Lose,Salt Lose,1quintal,Tk per quintal,1967.0,1958.0,1935.0,1919.0,1903.0,1895.0,1883.0,1881.0,1869.0,1860.0,1850.0,,1902.0,,,629
BBS Yearbook of Agricultural Statistics of Bangladesh 2025,10.2,wholesale,2025,266,Vushi Mashur (Lentil),Vushi Mashur (Lentil),1quintal,Tk per quintal,4663.0,4650.0,4665.0,4666.0,4642.0,4652.0,4594.0,4638.0,4670.0,4684.0,4756.0,,4662.0,,,629
BBS Yearbook of Agricultural Statistics of Bangladesh 2025,10.2,wholesale,2025,267,Vushi Chola (Chickpea),Vushi Chola (Chickpea),1quintal,Tk per quintal,5100.0,5078.0,5110.0,5138.0,5188.0,5190.0,5151.0,5129.0,5077.0,5144.0,5222.0,,5139.0,,,629
BBS Yearbook of Agricultural Statistics of Bangladesh 2025,10.2,wholesale,2025,268,Vushi Kheshari (Grass pea),Vushi Kheshari (Grass pea),1quintal,Tk per quintal,4935.0,4989.0,5004.0,5029.0,5074.0,5073.0,5086.0,5122.0,5102.0,5109.0,5045.0,,5051.0,,,629
BBS Yearbook of Agricultural Statistics of Bangladesh 2025,10.2,wholesale,2025,269,Vushi Wheat,Vushi Wheat,1quintal,Tk per quintal,4441.0,4483.0,4486.0,4523.0,4550.0,4537.0,4525.0,4503.0,4482.0,4463.0,4462.0,,4496.0,,,629
BBS Yearbook of Agricultural Statistics of Bangladesh 2025,10.2,wholesale,2025,270,Vushi Rice Kura,Vushi Rice Kura,1quintal,Tk per quintal,1834.0,1830.0,1825.0,1850.0,1852.0,1847.0,1845.0,1848.0,1843.0,1750.0,1697.0,,1820.0,,,629
BBS Yearbook of Agricultural Statistics of Bangladesh 2025,10.2,wholesale,2025,271,Lakri Cherai Mango/Others,Lakri Cherai Mango/Others,1quintal,Tk per quintal,666.0,672.0,673.0,684.0,687.0,687.0,676.0,693.0,693.0,694.0,694.0,,683.0,,,629
BBS Yearbook of Agricultural Statistics of Bangladesh 2025,10.3,retail,2024,1,Paddy Aman Fine,Paddy Aman Fine,,Tk per kg,,,,,,,,,,,,,,,,630
BBS Yearbook of Agricultural Statistics of Bangladesh 2025,10.3,retail,2024,2,",, Medium",Paddy Aman Medium,,Tk per kg,,,,,,,,,,,,,,,,630
BBS Yearbook of Agricultural Statistics of Bangladesh 2025,10.3,retail,2024,3,",, Coarse",Paddy Aman Coarse,,Tk per kg,,,,,,,,,,,,,,,,630
BBS Yearbook of Agricultural Statistics of Bangladesh 2025,10.3,retail,2024,4,",, Pajam",Paddy Aman Pajam,,Tk per kg,,,,,,,,,,,,,,,,630
BBS Yearbook of Agricultural Statistics of Bangladesh 2025,10.3,retail,2024,5,‘’ shugandhi,Paddy Aman shugandhi,,Tk per kg,,,,,,,,,,,,,,,,630
BBS Yearbook of Agricultural Statistics of Bangladesh 2025,10.3,retail,2024,6,Paddy Aus medium,Paddy Aus medium,,Tk per kg,,,,,,,,,,,,,,,,630
BBS Yearbook of Agricultural Statistics of Bangladesh 2025,10.3,retail,2024,7,",, coarse",Paddy Aus coarse,,Tk per kg,,,,,,,,,,,,,,,,630
BBS Yearbook of Agricultural Statistics of Bangladesh 2025,10.3,retail,2024,8,",, Pajam",Paddy Aus Pajam,,Tk per kg,,,,,,,,,,,,,,,,630
BBS Yearbook of Agricultural Statistics of Bangladesh 2025,10.3,retail,2024,9,Paddy Boro fine,Paddy Boro fine,,Tk per kg,,,,,,,,,,,,,,,,630
BBS Yearbook of Agricultural Statistics of Bangladesh 2025,10.3,retail,2024,10,",, medium",Paddy Boro medium,,Tk per kg,,,,,,,,,,,,,,,,630
BBS Yearbook of Agricultural Statistics of Bangladesh 2025,10.3,retail,2024,11,‘’ coarse,Paddy Boro coarse,,Tk per kg,,,,,,,,,,,,,,,,630
BBS Yearbook of Agricultural Statistics of Bangladesh 2025,10.3,retail,2024,12,Rice Aman fine,Rice Aman fine,,Tk per kg,69.16,69.81,70.37,71.23,71.0,70.6,70.93,72.57,72.07,72.46,,,71.02,,,630
BBS Yearbook of Agricultural Statistics of Bangladesh 2025,10.3,retail,2024,13,",, medium",Rice Aman medium,,Tk per kg,54.69,55.59,55.81,56.54,56.73,56.86,57.38,58.64,59.93,60.76,,,57.29,,,630
BBS Yearbook of Agricultural Statistics of Bangladesh 2025,10.3,retail,2024,14,",, coarse",Rice Aman coarse,,Tk per kg,48.23,48.94,49.11,49.79,49.91,49.67,50.27,51.26,52.35,52.87,,,50.24,,,630
BBS Yearbook of Agricultural Statistics of Bangladesh 2025,10.3,retail,2024,15,",, Pajam",Rice Aman Pajam,,Tk per kg,61.73,62.04,61.08,63.37,61.48,61.57,62.87,64.01,65.27,66.2,,,62.96,,,630
BBS Yearbook of Agricultural Statistics of Bangladesh 2025,10.3,retail,2024,16,Rice Aus medium,Rice Aus medium,,Tk per kg,56.03,55.75,56.25,57.25,56.5,56.5,56.6,57.63,58.75,59.25,,,57.05,,,630
BBS Yearbook of Agricultural Statistics of Bangladesh 2025,10.3,retail,2024,17,",, coarse",Rice Aus coarse,,Tk per kg,49.11,47.25,47.58,48.25,45.5,45.5,45.5,47.38,49.75,50.06,,,47.59,,,630
BBS Yearbook of Agricultural Statistics of Bangladesh 2025,10.3,retail,2024,18,‘’ Pajam,Rice Aus Pajam,,Tk per kg,71.0,71.0,71.0,71.0,71.0,71.0,71.4,73.5,74.5,74.5,,,71.99,,,630
BBS Yearbook of Agricultural Statistics of Bangladesh 2025,10.3,retail,2024,19,Rice boro fine,Rice boro fine,,Tk per kg,67.95,68.53,68.77,69.78,68.99,68.19,69.16,70.49,71.25,71.87,,,69.5,,,630
BBS Yearbook of Agricultural Statistics of Bangladesh 2025,10.3,retail,2024,20,",, medium",Rice boro medium,,Tk per kg,56.92,53.42,57.29,57.81,57.0,56.38,57.74,59.19,60.12,61.15,,,57.7,,,630
BBS Yearbook of Agricultural Statistics of Bangladesh 2025,10.3,retail,2024,21,",, coarse",Rice boro coarse,,Tk per kg,48.67,47.28,48.53,48.92,48.32,47.98,48.74,49.72,50.84,51.43,,,49.04,,,630
BBS Yearbook of Agricultural Statistics of Bangladesh 2025,10.3,retail,2024,22,",, pajam",Rice boro pajam,,Tk per kg,54.62,55.38,55.17,53.23,52.89,54.21,54.85,56.28,56.91,57.35,,,55.09,,,630
BBS Yearbook of Agricultural Statistics of Bangladesh 2025,10.3,retail,2024,23,Rice OMS course,Rice OMS course,,Tk per kg,33.4,30.4,31.75,72.67,31.38,31.01,31.1,31.1,30.92,31.1,,,35.49,,,630
BBS Yearbook of Agricultural Statistics of Bangladesh 2025,10.3,retail,2024,24,Aromatic rice Chinigura,Aromatic rice Chinigura,,Tk per kg,130.26,140.58,128.34,128.74,128.49,127.87,125.69,125.01,,,,,129.37,,,630
BBS Yearbook of Agricultural Statistics of Bangladesh 2025,10.3,retail,2024,25,“ Kalojira,Aromatic Kalojira,,Tk per kg,120.85,118.94,119.83,119.36,119.46,119.85,118.37,117.55,,,,,119.27,,,630
BBS Yearbook of Agricultural Statistics of Bangladesh 2025,10.3,retail,2024,26,“ kataribhog,Aromatic kataribhog,,Tk per kg,89.5,89.12,89.6,89.88,90.35,89.89,89.43,89.45,90.01,88.33,,,89.56,,,630
BBS Yearbook of Agricultural Statistics of Bangladesh 2025,10.3,retail,2024,27,Wheat local red,Wheat local red,,Tk per kg,43.3,43.58,42.5,40.8,40.89,41.27,41.76,41.38,41.27,41.36,,,41.81,,,630
BBS Yearbook of Agricultural Statistics of Bangladesh 2025,10.3,retail,2024,28,",, white",Wheat white,,Tk per kg,43.93,38.34,41.61,40.81,40.06,40.63,40.39,40.0,39.93,40.35,,,40.6,,,630
BBS Yearbook of Agricultural Statistics of Bangladesh 2025,10.3,retail,2024,29,Imported red,Imported red,,Tk per kg,44.2,44.02,42.97,42.02,41.53,42.46,41.71,41.32,41.45,41.11,,,42.28,,,630
BBS Yearbook of Agricultural Statistics of Bangladesh 2025,10.3,retail,2024,30,",, white",Imported white,,Tk per kg,45.13,45.41,44.38,47.36,42.76,43.26,43.09,43.19,43.07,43.06,,,44.07,,,630
BBS Yearbook of Agricultural Statistics of Bangladesh 2025,10.3,retail,2024,31,Ata loose,Ata loose,,Tk per kg,45.98,45.25,42.89,43.83,40.46,41.05,40.75,40.84,41.07,41.36,,,42.35,,,630
BBS Yearbook of Agricultural Statistics of Bangladesh 2025,10.3,retail,2024,32,",, Packet",Ata Packet,,Tk per kg,56.69,57.29,55.74,56.64,54.04,53.71,53.04,52.47,52.36,51.99,,,54.4,,,630
BBS Yearbook of Agricultural Statistics of Bangladesh 2025,10.3,retail,2024,33,flour loose,Ata flour loose,,Tk per kg,60.05,61.91,59.0,58.71,58.3,58.24,57.72,56.97,56.81,56.52,,,58.42,,,630
BBS Yearbook of Agricultural Statistics of Bangladesh 2025,10.3,retail,2024,34,",, packet",Ata packet,,Tk per kg,69.4,67.95,69.44,69.3,69.07,68.98,68.76,68.21,68.05,67.83,,,68.7,,,630
BBS Yearbook of Agricultural Statistics of Bangladesh 2025,10.3,retail,2024,35,Maize -,Maize -,,Tk per kg,37.48,34.21,38.28,35.53,34.31,34.38,34.94,36.17,36.72,37.22,,,35.93,,,630
BBS Yearbook of Agricultural Statistics of Bangladesh 2025,10.3,retail,2024,36,Kalai Balck Gram (Mashkalai),Kalai Balck Gram (Mashkalai),,Tk per kg,133.9,135.58,137.45,136.25,140.05,140.84,141.63,,145.49,146.78,,,139.77,,,630
BBS Yearbook of Agricultural Statistics of Bangladesh 2025,10.3,retail,2024,37,",, Lentil (Mashur)",Kalai Lentil (Mashur),,Tk per kg,102.14,104.09,110.01,101.9,100.17,99.51,99.7,,100.04,100.16,,,101.97,,,630
BBS Yearbook of Agricultural Statistics of Bangladesh 2025,10.3,retail,2024,38,",, Green gram (Mug)",Kalai Green gram (Mug),,Tk per kg,114.87,117.38,126.48,130.3,129.99,125.53,129.08,,130.81,133.48,,,126.42,,,630
BBS Yearbook of Agricultural Statistics of Bangladesh 2025,10.3,retail,2024,39,",, Chickpea (Chola)",Kalai Chickpea (Chola),,Tk per kg,95.25,99.21,102.99,101.74,100.97,101.81,105.99,,113.39,118.85,,,104.47,,,630
BBS Yearbook of Agricultural Statistics of Bangladesh 2025,10.3,retail,2024,40,",, Pea (Motor) local",Kalai Pea (Motor) local,,Tk per kg,78.03,77.3,87.66,85.46,88.17,89.46,91.89,,95.75,96.58,,,87.81,,,630
BBS Yearbook of Agricultural Statistics of Bangladesh 2025,10.3,retail,2024,41,",, Pea (Motor) foreign (Dabri)",Kalai Pea (Motor) foreign (Dabri),,Tk per kg,66.81,70.96,75.23,77.42,77.6,77.82,77.61,,76.82,76.55,,,75.2,,,630
BBS Yearbook of Agricultural Statistics of Bangladesh 2025,10.3,retail,2024,42,",, Grass Pea (Kheshari)",Kalai Grass Pea (Kheshari),,Tk per kg,78.95,81.69,88.28,83.1,83.58,81.36,84.52,,83.33,170.64,,,83.42,,,630
BBS Yearbook of Agricultural Statistics of Bangladesh 2025,10.3,retail,2024,43,Dal Black gram (Mashkalai) gota,Dal Black gram (Mashkalai) gota,,Tk per kg,155.52,156.34,158.54,160.18,160.3,160.17,167.18,,170.37,181.41,,,162.14,,,631
BBS Yearbook of Agricultural Statistics of Bangladesh 2025,10.3,retail,2024,44,",, Broken",Dal Broken,,Tk per kg,166.5,167.28,170.27,171.94,173.9,174.56,176.84,143.18,181.85,133.51,,,170.77,,,631
BBS Yearbook of Agricultural Statistics of Bangladesh 2025,10.3,retail,2024,45,",, Lentil (Mashur) local  gota",Dal Lentil (Mashur) local gota,,Tk per kg,133.68,133.95,134.29,134.23,133.82,133.53,133.71,99.53,133.67,113.4,,,130.39,,,631
BBS Yearbook of Agricultural Statistics of Bangladesh 2025,10.3,retail,2024,46,"Lentil (Mashur) ,, broken","Lentil (Mashur) ,, broken",,Tk per kg,114.11,114.11,115.61,113.15,115.38,113.94,113.75,129.15,113.66,116.12,,,115.63,,,631
BBS Yearbook of Agricultural Statistics of Bangladesh 2025,10.3,retail,2024,47,",, Lentil(Mashur) foreign",Lentil Lentil(Mashur) foreign,,Tk per kg,116.73,116.36,116.67,115.73,115.88,116.02,115.63,110.16,116.55,165.53,,,115.58,,,631
BBS Yearbook of Agricultural Statistics of Bangladesh 2025,10.3,retail,2024,48,"Green gram (Mug) ,, local","Green gram (Mug) ,, local",,Tk per kg,147.75,157.46,165.5,170.46,166.79,161.6,161.86,65.25,163.68,125.2,,,155.59,,,631
BBS Yearbook of Agricultural Statistics of Bangladesh 2025,10.3,retail,2024,49,"Chickpea (Chola) ,, gota","Chickpea (Chola) ,, gota",,Tk per kg,97.81,101.14,105.44,105.48,105.32,107.03,111.34,76.73,120.39,129.14,,,105.56,,,631
BBS Yearbook of Agricultural Statistics of Bangladesh 2025,10.3,retail,2024,50,"Chickpea (Chola) ,, broken","Chickpea (Chola) ,, broken",,Tk per kg,99.03,101.83,105.07,105.21,106.34,107.98,113.45,83.04,122.49,112.32,,,107.36,,,631
BBS Yearbook of Agricultural Statistics of Bangladesh 2025,10.3,retail,2024,51,",, Pea (Motor) local",Chickpea Pea (Motor) local,,Tk per kg,97.7,96.59,107.86,105.68,108.34,111.87,110.58,171.5,112.11,78.42,,,113.45,,,631
BBS Yearbook of Agricultural Statistics of Bangladesh 2025,10.3,retail,2024,52,",, Pea (Motor) foreign",Chickpea Pea (Motor) foreign,,Tk per kg,70.19,73.52,77.72,78.61,78.46,78.76,78.68,180.42,79.06,109.7,,,87.38,,,631
BBS Yearbook of Agricultural Statistics of Bangladesh 2025,10.3,retail,2024,53,",, Grass pea (Kheshari)",Chickpea Grass pea (Kheshari),,Tk per kg,92.96,98.59,114.06,112.032,108.49,107.77,108.86,133.75,109.1,86.59,,,109.53,,,631
BBS Yearbook of Agricultural Statistics of Bangladesh 2025,10.3,retail,2024,54,Oil seed Mustard,Oil seed Mustard,,Tk per kg,92.14,85.89,82.99,83.21,84.34,84.23,83.8,113.82,84.57,137.44,,,88.16,,,631
BBS Yearbook of Agricultural Statistics of Bangladesh 2025,10.3,retail,2024,55,",, Tishi",Oil Tishi,,Tk per kg,143.36,165.25,144.69,151.42,140.33,154.94,163.69,116.16,145.76,150.78,,,146.3,,,631
BBS Yearbook of Agricultural Statistics of Bangladesh 2025,10.3,retail,2024,56,",, Till",Oil Till,,Tk per kg,167.61,164.35,150.49,159.66,166.88,166.23,160.09,162.51,144.17,145.76,,,158.77,,,631
BBS Yearbook of Agricultural Statistics of Bangladesh 2025,10.3,retail,2024,57,",, Nut",Oil Nut,,Tk per kg,157.15,157.72,156.94,156.1,155.8,151.95,153.22,115.57,155.72,156.04,,,151.65,,,631
BBS Yearbook of Agricultural Statistics of Bangladesh 2025,10.3,retail,2024,58,Oil Mustard loose,Oil Mustard loose,,Tk per kg,212.59,209.64,205.69,204.91,203.25,203.41,202.39,119.1,198.85,198.58,,,195.84,,,631
BBS Yearbook of Agricultural Statistics of Bangladesh 2025,10.3,retail,2024,59,",, Soyabeen",Oil Soyabeen,,Tk per kg,158.9,158.16,154.18,153.79,153.54,153.3,153.26,111.17,153.64,158.59,,,150.85,,,631
BBS Yearbook of Agricultural Statistics of Bangladesh 2025,10.3,retail,2024,60,",, Pulm",Oil Pulm,,Tk per kg,128.05,128.47,128.18,130.07,130.49,130.16,130.03,78.4,136.84,146.1,,,126.71,,,631
BBS Yearbook of Agricultural Statistics of Bangladesh 2025,10.3,retail,2024,61,“ Ghee (dalda),Oil Ghee (dalda),,Tk per kg,169.42,166.57,164.76,164.86,165.37,164.98,164.71,108.82,166.42,171.36,,,160.73,,,631
BBS Yearbook of Agricultural Statistics of Bangladesh 2025,10.3,retail,2024,62,",, Butter oil",Oil Butter oil,,Tk per kg,594.7,740.94,848.0,726.67,907.0,957.0,940.2,84.39,940.0,790.67,,,752.96,aug,,631
BBS Yearbook of Agricultural Statistics of Bangladesh 2025,10.3,retail,2024,63,",, Coconut local loose",Oil Coconut local loose,,Tk per kg,370.63,385.02,389.91,396.69,394.17,394.3,395.58,156.71,407.21,406.63,,,369.69,,,631
BBS Yearbook of Agricultural Statistics of Bangladesh 2025,10.3,retail,2024,64,khail Mustard,Oil khail Mustard,,Tk per kg,51.79,51.57,51.17,51.42,51.58,51.78,51.61,162.41,51.71,52.0,,,62.7,aug,,631
BBS Yearbook of Agricultural Statistics of Bangladesh 2025,10.3,retail,2024,65,",, Till",Oil Till,,Tk per kg,89.25,53.25,54.56,54.56,54.27,53.75,54.94,153.11,54.17,55.73,,,67.76,,,631
BBS Yearbook of Agricultural Statistics of Bangladesh 2025,10.3,retail,2024,66,",, Khoil Others",Oil Khoil Others,,Tk per kg,57.3,57.4,58.3,58.5,60.93,61.3,60.34,200.83,60.1,60.1,,,73.51,aug,,631
BBS Yearbook of Agricultural Statistics of Bangladesh 2025,10.3,retail,2024,67,Spice Onion local,Spice Onion local,,Tk per kg,80.5,104.08,73.01,54.89,67.38,82.09,102.84,153.07,108.37,113.31,,,93.95,,,631
BBS Yearbook of Agricultural Statistics of Bangladesh 2025,10.3,retail,2024,68,",, Onion imported",Spice Onion imported,,Tk per kg,111.9,107.72,97.06,62.3,70.58,81.4,97.94,130.96,103.17,1025.29,,,96.53,oct,,631
BBS Yearbook of Agricultural Statistics of Bangladesh 2025,10.3,retail,2024,69,",, Garlic local",Spice Garlic local,,Tk per kg,254.62,187.49,129.96,148.84,187.43,208.38,205.78,167.03,217.2,223.86,,,193.06,,,631
BBS Yearbook of Agricultural Statistics of Bangladesh 2025,10.3,retail,2024,70,",, Garlic imported",Spice Garlic imported,,Tk per kg,233.19,208.12,201.16,208.2,220.57,221.15,195.87,827.5,212.3,214.89,,,274.29,aug,,631
BBS Yearbook of Agricultural Statistics of Bangladesh 2025,10.3,retail,2024,71,Chilli dried,Chilli dried,,Tk per kg,422.67,412.75,403.01,389.38,382.47,378.93,374.85,403.57,361.84,362.43,,,389.19,,,631
BBS Yearbook of Agricultural Statistics of Bangladesh 2025,10.3,retail,2024,72,",, Green chilli",Chilli Green chilli,,Tk per kg,74.48,58.62,62.0,52.69,118.36,189.91,223.6,51.68,179.81,248.18,,,125.93,,,631
BBS Yearbook of Agricultural Statistics of Bangladesh 2025,10.3,retail,2024,73,",, Ginger local",Chilli Ginger local,,Tk per kg,210.79,200.79,208.08,233.9,256.61,278.34,293.21,55.54,252.17,199.45,,,218.89,aug,,631
BBS Yearbook of Agricultural Statistics of Bangladesh 2025,10.3,retail,2024,74,",, Ginger imported",Chilli Ginger imported,,Tk per kg,205.13,194.78,193.04,206.75,234.8,266.01,274.36,60.1,237.67,204.17,,,207.68,aug,,631
BBS Yearbook of Agricultural Statistics of Bangladesh 2025,10.3,retail,2024,75,",, Turmeric round (Ghol)",Chilli Turmeric round (Ghol),,Tk per kg,216.84,222.0,230.5,238.91,245.52,253.81,261.39,109.97,262.2,266.36,,,230.75,,,631
BBS Yearbook of Agricultural Statistics of Bangladesh 2025,10.3,retail,2024,76,",, Turmeric long",Chilli Turmeric long,,Tk per kg,222.42,228.3,235.76,245.91,256.25,264.61,272.19,102.474,274.27,275.07,,,237.72,,,631
BBS Yearbook of Agricultural Statistics of Bangladesh 2025,10.3,retail,2024,77,",, Coriander old",Chilli Coriander old,,Tk per kg,211.76,213.19,210.64,209.21,205.15,203.07,203.79,208.73,200.61,207.64,,,207.38,,,631
BBS Yearbook of Agricultural Statistics of Bangladesh 2025,10.3,retail,2024,78,",, Coriander new",Chilli Coriander new,,Tk per kg,207.73,212.71,188.91,186.64,189.67,194.16,201.3,196.59,196.46,200.31,,,197.67,,,631
BBS Yearbook of Agricultural Statistics of Bangladesh 2025,10.3,retail,2024,79,Jute White,Jute White,,Tk per kg,75.83,74.85,72.33,78.3,79.3,90.0,96.13,101.25,102.81,202.57,,,87.49,,,631
BBS Yearbook of Agricultural Statistics of Bangladesh 2025,10.3,retail,2024,80,",, Tosha",Jute Tosha,,Tk per kg,62.8,62.18,60.75,64.96,65.81,66.5,71.26,70.17,72.6,104.13,,,67.24,,,631
BBS Yearbook of Agricultural Statistics of Bangladesh 2025,10.3,retail,2024,81,",, bi-bottom",Jute bi-bottom,,Tk per kg,64.5,67.5,66.25,67.5,,,,,,75.4,,,65.36,,,631
BBS Yearbook of Agricultural Statistics of Bangladesh 2025,10.3,retail,2024,82,SMR,SMR,,Tk per kg,57.0,58.0,58.0,59.0,59.0,59.0,59.0,59.0,59.0,63.0,,,59.0,,,631
BBS Yearbook of Agricultural Statistics of Bangladesh 2025,10.3,retail,2024,83,Average chat,Average chat,,Tk per kg,142.1,146.0,146.92,147.58,149.5,149.67,149.04,148.0,149.0,155.17,,,148.3,,,631
BBS Yearbook of Agricultural Statistics of Bangladesh 2025,10.3,retail,2024,84,Mesta average chat,Mesta average chat,,Tk per kg,48.5,61.25,62.5,62.5,63.5,67.5,70.75,65.0,64.42,78.17,,,64.41,,,631
BBS Yearbook of Agricultural Statistics of Bangladesh 2025,10.3,retail,2024,85,Cotton Shimul,Cotton Shimul,,Tk per kg,508.4,501.27,508.89,518.99,512.61,517.71,524.4,540.22,531.82,532.39,,,519.67,,,632
BBS Yearbook of Agricultural Statistics of Bangladesh 2025,10.3,retail,2024,86,",, Carpus",Cotton Carpus,,Tk per kg,241.33,257.27,255.0,265.0,252.27,253.3,256.91,265.8,254.75,249.5,,,255.11,,,632
BBS Yearbook of Agricultural Statistics of Bangladesh 2025,10.3,retail,2024,87,Tobbaco Jati heavy,Tobbaco Jati heavy,,Tk per kg,315.2,231.0,301.2,281.2,281.2,281.2,283.0,286.7,285.2,281.2,,,291.71,,,632
BBS Yearbook of Agricultural Statistics of Bangladesh 2025,10.3,retail,2024,88,",, Jati Medium",Tobbaco Jati Medium,,Tk per kg,243.0,250.0,245.63,241.25,238.25,238.75,239.5,242.5,249.38,253.75,,,244.2,,,632
BBS Yearbook of Agricultural Statistics of Bangladesh 2025,10.3,retail,2024,89,",, Jati general",Tobbaco Jati general,,Tk per kg,193.0,195.0,185.0,175.0,175.0,175.0,175.0,175.0,175.0,175.0,,,179.8,,,632
BBS Yearbook of Agricultural Statistics of Bangladesh 2025,10.3,retail,2024,90,",, Motihar heavy",Tobbaco Motihar heavy,,Tk per kg,242.0,256.33,260.31,265.16,272.25,272.81,265.07,266.88,269.29,269.57,,,263.97,,,632
BBS Yearbook of Agricultural Statistics of Bangladesh 2025,10.3,retail,2024,91,",, Motihar medium",Tobbaco Motihar medium,,Tk per kg,197.14,198.39,202.71,203.75,203.578,203.57,206.86,209.46,214.29,213.0,,,205.28,,,632
BBS Yearbook of Agricultural Statistics of Bangladesh 2025,10.3,retail,2024,92,",, Moti general",Tobbaco Moti general,,Tk per kg,240.0,240.0,240.0,240.0,240.0,241.25,247.0,247.5,247.5,247.5,,,243.08,,,632
BBS Yearbook of Agricultural Statistics of Bangladesh 2025,10.3,retail,2024,93,‘’ Vargina,Tobbaco Vargina,,Tk per kg,195.0,195.0,195.0,195.0,195.0,195.0,195.0,210.0,210.0,210.0,,,199.5,,,632
BBS Yearbook of Agricultural Statistics of Bangladesh 2025,10.3,retail,2024,94,‘’ Bangla-1,Tobbaco Bangla-1,,Tk per kg,,,,223.0,223.0,223.0,,,,,,,223.0,,,632
BBS Yearbook of Agricultural Statistics of Bangladesh 2025,10.3,retail,2024,95,‘’ Bangla-2,Tobbaco Bangla-2,,Tk per kg,,,,196.0,196.0,196.0,,,,,,,169.0,,,632
BBS Yearbook of Agricultural Statistics of Bangladesh 2025,10.3,retail,2024,96,‘’ Bangla-3,Tobbaco Bangla-3,,Tk per kg,,,,152.5,152.5,152.5,,,,,,,152.5,,,632
BBS Yearbook of Agricultural Statistics of Bangladesh 2025,10.3,retail,2024,97,‘’ Bangla-4,Tobbaco Bangla-4,,Tk per kg,,,,137.5,137.5,137.5,,,,,,,137.5,,,632
BBS Yearbook of Agricultural Statistics of Bangladesh 2025,10.3,retail,2024,98,‘’ Bangla-5,Tobbaco Bangla-5,,Tk per kg,,,,127.5,127.5,127.5,,,,,,,127.5,,,632
BBS Yearbook of Agricultural Statistics of Bangladesh 2025,10.3,retail,2024,99,‘’ Bangla-6,Tobbaco Bangla-6,,Tk per kg,,,,116.0,116.0,116.0,,,,,,,116.0,,,632
BBS Yearbook of Agricultural Statistics of Bangladesh 2025,10.3,retail,2024,100,Hide skin: Light 359.79,Hide skin: Light 359.79,,Tk per kg,364.73,361.59,362.76,358322.0,350.6,357.59,355.57,360.55,361.2,,,,359.56,apr,,632
BBS Yearbook of Agricultural Statistics of Bangladesh 2025,10.3,retail,2024,101,"COW ,, Medium 567.04","COW ,, Medium 567.04",,Tk per kg,589.24,591.17,595.51,589.7,558.95,561.96,560.0,570.74,571.02,,,,575.53,,,632
BBS Yearbook of Agricultural Statistics of Bangladesh 2025,10.3,retail,2024,102,",, Heavy 820.01",COW Heavy 820.01,,Tk per kg,848.78,839.95,840.32,831.64,790.2,778.87,771.2,786.62,792.23,,,,809.98,,,632
BBS Yearbook of Agricultural Statistics of Bangladesh 2025,10.3,retail,2024,103,",, Katachera 303.15",COW Katachera 303.15,,Tk per kg,318.75,317.78,317.29,314.61,308.82,315.29,315.74,315.59,320.28,,,,314.73,,,632
BBS Yearbook of Agricultural Statistics of Bangladesh 2025,10.3,retail,2024,104,Hide skin Heavy 852.22,Hide skin Heavy 852.22,,Tk per kg,953.13,903.57,990.3,990.63,915.0,900.63,898.61,921.88,872.22,,,,919.85,,,632
BBS Yearbook of Agricultural Statistics of Bangladesh 2025,10.3,retail,2024,105,"Bufello ,, Medium 819.72","Bufello ,, Medium 819.72",,Tk per kg,816.67,800.0,800.0,785.0,761.72,703.13,701.56,742.86,821.25,,,,775.19,,,632
BBS Yearbook of Agricultural Statistics of Bangladesh 2025,10.3,retail,2024,106,",, Katachera 210.00",Bufello Katachera 210.00,,Tk per kg,210.0,210.0,210.0,210.0,207.5,210.0,207.5,205.0,205.0,,,,208.5,,,632
BBS Yearbook of Agricultural Statistics of Bangladesh 2025,10.3,retail,2024,107,Hide skin Sheep 54.39,Hide skin Sheep 54.39,,Tk per kg,55.68,59.44,58.85,59.15,54.28,48.35,47.94,47.35,47.65,,,,53.31,,,632
BBS Yearbook of Agricultural Statistics of Bangladesh 2025,10.3,retail,2024,108,",, Goat 53.64",Hide Goat 53.64,,Tk per kg,54.59,55.37,54.42,55.28,52.79,47.93,48.46,47.93,49.11,,,,52.02,,,632
BBS Yearbook of Agricultural Statistics of Bangladesh 2025,10.3,retail,2024,109,Chemical Uria 50 kg 27.19 fertilizer,Chemical Uria 50 kg 27.19 fertilizer,,Tk per kg,27.18,27.15,27.14,27.14,27.13,27.12,27.12,27.09,27.09,,,,27.13,,,632
BBS Yearbook of Agricultural Statistics of Bangladesh 2025,10.3,retail,2024,110,",, TSP ,, 27.15","Chemical TSP ,, 27.15",,Tk per kg,27.16,27.13,27.14,27.17,27.13,27.13,27.12,27.09,27.09,,,,27.13,,,632
BBS Yearbook of Agricultural Statistics of Bangladesh 2025,10.3,retail,2024,111,",, DAP ,, 21.33","Chemical DAP ,, 21.33",,Tk per kg,21.32,21.24,21.22,21.12,21.19,21.19,21.2,21.12,21.09,,,,21.21,,,632
BBS Yearbook of Agricultural Statistics of Bangladesh 2025,10.3,retail,2024,112,",, MP ,, 20.42","Chemical MP ,, 20.42",,Tk per kg,20.4,20.3,20.29,2029.0,20.28,20.28,20.29,20.25,20.21,,,,20.3,apr,,632
BBS Yearbook of Agricultural Statistics of Bangladesh 2025,10.3,retail,2024,113,",, Zinc LOCAL 175.43",Chemical Zinc LOCAL 175.43,,Tk per kg,184.6,188.31,191.38,190.66,184.79,185.74,186.475,184.73,181.79,,,,185.39,,,632
BBS Yearbook of Agricultural Statistics of Bangladesh 2025,10.3,retail,2024,114,",, Zinc foreign 247.05",Chemical Zinc foreign 247.05,,Tk per kg,247.07,248.8,249.989,250.03,250.54,251.14,251.56,252.87,253.16,,,,250.23,,,632
BBS Yearbook of Agricultural Statistics of Bangladesh 2025,10.3,retail,2024,115,",, Zipsum 21.46",Chemical Zipsum 21.46,,Tk per kg,21.51,21.46,21.58,21.73,71.94,22.04,22.04,22.19,22.37,,,,21.83,may,,632
BBS Yearbook of Agricultural Statistics of Bangladesh 2025,10.3,retail,2024,116,Organic Cowdung 50 kg fertilizer product (Packaged),Organic Cowdung 50 kg fertilizer product (Packaged),,Tk per kg,8.01,7.58,7.48,7.48,7.53,7.32,7.32,7.32,7.32,7.44,,,7.48,,,632
BBS Yearbook of Agricultural Statistics of Bangladesh 2025,10.3,retail,2024,118,Milk & Milk Powder Milk Cow Milk Liquid,Milk & Milk Powder Milk Cow Milk Liquid,,Tk per kg,78.57,78.42,81.23,81.9,79.81,81.52,78.8,78.77,78.66,78.81,,,79.65,,,632
BBS Yearbook of Agricultural Statistics of Bangladesh 2025,10.3,retail,2024,119,Cow Milk Milkvita,Cow Milk Milkvita,,Tk per kg,98.22,98.24,98.35,98.28,98.32,98.32,98.32,98.36,98.14,98.42,,,98.3,,,632
BBS Yearbook of Agricultural Statistics of Bangladesh 2025,10.3,retail,2024,120,Gawa ghee -,Gawa ghee -,,Tk per kg,1909.81,1632.0,1875.98,1558.0,1558.0,1732.6,1968.95,1968.684,1979.2105,1916.88,,,1810.01,,,632
BBS Yearbook of Agricultural Statistics of Bangladesh 2025,10.3,retail,2024,121,Dano - -,Dano - -,,Tk per kg,1275.95,1290.9,1289.37,1288.16,1292.08,1308.21,1323.63,1326.125,1326.59375,1324.63,,,1304.56,,,632
BBS Yearbook of Agricultural Statistics of Bangladesh 2025,10.3,retail,2024,122,Condensed One kartoon milk,Condensed One kartoon milk,,Tk per kg,1042.05,1145.1,1147.5,1148.08,1149.42,918.654,1233.65,1339.773,1339.77273,1252.88,,,1171.69,,,632
BBS Yearbook of Agricultural Statistics of Bangladesh 2025,10.3,retail,2024,123,Hen/chicken- Local large(900gm+),Hen/chicken- Local large(900gm+),,Tk per kg,1040.42,1142.7,1150.0,1150.0,1150.0,1150.0,1150.0,1150.0,1150.0,1360.75,,,1159.38,,,632
BBS Yearbook of Agricultural Statistics of Bangladesh 2025,10.3,retail,2024,124,"Live ,, ,, medium(700gm+)","Live ,, ,, medium(700gm+)",,Tk per kg,99.72,100.41,100.19,100.23,100.19,100.38,100.72,100.78,100.98,101.19,,,100.48,,,632
BBS Yearbook of Agricultural Statistics of Bangladesh 2025,10.3,retail,2024,125,",, ,, small(500gm+)","Live ,, small(500gm+)",,Tk per kg,490.59,558.06,527.3,547.87,559.75,558.06,530.57,494.09,493.94,493.94,,,525.42,,,632
BBS Yearbook of Agricultural Statistics of Bangladesh 2025,10.3,retail,2024,126,",, Cock",Live Cock,,Tk per kg,488.51,555.25,523.24,540.21,553.32,555.25,532.53,495.76,494.99,494.99,,,523.41,,,633
BBS Yearbook of Agricultural Statistics of Bangladesh 2025,10.3,retail,2024,127,",, Farm broiler",Live Farm broiler,,Tk per kg,475.7,540.76,513.01,527.86,539.72,540.76,509.26,475.84,471.92,471.92,,,506.67,,,633
BBS Yearbook of Agricultural Statistics of Bangladesh 2025,10.3,retail,2024,128,",, Duck",Live Duck,,Tk per kg,298.99,317.27,306.98,324.19,337.66,317.27,292.05,260.35,277.09,277.0,,,300.89,,,633
BBS Yearbook of Agricultural Statistics of Bangladesh 2025,10.3,retail,2024,129,Meat Cow,Meat Cow,,Tk per kg,189.83,185.75,199.8,215.08,204.41,185.75,170.88,168.3,182.72,182.72,,,188.52,,,633
BBS Yearbook of Agricultural Statistics of Bangladesh 2025,10.3,retail,2024,130,",, Goat",Meat Goat,,Tk per kg,459.71,469.26,460.28,463.26,471.17,469.26,454.71,439.52,437.54,437.54,,,456.22,,,633
BBS Yearbook of Agricultural Statistics of Bangladesh 2025,10.3,retail,2024,131,Egg Chicken local,Egg Chicken local,,Tk per kg,693.39,745.12,723.7,733.73,740.47,745.12,747.93,724.6,720.42,720.42,,,729.49,,,633
BBS Yearbook of Agricultural Statistics of Bangladesh 2025,10.3,retail,2024,132,",, Farm red",Egg Farm red,,Tk per kg,43.69,51.5,42.33,41.04,45.89,51.5,49.08,51.78,53.49,53.49,,,48.38,,,633
BBS Yearbook of Agricultural Statistics of Bangladesh 2025,10.3,retail,2024,133,",, Farm white",Egg Farm white,,Tk per kg,42.51,49.13,40.96,39.95,44.25,45.5,47.82,50.28,52.44,52.44,,,46.89,,11 months printed; read as Jan-Nov,633
BBS Yearbook of Agricultural Statistics of Bangladesh 2025,10.3,retail,2024,134,",, Duck",Egg Duck,,Tk per kg,67.31,69.64,65.88,63.81,64.67,49.13,67.57,69.08,71.19,53.49,,,68.0,,11 months printed; read as Jan-Nov,633
BBS Yearbook of Agricultural Statistics of Bangladesh 2025,10.3,retail,2024,135,Fish (Ka):Fresh Rui local big(5+kg),Fish (Ka):Fresh Rui local big(5+kg),,Tk per kg,,,,,,,,,,,,,,,,633
BBS Yearbook of Agricultural Statistics of Bangladesh 2025,10.3,retail,2024,136,"Rohu Carp (Rui) local ,, (2.5+kg)medium","Rohu Carp (Rui) local ,, (2.5+kg)medium",,Tk per kg,407.71,399.79,403.32,404.4,402.03,69.64,400.17,395.35,397.51,52.44,,,400.76,jun;oct,,633
BBS Yearbook of Agricultural Statistics of Bangladesh 2025,10.3,retail,2024,137,"Rohu Carp (Rui) local ,, small (1.5+kg)","Rohu Carp (Rui) local ,, small (1.5+kg)",,Tk per kg,316.4,321.88,315.7,319.58,322.06,399.79,325.22,323.25,322.35,71.19,,,321.07,oct,,633
BBS Yearbook of Agricultural Statistics of Bangladesh 2025,10.3,retail,2024,138,"Imported ,, medium(2.5+kg)","Imported ,, medium(2.5+kg)",,Tk per kg,350.18,351.01,350.83,349.25,342.68,321.88,350.06,349.6,349.59,397.51,,,349.38,,,633
BBS Yearbook of Agricultural Statistics of Bangladesh 2025,10.3,retail,2024,139,",, Imported small",Imported Imported small,,Tk per kg,279.43,279.51,280.69,280.22,274.39,351.01,271.15,281.54,279.89,322.35,,,278.62,,,633
BBS Yearbook of Agricultural Statistics of Bangladesh 2025,10.3,retail,2024,140,",, Catal large",Imported Catal large,,Tk per kg,441.53,463.13,454.65,457.15,468.43,279.51,453.26,465.0,463.35,349.59,,,459.3,,,633
BBS Yearbook of Agricultural Statistics of Bangladesh 2025,10.3,retail,2024,141,",, medium",Imported medium,,Tk per kg,380.66,379.14,381.96,382.14,378.39,463.13,379.65,373.44,374.45,279.89,,,378.34,,,633
BBS Yearbook of Agricultural Statistics of Bangladesh 2025,10.3,retail,2024,142,",, small",Imported small,,Tk per kg,298.14,296.95,299.23,301.32,300.06,379.14,298.57,301.07,463.35,,,,299.05,,11 months printed; read as Jan-Nov,633
BBS Yearbook of Agricultural Statistics of Bangladesh 2025,10.3,retail,2024,143,Fish (Ka):Live Mrigal large,Fish (Ka):Live Mrigal large,,Tk per kg,341.25,341.62,342.11,341.67,342.0,296.95,342.82,347.83,299.14,374.45,,,343.28,,,633
BBS Yearbook of Agricultural Statistics of Bangladesh 2025,10.3,retail,2024,144,",, small",Fish small,,Tk per kg,227.19,223.29,227.94,226.85,226.26,223.29,223.96,226.07,345.93,299.14,,,225.58,,,633
BBS Yearbook of Agricultural Statistics of Bangladesh 2025,10.3,retail,2024,145,"Giant River Catfish ,, (Airr) large","Giant River Catfish ,, (Airr) large",,Tk per kg,955.0,1300.0,1300.0,1300.0,1300.0,1300.0,1300.0,1300.0,225.5,345.93,,,1265.5,sep;oct,,633
BBS Yearbook of Agricultural Statistics of Bangladesh 2025,10.3,retail,2024,146,",, small",Giant small,,Tk per kg,616.71,614.42,635.67,640.0,603.57,614.42,616.18,626.15,1300.0,225.5,,,619.63,,,633
BBS Yearbook of Agricultural Statistics of Bangladesh 2025,10.3,retail,2024,147,"Helicopter Catfish ,, (Boal) large","Helicopter Catfish ,, (Boal) large",,Tk per kg,1014.0,1075.0,1032.95,1027.27,1018.18,1075.0,1063.64,1088.89,614.62,1300.0,,,1056.99,,,633
BBS Yearbook of Agricultural Statistics of Bangladesh 2025,10.3,retail,2024,148,",, Small",Helicopter Small,,Tk per kg,530.32,562.5,552.21,553.36,554.6,562.5,531.02,556.6,1087.5,1087.62,,,549.14,,,633
BBS Yearbook of Agricultural Statistics of Bangladesh 2025,10.3,retail,2024,149,"Clown Knifefish ,, (Chital) large","Clown Knifefish ,, (Chital) large",,Tk per kg,793.93,1035.0,939.29,933.93,991.67,1035.0,1045.83,1055.0,544.14,544.14,,,549.14,,,633
BBS Yearbook of Agricultural Statistics of Bangladesh 2025,10.3,retail,2024,150,"Clown Knifefish ,, (Chital) small","Clown Knifefish ,, (Chital) small",,Tk per kg,457.92,537.5,517.5,516.88,523.75,537.5,537.5,554.17,1079.17,1079.17,,,998.8,,,633
BBS Yearbook of Agricultural Statistics of Bangladesh 2025,10.3,retail,2024,151,",, Pangusius larges",Clown Pangusius larges,,Tk per kg,267.42,249.78,244.44,246.25,349.07,249.79,249.74,257.72,250.43,526.43,,,251.51,,,633
BBS Yearbook of Agricultural Statistics of Bangladesh 2025,10.3,retail,2024,152,",, Small",Clown Small,,Tk per kg,170.98,176.69,174.85,176.22,177.61,176.69,176.74,175.06,173.64,250.43,,,175.21,,,633
BBS Yearbook of Agricultural Statistics of Bangladesh 2025,10.3,retail,2024,153,",, Hilsha (small/ larges)",Clown Hilsha (small/ larges),,Tk per kg,1024.11,1178.41,1064.08,1116.32,1162.33,1178.41,1201.89,1159.42,1181.37,173.64,,,1144.77,oct,,633
BBS Yearbook of Agricultural Statistics of Bangladesh 2025,10.3,retail,2024,154,",, Prawn bagda",Clown Prawn bagda,,Tk per kg,785.94,835.79,802.83,809.38,821.75,835.79,843.68,852.0,829.07,1181.37,,,824.53,,,633
BBS Yearbook of Agricultural Statistics of Bangladesh 2025,10.3,retail,2024,155,",, golda",Clown golda,,Tk per kg,869.72,913.17,886.77,879.29,976.16,913.17,914.75,931.54,898.94,829.07,,,908.25,,,633
BBS Yearbook of Agricultural Statistics of Bangladesh 2025,10.3,retail,2024,156,",, Small",Clown Small,,Tk per kg,658.88,703.25,679.82,685.19,694.95,703.25,687.35,664.6,648.22,898.94,,,677.37,,,633
BBS Yearbook of Agricultural Statistics of Bangladesh 2025,10.3,retail,2024,157,",, Climbing Fish (Koii)",Clown Climbing Fish (Koii),,Tk per kg,247.16,255.23,250.32,250.0,252.28,255.23,250.3,239.59,235.38,648.22,,,247.09,,,633
BBS Yearbook of Agricultural Statistics of Bangladesh 2025,10.3,retail,2024,158,",, Catfish (Magur)",Clown Catfish (Magur),,Tk per kg,436.12,462.44,444.11,450.78,443.48,462.44,446.69,449.82,443.71,235.38,,,448.33,,,633
BBS Yearbook of Agricultural Statistics of Bangladesh 2025,10.3,retail,2024,159,"Stinging Catfish ,, (Shing)","Stinging Catfish ,, (Shing)",,Tk per kg,424.58,426.23,432.22,431.63,434.6,426.26,441.43,419.64,411.95,443.71,,,426.05,,,633
BBS Yearbook of Agricultural Statistics of Bangladesh 2025,10.3,retail,2024,160,",, Silvar carp",Stinging Silvar carp,,Tk per kg,205.42,201.44,201.78,202.01,201.89,201.44,203.62,204.23,202.3,411.95,,,202.64,,,633
BBS Yearbook of Agricultural Statistics of Bangladesh 2025,10.3,retail,2024,161,",, Grass carp",Stinging Grass carp,,Tk per kg,237.73,245.48,240.48,239.9,242.8,245.48,247.26,246.68,245.91,202.3,,,243.76,,,633
BBS Yearbook of Agricultural Statistics of Bangladesh 2025,10.3,retail,2024,162,",, Tilapia / Nailotika",Stinging Tilapia / Nailotika,,Tk per kg,191.25,195.75,195.84,196.83,197.74,195.75,198.1,198.49,197.97,245.91,,,196.57,,,633
BBS Yearbook of Agricultural Statistics of Bangladesh 2025,10.3,retail,2024,163,",, Pomfret (Rupchada)",Stinging Pomfret (Rupchada),,Tk per kg,787.78,846.94,794.44,795.42,864.44,846.94,844.57,775.36,730.94,197.97,,,801.78,oct,,633
BBS Yearbook of Agricultural Statistics of Bangladesh 2025,10.3,retail,2024,164,Fish(Kha)Dry Pomfret (Rupchada),Fish(Kha)Dry Pomfret (Rupchada),,Tk per kg,1552.5,1600.0,1562.5,1562.5,1562.5,1600.0,1525.0,1612.5,1622.5,730.94,,,1582.25,,,633
BBS Yearbook of Agricultural Statistics of Bangladesh 2025,10.3,retail,2024,165,",, Bombay Duck (Loitta)",Fish(Kha)Dry Bombay Duck (Loitta),,Tk per kg,778.13,831.18,805.13,801.25,821.62,831.18,877.46,882.26,867.63,1622.5,,,836.35,,,633
BBS Yearbook of Agricultural Statistics of Bangladesh 2025,10.3,retail,2024,166,",, Swamp Barb (Puti)",Fish(Kha)Dry Swamp Barb (Puti),,Tk per kg,613.53,611.48,622.5,612.42,611.47,611.48,668.89,644.17,646.48,867.63,,,628.89,,,634
BBS Yearbook of Agricultural Statistics of Bangladesh 2025,10.3,retail,2024,167,",, Prawn",Fish(Kha)Dry Prawn,,Tk per kg,837.17,905.73,857.07,862.5,877.28,905.73,909.46,975.26,988.41,645.48,,,910.7,,,634
BBS Yearbook of Agricultural Statistics of Bangladesh 2025,10.3,retail,2024,168,“ Corica Fish (Kachki),Fish(Kha)Dry Corica Fish (Kachki),,Tk per kg,634.11,644.64,619.69,622.5,626.19,644.64,659.6,677.65,693.33,988.41,,,651.57,,,634
BBS Yearbook of Agricultural Statistics of Bangladesh 2025,10.3,retail,2024,169,Salted Hilsha,Salted Hilsha,,Tk per kg,672.5,741.83,707.69,709.09,713.64,741.83,763.05,849.58,818.2,693.33,,,753.59,,,634
BBS Yearbook of Agricultural Statistics of Bangladesh 2025,10.3,retail,2024,170,Betel nut -,Betel nut -,,Tk per kg,405.71,401.92,707.95,396.34,394.44,397.86,387.2,393.0,396.65,818.2,,,396.69,,,634
BBS Yearbook of Agricultural Statistics of Bangladesh 2025,10.3,retail,2024,171,Betel leaves Large (Bangla),Betel leaves Large (Bangla),,Tk per kg,157.65,163.68,165.86,165.86,164.38,166.17,164.77,163.0,154.6,154.6,,,161.83,,,634
BBS Yearbook of Agricultural Statistics of Bangladesh 2025,10.3,retail,2024,172,",, Medium",Betel Medium,,Tk per kg,127.55,114.43,121.98,121.98,124.32,119.27,117.23,126.0,107.58,107.58,,,118.64,,,634
BBS Yearbook of Agricultural Statistics of Bangladesh 2025,10.3,retail,2024,173,",, Small",Betel Small,,Tk per kg,68.67,66.65,74.1,74.1,74.4,68.95,72.33,74.0,69.41,69.41,,,70.73,,,634
BBS Yearbook of Agricultural Statistics of Bangladesh 2025,10.3,retail,2024,174,",, Sanchi",Betel Sanchi,,Tk per kg,20.29,82.14,92.0,92.0,92.92,91.25,251.8,98.0,111.57,111.57,,,112.3,jan,,634
BBS Yearbook of Agricultural Statistics of Bangladesh 2025,10.3,retail,2024,175,Fruits: Mango Guti,Fruits: Mango Guti,,Tk per kg,,,,,,68.49,60.41,,,,,,63.92,,,634
BBS Yearbook of Agricultural Statistics of Bangladesh 2025,10.3,retail,2024,176,Gopalbhog,Gopalbhog,,Tk per kg,,,,,,92.2,80.66,93.0,,,,,86.53,,,634
BBS Yearbook of Agricultural Statistics of Bangladesh 2025,10.3,retail,2024,177,Himsagor,Himsagor,,Tk per kg,,,,,,94.81,101.38,96.0,,,,,96.01,,,634
BBS Yearbook of Agricultural Statistics of Bangladesh 2025,10.3,retail,2024,178,Langra,Langra,,Tk per kg,,,,,,,100.99,86.0,,,,,92.8,,,634
BBS Yearbook of Agricultural Statistics of Bangladesh 2025,10.3,retail,2024,179,Fazli,Fazli,,Tk per kg,,,,,,,91.23,110.0,,,,,100.61,,,634
BBS Yearbook of Agricultural Statistics of Bangladesh 2025,10.3,retail,2024,180,Aswini,Aswini,,Tk per kg,,,,,,,72.63,102.0,,,,,87.32,,,634
BBS Yearbook of Agricultural Statistics of Bangladesh 2025,10.3,retail,2024,181,Amrupali,Amrupali,,Tk per kg,,,,,,,100.93,124.0,,,,,106.93,,,634
BBS Yearbook of Agricultural Statistics of Bangladesh 2025,10.3,retail,2024,182,Harivangga,Harivangga,,Tk per kg,,,,,,65.6,113.0,,,,,,98.02,,11 months printed; read as Jan-Nov,634
BBS Yearbook of Agricultural Statistics of Bangladesh 2025,10.3,retail,2024,183,Jackfruits Large(4+kg),Jackfruits Large(4+kg),,Tk per kg,,,,,,173.94,167.88,195.0,,,,,180.27,,,634
BBS Yearbook of Agricultural Statistics of Bangladesh 2025,10.3,retail,2024,184,Small,Small,,Tk per kg,,,,,,103.55,79.41,90.0,,,,,91.61,,,634
BBS Yearbook of Agricultural Statistics of Bangladesh 2025,10.3,retail,2024,185,Fruits Green Coconut 87.34,Fruits Green Coconut 87.34,,Tk per kg,89.07,91.56,91.56,98.01,101.11,,101.02,102.0,105.5,105.5,,,98.25,,,634
BBS Yearbook of Agricultural Statistics of Bangladesh 2025,10.3,retail,2024,186,Batabi lebu,Batabi lebu,,Tk per kg,50.5,53.8,53.38,53.38,70.0,69.03,42.5,40.0,44.19,44.19,,,49.82,,,634
BBS Yearbook of Agricultural Statistics of Bangladesh 2025,10.3,retail,2024,187,Elachi lebu,Elachi lebu,,Tk per kg,18.3,21.99,27.08,27.08,27.17,24.36,15.38,18.0,18.23,18.23,,,20.79,,,634
BBS Yearbook of Agricultural Statistics of Bangladesh 2025,10.3,retail,2024,188,Kagozi lebu,Kagozi lebu,,Tk per kg,19.92,23.34,28.34,28.34,27.98,23.26,16.08,17.0,19.72,19.72,,,21.4,,,634
BBS Yearbook of Agricultural Statistics of Bangladesh 2025,10.3,retail,2024,189,",, Guava",Kagozi Guava,,Tk per kg,59.46,63.44,65.31,65.31,63.35,63.59,60.9,61.0,64.82,64.82,,,63.14,,,634
BBS Yearbook of Agricultural Statistics of Bangladesh 2025,10.3,retail,2024,190,",, Hog Plum (Amra)",Kagozi Hog Plum (Amra),,Tk per kg,34.46,46.13,,,,,51.25,42.0,47.47,47.47,,,44.8,,,634
BBS Yearbook of Agricultural Statistics of Bangladesh 2025,10.3,retail,2024,191,",, Orange",Kagozi Orange,,Tk per kg,218.13,222.97,236.4,,249.91,277.71,297.69,309.0,310.94,310.94,,,272.07,,,634
BBS Yearbook of Agricultural Statistics of Bangladesh 2025,10.3,retail,2024,192,",, Apple",Kagozi Apple,,Tk per kg,253.37,149.18,264.5,270.23,268.44,270.77,278.77,293.0,298.92,298.92,,,274.61,,,634
BBS Yearbook of Agricultural Statistics of Bangladesh 2025,10.3,retail,2024,193,Malta,Malta,,Tk per kg,270.59,164.36,297.82,288.63,275.39,264.92,262.99,283.0,275.99,275.99,,,275.97,,,634
BBS Yearbook of Agricultural Statistics of Bangladesh 2025,10.3,retail,2024,194,Grape (anggur),Grape (anggur),,Tk per kg,371.64,327.18,316.79,331.09,350.35,352.93,389.39,450.0,457.68,457.68,,,380.47,,,634
BBS Yearbook of Agricultural Statistics of Bangladesh 2025,10.3,retail,2024,195,",, Jujube (Boroi)",Grape Jujube (Boroi),,Tk per kg,101.6,364.36,76.62,85.823,,,,,,,,,87.39,feb,11 months printed; read as Jan-Nov,634
BBS Yearbook of Agricultural Statistics of Bangladesh 2025,10.3,retail,2024,196,",, Water melon (Tormuj)",Grape Water melon (Tormuj),,Tk per kg,,327.18,64.77,52.39,55.58,54.67,63.21,,,,,,60.11,feb,11 months printed; read as Jan-Nov,634
BBS Yearbook of Agricultural Statistics of Bangladesh 2025,10.3,retail,2024,197,Fruit: Melon (Bangi),Fruit: Melon (Bangi),,Tk per kg,,85.52,75.0,66.7,63.88,76.79,64.0,,,,,,69.27,,11 months printed; read as Jan-Nov,634
BBS Yearbook of Agricultural Statistics of Bangladesh 2025,10.3,retail,2024,198,",, Ripe Papaya",Fruit: Ripe Papaya,,Tk per kg,82.12,70.0,85.39,86.29,89.43,89.81,95.86,92.0,90.12,90.12,,,88.5,,,634
BBS Yearbook of Agricultural Statistics of Bangladesh 2025,10.3,retail,2024,199,",, Lychee",Fruit: Lychee,,Tk per kg,,,,,312.85,410.55,409.22,,,,,,377.54,,,634
BBS Yearbook of Agricultural Statistics of Bangladesh 2025,10.3,retail,2024,200,",, Banana: Chapa",Fruit: Banana: Chapa,,Tk per kg,18.37,83.86,21.42,21.95,21.97,21.38,20.6,21.0,20.98,20.98,,,20.74,feb,,634
BBS Yearbook of Agricultural Statistics of Bangladesh 2025,10.3,retail,2024,201,",, Sabri",Fruit: Sabri,,Tk per kg,30.69,,38.12,35.6,34.99,40.58,35.57,37.0,34.79,34.79,,,35.43,,,634
BBS Yearbook of Agricultural Statistics of Bangladesh 2025,10.3,retail,2024,202,",, Banana: Sagar",Fruit: Banana: Sagar,,Tk per kg,24.19,18.73,28.6,29.21,29.06,28.76,27.34,28.0,27.66,27.66,,,27.65,,,634
BBS Yearbook of Agricultural Statistics of Bangladesh 2025,10.3,retail,2024,203,",, Paineapple:Calengga",Fruit: Paineapple:Calengga,,Tk per kg,60.54,32.2,56.56,55.67,56.43,54.36,57.46,57.0,59.22,59.22,,,56.6,,,634
BBS Yearbook of Agricultural Statistics of Bangladesh 2025,10.3,retail,2024,204,",, Jaldub",Fruit: Jaldub,,Tk per kg,45.29,25.98,39.99,42.82,44.59,46.58,50.77,47.0,51.0,51.0,,,46.29,,,634
BBS Yearbook of Agricultural Statistics of Bangladesh 2025,10.3,retail,2024,205,Paineapple:Local,Paineapple:Local,,Tk per kg,49.49,49.55,45.94,48.04,46.19,44.82,44.7,48.0,54.26,54.26,,,48.19,,,634
BBS Yearbook of Agricultural Statistics of Bangladesh 2025,10.3,retail,2024,206,",, Dry Coconut",Paineapple:Local Dry Coconut,,Tk per kg,97.61,43.86,106.35,106.63,106.98,107.17,106.1,105.0,108.21,108.21,,,105.67,,,634
BBS Yearbook of Agricultural Statistics of Bangladesh 2025,10.3,retail,2024,207,Dates (khejur),Dates (khejur),,Tk per kg,503.1,46.16,549.86,541.77,545.79,555.85,558.57,570.0,566.32,566.32,,,548.84,feb,,634
BBS Yearbook of Agricultural Statistics of Bangladesh 2025,10.3,retail,2024,208,",, Tamarind with seed",Dates Tamarind with seed,,Tk per kg,141.26,104.39,157.88,154.21,160.55,167.4,167.57,180.0,154.46,154.46,,,159.55,,,634
BBS Yearbook of Agricultural Statistics of Bangladesh 2025,10.3,retail,2024,209,",, without seed",Dates without seed,,Tk per kg,173.46,530.84,169.13,211.16,231.27,235.25,221.13,249.0,233.71,233.71,,,217.01,,,634
BBS Yearbook of Agricultural Statistics of Bangladesh 2025,10.3,retail,2024,210,Vegetable: Potato: Local,Vegetable: Potato: Local,,Tk per kg,55.04,157.71,43.71,54.77,60.92,62.77,64.74,63.5,61.44,62.79,,,56.89,,,634
BBS Yearbook of Agricultural Statistics of Bangladesh 2025,10.3,retail,2024,211,",, Holland White",Vegetable: Holland White,,Tk per kg,49.04,212.27,33.51,46.12,50.29,54.81,57.08,56.27,54.47,55.69,,,48.61,feb,,634
BBS Yearbook of Agricultural Statistics of Bangladesh 2025,10.3,retail,2024,212,",, Red",Vegetable: Red,,Tk per kg,46.22,39.17,34.36,46.01,49.76,53.91,56.01,55.07,53.67,55.89,,,48.01,,,634
BBS Yearbook of Agricultural Statistics of Bangladesh 2025,10.3,retail,2024,213,Sweet Potato,Sweet Potato,,Tk per kg,49.64,41.46,38.31,36.25,35.77,35.7,38.45,42.91,44.75,48.7,,,41.19,,,634
BBS Yearbook of Agricultural Statistics of Bangladesh 2025,10.3,retail,2024,214,Vegetable: Brinjal High,Vegetable: Brinjal High,,Tk per kg,51.39,41.33,35.29,30.64,46.75,47.53,60.36,52.63,56.46,75.46,,,49.78,,,635
BBS Yearbook of Agricultural Statistics of Bangladesh 2025,10.3,retail,2024,215,Vegetable: Brinjal Circle,Vegetable: Brinjal Circle,,Tk per kg,58.48,45.75,40.45,36.97,53.66,54.13,66.32,59.06,66.22,86.91,,,56.8,,,635
BBS Yearbook of Agricultural Statistics of Bangladesh 2025,10.3,retail,2024,216,",, Poimted gourd (Pata)l 51",Vegetable: Poimted gourd (Pata)l 51,,Tk per kg,3.3,32.5,55.29,46.87,44.85,38.76,38.98,37.78,42.37,57.52,,,44.62,jan,,635
BBS Yearbook of Agricultural Statistics of Bangladesh 2025,10.3,retail,2024,217,"Ash Gourd ,, (Chalcumra)","Ash Gourd ,, (Chalcumra)",,Tk per kg,43.07,42.85,41.97,39.08,36.73,34.34,41.4,40.96,40.69,47.49,,,40.86,,,635
BBS Yearbook of Agricultural Statistics of Bangladesh 2025,10.3,retail,2024,218,",, Pumpkin",Ash Pumpkin,,Tk per kg,37.25,33.26,28.66,26.23,27.96,28.4,31.06,36.1,39.27,53.34,,,34.15,,,635
BBS Yearbook of Agricultural Statistics of Bangladesh 2025,10.3,retail,2024,219,",, Gourd (Lau)",Ash Gourd (Lau),,Tk per kg,51.92,52.78,36.81,31.96,35.53,37.9,46.31,45.36,44.98,52.45,,,43.6,,,635
BBS Yearbook of Agricultural Statistics of Bangladesh 2025,10.3,retail,2024,220,",, Bitter Melon (Utche)",Ash Bitter Melon (Utche),,Tk per kg,72.13,83.89,66.87,48.27,51.09,55.48,79.38,68.64,61.02,74.38,,,66.11,,,635
BBS Yearbook of Agricultural Statistics of Bangladesh 2025,10.3,retail,2024,221,",, Bitter Gourd (karlla)",Ash Bitter Gourd (karlla),,Tk per kg,68.58,75.88,67.89,48.28,48.68,56.57,80.77,66.17,61.29,73.34,,,64.74,,,635
BBS Yearbook of Agricultural Statistics of Bangladesh 2025,10.3,retail,2024,222,Green papaya (Kacha Vegetable: Papa),Green papaya (Kacha Vegetable: Papa),,Tk per kg,29.28,30.9,31.66,33.45,44.01,44.36,44.06,34.43,28.08,31.55,,,35.55,,,635
BBS Yearbook of Agricultural Statistics of Bangladesh 2025,10.3,retail,2024,223,",, Bulbous root of arum  (Mukhikachu)",Green Bulbous root of arum (Mukhikachu),,Tk per kg,65.8,70.08,96.58,104.5,92.91,80.89,72.15,58.71,52.71,58.5,,,75.28,,,635
BBS Yearbook of Agricultural Statistics of Bangladesh 2025,10.3,retail,2024,224,",, Water arum  (Panikachu)",Green Water arum (Panikachu),,Tk per kg,53.88,64.96,61.88,50.0,51.07,48.37,45.81,43.37,48.22,52.36,,,51.96,,,635
BBS Yearbook of Agricultural Statistics of Bangladesh 2025,10.3,retail,2024,225,",, Arum lobe  (Kachurlati)",Green Arum lobe (Kachurlati),,Tk per kg,55.72,62.3,63.0,52.87,50.8,50.17,55.34,54.07,52.71,60.89,,,55.79,,,635
BBS Yearbook of Agricultural Statistics of Bangladesh 2025,10.3,retail,2024,226,",, Sweet Bitter Gourd  (Kakrol)",Green Sweet Bitter Gourd (Kakrol),,Tk per kg,,,37.0,94.53,,60.66,67.36,60.22,,72.76,,,65.42,,,635
BBS Yearbook of Agricultural Statistics of Bangladesh 2025,10.3,retail,2024,227,",, Lady's Finger",Green Lady's Finger,,Tk per kg,65.63,78.3,60.72,35.08,34.89,35.58,45.09,42.59,45.18,62.76,,,50.58,,,635
BBS Yearbook of Agricultural Statistics of Bangladesh 2025,10.3,retail,2024,228,",, Cucumber (Sosha)",Green Cucumber (Sosha),,Tk per kg,40.18,49.89,49.93,28.82,33.59,56.79,52.51,41.01,41.37,51.78,,,44.59,,,635
BBS Yearbook of Agricultural Statistics of Bangladesh 2025,10.3,retail,2024,229,",, Cucumber (Khirai)",Green Cucumber (Khirai),,Tk per kg,39.23,43.93,46.03,30.24,34.44,50.68,48.89,42.34,44.74,53.31,,,43.38,,,635
BBS Yearbook of Agricultural Statistics of Bangladesh 2025,10.3,retail,2024,230,",, Beans",Green Beans,,Tk per kg,56.72,43.44,37.16,34.57,,,,,,151.29,,,64.68,oct,,635
BBS Yearbook of Agricultural Statistics of Bangladesh 2025,10.3,retail,2024,231,",, Long Bean (Barbati)",Green Long Bean (Barbati),,Tk per kg,60.5,66.43,63.6,47.98,50.49,55.37,66.99,62.99,65.04,78.75,,,61.81,,,635
BBS Yearbook of Agricultural Statistics of Bangladesh 2025,10.3,retail,2024,232,",, Tomato Ripe",Green Tomato Ripe,,Tk per kg,45.91,34.65,33.86,29.29,41.02,65.51,124.17,144.1,137.61,169.85,,,82.6,oct,,635
BBS Yearbook of Agricultural Statistics of Bangladesh 2025,10.3,retail,2024,233,",, Green Peas  (Motorshooti)",Green Green Peas (Motorshooti),,Tk per kg,109.59,81.96,72.79,76.67,,95.0,,95.0,,,,,88.5,,,635
BBS Yearbook of Agricultural Statistics of Bangladesh 2025,10.3,retail,2024,234,",, Ridge Gourd (Jhinga ,, Snake Gourd","Green Ridge Gourd (Jhinga ,, Snake Gourd",,Tk per kg,54.63,60.94,62.91,48.75,43.96,42.67,52.26,50.56,51.52,60.01,,,52.82,,,635
BBS Yearbook of Agricultural Statistics of Bangladesh 2025,10.3,retail,2024,235,(Chichinga),(Chichinga),,Tk per kg,48.55,49.49,43.31,36.87,38.57,38.46,44.25,41.01,42.91,54.81,,,43.82,,,635
BBS Yearbook of Agricultural Statistics of Bangladesh 2025,10.3,retail,2024,236,",, Sponge Gourd  (Dundol)",(Chichinga) Sponge Gourd (Dundol),,Tk per kg,46.92,50.1,45.94,43.25,39.44,36.81,42.34,39.45,41.1,51.74,,,43.71,,,635
BBS Yearbook of Agricultural Statistics of Bangladesh 2025,10.3,retail,2024,237,",, Radish Spinach (Mula  Shak)",(Chichinga) Radish Spinach (Mula Shak),,Tk per kg,19.14,19.26,21.2,20.83,25.0,25.0,,29.5,28.33,39.73,,,25.33,,,635
BBS Yearbook of Agricultural Statistics of Bangladesh 2025,10.3,retail,2024,238,",, Red Spinach (Lal  Shak)",(Chichinga) Red Spinach (Lal Shak),,Tk per kg,30.01,28.65,27.1,27.85,30.3,32.0,34.9,33.6,34.41,43.52,,,32.23,,,635
BBS Yearbook of Agricultural Statistics of Bangladesh 2025,10.3,retail,2024,239,",, Spinach (Palongsak)",(Chichinga) Spinach (Palongsak),,Tk per kg,29.92,26.88,25.8,25.65,27.55,26.91,31.31,36.92,39.79,49.73,,,32.04,,,635
BBS Yearbook of Agricultural Statistics of Bangladesh 2025,10.3,retail,2024,240,",, Indian Spinach  (Puishak)",(Chichinga) Indian Spinach (Puishak),,Tk per kg,26.41,27.03,25.26,23.17,24.45,24.79,27.15,27.22,27.33,32.71,,,26.55,,,635
BBS Yearbook of Agricultural Statistics of Bangladesh 2025,10.3,retail,2024,241,",, Amarnath (Danta)",(Chichinga) Amarnath (Danta),,Tk per kg,29.13,29.06,31.26,27.05,27.57,27.33,28.65,28.4,27.97,32.58,,,28.9,,,635
BBS Yearbook of Agricultural Statistics of Bangladesh 2025,10.3,retail,2024,242,",, Cauliflour",(Chichinga) Cauliflour,,Tk per kg,41.31,30.47,32.37,35.21,53.94,55.0,,50.52,,59.78,,,44.83,,,635
BBS Yearbook of Agricultural Statistics of Bangladesh 2025,10.3,retail,2024,243,",, Cabbage",(Chichinga) Cabbage,,Tk per kg,29.52,23.88,21.53,21.4,30.22,41.11,,56.0,,57.42,,,35.14,,,635
BBS Yearbook of Agricultural Statistics of Bangladesh 2025,10.3,retail,2024,244,Broccoli,Broccoli,,Tk per kg,52.93,42.38,40.93,56.88,,,,,,,,,48.28,,,635
BBS Yearbook of Agricultural Statistics of Bangladesh 2025,10.3,retail,2024,245,",, Kohlrabi (Ol Kopi)",Broccoli Kohlrabi (Ol Kopi),,Tk per kg,34.09,31.08,29.94,30.71,,,,,,47.5,,,34.66,,,635
BBS Yearbook of Agricultural Statistics of Bangladesh 2025,10.3,retail,2024,246,",, Carrot",Broccoli Carrot,,Tk per kg,42.9,31.73,31.42,33.99,17.77,77.84,121.6,140.97,140.55,156.44,,,82.52,may,,635
BBS Yearbook of Agricultural Statistics of Bangladesh 2025,10.3,retail,2024,247,",, Green Banana",Broccoli Green Banana,,Tk per kg,28.43,28.3,28.49,28.36,30.21,31.38,33.24,33.27,33.36,35.69,,,31.07,,,635
BBS Yearbook of Agricultural Statistics of Bangladesh 2025,10.3,retail,2024,248,"Katcha Kala) ,, Radish-Local","Katcha Kala) ,, Radish-Local",,Tk per kg,21.45,21.49,21.9,24.84,33.57,36.51,48.4,43.28,44.26,52.01,,,34.77,,,635
BBS Yearbook of Agricultural Statistics of Bangladesh 2025,10.3,retail,2024,249,Bibidh: Sugar-Local,Bibidh: Sugar-Local,,Tk per kg,144.32,135.9,139.89,139.04,136.84,134.53,133.22,129.94,129.47,129.79,,,135.29,,,636
BBS Yearbook of Agricultural Statistics of Bangladesh 2025,10.3,retail,2024,250,",, Sugar-foreign",Bibidh: Sugar-foreign,,Tk per kg,140.04,139.57,139.54,137.46,132.32,130.58,129.38,128.4,128.34,128.49,,,133.41,,,636
BBS Yearbook of Agricultural Statistics of Bangladesh 2025,10.3,retail,2024,251,Gur Sugarcane,Gur Sugarcane,,Tk per kg,130.3,130.38,131.86,131.93,130.89,130.75,129.53,129.25,130.75,131.0,,,130.66,,,636
BBS Yearbook of Agricultural Statistics of Bangladesh 2025,10.3,retail,2024,252,",, Dates",Gur Dates,,Tk per kg,211.84,218.37,224.78,224.42,224.12,221.67,222.85,222.41,220.78,215.26,,,220.65,,,636
BBS Yearbook of Agricultural Statistics of Bangladesh 2025,10.3,retail,2024,253,Salt With Iodine,Salt With Iodine,,Tk per kg,38.41,38.42,38.51,38.51,38.48,38.54,38.55,38.48,38.39,38.34,,,38.46,,,636
BBS Yearbook of Agricultural Statistics of Bangladesh 2025,10.3,retail,2024,254,",, Loose",Salt Loose,,Tk per kg,24.21,24.23,24.14,24.11,24.01,24.02,24.02,23.99,23.93,23.96,,,24.06,,,636
BBS Yearbook of Agricultural Statistics of Bangladesh 2025,10.3,retail,2024,255,Vushi Lentil (Mashur),Vushi Lentil (Mashur),,Tk per kg,43.47,44.43,44.99,45.32,45.12,45.36,45.2,45.27,45.48,45.88,,,45.05,,,636
BBS Yearbook of Agricultural Statistics of Bangladesh 2025,10.3,retail,2024,256,",, Chickpea (Chola)",Vushi Chickpea (Chola),,Tk per kg,55.43,54.59,54.26,54.79,55.33,56.47,56.14,56.09,56.13,55.89,,,55.51,,,636
BBS Yearbook of Agricultural Statistics of Bangladesh 2025,10.3,retail,2024,257,",, Grass pea Kheshari)",Vushi Grass pea Kheshari),,Tk per kg,52.78,52.83,53.1,53.26,53.68,53.88,53.62,53.81,53.98,54.1,,,53.5,,,636
BBS Yearbook of Agricultural Statistics of Bangladesh 2025,10.3,retail,2024,258,",, Wheat",Vushi Wheat,,Tk per kg,49.47,50.47,50.9,51.26,51.7,51.67,51.26,50.5,50.33,49.95,,,50.75,,,636
BBS Yearbook of Agricultural Statistics of Bangladesh 2025,10.3,retail,2024,259,",, Rice kura",Vushi Rice kura,,Tk per kg,20.83,20.67,20.16,20.13,20.19,20.07,20.02,20.45,20.78,20.92,,,20.42,,,636
BBS Yearbook of Agricultural Statistics of Bangladesh 2025,10.3,retail,2024,260,",, Lakri cherai Mango",Vushi Lakri cherai Mango,,Tk per kg,8.2,8.23,8.22,8.27,8.33,8.39,8.55,8.64,8.61,8.57,,,8.4,,,636
BBS Yearbook of Agricultural Statistics of Bangladesh 2025,10.4,retail,2025,1,Paddy Aman Fine,Paddy Aman Fine,1quintal,Tk per kg,,,,,,,,,,,,,,,,637
BBS Yearbook of Agricultural Statistics of Bangladesh 2025,10.4,retail,2025,2,Paddy Aman Medium,Paddy Aman Medium,1quintal,Tk per kg,,,,,,,,,,,,,,,,637
BBS Yearbook of Agricultural Statistics of Bangladesh 2025,10.4,retail,2025,3,Paddy Aman Coarse,Paddy Aman Coarse,1quintal,Tk per kg,,,,,,,,,,,,,,,,637
BBS Yearbook of Agricultural Statistics of Bangladesh 2025,10.4,retail,2025,4,Paddy Aman Panjam,Paddy Aman Panjam,1quintal,Tk per kg,,,,,,,,,,,,,,,,637
BBS Yearbook of Agricultural Statistics of Bangladesh 2025,10.4,retail,2025,5,Paddy Aman Shugandhi,Paddy Aman Shugandhi,1quintal,Tk per kg,,,,,,,,,,,,,,,,637
BBS Yearbook of Agricultural Statistics of Bangladesh 2025,10.4,retail,2025,6,Paddy Aus Medium,Paddy Aus Medium,1quintal,Tk per kg,,,,,,,,,,,,,,,,637
BBS Yearbook of Agricultural Statistics of Bangladesh 2025,10.4,retail,2025,7,Paddy Aus Coarse,Paddy Aus Coarse,1quintal,Tk per kg,,,,,,,,,,,,,,,,637
BBS Yearbook of Agricultural Statistics of Bangladesh 2025,10.4,retail,2025,8,Paddy Aus Panjam,Paddy Aus Panjam,1quintal,Tk per kg,,,,,,,,,,,,,,,,637
BBS Yearbook of Agricultural Statistics of Bangladesh 2025,10.4,retail,2025,9,Paddy Boro Fine,Paddy Boro Fine,1quintal,Tk per kg,,,,,,,,,,,,,,,,637
BBS Yearbook of Agricultural Statistics of Bangladesh 2025,10.4,retail,2025,10,Paddy Boro Medium,Paddy Boro Medium,1quintal,Tk per kg,,,,,,,,,,,,,,,,637
BBS Yearbook of Agricultural Statistics of Bangladesh 2025,10.4,retail,2025,11,Paddy Boro Coars,Paddy Boro Coars,1quintal,Tk per kg,,,,,,,,,,,,,,,,637
BBS Yearbook of Agricultural Statistics of Bangladesh 2025,10.4,retail,2025,12,Paddy Boro Panjam,Paddy Boro Panjam,1quintal,Tk per kg,,,,,,,,,,,,,,,,637
BBS Yearbook of Agricultural Statistics of Bangladesh 2025,10.4,retail,2025,13,Rice Aman Fine,Rice Aman Fine,1quintal,Tk per kg,76.32,76.94,77.63,77.14,76.02,74.97,77.37,77.64,77.42,76.99,76.13,,76.78,,,637
BBS Yearbook of Agricultural Statistics of Bangladesh 2025,10.4,retail,2025,14,Rice Aman Medium,Rice Aman Medium,1quintal,Tk per kg,62.68,62.14,62.27,62.37,61.17,61.48,62.65,63.1,62.51,62.25,59.54,,62.01,,,637
BBS Yearbook of Agricultural Statistics of Bangladesh 2025,10.4,retail,2025,15,Rice Aman Coarse,Rice Aman Coarse,1quintal,Tk per kg,53.69,53.34,53.57,53.48,52.83,53.17,54.36,54.35,54.22,53.73,51.76,,53.5,,,637
BBS Yearbook of Agricultural Statistics of Bangladesh 2025,10.4,retail,2025,16,Rice Aman Panjam,Rice Aman Panjam,1quintal,Tk per kg,67.16,67.94,67.92,68.43,67.65,67.64,68.9,69.23,68.21,68.57,65.43,,67.92,,,637
BBS Yearbook of Agricultural Statistics of Bangladesh 2025,10.4,retail,2025,17,Rice Aus Medium,Rice Aus Medium,1quintal,Tk per kg,67.15,63.96,63.58,63.27,64.5,64.5,64.5,64.0,61.5,61.5,61.5,,63.63,,,637
BBS Yearbook of Agricultural Statistics of Bangladesh 2025,10.4,retail,2025,18,Rice Aus Coars,Rice Aus Coars,1quintal,Tk per kg,73.0,52.06,52.88,52.55,49.0,49.0,48.4,48.63,50.75,50.25,49.75,,52.39,,,637
BBS Yearbook of Agricultural Statistics of Bangladesh 2025,10.4,retail,2025,19,Rice Aus Panjam,Rice Aus Panjam,1quintal,Tk per kg,87.25,83.0,84.0,84.8,81.0,79.38,79.5,82.5,82.5,82.5,82.5,,82.63,,,637
BBS Yearbook of Agricultural Statistics of Bangladesh 2025,10.4,retail,2025,20,Rice Boro Fine,Rice Boro Fine,1quintal,Tk per kg,76.0,77.52,78.85,79.74,76.96,76.06,78.01,77.96,77.68,77.1,76.82,,77.52,,,637
BBS Yearbook of Agricultural Statistics of Bangladesh 2025,10.4,retail,2025,21,Rice Boro Medium,Rice Boro Medium,1quintal,Tk per kg,63.94,64.0,64.36,64.28,61.94,61.8,63.2,63.0,62.73,62.43,61.87,,63.05,,,638
BBS Yearbook of Agricultural Statistics of Bangladesh 2025,10.4,retail,2025,22,Rice Boro Coars,Rice Boro Coars,1quintal,Tk per kg,53.42,52.77,52.74,52.97,51.87,51.85,53.29,53.21,52.93,52.28,51.53,,52.62,,,638
BBS Yearbook of Agricultural Statistics of Bangladesh 2025,10.4,retail,2025,23,Rice Boro Panjam,Rice Boro Panjam,1quintal,Tk per kg,63.25,59.23,59.28,59.39,58.35,58.69,59.63,59.19,58.56,58.56,58.4,,59.32,,,638
BBS Yearbook of Agricultural Statistics of Bangladesh 2025,10.4,retail,2025,24,Rice OMS Coarse,Rice OMS Coarse,1quintal,Tk per kg,56.17,31.1,31.38,31.38,31.38,31.1,31.1,31.1,31.1,31.1,31.1,,33.45,,,638
BBS Yearbook of Agricultural Statistics of Bangladesh 2025,10.4,retail,2025,25,Aromatic Rice Chinigura,Aromatic Rice Chinigura,1quintal,Tk per kg,,,,,,,,,,,,,,,,638
BBS Yearbook of Agricultural Statistics of Bangladesh 2025,10.4,retail,2025,26,Aromatic Rice Kalojira,Aromatic Rice Kalojira,1quintal,Tk per kg,,,,,,,,,,,,,,,,638
BBS Yearbook of Agricultural Statistics of Bangladesh 2025,10.4,retail,2025,27,Aromatic Rice Kataribhog,Aromatic Rice Kataribhog,1quintal,Tk per kg,90.55,91.26,91.72,91.67,92.33,92.57,91.91,90.21,90.1,90.79,90.5,,91.24,,,638
BBS Yearbook of Agricultural Statistics of Bangladesh 2025,10.4,retail,2025,28,Wheat Local Red,Wheat Local Red,1quintal,Tk per kg,42.57,41.94,41.78,41.88,41.94,42.18,42.63,42.93,43.28,44.06,44.84,,42.73,,,638
BBS Yearbook of Agricultural Statistics of Bangladesh 2025,10.4,retail,2025,29,Wheat White,Wheat White,1quintal,Tk per kg,42.42,41.81,41.51,40.42,40.62,40.16,40.36,41.84,43.04,43.63,43.57,,41.76,,,638
BBS Yearbook of Agricultural Statistics of Bangladesh 2025,10.4,retail,2025,30,Imported Wheat Red,Imported Wheat Red,1quintal,Tk per kg,41.32,41.19,40.51,40.2,40.31,40.35,52.99,41.57,42.56,42.81,42.63,,42.4,,,638
BBS Yearbook of Agricultural Statistics of Bangladesh 2025,10.4,retail,2025,31,Imported Wheat White,Imported Wheat White,1quintal,Tk per kg,42.55,42.47,42.23,42.05,41.97,42.17,58.36,42.56,43.15,43.17,43.71,,44.04,,,638
BBS Yearbook of Agricultural Statistics of Bangladesh 2025,10.4,retail,2025,32,Ata loose,Ata loose,1quintal,Tk per kg,41.78,41.06,40.46,40.06,40.03,40.17,42.38,42.48,44.37,44.92,44.76,,42.04,,,638
BBS Yearbook of Agricultural Statistics of Bangladesh 2025,10.4,retail,2025,33,Ata Packet,Ata Packet,1quintal,Tk per kg,51.6,51.09,50.82,50.55,50.41,50.31,50.87,50.96,53.17,54.21,54.66,,51.7,,,638
BBS Yearbook of Agricultural Statistics of Bangladesh 2025,10.4,retail,2025,34,Flour Loose,Flour Loose,1quintal,Tk per kg,57.02,56.19,55.69,55.3,55.07,55.08,54.91,55.53,56.16,56.28,56.08,,55.76,,,638
BBS Yearbook of Agricultural Statistics of Bangladesh 2025,10.4,retail,2025,35,Flour Packet,Flour Packet,1quintal,Tk per kg,68.09,66.88,66.58,66.3,65.9,65.82,65.72,65.82,66.2,66.45,66.76,,66.41,,,638
BBS Yearbook of Agricultural Statistics of Bangladesh 2025,10.4,retail,2025,36,Maize,Maize,1quintal,Tk per kg,39.81,38.47,37.93,36.26,35.0,35.04,35.38,35.75,35.87,35.99,36.41,,36.54,,,638
BBS Yearbook of Agricultural Statistics of Bangladesh 2025,10.4,retail,2025,37,Kalai Mashkalai (Black gram),Kalai Mashkalai (Black gram),1quintal,Tk per kg,143.25,142.19,140.56,139.63,139.81,139.19,138.31,139.16,139.22,138.21,138.51,,139.82,,,638
BBS Yearbook of Agricultural Statistics of Bangladesh 2025,10.4,retail,2025,38,Kalai Mashur (Lentil),Kalai Mashur (Lentil),1quintal,Tk per kg,97.62,95.73,95.35,94.74,94.4,94.39,94.76,101.65,105.03,105.58,104.12,,98.49,,,638
BBS Yearbook of Agricultural Statistics of Bangladesh 2025,10.4,retail,2025,39,Kalai Green Gram (Mug),Kalai Green Gram (Mug),1quintal,Tk per kg,139.4,137.73,128.78,128.88,128.23,122.97,121.92,124.02,125.63,125.66,121.81,,127.73,,,638
BBS Yearbook of Agricultural Statistics of Bangladesh 2025,10.4,retail,2025,40,Kalai Chola (Chickpea),Kalai Chola (Chickpea),1quintal,Tk per kg,119.63,112.18,105.41,102.09,101.29,101.3,101.17,102.5,103.54,103.99,102.98,,105.1,,,638
BBS Yearbook of Agricultural Statistics of Bangladesh 2025,10.4,retail,2025,41,Kalai Motor (Pea) Local,Kalai Motor (Pea) Local,1quintal,Tk per kg,89.86,87.61,83.66,80.25,78.68,78.13,81.74,81.23,87.39,87.94,83.72,,83.66,,,639
BBS Yearbook of Agricultural Statistics of Bangladesh 2025,10.4,retail,2025,42,Kalai Motor (Pea) Foreign (Dabri),Kalai Motor (Pea) Foreign (Dabri),1quintal,Tk per kg,71.56,68.98,66.9,65.77,64.66,63.7,62.81,62.4,62.39,62.02,60.07,,64.66,,,639
BBS Yearbook of Agricultural Statistics of Bangladesh 2025,10.4,retail,2025,43,Kalai Kheshari (Grass pea),Kalai Kheshari (Grass pea),1quintal,Tk per kg,87.21,87.49,83.64,80.78,78.86,76.77,76.66,77.87,78.76,79.39,77.23,,80.42,,,639
BBS Yearbook of Agricultural Statistics of Bangladesh 2025,10.4,retail,2025,44,Dal Mashkalai (Black gram) Gota,Dal Mashkalai (Black gram) Gota,1quintal,Tk per kg,173.89,175.09,170.1,167.96,167.41,167.26,165.19,163.54,163.9,165.08,161.12,,167.32,,,639
BBS Yearbook of Agricultural Statistics of Bangladesh 2025,10.4,retail,2025,45,Dal Mashkalai (Black gram) Broken,Dal Mashkalai (Black gram) Broken,1quintal,Tk per kg,179.41,177.99,172.75,173.55,173.17,171.53,170.67,169.74,169.54,169.01,167.98,,172.3,,,639
BBS Yearbook of Agricultural Statistics of Bangladesh 2025,10.4,retail,2025,46,Dal Mashur (Lentil) Local Gota,Dal Mashur (Lentil) Local Gota,1quintal,Tk per kg,133.27,132.93,132.0,131.13,130.83,130.75,131.42,139.48,144.37,146.1,146.44,,136.25,,,639
BBS Yearbook of Agricultural Statistics of Bangladesh 2025,10.4,retail,2025,47,Dal Mashur (Lentil) Local Broken,Dal Mashur (Lentil) Local Broken,1quintal,Tk per kg,112.89,112.67,112.51,112.12,111.9,112.0,112.07,114.76,117.4,118.36,118.1,,114.07,,,639
BBS Yearbook of Agricultural Statistics of Bangladesh 2025,10.4,retail,2025,48,Dal Mashur (Lentil) Foreign,Dal Mashur (Lentil) Foreign,1quintal,Tk per kg,115.39,115.0,114.33,113.65,112.86,111.43,109.99,112.38,113.88,114.39,112.72,,113.27,,,639
BBS Yearbook of Agricultural Statistics of Bangladesh 2025,10.4,retail,2025,49,Dal Mug (Green gram) Local,Dal Mug (Green gram) Local,1quintal,Tk per kg,162.82,161.16,159.68,158.5,158.54,157.29,155.8,155.38,155.49,155.15,153.97,,157.62,,,639
BBS Yearbook of Agricultural Statistics of Bangladesh 2025,10.4,retail,2025,50,Dal Chola (Chickpea) Gota,Dal Chola (Chickpea) Gota,1quintal,Tk per kg,128.45,123.97,117.64,116.11,115.4,114.55,113.48,113.46,114.18,113.99,113.03,,116.75,,,639
BBS Yearbook of Agricultural Statistics of Bangladesh 2025,10.4,retail,2025,51,Dal Chola (Chickpea) Broken,Dal Chola (Chickpea) Broken,1quintal,Tk per kg,132.4,127.8,121.69,119.5,118.59,117.73,116.78,115.96,116.66,116.34,115.48,,119.9,,,639
BBS Yearbook of Agricultural Statistics of Bangladesh 2025,10.4,retail,2025,52,Dal Motor (Pea) Local,Dal Motor (Pea) Local,1quintal,Tk per kg,113.64,111.97,109.82,107.59,106.53,106.07,109.23,108.18,104.88,104.78,102.43,,107.74,,,639
BBS Yearbook of Agricultural Statistics of Bangladesh 2025,10.4,retail,2025,53,Dal Motor (Pea) Foreign,Dal Motor (Pea) Foreign,1quintal,Tk per kg,74.35,72.03,70.32,69.06,68.08,67.15,66.27,65.57,65.35,64.93,63.86,,67.91,,,639
BBS Yearbook of Agricultural Statistics of Bangladesh 2025,10.4,retail,2025,54,Dal Kheshari (Grass pea),Dal Kheshari (Grass pea),1quintal,Tk per kg,111.64,111.42,111.14,108.91,107.67,107.25,104.41,102.34,102.33,101.63,98.89,,106.15,,,639
BBS Yearbook of Agricultural Statistics of Bangladesh 2025,10.4,retail,2025,55,Oil Seed Mustard,Oil Seed Mustard,1quintal,Tk per kg,95.87,95.21,92.57,93.18,95.15,96.03,98.21,102.01,103.02,103.43,104.15,,98.08,,,639
BBS Yearbook of Agricultural Statistics of Bangladesh 2025,10.4,retail,2025,56,Oil Seed Tishi,Oil Seed Tishi,1quintal,Tk per kg,164.0,155.0,163.75,166.67,166.39,159.25,139.59,146.78,147.09,147.97,142.06,,154.41,,,639
BBS Yearbook of Agricultural Statistics of Bangladesh 2025,10.4,retail,2025,57,Oil Seed Till,Oil Seed Till,1quintal,Tk per kg,166.97,174.2,171.82,176.04,170.31,194.42,163.49,162.04,155.8,152.98,153.16,,167.38,,,639
BBS Yearbook of Agricultural Statistics of Bangladesh 2025,10.4,retail,2025,58,Oil Seed Nut,Oil Seed Nut,1quintal,Tk per kg,156.83,151.63,148.88,148.46,148.13,145.37,145.95,147.91,147.9,147.77,148.1,,148.81,,,639
BBS Yearbook of Agricultural Statistics of Bangladesh 2025,10.4,retail,2025,59,Oil Mustard Loose 100L,Oil Mustard Loose 100L,1quintal,Tk per kg,217.39,220.35,220.39,220.12,220.94,221.39,222.34,223.21,223.83,223.84,224.21,,221.64,,,639
BBS Yearbook of Agricultural Statistics of Bangladesh 2025,10.4,retail,2025,60,Oil Soyabeen,Oil Soyabeen,1quintal,Tk per kg,171.81,176.09,170.5,170.02,171.6,170.99,171.14,171.85,174.13,175.94,176.53,,172.78,,,639
BBS Yearbook of Agricultural Statistics of Bangladesh 2025,10.4,retail,2025,61,Oil Pulm,Oil Pulm,1quintal,Tk per kg,160.99,157.57,154.62,155.67,155.54,154.44,154.06,154.9,156.41,156.61,156.68,,156.14,,,640
BBS Yearbook of Agricultural Statistics of Bangladesh 2025,10.4,retail,2025,62,Oil Ghee (Dalda),Oil Ghee (Dalda),1quintal,Tk per kg,179.13,178.56,179.55,179.43,179.54,179.77,182.2,183.55,185.13,185.29,185.5,,181.6,,,640
BBS Yearbook of Agricultural Statistics of Bangladesh 2025,10.4,retail,2025,63,Oill Butter Oil,Oill Butter Oil,1quintal,Tk per kg,955.0,955.0,957.0,943.75,788.45,780.53,914.0,769.63,935.75,834.0,815.5,,877.15,,,640
BBS Yearbook of Agricultural Statistics of Bangladesh 2025,10.4,retail,2025,64,Oil Cocount Local 100L Loose,Oil Cocount Local 100L Loose,1quintal,Tk per kg,406.81,411.18,414.11,417.0,419.46,418.37,440.17,449.13,454.81,460.55,465.15,,432.43,,,640
BBS Yearbook of Agricultural Statistics of Bangladesh 2025,10.4,retail,2025,65,Khail Mustard,Khail Mustard,1quintal,Tk per kg,51.92,51.83,51.84,51.72,51.43,51.25,51.37,51.03,50.79,50.88,50.87,,51.36,,,640
BBS Yearbook of Agricultural Statistics of Bangladesh 2025,10.4,retail,2025,66,Khail Till,Khail Till,1quintal,Tk per kg,55.02,54.75,64.52,55.86,55.86,55.86,56.31,57.5,56.73,55.7,55.61,,56.7,,,640
BBS Yearbook of Agricultural Statistics of Bangladesh 2025,10.4,retail,2025,67,Khail Others,Khail Others,1quintal,Tk per kg,59.7,59.9,63.73,59.67,59.67,59.5,59.83,60.0,60.0,59.63,58.17,,59.98,,,640
BBS Yearbook of Agricultural Statistics of Bangladesh 2025,10.4,retail,2025,68,Spice Onion Local,Spice Onion Local,1quintal,Tk per kg,48.88,42.25,36.9,45.22,52.26,52.37,53.92,72.68,70.19,71.18,100.7,,58.78,,,640
BBS Yearbook of Agricultural Statistics of Bangladesh 2025,10.4,retail,2025,69,Spice Onion Imported,Spice Onion Imported,1quintal,Tk per kg,58.16,57.38,56.65,50.72,56.24,59.78,57.65,69.08,73.69,73.0,101.57,,64.9,,,640
BBS Yearbook of Agricultural Statistics of Bangladesh 2025,10.4,retail,2025,70,Spice Garlic Local,Spice Garlic Local,1quintal,Tk per kg,228.55,186.55,111.49,115.22,119.6,114.81,109.09,107.73,104.23,94.45,88.82,,125.5,,,640
BBS Yearbook of Agricultural Statistics of Bangladesh 2025,10.4,retail,2025,71,Spice Garlic Imported,Spice Garlic Imported,1quintal,Tk per kg,217.75,222.56,211.05,212.16,200.35,178.29,168.13,155.18,146.57,146.79,159.6,,183.49,,,640
BBS Yearbook of Agricultural Statistics of Bangladesh 2025,10.4,retail,2025,72,Spice Chilli Dried,Spice Chilli Dried,1quintal,Tk per kg,341.83,331.8,319.92,308.12,296.65,293.51,294.16,290.54,289.01,285.0,286.27,,303.35,,,640
BBS Yearbook of Agricultural Statistics of Bangladesh 2025,10.4,retail,2025,73,Spice Green Chilli,Spice Green Chilli,1quintal,Tk per kg,49.39,44.29,48.89,56.12,55.66,55.65,142.35,185.04,167.51,171.98,119.01,,99.63,aug;oct,,640
BBS Yearbook of Agricultural Statistics of Bangladesh 2025,10.4,retail,2025,74,Spice Ginger Local,Spice Ginger Local,1quintal,Tk per kg,131.02,126.31,123.31,124.34,123.58,123.13,129.29,167.85,158.6,141.47,134.55,,134.86,,,640
BBS Yearbook of Agricultural Statistics of Bangladesh 2025,10.4,retail,2025,75,Spice Ginger Imported,Spice Ginger Imported,1quintal,Tk per kg,127.74,121.35,117.0,117.46,118.72,124.32,130.14,179.8,159.6,152.42,151.48,,136.37,,,640
BBS Yearbook of Agricultural Statistics of Bangladesh 2025,10.4,retail,2025,76,Spice Turmeric Round Local,Spice Turmeric Round Local,1quintal,Tk per kg,265.39,262.1,251.99,250.42,252.34,254.42,253.38,246.77,247.21,245.48,248.45,,252.54,,,640
BBS Yearbook of Agricultural Statistics of Bangladesh 2025,10.4,retail,2025,77,Spice Turmeric Long,Spice Turmeric Long,1quintal,Tk per kg,275.8,274.1,268.33,266.58,266.3,267.1,266.95,266.42,265.04,263.93,265.81,,267.85,,,640
BBS Yearbook of Agricultural Statistics of Bangladesh 2025,10.4,retail,2025,78,Spice Coriander old,Spice Coriander old,1quintal,Tk per kg,204.69,203.16,200.12,195.29,195.65,194.64,194.06,190.2,191.06,190.38,186.93,,195.11,,,640
BBS Yearbook of Agricultural Statistics of Bangladesh 2025,10.4,retail,2025,79,Spice Coriander New,Spice Coriander New,1quintal,Tk per kg,203.6,205.63,196.16,181.97,184.02,178.16,175.83,175.7,178.2,180.39,179.96,,185.42,,,640
BBS Yearbook of Agricultural Statistics of Bangladesh 2025,10.4,retail,2025,80,Jute White,Jute White,1quintal,Tk per kg,97.5,97.5,97.5,97.5,102.33,97.5,98.33,100.0,100.0,100.0,256.13,,113.12,,,640
BBS Yearbook of Agricultural Statistics of Bangladesh 2025,10.4,retail,2025,81,JuteTosha,JuteTosha,1quintal,Tk per kg,91.3,92.9,91.99,95.55,96.42,98.42,96.11,84.52,88.87,92.98,95.7,,93.16,,,640
BBS Yearbook of Agricultural Statistics of Bangladesh 2025,10.4,retail,2025,82,Jute Bi-Bottom,Jute Bi-Bottom,1quintal,Tk per kg,,,,,,,,,,,,,,,,641
BBS Yearbook of Agricultural Statistics of Bangladesh 2025,10.4,retail,2025,83,Jute C-Bottom,Jute C-Bottom,1quintal,Tk per kg,,,,,,,,,,,,,,,,641
BBS Yearbook of Agricultural Statistics of Bangladesh 2025,10.4,retail,2025,84,Jute Cross-Bottom,Jute Cross-Bottom,1quintal,Tk per kg,,,,,,,,,,,,,,,,641
BBS Yearbook of Agricultural Statistics of Bangladesh 2025,10.4,retail,2025,85,Jute SMR,Jute SMR,1quintal,Tk per kg,,,,,,,,,,,,,,,,641
BBS Yearbook of Agricultural Statistics of Bangladesh 2025,10.4,retail,2025,86,Jute Average chat,Jute Average chat,1quintal,Tk per kg,90.0,90.0,82.5,82.5,82.5,82.5,86.5,87.5,87.5,97.5,97.5,,,,,641
BBS Yearbook of Agricultural Statistics of Bangladesh 2025,10.4,retail,2025,87,Jute Mesta Average chat,Jute Mesta Average chat,1quintal,Tk per kg,90.0,90.0,87.5,87.5,87.5,87.5,87.5,87.5,87.5,87.5,87.5,,87.95,,,641
BBS Yearbook of Agricultural Statistics of Bangladesh 2025,10.4,retail,2025,88,Cotton Shimul,Cotton Shimul,1quintal,Tk per kg,529.96,528.41,528.48,528.01,528.41,530.91,535.54,534.02,533.71,531.53,536.82,,531.44,,,641
BBS Yearbook of Agricultural Statistics of Bangladesh 2025,10.4,retail,2025,89,Cotton Carpus,Cotton Carpus,1quintal,Tk per kg,259.82,262.61,263.18,263.18,262.95,263.64,280.6,286.75,282.0,263.9,259.5,,268.01,,,641
BBS Yearbook of Agricultural Statistics of Bangladesh 2025,10.4,retail,2025,90,Tobbaco Jati-1 (Hevy),Tobbaco Jati-1 (Hevy),1quintal,Tk per kg,301.2,301.2,301.2,301.2,301.2,301.2,301.2,304.0,304.0,304.0,304.0,,302.22,,,641
BBS Yearbook of Agricultural Statistics of Bangladesh 2025,10.4,retail,2025,91,Tobbaco Jati-2 (Medium),Tobbaco Jati-2 (Medium),1quintal,Tk per kg,260.0,260.0,260.0,260.0,260.0,260.0,260.0,260.0,260.0,260.0,260.0,,260.0,,,641
BBS Yearbook of Agricultural Statistics of Bangladesh 2025,10.4,retail,2025,92,Tobbaco Jati-3 (General),Tobbaco Jati-3 (General),1quintal,Tk per kg,175.0,175.0,175.0,175.0,175.0,175.0,175.0,175.0,175.0,175.0,175.0,,175.0,,,641
BBS Yearbook of Agricultural Statistics of Bangladesh 2025,10.4,retail,2025,93,Tobbaco Motihar (Heavy),Tobbaco Motihar (Heavy),1quintal,Tk per kg,285.68,287.68,288.93,292.64,291.52,303.93,308.86,310.36,318.48,321.79,320.36,,302.75,,,641
BBS Yearbook of Agricultural Statistics of Bangladesh 2025,10.4,retail,2025,94,Tobbaco Motihar (Medium),Tobbaco Motihar (Medium),1quintal,Tk per kg,219.14,219.11,218.57,221.57,222.86,250.71,252.71,252.86,259.29,258.71,257.86,,239.4,,,641
BBS Yearbook of Agricultural Statistics of Bangladesh 2025,10.4,retail,2025,95,Tobbaco Motihar (General),Tobbaco Motihar (General),1quintal,Tk per kg,247.5,247.5,249.38,255.0,255.0,255.0,236.0,225.0,225.0,225.0,230.0,,240.94,,,641
BBS Yearbook of Agricultural Statistics of Bangladesh 2025,10.4,retail,2025,96,Vargina (heat-cured),Vargina (heat-cured),1quintal,Tk per kg,305.0,305.0,305.0,305.0,305.0,305.0,305.0,305.0,305.0,305.0,305.0,,305.0,,,641
BBS Yearbook of Agricultural Statistics of Bangladesh 2025,10.4,retail,2025,97,Tobbaco Bangla-1 (heat-cured),Tobbaco Bangla-1 (heat-cured),1quintal,Tk per kg,,,,,,,,,,,,,,,,641
BBS Yearbook of Agricultural Statistics of Bangladesh 2025,10.4,retail,2025,98,Tobbaco Bangla-2 (heat-cured),Tobbaco Bangla-2 (heat-cured),1quintal,Tk per kg,,,,,,,,,,,,,,,,641
BBS Yearbook of Agricultural Statistics of Bangladesh 2025,10.4,retail,2025,99,Tobbaco Bangla-3 (heat-cured),Tobbaco Bangla-3 (heat-cured),1quintal,Tk per kg,,,,,,,,,,,,,,,,641
BBS Yearbook of Agricultural Statistics of Bangladesh 2025,10.4,retail,2025,100,Tobbaco Bangla-4 (heat-cured),Tobbaco Bangla-4 (heat-cured),1quintal,Tk per kg,,,,,,,,,,,,,,,,641
BBS Yearbook of Agricultural Statistics of Bangladesh 2025,10.4,retail,2025,101,Tobbaco Bangla-5 (heat-cured),Tobbaco Bangla-5 (heat-cured),1quintal,Tk per kg,,,,,,,,,,,,,,,,641
BBS Yearbook of Agricultural Statistics of Bangladesh 2025,10.4,retail,2025,102,Tobbaco Bangla-6 (heat-cured),Tobbaco Bangla-6 (heat-cured),1quintal,Tk per kg,,,,,,,,,,,,,,,,642
BBS Yearbook of Agricultural Statistics of Bangladesh 2025,10.4,retail,2025,103,Tobbaco Bangla-7 (heat-cured),Tobbaco Bangla-7 (heat-cured),1quintal,Tk per kg,,,,,,,,,,,,,,,,642
BBS Yearbook of Agricultural Statistics of Bangladesh 2025,10.4,retail,2025,104,Tobbaco Bangla-8 (heat-cured),Tobbaco Bangla-8 (heat-cured),1quintal,Tk per kg,,,,,,,,,,,,,,,,642
BBS Yearbook of Agricultural Statistics of Bangladesh 2025,10.4,retail,2025,105,Tobacco-Virginia (aerated)),Tobacco-Virginia (aerated)),1quintal,Tk per kg,,,,,,,,,,,,,,,,642
BBS Yearbook of Agricultural Statistics of Bangladesh 2025,10.4,retail,2025,106,Tobbacco DV-1 (aerated)),Tobbacco DV-1 (aerated)),1quintal,Tk per kg,,,,,,,,,,,,,,,,642
BBS Yearbook of Agricultural Statistics of Bangladesh 2025,10.4,retail,2025,107,Tobbacco DV-2 (aerated)),Tobbacco DV-2 (aerated)),1quintal,Tk per kg,,,,,,,,,,,,,,,,642
BBS Yearbook of Agricultural Statistics of Bangladesh 2025,10.4,retail,2025,108,Tobbacco DV-2 (aerated)),Tobbacco DV-2 (aerated)),1quintal,Tk per kg,,,,,,,,,,,,,,,,642
BBS Yearbook of Agricultural Statistics of Bangladesh 2025,10.4,retail,2025,109,Leather- Cow-Light (Fried Salted),Leather- Cow-Light (Fried Salted),100Pices,Tk per kg,366.67,368.41,371.31,375.93,378.11,398.83,399.9,397.47,404.01,399.64,397.28,,387.05,,,642
BBS Yearbook of Agricultural Statistics of Bangladesh 2025,10.4,retail,2025,110,Leather- Cow- Medium (Fried Salted),Leather- Cow- Medium (Fried Salted),100Pices,Tk per kg,575.09,576.49,580.22,578.24,575.16,600.14,588.58,582.87,583.72,576.97,578.2,,581.42,,,642
BBS Yearbook of Agricultural Statistics of Bangladesh 2025,10.4,retail,2025,111,Leather- Cow-Hevy (Fried Salted),Leather- Cow-Hevy (Fried Salted),100Pices,Tk per kg,796.64,798.4,800.96,805.67,805.08,814.55,797.22,795.37,798.49,786.73,792.41,,799.23,,,642
BBS Yearbook of Agricultural Statistics of Bangladesh 2025,10.4,retail,2025,112,Skin-beef-bone (fried salted),Skin-beef-bone (fried salted),100Pices,Tk per kg,326.06,323.53,325.0,327.24,,363.68,353.82,338.97,342.06,337.65,331.18,,336.92,,,642
BBS Yearbook of Agricultural Statistics of Bangladesh 2025,10.4,retail,2025,113,Leather-buffalo- heavy (fried salted),Leather-buffalo- heavy (fried salted),100Pices,Tk per kg,814.29,814.29,814.29,855.0,882.14,1025.0,983.33,979.17,966.67,966.67,1070.0,,924.62,,,642
BBS Yearbook of Agricultural Statistics of Bangladesh 2025,10.4,retail,2025,114,Leather-buffalo- Medium (fried salted,Leather-buffalo- Medium (fried salted,100Pices,Tk per kg,803.57,814.29,821.43,829.29,821.43,898.44,796.43,809.82,814.29,812.5,916.67,,830.74,,,642
BBS Yearbook of Agricultural Statistics of Bangladesh 2025,10.4,retail,2025,115,Skin-buffalo-thorn (fried with salt),Skin-buffalo-thorn (fried with salt),100Pices,Tk per kg,205.0,205.0,205.0,205.0,205.0,,,,,,,,205.0,,,642
BBS Yearbook of Agricultural Statistics of Bangladesh 2025,10.4,retail,2025,116,Leather: Sheep (wet salted),Leather: Sheep (wet salted),100Pices,Tk per kg,47.5,47.5,47.22,47.53,47.08,47.47,47.19,47.5,47.67,47.53,50.08,,47.66,,,642
BBS Yearbook of Agricultural Statistics of Bangladesh 2025,10.4,retail,2025,117,Leather: Goat (wet salted),Leather: Goat (wet salted),100Pices,Tk per kg,50.65,51.99,51.48,51.44,52.52,62.46,62.74,63.84,64.9,62.84,63.74,,58.06,,,642
BBS Yearbook of Agricultural Statistics of Bangladesh 2025,10.4,retail,2025,118,hemical fertilizer 50 Kg urea,Leather: hemical fertilizer 50 Kg urea,100Pices,Tk per kg,27.07,27.07,27.07,27.09,27.09,27.09,27.09,27.09,27.1,27.12,27.15,,27.09,,,643
BBS Yearbook of Agricultural Statistics of Bangladesh 2025,10.4,retail,2025,119,"Chemical Fertilizers- T, S, P-Local","Chemical Fertilizers- T, S, P-Local",100Pices,Tk per kg,27.09,27.11,27.16,27.18,27.18,27.19,27.18,27.18,27.18,27.16,27.12,,27.16,,,643
BBS Yearbook of Agricultural Statistics of Bangladesh 2025,10.4,retail,2025,120,"Chemical Fertilizers- D, A, P","Chemical Fertilizers- D, A, P",100Pices,Tk per kg,21.09,21.09,21.09,21.1,21.1,21.11,21.1,21.1,21.1,21.11,21.1,,21.1,,,643
BBS Yearbook of Agricultural Statistics of Bangladesh 2025,10.4,retail,2025,121,"Chemical Fertilizers- A, M, P","Chemical Fertilizers- A, M, P",100Pices,Tk per kg,20.21,20.22,20.21,20.21,20.21,20.21,20.21,20.21,20.21,20.2,20.2,,20.21,,,643
BBS Yearbook of Agricultural Statistics of Bangladesh 2025,10.4,retail,2025,122,Chemical Fertilizers- Zinc-Domestic,Chemical Fertilizers- Zinc-Domestic,100Pices,Tk per kg,183.16,183.22,185.35,185.89,185.35,185.35,185.23,184.69,183.97,182.52,186.51,,184.66,,,643
BBS Yearbook of Agricultural Statistics of Bangladesh 2025,10.4,retail,2025,123,Chemical Fertilizers- Zinc-Imported,Chemical Fertilizers- Zinc-Imported,100Pices,Tk per kg,254.09,253.94,254.03,253.81,253.49,253.49,253.29,254.4,253.93,256.74,258.08,,254.48,,,643
BBS Yearbook of Agricultural Statistics of Bangladesh 2025,10.4,retail,2025,124,Chemical Fertilizers- Gypsum,Chemical Fertilizers- Gypsum,100Pices,Tk per kg,22.77,22.37,22.5,25.56,25.56,25.53,24.88,22.43,22.48,22.48,22.46,,23.55,,,643
BBS Yearbook of Agricultural Statistics of Bangladesh 2025,10.4,retail,2025,125,Organic Fertilizers- 50Kg Cow Dung,Organic Fertilizers- 50Kg Cow Dung,100Pices,Tk per kg,7.67,7.6,8.53,7.67,8.13,7.83,7.8,7.8,7.22,7.88,7.55,,7.79,,,643
BBS Yearbook of Agricultural Statistics of Bangladesh 2025,10.4,retail,2025,126,Milk and Milk Products- Powdered Milk (Packaged),Milk and Milk Products- Powdered Milk (Packaged),100Pices,Tk per kg,741.43,741.43,741.43,741.43,737.14,753.21,765.07,777.32,778.57,778.57,778.57,,757.65,,,643
BBS Yearbook of Agricultural Statistics of Bangladesh 2025,10.4,retail,2025,127,Cow Milk- Liquid,Cow Milk- Liquid,100Pices,Tk per kg,79.32,79.7,83.02,82.78,80.73,81.05,80.19,80.3,80.98,81.69,81.61,,81.03,,,643
BBS Yearbook of Agricultural Statistics of Bangladesh 2025,10.4,retail,2025,128,Cow Milk- Liquid (Milkvita),Cow Milk- Liquid (Milkvita),100Pices,Tk per kg,96.03,96.19,96.19,96.19,96.19,96.19,96.39,96.61,96.61,96.61,96.89,,96.37,,,643
BBS Yearbook of Agricultural Statistics of Bangladesh 2025,10.4,retail,2025,129,Cow Ghee 12 Kg (Packaged),Cow Ghee 12 Kg (Packaged),100Pices,Tk per kg,1926.34,1890.97,1890.97,1890.97,2037.13,2062.62,2066.82,2030.59,2055.53,2134.5,2129.21,,2010.51,,,643
BBS Yearbook of Agricultural Statistics of Bangladesh 2025,10.4,retail,2025,130,Powdered milk - Dano,Powdered milk - Dano,100Pices,Tk per kg,1333.64,1349.3,1347.27,1348.3,1351.25,1367.82,1371.53,1355.65,1361.51,1367.13,1389.74,,1358.47,,,643
BBS Yearbook of Agricultural Statistics of Bangladesh 2025,10.4,retail,2025,131,Powdered milk - Redcow,Powdered milk - Redcow,100Pices,Tk per kg,1340.32,1361.93,1371.59,1367.05,1367.05,1329.25,1352.5,1329.25,1329.25,1335.85,1329.25,,1346.66,,,643
BBS Yearbook of Agricultural Statistics of Bangladesh 2025,10.4,retail,2025,132,Powdered milk - Anchor,Powdered milk - Anchor,100Pices,Tk per kg,1147.81,1163.59,1183.75,1189.69,1189.69,1139.44,1190.0,1194.06,1143.33,1143.33,1194.06,,1170.8,,,643
BBS Yearbook of Agricultural Statistics of Bangladesh 2025,10.4,retail,2025,133,Condensed milk 1 cartoon (48),Condensed milk 1 cartoon (48),100Pices,Tk per kg,101.67,101.87,101.83,101.78,101.57,101.55,101.41,101.41,101.32,101.24,101.2,,101.53,,,644
BBS Yearbook of Agricultural Statistics of Bangladesh 2025,10.4,retail,2025,134,Chicken-Chicken- Desi-Large-Live,Chicken-Chicken- Desi-Large-Live,1quintal,Tk per kg,499.78,503.84,529.18,538.28,540.57,542.79,530.11,,,,,,526.36,,,644
BBS Yearbook of Agricultural Statistics of Bangladesh 2025,10.4,retail,2025,135,(Above 900g),(Above 900g),1quintal,Tk per kg,500.11,504.35,523.93,531.74,534.17,533.77,527.94,,,,,,522.29,,,644
BBS Yearbook of Agricultural Statistics of Bangladesh 2025,10.4,retail,2025,136,Chicken-Chicken- Desi-Medium-Live,Chicken-Chicken- Desi-Medium-Live,1quintal,Tk per kg,482.59,486.68,506.29,513.51,513.77,510.09,506.78,,,,,,502.82,,,644
BBS Yearbook of Agricultural Statistics of Bangladesh 2025,10.4,retail,2025,137,(700-850g),(700-850g),1quintal,Tk per kg,312.13,297.07,284.89,277.88,255.62,254.69,278.67,,,,,,280.14,,,644
BBS Yearbook of Agricultural Statistics of Bangladesh 2025,10.4,retail,2025,138,Chicken-Chicken- Desi-Small-Live,Chicken-Chicken- Desi-Small-Live,1quintal,Tk per kg,190.38,186.53,189.34,180.73,166.33,153.08,153.69,,,,,,174.3,,,644
BBS Yearbook of Agricultural Statistics of Bangladesh 2025,10.4,retail,2025,139,(500-650g),(500-650g),1quintal,Tk per kg,485.7,488.11,485.98,477.71,487.55,493.4,480.78,,,,,,485.6,,,644
BBS Yearbook of Agricultural Statistics of Bangladesh 2025,10.4,retail,2025,140,Chicken-Chicken (Kok/Sonali) Live,Chicken-Chicken (Kok/Sonali) Live,1quintal,Tk per kg,719.22,726.84,734.83,740.72,743.35,744.22,744.19,,,,,,736.19,,,644
BBS Yearbook of Agricultural Statistics of Bangladesh 2025,10.4,retail,2025,141,(900-700g),(900-700g),1quintal,Tk per kg,1015.82,1025.8,1039.2,1051.6,1052.07,1056.74,1056.46,,,,,,1042.53,,,644
BBS Yearbook of Agricultural Statistics of Bangladesh 2025,10.4,retail,2025,142,Chicken-Chicken- Farm-Raised-Large (Broiler),Chicken-Chicken- Farm-Raised-Large (Broiler),100Pices,Tk per kg,72.12,71.18,71.58,71.57,71.16,71.21,70.65,,,,,,71.35,,,644
BBS Yearbook of Agricultural Statistics of Bangladesh 2025,10.4,retail,2025,143,Duck (Live),Duck (Live),100Pices,Tk per kg,58.13,43.89,41.0,41.74,44.2,42.75,40.65,,,,,,44.62,,,644
BBS Yearbook of Agricultural Statistics of Bangladesh 2025,10.4,retail,2025,144,Meat-Cow,Meat-Cow,100Pices,Tk per kg,44.05,43.04,40.0,40.13,42.48,40.56,38.84,,,,,,41.3,,,644
BBS Yearbook of Agricultural Statistics of Bangladesh 2025,10.4,retail,2025,145,Meat-Khasi,Meat-Khasi,100Pices,Tk per kg,72.69,73.27,70.44,69.24,68.69,67.65,68.51,,,,,,70.07,,,644
BBS Yearbook of Agricultural Statistics of Bangladesh 2025,10.4,retail,2025,146,Fish-Fresh- Freshwater-,Fish-Fresh- Freshwater-,1quintal,Tk per kg,,,,,,,,,,,,,,,,644
BBS Yearbook of Agricultural Statistics of Bangladesh 2025,10.4,retail,2025,147,Rohu fish (Rui)- Local-Large (Above,Rohu fish (Rui)- Local-Large (Above,1quintal,Tk per kg,385.94,387.01,389.55,393.19,393.97,391.47,404.04,,,,,,392.17,,,644
BBS Yearbook of Agricultural Statistics of Bangladesh 2025,10.4,retail,2025,148,Rohu Fish (Rui)- Local-Medium (2.50 - 4.50 kg),Rohu Fish (Rui)- Local-Medium (2.50 - 4.50 kg),1quintal,Tk per kg,319.84,318.48,321.99,324.51,322.73,322.56,328.07,,,,,,322.6,,,645
BBS Yearbook of Agricultural Statistics of Bangladesh 2025,10.4,retail,2025,149,Rohu Fish (Rui)- Local-Small (1.50 - 2.00 kg),Rohu Fish (Rui)- Local-Small (1.50 - 2.00 kg),1quintal,Tk per kg,349.65,355.19,352.12,354.8,349.45,351.46,352.37,,,,,,352.15,,,645
BBS Yearbook of Agricultural Statistics of Bangladesh 2025,10.4,retail,2025,150,Fish- Rohu Fish (Rui)-Imported Medium,Fish- Rohu Fish (Rui)-Imported Medium,1quintal,Tk per kg,282.47,278.44,279.4,282.7,273.52,275.86,274.97,,,,,,278.19,,,645
BBS Yearbook of Agricultural Statistics of Bangladesh 2025,10.4,retail,2025,151,(2.50-4.50) kg,(2.50-4.50) kg,1quintal,Tk per kg,467.88,459.25,470.35,459.9,463.61,460.9,473.0,,,,,,464.98,,,645
BBS Yearbook of Agricultural Statistics of Bangladesh 2025,10.4,retail,2025,152,Fish- Rohu Fish (Rui)-Imported Small,Fish- Rohu Fish (Rui)-Imported Small,1quintal,Tk per kg,374.66,372.14,379.87,376.42,376.45,372.09,377.62,,,,,,375.61,,,645
BBS Yearbook of Agricultural Statistics of Bangladesh 2025,10.4,retail,2025,153,(1.50-2.00 kg),(1.50-2.00 kg),1quintal,Tk per kg,297.65,295.12,296.8,301.99,302.83,300.53,304.73,,,,,,299.95,,,645
BBS Yearbook of Agricultural Statistics of Bangladesh 2025,10.4,retail,2025,154,Fish-Catal-Large (Above 5 kg),Fish-Catal-Large (Above 5 kg),1quintal,Tk per kg,345.47,341.31,343.67,341.88,342.69,356.08,356.94,,,,,,346.86,,,645
BBS Yearbook of Agricultural Statistics of Bangladesh 2025,10.4,retail,2025,155,Fish-Catal-Medium (2.50-4.50 kg),Fish-Catal-Medium (2.50-4.50 kg),1quintal,Tk per kg,223.75,221.36,224.43,225.26,224.68,226.41,225.03,,,,,,224.42,,,645
BBS Yearbook of Agricultural Statistics of Bangladesh 2025,10.4,retail,2025,156,Fish-Catal-Small (1.50-2.00 kg),Fish-Catal-Small (1.50-2.00 kg),1quintal,Tk per kg,1300.0,1300.0,1300.0,1300.0,1350.0,1345.83,1333.33,,,,,,1318.45,,,645
BBS Yearbook of Agricultural Statistics of Bangladesh 2025,10.4,retail,2025,157,Fish-Mrigal-Large (Above 5 kg),Fish-Mrigal-Large (Above 5 kg),1quintal,Tk per kg,611.71,619.73,612.42,639.0,667.5,632.65,661.93,,,,,,634.99,,,645
BBS Yearbook of Agricultural Statistics of Bangladesh 2025,10.4,retail,2025,158,Fish-Mrigal-Small,Fish-Mrigal-Small,1quintal,Tk per kg,1015.0,1013.75,1017.36,1071.0,1043.13,1047.73,1071.5,,,,,,1039.92,,,645
BBS Yearbook of Agricultural Statistics of Bangladesh 2025,10.4,retail,2025,159,Fish-Giant River Catfish (Air)-Large (Above 5 kg),Fish-Giant River Catfish (Air)-Large (Above 5 kg),1quintal,Tk per kg,541.3,539.43,546.55,555.95,544.4,552.18,563.37,,,,,,549.03,,,645
BBS Yearbook of Agricultural Statistics of Bangladesh 2025,10.4,retail,2025,160,Fish- Fish-Giant River Catfish (Air)- Small,Fish- Fish-Giant River Catfish (Air)- Small,1quintal,Tk per kg,1070.83,1029.17,942.86,1012.5,1025.83,1055.0,1062.5,,,,,,1028.38,,,645
BBS Yearbook of Agricultural Statistics of Bangladesh 2025,10.4,retail,2025,161,Fish-Helicopter Catfish (Boal)-Large (Above 5 kg),Fish-Helicopter Catfish (Boal)-Large (Above 5 kg),1quintal,Tk per kg,584.07,592.86,603.13,620.83,620.83,620.83,665.0,,,,,,615.36,,,645
BBS Yearbook of Agricultural Statistics of Bangladesh 2025,10.4,retail,2025,162,Fish- Pangasius- Large (above 5 kg),Fish- Pangasius- Large (above 5 kg),1quintal,Tk per kg,263.41,258.61,258.88,254.72,243.15,244.67,246.84,,,,,,252.9,,,646
BBS Yearbook of Agricultural Statistics of Bangladesh 2025,10.4,retail,2025,163,Fish- Pangasius- Small,Fish- Pangasius- Small,1quintal,Tk per kg,171.26,171.34,173.36,173.52,173.62,172.89,173.99,,,,,,172.85,,,646
BBS Yearbook of Agricultural Statistics of Bangladesh 2025,10.4,retail,2025,164,Fish- Hilsa (Small/Large),Fish- Hilsa (Small/Large),1quintal,Tk per kg,1199.35,1180.07,1209.35,1217.14,1261.99,1316.67,1417.79,,,,,,1257.48,,,646
BBS Yearbook of Agricultural Statistics of Bangladesh 2025,10.4,retail,2025,165,Fish- Shrimp- Bagda,Fish- Shrimp- Bagda,1quintal,Tk per kg,842.2,850.63,844.11,852.52,829.84,855.65,867.8,,,,,,848.96,,,646
BBS Yearbook of Agricultural Statistics of Bangladesh 2025,10.4,retail,2025,166,Fish- Shrimp- Lump,Fish- Shrimp- Lump,1quintal,Tk per kg,888.88,899.3,899.34,904.25,901.17,939.03,953.55,,,,,,912.22,,,646
BBS Yearbook of Agricultural Statistics of Bangladesh 2025,10.4,retail,2025,167,Fish- Shrimp- Small,Fish- Shrimp- Small,1quintal,Tk per kg,660.4,654.82,663.95,658.02,665.23,686.01,685.77,,,,,,667.74,,,646
BBS Yearbook of Agricultural Statistics of Bangladesh 2025,10.4,retail,2025,168,Fish- (Climbing Fish (Koi) (Farmed),Fish- (Climbing Fish (Koi) (Farmed),1quintal,Tk per kg,241.77,244.84,245.71,249.54,253.46,252.41,251.01,,,,,,248.39,,,646
BBS Yearbook of Agricultural Statistics of Bangladesh 2025,10.4,retail,2025,169,Fish-Catfish( Magur) (Farmed),Fish-Catfish( Magur) (Farmed),1quintal,Tk per kg,450.35,429.72,442.45,450.96,451.88,465.7,461.21,,,,,,450.32,,,646
BBS Yearbook of Agricultural Statistics of Bangladesh 2025,10.4,retail,2025,170,Fish- Horn (Farmed),Fish- Horn (Farmed),1quintal,Tk per kg,407.28,407.03,398.16,414.73,403.8,410.83,393.31,,,,,,405.02,,,646
BBS Yearbook of Agricultural Statistics of Bangladesh 2025,10.4,retail,2025,171,Fish- Silver Carp,Fish- Silver Carp,1quintal,Tk per kg,197.43,200.1,200.18,201.36,202.11,203.42,204.33,,,,,,201.28,,,646
BBS Yearbook of Agricultural Statistics of Bangladesh 2025,10.4,retail,2025,172,Fish- Grass Carp,Fish- Grass Carp,1quintal,Tk per kg,240.32,240.13,240.95,241.43,243.62,241.74,245.58,,,,,,241.97,,,646
BBS Yearbook of Agricultural Statistics of Bangladesh 2025,10.4,retail,2025,173,Fish- Tilapia/Nylotica,Fish- Tilapia/Nylotica,1quintal,Tk per kg,193.18,193.58,194.35,195.08,195.27,196.84,197.59,,,,,,195.13,,,646
BBS Yearbook of Agricultural Statistics of Bangladesh 2025,10.4,retail,2025,174,Fish- Pomfret (Rupchanda),Fish- Pomfret (Rupchanda),1quintal,Tk per kg,813.75,859.72,840.77,880.63,895.31,857.14,852.78,,,,,,857.16,,,646
BBS Yearbook of Agricultural Statistics of Bangladesh 2025,10.4,retail,2025,175,Fish- Dry- Rupchanda,Fish- Dry- Rupchanda,1quintal,Tk per kg,1415.0,1300.0,1415.0,1465.63,1345.83,1404.17,1404.17,,,,,,1392.83,,,646
BBS Yearbook of Agricultural Statistics of Bangladesh 2025,10.4,retail,2025,176,Fish- Dry- Bombay duck (Laitya),Fish- Dry- Bombay duck (Laitya),1quintal,Tk per kg,866.98,884.77,884.58,882.93,894.69,899.49,902.9,,,,,,888.05,,,646
BBS Yearbook of Agricultural Statistics of Bangladesh 2025,10.4,retail,2025,177,Fish- Dry- Swamp barb (Puti),Fish- Dry- Swamp barb (Puti),1quintal,Tk per kg,632.93,665.63,612.11,664.38,680.21,679.72,693.0,,,,,,661.14,,,646
BBS Yearbook of Agricultural Statistics of Bangladesh 2025,10.4,retail,2025,178,Dried Fish- Shrimp,Dried Fish- Shrimp,1quintal,Tk per kg,915.47,990.34,1003.35,990.14,1025.45,1099.6,1056.89,,,,,,1011.61,,,647
BBS Yearbook of Agricultural Statistics of Bangladesh 2025,10.4,retail,2025,179,Dried- Fish- Glass,Dried- Fish- Glass,1quintal,Tk per kg,686.59,703.13,690.63,705.1,748.02,756.55,727.5,,,,,,716.79,,,647
BBS Yearbook of Agricultural Statistics of Bangladesh 2025,10.4,retail,2025,180,Dried- Fish- Salt- Hilsa,Dried- Fish- Salt- Hilsa,1quintal,Tk per kg,790.42,761.73,771.98,760.14,857.92,855.42,804.14,,,,,,800.25,,,647
BBS Yearbook of Agricultural Statistics of Bangladesh 2025,10.4,retail,2025,181,Betel/Betel:Betel- dried-high/normal quality,Betel/Betel:Betel- dried-high/normal quality,1quintal,Tk per kg,408.15,428.57,459.76,461.31,482.42,501.23,529.35,591.97,617.25,618.93,593.34,,517.48,,,647
BBS Yearbook of Agricultural Statistics of Bangladesh 2025,10.4,retail,2025,182,Betel-Bangla- large (6400 Pages) Gadi,Betel-Bangla- large (6400 Pages) Gadi,1quintal,Tk per kg,167.29,169.27,165.25,170.19,169.09,164.24,159.46,144.86,155.99,134.25,135.93,,157.8,,,647
BBS Yearbook of Agricultural Statistics of Bangladesh 2025,10.4,retail,2025,183,Betel-Bangla- medium,Betel-Bangla- medium,1quintal,Tk per kg,110.78,118.18,122.92,120.52,119.99,120.48,110.27,107.88,131.87,94.06,86.43,,113.04,,,647
BBS Yearbook of Agricultural Statistics of Bangladesh 2025,10.4,retail,2025,184,Betel-Bangla- small,Betel-Bangla- small,1quintal,Tk per kg,72.0,71.75,90.65,75.41,72.5,74.43,69.92,64.73,67.33,63.23,58.98,,70.99,,,647
BBS Yearbook of Agricultural Statistics of Bangladesh 2025,10.4,retail,2025,185,Betel-Bangla- Sanchi,Betel-Bangla- Sanchi,1quintal,Tk per kg,130.67,126.5,52.0,81.48,47.0,50.0,47.5,73.33,112.5,112.5,76.0,,82.68,,,647
BBS Yearbook of Agricultural Statistics of Bangladesh 2025,10.4,retail,2025,186,Fruit: Fresh- Mango- Guti,Fruit: Fresh- Mango- Guti,1quintal,Tk per kg,,,,,56.76,53.69,68.45,,,,,,59.64,,,647
BBS Yearbook of Agricultural Statistics of Bangladesh 2025,10.4,retail,2025,187,Fruit- Fresh- Mango- Gopalbhog,Fruit- Fresh- Mango- Gopalbhog,1quintal,Tk per kg,,,,,72.06,67.33,68.06,,,,,,69.15,,,647
BBS Yearbook of Agricultural Statistics of Bangladesh 2025,10.4,retail,2025,188,Fruit- Fresh- Mango- Himsagar,Fruit- Fresh- Mango- Himsagar,1quintal,Tk per kg,,,,,76.31,73.36,72.59,,,,,,74.09,,,647
BBS Yearbook of Agricultural Statistics of Bangladesh 2025,10.4,retail,2025,189,Fruit- Fresh- Mango- Langra,Fruit- Fresh- Mango- Langra,1quintal,Tk per kg,,,,,77.25,68.09,71.99,81.67,,,,,74.75,,,647
BBS Yearbook of Agricultural Statistics of Bangladesh 2025,10.4,retail,2025,190,Fruit- Fresh- Mango- Fazli,Fruit- Fresh- Mango- Fazli,1quintal,Tk per kg,,,,,,104.0,79.49,115.79,138.48,,,,109.44,,,647
BBS Yearbook of Agricultural Statistics of Bangladesh 2025,10.4,retail,2025,191,Fruit- Fresh- Mango- Ashwini,Fruit- Fresh- Mango- Ashwini,1quintal,Tk per kg,,,,,,,59.21,82.0,92.69,,,,77.97,,,647
BBS Yearbook of Agricultural Statistics of Bangladesh 2025,10.4,retail,2025,192,Fruit- Fresh- Mango- Amrapali,Fruit- Fresh- Mango- Amrapali,1quintal,Tk per kg,,,,,95.0,71.55,81.62,142.33,,,,,97.63,,,647
BBS Yearbook of Agricultural Statistics of Bangladesh 2025,10.4,retail,2025,193,Fruit- Fresh- Mango- Haribhanga,Fruit- Fresh- Mango- Haribhanga,1quintal,Tk per kg,,,,,,66.93,78.29,145.71,,,,,96.98,,,648
BBS Yearbook of Agricultural Statistics of Bangladesh 2025,10.4,retail,2025,194,Fruit: Jackfruit- large (above 4 kg),Fruit: Jackfruit- large (above 4 kg),80Pices,Tk per kg,,,,106.0,258.08,145.9,125.56,194.22,191.0,,,,170.13,,,648
BBS Yearbook of Agricultural Statistics of Bangladesh 2025,10.4,retail,2025,195,Fruit- Jackfrui (Kathal)- small,Fruit- Jackfrui (Kathal)- small,80Pices,Tk per kg,,,,77.08,122.63,80.12,75.83,107.76,109.29,,,,95.45,,,648
BBS Yearbook of Agricultural Statistics of Bangladesh 2025,10.4,retail,2025,196,Fruit- Green Coconut (Dab),Fruit- Green Coconut (Dab),80Pices,Tk per kg,102.93,98.64,103.1,110.63,117.71,111.56,110.85,114.02,115.36,114.61,112.98,,110.22,,,648
BBS Yearbook of Agricultural Statistics of Bangladesh 2025,10.4,retail,2025,197,Fruit- Batabi lemon,Fruit- Batabi lemon,80Pices,Tk per kg,47.3,47.08,,,,,,43.69,42.24,46.42,47.37,,45.68,,,648
BBS Yearbook of Agricultural Statistics of Bangladesh 2025,10.4,retail,2025,198,Fruit- Cardamom lemon,Fruit- Cardamom lemon,80Pices,Tk per kg,22.72,24.38,49.09,28.07,18.59,17.47,15.18,15.81,18.76,19.58,23.1,,22.98,,,648
BBS Yearbook of Agricultural Statistics of Bangladesh 2025,10.4,retail,2025,199,Fruit- Kagoji Lemon,Fruit- Kagoji Lemon,80Pices,Tk per kg,23.17,25.18,43.37,27.99,17.87,18.53,16.28,17.25,18.84,20.7,24.38,,23.05,,,648
BBS Yearbook of Agricultural Statistics of Bangladesh 2025,10.4,retail,2025,200,Fruit- Guava,Fruit- Guava,1quintal,Tk per kg,72.01,77.81,76.67,71.05,74.24,71.76,65.45,65.5,64.15,66.7,74.32,,70.88,,,648
BBS Yearbook of Agricultural Statistics of Bangladesh 2025,10.4,retail,2025,201,Fruit- Hog plum (Amra),Fruit- Hog plum (Amra),1quintal,Tk per kg,44.37,39.38,,,,,42.1,45.15,44.51,50.35,56.43,,46.04,,,648
BBS Yearbook of Agricultural Statistics of Bangladesh 2025,10.4,retail,2025,202,Fruit- Orange,Fruit- Orange,1quintal,Tk per kg,261.28,270.04,286.0,296.13,299.7,305.28,324.24,357.43,341.62,327.77,307.75,,307.02,,,648
BBS Yearbook of Agricultural Statistics of Bangladesh 2025,10.4,retail,2025,203,Fruit- Apple,Fruit- Apple,1quintal,Tk per kg,282.82,285.91,296.0,311.21,307.05,300.66,307.11,345.19,334.62,326.68,317.88,,310.47,,,648
BBS Yearbook of Agricultural Statistics of Bangladesh 2025,10.4,retail,2025,204,Fruit- Malta,Fruit- Malta,1quintal,Tk per kg,286.07,286.39,286.89,292.07,288.06,284.54,293.69,365.24,331.12,316.95,296.82,,302.53,,,648
BBS Yearbook of Agricultural Statistics of Bangladesh 2025,10.4,retail,2025,205,Fruit- Grape,Fruit- Grape,1quintal,Tk per kg,442.18,411.82,386.51,388.71,384.51,413.84,443.5,443.26,433.78,433.42,439.29,,420.07,,,648
BBS Yearbook of Agricultural Statistics of Bangladesh 2025,10.4,retail,2025,206,Fruit- Kul,Fruit- Kul,1quintal,Tk per kg,126.44,98.3,86.3,87.74,,,,,,,,,99.7,,,648
BBS Yearbook of Agricultural Statistics of Bangladesh 2025,10.4,retail,2025,207,Fruit- Watermelon,Fruit- Watermelon,1quintal,Tk per kg,,136.19,51.84,45.78,49.86,60.33,,,,,,,68.8,,,648
BBS Yearbook of Agricultural Statistics of Bangladesh 2025,10.4,retail,2025,208,Fruit-Melon ( Bangi),Fruit-Melon ( Bangi),80Pices,Tk per kg,,,106.08,80.7,68.18,61.25,,,,,,,79.05,,,648
BBS Yearbook of Agricultural Statistics of Bangladesh 2025,10.4,retail,2025,209,Fruit- Papaya,Fruit- Papaya,80Pices,Tk per kg,89.91,93.41,100.39,98.36,98.94,98.22,97.3,100.95,100.14,91.88,92.72,,96.57,,,648
BBS Yearbook of Agricultural Statistics of Bangladesh 2025,10.4,retail,2025,210,Fruit- Litchi,Fruit- Litchi,1000pices,Tk per kg,,,,253.33,336.61,424.69,,,,,,,338.21,,,648
BBS Yearbook of Agricultural Statistics of Bangladesh 2025,10.4,retail,2025,211,Fruit- Banana – Chapai,Fruit- Banana – Chapai,80Pices,Tk per kg,23.19,21.28,23.97,22.85,22.16,21.88,21.67,22.17,21.8,22.42,21.63,,22.27,,,649
BBS Yearbook of Agricultural Statistics of Bangladesh 2025,10.4,retail,2025,212,Fruit- Banana - Sabri - Superior Quality,Fruit- Banana - Sabri - Superior Quality,80Pices,Tk per kg,34.96,35.51,37.91,36.3,34.0,36.16,34.83,36.28,35.21,36.62,36.25,,35.82,,,649
BBS Yearbook of Agricultural Statistics of Bangladesh 2025,10.4,retail,2025,213,Fruit- Banana - Sagar Superior Quality,Fruit- Banana - Sagar Superior Quality,80Pices,Tk per kg,27.89,27.8,29.92,29.46,28.49,28.53,28.37,28.38,28.57,28.13,28.43,,28.54,,,649
BBS Yearbook of Agricultural Statistics of Bangladesh 2025,10.4,retail,2025,214,Fruit- Pineapple – Kalenga,Fruit- Pineapple – Kalenga,80Pices,Tk per kg,59.06,56.56,49.71,44.3,35.91,41.08,47.16,56.1,68.97,65.0,73.98,,54.35,,,649
BBS Yearbook of Agricultural Statistics of Bangladesh 2025,10.4,retail,2025,215,Fruit- Pineapple – Jaldabu,Fruit- Pineapple – Jaldabu,80Pices,Tk per kg,47.0,39.82,36.6,38.81,28.33,36.54,37.94,48.86,57.25,59.16,69.44,,45.43,,,649
BBS Yearbook of Agricultural Statistics of Bangladesh 2025,10.4,retail,2025,216,Fruit- Pineapple – Desi,Fruit- Pineapple – Desi,80Pices,Tk per kg,52.33,46.97,44.52,42.36,41.3,42.56,43.35,47.68,51.74,53.78,51.5,,47.1,,,649
BBS Yearbook of Agricultural Statistics of Bangladesh 2025,10.4,retail,2025,217,Fruit- Dried Coconut,Fruit- Dried Coconut,80Pices,Tk per kg,113.81,115.24,117.66,121.58,121.17,121.43,124.08,121.16,121.48,124.07,121.84,,120.32,,serial printed as 117,649
BBS Yearbook of Agricultural Statistics of Bangladesh 2025,10.4,retail,2025,218,Fruit- Dates,Fruit- Dates,1quintal,Tk per kg,629.06,636.49,628.78,640.34,631.64,711.06,657.38,662.6,689.36,828.73,693.87,,673.57,,serial printed as 118,649
BBS Yearbook of Agricultural Statistics of Bangladesh 2025,10.4,retail,2025,219,Fruit- Tamarind- With Seeds,Fruit- Tamarind- With Seeds,1quintal,Tk per kg,174.05,183.09,181.0,182.71,186.46,173.02,164.98,190.0,163.82,154.46,191.22,,176.8,,serial printed as 119,649
BBS Yearbook of Agricultural Statistics of Bangladesh 2025,10.4,retail,2025,220,Fruit- Tamarind- Without Seeds,Fruit- Tamarind- Without Seeds,1quintal,Tk per kg,247.64,230.38,245.71,242.41,245.71,228.21,243.86,341.92,258.46,288.64,244.81,,256.16,,,649
BBS Yearbook of Agricultural Statistics of Bangladesh 2025,10.4,retail,2025,221,Vegetables- Local Potatoes,Vegetables- Local Potatoes,1quintal,Tk per kg,39.24,27.1,27.31,25.74,23.59,25.0,25.97,25.83,26.3,24.63,26.53,,27.02,,,649
BBS Yearbook of Agricultural Statistics of Bangladesh 2025,10.4,retail,2025,222,White Holland Potatoes,White Holland Potatoes,1quintal,Tk per kg,34.24,19.61,21.19,20.05,19.07,21.38,22.45,21.77,21.67,19.66,21.59,,22.06,,,649
BBS Yearbook of Agricultural Statistics of Bangladesh 2025,10.4,retail,2025,223,Red Holland Potatoes,Red Holland Potatoes,1quintal,Tk per kg,32.53,20.19,21.46,19.68,18.54,20.18,21.87,21.18,21.34,19.44,21.84,,21.66,,,649
BBS Yearbook of Agricultural Statistics of Bangladesh 2025,10.4,retail,2025,224,Sweet Potatoes,Sweet Potatoes,1quintal,Tk per kg,41.71,35.72,33.65,32.29,30.91,30.19,32.19,34.25,32.0,36.06,32.92,,33.81,,,649
BBS Yearbook of Agricultural Statistics of Bangladesh 2025,10.4,retail,2025,225,Brinjal/Eggplant (long),Brinjal/Eggplant (long),1quintal,Tk per kg,29.29,27.09,43.92,48.51,46.25,44.68,55.72,67.29,64.65,68.97,57.63,,50.36,,,649
BBS Yearbook of Agricultural Statistics of Bangladesh 2025,10.4,retail,2025,226,Brinjal/Eggplant (round),Brinjal/Eggplant (round),1quintal,Tk per kg,36.28,32.48,50.06,56.45,52.94,52.65,67.0,80.11,76.5,82.63,71.42,,59.86,,,650
BBS Yearbook of Agricultural Statistics of Bangladesh 2025,10.4,retail,2025,227,Poimted gourd (Pata)l,Poimted gourd (Pata)l,1quintal,Tk per kg,43.63,83.85,74.13,62.41,49.44,31.96,38.87,55.91,56.09,55.78,47.15,,54.47,,,650
BBS Yearbook of Agricultural Statistics of Bangladesh 2025,10.4,retail,2025,228,Ash Gourd (Chalcumra),Ash Gourd (Chalcumra),80Pices,Tk per kg,41.25,39.54,42.9,44.31,37.02,34.05,37.72,43.86,42.74,42.01,38.81,,40.38,,,650
BBS Yearbook of Agricultural Statistics of Bangladesh 2025,10.4,retail,2025,229,Pumpkin,Pumpkin,1quintal,Tk per kg,31.22,27.22,25.54,26.0,25.86,25.62,28.42,37.93,44.1,44.14,39.64,,32.34,,,650
BBS Yearbook of Agricultural Statistics of Bangladesh 2025,10.4,retail,2025,230,Gourd (Lau),Gourd (Lau),100Pices,Tk per kg,33.82,32.38,33.47,36.66,38.02,37.67,42.64,52.22,50.7,48.5,43.85,,40.9,,,650
BBS Yearbook of Agricultural Statistics of Bangladesh 2025,10.4,retail,2025,231,Bitter Melon (Utche),Bitter Melon (Utche),1quintal,Tk per kg,58.93,69.4,73.24,60.86,49.38,54.77,62.48,77.85,74.53,74.01,69.28,,65.88,,,650
BBS Yearbook of Agricultural Statistics of Bangladesh 2025,10.4,retail,2025,232,Bitter Gourd (karlla),Bitter Gourd (karlla),1quintal,Tk per kg,60.16,66.85,68.5,60.6,48.01,52.9,62.0,73.69,71.55,70.89,66.44,,63.78,,,650
BBS Yearbook of Agricultural Statistics of Bangladesh 2025,10.4,retail,2025,233,Green papaya (Kacha Papa),Green papaya (Kacha Papa),1quintal,Tk per kg,33.26,32.01,33.31,40.86,47.58,37.33,30.75,29.25,26.09,24.91,26.09,,32.86,,,650
BBS Yearbook of Agricultural Statistics of Bangladesh 2025,10.4,retail,2025,234,Bulbous root of arum (Mukhikachu),Bulbous root of arum (Mukhikachu),1quintal,Tk per kg,51.04,48.75,67.92,104.88,78.27,54.35,46.18,42.43,35.47,34.29,34.57,,54.38,,,650
BBS Yearbook of Agricultural Statistics of Bangladesh 2025,10.4,retail,2025,235,Water arum (Panikachu),Water arum (Panikachu),100pices,Tk per kg,46.67,,,52.5,47.31,44.58,46.15,48.47,49.41,48.2,50.86,,48.24,,,650
BBS Yearbook of Agricultural Statistics of Bangladesh 2025,10.4,retail,2025,236,Arum lobe (Kachurlati),Arum lobe (Kachurlati),1quintal,Tk per kg,54.52,57.98,69.32,63.22,55.45,49.55,49.02,54.1,52.95,52.38,51.09,,55.42,,,650
BBS Yearbook of Agricultural Statistics of Bangladesh 2025,10.4,retail,2025,237,Sweet Bitter Gourd (Kakrol),Sweet Bitter Gourd (Kakrol),1quintal,Tk per kg,50.9,,57.5,101.63,62.46,53.74,55.54,64.04,65.46,67.07,61.83,,64.02,,,650
BBS Yearbook of Agricultural Statistics of Bangladesh 2025,10.4,retail,2025,238,Radish,Radish,1quintal,Tk per kg,50.13,76.63,75.77,55.28,36.26,31.78,40.0,57.07,59.08,60.32,54.35,,54.24,,,650
BBS Yearbook of Agricultural Statistics of Bangladesh 2025,10.4,retail,2025,239,Cucumber,Cucumber,1quintal,Tk per kg,34.15,31.24,43.4,44.77,41.39,35.63,45.99,54.63,49.4,45.19,50.17,,43.27,,,650
BBS Yearbook of Agricultural Statistics of Bangladesh 2025,10.4,retail,2025,240,Khirai,Khirai,1quintal,Tk per kg,34.27,31.72,39.82,41.02,44.95,38.67,44.9,55.87,52.25,46.68,53.81,,44.0,,,650
BBS Yearbook of Agricultural Statistics of Bangladesh 2025,10.4,retail,2025,241,Beans,Beans,1quintal,Tk per kg,31.73,27.3,34.58,50.23,,,,,145.54,103.57,88.62,,68.8,,,650
BBS Yearbook of Agricultural Statistics of Bangladesh 2025,10.4,retail,2025,242,Long bean (Barbarti),Long bean (Barbarti),1quintal,Tk per kg,54.83,55.01,67.14,63.95,50.75,51.4,57.26,71.76,68.73,66.13,59.96,,60.63,,,650
BBS Yearbook of Agricultural Statistics of Bangladesh 2025,10.4,retail,2025,243,Tomato Ripe,Tomato Ripe,1quintal,Tk per kg,39.54,22.07,18.28,27.44,36.92,57.07,103.63,148.71,125.47,117.18,111.61,,73.45,mar,,650
BBS Yearbook of Agricultural Statistics of Bangladesh 2025,10.4,retail,2025,244,Green Peas (Motorshooti),Green Peas (Motorshooti),1quintal,Tk per kg,90.93,74.69,74.46,115.0,,,,,,,,,88.77,,,650
BBS Yearbook of Agricultural Statistics of Bangladesh 2025,10.4,retail,2025,245,Ridge Gourd (Jhinga,Ridge Gourd (Jhinga,1quintal,Tk per kg,47.92,48.75,71.74,59.8,44.74,42.24,47.16,57.76,56.84,55.39,48.79,,52.83,,,650
BBS Yearbook of Agricultural Statistics of Bangladesh 2025,10.4,retail,2025,246,Snake Gourd (Chichinga),Snake Gourd (Chichinga),1quintal,Tk per kg,42.63,42.72,50.68,53.31,41.14,38.84,42.16,51.98,49.26,48.81,43.11,,45.88,,,650
BBS Yearbook of Agricultural Statistics of Bangladesh 2025,10.4,retail,2025,247,Sponge Gourd (Dundol),Sponge Gourd (Dundol),1quintal,Tk per kg,39.99,36.0,55.75,51.98,40.26,34.62,39.18,46.86,44.11,44.2,40.36,,43.03,,,651
BBS Yearbook of Agricultural Statistics of Bangladesh 2025,10.4,retail,2025,248,Radish Spinach (Mula Shak),Radish Spinach (Mula Shak),1quintal,Tk per kg,19.14,17.29,18.25,19.75,25.0,,28.69,38.28,38.5,36.36,29.48,,27.07,,,651
BBS Yearbook of Agricultural Statistics of Bangladesh 2025,10.4,retail,2025,249,Red Spinach (Lal Shak),Red Spinach (Lal Shak),1quintal,Tk per kg,24.66,24.41,25.8,26.53,27.0,28.07,30.17,38.05,39.54,38.65,36.7,,30.87,,,651
BBS Yearbook of Agricultural Statistics of Bangladesh 2025,10.4,retail,2025,250,Spinach (Palongsak),Spinach (Palongsak),1quintal,Tk per kg,22.73,21.25,23.93,24.66,25.18,24.56,27.2,39.0,35.31,39.62,42.63,,29.64,,,651
BBS Yearbook of Agricultural Statistics of Bangladesh 2025,10.4,retail,2025,251,Indian Spinach (Puishak),Indian Spinach (Puishak),1quintal,Tk per kg,25.67,25.23,26.75,25.64,23.44,22.62,24.75,30.28,31.77,30.81,28.91,,26.9,,,651
BBS Yearbook of Agricultural Statistics of Bangladesh 2025,10.4,retail,2025,252,Amarnath (Danta),Amarnath (Danta),1quintal,Tk per kg,28.08,26.29,27.51,26.88,26.44,26.51,30.09,30.88,33.35,33.89,32.89,,29.35,,,651
BBS Yearbook of Agricultural Statistics of Bangladesh 2025,10.4,retail,2025,253,Cauliflour,Cauliflour,100Pices,Tk per kg,17.22,17.2,23.2,29.71,56.88,,,,,76.36,57.78,,39.77,,,651
BBS Yearbook of Agricultural Statistics of Bangladesh 2025,10.4,retail,2025,254,Cabbage,Cabbage,100Pices,Tk per kg,19.66,16.34,17.28,22.13,37.78,,,,55.1,61.29,48.48,,34.76,,,651
BBS Yearbook of Agricultural Statistics of Bangladesh 2025,10.4,retail,2025,255,Broccoli,Broccoli,100Pices,Tk per kg,37.4,34.31,36.9,,,,,,,,,,36.2,,,651
BBS Yearbook of Agricultural Statistics of Bangladesh 2025,10.4,retail,2025,256,Kohlrabi (Ol Kopi),Kohlrabi (Ol Kopi),1quintal,Tk per kg,20.74,18.02,18.52,19.0,,,,,,,62.59,,27.77,nov,,651
BBS Yearbook of Agricultural Statistics of Bangladesh 2025,10.4,retail,2025,257,Carrot,Carrot,1quintal,Tk per kg,41.12,30.88,30.27,35.29,49.28,76.82,105.12,121.49,117.02,117.56,112.17,,76.09,,,651
BBS Yearbook of Agricultural Statistics of Bangladesh 2025,10.4,retail,2025,258,Green Banana Katcha Kala),Green Banana Katcha Kala),80Pices,Tk per kg,31.2,30.44,30.99,31.75,32.8,32.92,33.02,33.68,34.84,34.77,34.13,,32.78,,,651
BBS Yearbook of Agricultural Statistics of Bangladesh 2025,10.4,retail,2025,259,Radish Local,Radish Local,1quintal,Tk per kg,14.87,13.53,14.59,34.06,41.72,36.85,43.17,58.91,53.34,42.56,35.58,,35.38,,,651
BBS Yearbook of Agricultural Statistics of Bangladesh 2025,10.4,retail,2025,260,Miscellaneous: Sugar Local,Miscellaneous: Sugar Local,1quintal,Tk per kg,131.05,131.48,128.68,127.22,126.54,125.1,123.4,121.63,121.24,120.96,119.07,,125.12,,,651
BBS Yearbook of Agricultural Statistics of Bangladesh 2025,10.4,retail,2025,261,Sugar Foreign,Sugar Foreign,1quintal,Tk per kg,125.24,123.78,121.31,119.63,116.35,113.05,111.0,108.7,107.29,105.5,101.45,,113.94,,,651
BBS Yearbook of Agricultural Statistics of Bangladesh 2025,10.4,retail,2025,262,Gur Sugarcane,Gur Sugarcane,1quintal,Tk per kg,130.34,130.55,131.87,132.19,131.9,131.43,131.27,131.26,131.04,130.8,130.99,,131.24,,,651
BBS Yearbook of Agricultural Statistics of Bangladesh 2025,10.4,retail,2025,263,Gur Dates,Gur Dates,1quintal,Tk per kg,229.0,218.58,234.62,240.8,238.34,235.24,229.37,235.13,238.42,237.29,237.23,,234.0,,,651
BBS Yearbook of Agricultural Statistics of Bangladesh 2025,10.4,retail,2025,264,Salt With Iodine,Salt With Iodine,1quintal,Tk per kg,38.26,38.22,38.27,38.26,38.65,38.16,38.11,38.1,38.14,38.19,38.13,,38.23,,,651
BBS Yearbook of Agricultural Statistics of Bangladesh 2025,10.4,retail,2025,265,Salt Lose,Salt Lose,1quintal,Tk per kg,23.68,23.66,23.51,23.38,24.05,23.11,22.9,22.99,22.89,22.82,22.79,,23.25,,,651
BBS Yearbook of Agricultural Statistics of Bangladesh 2025,10.4,retail,2025,266,Vushi Mashur (Lentil),Vushi Mashur (Lentil),1quintal,Tk per kg,46.81,46.43,46.13,46.13,47.57,47.57,47.8,48.23,48.6,47.89,47.2,,47.31,,,651
BBS Yearbook of Agricultural Statistics of Bangladesh 2025,10.4,retail,2025,267,Vushi Chola( Chickpea),Vushi Chola( Chickpea),1quintal,Tk per kg,56.14,55.97,56.0,56.66,57.27,57.22,56.96,56.8,56.51,56.89,57.71,,56.74,,,651
BBS Yearbook of Agricultural Statistics of Bangladesh 2025,10.4,retail,2025,268,Vushi Kheshari (Grass Pea),Vushi Kheshari (Grass Pea),1quintal,Tk per kg,54.12,54.74,55.06,55.44,56.24,56.22,56.38,56.67,56.53,56.67,56.13,,55.84,,,651
BBS Yearbook of Agricultural Statistics of Bangladesh 2025,10.4,retail,2025,269,Vushi Wheat,Vushi Wheat,1quintal,Tk per kg,49.5,49.86,49.97,50.39,50.56,50.39,50.18,50.0,49.79,49.62,49.6,,49.99,,,652
BBS Yearbook of Agricultural Statistics of Bangladesh 2025,10.4,retail,2025,270,Vushi Rice Kura,Vushi Rice Kura,1quintal,Tk per kg,20.78,20.72,20.75,20.98,21.0,21.0,20.94,20.96,20.76,20.97,21.06,,20.9,,,652
BBS Yearbook of Agricultural Statistics of Bangladesh 2025,10.4,retail,2025,271,Lakri Cherai Mango/Others,Lakri Cherai Mango/Others,1quintal,Tk per kg,8.5,8.5,8.44,8.41,9.51,9.51,9.54,9.6,9.57,8.91,8.47,,8.99,,,652
