source,month,district,one_meal_m,one_meal_f,two_meals_m,two_meals_f,three_meals_m,three_meals_f,no_food_m,no_food_f
BBS Yearbook of Agricultural Statistics of Bangladesh 2025,2024-01,Bandarban,650.0,475.0,600.0,450.0,550.0,400.0,657,471.0
BBS Yearbook of Agricultural Statistics of Bangladesh 2025,2024-01,Khagrachhari,450.0,300.0,,,,,494,404.0
BBS Yearbook of Agricultural Statistics of Bangladesh 2025,2024-01,Rangamati,429.0,313.0,313.0,300.0,,,544,380.0
BBS Yearbook of Agricultural Statistics of Bangladesh 2025,2024-01,Chittagong,681.0,450.0,576.0,430.0,525.0,350.0,727,475.0
BBS Yearbook of Agricultural Statistics of Bangladesh 2025,2024-01,Cox's Bazar,769.0,400.0,704.0,365.0,713.0,,821,475.0
BBS Yearbook of Agricultural Statistics of Bangladesh 2025,2024-01,Comilla,579.0,357.0,494.0,350.0,414.0,317.0,665,417.0
BBS Yearbook of Agricultural Statistics of Bangladesh 2025,2024-01,Chandpur,,,,,,,600,
BBS Yearbook of Agricultural Statistics of Bangladesh 2025,2024-01,Brahamanbaria,533.0,433.0,500.0,400.0,450.0,350.0,583,510.0
BBS Yearbook of Agricultural Statistics of Bangladesh 2025,2024-01,Noakhali,633.0,,600.0,,525.0,,713,
BBS Yearbook of Agricultural Statistics of Bangladesh 2025,2024-01,Lakshmipur,,,,,,,460,
BBS Yearbook of Agricultural Statistics of Bangladesh 2025,2024-01,Feni,650.0,,,,,,700,
BBS Yearbook of Agricultural Statistics of Bangladesh 2025,2024-01,Sylhet,464.0,350.0,414.0,,375.0,,505,400.0
BBS Yearbook of Agricultural Statistics of Bangladesh 2025,2024-01,Maulvibazar,471.0,396.0,450.0,350.0,,,515,421.0
BBS Yearbook of Agricultural Statistics of Bangladesh 2025,2024-01,Sunamganj,475.0,359.0,,,,,522,401.0
BBS Yearbook of Agricultural Statistics of Bangladesh 2025,2024-01,Habiganj,483.0,375.0,,,,,481,420.0
BBS Yearbook of Agricultural Statistics of Bangladesh 2025,2024-01,Dhaka,559.0,450.0,572.0,400.0,585.0,350.0,566,550.0
BBS Yearbook of Agricultural Statistics of Bangladesh 2025,2024-01,Gazipur,638.0,500.0,,,531.0,405.0,710,555.0
BBS Yearbook of Agricultural Statistics of Bangladesh 2025,2024-01,Manikganj,550.0,500.0,525.0,450.0,471.0,400.0,613,525.0
BBS Yearbook of Agricultural Statistics of Bangladesh 2025,2024-01,Munshiganj,600.0,,,,541.0,,600,400.0
BBS Yearbook of Agricultural Statistics of Bangladesh 2025,2024-01,Narayanganj,,,,,,,472,433.0
BBS Yearbook of Agricultural Statistics of Bangladesh 2025,2024-01,Narsingdi,,,560.0,447.0,552.0,,574,
BBS Yearbook of Agricultural Statistics of Bangladesh 2025,2024-01,Faridpur,559.0,,,,500.0,,599,
BBS Yearbook of Agricultural Statistics of Bangladesh 2025,2024-01,Rajbari,538.0,,483.0,,,,580,
BBS Yearbook of Agricultural Statistics of Bangladesh 2025,2024-01,Madaripur,450.0,400.0,,,500.0,,514,414.0
BBS Yearbook of Agricultural Statistics of Bangladesh 2025,2024-01,Gopalganj,450.0,,,,400.0,350.0,513,400.0
BBS Yearbook of Agricultural Statistics of Bangladesh 2025,2024-01,Shariatpur,625.0,363.0,,,600.0,,683,420.0
BBS Yearbook of Agricultural Statistics of Bangladesh 2025,2024-01,Tangail,610.0,440.0,554.0,390.0,512.0,340.0,645,495.0
BBS Yearbook of Agricultural Statistics of Bangladesh 2025,2024-01,Kishoreganj,473.0,,531.0,,575.0,,572,
BBS Yearbook of Agricultural Statistics of Bangladesh 2025,2024-01,Mymensingh,555.0,400.0,519.0,442.0,472.0,350.0,595,412.0
BBS Yearbook of Agricultural Statistics of Bangladesh 2025,2024-01,Jamalpur,510.0,,480.0,,465.0,,575,
BBS Yearbook of Agricultural Statistics of Bangladesh 2025,2024-01,Sherpur,536.0,350.0,506.0,300.0,500.0,,570,400.0
BBS Yearbook of Agricultural Statistics of Bangladesh 2025,2024-01,Netrakona,568.0,405.0,549.0,400.0,520.0,360.0,614,412.0
BBS Yearbook of Agricultural Statistics of Bangladesh 2025,2024-01,Barisal,579.0,,600.0,,,,607,
BBS Yearbook of Agricultural Statistics of Bangladesh 2025,2024-01,Jhalokati,597.0,,,,,,675,
BBS Yearbook of Agricultural Statistics of Bangladesh 2025,2024-01,Pirojpur,595.0,,584.0,,,,664,450.0
BBS Yearbook of Agricultural Statistics of Bangladesh 2025,2024-01,Bhola,554.0,,523.0,,,,652,
BBS Yearbook of Agricultural Statistics of Bangladesh 2025,2024-01,Patuakhali,605.0,,554.0,,,,654,
BBS Yearbook of Agricultural Statistics of Bangladesh 2025,2024-01,Barguna,595.0,450.0,560.0,,,,650,500.0
BBS Yearbook of Agricultural Statistics of Bangladesh 2025,2024-01,Jessore,,,,,,,439,302.0
BBS Yearbook of Agricultural Statistics of Bangladesh 2025,2024-01,Jhenaidah,425.0,309.0,447.0,325.0,431.0,,454,332.0
BBS Yearbook of Agricultural Statistics of Bangladesh 2025,2024-01,Magura,499.0,,472.0,,377.0,,527,
BBS Yearbook of Agricultural Statistics of Bangladesh 2025,2024-01,Narail,408.0,230.0,,,,,452,266.0
BBS Yearbook of Agricultural Statistics of Bangladesh 2025,2024-01,Khulna,560.0,420.0,585.0,400.0,634.0,300.0,591,397.0
BBS Yearbook of Agricultural Statistics of Bangladesh 2025,2024-01,Bagerhat,600.0,,595.0,,500.0,,574,367.0
BBS Yearbook of Agricultural Statistics of Bangladesh 2025,2024-01,Satkhira,,,,,,,462,320.0
BBS Yearbook of Agricultural Statistics of Bangladesh 2025,2024-01,Kushtia,508.0,,,,,,519,
BBS Yearbook of Agricultural Statistics of Bangladesh 2025,2024-01,Chuadanga,366.0,,,,,,412,
BBS Yearbook of Agricultural Statistics of Bangladesh 2025,2024-01,Meherpur,417.0,,,,,,467,
BBS Yearbook of Agricultural Statistics of Bangladesh 2025,2024-01,Rajshahi,503.0,418.0,497.0,392.0,,,536,434.0
BBS Yearbook of Agricultural Statistics of Bangladesh 2025,2024-01,Naogaon,462.0,372.0,,,,,507,410.0
BBS Yearbook of Agricultural Statistics of Bangladesh 2025,2024-01,Natore,398.0,308.0,450.0,350.0,,,455,336.0
BBS Yearbook of Agricultural Statistics of Bangladesh 2025,2024-01,Nawabganj,,,450.0,,,,480,350.0
BBS Yearbook of Agricultural Statistics of Bangladesh 2025,2024-01,Bogra,460.0,,443.0,,400.0,,504,300.0
BBS Yearbook of Agricultural Statistics of Bangladesh 2025,2024-01,Joypurhat,669.0,344.0,622.0,328.0,581.0,,695,372.0
BBS Yearbook of Agricultural Statistics of Bangladesh 2025,2024-01,Pabna,650.0,,,,,,597,350.0
BBS Yearbook of Agricultural Statistics of Bangladesh 2025,2024-01,Sirajganj,,,550.0,,,,485,313.0
BBS Yearbook of Agricultural Statistics of Bangladesh 2025,2024-01,Rangpur,460.0,333.0,,,,,485,352.0
BBS Yearbook of Agricultural Statistics of Bangladesh 2025,2024-01,Gaibandha,,,,,,,400,300.0
BBS Yearbook of Agricultural Statistics of Bangladesh 2025,2024-01,Kurigram,378.0,250.0,,,,,429,275.0
BBS Yearbook of Agricultural Statistics of Bangladesh 2025,2024-01,Nilphamari,477.0,293.0,,,,,498,313.0
BBS Yearbook of Agricultural Statistics of Bangladesh 2025,2024-01,Lalmonirhat,460.0,290.0,420.0,280.0,,,500,320.0
BBS Yearbook of Agricultural Statistics of Bangladesh 2025,2024-01,Dinajpur,453.0,356.0,,,,,491,392.0
BBS Yearbook of Agricultural Statistics of Bangladesh 2025,2024-01,Thakurgaon,400.0,300.0,,,,,450,340.0
BBS Yearbook of Agricultural Statistics of Bangladesh 2025,2024-01,Panchagarh,454.0,330.0,,,,,484,360.0
BBS Yearbook of Agricultural Statistics of Bangladesh 2025,2024-02,Bandarban,633.0,433.0,583.0,375.0,533.0,325.0,664,479.0
BBS Yearbook of Agricultural Statistics of Bangladesh 2025,2024-02,Khagrachhari,450.0,300.0,,,,,494,404.0
BBS Yearbook of Agricultural Statistics of Bangladesh 2025,2024-02,Rangamati,369.0,281.0,313.0,231.0,,,539,369.0
BBS Yearbook of Agricultural Statistics of Bangladesh 2025,2024-02,Chittagong,630.0,410.0,586.0,380.0,529.0,325.0,712,450.0
BBS Yearbook of Agricultural Statistics of Bangladesh 2025,2024-02,Cox's Bazar,769.0,400.0,704.0,365.0,713.0,,821,475.0
BBS Yearbook of Agricultural Statistics of Bangladesh 2025,2024-02,Comilla,552.0,350.0,543.0,400.0,457.0,300.0,603,402.0
BBS Yearbook of Agricultural Statistics of Bangladesh 2025,2024-02,Chandpur,,,,,,,600,
BBS Yearbook of Agricultural Statistics of Bangladesh 2025,2024-02,Brahamanbaria,492.0,417.0,450.0,350.0,400.0,,558,488.0
BBS Yearbook of Agricultural Statistics of Bangladesh 2025,2024-02,Noakhali,633.0,,600.0,,525.0,,712,
BBS Yearbook of Agricultural Statistics of Bangladesh 2025,2024-02,Lakshmipur,,,,,,,460,
BBS Yearbook of Agricultural Statistics of Bangladesh 2025,2024-02,Feni,650.0,,,,,,700,
BBS Yearbook of Agricultural Statistics of Bangladesh 2025,2024-02,Sylhet,464.0,350.0,414.0,,375.0,,505,400.0
BBS Yearbook of Agricultural Statistics of Bangladesh 2025,2024-02,Maulvibazar,471.0,396.0,400.0,376.0,,,506,409.0
BBS Yearbook of Agricultural Statistics of Bangladesh 2025,2024-02,Sunamganj,474.0,361.0,,,,,521,400.0
BBS Yearbook of Agricultural Statistics of Bangladesh 2025,2024-02,Habiganj,488.0,375.0,,,,,499,450.0
BBS Yearbook of Agricultural Statistics of Bangladesh 2025,2024-02,Dhaka,537.0,450.0,553.0,400.0,565.0,350.0,631,550.0
BBS Yearbook of Agricultural Statistics of Bangladesh 2025,2024-02,Gazipur,638.0,500.0,,,519.0,431.0,700,545.0
BBS Yearbook of Agricultural Statistics of Bangladesh 2025,2024-02,Manikganj,550.0,450.0,531.0,400.0,502.0,350.0,607,488.0
BBS Yearbook of Agricultural Statistics of Bangladesh 2025,2024-02,Munshiganj,500.0,,,,548.0,450.0,636,500.0
BBS Yearbook of Agricultural Statistics of Bangladesh 2025,2024-02,Narayanganj,665.0,580.0,615.0,528.0,550.0,400.0,697,592.0
BBS Yearbook of Agricultural Statistics of Bangladesh 2025,2024-02,Narsingdi,,350.0,531.0,,558.0,,576,
BBS Yearbook of Agricultural Statistics of Bangladesh 2025,2024-02,Faridpur,574.0,,,,500.0,,623,300.0
BBS Yearbook of Agricultural Statistics of Bangladesh 2025,2024-02,Rajbari,538.0,450.0,525.0,,,,614,
BBS Yearbook of Agricultural Statistics of Bangladesh 2025,2024-02,Madaripur,462.0,438.0,,,500.0,,532,418.0
BBS Yearbook of Agricultural Statistics of Bangladesh 2025,2024-02,Gopalganj,500.0,,,,425.0,350.0,499,367.0
BBS Yearbook of Agricultural Statistics of Bangladesh 2025,2024-02,Shariatpur,605.0,363.0,,,600.0,,667,420.0
BBS Yearbook of Agricultural Statistics of Bangladesh 2025,2024-02,Tangail,600.0,430.0,528.0,380.0,496.0,330.0,623,443.0
BBS Yearbook of Agricultural Statistics of Bangladesh 2025,2024-02,Kishoreganj,474.0,,534.0,,578.0,,578,
BBS Yearbook of Agricultural Statistics of Bangladesh 2025,2024-02,Mymensingh,551.0,476.0,510.0,443.0,405.0,426.0,589,528.0
BBS Yearbook of Agricultural Statistics of Bangladesh 2025,2024-02,Jamalpur,520.0,,505.0,,480.0,,585,
BBS Yearbook of Agricultural Statistics of Bangladesh 2025,2024-02,Sherpur,542.0,350.0,502.0,300.0,500.0,,570,400.0
BBS Yearbook of Agricultural Statistics of Bangladesh 2025,2024-02,Netrakona,564.0,488.0,547.0,440.0,510.0,420.0,608,553.0
BBS Yearbook of Agricultural Statistics of Bangladesh 2025,2024-02,Barisal,583.0,,600.0,,,,607,
BBS Yearbook of Agricultural Statistics of Bangladesh 2025,2024-02,Jhalokati,593.0,,,,,,673,
BBS Yearbook of Agricultural Statistics of Bangladesh 2025,2024-02,Pirojpur,588.0,,568.0,,,,640,400.0
BBS Yearbook of Agricultural Statistics of Bangladesh 2025,2024-02,Bhola,552.0,,523.0,,,,650,
BBS Yearbook of Agricultural Statistics of Bangladesh 2025,2024-02,Patuakhali,593.0,,,,,,673,
BBS Yearbook of Agricultural Statistics of Bangladesh 2025,2024-02,Barguna,600.0,450.0,570.0,,,,640,500.0
BBS Yearbook of Agricultural Statistics of Bangladesh 2025,2024-02,Jhenaidah,414.0,300.0,434.0,290.0,415.0,,438,325.0
BBS Yearbook of Agricultural Statistics of Bangladesh 2025,2024-02,Magura,449.0,320.0,414.0,280.0,375.0,230.0,486,370.0
BBS Yearbook of Agricultural Statistics of Bangladesh 2025,2024-02,Narail,407.0,332.0,,,,,449,361.0
BBS Yearbook of Agricultural Statistics of Bangladesh 2025,2024-02,Khulna,450.0,380.0,430.0,,400.0,350.0,542,391.0
BBS Yearbook of Agricultural Statistics of Bangladesh 2025,2024-02,Bagerhat,600.0,,595.0,,500.0,,574,367.0
BBS Yearbook of Agricultural Statistics of Bangladesh 2025,2024-02,Satkhira,,,,,,,425,307.0
BBS Yearbook of Agricultural Statistics of Bangladesh 2025,2024-02,Kushtia,550.0,,,,,,556,
BBS Yearbook of Agricultural Statistics of Bangladesh 2025,2024-02,Chuadanga,367.0,,,,,,413,
BBS Yearbook of Agricultural Statistics of Bangladesh 2025,2024-02,Meherpur,467.0,,,,,,517,
BBS Yearbook of Agricultural Statistics of Bangladesh 2025,2024-02,Rajshahi,505.0,420.0,495.0,384.0,,,543,434.0
BBS Yearbook of Agricultural Statistics of Bangladesh 2025,2024-02,Naogaon,465.0,365.0,,,,,509,410.0
BBS Yearbook of Agricultural Statistics of Bangladesh 2025,2024-02,Natore,398.0,308.0,433.0,300.0,,,438,310.0
BBS Yearbook of Agricultural Statistics of Bangladesh 2025,2024-02,Nawabganj,,,450.0,300.0,,,450,350.0
BBS Yearbook of Agricultural Statistics of Bangladesh 2025,2024-02,Bogra,469.0,,456.0,,350.0,,521,300.0
BBS Yearbook of Agricultural Statistics of Bangladesh 2025,2024-02,Joypurhat,671.0,371.0,624.0,362.0,586.0,,696,400.0
BBS Yearbook of Agricultural Statistics of Bangladesh 2025,2024-02,Pabna,650.0,,,,,,604,350.0
BBS Yearbook of Agricultural Statistics of Bangladesh 2025,2024-02,Sirajganj,,,490.0,,,,488,350.0
BBS Yearbook of Agricultural Statistics of Bangladesh 2025,2024-02,Rangpur,400.0,300.0,,,,,491,346.0
BBS Yearbook of Agricultural Statistics of Bangladesh 2025,2024-02,Gaibandha,,,,,,,436,338.0
BBS Yearbook of Agricultural Statistics of Bangladesh 2025,2024-02,Kurigram,363.0,258.0,,,,,439,286.0
BBS Yearbook of Agricultural Statistics of Bangladesh 2025,2024-02,Nilphamari,467.0,277.0,,,,,483,293.0
BBS Yearbook of Agricultural Statistics of Bangladesh 2025,2024-02,Lalmonirhat,450.0,300.0,400.0,275.0,,,500,350.0
BBS Yearbook of Agricultural Statistics of Bangladesh 2025,2024-02,Dinajpur,453.0,363.0,,,,,493,403.0
BBS Yearbook of Agricultural Statistics of Bangladesh 2025,2024-02,Thakurgaon,416.0,333.0,,,,,470,360.0
BBS Yearbook of Agricultural Statistics of Bangladesh 2025,2024-02,Panchagarh,455.0,331.0,,,,,485,361.0
BBS Yearbook of Agricultural Statistics of Bangladesh 2025,2024-03,Bandarban,633.0,433.0,583.0,375.0,533.0,325.0,664,479.0
BBS Yearbook of Agricultural Statistics of Bangladesh 2025,2024-03,Khagrachhari,450.0,300.0,,,,,494,404.0
BBS Yearbook of Agricultural Statistics of Bangladesh 2025,2024-03,Rangamati,369.0,281.0,313.0,231.0,,,539,369.0
BBS Yearbook of Agricultural Statistics of Bangladesh 2025,2024-03,Chittagong,630.0,410.0,586.0,380.0,529.0,325.0,712,450.0
BBS Yearbook of Agricultural Statistics of Bangladesh 2025,2024-03,Cox's Bazar,769.0,400.0,704.0,365.0,713.0,,821,475.0
BBS Yearbook of Agricultural Statistics of Bangladesh 2025,2024-03,Comilla,552.0,350.0,543.0,400.0,457.0,300.0,603,402.0
BBS Yearbook of Agricultural Statistics of Bangladesh 2025,2024-03,Chandpur,,,,,,,600,
BBS Yearbook of Agricultural Statistics of Bangladesh 2025,2024-03,Brahamanbaria,492.0,417.0,450.0,350.0,400.0,,558,488.0
BBS Yearbook of Agricultural Statistics of Bangladesh 2025,2024-03,Noakhali,633.0,,600.0,,525.0,,712,
BBS Yearbook of Agricultural Statistics of Bangladesh 2025,2024-03,Lakshmipur,,,,,,,460,
BBS Yearbook of Agricultural Statistics of Bangladesh 2025,2024-03,Feni,650.0,,,,,,700,
BBS Yearbook of Agricultural Statistics of Bangladesh 2025,2024-03,Sylhet,471.0,375.0,414.0,,400.0,,515,450.0
BBS Yearbook of Agricultural Statistics of Bangladesh 2025,2024-03,Maulvibazar,523.0,420.0,460.0,376.0,,,542,430.0
BBS Yearbook of Agricultural Statistics of Bangladesh 2025,2024-03,Sunamganj,491.0,362.0,,,,,532,400.0
BBS Yearbook of Agricultural Statistics of Bangladesh 2025,2024-03,Habiganj,588.0,475.0,,,,,600,471.0
BBS Yearbook of Agricultural Statistics of Bangladesh 2025,2024-03,Dhaka,730.0,450.0,670.0,450.0,590.0,400.0,740,600.0
BBS Yearbook of Agricultural Statistics of Bangladesh 2025,2024-03,Gazipur,638.0,500.0,,,531.0,444.0,710,575.0
BBS Yearbook of Agricultural Statistics of Bangladesh 2025,2024-03,Manikganj,550.0,450.0,531.0,400.0,500.0,350.0,606,488.0
BBS Yearbook of Agricultural Statistics of Bangladesh 2025,2024-03,Munshiganj,550.0,350.0,,,541.0,400.0,608,450.0
BBS Yearbook of Agricultural Statistics of Bangladesh 2025,2024-03,Narayanganj,675.0,570.0,615.0,533.0,550.0,400.0,696,584.0
BBS Yearbook of Agricultural Statistics of Bangladesh 2025,2024-03,Narsingdi,,,639.0,500.0,600.0,,720,
BBS Yearbook of Agricultural Statistics of Bangladesh 2025,2024-03,Faridpur,550.0,,,,,,607,290.0
BBS Yearbook of Agricultural Statistics of Bangladesh 2025,2024-03,Rajbari,567.0,,310.0,,,,595,
BBS Yearbook of Agricultural Statistics of Bangladesh 2025,2024-03,Madaripur,546.0,463.0,,,550.0,,601,535.0
BBS Yearbook of Agricultural Statistics of Bangladesh 2025,2024-03,Gopalganj,550.0,,,,592.0,500.0,755,650.0
BBS Yearbook of Agricultural Statistics of Bangladesh 2025,2024-03,Shariatpur,605.0,363.0,,,600.0,,667,420.0
BBS Yearbook of Agricultural Statistics of Bangladesh 2025,2024-03,Tangail,610.0,440.0,633.0,390.0,468.0,340.0,699,480.0
BBS Yearbook of Agricultural Statistics of Bangladesh 2025,2024-03,Kishoreganj,808.0,,805.0,,831.0,,874,
BBS Yearbook of Agricultural Statistics of Bangladesh 2025,2024-03,Mymensingh,588.0,506.0,575.0,454.0,532.0,440.0,666,542.0
BBS Yearbook of Agricultural Statistics of Bangladesh 2025,2024-03,Jamalpur,590.0,,550.0,,530.0,,650,
BBS Yearbook of Agricultural Statistics of Bangladesh 2025,2024-03,Sherpur,642.0,400.0,600.0,375.0,600.0,,700,450.0
BBS Yearbook of Agricultural Statistics of Bangladesh 2025,2024-03,Netrakona,655.0,525.0,626.0,508.0,575.0,400.0,699,568.0
BBS Yearbook of Agricultural Statistics of Bangladesh 2025,2024-03,Jhalokati,566.0,,,,,,645,
BBS Yearbook of Agricultural Statistics of Bangladesh 2025,2024-03,Pirojpur,575.0,,561.0,,,,634,370.0
BBS Yearbook of Agricultural Statistics of Bangladesh 2025,2024-03,Bhola,550.0,,522.0,,,,649,
BBS Yearbook of Agricultural Statistics of Bangladesh 2025,2024-03,Patuakhali,608.0,,556.0,,,,664,
BBS Yearbook of Agricultural Statistics of Bangladesh 2025,2024-03,Barguna,595.0,450.0,560.0,,,,640,500.0
BBS Yearbook of Agricultural Statistics of Bangladesh 2025,2024-03,Jessore,,,,,,,381,303.0
BBS Yearbook of Agricultural Statistics of Bangladesh 2025,2024-03,Jhenaidah,419.0,375.0,409.0,,402.0,,434,392.0
BBS Yearbook of Agricultural Statistics of Bangladesh 2025,2024-03,Magura,447.0,380.0,425.0,360.0,400.0,350.0,468,400.0
BBS Yearbook of Agricultural Statistics of Bangladesh 2025,2024-03,Narail,425.0,346.0,,,,,457,375.0
BBS Yearbook of Agricultural Statistics of Bangladesh 2025,2024-03,Khulna,580.0,420.0,545.0,400.0,530.0,352.0,600,452.0
BBS Yearbook of Agricultural Statistics of Bangladesh 2025,2024-03,Bagerhat,600.0,,558.0,,,,571,410.0
BBS Yearbook of Agricultural Statistics of Bangladesh 2025,2024-03,Satkhira,,,,,,,428,299.0
BBS Yearbook of Agricultural Statistics of Bangladesh 2025,2024-03,Kushtia,553.0,,,,,,560,
BBS Yearbook of Agricultural Statistics of Bangladesh 2025,2024-03,Chuadanga,375.0,,,,,,425,
BBS Yearbook of Agricultural Statistics of Bangladesh 2025,2024-03,Meherpur,467.0,,,,,,517,
BBS Yearbook of Agricultural Statistics of Bangladesh 2025,2024-03,Rajshahi,517.0,420.0,496.0,392.0,,,544,439.0
BBS Yearbook of Agricultural Statistics of Bangladesh 2025,2024-03,Naogaon,467.0,367.0,,,,,512,412.0
BBS Yearbook of Agricultural Statistics of Bangladesh 2025,2024-03,Natore,398.0,308.0,433.0,300.0,,,438,310.0
BBS Yearbook of Agricultural Statistics of Bangladesh 2025,2024-03,Nawabganj,,,450.0,300.0,,,440,350.0
BBS Yearbook of Agricultural Statistics of Bangladesh 2025,2024-03,Bogra,452.0,,434.0,,413.0,,511,325.0
BBS Yearbook of Agricultural Statistics of Bangladesh 2025,2024-03,Joypurhat,658.0,362.0,612.0,326.0,574.0,,683,380.0
BBS Yearbook of Agricultural Statistics of Bangladesh 2025,2024-03,Pabna,667.0,,,,,,680,350.0
BBS Yearbook of Agricultural Statistics of Bangladesh 2025,2024-03,Sirajganj,,,500.0,,,,464,375.0
BBS Yearbook of Agricultural Statistics of Bangladesh 2025,2024-03,Rangpur,416.0,300.0,,,,,484,336.0
BBS Yearbook of Agricultural Statistics of Bangladesh 2025,2024-03,Gaibandha,,,,,,,399,283.0
BBS Yearbook of Agricultural Statistics of Bangladesh 2025,2024-03,Kurigram,377.0,241.0,,,,,418,269.0
BBS Yearbook of Agricultural Statistics of Bangladesh 2025,2024-03,Nilphamari,467.0,277.0,,,,,485,292.0
BBS Yearbook of Agricultural Statistics of Bangladesh 2025,2024-03,Lalmonirhat,450.0,290.0,422.0,350.0,,,500,340.0
BBS Yearbook of Agricultural Statistics of Bangladesh 2025,2024-03,Dinajpur,428.0,342.0,,,,,480,388.0
BBS Yearbook of Agricultural Statistics of Bangladesh 2025,2024-03,Thakurgaon,410.0,323.0,,,,,446,340.0
BBS Yearbook of Agricultural Statistics of Bangladesh 2025,2024-03,Panchagarh,456.0,331.0,,,,,486,361.0
BBS Yearbook of Agricultural Statistics of Bangladesh 2025,2024-04,Bandarban,650.0,450.0,600.0,400.0,575.0,350.0,650,436.0
BBS Yearbook of Agricultural Statistics of Bangladesh 2025,2024-04,Khagrachhari,450.0,300.0,,,,,494,404.0
BBS Yearbook of Agricultural Statistics of Bangladesh 2025,2024-04,Rangamati,438.0,313.0,400.0,300.0,,,513,357.0
BBS Yearbook of Agricultural Statistics of Bangladesh 2025,2024-04,Chittagong,638.0,,568.0,,533.0,,733,450.0
BBS Yearbook of Agricultural Statistics of Bangladesh 2025,2024-04,Cox's Bazar,856.0,467.0,775.0,440.0,750.0,,906,500.0
BBS Yearbook of Agricultural Statistics of Bangladesh 2025,2024-04,Comilla,628.0,350.0,557.0,400.0,460.0,300.0,641,408.0
BBS Yearbook of Agricultural Statistics of Bangladesh 2025,2024-04,Chandpur,,,,,,,600,
BBS Yearbook of Agricultural Statistics of Bangladesh 2025,2024-04,Brahamanbaria,492.0,417.0,450.0,350.0,400.0,,558,488.0
BBS Yearbook of Agricultural Statistics of Bangladesh 2025,2024-04,Noakhali,633.0,,600.0,,525.0,,712,
BBS Yearbook of Agricultural Statistics of Bangladesh 2025,2024-04,Lakshmipur,,,,,,,480,
BBS Yearbook of Agricultural Statistics of Bangladesh 2025,2024-04,Feni,650.0,,,,,,700,
BBS Yearbook of Agricultural Statistics of Bangladesh 2025,2024-04,Sylhet,471.0,375.0,414.0,,375.0,,515,450.0
BBS Yearbook of Agricultural Statistics of Bangladesh 2025,2024-04,Maulvibazar,523.0,420.0,400.0,376.0,,,542,430.0
BBS Yearbook of Agricultural Statistics of Bangladesh 2025,2024-04,Sunamganj,480.0,355.0,,,,,524,392.0
BBS Yearbook of Agricultural Statistics of Bangladesh 2025,2024-04,Habiganj,538.0,400.0,,,,,567,600.0
BBS Yearbook of Agricultural Statistics of Bangladesh 2025,2024-04,Dhaka,730.0,450.0,670.0,450.0,590.0,400.0,740,600.0
BBS Yearbook of Agricultural Statistics of Bangladesh 2025,2024-04,Gazipur,750.0,650.0,,,725.0,600.0,830,700.0
BBS Yearbook of Agricultural Statistics of Bangladesh 2025,2024-04,Manikganj,750.0,550.0,684.0,517.0,650.0,400.0,785,625.0
BBS Yearbook of Agricultural Statistics of Bangladesh 2025,2024-04,Munshiganj,,,,,530.0,,611,375.0
BBS Yearbook of Agricultural Statistics of Bangladesh 2025,2024-04,Narayanganj,675.0,570.0,615.0,533.0,550.0,500.0,688,589.0
BBS Yearbook of Agricultural Statistics of Bangladesh 2025,2024-04,Narsingdi,,,760.0,469.0,786.0,509.0,847,
BBS Yearbook of Agricultural Statistics of Bangladesh 2025,2024-04,Faridpur,544.0,,,,,,611,300.0
BBS Yearbook of Agricultural Statistics of Bangladesh 2025,2024-04,Rajbari,550.0,,507.0,,,,606,
BBS Yearbook of Agricultural Statistics of Bangladesh 2025,2024-04,Madaripur,454.0,436.0,450.0,,450.0,,567,424.0
BBS Yearbook of Agricultural Statistics of Bangladesh 2025,2024-04,Shariatpur,595.0,363.0,,,600.0,,658,420.0
BBS Yearbook of Agricultural Statistics of Bangladesh 2025,2024-04,Tangail,810.0,640.0,675.0,590.0,650.0,540.0,776,513.0
BBS Yearbook of Agricultural Statistics of Bangladesh 2025,2024-04,Kishoreganj,645.0,,625.0,,600.0,,692,
BBS Yearbook of Agricultural Statistics of Bangladesh 2025,2024-04,Mymensingh,570.0,496.0,556.0,462.0,528.0,435.0,635,528.0
BBS Yearbook of Agricultural Statistics of Bangladesh 2025,2024-04,Jamalpur,580.0,,540.0,,510.0,,660,
BBS Yearbook of Agricultural Statistics of Bangladesh 2025,2024-04,Sherpur,724.0,400.0,692.0,350.0,650.0,,740,450.0
BBS Yearbook of Agricultural Statistics of Bangladesh 2025,2024-04,Netrakona,638.0,525.0,609.0,520.0,575.0,400.0,679,550.0
BBS Yearbook of Agricultural Statistics of Bangladesh 2025,2024-04,Barisal,583.0,,600.0,,,,610,
BBS Yearbook of Agricultural Statistics of Bangladesh 2025,2024-04,Jhalokati,586.0,,,,,,669,
BBS Yearbook of Agricultural Statistics of Bangladesh 2025,2024-04,Pirojpur,625.0,,581.0,,,,668,400.0
BBS Yearbook of Agricultural Statistics of Bangladesh 2025,2024-04,Bhola,552.0,,523.0,,,,650,
BBS Yearbook of Agricultural Statistics of Bangladesh 2025,2024-04,Patuakhali,608.0,,556.0,,,,663,
BBS Yearbook of Agricultural Statistics of Bangladesh 2025,2024-04,Barguna,595.0,450.0,560.0,,,,640,500.0
BBS Yearbook of Agricultural Statistics of Bangladesh 2025,2024-04,Jessore,600.0,400.0,,,,,593,425.0
BBS Yearbook of Agricultural Statistics of Bangladesh 2025,2024-04,Jhenaidah,478.0,332.0,485.0,,476.0,,504,354.0
BBS Yearbook of Agricultural Statistics of Bangladesh 2025,2024-04,Magura,613.0,380.0,570.0,370.0,560.0,350.0,650,400.0
BBS Yearbook of Agricultural Statistics of Bangladesh 2025,2024-04,Narail,493.0,311.0,,,,,536,345.0
BBS Yearbook of Agricultural Statistics of Bangladesh 2025,2024-04,Khulna,565.0,425.0,545.0,415.0,532.0,400.0,690,482.0
BBS Yearbook of Agricultural Statistics of Bangladesh 2025,2024-04,Bagerhat,,,630.0,500.0,600.0,375.0,670,512.0
BBS Yearbook of Agricultural Statistics of Bangladesh 2025,2024-04,Satkhira,,,,,,,480,354.0
BBS Yearbook of Agricultural Statistics of Bangladesh 2025,2024-04,Kushtia,553.0,,,,,,560,
BBS Yearbook of Agricultural Statistics of Bangladesh 2025,2024-04,Chuadanga,375.0,,,,,,425,
BBS Yearbook of Agricultural Statistics of Bangladesh 2025,2024-04,Meherpur,433.0,,,,,,483,
BBS Yearbook of Agricultural Statistics of Bangladesh 2025,2024-04,Rajshahi,503.0,418.0,505.0,405.0,,,553,430.0
BBS Yearbook of Agricultural Statistics of Bangladesh 2025,2024-04,Naogaon,487.0,387.0,,,,,525,425.0
BBS Yearbook of Agricultural Statistics of Bangladesh 2025,2024-04,Natore,433.0,308.0,398.0,300.0,,,438,310.0
BBS Yearbook of Agricultural Statistics of Bangladesh 2025,2024-04,Nawabganj,,,440.0,350.0,,,500,325.0
BBS Yearbook of Agricultural Statistics of Bangladesh 2025,2024-04,Bogra,488.0,,448.0,,385.0,,519,325.0
BBS Yearbook of Agricultural Statistics of Bangladesh 2025,2024-04,Joypurhat,635.0,372.0,592.0,335.0,,,655,390.0
BBS Yearbook of Agricultural Statistics of Bangladesh 2025,2024-04,Pabna,650.0,,,,,,589,300.0
BBS Yearbook of Agricultural Statistics of Bangladesh 2025,2024-04,Sirajganj,,,500.0,,,,517,492.0
BBS Yearbook of Agricultural Statistics of Bangladesh 2025,2024-04,Rangpur,400.0,300.0,,,,,473,330.0
BBS Yearbook of Agricultural Statistics of Bangladesh 2025,2024-04,Gaibandha,,,,,,,439,283.0
BBS Yearbook of Agricultural Statistics of Bangladesh 2025,2024-04,Kurigram,387.0,250.0,,,,,414,275.0
BBS Yearbook of Agricultural Statistics of Bangladesh 2025,2024-04,Nilphamari,483.0,300.0,,,,,510,327.0
BBS Yearbook of Agricultural Statistics of Bangladesh 2025,2024-04,Lalmonirhat,460.0,320.0,415.0,300.0,,,498,328.0
BBS Yearbook of Agricultural Statistics of Bangladesh 2025,2024-04,Dinajpur,445.0,367.0,,,,,488,402.0
BBS Yearbook of Agricultural Statistics of Bangladesh 2025,2024-04,Thakurgaon,417.0,353.0,,,,,430,350.0
BBS Yearbook of Agricultural Statistics of Bangladesh 2025,2024-04,Panchagarh,448.0,328.0,,,,,480,360.0
BBS Yearbook of Agricultural Statistics of Bangladesh 2025,2024-05,Bandarban,667.0,467.0,617.0,425.0,600.0,375.0,671,479.0
BBS Yearbook of Agricultural Statistics of Bangladesh 2025,2024-05,Khagrachhari,450.0,300.0,,,,,494,404.0
BBS Yearbook of Agricultural Statistics of Bangladesh 2025,2024-05,Rangamati,438.0,313.0,413.0,300.0,,,503,360.0
BBS Yearbook of Agricultural Statistics of Bangladesh 2025,2024-05,Chittagong,638.0,,568.0,,533.0,,733,450.0
BBS Yearbook of Agricultural Statistics of Bangladesh 2025,2024-05,Cox's Bazar,856.0,467.0,775.0,440.0,813.0,,906,500.0
BBS Yearbook of Agricultural Statistics of Bangladesh 2025,2024-05,Comilla,628.0,363.0,556.0,425.0,480.0,325.0,646,416.0
BBS Yearbook of Agricultural Statistics of Bangladesh 2025,2024-05,Chandpur,,,,,,,600,
BBS Yearbook of Agricultural Statistics of Bangladesh 2025,2024-05,Brahamanbaria,596.0,500.0,463.0,450.0,445.0,330.0,630,526.0
BBS Yearbook of Agricultural Statistics of Bangladesh 2025,2024-05,Noakhali,633.0,,600.0,,525.0,,712,
BBS Yearbook of Agricultural Statistics of Bangladesh 2025,2024-05,Lakshmipur,,,,,,,490,
BBS Yearbook of Agricultural Statistics of Bangladesh 2025,2024-05,Feni,650.0,,,,,,700,
BBS Yearbook of Agricultural Statistics of Bangladesh 2025,2024-05,Sylhet,471.0,375.0,414.0,,375.0,,515,450.0
BBS Yearbook of Agricultural Statistics of Bangladesh 2025,2024-05,Sunamganj,482.0,355.0,,,,,524,392.0
BBS Yearbook of Agricultural Statistics of Bangladesh 2025,2024-05,Habiganj,513.0,500.0,,,,,556,590.0
BBS Yearbook of Agricultural Statistics of Bangladesh 2025,2024-05,Dhaka,700.0,450.0,670.0,450.0,600.0,400.0,740,600.0
BBS Yearbook of Agricultural Statistics of Bangladesh 2025,2024-05,Gazipur,750.0,550.0,,,700.0,500.0,830,700.0
BBS Yearbook of Agricultural Statistics of Bangladesh 2025,2024-05,Manikganj,775.0,600.0,675.0,500.0,651.0,450.0,786,625.0
BBS Yearbook of Agricultural Statistics of Bangladesh 2025,2024-05,Munshiganj,550.0,,,,507.0,,582,
BBS Yearbook of Agricultural Statistics of Bangladesh 2025,2024-05,Narayanganj,675.0,570.0,613.0,533.0,550.0,505.0,690,586.0
BBS Yearbook of Agricultural Statistics of Bangladesh 2025,2024-05,Narsingdi,,,650.0,375.0,631.0,281.0,695,
BBS Yearbook of Agricultural Statistics of Bangladesh 2025,2024-05,Faridpur,586.0,,,,,,622,300.0
BBS Yearbook of Agricultural Statistics of Bangladesh 2025,2024-05,Rajbari,538.0,,510.0,,,,596,
BBS Yearbook of Agricultural Statistics of Bangladesh 2025,2024-05,Madaripur,548.0,436.0,500.0,,471.0,,650,407.0
BBS Yearbook of Agricultural Statistics of Bangladesh 2025,2024-05,Gopalganj,600.0,,,,550.0,452.0,599,550.0
BBS Yearbook of Agricultural Statistics of Bangladesh 2025,2024-05,Shariatpur,605.0,363.0,,,600.0,,667,420.0
BBS Yearbook of Agricultural Statistics of Bangladesh 2025,2024-05,Tangail,610.0,440.0,591.0,390.0,532.0,340.0,672,447.0
BBS Yearbook of Agricultural Statistics of Bangladesh 2025,2024-05,Kishoreganj,,,529.0,,618.0,,594,
BBS Yearbook of Agricultural Statistics of Bangladesh 2025,2024-05,Mymensingh,550.0,450.0,530.0,420.0,510.0,400.0,610,480.0
BBS Yearbook of Agricultural Statistics of Bangladesh 2025,2024-05,Netrakona,549.0,475.0,534.0,413.0,475.0,400.0,602,530.0
BBS Yearbook of Agricultural Statistics of Bangladesh 2025,2024-05,Barisal,583.0,,600.0,,,,612,
BBS Yearbook of Agricultural Statistics of Bangladesh 2025,2024-05,Jhalokati,585.0,,,,,,663,
BBS Yearbook of Agricultural Statistics of Bangladesh 2025,2024-05,Pirojpur,625.0,,587.0,,,,668,400.0
BBS Yearbook of Agricultural Statistics of Bangladesh 2025,2024-05,Bhola,552.0,,523.0,,,,649,
BBS Yearbook of Agricultural Statistics of Bangladesh 2025,2024-05,Patuakhali,608.0,,556.0,,,,663,
BBS Yearbook of Agricultural Statistics of Bangladesh 2025,2024-05,Barguna,595.0,450.0,560.0,,,,650,500.0
BBS Yearbook of Agricultural Statistics of Bangladesh 2025,2024-05,Jessore,,,,,,,416,324.0
BBS Yearbook of Agricultural Statistics of Bangladesh 2025,2024-05,Jhenaidah,448.0,321.0,469.0,,465.0,,475,341.0
BBS Yearbook of Agricultural Statistics of Bangladesh 2025,2024-05,Magura,542.0,373.0,532.0,353.0,496.0,333.0,595,400.0
BBS Yearbook of Agricultural Statistics of Bangladesh 2025,2024-05,Narail,516.0,344.0,,,,,561,378.0
BBS Yearbook of Agricultural Statistics of Bangladesh 2025,2024-05,Khulna,590.0,440.0,550.0,400.0,530.0,,582,428.0
BBS Yearbook of Agricultural Statistics of Bangladesh 2025,2024-05,Bagerhat,,,549.0,492.0,525.0,400.0,597,500.0
BBS Yearbook of Agricultural Statistics of Bangladesh 2025,2024-05,Satkhira,,,,,,,490,367.0
BBS Yearbook of Agricultural Statistics of Bangladesh 2025,2024-05,Kushtia,550.0,,,,,,560,
BBS Yearbook of Agricultural Statistics of Bangladesh 2025,2024-05,Chuadanga,375.0,,,,,,425,
BBS Yearbook of Agricultural Statistics of Bangladesh 2025,2024-05,Meherpur,433.0,,,,,,483,
BBS Yearbook of Agricultural Statistics of Bangladesh 2025,2024-05,Rajshahi,509.0,427.0,529.0,395.0,,,565,430.0
BBS Yearbook of Agricultural Statistics of Bangladesh 2025,2024-05,Naogaon,546.0,446.0,533.0,430.0,,,576,475.0
BBS Yearbook of Agricultural Statistics of Bangladesh 2025,2024-05,Natore,398.0,308.0,433.0,300.0,,,438,310.0
BBS Yearbook of Agricultural Statistics of Bangladesh 2025,2024-05,Nawabganj,,,,,,,510,419.0
BBS Yearbook of Agricultural Statistics of Bangladesh 2025,2024-05,Bogra,608.0,,535.0,,475.0,,658,450.0
BBS Yearbook of Agricultural Statistics of Bangladesh 2025,2024-05,Joypurhat,715.0,414.0,656.0,363.0,,,781,420.0
BBS Yearbook of Agricultural Statistics of Bangladesh 2025,2024-05,Pabna,700.0,,,,,,639,350.0
BBS Yearbook of Agricultural Statistics of Bangladesh 2025,2024-05,Sirajganj,,,600.0,,,,713,575.0
BBS Yearbook of Agricultural Statistics of Bangladesh 2025,2024-05,Rangpur,433.0,333.0,,,,,523,356.0
BBS Yearbook of Agricultural Statistics of Bangladesh 2025,2024-05,Gaibandha,,,,,,,514,363.0
BBS Yearbook of Agricultural Statistics of Bangladesh 2025,2024-05,Kurigram,423.0,275.0,,,,,488,308.0
BBS Yearbook of Agricultural Statistics of Bangladesh 2025,2024-05,Nilphamari,523.0,343.0,,,,,543,360.0
BBS Yearbook of Agricultural Statistics of Bangladesh 2025,2024-05,Lalmonirhat,453.0,380.0,415.0,360.0,,,491,400.0
BBS Yearbook of Agricultural Statistics of Bangladesh 2025,2024-05,Dinajpur,478.0,400.0,,,,,527,441.0
BBS Yearbook of Agricultural Statistics of Bangladesh 2025,2024-05,Thakurgaon,483.0,400.0,,,,,520,430.0
BBS Yearbook of Agricultural Statistics of Bangladesh 2025,2024-05,Panchagarh,448.0,328.0,,,,,480,360.0
BBS Yearbook of Agricultural Statistics of Bangladesh 2025,2024-06,Bandarban,667.0,467.0,617.0,425.0,600.0,375.0,657,471.0
BBS Yearbook of Agricultural Statistics of Bangladesh 2025,2024-06,Khagrachhari,450.0,300.0,,,,,494,404.0
BBS Yearbook of Agricultural Statistics of Bangladesh 2025,2024-06,Rangamati,438.0,313.0,413.0,300.0,,,513,357.0
BBS Yearbook of Agricultural Statistics of Bangladesh 2025,2024-06,Chittagong,667.0,450.0,618.0,390.0,600.0,375.0,732,492.0
BBS Yearbook of Agricultural Statistics of Bangladesh 2025,2024-06,Cox's Bazar,714.0,425.0,655.0,375.0,520.0,317.0,752,475.0
BBS Yearbook of Agricultural Statistics of Bangladesh 2025,2024-06,Comilla,628.0,425.0,556.0,375.0,500.0,363.0,734,482.0
BBS Yearbook of Agricultural Statistics of Bangladesh 2025,2024-06,Chandpur,,,,,,,600,
BBS Yearbook of Agricultural Statistics of Bangladesh 2025,2024-06,Brahamanbaria,517.0,425.0,450.0,,,,611,488.0
BBS Yearbook of Agricultural Statistics of Bangladesh 2025,2024-06,Noakhali,619.0,,650.0,,600.0,,717,
BBS Yearbook of Agricultural Statistics of Bangladesh 2025,2024-06,Lakshmipur,,,,,,,490,
BBS Yearbook of Agricultural Statistics of Bangladesh 2025,2024-06,Feni,650.0,,,,,,700,
BBS Yearbook of Agricultural Statistics of Bangladesh 2025,2024-06,Sylhet,471.0,350.0,416.0,,375.0,,516,400.0
BBS Yearbook of Agricultural Statistics of Bangladesh 2025,2024-06,Maulvibazar,525.0,416.0,400.0,376.0,,,540,439.0
BBS Yearbook of Agricultural Statistics of Bangladesh 2025,2024-06,Sunamganj,480.0,351.0,,,,,524,388.0
BBS Yearbook of Agricultural Statistics of Bangladesh 2025,2024-06,Habiganj,525.0,450.0,,,,,525,414.0
BBS Yearbook of Agricultural Statistics of Bangladesh 2025,2024-06,Dhaka,655.0,500.0,635.0,450.0,590.0,400.0,690,550.0
BBS Yearbook of Agricultural Statistics of Bangladesh 2025,2024-06,Gazipur,638.0,500.0,,,550.0,463.0,715,560.0
BBS Yearbook of Agricultural Statistics of Bangladesh 2025,2024-06,Manikganj,550.0,425.0,500.0,400.0,470.0,380.0,627,500.0
BBS Yearbook of Agricultural Statistics of Bangladesh 2025,2024-06,Munshiganj,500.0,,,,523.0,,592,550.0
BBS Yearbook of Agricultural Statistics of Bangladesh 2025,2024-06,Narayanganj,650.0,560.0,613.0,533.0,550.0,505.0,675,577.0
BBS Yearbook of Agricultural Statistics of Bangladesh 2025,2024-06,Narsingdi,,,572.0,,581.0,,591,
BBS Yearbook of Agricultural Statistics of Bangladesh 2025,2024-06,Faridpur,605.0,470.0,,,,,650,500.0
BBS Yearbook of Agricultural Statistics of Bangladesh 2025,2024-06,Rajbari,550.0,,533.0,,,,630,
BBS Yearbook of Agricultural Statistics of Bangladesh 2025,2024-06,Madaripur,517.0,419.0,,450.0,400.0,,605,444.0
BBS Yearbook of Agricultural Statistics of Bangladesh 2025,2024-06,Gopalganj,650.0,,,,475.0,350.0,575,400.0
BBS Yearbook of Agricultural Statistics of Bangladesh 2025,2024-06,Shariatpur,625.0,375.0,,,600.0,,679,430.0
BBS Yearbook of Agricultural Statistics of Bangladesh 2025,2024-06,Tangail,570.0,420.0,543.0,370.0,500.0,340.0,622,485.0
BBS Yearbook of Agricultural Statistics of Bangladesh 2025,2024-06,Kishoreganj,,,550.0,,626.0,,619,
BBS Yearbook of Agricultural Statistics of Bangladesh 2025,2024-06,Mymensingh,593.0,500.0,574.0,472.0,512.0,440.0,657,545.0
BBS Yearbook of Agricultural Statistics of Bangladesh 2025,2024-06,Netrakona,554.0,475.0,531.0,425.0,475.0,400.0,607,497.0
BBS Yearbook of Agricultural Statistics of Bangladesh 2025,2024-06,Barisal,583.0,,600.0,,,,612,
BBS Yearbook of Agricultural Statistics of Bangladesh 2025,2024-06,Jhalokati,591.0,,,,,,669,
BBS Yearbook of Agricultural Statistics of Bangladesh 2025,2024-06,Pirojpur,620.0,,581.0,,,,663,400.0
BBS Yearbook of Agricultural Statistics of Bangladesh 2025,2024-06,Bhola,554.0,,525.0,,,,653,
BBS Yearbook of Agricultural Statistics of Bangladesh 2025,2024-06,Patuakhali,608.0,,556.0,,,,664,
BBS Yearbook of Agricultural Statistics of Bangladesh 2025,2024-06,Barguna,600.0,500.0,570.0,,,,640,500.0
BBS Yearbook of Agricultural Statistics of Bangladesh 2025,2024-06,Jessore,,,,,,,383,324.0
BBS Yearbook of Agricultural Statistics of Bangladesh 2025,2024-06,Jhenaidah,431.0,305.0,443.0,,430.0,,454,325.0
BBS Yearbook of Agricultural Statistics of Bangladesh 2025,2024-06,Magura,465.0,350.0,426.0,300.0,243.0,250.0,496,400.0
BBS Yearbook of Agricultural Statistics of Bangladesh 2025,2024-06,Narail,475.0,312.0,,,,,522,344.0
BBS Yearbook of Agricultural Statistics of Bangladesh 2025,2024-06,Khulna,514.0,400.0,500.0,,,,488,339.0
BBS Yearbook of Agricultural Statistics of Bangladesh 2025,2024-06,Bagerhat,,,602.0,,,,584,417.0
BBS Yearbook of Agricultural Statistics of Bangladesh 2025,2024-06,Satkhira,,,,,,,460,345.0
BBS Yearbook of Agricultural Statistics of Bangladesh 2025,2024-06,Kushtia,538.0,,,,,,546,
BBS Yearbook of Agricultural Statistics of Bangladesh 2025,2024-06,Chuadanga,375.0,,,,,,425,
BBS Yearbook of Agricultural Statistics of Bangladesh 2025,2024-06,Meherpur,417.0,,,,,,467,
BBS Yearbook of Agricultural Statistics of Bangladesh 2025,2024-06,Rajshahi,503.0,410.0,513.0,342.0,,,551,420.0
BBS Yearbook of Agricultural Statistics of Bangladesh 2025,2024-06,Naogaon,487.0,387.0,,,,,515,413.0
BBS Yearbook of Agricultural Statistics of Bangladesh 2025,2024-06,Natore,450.0,325.0,390.0,300.0,,,462,350.0
BBS Yearbook of Agricultural Statistics of Bangladesh 2025,2024-06,Nawabganj,,,,,,,470,350.0
BBS Yearbook of Agricultural Statistics of Bangladesh 2025,2024-06,Bogra,448.0,,438.0,,410.0,,548,375.0
BBS Yearbook of Agricultural Statistics of Bangladesh 2025,2024-06,Joypurhat,686.0,392.0,637.0,350.0,606.0,,707,412.0
BBS Yearbook of Agricultural Statistics of Bangladesh 2025,2024-06,Pabna,650.0,,,,,,606,350.0
BBS Yearbook of Agricultural Statistics of Bangladesh 2025,2024-06,Sirajganj,,,520.0,,,,464,350.0
BBS Yearbook of Agricultural Statistics of Bangladesh 2025,2024-06,Rangpur,416.0,350.0,,,,,531,360.0
BBS Yearbook of Agricultural Statistics of Bangladesh 2025,2024-06,Gaibandha,,,,,,,420,317.0
BBS Yearbook of Agricultural Statistics of Bangladesh 2025,2024-06,Kurigram,415.0,350.0,,,,,442,378.0
BBS Yearbook of Agricultural Statistics of Bangladesh 2025,2024-06,Nilphamari,467.0,300.0,,,,,498,315.0
BBS Yearbook of Agricultural Statistics of Bangladesh 2025,2024-06,Lalmonirhat,446.0,280.0,415.0,250.0,,,480,312.0
BBS Yearbook of Agricultural Statistics of Bangladesh 2025,2024-06,Dinajpur,467.0,387.0,,,,,529,442.0
BBS Yearbook of Agricultural Statistics of Bangladesh 2025,2024-06,Thakurgaon,440.0,360.0,,,,,450,360.0
BBS Yearbook of Agricultural Statistics of Bangladesh 2025,2024-06,Panchagarh,462.0,337.0,,,,,492,367.0
BBS Yearbook of Agricultural Statistics of Bangladesh 2025,2024-07,Bandarban,667.0,467.0,617.0,425.0,600.0,375.0,657,471.0
BBS Yearbook of Agricultural Statistics of Bangladesh 2025,2024-07,Khagrachhari,450.0,300.0,,,,,494,404.0
BBS Yearbook of Agricultural Statistics of Bangladesh 2025,2024-07,Rangamati,438.0,313.0,413.0,300.0,,,513,357.0
BBS Yearbook of Agricultural Statistics of Bangladesh 2025,2024-07,Chittagong,705.0,493.0,624.0,422.0,585.0,372.0,740,518.0
BBS Yearbook of Agricultural Statistics of Bangladesh 2025,2024-07,Cox's Bazar,770.0,425.0,716.0,425.0,700.0,400.0,856,500.0
BBS Yearbook of Agricultural Statistics of Bangladesh 2025,2024-07,Comilla,628.0,325.0,556.0,338.0,500.0,312.0,738,488.0
BBS Yearbook of Agricultural Statistics of Bangladesh 2025,2024-07,Chandpur,,,,,,,600,
BBS Yearbook of Agricultural Statistics of Bangladesh 2025,2024-07,Brahamanbaria,470.0,400.0,450.0,350.0,405.0,300.0,604,513.0
BBS Yearbook of Agricultural Statistics of Bangladesh 2025,2024-07,Noakhali,619.0,,650.0,,600.0,,717,
BBS Yearbook of Agricultural Statistics of Bangladesh 2025,2024-07,Lakshmipur,,,,,,,490,
BBS Yearbook of Agricultural Statistics of Bangladesh 2025,2024-07,Feni,650.0,,,,,,700,
BBS Yearbook of Agricultural Statistics of Bangladesh 2025,2024-07,Sylhet,471.0,350.0,414.0,,375.0,,516,400.0
BBS Yearbook of Agricultural Statistics of Bangladesh 2025,2024-07,Maulvibazar,515.0,420.0,400.0,376.0,,,533,443.0
BBS Yearbook of Agricultural Statistics of Bangladesh 2025,2024-07,Sunamganj,478.0,347.0,,,,,521,386.0
BBS Yearbook of Agricultural Statistics of Bangladesh 2025,2024-07,Habiganj,520.0,425.0,,,,,530,440.0
BBS Yearbook of Agricultural Statistics of Bangladesh 2025,2024-07,Dhaka,680.0,500.0,600.0,450.0,590.0,400.0,690,550.0
BBS Yearbook of Agricultural Statistics of Bangladesh 2025,2024-07,Gazipur,688.0,450.0,650.0,400.0,575.0,350.0,735,555.0
BBS Yearbook of Agricultural Statistics of Bangladesh 2025,2024-07,Manikganj,600.0,,575.0,430.0,507.0,400.0,640,525.0
BBS Yearbook of Agricultural Statistics of Bangladesh 2025,2024-07,Munshiganj,,,,,524.0,,598,450.0
BBS Yearbook of Agricultural Statistics of Bangladesh 2025,2024-07,Narayanganj,655.0,550.0,613.0,530.0,555.0,,668,576.0
BBS Yearbook of Agricultural Statistics of Bangladesh 2025,2024-07,Narsingdi,,,588.0,,568.0,,597,
BBS Yearbook of Agricultural Statistics of Bangladesh 2025,2024-07,Faridpur,652.0,335.0,,,,,696,337.0
BBS Yearbook of Agricultural Statistics of Bangladesh 2025,2024-07,Rajbari,633.0,,583.0,,,,670,
BBS Yearbook of Agricultural Statistics of Bangladesh 2025,2024-07,Madaripur,517.0,475.0,,,700.0,,620,514.0
BBS Yearbook of Agricultural Statistics of Bangladesh 2025,2024-07,Gopalganj,650.0,,,,525.0,300.0,605,400.0
BBS Yearbook of Agricultural Statistics of Bangladesh 2025,2024-07,Shariatpur,625.0,375.0,,,600.0,,679,430.0
BBS Yearbook of Agricultural Statistics of Bangladesh 2025,2024-07,Tangail,600.0,420.0,553.0,380.0,513.0,330.0,629,423.0
BBS Yearbook of Agricultural Statistics of Bangladesh 2025,2024-07,Kishoreganj,,,560.0,,643.0,,626,
BBS Yearbook of Agricultural Statistics of Bangladesh 2025,2024-07,Mymensingh,595.0,518.0,575.0,480.0,524.0,400.0,655,550.0
BBS Yearbook of Agricultural Statistics of Bangladesh 2025,2024-07,Sherpur,590.0,350.0,545.0,300.0,560.0,,630,400.0
BBS Yearbook of Agricultural Statistics of Bangladesh 2025,2024-07,Netrakona,545.0,470.0,540.0,450.0,505.0,405.0,600,500.0
BBS Yearbook of Agricultural Statistics of Bangladesh 2025,2024-07,Barisal,586.0,,600.0,,,,629,
BBS Yearbook of Agricultural Statistics of Bangladesh 2025,2024-07,Jhalokati,590.0,,,,,,665,
BBS Yearbook of Agricultural Statistics of Bangladesh 2025,2024-07,Pirojpur,600.0,,576.0,,,,659,450.0
BBS Yearbook of Agricultural Statistics of Bangladesh 2025,2024-07,Bhola,555.0,,527.0,,,,653,
BBS Yearbook of Agricultural Statistics of Bangladesh 2025,2024-07,Patuakhali,663.0,,585.0,,,,744,
BBS Yearbook of Agricultural Statistics of Bangladesh 2025,2024-07,Barguna,600.0,450.0,570.0,,,,640,500.0
BBS Yearbook of Agricultural Statistics of Bangladesh 2025,2024-07,Jessore,,,,,,,414,325.0
BBS Yearbook of Agricultural Statistics of Bangladesh 2025,2024-07,Jhenaidah,443.0,316.0,451.0,,436.0,,466,346.0
BBS Yearbook of Agricultural Statistics of Bangladesh 2025,2024-07,Magura,577.0,420.0,546.0,400.0,523.0,270.0,609,450.0
BBS Yearbook of Agricultural Statistics of Bangladesh 2025,2024-07,Narail,545.0,356.0,,,,,597,394.0
BBS Yearbook of Agricultural Statistics of Bangladesh 2025,2024-07,Khulna,543.0,427.0,550.0,,,,517,358.0
BBS Yearbook of Agricultural Statistics of Bangladesh 2025,2024-07,Bagerhat,,,560.0,,,,589,400.0
BBS Yearbook of Agricultural Statistics of Bangladesh 2025,2024-07,Satkhira,371.0,254.0,321.0,250.0,,,439,299.0
BBS Yearbook of Agricultural Statistics of Bangladesh 2025,2024-07,Kushtia,572.0,,,,,,584,
BBS Yearbook of Agricultural Statistics of Bangladesh 2025,2024-07,Chuadanga,375.0,,,,,,425,
BBS Yearbook of Agricultural Statistics of Bangladesh 2025,2024-07,Meherpur,417.0,,,,,,467,
BBS Yearbook of Agricultural Statistics of Bangladesh 2025,2024-07,Rajshahi,517.0,418.0,518.0,367.0,,,558,436.0
BBS Yearbook of Agricultural Statistics of Bangladesh 2025,2024-07,Naogaon,468.0,368.0,,,,,523,425.0
BBS Yearbook of Agricultural Statistics of Bangladesh 2025,2024-07,Natore,400.0,310.0,450.0,350.0,,,469,345.0
BBS Yearbook of Agricultural Statistics of Bangladesh 2025,2024-07,Nawabganj,,,,,,,500,375.0
BBS Yearbook of Agricultural Statistics of Bangladesh 2025,2024-07,Bogra,473.0,,420.0,,400.0,,527,350.0
BBS Yearbook of Agricultural Statistics of Bangladesh 2025,2024-07,Joypurhat,692.0,413.0,638.0,400.0,605.0,,755,444.0
BBS Yearbook of Agricultural Statistics of Bangladesh 2025,2024-07,Pabna,675.0,,,,,,611,350.0
BBS Yearbook of Agricultural Statistics of Bangladesh 2025,2024-07,Sirajganj,,,550.0,,,,464,350.0
BBS Yearbook of Agricultural Statistics of Bangladesh 2025,2024-07,Rangpur,450.0,350.0,,,,,513,358.0
BBS Yearbook of Agricultural Statistics of Bangladesh 2025,2024-07,Gaibandha,,,,,,,434,325.0
BBS Yearbook of Agricultural Statistics of Bangladesh 2025,2024-07,Kurigram,410.0,290.0,,,,,444,286.0
BBS Yearbook of Agricultural Statistics of Bangladesh 2025,2024-07,Nilphamari,507.0,340.0,,,,,535,360.0
BBS Yearbook of Agricultural Statistics of Bangladesh 2025,2024-07,Lalmonirhat,473.0,288.0,415.0,275.0,,,509,322.0
BBS Yearbook of Agricultural Statistics of Bangladesh 2025,2024-07,Dinajpur,450.0,397.0,,,,,505,423.0
BBS Yearbook of Agricultural Statistics of Bangladesh 2025,2024-07,Thakurgaon,440.0,377.0,,,,,460,380.0
BBS Yearbook of Agricultural Statistics of Bangladesh 2025,2024-07,Panchagarh,464.0,338.0,,,,,494,368.0
BBS Yearbook of Agricultural Statistics of Bangladesh 2025,2024-08,Bandarban,667.0,467.0,617.0,425.0,600.0,375.0,657,471.0
BBS Yearbook of Agricultural Statistics of Bangladesh 2025,2024-08,Khagrachhari,450.0,300.0,,,,,494,404.0
BBS Yearbook of Agricultural Statistics of Bangladesh 2025,2024-08,Rangamati,444.0,316.0,321.0,300.0,,,515,358.0
BBS Yearbook of Agricultural Statistics of Bangladesh 2025,2024-08,Chittagong,708.0,494.0,626.0,425.0,588.0,428.0,745,521.0
BBS Yearbook of Agricultural Statistics of Bangladesh 2025,2024-08,Cox's Bazar,787.0,480.0,770.0,425.0,716.0,400.0,856,500.0
BBS Yearbook of Agricultural Statistics of Bangladesh 2025,2024-08,Comilla,628.0,438.0,556.0,400.0,500.0,325.0,738,488.0
BBS Yearbook of Agricultural Statistics of Bangladesh 2025,2024-08,Chandpur,,,,,,,600,
BBS Yearbook of Agricultural Statistics of Bangladesh 2025,2024-08,Brahamanbaria,470.0,400.0,450.0,350.0,405.0,300.0,604,513.0
BBS Yearbook of Agricultural Statistics of Bangladesh 2025,2024-08,Noakhali,619.0,,650.0,,600.0,,717,
BBS Yearbook of Agricultural Statistics of Bangladesh 2025,2024-08,Lakshmipur,,,,,,,490,
BBS Yearbook of Agricultural Statistics of Bangladesh 2025,2024-08,Feni,655.0,,,,,,710,
BBS Yearbook of Agricultural Statistics of Bangladesh 2025,2024-08,Sylhet,471.0,350.0,414.0,,375.0,,516,400.0
BBS Yearbook of Agricultural Statistics of Bangladesh 2025,2024-08,Sunamganj,480.0,343.0,,,,,522,386.0
BBS Yearbook of Agricultural Statistics of Bangladesh 2025,2024-08,Habiganj,513.0,400.0,,,,,533,464.0
BBS Yearbook of Agricultural Statistics of Bangladesh 2025,2024-08,Dhaka,640.0,470.0,620.0,420.0,560.0,370.0,680,520.0
BBS Yearbook of Agricultural Statistics of Bangladesh 2025,2024-08,Gazipur,688.0,475.0,650.0,452.0,613.0,450.0,755,560.0
BBS Yearbook of Agricultural Statistics of Bangladesh 2025,2024-08,Manikganj,600.0,,578.0,450.0,521.0,400.0,645,550.0
BBS Yearbook of Agricultural Statistics of Bangladesh 2025,2024-08,Munshiganj,,,,,515.0,,566,450.0
BBS Yearbook of Agricultural Statistics of Bangladesh 2025,2024-08,Narayanganj,655.0,550.0,613.0,530.0,550.0,505.0,669,577.0
BBS Yearbook of Agricultural Statistics of Bangladesh 2025,2024-08,Narsingdi,,,585.0,,541.0,,583,
BBS Yearbook of Agricultural Statistics of Bangladesh 2025,2024-08,Faridpur,580.0,480.0,,,,,628,348.0
BBS Yearbook of Agricultural Statistics of Bangladesh 2025,2024-08,Rajbari,617.0,,567.0,,,,650,
BBS Yearbook of Agricultural Statistics of Bangladesh 2025,2024-08,Madaripur,515.0,475.0,,,500.0,,617,515.0
BBS Yearbook of Agricultural Statistics of Bangladesh 2025,2024-08,Gopalganj,650.0,,,,525.0,450.0,580,450.0
BBS Yearbook of Agricultural Statistics of Bangladesh 2025,2024-08,Shariatpur,625.0,388.0,,,600.0,,679,440.0
BBS Yearbook of Agricultural Statistics of Bangladesh 2025,2024-08,Tangail,580.0,400.0,538.0,360.0,508.0,310.0,626,416.0
BBS Yearbook of Agricultural Statistics of Bangladesh 2025,2024-08,Kishoreganj,550.0,,551.0,,626.0,,613,
BBS Yearbook of Agricultural Statistics of Bangladesh 2025,2024-08,Mymensingh,579.0,484.0,542.0,450.0,532.0,382.0,615,512.0
BBS Yearbook of Agricultural Statistics of Bangladesh 2025,2024-08,Barisal,586.0,,600.0,,,,629,
BBS Yearbook of Agricultural Statistics of Bangladesh 2025,2024-08,Jhalokati,618.0,,,,,,686,
BBS Yearbook of Agricultural Statistics of Bangladesh 2025,2024-08,Pirojpur,600.0,,574.0,,,,663,420.0
BBS Yearbook of Agricultural Statistics of Bangladesh 2025,2024-08,Bhola,555.0,,527.0,,,,653,
BBS Yearbook of Agricultural Statistics of Bangladesh 2025,2024-08,Patuakhali,663.0,,585.0,,,,744,
BBS Yearbook of Agricultural Statistics of Bangladesh 2025,2024-08,Barguna,595.0,450.0,560.0,,,,640,500.0
BBS Yearbook of Agricultural Statistics of Bangladesh 2025,2024-08,Jessore,381.0,300.0,369.0,282.0,,,388,325.0
BBS Yearbook of Agricultural Statistics of Bangladesh 2025,2024-08,Jhenaidah,462.0,349.0,460.0,,449.0,,481,368.0
BBS Yearbook of Agricultural Statistics of Bangladesh 2025,2024-08,Magura,565.0,450.0,534.0,420.0,475.0,330.0,641,470.0
BBS Yearbook of Agricultural Statistics of Bangladesh 2025,2024-08,Narail,526.0,331.0,,,,,573,371.0
BBS Yearbook of Agricultural Statistics of Bangladesh 2025,2024-08,Khulna,592.0,467.0,539.0,,,,680,384.0
BBS Yearbook of Agricultural Statistics of Bangladesh 2025,2024-08,Bagerhat,,,579.0,,,,631,450.0
BBS Yearbook of Agricultural Statistics of Bangladesh 2025,2024-08,Satkhira,374.0,258.0,301.0,250.0,,,456,288.0
BBS Yearbook of Agricultural Statistics of Bangladesh 2025,2024-08,Kushtia,574.0,,,,,,582,
BBS Yearbook of Agricultural Statistics of Bangladesh 2025,2024-08,Chuadanga,375.0,,,,,,425,
BBS Yearbook of Agricultural Statistics of Bangladesh 2025,2024-08,Meherpur,505.0,300.0,473.0,280.0,,,555,350.0
BBS Yearbook of Agricultural Statistics of Bangladesh 2025,2024-08,Rajshahi,517.0,420.0,513.0,377.0,,,553,436.0
BBS Yearbook of Agricultural Statistics of Bangladesh 2025,2024-08,Naogaon,461.0,361.0,,,,,510,410.0
BBS Yearbook of Agricultural Statistics of Bangladesh 2025,2024-08,Natore,433.0,343.0,450.0,350.0,,,496,357.0
BBS Yearbook of Agricultural Statistics of Bangladesh 2025,2024-08,Nawabganj,,,,,,,470,365.0
BBS Yearbook of Agricultural Statistics of Bangladesh 2025,2024-08,Bogra,483.0,,414.0,,400.0,,513,357.0
BBS Yearbook of Agricultural Statistics of Bangladesh 2025,2024-08,Pabna,675.0,,,,,,617,350.0
BBS Yearbook of Agricultural Statistics of Bangladesh 2025,2024-08,Sirajganj,,,440.0,,,,449,375.0
BBS Yearbook of Agricultural Statistics of Bangladesh 2025,2024-08,Rangpur,433.0,333.0,,,,,515,362.0
BBS Yearbook of Agricultural Statistics of Bangladesh 2025,2024-08,Gaibandha,,,,,,,421,300.0
BBS Yearbook of Agricultural Statistics of Bangladesh 2025,2024-08,Kurigram,401.0,284.0,,,,,445,306.0
BBS Yearbook of Agricultural Statistics of Bangladesh 2025,2024-08,Nilphamari,487.0,300.0,,,,,507,320.0
BBS Yearbook of Agricultural Statistics of Bangladesh 2025,2024-08,Lalmonirhat,453.0,350.0,415.0,312.0,,,488,362.0
BBS Yearbook of Agricultural Statistics of Bangladesh 2025,2024-08,Dinajpur,450.0,370.0,,,,,495,404.0
BBS Yearbook of Agricultural Statistics of Bangladesh 2025,2024-08,Thakurgaon,417.0,326.0,,,,,460,370.0
BBS Yearbook of Agricultural Statistics of Bangladesh 2025,2024-08,Panchagarh,446.0,330.0,,,,,478,362.0
BBS Yearbook of Agricultural Statistics of Bangladesh 2025,2024-09,Bandarban,667.0,467.0,617.0,425.0,600.0,375.0,671,486.0
BBS Yearbook of Agricultural Statistics of Bangladesh 2025,2024-09,Khagrachhari,450.0,300.0,,,,,494,404.0
BBS Yearbook of Agricultural Statistics of Bangladesh 2025,2024-09,Rangamati,419.0,332.0,400.0,300.0,,,532,365.0
BBS Yearbook of Agricultural Statistics of Bangladesh 2025,2024-09,Chittagong,679.0,470.0,632.0,444.0,566.0,400.0,754,535.0
BBS Yearbook of Agricultural Statistics of Bangladesh 2025,2024-09,Cox's Bazar,737.0,404.0,698.0,395.0,687.0,385.0,803,456.0
BBS Yearbook of Agricultural Statistics of Bangladesh 2025,2024-09,Comilla,613.0,438.0,556.0,425.0,510.0,388.0,753,482.0
BBS Yearbook of Agricultural Statistics of Bangladesh 2025,2024-09,Chandpur,,,,,,,600,
BBS Yearbook of Agricultural Statistics of Bangladesh 2025,2024-09,Brahamanbaria,490.0,400.0,423.0,350.0,350.0,300.0,592,508.0
BBS Yearbook of Agricultural Statistics of Bangladesh 2025,2024-09,Noakhali,650.0,,619.0,,600.0,,717,
BBS Yearbook of Agricultural Statistics of Bangladesh 2025,2024-09,Lakshmipur,,,,,,,490,
BBS Yearbook of Agricultural Statistics of Bangladesh 2025,2024-09,Feni,675.0,,,,,,713,
BBS Yearbook of Agricultural Statistics of Bangladesh 2025,2024-09,Sylhet,464.0,350.0,414.0,,375.0,,521,400.0
BBS Yearbook of Agricultural Statistics of Bangladesh 2025,2024-09,Sunamganj,488.0,346.0,,,,,528,386.0
BBS Yearbook of Agricultural Statistics of Bangladesh 2025,2024-09,Habiganj,513.0,375.0,,,,,544,386.0
BBS Yearbook of Agricultural Statistics of Bangladesh 2025,2024-09,Dhaka,550.0,470.0,520.0,420.0,470.0,370.0,650,580.0
BBS Yearbook of Agricultural Statistics of Bangladesh 2025,2024-09,Gazipur,688.0,475.0,650.0,475.0,613.0,450.0,755,560.0
BBS Yearbook of Agricultural Statistics of Bangladesh 2025,2024-09,Manikganj,575.0,,520.0,425.0,490.0,400.0,622,516.0
BBS Yearbook of Agricultural Statistics of Bangladesh 2025,2024-09,Munshiganj,,,,,530.0,,582,500.0
BBS Yearbook of Agricultural Statistics of Bangladesh 2025,2024-09,Narayanganj,655.0,550.0,600.0,500.0,540.0,450.0,664,566.0
BBS Yearbook of Agricultural Statistics of Bangladesh 2025,2024-09,Faridpur,568.0,413.0,,,,,617,480.0
BBS Yearbook of Agricultural Statistics of Bangladesh 2025,2024-09,Rajbari,517.0,,500.0,,,,580,
BBS Yearbook of Agricultural Statistics of Bangladesh 2025,2024-09,Madaripur,508.0,463.0,,,550.0,,561,483.0
BBS Yearbook of Agricultural Statistics of Bangladesh 2025,2024-09,Gopalganj,600.0,,,,500.0,350.0,575,450.0
BBS Yearbook of Agricultural Statistics of Bangladesh 2025,2024-09,Shariatpur,625.0,388.0,,,600.0,,679,440.0
BBS Yearbook of Agricultural Statistics of Bangladesh 2025,2024-09,Tangail,590.0,410.0,524.0,370.0,501.0,320.0,617,480.0
BBS Yearbook of Agricultural Statistics of Bangladesh 2025,2024-09,Kishoreganj,558.0,,562.0,,630.0,,619,
BBS Yearbook of Agricultural Statistics of Bangladesh 2025,2024-09,Mymensingh,585.0,486.0,553.0,456.0,537.0,405.0,621,517.0
BBS Yearbook of Agricultural Statistics of Bangladesh 2025,2024-09,Barisal,586.0,,650.0,,,,650,
BBS Yearbook of Agricultural Statistics of Bangladesh 2025,2024-09,Jhalokati,615.0,,,,,,685,
BBS Yearbook of Agricultural Statistics of Bangladesh 2025,2024-09,Pirojpur,580.0,,577.0,,,,657,420.0
BBS Yearbook of Agricultural Statistics of Bangladesh 2025,2024-09,Bhola,553.0,,525.0,,,,650,
BBS Yearbook of Agricultural Statistics of Bangladesh 2025,2024-09,Patuakhali,663.0,,585.0,,,,744,
BBS Yearbook of Agricultural Statistics of Bangladesh 2025,2024-09,Barguna,600.0,450.0,570.0,,,,640,500.0
BBS Yearbook of Agricultural Statistics of Bangladesh 2025,2024-09,Jessore,415.0,262.0,371.0,249.0,,232.0,386,276.0
BBS Yearbook of Agricultural Statistics of Bangladesh 2025,2024-09,Jhenaidah,462.0,346.0,459.0,,445.0,,486,365.0
BBS Yearbook of Agricultural Statistics of Bangladesh 2025,2024-09,Magura,508.0,,480.0,,435.0,,533,
BBS Yearbook of Agricultural Statistics of Bangladesh 2025,2024-09,Narail,466.0,288.0,,,,,518,326.0
BBS Yearbook of Agricultural Statistics of Bangladesh 2025,2024-09,Khulna,585.0,460.0,535.0,,,,680,479.0
BBS Yearbook of Agricultural Statistics of Bangladesh 2025,2024-09,Bagerhat,513.0,,505.0,,,,560,425.0
BBS Yearbook of Agricultural Statistics of Bangladesh 2025,2024-09,Satkhira,327.0,273.0,296.0,265.0,,,436,282.0
BBS Yearbook of Agricultural Statistics of Bangladesh 2025,2024-09,Kushtia,557.0,,,,,,558,
BBS Yearbook of Agricultural Statistics of Bangladesh 2025,2024-09,Chuadanga,375.0,,,,,,425,
BBS Yearbook of Agricultural Statistics of Bangladesh 2025,2024-09,Meherpur,472.0,275.0,440.0,255.0,,,522,325.0
BBS Yearbook of Agricultural Statistics of Bangladesh 2025,2024-09,Rajshahi,505.0,420.0,511.0,400.0,,,554,429.0
BBS Yearbook of Agricultural Statistics of Bangladesh 2025,2024-09,Naogaon,454.0,356.0,,,,,501,401.0
BBS Yearbook of Agricultural Statistics of Bangladesh 2025,2024-09,Natore,433.0,343.0,450.0,350.0,,,488,351.0
BBS Yearbook of Agricultural Statistics of Bangladesh 2025,2024-09,Nawabganj,,,,,,,473,350.0
BBS Yearbook of Agricultural Statistics of Bangladesh 2025,2024-09,Bogra,461.0,,454.0,,450.0,,516,350.0
BBS Yearbook of Agricultural Statistics of Bangladesh 2025,2024-09,Joypurhat,520.0,341.0,492.0,314.0,400.0,,539,366.0
BBS Yearbook of Agricultural Statistics of Bangladesh 2025,2024-09,Pabna,650.0,,,,,,578,350.0
BBS Yearbook of Agricultural Statistics of Bangladesh 2025,2024-09,Sirajganj,,,500.0,,,,455,338.0
BBS Yearbook of Agricultural Statistics of Bangladesh 2025,2024-09,Rangpur,433.0,300.0,,,,,510,346.0
BBS Yearbook of Agricultural Statistics of Bangladesh 2025,2024-09,Gaibandha,,,,,,,325,275.0
BBS Yearbook of Agricultural Statistics of Bangladesh 2025,2024-09,Kurigram,400.0,260.0,,,,,430,289.0
BBS Yearbook of Agricultural Statistics of Bangladesh 2025,2024-09,Nilphamari,493.0,300.0,,,,,515,322.0
BBS Yearbook of Agricultural Statistics of Bangladesh 2025,2024-09,Lalmonirhat,460.0,280.0,415.0,260.0,,,496,316.0
BBS Yearbook of Agricultural Statistics of Bangladesh 2025,2024-09,Dinajpur,450.0,364.0,,,,,468,389.0
BBS Yearbook of Agricultural Statistics of Bangladesh 2025,2024-09,Thakurgaon,383.0,300.0,,,,,430,340.0
BBS Yearbook of Agricultural Statistics of Bangladesh 2025,2024-09,Panchagarh,452.0,328.0,,,,,482,358.0
BBS Yearbook of Agricultural Statistics of Bangladesh 2025,2024-10,Bandarban,667.0,467.0,617.0,425.0,567.0,375.0,671,486.0
BBS Yearbook of Agricultural Statistics of Bangladesh 2025,2024-10,Khagrachhari,450.0,300.0,,,,,494,404.0
BBS Yearbook of Agricultural Statistics of Bangladesh 2025,2024-10,Rangamati,444.0,338.0,325.0,300.0,,,540,338.0
BBS Yearbook of Agricultural Statistics of Bangladesh 2025,2024-10,Chittagong,687.0,470.0,634.0,444.0,571.0,400.0,758,535.0
BBS Yearbook of Agricultural Statistics of Bangladesh 2025,2024-10,Cox's Bazar,737.0,404.0,698.0,395.0,687.0,360.0,803,456.0
BBS Yearbook of Agricultural Statistics of Bangladesh 2025,2024-10,Comilla,606.0,438.0,550.0,325.0,500.0,388.0,763,473.0
BBS Yearbook of Agricultural Statistics of Bangladesh 2025,2024-10,Chandpur,,,,,,,600,
BBS Yearbook of Agricultural Statistics of Bangladesh 2025,2024-10,Brahamanbaria,490.0,400.0,423.0,350.0,350.0,300.0,592,508.0
BBS Yearbook of Agricultural Statistics of Bangladesh 2025,2024-10,Noakhali,619.0,,650.0,,600.0,,717,
BBS Yearbook of Agricultural Statistics of Bangladesh 2025,2024-10,Lakshmipur,,,,,,,510,
BBS Yearbook of Agricultural Statistics of Bangladesh 2025,2024-10,Feni,650.0,,,,,,700,
BBS Yearbook of Agricultural Statistics of Bangladesh 2025,2024-10,Sylhet,464.0,350.0,414.0,,375.0,,521,400.0
BBS Yearbook of Agricultural Statistics of Bangladesh 2025,2024-10,Maulvibazar,475.0,397.0,400.0,350.0,,,518,430.0
BBS Yearbook of Agricultural Statistics of Bangladesh 2025,2024-10,Sunamganj,490.0,350.0,,,,,524,395.0
BBS Yearbook of Agricultural Statistics of Bangladesh 2025,2024-10,Habiganj,513.0,375.0,,,,,550,393.0
BBS Yearbook of Agricultural Statistics of Bangladesh 2025,2024-10,Dhaka,550.0,470.0,580.0,420.0,470.0,370.0,650,520.0
BBS Yearbook of Agricultural Statistics of Bangladesh 2025,2024-10,Gazipur,688.0,450.0,650.0,430.0,613.0,425.0,755,560.0
BBS Yearbook of Agricultural Statistics of Bangladesh 2025,2024-10,Manikganj,575.0,,520.0,425.0,490.0,400.0,622,516.0
BBS Yearbook of Agricultural Statistics of Bangladesh 2025,2024-10,Munshiganj,,,,,530.0,,582,500.0
BBS Yearbook of Agricultural Statistics of Bangladesh 2025,2024-10,Narayanganj,655.0,550.0,600.0,538.0,540.0,400.0,664,566.0
BBS Yearbook of Agricultural Statistics of Bangladesh 2025,2024-10,Narsingdi,,,585.0,,541.0,,583,
BBS Yearbook of Agricultural Statistics of Bangladesh 2025,2024-10,Faridpur,568.0,413.0,,,,,617,480.0
BBS Yearbook of Agricultural Statistics of Bangladesh 2025,2024-10,Rajbari,517.0,,500.0,,,,580,
BBS Yearbook of Agricultural Statistics of Bangladesh 2025,2024-10,Madaripur,517.0,475.0,,,625.0,,578,494.0
BBS Yearbook of Agricultural Statistics of Bangladesh 2025,2024-10,Gopalganj,700.0,,,,500.0,300.0,555,425.0
BBS Yearbook of Agricultural Statistics of Bangladesh 2025,2024-10,Shariatpur,625.0,388.0,,,600.0,,679,440.0
BBS Yearbook of Agricultural Statistics of Bangladesh 2025,2024-10,Tangail,760.0,590.0,577.0,540.0,538.0,400.0,667,570.0
BBS Yearbook of Agricultural Statistics of Bangladesh 2025,2024-10,Kishoreganj,558.0,,583.0,,633.0,,709,
BBS Yearbook of Agricultural Statistics of Bangladesh 2025,2024-10,Mymensingh,583.0,482.0,556.0,454.0,530.0,438.0,625,520.0
BBS Yearbook of Agricultural Statistics of Bangladesh 2025,2024-10,Netrakona,585.0,475.0,570.0,425.0,547.0,400.0,620,510.0
BBS Yearbook of Agricultural Statistics of Bangladesh 2025,2024-10,Barisal,586.0,,650.0,,,,650,
BBS Yearbook of Agricultural Statistics of Bangladesh 2025,2024-10,Jhalokati,623.0,,,,,,697,
BBS Yearbook of Agricultural Statistics of Bangladesh 2025,2024-10,Pirojpur,560.0,,559.0,,,,636,300.0
BBS Yearbook of Agricultural Statistics of Bangladesh 2025,2024-10,Bhola,552.0,,524.0,,,,649,
BBS Yearbook of Agricultural Statistics of Bangladesh 2025,2024-10,Patuakhali,663.0,,585.0,,,,744,
BBS Yearbook of Agricultural Statistics of Bangladesh 2025,2024-10,Barguna,600.0,450.0,570.0,,,,640,500.0
BBS Yearbook of Agricultural Statistics of Bangladesh 2025,2024-10,Jessore,388.0,256.0,365.0,245.0,,225.0,407,275.0
BBS Yearbook of Agricultural Statistics of Bangladesh 2025,2024-10,Jhenaidah,414.0,303.0,406.0,,300.0,,435,323.0
BBS Yearbook of Agricultural Statistics of Bangladesh 2025,2024-10,Magura,500.0,,477.0,,480.0,,524,
BBS Yearbook of Agricultural Statistics of Bangladesh 2025,2024-10,Narail,486.0,308.0,,,,,538,346.0
BBS Yearbook of Agricultural Statistics of Bangladesh 2025,2024-10,Khulna,524.0,462.0,500.0,450.0,,,585,470.0
BBS Yearbook of Agricultural Statistics of Bangladesh 2025,2024-10,Bagerhat,513.0,,503.0,,,,546,375.0
BBS Yearbook of Agricultural Statistics of Bangladesh 2025,2024-10,Satkhira,379.0,273.0,302.0,252.0,,,435,283.0
BBS Yearbook of Agricultural Statistics of Bangladesh 2025,2024-10,Kushtia,563.0,,,,,,568,
BBS Yearbook of Agricultural Statistics of Bangladesh 2025,2024-10,Chuadanga,388.0,,,,,,450,
BBS Yearbook of Agricultural Statistics of Bangladesh 2025,2024-10,Meherpur,418.0,275.0,386.0,255.0,,,468,325.0
BBS Yearbook of Agricultural Statistics of Bangladesh 2025,2024-10,Rajshahi,515.0,403.0,505.0,300.0,,,548,438.0
BBS Yearbook of Agricultural Statistics of Bangladesh 2025,2024-10,Naogaon,444.0,344.0,,,,,498,398.0
BBS Yearbook of Agricultural Statistics of Bangladesh 2025,2024-10,Natore,440.0,317.0,,,,,503,350.0
BBS Yearbook of Agricultural Statistics of Bangladesh 2025,2024-10,Nawabganj,,,,,,,455,363.0
BBS Yearbook of Agricultural Statistics of Bangladesh 2025,2024-10,Bogra,473.0,,433.0,,350.0,,518,350.0
BBS Yearbook of Agricultural Statistics of Bangladesh 2025,2024-10,Joypurhat,546.0,344.0,504.0,312.0,420.0,,570,366.0
BBS Yearbook of Agricultural Statistics of Bangladesh 2025,2024-10,Pabna,650.0,,,,,,578,350.0
BBS Yearbook of Agricultural Statistics of Bangladesh 2025,2024-10,Sirajganj,,,475.0,,,,486,400.0
BBS Yearbook of Agricultural Statistics of Bangladesh 2025,2024-10,Rangpur,450.0,350.0,,,,,514,350.0
BBS Yearbook of Agricultural Statistics of Bangladesh 2025,2024-10,Gaibandha,,,,,,,421,275.0
BBS Yearbook of Agricultural Statistics of Bangladesh 2025,2024-10,Kurigram,388.0,280.0,,,,,419,304.0
BBS Yearbook of Agricultural Statistics of Bangladesh 2025,2024-10,Nilphamari,487.0,300.0,,,,,505,315.0
BBS Yearbook of Agricultural Statistics of Bangladesh 2025,2024-10,Lalmonirhat,464.0,282.0,415.0,275.0,,,507,320.0
BBS Yearbook of Agricultural Statistics of Bangladesh 2025,2024-10,Dinajpur,430.0,334.0,,,,,482,387.0
BBS Yearbook of Agricultural Statistics of Bangladesh 2025,2024-10,Thakurgaon,366.0,317.0,,,,,450,360.0
BBS Yearbook of Agricultural Statistics of Bangladesh 2025,2024-10,Panchagarh,446.0,322.0,,,,,476,352.0
BBS Yearbook of Agricultural Statistics of Bangladesh 2025,2024-11,Bandarban,671.0,471.0,621.0,432.0,571.0,382.0,673,480.0
BBS Yearbook of Agricultural Statistics of Bangladesh 2025,2024-11,Khagrachhari,450.0,300.0,,,,,494,404.0
BBS Yearbook of Agricultural Statistics of Bangladesh 2025,2024-11,Rangamati,446.0,317.0,425.0,300.0,,,536,373.0
BBS Yearbook of Agricultural Statistics of Bangladesh 2025,2024-11,Chittagong,706.0,476.0,631.0,450.0,558.0,409.0,776,542.0
BBS Yearbook of Agricultural Statistics of Bangladesh 2025,2024-11,Cox's Bazar,800.0,425.0,740.0,390.0,800.0,,852,475.0
BBS Yearbook of Agricultural Statistics of Bangladesh 2025,2024-11,Comilla,606.0,438.0,550.0,388.0,500.0,325.0,763,473.0
BBS Yearbook of Agricultural Statistics of Bangladesh 2025,2024-11,Chandpur,,,,,,,600,
BBS Yearbook of Agricultural Statistics of Bangladesh 2025,2024-11,Brahamanbaria,500.0,425.0,465.0,,438.0,367.0,578,500.0
BBS Yearbook of Agricultural Statistics of Bangladesh 2025,2024-11,Noakhali,650.0,,600.0,,525.0,,732,
BBS Yearbook of Agricultural Statistics of Bangladesh 2025,2024-11,Lakshmipur,,,,,,,510,
BBS Yearbook of Agricultural Statistics of Bangladesh 2025,2024-11,Feni,700.0,,,,,,750,
BBS Yearbook of Agricultural Statistics of Bangladesh 2025,2024-11,Sylhet,464.0,350.0,414.0,,375.0,,521,400.0
BBS Yearbook of Agricultural Statistics of Bangladesh 2025,2024-11,Sunamganj,494.0,352.0,,,,,535,395.0
BBS Yearbook of Agricultural Statistics of Bangladesh 2025,2024-11,Habiganj,575.0,400.0,,,,,583,421.0
BBS Yearbook of Agricultural Statistics of Bangladesh 2025,2024-11,Dhaka,625.0,470.0,610.0,420.0,610.0,370.0,710,570.0
BBS Yearbook of Agricultural Statistics of Bangladesh 2025,2024-11,Gazipur,600.0,,575.0,475.0,513.0,400.0,640,590.0
BBS Yearbook of Agricultural Statistics of Bangladesh 2025,2024-11,Manikganj,600.0,,572.0,470.0,500.0,400.0,640,583.0
BBS Yearbook of Agricultural Statistics of Bangladesh 2025,2024-11,Munshiganj,,,,,568.0,,613,450.0
BBS Yearbook of Agricultural Statistics of Bangladesh 2025,2024-11,Narayanganj,655.0,550.0,593.0,513.0,540.0,495.0,656,562.0
BBS Yearbook of Agricultural Statistics of Bangladesh 2025,2024-11,Faridpur,605.0,480.0,,,,,644,497.0
BBS Yearbook of Agricultural Statistics of Bangladesh 2025,2024-11,Rajbari,563.0,,575.0,,,,613,
BBS Yearbook of Agricultural Statistics of Bangladesh 2025,2024-11,Madaripur,504.0,463.0,,,625.0,,557,469.0
BBS Yearbook of Agricultural Statistics of Bangladesh 2025,2024-11,Gopalganj,600.0,,,,500.0,400.0,625,450.0
BBS Yearbook of Agricultural Statistics of Bangladesh 2025,2024-11,Shariatpur,630.0,400.0,,,600.0,,683,450.0
BBS Yearbook of Agricultural Statistics of Bangladesh 2025,2024-11,Tangail,610.0,440.0,541.0,390.0,532.0,340.0,636,495.0
BBS Yearbook of Agricultural Statistics of Bangladesh 2025,2024-11,Kishoreganj,624.0,,596.0,,558.0,,662,
BBS Yearbook of Agricultural Statistics of Bangladesh 2025,2024-11,Mymensingh,579.0,474.0,554.0,442.0,528.0,435.0,620,515.0
BBS Yearbook of Agricultural Statistics of Bangladesh 2025,2024-11,Netrakona,612.0,495.0,583.0,467.0,517.0,400.0,650,557.0
BBS Yearbook of Agricultural Statistics of Bangladesh 2025,2024-11,Barisal,586.0,,550.0,,,,650,
BBS Yearbook of Agricultural Statistics of Bangladesh 2025,2024-11,Jhalokati,617.0,,,,,,688,
BBS Yearbook of Agricultural Statistics of Bangladesh 2025,2024-11,Pirojpur,560.0,,500.0,,,,639,
BBS Yearbook of Agricultural Statistics of Bangladesh 2025,2024-11,Bhola,552.0,,524.0,,,,649,
BBS Yearbook of Agricultural Statistics of Bangladesh 2025,2024-11,Patuakhali,663.0,,585.0,,,,744,
BBS Yearbook of Agricultural Statistics of Bangladesh 2025,2024-11,Barguna,600.0,450.0,570.0,,,,640,500.0
BBS Yearbook of Agricultural Statistics of Bangladesh 2025,2024-11,Jessore,384.0,265.0,394.0,242.0,,,438,300.0
BBS Yearbook of Agricultural Statistics of Bangladesh 2025,2024-11,Jhenaidah,415.0,307.0,405.0,,393.0,,433,325.0
BBS Yearbook of Agricultural Statistics of Bangladesh 2025,2024-11,Magura,505.0,371.0,371.0,,320.0,,531,
BBS Yearbook of Agricultural Statistics of Bangladesh 2025,2024-11,Narail,481.0,304.0,,,,,524,341.0
BBS Yearbook of Agricultural Statistics of Bangladesh 2025,2024-11,Khulna,525.0,450.0,500.0,425.0,,,555,483.0
BBS Yearbook of Agricultural Statistics of Bangladesh 2025,2024-11,Bagerhat,598.0,,595.0,,,,557,375.0
BBS Yearbook of Agricultural Statistics of Bangladesh 2025,2024-11,Satkhira,383.0,276.0,304.0,252.0,,,443,294.0
BBS Yearbook of Agricultural Statistics of Bangladesh 2025,2024-11,Kushtia,587.0,,,,,,568,
BBS Yearbook of Agricultural Statistics of Bangladesh 2025,2024-11,Chuadanga,388.0,,,,,,450,
BBS Yearbook of Agricultural Statistics of Bangladesh 2025,2024-11,Meherpur,430.0,275.0,402.0,255.0,,,480,325.0
BBS Yearbook of Agricultural Statistics of Bangladesh 2025,2024-11,Rajshahi,516.0,413.0,512.0,383.0,,,557,443.0
BBS Yearbook of Agricultural Statistics of Bangladesh 2025,2024-11,Naogaon,512.0,412.0,,,,,544,444.0
BBS Yearbook of Agricultural Statistics of Bangladesh 2025,2024-11,Natore,423.0,325.0,,,,,494,345.0
BBS Yearbook of Agricultural Statistics of Bangladesh 2025,2024-11,Nawabganj,,,,,,,546,448.0
BBS Yearbook of Agricultural Statistics of Bangladesh 2025,2024-11,Bogra,617.0,,533.0,,400.0,,627,450.0
BBS Yearbook of Agricultural Statistics of Bangladesh 2025,2024-11,Joypurhat,610.0,358.0,564.0,326.0,550.0,300.0,630,382.0
BBS Yearbook of Agricultural Statistics of Bangladesh 2025,2024-11,Pabna,600.0,,,,,,650,
BBS Yearbook of Agricultural Statistics of Bangladesh 2025,2024-11,Sirajganj,,,520.0,,,,490,400.0
BBS Yearbook of Agricultural Statistics of Bangladesh 2025,2024-11,Rangpur,450.0,350.0,,,,,542,370.0
BBS Yearbook of Agricultural Statistics of Bangladesh 2025,2024-11,Gaibandha,,,,,,,457,325.0
BBS Yearbook of Agricultural Statistics of Bangladesh 2025,2024-11,Kurigram,435.0,275.0,,,,,459,291.0
BBS Yearbook of Agricultural Statistics of Bangladesh 2025,2024-11,Nilphamari,550.0,400.0,,,,,588,422.0
BBS Yearbook of Agricultural Statistics of Bangladesh 2025,2024-11,Lalmonirhat,491.0,304.0,415.0,275.0,,,536,338.0
BBS Yearbook of Agricultural Statistics of Bangladesh 2025,2024-11,Dinajpur,490.0,390.0,,,,,539,441.0
BBS Yearbook of Agricultural Statistics of Bangladesh 2025,2024-11,Thakurgaon,433.0,333.0,,,,,490,390.0
BBS Yearbook of Agricultural Statistics of Bangladesh 2025,2024-11,Panchagarh,470.0,346.0,,,,,500,374.0
BBS Yearbook of Agricultural Statistics of Bangladesh 2025,2024-12,Bandarban,671.0,471.0,621.0,432.0,571.0,382.0,673,480.0
BBS Yearbook of Agricultural Statistics of Bangladesh 2025,2024-12,Khagrachhari,450.0,300.0,,,,,494,404.0
BBS Yearbook of Agricultural Statistics of Bangladesh 2025,2024-12,Rangamati,446.0,317.0,425.0,300.0,,,536,373.0
BBS Yearbook of Agricultural Statistics of Bangladesh 2025,2024-12,Chittagong,706.0,476.0,631.0,450.0,558.0,409.0,776,542.0
BBS Yearbook of Agricultural Statistics of Bangladesh 2025,2024-12,Cox's Bazar,800.0,425.0,740.0,390.0,800.0,,852,475.0
BBS Yearbook of Agricultural Statistics of Bangladesh 2025,2024-12,Comilla,606.0,438.0,550.0,388.0,500.0,325.0,763,473.0
BBS Yearbook of Agricultural Statistics of Bangladesh 2025,2024-12,Chandpur,,,,,,,600,
BBS Yearbook of Agricultural Statistics of Bangladesh 2025,2024-12,Brahamanbaria,500.0,425.0,465.0,,438.0,367.0,578,500.0
BBS Yearbook of Agricultural Statistics of Bangladesh 2025,2024-12,Noakhali,650.0,,600.0,,525.0,,732,
BBS Yearbook of Agricultural Statistics of Bangladesh 2025,2024-12,Lakshmipur,,,,,,,510,
BBS Yearbook of Agricultural Statistics of Bangladesh 2025,2024-12,Feni,700.0,,,,,,750,
BBS Yearbook of Agricultural Statistics of Bangladesh 2025,2024-12,Sylhet,464.0,350.0,414.0,,375.0,,521,400.0
BBS Yearbook of Agricultural Statistics of Bangladesh 2025,2024-12,Sunamganj,494.0,352.0,,,,,535,395.0
BBS Yearbook of Agricultural Statistics of Bangladesh 2025,2024-12,Habiganj,575.0,400.0,,,,,583,421.0
BBS Yearbook of Agricultural Statistics of Bangladesh 2025,2024-12,Dhaka,625.0,470.0,610.0,420.0,610.0,370.0,710,570.0
BBS Yearbook of Agricultural Statistics of Bangladesh 2025,2024-12,Gazipur,600.0,,575.0,475.0,513.0,400.0,640,590.0
BBS Yearbook of Agricultural Statistics of Bangladesh 2025,2024-12,Manikganj,600.0,,572.0,470.0,500.0,400.0,640,583.0
BBS Yearbook of Agricultural Statistics of Bangladesh 2025,2024-12,Munshiganj,,,,,568.0,,613,450.0
BBS Yearbook of Agricultural Statistics of Bangladesh 2025,2024-12,Narayanganj,655.0,550.0,593.0,513.0,540.0,495.0,656,562.0
BBS Yearbook of Agricultural Statistics of Bangladesh 2025,2024-12,Faridpur,605.0,480.0,,,,,644,497.0
BBS Yearbook of Agricultural Statistics of Bangladesh 2025,2024-12,Rajbari,563.0,,575.0,,,,613,
BBS Yearbook of Agricultural Statistics of Bangladesh 2025,2024-12,Madaripur,504.0,463.0,,,625.0,,557,469.0
BBS Yearbook of Agricultural Statistics of Bangladesh 2025,2024-12,Gopalganj,600.0,,,,500.0,400.0,625,450.0
BBS Yearbook of Agricultural Statistics of Bangladesh 2025,2024-12,Shariatpur,630.0,400.0,,,600.0,,683,450.0
BBS Yearbook of Agricultural Statistics of Bangladesh 2025,2024-12,Tangail,610.0,440.0,541.0,390.0,532.0,340.0,636,495.0
BBS Yearbook of Agricultural Statistics of Bangladesh 2025,2024-12,Kishoreganj,624.0,,596.0,,558.0,,662,
BBS Yearbook of Agricultural Statistics of Bangladesh 2025,2024-12,Mymensingh,579.0,474.0,554.0,442.0,528.0,435.0,620,515.0
BBS Yearbook of Agricultural Statistics of Bangladesh 2025,2024-12,Netrakona,612.0,495.0,583.0,467.0,517.0,400.0,650,557.0
BBS Yearbook of Agricultural Statistics of Bangladesh 2025,2024-12,Barisal,586.0,,650.0,,,,650,
BBS Yearbook of Agricultural Statistics of Bangladesh 2025,2024-12,Jhalokati,632.0,,,,,,700,
BBS Yearbook of Agricultural Statistics of Bangladesh 2025,2024-12,Pirojpur,600.0,,593.0,,,,683,
BBS Yearbook of Agricultural Statistics of Bangladesh 2025,2024-12,Bhola,552.0,,525.0,,,,650,
BBS Yearbook of Agricultural Statistics of Bangladesh 2025,2024-12,Patuakhali,663.0,,585.0,500.0,,,744,
BBS Yearbook of Agricultural Statistics of Bangladesh 2025,2024-12,Barguna,600.0,450.0,570.0,,,,640,500.0
BBS Yearbook of Agricultural Statistics of Bangladesh 2025,2024-12,Jessore,413.0,287.0,350.0,245.0,,,418,288.0
BBS Yearbook of Agricultural Statistics of Bangladesh 2025,2024-12,Jhenaidah,422.0,314.0,412.0,,399.0,,443,334.0
BBS Yearbook of Agricultural Statistics of Bangladesh 2025,2024-12,Magura,495.0,,465.0,,402.0,,524,
BBS Yearbook of Agricultural Statistics of Bangladesh 2025,2024-12,Narail,518.0,323.0,,,,,562,362.0
BBS Yearbook of Agricultural Statistics of Bangladesh 2025,2024-12,Khulna,640.0,500.0,613.0,456.0,,,653,508.0
BBS Yearbook of Agricultural Statistics of Bangladesh 2025,2024-12,Bagerhat,592.0,,595.0,,,,653,375.0
BBS Yearbook of Agricultural Statistics of Bangladesh 2025,2024-12,Satkhira,384.0,277.0,303.0,250.0,,,400,320.0
BBS Yearbook of Agricultural Statistics of Bangladesh 2025,2024-12,Kushtia,552.0,,,,,,561,
BBS Yearbook of Agricultural Statistics of Bangladesh 2025,2024-12,Chuadanga,375.0,,,,,,438,
BBS Yearbook of Agricultural Statistics of Bangladesh 2025,2024-12,Meherpur,447.0,275.0,413.0,255.0,,,497,325.0
BBS Yearbook of Agricultural Statistics of Bangladesh 2025,2024-12,Rajshahi,519.0,403.0,517.0,389.0,,,552,434.0
BBS Yearbook of Agricultural Statistics of Bangladesh 2025,2024-12,Naogaon,484.0,384.0,,,,,532,433.0
BBS Yearbook of Agricultural Statistics of Bangladesh 2025,2024-12,Natore,453.0,357.0,400.0,300.0,,,511,404.0
BBS Yearbook of Agricultural Statistics of Bangladesh 2025,2024-12,Nawabganj,,,,,,,462,353.0
BBS Yearbook of Agricultural Statistics of Bangladesh 2025,2024-12,Bogra,617.0,,533.0,,400.0,,627,450.0
BBS Yearbook of Agricultural Statistics of Bangladesh 2025,2024-12,Joypurhat,618.0,352.0,572.0,322.0,500.0,272.0,642,376.0
BBS Yearbook of Agricultural Statistics of Bangladesh 2025,2024-12,Pabna,612.0,,,,,,617,400.0
BBS Yearbook of Agricultural Statistics of Bangladesh 2025,2024-12,Sirajganj,,,474.0,,,,500,338.0
BBS Yearbook of Agricultural Statistics of Bangladesh 2025,2024-12,Rangpur,450.0,350.0,,,,,510,353.0
BBS Yearbook of Agricultural Statistics of Bangladesh 2025,2024-12,Gaibandha,,,,,,,429,300.0
BBS Yearbook of Agricultural Statistics of Bangladesh 2025,2024-12,Kurigram,400.0,300.0,,,,,440,312.0
BBS Yearbook of Agricultural Statistics of Bangladesh 2025,2024-12,Nilphamari,517.0,350.0,,,,,555,382.0
BBS Yearbook of Agricultural Statistics of Bangladesh 2025,2024-12,Lalmonirhat,470.0,296.0,430.0,250.0,,,514,334.0
BBS Yearbook of Agricultural Statistics of Bangladesh 2025,2024-12,Dinajpur,473.0,373.0,,,,,522,422.0
BBS Yearbook of Agricultural Statistics of Bangladesh 2025,2024-12,Thakurgaon,433.0,342.0,,,,,490,380.0
BBS Yearbook of Agricultural Statistics of Bangladesh 2025,2024-12,Panchagarh,472.0,346.0,,,,,510,382.0
BBS Yearbook of Agricultural Statistics of Bangladesh 2025,2025-01,Bandarban,671.0,471.0,621.0,432.0,571.0,382.0,673,480.0
BBS Yearbook of Agricultural Statistics of Bangladesh 2025,2025-01,Khagrachhari,450.0,300.0,,,,,500,416.0
BBS Yearbook of Agricultural Statistics of Bangladesh 2025,2025-01,Rangamati,446.0,317.0,325.0,300.0,,,536,373.0
BBS Yearbook of Agricultural Statistics of Bangladesh 2025,2025-01,Chittagong,675.0,440.0,631.0,390.0,566.0,350.0,773,471.0
BBS Yearbook of Agricultural Statistics of Bangladesh 2025,2025-01,Cox's Bazar,829.0,425.0,805.0,390.0,756.0,,879,475.0
BBS Yearbook of Agricultural Statistics of Bangladesh 2025,2025-01,Comilla,606.0,438.0,556.0,388.0,530.0,325.0,713,473.0
BBS Yearbook of Agricultural Statistics of Bangladesh 2025,2025-01,Chandpur,,,,,,,600,
BBS Yearbook of Agricultural Statistics of Bangladesh 2025,2025-01,Brahamanbaria,493.0,450.0,450.0,,413.0,325.0,584,503.0
BBS Yearbook of Agricultural Statistics of Bangladesh 2025,2025-01,Noakhali,650.0,,600.0,,525.0,,732,
BBS Yearbook of Agricultural Statistics of Bangladesh 2025,2025-01,Lakshmipur,,,,,,,490,
BBS Yearbook of Agricultural Statistics of Bangladesh 2025,2025-01,Feni,700.0,,,,,,750,
BBS Yearbook of Agricultural Statistics of Bangladesh 2025,2025-01,Sylhet,464.0,350.0,405.0,,375.0,,538,425.0
BBS Yearbook of Agricultural Statistics of Bangladesh 2025,2025-01,Maulvibazar,483.0,413.0,400.0,350.0,,,527,443.0
BBS Yearbook of Agricultural Statistics of Bangladesh 2025,2025-01,Sunamganj,491.0,354.0,,,,,535,394.0
BBS Yearbook of Agricultural Statistics of Bangladesh 2025,2025-01,Habiganj,550.0,400.0,,,,,558,407.0
BBS Yearbook of Agricultural Statistics of Bangladesh 2025,2025-01,Dhaka,604.0,470.0,573.0,420.0,584.0,370.0,677,567.0
BBS Yearbook of Agricultural Statistics of Bangladesh 2025,2025-01,Gazipur,688.0,450.0,650.0,475.0,613.0,475.0,755,560.0
BBS Yearbook of Agricultural Statistics of Bangladesh 2025,2025-01,Manikganj,600.0,,573.0,463.0,525.0,400.0,636,508.0
BBS Yearbook of Agricultural Statistics of Bangladesh 2025,2025-01,Munshiganj,,,,,571.0,,609,350.0
BBS Yearbook of Agricultural Statistics of Bangladesh 2025,2025-01,Narayanganj,655.0,550.0,593.0,513.0,540.0,500.0,656,566.0
BBS Yearbook of Agricultural Statistics of Bangladesh 2025,2025-01,Narsingdi,,,618.0,420.0,580.0,,617,
BBS Yearbook of Agricultural Statistics of Bangladesh 2025,2025-01,Faridpur,600.0,400.0,,,,,639,420.0
BBS Yearbook of Agricultural Statistics of Bangladesh 2025,2025-01,Rajbari,583.0,,533.0,,,,630,
BBS Yearbook of Agricultural Statistics of Bangladesh 2025,2025-01,Madaripur,525.0,488.0,,,550.0,,572,488.0
BBS Yearbook of Agricultural Statistics of Bangladesh 2025,2025-01,Gopalganj,700.0,,,,525.0,400.0,652,442.0
BBS Yearbook of Agricultural Statistics of Bangladesh 2025,2025-01,Shariatpur,630.0,400.0,,,600.0,,683,450.0
BBS Yearbook of Agricultural Statistics of Bangladesh 2025,2025-01,Tangail,640.0,470.0,577.0,420.0,563.0,370.0,663,510.0
BBS Yearbook of Agricultural Statistics of Bangladesh 2025,2025-01,Kishoreganj,562.0,,566.0,,587.0,,628,
BBS Yearbook of Agricultural Statistics of Bangladesh 2025,2025-01,Mymensingh,578.0,466.0,555.0,448.0,525.0,430.0,618,518.0
BBS Yearbook of Agricultural Statistics of Bangladesh 2025,2025-01,Netrakona,613.0,500.0,591.0,473.0,555.0,450.0,657,563.0
BBS Yearbook of Agricultural Statistics of Bangladesh 2025,2025-01,Barisal,650.0,,593.0,,,,661,
BBS Yearbook of Agricultural Statistics of Bangladesh 2025,2025-01,Jhalokati,594.0,,,,,,673,
BBS Yearbook of Agricultural Statistics of Bangladesh 2025,2025-01,Pirojpur,675.0,,631.0,,,,704,
BBS Yearbook of Agricultural Statistics of Bangladesh 2025,2025-01,Bhola,553.0,,527.0,,,,652,
BBS Yearbook of Agricultural Statistics of Bangladesh 2025,2025-01,Patuakhali,608.0,,556.0,,,,664,
BBS Yearbook of Agricultural Statistics of Bangladesh 2025,2025-01,Barguna,600.0,450.0,570.0,,,,640,500.0
BBS Yearbook of Agricultural Statistics of Bangladesh 2025,2025-01,Jessore,418.0,287.0,390.0,262.0,,,438,313.0
BBS Yearbook of Agricultural Statistics of Bangladesh 2025,2025-01,Jhenaidah,479.0,385.0,471.0,,457.0,,499,400.0
BBS Yearbook of Agricultural Statistics of Bangladesh 2025,2025-01,Magura,490.0,,463.0,,302.0,,509,
BBS Yearbook of Agricultural Statistics of Bangladesh 2025,2025-01,Narail,517.0,320.0,,,,,570,370.0
BBS Yearbook of Agricultural Statistics of Bangladesh 2025,2025-01,Khulna,625.0,482.0,600.0,465.0,552.0,322.0,664,500.0
BBS Yearbook of Agricultural Statistics of Bangladesh 2025,2025-01,Bagerhat,600.0,,595.0,,,,589,367.0
BBS Yearbook of Agricultural Statistics of Bangladesh 2025,2025-01,Satkhira,365.0,261.0,285.0,250.0,,,418,283.0
BBS Yearbook of Agricultural Statistics of Bangladesh 2025,2025-01,Kushtia,554.0,,,,,,565,
BBS Yearbook of Agricultural Statistics of Bangladesh 2025,2025-01,Chuadanga,375.0,,,,,,438,
BBS Yearbook of Agricultural Statistics of Bangladesh 2025,2025-01,Meherpur,430.0,275.0,398.0,255.0,,,480,325.0
BBS Yearbook of Agricultural Statistics of Bangladesh 2025,2025-01,Rajshahi,504.0,390.0,527.0,375.0,,,553,431.0
BBS Yearbook of Agricultural Statistics of Bangladesh 2025,2025-01,Naogaon,470.0,370.0,,,,,526,426.0
BBS Yearbook of Agricultural Statistics of Bangladesh 2025,2025-01,Natore,450.0,350.0,380.0,330.0,,,510,396.0
BBS Yearbook of Agricultural Statistics of Bangladesh 2025,2025-01,Nawabganj,,,,,,,490,310.0
BBS Yearbook of Agricultural Statistics of Bangladesh 2025,2025-01,Bogra,513.0,,480.0,,350.0,,572,375.0
BBS Yearbook of Agricultural Statistics of Bangladesh 2025,2025-01,Joypurhat,628.0,340.0,584.0,312.0,550.0,300.0,656,366.0
BBS Yearbook of Agricultural Statistics of Bangladesh 2025,2025-01,Pabna,606.0,,,,,,700,400.0
BBS Yearbook of Agricultural Statistics of Bangladesh 2025,2025-01,Sirajganj,,,570.0,,,,512,400.0
BBS Yearbook of Agricultural Statistics of Bangladesh 2025,2025-01,Rangpur,466.0,333.0,,,,,511,350.0
BBS Yearbook of Agricultural Statistics of Bangladesh 2025,2025-01,Gaibandha,,,,,,,443,275.0
BBS Yearbook of Agricultural Statistics of Bangladesh 2025,2025-01,Kurigram,400.0,300.0,,,,,441,313.0
BBS Yearbook of Agricultural Statistics of Bangladesh 2025,2025-01,Nilphamari,517.0,350.0,,,,,558,385.0
BBS Yearbook of Agricultural Statistics of Bangladesh 2025,2025-01,Lalmonirhat,454.0,294.0,425.0,290.0,,,496,332.0
BBS Yearbook of Agricultural Statistics of Bangladesh 2025,2025-01,Dinajpur,467.0,363.0,,,,,506,403.0
BBS Yearbook of Agricultural Statistics of Bangladesh 2025,2025-01,Thakurgaon,400.0,300.0,,,,,450,350.0
BBS Yearbook of Agricultural Statistics of Bangladesh 2025,2025-01,Panchagarh,470.0,345.0,,,,,502,375.0
BBS Yearbook of Agricultural Statistics of Bangladesh 2025,2025-02,Bandarban,672.0,472.0,621.0,432.0,571.0,382.0,673,480.0
BBS Yearbook of Agricultural Statistics of Bangladesh 2025,2025-02,Khagrachhari,455.0,300.0,,,,,500,416.0
BBS Yearbook of Agricultural Statistics of Bangladesh 2025,2025-02,Rangamati,446.0,317.0,325.0,241.0,,,536,373.0
BBS Yearbook of Agricultural Statistics of Bangladesh 2025,2025-02,Chittagong,680.0,445.0,631.0,390.0,566.0,350.0,775,471.0
BBS Yearbook of Agricultural Statistics of Bangladesh 2025,2025-02,Cox's Bazar,829.0,425.0,805.0,390.0,756.0,,879,475.0
BBS Yearbook of Agricultural Statistics of Bangladesh 2025,2025-02,Comilla,606.0,325.0,556.0,438.0,530.0,388.0,813,473.0
BBS Yearbook of Agricultural Statistics of Bangladesh 2025,2025-02,Chandpur,,,,,,,600,
BBS Yearbook of Agricultural Statistics of Bangladesh 2025,2025-02,Brahamanbaria,493.0,450.0,450.0,,413.0,325.0,584,503.0
BBS Yearbook of Agricultural Statistics of Bangladesh 2025,2025-02,Noakhali,655.0,,600.0,,525.0,,735,
BBS Yearbook of Agricultural Statistics of Bangladesh 2025,2025-02,Feni,700.0,,,,,,750,
BBS Yearbook of Agricultural Statistics of Bangladesh 2025,2025-02,Sylhet,496.0,350.0,451.0,,388.0,,544,500.0
BBS Yearbook of Agricultural Statistics of Bangladesh 2025,2025-02,Maulvibazar,492.0,413.0,400.0,350.0,,,527,443.0
BBS Yearbook of Agricultural Statistics of Bangladesh 2025,2025-02,Sunamganj,489.0,354.0,,,,,533,391.0
BBS Yearbook of Agricultural Statistics of Bangladesh 2025,2025-02,Habiganj,538.0,425.0,,,,,521,417.0
BBS Yearbook of Agricultural Statistics of Bangladesh 2025,2025-02,Dhaka,592.0,483.0,572.0,433.0,507.0,383.0,648,550.0
BBS Yearbook of Agricultural Statistics of Bangladesh 2025,2025-02,Gazipur,638.0,500.0,,,531.0,445.0,710,555.0
BBS Yearbook of Agricultural Statistics of Bangladesh 2025,2025-02,Manikganj,650.0,500.0,601.0,450.0,540.0,400.0,682,538.0
BBS Yearbook of Agricultural Statistics of Bangladesh 2025,2025-02,Munshiganj,600.0,,,,567.0,,611,400.0
BBS Yearbook of Agricultural Statistics of Bangladesh 2025,2025-02,Narayanganj,655.0,550.0,593.0,513.0,540.0,500.0,656,566.0
BBS Yearbook of Agricultural Statistics of Bangladesh 2025,2025-02,Narsingdi,,,554.0,,543.0,,568,
BBS Yearbook of Agricultural Statistics of Bangladesh 2025,2025-02,Faridpur,581.0,,,,,,622,300.0
BBS Yearbook of Agricultural Statistics of Bangladesh 2025,2025-02,Rajbari,538.0,,483.0,,,,580,
BBS Yearbook of Agricultural Statistics of Bangladesh 2025,2025-02,Madaripur,458.0,400.0,,,500.0,,550,475.0
BBS Yearbook of Agricultural Statistics of Bangladesh 2025,2025-02,Gopalganj,700.0,,,,525.0,400.0,652,442.0
BBS Yearbook of Agricultural Statistics of Bangladesh 2025,2025-02,Shariatpur,630.0,400.0,,,600.0,,683,450.0
BBS Yearbook of Agricultural Statistics of Bangladesh 2025,2025-02,Tangail,630.0,460.0,582.0,410.0,550.0,360.0,659,505.0
BBS Yearbook of Agricultural Statistics of Bangladesh 2025,2025-02,Kishoreganj,556.0,,537.0,,500.0,,593,
BBS Yearbook of Agricultural Statistics of Bangladesh 2025,2025-02,Mymensingh,575.0,472.0,552.0,448.0,522.0,435.0,622,520.0
BBS Yearbook of Agricultural Statistics of Bangladesh 2025,2025-02,Netrakona,607.0,540.0,590.0,500.0,555.0,425.0,657,563.0
BBS Yearbook of Agricultural Statistics of Bangladesh 2025,2025-02,Barisal,593.0,,650.0,,,,628,475.0
BBS Yearbook of Agricultural Statistics of Bangladesh 2025,2025-02,Jhalokati,621.0,,,,,,689,
BBS Yearbook of Agricultural Statistics of Bangladesh 2025,2025-02,Pirojpur,600.0,,571.0,,,,647,400.0
BBS Yearbook of Agricultural Statistics of Bangladesh 2025,2025-02,Bhola,555.0,,527.0,,,,652,
BBS Yearbook of Agricultural Statistics of Bangladesh 2025,2025-02,Patuakhali,608.0,,556.0,,,,664,
BBS Yearbook of Agricultural Statistics of Bangladesh 2025,2025-02,Barguna,595.0,400.0,560.0,,,,650,500.0
BBS Yearbook of Agricultural Statistics of Bangladesh 2025,2025-02,Jessore,418.0,266.0,384.0,250.0,,,431,294.0
BBS Yearbook of Agricultural Statistics of Bangladesh 2025,2025-02,Jhenaidah,461.0,348.0,448.0,320.0,417.0,,490,366.0
BBS Yearbook of Agricultural Statistics of Bangladesh 2025,2025-02,Magura,477.0,380.0,447.0,350.0,293.0,330.0,501,400.0
BBS Yearbook of Agricultural Statistics of Bangladesh 2025,2025-02,Narail,500.0,309.0,,,,,560,359.0
BBS Yearbook of Agricultural Statistics of Bangladesh 2025,2025-02,Khulna,513.0,390.0,500.0,355.0,482.0,300.0,567,393.0
BBS Yearbook of Agricultural Statistics of Bangladesh 2025,2025-02,Bagerhat,,,590.0,,,,595,400.0
BBS Yearbook of Agricultural Statistics of Bangladesh 2025,2025-02,Satkhira,361.0,254.0,277.0,250.0,,,412,275.0
BBS Yearbook of Agricultural Statistics of Bangladesh 2025,2025-02,Kushtia,565.0,,,,,,578,
BBS Yearbook of Agricultural Statistics of Bangladesh 2025,2025-02,Chuadanga,375.0,,,,,,438,
BBS Yearbook of Agricultural Statistics of Bangladesh 2025,2025-02,Meherpur,455.0,275.0,423.0,255.0,,,505,325.0
BBS Yearbook of Agricultural Statistics of Bangladesh 2025,2025-02,Rajshahi,540.0,420.0,504.0,403.0,,,563,453.0
BBS Yearbook of Agricultural Statistics of Bangladesh 2025,2025-02,Naogaon,472.0,372.0,,,,,517,417.0
BBS Yearbook of Agricultural Statistics of Bangladesh 2025,2025-02,Natore,450.0,352.0,380.0,280.0,,,505,395.0
BBS Yearbook of Agricultural Statistics of Bangladesh 2025,2025-02,Nawabganj,,,450.0,,,,510,400.0
BBS Yearbook of Agricultural Statistics of Bangladesh 2025,2025-02,Bogra,530.0,350.0,470.0,,450.0,,567,365.0
BBS Yearbook of Agricultural Statistics of Bangladesh 2025,2025-02,Joypurhat,666.0,373.0,614.0,331.0,500.0,250.0,690,394.0
BBS Yearbook of Agricultural Statistics of Bangladesh 2025,2025-02,Pabna,578.0,,,,,,600,400.0
BBS Yearbook of Agricultural Statistics of Bangladesh 2025,2025-02,Sirajganj,,,450.0,,,,500,346.0
BBS Yearbook of Agricultural Statistics of Bangladesh 2025,2025-02,Rangpur,450.0,317.0,,,,,514,355.0
BBS Yearbook of Agricultural Statistics of Bangladesh 2025,2025-02,Gaibandha,,,,,,,432,283.0
BBS Yearbook of Agricultural Statistics of Bangladesh 2025,2025-02,Kurigram,389.0,267.0,,,,,453,294.0
BBS Yearbook of Agricultural Statistics of Bangladesh 2025,2025-02,Nilphamari,550.0,350.0,,,,,580,380.0
BBS Yearbook of Agricultural Statistics of Bangladesh 2025,2025-02,Lalmonirhat,454.0,294.0,425.0,290.0,,,496,332.0
BBS Yearbook of Agricultural Statistics of Bangladesh 2025,2025-02,Dinajpur,470.0,383.0,,,,,502,407.0
BBS Yearbook of Agricultural Statistics of Bangladesh 2025,2025-02,Thakurgaon,416.0,333.0,,,,,470,370.0
BBS Yearbook of Agricultural Statistics of Bangladesh 2025,2025-02,Panchagarh,470.0,336.0,,,,,497,363.0
BBS Yearbook of Agricultural Statistics of Bangladesh 2025,2025-03,Bandarban,650.0,475.0,600.0,450.0,550.0,400.0,667,492.0
BBS Yearbook of Agricultural Statistics of Bangladesh 2025,2025-03,Khagrachhari,450.0,300.0,,,,,500,416.0
BBS Yearbook of Agricultural Statistics of Bangladesh 2025,2025-03,Rangamati,369.0,282.0,313.0,232.0,,,539,369.0
BBS Yearbook of Agricultural Statistics of Bangladesh 2025,2025-03,Chittagong,690.0,555.0,641.0,400.0,576.0,360.0,785,481.0
BBS Yearbook of Agricultural Statistics of Bangladesh 2025,2025-03,Cox's Bazar,829.0,425.0,756.0,390.0,700.0,,879,475.0
BBS Yearbook of Agricultural Statistics of Bangladesh 2025,2025-03,Comilla,619.0,350.0,569.0,463.0,510.0,375.0,809,494.0
BBS Yearbook of Agricultural Statistics of Bangladesh 2025,2025-03,Chandpur,,,,,,,600,
BBS Yearbook of Agricultural Statistics of Bangladesh 2025,2025-03,Brahamanbaria,492.0,417.0,450.0,350.0,400.0,,558,488.0
BBS Yearbook of Agricultural Statistics of Bangladesh 2025,2025-03,Noakhali,655.0,,600.0,,525.0,,735,
BBS Yearbook of Agricultural Statistics of Bangladesh 2025,2025-03,Lakshmipur,,,,,,,492,
BBS Yearbook of Agricultural Statistics of Bangladesh 2025,2025-03,Feni,700.0,,,,,,750,
BBS Yearbook of Agricultural Statistics of Bangladesh 2025,2025-03,Sylhet,500.0,350.0,471.0,,388.0,,553,500.0
BBS Yearbook of Agricultural Statistics of Bangladesh 2025,2025-03,Maulvibazar,500.0,413.0,400.0,400.0,,,535,443.0
BBS Yearbook of Agricultural Statistics of Bangladesh 2025,2025-03,Sunamganj,529.0,437.0,,,,,583,479.0
BBS Yearbook of Agricultural Statistics of Bangladesh 2025,2025-03,Habiganj,563.0,425.0,,,,,580,467.0
BBS Yearbook of Agricultural Statistics of Bangladesh 2025,2025-03,Dhaka,617.0,483.0,588.0,433.0,548.0,383.0,658,550.0
BBS Yearbook of Agricultural Statistics of Bangladesh 2025,2025-03,Gazipur,688.0,450.0,650.0,400.0,569.0,431.0,710,535.0
BBS Yearbook of Agricultural Statistics of Bangladesh 2025,2025-03,Manikganj,625.0,500.0,578.0,463.0,526.0,400.0,647,525.0
BBS Yearbook of Agricultural Statistics of Bangladesh 2025,2025-03,Munshiganj,500.0,,,,589.0,,648,450.0
BBS Yearbook of Agricultural Statistics of Bangladesh 2025,2025-03,Narayanganj,655.0,560.0,593.0,513.0,540.0,500.0,658,566.0
BBS Yearbook of Agricultural Statistics of Bangladesh 2025,2025-03,Faridpur,594.0,,,,,,644,342.0
BBS Yearbook of Agricultural Statistics of Bangladesh 2025,2025-03,Rajbari,538.0,450.0,525.0,,,,614,
BBS Yearbook of Agricultural Statistics of Bangladesh 2025,2025-03,Madaripur,458.0,425.0,,,500.0,,547,448.0
BBS Yearbook of Agricultural Statistics of Bangladesh 2025,2025-03,Gopalganj,700.0,,,,500.0,350.0,565,392.0
BBS Yearbook of Agricultural Statistics of Bangladesh 2025,2025-03,Shariatpur,640.0,400.0,,,600.0,,692,450.0
BBS Yearbook of Agricultural Statistics of Bangladesh 2025,2025-03,Tangail,610.0,440.0,560.0,390.0,522.0,340.0,644,495.0
BBS Yearbook of Agricultural Statistics of Bangladesh 2025,2025-03,Kishoreganj,553.0,,547.0,,540.0,,610,
BBS Yearbook of Agricultural Statistics of Bangladesh 2025,2025-03,Mymensingh,580.0,485.0,553.0,465.0,520.0,440.0,624,524.0
BBS Yearbook of Agricultural Statistics of Bangladesh 2025,2025-03,Netrakona,584.0,525.0,579.0,511.0,555.0,400.0,634,562.0
BBS Yearbook of Agricultural Statistics of Bangladesh 2025,2025-03,Barisal,618.0,500.0,587.0,,,,650,550.0
BBS Yearbook of Agricultural Statistics of Bangladesh 2025,2025-03,Jhalokati,600.0,,,,,,679,
BBS Yearbook of Agricultural Statistics of Bangladesh 2025,2025-03,Pirojpur,600.0,,573.0,,,,650,400.0
BBS Yearbook of Agricultural Statistics of Bangladesh 2025,2025-03,Bhola,556.0,,528.0,,,,654,
BBS Yearbook of Agricultural Statistics of Bangladesh 2025,2025-03,Patuakhali,608.0,,556.0,,,,673,
BBS Yearbook of Agricultural Statistics of Bangladesh 2025,2025-03,Barguna,595.0,450.0,560.0,,,,640,500.0
BBS Yearbook of Agricultural Statistics of Bangladesh 2025,2025-03,Jessore,407.0,265.0,384.0,275.0,,,406,295.0
BBS Yearbook of Agricultural Statistics of Bangladesh 2025,2025-03,Jhenaidah,434.0,326.0,433.0,320.0,424.0,,451,346.0
BBS Yearbook of Agricultural Statistics of Bangladesh 2025,2025-03,Magura,485.0,380.0,460.0,350.0,293.0,330.0,513,400.0
BBS Yearbook of Agricultural Statistics of Bangladesh 2025,2025-03,Narail,473.0,285.0,,,,,531,333.0
BBS Yearbook of Agricultural Statistics of Bangladesh 2025,2025-03,Khulna,610.0,505.0,613.0,490.0,580.0,369.0,614,480.0
BBS Yearbook of Agricultural Statistics of Bangladesh 2025,2025-03,Bagerhat,,,590.0,,580.0,,600,400.0
BBS Yearbook of Agricultural Statistics of Bangladesh 2025,2025-03,Satkhira,342.0,279.0,307.0,250.0,,,438,303.0
BBS Yearbook of Agricultural Statistics of Bangladesh 2025,2025-03,Kushtia,561.0,,,,,,571,
BBS Yearbook of Agricultural Statistics of Bangladesh 2025,2025-03,Chuadanga,375.0,,,,,,438,
BBS Yearbook of Agricultural Statistics of Bangladesh 2025,2025-03,Meherpur,515.0,300.0,478.0,275.0,,,564,350.0
BBS Yearbook of Agricultural Statistics of Bangladesh 2025,2025-03,Rajshahi,548.0,418.0,514.0,403.0,,,584,446.0
BBS Yearbook of Agricultural Statistics of Bangladesh 2025,2025-03,Naogaon,468.0,369.0,,,,,515,415.0
BBS Yearbook of Agricultural Statistics of Bangladesh 2025,2025-03,Natore,453.0,348.0,380.0,340.0,,,510,386.0
BBS Yearbook of Agricultural Statistics of Bangladesh 2025,2025-03,Nawabganj,,,450.0,,,,467,358.0
BBS Yearbook of Agricultural Statistics of Bangladesh 2025,2025-03,Bogra,520.0,,488.0,,350.0,,577,365.0
BBS Yearbook of Agricultural Statistics of Bangladesh 2025,2025-03,Joypurhat,658.0,362.0,618.0,328.0,570.0,260.0,684,382.0
BBS Yearbook of Agricultural Statistics of Bangladesh 2025,2025-03,Pabna,650.0,,,,,,600,350.0
BBS Yearbook of Agricultural Statistics of Bangladesh 2025,2025-03,Sirajganj,,,520.0,,,,488,375.0
BBS Yearbook of Agricultural Statistics of Bangladesh 2025,2025-03,Rangpur,417.0,300.0,,,,,511,349.0
BBS Yearbook of Agricultural Statistics of Bangladesh 2025,2025-03,Gaibandha,,,,,,,436,283.0
BBS Yearbook of Agricultural Statistics of Bangladesh 2025,2025-03,Kurigram,394.0,301.0,,,,,440,288.0
BBS Yearbook of Agricultural Statistics of Bangladesh 2025,2025-03,Nilphamari,500.0,287.0,,,,,527,313.0
BBS Yearbook of Agricultural Statistics of Bangladesh 2025,2025-03,Lalmonirhat,450.0,290.0,415.0,250.0,,,493,332.0
BBS Yearbook of Agricultural Statistics of Bangladesh 2025,2025-03,Dinajpur,453.0,363.0,,,,,496,400.0
BBS Yearbook of Agricultural Statistics of Bangladesh 2025,2025-03,Thakurgaon,417.0,350.0,,,,,450,370.0
BBS Yearbook of Agricultural Statistics of Bangladesh 2025,2025-03,Panchagarh,476.0,341.0,,,,,506,370.0
BBS Yearbook of Agricultural Statistics of Bangladesh 2025,2025-04,Bandarban,671.0,471.0,621.0,432.0,571.0,382.0,673,480.0
BBS Yearbook of Agricultural Statistics of Bangladesh 2025,2025-04,Khagrachhari,450.0,300.0,,,,,500,416.0
BBS Yearbook of Agricultural Statistics of Bangladesh 2025,2025-04,Rangamati,,313.0,413.0,300.0,,,525,359.0
BBS Yearbook of Agricultural Statistics of Bangladesh 2025,2025-04,Chittagong,675.0,440.0,631.0,390.0,566.0,350.0,773,471.0
BBS Yearbook of Agricultural Statistics of Bangladesh 2025,2025-04,Cox's Bazar,450.0,300.0,,,,,500,416.0
BBS Yearbook of Agricultural Statistics of Bangladesh 2025,2025-04,Comilla,656.0,325.0,588.0,463.0,490.0,363.0,700,506.0
BBS Yearbook of Agricultural Statistics of Bangladesh 2025,2025-04,Chandpur,,,,,,,600,
BBS Yearbook of Agricultural Statistics of Bangladesh 2025,2025-04,Brahamanbaria,493.0,450.0,450.0,,413.0,325.0,584,503.0
BBS Yearbook of Agricultural Statistics of Bangladesh 2025,2025-04,Noakhali,650.0,,600.0,,525.0,,732,
BBS Yearbook of Agricultural Statistics of Bangladesh 2025,2025-04,Lakshmipur,446.0,317.0,325.0,241.0,,,536,373.0
BBS Yearbook of Agricultural Statistics of Bangladesh 2025,2025-04,Feni,700.0,,,,,,750,
BBS Yearbook of Agricultural Statistics of Bangladesh 2025,2025-04,Sylhet,500.0,350.0,472.0,,388.0,,557,500.0
BBS Yearbook of Agricultural Statistics of Bangladesh 2025,2025-04,Maulvibazar,502.0,400.0,413.0,350.0,,,551,443.0
BBS Yearbook of Agricultural Statistics of Bangladesh 2025,2025-04,Sunamganj,529.0,437.0,,,,,583,479.0
BBS Yearbook of Agricultural Statistics of Bangladesh 2025,2025-04,Habiganj,628.0,450.0,,,,,638,479.0
BBS Yearbook of Agricultural Statistics of Bangladesh 2025,2025-04,Dhaka,687.0,500.0,607.0,450.0,570.0,400.0,699,550.0
BBS Yearbook of Agricultural Statistics of Bangladesh 2025,2025-04,Gazipur,749.0,569.0,700.0,550.0,644.0,519.0,750,600.0
BBS Yearbook of Agricultural Statistics of Bangladesh 2025,2025-04,Manikganj,625.0,500.0,594.0,475.0,550.0,400.0,668,538.0
BBS Yearbook of Agricultural Statistics of Bangladesh 2025,2025-04,Munshiganj,500.0,,,,591.0,,636,450.0
BBS Yearbook of Agricultural Statistics of Bangladesh 2025,2025-04,Narayanganj,655.0,560.0,593.0,518.0,540.0,510.0,659,567.0
BBS Yearbook of Agricultural Statistics of Bangladesh 2025,2025-04,Faridpur,581.0,,,,,,628,325.0
BBS Yearbook of Agricultural Statistics of Bangladesh 2025,2025-04,Rajbari,567.0,,510.0,,,,595,
BBS Yearbook of Agricultural Statistics of Bangladesh 2025,2025-04,Madaripur,559.0,538.0,,,650.0,,650,625.0
BBS Yearbook of Agricultural Statistics of Bangladesh 2025,2025-04,Gopalganj,700.0,,,,644.0,350.0,765,400.0
BBS Yearbook of Agricultural Statistics of Bangladesh 2025,2025-04,Shariatpur,640.0,400.0,,,600.0,,692,450.0
BBS Yearbook of Agricultural Statistics of Bangladesh 2025,2025-04,Tangail,620.0,450.0,616.0,400.0,599.0,350.0,714,556.0
BBS Yearbook of Agricultural Statistics of Bangladesh 2025,2025-04,Kishoreganj,670.0,,656.0,,622.0,,774,
BBS Yearbook of Agricultural Statistics of Bangladesh 2025,2025-04,Mymensingh,666.0,510.0,615.0,464.0,567.0,438.0,748,558.0
BBS Yearbook of Agricultural Statistics of Bangladesh 2025,2025-04,Netrakona,714.0,590.0,675.0,567.0,650.0,550.0,749,633.0
BBS Yearbook of Agricultural Statistics of Bangladesh 2025,2025-04,Barisal,600.0,500.0,650.0,,,,634,620.0
BBS Yearbook of Agricultural Statistics of Bangladesh 2025,2025-04,Jhalokati,625.0,,,,,,697,
BBS Yearbook of Agricultural Statistics of Bangladesh 2025,2025-04,Pirojpur,694.0,,625.0,,,,727,400.0
BBS Yearbook of Agricultural Statistics of Bangladesh 2025,2025-04,Bhola,556.0,,529.0,,,,655,
BBS Yearbook of Agricultural Statistics of Bangladesh 2025,2025-04,Patuakhali,625.0,,575.0,,,,719,
BBS Yearbook of Agricultural Statistics of Bangladesh 2025,2025-04,Barguna,595.0,450.0,560.0,,,,640,500.0
BBS Yearbook of Agricultural Statistics of Bangladesh 2025,2025-04,Jessore,611.0,415.0,600.0,393.0,,,644,486.0
BBS Yearbook of Agricultural Statistics of Bangladesh 2025,2025-04,Jhenaidah,475.0,341.0,473.0,356.0,465.0,,498,364.0
BBS Yearbook of Agricultural Statistics of Bangladesh 2025,2025-04,Magura,652.0,480.0,628.0,460.0,575.0,450.0,676,500.0
BBS Yearbook of Agricultural Statistics of Bangladesh 2025,2025-04,Narail,608.0,396.0,,,,,658,431.0
BBS Yearbook of Agricultural Statistics of Bangladesh 2025,2025-04,Khulna,632.0,503.0,600.0,483.0,575.0,,694,573.0
BBS Yearbook of Agricultural Statistics of Bangladesh 2025,2025-04,Bagerhat,,,647.0,500.0,600.0,467.0,731,550.0
BBS Yearbook of Agricultural Statistics of Bangladesh 2025,2025-04,Satkhira,540.0,414.0,493.0,358.0,,,603,455.0
BBS Yearbook of Agricultural Statistics of Bangladesh 2025,2025-04,Kushtia,584.0,,580.0,,,,591,
BBS Yearbook of Agricultural Statistics of Bangladesh 2025,2025-04,Chuadanga,388.0,,,,,,463,
BBS Yearbook of Agricultural Statistics of Bangladesh 2025,2025-04,Meherpur,477.0,300.0,45.0,275.0,,,527,350.0
BBS Yearbook of Agricultural Statistics of Bangladesh 2025,2025-04,Rajshahi,507.0,420.0,542.0,403.0,,,577,445.0
BBS Yearbook of Agricultural Statistics of Bangladesh 2025,2025-04,Naogaon,488.0,388.0,,,,,541,441.0
BBS Yearbook of Agricultural Statistics of Bangladesh 2025,2025-04,Natore,517.0,367.0,500.0,350.0,,,586,429.0
BBS Yearbook of Agricultural Statistics of Bangladesh 2025,2025-04,Nawabganj,,,,,,,482,363.0
BBS Yearbook of Agricultural Statistics of Bangladesh 2025,2025-04,Bogra,595.0,,550.0,,525.0,,621,388.0
BBS Yearbook of Agricultural Statistics of Bangladesh 2025,2025-04,Joypurhat,636.0,332.0,594.0,298.0,550.0,275.0,658,360.0
BBS Yearbook of Agricultural Statistics of Bangladesh 2025,2025-04,Pabna,650.0,,,,,,583,400.0
BBS Yearbook of Agricultural Statistics of Bangladesh 2025,2025-04,Sirajganj,,,670.0,,,,565,513.0
BBS Yearbook of Agricultural Statistics of Bangladesh 2025,2025-04,Rangpur,470.0,327.0,,,,,522,361.0
BBS Yearbook of Agricultural Statistics of Bangladesh 2025,2025-04,Gaibandha,,,,,,,452,300.0
BBS Yearbook of Agricultural Statistics of Bangladesh 2025,2025-04,Kurigram,,,,,,,500,300.0
BBS Yearbook of Agricultural Statistics of Bangladesh 2025,2025-04,Nilphamari,500.0,293.0,,,,,535,327.0
BBS Yearbook of Agricultural Statistics of Bangladesh 2025,2025-04,Lalmonirhat,456.0,290.0,415.0,250.0,,,500,330.0
BBS Yearbook of Agricultural Statistics of Bangladesh 2025,2025-04,Thakurgaon,417.0,333.0,,,,,430,330.0
BBS Yearbook of Agricultural Statistics of Bangladesh 2025,2025-04,Panchagarh,484.0,349.0,,,,,514,373.0
BBS Yearbook of Agricultural Statistics of Bangladesh 2025,2025-05,Bandarban,633.0,467.0,583.0,425.0,533.0,375.0,686,486.0
BBS Yearbook of Agricultural Statistics of Bangladesh 2025,2025-05,Khagrachhari,450.0,300.0,,,,,500,416.0
BBS Yearbook of Agricultural Statistics of Bangladesh 2025,2025-05,Rangamati,465.0,325.0,400.0,300.0,,,542,395.0
BBS Yearbook of Agricultural Statistics of Bangladesh 2025,2025-05,Chittagong,695.0,450.0,651.0,410.0,576.0,370.0,793,491.0
BBS Yearbook of Agricultural Statistics of Bangladesh 2025,2025-05,Cox's Bazar,450.0,300.0,,,,,500,416.0
BBS Yearbook of Agricultural Statistics of Bangladesh 2025,2025-05,Comilla,656.0,463.0,588.0,400.0,515.0,363.0,831,506.0
BBS Yearbook of Agricultural Statistics of Bangladesh 2025,2025-05,Chandpur,,,,,,,600,
BBS Yearbook of Agricultural Statistics of Bangladesh 2025,2025-05,Brahamanbaria,493.0,450.0,450.0,,413.0,325.0,584,503.0
BBS Yearbook of Agricultural Statistics of Bangladesh 2025,2025-05,Noakhali,650.0,,600.0,,525.0,,732,
BBS Yearbook of Agricultural Statistics of Bangladesh 2025,2025-05,Lakshmipur,446.0,317.0,325.0,300.0,,,536,373.0
BBS Yearbook of Agricultural Statistics of Bangladesh 2025,2025-05,Feni,700.0,,,,,,800,
BBS Yearbook of Agricultural Statistics of Bangladesh 2025,2025-05,Sylhet,507.0,440.0,500.0,,,,553,450.0
BBS Yearbook of Agricultural Statistics of Bangladesh 2025,2025-05,Maulvibazar,519.0,400.0,413.0,350.0,,,568,443.0
BBS Yearbook of Agricultural Statistics of Bangladesh 2025,2025-05,Sunamganj,528.0,436.0,,,,,578,480.0
BBS Yearbook of Agricultural Statistics of Bangladesh 2025,2025-05,Habiganj,538.0,400.0,,,,,589,443.0
BBS Yearbook of Agricultural Statistics of Bangladesh 2025,2025-05,Dhaka,800.0,550.0,672.0,500.0,650.0,450.0,797,617.0
BBS Yearbook of Agricultural Statistics of Bangladesh 2025,2025-05,Gazipur,933.0,767.0,900.0,750.0,844.0,719.0,950,834.0
BBS Yearbook of Agricultural Statistics of Bangladesh 2025,2025-05,Manikganj,760.0,600.0,705.0,584.0,675.0,500.0,800,675.0
BBS Yearbook of Agricultural Statistics of Bangladesh 2025,2025-05,Munshiganj,,,,,600.0,,611,375.0
BBS Yearbook of Agricultural Statistics of Bangladesh 2025,2025-05,Narayanganj,665.0,560.0,598.0,523.0,540.0,510.0,662,567.0
BBS Yearbook of Agricultural Statistics of Bangladesh 2025,2025-05,Narsingdi,,,726.0,514.0,700.0,500.0,827,
BBS Yearbook of Agricultural Statistics of Bangladesh 2025,2025-05,Faridpur,600.0,,,,,,661,338.0
BBS Yearbook of Agricultural Statistics of Bangladesh 2025,2025-05,Rajbari,575.0,,557.0,,,,637,
BBS Yearbook of Agricultural Statistics of Bangladesh 2025,2025-05,Madaripur,554.0,457.0,550.0,,525.0,,638,500.0
BBS Yearbook of Agricultural Statistics of Bangladesh 2025,2025-05,Gopalganj,720.0,,,,700.0,650.0,740,700.0
BBS Yearbook of Agricultural Statistics of Bangladesh 2025,2025-05,Shariatpur,640.0,400.0,,,600.0,,692,450.0
BBS Yearbook of Agricultural Statistics of Bangladesh 2025,2025-05,Tangail,840.0,650.0,772.0,600.0,695.0,550.0,831,625.0
BBS Yearbook of Agricultural Statistics of Bangladesh 2025,2025-05,Kishoreganj,678.0,,667.0,,634.0,,686,
BBS Yearbook of Agricultural Statistics of Bangladesh 2025,2025-05,Mymensingh,634.0,515.0,588.0,473.0,553.0,442.0,700,558.0
BBS Yearbook of Agricultural Statistics of Bangladesh 2025,2025-05,Netrakona,701.0,543.0,654.0,517.0,550.0,450.0,745,600.0
BBS Yearbook of Agricultural Statistics of Bangladesh 2025,2025-05,Barisal,634.0,500.0,600.0,,,,650,520.0
BBS Yearbook of Agricultural Statistics of Bangladesh 2025,2025-05,Jhalokati,641.0,,,,,,708,
BBS Yearbook of Agricultural Statistics of Bangladesh 2025,2025-05,Pirojpur,650.0,,621.0,,,,711,500.0
BBS Yearbook of Agricultural Statistics of Bangladesh 2025,2025-05,Bhola,557.0,,530.0,,,,708,
BBS Yearbook of Agricultural Statistics of Bangladesh 2025,2025-05,Patuakhali,669.0,,619.0,,,,719,
BBS Yearbook of Agricultural Statistics of Bangladesh 2025,2025-05,Barguna,595.0,450.0,560.0,,,,650,500.0
BBS Yearbook of Agricultural Statistics of Bangladesh 2025,2025-05,Jessore,418.0,308.0,413.0,303.0,,,463,367.0
BBS Yearbook of Agricultural Statistics of Bangladesh 2025,2025-05,Jhenaidah,497.0,356.0,480.0,350.0,466.0,,518,373.0
BBS Yearbook of Agricultural Statistics of Bangladesh 2025,2025-05,Magura,600.0,480.0,580.0,460.0,550.0,,625,500.0
BBS Yearbook of Agricultural Statistics of Bangladesh 2025,2025-05,Narail,511.0,305.0,,,,,565,353.0
BBS Yearbook of Agricultural Statistics of Bangladesh 2025,2025-05,Khulna,612.0,483.0,587.0,430.0,550.0,,630,500.0
BBS Yearbook of Agricultural Statistics of Bangladesh 2025,2025-05,Bagerhat,,,607.0,,500.0,,617,400.0
BBS Yearbook of Agricultural Statistics of Bangladesh 2025,2025-05,Satkhira,436.0,330.0,368.0,300.0,,,500,370.0
BBS Yearbook of Agricultural Statistics of Bangladesh 2025,2025-05,Kushtia,581.0,,580.0,,,,591,
BBS Yearbook of Agricultural Statistics of Bangladesh 2025,2025-05,Chuadanga,388.0,,,,,,463,
BBS Yearbook of Agricultural Statistics of Bangladesh 2025,2025-05,Meherpur,465.0,300.0,428.0,275.0,,,514,350.0
BBS Yearbook of Agricultural Statistics of Bangladesh 2025,2025-05,Rajshahi,545.0,427.0,509.0,410.0,,,580,448.0
BBS Yearbook of Agricultural Statistics of Bangladesh 2025,2025-05,Naogaon,546.0,444.0,,,,,595,495.0
BBS Yearbook of Agricultural Statistics of Bangladesh 2025,2025-05,Natore,537.0,400.0,500.0,350.0,,,589,459.0
BBS Yearbook of Agricultural Statistics of Bangladesh 2025,2025-05,Nawabganj,,,,,,,511,375.0
BBS Yearbook of Agricultural Statistics of Bangladesh 2025,2025-05,Bogra,680.0,,663.0,,550.0,,694,525.0
BBS Yearbook of Agricultural Statistics of Bangladesh 2025,2025-05,Joypurhat,666.0,366.0,616.0,320.0,570.0,300.0,700,394.0
BBS Yearbook of Agricultural Statistics of Bangladesh 2025,2025-05,Pabna,700.0,,,,,,639,550.0
BBS Yearbook of Agricultural Statistics of Bangladesh 2025,2025-05,Sirajganj,,,700.0,,,,725,500.0
BBS Yearbook of Agricultural Statistics of Bangladesh 2025,2025-05,Rangpur,500.0,350.0,,,,,556,388.0
BBS Yearbook of Agricultural Statistics of Bangladesh 2025,2025-05,Gaibandha,,,,,,,582,383.0
BBS Yearbook of Agricultural Statistics of Bangladesh 2025,2025-05,Kurigram,444.0,326.0,,,,,522,345.0
BBS Yearbook of Agricultural Statistics of Bangladesh 2025,2025-05,Nilphamari,583.0,377.0,,,,,632,423.0
BBS Yearbook of Agricultural Statistics of Bangladesh 2025,2025-05,Lalmonirhat,530.0,304.0,515.0,300.0,,,572,344.0
BBS Yearbook of Agricultural Statistics of Bangladesh 2025,2025-05,Dinajpur,519.0,429.0,,,,,560,459.0
BBS Yearbook of Agricultural Statistics of Bangladesh 2025,2025-05,Thakurgaon,467.0,400.0,,,,,510,430.0
BBS Yearbook of Agricultural Statistics of Bangladesh 2025,2025-05,Panchagarh,482.0,347.0,,,,,512,375.0
BBS Yearbook of Agricultural Statistics of Bangladesh 2025,2025-06,Bandarban,633.0,467.0,583.0,425.0,533.0,375.0,686,486.0
BBS Yearbook of Agricultural Statistics of Bangladesh 2025,2025-06,Khagrachhari,450.0,300.0,,,,,500,416.0
BBS Yearbook of Agricultural Statistics of Bangladesh 2025,2025-06,Rangamati,450.0,327.0,327.0,229.0,,,510,370.0
BBS Yearbook of Agricultural Statistics of Bangladesh 2025,2025-06,Chittagong,695.0,450.0,651.0,410.0,576.0,370.0,793,491.0
BBS Yearbook of Agricultural Statistics of Bangladesh 2025,2025-06,Cox's Bazar,775.0,433.0,739.0,403.0,720.0,,833,483.0
BBS Yearbook of Agricultural Statistics of Bangladesh 2025,2025-06,Comilla,675.0,443.0,588.0,363.0,490.0,263.0,838,500.0
BBS Yearbook of Agricultural Statistics of Bangladesh 2025,2025-06,Chandpur,,,,,,,650,
BBS Yearbook of Agricultural Statistics of Bangladesh 2025,2025-06,Brahamanbaria,550.0,283.0,450.0,350.0,400.0,,628,375.0
BBS Yearbook of Agricultural Statistics of Bangladesh 2025,2025-06,Noakhali,650.0,,600.0,,525.0,,732,
BBS Yearbook of Agricultural Statistics of Bangladesh 2025,2025-06,Lakshmipur,446.0,317.0,325.0,241.0,,,536,373.0
BBS Yearbook of Agricultural Statistics of Bangladesh 2025,2025-06,Feni,700.0,,,,,,800,
BBS Yearbook of Agricultural Statistics of Bangladesh 2025,2025-06,Sylhet,504.0,450.0,439.0,,,,556,500.0
BBS Yearbook of Agricultural Statistics of Bangladesh 2025,2025-06,Maulvibazar,517.0,423.0,400.0,276.0,,,555,455.0
BBS Yearbook of Agricultural Statistics of Bangladesh 2025,2025-06,Sunamganj,520.0,432.0,,,,,570,475.0
BBS Yearbook of Agricultural Statistics of Bangladesh 2025,2025-06,Habiganj,513.0,375.0,,,,,556,450.0
BBS Yearbook of Agricultural Statistics of Bangladesh 2025,2025-06,Dhaka,750.0,550.0,654.0,500.0,650.0,450.0,754,600.0
BBS Yearbook of Agricultural Statistics of Bangladesh 2025,2025-06,Gazipur,650.0,425.0,,,544.0,406.0,675,485.0
BBS Yearbook of Agricultural Statistics of Bangladesh 2025,2025-06,Manikganj,950.0,,895.0,725.0,820.0,600.0,979,761.0
BBS Yearbook of Agricultural Statistics of Bangladesh 2025,2025-06,Munshiganj,550.0,,,,559.0,,599,400.0
BBS Yearbook of Agricultural Statistics of Bangladesh 2025,2025-06,Narayanganj,660.0,560.0,598.0,523.0,540.0,510.0,674,567.0
BBS Yearbook of Agricultural Statistics of Bangladesh 2025,2025-06,Narsingdi,,,696.0,375.0,616.0,281.0,686,
BBS Yearbook of Agricultural Statistics of Bangladesh 2025,2025-06,Faridpur,593.0,,,,,,639,325.0
BBS Yearbook of Agricultural Statistics of Bangladesh 2025,2025-06,Rajbari,550.0,,533.0,,,,630,
BBS Yearbook of Agricultural Statistics of Bangladesh 2025,2025-06,Madaripur,529.0,494.0,500.0,,467.0,,585,489.0
BBS Yearbook of Agricultural Statistics of Bangladesh 2025,2025-06,Gopalganj,650.0,,,,575.0,500.0,640,600.0
BBS Yearbook of Agricultural Statistics of Bangladesh 2025,2025-06,Shariatpur,670.0,425.0,,,600.0,,725,480.0
BBS Yearbook of Agricultural Statistics of Bangladesh 2025,2025-06,Tangail,730.0,540.0,601.0,490.0,544.0,440.0,687,570.0
BBS Yearbook of Agricultural Statistics of Bangladesh 2025,2025-06,Kishoreganj,,,515.0,,644.0,,480,
BBS Yearbook of Agricultural Statistics of Bangladesh 2025,2025-06,Mymensingh,606.0,512.0,571.0,472.0,533.0,440.0,660,550.0
BBS Yearbook of Agricultural Statistics of Bangladesh 2025,2025-06,Jamalpur,575.0,350.0,551.0,335.0,538.0,300.0,626,403.0
BBS Yearbook of Agricultural Statistics of Bangladesh 2025,2025-06,Netrakona,591.0,520.0,562.0,493.0,525.0,450.0,634,567.0
BBS Yearbook of Agricultural Statistics of Bangladesh 2025,2025-06,Bhola,554.0,,526.0,,,,653,
BBS Yearbook of Agricultural Statistics of Bangladesh 2025,2025-06,Jessore,371.0,276.0,373.0,287.0,,,431,340.0
BBS Yearbook of Agricultural Statistics of Bangladesh 2025,2025-06,Jhenaidah,449.0,326.0,447.0,325.0,433.0,,468,340.0
BBS Yearbook of Agricultural Statistics of Bangladesh 2025,2025-06,Magura,514.0,480.0,486.0,460.0,475.0,,549,500.0
BBS Yearbook of Agricultural Statistics of Bangladesh 2025,2025-06,Narail,498.0,296.0,,,,,551,341.0
BBS Yearbook of Agricultural Statistics of Bangladesh 2025,2025-06,Khulna,600.0,441.0,555.0,360.0,411.0,,622,500.0
BBS Yearbook of Agricultural Statistics of Bangladesh 2025,2025-06,Bagerhat,,,612.0,,500.0,,604,400.0
BBS Yearbook of Agricultural Statistics of Bangladesh 2025,2025-06,Satkhira,414.0,314.0,353.0,263.0,,,470,352.0
BBS Yearbook of Agricultural Statistics of Bangladesh 2025,2025-06,Kushtia,569.0,,525.0,,,,577,
BBS Yearbook of Agricultural Statistics of Bangladesh 2025,2025-06,Chuadanga,388.0,,,,,,463,
BBS Yearbook of Agricultural Statistics of Bangladesh 2025,2025-06,Meherpur,472.0,300.0,428.0,275.0,,,520,350.0
BBS Yearbook of Agricultural Statistics of Bangladesh 2025,2025-06,Rajshahi,510.0,420.0,539.0,403.0,,,580,452.0
BBS Yearbook of Agricultural Statistics of Bangladesh 2025,2025-06,Naogaon,546.0,444.0,,,,,595,495.0
BBS Yearbook of Agricultural Statistics of Bangladesh 2025,2025-06,Natore,540.0,403.0,500.0,355.0,,,586,457.0
BBS Yearbook of Agricultural Statistics of Bangladesh 2025,2025-06,Nawabganj,450.0,,500.0,,,,489,360.0
BBS Yearbook of Agricultural Statistics of Bangladesh 2025,2025-06,Bogra,512.0,,463.0,,450.0,,564,440.0
BBS Yearbook of Agricultural Statistics of Bangladesh 2025,2025-06,Joypurhat,660.0,360.0,614.0,322.0,470.0,250.0,702,400.0
BBS Yearbook of Agricultural Statistics of Bangladesh 2025,2025-06,Pabna,700.0,,,,,,652,553.0
BBS Yearbook of Agricultural Statistics of Bangladesh 2025,2025-06,Sirajganj,,,675.0,,,,681,408.0
BBS Yearbook of Agricultural Statistics of Bangladesh 2025,2025-06,Rangpur,500.0,350.0,,,,,541,350.0
BBS Yearbook of Agricultural Statistics of Bangladesh 2025,2025-06,Gaibandha,,,,,,,500,300.0
BBS Yearbook of Agricultural Statistics of Bangladesh 2025,2025-06,Kurigram,412.0,300.0,,,,,439,320.0
BBS Yearbook of Agricultural Statistics of Bangladesh 2025,2025-06,Nilphamari,493.0,293.0,,,,,535,335.0
BBS Yearbook of Agricultural Statistics of Bangladesh 2025,2025-06,Lalmonirhat,457.0,289.0,430.0,250.0,,,502,331.0
BBS Yearbook of Agricultural Statistics of Bangladesh 2025,2025-06,Dinajpur,480.0,393.0,,,,,531,435.0
BBS Yearbook of Agricultural Statistics of Bangladesh 2025,2025-06,Thakurgaon,427.0,317.0,,,,,486,370.0
BBS Yearbook of Agricultural Statistics of Bangladesh 2025,2025-06,Panchagarh,494.0,370.0,,,,,528,404.0
BBS Yearbook of Agricultural Statistics of Bangladesh 2025,2025-07,Bandarban,683.0,483.0,633.0,450.0,583.0,400.0,693,500.0
BBS Yearbook of Agricultural Statistics of Bangladesh 2025,2025-07,Khagrachhari,450.0,300.0,,,,,500,416.0
BBS Yearbook of Agricultural Statistics of Bangladesh 2025,2025-07,Rangamati,443.0,325.0,338.0,300.0,,,528,387.0
BBS Yearbook of Agricultural Statistics of Bangladesh 2025,2025-07,Chittagong,680.0,476.0,620.0,430.0,580.0,375.0,760,500.0
BBS Yearbook of Agricultural Statistics of Bangladesh 2025,2025-07,Cox's Bazar,756.0,417.0,709.0,367.0,640.0,325.0,817,467.0
BBS Yearbook of Agricultural Statistics of Bangladesh 2025,2025-07,Comilla,680.0,476.0,620.0,430.0,580.0,375.0,760,500.0
BBS Yearbook of Agricultural Statistics of Bangladesh 2025,2025-07,Chandpur,,,,,,,650,
BBS Yearbook of Agricultural Statistics of Bangladesh 2025,2025-07,Brahamanbaria,550.0,283.0,450.0,350.0,400.0,,628,375.0
BBS Yearbook of Agricultural Statistics of Bangladesh 2025,2025-07,Noakhali,675.0,,600.0,,575.0,,750,
BBS Yearbook of Agricultural Statistics of Bangladesh 2025,2025-07,Lakshmipur,,,,,,,490,
BBS Yearbook of Agricultural Statistics of Bangladesh 2025,2025-07,Feni,700.0,,,,,,800,
BBS Yearbook of Agricultural Statistics of Bangladesh 2025,2025-07,Sylhet,518.0,450.0,451.0,,,,564,500.0
BBS Yearbook of Agricultural Statistics of Bangladesh 2025,2025-07,Maulvibazar,517.0,423.0,400.0,330.0,,,558,455.0
BBS Yearbook of Agricultural Statistics of Bangladesh 2025,2025-07,Sunamganj,522.0,434.0,,,,,575,480.0
BBS Yearbook of Agricultural Statistics of Bangladesh 2025,2025-07,Habiganj,513.0,400.0,,,,,572,467.0
BBS Yearbook of Agricultural Statistics of Bangladesh 2025,2025-07,Dhaka,681.0,500.0,620.0,450.0,600.0,400.0,712,550.0
BBS Yearbook of Agricultural Statistics of Bangladesh 2025,2025-07,Gazipur,650.0,425.0,,,606.0,481.0,735,565.0
BBS Yearbook of Agricultural Statistics of Bangladesh 2025,2025-07,Manikganj,650.0,550.0,618.0,475.0,544.0,400.0,691,575.0
BBS Yearbook of Agricultural Statistics of Bangladesh 2025,2025-07,Munshiganj,500.0,,,,556.0,,603,450.0
BBS Yearbook of Agricultural Statistics of Bangladesh 2025,2025-07,Narayanganj,660.0,560.0,598.0,525.0,540.0,510.0,676,571.0
BBS Yearbook of Agricultural Statistics of Bangladesh 2025,2025-07,Narsingdi,,,566.0,,560.0,,601,
BBS Yearbook of Agricultural Statistics of Bangladesh 2025,2025-07,Faridpur,693.0,,,,,,756,478.0
BBS Yearbook of Agricultural Statistics of Bangladesh 2025,2025-07,Rajbari,625.0,,634.0,,,,730,
BBS Yearbook of Agricultural Statistics of Bangladesh 2025,2025-07,Madaripur,578.0,494.0,,,550.0,,719,489.0
BBS Yearbook of Agricultural Statistics of Bangladesh 2025,2025-07,Gopalganj,585.0,,,,475.0,350.0,700,475.0
BBS Yearbook of Agricultural Statistics of Bangladesh 2025,2025-07,Shariatpur,790.0,463.0,,,600.0,,833,510.0
BBS Yearbook of Agricultural Statistics of Bangladesh 2025,2025-07,Tangail,732.0,580.0,651.0,530.0,591.0,480.0,780,590.0
BBS Yearbook of Agricultural Statistics of Bangladesh 2025,2025-07,Kishoreganj,,,527.0,,659.0,,487,
BBS Yearbook of Agricultural Statistics of Bangladesh 2025,2025-07,Mymensingh,588.0,508.0,551.0,470.0,518.0,438.0,650,548.0
BBS Yearbook of Agricultural Statistics of Bangladesh 2025,2025-07,Jamalpur,626.0,380.0,611.0,370.0,584.0,350.0,669,425.0
BBS Yearbook of Agricultural Statistics of Bangladesh 2025,2025-07,Sherpur,630.0,375.0,588.0,325.0,550.0,,680,425.0
BBS Yearbook of Agricultural Statistics of Bangladesh 2025,2025-07,Netrakona,588.0,537.0,568.0,493.0,525.0,450.0,639,583.0
BBS Yearbook of Agricultural Statistics of Bangladesh 2025,2025-07,Barisal,629.0,550.0,600.0,,,,633,600.0
BBS Yearbook of Agricultural Statistics of Bangladesh 2025,2025-07,Jhalokati,655.0,,,,,,721,
BBS Yearbook of Agricultural Statistics of Bangladesh 2025,2025-07,Pirojpur,650.0,,614.0,,,,710,500.0
BBS Yearbook of Agricultural Statistics of Bangladesh 2025,2025-07,Bhola,557.0,,528.0,,,,657,
BBS Yearbook of Agricultural Statistics of Bangladesh 2025,2025-07,Patuakhali,675.0,,600.0,550.0,,,769,
BBS Yearbook of Agricultural Statistics of Bangladesh 2025,2025-07,Barguna,600.0,450.0,570.0,,,,640,500.0
BBS Yearbook of Agricultural Statistics of Bangladesh 2025,2025-07,Jessore,413.0,310.0,411.0,299.0,,,456,350.0
BBS Yearbook of Agricultural Statistics of Bangladesh 2025,2025-07,Jhenaidah,462.0,335.0,460.0,330.0,448.0,,480,358.0
BBS Yearbook of Agricultural Statistics of Bangladesh 2025,2025-07,Magura,648.0,580.0,600.0,560.0,575.0,550.0,677,600.0
BBS Yearbook of Agricultural Statistics of Bangladesh 2025,2025-07,Narail,498.0,298.0,,,,,549,346.0
BBS Yearbook of Agricultural Statistics of Bangladesh 2025,2025-07,Khulna,595.0,433.0,547.0,422.0,525.0,400.0,625,457.0
BBS Yearbook of Agricultural Statistics of Bangladesh 2025,2025-07,Bagerhat,,,627.0,,,,597,433.0
BBS Yearbook of Agricultural Statistics of Bangladesh 2025,2025-07,Satkhira,393.0,289.0,317.0,276.0,,,442,326.0
BBS Yearbook of Agricultural Statistics of Bangladesh 2025,2025-07,Kushtia,665.0,,,,,,676,
BBS Yearbook of Agricultural Statistics of Bangladesh 2025,2025-07,Chuadanga,388.0,,,,,,450,
BBS Yearbook of Agricultural Statistics of Bangladesh 2025,2025-07,Meherpur,488.0,300.0,445.0,275.0,,,537,350.0
BBS Yearbook of Agricultural Statistics of Bangladesh 2025,2025-07,Rajshahi,537.0,420.0,506.0,400.0,,,583,464.0
BBS Yearbook of Agricultural Statistics of Bangladesh 2025,2025-07,Naogaon,464.0,364.0,,,,,550,449.0
BBS Yearbook of Agricultural Statistics of Bangladesh 2025,2025-07,Natore,517.0,400.0,500.0,350.0,,,584,461.0
BBS Yearbook of Agricultural Statistics of Bangladesh 2025,2025-07,Nawabganj,,,525.0,,,,517,415.0
BBS Yearbook of Agricultural Statistics of Bangladesh 2025,2025-07,Bogra,580.0,,515.0,,500.0,,621,425.0
BBS Yearbook of Agricultural Statistics of Bangladesh 2025,2025-07,Joypurhat,632.0,342.0,596.0,306.0,470.0,300.0,680,378.0
BBS Yearbook of Agricultural Statistics of Bangladesh 2025,2025-07,Pabna,667.0,,,,,,700,600.0
BBS Yearbook of Agricultural Statistics of Bangladesh 2025,2025-07,Sirajganj,,,513.0,,,,660,354.0
BBS Yearbook of Agricultural Statistics of Bangladesh 2025,2025-07,Rangpur,525.0,325.0,,,,,564,350.0
BBS Yearbook of Agricultural Statistics of Bangladesh 2025,2025-07,Gaibandha,,,,,,,504,300.0
BBS Yearbook of Agricultural Statistics of Bangladesh 2025,2025-07,Kurigram,407.0,300.0,,,,,456,308.0
BBS Yearbook of Agricultural Statistics of Bangladesh 2025,2025-07,Nilphamari,560.0,363.0,,,,,560,360.0
BBS Yearbook of Agricultural Statistics of Bangladesh 2025,2025-07,Lalmonirhat,510.0,300.0,,,,,558,342.0
BBS Yearbook of Agricultural Statistics of Bangladesh 2025,2025-07,Dinajpur,519.0,437.0,,,,,547,449.0
BBS Yearbook of Agricultural Statistics of Bangladesh 2025,2025-07,Thakurgaon,467.0,377.0,,,,,510,420.0
BBS Yearbook of Agricultural Statistics of Bangladesh 2025,2025-07,Panchagarh,502.0,376.0,,,,,536,410.0
BBS Yearbook of Agricultural Statistics of Bangladesh 2025,2025-08,Bandarban,667.0,467.0,617.0,425.0,600.0,375.0,671,486.0
BBS Yearbook of Agricultural Statistics of Bangladesh 2025,2025-08,Khagrachhari,450.0,300.0,,,,,500,416.0
BBS Yearbook of Agricultural Statistics of Bangladesh 2025,2025-08,Rangamati,443.0,325.0,438.0,300.0,,,550,400.0
BBS Yearbook of Agricultural Statistics of Bangladesh 2025,2025-08,Chittagong,675.0,460.0,615.0,390.0,580.0,,733,490.0
BBS Yearbook of Agricultural Statistics of Bangladesh 2025,2025-08,Cox's Bazar,820.0,463.0,810.0,438.0,737.0,480.0,878,500.0
BBS Yearbook of Agricultural Statistics of Bangladesh 2025,2025-08,Comilla,663.0,463.0,575.0,413.0,480.0,313.0,819,500.0
BBS Yearbook of Agricultural Statistics of Bangladesh 2025,2025-08,Chandpur,,,,,,,650,
BBS Yearbook of Agricultural Statistics of Bangladesh 2025,2025-08,Brahamanbaria,530.0,450.0,500.0,400.0,475.0,350.0,641,513.0
BBS Yearbook of Agricultural Statistics of Bangladesh 2025,2025-08,Noakhali,675.0,,600.0,,575.0,,750,
BBS Yearbook of Agricultural Statistics of Bangladesh 2025,2025-08,Lakshmipur,,,,,,,490,
BBS Yearbook of Agricultural Statistics of Bangladesh 2025,2025-08,Feni,700.0,,,,,,800,
BBS Yearbook of Agricultural Statistics of Bangladesh 2025,2025-08,Sylhet,539.0,450.0,460.0,,400.0,,576,500.0
BBS Yearbook of Agricultural Statistics of Bangladesh 2025,2025-08,Maulvibazar,525.0,423.0,400.0,330.0,,,558,455.0
BBS Yearbook of Agricultural Statistics of Bangladesh 2025,2025-08,Sunamganj,527.0,441.0,,,,,575,475.0
BBS Yearbook of Agricultural Statistics of Bangladesh 2025,2025-08,Habiganj,513.0,350.0,,,,,578,460.0
BBS Yearbook of Agricultural Statistics of Bangladesh 2025,2025-08,Dhaka,700.0,500.0,620.0,450.0,600.0,400.0,720,550.0
BBS Yearbook of Agricultural Statistics of Bangladesh 2025,2025-08,Gazipur,650.0,481.0,,,606.0,425.0,735,565.0
BBS Yearbook of Agricultural Statistics of Bangladesh 2025,2025-08,Manikganj,600.0,,575.0,480.0,500.0,400.0,657,510.0
BBS Yearbook of Agricultural Statistics of Bangladesh 2025,2025-08,Munshiganj,,,,,558.0,,611,425.0
BBS Yearbook of Agricultural Statistics of Bangladesh 2025,2025-08,Narayanganj,660.0,560.0,598.0,525.0,540.0,510.0,675,572.0
BBS Yearbook of Agricultural Statistics of Bangladesh 2025,2025-08,Narsingdi,,,648.0,,597.0,,633,
BBS Yearbook of Agricultural Statistics of Bangladesh 2025,2025-08,Faridpur,700.0,,,,,,756,356.0
BBS Yearbook of Agricultural Statistics of Bangladesh 2025,2025-08,Rajbari,683.0,,650.0,,,,720,
BBS Yearbook of Agricultural Statistics of Bangladesh 2025,2025-08,Madaripur,569.0,475.0,,,800.0,,583,520.0
BBS Yearbook of Agricultural Statistics of Bangladesh 2025,2025-08,Gopalganj,700.0,,,,575.0,450.0,625,467.0
BBS Yearbook of Agricultural Statistics of Bangladesh 2025,2025-08,Shariatpur,670.0,425.0,,,600.0,,725,480.0
BBS Yearbook of Agricultural Statistics of Bangladesh 2025,2025-08,Tangail,660.0,460.0,596.0,410.0,557.0,360.0,668,530.0
BBS Yearbook of Agricultural Statistics of Bangladesh 2025,2025-08,Kishoreganj,,,598.0,,646.0,,661,
BBS Yearbook of Agricultural Statistics of Bangladesh 2025,2025-08,Mymensingh,586.0,512.0,545.0,474.0,505.0,434.0,654,550.0
BBS Yearbook of Agricultural Statistics of Bangladesh 2025,2025-08,Jamalpur,640.0,380.0,600.0,330.0,580.0,300.0,685,390.0
BBS Yearbook of Agricultural Statistics of Bangladesh 2025,2025-08,Sherpur,632.0,375.0,592.0,325.0,550.0,,690,425.0
BBS Yearbook of Agricultural Statistics of Bangladesh 2025,2025-08,Netrakona,595.0,537.0,568.0,497.0,525.0,450.0,642,587.0
BBS Yearbook of Agricultural Statistics of Bangladesh 2025,2025-08,Barisal,629.0,550.0,600.0,,,,633,600.0
BBS Yearbook of Agricultural Statistics of Bangladesh 2025,2025-08,Jhalokati,655.0,,,,,,722,
BBS Yearbook of Agricultural Statistics of Bangladesh 2025,2025-08,Pirojpur,650.0,,627.0,,,,713,550.0
BBS Yearbook of Agricultural Statistics of Bangladesh 2025,2025-08,Bhola,558.0,,529.0,,,,658,
BBS Yearbook of Agricultural Statistics of Bangladesh 2025,2025-08,Patuakhali,669.0,,603.0,550.0,,,744,
BBS Yearbook of Agricultural Statistics of Bangladesh 2025,2025-08,Barguna,595.0,450.0,560.0,,,,640,500.0
BBS Yearbook of Agricultural Statistics of Bangladesh 2025,2025-08,Jessore,400.0,310.0,399.0,298.0,,,450,358.0
BBS Yearbook of Agricultural Statistics of Bangladesh 2025,2025-08,Jhenaidah,460.0,340.0,450.0,330.0,438.0,,480,361.0
BBS Yearbook of Agricultural Statistics of Bangladesh 2025,2025-08,Magura,547.0,450.0,516.0,420.0,500.0,400.0,577,470.0
BBS Yearbook of Agricultural Statistics of Bangladesh 2025,2025-08,Narail,523.0,313.0,,,520.0,,557,355.0
BBS Yearbook of Agricultural Statistics of Bangladesh 2025,2025-08,Khulna,583.0,469.0,577.0,400.0,567.0,392.0,650,492.0
BBS Yearbook of Agricultural Statistics of Bangladesh 2025,2025-08,Bagerhat,,,596.0,,,,627,425.0
BBS Yearbook of Agricultural Statistics of Bangladesh 2025,2025-08,Satkhira,429.0,312.0,358.0,271.0,,,490,354.0
BBS Yearbook of Agricultural Statistics of Bangladesh 2025,2025-08,Kushtia,671.0,,,,,,684,
BBS Yearbook of Agricultural Statistics of Bangladesh 2025,2025-08,Chuadanga,388.0,,,,,,450,
BBS Yearbook of Agricultural Statistics of Bangladesh 2025,2025-08,Meherpur,505.0,300.0,455.0,265.0,,,553,350.0
BBS Yearbook of Agricultural Statistics of Bangladesh 2025,2025-08,Rajshahi,508.0,418.0,500.0,400.0,,,583,463.0
BBS Yearbook of Agricultural Statistics of Bangladesh 2025,2025-08,Naogaon,478.0,378.0,,,,,539,439.0
BBS Yearbook of Agricultural Statistics of Bangladesh 2025,2025-08,Natore,517.0,400.0,500.0,350.0,,,587,461.0
BBS Yearbook of Agricultural Statistics of Bangladesh 2025,2025-08,Nawabganj,550.0,,550.0,,,,503,408.0
BBS Yearbook of Agricultural Statistics of Bangladesh 2025,2025-08,Bogra,503.0,,488.0,,460.0,,578,369.0
BBS Yearbook of Agricultural Statistics of Bangladesh 2025,2025-08,Joypurhat,642.0,370.0,600.0,332.0,570.0,300.0,680,352.0
BBS Yearbook of Agricultural Statistics of Bangladesh 2025,2025-08,Pabna,675.0,,,,,,683,500.0
BBS Yearbook of Agricultural Statistics of Bangladesh 2025,2025-08,Sirajganj,,,600.0,,,,534,458.0
BBS Yearbook of Agricultural Statistics of Bangladesh 2025,2025-08,Rangpur,550.0,400.0,,,,,556,359.0
BBS Yearbook of Agricultural Statistics of Bangladesh 2025,2025-08,Gaibandha,,,,,,,505,363.0
BBS Yearbook of Agricultural Statistics of Bangladesh 2025,2025-08,Kurigram,407.0,300.0,,,,,449,381.0
BBS Yearbook of Agricultural Statistics of Bangladesh 2025,2025-08,Nilphamari,482.0,285.0,,,,,505,308.0
BBS Yearbook of Agricultural Statistics of Bangladesh 2025,2025-08,Lalmonirhat,502.0,296.0,465.0,285.0,,,546,342.0
BBS Yearbook of Agricultural Statistics of Bangladesh 2025,2025-08,Dinajpur,498.0,398.0,,,,,514,410.0
BBS Yearbook of Agricultural Statistics of Bangladesh 2025,2025-08,Thakurgaon,450.0,367.0,,,,,500,400.0
BBS Yearbook of Agricultural Statistics of Bangladesh 2025,2025-08,Panchagarh,490.0,361.0,,,,,524,395.0
BBS Yearbook of Agricultural Statistics of Bangladesh 2025,2025-09,Bandarban,683.0,483.0,633.0,450.0,625.0,400.0,693,500.0
BBS Yearbook of Agricultural Statistics of Bangladesh 2025,2025-09,Khagrachhari,450.0,300.0,,,,,500,416.0
BBS Yearbook of Agricultural Statistics of Bangladesh 2025,2025-09,Rangamati,443.0,325.0,338.0,235.0,,,550,400.0
BBS Yearbook of Agricultural Statistics of Bangladesh 2025,2025-09,Chittagong,675.0,460.0,615.0,390.0,580.0,,733,490.0
BBS Yearbook of Agricultural Statistics of Bangladesh 2025,2025-09,Cox's Bazar,756.0,438.0,700.0,395.0,675.0,,811,488.0
BBS Yearbook of Agricultural Statistics of Bangladesh 2025,2025-09,Comilla,606.0,450.0,575.0,438.0,460.0,413.0,806,488.0
BBS Yearbook of Agricultural Statistics of Bangladesh 2025,2025-09,Chandpur,,,,,,,650,
BBS Yearbook of Agricultural Statistics of Bangladesh 2025,2025-09,Brahamanbaria,541.0,425.0,550.0,,400.0,350.0,620,488.0
BBS Yearbook of Agricultural Statistics of Bangladesh 2025,2025-09,Noakhali,650.0,,600.0,,550.0,,750,
BBS Yearbook of Agricultural Statistics of Bangladesh 2025,2025-09,Lakshmipur,,,,,,,490,
BBS Yearbook of Agricultural Statistics of Bangladesh 2025,2025-09,Feni,700.0,,,,,,800,
BBS Yearbook of Agricultural Statistics of Bangladesh 2025,2025-09,Sylhet,540.0,450.0,460.0,,400.0,,576,500.0
BBS Yearbook of Agricultural Statistics of Bangladesh 2025,2025-09,Maulvibazar,525.0,423.0,400.0,330.0,,,557,455.0
BBS Yearbook of Agricultural Statistics of Bangladesh 2025,2025-09,Sunamganj,514.0,425.0,,,,,560,460.0
BBS Yearbook of Agricultural Statistics of Bangladesh 2025,2025-09,Habiganj,563.0,450.0,,,,,575,458.0
BBS Yearbook of Agricultural Statistics of Bangladesh 2025,2025-09,Dhaka,700.0,450.0,600.0,400.0,555.0,350.0,720,550.0
BBS Yearbook of Agricultural Statistics of Bangladesh 2025,2025-09,Gazipur,650.0,481.0,,,588.0,425.0,735,565.0
BBS Yearbook of Agricultural Statistics of Bangladesh 2025,2025-09,Manikganj,650.0,,625.0,530.0,545.0,400.0,681,592.0
BBS Yearbook of Agricultural Statistics of Bangladesh 2025,2025-09,Munshiganj,,,,,553.0,,601,425.0
BBS Yearbook of Agricultural Statistics of Bangladesh 2025,2025-09,Narayanganj,660.0,560.0,603.0,525.0,545.0,450.0,679,574.0
BBS Yearbook of Agricultural Statistics of Bangladesh 2025,2025-09,Narsingdi,,,665.0,,562.0,,614,
BBS Yearbook of Agricultural Statistics of Bangladesh 2025,2025-09,Faridpur,614.0,,,,,,683,350.0
BBS Yearbook of Agricultural Statistics of Bangladesh 2025,2025-09,Rajbari,633.0,,567.0,,,,650,
BBS Yearbook of Agricultural Statistics of Bangladesh 2025,2025-09,Madaripur,623.0,475.0,,,523.0,,700,544.0
BBS Yearbook of Agricultural Statistics of Bangladesh 2025,2025-09,Gopalganj,585.0,,,,525.0,400.0,650,450.0
BBS Yearbook of Agricultural Statistics of Bangladesh 2025,2025-09,Shariatpur,640.0,463.0,,,600.0,,708,510.0
BBS Yearbook of Agricultural Statistics of Bangladesh 2025,2025-09,Tangail,610.0,410.0,537.0,360.0,516.0,310.0,633,505.0
BBS Yearbook of Agricultural Statistics of Bangladesh 2025,2025-09,Kishoreganj,647.0,,556.0,,652.0,,626,
BBS Yearbook of Agricultural Statistics of Bangladesh 2025,2025-09,Mymensingh,583.0,496.0,543.0,462.0,510.0,430.0,632,540.0
BBS Yearbook of Agricultural Statistics of Bangladesh 2025,2025-09,Jamalpur,620.0,380.0,580.0,365.0,555.0,300.0,665,400.0
BBS Yearbook of Agricultural Statistics of Bangladesh 2025,2025-09,Sherpur,600.0,350.0,550.0,300.0,500.0,,650,400.0
BBS Yearbook of Agricultural Statistics of Bangladesh 2025,2025-09,Netrakona,578.0,490.0,550.0,447.0,510.0,300.0,628,537.0
BBS Yearbook of Agricultural Statistics of Bangladesh 2025,2025-09,Barisal,629.0,550.0,600.0,,,,633,600.0
BBS Yearbook of Agricultural Statistics of Bangladesh 2025,2025-09,Jhalokati,663.0,,,,,,751,
BBS Yearbook of Agricultural Statistics of Bangladesh 2025,2025-09,Pirojpur,650.0,,634.0,,,,714,450.0
BBS Yearbook of Agricultural Statistics of Bangladesh 2025,2025-09,Bhola,554.0,,527.0,,,,654,
BBS Yearbook of Agricultural Statistics of Bangladesh 2025,2025-09,Patuakhali,663.0,,594.0,480.0,,,744,
BBS Yearbook of Agricultural Statistics of Bangladesh 2025,2025-09,Barguna,700.0,400.0,650.0,,,,740,500.0
BBS Yearbook of Agricultural Statistics of Bangladesh 2025,2025-09,Jessore,374.0,281.0,362.0,269.0,,,416,326.0
BBS Yearbook of Agricultural Statistics of Bangladesh 2025,2025-09,Jhenaidah,456.0,350.0,453.0,340.0,440.0,,476,369.0
BBS Yearbook of Agricultural Statistics of Bangladesh 2025,2025-09,Magura,508.0,450.0,481.0,420.0,445.0,400.0,532,470.0
BBS Yearbook of Agricultural Statistics of Bangladesh 2025,2025-09,Narail,519.0,312.0,,,520.0,,557,355.0
BBS Yearbook of Agricultural Statistics of Bangladesh 2025,2025-09,Khulna,653.0,412.0,600.0,400.0,515.0,350.0,675,472.0
BBS Yearbook of Agricultural Statistics of Bangladesh 2025,2025-09,Bagerhat,574.0,,510.0,,,,615,425.0
BBS Yearbook of Agricultural Statistics of Bangladesh 2025,2025-09,Satkhira,445.0,331.0,381.0,279.0,,,513,380.0
BBS Yearbook of Agricultural Statistics of Bangladesh 2025,2025-09,Kushtia,558.0,,,,,,569,
BBS Yearbook of Agricultural Statistics of Bangladesh 2025,2025-09,Chuadanga,388.0,,,,,,450,
BBS Yearbook of Agricultural Statistics of Bangladesh 2025,2025-09,Meherpur,500.0,300.0,,,,,550,350.0
BBS Yearbook of Agricultural Statistics of Bangladesh 2025,2025-09,Rajshahi,510.0,418.0,549.0,350.0,,,580,470.0
BBS Yearbook of Agricultural Statistics of Bangladesh 2025,2025-09,Naogaon,478.0,378.0,,,,,527,427.0
BBS Yearbook of Agricultural Statistics of Bangladesh 2025,2025-09,Natore,518.0,402.0,505.0,355.0,,,588,461.0
BBS Yearbook of Agricultural Statistics of Bangladesh 2025,2025-09,Nawabganj,,,,,,,445,363.0
BBS Yearbook of Agricultural Statistics of Bangladesh 2025,2025-09,Bogra,519.0,,492.0,,,,576,400.0
BBS Yearbook of Agricultural Statistics of Bangladesh 2025,2025-09,Joypurhat,634.0,362.0,598.0,332.0,570.0,,672,402.0
BBS Yearbook of Agricultural Statistics of Bangladesh 2025,2025-09,Pabna,611.0,,,,,,650,350.0
BBS Yearbook of Agricultural Statistics of Bangladesh 2025,2025-09,Sirajganj,,,460.0,,,,520,425.0
BBS Yearbook of Agricultural Statistics of Bangladesh 2025,2025-09,Rangpur,525.0,300.0,,,,,535,348.0
BBS Yearbook of Agricultural Statistics of Bangladesh 2025,2025-09,Gaibandha,,,,,,,504,325.0
BBS Yearbook of Agricultural Statistics of Bangladesh 2025,2025-09,Kurigram,405.0,300.0,,,,,443,373.0
BBS Yearbook of Agricultural Statistics of Bangladesh 2025,2025-09,Nilphamari,462.0,262.0,,,,,493,293.0
BBS Yearbook of Agricultural Statistics of Bangladesh 2025,2025-09,Lalmonirhat,486.0,288.0,465.0,285.0,,,530,332.0
BBS Yearbook of Agricultural Statistics of Bangladesh 2025,2025-09,Dinajpur,486.0,386.0,,,,,496,396.0
BBS Yearbook of Agricultural Statistics of Bangladesh 2025,2025-09,Thakurgaon,417.0,333.0,,,,,480,370.0
BBS Yearbook of Agricultural Statistics of Bangladesh 2025,2025-09,Panchagarh,490.0,351.0,,,,,524,385.0
BBS Yearbook of Agricultural Statistics of Bangladesh 2025,2025-10,Bandarban,708.0,500.0,667.0,469.0,650.0,419.0,718,507.0
BBS Yearbook of Agricultural Statistics of Bangladesh 2025,2025-10,Khagrachhari,450.0,300.0,,,,,500,416.0
BBS Yearbook of Agricultural Statistics of Bangladesh 2025,2025-10,Rangamati,443.0,325.0,338.0,235.0,,,550,400.0
BBS Yearbook of Agricultural Statistics of Bangladesh 2025,2025-10,Chittagong,720.0,510.0,655.0,450.0,570.0,425.0,777,525.0
BBS Yearbook of Agricultural Statistics of Bangladesh 2025,2025-10,Cox's Bazar,756.0,438.0,700.0,395.0,675.0,,811,488.0
BBS Yearbook of Agricultural Statistics of Bangladesh 2025,2025-10,Comilla,585.0,413.0,575.0,400.0,460.0,325.0,706,488.0
BBS Yearbook of Agricultural Statistics of Bangladesh 2025,2025-10,Chandpur,,,,,,,650,
BBS Yearbook of Agricultural Statistics of Bangladesh 2025,2025-10,Brahamanbaria,495.0,423.0,410.0,400.0,405.0,353.0,605,450.0
BBS Yearbook of Agricultural Statistics of Bangladesh 2025,2025-10,Noakhali,650.0,,600.0,,550.0,,750,
BBS Yearbook of Agricultural Statistics of Bangladesh 2025,2025-10,Lakshmipur,,,,,,,490,
BBS Yearbook of Agricultural Statistics of Bangladesh 2025,2025-10,Feni,750.0,,,,,,800,
BBS Yearbook of Agricultural Statistics of Bangladesh 2025,2025-10,Sylhet,539.0,450.0,470.0,,400.0,,576,500.0
BBS Yearbook of Agricultural Statistics of Bangladesh 2025,2025-10,Maulvibazar,533.0,423.0,450.0,350.0,,,565,455.0
BBS Yearbook of Agricultural Statistics of Bangladesh 2025,2025-10,Sunamganj,515.0,438.0,,,,,578,470.0
BBS Yearbook of Agricultural Statistics of Bangladesh 2025,2025-10,Habiganj,575.0,450.0,,,,,586,475.0
BBS Yearbook of Agricultural Statistics of Bangladesh 2025,2025-10,Dhaka,656.0,467.0,584.0,417.0,559.0,367.0,686,517.0
BBS Yearbook of Agricultural Statistics of Bangladesh 2025,2025-10,Gazipur,650.0,425.0,,,600.0,406.0,700,580.0
BBS Yearbook of Agricultural Statistics of Bangladesh 2025,2025-10,Manikganj,650.0,,619.0,505.0,551.0,400.0,689,573.0
BBS Yearbook of Agricultural Statistics of Bangladesh 2025,2025-10,Munshiganj,550.0,,,,588.0,,620,500.0
BBS Yearbook of Agricultural Statistics of Bangladesh 2025,2025-10,Narayanganj,660.0,560.0,603.0,525.0,545.0,515.0,683,572.0
BBS Yearbook of Agricultural Statistics of Bangladesh 2025,2025-10,Narsingdi,,,596.0,,568.0,,598,
BBS Yearbook of Agricultural Statistics of Bangladesh 2025,2025-10,Faridpur,614.0,,,,,,683,350.0
BBS Yearbook of Agricultural Statistics of Bangladesh 2025,2025-10,Rajbari,633.0,,550.0,,,,660,
BBS Yearbook of Agricultural Statistics of Bangladesh 2025,2025-10,Madaripur,479.0,475.0,,,600.0,,564,508.0
BBS Yearbook of Agricultural Statistics of Bangladesh 2025,2025-10,Gopalganj,650.0,,,,525.0,400.0,700,450.0
BBS Yearbook of Agricultural Statistics of Bangladesh 2025,2025-10,Shariatpur,640.0,440.0,,,610.0,,695,448.0
BBS Yearbook of Agricultural Statistics of Bangladesh 2025,2025-10,Tangail,640.0,440.0,567.0,390.0,542.0,340.0,700,520.0
BBS Yearbook of Agricultural Statistics of Bangladesh 2025,2025-10,Kishoreganj,564.0,,498.0,,641.0,,613,
BBS Yearbook of Agricultural Statistics of Bangladesh 2025,2025-10,Mymensingh,585.0,500.0,545.0,464.0,511.0,432.0,629,544.0
BBS Yearbook of Agricultural Statistics of Bangladesh 2025,2025-10,Jamalpur,610.0,360.0,565.0,355.0,550.0,350.0,660,400.0
BBS Yearbook of Agricultural Statistics of Bangladesh 2025,2025-10,Sherpur,594.0,375.0,550.0,325.0,540.0,,640,425.0
BBS Yearbook of Agricultural Statistics of Bangladesh 2025,2025-10,Netrakona,585.0,490.0,554.0,447.0,450.0,400.0,619,537.0
BBS Yearbook of Agricultural Statistics of Bangladesh 2025,2025-10,Barisal,629.0,450.0,600.0,,,,633,500.0
BBS Yearbook of Agricultural Statistics of Bangladesh 2025,2025-10,Jhalokati,671.0,,,,,,736,
BBS Yearbook of Agricultural Statistics of Bangladesh 2025,2025-10,Pirojpur,670.0,,630.0,,,,724,480.0
BBS Yearbook of Agricultural Statistics of Bangladesh 2025,2025-10,Bhola,552.0,,526.0,,,,652,
BBS Yearbook of Agricultural Statistics of Bangladesh 2025,2025-10,Patuakhali,675.0,,605.0,425.0,,,781,
BBS Yearbook of Agricultural Statistics of Bangladesh 2025,2025-10,Barguna,660.0,500.0,610.0,,,,700,600.0
BBS Yearbook of Agricultural Statistics of Bangladesh 2025,2025-10,Jessore,400.0,284.0,369.0,277.0,,,425,336.0
BBS Yearbook of Agricultural Statistics of Bangladesh 2025,2025-10,Jhenaidah,437.0,326.0,434.0,330.0,414.0,,459,350.0
BBS Yearbook of Agricultural Statistics of Bangladesh 2025,2025-10,Magura,489.0,330.0,467.0,320.0,455.0,300.0,510,350.0
BBS Yearbook of Agricultural Statistics of Bangladesh 2025,2025-10,Narail,519.0,325.0,,,520.0,,570,362.0
BBS Yearbook of Agricultural Statistics of Bangladesh 2025,2025-10,Khulna,519.0,288.0,560.0,,,,532,388.0
BBS Yearbook of Agricultural Statistics of Bangladesh 2025,2025-10,Bagerhat,513.0,,574.0,,,,625,425.0
BBS Yearbook of Agricultural Statistics of Bangladesh 2025,2025-10,Satkhira,438.0,332.0,382.0,291.0,,,505,379.0
BBS Yearbook of Agricultural Statistics of Bangladesh 2025,2025-10,Kushtia,566.0,,,,,,579,
BBS Yearbook of Agricultural Statistics of Bangladesh 2025,2025-10,Chuadanga,412.0,,,,,,450,
BBS Yearbook of Agricultural Statistics of Bangladesh 2025,2025-10,Meherpur,500.0,300.0,,,,,550,350.0
BBS Yearbook of Agricultural Statistics of Bangladesh 2025,2025-10,Rajshahi,510.0,418.0,500.0,416.0,,,580,480.0
BBS Yearbook of Agricultural Statistics of Bangladesh 2025,2025-10,Naogaon,476.0,376.0,,,,,518,418.0
BBS Yearbook of Agricultural Statistics of Bangladesh 2025,2025-10,Natore,500.0,400.0,450.0,350.0,,,514,355.0
BBS Yearbook of Agricultural Statistics of Bangladesh 2025,2025-10,Nawabganj,,,,,,,452,384.0
BBS Yearbook of Agricultural Statistics of Bangladesh 2025,2025-10,Bogra,510.0,,488.0,,,,562,363.0
BBS Yearbook of Agricultural Statistics of Bangladesh 2025,2025-10,Joypurhat,640.0,366.0,525.0,336.0,475.0,,676,402.0
BBS Yearbook of Agricultural Statistics of Bangladesh 2025,2025-10,Pabna,625.0,,,,,,650,400.0
BBS Yearbook of Agricultural Statistics of Bangladesh 2025,2025-10,Sirajganj,,,550.0,,,,532,308.0
BBS Yearbook of Agricultural Statistics of Bangladesh 2025,2025-10,Rangpur,500.0,325.0,,,,,525,346.0
BBS Yearbook of Agricultural Statistics of Bangladesh 2025,2025-10,Gaibandha,,,,,,,504,350.0
BBS Yearbook of Agricultural Statistics of Bangladesh 2025,2025-10,Kurigram,413.0,287.0,,,,,450,316.0
BBS Yearbook of Agricultural Statistics of Bangladesh 2025,2025-10,Nilphamari,498.0,324.0,,,,,500,325.0
BBS Yearbook of Agricultural Statistics of Bangladesh 2025,2025-10,Lalmonirhat,512.0,322.0,465.0,285.0,,,556,364.0
BBS Yearbook of Agricultural Statistics of Bangladesh 2025,2025-10,Dinajpur,484.0,384.0,,,,,514,406.0
BBS Yearbook of Agricultural Statistics of Bangladesh 2025,2025-10,Thakurgaon,466.0,350.0,,,,,500,400.0
BBS Yearbook of Agricultural Statistics of Bangladesh 2025,2025-10,Panchagarh,488.0,349.0,,,,,522,377.0
BBS Yearbook of Agricultural Statistics of Bangladesh 2025,2025-11,Bandarban,700.0,500.0,650.0,475.0,625.0,425.0,718,511.0
BBS Yearbook of Agricultural Statistics of Bangladesh 2025,2025-11,Khagrachhari,450.0,300.0,,,,,500,416.0
BBS Yearbook of Agricultural Statistics of Bangladesh 2025,2025-11,Rangamati,425.0,325.0,365.0,300.0,,,500,380.0
BBS Yearbook of Agricultural Statistics of Bangladesh 2025,2025-11,Chittagong,720.0,475.0,650.0,450.0,620.0,400.0,810,540.0
BBS Yearbook of Agricultural Statistics of Bangladesh 2025,2025-11,Cox's Bazar,803.0,450.0,775.0,400.0,750.0,,833,550.0
BBS Yearbook of Agricultural Statistics of Bangladesh 2025,2025-11,Comilla,606.0,313.0,519.0,300.0,460.0,213.0,706,475.0
BBS Yearbook of Agricultural Statistics of Bangladesh 2025,2025-11,Chandpur,,,,,,,650,
BBS Yearbook of Agricultural Statistics of Bangladesh 2025,2025-11,Brahamanbaria,545.0,423.0,460.0,400.0,433.0,353.0,621,488.0
BBS Yearbook of Agricultural Statistics of Bangladesh 2025,2025-11,Noakhali,650.0,,600.0,,550.0,,750,
BBS Yearbook of Agricultural Statistics of Bangladesh 2025,2025-11,Lakshmipur,,,,,,,530,
BBS Yearbook of Agricultural Statistics of Bangladesh 2025,2025-11,Feni,716.0,,,,,,800,
BBS Yearbook of Agricultural Statistics of Bangladesh 2025,2025-11,Sylhet,550.0,450.0,497.0,,400.0,,586,500.0
BBS Yearbook of Agricultural Statistics of Bangladesh 2025,2025-11,Maulvibazar,508.0,417.0,450.0,350.0,,,542,450.0
BBS Yearbook of Agricultural Statistics of Bangladesh 2025,2025-11,Sunamganj,516.0,432.0,,,,,579,468.0
BBS Yearbook of Agricultural Statistics of Bangladesh 2025,2025-11,Habiganj,553.0,450.0,,,,,626,520.0
BBS Yearbook of Agricultural Statistics of Bangladesh 2025,2025-11,Dhaka,667.0,550.0,650.0,500.0,618.0,450.0,734,600.0
BBS Yearbook of Agricultural Statistics of Bangladesh 2025,2025-11,Gazipur,650.0,425.0,,,625.0,506.0,830,605.0
BBS Yearbook of Agricultural Statistics of Bangladesh 2025,2025-11,Manikganj,725.0,600.0,693.0,575.0,625.0,450.0,762,634.0
BBS Yearbook of Agricultural Statistics of Bangladesh 2025,2025-11,Munshiganj,600.0,,,,563.0,,628,425.0
BBS Yearbook of Agricultural Statistics of Bangladesh 2025,2025-11,Narayanganj,660.0,560.0,603.0,525.0,545.0,515.0,677,566.0
BBS Yearbook of Agricultural Statistics of Bangladesh 2025,2025-11,Narsingdi,,,608.0,360.0,640.0,,627,380.0
BBS Yearbook of Agricultural Statistics of Bangladesh 2025,2025-11,Faridpur,679.0,,,,,,722,425.0
BBS Yearbook of Agricultural Statistics of Bangladesh 2025,2025-11,Rajbari,600.0,,579.0,,,,667,
BBS Yearbook of Agricultural Statistics of Bangladesh 2025,2025-11,Madaripur,567.0,575.0,,,700.0,,592,586.0
BBS Yearbook of Agricultural Statistics of Bangladesh 2025,2025-11,Gopalganj,610.0,,,,525.0,400.0,650,425.0
BBS Yearbook of Agricultural Statistics of Bangladesh 2025,2025-11,Shariatpur,640.0,440.0,,,610.0,,695,448.0
BBS Yearbook of Agricultural Statistics of Bangladesh 2025,2025-11,Tangail,715.0,560.0,639.0,510.0,618.0,460.0,740,605.0
BBS Yearbook of Agricultural Statistics of Bangladesh 2025,2025-11,Kishoreganj,636.0,,653.0,,671.0,,708,
BBS Yearbook of Agricultural Statistics of Bangladesh 2025,2025-11,Mymensingh,581.0,496.0,543.0,458.0,510.0,430.0,631,542.0
BBS Yearbook of Agricultural Statistics of Bangladesh 2025,2025-11,Jamalpur,650.0,345.0,605.0,330.0,590.0,300.0,700,400.0
BBS Yearbook of Agricultural Statistics of Bangladesh 2025,2025-11,Sherpur,640.0,450.0,594.0,400.0,550.0,,690,500.0
BBS Yearbook of Agricultural Statistics of Bangladesh 2025,2025-11,Netrakona,651.0,533.0,611.0,483.0,525.0,400.0,697,587.0
BBS Yearbook of Agricultural Statistics of Bangladesh 2025,2025-11,Barisal,629.0,550.0,600.0,,,,633,600.0
BBS Yearbook of Agricultural Statistics of Bangladesh 2025,2025-11,Jhalokati,671.0,,,,,,736,
BBS Yearbook of Agricultural Statistics of Bangladesh 2025,2025-11,Pirojpur,670.0,,683.0,,,,718,480.0
BBS Yearbook of Agricultural Statistics of Bangladesh 2025,2025-11,Bhola,553.0,,529.0,,,,653,
BBS Yearbook of Agricultural Statistics of Bangladesh 2025,2025-11,Patuakhali,675.0,,625.0,550.0,,,781,
BBS Yearbook of Agricultural Statistics of Bangladesh 2025,2025-11,Barguna,680.0,550.0,640.0,,,,710,600.0
BBS Yearbook of Agricultural Statistics of Bangladesh 2025,2025-11,Jessore,420.0,315.0,407.0,317.0,,,483,377.0
BBS Yearbook of Agricultural Statistics of Bangladesh 2025,2025-11,Jhenaidah,522.0,384.0,518.0,,505.0,,543,404.0
BBS Yearbook of Agricultural Statistics of Bangladesh 2025,2025-11,Magura,585.0,430.0,561.0,420.0,540.0,400.0,609,450.0
BBS Yearbook of Agricultural Statistics of Bangladesh 2025,2025-11,Narail,565.0,365.0,,,,,661,401.0
BBS Yearbook of Agricultural Statistics of Bangladesh 2025,2025-11,Khulna,532.0,375.0,565.0,450.0,,,529,302.0
BBS Yearbook of Agricultural Statistics of Bangladesh 2025,2025-11,Bagerhat,598.0,,625.0,,,,610,433.0
BBS Yearbook of Agricultural Statistics of Bangladesh 2025,2025-11,Satkhira,475.0,359.0,390.0,293.0,,,546,412.0
BBS Yearbook of Agricultural Statistics of Bangladesh 2025,2025-11,Kushtia,637.0,,630.0,,,,656,
BBS Yearbook of Agricultural Statistics of Bangladesh 2025,2025-11,Chuadanga,388.0,,,,,,450,
BBS Yearbook of Agricultural Statistics of Bangladesh 2025,2025-11,Meherpur,500.0,300.0,,,,,550,350.0
BBS Yearbook of Agricultural Statistics of Bangladesh 2025,2025-11,Rajshahi,573.0,425.0,515.0,433.0,,,590,502.0
BBS Yearbook of Agricultural Statistics of Bangladesh 2025,2025-11,Naogaon,541.0,441.0,,,,,605,505.0
BBS Yearbook of Agricultural Statistics of Bangladesh 2025,2025-11,Natore,527.0,419.0,505.0,450.0,,,550,374.0
BBS Yearbook of Agricultural Statistics of Bangladesh 2025,2025-11,Nawabganj,,,,,,,531,473.0
BBS Yearbook of Agricultural Statistics of Bangladesh 2025,2025-11,Bogra,700.0,,630.0,,,,753,446.0
BBS Yearbook of Agricultural Statistics of Bangladesh 2025,2025-11,Joypurhat,638.0,368.0,606.0,332.0,550.0,,678,404.0
BBS Yearbook of Agricultural Statistics of Bangladesh 2025,2025-11,Pabna,650.0,,,,,,656,400.0
BBS Yearbook of Agricultural Statistics of Bangladesh 2025,2025-11,Sirajganj,,,640.0,,,,570,433.0
BBS Yearbook of Agricultural Statistics of Bangladesh 2025,2025-11,Rangpur,600.0,375.0,,,,,600,393.0
BBS Yearbook of Agricultural Statistics of Bangladesh 2025,2025-11,Gaibandha,,,,,,,514,333.0
BBS Yearbook of Agricultural Statistics of Bangladesh 2025,2025-11,Kurigram,438.0,317.0,,,,,506,346.0
BBS Yearbook of Agricultural Statistics of Bangladesh 2025,2025-11,Nilphamari,565.0,352.0,,,,,583,367.0
BBS Yearbook of Agricultural Statistics of Bangladesh 2025,2025-11,Lalmonirhat,534.0,336.0,500.0,300.0,,,580,378.0
BBS Yearbook of Agricultural Statistics of Bangladesh 2025,2025-11,Dinajpur,542.0,433.0,,,,,567,454.0
BBS Yearbook of Agricultural Statistics of Bangladesh 2025,2025-11,Thakurgaon,433.0,367.0,,,,,520,420.0
BBS Yearbook of Agricultural Statistics of Bangladesh 2025,2025-11,Panchagarh,508.0,358.0,,,,,550,406.0
BBS Yearbook of Agricultural Statistics of Bangladesh 2025,2025-12,Bandarban,717.0,500.0,650.0,475.0,638.0,425.0,725,525.0
BBS Yearbook of Agricultural Statistics of Bangladesh 2025,2025-12,Khagrachhari,450.0,300.0,,,,,500,416.0
BBS Yearbook of Agricultural Statistics of Bangladesh 2025,2025-12,Rangamati,438.0,313.0,413.0,238.0,,,543,393.0
BBS Yearbook of Agricultural Statistics of Bangladesh 2025,2025-12,Chittagong,720.0,475.0,650.0,450.0,620.0,400.0,810,540.0
BBS Yearbook of Agricultural Statistics of Bangladesh 2025,2025-12,Cox's Bazar,806.0,450.0,800.0,400.0,792.0,,861,500.0
BBS Yearbook of Agricultural Statistics of Bangladesh 2025,2025-12,Comilla,588.0,413.0,494.0,400.0,460.0,392.0,781,475.0
BBS Yearbook of Agricultural Statistics of Bangladesh 2025,2025-12,Chandpur,,,,,,,650,
BBS Yearbook of Agricultural Statistics of Bangladesh 2025,2025-12,Brahamanbaria,550.0,430.0,483.0,410.0,438.0,400.0,620,500.0
BBS Yearbook of Agricultural Statistics of Bangladesh 2025,2025-12,Noakhali,650.0,,600.0,,550.0,,750,
BBS Yearbook of Agricultural Statistics of Bangladesh 2025,2025-12,Lakshmipur,,,,,,,530,
BBS Yearbook of Agricultural Statistics of Bangladesh 2025,2025-12,Feni,700.0,,,,,,800,
BBS Yearbook of Agricultural Statistics of Bangladesh 2025,2025-12,Sylhet,550.0,450.0,497.0,,400.0,,586,500.0
BBS Yearbook of Agricultural Statistics of Bangladesh 2025,2025-12,Maulvibazar,493.0,417.0,450.0,350.0,,,553,450.0
BBS Yearbook of Agricultural Statistics of Bangladesh 2025,2025-12,Sunamganj,520.0,431.0,,,,,590,488.0
BBS Yearbook of Agricultural Statistics of Bangladesh 2025,2025-12,Habiganj,547.0,450.0,,,,,607,475.0
BBS Yearbook of Agricultural Statistics of Bangladesh 2025,2025-12,Dhaka,726.0,500.0,625.0,450.0,589.0,400.0,876,550.0
BBS Yearbook of Agricultural Statistics of Bangladesh 2025,2025-12,Gazipur,650.0,506.0,,,625.0,425.0,830,605.0
BBS Yearbook of Agricultural Statistics of Bangladesh 2025,2025-12,Manikganj,650.0,,615.0,500.0,585.0,450.0,683,563.0
BBS Yearbook of Agricultural Statistics of Bangladesh 2025,2025-12,Munshiganj,600.0,,,,583.0,,641,475.0
BBS Yearbook of Agricultural Statistics of Bangladesh 2025,2025-12,Narayanganj,670.0,490.0,609.0,440.0,582.0,390.0,686,490.0
BBS Yearbook of Agricultural Statistics of Bangladesh 2025,2025-12,Narsingdi,,,738.0,,624.0,400.0,667,450.0
BBS Yearbook of Agricultural Statistics of Bangladesh 2025,2025-12,Faridpur,638.0,400.0,,,,,678,513.0
BBS Yearbook of Agricultural Statistics of Bangladesh 2025,2025-12,Rajbari,625.0,500.0,611.0,,,,685,
BBS Yearbook of Agricultural Statistics of Bangladesh 2025,2025-12,Madaripur,550.0,450.0,,,500.0,,600,500.0
BBS Yearbook of Agricultural Statistics of Bangladesh 2025,2025-12,Gopalganj,700.0,,,,600.0,450.0,760,550.0
BBS Yearbook of Agricultural Statistics of Bangladesh 2025,2025-12,Shariatpur,580.0,440.0,,,560.0,,645,448.0
BBS Yearbook of Agricultural Statistics of Bangladesh 2025,2025-12,Tangail,670.0,475.0,609.0,440.0,582.0,390.0,686,490.0
BBS Yearbook of Agricultural Statistics of Bangladesh 2025,2025-12,Kishoreganj,600.0,,596.0,,624.0,,662,
BBS Yearbook of Agricultural Statistics of Bangladesh 2025,2025-12,Mymensingh,600.0,510.0,548.0,460.0,510.0,428.0,654,550.0
BBS Yearbook of Agricultural Statistics of Bangladesh 2025,2025-12,Jamalpur,625.0,400.0,588.0,385.0,565.0,350.0,670,450.0
BBS Yearbook of Agricultural Statistics of Bangladesh 2025,2025-12,Sherpur,586.0,425.0,541.0,375.0,530.0,,640,475.0
BBS Yearbook of Agricultural Statistics of Bangladesh 2025,2025-12,Netrakona,635.0,517.0,604.0,467.0,550.0,450.0,683,587.0
BBS Yearbook of Agricultural Statistics of Bangladesh 2025,2025-12,Barisal,600.0,500.0,550.0,,,,640,530.0
BBS Yearbook of Agricultural Statistics of Bangladesh 2025,2025-12,Jhalokati,658.0,,,,,,725,
BBS Yearbook of Agricultural Statistics of Bangladesh 2025,2025-12,Pirojpur,700.0,,655.0,,,,744,485.0
BBS Yearbook of Agricultural Statistics of Bangladesh 2025,2025-12,Bhola,554.0,,532.0,,,,657,
BBS Yearbook of Agricultural Statistics of Bangladesh 2025,2025-12,Patuakhali,663.0,,620.0,500.0,,,744,
BBS Yearbook of Agricultural Statistics of Bangladesh 2025,2025-12,Barguna,680.0,550.0,650.0,,,,710,600.0
BBS Yearbook of Agricultural Statistics of Bangladesh 2025,2025-12,Jessore,374.0,307.0,416.0,270.0,,,433,310.0
BBS Yearbook of Agricultural Statistics of Bangladesh 2025,2025-12,Jhenaidah,452.0,331.0,445.0,,423.0,,476,353.0
BBS Yearbook of Agricultural Statistics of Bangladesh 2025,2025-12,Magura,539.0,480.0,510.0,450.0,507.0,300.0,566,500.0
BBS Yearbook of Agricultural Statistics of Bangladesh 2025,2025-12,Narail,541.0,334.0,,,533.0,,576,368.0
BBS Yearbook of Agricultural Statistics of Bangladesh 2025,2025-12,Khulna,627.0,409.0,568.0,400.0,,,725,495.0
BBS Yearbook of Agricultural Statistics of Bangladesh 2025,2025-12,Bagerhat,640.0,,595.0,,,,708,433.0
BBS Yearbook of Agricultural Statistics of Bangladesh 2025,2025-12,Satkhira,444.0,334.0,367.0,300.0,,,536,402.0
BBS Yearbook of Agricultural Statistics of Bangladesh 2025,2025-12,Kushtia,586.0,,,,,,602,
BBS Yearbook of Agricultural Statistics of Bangladesh 2025,2025-12,Chuadanga,388.0,,,,,,450,
BBS Yearbook of Agricultural Statistics of Bangladesh 2025,2025-12,Meherpur,500.0,300.0,,,,,550,350.0
BBS Yearbook of Agricultural Statistics of Bangladesh 2025,2025-12,Rajshahi,562.0,423.0,510.0,416.0,,,591,480.0
BBS Yearbook of Agricultural Statistics of Bangladesh 2025,2025-12,Naogaon,490.0,390.0,,,,,539,439.0
BBS Yearbook of Agricultural Statistics of Bangladesh 2025,2025-12,Natore,528.0,419.0,507.0,350.0,,,550,450.0
BBS Yearbook of Agricultural Statistics of Bangladesh 2025,2025-12,Nawabganj,,,,,,,460,390.0
BBS Yearbook of Agricultural Statistics of Bangladesh 2025,2025-12,Bogra,586.0,,515.0,,,,617,400.0
BBS Yearbook of Agricultural Statistics of Bangladesh 2025,2025-12,Joypurhat,622.0,366.0,584.0,340.0,540.0,,668,402.0
BBS Yearbook of Agricultural Statistics of Bangladesh 2025,2025-12,Pabna,667.0,,,,,,700,400.0
BBS Yearbook of Agricultural Statistics of Bangladesh 2025,2025-12,Sirajganj,,460.0,,,,365.0,500,
BBS Yearbook of Agricultural Statistics of Bangladesh 2025,2025-12,Rangpur,550.0,338.0,,,,,566,351.0
BBS Yearbook of Agricultural Statistics of Bangladesh 2025,2025-12,Gaibandha,,,,,,,486,333.0
BBS Yearbook of Agricultural Statistics of Bangladesh 2025,2025-12,Kurigram,397.0,274.0,,,,,452,318.0
BBS Yearbook of Agricultural Statistics of Bangladesh 2025,2025-12,Nilphamari,483.0,304.0,,,,,507,333.0
BBS Yearbook of Agricultural Statistics of Bangladesh 2025,2025-12,Lalmonirhat,515.0,304.0,512.0,285.0,,,556,346.0
BBS Yearbook of Agricultural Statistics of Bangladesh 2025,2025-12,Dinajpur,516.0,395.0,,,,,556,433.0
BBS Yearbook of Agricultural Statistics of Bangladesh 2025,2025-12,Thakurgaon,433.0,342.0,,,,,500,390.0
BBS Yearbook of Agricultural Statistics of Bangladesh 2025,2025-12,Panchagarh,498.0,358.0,,,,,534,396.0
