site_id,name,district,lat,lon,shape_id
ADM4_Abaipur,Abaipur,,23.5975,89.3206,29066614B44063678233613
ADM4_Abdullahpur,Abdullahpur,,23.5433,90.4708,29066614B8696998183120
ADM4_Abdullapur_939057,Abdullapur,,22.1498,90.6926,29066614B35584704939057
ADM4_Abdullapur_890692,Abdullapur,,22.5703,91.869,29066614B19140930890692
ADM4_Abdulpur_232422,Abdulpur,,23.7454,89.1072,29066614B37776291232422
ADM4_Abdulpur_144733,Abdulpur,,25.6651,88.7928,29066614B61001741144733
ADM4_AbuBakarpur,Abu Bakarpur,,22.2094,90.6973,29066614B57796332340709
ADM4_Achargaon,Achargaon,,24.5498,90.6968,29066614B63382414100183
ADM4_AchimPatuli,Achim Patuli,,24.5376,90.2947,29066614B53623575995470
ADM4_Achintapur,Achintapur,,24.7659,90.638,29066614B83947767439060
ADM4_Achmita,Achmita,,24.2839,90.7838,29066614B78790268199903
ADM4_Adabaria_102411,Adabaria,,22.3683,90.452,29066614B33405769102411
ADM4_Adabaria_170382,Adabaria,,23.986,88.7816,29066614B51798440170382
ADM4_Adair,Adair,,24.0767,91.3063,29066614B32316371510865
ADM4_AdamDighi,Adam Dighi,,24.8058,89.0418,29066614B46917046061815
ADM4_Adampur_791734,Adampur,,24.3437,91.1788,29066614B54870535791734
ADM4_Adampur_378628,Adampur,,24.2488,91.8935,29066614B75507834378628
ADM4_Adarbhita,Adarbhita,,24.8395,89.7777,29066614B63288497596159
ADM4_Adda,Adda,,23.3354,90.9807,29066614B18611462407509
ADM4_Adhaipur,Adhaipur,,24.9594,88.9356,29066614B92837661658364
ADM4_AdhakhaNazrulNagar,Adhakha Nazrul Nagar,,22.039,90.6184,29066614B60069004072721
ADM4_Adhara,Adhara,,23.4557,90.5517,29066614B96266117616951
ADM4_Adhunagar,Adhunagar,,21.9685,92.0536,29066614B11655920770354
ADM4_Adiabad,Adiabad,,23.968,90.7985,29066614B79715411266161
ADM4_Adra_931041,Adra,,23.3148,91.004,29066614B41349818931041
ADM4_Adra_763515,Adra,,23.1411,91.148,29066614B1435413763515
ADM4_Adra_841871,Adra,,24.9454,89.8245,29066614B26213207841871
ADM4_Adrabunia,Adrabunia,,22.4807,90.1568,29066614B23272621153536
ADM4_AdrarakChara,Adrarak Chara,,23.0585,92.137,29066614B6444870933636
ADM4_Aftabnagar,Aftabnagar,,25.0662,91.4401,29066614B63951602261776
ADM4_Aganagar_960428,Aganagar,,23.4228,91.0716,29066614B46760674960428
ADM4_Aganagar_311645,Aganagar,,23.6991,90.4024,29066614B5992039311645
ADM4_Aganagar_002933,Aganagar,,24.0914,91.0294,29066614B82306453002933
ADM4_Agardari,Agardari,,22.7582,89.0293,29066614B13963171186337
ADM4_Agarpur,Agarpur,,22.8954,90.3245,29066614B2895469055601
ADM4_Agia,Agia,,24.9581,90.5679,29066614B89826609005635
ADM4_Agla,Agla,,23.6427,90.2268,29066614B834518249669
ADM4_AgraDigun,Agra Digun,,25.1802,88.7045,29066614B86265890071038
ADM4_Ahammedpur,Ahammedpur,,23.9413,89.57,29066614B23519772215963
ADM4_AhlaKaraldanga,Ahla Karaldanga,,22.3601,92.0228,29066614B21313270788370
ADM4_Ahmadabad,Ahmadabad,,24.1166,91.5267,29066614B28576860887595
ADM4_Ahmmedabad,Ahmmedabad,,25.0519,89.1493,29066614B80009569132401
ADM4_Ahsanganj,Ahsanganj,,24.6114,88.9462,29066614B64310179243781
ADM4_AibaChhara,Aiba Chhara,,22.779,92.4296,29066614B57949966509245
ADM4_Aihai,Aihai,,25.1803,88.4984,29066614B46847236445209
ADM4_Aijganti,Aijganti,,22.8391,89.5686,29066614B87532573632426
ADM4_Ailchara,Ailchara,,23.8333,89.0432,29066614B46695495865542
ADM4_Ajgana,Ajgana,,24.1302,90.193,29066614B29182516826625
ADM4_Ajgara,Ajgara,,23.2041,91.1548,29066614B98924918155184
ADM4_Ajmiriganj,Ajmiriganj,,24.5428,91.2545,29066614B47903491655615
ADM4_AjmiriganjPaurashava,Ajmiriganj Paurashava,,24.5485,91.2377,29066614B75134679981586
ADM4_Ajugara,Ajugara,,22.8536,89.6325,29066614B48507562303849
ADM4_Akbarpur,Akbarpur,,25.0624,88.6535,29066614B12706664254453
ADM4_Akcha,Akcha,,26.0884,88.4411,29066614B34801883999076
ADM4_Akhailkura,Akhailkura,,24.5625,91.7411,29066614B90011619169570
ADM4_Akhanagar,Akhanagar,,26.1261,88.3793,29066614B31297504335360
ADM4_AkhauraPaurashava,Akhaura Paurashava,,23.8779,91.2088,29066614B15358508326861
ADM4_AkkelpurPaurashava,Akkelpur Paurashava,,24.9641,89.0278,29066614B78681457213706
ADM4_AkterChar,Akter Char,,23.5299,90.0483,29066614B22766857828357
ADM4_Akua,Akua,,24.7346,90.3876,29066614B7498210806332
ADM4_Akubpur,Akubpur,,23.7595,90.9916,29066614B80220720474370
ADM4_Aladipur,Aladipur,,25.4837,88.9099,29066614B75391273493593
ADM4_AlamBiditar,Alam Biditar,,25.906,89.1365,29066614B87756959954330
ADM4_AlamdangaPaurashava,Alamdanga Paurashava,,23.7532,88.9328,29066614B48893371097584
ADM4_Alamnagar,Alamnagar,,24.5441,89.8974,29066614B30695252985374
ADM4_Alampur_409458,Alampur,,23.8314,89.081,29066614B85588632409458
ADM4_Alampur_402251,Alampur,,24.9727,89.1529,29066614B30343579402251
ADM4_Alampur_385687,Alampur,,25.1428,88.7827,29066614B58041744385687
ADM4_Alampur_966155,Alampur,,25.7777,88.9682,29066614B17310176966155
ADM4_Alankari,Alankari,,24.8457,91.7814,29066614B79697980021190
ADM4_Alatuli,Alatuli,,24.458,88.2831,29066614B56118337618999
ADM4_Alfadanga,Alfadanga,,23.2752,89.7237,29066614B21236248993324
ADM4_Algi,Algi,,23.3678,89.9503,29066614B97710271651495
ADM4_AliAkbarDeil,Ali Akbar Deil,,21.7626,91.8456,29066614B69155831036968
ADM4_Aliabad,Aliabad,,23.5802,89.8787,29066614B74080019620588
ADM4_Alihat,Alihat,,25.2746,89.1102,29066614B30067902567275
ADM4_Alikadam,Alikadam,,21.6469,92.4108,29066614B8704825933440
ADM4_Alikhong,Alikhong,,22.2504,92.3886,29066614B92019419416528
ADM4_Alimabad,Alimabad,,22.7333,90.5571,29066614B85250178537284
ADM4_Alinagar_781996,Alinagar,,22.6589,90.6461,29066614B26868097781996
ADM4_Alinagar_717139,Alinagar,,23.1167,90.2612,29066614B81748377717139
ADM4_Alinagar_760944,Alinagar,,24.8398,88.3102,29066614B43960005760944
ADM4_Alinagar_280934,Alinagar,,24.3383,91.8852,29066614B29601119280934
ADM4_Alinagar_643397,Alinagar,,24.8848,92.1007,29066614B75501770643397
ADM4_Alipur_310035,Alipur,,22.2572,90.51,29066614B30258732310035
ADM4_Alipur_607671,Alipur,,23.7102,89.6668,29066614B23982343607671
ADM4_Alipur_822696,Alipur,,22.681,89.0157,29066614B26401171822696
ADM4_Alipura,Alipura,,24.0088,90.873,29066614B32978224438720
ADM4_AlirTek,Alir Tek,,23.5795,90.4787,29066614B4363378723059
ADM4_Alirgaon,Alirgaon,,25.0816,92.049,29066614B12056602669653
ADM4_Alkara,Alkara,,23.0776,91.3338,29066614B63325259252448
ADM4_Alokbali,Alokbali,,23.8843,90.8017,29066614B41129829420634
ADM4_Alokdia_752299,Alokdia,,24.5702,90.0275,29066614B22651120752299
ADM4_Alokdia_259270,Alokdia,,23.6572,88.8179,29066614B806092259270
ADM4_Alokdihi,Alokdihi,,25.7668,88.808,29066614B62104520467426
ADM4_Alokjhari,Alokjhari,,25.958,88.7328,29066614B65672657508625
ADM4_AlowaKhowa,Alowa Khowa,,26.2125,88.3653,29066614B76912383256382
ADM4_Alyerapur,Alyerapur,,22.9313,91.0096,29066614B16046152143162
ADM4_Amadi,Amadi,,22.4838,89.305,29066614B59292760419138
ADM4_Amair,Amair,,25.0267,88.8723,29066614B33424898279853
ADM4_Amalsar,Amalsar,,23.6462,89.4141,29066614B64282521031022
ADM4_Amanullah,Amanullah,,22.5586,91.4457,29066614B62882709529329
ADM4_Amanullapur,Amanullapur,,22.9618,91.0153,29066614B25920101367677
ADM4_Amarkhana,Amarkhana,,26.4398,88.5924,29066614B1537920449221
ADM4_Amarpur,Amarpur,,25.6132,88.8014,29066614B73824385929953
ADM4_Ambaria_001008,Ambaria,,23.8744,89.3399,29066614B36889940001008
ADM4_Ambaria_630353,Ambaria,,23.8122,88.9768,29066614B77579144630353
ADM4_Ambarnagar,Ambarnagar,,22.999,91.1715,29066614B65074886777413
ADM4_Ambikapur,Ambikapur,,23.6162,89.8157,29066614B46983505826682
ADM4_Amchia,Amchia,,22.3849,91.9989,29066614B81692752241319
ADM4_Amda,Amda,,23.7194,88.6429,29066614B17558590364663
ADM4_Amdai,Amdai,,25.1153,89.1171,29066614B70341905707551
ADM4_Amdia,Amdia,,23.8737,90.6192,29066614B15427284849342
ADM4_Amgaon,Amgaon,,25.909,88.1631,29066614B70658680354004
ADM4_Amgram,Amgram,,23.1543,90.0458,29066614B17118171649574
ADM4_Amilais,Amilais,,22.1318,92.0104,29066614B37792553034746
ADM4_AminBazar,Amin Bazar,,23.7744,90.3274,29066614B44510963385602
ADM4_Aminabad,Aminabad,,22.1839,90.7243,29066614B967637617049
ADM4_Amirabad_071964,Amirabad,,22.0261,92.1022,29066614B92946600071964
ADM4_Amirabad_523995,Amirabad,,22.8828,91.4417,29066614B9392721523995
ADM4_Amirabari,Amirabari,,24.4759,90.4031,29066614B33661370932266
ADM4_Amirganj,Amirganj,,23.9249,90.7733,29066614B61044501573927
ADM4_Amirpur,Amirpur,,22.742,89.5833,29066614B92651729018079
ADM4_AmishaPara,Amisha Para,,22.9949,91.0231,29066614B75388738740828
ADM4_Amjadhat,Amjadhat,,23.1228,91.4881,29066614B92984883687235
ADM4_Amjankhore,Amjankhore,,26.1238,88.1955,29066614B88897988131746
ADM4_Amjhupi,Amjhupi,,23.7696,88.68,29066614B78642145342286
ADM4_Amkhola,Amkhola,,22.2463,90.3749,29066614B71911368104914
ADM4_Amla,Amla,,23.8939,88.9607,29066614B6541950293966
ADM4_Amlaba,Amlaba,,24.0709,90.8378,29066614B44770539031395
ADM4_Amragachhia_329027,Amragachhia,,22.3973,90.2168,29066614B78371846329027
ADM4_Amragachhia_947352,Amragachhia,,22.2442,89.9188,29066614B36564694947352
ADM4_Amrajuri,Amrajuri,,22.6464,90.0681,29066614B37777714029357
ADM4_Amratali,Amratali,,23.5038,91.1766,29066614B2723911498605
ADM4_Amrool,Amrool,,24.7351,89.4454,29066614B77852574533228
ADM4_Amta,Amta,,23.9893,90.0564,29066614B73177653888035
ADM4_Amtail_732856,Amtail,,25.0155,90.3312,29066614B41464000732856
ADM4_Amtail_850491,Amtail,,24.4823,91.6916,29066614B94086585850491
ADM4_Amtala,Amtala,,24.8503,90.7865,29066614B39448823339843
ADM4_Amtali_576512,Amtali,,22.0756,90.2471,29066614B61284744576512
ADM4_Amtali_076732,Amtali,,23.117,91.8854,29066614B45345353076732
ADM4_Amtali_523611,Amtali,,23.1055,92.1883,29066614B44017676523611
ADM4_Amtali_021760,Amtali,,22.9825,90.0307,29066614B29219005021760
ADM4_Amua,Amua,,22.3773,90.0779,29066614B96575570163217
ADM4_Amura,Amura,,24.8446,92.0635,29066614B68484208461627
ADM4_Anaitara,Anaitara,,24.0682,90.0092,29066614B96323542216322
ADM4_Anandapur,Anandapur,,23.0714,91.4301,29066614B26832859123283
ADM4_Anderchar,Anderchar,,22.8035,90.9442,29066614B53757263052012
ADM4_AndharManik,Andhar Manik,,22.8983,90.4606,29066614B1535572042200
ADM4_AndhariJhar,Andhari Jhar,,26.0579,89.7082,29066614B93768514951785
ADM4_Andikot,Andikot,,23.7577,91.0355,29066614B18001715805586
ADM4_Andiurauk,Andiurauk,,24.1131,91.3203,29066614B85649460125495
ADM4_Andulbaria,Andulbaria,,23.4798,88.9069,29066614B77085462219694
ADM4_Anehola,Anehola,,24.4324,89.9207,29066614B27365652964548
ADM4_AngarPara,Angar Para,,25.8712,88.799,29066614B40095285818089
ADM4_Angaria_454832,Angaria,,22.4809,90.3753,29066614B81698357454832
ADM4_Angaria_383050,Angaria,,23.1617,90.3159,29066614B75859045383050
ADM4_Annadanagar,Annadanagar,,25.7067,89.431,29066614B31755068813390
ADM4_Anowara,Anowara,,22.2176,91.9045,29066614B91130070992583
ADM4_Anulia,Anulia,,22.4321,89.2274,29066614B56539719526864
ADM4_Aolai,Aolai,,25.1943,89.1663,29066614B43367203287211
ADM4_Aona,Aona,,24.6521,89.8248,29066614B63909941428675
ADM4_Aorail,Aorail,,24.1571,91.0199,29066614B94466452079054
ADM4_Arabpur,Arabpur,,23.1608,89.166,29066614B50253238918083
ADM4_Araibaria,Araibaria,,24.412,90.6618,29066614B72091072374528
ADM4_Araihazar,Araihazar,,23.7906,90.6453,29066614B19330586697508
ADM4_Araisidha,Araisidha,,24.0087,91.0045,29066614B4763984058643
ADM4_Aranagar,Aranagar,,25.0905,88.8415,29066614B27440847927579
ADM4_Aranghata,Aranghata,,22.8729,89.5007,29066614B58923049942246
ADM4_Arani,Arani,,24.2756,88.8708,29066614B34322479443473
ADM4_AraniPaurashava,Arani Paurashava,,24.2894,88.8655,29066614B2856200482363
ADM4_Arankhola,Arankhola,,24.6825,90.0752,29066614B6494370193348
ADM4_Arbab,Arbab,,24.2235,88.9377,29066614B89729520639286
ADM4_Aria_129523,Aria,,23.9362,88.9192,29066614B35125119129523
ADM4_Aria_466900,Aria,,24.7291,89.3813,29066614B14791308466900
ADM4_Arial,Arial,,23.4853,90.4225,29066614B31929967072821
ADM4_Arjuna,Arjuna,,24.542,89.8065,29066614B47866869946726
ADM4_ArjunpurBoromhati,Arjunpur Boromhati,,24.1841,89.0407,29066614B73184368610389
ADM4_Arjuntala,Arjuntala,,23.0084,91.2029,29066614B53085503003311
ADM4_Arpangashia,Arpangashia,,22.0922,90.1888,29066614B5365012397119
ADM4_Arpara,Arpara,,23.3611,89.3842,29066614B19719140357564
ADM4_ArshiNagar,Arshi Nagar,,23.1775,90.5344,29066614B74477969572450
ADM4_Arua,Arua,,23.7701,89.8311,29066614B16568408782947
ADM4_AsadPur,Asad Pur,,23.6983,90.8322,29066614B90798188057929
ADM4_Asekpur,Asekpur,,24.7982,89.3431,29066614B64721710653012
ADM4_Asharkandi,Asharkandi,,24.7106,91.6289,29066614B7347614389995
ADM4_Ashidron,Ashidron,,24.2772,91.6995,29066614B21389673819086
ADM4_Ashikati,Ashikati,,23.273,90.7092,29066614B36241564487941
ADM4_Ashrafpur,Ashrafpur,,23.2772,90.9803,29066614B95771492004003
ADM4_AshtaManisha,Ashta Manisha,,24.2495,89.3652,29066614B38556291281753
ADM4_Ashtadhar,Ashtadhar,,24.8634,90.2274,29066614B92866369099723
ADM4_AshtamirChar,Ashtamir Char,,25.5206,89.7431,29066614B63903403480088
ADM4_Ashugang,Ashugang,,24.0222,91.0205,29066614B3515152928288
ADM4_Ashulia,Ashulia,,23.8962,90.312,29066614B60495945012451
ADM4_Ashwadia,Ashwadia,,22.8271,91.1308,29066614B13349404339349
ADM4_Asia,Asia,,22.262,91.9435,29066614B6679455811696
ADM4_Askarpur,Askarpur,,25.5265,88.6191,29066614B56018895497778
ADM4_Aslampur,Aslampur,,22.2222,90.7843,29066614B5838812434162
ADM4_Asma,Asma,,24.9377,90.9007,29066614B73909193814734
ADM4_Assasuni,Assasuni,,22.516,89.1664,29066614B52757477622375
ADM4_Asujia,Asujia,,24.7473,90.7807,29066614B37751649542011
ADM4_Atabaha,Atabaha,,24.0309,90.2173,29066614B49431891897326
ADM4_Ataikola_185479,Ataikola,,24.0333,89.3626,29066614B61966697185479
ADM4_Ataikola_020461,Ataikola,,24.0097,89.4435,29066614B92674591020461
ADM4_Atapur,Atapur,,25.2256,89.0573,29066614B20641978260103
ADM4_AtbarPurPaschimChandina,Atbar Pur (Paschim Chandina),,23.4587,91.0083,29066614B4680880428501
ADM4_Atgaon_124286,Atgaon,,25.7591,88.4862,29066614B95012974124286
ADM4_Atgaon_171938,Atgaon,,24.7482,91.1966,29066614B30746486171938
ADM4_Atghar,Atghar,,23.4735,89.7576,29066614B82500970804209
ADM4_AtgharKuriana,Atghar Kuriana,,22.7424,90.1525,29066614B36573315511002
ADM4_AtghariaPaurashava,Atgharia Paurashava,,24.1151,89.238,29066614B17956726810613
ADM4_Atharabari,Atharabari,,24.6423,90.7159,29066614B55171796116307
ADM4_Atharagashia,Atharagashia,,22.2085,90.3359,29066614B99919575968423
ADM4_Atharakhada,Atharakhada,,23.531,89.4156,29066614B84542432435316
ADM4_Atia,Atia,,24.1616,89.9196,29066614B44213834449597
ADM4_Atigram,Atigram,,23.8772,90.0975,29066614B22826489639971
ADM4_Atjuri,Atjuri,,22.8961,89.8157,29066614B52636916579672
ADM4_Atlia,Atlia,,22.8093,89.3125,29066614B12804826228676
ADM4_Atmul,Atmul,,25.015,89.2533,29066614B1892237350053
ADM4_Atpara,Atpara,,23.5446,90.3181,29066614B73009934482990
ADM4_AtraGilatala,Atra Gilatala,,22.9245,89.4887,29066614B41281440806712
ADM4_Atulia,Atulia,,22.3287,89.1842,29066614B69026902416826
ADM4_AuchPara,Auch Para,,24.6043,88.7043,29066614B94480347502891
ADM4_AuliaPukur,Aulia Pukur,,25.6403,88.7364,29066614B99480254611498
ADM4_Auliapur_301729,Auliapur,,22.2849,90.3505,29066614B85532150301729
ADM4_Auliapur_922244,Auliapur,,25.5726,88.6266,29066614B10046949922244
ADM4_Auliapur_708342,Auliapur,,26.0906,88.5221,29066614B98726555708342
ADM4_Auria,Auria,,23.1778,89.5498,29066614B7278203951494
ADM4_Auskandi,Auskandi,,24.6056,91.629,29066614B45624686946029
ADM4_Ausnara,Ausnara,,24.5808,90.0984,29066614B96644617521368
ADM4_Austagram,Austagram,,24.2884,91.1094,29066614B29642211895492
ADM4_Autshahi,Autshahi,,23.5195,90.4299,29066614B72930837657032
ADM4_AylaPatakata,Ayla Patakata,,22.1878,90.2071,29066614B30290148510525
ADM4_Aymarasulpur,Aymarasulpur,,25.1721,88.99,29066614B50814807997550
ADM4_Ayubpur,Ayubpur,,23.9685,90.7531,29066614B88175777529476
ADM4_Azampur,Azampur,,23.358,88.9834,29066614B69069268524022
ADM4_Azimnagar_006562,Azimnagar,,23.3475,90.0695,29066614B19334043006562
ADM4_Azimnagar_550281,Azimnagar,,23.6557,89.9864,29066614B80971925550281
ADM4_Azimpur_810186,Azimpur,,22.3927,91.3859,29066614B95497925810186
ADM4_Azimpur_299299,Azimpur,,25.7254,88.6031,29066614B13885377299299
ADM4_Aziznagar,Aziznagar,,21.9047,92.1026,29066614B16299332721389
ADM4_BabraHachla,Babra Hachla,,23.0659,89.6106,29066614B45818546110098
ADM4_Babuchhara,Babuchhara,,23.501,92.0319,29066614B4209252125206
ADM4_Babukhali,Babukhali,,23.4844,89.5439,29066614B1132017028362
ADM4_Babupara,Babupara,,23.7857,89.3904,29066614B79138401097298
ADM4_BabutiPara,Babuti Para,,23.5299,90.8898,29066614B1908865775595
ADM4_Bachamara,Bachamara,,23.9757,89.728,29066614B46006888270125
ADM4_Bachor,Bachor,,25.9148,88.293,29066614B85197742882529
ADM4_Badair,Badair,,23.7998,91.1106,29066614B39311651389071
ADM4_Badalgachhi,Badalgachhi,,24.9605,88.8856,29066614B92871893391435
ADM4_Badalkut,Badalkut,,23.1064,90.9646,29066614B75544252824417
ADM4_Badalpur,Badalpur,,24.6038,91.3241,29066614B25441778741036
ADM4_BadarPasha,Badar Pasha,,23.2219,90.0607,29066614B95850413742218
ADM4_Badarganj,Badarganj,,25.6417,89.0768,29066614B68520183775428
ADM4_Badarkhali_562995,Badarkhali,,22.1919,90.075,29066614B28754578562995
ADM4_Badarkhali_266863,Badarkhali,,21.7201,91.9635,29066614B11022050266863
ADM4_Badarpur_092400,Badarpur,,22.3757,90.6949,29066614B19537175092400
ADM4_Badarpur_346350,Badarpur,,22.3987,90.3207,29066614B59763298346350
ADM4_Badda,Badda,,23.7767,90.4337,29066614B18327963754428
ADM4_Badhair,Badhair,,24.633,88.4556,29066614B53235967504007
ADM4_Badhal,Badhal,,22.5847,89.8636,29066614B14685351718613
ADM4_Badiakhali,Badiakhali,,25.2485,89.542,29066614B41338620155479
ADM4_Badla,Badla,,24.5577,91.0264,29066614B98674625016308
ADM4_Baga,Baga,,22.4109,90.4614,29066614B93789468737558
ADM4_Bagachra,Bagachra,,22.977,88.9624,29066614B90368678554857
ADM4_Bagadana,Bagadana,,22.9156,91.3689,29066614B50749147089307
ADM4_Bagali,Bagali,,22.4331,89.2889,29066614B60109639921958
ADM4_BaganBazar,Bagan Bazar,,22.8655,91.6608,29066614B66951683171873
ADM4_Baganbari,Baganbari,,23.4672,90.6845,29066614B65565388739220
ADM4_BagarChar,Bagar Char,,25.2642,89.8305,29066614B20592046209014
ADM4_Bagasura,Bagasura,,24.2423,91.3526,29066614B41129594102100
ADM4_Bagat,Bagat,,23.5163,89.5791,29066614B10463268866488
ADM4_BagatiPara,Bagati Para,,24.3344,88.947,29066614B34317205096401
ADM4_BagatiparaPaurashava,Bagatipara Paurashava,,24.3025,88.9647,29066614B52780453975622
ADM4_Bagdha,Bagdha,,22.9451,90.093,29066614B99665811496201
ADM4_BagerhatPaurashava,Bagerhat Paurashava,,22.6622,89.7881,29066614B96372649984923
ADM4_Bagha,Bagha,,24.884,91.9883,29066614B39935151224768
ADM4_BaghaPaurashava,Bagha Paurashava,,24.1923,88.8385,29066614B29763170472955
ADM4_Baghaba,Baghaba,,24.0061,90.7677,29066614B77065229722340
ADM4_Baghadi,Baghadi,,23.2125,90.6988,29066614B66534620492601
ADM4_BaghaiChhari,Baghai Chhari,,23.1637,92.2882,29066614B3333248642063
ADM4_BaghaichhariPaurashava,Baghaichhari Paurashava,,23.1484,92.2133,29066614B45122866626645
ADM4_Baghbati,Baghbati,,24.5201,89.627,29066614B36295446064144
ADM4_Baghber_036411,Baghber,,25.0952,90.4549,29066614B57487715036411
ADM4_Baghber_147782,Baghber,,25.1039,90.1669,29066614B93789082147782
ADM4_BagherParaPaurashava,Bagher Para Paurashava,,23.2183,89.3428,29066614B84788308620705
ADM4_Baghil,Baghil,,24.2943,89.8656,29066614B51213638178759
ADM4_Baghmara,Baghmara,,23.3316,91.1384,29066614B81550282118251
ADM4_BaghmaraUttar,Baghmara Uttar,,23.344,91.1732,29066614B9294211016349
ADM4_Baghra,Baghra,,23.5346,90.1898,29066614B66008880805999
ADM4_Baghutia_729726,Baghutia,,23.9312,89.7374,29066614B1621541729726
ADM4_Baghutia_867440,Baghutia,,23.028,89.439,29066614B66768525867440
ADM4_Bagia,Bagia,,23.4874,89.4764,29066614B64126883004308
ADM4_Bagjana,Bagjana,,25.2524,89.0192,29066614B17400013019830
ADM4_Bagoan_264894,Bagoan,,22.4386,91.9424,29066614B5400899264894
ADM4_Bagoan_637573,Bagoan,,23.6394,88.6058,29066614B67755473637573
ADM4_Bagulat,Bagulat,,23.8134,89.172,29066614B96505425878423
ADM4_Bagura,Bagura,,23.6334,89.3194,29066614B41789480092105
ADM4_Bagutia,Bagutia,,24.0664,89.7929,29066614B70600851552572
ADM4_Bahadurabad,Bahadurabad,,25.2254,89.7722,29066614B82338417530703
ADM4_Bahadurpur_484160,Bahadurpur,,23.2317,90.1357,29066614B93091800484160
ADM4_Bahadurpur_092772,Bahadurpur,,23.8749,89.3776,29066614B96906590092772
ADM4_Bahadurpur_258188,Bahadurpur,,23.0877,88.9027,29066614B9933596258188
ADM4_Bahadurpur_903913,Bahadurpur,,24.1124,88.9558,29066614B62365429903913
ADM4_Bahadurpur_027613,Bahadurpur,,24.7384,88.5791,29066614B2847485027613
ADM4_Bahadursadi,Bahadursadi,,23.957,90.5929,29066614B16859496040127
ADM4_Bahagili,Bahagili,,25.8589,89.0013,29066614B29312217582849
ADM4_Bahalbaria,Bahalbaria,,23.9752,89.0289,29066614B90072614750042
ADM4_Bahara_273526,Bahara,,24.0662,91.3374,29066614B90219656273526
ADM4_Bahara_145773,Bahara,,24.6566,91.2724,29066614B82249936145773
ADM4_Baharbunia,Baharbunia,,22.4959,89.7744,29066614B11991285080074
ADM4_Baharchhara_499696,Baharchhara,,22.0708,91.8939,29066614B11901374499696
ADM4_Baharchhara_142331,Baharchhara,,21.0131,92.1795,29066614B69915721142331
ADM4_Baharpur,Baharpur,,23.6563,89.5847,29066614B79123702135415
ADM4_Baheratail,Baheratail,,24.327,90.1075,29066614B62981793238294
ADM4_BahirChar,Bahir Char,,24.0297,89.0248,29066614B83042250690864
ADM4_BahirdiaMansa,Bahirdia Mansa,,22.7767,89.6787,29066614B77702686096945
ADM4_Bahrampur,Bahrampur,,22.3373,90.5609,29066614B66839459703791
ADM4_Bahubal,Bahubal,,24.342,91.5234,29066614B63931762028175
ADM4_Bahugram,Bahugram,,23.2291,89.8595,29066614B53394719509500
ADM4_Bahuli,Bahuli,,24.4716,89.6426,29066614B35457284084886
ADM4_Bahuria,Bahuria,,24.0538,90.1236,29066614B86219734929917
ADM4_BaidyerBazar,Baidyer Bazar,,23.6647,90.6209,29066614B51845483262811
ADM4_Baikari,Baikari,,22.7407,88.9413,29066614B65590143646201
ADM4_Bailar,Bailar,,24.6336,90.3958,29066614B99247688954203
ADM4_Bailchhari,Bailchhari,,22.0452,91.9546,29066614B20806394734183
ADM4_Bailtali,Bailtali,,22.1568,92.0075,29066614B88487375052919
ADM4_Baintala,Baintala,,22.6191,89.689,29066614B33430541822957
ADM4_Bairakewatkhali,Baira (kewatkhali),,24.7079,90.4337,29066614B44004268599948
ADM4_Bairag,Bairag,,22.2302,91.8433,29066614B78154562641949
ADM4_Bairati_493423,Bairati,,24.4575,91.2222,29066614B71011783493423
ADM4_Bairati_035383,Bairati,,24.8188,90.6339,29066614B19336833035383
ADM4_Bairchuna,Bairchuna,,25.7088,88.4018,29066614B57381547007605
ADM4_Baisakanda,Baisakanda,,23.9983,90.151,29066614B70062463667647
ADM4_BaisariPara,Baisari Para,,22.792,90.1347,29066614B78753413542607
ADM4_Baishari,Baishari,,21.6021,92.1857,29066614B64675055575886
ADM4_Baishgaon,Baishgaon,,23.1418,91.0348,29066614B95103070357019
ADM4_Bajitkhila,Bajitkhila,,25.0583,90.037,29066614B21636360194415
ADM4_Bajitpur,Bajitpur,,23.1634,90.0799,29066614B93510506767459
ADM4_BajitpurPaurashava,Bajitpur Paurashava,,24.2088,90.936,29066614B4724842915595
ADM4_Bajnaba,Bajnaba,,24.1097,90.816,29066614B61506083218996
ADM4_BajraJogini,Bajra Jogini,,23.5178,90.4905,29066614B83390759943790
ADM4_Bajua,Bajua,,22.5605,89.5426,29066614B77706054006812
ADM4_Bajubagha,Bajubagha,,24.207,88.8574,29066614B55818471457434
ADM4_Bakai,Bakai,,23.2957,91.0958,29066614B92476606014209
ADM4_Bakal,Bakal,,22.9819,90.1191,29066614B26641497794823
ADM4_Bakaljora,Bakaljora,,25.0473,90.7175,29066614B23601423266234
ADM4_Bakila,Bakila,,23.2712,90.78,29066614B67780402623110
ADM4_BakshMohammad,Baksh Mohammad,,23.1657,91.4691,29066614B33548757498908
ADM4_Bakshaganj,Bakshaganj,,23.0733,91.252,29066614B84428054404551
ADM4_Bakshanagar,Bakshanagar,,23.6409,90.1757,29066614B91652526259433
ADM4_Bakshiganj,Bakshiganj,,25.1957,89.8629,29066614B35552494391821
ADM4_Bakshimail,Bakshimail,,24.5383,88.6537,29066614B5782789659801
ADM4_Baksimail,Baksimail,,23.5483,91.1775,29066614B10042412536278
ADM4_Bakta,Bakta,,24.5998,90.2448,29066614B99622002630792
ADM4_Baktaballi,Baktaballi,,23.5869,90.4511,29066614B86328974643650
ADM4_Baktapur,Baktapur,,22.6112,91.8568,29066614B38164178698323
ADM4_Baktarpur,Baktarpur,,23.9689,90.5432,29066614B67148222623696
ADM4_Baktiarpur,Baktiarpur,,24.8587,88.9325,29066614B67935234744181
ADM4_Bakua,Bakua,,25.8958,88.122,29066614B93644001771342
ADM4_Bakulbaria,Bakulbaria,,22.3126,90.4832,29066614B45722722065950
ADM4_BalaPara,Bala Para,,26.1929,88.9018,29066614B57408796921070
ADM4_Balaganj,Balaganj,,24.6708,91.8211,29066614B82595940951336
ADM4_Balagram,Balagram,,26.0521,89.0061,29066614B45919877494692
ADM4_Balaibunia,Balaibunia,,22.4917,89.8662,29066614B25003126148582
ADM4_BalairChar,Balair Char,,24.9485,90.0175,29066614B69282358351271
ADM4_Balaishimul,Balaishimul,,24.7244,90.8101,29066614B57717689074569
ADM4_Balara,Balara,,23.7507,90.0107,29066614B49603434884685
ADM4_Balarampur_287762,Balarampur,,23.6091,90.8119,29066614B14682659287762
ADM4_Balarampur_589355,Balarampur,,26.2079,88.5171,29066614B17319429589355
ADM4_Balarhat,Balarhat,,25.5811,89.366,29066614B75291912405598
ADM4_Baldhara,Baldhara,,23.7862,90.0958,29066614B2120484849591
ADM4_Baldia,Baldia,,22.7745,90.0541,29066614B50755936530066
ADM4_BaliPara_073203,Bali Para,,22.4228,89.916,29066614B54869126073203
ADM4_BaliPara_001038,Bali Para,,24.5532,90.5007,29066614B59085329001038
ADM4_Balia_251389,Balia,,23.1815,90.6832,29066614B25440196251389
ADM4_Balia_101702,Balia,,23.9865,90.0767,29066614B10380990101702
ADM4_Balia_238128,Balia,,24.9804,90.4393,29066614B77262124238128
ADM4_Balia_441484,Balia,,26.1263,88.5623,29066614B64515132441484
ADM4_BaliaDighi,Balia Dighi,,24.8013,89.5104,29066614B9254577622986
ADM4_Baliadanga,Baliadanga,,22.7191,89.5469,29066614B7371718677994
ADM4_Baliakandi,Baliakandi,,23.6278,89.5371,29066614B41526695545612
ADM4_Baliakhora,Baliakhora,,23.8663,89.913,29066614B66016416634328
ADM4_Balian,Balian,,24.6835,90.2764,29066614B15755091955045
ADM4_Baliardi,Baliardi,,24.1992,90.9853,29066614B18782784884290
ADM4_Baliatali,Baliatali,,21.8991,90.2388,29066614B57405664945848
ADM4_Baliati,Baliati,,23.9945,90.0281,29066614B94744870260629
ADM4_Balibhadra,Balibhadra,,24.6442,89.8777,29066614B74512846552340
ADM4_Balidanga,Balidanga,,24.6361,88.2745,29066614B96981160818468
ADM4_Balidia,Balidia,,23.3976,89.5547,29066614B72910905064700
ADM4_Baligaon,Baligaon,,22.9698,91.378,29066614B21210063848702
ADM4_Balighata,Balighata,,25.1739,89.035,29066614B66801388170864
ADM4_Baligram,Baligram,,23.1126,90.1852,29066614B46622661145664
ADM4_Balihar,Balihar,,24.8207,88.8147,29066614B60746513712497
ADM4_Balijuri_286236,Balijuri,,24.8802,89.6963,29066614B52675129286236
ADM4_Balijuri_711284,Balijuri,,25.1045,91.2375,29066614B16363770711284
ADM4_Balikhan,Balikhan,,24.8496,90.3825,29066614B14712921888401
ADM4_Balipara,Balipara,,21.8728,92.3856,29066614B66172698955944
ADM4_Balla_194272,Balla,,23.7773,89.8803,29066614B99835348194272
ADM4_Balla_984313,Balla,,24.3164,90.0243,29066614B52825391984313
ADM4_Ballabhdi,Ballabhdi,,23.3527,89.8433,29066614B47239158528645
ADM4_BallabherKhas,Ballabher Khas,,25.9558,89.7885,29066614B24035479963544
ADM4_Ballamjhar,Ballamjhar,,25.3394,89.4999,29066614B90713859320162
ADM4_Balli,Balli,,22.8016,89.0778,29066614B81314767465279
ADM4_Balua,Balua,,25.0253,89.469,29066614B72808552942279
ADM4_BaluaMasimpur,Balua Masimpur,,25.5424,89.159,29066614B23895478824680
ADM4_Baluakandi,Baluakandi,,23.6019,90.6404,29066614B84904710746917
ADM4_Balubhara,Balubhara,,24.9136,88.9087,29066614B62656044704845
ADM4_Baluhar,Baluhar,,23.421,88.9888,29066614B64196963603033
ADM4_Balukhali,Balukhali,,22.6155,92.2714,29066614B4636893149221
ADM4_BalurChar,Balur Char,,23.6176,90.4063,29066614B93441288429457
ADM4_Bamai,Bamai,,24.2969,91.2584,29066614B73453481817598
ADM4_Bamandanga_976116,Bamandanga,,25.5613,89.437,29066614B17178269976116
ADM4_Bamandanga_217072,Bamandanga,,25.9939,89.7333,29066614B38329171217072
ADM4_Bamandi,Bamandi,,23.889,88.7946,29066614B31218462805664
ADM4_Bambu,Bambu,,25.0752,89.0717,29066614B21342838119271
ADM4_Bamna,Bamna,,22.3065,90.0872,29066614B67290925932714
ADM4_Bamni,Bamni,,23.0149,90.7976,29066614B8377431094625
ADM4_BamoBilchari,Bamo Bilchari,,21.8115,92.1901,29066614B87868638037588
ADM4_Bamrail,Bamrail,,22.8688,90.2554,29066614B60889166075205
ADM4_Bamunia,Bamunia,,26.1629,88.8519,29066614B2573988633454
ADM4_Bana,Bana,,23.3312,89.6415,29066614B52463524351574
ADM4_Banagram_583895,Banagram,,23.8157,90.293,29066614B9657691583895
ADM4_Banagram_793811,Banagram,,24.3335,90.7905,29066614B19970519793811
ADM4_Banagram_536879,Banagram,,22.596,89.9141,29066614B45798400536879
ADM4_Banagram_380475,Banagram,,25.3715,89.4691,29066614B92216951380475
ADM4_Banail,Banail,,24.1004,90.0029,29066614B74348803015021
ADM4_BanariPara,Banari Para,,22.7682,90.1576,29066614B49887905303273
ADM4_Bandaber,Bandaber,,25.619,89.8049,29066614B62595329034458
ADM4_Bandabilla,Bandabilla,,23.2995,89.2833,29066614B40600094272343
ADM4_Bandar,Bandar,,23.619,90.5356,29066614B49514209705636
ADM4_Bandarban,Bandarban,,22.2062,92.2819,29066614B57018090117316
ADM4_BandarbanPaurashava,Bandarban Paurashava,,22.2079,92.2069,29066614B18460497962111
ADM4_Bandarkhola,Bandarkhola,,23.4417,90.1291,29066614B28208515853048
ADM4_Bandhabari,Bandhabari,,23.0024,90.0637,29066614B49027662468197
ADM4_BandukBhanga,Banduk Bhanga,,22.7477,92.1705,29066614B63795258961840
ADM4_Bandura,Bandura,,23.6545,90.1135,29066614B10617885188181
ADM4_Baneshwar,Baneshwar,,24.3746,88.7759,29066614B86808825224475
ADM4_Baneshwardi,Baneshwardi,,24.9554,90.1509,29066614B18128718300600
ADM4_Bangakha,Bangakha,,22.9586,90.8757,29066614B7558464878827
ADM4_BangalPara,Bangal Para,,24.241,91.0866,29066614B18016123698870
ADM4_Bangala,Bangala,,24.3517,89.4593,29066614B40153149489527
ADM4_Bangalhalia,Bangalhalia,,22.375,92.15,29066614B30357852434814
ADM4_Bangalipur,Bangalipur,,25.7528,88.922,29066614B84451630476158
ADM4_Bangaltali,Bangaltali,,23.2252,92.1627,29066614B90889231236
ADM4_Bangasonahat,Bangasonahat,,26.0974,89.7459,29066614B9429135163516
ADM4_BanglaBazar_476898,Bangla Bazar,,23.4109,90.5274,29066614B8347222476898
ADM4_BanglaBazar_906597,Bangla Bazar,,25.1291,91.6017,29066614B59669810906597
ADM4_Banglabandha,Banglabandha,,26.5969,88.4001,29066614B72956796017472
ADM4_Bangodda,Bangodda,,23.227,91.2324,29066614B22089511834340
ADM4_Bangra,Bangra,,24.3704,89.9522,29066614B91930690493550
ADM4_Baniajan_265180,Baniajan,,24.7291,89.9254,29066614B66854720265180
ADM4_Baniajan_888559,Baniajan,,24.7969,90.8532,29066614B61365015888559
ADM4_Baniajuri,Baniajuri,,23.8468,89.9441,29066614B99247628907980
ADM4_Banibaha,Banibaha,,23.6922,89.62,29066614B68051634033597
ADM4_Banihala,Banihala,,24.9017,90.4337,29066614B33930748580749
ADM4_Banishanta,Banishanta,,22.4698,89.568,29066614B34453070263706
ADM4_BanjugiChhara,Banjugi Chhara,,22.6827,92.3549,29066614B54348301991350
ADM4_Banka,Banka,,23.4192,88.8737,29066614B31431734316093
ADM4_Bankra,Bankra,,22.9614,89.0779,29066614B26955434361879
ADM4_BanparaPaurashava,Banpara Paurashava,,24.2933,89.0888,29066614B47454040568803
ADM4_Banshbaria_167798,Banshbaria,,22.3073,90.5871,29066614B10384782167798
ADM4_Banshbaria_670807,Banshbaria,,22.5514,91.6977,29066614B71284676670807
ADM4_Banshbaria_099750,Banshbaria,,23.2549,89.8979,29066614B57859857099750
ADM4_Banshbaria_848263,Banshbaria,,23.2844,88.8194,29066614B88986088848263
ADM4_Banshchara,Banshchara,,24.8137,90.0772,29066614B1835158217150
ADM4_Banshdaha,Banshdaha,,22.803,88.9905,29066614B43392625281805
ADM4_Banshgari_107425,Banshgari,,23.0924,90.3298,29066614B22963916107425
ADM4_Banshgari_455713,Banshgari,,23.9105,90.8914,29066614B48422062455713
ADM4_Banshgram,Banshgram,,23.1346,89.5773,29066614B66226326041249
ADM4_Banshkandi,Banshkandi,,23.2834,90.1748,29066614B76137920231953
ADM4_BanshkhaliPaurashava,Banshkhali Paurashava,,22.0051,91.965,29066614B12442046351212
ADM4_Banshtail,Banshtail,,24.1833,90.1908,29066614B57914597671460
ADM4_Banshtali,Banshtali,,22.5761,89.685,29066614B20121688854672
ADM4_Banwarinagar,Banwarinagar,,24.1611,89.4586,29066614B96090073718486
ADM4_Baola,Baola,,24.9826,90.4892,29066614B41406596183846
ADM4_Bapta,Bapta,,22.7005,90.6321,29066614B40546005474181
ADM4_BaraAlampur,Bara Alampur,,25.3851,89.2441,29066614B80341729204618
ADM4_BaraBaisdia,Bara Baisdia,,21.9171,90.3557,29066614B90254278073895
ADM4_BaraBakia,Bara Bakia,,21.8422,91.9756,29066614B47750922128924
ADM4_BaraBaria,Bara Baria,,22.8623,89.8581,29066614B7591958698540
ADM4_BaraBazar,Bara Bazar,,23.3112,89.1682,29066614B12238150188144
ADM4_BaraBhita,Bara Bhita,,25.907,89.5753,29066614B59812884037230
ADM4_BaraBighai,Bara Bighai,,22.2688,90.235,29066614B94838063040254
ADM4_BaraBihanali,Bara Bihanali,,24.6351,88.8503,29066614B83524166849494
ADM4_BaraChapa,Bara Chapa,,24.1828,90.7711,29066614B8413112781501
ADM4_BaraChatul,Bara Chatul,,25.0259,92.194,29066614B67368506548145
ADM4_BaraDargah,Bara Dargah,,25.494,89.2794,29066614B44487149482430
ADM4_BaraDhul,Bara Dhul,,24.2864,89.7504,29066614B75519297229397
ADM4_BaraGopalpur,Bara Gopalpur,,23.3116,90.2531,29066614B9496103825248
ADM4_BaraHarina,Bara Harina,,23.008,92.3451,29066614B79536454335489
ADM4_BaraHarishpur,Bara Harishpur,,24.3854,89.0049,29066614B2957024765407
ADM4_BaraHazratpur,Bara Hazratpur,,25.5437,89.3222,29066614B69592190722190
ADM4_BaraJalia,Bara Jalia,,22.915,90.5099,29066614B56142534405255
ADM4_BaraKaraiuttarBaraKarai,Bara Karai (uttar Bara Karai),,23.3943,90.9454,29066614B39287166517129
ADM4_BaraKharpan,Bara Kharpan,,25.0249,90.9163,29066614B43417837729411
ADM4_BaraKheri,Bara Kheri,,22.5981,90.9959,29066614B90769832965317
ADM4_BaraKotha,Bara Kotha,,22.851,90.205,29066614B92993795521758
ADM4_BaraKrishnagar,Bara Krishnagar,,23.3657,90.2556,29066614B55711763204216
ADM4_BaraMachhua,Bara Machhua,,22.3047,89.8872,29066614B69670765146544
ADM4_BaraMaheskhali,Bara Maheskhali,,21.5454,91.928,29066614B14328853263738
ADM4_BaraMalancha,Bara Malancha,,22.5536,90.8763,29066614B46957369812112
ADM4_BaraManika,Bara Manika,,22.5383,90.7281,29066614B41926715026550
ADM4_BaraPalashbari,Bara Palashbari,,26.0741,88.2087,29066614B83447846606135
ADM4_BaraPangashi,Bara Pangashi,,24.29,89.4815,29066614B889847367601
ADM4_BaraPara,Bara Para,,23.3736,91.155,29066614B71883070949999
ADM4_BaraShalghar,Bara Shalghar,,23.6813,91.0363,29066614B2661196330386
ADM4_BaraShashi,Bara Shashi,,26.2477,88.7085,29066614B44604522626285
ADM4_BaraThakuri,Bara Thakuri,,24.8951,92.4696,29066614B58709590737779
ADM4_BaraUthan,Bara Uthan,,22.2628,91.8591,29066614B7410048854087
ADM4_Barabagi,Barabagi,,21.9576,90.1106,29066614B28793182942506
ADM4_Barabala,Barabala,,25.5278,89.1242,29066614B30668459955418
ADM4_Barabari_260672,Barabari,,25.8773,89.5271,29066614B19827892260672
ADM4_Barabari_623292,Barabari,,26.1079,88.2604,29066614B79446177623292
ADM4_Barabaria,Barabaria,,24.503,90.5034,29066614B71584331305466
ADM4_Barabhita,Barabhita,,25.9509,89.03,29066614B90672234018572
ADM4_Barabil,Barabil,,25.8543,89.1765,29066614B80251560295078
ADM4_Barabkunda,Barabkunda,,22.5739,91.673,29066614B32503193039840
ADM4_Baradal,Baradal,,22.5287,89.22,29066614B62154946830120
ADM4_Baradi_853904,Baradi,,23.6967,90.6441,29066614B8999888853904
ADM4_Baradi_901971,Baradi,,23.7502,88.8754,29066614B22688659901971
ADM4_Baragachhi,Baragachhi,,24.4635,88.6513,29066614B44527539017370
ADM4_Baragaon_063973,Baragaon,,23.0226,91.1345,29066614B38080008063973
ADM4_Baragaon_865954,Baragaon,,26.1361,88.4874,29066614B43910563865954
ADM4_Baragharia_591499,Baragharia,,24.4511,90.8992,29066614B99554989591499
ADM4_Baragharia_228497,Baragharia,,24.6115,88.2494,29066614B97537868228497
ADM4_Baraghop,Baraghop,,21.8123,91.8617,29066614B99215912176025
ADM4_Baragram,Baragram,,24.7982,90.1812,29066614B89421707259067
ADM4_Barahal,Barahal,,24.9474,92.2565,29066614B28890914190449
ADM4_Barahar,Barahar,,24.364,89.5755,29066614B3598643304292
ADM4_Barahatia,Barahatia,,22.0051,92.0384,29066614B89758483871512
ADM4_Barahit,Barahit,,24.6462,90.5732,29066614B50695458146050
ADM4_BaraiPara,Barai Para,,22.7545,89.771,29066614B73412117955344
ADM4_Baraid,Baraid,,23.9874,89.9484,29066614B95264918310250
ADM4_Baraigram,Baraigram,,24.3149,89.1977,29066614B83657936160884
ADM4_BaraigramPaurashava,Baraigram Paurashava,,24.3183,89.1637,29066614B41899793924524
ADM4_Baraikandi,Baraikandi,,24.8707,91.8595,29066614B96345861532503
ADM4_Baraikhali_110722,Baraikhali,,23.5945,90.2393,29066614B91574114110722
ADM4_Baraikhali_327513,Baraikhali,,22.4588,89.8051,29066614B92683570327513
ADM4_Barail_888934,Barail,,23.9478,91.0156,29066614B78148624888934
ADM4_Barail_809758,Barail,,25.0018,89.1261,29066614B87146005809758
ADM4_Baraitali,Baraitali,,21.8207,92.0519,29066614B67713478347911
ADM4_Baraiuri,Baraiuri,,24.5235,91.4434,29066614B45960217479550
ADM4_Barakanda,Barakanda,,23.614,90.6774,29066614B42049369554527
ADM4_Barakandi,Barakandi,,23.3608,90.3272,29066614B27283363566931
ADM4_Barakhada,Barakhada,,23.9185,89.1005,29066614B76898295228788
ADM4_Barakhain,Barakhain,,22.1979,91.8977,29066614B27941879241921
ADM4_Barakhata,Barakhata,,26.1996,89.1202,29066614B22705450342772
ADM4_Barakpur,Barakpur,,22.9328,89.5477,29066614B46791331083985
ADM4_Baralia,Baralia,,22.2904,91.9367,29066614B94500364394122
ADM4_Barama,Barama,,22.1829,91.9751,29066614B37179646011238
ADM4_Baramchal,Baramchal,,24.5825,91.9708,29066614B79307520892999
ADM4_Baranala,Baranala,,23.1836,91.8195,29066614B37982931288269
ADM4_Barapara,Barapara,,23.5122,90.7748,29066614B26295240743484
ADM4_Barasat_973427,Barasat,,22.2003,91.8329,29066614B4058604973427
ADM4_Barasat_174232,Barasat,,22.922,89.6419,29066614B36054861174232
ADM4_Barat,Barat,,23.766,89.7012,29066614B87588027077377
ADM4_BarataliBanihari,Baratali Banihari,,24.8773,91.0318,29066614B29271654521839
ADM4_Baratia,Baratia,,23.8732,89.8406,29066614B37481508091735
ADM4_Barera,Barera,,23.466,90.9665,29066614B36916265818163
ADM4_Bargachha,Bargachha,,24.6805,89.0301,29066614B93983447143128
ADM4_Barguna,Barguna,,22.1305,90.1017,29066614B18149722545161
ADM4_Barhatta,Barhatta,,24.8773,90.8985,29066614B66569843463190
ADM4_Baria,Baria,,23.9847,90.4782,29066614B91586531749118
ADM4_Bariadyala,Bariadyala,,22.6684,91.6363,29066614B48484718397543
ADM4_Baribari,Baribari,,24.5004,91.0035,29066614B66045002723399
ADM4_Barikandi,Barikandi,,23.859,90.864,29066614B47825430410660
ADM4_Barisal,Barisal,,25.2505,89.3864,29066614B50800596036096
ADM4_Barishaba,Barishaba,,24.1912,90.6426,29066614B90017876082391
ADM4_BarkaitpurbaChandinaUni,Barkait (purba Chandina Uni),,23.4541,91.0372,29066614B97738889872879
ADM4_Barkal_749003,Barkal,,22.2079,91.9717,29066614B84977879749003
ADM4_Barkal_685309,Barkal,,22.7916,92.3097,29066614B5943116685309
ADM4_Barkamta,Barkamta,,23.5002,91.0177,29066614B26924397491627
ADM4_BarkashiaBiramp,Barkashia Biramp,,24.8564,90.9714,29066614B71817858223457
ADM4_Barlekha,Barlekha,,24.7119,92.1849,29066614B15956085244696
ADM4_BarlekhaPaurashava,Barlekha Paurashava,,24.6876,92.1993,29066614B14323714372505
ADM4_Barmachhari,Barmachhari,,22.7198,91.9391,29066614B5893930486593
ADM4_Barmi,Barmi,,24.248,90.4977,29066614B5918729981964
ADM4_Barni_333452,Barni,,22.9376,89.8734,29066614B83700968333452
ADM4_Barni_916823,Barni,,24.7468,92.101,29066614B1644499916823
ADM4_BaroiarHatPaurashava,Baroiar Hat Paurashava,,22.9022,91.5501,29066614B87110574040274
ADM4_Barrah,Barrah,,23.6696,90.1921,29066614B59278496348090
ADM4_Barshail,Barshail,,24.8864,88.8804,29066614B75225037017021
ADM4_Barthi,Barthi,,23.0148,90.2077,29066614B50721159594675
ADM4_Baruakhali,Baruakhali,,23.673,90.073,29066614B95970942289808
ADM4_Barudia,Barudia,,24.2657,90.7082,29066614B6867761274454
ADM4_Baruhas,Baruhas,,24.4684,89.3261,29066614B19932622156860
ADM4_BaruiPara,Barui Para,,23.9243,89.0558,29066614B94919706252780
ADM4_Baruia,Baruia,,22.5178,90.1752,29066614B39807211536887
ADM4_BaruraPaurashava,Barura Paurashava,,23.3786,91.0446,29066614B10538600896438
ADM4_Basail_359427,Basail,,23.616,90.3607,29066614B81074280359427
ADM4_Basail_134391,Basail,,24.2274,90.0668,29066614B4815116134391
ADM4_Basan,Basan,,23.9876,90.3698,29066614B5014580465464
ADM4_Basanda,Basanda,,22.6708,90.2124,29066614B48669782935098
ADM4_Basantapur,Basantapur,,23.6376,89.6974,29066614B25222580379829
ADM4_Basati,Basati,,24.7381,90.2386,29066614B70115330183863
ADM4_Basikpur,Basikpur,,23.0035,90.8906,29066614B55787493898452
ADM4_Basta,Basta,,23.6729,90.3474,29066614B68964406699230
ADM4_BasuPara,Basu Para,,24.5881,88.7868,29066614B10440801252535
ADM4_Basuari,Basuari,,23.1673,89.3488,29066614B62102334657251
ADM4_Basudeb,Basudeb,,23.8794,91.1735,29066614B75062157776371
ADM4_Basudebpur,Basudebpur,,24.5265,88.323,29066614B5381427266634
ADM4_Basundia,Basundia,,23.119,89.3486,29066614B4833146068481
ADM4_BasurhatPaurashava,Basurhat Paurashava,,22.8779,91.2769,29066614B58171612012556
ADM4_Bataiya,Bataiya,,22.8667,91.2177,29066614B29179637735600
ADM4_Batajore,Batajore,,22.9148,90.262,29066614B35800952991421
ADM4_BatakashipurbaSilpur,Batakashi (purba Silpur),,23.4792,90.8894,29066614B61630523301688
ADM4_Batamara,Batamara,,23.0173,90.3373,29066614B57354774281252
ADM4_Batara,Batara,,25.0839,89.1337,29066614B35439752972326
ADM4_Batiaghata,Batiaghata,,22.736,89.4942,29066614B13819126423993
ADM4_Batikamari,Batikamari,,23.323,89.9631,29066614B86759534866823
ADM4_Batisha,Batisha,,23.195,91.3077,29066614B7625318997318
ADM4_Batnatali,Batnatali,,22.8748,91.8033,29066614B9018388642856
ADM4_Battajore,Battajore,,25.2343,89.8831,29066614B63804222760628
ADM4_Battali,Battali,,22.1914,91.8555,29066614B57729059441875
ADM4_Bauisena,Bauisena,,23.0113,89.7322,29066614B90994041577648
ADM4_Baulai,Baulai,,24.4182,90.833,29066614B65950714644579
ADM4_Baultali_491304,Baultali,,23.1116,89.8819,29066614B90345502491304
ADM4_Baultali_357671,Baultali,,23.5071,90.357,29066614B66808869357671
ADM4_Bauphal,Bauphal,,22.4046,90.5133,29066614B78177710283167
ADM4_Baura,Baura,,26.2555,89.0821,29066614B60849966805883
ADM4_Bauria,Bauria,,22.5285,91.4796,29066614B38810694491283
ADM4_Bausa,Bausa,,24.2448,88.8704,29066614B45683744149792
ADM4_Bausha,Bausha,,24.5217,91.5315,29066614B88336743704509
ADM4_Baushi,Baushi,,24.9389,90.858,29066614B3568704981237
ADM4_Bausia,Bausia,,23.5382,90.6688,29066614B77819872914157
ADM4_Bayaragadi,Bayaragadi,,23.5764,90.4152,29066614B4588653203645
ADM4_Bayek,Bayek,,23.674,91.1718,29066614B13429770841898
ADM4_BayratalaDakshin,Bayratala Dakshin,,23.2941,90.1397,29066614B36621972701356
ADM4_BayratalaUttar,Bayratala Uttar,,23.3202,90.1554,29066614B82874365585880
ADM4_Bazalia,Bazalia,,22.1195,92.1424,29066614B56686160444130
ADM4_Bazra_875855,Bazra,,23.0031,91.0934,29066614B29082276875855
ADM4_Bazra_507025,Bazra,,25.5875,89.5836,29066614B96554231507025
ADM4_BeaniBazar,Beani Bazar,,24.8394,92.14,29066614B33866742604388
ADM4_BeaniBazarPaurashava,Beani Bazar Paurashava,,24.8266,92.1594,29066614B72249407021729
ADM4_Begampur,Begampur,,23.5324,88.8468,29066614B6491041417183
ADM4_Begumganj_800501,Begumganj,,22.9325,91.0839,29066614B32941689800501
ADM4_Begumganj_516385,Begumganj,,25.7498,89.7359,29066614B29075479516385
ADM4_Begunbari,Begunbari,,25.9381,88.4795,29066614B61714985855552
ADM4_Beheli,Beheli,,25.0256,91.158,29066614B55246534400477
ADM4_Beimar,Beimar,,22.9909,91.8953,29066614B87978353869151
ADM4_Bejgaon,Bejgaon,,23.4786,90.3464,29066614B83971424900747
ADM4_Bejoybagh,Bejoybagh,,22.9214,91.2376,29066614B5845987148311
ADM4_Bekra,Bekra,,24.0352,89.8521,29066614B93836374035655
ADM4_Belabo,Belabo,,24.0952,90.8621,29066614B5369123195270
ADM4_BelaiChhari,Belai Chhari,,22.4606,92.3372,29066614B54058599879182
ADM4_Belaichandi,Belaichandi,,25.7265,88.9001,29066614B40918255767913
ADM4_Belchhari,Belchhari,,23.0844,91.8633,29066614B17909519050877
ADM4_Belgachha_046964,Belgachha,,25.1055,89.6783,29066614B21817217046964
ADM4_Belgachha_552130,Belgachha,,25.7964,89.6194,29066614B99298870552130
ADM4_Belgachhi,Belgachhi,,23.72,88.9421,29066614B41260959603245
ADM4_Belghar,Belghar,,23.2523,91.1903,29066614B2022081887282
ADM4_BelgharUttar,Belghar Uttar,,23.2782,91.1897,29066614B39874234352541
ADM4_Belka,Belka,,25.5532,89.5666,29066614B687423348918
ADM4_Belkuchi,Belkuchi,,24.3193,89.7357,29066614B88209359372299
ADM4_BelkuchiPaurashava,Belkuchi Paurashava,,24.2862,89.7134,29066614B70992689161272
ADM4_Belpukuria,Belpukuria,,24.3763,88.7319,29066614B45402033401432
ADM4_Beltail,Beltail,,24.2062,89.6374,29066614B11682462084095
ADM4_Bemarta,Bemarta,,22.6347,89.8166,29066614B39123324301753
ADM4_Benail,Benail,,25.3679,88.8782,29066614B82373924179034
ADM4_Benapole,Benapole,,23.0477,88.9132,29066614B12147663678212
ADM4_BenapolePaurashava,Benapole Paurashava,,23.0386,88.9046,29066614B75598092882002
ADM4_BenghariBanagram,Benghari Banagram,,26.2742,88.5932,29066614B9153390689917
ADM4_BeraPaurashava,Bera Paurashava,,24.0676,89.6291,29066614B49416651325676
ADM4_Beraid,Beraid,,23.81,90.4654,29066614B31724638378292
ADM4_Berubari,Berubari,,25.9548,89.748,29066614B27426211362711
ADM4_Betaga,Betaga,,22.7057,89.6157,29066614B81422806539826
ADM4_Betagair,Betagair,,24.5481,90.5496,29066614B35963492928893
ADM4_Betagi_920626,Betagi,,22.428,90.1958,29066614B81747244920626
ADM4_Betagi_712835,Betagi,,22.4305,91.995,29066614B24859216712835
ADM4_BetagiSankipura,Betagi Sankipura,,22.3256,90.5194,29066614B54082564474699
ADM4_Betbaria,Betbaria,,23.7596,89.2753,29066614B30210582160788
ADM4_Betbunia,Betbunia,,22.5229,91.9943,29066614B68682153017542
ADM4_Betdighi,Betdighi,,25.429,88.9028,29066614B30442632526031
ADM4_Betgari,Betgari,,25.8629,89.1262,29066614B38606749070508
ADM4_Bethuri,Bethuri,,23.143,89.8191,29066614B68013888719058
ADM4_BetilaMitara,Betila Mitara,,23.8245,90.0414,29066614B56895705354890
ADM4_Betka,Betka,,23.5418,90.4495,29066614B74567385037848
ADM4_Betkapa,Betkapa,,25.2924,89.4465,29066614B82702970727974
ADM4_BetmariGhughurakandi,Betmari Ghughurakandi,,24.9232,90.0469,29066614B13775851331665
ADM4_BetmoreRajpara,Betmore Rajpara,,22.2754,89.8991,29066614B54006559929600
ADM4_Bhabaniganj,Bhabaniganj,,22.8653,90.8481,29066614B40477326459976
ADM4_BhabanigonjPaurashava,Bhabanigonj Paurashava,,24.584,88.8257,29066614B50874605702278
ADM4_Bhabanipur_488427,Bhabanipur,,22.5942,90.7544,29066614B4474273488427
ADM4_Bhabanipur_441138,Bhabanipur,,23.396,91.0937,29066614B57496765441138
ADM4_Bhabanipur_075965,Bhabanipur,,24.4977,90.2839,29066614B63682546075965
ADM4_Bhabanipur_285578,Bhabanipur,,24.5745,89.4387,29066614B6130142285578
ADM4_BhaberChar,Bhaber Char,,23.5597,90.6446,29066614B71915063506855
ADM4_Bhabicha,Bhabicha,,24.8551,88.6184,29066614B63197829346147
ADM4_Bhabkhali,Bhabkhali,,24.6748,90.4336,29066614B31822533736257
ADM4_Bhabki,Bhabki,,25.801,88.7486,29066614B2507915347103
ADM4_Bhabrasur,Bhabrasur,,23.2831,89.8918,29066614B38840586343830
ADM4_Bhadai,Bhadai,,25.9102,89.3528,29066614B55664182861208
ADM4_Bhadeshwar_072895,Bhadeshwar,,24.3089,91.5769,29066614B15617908072895
ADM4_Bhadeshwar_891858,Bhadeshwar,,24.7551,92.0207,29066614B5019105891858
ADM4_Bhadra,Bhadra,,23.9896,89.8705,29066614B94183505806220
ADM4_Bhadrabila,Bhadrabila,,23.1224,89.5328,29066614B93640984502735
ADM4_Bhadraghat,Bhadraghat,,24.4096,89.6112,29066614B79418462204105
ADM4_Bhadrasan,Bhadrasan,,23.3104,90.2281,29066614B11707529512854
ADM4_Bhadsa,Bhadsa,,25.068,88.9688,29066614B45503115263535
ADM4_Bhadur,Bhadur,,23.1045,90.8863,29066614B35386316567556
ADM4_Bhaduria,Bhaduria,,25.3361,89.1229,29066614B14509429501222
ADM4_Bhagyakul,Bhagyakul,,23.5053,90.2086,29066614B23210533814460
ADM4_Bhaibonchhara,Bhaibonchhara,,23.1918,91.9607,29066614B57906943745814
ADM4_BhairabPaurashava,Bhairab Paurashava,,24.054,90.9859,29066614B79211883961331
ADM4_Bhaitkandi,Bhaitkandi,,24.9329,90.2994,29066614B57349985467173
ADM4_Bhakurta,Bhakurta,,23.7636,90.2858,29066614B63317325282034
ADM4_Bhalaguri,Bhalaguri,,26.0526,89.2477,29066614B86121917407904
ADM4_Bhalain,Bhalain,,24.8486,88.688,29066614B90864335773101
ADM4_Bhaluka,Bhaluka,,24.374,90.3993,29066614B34796079570980
ADM4_BhalukaPaurashava,Bhaluka Paurashava,,24.4014,90.396,29066614B32140270603717
ADM4_Bhalukgachhi,Bhalukgachhi,,24.4251,88.8355,29066614B62713190585171
ADM4_BhandarPara,Bhandar Para,,22.756,89.4449,29066614B96176072445707
ADM4_Bhandara,Bhandara,,25.6239,88.4765,29066614B93521826396791
ADM4_Bhandarbari,Bhandarbari,,24.7195,89.628,29066614B19973114130966
ADM4_Bhandaria,Bhandaria,,22.473,90.0647,29066614B36902758817319
ADM4_Bhandarikandi,Bhandarikandi,,23.284,90.2144,29066614B59243933681210
ADM4_Bhanderkote,Bhanderkote,,22.678,89.5557,29066614B16201671566573
ADM4_BhangaPaurashava,Bhanga Paurashava,,23.3847,89.9805,29066614B22569448437180
ADM4_Bhangabari,Bhangabari,,24.3068,89.6725,29066614B45191340422035
ADM4_Bhangabaria_389041,Bhangabaria,,23.7987,88.8497,29066614B72490185389041
ADM4_Bhangabaria_192394,Bhangabaria,,24.868,88.2904,29066614B44134753192394
ADM4_Bhangamon,Bhangamon,,25.9166,89.6269,29066614B55256359105714
ADM4_Bhangnamari,Bhangnamari,,24.6843,90.4785,29066614B11138651571505
ADM4_Bhangni,Bhangni,,25.6308,89.3547,29066614B58665827232891
ADM4_Bhangura,Bhangura,,24.2249,89.4015,29066614B88711349388727
ADM4_BhanguraPaurashava,Bhangura Paurashava,,24.2085,89.3745,29066614B7102402960611
ADM4_Bhani,Bhani,,23.5164,90.9285,29066614B47687938153129
ADM4_Bhanor,Bhanor,,26.0292,88.272,29066614B80665910818295
ADM4_Bhaora,Bhaora,,24.0534,90.0967,29066614B95390563503920
ADM4_BharPasha,Bhar Pasha,,22.5042,90.3301,29066614B77512191572235
ADM4_Bhara,Bhara,,24.1297,89.8341,29066614B99048777936006
ADM4_BharaSimla,Bhara Simla,,22.4873,89.0047,29066614B16768342199403
ADM4_Bharabpasha,Bharabpasha,,22.6538,90.2466,29066614B45606286888935
ADM4_Bharadoba,Bharadoba,,24.4354,90.4019,29066614B81889111634491
ADM4_Bharara,Bharara,,23.9353,89.3151,29066614B79231668997769
ADM4_Bhararia_321928,Bhararia,,23.9604,90.196,29066614B13653673321928
ADM4_Bhararia_601884,Bhararia,,23.7754,90.0196,29066614B95445778601884
ADM4_Bharella,Bharella,,23.5338,91.072,29066614B75409120086031
ADM4_Bharso,Bharso,,24.7308,88.6382,29066614B33298106761170
ADM4_Bhartkhali,Bhartkhali,,25.2002,89.5716,29066614B53786715579598
ADM4_Bharuakhali,Bharuakhali,,21.4977,92.0422,29066614B40183642748108
ADM4_BhasanChar,Bhasan Char,,22.8051,90.4229,29066614B86185208932254
ADM4_Bhasania,Bhasania,,23.6504,90.8505,29066614B34718376220697
ADM4_BhasanyaAdam,Bhasanya Adam,,22.8648,92.2605,29066614B41293007991480
ADM4_Bhashanchar,Bhashanchar,,23.4945,89.998,29066614B90766960758569
ADM4_Bhatara_360141,Bhatara,,23.8021,90.436,29066614B66567082360141
ADM4_Bhatara_921511,Bhatara,,24.798,89.8661,29066614B66117723921511
ADM4_Bhatera,Bhatera,,24.6262,91.9907,29066614B92857470189503
ADM4_Bhatgaon,Bhatgaon,,24.8527,91.555,29066614B1658022286106
ADM4_Bhatgram_322174,Bhatgram,,24.0931,90.0667,29066614B85542812322174
ADM4_Bhatgram_106713,Bhatgram,,24.7046,89.2422,29066614B20741841106713
ADM4_Bhatgram_752999,Bhatgram,,25.3618,89.4222,29066614B73246197752999
ADM4_BhatiPara,Bhati Para,,24.8665,91.2913,29066614B75562971143725
ADM4_Bhatiari,Bhatiari,,22.4251,91.756,29066614B2592270913783
ADM4_Bhatikhain,Bhatikhain,,22.2803,91.9694,29066614B68746066615951
ADM4_Bhatra_319053,Bhatra,,23.1267,90.9356,29066614B58241902319053
ADM4_Bhatra_882320,Bhatra,,24.6743,89.1731,29066614B78342818882320
ADM4_Bhatsala,Bhatsala,,24.9839,90.0494,29066614B96574474212124
ADM4_Bhaturia,Bhaturia,,25.8205,88.2034,29066614B29736448257547
ADM4_Bhawal,Bhawal,,23.433,89.8117,29066614B11755735638648
ADM4_BhayaLakshmipur,Bhaya Lakshmipur,,24.2619,88.8131,29066614B66304283199958
ADM4_Bhayna,Bhayna,,23.7287,89.0867,29066614B83539446229790
ADM4_BhedarganjPaurashava,Bhedarganj Paurashava,,23.1885,90.4499,29066614B44480204039234
ADM4_Bhedaria,Bhedaria,,22.6648,90.5781,29066614B38205711569898
ADM4_Bhelabari_743427,Bhelabari,,24.807,89.5472,29066614B87566289743427
ADM4_Bhelabari_108603,Bhelabari,,25.9764,89.3912,29066614B26053203108603
ADM4_BheluMiah,Bhelu Miah,,22.609,90.5889,29066614B80933173289585
ADM4_Bhelua,Bhelua,,25.091,89.9283,29066614B62515145929256
ADM4_Bhendabari,Bhendabari,,25.4933,89.2194,29066614B46440173697
ADM4_BheolaManikChar,Bheola Manik Char,,21.7858,92.0111,29066614B56480558534256
ADM4_BheramaraPaurashava,Bheramara Paurashava,,24.0196,88.9945,29066614B9216669771216
ADM4_Bherbheri,Bherbheri,,25.9032,88.7644,29066614B29886038398782
ADM4_Bhiail,Bhiail,,25.5858,88.7554,29066614B85956127795402
ADM4_Bhimpur,Bhimpur,,24.8475,88.8426,29066614B91401831713206
ADM4_Bhitabaria,Bhitabaria,,22.5184,90.0489,29066614B51629073107337
ADM4_Bhitarband,Bhitarband,,25.8961,89.7126,29066614B21279752499088
ADM4_Bhogdabari,Bhogdabari,,26.2704,88.7876,29066614B4078683192433
ADM4_Bhogdanga,Bhogdanga,,25.8694,89.6811,29066614B79929361906366
ADM4_Bhognagar,Bhognagar,,25.8896,88.5889,29066614B18356498868922
ADM4_Bhojanpur,Bhojanpur,,26.5043,88.4813,29066614B91189840457068
ADM4_BhojanpurDebnagar,Bhojanpur Debnagar,,26.4634,88.5061,29066614B30912872747263
ADM4_Bhojeshwar,Bhojeshwar,,23.2401,90.3846,29066614B86521967044334
ADM4_Bhojgati,Bhojgati,,23.073,89.2353,29066614B28396721908350
ADM4_Bhojpatia,Bhojpatia,,22.5295,89.7191,29066614B7046791643227
ADM4_Bholaba,Bholaba,,23.8617,90.5902,29066614B99961575615829
ADM4_Bholahat,Bholahat,,24.935,88.1788,29066614B43713859765982
ADM4_BholainDakshin,Bholain (Dakshin),,23.299,91.1834,29066614B62431551184714
ADM4_BholainUttar,Bholain (Uttar),,23.3279,91.1838,29066614B50866149641782
ADM4_Bholakot,Bholakot,,23.1037,90.914,29066614B70058956643558
ADM4_Bhomra,Bhomra,,22.6541,88.9605,29066614B9849623876509
ADM4_Bhomradaha,Bhomradaha,,25.9247,88.3477,29066614B97056592552267
ADM4_Bhopara,Bhopara,,24.6401,88.9966,29066614B67737607933050
ADM4_Bhotemari,Bhotemari,,25.9876,89.1597,29066614B56962173860061
ADM4_BhuapurPaurashava,Bhuapur Paurashava,,24.4696,89.8629,29066614B14697296374434
ADM4_Bhubankura,Bhubankura,,25.1739,90.2942,29066614B41474070324473
ADM4_Bhujpur,Bhujpur,,22.7687,91.7404,29066614B61776517782476
ADM4_Bhukshimail,Bhukshimail,,24.5853,92.0334,29066614B48475945785830
ADM4_Bhulbaria,Bhulbaria,,24.0669,89.4454,29066614B31067795209527
ADM4_Bhumkhara,Bhumkhara,,23.2819,90.4394,29066614B9350799113236
ADM4_Bhunabir,Bhunabir,,24.3332,91.6551,29066614B89800216721921
ADM4_Bhurulia,Bhurulia,,22.3689,89.083,29066614B36357404248774
ADM4_Bhurungamari,Bhurungamari,,26.117,89.6519,29066614B69043132575310
ADM4_BhushanChhara,Bhushan Chhara,,22.8541,92.3817,29066614B56819335975299
ADM4_Biaghat,Biaghat,,24.4073,89.2172,29066614B34732689614964
ADM4_Bibichini,Bibichini,,22.4602,90.2052,29066614B55887313307505
ADM4_Bichhali,Bichhali,,23.0584,89.483,29066614B70244959762796
ADM4_Biddyakut,Biddyakut,,23.9133,91.0283,29066614B65253000481877
ADM4_Bidyananda,Bidyananda,,25.7486,89.5073,29066614B87906973596374
ADM4_Bidyanandakati,Bidyanandakati,,22.8397,89.207,29066614B77511396741208
ADM4_Bidyanandapur,Bidyanandapur,,22.8393,90.4222,29066614B57182372812406
ADM4_Bihar,Bihar,,24.9889,89.2945,29066614B68458094172526
ADM4_Bijhari,Bijhari,,23.2324,90.4161,29066614B61732085343019
ADM4_Bijora,Bijora,,25.5973,88.5873,29066614B79353028040133
ADM4_Bijoypur,Bijoypur,,23.4195,91.1435,29066614B87974409466070
ADM4_Bilasbari,Bilasbari,,24.9112,88.9705,29066614B64928712926258
ADM4_Bilaspur_188546,Bilaspur,,23.6018,90.1078,29066614B54635039188546
ADM4_Bilaspur_023918,Bilaspur,,23.3332,90.3701,29066614B9372869023918
ADM4_Bilchalan,Bilchalan,,24.2496,89.3039,29066614B80709008018471
ADM4_Bildora,Bildora,,25.0404,90.4459,29066614B77935352425085
ADM4_Bilmaria,Bilmaria,,24.1441,88.9072,29066614B62909239632966
ADM4_Binajuri,Binajuri,,22.5104,91.8986,29066614B57731056537754
ADM4_Binauti,Binauti,,23.7861,91.1548,29066614B51415668386257
ADM4_Binnati,Binnati,,24.3982,90.7303,29066614B58512509946492
ADM4_Binodepur,Binodepur,,23.4426,89.5215,29066614B57266333704327
ADM4_Binodnagar,Binodnagar,,25.4438,89.101,29066614B68789486611808
ADM4_Binodpur_388716,Binodpur,,22.8372,91.081,29066614B43399155388716
ADM4_Binodpur_115362,Binodpur,,23.2304,90.2899,29066614B55162831115362
ADM4_Binodpur_942935,Binodpur,,24.7442,88.0949,29066614B5204334942935
ADM4_Binoykati,Binoykati,,22.7261,90.2457,29066614B97594946390634
ADM4_Binyabaid,Binyabaid,,24.1423,90.8346,29066614B5908211163502
ADM4_BipraBelgharia,Bipra Belgharia,,24.4681,88.9298,29066614B42891294764747
ADM4_Bipulasar,Bipulasar,,23.0889,91.1006,29066614B76660516494779
ADM4_BirBasunda,Bir Basunda,,24.3823,90.0357,29066614B81916061061222
ADM4_BirKedar,Bir Kedar,,24.8647,89.2057,29066614B82680008498295
ADM4_BirailPalita,Birail Palita,,23.3539,89.4933,29066614B90735700696083
ADM4_Biral,Biral,,25.645,88.5446,29066614B96292492295021
ADM4_Biralia,Biralia,,23.8533,90.3181,29066614B99660247366445
ADM4_Birasree,Birasree,,24.9234,92.2945,29066614B76482024768826
ADM4_Birgaon,Birgaon,,23.9461,90.967,29066614B12659091586306
ADM4_Birhati,Birhati,,24.4253,89.8657,29066614B3140279907841
ADM4_Birisiri,Birisiri,,25.0873,90.6792,29066614B84297326646157
ADM4_Birtara_470497,Birtara,,23.5754,90.324,29066614B22215913470497
ADM4_Birtara_166523,Birtara,,24.7173,89.8953,29066614B92403137166523
ADM4_Birunia,Birunia,,24.398,90.4552,29066614B86468411027829
ADM4_Bisarkandi,Bisarkandi,,22.8388,90.0531,29066614B20403052419781
ADM4_Bisha,Bisha,,24.5669,89.0615,29066614B95074521925822
ADM4_Bishalpur,Bishalpur,,24.5924,89.3672,29066614B39847458478454
ADM4_Bishka,Bishka,,24.7913,90.522,29066614B69951463439233
ADM4_Bishkakuni,Bishkakuni,,24.9138,90.5622,29066614B10599756275607
ADM4_Bishnandi,Bishnandi,,23.7607,90.7161,29066614B12040621982225
ADM4_Bishnupur_035764,Bishnupur,,23.9435,91.2402,29066614B16090031035764
ADM4_Bishnupur_476271,Bishnupur,,23.3067,90.6681,29066614B97553173476271
ADM4_Bishnupur_559131,Bishnupur,,22.7294,89.8079,29066614B83037729559131
ADM4_Bishnupur_054486,Bishnupur,,22.4298,89.1137,29066614B16947682054486
ADM4_Bishnupur_942749,Bishnupur,,24.6897,88.8001,29066614B28301355942749
ADM4_Bishnupur_572006,Bishnupur,,25.6153,89.0426,29066614B86577528572006
ADM4_Bishwanath,Bishwanath,,24.8025,91.7634,29066614B38004856202854
ADM4_Bitara,Bitara,,23.4159,90.8457,29066614B57743595062238
ADM4_Biteshwar,Biteshwar,,23.4821,90.773,29066614B6021238516021
ADM4_Bitghartiara,Bitghar (tiara),,23.8414,91.0399,29066614B39628067242450
ADM4_Bitikandi,Bitikandi,,23.5771,90.8516,29066614B34111608188008
ADM4_Boaldar,Boaldar,,25.3055,89.0446,29066614B11136257246017
ADM4_Boali_708817,Boali,,24.1287,90.3024,29066614B32672132708817
ADM4_Boali_648937,Boali,,25.297,89.5493,29066614B75878955648937
ADM4_Boalia_712480,Boalia,,23.7522,89.4578,29066614B85669990712480
ADM4_Boalia_320829,Boalia,,23.9568,88.8329,29066614B99420049320829
ADM4_Boalia_379101,Boalia,,24.8192,88.968,29066614B61759720379101
ADM4_Boalia_883835,Boalia,,24.8266,88.2669,29066614B10925518883835
ADM4_BoaljurBazar,Boaljur Bazar,,24.6757,91.7728,29066614B11395535411302
ADM4_Boalkhali,Boalkhali,,23.2275,92.0341,29066614B79621958687796
ADM4_Boalmari,Boalmari,,23.4147,89.688,29066614B32097531516161
ADM4_BoalmariPaurashava,Boalmari Paurashava,,23.3927,89.6823,29066614B6731863903528
ADM4_Boda,Boda,,26.2218,88.5931,29066614B59429793957330
ADM4_Bogachatar,Bogachatar,,22.9407,92.2227,29066614B2501690201819
ADM4_BograPaurashava,Bogra Paurashava,,24.8436,89.3731,29066614B31674560604376
ADM4_Bohail,Bohail,,24.7884,89.6664,29066614B87000916238757
ADM4_Bokainagar,Bokainagar,,24.7339,90.6062,29066614B11640964464466
ADM4_Bolakot,Bolakot,,24.1988,91.1159,29066614B98501209395240
ADM4_Boldia,Boldia,,26.0646,89.7677,29066614B62587865005353
ADM4_BonarPara,Bonar Para,,25.1688,89.5201,29066614B42245323411730
ADM4_Boragari,Boragari,,26.1323,88.8308,29066614B5423818280824
ADM4_BoranalEliasabad,Boranal Eliasabad,,22.9943,89.6299,29066614B89631079821395
ADM4_BorarChar,Borar Char,,24.865,90.2836,29066614B8583679323021
ADM4_Borasi,Borasi,,22.9818,89.8394,29066614B31303870185532
ADM4_Bothlagari,Bothlagari,,25.81,88.8815,29066614B17384090320278
ADM4_BouglaBazar,Bougla Bazar,,25.1332,91.5722,29066614B78941413245891
ADM4_Boyra_232767,Boyra,,23.729,89.9723,29066614B42167940232767
ADM4_Boyra_634920,Boyra,,23.8177,90.0892,29066614B23865095634920
ADM4_BrahmaRajpur,Brahma Rajpur,,22.7027,89.1093,29066614B88420286028815
ADM4_Brahmagachha,Brahmagachha,,24.5242,89.586,29066614B33218306190030
ADM4_BrahmanBazar,Brahman Bazar,,24.5279,91.961,29066614B16317204807503
ADM4_BrahmanPara,Brahman Para,,23.6218,91.112,29066614B59701255776429
ADM4_BrahmanbariaPaurashava,Brahmanbaria Paurashava,,23.9623,91.1049,29066614B98703172162953
ADM4_Brahmandi,Brahmandi,,23.772,90.6158,29066614B66714039282843
ADM4_Brahmapur,Brahmapur,,24.5158,88.9245,29066614B60531496058961
ADM4_Brilahiribari,Bri-lahiribari,,24.2011,89.4437,29066614B73285470094466
ADM4_BudbariBazar,Budbari Bazar,,24.8246,92.085,29066614B33138581999279
ADM4_Budhal,Budhal,,24.0418,91.1114,29066614B72064533518902
ADM4_Budhanti,Budhanti,,24.0668,91.2625,29066614B34962557651606
ADM4_Budhhata,Budhhata,,22.5788,89.1537,29066614B73171911974906
ADM4_Bukabunia,Bukabunia,,22.3086,90.0526,29066614B56405761327432
ADM4_Bulakipur,Bulakipur,,25.3317,89.2056,29066614B44354071529521
ADM4_Bulla_912825,Bulla,,24.3409,91.2784,29066614B88165285912825
ADM4_Bulla_804487,Bulla,,24.1547,91.2905,29066614B83675053804487
ADM4_Bulta,Bulta,,23.7932,90.551,29066614B33186305169032
ADM4_Bunagati,Bunagati,,23.3242,89.4244,29066614B64862820770379
ADM4_BuraMazumdar,Bura Mazumdar,,22.318,90.1264,29066614B75994510446491
ADM4_Buraburi_405628,Buraburi,,25.7181,89.7055,29066614B74597249405628
ADM4_Buraburi_179902,Buraburi,,26.5021,88.4553,29066614B3858245179902
ADM4_Buraich,Buraich,,23.3142,89.6708,29066614B17462224806206
ADM4_Burail,Burail,,24.6482,89.3064,29066614B51053636382113
ADM4_BuriGoalini,Buri Goalini,,22.2813,89.2033,29066614B85853789958754
ADM4_Burichang,Burichang,,23.5653,91.1268,29066614B45989493677127
ADM4_Buriganj,Buriganj,,24.9733,89.2548,29066614B81966416585302
ADM4_Burighat,Burighat,,22.807,92.0973,29066614B36321459905653
ADM4_Burimari,Burimari,,26.3802,88.942,29066614B97322033215206
ADM4_Buripota,Buripota,,23.7668,88.5987,29066614B11434190493391
ADM4_BurirChar_088499,Burir Char,,22.1402,90.1664,29066614B76493296088499
ADM4_BurirChar_603999,Burir Char,,22.4153,91.8699,29066614B85446661603999
ADM4_BurirChar_464674,Burir Char,,22.2263,91.1459,29066614B43667134464674
ADM4_Burirdanga,Burirdanga,,22.5338,89.5964,29066614B76349193227906
ADM4_Burishwar,Burishwar,,24.2087,91.2161,29066614B64327189483445
ADM4_Burumchhara,Burumchhara,,22.1768,91.8829,29066614B28476862317481
ADM4_Burunga,Burunga,,24.6609,91.7422,29066614B94368103315640
ADM4_Chaitrakul,Chaitrakul,,25.4694,89.173,29066614B95431035563994
ADM4_ChakBarkat,Chak Barkat,,25.1524,88.9449,29066614B61151332093071
ADM4_ChakKirti,Chak Kirti,,24.7361,88.2417,29066614B85463479227173
ADM4_ChakMirpur,Chak Mirpur,,23.9534,89.8379,29066614B50214296369043
ADM4_ChakRadha,Chak Radha,,24.0687,90.7436,29066614B35250753193633
ADM4_Chakamaiya,Chakamaiya,,22.0326,90.2091,29066614B46177168323430
ADM4_ChakariaPaurashava,Chakaria Paurashava,,21.7624,92.0734,29066614B39873801453929
ADM4_Chakhar,Chakhar,,22.8189,90.1898,29066614B12928478397198
ADM4_Chakirpashar,Chakirpashar,,25.7832,89.5678,29066614B68343240615949
ADM4_Chakla,Chakla,,24.0141,89.6256,29066614B9343908092696
ADM4_Chaklarhat,Chaklarhat,,26.3283,88.6862,29066614B37629084230263
ADM4_Chakmarkul,Chakmarkul,,21.4376,92.0752,29066614B89656687301422
ADM4_Chakua,Chakua,,24.7598,91.1231,29066614B85619369435275
ADM4_Chala,Chala,,23.7675,89.9652,29066614B26137308964569
ADM4_ChalakChar,Chalak Char,,24.1716,90.7228,29066614B12361553785153
ADM4_Chalbala,Chalbala,,25.9645,89.2936,29066614B49426889644224
ADM4_Chalibhanga,Chalibhanga,,23.6517,90.6541,29066614B91026824415260
ADM4_Chalishia,Chalishia,,22.9926,89.3945,29066614B61278797955499
ADM4_Chalitabunia,Chalitabunia,,22.0533,90.3789,29066614B73161732582978
ADM4_Chalitadanga,Chalitadanga,,24.6466,89.5972,29066614B4393331513129
ADM4_Challisha,Challisha,,24.8567,90.6798,29066614B47023011604365
ADM4_ChalnaPaurashava,Chalna Paurashava,,22.5817,89.5027,29066614B4561701132337
ADM4_Chaluabari,Chaluabari,,25.0033,89.6231,29066614B35804035652489
ADM4_Chaluahati,Chaluahati,,22.9574,89.1792,29066614B69647604287254
ADM4_Chamardani,Chamardani,,25.0487,91.0424,29066614B89015452949787
ADM4_Chamari,Chamari,,24.4256,89.1703,29066614B86315600647170
ADM4_Chambal,Chambal,,21.9615,91.9785,29066614B68994450589412
ADM4_Champaknagar,Champaknagar,,23.9805,91.2104,29066614B26906692900219
ADM4_Champaphul,Champaphul,,22.4927,89.134,29066614B52462261405883
ADM4_Champapur,Champapur,,24.7498,89.1138,29066614B79424171801309
ADM4_Chamrul,Chamrul,,24.9246,89.1668,29066614B85039659285241
ADM4_Chamta,Chamta,,23.2398,90.4396,29066614B98121855747618
ADM4_Chanchari,Chanchari,,23.0821,89.5621,29066614B69549288595409
ADM4_Chanchra_159765,Chanchra,,22.3644,90.8276,29066614B62309317159765
ADM4_Chanchra_142145,Chanchra,,23.1135,89.1773,29066614B83000969142145
ADM4_Chandaikona,Chandaikona,,24.5267,89.4991,29066614B44440833188756
ADM4_ChandanBaisha,Chandan Baisha,,24.8008,89.6113,29066614B35213255479834
ADM4_ChandanNagar,Chandan Nagar,,24.9203,88.6172,29066614B53098762414204
ADM4_ChandanaishPaurashava,Chandanaish Paurashava,,22.1986,92.0088,29066614B94566951743270
ADM4_Chandanbari_989989,Chandanbari,,24.1648,90.6994,29066614B29917266989989
ADM4_Chandanbari_293859,Chandanbari,,26.168,88.5954,29066614B98263008293859
ADM4_Chandani,Chandani,,23.7689,89.5733,29066614B90150225357941
ADM4_Chandanpat,Chandanpat,,25.724,89.1596,29066614B42820425073421
ADM4_Chandanpur_592051,Chandanpur,,23.653,90.6816,29066614B9215714592051
ADM4_Chandanpur_457229,Chandanpur,,22.8999,88.9343,29066614B33688391457229
ADM4_Chandas,Chandas,,24.8874,88.6935,29066614B5271507956944
ADM4_Chandba,Chandba,,24.1274,89.2267,29066614B52486523192801
ADM4_ChanderChar,Chander Char,,23.7036,90.8606,29066614B16587082773161
ADM4_Chanderkandi,Chanderkandi,,23.9947,90.8899,29066614B58435657445378
ADM4_Chandgaon,Chandgaon,,24.711,90.927,29066614B89154990416317
ADM4_Chandgram,Chandgram,,24.0009,88.9993,29066614B31425144624942
ADM4_Chandhar,Chandhar,,23.7394,90.2099,29066614B67035771064095
ADM4_Chandi,Chandi,,24.221,89.1816,29066614B60275999388387
ADM4_ChandiPasha,Chandi Pasha,,24.3603,90.7249,29066614B51182828239383
ADM4_Chandibarpur,Chandibarpur,,23.2121,89.548,29066614B40042486022911
ADM4_Chandigarh,Chandigarh,,25.1018,90.7406,29066614B30873885543392
ADM4_Chandighat,Chandighat,,24.479,91.8046,29066614B93831529325511
ADM4_ChandinaPaurashava,Chandina Paurashava,,23.4788,91.0038,29066614B10603928190275
ADM4_Chandipasha,Chandipasha,,24.599,90.7167,29066614B83082719827209
ADM4_Chandipur_343552,Chandipur,,23.0779,90.8187,29066614B31865589343552
ADM4_Chandipur_630619,Chandipur,,24.7662,88.9549,29066614B82205842630619
ADM4_Chandipur_993615,Chandipur,,25.6212,88.8894,29066614B8168194993615
ADM4_Chandipur_439121,Chandipur,,25.4919,89.6354,29066614B45760635439121
ADM4_Chandkhali,Chandkhali,,22.5339,89.2739,29066614B16593321094920
ADM4_Chandkhana,Chandkhana,,25.843,89.0326,29066614B41809466962969
ADM4_Chandla,Chandla,,23.6657,91.1002,29066614B61290985721050
ADM4_Chandnandi,Chandnandi,,22.5319,91.1185,29066614B48768360087523
ADM4_ChandpaiRange,Chandpai Range,,22.2311,89.6648,29066614B97707817756268
ADM4_Chandpasha,Chandpasha,,22.7837,90.3461,29066614B93394664599253
ADM4_Chandpi,Chandpi,,22.4709,89.626,29066614B39642017738018
ADM4_Chandpur_329471,Chandpur,,22.682,90.4302,29066614B51783581329471
ADM4_Chandpur_260204,Chandpur,,22.8292,90.5684,29066614B8362902260204
ADM4_Chandpur_182585,Chandpur,,22.4117,90.8346,29066614B46360161182585
ADM4_Chandpur_344965,Chandpur,,23.4987,89.7271,29066614B81251817344965
ADM4_Chandpur_220724,Chandpur,,24.0567,90.5377,29066614B51151624220724
ADM4_Chandpur_693733,Chandpur,,24.2987,90.8505,29066614B55075672693733
ADM4_Chandpur_445241,Chandpur,,23.9585,90.9455,29066614B3294361445241
ADM4_Chandpur_281656,Chandpur,,23.5947,89.1373,29066614B9085249281656
ADM4_Chandpur_819339,Chandpur,,23.7659,89.1689,29066614B78002244819339
ADM4_ChandpurPaurashava,Chandpur Paurashava,,23.2271,90.6547,29066614B80799017033471
ADM4_Chandra_003553,Chandra,,23.1448,90.6664,29066614B78080305003553
ADM4_Chandra_963218,Chandra,,23.3692,90.0585,29066614B36361803963218
ADM4_ChandraDighalia,Chandra Dighalia,,23.0717,89.7785,29066614B30292528984790
ADM4_ChandraMohan,Chandra Mohan,,22.655,90.4935,29066614B22396998086264
ADM4_Chandraganj,Chandraganj,,22.948,90.9808,29066614B77718665986694
ADM4_Chandraghona,Chandraghona,,22.5069,92.1362,29066614B76433684339110
ADM4_ChandraghonaKadamtali,Chandraghona Kadamtali,,22.4631,92.1107,29066614B81422274786255
ADM4_Chandrakona,Chandrakona,,24.9194,90.1449,29066614B79067778911091
ADM4_Chandrapur_073196,Chandrapur,,23.2587,90.2578,29066614B8817905073196
ADM4_Chandrapur_278147,Chandrapur,,26.0165,89.284,29066614B23769068278147
ADM4_Chandshi,Chandshi,,22.9733,90.1998,29066614B86585705953998
ADM4_Chandura,Chandura,,24.0348,91.2227,29066614B18340366902901
ADM4_Chanduria,Chanduria,,24.5106,88.5568,29066614B22130899569237
ADM4_Changdhupail,Changdhupail,,24.249,88.9745,29066614B66915969037731
ADM4_Chanhara,Chanhara,,22.26,91.971,29066614B35972079589970
ADM4_ChaoraBargachha,Chaora Bargachha,,26.0199,88.7888,29066614B99311580540252
ADM4_ChapaiNababganjPaurashava,Chapai Nababganj Paurashava,,24.5888,88.2757,29066614B49606732156399
ADM4_Chapair,Chapair,,24.1269,90.2415,29066614B5554267580295
ADM4_Chapartala,Chapartala,,24.1864,91.2821,29066614B68813649837019
ADM4_Chapila,Chapila,,24.3567,89.1243,29066614B56408594171901
ADM4_Chapitala,Chapitala,,23.6947,90.9727,29066614B78749955452905
ADM4_Chapra,Chapra,,23.8641,89.174,29066614B37601937787575
ADM4_ChapraSaramjani,Chapra Saramjani,,25.8866,88.9357,29066614B27473266005763
ADM4_Chaprashirhat,Chaprashirhat,,22.7696,91.2311,29066614B99226846684341
ADM4_CharAbdullah,Char Abdullah,,22.5298,90.936,29066614B43054817271292
ADM4_CharAlexandar,Char Alexandar,,22.671,90.892,29066614B48852737149480
ADM4_CharAlgi_987095,Char Algi,,22.6744,90.9393,29066614B46755027987095
ADM4_CharAlgi_414911,Char Algi,,24.4773,90.5614,29066614B77606297414911
ADM4_CharAmaddi,Char Amaddi,,22.6382,90.4171,29066614B69628471960092
ADM4_CharAmanullah,Char Amanullah,,22.6465,91.1522,29066614B25828210433542
ADM4_CharAnupnagar,Char Anupnagar,,24.5333,88.2976,29066614B67113572490582
ADM4_CharAomkhaoa,Char Aomkhaoa,,25.3418,89.7571,29066614B50813513276342
ADM4_CharAralia,Char Aralia,,23.9001,90.7661,29066614B82862716503585
ADM4_CharAshariadaha,Char Ashariadaha,,24.4058,88.3537,29066614B28996477618224
ADM4_CharAshtadhar,Char Ashtadhar,,24.9001,90.2061,29066614B68182680264134
ADM4_CharAtra,Char Atra,,23.3406,90.446,29066614B32631092161323
ADM4_CharBagdanga,Char Bagdanga,,24.5097,88.185,29066614B87950401143130
ADM4_CharBaniari,Char Baniari,,22.7789,89.8978,29066614B14893358612988
ADM4_CharBanipakuri,Char Banipakuri,,24.9304,89.8771,29066614B23720461456849
ADM4_CharBaria,Char Baria,,22.7379,90.3881,29066614B30797371474040
ADM4_CharBata,Char Bata,,22.6069,91.1318,29066614B41291098507740
ADM4_CharBedam,Char Bedam,,22.7019,90.9407,29066614B23625042992571
ADM4_CharBhadrasan,Char Bhadrasan,,23.5637,90.0113,29066614B72061045509802
ADM4_CharBhaga,Char Bhaga,,23.2663,90.5045,29066614B61206349760198
ADM4_CharBhairabi,Char Bhairabi,,23.0377,90.654,29066614B83070906060903
ADM4_CharBhurungamari,Char Bhurungamari,,26.1366,89.724,29066614B3873884768491
ADM4_CharBhuta,Char Bhuta,,22.3254,90.7676,29066614B27245662014626
ADM4_CharBishnupur,Char Bishnupur,,23.5229,89.9943,29066614B55036631259026
ADM4_CharBiswas,Char Biswas,,22.0207,90.5283,29066614B23565763543063
ADM4_CharCensus,Char Census,,23.1801,90.5718,29066614B75006180753653
ADM4_CharChandia,Char Chandia,,22.7927,91.3878,29066614B27079509794218
ADM4_CharChartala,Char Chartala,,24.0156,90.9846,29066614B82776119212621
ADM4_CharClerk,Char Clerk,,22.6195,91.2191,29066614B84047317275994
ADM4_CharDarbesh,Char Darbesh,,22.8449,91.3526,29066614B72747471294347
ADM4_CharDaulatKhan,Char Daulat Khan,,23.0436,90.2794,29066614B91717858226020
ADM4_CharDighaldi,Char Dighaldi,,23.8175,90.7527,29066614B24967544647204
ADM4_CharDuanti,Char Duanti,,22.0851,89.9275,29066614B76516127220417
ADM4_CharEkkaria,Char Ekkaria,,22.8589,90.5328,29066614B39708174179932
ADM4_CharElahi,Char Elahi,,22.7008,91.229,29066614B20548268767253
ADM4_CharFakira,Char Fakira,,22.7712,91.2737,29066614B65562899319780
ADM4_CharFalcon,Char Falcon,,22.7069,90.8379,29066614B10330504637506
ADM4_CharFaradi,Char Faradi,,24.3261,90.6451,29066614B84106318127731
ADM4_CharGazi,Char Gazi,,22.5936,91.0076,29066614B53186384639431
ADM4_CharGirish,Char Girish,,24.6947,89.7553,29066614B50066021446771
ADM4_CharGoalini,Char Goalini,,25.0452,89.8511,29066614B65371271883196
ADM4_CharGopalpur,Char Gopalpur,,22.7594,90.5185,29066614B27579635004103
ADM4_CharHarirampur,Char Harirampur,,23.6149,89.9696,29066614B51816159872226
ADM4_CharHazari,Char Hazari,,22.8656,91.3157,29066614B7005334372847
ADM4_CharIshwar,Char Ishwar,,22.323,91.1587,29066614B60409631726159
ADM4_CharIshwardia,Char Ishwardia,,24.7693,90.432,29066614B36012249768283
ADM4_CharIslmapur,Char Islmapur,,23.9972,91.1379,29066614B95739587242082
ADM4_CharJabbar,Char Jabbar,,22.6968,91.0674,29066614B41141050293074
ADM4_CharJanajat,Char Janajat,,23.4587,90.1777,29066614B46739988589986
ADM4_CharJasordi,Char Jasordi,,23.3451,89.9169,29066614B22441770280063
ADM4_CharJhaukanda,Char Jhaukanda,,23.5955,90.0272,29066614B81303571977730
ADM4_CharJubille,Char Jubille,,22.6599,91.1055,29066614B83656669376209
ADM4_CharKadira,Char Kadira,,22.7514,90.9414,29066614B57802847720568
ADM4_CharKajal,Char Kajal,,22.0773,90.5347,29066614B16188498427136
ADM4_CharKakra,Char Kakra,,22.8414,91.2717,29066614B9671552866772
ADM4_CharKalekhan,Char Kalekhan,,22.9797,90.3926,29066614B39245977947099
ADM4_CharKalkini,Char Kalkini,,22.7826,90.7963,29066614B83884779583170
ADM4_CharKalmi,Char Kalmi,,22.0927,90.6442,29066614B66994141397573
ADM4_CharKewar,Char Kewar,,23.508,90.5489,29066614B55560586131179
ADM4_CharKhalifa,Char Khalifa,,22.6005,90.7119,29066614B40410619001356
ADM4_CharKing,Char King,,22.3897,91.0185,29066614B16939040033270
ADM4_CharKowa,Char Kowa,,22.6738,90.3861,29066614B79867702770302
ADM4_CharKukriMukri,Char Kukri Mukri,,21.9393,90.6524,29066614B87864578629124
ADM4_CharKumaria,Char Kumaria,,23.1718,90.4982,29066614B17357272731156
ADM4_CharLakshya,Char Lakshya,,22.2987,91.835,29066614B92889543316784
ADM4_CharLawrence,Char Lawrence,,22.8205,90.8237,29066614B5643295730887
ADM4_CharMadhabdia,Char Madhabdia,,23.668,89.8123,29066614B61696012041782
ADM4_CharMadhua,Char Madhua,,23.8848,90.8802,29066614B71647197023140
ADM4_CharMadras,Char Madras,,22.1528,90.7911,29066614B82754233629030
ADM4_CharMajlishpur,Char Majlishpur,,22.9335,91.3592,29066614B19881205059495
ADM4_CharManair,Char Manair,,23.4034,90.0878,29066614B89673367801135
ADM4_CharMandalia,Char Mandalia,,24.2283,90.765,29066614B19307806310408
ADM4_CharManika,Char Manika,,22.0219,90.6693,29066614B82559296518427
ADM4_CharMartin,Char Martin,,22.7747,90.8369,29066614B28292488485161
ADM4_CharMatua,Char Matua,,22.859,90.9777,29066614B94892298190404
ADM4_CharMohana,Char Mohana,,23.0017,90.7362,29066614B3790034323732
ADM4_CharMonai,Char Monai,,22.7241,90.4424,29066614B11088743089209
ADM4_CharMontaz,Char Montaz,,21.9285,90.5548,29066614B89062176399215
ADM4_CharMucharia,Char Mucharia,,24.9974,89.9468,29066614B26872356373091
ADM4_CharNasirpur,Char Nasirpur,,23.4732,90.1075,29066614B44266967584307
ADM4_CharNilakshmia,Char Nilakshmia,,24.7514,90.4716,29066614B55517068519220
ADM4_CharPakerdaha,Char Pakerdaha,,24.9497,89.705,29066614B49076899292267
ADM4_CharPakshimari,Char Pakshimari,,24.9542,89.9515,29066614B50101357372875
ADM4_CharParbati,Char Parbati,,22.8914,91.3238,29066614B78149468573731
ADM4_CharPata_585437,Char Pata,,22.628,90.6947,29066614B87958813585437
ADM4_CharPata_211157,Char Pata,,23.0627,90.7681,29066614B13167345211157
ADM4_CharPatharghata,Char Patharghata,,22.3125,91.8353,29066614B74688654525408
ADM4_CharPoragacha,Char Poragacha,,22.6826,90.9923,29066614B63218489077436
ADM4_CharPutimari,Char Putimari,,25.0431,89.8867,29066614B13844476067493
ADM4_CharRajibpur,Char Rajibpur,,25.447,89.8029,29066614B30179307061692
ADM4_CharRamaniMohan,Char Ramani Mohan,,22.8768,90.7819,29066614B65034190055732
ADM4_CharRamiz,Char Ramiz,,22.6311,90.9743,29066614B10718180784202
ADM4_CharRuhita,Char Ruhita,,22.9416,90.7749,29066614B41583704041628
ADM4_CharSamaia,Char Samaia,,22.6623,90.6178,29066614B341486241102
ADM4_CharSherpur,Char Sherpur,,25.0366,89.9713,29066614B57476966406959
ADM4_CharShibpur,Char Shibpur,,22.6646,90.6785,29066614B78623963641376
ADM4_CharSindur,Char Sindur,,24.0013,90.662,29066614B85787075839493
ADM4_CharSubuddi,Char Subuddi,,23.9409,90.8297,29066614B48698464159946
ADM4_CharTarapur,Char Tarapur,,23.9452,89.3741,29066614B79272856400355
ADM4_CharUjilaba,Char Ujilaba,,24.0671,90.8609,29066614B84200738700620
ADM4_CharWapda,Char Wapda,,22.6552,91.0285,29066614B10034374627458
ADM4_Charadi,Charadi,,22.6097,90.3982,29066614B54697487734384
ADM4_Charaikhola,Charaikhola,,25.8742,88.8964,29066614B61576019066673
ADM4_Charamba,Charamba,,22.0132,92.168,29066614B44568868439649
ADM4_Charandwip,Charandwip,,22.415,91.9376,29066614B76467554781336
ADM4_Charati,Charati,,22.1489,91.9697,29066614B49429653717058
ADM4_Charghat,Charghat,,24.253,88.7703,29066614B17900242472197
ADM4_CharghatPaurashava,Charghat Paurashava,,24.2902,88.7407,29066614B43086400505349
ADM4_Charigram,Charigram,,23.7609,90.1319,29066614B62106598412156
ADM4_Charikata,Charikata,,25.0886,92.1807,29066614B68776292074688
ADM4_Charkatari,Charkatari,,24.0068,89.7552,29066614B39279790234317
ADM4_Charkhai,Charkhai,,24.9119,92.1708,29066614B41935890223862
ADM4_CharmohallaUnion,Charmohalla Union,,24.9701,91.5641,29066614B23833849374040
ADM4_CharnarChar,Charnar Char,,24.7704,91.2415,29066614B8812995436565
ADM4_Charol,Charol,,26.1263,88.322,29066614B9045745729669
ADM4_Charsai,Charsai,,22.8944,90.9666,29066614B95263356036989
ADM4_Chashirhat,Chashirhat,,23.0655,91.1167,29066614B57615017478474
ADM4_Chatalpar,Chatalpar,,24.1934,91.0614,29066614B29408215303737
ADM4_Chatari,Chatari,,22.2388,91.8886,29066614B44668779971400
ADM4_ChatkhilPaurashava,Chatkhil Paurashava,,23.0593,90.9661,29066614B47247122378316
ADM4_ChatmoharPaurashava,Chatmohar Paurashava,,24.2267,89.2916,29066614B89101672924633
ADM4_Chatra,Chatra,,25.3411,89.2683,29066614B93377836662832
ADM4_Chatul,Chatul,,23.3799,89.7078,29066614B8710905862539
ADM4_Chauddagram,Chauddagram,,23.2268,91.3189,29066614B22883546894670
ADM4_ChauddagramPaurashava,Chauddagram Paurashava,,23.2371,91.3033,29066614B8582405306233
ADM4_Chauddasata,Chauddasata,,24.3723,90.7656,29066614B29422100611355
ADM4_Chaufaldandi,Chaufaldandi,,21.529,92.024,29066614B40874652384724
ADM4_Chaugachha,Chaugachha,,23.2388,89.02,29066614B41174870604909
ADM4_ChaugachhaPaurashava,Chaugachha Paurashava,,23.2626,89.0204,29066614B97092399305611
ADM4_Chauganga,Chauganga,,24.5115,90.9626,29066614B18240724591302
ADM4_Chaugram,Chaugram,,24.549,89.1587,29066614B47511383466004
ADM4_Chauhat,Chauhat,,24.0211,90.0538,29066614B20257109362318
ADM4_Chaukibari,Chaukibari,,24.6261,89.5251,29066614B14953583936060
ADM4_Chaulia,Chaulia,,23.4532,89.4633,29066614B72265528053304
ADM4_ChaumohaniPaurashava,Chaumohani Paurashava,,22.9426,91.1067,29066614B19402946838476
ADM4_Chehelgazi,Chehelgazi,,25.6856,88.6529,29066614B17153907587644
ADM4_ChenchriRampur,Chenchri Rampur,,22.4261,90.0674,29066614B60446441794799
ADM4_Chengi,Chengi,,23.3689,91.9298,29066614B26978311285010
ADM4_Chengmari,Chengmari,,25.5624,89.2194,29066614B10638895760906
ADM4_Cheora,Cheora,,23.1489,91.2954,29066614B64938613240635
ADM4_Cheragpur,Cheragpur,,24.9004,88.8388,29066614B35715136644215
ADM4_ChhagalnaiyaPaurashava,Chhagalnaiya Paurashava,,23.0432,91.5117,29066614B96963873966778
ADM4_Chhaikhola,Chhaikhola,,24.2979,89.3033,29066614B1266518571662
ADM4_Chhaliakandi,Chhaliakandi,,23.5833,90.8728,29066614B15478819112764
ADM4_Chhangachha,Chhangachha,,24.5279,89.6707,29066614B39043488051854
ADM4_Chhanua,Chhanua,,21.9045,91.9218,29066614B56551308715027
ADM4_Chhaola,Chhaola,,25.6808,89.4905,29066614B89848035339628
ADM4_Chhaor,Chhaor,,24.9431,88.4804,29066614B7242330762554
ADM4_Chhaparhati,Chhaparhati,,25.4728,89.5512,29066614B16347484916590
ADM4_Chhatail,Chhatail,,25.7061,88.4544,29066614B29543623532625
ADM4_Chhatak,Chhatak,,25.0001,91.6231,29066614B57386428046659
ADM4_ChhatakPaurashava,Chhatak Paurashava,,25.0246,91.6586,29066614B79410171841151
ADM4_ChhatarDighi,Chhatar Dighi,,24.6211,89.1282,29066614B84311176820247
ADM4_Chhatarpaia,Chhatarpaia,,23.0578,91.1506,29066614B53911131677336
ADM4_Chhatiain,Chhatiain,,24.21,91.316,29066614B97077206178497
ADM4_Chhatian,Chhatian,,23.88,88.9993,29066614B34387684646900
ADM4_Chhatiangram,Chhatiangram,,24.8394,89.0127,29066614B44896917026767
ADM4_ChhatirChar,Chhatir Char,,24.2805,90.9725,29066614B8090796057536
ADM4_Chhatni,Chhatni,,24.4329,88.9493,29066614B85764731298532
ADM4_Chhayani,Chhayani,,22.8977,91.0099,29066614B5616262632402
ADM4_Chhaygaon,Chhaygaon,,23.1937,90.4052,29066614B40946179059391
ADM4_Chhaysuti,Chhaysuti,,24.1168,90.9103,29066614B5396947022883
ADM4_Chhibatali,Chhibatali,,22.5382,91.8317,29066614B72501121157258
ADM4_Chhinai,Chhinai,,25.8545,89.5602,29066614B20806376814440
ADM4_Chhiram,Chhiram,,24.9517,90.9408,29066614B44216992860931
ADM4_ChhotaBagi,Chhota Bagi,,22.0221,90.1042,29066614B97007411622121
ADM4_ChhotaBaisdia,Chhota Baisdia,,21.9989,90.444,29066614B71614612696095
ADM4_ChhotaBhakla,Chhota Bhakla,,23.7337,89.7298,29066614B74128117318033
ADM4_ChhotaBighai,Chhota Bighai,,22.3208,90.2388,29066614B29866163959340
ADM4_ChhotamohesKhali,Chhotamohes Khali,,21.5456,91.9664,29066614B6593087853932
ADM4_Chikajani,Chikajani,,25.1997,89.7244,29066614B96981412293624
ADM4_Chikandandi,Chikandandi,,22.4412,91.8289,29066614B99480230808633
ADM4_Chikandi,Chikandi,,23.2635,90.2934,29066614B22172338901416
ADM4_Chikashi,Chikashi,,24.754,89.5638,29066614B32821610737445
ADM4_Chikdair,Chikdair,,22.5438,91.88,29066614B41076199526758
ADM4_Chiknagul,Chiknagul,,24.9562,92.0011,29066614B63822170636392
ADM4_Chiknikandi,Chiknikandi,,22.2433,90.4557,29066614B20428622015987
ADM4_Chila,Chila,,22.4139,89.6356,29066614B57459807364656
ADM4_Chilahati,Chilahati,,26.2391,88.746,29066614B33354710283002
ADM4_ChilarChar,Chilar Char,,23.2431,90.2207,29066614B97375080004798
ADM4_Chilarang,Chilarang,,26.0807,88.3729,29066614B84287128331178
ADM4_Chilmari_012084,Chilmari,,24.1215,88.7743,29066614B73080362012084
ADM4_Chilmari_991663,Chilmari,,25.5345,89.7097,29066614B96379257991663
ADM4_Chinadulli,Chinadulli,,25.0706,89.723,29066614B94077025165254
ADM4_Chingrakhali,Chingrakhali,,22.5156,89.9215,29066614B40901125981878
ADM4_Chinishpur,Chinishpur,,23.9325,90.7139,29066614B88923348109942
ADM4_ChiraParaParsaturia,Chira Para Parsaturia,,22.5939,90.0484,29066614B49699327418911
ADM4_Chirang,Chirang,,24.6363,90.853,29066614B72738514647735
ADM4_Chiringa,Chiringa,,21.6968,92.0385,29066614B7957327617857
ADM4_Chitadda,Chitadda,,23.3968,90.9855,29066614B1248750115734
ADM4_Chitalia,Chitalia,,23.1937,90.2971,29066614B29315568647495
ADM4_Chitalmari,Chitalmari,,22.7915,89.8188,29066614B75804218486498
ADM4_Chithalia,Chithalia,,23.1944,91.4105,29066614B86013033406417
ADM4_Chithla,Chithla,,23.7231,88.8003,29066614B91162669264023
ADM4_Chithulia,Chithulia,,23.9617,88.9811,29066614B48742826695804
ADM4_Chitmaram,Chitmaram,,22.4493,92.2151,29066614B34881292977349
ADM4_Chitrakot,Chitrakot,,23.6491,90.2763,29066614B11233624975158
ADM4_Chokhyong,Chokhyong,,21.5869,92.3772,29066614B80058989146010
ADM4_Chopinagar,Chopinagar,,24.7611,89.4284,29066614B52144205524786
ADM4_Chouara,Chouara,,23.368,91.1949,29066614B69130060432955
ADM4_Chowdala,Chowdala,,24.7824,88.2533,29066614B14574143615346
ADM4_Chowmohani,Chowmohani,,24.0368,91.36,29066614B21186169360000
ADM4_Chowra,Chowra,,22.1523,90.2569,29066614B19346687680100
ADM4_ChuadangaPaurashava,Chuadanga Paurashava,,23.6447,88.8467,29066614B58723703045892
ADM4_Chukaibari,Chukaibari,,25.1667,89.7148,29066614B45676429898522
ADM4_Chumordi,Chumordi,,23.3518,89.9937,29066614B18794788885894
ADM4_Chunarughat,Chunarughat,,24.2373,91.5096,29066614B54376167046020
ADM4_ChunarughatPaurashava,Chunarughat Paurashava,,24.2061,91.5157,29066614B82747426321492
ADM4_Chunati,Chunati,,21.9422,92.093,29066614B80115686569530
ADM4_Chunkhola,Chunkhola,,22.9468,89.7616,29066614B96523890018060
ADM4_Chunta,Chunta,,24.1176,91.0771,29066614B16849432056562
ADM4_Churain,Churain,,23.6033,90.2017,29066614B35871546836384
ADM4_Churamankati,Churamankati,,23.222,89.1381,29066614B69880185836089
ADM4_ComillaDakshinPaurashava,Comilla Dakshin Paurashava,,23.4133,91.2021,29066614B1499823727044
ADM4_ComillaPaurashava,Comilla Paurashava,,23.4631,91.1844,29066614B15923048697440
ADM4_CoxsBazarPaurashava,Cox's Bazar Paurashava,,21.4438,91.9775,29066614B26242295950011
ADM4_Dabar,Dabar,,25.8503,88.5327,29066614B86763168654383
ADM4_Dabua,Dabua,,22.563,91.9194,29066614B75859796481613
ADM4_Dacope,Dacope,,22.5532,89.507,29066614B82617806039535
ADM4_Dadpur_515253,Dadpur,,22.8567,91.0188,29066614B2505441515253
ADM4_Dadpur_988397,Dadpur,,23.4502,89.7122,29066614B66260347988397
ADM4_Dadshi,Dadshi,,23.745,89.6727,29066614B66978830437585
ADM4_Daganbhuiyan,Daganbhuiyan,,22.9177,91.3108,29066614B14016870957617
ADM4_DaganbhuiyanPaurashava,Daganbhuiyan Paurashava,,22.9428,91.303,29066614B74832751756235
ADM4_Dahabanda,Dahabanda,,25.5389,89.5327,29066614B67826376916227
ADM4_Dahagram,Dahagram,,26.3013,88.9484,29066614B8484636245393
ADM4_Dahia,Dahia,,24.4958,89.2704,29066614B81223349219065
ADM4_Daibagnyahati,Daibagnyahati,,22.5459,89.8629,29066614B1020340009715
ADM4_Daihari,Daihari,,22.7195,90.0351,29066614B72874619949075
ADM4_Daipukuria,Daipukuria,,24.8177,88.1974,29066614B61783921326117
ADM4_Dakatia,Dakatia,,24.379,90.275,29066614B89944317296308
ADM4_DakhinDbhurshi,Dakhin D.bhurshi,,22.3166,91.9731,29066614B30070843497650
ADM4_DakhsinNayergaon,Dakhsin Nayergaon,,23.3939,90.7715,29066614B34198348300495
ADM4_DakshinSukhairrajapur,Dakshin  Sukhairrajapur,,24.883,91.1206,29066614B38068714315236
ADM4_DakshinAkhaura,Dakshin Akhaura,,23.855,91.2237,29066614B7093936099652
ADM4_DakshinAlgiDurgapur,Dakshin Algi Durgapur,,23.0783,90.6649,29066614B43891902136431
ADM4_DakshinBadaghat,Dakshin Badaghat,,25.1142,91.2759,29066614B26006390770231
ADM4_DakshinBadal,Dakshin Badal,,25.1564,91.177,29066614B29249136004570
ADM4_DakshinBanchharampur,Dakshin Banchharampur,,23.7675,90.7621,29066614B52944586533186
ADM4_DakshinBanigram,Dakshin Banigram,,24.9658,92.1839,29066614B50577081683600
ADM4_DakshinBedkashi,Dakshin Bedkashi,,22.2398,89.3221,29066614B38432785886989
ADM4_DakshinBishiura,Dakshin Bishiura,,24.817,90.6865,29066614B93095790721976
ADM4_DakshinBongshikunda,Dakshin Bongshikunda,,25.1242,91.017,29066614B69417305280163
ADM4_DakshinDakshinbhagh,Dakshin Dakshinbhagh,,24.6325,92.1823,29066614B44156347469674
ADM4_DakshinDhamti,Dakshin Dhamti,,23.5143,90.9807,29066614B23560174685771
ADM4_DakshinDhurung,Dakshin Dhurung,,21.8706,91.8574,29066614B79224726081151
ADM4_DakshinDighaldi,Dakshin Dighaldi,,22.5813,90.6417,29066614B96806549245422
ADM4_DakshinDowarabazar,Dakshin Dowarabazar,,25.0534,91.5825,29066614B30408258448687
ADM4_DakshinDurgapur,Dakshin Durgapur,,23.4551,91.1506,29066614B93203722239079
ADM4_DakshinElliotganj,Dakshin Elliotganj,,23.517,90.8515,29066614B27196520881872
ADM4_DakshinFaridganj,Dakshin Faridganj,,23.1016,90.7287,29066614B21278167348117
ADM4_DakshinGandharbapur,Dakshin Gandharbapur,,23.1896,90.8824,29066614B6559048873435
ADM4_DakshinGobindapur,Dakshin Gobindapur,,23.1246,90.6977,29066614B82204033440108
ADM4_DakshinGohat,Dakshin Gohat,,23.2986,90.9351,29066614B53333865453499
ADM4_DakshinGunaighar,Dakshin Gunaighar,,23.566,90.9683,29066614B55411746041837
ADM4_DakshinHamchadi,Dakshin Hamchadi,,22.9831,90.8225,29066614B85871522777284
ADM4_DakshinIslampur,Dakshin Islampur,,25.0881,91.6973,29066614B61857954581503
ADM4_DakshinJhalam,Dakshin Jhalam,,23.1738,91.0282,29066614B42640488612413
ADM4_DakshinJoynagar,Dakshin Joynagar,,22.5627,90.6887,29066614B61968759461701
ADM4_DakshinKachua,Dakshin Kachua,,23.3612,90.8984,29066614B39113023126256
ADM4_DakshinKalocho,Dakshin Kalocho,,23.2892,90.8112,29066614B25875436014749
ADM4_DakshinKhaliUnion,Dakshin Khali Union,,22.2504,89.828,29066614B98771623414279
ADM4_DakshinKhosbas,Dakshin Khosbas,,23.4061,91.0323,29066614B39076172149623
ADM4_DakshinKhurma,Dakshin Khurma,,24.9291,91.6002,29066614B86632268991580
ADM4_DakshinMadarsha,Dakshin Madarsha,,22.4406,91.8493,29066614B93048367685208
ADM4_DakshinMaijPara,Dakshin Maij Para,,25.1533,90.5681,29066614B28849389454834
ADM4_DakshinMeher,Dakshin Meher,,23.2233,90.9571,29066614B68593258894686
ADM4_DakshinMithachhari,Dakshin Mithachhari,,21.3926,92.0534,29066614B38089011783094
ADM4_DakshinNatai,Dakshin Natai,,23.9744,91.0662,29066614B40744194609625
ADM4_DakshinPaikPara,Dakshin Paik Para,,23.1569,90.7686,29066614B14250796995690
ADM4_DakshinPaschimBaniyachang,Dakshin Paschim Baniyachang,,24.4894,91.3437,29066614B99469934819974
ADM4_DakshinPurbaBaniyachang,Dakshin Purba Baniyachang,,24.4942,91.3815,29066614B42860246907357
ADM4_DakshinRamchandrapur,Dakshin Ramchandrapur,,23.6825,90.8849,29066614B61314969805982
ADM4_DakshinRoysree,Dakshin Roysree,,23.2079,90.9963,29066614B57416984437272
ADM4_DakshinRupsa,Dakshin Rupsa,,23.0864,90.7689,29066614B44608586388441
ADM4_DakshinSakuchia,Dakshin Sakuchia,,22.1275,90.924,29066614B52304607305513
ADM4_DakshinShahabajpur,Dakshin Shahabajpur,,24.74,92.2422,29066614B10610706443021
ADM4_DakshinShilmuri,Dakshin Shilmuri,,23.3494,91.1031,29066614B41291826279001
ADM4_DakshinShuhilpur,Dakshin Shuhilpur,,23.9886,91.1207,29066614B66683194813424
ADM4_DakshinSingerbil,Dakshin Singerbil,,23.9206,91.219,29066614B56859432820109
ADM4_DakshinSreepur_498610,Dakshin Sreepur,,22.4612,89.0992,29066614B19968991498610
ADM4_DakshinSreepur_244013,Dakshin Sreepur,,25.0996,91.1081,29066614B83594873244013
ADM4_DakshinSuchiPara,Dakshin Suchi Para,,23.1652,90.9266,29066614B57072824511920
ADM4_DakshinUpadi,Dakshin Upadi,,23.2866,90.7356,29066614B21991250747203
ADM4_DakshingaonPart_745723,Dakshingaon (Part),,23.7513,90.4528,29066614B611593745723
ADM4_DakshingaonPart_403770,Dakshingaon (Part),,23.7376,90.4529,29066614B91415298403770
ADM4_DakshinkhanPart,Dakshinkhan (Part),,23.8611,90.425,29066614B54932712585204
ADM4_Dakshinkhanpart_488039,Dakshinkhan (part),,23.8499,90.4157,29066614B37140508488039
ADM4_Dakshinkhanpart_488578,Dakshinkhan (part),,23.8394,90.4444,29066614B7144716488578
ADM4_DakshinparaUnion,Dakshinpara Union,,24.9989,89.427,29066614B81243595888453
ADM4_Dakua,Dakua,,22.1966,90.449,29066614B14902453479651
ADM4_Dalagram,Dalagram,,25.997,89.2325,29066614B13726021985953
ADM4_DalalBazar,Dalal Bazar,,22.9703,90.7872,29066614B69045779639630
ADM4_Dalbuganj,Dalbuganj,,21.8749,90.1811,29066614B53465528633876
ADM4_Daldali,Daldali,,24.892,88.2441,29066614B77298444262315
ADM4_Daldalia,Daldalia,,25.7044,89.5461,29066614B56756532817946
ADM4_Dalpa,Dalpa,,24.7485,90.7321,29066614B80289767411693
ADM4_Damiha,Damiha,,24.5326,90.9371,29066614B70788715772111
ADM4_Damkur,Damkur,,24.4069,88.5372,29066614B60374287081198
ADM4_Damodar,Damodar,,22.9517,89.4594,29066614B18671161878961
ADM4_Damodarpur_658195,Damodarpur,,25.4348,89.4598,29066614B44072228658195
ADM4_Damodarpur_834654,Damodarpur,,25.7055,89.0398,29066614B76135571834654
ADM4_Dampara,Dampara,,24.36,90.9621,29066614B35932887751375
ADM4_DamudyaPaurashava,Damudya Paurashava,,23.1329,90.4372,29066614B35684666482083
ADM4_Damurhuda,Damurhuda,,23.6089,88.7551,29066614B59583968997563
ADM4_DanaPatali,Dana Patali,,24.3663,90.844,29066614B2665529334511
ADM4_Dandapal,Dandapal,,26.0936,88.6855,29066614B5299385459175
ADM4_Danga,Danga,,23.9037,90.5939,29066614B55624329769170
ADM4_Dangdhara,Dangdhara,,25.389,89.7978,29066614B49855305232243
ADM4_Dangi,Dangi,,23.4746,89.913,29066614B20819547292055
ADM4_DangiPara,Dangi Para,,25.8528,88.1497,29066614B91257962590582
ADM4_Dantbhanga,Dantbhanga,,25.6662,89.8405,29066614B55656425471308
ADM4_DanthiaBamangram,Danthia Bamangram,,24.1867,89.232,29066614B58314024114130
ADM4_Dantmara,Dantmara,,22.8621,91.7031,29066614B84146684902024
ADM4_Danya,Danya,,24.2582,89.8695,29066614B32302742844740
ADM4_Daoabari_428816,Daoabari,,26.0369,89.1351,29066614B97393856428816
ADM4_Daoabari_393232,Daoabari,,26.0698,89.0621,29066614B47447714393232
ADM4_Daogaon,Daogaon,,24.6467,90.1661,29066614B38291397873862
ADM4_Dapdapia,Dapdapia,,22.6277,90.3452,29066614B37636048052025
ADM4_Dapunia_647396,Dapunia,,24.7336,90.3384,29066614B80434038647396
ADM4_Dapunia_841337,Dapunia,,24.053,89.1655,29066614B53878548841337
ADM4_Daragram,Daragram,,23.9753,89.9889,29066614B17604228000121
ADM4_Darajhat,Darajhat,,23.1998,89.3136,29066614B12904218194789
ADM4_Darbarpur,Darbarpur,,23.1111,91.4434,29066614B84323963841035
ADM4_Darbasta_615841,Darbasta,,25.1996,89.359,29066614B24982837615841
ADM4_Darbasta_091504,Darbasta,,25.029,92.1147,29066614B95769817091504
ADM4_Darbeshpur,Darbeshpur,,23.0707,90.8672,29066614B53677027056304
ADM4_DariCharKhajuria,Dari Char Khajuria,,22.8307,90.4644,29066614B61814038286587
ADM4_Dariadaulat,Dariadaulat,,23.8122,90.8051,29066614B13930158785392
ADM4_Darial,Darial,,22.6187,90.4736,29066614B69763817582866
ADM4_Dariapur_638446,Dariapur,,23.6177,89.4594,29066614B6596429638446
ADM4_Dariapur_916700,Dariapur,,23.7041,88.5912,29066614B34534792916700
ADM4_Darora,Darora,,23.5976,90.895,29066614B46695310489184
ADM4_DarshanPara,Darshan Para,,24.4801,88.5332,29066614B31119869609197
ADM4_Darshana,Darshana,,25.6954,89.245,29066614B22807065182002
ADM4_DarshanaPaurashava,Darshana Paurashava,,23.5238,88.7961,29066614B20758651132179
ADM4_DarulAman,Darul Aman,,23.1528,90.4561,29066614B9584661002029
ADM4_Dasar,Dasar,,23.0896,90.146,29066614B91797744928493
ADM4_Dasghar,Dasghar,,24.7839,91.6775,29066614B12000780616014
ADM4_DasherBazar,Dasher Bazar,,24.7379,92.1417,29066614B50309976809391
ADM4_Dashkia,Dashkia,,24.3561,89.8777,29066614B10249423858663
ADM4_Dashmina,Dashmina,,22.2687,90.5611,29066614B31172914295693
ADM4_Dashuria,Dashuria,,24.1032,89.1586,29066614B43788919917190
ADM4_Daspara,Daspara,,22.3854,90.5593,29066614B87486820164156
ADM4_DattaPara_239603,Datta Para,,22.9707,90.9153,29066614B56441157239603
ADM4_DattaPara_975112,Datta Para,,23.3644,90.1184,29066614B6016019975112
ADM4_DatterBazar,Datter Bazar,,24.3398,90.5855,29066614B85407863507956
ADM4_Dauatala,Dauatala,,22.2269,90.0347,29066614B82606562938828
ADM4_DaudkandiPaurashava,Daudkandi Paurashava,,23.5322,90.7281,29066614B82551419178936
ADM4_Daudkhali,Daudkhali,,22.3266,90.0231,29066614B73242866379632
ADM4_Daudpur_864476,Daudpur,,23.8701,90.5379,29066614B17401788864476
ADM4_Daudpur_536382,Daudpur,,25.3943,89.1203,29066614B92409130536382
ADM4_Daudpur_754935,Daudpur,,24.7994,91.9385,29066614B28337921754935
ADM4_DaukarChar,Daukar Char,,23.9542,90.7725,29066614B2319670080194
ADM4_Dauki,Dauki,,23.745,88.9778,29066614B43323100961691
ADM4_Daulatdia,Daulatdia,,23.7804,89.7684,29066614B4555160311026
ADM4_Daulatpur_946630,Daulatpur,,22.6431,91.8026,29066614B95417420946630
ADM4_Daulatpur_276780,Daulatpur,,24.087,90.6666,29066614B94752466276780
ADM4_Daulatpur_034386,Daulatpur,,23.6089,89.0215,29066614B12052643034386
ADM4_Daulatpur_539939,Daulatpur,,23.9982,88.8477,29066614B58473908539939
ADM4_Daulatpur_663559,Daulatpur,,24.2553,89.6861,29066614B45291353663559
ADM4_Daulatpur_641117,Daulatpur,,25.4262,88.9567,29066614B91135662641117
ADM4_Daulatpur_370837,Daulatpur,,25.8172,88.3627,29066614B539966370837
ADM4_Daulatpur_955120,Daulatpur,,24.6602,91.3687,29066614B90615215955120
ADM4_Daulatpur_826281,Daulatpur,,24.8283,91.6924,29066614B33224446826281
ADM4_DaulatpurPurbaPanchgachh,Daulatpur (Purba Panchgachh),,23.4421,90.7534,29066614B96130414208596
ADM4_Daulkhar,Daulkhar,,23.0848,91.2024,29066614B98816604162655
ADM4_Dayamir,Dayamir,,24.7688,91.7854,29066614B63251029211341
ADM4_Dayarampur,Dayarampur,,24.2997,89.0131,29066614B9340524695799
ADM4_Debagram,Debagram,,23.7645,89.741,29066614B51588530990990
ADM4_Debhata,Debhata,,22.5822,88.9588,29066614B19541777759313
ADM4_Debidoba,Debidoba,,26.1192,88.7262,29066614B98932766432221
ADM4_Debidwar,Debidwar,,23.6305,90.9872,29066614B25433736860564
ADM4_DebidwarPaurashava,Debidwar Paurashava,,23.6061,90.982,29066614B28721518021174
ADM4_Debiganj,Debiganj,,26.1314,88.7669,29066614B64210935461752
ADM4_Debinagar,Debinagar,,24.5091,88.2644,29066614B9845586508932
ADM4_Debipur,Debipur,,26.1707,88.5218,29066614B69247819801119
ADM4_Debottar,Debottar,,24.0975,89.2653,29066614B56865294010913
ADM4_Debpara,Debpara,,24.5548,91.6078,29066614B21559471865268
ADM4_Decreerchar,Decreerchar,,23.6239,89.8794,29066614B96045750195706
ADM4_Dehergati,Dehergati,,22.8205,90.2839,29066614B41622670190530
ADM4_Dehunda,Dehunda,,24.4775,90.9073,29066614B72021857429535
ADM4_Delduar,Delduar,,24.1668,89.9636,29066614B24646178954095
ADM4_Deluabari,Deluabari,,24.4695,88.729,29066614B46199474248461
ADM4_Deluti,Deluti,,22.6216,89.4136,29066614B29510847288949
ADM4_Dema,Dema,,22.6021,89.7544,29066614B25930539865543
ADM4_Demra,Demra,,24.1461,89.4805,29066614B78584079941602
ADM4_Demrapart,Demra (part),,23.7373,90.4769,29066614B41863516617654
ADM4_Demusia,Demusia,,21.7669,91.9662,29066614B64132760279069
ADM4_Deoghar,Deoghar,,24.3006,91.0449,29066614B4779057848904
ADM4_Deokalas,Deokalas,,24.7724,91.7171,29066614B84469550819292
ADM4_Deokhola,Deokhola,,24.6838,90.3231,29066614B68538948837188
ADM4_Deoli,Deoli,,24.1429,89.8769,29066614B65410838397703
ADM4_Deopara_400288,Deopara,,24.4363,90.0574,29066614B88737084400288
ADM4_Deopara_529642,Deopara,,24.4145,88.4855,29066614B94372814529642
ADM4_Deor,Deor,,25.3707,89.0357,29066614B3938366056530
ADM4_Deora,Deora,,23.3569,91.0331,29066614B88279463264236
ADM4_Deorgachh,Deorgachh,,24.1529,91.5007,29066614B76721350323562
ADM4_Deoti,Deoti,,23.0305,91.0251,29066614B1729010428664
ADM4_DeraiPaurashava,Derai Paurashava,,24.7824,91.3503,29066614B80107468418754
ADM4_DeraiSarmangal,Derai Sarmangal,,24.7703,91.3084,29066614B52271187023602
ADM4_Deshigram,Deshigram,,24.4993,89.3981,29066614B24580063299750
ADM4_Deula,Deula,,22.437,90.7082,29066614B56704618567768
ADM4_Deulabari,Deulabari,,24.5359,89.9869,29066614B33439693670472
ADM4_Deuli,Deuli,,25.0466,89.3862,29066614B91991775036377
ADM4_DeuliSubidkhali,Deuli Subidkhali,,22.3417,90.1991,29066614B59513191140452
ADM4_DewanBazar,Dewan Bazar,,24.7391,91.8566,29066614B81412854180169
ADM4_Dewanganj,Dewanganj,,25.1325,89.7791,29066614B65499247994671
ADM4_DewanganjPaurashava,Dewanganj Paurashava,,25.1682,89.772,29066614B92686916633489
ADM4_Dhainagar,Dhainagar,,24.6856,88.254,29066614B99568983924258
ADM4_DhakaDakshin,Dhaka Dakshin,,24.8112,92.0351,29066614B40348723478809
ADM4_DhakhinTarabunia,Dhakhin Tarabunia,,23.2154,90.5863,29066614B87320083612654
ADM4_Dhaki,Dhaki,,24.4557,91.109,29066614B53518053116793
ADM4_Dhakkamara,Dhakkamara,,26.3308,88.5348,29066614B78168234731675
ADM4_Dhakua,Dhakua,,24.9386,90.4719,29066614B53919985516622
ADM4_Dhakuria,Dhakuria,,23.072,89.2769,29066614B42484482768225
ADM4_DhalChar,Dhal Char,,21.8874,90.8019,29066614B53498280935222
ADM4_Dhala_504747,Dhala,,24.5895,90.9099,29066614B76192517504747
ADM4_Dhala_690115,Dhala,,25.0194,90.1026,29066614B96867773690115
ADM4_DhalaMulgaon,Dhala Mulgaon,,24.9613,90.6759,29066614B77519843197337
ADM4_DhalaPara,Dhala Para,,24.4494,90.1525,29066614B30588302182054
ADM4_Dhalahar,Dhalahar,,25.1697,88.9639,29066614B94119624704818
ADM4_Dhalai,Dhalai,,22.593,91.7963,29066614B82978061165297
ADM4_DhalarChar,Dhalar Char,,23.8362,89.677,29066614B34090016748024
ADM4_Dhalbaria,Dhalbaria,,22.3948,89.0082,29066614B38290201976458
ADM4_Dhalghat,Dhalghat,,22.3337,91.9603,29066614B87190474056349
ADM4_Dhalghata,Dhalghata,,21.6808,91.8724,29066614B43471813283241
ADM4_Dhalgram,Dhalgram,,23.2531,89.3987,29066614B36454544423377
ADM4_DhalharaChandra,Dhalhara Chandra,,23.6626,89.3323,29066614B40034757123132
ADM4_DhaliGaurnagar,Dhali Gaurnagar,,22.3214,90.8112,29066614B92152942340321
ADM4_Dhalia,Dhalia,,22.9373,91.4107,29066614B29047073310198
ADM4_Dhaljora,Dhaljora,,24.0315,90.1711,29066614B86992362723084
ADM4_Dhalla,Dhalla,,23.8164,90.2207,29066614B14214196991117
ADM4_Dhalua_593415,Dhalua,,22.1183,90.0571,29066614B26557342593415
ADM4_Dhalua_803064,Dhalua,,23.1153,91.2519,29066614B56350564803064
ADM4_Dhamainagar,Dhamainagar,,24.5279,89.4362,29066614B65602327284090
ADM4_Dhamair,Dhamair,,25.6851,88.569,29066614B31306765506166
ADM4_Dhamalia,Dhamalia,,22.9118,89.3776,29066614B25716277287616
ADM4_Dhamgar,Dhamgar,,23.6744,90.5565,29066614B35427581125960
ADM4_Dhamghar,Dhamghar,,23.6008,90.9302,29066614B65631137768955
ADM4_Dhamoirhat,Dhamoirhat,,25.1511,88.8838,29066614B42530239184340
ADM4_DhamoirhatPaurashava,Dhamoirhat Paurashava,,25.1549,88.8448,29066614B9936528795829
ADM4_Dhamor,Dhamor,,26.3164,88.4252,29066614B60848324205249
ADM4_Dhamrai,Dhamrai,,23.9346,90.2085,29066614B76118142618386
ADM4_DhamraiPaurashava,Dhamrai Paurashava,,23.9139,90.2141,29066614B94413895453842
ADM4_Dhamsana,Dhamsana,,23.9459,90.2589,29066614B57003809539274
ADM4_Dhamsar,Dhamsar,,23.9526,89.9251,29066614B52525892415862
ADM4_Dhamserni,Dhamserni,,25.6516,89.6497,29066614B92427460586437
ADM4_DhanShalik,Dhan Shalik,,22.8261,91.2292,29066614B84194993950411
ADM4_DhanSiri,Dhan Siri,,22.7828,91.164,29066614B78996192923591
ADM4_Dhanbari,Dhanbari,,24.7099,89.9698,29066614B3728751609150
ADM4_DhanbariPaurashava,Dhanbari Paurashava,,24.6841,89.951,29066614B12264203026170
ADM4_Dhandia,Dhandia,,22.8101,89.1247,29066614B81584444371
ADM4_Dhaneshwargati,Dhaneshwargati,,23.408,89.2871,29066614B4447445655706
ADM4_Dhangara,Dhangara,,24.5166,89.5441,29066614B81083113769951
ADM4_Dhania,Dhania,,22.6994,90.6661,29066614B42664866339628
ADM4_Dhaniapart_122349,Dhania (part),,23.7034,90.4452,29066614B78557855122349
ADM4_Dhaniapart_962285,Dhania (part),,23.6953,90.4502,29066614B32572859962285
ADM4_Dhanikhola,Dhanikhola,,24.6396,90.3601,29066614B77986174048797
ADM4_Dhanisafa,Dhanisafa,,22.3522,89.9621,29066614B8157926498299
ADM4_Dhankati,Dhankati,,23.1278,90.377,29066614B34747036089195
ADM4_Dhankhali,Dhankhali,,22.0622,90.3217,29066614B96451348073497
ADM4_Dhankhola,Dhankhola,,23.7772,88.7514,29066614B9296613602760
ADM4_Dhankora,Dhankora,,23.911,90.0552,29066614B2911459376953
ADM4_Dhanpur,Dhanpur,,24.6006,91.1374,29066614B13749159549357
ADM4_Dhansagar,Dhansagar,,22.3563,89.8023,29066614B89120103385437
ADM4_Dhanshail,Dhanshail,,25.181,90.017,29066614B86134814408487
ADM4_Dhantala,Dhantala,,26.1733,88.3166,29066614B4946258903442
ADM4_Dhanua,Dhanua,,25.2836,89.8975,29066614B96653423548260
ADM4_Dhaoa,Dhaoa,,22.4577,90.0242,29066614B61740978711029
ADM4_Dhaperhat,Dhaperhat,,25.3571,89.3665,29066614B38341426362210
ADM4_DharMandal,Dhar Mandal,,24.2426,91.3046,29066614B7396783687849
ADM4_Dhara,Dhara,,25.0502,90.3274,29066614B49144564393908
ADM4_Dharabarisha,Dharabarisha,,24.3409,89.2347,29066614B90485998002369
ADM4_Dharampur,Dharampur,,24.0291,88.9515,29066614B93256435991728
ADM4_Dharanibari,Dharanibari,,25.6871,89.6381,29066614B12874852875065
ADM4_Dharanji,Dharanji,,25.2287,88.9806,29066614B80767840941347
ADM4_Dharkhar,Dharkhar,,23.8362,91.1496,29066614B38765358444323
ADM4_Dharmagarh,Dharmagarh,,25.9949,88.1942,29066614B70338582111593
ADM4_Dharmaghar,Dharmaghar,,24.0021,91.341,29066614B55579207093417
ADM4_Dharmapal,Dharmapal,,26.0738,88.898,29066614B4523051251429
ADM4_Dharmapasha,Dharmapasha,,24.9241,91.0425,29066614B86048456445078
ADM4_Dharmapur_747780,Dharmapur,,22.607,91.8751,29066614B11622364747780
ADM4_Dharmapur_410458,Dharmapur,,22.1439,92.0997,29066614B49785666410458
ADM4_Dharmapur_378916,Dharmapur,,23.0474,91.3871,29066614B83644972378916
ADM4_Dharmapur_013891,Dharmapur,,22.7332,91.0713,29066614B96452354013891
ADM4_Dharmapur_302877,Dharmapur,,25.5475,88.5466,29066614B39083542302877
ADM4_DharmapurPananagar,Dharmapur (Pananagar),,24.4607,88.8185,29066614B4533330321501
ADM4_Dhemsa,Dhemsa,,22.1056,92.0593,29066614B42202821187130
ADM4_Dheukhali,Dheukhali,,23.4752,90.074,29066614B62064359609522
ADM4_Dhipur,Dhipur,,23.4905,90.4605,29066614B18269926101341
ADM4_Dhitpur,Dhitpur,,24.4508,90.4288,29066614B1605082571217
ADM4_Dhonpur,Dhonpur,,25.156,91.3218,29066614B58446128438539
ADM4_Dhopachhari,Dhopachhari,,22.2471,92.1217,29066614B45741781706338
ADM4_Dhopadaha,Dhopadaha,,24.0856,89.5191,29066614B82344130869694
ADM4_Dhopadanga,Dhopadanga,,25.4625,89.5114,29066614B31009546207162
ADM4_Dhopakandi,Dhopakandi,,24.5763,89.9635,29066614B59442648434972
ADM4_Dhopakhali_382513,Dhopakhali,,24.647,89.9683,29066614B88107444382513
ADM4_Dhopakhali_692858,Dhopakhali,,22.7027,89.8593,29066614B12333403692858
ADM4_Dhubaria,Dhubaria,,24.0156,89.8353,29066614B16260806803371
ADM4_Dhubil,Dhubil,,24.4428,89.4736,29066614B75317137386752
ADM4_DhukariaBera,Dhukaria Bera,,24.2574,89.6446,29066614B78965963550753
ADM4_Dhulasar,Dhulasar,,21.8379,90.2157,29066614B42008749960501
ADM4_Dhulauri,Dhulauri,,24.1086,89.4768,29066614B49140258414592
ADM4_Dhulia,Dhulia,,22.5414,90.5417,29066614B73982570910950
ADM4_Dhuliani,Dhuliani,,23.2129,89.0221,29066614B16390258538511
ADM4_Dhulihar,Dhulihar,,22.6713,89.1378,29066614B38449153805578
ADM4_Dhulkhola,Dhulkhola,,22.8955,90.5831,29066614B34929411642619
ADM4_Dhulsunra,Dhulsunra,,23.6912,90.0182,29066614B48727357323530
ADM4_Dhum,Dhum,,22.8866,91.4891,29066614B66629108067768
ADM4_Dhunat,Dhunat,,24.6637,89.5241,29066614B44690725148188
ADM4_DhunatPaurashava,Dhunat Paurashava,,24.6909,89.5413,29066614B36020247727503
ADM4_Dhupchanchia,Dhupchanchia,,24.8562,89.1571,29066614B92045750007510
ADM4_DhupchanchiaPaurashava,Dhupchanchia Paurashava,,24.8721,89.1689,29066614B37400024430957
ADM4_Dhurail_047119,Dhurail,,23.259,90.1455,29066614B55769952047119
ADM4_Dhurail_476769,Dhurail,,25.0351,90.2658,29066614B22800101476769
ADM4_Dhurail_457682,Dhurail,,24.5436,88.6103,29066614B21678439457682
ADM4_Dhurung,Dhurung,,22.6731,91.7945,29066614B57423703298943
ADM4_Diara_907375,Diara,,23.1621,89.1292,29066614B77169350907375
ADM4_Diara_577536,Diara,,22.9178,89.1003,29066614B97547400577536
ADM4_Dibar,Dibar,,25.1071,88.6327,29066614B54962145291066
ADM4_Digalkandi,Digalkandi,,24.4203,89.964,29066614B59179293997244
ADM4_Digar,Digar,,24.4278,90.0082,29066614B42132165221689
ADM4_DigarMahishkhali,Digar Mahishkhali,,23.2123,90.4958,29066614B65840803041329
ADM4_Digdair_883957,Digdair,,24.5132,90.9059,29066614B38615128883957
ADM4_Digdair_332797,Digdair,,24.9742,89.4715,29066614B35113218332797
ADM4_Digghapar,Digghapar,,22.5827,91.4534,29066614B67242878892052
ADM4_Digha,Digha,,23.4525,89.5822,29066614B37782672645916
ADM4_Dighalbak,Dighalbak,,24.6446,91.6109,29066614B29783604722870
ADM4_Dighali,Dighali,,22.9077,90.9336,29066614B92612167671332
ADM4_Dighalia_669190,Dighalia,,24.0067,89.9778,29066614B70721376669190
ADM4_Dighalia_982984,Dighalia,,22.8965,89.5397,29066614B51413918982984
ADM4_Dighalia_421565,Dighalia,,23.1112,89.6268,29066614B92212320421565
ADM4_Dighapatia,Dighapatia,,24.4346,89.0396,29066614B51285438037854
ADM4_Dighi,Dighi,,23.8776,89.9735,29066614B4277688505127
ADM4_Dighinala,Dighinala,,23.2879,92.0787,29066614B43557088317860
ADM4_DighirPara,Dighir Para,,23.4185,90.4815,29066614B57306306806714
ADM4_Dighirpar,Dighirpar,,24.231,90.9879,29066614B52014940925671
ADM4_Dignagar_774030,Dignagar,,23.2977,89.9881,29066614B49650643774030
ADM4_Dignagar_293384,Dignagar,,23.6968,89.2043,29066614B54087948293384
ADM4_Digpaith,Digpaith,,24.7767,89.9491,29066614B63898729344674
ADM4_Dihi,Dihi,,23.1674,88.9701,29066614B94191598527177
ADM4_DilPasar,Dil Pasar,,24.2437,89.4337,29066614B29420072650593
ADM4_Dilalpur,Dilalpur,,24.1835,90.9618,29066614B11408486156206
ADM4_Dimla,Dimla,,26.1347,88.9382,29066614B68491392571280
ADM4_DingaManik,Dinga Manik,,23.2592,90.4621,29066614B61556556234750
ADM4_Dirgha,Dirgha,,22.7522,90.014,29066614B16624393014670
ADM4_Ditiyakhanda,Ditiyakhanda,,23.3564,90.1833,29066614B73216343633289
ADM4_Doail,Doail,,24.7025,89.864,29066614B2840658946769
ADM4_Dobaura,Dobaura,,25.0911,90.5103,29066614B49111941928674
ADM4_Dobhag,Dobhag,,24.8846,92.2189,29066614B12803931890308
ADM4_Dochhari,Dochhari,,21.5083,92.2757,29066614B16919991151930
ADM4_Dogachhi_020900,Dogachhi,,23.5124,89.2527,29066614B3544882020900
ADM4_Dogachhi_705244,Dogachhi,,25.1138,88.9674,29066614B62617110705244
ADM4_Dogachhi_314053,Dogachhi,,23.9727,89.2644,29066614B29221166314053
ADM4_Dohakula,Dohakula,,23.218,89.3842,29066614B92112470245373
ADM4_DoharPaurashava,Dohar Paurashava,,23.6223,90.128,29066614B96428290024359
ADM4_Dohazari,Dohazari,,22.1723,92.0865,29066614B28491358562305
ADM4_DollaiNowababPur,Dollai Nowabab Pur,,23.4143,90.9245,29066614B47356266752796
ADM4_Domar,Domar,,26.1111,88.7959,29066614B35200392835635
ADM4_Domsar,Domsar,,23.2466,90.3313,29066614B696212283143
ADM4_Dora,Dora,,23.4998,88.968,29066614B75487822558162
ADM4_Dowhakhala,Dowhakhala,,24.7249,90.5186,29066614B36532259260085
ADM4_Duaria,Duaria,,24.1897,89.081,29066614B22713684853602
ADM4_Duaz,Duaz,,24.7646,90.8929,29066614B53385137740492
ADM4_Dubail,Dubail,,24.1518,89.9995,29066614B54777737756403
ADM4_Dubalhati,Dubalhati,,24.7949,88.8652,29066614B53749217902791
ADM4_Dudhal,Dudhal,,22.5821,90.4327,29066614B65614036331527
ADM4_Dudhsar,Dudhsar,,23.6124,89.2042,29066614B23857614158451
ADM4_Dudkhali,Dudkhali,,23.2169,90.1582,29066614B89308283036676
ADM4_Duhalia,Duhalia,,25.0119,91.5587,29066614B57893964969849
ADM4_Dulahazara,Dulahazara,,21.6862,92.0838,29066614B65885430686802
ADM4_Dulai,Dulai,,23.9402,89.4973,29066614B36359454487809
ADM4_DulalPur,Dulal Pur,,23.7144,90.8124,29066614B2992441722706
ADM4_Dulalpur_493018,Dulalpur,,23.6151,91.0746,29066614B96791122493018
ADM4_Dulalpur_719853,Dulalpur,,24.0579,90.6746,29066614B76885624719853
ADM4_DularBazar,Dular Bazar,,24.8612,91.6262,29066614B54133911245159
ADM4_Dulla,Dulla,,24.7621,90.1285,29066614B86569541314720
ADM4_Dulyatali,Dulyatali,,22.841,91.9366,29066614B34758503082384
ADM4_Dumain,Dumain,,23.5585,89.5325,29066614B32015720936266
ADM4_Dumdumya,Dumdumya,,22.6557,92.5016,29066614B30558645022515
ADM4_Dumni,Dumni,,23.8317,90.4701,29066614B61133322709253
ADM4_Dumuria_220796,Dumuria,,23.0417,91.2286,29066614B62443519220796
ADM4_Dumuria_736032,Dumuria,,22.8904,89.9466,29066614B39738816736032
ADM4_Dumuria_581758,Dumuria,,22.819,89.4215,29066614B77344068581758
ADM4_Duosuo,Duosuo,,26.0708,88.2897,29066614B9120065541941
ADM4_Duptara,Duptara,,23.8034,90.6117,29066614B51518700223028
ADM4_Duptiair,Duptiair,,23.996,89.8064,29066614B75597752508543
ADM4_Durbadanga,Durbadanga,,22.9584,89.2869,29066614B31218320461720
ADM4_Durduria,Durduria,,24.1921,88.889,29066614B13193775287901
ADM4_DurgaPasha,Durga Pasha,,22.5707,90.5039,29066614B88101032808716
ADM4_Durgahata,Durgahata,,24.8485,89.5126,29066614B11460086874652
ADM4_Durganagar,Durganagar,,24.2683,89.5492,29066614B65949046813995
ADM4_Durgapasha,Durgapasha,,24.8683,91.4773,29066614B56406542813295
ADM4_Durgapur_416299,Durgapur,,22.6552,89.9851,29066614B52546405416299
ADM4_Durgapur_517428,Durgapur,,24.0513,91.0425,29066614B55767178517428
ADM4_Durgapur_002324,Durgapur,,23.4334,90.6797,29066614B51583775002324
ADM4_Durgapur_539934,Durgapur,,22.8253,91.5389,29066614B78716838539934
ADM4_Durgapur_750196,Durgapur,,22.9604,91.1478,29066614B48890706750196
ADM4_Durgapur_604324,Durgapur,,24.0691,90.6087,29066614B61825751604324
ADM4_Durgapur_248760,Durgapur,,23.04,89.8496,29066614B9339609248760
ADM4_Durgapur_820485,Durgapur,,24.3579,89.846,29066614B45487044820485
ADM4_Durgapur_740194,Durgapur,,22.6027,89.2421,29066614B95216893740194
ADM4_Durgapur_456799,Durgapur,,25.1501,90.7064,29066614B54755768456799
ADM4_Durgapur_734727,Durgapur,,24.811,89.2009,29066614B71021466734727
ADM4_Durgapur_435410,Durgapur,,25.7369,89.6409,29066614B99154530435410
ADM4_Durgapur_432134,Durgapur,,26.003,89.4194,29066614B8860687432134
ADM4_Durgapur_710283,Durgapur,,25.5451,89.2763,29066614B13776549710283
ADM4_DurgapurPaurashava_955399,Durgapur Paurashava,,25.1235,90.6782,29066614B17074085955399
ADM4_DurgapurPaurashava_046479,Durgapur Paurashava,,24.4507,88.7678,29066614B99637105046479
ADM4_Durlabhpur,Durlabhpur,,24.6702,88.1012,29066614B22893404962539
ADM4_Durmut,Durmut,,25.0542,89.8067,29066614B93056699087915
ADM4_Dwippur,Dwippur,,24.6355,88.82,29066614B70934416698813
ADM4_EastChitasi,East Chitasi,,23.1585,90.9912,29066614B65701622109885
ADM4_Egarasindur,Egarasindur,,24.2732,90.67,29066614B97753039319581
ADM4_Ekarchali,Ekarchali,,25.8118,89.0743,29066614B82084666818907
ADM4_Ekatuna,Ekatuna,,24.5184,91.782,29066614B81508412179828
ADM4_Ekdala,Ekdala,,24.6878,89.1112,29066614B72227207578495
ADM4_Ekdanta,Ekdanta,,24.083,89.3316,29066614B64115281055001
ADM4_Ekduaria,Ekduaria,,24.0927,90.719,29066614B83070809468166
ADM4_Eklashpur,Eklashpur,,22.904,91.1035,29066614B52674078397352
ADM4_Eklaspur,Eklaspur,,23.3714,90.58,29066614B38282886759667
ADM4_Elahabad,Elahabad,,23.5531,91.0224,29066614B3889537828495
ADM4_Elangi_850486,Elangi,,23.4142,89.0511,29066614B55156812850486
ADM4_Elangi_044128,Elangi,,24.6977,89.5004,29066614B49202710044128
ADM4_Elasin,Elasin,,24.1197,89.9141,29066614B24196539590453
ADM4_Elenga,Elenga,,24.3382,89.9194,29066614B94988653554921
ADM4_Elongjuri,Elongjuri,,24.495,91.0507,29066614B8739134049437
ADM4_Eluary,Eluary,,25.4968,88.8481,29066614B357695215856
ADM4_Emadpur,Emadpur,,25.5057,89.411,29066614B92068691784964
ADM4_Enayetnagar_924434,Enayetnagar,,23.0858,90.2877,29066614B3573412924434
ADM4_Enayetnagar_249098,Enayetnagar,,23.6225,90.4746,29066614B51713619249098
ADM4_Enayetpur_067398,Enayetpur,,24.4941,90.2314,29066614B2249743067398
ADM4_Enayetpur_364888,Enayetpur,,24.975,88.7642,29066614B67061062364888
ADM4_Eochia,Eochia,,22.088,91.9905,29066614B30956730393339
ADM4_Erendabari,Erendabari,,25.2939,89.7114,29066614B33260955984753
ADM4_Erulia,Erulia,,24.8778,89.3253,29066614B83716788710958
ADM4_Ewajpur,Ewajpur,,22.1247,90.7149,29066614B65704217415079
ADM4_Ewazbalia,Ewazbalia,,22.7893,91.0482,29066614B80823381350583
ADM4_Failjana,Failjana,,24.13,89.3204,29066614B96345935065765
ADM4_Faitang,Faitang,,21.8471,92.1034,29066614B35180744256951
ADM4_FakirPara,Fakir Para,,26.2298,89.1033,29066614B24547555745149
ADM4_Fakirhat,Fakirhat,,22.7531,89.7127,29066614B77536454505399
ADM4_Falda,Falda,,24.5118,89.87,29066614B8571702998546
ADM4_Fandauk,Fandauk,,24.2136,91.2567,29066614B45125505625036
ADM4_Fapore,Fapore,,24.8365,89.3354,29066614B21509000428446
ADM4_Farajikandi,Farajikandi,,23.3561,90.6485,29066614B35659332793145
ADM4_Farakkabad,Farakkabad,,25.6653,88.611,29066614B43750289915197
ADM4_Farazganj,Farazganj,,22.3088,90.7028,29066614B93135661197968
ADM4_Farhadnagar,Farhadnagar,,22.9236,91.4866,29066614B22090138306727
ADM4_FaridganjPaurashava,Faridganj Paurashava,,23.1382,90.7447,29066614B9669926721951
ADM4_Faridpur_784355,Faridpur,,22.5525,90.4842,29066614B32041558784355
ADM4_Faridpur_549026,Faridpur,,24.1141,90.8668,29066614B45255396549026
ADM4_Faridpur_435281,Faridpur,,24.1544,89.42,29066614B53012640435281
ADM4_Faridpur_413532,Faridpur,,25.3951,89.3925,29066614B30315349413532
ADM4_FaridpurPaurashava_634189,Faridpur Paurashava,,23.6016,89.8352,29066614B21676859634189
ADM4_FaridpurPaurashava_090248,Faridpur Paurashava,,24.1676,89.4419,29066614B9677845090248
ADM4_Farua,Farua,,22.2804,92.5046,29066614B27311319272427
ADM4_Fasiakhali,Fasiakhali,,21.7418,92.0963,29066614B87875320353980
ADM4_Fasyakhali,Fasyakhali,,21.6844,92.1666,29066614B2481096355104
ADM4_FatehJangapur,Fateh Jangapur,,23.2649,90.4016,29066614B39630334207641
ADM4_Fatehabad,Fatehabad,,23.6027,91.0405,29066614B34078625911142
ADM4_Fatehjanapur,Fatehjanapur,,25.7693,88.8373,29066614B89636767329100
ADM4_Fatehpur_741230,Fatehpur,,22.4758,91.7977,29066614B49699992741230
ADM4_Fatehpur_287752,Fatehpur,,23.7825,90.6754,29066614B97581248287752
ADM4_Fatehpur_052457,Fatehpur,,24.1407,90.0785,29066614B29912547052457
ADM4_Fatehpur_202663,Fatehpur,,23.3889,88.9081,29066614B80806175202663
ADM4_Fatehpur_561195,Fatehpur,,24.6229,90.9763,29066614B16988144561195
ADM4_Fatehpur_329089,Fatehpur,,24.7217,88.335,29066614B58459640329089
ADM4_Fatehpur_480231,Fatehpur,,24.602,91.8034,29066614B16985045480231
ADM4_Fatehpur_917810,Fatehpur,,25.0543,91.2555,29066614B35382978917810
ADM4_Fatehpur_515526,Fatehpur,,24.9934,91.9595,29066614B36336477515526
ADM4_Fatehpur_571035,Fatehpur,,24.9951,92.038,29066614B79892506571035
ADM4_Fatekharkul,Fatekharkul,,21.4305,92.0987,29066614B44695481237958
ADM4_Fathehpur,Fathehpur,,23.1752,89.2648,29066614B70543678478159
ADM4_FatikChhari,Fatik Chhari,,22.6628,91.9656,29066614B27769282263634
ADM4_Fatullahpart,Fatullah (part),,23.6372,90.4898,29066614B14705206349881
ADM4_Fazilhati,Fazilhati,,24.1206,89.9579,29066614B35728634336501
ADM4_Fazilpur_631079,Fazilpur,,22.9661,91.4885,29066614B16921600631079
ADM4_Fazilpur_882464,Fazilpur,,25.6963,88.7074,29066614B25121265882464
ADM4_Fazlupur,Fazlupur,,25.2585,89.6628,29066614B65283104004608
ADM4_Fenarbak,Fenarbak,,24.8882,91.1993,29066614B34387285945352
ADM4_Fenchuganj,Fenchuganj,,24.7242,91.9358,29066614B67412370427254
ADM4_FeniPaurashava,Feni Paurashava,,23.0091,91.387,29066614B52754664831840
ADM4_Fhaguradiar,Fhaguradiar,,24.3277,88.9866,29066614B15485488415621
ADM4_Fingri,Fingri,,22.6296,89.1092,29066614B3601282493589
ADM4_Forhadabad,Forhadabad,,22.5955,91.7444,29066614B37814122408320
ADM4_Fukura,Fukura,,23.1547,89.7672,29066614B23304313619498
ADM4_Fukurhati,Fukurhati,,23.9251,90.0204,29066614B8823294981658
ADM4_Fulbari_083216,Fulbari,,24.8632,89.5452,29066614B37480659083216
ADM4_Fulbari_151908,Fulbari,,25.1577,89.4025,29066614B41094040151908
ADM4_Fulbari_550726,Fulbari,,24.8458,91.9612,29066614B68561802550726
ADM4_Fulbaria_527337,Fulbaria,,24.1847,90.2964,29066614B4574963527337
ADM4_Fulbaria_239940,Fulbaria,,23.9189,89.0142,29066614B39065713239940
ADM4_Fulbaria_335580,Fulbaria,,24.6324,90.3052,29066614B6753670335580
ADM4_FulbariaPaurashava,Fulbaria Paurashava,,24.6349,90.2717,29066614B66620350981059
ADM4_Fulchhari,Fulchhari,,25.1575,89.6339,29066614B36592690665181
ADM4_Fulgazi,Fulgazi,,23.1499,91.4224,29066614B77721742961700
ADM4_Fulhari,Fulhari,,23.6346,89.1697,29066614B71211526185338
ADM4_Fulki,Fulki,,24.2739,90.0078,29066614B12125732723836
ADM4_Fulkocha,Fulkocha,,24.9136,89.823,29066614B52118426173946
ADM4_Fultala,Fultala,,24.4295,92.1345,29066614B89571225089922
ADM4_Fursandi,Fursandi,,23.4722,89.2808,29066614B68683959601763
ADM4_GMHat,G.M.Hat,,23.0845,91.4579,29066614B618978926629
ADM4_GabhaRamchandrapur,Gabha Ramchandrapur,,22.755,90.2007,29066614B74445692409894
ADM4_GabkhanDhansiri,Gabkhan Dhansiri,,22.6254,90.1641,29066614B77253467720671
ADM4_Gabsara,Gabsara,,24.4884,89.7913,29066614B34472282797115
ADM4_Gabtali,Gabtali,,24.8595,89.4473,29066614B17469494627744
ADM4_GabtaliPaurashava,Gabtali Paurashava,,24.8705,89.4493,29066614B14138944795102
ADM4_Gabura,Gabura,,22.2538,89.2775,29066614B36291105893897
ADM4_Gachha,Gachha,,23.9475,90.3772,29066614B39325651468379
ADM4_Gachhua_683677,Gachhua,,22.958,90.4267,29066614B42476138683677
ADM4_Gachhua_440260,Gachhua,,22.552,91.4786,29066614B43124839440260
ADM4_Gadaipur,Gadaipur,,22.6166,89.3137,29066614B15143429810376
ADM4_Gadkhali,Gadkhali,,23.0949,89.0559,29066614B15743585538310
ADM4_Gaffargaon,Gaffargaon,,24.419,90.5623,29066614B72351881645796
ADM4_GaffargaonPaurashava,Gaffargaon Paurashava,,24.4565,90.5448,29066614B30165709596737
ADM4_Gaglajur,Gaglajur,,24.8067,91.0825,29066614B28687559120592
ADM4_Gahira,Gahira,,22.5219,91.8612,29066614B68877675228982
ADM4_Gaibandha,Gaibandha,,25.087,89.867,29066614B54757057762329
ADM4_Gaila,Gaila,,22.9556,90.1722,29066614B13208951254421
ADM4_Gainda,Gainda,,22.3611,92.2374,29066614B88399841889119
ADM4_Gajaghanta,Gajaghanta,,25.8434,89.2787,29066614B76726906429373
ADM4_Gajalia,Gajalia,,21.859,92.2084,29066614B26173777058965
ADM4_Gajna,Gajna,,23.5698,89.6282,29066614B15122077701362
ADM4_Gajra,Gajra,,23.4052,90.639,29066614B61629211148242
ADM4_Gala_102230,Gala,,23.7794,89.9255,29066614B32609126102230
ADM4_Gala_157018,Gala,,24.2957,89.9148,29066614B61982308157018
ADM4_Gala_541033,Gala,,24.0948,89.6693,29066614B15746196541033
ADM4_Galachipa,Galachipa,,22.1194,90.4128,29066614B55244369981870
ADM4_Galagaon,Galagaon,,24.8779,90.4686,29066614B87657256808625
ADM4_Galiara,Galiara,,23.4118,91.2515,29066614B98438366595413
ADM4_Galimpur_579662,Galimpur,,23.3232,91.0559,29066614B48765230579662
ADM4_Galimpur_504819,Galimpur,,23.6308,90.1899,29066614B74354323504819
ADM4_GallaiuttarGallaiUnion,Gallai (uttar Gallai Union),,23.4306,90.9053,29066614B4339383119926
ADM4_Galua,Galua,,22.5156,90.1111,29066614B26511699056696
ADM4_Gamaritala,Gamaritala,,25.111,90.562,29066614B6564119511863
ADM4_Ganapaddi,Ganapaddi,,24.9928,90.1435,29066614B15565981598123
ADM4_Ganda,Ganda,,24.6802,90.7203,29066614B34481440653853
ADM4_Gandail,Gandail,,24.6171,89.629,29066614B21119783475401
ADM4_Gandamara,Gandamara,,21.9691,91.9045,29066614B68204995792026
ADM4_Ganeshpur,Ganeshpur,,24.795,88.7322,29066614B38969480346346
ADM4_Gangachara,Gangachara,,25.848,89.2271,29066614B93754965427628
ADM4_Gangail,Gangail,,24.5982,90.7604,29066614B77988026281497
ADM4_Ganganandapur,Ganganandapur,,23.1745,89.0195,29066614B89012259810821
ADM4_Gangapur,Gangapur,,22.5248,90.6294,29066614B37226450487661
ADM4_Gangarampur_052932,Gangarampur,,22.6744,89.5096,29066614B90945521052932
ADM4_Gangarampur_472282,Gangarampur,,23.2881,89.4501,29066614B27536832472282
ADM4_Gangni_760776,Gangni,,22.8821,89.7232,29066614B8358135760776
ADM4_Gangni_948231,Gangni,,23.7494,88.8326,29066614B58983580948231
ADM4_GangniPaurashava,Gangni Paurashava,,23.8204,88.7496,29066614B62859187704127
ADM4_Ganguria,Ganguria,,25.0425,88.5195,29066614B52342928924150
ADM4_Gangutia,Gangutia,,23.9362,90.0798,29066614B3342040797903
ADM4_Ganipur,Ganipur,,24.5436,88.747,29066614B66810419206673
ADM4_Ganna,Ganna,,23.4873,89.0761,29066614B40696472975189
ADM4_Gaodia,Gaodia,,23.4565,90.3646,29066614B3457655457789
ADM4_Gaokandia,Gaokandia,,25.0686,90.624,29066614B29197501731258
ADM4_Gaola,Gaola,,22.835,89.7445,29066614B99130239693728
ADM4_Garadaha,Garadaha,,24.2334,89.5813,29066614B70768127880423
ADM4_Garadoba,Garadoba,,24.71,90.7426,29066614B56779923773493
ADM4_Garagram,Garagram,,25.8991,89.0812,29066614B3095488381828
ADM4_Garduara,Garduara,,22.4947,91.8631,29066614B50522683084969
ADM4_Gareya,Gareya,,26.0486,88.573,29066614B67491969731253
ADM4_Gargari,Gargari,,24.1475,88.8415,29066614B83834845459716
ADM4_GariberChar,Gariber Char,,23.1338,90.5219,29066614B8171625865259
ADM4_Garidaha,Garidaha,,24.6949,89.4159,29066614B3260880351760
ADM4_Garinabari,Garinabari,,26.3328,88.471,29066614B6753845222430
ADM4_Garjania,Garjania,,21.4836,92.1678,29066614B16667158361332
ADM4_Garjaripa,Garjaripa,,25.1014,90.0187,29066614B40883304314720
ADM4_Garmora,Garmora,,23.6607,90.8192,29066614B47209709724030
ADM4_Garpara,Garpara,,23.9045,89.974,29066614B69719223394031
ADM4_Garuikhali,Garuikhali,,22.4969,89.3782,29066614B21371307488868
ADM4_Garuria,Garuria,,22.5655,90.3759,29066614B32188098544974
ADM4_Gatti,Gatti,,23.473,89.8131,29066614B20491339310532
ADM4_Gaurambha,Gaurambha,,22.6369,89.5716,29066614B978079683361
ADM4_Gaurichanna,Gaurichanna,,22.1868,90.1261,29066614B64797061285802
ADM4_Gaurighona,Gaurighona,,22.8558,89.3248,29066614B61295316958686
ADM4_Gaurigram,Gaurigram,,24.0156,89.5341,29066614B86541456055939
ADM4_Gauripur_718698,Gauripur,,22.4711,90.0982,29066614B17084159718698
ADM4_Gauripur_400862,Gauripur,,23.5357,90.7815,29066614B48702629400862
ADM4_Gauripur_389892,Gauripur,,24.7734,90.5678,29066614B37564242389892
ADM4_Gauripur_541699,Gauripur,,25.1584,90.0953,29066614B98173518541699
ADM4_GauripurPaurashava,Gauripur Paurashava,,24.7603,90.5707,29066614B32899669622039
ADM4_Gayabari,Gayabari,,26.1774,88.9813,29066614B95977288729074
ADM4_Gayeshpur_141463,Gayeshpur,,23.6365,89.3786,29066614B15796929141463
ADM4_Gayeshpur_446574,Gayeshpur,,24.0321,89.3053,29066614B73163513446574
ADM4_Gayhata,Gayhata,,24.0707,89.8459,29066614B16580713144150
ADM4_Gazalia_592897,Gazalia,,22.2379,90.4144,29066614B5994251592897
ADM4_Gazalia_902093,Gazalia,,22.7321,89.8788,29066614B60525103902093
ADM4_Gazaria_879971,Gazaria,,24.1293,90.9519,29066614B81010032879971
ADM4_Gazaria_783736,Gazaria,,23.5412,90.5932,29066614B67328544783736
ADM4_Gazaria_121889,Gazaria,,23.9668,90.698,29066614B59769152121889
ADM4_Gazaria_167819,Gazaria,,24.2997,90.1656,29066614B88566647167819
ADM4_Gazaria_649922,Gazaria,,25.2124,89.6025,29066614B22549105649922
ADM4_Gazipur_245037,Gazipur,,23.1212,90.6439,29066614B34077930245037
ADM4_Gazipur_356182,Gazipur,,24.2706,90.3445,29066614B43281648356182
ADM4_Gazipur_488430,Gazipur,,24.6383,91.0802,29066614B60249967488430
ADM4_Gazipur_076063,Gazipur,,24.1153,91.5852,29066614B65818609076063
ADM4_GazipurPaurashava,Gazipur Paurashava,,23.9948,90.4273,29066614B46598606758760
ADM4_GazirBhita,Gazir Bhita,,25.1381,90.403,29066614B37360739331808
ADM4_GazirChar,Gazir Char,,24.1912,90.9392,29066614B14122208958495
ADM4_GazirHat,Gazir Hat,,22.9543,89.5852,29066614B28226051543004
ADM4_Gazirtek,Gazirtek,,23.5765,89.9293,29066614B58101846574101
ADM4_Gaznapur,Gaznapur,,24.4883,91.595,29066614B69375941531065
ADM4_Gedura,Gedura,,25.9579,88.1527,29066614B74774877933431
ADM4_Ghagar,Ghagar,,22.9885,90.0053,29066614B5685710265915
ADM4_Ghagoa,Ghagoa,,25.3625,89.5889,29066614B64311404300951
ADM4_Ghagotia,Ghagotia,,24.1492,90.6654,29066614B9813708268177
ADM4_Ghagra_384294,Ghagra,,22.643,92.0495,29066614B95840800384294
ADM4_Ghagra_062669,Ghagra,,24.3958,91.111,29066614B81988211062669
ADM4_Ghagra_325382,Ghagra,,24.6975,90.3715,29066614B51229100325382
ADM4_Ghagra_203517,Ghagra,,25.0095,90.5808,29066614B37153669203517
ADM4_Ghagutia,Ghagutia,,23.7099,90.7925,29066614B38356305874257
ADM4_Ghalangya,Ghalangya,,21.9712,92.3494,29066614B35895202238781
ADM4_Ghandung,Ghandung,,21.2985,92.1843,29066614B65189755446225
ADM4_Gharialdanga,Gharialdanga,,25.7969,89.4821,29066614B38112635845186
ADM4_Gharinda,Gharinda,,24.266,89.9563,29066614B17690784214240
ADM4_Gharisar,Gharisar,,23.3061,90.4824,29066614B37344713944600
ADM4_Gharjan,Gharjan,,24.1435,89.7582,29066614B40793291925140
ADM4_Gharua,Gharua,,23.3386,90.0185,29066614B72140566609316
ADM4_Ghasigram,Ghasigram,,24.5911,88.6128,29066614B89947058064166
ADM4_Ghatail,Ghatail,,24.5017,89.9666,29066614B24665351437727
ADM4_GhatailPaurashava,Ghatail Paurashava,,24.4826,89.9744,29066614B14873629308955
ADM4_Ghatbhogh,Ghatbhogh,,22.8399,89.673,29066614B11922418238455
ADM4_Ghatmajhi,Ghatmajhi,,23.1459,90.1782,29066614B97833554900611
ADM4_Ghatnagar,Ghatnagar,,24.9751,88.5641,29066614B34725332575613
ADM4_GhazirKhamar,Ghazir Khamar,,25.0583,90.0826,29066614B67272196643717
ADM4_GhilaChhari_978572,Ghila Chhari,,22.753,92.0329,29066614B65878913978572
ADM4_GhilaChhari_597533,Ghila Chhari,,22.3903,92.2953,29066614B19622438597533
ADM4_Ghior,Ghior,,23.8904,89.8753,29066614B36612455515569
ADM4_Ghoga,Ghoga,,24.7181,90.1542,29066614B1223218199340
ADM4_Ghogadaha,Ghogadaha,,25.8461,89.7236,29066614B34517878762039
ADM4_Gholpasha,Gholpasha,,23.2758,91.2929,29066614B8555928756716
ADM4_Ghona,Ghona,,22.7181,88.9726,29066614B91101930974880
ADM4_Ghoradhap,Ghoradhap,,24.811,90.1298,29066614B89501346460417
ADM4_Ghoraghat,Ghoraghat,,25.2471,89.2171,29066614B76557913893444
ADM4_Ghorapakhia,Ghorapakhia,,24.5999,88.1904,29066614B13451610041225
ADM4_GhorashalPaurashava,Ghorashal Paurashava,,23.9487,90.6328,29066614B22033717978952
ADM4_Ghorshal,Ghorshal,,23.4665,89.2401,29066614B57259210599812
ADM4_Ghoshbagh,Ghoshbagh,,22.7825,91.1958,29066614B16345308651362
ADM4_GhosherPara,Ghosher Para,,24.8792,89.8202,29066614B28874364731790
ADM4_Ghoshgaon,Ghoshgaon,,25.142,90.4953,29066614B70644250652169
ADM4_Ghoshnagar,Ghoshnagar,,25.0295,88.8174,29066614B395434012829
ADM4_Ghoshpur,Ghoshpur,,23.4564,89.6317,29066614B57535152150364
ADM4_Ghuridaha,Ghuridaha,,25.1144,89.5638,29066614B77973251958526
ADM4_Ghurka,Ghurka,,24.4651,89.5135,29066614B96285607997061
ADM4_Giasnagar,Giasnagar,,24.4262,91.7448,29066614B4210506871375
ADM4_Gidari,Gidari,,25.3679,89.6119,29066614B80838231660790
ADM4_Gilachhara,Gilachhara,,24.6803,91.9927,29066614B24349498210422
ADM4_Goala,Goala,,25.0998,88.4995,29066614B26813390517805
ADM4_GoalandaghatPaurashava,Goalandaghat Paurashava,,23.7339,89.7348,29066614B97808121242746
ADM4_Goalbari,Goalbari,,24.5356,92.1767,29066614B94216893626138
ADM4_Goaldihi,Goaldihi,,25.8161,88.8034,29066614B73851962830140
ADM4_GoalerChar,Goaler Char,,25.1143,89.8336,29066614B99697091395808
ADM4_Goalkandi,Goalkandi,,24.5401,88.8616,29066614B85512703636598
ADM4_Goalmari,Goalmari,,23.4943,90.73,29066614B55556984897236
ADM4_Goalnagar,Goalnagar,,24.2326,91.1413,29066614B33207810592271
ADM4_GobariaAbdullahpur,Gobaria Abdullahpur,,24.1753,90.845,29066614B2787744610105
ADM4_GobindaPara,Gobinda Para,,24.6498,88.7318,29066614B3435696339017
ADM4_Gobindapur_650480,Gobindapur,,22.8544,90.6261,29066614B19234009650480
ADM4_Gobindapur_020667,Gobindapur,,23.202,91.0986,29066614B90255187020667
ADM4_Gobindapur_193253,Gobindapur,,23.6031,90.712,29066614B89617254193253
ADM4_Gobindapur_639355,Gobindapur,,23.2848,89.8354,29066614B86212290639355
ADM4_Gobindapur_941212,Gobindapur,,24.4697,90.6963,29066614B65663692941212
ADM4_Gobindapur_683960,Gobindapur,,24.8421,89.1139,29066614B95319853683960
ADM4_Gobindasi,Gobindasi,,24.4421,89.8365,29066614B98068863009834
ADM4_Gobindasree,Gobindasree,,24.6984,91.0131,29066614B40636087283165
ADM4_Gobra,Gobra,,22.9556,89.8207,29066614B39427743810766
ADM4_Gobratala,Gobratala,,24.6788,88.2995,29066614B94145603996075
ADM4_Godagari,Godagari,,24.4839,88.3762,29066614B89861117369777
ADM4_GodagariPaurashava,Godagari Paurashava,,24.4735,88.3303,29066614B95847373177875
ADM4_Goddimari,Goddimari,,26.1776,89.0813,29066614B31240025851197
ADM4_Goga,Goga,,22.9631,88.9003,29066614B35294705447063
ADM4_Gognagar,Gognagar,,23.5843,90.5008,29066614B41334209867770
ADM4_Gogram,Gogram,,24.4439,88.44,29066614B64943204781172
ADM4_Gohail,Gohail,,24.7169,89.3067,29066614B19614727552116
ADM4_Gohala,Gohala,,23.2444,89.9836,29066614B27758148782366
ADM4_Gohalakanda,Gohalakanda,,24.8441,90.5919,29066614B72177978412885
ADM4_Gohalbari,Gohalbari,,24.9021,88.1973,29066614B98306832486342
ADM4_Gohaliabari,Gohaliabari,,24.3728,89.7993,29066614B99132462787095
ADM4_Gokarna,Gokarna,,24.1299,91.1909,29066614B34723880486706
ADM4_Gokul,Gokul,,24.9315,89.3387,29066614B7590186986762
ADM4_Gokunda,Gokunda,,25.822,89.4465,29066614B30833735220868
ADM4_Golabari_259041,Golabari,,23.1009,92.0335,29066614B22400597259041
ADM4_Golabari_690749,Golabari,,24.6137,89.9815,29066614B78674744690749
ADM4_Golabganj,Golabganj,,24.8737,92.0487,29066614B71065592824449
ADM4_Golakandail,Golakandail,,23.7894,90.5738,29066614B5259787681504
ADM4_Golapganj,Golapganj,,25.4395,89.0481,29066614B58371175722908
ADM4_GolapganjPaurashava,Golapganj Paurashava,,24.8509,92.0248,29066614B44417311754184
ADM4_Golkhali,Golkhali,,22.1611,90.3744,29066614B26704585464356
ADM4_Golmunda,Golmunda,,26.0451,89.063,29066614B96507552774775
ADM4_Golna,Golna,,26.0831,88.9398,29066614B51398345713763
ADM4_Gomastapur,Gomastapur,,24.7743,88.2982,29066614B14820860634205
ADM4_Gomnati,Gomnati,,26.2041,88.8512,29066614B54696614775024
ADM4_Gona,Gona,,24.7002,88.9514,29066614B29554294549111
ADM4_Gopagram,Gopagram,,23.8584,89.3045,29066614B18134185652409
ADM4_Gopal,Gopal,,22.9371,91.5165,29066614B20010193795966
ADM4_GopalganjPaurashava,Gopalganj Paurashava,,22.9983,89.8207,29066614B77440523707771
ADM4_Gopalgram,Gopalgram,,23.3863,89.4831,29066614B33238568047568
ADM4_Gopalnagar,Gopalnagar,,24.592,89.5802,29066614B31804180184173
ADM4_Gopalpur_449453,Gopalpur,,22.9674,91.0559,29066614B43391375449453
ADM4_Gopalpur_041712,Gopalpur,,23.282,89.6769,29066614B27215873041712
ADM4_Gopalpur_541006,Gopalpur,,22.9618,89.9106,29066614B64902066541006
ADM4_Gopalpur_539733,Gopalpur,,23.0737,90.1966,29066614B60871761539733
ADM4_Gopalpur_064780,Gopalpur,,22.6244,89.8977,29066614B26465645064780
ADM4_Gopalpur_651433,Gopalpur,,24.1914,89.1305,29066614B18721524651433
ADM4_Gopalpur_196171,Gopalpur,,25.6945,89.1348,29066614B23489895196171
ADM4_Gopalpur_279430,Gopalpur,,25.5248,89.2089,29066614B13804582279430
ADM4_GopalpurLalpurPaurashav,Gopalpur (Lalpur) Paurashav,,24.2142,89.0085,29066614B7717523784559
ADM4_GopalpurPaurashava,Gopalpur Paurashava,,24.5539,89.9316,29066614B58900844981906
ADM4_Gopaya,Gopaya,,24.3413,91.4215,29066614B74059638096928
ADM4_Gopedighi,Gopedighi,,24.4484,91.0406,29066614B37121864712733
ADM4_Gopinathpur_564853,Gopinathpur,,23.7713,91.1993,29066614B47120194564853
ADM4_Gopinathpur_722570,Gopinathpur,,23.1125,89.7671,29066614B94704952722570
ADM4_Gopinathpur_208902,Gopinathpur,,23.7407,89.9078,29066614B45782398208902
ADM4_Gopinathpur_284185,Gopinathpur,,24.9514,89.0702,29066614B53355382284185
ADM4_Gopinathpur_675112,Gopinathpur,,25.7111,88.9596,29066614B14068446675112
ADM4_Gorai,Gorai,,24.0858,90.1467,29066614B51203407016767
ADM4_Goral,Goral,,26.0056,89.3299,29066614B30304645058970
ADM4_Gorgram,Gorgram,,25.9906,88.7672,29066614B26944329952219
ADM4_Gosainbari,Gosainbari,,24.7218,89.593,29066614B79846087678827
ADM4_Gosaipur,Gosaipur,,25.1386,89.9782,29066614B64476498562896
ADM4_Gosairhat,Gosairhat,,23.0817,90.4567,29066614B82448949098109
ADM4_GosindDurgapur,Gosind Durgapur,,23.7576,89.0203,29066614B77072147629870
ADM4_Gosinga,Gosinga,,24.1736,90.5174,29066614B21452525226361
ADM4_GotaPara,Gota Para,,22.6914,89.8208,29066614B34701971654258
ADM4_Gotamari,Gotamari,,26.0983,89.2279,29066614B62647997766092
ADM4_Gotashia,Gotashia,,24.1104,90.7626,29066614B15181646907515
ADM4_GoulaBazar,Goula Bazar,,24.6948,91.724,29066614B21864647787606
ADM4_Gourararang,Gourararang,,25.0406,91.3259,29066614B693998956623
ADM4_Gourdwar,Gourdwar,,24.9674,90.2046,29066614B31629314192322
ADM4_Greda,Greda,,23.5496,89.8587,29066614B69582068128474
ADM4_Guabaria,Guabaria,,22.931,90.4592,29066614B82310672263535
ADM4_Guagachhia,Guagachhia,,23.5073,90.6773,29066614B3932094314680
ADM4_Guarekha,Guarekha,,22.6839,90.0385,29066614B83784306218306
ADM4_Guatala,Guatala,,25.0419,90.5106,29066614B67987123279705
ADM4_Gujadia,Gujadia,,24.5045,90.8601,29066614B79695870740897
ADM4_Gulisakhali,Gulisakhali,,22.2207,90.2569,29066614B20134632457336
ADM4_Gulishakhali,Gulishakhali,,22.2372,89.9902,29066614B37695036908325
ADM4_Gulshakhali,Gulshakhali,,22.9979,92.2809,29066614B43643969840475
ADM4_GumanMardan,Guman Mardan,,22.5633,91.8198,29066614B25772177387728
ADM4_Gumaniganj,Gumaniganj,,25.1249,89.3422,29066614B95062000410377
ADM4_Gumti,Gumti,,23.1394,91.8575,29066614B33627824112763
ADM4_Gunabati,Gunabati,,23.0912,91.2994,29066614B33799292999976
ADM4_Gunahar,Gunahar,,24.8929,89.1185,29066614B70131455567685
ADM4_Gunaigachh,Gunaigachh,,25.6334,89.5825,29066614B21010914522539
ADM4_Gunaigachha,Gunaigachha,,24.2272,89.3207,29066614B7709658443557
ADM4_Gunaritala,Gunaritala,,24.8997,89.7526,29066614B7968088200163
ADM4_Gunbaha,Gunbaha,,23.3776,89.6576,29066614B95424488567471
ADM4_Gundhar,Gundhar,,24.4184,90.9319,29066614B97423920597770
ADM4_Guniak,Guniak,,24.1652,91.2542,29066614B31835710776752
ADM4_Gurai,Gurai,,24.2842,90.9699,29066614B41047539445001
ADM4_GurudaspurPaurashava,Gurudaspur Paurashava,,24.3719,89.2398,29066614B87964000650514
ADM4_Guthia,Guthia,,22.7867,90.2326,29066614B24370988525610
ADM4_Gutudia,Gutudia,,22.8227,89.4797,29066614B52234307364379
ADM4_Habakhali,Habakhali,,23.2523,89.4957,29066614B1302872896130
ADM4_Habaspur,Habaspur,,23.8367,89.4346,29066614B29002706651471
ADM4_Habibpur,Habibpur,,24.7134,91.3109,29066614B86907603258199
ADM4_HabibullaNagar,Habibulla Nagar,,24.1777,89.6203,29066614B70932991135721
ADM4_HabiganjPaurashava,Habiganj Paurashava,,24.382,91.4135,29066614B82891820574658
ADM4_HabilasDwip,Habilas Dwip,,22.3307,91.9204,29066614B86146983352827
ADM4_Habirbari,Habirbari,,24.3193,90.3822,29066614B60481900032171
ADM4_Habla,Habla,,24.1902,90.0074,29066614B41615959552721
ADM4_Habra,Habra,,25.5754,88.9177,29066614B44108646706772
ADM4_Hadal,Hadal,,24.1227,89.4061,29066614B34936880540623
ADM4_Hadira,Hadira,,24.6296,89.9095,29066614B79342204949030
ADM4_Hafizabad,Hafizabad,,26.3828,88.6074,29066614B13207592654412
ADM4_Haibatpur,Haibatpur,,23.2679,89.1712,29066614B65568412174016
ADM4_Haidgaon,Haidgaon,,22.3081,92.05,29066614B18482381250498
ADM4_Haildhar,Haildhar,,22.2045,91.9364,29066614B38551909347217
ADM4_HaimChar,Haim Char,,23.0598,90.6068,29066614B5908367001947
ADM4_Hairmara,Hairmara,,23.9223,90.8112,29066614B78557531575948
ADM4_Haitkandi,Haitkandi,,22.6992,91.5856,29066614B50390192926052
ADM4_Haizadi,Haizadi,,23.7499,90.6492,29066614B1943514307966
ADM4_Hajiganj,Hajiganj,,23.265,90.8253,29066614B72293835493364
ADM4_HajiganjPaurashava,Hajiganj Paurashava,,23.2558,90.8477,29066614B90695326793148
ADM4_Hajinagar,Hajinagar,,24.9029,88.5391,29066614B15286590223104
ADM4_Hajipur_961540,Hajipur,,22.5731,90.8576,29066614B59945237961540
ADM4_Hajipur_546988,Hajipur,,22.9302,91.1401,29066614B21962937546988
ADM4_Hajipur_516256,Hajipur,,23.9272,90.744,29066614B32585950516256
ADM4_Hajipur_773946,Hajipur,,25.8341,88.2966,29066614B22804192773946
ADM4_Hajipur_169018,Hajipur,,24.4165,91.939,29066614B34856660169018
ADM4_HajirPara,Hajir Para,,22.94,90.9492,29066614B69992498480049
ADM4_Hajirbagh,Hajirbagh,,22.9912,89.0347,29066614B66561637550826
ADM4_Hajirhat_196745,Hajirhat,,22.2339,90.9757,29066614B25620599196745
ADM4_Hajirhat_113470,Hajirhat,,22.7364,90.886,29066614B19915251113470
ADM4_Hakimpur_569154,Hakimpur,,23.3373,89.0397,29066614B90560329569154
ADM4_Hakimpur_135961,Hakimpur,,23.6985,89.303,29066614B47189436135961
ADM4_Haladia,Haladia,,22.6057,91.9182,29066614B72122144360638
ADM4_Haldia_365115,Haldia,,22.1122,90.2985,29066614B45663644365115
ADM4_Haldia_096300,Haldia,,23.4852,90.296,29066614B42030007096300
ADM4_Haldia_871177,Haldia,,25.0738,89.6167,29066614B17903459871177
ADM4_HaldiaPalong,Haldia Palong,,21.3098,92.1221,29066614B95166521440776
ADM4_Haldipur,Haldipur,,24.7455,91.4865,29066614B11769092498016
ADM4_Halidhani,Halidhani,,23.5521,89.0757,29066614B84495485424942
ADM4_Halimpur,Halimpur,,24.2507,90.8857,29066614B53682654845437
ADM4_Halsa,Halsa,,24.3891,89.0709,29066614B7659214647752
ADM4_Haluaghat,Haluaghat,,25.1291,90.3561,29066614B11147807419412
ADM4_Hamidpur_980426,Hamidpur,,22.9882,89.5969,29066614B42607133980426
ADM4_Hamidpur_759337,Hamidpur,,25.5533,88.9823,29066614B24997819759337
ADM4_HamirKutsha,Hamir Kutsha,,24.5569,88.9007,29066614B57430924243378
ADM4_Hamirdi,Hamirdi,,23.4126,89.9547,29066614B50994464574646
ADM4_HanarChar,Hanar Char,,23.1589,90.6468,29066614B5598794142951
ADM4_Handial,Handial,,24.3241,89.3485,29066614B94894065604394
ADM4_Hapania,Hapania,,24.835,88.8939,29066614B19572710704178
ADM4_Hapchhari,Hapchhari,,22.9299,91.9106,29066614B65012871729353
ADM4_Haragachh,Haragachh,,25.7958,89.363,29066614B52478448786166
ADM4_Haragram,Haragram,,24.4031,88.5685,29066614B56284273050975
ADM4_Haramia,Haramia,,22.5088,91.4911,29066614B34431879437670
ADM4_Harashpur,Harashpur,,24.0292,91.2804,29066614B25965311383935
ADM4_Harati,Harati,,25.8698,89.4113,29066614B65118633711857
ADM4_Harbang,Harbang,,21.8755,92.0382,29066614B38812839039550
ADM4_Hardi,Hardi,,23.8055,88.8917,29066614B8260458414839
ADM4_Hargaz,Hargaz,,23.9522,90.0097,29066614B1013865364222
ADM4_Harian,Harian,,24.3354,88.6168,29066614B18460774287767
ADM4_Hariarkuti,Hariarkuti,,25.7679,89.0775,29066614B5445976937030
ADM4_Haribhasa,Haribhasa,,26.3876,88.655,29066614B1836952303612
ADM4_HaridasdiMahendradi,Haridasdi Mahendradi,,23.2699,90.0534,29066614B1639517554145
ADM4_Haridaskati,Haridaskati,,23.0355,89.295,29066614B89560610030693
ADM4_Haridaspur,Haridaspur,,23.0487,89.812,29066614B23382040696527
ADM4_Haridebpur,Haridebpur,,25.7893,89.1522,29066614B6029955444224
ADM4_Haridhali,Haridhali,,22.6782,89.2839,29066614B16418335497176
ADM4_Hariharnagar,Hariharnagar,,23.0153,89.1039,29066614B5347467826855
ADM4_HarinakundaPaurashava,Harinakunda Paurashava,,23.6435,89.057,29066614B92074905787184
ADM4_Harinarayanpur,Harinarayanpur,,23.7497,89.1392,29066614B93207164843758
ADM4_Harinathpur_462110,Harinathpur,,23.0079,90.5084,29066614B26021079462110
ADM4_Harinathpur_721567,Harinathpur,,25.222,89.5042,29066614B6663852721567
ADM4_Harinchara,Harinchara,,26.0653,88.8458,29066614B9731659699338
ADM4_Haripur_707120,Haripur,,24.1131,91.2572,29066614B8613113707120
ADM4_Haripur_113958,Haripur,,24.255,89.2584,29066614B62511934113958
ADM4_Haripur_023095,Haripur,,24.355,88.5257,29066614B21950755023095
ADM4_Haripur_067471,Haripur,,25.5383,89.6275,29066614B77287244067471
ADM4_Haripur_216198,Haripur,,25.8119,88.1452,29066614B19821618216198
ADM4_Harirampur_115448,Harirampur,,24.5081,90.4268,29066614B61856940115448
ADM4_Harirampur_153585,Harirampur,,25.5727,89.042,29066614B70778899153585
ADM4_Harirampur_867815,Harirampur,,25.191,89.4767,29066614B98494925867815
ADM4_HarirampurPart,Harirampur (Part),,23.8599,90.3666,29066614B30733148378014
ADM4_Harishankarpur,Harishankarpur,,23.5643,89.288,29066614B29219415633117
ADM4_Harispur,Harispur,,22.5249,91.4234,29066614B93106151261119
ADM4_Harni,Harni,,22.4333,91.0134,29066614B13982160183137
ADM4_Harta,Harta,,22.8655,90.098,29066614B53057353377843
ADM4_Harukandi,Harukandi,,23.7194,90.006,29066614B45061117842486
ADM4_Harwalchhari,Harwalchhari,,22.7094,91.7133,29066614B49297688928927
ADM4_HasailBanari,Hasail Banari,,23.4236,90.4334,29066614B26481354746364
ADM4_Hasara,Hasara,,23.5933,90.2909,29066614B39145129715809
ADM4_Hashaighari,Hashaighari,,24.7617,88.8294,29066614B94711059193798
ADM4_Hashimpur,Hashimpur,,22.2042,92.062,29066614B51171592700943
ADM4_Hasnabad_420188,Hasnabad,,23.1277,91.0073,29066614B2258547420188
ADM4_Hasnabad_694682,Hasnabad,,25.9188,89.676,29066614B89449467694682
ADM4_HassanNagar,Hassan Nagar,,22.4646,90.8035,29066614B63300889476210
ADM4_HatSherpur,Hat Sherpur,,24.9463,89.5797,29066614B79913056355844
ADM4_HatasHaripur,Hatas Haripur,,23.941,89.1443,29066614B53830063066610
ADM4_Hatebhanga,Hatebhanga,,25.2796,89.7697,29066614B81355873022336
ADM4_Hathazari,Hathazari,,22.5091,91.7958,29066614B50246457915925
ADM4_HatiPara,Hati Para,,23.7429,90.054,29066614B41922444446639
ADM4_Hatia,Hatia,,25.6826,89.6956,29066614B71199263794810
ADM4_Hatiandaha,Hatiandaha,,24.4426,89.1078,29066614B49869449345607
ADM4_Hatiara,Hatiara,,23.1664,89.8897,29066614B13969921927297
ADM4_Hatibandha,Hatibandha,,24.2193,90.1835,29066614B79355947684427
ADM4_HatibandhaMalijhikanda,Hatibandha Malijhikanda,,25.1255,90.0539,29066614B11784857674901
ADM4_Hatikumrul,Hatikumrul,,24.4058,89.5522,29066614B15033349648064
ADM4_HatilaPurba,Hatila Purba,,23.2826,90.8913,29066614B48972436319332
ADM4_HatiyaPaurashava,Hatiya Paurashava,,22.3328,91.1006,29066614B24360433740495
ADM4_HatkaluPara,Hatkalu Para,,24.6732,88.8543,29066614B50274189000375
ADM4_Hatkhali,Hatkhali,,23.8736,89.5343,29066614B27584767363912
ADM4_Hatkhola,Hatkhola,,24.9789,91.7988,29066614B1572184830102
ADM4_HatpukuriaGhatlabag,Hatpukuria Ghatlabag,,23.0426,90.9429,29066614B40052700930493
ADM4_Hatur,Hatur,,24.9725,88.6877,29066614B71279415001967
ADM4_HaturiaNakalia,Haturia Nakalia,,24.0355,89.6714,29066614B45497498182514
ADM4_Hazariganj,Hazariganj,,22.1027,90.7678,29066614B99388494977544
ADM4_Hazipur,Hazipur,,23.5355,89.3496,29066614B45280307154985
ADM4_Hazradanga,Hazradanga,,26.0464,88.6621,29066614B6766686286734
ADM4_Hazrapur,Hazrapur,,23.5006,89.3305,29066614B14939138036561
ADM4_Hazratpur,Hazratpur,,23.7456,90.2466,29066614B52258631895645
ADM4_Helatala,Helatala,,22.8841,89.0224,29066614B45222889534864
ADM4_Hemayetpur,Hemayetpur,,23.9959,89.1815,29066614B92880663920220
ADM4_Hemnagar,Hemnagar,,24.5527,89.858,29066614B69915410367892
ADM4_Hesakhal,Hesakhal,,23.163,91.1705,29066614B88747211251498
ADM4_Hilachia,Hilachia,,24.2412,90.9293,29066614B52699946853702
ADM4_Hinguli,Hinguli,,22.8994,91.5261,29066614B3970573604447
ADM4_Hiran,Hiran,,22.9974,89.955,29066614B32089862645209
ADM4_Hizla,Hizla,,22.8204,89.8844,29066614B98627013027723
ADM4_HizlaGaurabdi,Hizla Gaurabdi,,22.9463,90.561,29066614B91311089071580
ADM4_Hoanak,Hoanak,,21.567,91.8988,29066614B80460470453777
ADM4_Hogalbaria,Hogalbaria,,24.0382,88.8861,29066614B38470709421487
ADM4_Hogla,Hogla,,24.9928,90.5273,29066614B87608700582313
ADM4_HoglaPasha,Hogla Pasha,,22.5739,89.9426,29066614B45776913520520
ADM4_Hoglabunia,Hoglabunia,,22.4601,89.9066,29066614B57099891889514
ADM4_Holokhana,Holokhana,,25.8615,89.6276,29066614B17322465318825
ADM4_HomnaPaurashava,Homna Paurashava,,23.6789,90.7586,29066614B2471428981373
ADM4_HomnaUnion,Homna Union,,23.6669,90.7576,29066614B33513482393047
ADM4_Hosendi,Hosendi,,24.3066,90.6962,29066614B97737050676632
ADM4_Hosnabad_569830,Hosnabad,,22.3632,90.1661,29066614B25118430569830
ADM4_Hosnabad_693420,Hosnabad,,22.5037,92.1042,29066614B86259550693420
ADM4_HossainGaon,Hossain Gaon,,25.875,88.2199,29066614B63185565615743
ADM4_Hossaindi,Hossaindi,,23.5781,90.5864,29066614B3611765606249
ADM4_Hossainpur_372564,Hossainpur,,23.2601,90.0338,29066614B68573067372564
ADM4_Hossainpur_501546,Hossainpur,,25.2391,89.3292,29066614B36112960501546
ADM4_HossainpurPaurashava,Hossainpur Paurashava,,24.4327,90.65,29066614B91510410987641
ADM4_Howli,Howli,,23.5743,88.7884,29066614B61793983145477
ADM4_Hugra,Hugra,,24.2636,89.8182,29066614B41359218766443
ADM4_HujuriPara,Hujuri Para,,24.4486,88.5563,29066614B86673487607361
ADM4_Humaipur,Humaipur,,24.2585,91.0214,29066614B52949751819121
ADM4_Hurka,Hurka,,22.5555,89.616,29066614B13220102787796
ADM4_Ibrahimpur_233341,Ibrahimpur,,23.8364,90.9829,29066614B94306193233341
ADM4_Ibrahimpur_267443,Ibrahimpur,,23.2095,90.6434,29066614B5971851267443
ADM4_Ichhakhali,Ichhakhali,,22.7838,91.4777,29066614B31512725186103
ADM4_Ichhali,Ichhali,,23.2314,89.2552,29066614B33085590602578
ADM4_Ichhapur_688114,Ichhapur,,23.1115,90.8185,29066614B18281532688114
ADM4_Ichhapur_914180,Ichhapur,,23.558,90.3862,29066614B36080747914180
ADM4_Idgaon,Idgaon,,21.5379,92.0909,29066614B21982117159806
ADM4_Idgar,Idgar,,21.5638,92.1416,29066614B83108792373988
ADM4_Idilpur_697389,Idilpur,,23.0622,90.417,29066614B67794811697389
ADM4_Idilpur_218723,Idilpur,,25.3174,89.3747,29066614B36213569218723
ADM4_Ikri,Ikri,,22.4198,90.0001,29066614B76456330849795
ADM4_Illisha,Illisha,,22.7549,90.6339,29066614B90675109245626
ADM4_Iluhar,Iluhar,,22.7961,90.0903,29066614B18525693360325
ADM4_Imampur,Imampur,,23.5161,90.6135,29066614B76992639987737
ADM4_Inathganj,Inathganj,,24.6359,91.5674,29066614B55544285074938
ADM4_IsabPur,Isab Pur,,23.6602,91.0251,29066614B17419573374593
ADM4_Isabpur_249143,Isabpur,,25.0607,88.908,29066614B76906145249143
ADM4_Isabpur_464882,Isabpur,,25.7186,88.8333,29066614B13553127464882
ADM4_Ishakalas,Ishakalas,,25.0119,91.7125,29066614B98465164156810
ADM4_IshanGopalpur,Ishan Gopalpur,,23.6567,89.7685,29066614B20046750959680
ADM4_Ishania,Ishania,,25.8545,88.4843,29066614B72374912875519
ADM4_Ishwardi,Ishwardi,,24.1692,89.0091,29066614B7306152934312
ADM4_IshwardiPaurashava,Ishwardi Paurashava,,24.1283,89.0689,29066614B67319373377364
ADM4_Ishwarganj,Ishwarganj,,24.6759,90.6088,29066614B96772051045433
ADM4_IshwarganjPaurashava,Ishwarganj Paurashava,,24.6938,90.6006,29066614B86854509219771
ADM4_Ishwaripur,Ishwaripur,,22.2843,89.1217,29066614B19523383848702
ADM4_Isibpur,Isibpur,,23.2401,90.0861,29066614B5914782057991
ADM4_IslamPur,Islam Pur,,23.1648,90.3929,29066614B7821188584901
ADM4_Islamabad_445306,Islamabad,,23.4112,90.7191,29066614B23097488445306
ADM4_Islamabad_077450,Islamabad,,21.5708,92.0652,29066614B77840589077450
ADM4_Islamkati,Islamkati,,22.7557,89.2189,29066614B18983277367250
ADM4_Islampur_485134,Islampur,,22.5776,92.0707,29066614B49148298485134
ADM4_Islampur_470800,Islampur,,21.5919,92.0487,29066614B47433039470800
ADM4_Islampur_646628,Islampur,,23.7117,89.5576,29066614B55676508646628
ADM4_Islampur_230932,Islampur,,25.0482,89.7625,29066614B19195916230932
ADM4_Islampur_624666,Islampur,,24.5481,88.2572,29066614B87790643624666
ADM4_Islampur_137173,Islampur,,24.2164,91.8676,29066614B85627910137173
ADM4_IslampurPaschim,Islampur Paschim,,25.1108,91.7396,29066614B67296771337097
ADM4_IslampurPaurashava,Islampur Paurashava,,25.0845,89.7815,29066614B85717508524020
ADM4_IslampurPurba,Islampur Purba,,25.1271,91.7778,29066614B37083798033199
ADM4_Itabaria,Itabaria,,22.3831,90.285,29066614B83840224840253
ADM4_Itail,Itail,,24.8534,90.1696,29066614B2608049774166
ADM4_Itakhola,Itakhola,,25.9313,88.8798,29066614B3471608388865
ADM4_Itakumari,Itakumari,,25.7058,89.3896,29066614B94027836598652
ADM4_Italy,Italy,,24.5199,89.2282,29066614B97844730980873
ADM4_Itna_037703,Itna,,24.5409,91.0978,29066614B26102264037703
ADM4_Itna_406682,Itna,,23.1522,89.7152,29066614B68089784406682
ADM4_Jabarhat,Jabarhat,,25.76,88.3553,29066614B42057336666096
ADM4_Jadabpur_514640,Jadabpur,,24.0086,90.1175,29066614B82335637514640
ADM4_Jadabpur_331394,Jadabpur,,24.26,90.2039,29066614B48095529331394
ADM4_Jadabpur_960333,Jadabpur,,23.2594,88.8709,29066614B76732734960333
ADM4_JaduBoyra,Jadu Boyra,,23.8225,89.2235,29066614B27855425962100
ADM4_Jadunandi,Jadunandi,,23.358,89.7922,29066614B11952625219938
ADM4_JadurChar,Jadur Char,,25.4976,89.8165,29066614B79774289333455
ADM4_Jafarabad,Jafarabad,,24.4425,90.8432,29066614B74996933961271
ADM4_Jafarganj,Jafarganj,,23.5756,91.0303,29066614B21182838740957
ADM4_Jafarnagar,Jafarnagar,,22.583,91.8521,29066614B95097141110436
ADM4_Jagaddal,Jagaddal,,24.7912,91.4318,29066614B47690113369043
ADM4_Jagadishpur_539625,Jagadishpur,,23.2879,89.0813,29066614B97064633539625
ADM4_Jagadishpur_409548,Jagadishpur,,24.1549,91.3354,29066614B34757112409548
ADM4_JagannathDighi,Jagannath Dighi,,23.1236,91.3214,29066614B87547130926070
ADM4_Jagannathpur_526457,Jagannathpur,,23.4499,91.2292,29066614B61235873526457
ADM4_Jagannathpur_528260,Jagannathpur,,23.8818,89.2784,29066614B33052133528260
ADM4_Jagannathpur_561976,Jagannathpur,,26.0001,88.5111,29066614B27973040561976
ADM4_JagannathpurPaurashava,Jagannathpur Paurashava,,24.7679,91.564,29066614B84209152507354
ADM4_Jagatber,Jagatber,,26.3646,89.0637,29066614B46333342422506
ADM4_Jagati,Jagati,,23.869,89.0974,29066614B78669680328864
ADM4_Jagatpur,Jagatpur,,23.6071,90.7687,29066614B20254941432149
ADM4_Jagdal,Jagdal,,23.4195,89.4241,29066614B64774470813147
ADM4_Jagua,Jagua,,22.6948,90.2922,29066614B30002883385915
ADM4_Jahajmara,Jahajmara,,22.1364,91.0763,29066614B99860369053878
ADM4_Jahanabad,Jahanabad,,24.5512,88.687,29066614B81009532967559
ADM4_Jahangirnagar,Jahangirnagar,,25.1526,91.4065,29066614B95601009781513
ADM4_Jahangirpur,Jahangirpur,,24.4961,90.66,29066614B57110205955446
ADM4_Jahanpur_182425,Jahanpur,,22.0766,90.7323,29066614B32023586182425
ADM4_Jahanpur_376774,Jahanpur,,25.1104,88.9053,29066614B44358453376774
ADM4_Jahapur_749104,Jahapur,,23.6236,90.8883,29066614B44019750749104
ADM4_Jahapur_760804,Jahapur,,23.5157,89.7033,29066614B83832308760804
ADM4_Jaharpur,Jaharpur,,23.3322,89.257,29066614B308517089803
ADM4_Jahirabad,Jahirabad,,23.3668,90.6231,29066614B31081964223271
ADM4_Jaifarnagar,Jaifarnagar,,24.6064,92.0865,29066614B12788256201742
ADM4_Jaigir,Jaigir,,23.8868,90.0237,29066614B37211228572095
ADM4_Jailashkara,Jailashkara,,22.9826,91.3369,29066614B30457678590467
ADM4_Jainkati,Jainkati,,22.3315,90.378,29066614B73858076840291
ADM4_Jainsar,Jainsar,,23.5252,90.3773,29066614B36380272525020
ADM4_Jaintapur,Jaintapur,,25.1445,92.0891,29066614B78570075751272
ADM4_Jalabari,Jalabari,,22.7121,90.1204,29066614B55796842506223
ADM4_Jalalabad_752025,Jalalabad,,21.55,92.041,29066614B11910345752025
ADM4_Jalalabad_825820,Jalalabad,,23.11,89.7071,29066614B33803102825820
ADM4_Jalalabad_312164,Jalalabad,,24.9779,91.7456,29066614B72704798312164
ADM4_Jalalpur_138645,Jalalpur,,24.22,90.8018,29066614B30702501138645
ADM4_Jalalpur_105390,Jalalpur,,22.702,89.2635,29066614B57539237105390
ADM4_Jalalpur_030964,Jalalpur,,24.1913,89.6904,29066614B96064890030964
ADM4_Jalalpur_936179,Jalalpur,,24.791,91.8601,29066614B82318529936179
ADM4_Jalam,Jalam,,23.3666,90.9955,29066614B83659201693232
ADM4_JaliaPalong,Jalia Palong,,21.21,92.0738,29066614B55771504531612
ADM4_Jalirpar,Jalirpar,,23.2024,89.958,29066614B72479831715172
ADM4_Jalla,Jalla,,22.904,90.1425,29066614B98994364134493
ADM4_Jallabad,Jallabad,,22.8476,89.0835,29066614B6568329598727
ADM4_Jalma,Jalma,,22.7769,89.5272,29066614B51038209405738
ADM4_Jalsuka,Jalsuka,,24.558,91.3,29066614B28516132331050
ADM4_Jamal,Jamal,,23.426,89.2146,29066614B14415040856968
ADM4_Jamalganj,Jamalganj,,24.9786,91.1969,29066614B7186511447106
ADM4_Jamalpur_475041,Jamalpur,,23.9868,90.6003,29066614B58738155475041
ADM4_Jamalpur_824308,Jamalpur,,23.617,89.6223,29066614B90884117824308
ADM4_Jamalpur_142998,Jamalpur,,25.0569,89.036,29066614B17074059142998
ADM4_Jamalpur_997685,Jamalpur,,25.4058,89.4286,29066614B60741005997685
ADM4_Jamalpur_210572,Jamalpur,,25.9873,88.3819,29066614B2335857210572
ADM4_JamalpurPaurashava,Jamalpur Paurashava,,24.9164,89.9324,29066614B12147467625635
ADM4_Jambaria,Jambaria,,24.8417,88.221,29066614B38353628940409
ADM4_Jamdia,Jamdia,,23.1678,89.3918,29066614B279630102805
ADM4_Jamgaon,Jamgaon,,24.7559,89.2442,29066614B11165985128938
ADM4_Jamira,Jamira,,22.9387,89.4187,29066614B18660170023542
ADM4_Jamirta,Jamirta,,23.7805,90.2106,29066614B58240407736883
ADM4_Jamjami,Jamjami,,23.7035,88.9934,29066614B29967496152299
ADM4_Jamnagar,Jamnagar,,24.3277,88.887,29066614B23061763817004
ADM4_Jampur,Jampur,,23.7433,90.5931,29066614B81661898406858
ADM4_Jamsha,Jamsha,,23.7461,90.0978,29066614B81623096480954
ADM4_Jamtail,Jamtail,,24.3663,89.6539,29066614B22122902688483
ADM4_Jamuria,Jamuria,,24.4652,89.9584,29066614B63141466241866
ADM4_Jamurki,Jamurki,,24.1291,90.026,29066614B84947978844209
ADM4_Jangal,Jangal,,23.6,89.513,29066614B66213023637124
ADM4_Jangalia_119103,Jangalia,,22.7527,90.5061,29066614B82262915119103
ADM4_Jangalia_769688,Jangalia,,24.0148,90.5278,29066614B2292474769688
ADM4_Jangalia_891273,Jangalia,,24.3667,90.6587,29066614B72634613891273
ADM4_Janglukhain,Janglukhain,,22.3091,91.9456,29066614B69901864255412
ADM4_Janipur,Janipur,,23.7619,89.2993,29066614B23281882581999
ADM4_Jantrail,Jantrail,,23.6819,90.1467,29066614B89177360852557
ADM4_Japsa,Japsa,,23.2684,90.371,29066614B98168635923620
ADM4_Jaraitala,Jaraitala,,24.2833,90.9097,29066614B91470527463895
ADM4_Jaria,Jaria,,24.9832,90.6359,29066614B3135889148098
ADM4_Jashai,Jashai,,23.8209,89.3856,29066614B6234949557301
ADM4_Jashalong,Jashalong,,23.4655,90.4879,29066614B45618541874052
ADM4_Jasodal,Jasodal,,24.4068,90.7952,29066614B1949256524730
ADM4_Jatia,Jatia,,24.6454,90.6469,29066614B94437115675624
ADM4_Jatrapur_476104,Jatrapur,,23.6723,90.9391,29066614B52165727476104
ADM4_Jatrapur_438175,Jatrapur,,22.7164,89.7376,29066614B62945103438175
ADM4_Jatrapur_225340,Jatrapur,,25.8128,89.7758,29066614B14759001225340
ADM4_Jatsakhni,Jatsakhni,,23.9449,89.6298,29066614B3980778736431
ADM4_Jawar,Jawar,,24.5647,90.9252,29066614B53409409083467
ADM4_JawarBazar,Jawar Bazar,,24.9341,91.5335,29066614B50464492236064
ADM4_Jayag,Jayag,,23.0683,91.0258,29066614B68800746109833
ADM4_JayantiHajra,Jayanti Hajra,,23.849,89.3348,29066614B27663504472149
ADM4_Jehala,Jehala,,23.7096,88.8984,29066614B63075565776542
ADM4_Jeopara,Jeopara,,24.3995,88.8749,29066614B7760043861143
ADM4_Jessora,Jessora,,24.4721,90.4821,29066614B45949603947163
ADM4_JessorePaurashava,Jessore Paurashava,,23.1607,89.2025,29066614B32898637976796
ADM4_Jhalaishalsiri,Jhalaishalsiri,,26.2481,88.5039,29066614B74931347890964
ADM4_Jhaluka,Jhaluka,,24.4204,88.7272,29066614B59479987070980
ADM4_Jhanpa,Jhanpa,,22.9915,89.1503,29066614B17470568685214
ADM4_Jhaudanga,Jhaudanga,,22.794,89.0474,29066614B1865268029183
ADM4_Jhaudi,Jhaudi,,23.1358,90.2263,29066614B86098734134390
ADM4_Jhaudia,Jhaudia,,23.787,89.0704,29066614B17555376546145
ADM4_Jhaugara,Jhaugara,,24.8802,89.8729,29066614B18598435747657
ADM4_Jhawail_220272,Jhawail,,24.5992,89.8501,29066614B10728356220272
ADM4_Jhawail_022387,Jhawail,,24.3988,89.6581,29066614B54282497022387
ADM4_JhenaidahPaurashava,Jhenaidah Paurashava,,23.546,89.1738,29066614B99187233094619
ADM4_Jhenaigati,Jhenaigati,,25.1638,90.0502,29066614B93147269278444
ADM4_Jhikargachha,Jhikargachha,,23.1158,89.114,29066614B75995428489972
ADM4_JhikargachhaPaurashava,Jhikargachha Paurashava,,23.1055,89.0938,29066614B15044013937036
ADM4_Jhikra,Jhikra,,24.6192,88.8909,29066614B30068442330313
ADM4_Jhilim,Jhilim,,24.6189,88.3534,29066614B74511354779747
ADM4_Jhilwanja,Jhilwanja,,21.4247,92.0123,29066614B53958095467328
ADM4_Jhingrabari,Jhingrabari,,24.9549,92.1155,29066614B72743401508408
ADM4_JhunagachhChapani,Jhunagachh Chapani,,26.1128,89.0565,29066614B23774963888131
ADM4_Jiarakhi,Jiarakhi,,23.8373,89.1313,29066614B66204489280928
ADM4_Jiarkandi,Jiarkandi,,23.5552,90.7867,29066614B14024298790826
ADM4_JibanNagarPaurashava,Jiban Nagar Paurashava,,23.4194,88.8094,29066614B95356675075864
ADM4_Jibtali,Jibtali,,22.5279,92.2456,29066614B11454074233273
ADM4_Jinardi,Jinardi,,23.9461,90.6646,29066614B39906351070824
ADM4_Jinari,Jinari,,24.4698,90.5995,29066614B78996115550985
ADM4_Jinglatali,Jinglatali,,23.5303,90.811,29066614B25674916314983
ADM4_Jinnaghar,Jinnaghar,,22.1865,90.7644,29066614B37863271705950
ADM4_Jiri,Jiri,,22.2804,91.891,29066614B46158155595653
ADM4_Jirtali,Jirtali,,22.9301,91.0554,29066614B4881029143680
ADM4_Jiudhara,Jiudhara,,22.462,89.7398,29066614B61089687325306
ADM4_Jiyanpur,Jiyanpur,,23.9568,89.794,29066614B63397939743509
ADM4_Joara,Joara,,22.2224,92.0087,29066614B44913512866426
ADM4_Joari,Joari,,24.3092,89.0644,29066614B85652725484213
ADM4_Joarianala,Joarianala,,21.4728,92.0935,29066614B45570263674864
ADM4_Jodda,Jodda,,23.1113,91.1761,29066614B97396384163869
ADM4_Jogania,Jogania,,25.0384,90.1674,29066614B86132015032681
ADM4_JogiPara,Jogi Para,,24.5762,88.9279,29066614B30210070592657
ADM4_Jogikhali,Jogikhali,,22.8908,89.0889,29066614B65902833510776
ADM4_Jonail,Jonail,,24.2772,89.2319,29066614B55104075725721
ADM4_Jongra,Jongra,,26.3092,89.0865,29066614B40959464686611
ADM4_Jorabari,Jorabari,,26.1667,88.8004,29066614B89186388858322
ADM4_Joradaha,Joradaha,,23.7012,89.0739,29066614B79429120004212
ADM4_Jorekhali,Jorekhali,,24.8325,89.7265,29066614B80180110778392
ADM4_Jorgachha,Jorgachha,,24.9629,89.5136,29066614B39032179402850
ADM4_Josar,Josar,,24.0112,90.8043,29066614B12562035366576
ADM4_Jotbani,Jotbani,,25.3596,88.9251,29066614B8232642417444
ADM4_JoyMantap,Joy Mantap,,23.8002,90.1805,29066614B25614896192411
ADM4_JoySiddhi,Joy Siddhi,,24.5094,91.151,29066614B18369643442813
ADM4_JoyagdakshinBaraKarai,Joyag (dakshin Bara Karai),,23.3639,90.9517,29066614B20582481562399
ADM4_Joychandi,Joychandi,,24.5316,92.0763,29066614B36335894916888
ADM4_Joyka,Joyka,,24.3966,90.884,29066614B22063850760959
ADM4_Joykalas,Joykalas,,24.9363,91.3952,29066614B44931716372783
ADM4_Joykrishnapur,Joykrishnapur,,23.6836,90.0468,29066614B24706728161158
ADM4_Joymanirhat,Joymanirhat,,26.0828,89.6573,29066614B20821255899256
ADM4_Joynagar_590778,Joynagar,,24.062,90.7949,29066614B43304707590778
ADM4_Joynagar_648954,Joynagar,,23.2892,90.2584,29066614B79124205648954
ADM4_Joynagar_721902,Joynagar,,23.0399,89.7048,29066614B70202605721902
ADM4_Joynagar_137378,Joynagar,,22.8554,89.1137,29066614B19205023137378
ADM4_Joynagar_715362,Joynagar,,24.4865,88.6958,29066614B30584820715362
ADM4_Joypur_078371,Joypur,,23.6352,90.8246,29066614B52216397078371
ADM4_Joypur_740988,Joypur,,23.2193,89.6497,29066614B30136065740988
ADM4_Joypur_907119,Joypur,,25.5133,89.0193,29066614B93530966907119
ADM4_JoypurhatPaurashava,Joypurhat Paurashava,,25.1006,89.0247,29066614B7670671108362
ADM4_Joysree,Joysree,,24.9743,91.083,29066614B57741458785394
ADM4_Juggachhala,Juggachhala,,22.823,91.7748,29066614B23043792832208
ADM4_Jugipole,Jugipole,,22.8998,89.491,29066614B90437475261708
ADM4_Jugli,Jugli,,25.1253,90.2936,29066614B11224779966878
ADM4_Juidandi,Juidandi,,22.1458,91.8715,29066614B16070676919789
ADM4_Juldha,Juldha,,22.2847,91.8236,29066614B6642449298886
ADM4_Jummerbari,Jummerbari,,25.0614,89.5586,29066614B71885874815418
ADM4_Junedpur,Junedpur,,23.8053,90.9809,29066614B32867697587813
ADM4_Juniadaha,Juniadaha,,24.0717,88.9441,29066614B84227045324144
ADM4_JuraiChhari,Jurai Chhari,,22.6515,92.427,29066614B2022879550669
ADM4_Juranpur,Juranpur,,23.6597,88.769,29066614B93084778914120
ADM4_Kabai,Kabai,,22.5324,90.432,29066614B24707122403958
ADM4_Kabakhali,Kabakhali,,23.2282,92.1023,29066614B93915304988400
ADM4_Kabilpur_036356,Kabilpur,,22.9619,91.209,29066614B74947320036356
ADM4_Kabilpur_346800,Kabilpur,,25.326,89.3138,29066614B67854754346800
ADM4_Kabirajpur,Kabirajpur,,23.2833,90.0758,29066614B86762501120869
ADM4_KabirhatPaurashava,Kabirhat Paurashava,,22.825,91.2007,29066614B41818795329578
ADM4_Kachakata,Kachakata,,25.9856,89.8259,29066614B5793935960599
ADM4_Kachhapia,Kachhapia,,21.4338,92.2105,29066614B87141214698619
ADM4_KachhariKayaliPara,Kachhari Kayali Para,,24.6054,88.8052,29066614B15417262325258
ADM4_Kachia_057808,Kachia,,22.7315,90.6535,29066614B15415227057808
ADM4_Kachia_620631,Kachia,,22.4362,90.75,29066614B32777134620631
ADM4_Kachikata,Kachikata,,23.3585,90.5286,29066614B6549128154627
ADM4_Kachina,Kachina,,24.3221,90.2991,29066614B76653545863256
ADM4_Kachpur,Kachpur,,23.7078,90.5406,29066614B72070497117000
ADM4_Kachua_442098,Kachua,,22.6451,89.882,29066614B61095776442098
ADM4_Kachua_380645,Kachua,,23.1539,89.294,29066614B5222465380645
ADM4_Kachua_540256,Kachua,,25.1289,89.5169,29066614B39729696540256
ADM4_KachuaPaurashava,Kachua Paurashava,,23.3501,90.9031,29066614B89640294559578
ADM4_Kachuai,Kachuai,,22.2691,92.0502,29066614B96668411049407
ADM4_Kachukata,Kachukata,,25.9474,88.9466,29066614B89724534995002
ADM4_Kadakati,Kadakati,,22.5922,89.211,29066614B79503243160340
ADM4_Kadalpur,Kadalpur,,22.4937,91.955,29066614B61440211581690
ADM4_KadamChilan,Kadam Chilan,,24.2416,89.0854,29066614B54275175078655
ADM4_KadamRasulPaurashava,Kadam Rasul Paurashava,,23.6427,90.5253,29066614B44419241012406
ADM4_Kadambari,Kadambari,,23.148,89.9756,29066614B83035379559653
ADM4_Kadamtala,Kadamtala,,22.6234,89.9485,29066614B71654300177409
ADM4_KadirHanif,Kadir Hanif,,22.8718,91.0843,29066614B25324100335956
ADM4_KadirJangal,Kadir Jangal,,24.4704,90.8273,29066614B71374621536550
ADM4_KadirPara,Kadir Para,,23.5738,89.4757,29066614B49263662443096
ADM4_Kadirpur_225830,Kadirpur,,22.9053,91.1784,29066614B81289687225830
ADM4_Kadirpur_837842,Kadirpur,,23.3583,90.2191,29066614B30720814837842
ADM4_Kadirpur_635278,Kadirpur,,24.5297,92.006,29066614B36557335635278
ADM4_Kadla,Kadla,,23.3407,90.851,29066614B45826289720500
ADM4_Kadra,Kadra,,23.0094,91.2501,29066614B93977546149810
ADM4_Kafrikhal,Kafrikhal,,25.6064,89.3145,29066614B97810314003469
ADM4_Kafuria,Kafuria,,24.3665,88.906,29066614B67419533927037
ADM4_Kagail,Kagail,,24.9829,89.397,29066614B41994493258634
ADM4_Kagapasha,Kagapasha,,24.5901,91.4099,29066614B66368854947201
ADM4_Kahaloo,Kahaloo,,24.8304,89.249,29066614B92695561894831
ADM4_KahalooPaurashava,Kahaloo Paurashava,,24.8286,89.2669,29066614B24702952435649
ADM4_Kaiarbil,Kaiarbil,,21.7956,92.0528,29066614B82452261456274
ADM4_Kaichail,Kaichail,,23.403,89.9249,29066614B50891955250487
ADM4_Kaichapur,Kaichapur,,25.0928,90.3151,29066614B16003292605313
ADM4_Kaijuri_064663,Kaijuri,,23.5475,89.8172,29066614B70157317064663
ADM4_Kaijuri_563631,Kaijuri,,24.1543,89.6897,29066614B17539360563631
ADM4_Kaikhali,Kaikhali,,22.2543,89.0466,29066614B29371156529133
ADM4_Kaikuri,Kaikuri,,25.6002,89.4076,29066614B22330864312265
ADM4_Kaila,Kaila,,22.8505,89.0576,29066614B86710942710574
ADM4_Kailag,Kailag,,24.2356,90.9604,29066614B31444151458261
ADM4_Kailail,Kailail,,23.6829,90.2468,29066614B17503062203947
ADM4_Kailasganj,Kailasganj,,22.5114,89.5202,29066614B52997858274994
ADM4_Kailati_926338,Kailati,,25.026,90.7978,29066614B82754486926338
ADM4_Kailati_020261,Kailati,,24.8433,90.7306,29066614B58486308020261
ADM4_Kaimari,Kaimari,,25.9765,89.0708,29066614B97427872487582
ADM4_Kaimpur,Kaimpur,,23.7052,91.1307,29066614B36808357923912
ADM4_Kaitail,Kaitail,,24.7172,90.8939,29066614B41187783021955
ADM4_KaitalaDakshin,Kaitala Dakshin,,23.821,91.0609,29066614B76185489690026
ADM4_KaitalaUttar,Kaitala Uttar,,23.8632,91.0781,29066614B32319770932867
ADM4_Kaiyarbil,Kaiyarbil,,21.8439,91.8557,29066614B972625312046
ADM4_KajalDighiKaliganj,Kajal Dighi Kaliganj,,26.2865,88.6397,29066614B97034913867417
ADM4_Kajalshar,Kajalshar,,24.9614,92.3662,29066614B67786325880520
ADM4_Kajulia,Kajulia,,23.0448,89.9412,29066614B12732901422385
ADM4_Kakailseo,Kakailseo,,24.499,91.212,29066614B37485126322055
ADM4_Kakairgara,Kakairgara,,25.0277,90.6717,29066614B58089756311
ADM4_KakanhatPaurashava,Kakanhat Paurashava,,24.5121,88.4719,29066614B6720175551580
ADM4_Kakarkandi,Kakarkandi,,25.1358,90.2417,29066614B71913416833938
ADM4_Kakchira,Kakchira,,22.1515,90.0174,29066614B56680289932157
ADM4_Kakhara,Kakhara,,21.7804,92.1059,29066614B10232087375769
ADM4_Kakilakura,Kakilakura,,25.206,89.9123,29066614B50863027715316
ADM4_Kakina,Kakina,,25.9239,89.2627,29066614B65383501330832
ADM4_Kakni,Kakni,,24.8935,90.393,29066614B58644988127031
ADM4_Kakrajan,Kakrajan,,24.3848,90.1315,29066614B35014232772800
ADM4_Kakua,Kakua,,24.3212,89.8047,29066614B37986638891713
ADM4_KalaKandi,Kala Kandi,,23.6104,90.8414,29066614B49406159927616
ADM4_KalaPaharia,Kala Paharia,,23.6921,90.7147,29066614B1064469239738
ADM4_Kalabari,Kalabari,,23.0917,89.999,29066614B33831456832331
ADM4_Kalabaria,Kalabaria,,22.9956,89.6818,29066614B3695281300473
ADM4_Kaladaha,Kaladaha,,24.5588,90.2463,29066614B75222857383375
ADM4_Kaladaraf,Kaladaraf,,22.7885,91.0006,29066614B27539244375733
ADM4_Kalagachhia,Kalagachhia,,23.5881,90.5316,29066614B14385911403120
ADM4_KalaiMajhPara,Kalai Majh Para,,24.9033,89.2327,29066614B14777259882661
ADM4_KalaiPaurashava,Kalai Paurashava,,25.0709,89.1796,29066614B46118802799974
ADM4_KalairBanga,Kalair Banga,,24.4878,91.487,29066614B61520860324048
ADM4_Kalaiya,Kalaiya,,22.3618,90.6203,29066614B96977815197580
ADM4_Kalakanda,Kalakanda,,23.4161,90.6011,29066614B93484119340784
ADM4_Kalakhali,Kalakhali,,22.6454,90.0169,29066614B47808134235697
ADM4_Kalakopa,Kalakopa,,23.6499,90.153,29066614B11202860489837
ADM4_Kalam,Kalam,,24.4541,89.1727,29066614B74138623491841
ADM4_Kalampati,Kalampati,,22.5931,91.9919,29066614B95419927663121
ADM4_Kalamridha,Kalamridha,,23.327,90.068,29066614B50974701423759
ADM4_Kalapakurjya,Kalapakurjya,,22.9289,92.2875,29066614B57476256104253
ADM4_Kalapania,Kalapania,,22.5485,91.4368,29066614B82522518480874
ADM4_Kalapur,Kalapur,,24.3765,91.7209,29066614B97278536931747
ADM4_Kalarmarchhara,Kalarmarchhara,,21.681,91.9129,29066614B22767286304029
ADM4_KalaroaPaurashava,Kalaroa Paurashava,,22.8568,89.0366,29066614B4811648294515
ADM4_Kalaruka,Kalaruka,,24.9777,91.6761,29066614B29333537038454
ADM4_Kalaskati,Kalaskati,,22.5224,90.3786,29066614B29140390355377
ADM4_Kalaspur,Kalaspur,,25.0716,90.1263,29066614B5485026905474
ADM4_Kalatala,Kalatala,,22.8526,89.9142,29066614B98902633657330
ADM4_Kalatia,Kalatia,,23.715,90.2849,29066614B72025887598854
ADM4_Kalauzan,Kalauzan,,21.9892,92.1423,29066614B24307886433319
ADM4_KalerPara,Kaler Para,,24.7269,89.5249,29066614B56850513161414
ADM4_Kalia_173097,Kalia,,23.9667,89.8897,29066614B10878847173097
ADM4_Kalia_136696,Kalia,,24.3975,90.2089,29066614B64784266136696
ADM4_KaliaHaripur,Kalia Haripur,,24.4254,89.7155,29066614B50303356128955
ADM4_KaliaPaurashava,Kalia Paurashava,,23.0366,89.627,29066614B29430778357936
ADM4_Kaliais,Kaliais,,22.1475,92.0759,29066614B19448489281236
ADM4_KaliakairPaurashava,Kaliakair Paurashava,,24.0757,90.2145,29066614B63951167886233
ADM4_KaliaraGabragat,Kaliara Gabragat,,24.9876,90.7452,29066614B81073869933244
ADM4_Kalicharanpur,Kalicharanpur,,23.5151,89.2097,29066614B71678158397502
ADM4_Kalidah,Kalidah,,22.9859,91.423,29066614B18808818980176
ADM4_Kalidashpur,Kalidashpur,,23.7827,88.9621,29066614B46285241123993
ADM4_Kaliganj_041129,Kaliganj,,23.9304,90.5797,29066614B40296861041129
ADM4_Kaliganj_845407,Kaliganj,,25.9187,89.7583,29066614B38403076845407
ADM4_KaliganjPaurashava,Kaliganj Paurashava,,23.4055,89.1315,29066614B15138505077490
ADM4_Kalighat,Kalighat,,24.3008,91.7499,29066614B97265109232941
ADM4_Kaligram,Kaligram,,24.7175,89.0559,29066614B21607717576717
ADM4_KalihatiPaurashava,Kalihati Paurashava,,24.3811,89.997,29066614B63031657530325
ADM4_KalikaPrasad,Kalika Prasad,,24.0903,90.9282,29066614B1961010314325
ADM4_Kalikachchha,Kalikachchha,,24.1094,91.1133,29066614B18363847977454
ADM4_Kalikapur_104373,Kalikapur,,22.3307,90.3322,29066614B51447738104373
ADM4_Kalikapur_381716,Kalikapur,,23.3104,91.2848,29066614B23026309381716
ADM4_Kalikapur_628088,Kalikapur,,23.2289,90.1938,29066614B2864547628088
ADM4_Kalikapur_827613,Kalikapur,,23.7927,89.4572,29066614B21672786827613
ADM4_Kalikapur_635541,Kalikapur,,24.6643,88.9054,29066614B68890275635541
ADM4_Kalikapur_913883,Kalikapur,,24.6719,88.7093,29066614B81094790913883
ADM4_Kalimahar,Kalimahar,,23.7723,89.3443,29066614B79422517691080
ADM4_Kalindi,Kalindi,,23.7013,90.3667,29066614B21406513455287
ADM4_Kalipur,Kalipur,,22.074,91.9401,29066614B91119105323227
ADM4_KalirBazarDakshin,Kalir Bazar (Dakshin),,23.434,91.0996,29066614B57189173836684
ADM4_KalirBazarUttar,Kalir Bazar (Uttar),,23.4617,91.0937,29066614B73437984521342
ADM4_Kalisuri,Kalisuri,,22.5145,90.4987,29066614B18169008188781
ADM4_Kalkalia,Kalkalia,,24.8098,91.5087,29066614B80374130388679
ADM4_KalkiniPaurashava,Kalkini Paurashava,,23.0751,90.2344,29066614B29476489162861
ADM4_Kalma_166784,Kalma,,22.3763,90.7363,29066614B64546151166784
ADM4_Kalma_739155,Kalma,,24.3002,91.1537,29066614B37603148739155
ADM4_Kalma_834889,Kalma,,23.4416,90.4011,29066614B67519298834889
ADM4_Kalma_057467,Kalma,,24.6812,88.5297,29066614B74754657057467
ADM4_Kalmakanda,Kalmakanda,,25.0786,90.8991,29066614B36754079027554
ADM4_Kalmegha,Kalmegha,,22.0883,89.9929,29066614B70372278971612
ADM4_Kalora,Kalora,,23.1093,89.4693,29066614B72436630300206
ADM4_Kalyani,Kalyani,,25.7275,89.3274,29066614B32340012453097
ADM4_Kalyankalas,Kalyankalas,,22.2825,90.4511,29066614B43716472561596
ADM4_Kalyanpur,Kalyanpur,,23.2738,90.6802,29066614B43706463958985
ADM4_Kamalabari,Kamalabari,,25.9661,89.3474,29066614B32136928115221
ADM4_Kamalapur,Kamalapur,,22.3324,90.4238,29066614B39441975891034
ADM4_Kamalchhari,Kamalchhari,,23.0626,92.0253,29066614B58561359112488
ADM4_KamalerPara,Kamaler Para,,25.0816,89.5307,29066614B66989618431283
ADM4_Kamalganj,Kamalganj,,24.3489,91.8128,29066614B78722614770526
ADM4_KamalganjPaurashava,Kamalganj Paurashava,,24.3619,91.8554,29066614B6058552770623
ADM4_Kamalpur_261961,Kamalpur,,24.7733,89.5985,29066614B61755487261961
ADM4_Kamalpur_486252,Kamalpur,,25.5007,88.6775,29066614B89761273486252
ADM4_Kamalpur_437831,Kamalpur,,24.546,91.7097,29066614B81718867437831
ADM4_KamarChak,Kamar Chak,,24.4707,91.8717,29066614B2246668822845
ADM4_KamarPukur,Kamar Pukur,,25.7882,88.93,29066614B3212837154576
ADM4_Kamardaha,Kamardaha,,25.0897,89.3832,29066614B6331358896392
ADM4_KamarerChar,Kamarer Char,,25.0249,89.9134,29066614B75602519746846
ADM4_Kamargaon_025257,Kamargaon,,24.9166,90.5144,29066614B89003611025257
ADM4_Kamargaon_553073,Kamargaon,,24.6611,88.6056,29066614B59353330553073
ADM4_Kamaria_404213,Kamaria,,24.8088,90.4773,29066614B67267776404213
ADM4_Kamaria_095334,Kamaria,,24.9695,90.0983,29066614B75307681095334
ADM4_Kamarjani,Kamarjani,,25.3644,89.6496,29066614B10610516449153
ADM4_Kamarkhali,Kamarkhali,,23.5113,89.5219,29066614B5933394872198
ADM4_Kamarkhara,Kamarkhara,,23.4448,90.4714,29066614B34858818701291
ADM4_Kamarkhola,Kamarkhola,,22.5406,89.472,29066614B6314617486764
ADM4_KamatKajalDighi,Kamat Kajal Dighi,,26.3318,88.613,29066614B39830425329543
ADM4_Kamdia,Kamdia,,25.2064,89.2322,29066614B52142316943067
ADM4_Kamrabad,Kamrabad,,24.7814,89.8256,29066614B38719190719431
ADM4_Kanaighat,Kanaighat,,24.9844,92.2306,29066614B65944363311333
ADM4_KanaighatPaurashava,Kanaighat Paurashava,,25.0148,92.246,29066614B54897691839766
ADM4_Kanaipur,Kanaipur,,23.5259,89.7751,29066614B37306731771644
ADM4_Kanakdia,Kanakdia,,22.4613,90.4774,29066614B53518638016324
ADM4_Kanakpur,Kanakpur,,24.5115,91.7097,29066614B54906298516115
ADM4_Kanaksar,Kanaksar,,23.4857,90.3229,29066614B47512466482244
ADM4_Kanalla,Kanalla,,23.6864,90.9141,29066614B47997746997131
ADM4_KanchanNagar,Kanchan Nagar,,22.7455,91.8388,29066614B90301102831564
ADM4_KanchanPaurashava,Kanchan Paurashava,,23.8361,90.566,29066614B2356471925777
ADM4_Kanchana,Kanchana,,22.1071,92.0053,29066614B96933109401925
ADM4_Kanchanabad,Kanchanabad,,22.2344,92.0543,29066614B68372645734612
ADM4_Kanchanpur_387828,Kanchanpur,,23.1479,90.8584,29066614B82105908387828
ADM4_Kanchanpur_197282,Kanchanpur,,23.734,89.8741,29066614B24473034197282
ADM4_Kanchanpur_740475,Kanchanpur,,24.1888,90.0807,29066614B62618086740475
ADM4_Kancherkol,Kancherkol,,23.7358,89.2025,29066614B7969052880049
ADM4_KanchiPara_359903,Kanchi Para,,22.4958,90.4566,29066614B39969327359903
ADM4_KanchiPara_489475,Kanchi Para,,25.3149,89.615,29066614B46317551489475
ADM4_Kanchibari,Kanchibari,,25.4945,89.6062,29066614B96784618136959
ADM4_Kanchikata,Kanchikata,,24.1523,90.7471,29066614B88284506049216
ADM4_Kandhurkhil,Kandhurkhil,,22.3998,91.9145,29066614B98437291445844
ADM4_Kandi_531468,Kandi,,22.9054,89.9941,29066614B76984836531468
ADM4_Kandi_354298,Kandi,,25.6064,89.462,29066614B89492555354298
ADM4_Kandigaon,Kandigaon,,24.9243,91.8111,29066614B16590022044009
ADM4_Kandirpar,Kandirpar,,23.2469,91.0901,29066614B97624857798530
ADM4_Kandiura,Kandiura,,24.6757,90.8672,29066614B80733650297168
ADM4_Kaneshwar,Kaneshwar,,23.1483,90.4193,29066614B34639277004055
ADM4_KangaraChhari,Kangara Chhari,,22.5167,92.3287,29066614B40780433412509
ADM4_Kangsha,Kangsha,,25.2359,90.0248,29066614B78076233957289
ADM4_Kanihari,Kanihari,,24.6013,90.4742,29066614B68065053057037
ADM4_Kankapait,Kankapait,,23.1816,91.2783,29066614B30067778535152
ADM4_Kansat,Kansat,,24.7036,88.1941,29066614B59741507524779
ADM4_KansoPara,Kanso Para,,24.7514,88.7879,29066614B44031301466173
ADM4_Kanthal,Kanthal,,24.6261,90.432,29066614B25398765259095
ADM4_Kanthalbari_050778,Kanthalbari,,23.4384,90.2271,29066614B18728952050778
ADM4_Kanthalbari_745417,Kanthalbari,,25.8313,89.5991,29066614B78435997745417
ADM4_Kanthali,Kanthali,,26.0174,88.9713,29066614B66186742001803
ADM4_Kanthalia_046688,Kanthalia,,22.3929,90.1167,29066614B52759635046688
ADM4_Kanthalia_257244,Kanthalia,,23.8095,90.6657,29066614B2167986257244
ADM4_Kanthaltali,Kanthaltali,,22.1245,89.9492,29066614B12374417189050
ADM4_Kaoakola,Kaoakola,,24.4979,89.7299,29066614B43416705248580
ADM4_Kaoaljani,Kaoaljani,,24.2726,90.0607,29066614B93443057555654
ADM4_Kaolibera,Kaolibera,,23.4102,90.0411,29066614B84416693432816
ADM4_Kaoraid,Kaoraid,,24.3008,90.4704,29066614B13120144753834
ADM4_Kapasadanga,Kapasadanga,,23.5859,88.6792,29066614B22522697901356
ADM4_Kapashati,Kapashati,,23.6004,89.0817,29066614B43876556083515
ADM4_Kapasia_145271,Kapasia,,24.1,90.5506,29066614B99749411145271
ADM4_Kapasia_189313,Kapasia,,25.4536,89.6693,29066614B26845463189313
ADM4_Kapilmuni,Kapilmuni,,22.6744,89.3245,29066614B70648449280827
ADM4_Kaptai,Kaptai,,22.4913,92.2304,29066614B55367474150359
ADM4_KaraPara,Kara Para,,22.6549,89.7705,29066614B31453109509926
ADM4_Karab,Karab,,24.2996,91.3226,29066614B45570084451153
ADM4_Karabunia,Karabunia,,22.2988,90.1729,29066614B10095716383651
ADM4_Karaia,Karaia,,23.3225,90.9025,29066614B55988814229993
ADM4_Karaibaria,Karaibaria,,22.0147,90.1455,29066614B74181821348319
ADM4_Karaichara,Karaichara,,24.9407,89.764,29066614B4898331684910
ADM4_Karanja,Karanja,,24.0468,89.5926,29066614B80043918919599
ADM4_Karatia,Karatia,,24.2251,89.9609,29066614B57178244812420
ADM4_Karerhat,Karerhat,,22.8602,91.5926,29066614B12497056258398
ADM4_Kargaon_674486,Kargaon,,24.3282,90.8935,29066614B81500463674486
ADM4_Kargaon_751190,Kargaon,,24.6093,91.49,29066614B21208195751190
ADM4_Karihata,Karihata,,24.1392,90.6199,29066614B57024700301013
ADM4_Karikandi,Karikandi,,23.5853,90.7984,29066614B58034726361729
ADM4_KarimganjPaurashava,Karimganj Paurashava,,24.4723,90.8647,29066614B13836511415942
ADM4_Karimpur_937468,Karimpur,,23.8558,90.7454,29066614B8805058937468
ADM4_Karimpur_944015,Karimpur,,24.811,91.3756,29066614B90847375944015
ADM4_Karmadha,Karmadha,,24.4358,92.0681,29066614B48225410600535
ADM4_Karnibari,Karnibari,,24.8518,89.6345,29066614B6143653144300
ADM4_Karpara_621417,Karpara,,23.039,90.8849,29066614B80872127621417
ADM4_Karpara_178805,Karpara,,23.0722,89.896,29066614B63725634178805
ADM4_Karpasha,Karpasha,,24.3746,90.9256,29066614B60443985256635
ADM4_Kasalia,Kasalia,,23.2326,89.9229,29066614B58469071487037
ADM4_Kasba_558394,Kasba,,23.743,91.1296,29066614B94898262558394
ADM4_Kasba_867571,Kasba,,24.7867,88.3891,29066614B78520392867571
ADM4_KasbaMajhail,Kasba Majhail,,23.711,89.3396,29066614B99569233251770
ADM4_KasbaPaurashava,Kasba Paurashava,,23.7453,91.1506,29066614B33787460793382
ADM4_Kashab,Kashab,,24.7181,88.8135,29066614B62089416998724
ADM4_Kashiani,Kashiani,,23.2209,89.7204,29066614B55665906523915
ADM4_Kashil,Kashil,,24.2308,90.0141,29066614B39107779089626
ADM4_Kashimari,Kashimari,,22.3689,89.1592,29066614B71703142723686
ADM4_Kashimnagar,Kashimnagar,,23.0727,89.1964,29066614B13595976136316
ADM4_Kashimpur_310734,Kashimpur,,23.9824,90.2947,29066614B55161344310734
ADM4_Kashimpur_805817,Kashimpur,,23.231,89.1935,29066614B98197795805817
ADM4_Kashimpur_121741,Kashimpur,,24.6993,90.1938,29066614B75741397121741
ADM4_Kashimpur_230553,Kashimpur,,24.7275,88.9388,29066614B99470850230553
ADM4_Kashinagar,Kashinagar,,23.3336,91.2233,29066614B80815857704358
ADM4_Kashinathpur,Kashinathpur,,23.9844,89.5858,29066614B6616470086730
ADM4_Kashipur_576105,Kashipur,,22.7514,90.334,29066614B4791872576105
ADM4_Kashipur_140340,Kashipur,,23.6046,90.4838,29066614B53188654140340
ADM4_Kashipur_836064,Kashipur,,23.1946,89.6093,29066614B88724428836064
ADM4_Kashipur_874108,Kashipur,,25.994,89.6017,29066614B82920191874108
ADM4_Kashipur_457694,Kashipur,,26.0367,88.2138,29066614B81005343457694
ADM4_Kashtabhanga,Kashtabhanga,,23.305,89.109,29066614B81064055068637
ADM4_Kasiais,Kasiais,,22.265,91.9154,29066614B94562443889617
ADM4_Kastail,Kastail,,24.3319,91.0668,29066614B43111008131481
ADM4_Kasundi,Kasundi,,23.52,89.4866,29066614B1154801163758
ADM4_Katabari,Katabari,,25.2009,89.3023,29066614B52001790672350
ADM4_Katachhara,Katachhara,,22.8153,91.5073,29066614B8813774678037
ADM4_Katair,Katair,,24.97,91.3461,29066614B19553539090630
ADM4_KatakhaliPaurashava,Katakhali Paurashava,,24.3604,88.676,29066614B26949894256730
ADM4_KathadiaShimulia,Kathadia Shimulia,,23.4906,90.4876,29066614B9866967264411
ADM4_Katharia,Katharia,,22.0427,91.9091,29066614B79027202318711
ADM4_Kathuli,Kathuli,,23.8686,88.6883,29066614B18803729826197
ADM4_Kati,Kati,,23.0249,89.9043,29066614B420568122767
ADM4_Katiadi,Katiadi,,24.2307,90.8142,29066614B73772181662536
ADM4_KatiadiPaurashava,Katiadi Paurashava,,24.2534,90.822,29066614B56858709308582
ADM4_Katla,Katla,,25.3213,88.9589,29066614B64872645911336
ADM4_Katuli,Katuli,,24.211,89.8223,29066614B76028201206405
ADM4_Kauarkhop,Kauarkhop,,21.4225,92.1284,29066614B24402678836619
ADM4_Kaundia,Kaundia,,23.8067,90.327,29066614B46435531841972
ADM4_KauniaBalaPara,Kaunia Bala Para,,25.7695,89.4278,29066614B33155925112042
ADM4_Kawkhali,Kawkhali,,22.615,90.0855,29066614B62519146494585
ADM4_Kaya,Kaya,,23.9169,89.1757,29066614B57975534932525
ADM4_Kayain,Kayain,,23.6169,90.3288,29066614B73845565344158
ADM4_Kayaltia,Kayaltia,,24.0544,90.3846,29066614B15769123685346
ADM4_Kayangghat,Kayangghat,,23.0105,92.0568,29066614B66449812231490
ADM4_Kayaria,Kayaria,,22.9916,90.2961,29066614B66962683813175
ADM4_Kayba,Kayba,,22.9334,88.9463,29066614B24310903069032
ADM4_Kayempur,Kayempur,,24.2071,89.5448,29066614B77343521713026
ADM4_KayetPara,Kayet Para,,23.7754,90.4965,29066614B42274151065671
ADM4_Kazibakai,Kazibakai,,23.0813,90.1755,29066614B13816044601038
ADM4_Kazihal,Kazihal,,25.4291,88.8528,29066614B58751003517473
ADM4_Kazipur_886622,Kazipur,,23.9447,88.7742,29066614B51227280886622
ADM4_Kazipur_461938,Kazipur,,24.6534,89.6624,29066614B14714698461938
ADM4_KazipurPaurashava,Kazipur Paurashava,,24.6402,89.6425,29066614B77434540852123
ADM4_KazirChar,Kazir Char,,22.841,90.3775,29066614B29294876988090
ADM4_Kazirabad,Kazirabad,,22.2672,90.136,29066614B44024990746898
ADM4_Kazirbag,Kazirbag,,23.0327,91.4229,29066614B50856968541649
ADM4_Kazirber,Kazirber,,23.251,88.7717,29066614B50830970736028
ADM4_Kazla,Kazla,,24.9254,89.6379,29066614B32597251590330
ADM4_Kedar,Kedar,,26.0204,89.7784,29066614B51528012712243
ADM4_Kedarmara,Kedarmara,,23.0535,92.2291,29066614B31751332159813
ADM4_Kedarpur_339385,Kedarpur,,22.8531,90.3348,29066614B46713331339385
ADM4_Kedarpur_680530,Kedarpur,,23.3101,90.4381,29066614B79124252680530
ADM4_Kelishahar,Kelishahar,,22.3329,92.0132,29066614B39993082023436
ADM4_Kendua_488885,Kendua,,23.1515,90.1046,29066614B42064608488885
ADM4_Kendua_143947,Kendua,,24.8665,89.9222,29066614B29081432143947
ADM4_KenduaPaurashava,Kendua Paurashava,,24.6624,90.8372,29066614B60392873933052
ADM4_Keochia,Keochia,,22.1179,92.0843,29066614B37929405072236
ADM4_Keora,Keora,,22.6672,90.1662,29066614B99786510593703
ADM4_Keorabunia,Keorabunia,,22.209,90.1732,29066614B17204802498628
ADM4_Keorjori,Keorjori,,24.4219,91.159,29066614B93403345844621
ADM4_Keragachhi,Keragachhi,,22.8372,88.987,29066614B89041073902331
ADM4_Keralkata,Keralkata,,22.9148,88.9979,29066614B11660182957065
ADM4_KeranKhal,Keran Khal,,23.4869,90.969,29066614B21720182749151
ADM4_Keroa,Keroa,,23.0476,90.7967,29066614B83634840980357
ADM4_Keshabpur_697430,Keshabpur,,22.5042,90.5707,29066614B89046397697430
ADM4_Keshabpur_450997,Keshabpur,,22.9206,89.2134,29066614B59030857450997
ADM4_KeshabpurPaurashava,Keshabpur Paurashava,,22.8947,89.232,29066614B63751250981975
ADM4_KesharhatPaurashava,Kesharhat Paurashava,,24.5892,88.6591,29066614B10814826941998
ADM4_Kesharpar,Kesharpar,,23.0395,91.182,29066614B47872639459720
ADM4_Ketkibari,Ketkibari,,26.2256,88.8162,29066614B55320248055441
ADM4_Khadergaon,Khadergaon,,23.3644,90.7506,29066614B88622363758826
ADM4_KhadimPara,Khadim Para,,24.9081,91.9563,29066614B50203964842450
ADM4_Khadimnagar,Khadimnagar,,24.9614,91.8995,29066614B37887525003168
ADM4_Khadimpur,Khadimpur,,23.7047,88.847,29066614B66948193306110
ADM4_Khagakanda,Khagakanda,,23.712,90.683,29066614B19230243591206
ADM4_Khagaria,Khagaria,,22.1509,92.0407,29066614B43628775235060
ADM4_Khagaura,Khagaura,,24.4854,91.4457,29066614B2843010340059
ADM4_Khagdahar,Khagdahar,,24.7833,90.3439,29066614B23089896129346
ADM4_Khagrachhari,Khagrachhari,,23.0386,91.9778,29066614B13905523537893
ADM4_KhagrachhariPaurashava,Khagrachhari Paurashava,,23.1051,91.9618,29066614B95633711125940
ADM4_Khaiyachhara,Khaiyachhara,,22.7477,91.5827,29066614B28276136999954
ADM4_Khajra,Khajra,,22.4846,89.225,29066614B64061866546801
ADM4_Khajur,Khajur,,24.9261,88.7007,29066614B51080072513251
ADM4_Khajuria,Khajuria,,24.5385,89.0165,29066614B11951163066959
ADM4_Khaleya,Khaleya,,25.8306,89.125,29066614B29349177933645
ADM4_Khalia,Khalia,,23.2031,90.0066,29066614B38048424993449
ADM4_Khaliajuri,Khaliajuri,,24.6971,91.1557,29066614B3951263230668
ADM4_Khalilnagar,Khalilnagar,,22.7386,89.2948,29066614B20777249103762
ADM4_Khalilpur,Khalilpur,,24.5876,91.6578,29066614B67597306168520
ADM4_KhalisaChapani,Khalisa Chapani,,26.1528,89.0351,29066614B80148957399055
ADM4_Khalishakundi,Khalishakundi,,23.9097,88.8809,29066614B22930586310678
ADM4_Khalishaur,Khalishaur,,24.8976,90.6067,29066614B30888505130158
ADM4_Khalishkhali,Khalishkhali,,22.7124,89.1774,29066614B86281770095750
ADM4_Khalsi,Khalsi,,23.9178,89.8123,29066614B63159377847619
ADM4_KhamarPara,Khamar Para,,25.8551,88.7495,29066614B2189484321353
ADM4_Khamarkandi,Khamarkandi,,24.6983,89.4594,29066614B81471152048310
ADM4_KhanMarich,Khan Marich,,24.2973,89.4011,29066614B58974922475607
ADM4_Khandarpar,Khandarpar,,23.2604,89.8545,29066614B39091514486631
ADM4_Khanganj,Khanganj,,23.7922,89.5461,29066614B81317228666478
ADM4_Khangaon,Khangaon,,25.9462,88.3924,29066614B78219674341030
ADM4_Khanjapur,Khanjapur,,23.0502,90.1935,29066614B15000073360753
ADM4_Khankhanabad,Khankhanabad,,22.1069,91.878,29066614B64082318955264
ADM4_Khankhanapur,Khankhanapur,,23.6868,89.7249,29066614B37219380091592
ADM4_Khanpur_627803,Khanpur,,22.6726,89.6756,29066614B37896317627803
ADM4_Khanpur_756173,Khanpur,,22.9911,89.262,29066614B88331665756173
ADM4_Khanpur_825122,Khanpur,,24.6542,89.4671,29066614B15740991825122
ADM4_Khanpur_364299,Khanpur,,25.4418,89.005,29066614B13361062364299
ADM4_Khaprabhanga,Khaprabhanga,,21.8742,90.1332,29066614B7390535637365
ADM4_Kharana,Kharana,,22.2576,92.0132,29066614B28007052628881
ADM4_KhariaKazirChar,Kharia Kazir Char,,25.0859,89.9692,29066614B13997320777660
ADM4_Kharna,Kharna,,24.7489,89.3375,29066614B71191516671659
ADM4_Kharnai,Kharnai,,25.1262,90.8434,29066614B32839366745591
ADM4_Kharnia,Kharnia,,22.8165,89.3732,29066614B52580528102889
ADM4_Kharua,Kharua,,24.512,90.5899,29066614B80457877153123
ADM4_KhasKanakpur,Khas Kanakpur,,24.9263,92.458,29066614B52915735700785
ADM4_KhasKaulia,Khas Kaulia,,24.1227,89.7915,29066614B22212393680157
ADM4_KhasPukuria,Khas Pukuria,,24.0918,89.7829,29066614B4779094618741
ADM4_KhasRajbari,Khas Rajbari,,24.7396,89.6923,29066614B40785525406062
ADM4_Khasial,Khasial,,23.0681,89.6949,29066614B59961438110363
ADM4_Khaskara,Khaskara,,23.6466,88.985,29066614B68471889418796
ADM4_KhataMadhupur,Khata Madhupur,,25.835,88.9732,29066614B83625685516110
ADM4_Khatkhal,Khatkhal,,24.4592,91.181,29066614B56916043617177
ADM4_KhattaMadhabPara,Khatta Madhab Para,,25.3245,88.9959,29066614B52278981780930
ADM4_KhatuPara,Khatu Para,,23.9873,89.4995,29066614B99897995076065
ADM4_Khayerbari,Khayerbari,,25.4581,88.9577,29066614B46853645600724
ADM4_KhayerpurAbdullahpur,Khayerpur Abdullahpur,,24.3849,91.1977,29066614B91660065924628
ADM4_Khazanchigaon,Khazanchigaon,,24.8786,91.7604,29066614B91347487734823
ADM4_KhedaPara,Kheda Para,,23.0272,89.1733,29066614B80476803931876
ADM4_Khelna,Khelna,,25.1358,88.7278,29066614B1546756963681
ADM4_Kherera,Kherera,,23.775,91.1183,29066614B22475470989109
ADM4_Kheruajani,Kheruajani,,24.7183,90.2757,29066614B20745608026505
ADM4_Khesra,Khesra,,22.6567,89.2307,29066614B51641509924353
ADM4_Khetlal,Khetlal,,25.0373,89.1026,29066614B31604678396779
ADM4_KhidirPara,Khidir Para,,23.5041,90.3949,29066614B88109664396743
ADM4_Khidirpur,Khidirpur,,24.2163,90.739,29066614B99849897940818
ADM4_KhilPara,Khil Para,,22.9999,90.9799,29066614B97401657463610
ADM4_Khila,Khila,,23.159,91.0939,29066614B21956891055859
ADM4_Khiram,Khiram,,22.6629,91.9069,29066614B60834491309890
ADM4_Khoajpur,Khoajpur,,23.1754,90.2619,29066614B29732354685482
ADM4_KhogaKharibari,Khoga Kharibari,,26.2069,88.9493,29066614B83059809676405
ADM4_Khoksa,Khoksa,,23.8224,89.2709,29066614B82081490977989
ADM4_KhoksaPaurashava,Khoksa Paurashava,,23.8059,89.2898,29066614B57964435068858
ADM4_Khoksabari,Khoksabari,,24.4927,89.6854,29066614B11783672383851
ADM4_Khokshabari,Khokshabari,,25.9511,88.7863,29066614B67464005247647
ADM4_Kholachhara,Kholachhara,,24.9052,92.3614,29066614B82906950649998
ADM4_Kholahati,Kholahati,,25.365,89.5512,29066614B86367476652650
ADM4_Khontakata,Khontakata,,22.3393,89.8478,29066614B80455689187096
ADM4_Khoragachh,Khoragachh,,25.638,89.1704,29066614B65906502833786
ADM4_KhottaPara,Khotta Para,,24.7864,89.4261,29066614B56789236947318
ADM4_Khubjipur,Khubjipur,,24.4026,89.2633,29066614B27359934036862
ADM4_Khukni,Khukni,,24.2173,89.6811,29066614B92970651993439
ADM4_KhulnaRange,Khulna Range,,22.3027,89.5368,29066614B98715025214977
ADM4_Khuniagachh,Khuniagachh,,25.8489,89.3638,29066614B92629397581914
ADM4_Khuniapalong,Khuniapalong,,21.3417,92.076,29066614B25595614227278
ADM4_Khuntakhali,Khuntakhali,,21.6221,92.075,29066614B18220657976456
ADM4_Khuolia,Khuolia,,22.3877,89.8599,29066614B49732190885258
ADM4_KhurdaKamarpur,Khurda Kamarpur,,25.327,89.4186,29066614B16024511939533
ADM4_Khurushkul,Khurushkul,,21.4736,91.9902,29066614B42079306653845
ADM4_Khutamara,Khutamara,,25.9797,88.9674,29066614B38817059082992
ADM4_Kichak,Kichak,,25.06,89.2777,29066614B83099551022160
ADM4_Kiratan,Kiratan,,24.4704,90.8917,29066614B38626694023091
ADM4_Kirtipasha,Kirtipasha,,22.6932,90.1704,29066614B13100145319481
ADM4_Kirtipur,Kirtipur,,24.8876,88.9102,29066614B85097621288079
ADM4_Kishoreganj,Kishoreganj,,25.8955,89.0346,29066614B6977019629704
ADM4_KishoreganjPaurashava,Kishoreganj Paurashava,,24.4378,90.777,29066614B26600574414521
ADM4_Kishoregari,Kishoregari,,25.2791,89.3018,29066614B10010422203495
ADM4_KismatGankair,Kismat Gankair,,24.4975,88.8219,29066614B51111396663618
ADM4_Kochasahar,Kochasahar,,25.0885,89.4318,29066614B86699516118533
ADM4_Kodailkati,Kodailkati,,25.487,89.7692,29066614B90514202717754
ADM4_Kodala,Kodala,,22.4287,92.1063,29066614B39550439915786
ADM4_Kodalia,Kodalia,,22.8525,89.7975,29066614B8285028236768
ADM4_KodaliaShohidnagar,Kodalia Shohidnagar,,23.4029,89.8811,29066614B17861795159498
ADM4_Kodalpur,Kodalpur,,23.0964,90.4888,29066614B38275973773874
ADM4_KokDahara,Kok Dahara,,24.346,90.0015,29066614B21661235214725
ADM4_Kola_305626,Kola,,23.5643,90.343,29066614B35659089305626
ADM4_Kola_913418,Kola,,23.3851,89.2292,29066614B55664825913418
ADM4_Kola_022639,Kola,,24.9536,88.9761,29066614B42562316022639
ADM4_KolaPara,Kola Para,,23.5069,90.2674,29066614B88216282265274
ADM4_Kolagaon,Kolagaon,,22.3233,91.8869,29066614B48103215395097
ADM4_Kolkanda,Kolkanda,,25.9026,89.2009,29066614B59592750151419
ADM4_Konabari,Konabari,,24.0173,90.3267,29066614B13692119221641
ADM4_Konakhali,Konakhali,,21.7855,91.9755,29066614B55812899818607
ADM4_Konda,Konda,,23.6423,90.4368,29066614B99057209402634
ADM4_KorshaKariail,Korsha Kariail,,24.3806,90.8203,29066614B43308447029484
ADM4_Kotakul,Kotakul,,23.1069,89.6774,29066614B76826981975942
ADM4_KotaliparaPaurashava,Kotalipara Paurashava,,22.9919,89.9919,29066614B8020800113581
ADM4_KotchandpurPaurashava,Kotchandpur Paurashava,,23.4073,89.0197,29066614B82183492413360
ADM4_Koyra,Koyra,,22.3349,89.2983,29066614B16248799511141
ADM4_Krishnanagar_872084,Krishnanagar,,23.9347,90.9879,29066614B28253003872084
ADM4_Krishnanagar_928789,Krishnanagar,,23.5676,89.7391,29066614B12566483928789
ADM4_Krishnanagar_460369,Krishnanagar,,22.398,89.1295,29066614B1968866460369
ADM4_Krishnapur_510783,Krishnapur,,23.4893,89.945,29066614B60664182510783
ADM4_Krishnapur_013427,Krishnapur,,23.8538,90.0672,29066614B53688269013427
ADM4_Krishnapur_644815,Krishnapur,,24.6696,91.2075,29066614B80000408644815
ADM4_Krishnapur_395964,Krishnapur,,25.0957,88.7176,29066614B51787356395964
ADM4_Kuchai,Kuchai,,24.8567,91.9043,29066614B10696751194635
ADM4_Kuchaipatti,Kuchaipatti,,23.0417,90.4687,29066614B58858540827948
ADM4_Kuchiamora,Kuchiamora,,23.3627,89.4372,29066614B92705223839440
ADM4_Kuchlibari,Kuchlibari,,26.309,89.0206,29066614B18861012145359
ADM4_Kuhalong,Kuhalong,,22.259,92.1827,29066614B83291445154291
ADM4_Kukua,Kukua,,22.2008,90.2985,29066614B44915973034876
ADM4_Kukutia,Kukutia,,23.5122,90.3195,29066614B74572049194595
ADM4_Kulaghat,Kulaghat,,25.918,89.499,29066614B73898953856366
ADM4_Kulanj,Kulanj,,24.7092,91.4263,29066614B34986908916262
ADM4_Kulaura,Kulaura,,24.4867,92.0539,29066614B96965644699736
ADM4_KulauraPaurashava,Kulaura Paurashava,,24.5251,92.034,29066614B54144922080903
ADM4_Kulia_336703,Kulia,,22.8886,89.7551,29066614B56647300336703
ADM4_Kulia_605331,Kulia,,22.6365,89.0454,29066614B84293373605331
ADM4_Kulia_015081,Kulia,,25.0227,89.8029,29066614B95899584015081
ADM4_KuliarCharPaurashava,Kuliar Char Paurashava,,24.1491,90.9179,29066614B56999012783752
ADM4_Kulkandi,Kulkandi,,25.1353,89.7,29066614B43932806931593
ADM4_Kulkati,Kulkati,,22.6121,90.2425,29066614B44528706659559
ADM4_Kulla_031073,Kulla,,23.8771,90.211,29066614B55341938031073
ADM4_Kulla_170883,Kulla,,22.6203,89.1741,29066614B44564638170883
ADM4_Kullagora,Kullagora,,25.1451,90.6364,29066614B56361565649651
ADM4_Kultia,Kultia,,22.9977,89.3254,29066614B69637194502335
ADM4_KumarPara,Kumar Para,,25.422,89.4924,29066614B49447810503528
ADM4_Kumarbhog,Kumarbhog,,23.4649,90.2801,29066614B11489575557143
ADM4_Kumarghata,Kumarghata,,24.7688,90.2953,29066614B59951045463339
ADM4_Kumari,Kumari,,23.7674,88.9121,29066614B1389021125061
ADM4_KumarkhaliPaurashava,Kumarkhali Paurashava,,23.8573,89.2361,29066614B44400290008962
ADM4_Kumedpur,Kumedpur,,25.4613,89.244,29066614B1713707180967
ADM4_Kumira_020723,Kumira,,22.5187,91.722,29066614B49902022020723
ADM4_Kumira_110581,Kumira,,22.7856,89.1873,29066614B4036789110581
ADM4_Kumrabaria,Kumrabaria,,23.536,89.1072,29066614B95325066833504
ADM4_Kunda,Kunda,,24.1585,91.1457,29066614B51638463892625
ADM4_KundaPukur,Kunda Pukur,,25.9024,88.8317,29066614B60445195131081
ADM4_Kundagram,Kundagram,,24.7912,89.1197,29066614B69734655161656
ADM4_KunderChar,Kunder Char,,23.3658,90.3981,29066614B61057315263372
ADM4_Kunia,Kunia,,23.207,90.1184,29066614B34609406626163
ADM4_Kuptala,Kuptala,,25.3858,89.5187,29066614B32931680795104
ADM4_Kuralgachhi,Kuralgachhi,,23.547,88.7195,29066614B26333635715050
ADM4_KurarBazar,Kurar Bazar,,24.8542,92.1322,29066614B21569387723863
ADM4_Kurikahania,Kurikahania,,25.0949,89.9957,29066614B87989532470156
ADM4_Kursha_873884,Kursha,,23.841,88.9744,29066614B89158565873884
ADM4_Kursha_348268,Kursha,,25.7484,89.3669,29066614B98441160348268
ADM4_Kursha_858399,Kursha,,25.796,89.0207,29066614B23650098858399
ADM4_Kurshi,Kurshi,,24.5898,91.5615,29066614B86923642949214
ADM4_Kusanghal,Kusanghal,,22.5859,90.2872,29066614B61936887271348
ADM4_KushaRaniganj,Kusha Raniganj,,25.9034,88.4069,29066614B43560852434179
ADM4_Kushadanga,Kushadanga,,22.9135,89.0468,29066614B40216020733985
ADM4_Kushakhali,Kushakhali,,22.8586,90.9256,29066614B11826432113775
ADM4_Kushdaha,Kushdaha,,25.5109,89.0778,29066614B8501840593403
ADM4_KushiramBelpukur,Kushiram Belpukur,,25.8306,88.9346,29066614B3924950487613
ADM4_Kushla,Kushla,,23.0314,89.9861,29066614B14442843471732
ADM4_Kushli,Kushli,,22.9333,89.85,29066614B34067666330202
ADM4_Kushlia,Kushlia,,22.4475,89.0628,29066614B77924824398744
ADM4_Kushmail,Kushmail,,24.6456,90.249,29066614B62752807080356
ADM4_Kushna,Kushna,,23.4625,89.0254,29066614B45527774188559
ADM4_Kushtia,Kushtia,,24.8213,90.2705,29066614B89385709448387
ADM4_KushtiaPaurashava,Kushtia Paurashava,,23.8996,89.1306,29066614B55544951166454
ADM4_Kushumhati,Kushumhati,,23.6344,90.0751,29066614B78477810025809
ADM4_Kushura,Kushura,,23.97,90.1239,29066614B96184740604535
ADM4_Kuskhali,Kuskhali,,22.7712,88.9638,29066614B37103788422911
ADM4_Kusumba_478420,Kusumba,,25.1719,89.1015,29066614B66074075478420
ADM4_Kusumba_359286,Kusumba,,24.7338,88.6949,29066614B11285704359286
ADM4_Kusumbi,Kusumbi,,24.6668,89.3624,29066614B41865184495454
ADM4_Kusumpura,Kusumpura,,22.3042,91.9057,29066614B61925599407478
ADM4_Kutba,Kutba,,22.521,90.6917,29066614B98165857466652
ADM4_Kuti,Kuti,,23.7316,91.0887,29066614B17452730679989
ADM4_Kutubjom,Kutubjom,,21.5389,91.9189,29066614B57510712425126
ADM4_Kutubpur_039375,Kutubpur,,22.9696,91.1747,29066614B78968181039375
ADM4_Kutubpur_718887,Kutubpur,,23.39,90.2181,29066614B65834504718887
ADM4_Kutubpur_006431,Kutubpur,,23.6662,90.4727,29066614B41605940006431
ADM4_Kutubpur_352635,Kutubpur,,23.5905,88.9658,29066614B74539473352635
ADM4_Kutubpur_387676,Kutubpur,,23.8385,88.6322,29066614B28615796387676
ADM4_Kutubpur_457588,Kutubpur,,24.8275,89.5823,29066614B75432735457588
ADM4_Kutubpur_669438,Kutubpur,,25.6423,89.1201,29066614B31281489669438
ADM4_KutukChhari,Kutuk Chhari,,22.7123,92.0884,29066614B68900660257254
ADM4_Kytola,Kytola,,24.0126,89.6567,29066614B44814485903542
ADM4_Labsa,Labsa,,22.7533,89.0886,29066614B41075699498026
ADM4_Laharkandi,Laharkandi,,22.918,90.8607,29066614B38354860339356
ADM4_LahiriPara,Lahiri Para,,24.9502,89.3823,29066614B73323722167446
ADM4_Lahuria,Lahuria,,23.2911,89.5804,29066614B3524827754781
ADM4_Lakhai,Lakhai,,24.2827,91.2036,29066614B59810544968193
ADM4_LakherPara,Lakher Para,,24.468,89.899,29066614B21442846978122
ADM4_Lakhpur,Lakhpur,,22.7463,89.6195,29066614B5796921277409
ADM4_Lakhyarchar,Lakhyarchar,,21.7809,92.0672,29066614B90762345882822
ADM4_Laksam,Laksam,,23.2332,91.162,29066614B31480874099229
ADM4_LaksamPaurashava,Laksam Paurashava,,23.2406,91.1262,29066614B48927604021609
ADM4_Lakshanaband,Lakshanaband,,24.7759,91.9875,29066614B15355204673962
ADM4_Lakshmanpur_637673,Lakshmanpur,,23.1271,91.0702,29066614B99952144637673
ADM4_Lakshmanpur_825613,Lakshmanpur,,23.118,88.9415,29066614B31767450825613
ADM4_Lakshmanpur_741180,Lakshmanpur,,24.9812,89.9989,29066614B42091900741180
ADM4_Lakshmansree,Lakshmansree,,25.0202,91.3884,29066614B22087640757678
ADM4_LakshmiChap,Lakshmi Chap,,26.029,88.8589,29066614B99681209942497
ADM4_LakshmiPasha,Lakshmi Pasha,,24.826,91.9761,29066614B46798723762334
ADM4_Lakshmichhari,Lakshmichhari,,22.776,91.9166,29066614B7260463689171
ADM4_Lakshmiganj,Lakshmiganj,,24.8065,90.7554,29066614B42698671291304
ADM4_Lakshmikundi,Lakshmikundi,,24.0027,89.0956,29066614B36903088732869
ADM4_Lakshmipasha,Lakshmipasha,,23.1566,89.6262,29066614B68058285114056
ADM4_Lakshmipur_317991,Lakshmipur,,23.2623,91.0246,29066614B42913661317991
ADM4_Lakshmipur_079101,Lakshmipur,,23.1354,90.3018,29066614B62623872079101
ADM4_Lakshmipur_961996,Lakshmipur,,24.0791,89.3886,29066614B82817465961996
ADM4_Lakshmipur_966528,Lakshmipur,,25.4226,89.5455,29066614B22288481966528
ADM4_Lakshmipur_777310,Lakshmipur,,25.1179,91.5271,29066614B91739461777310
ADM4_LakshmipurKholabaria,Lakshmipur Kholabaria,,24.3549,89.0347,29066614B98878861346781
ADM4_LakshmipurPaurashava,Lakshmipur Paurashava,,22.9446,90.8273,29066614B89728963908392
ADM4_LakshmirChar,Lakshmir Char,,24.8969,90.0219,29066614B94289146562316
ADM4_Lakshmitari,Lakshmitari,,25.877,89.2575,29066614B60336276510821
ADM4_LalPur,Lal Pur,,23.9862,90.9907,29066614B15182965230305
ADM4_LalaBazar,Lala Bazar,,24.8098,91.8135,29066614B82414052973337
ADM4_Lalanagar,Lalanagar,,22.5167,92.0704,29066614B13044823847167
ADM4_Lalmohan,Lalmohan,,22.3076,90.7364,29066614B53089683348503
ADM4_Lalore,Lalore,,24.483,89.072,29066614B4633526501322
ADM4_Lalpur,Lalpur,,24.1545,88.9665,29066614B98654668017668
ADM4_Lalua,Lalua,,21.9388,90.2784,29066614B44519084834965
ADM4_Lama,Lama,,21.7793,92.2405,29066614B10046178962023
ADM4_LamaKazi,Lama Kazi,,24.8994,91.7125,29066614B35702389521000
ADM4_LamaPaurashava,Lama Paurashava,,21.8063,92.2189,29066614B17619521983101
ADM4_Lamatashi,Lamatashi,,24.3167,91.4965,29066614B59334980969783
ADM4_Lamchar,Lamchar,,23.0517,90.8541,29066614B76512281227394
ADM4_Langadu,Langadu,,22.8903,92.1746,29066614B5849514754968
ADM4_Langair,Langair,,24.3706,90.5505,29066614B47403159486229
ADM4_Laskar,Laskar,,22.552,89.3251,29066614B55002470215400
ADM4_Laskardia,Laskardia,,23.4479,89.8794,29066614B87029561611551
ADM4_Laskarpur,Laskarpur,,24.3021,91.473,29066614B32652215027534
ADM4_Lata_440400,Lata,,22.8699,90.439,29066614B31601289440400
ADM4_Lata_353667,Lata,,22.6389,89.3635,29066614B60579867353667
ADM4_LataChapli,Lata Chapli,,21.8346,90.14,29066614B68609573077133
ADM4_Latabdi,Latabdi,,23.5996,90.3923,29066614B94234181397556
ADM4_Latibabad,Latibabad,,24.4721,90.7629,29066614B94288473602354
ADM4_Latiban,Latiban,,23.2434,91.9335,29066614B28166940041219
ADM4_Latifpur_218491,Latifpur,,23.0164,89.8078,29066614B62187847218491
ADM4_Latifpur_407167,Latifpur,,24.1177,90.1251,29066614B41244439407167
ADM4_Latifpur_387532,Latifpur,,25.6007,89.2561,29066614B61525835387532
ADM4_Laudubi,Laudubi,,22.5068,89.5601,29066614B94502697248877
ADM4_Lauhati,Lauhati,,24.0818,89.9404,29066614B78958786923043
ADM4_Laukati,Laukati,,22.4067,90.3551,29066614B93102694005316
ADM4_LaurFatehpur,Laur Fatehpur,,23.8084,91.0173,29066614B76884819131969
ADM4_Lauta,Lauta,,24.7812,92.163,29066614B9013355344155
ADM4_Lebukhali,Lebukhali,,22.4546,90.3701,29066614B45202036032205
ADM4_Lebutala_256983,Lebutala,,24.2114,90.6944,29066614B50037940256983
ADM4_Lebutala_826355,Lebutala,,23.2833,89.2292,29066614B7592225826355
ADM4_Lehemba,Lehemba,,25.8565,88.263,29066614B94094045970589
ADM4_Lelang,Lelang,,22.6769,91.8522,29066614B47268768592894
ADM4_Lemsikhali,Lemsikhali,,21.8601,91.8802,29066614B68456301662943
ADM4_Lemua,Lemua,,22.9467,91.4432,29066614B46581219347973
ADM4_Lengura_375000,Lengura,,25.149,90.7827,29066614B21861627375000
ADM4_Lengura_690211,Lengura,,25.0535,91.9739,29066614B38911944690211
ADM4_Lesraganj,Lesraganj,,23.6908,89.923,29066614B13407555154914
ADM4_Logang,Logang,,23.3628,91.8802,29066614B17087080054602
ADM4_Lohagara_479821,Lohagara,,21.9998,92.1011,29066614B64346949479821
ADM4_Lohagara_562959,Lohagara,,23.2048,89.6756,29066614B89219348562959
ADM4_LohagaraPaurashava,Lohagara Paurashava,,23.1957,89.6572,29066614B51669126141274
ADM4_LohajangTeotia,Lohajang Teotia,,23.4579,90.3169,29066614B43668176160973
ADM4_Lohajuri,Lohajuri,,24.1949,90.8166,29066614B84504515738904
ADM4_Lohalia,Lohalia,,22.3873,90.3932,29066614B20658222868837
ADM4_LohaniPara,Lohani Para,,25.5902,89.1057,29066614B90497634771883
ADM4_Loneshwar,Loneshwar,,24.8194,90.915,29066614B23759883728115
ADM4_LordHardinje,Lord Hardinje,,22.2504,90.8158,29066614B27782790520617
ADM4_Lukhra,Lukhra,,24.3576,91.3524,29066614B79855839225858
ADM4_LuterChar,Luter Char,,23.5769,90.6745,29066614B59395238408700
ADM4_MBaliatali,M.Baliatali,,22.058,90.0724,29066614B64805876232971
ADM4_MachhPara,Machh Para,,23.8143,89.3526,29066614B34686062574114
ADM4_Machhihata,Machhihata,,23.9175,91.1594,29066614B71082422244852
ADM4_Madan,Madan,,24.7057,90.974,29066614B58440276251351
ADM4_MadanPaurashava,Madan Paurashava,,24.7166,90.9483,29066614B78107192887155
ADM4_Madankhali,Madankhali,,25.4276,89.2218,29066614B62862618714944
ADM4_Madanpur_656925,Madanpur,,22.7164,90.7141,29066614B23243382656925
ADM4_Madanpur_567707,Madanpur,,23.6898,90.552,29066614B91387611567707
ADM4_Madanpur_987140,Madanpur,,24.7816,90.7468,29066614B77571292987140
ADM4_Madanpura,Madanpura,,22.4441,90.5252,29066614B56036575032122
ADM4_Madapur,Madapur,,23.7466,89.5406,29066614B63467672101209
ADM4_Madarbunia,Madarbunia,,22.3201,90.2955,29066614B12619795915541
ADM4_MadarganjPaurashava,Madarganj Paurashava,,24.9028,89.7082,29066614B1307595768185
ADM4_MadaripurPaurashava,Madaripur Paurashava,,23.1691,90.188,29066614B33398432374178
ADM4_Madarsa,Madarsa,,22.0614,92.0086,29066614B68714891953042
ADM4_Madati,Madati,,26.0286,89.1952,29066614B85034660815764
ADM4_MadhabPasha,Madhab Pasha,,22.7651,90.2836,29066614B2617840121306
ADM4_MadhabdiPaurashava,Madhabdi Paurashava,,23.8449,90.6679,29066614B3903082332493
ADM4_Madhabkhali,Madhabkhali,,22.4484,90.2625,29066614B39535368225466
ADM4_Madhabpur_966541,Madhabpur,,23.7025,91.0779,29066614B49043847966541
ADM4_Madhabpur_270908,Madhabpur,,24.2705,91.8169,29066614B68339518270908
ADM4_MadhabpurPaurashava,Madhabpur Paurashava,,24.1013,91.2964,29066614B89805391860921
ADM4_Madhainagar,Madhainagar,,24.4494,89.4034,29066614B9937023185088
ADM4_Madhnagar,Madhnagar,,24.5238,88.9752,29066614B81134395071521
ADM4_Madhuhati,Madhuhati,,23.5162,89.0244,29066614B87767776855228
ADM4_Madhukhali,Madhukhali,,23.5209,89.6471,29066614B17297399323040
ADM4_Madhupur_302798,Madhupur,,22.8874,89.5999,29066614B5919034302798
ADM4_Madhupur_761589,Madhupur,,25.0213,89.5424,29066614B23940403761589
ADM4_Madhupur_200265,Madhupur,,25.7012,89.0868,29066614B40090990200265
ADM4_MadhupurPaurashava,Madhupur Paurashava,,24.6144,90.0281,29066614B96383769728808
ADM4_MadhyamechachalUnion,Madhya (mechachal Union),,23.4933,90.9242,29066614B71588046844638
ADM4_Madhyanagar,Madhyanagar,,25.0437,90.9675,29066614B42107368237524
ADM4_Madhyapara_979800,Madhyapara,,24.0814,90.3091,29066614B91817469979800
ADM4_Madhyapara_320854,Madhyapara,,23.5404,90.4045,29066614B35440218320854
ADM4_Madla,Madla,,24.8157,89.4186,29066614B93143147679475
ADM4_Magar,Magar,,22.6672,90.2863,29066614B38117993035360
ADM4_Magban,Magban,,22.563,92.1888,29066614B21715238177167
ADM4_Magdhara,Magdhara,,22.4492,91.5327,29066614B39475758074996
ADM4_Maghadia,Maghadia,,22.7665,91.5448,29066614B99511387410959
ADM4_Maghan,Maghan,,24.6629,91.0328,29066614B1175049236260
ADM4_MaghanSiadhar,Maghan Siadhar,,24.8275,91.012,29066614B54519774755076
ADM4_Maghi,Maghi,,23.4259,89.3791,29066614B4152914935370
ADM4_Maghia,Maghia,,22.6746,89.8963,29066614B83159202522115
ADM4_Magnama,Magnama,,21.8087,91.92,29066614B41750015502084
ADM4_Magra,Magra,,24.3268,89.8738,29066614B55526853277732
ADM4_Magtala,Magtala,,24.5909,90.5858,29066614B89952526750839
ADM4_Magura_688369,Magura,,23.1571,89.0744,29066614B7669262688369
ADM4_Magura_021772,Magura,,22.7139,89.223,29066614B33005305021772
ADM4_Magura_612274,Magura,,25.858,89.0772,29066614B57258868612274
ADM4_Magura_585684,Magura,,26.3017,88.5014,29066614B9483864585684
ADM4_MaguraBinod,Magura Binod,,24.3807,89.3466,29066614B27565491250664
ADM4_MaguraPaurashava,Magura Paurashava,,23.487,89.4108,29066614B59353083165768
ADM4_Maguraghona,Maguraghona,,22.8165,89.2753,29066614B42125196693267
ADM4_Magurkhali,Magurkhali,,22.7165,89.364,29066614B70031639685423
ADM4_Mahadan,Mahadan,,24.7592,89.894,29066614B83815576455909
ADM4_Mahadebpur,Mahadebpur,,24.9267,88.7863,29066614B1760380708775
ADM4_Mahajanpur,Mahajanpur,,23.6752,88.6752,29066614B53230660105555
ADM4_Mahakali,Mahakali,,23.5111,90.5141,29066614B25704082153725
ADM4_Mahalchhari,Mahalchhari,,22.9041,92.0105,29066614B77796789696828
ADM4_Mahamudnagar,Mahamudnagar,,24.176,89.8211,29066614B62385131495555
ADM4_Maharajpur_975201,Maharajpur,,23.3095,89.9195,29066614B6082003975201
ADM4_Maharajpur_356765,Maharajpur,,22.3806,89.2937,29066614B11711869356765
ADM4_Maharajpur_672497,Maharajpur,,24.6163,88.2305,29066614B57983387672497
ADM4_Mahendranagar,Mahendranagar,,25.8745,89.4606,29066614B69789154746352
ADM4_Mahera,Mahera,,24.1522,90.05,29066614B40943636893403
ADM4_MaheshkhaliPaurashava,Maheshkhali Paurashava,,21.5182,91.9627,29066614B56061487886411
ADM4_Maheshpur_873767,Maheshpur,,23.2766,89.7799,29066614B84954508873767
ADM4_Maheshpur_148373,Maheshpur,,24.0036,90.9404,29066614B87091486148373
ADM4_MaheshpurPaurashava,Maheshpur Paurashava,,23.3513,88.914,29066614B66550159302307
ADM4_Maheshwaripur,Maheshwaripur,,22.4345,89.3579,29066614B47464695521570
ADM4_Mahichal,Mahichal,,23.4648,90.9245,29066614B69103588589506
ADM4_Mahilara,Mahilara,,22.9346,90.2283,29066614B80292494204258
ADM4_Mahimaganj,Mahimaganj,,25.1143,89.4805,29066614B16359885059790
ADM4_Mahinanda,Mahinanda,,24.4637,90.7896,29066614B21103481988702
ADM4_Mahisar,Mahisar,,23.1914,90.4298,29066614B88253199966439
ADM4_Mahishaban,Mahishaban,,24.8264,89.469,29066614B92328893142251
ADM4_Mahishasura,Mahishasura,,23.8612,90.6945,29066614B99035392965516
ADM4_Mahishkhocha,Mahishkhocha,,25.8804,89.3247,29066614B79391223832574
ADM4_Mahmudpur_325757,Mahmudpur,,23.5897,90.0795,29066614B77163540325757
ADM4_Mahmudpur_713227,Mahmudpur,,23.7669,90.6892,29066614B91953745713227
ADM4_Mahmudpur_627947,Mahmudpur,,24.9898,89.7524,29066614B52787721627947
ADM4_Mahmudpur_883062,Mahmudpur,,25.3633,89.1744,29066614B94583408883062
ADM4_MaidanDighi,Maidan Dighi,,26.2622,88.5527,29066614B66611210363811
ADM4_Maidang,Maidang,,22.5627,92.4138,29066614B65445253632652
ADM4_Maidanhata,Maidanhata,,25.0954,89.3191,29066614B3885682180950
ADM4_MaijChar,Maij Char,,24.1995,91.0117,29066614B2864299480085
ADM4_MaijKhapan,Maij Khapan,,24.5,90.7908,29066614B71584013331020
ADM4_MaijParaUnion,Maij Para Union,,23.238,89.456,29066614B72309569292405
ADM4_Maijbagh,Maijbagh,,24.6212,90.6237,29066614B31101855127059
ADM4_Maijbari,Maijbari,,24.6947,89.6459,29066614B70199964641954
ADM4_Maijgaon,Maijgaon,,24.6821,91.9365,29066614B49315008188886
ADM4_Maijkhara,Maijkhara,,23.4314,90.9712,29066614B54887479138969
ADM4_Mailakanda,Mailakanda,,24.8096,90.5781,29066614B29646991451356
ADM4_Mainamati,Mainamati,,23.499,91.1018,29066614B18119296140467
ADM4_Mainani,Mainani,,24.8154,88.7778,29066614B72473887488740
ADM4_Maisatua,Maisatua,,23.1885,91.0718,29066614B64163724651305
ADM4_Maishadi,Maishadi,,23.2432,90.7011,29066614B95199677304533
ADM4_Maitbhanga,Maitbhanga,,22.445,91.4849,29066614B78496615499539
ADM4_Majchar,Majchar,,23.6201,89.7632,29066614B19243690342983
ADM4_Majgaon,Majgaon,,24.288,89.1033,29066614B76758193030386
ADM4_MajhPara,Majh Para,,24.1558,89.1886,29066614B86498456108569
ADM4_Majhardia,Majhardia,,23.4052,89.8379,29066614B23156314349855
ADM4_Majhbari,Majhbari,,23.7249,89.4919,29066614B43155181477706
ADM4_Majhigati,Majhigati,,23.0317,89.8761,29066614B14644526184095
ADM4_Majhihatta,Majhihatta,,24.9373,89.2244,29066614B85431079946497
ADM4_Majhira,Majhira,,24.7726,89.3836,29066614B78518513790244
ADM4_Majidbari,Majidbari,,22.2576,90.1876,29066614B58867804442120
ADM4_Majidpur_233145,Majidpur,,23.5755,90.7575,29066614B55087711233145
ADM4_Majidpur_001540,Majidpur,,22.8777,89.2047,29066614B89708689001540
ADM4_Majlishpur,Majlishpur,,24.0248,91.1461,29066614B12076010578173
ADM4_Makrampur,Makrampur,,24.4042,91.3531,29066614B90443116091177
ADM4_Malancha,Malancha,,24.7824,89.2751,29066614B1958119612686
ADM4_Malanchi,Malanchi,,24.0518,89.2578,29066614B4070732719275
ADM4_Malapara,Malapara,,23.5737,91.0751,29066614B56214102036487
ADM4_Maliat,Maliat,,23.3469,89.2111,29066614B57023547952935
ADM4_Malibari,Malibari,,25.4086,89.5861,29066614B35066293360573
ADM4_Maligachha,Maligachha,,24.0535,89.2138,29066614B69841689830306
ADM4_Malihad,Malihad,,23.8359,88.9028,29066614B2561584351905
ADM4_Malijhikanda,Malijhikanda,,25.0974,90.0671,29066614B73513309313343
ADM4_Malikhali,Malikhali,,22.8245,89.9721,29066614B3927109234237
ADM4_Malkhanagar,Malkhanagar,,23.5519,90.4245,29066614B36159383885350
ADM4_Mallikbari,Mallikbari,,24.3881,90.3531,29066614B8464013830957
ADM4_MallikerBer,Malliker Ber,,22.5598,89.7455,29066614B67716951952540
ADM4_Mallikpur,Mallikpur,,23.1604,89.6606,29066614B1742575119143
ADM4_Mamudnagar,Mamudnagar,,24.0336,89.911,29066614B19625379424042
ADM4_Mamudpur_593349,Mamudpur,,23.2178,89.8273,29066614B22927291593349
ADM4_Mamudpur_445688,Mamudpur,,25.0066,89.0732,29066614B86577027445688
ADM4_Manakosa,Manakosa,,24.6897,88.0613,29066614B60932400292621
ADM4_Manda_048426,Manda,,23.7287,90.4418,29066614B47540275048426
ADM4_Manda_747960,Manda,,24.7805,88.686,29066614B96347328747960
ADM4_Mandari_759765,Mandari,,22.9217,90.9011,29066614B11608241759765
ADM4_Mandari_943568,Mandari,,24.4385,91.3197,29066614B59511094943568
ADM4_Manderbari,Manderbari,,23.3098,88.938,29066614B46948137833648
ADM4_Mangalkandi,Mangalkandi,,22.904,91.3932,29066614B83648825857805
ADM4_Mangalkot,Mangalkot,,22.8719,89.265,29066614B76646375795023
ADM4_Mangalpur,Mangalpur,,25.7365,88.5375,29066614B96730152116066
ADM4_Maniand,Maniand,,23.8087,91.2018,29066614B39176455360349
ADM4_Maniari,Maniari,,24.6235,89.0664,29066614B68912070197771
ADM4_Manigram,Manigram,,24.2114,88.7762,29066614B42438619578050
ADM4_Manikchhari,Manikchhari,,22.8361,91.8285,29066614B22189477233956
ADM4_Manikdaha,Manikdaha,,23.4504,89.9712,29066614B62946748527346
ADM4_ManikerChar,Maniker Char,,23.635,90.7115,29066614B38360886114188
ADM4_ManikganjPaurashava,Manikganj Paurashava,,23.8587,90.0055,29066614B14055099941945
ADM4_Manikhat,Manikhat,,23.8952,89.4906,29066614B75188676888281
ADM4_Manikpur,Manikpur,,24.9464,92.4091,29066614B68051392208589
ADM4_Manirampur,Manirampur,,23.0442,89.2176,29066614B49542795141236
ADM4_ManirampurPaurashava,Manirampur Paurashava,,23.025,89.2356,29066614B43585698618693
ADM4_Mankon,Mankon,,24.7654,90.21,29066614B74257337137509
ADM4_Manmathapur,Manmathapur,,25.688,88.8687,29066614B13601564883860
ADM4_Mannargaon,Mannargaon,,25.0523,91.4995,29066614B79848210900370
ADM4_ManohardiPaurashava,Manohardi Paurashava,,24.1363,90.7039,29066614B63418276129108
ADM4_Manohardia,Manohardia,,23.723,89.0392,29066614B94995914872975
ADM4_Manoharpur_370429,Manoharpur,,22.9358,89.328,29066614B81916431370429
ADM4_Manoharpur_355229,Manoharpur,,23.6616,89.2702,29066614B9235712355229
ADM4_Manoharpur_734150,Manoharpur,,25.2597,89.4896,29066614B38762805734150
ADM4_Manpura,Manpura,,22.316,90.9821,29066614B91906031314373
ADM4_MansurNagar,Mansur Nagar,,24.7496,89.7447,29066614B61708774655607
ADM4_Mansurnagar,Mansurnagar,,24.5131,91.8271,29066614B70437740255418
ADM4_Manumukh,Manumukh,,24.5756,91.6898,29066614B38339360933167
ADM4_Maoha,Maoha,,24.7769,90.6845,29066614B42055731837708
ADM4_Maona,Maona,,24.2091,90.3643,29066614B96811819276738
ADM4_Marania,Marania,,25.8359,89.3145,29066614B35744272204630
ADM4_MareaBamanhat,Marea Bamanhat,,26.2324,88.6481,29066614B47209675022033
ADM4_Maria_394799,Maria,,24.4152,90.7544,29066614B30208964394799
ADM4_Maria_279211,Maria,,24.5862,88.8545,29066614B66239766279211
ADM4_Maria_311349,Maria,,24.4231,88.7857,29066614B71432801311349
ADM4_Mariamnagar,Mariamnagar,,22.4533,92.0736,29066614B49479974876864
ADM4_Maricha_617608,Maricha,,24.091,88.8801,29066614B96521286617608
ADM4_Maricha_279457,Maricha,,25.9493,88.6307,29066614B49765181279457
ADM4_Marichbunia,Marichbunia,,22.2739,90.2932,29066614B54839288749469
ADM4_Marichpura,Marichpura,,25.052,90.2199,29066614B83743079930741
ADM4_Marishya,Marishya,,23.1954,92.2643,29066614B352804927579
ADM4_Marjal,Marjal,,24.0293,90.8407,29066614B92856104972146
ADM4_Maruka,Maruka,,23.455,90.7908,29066614B57117602507037
ADM4_Maschhari,Maschhari,,22.9864,91.9977,29066614B8104043408836
ADM4_Mashakhali,Mashakhali,,24.39,90.5086,29066614B16128080249132
ADM4_Mashka,Mashka,,24.6679,90.8003,29066614B42432692293576
ADM4_Masidpur,Masidpur,,24.9873,88.614,29066614B32744137651955
ADM4_Masimpur,Masimpur,,24.0328,90.714,29066614B15886946180351
ADM4_Masua,Masua,,24.2601,90.7488,29066614B49269989975322
ADM4_Masundia,Masundia,,23.8686,89.6528,29066614B70484786366
ADM4_Maswimnagar,Maswimnagar,,22.9461,89.1207,29066614B88865641537981
ADM4_Matabi,Matabi,,23.0002,91.4638,29066614B78705598076981
ADM4_Matarbari,Matarbari,,21.7282,91.8944,29066614B59209061598550
ADM4_MatbarerChar,Matbarer Char,,23.4131,90.1611,29066614B97676054479012
ADM4_Mathabanga,Mathabanga,,23.6476,90.7747,29066614B92332422003202
ADM4_Mathbari_324326,Mathbari,,22.5733,90.1731,29066614B42449162324326
ADM4_Mathbari_944902,Mathbari,,24.5303,90.3597,29066614B6296345944902
ADM4_Mathbaria,Mathbaria,,22.3088,89.9616,29066614B59056295028241
ADM4_Mathiura,Mathiura,,24.8227,92.1111,29066614B21514088973385
ADM4_MathuBhuiyan,Mathu Bhuiyan,,22.9513,91.3327,29066614B2252566065597
ADM4_Mathurapur_952558,Mathurapur,,24.0369,88.826,29066614B52810251952558
ADM4_Mathurapur_782607,Mathurapur,,24.5772,89.5501,29066614B92975352782607
ADM4_Mathurapur_274771,Mathurapur,,25.0111,88.9328,29066614B74190447274771
ADM4_Mathureshpur,Mathureshpur,,22.4185,89.0314,29066614B82202888144845
ADM4_Matibhanga,Matibhanga,,22.7845,89.9335,29066614B77993899563116
ADM4_Matiganj,Matiganj,,22.8803,91.3988,29066614B68585894434371
ADM4_Matikata,Matikata,,24.4333,88.3881,29066614B17444195771660
ADM4_Matindhar,Matindhar,,25.0154,88.666,29066614B72255827647104
ADM4_Matiranga,Matiranga,,23.0351,91.8566,29066614B12705730655533
ADM4_MatirangaPaurashava,Matiranga Paurashava,,23.037,91.8714,29066614B82714832132087
ADM4_MatlabPaurashava,Matlab Paurashava,,23.3364,90.7024,29066614B18405779977531
ADM4_Matmura,Matmura,,23.8971,88.8416,29066614B91961034664850
ADM4_Matrai,Matrai,,25.1368,89.1892,29066614B82497754483938
ADM4_Matuailpart_160648,Matuail (part),,23.6965,90.4718,29066614B96745675160648
ADM4_Matuailpart_731521,Matuail (part),,23.7144,90.4575,29066614B41021075731521
ADM4_Matuailpart_463927,Matuail (part),,23.6918,90.4618,29066614B67488906463927
ADM4_Maugachhi,Maugachhi,,24.5036,88.6162,29066614B10165004693139
ADM4_Maugati,Maugati,,24.9376,90.7015,29066614B83315932552212
ADM4_Mauli,Mauli,,23.0817,89.642,29066614B89253023367052
ADM4_MaulvibazarPaurashava,Maulvibazar Paurashava,,24.4862,91.7731,29066614B10538089709172
ADM4_Maurat,Maurat,,23.744,89.4175,29066614B81246852404824
ADM4_Mautala,Mautala,,22.4107,89.0752,29066614B28789182634892
ADM4_Mayani,Mayani,,22.7293,91.5484,29066614B12427057980402
ADM4_Mayanimukh,Mayanimukh,,23.0016,92.1532,29066614B91091873344427
ADM4_Mayenpur,Mayenpur,,25.596,89.1743,29066614B12343891273218
ADM4_Mazampur,Mazampur,,23.8765,89.1389,29066614B30356587062585
ADM4_Mechhra,Mechhra,,24.5626,89.7349,29066614B60622091684243
ADM4_MediniMandal,Medini Mandal,,23.4815,90.25,29066614B32409950315257
ADM4_Medni,Medni,,24.9251,90.7429,29066614B59677842095971
ADM4_Medua,Medua,,22.6762,90.7366,29066614B84306688591508
ADM4_Meduary,Meduary,,24.4389,90.3362,29066614B72628035589689
ADM4_Megchami,Megchami,,23.5736,89.5778,29066614B59381114312811
ADM4_Mehari,Mehari,,23.7734,91.0735,29066614B66314678805600
ADM4_Mehendiganj,Mehendiganj,,22.8052,90.548,29066614B32328936438888
ADM4_MeherPara,Meher Para,,23.8726,90.6541,29066614B70753603805419
ADM4_MeherpurPaurashava,Meherpur Paurashava,,23.7811,88.6373,29066614B1181783749687
ADM4_Mekhal,Mekhal,,22.5018,91.8362,29066614B21226332562286
ADM4_MelandahaPaurashava,Melandaha Paurashava,,24.977,89.8296,29066614B36544663181879
ADM4_Memania,Memania,,22.9676,90.5188,29066614B64679747559767
ADM4_Mendipur,Mendipur,,24.7328,91.0567,29066614B27447482298484
ADM4_Merung,Merung,,23.1346,92.1025,29066614B3890778923104
ADM4_MerurChar,Merur Char,,25.1616,89.8213,29066614B61053913616077
ADM4_Meshta,Meshta,,24.8406,89.8645,29066614B61617976160791
ADM4_Milanpur,Milanpur,,25.4754,89.1348,29066614B91256471083214
ADM4_MirWarishpur,Mir Warishpur,,22.9655,91.0874,29066614B25271359652451
ADM4_Mirahi,Mirahi,,24.1747,91.5638,29066614B17060034997871
ADM4_Mirat,Mirat,,24.7108,88.8865,29066614B39600976610588
ADM4_Mirganj,Mirganj,,26.0272,88.9383,29066614B48997229363884
ADM4_MirkadimPaurashava,Mirkadim Paurashava,,23.5609,90.4863,29066614B13700113071995
ADM4_Mirpur_523992,Mirpur,,24.2808,91.5156,29066614B78780760523992
ADM4_Mirpur_843821,Mirpur,,24.788,91.6449,29066614B41652374843821
ADM4_MirpurPaurashava,Mirpur Paurashava,,23.9334,88.9997,29066614B72864117387043
ADM4_Mirsharai,Mirsharai,,22.7904,91.5667,29066614B52024454293423
ADM4_MirsharaiPaurashava,Mirsharai Paurashava,,22.7549,91.5419,29066614B99823502680947
ADM4_Mirukhali,Mirukhali,,22.3667,90.0026,29066614B38775643113513
ADM4_Mirzabari,Mirzabari,,24.6569,90.0043,29066614B8319426588755
ADM4_Mirzaganj,Mirzaganj,,22.388,90.2539,29066614B1968144070651
ADM4_Mirzanagar_713143,Mirzanagar,,23.2422,91.4212,29066614B338555713143
ADM4_Mirzanagar_850872,Mirzanagar,,23.9523,90.8101,29066614B61080997850872
ADM4_Mirzapur_344689,Mirzapur,,22.5457,91.7777,29066614B29501618344689
ADM4_Mirzapur_651464,Mirzapur,,24.1275,90.4014,29066614B27562745651464
ADM4_Mirzapur_625026,Mirzapur,,24.0324,90.9278,29066614B75895055625026
ADM4_Mirzapur_038882,Mirzapur,,24.5075,89.9184,29066614B68119258038882
ADM4_Mirzapur_101101,Mirzapur,,23.6747,89.1521,29066614B34583455101101
ADM4_Mirzapur_597347,Mirzapur,,24.6188,89.4188,29066614B87039157597347
ADM4_Mirzapur_277154,Mirzapur,,26.2698,88.4453,29066614B94170529277154
ADM4_Mirzapur_117802,Mirzapur,,25.5319,89.3668,29066614B85746178117802
ADM4_Mirzapur_471508,Mirzapur,,24.4096,91.6287,29066614B38444271471508
ADM4_MirzapurPaurashava,Mirzapur Paurashava,,24.099,90.0989,29066614B12807237876378
ADM4_MirzarChar,Mirzar Char,,23.8865,90.9077,29066614B71172871635291
ADM4_Mithaganj,Mithaganj,,21.9297,90.2147,29066614B59609407116948
ADM4_Mithakhali,Mithakhali,,22.4781,89.6803,29066614B46743105172150
ADM4_Mithamain,Mithamain,,24.3991,91.0572,29066614B4825159207435
ADM4_Mithanala,Mithanala,,22.7806,91.5235,29066614B80333580081070
ADM4_Mithapur_957488,Mithapur,,24.992,88.9856,29066614B56579611957488
ADM4_Mithapur_339985,Mithapur,,25.4318,89.3514,29066614B33130541339985
ADM4_Mizanpur,Mizanpur,,23.7852,89.6323,29066614B59042971504576
ADM4_Moazzempur,Moazzempur,,24.5632,90.6167,29066614B33540440221636
ADM4_Mobarakpur,Mobarakpur,,24.7618,88.192,29066614B68579831501286
ADM4_Mochna,Mochna,,23.2734,89.9391,29066614B35475013745782
ADM4_Mogalbachha,Mogalbachha,,25.7833,89.666,29066614B51412853922223
ADM4_Mogalgaon,Mogalgaon,,24.9291,91.7533,29066614B4930894928277
ADM4_Mogalhat,Mogalhat,,25.961,89.4605,29066614B15062644251041
ADM4_MoglaBazar,Mogla Bazar,,24.7824,91.9147,29066614B69013399106776
ADM4_Mogra,Mogra,,23.8355,91.21,29066614B23227883276880
ADM4_Mohadebpur,Mohadebpur,,23.8423,89.8684,29066614B42124247218642
ADM4_Mohadipur,Mohadipur,,25.2849,89.3943,29066614B49591732163130
ADM4_Mohamadpur,Mohamadpur,,25.2213,89.1202,29066614B77265409637517
ADM4_Mohamaya,Mohamaya,,23.0831,91.5019,29066614B32912879826457
ADM4_Mohammadabad,Mohammadabad,,25.0803,89.0103,29066614B78459860960266
ADM4_Mohammadpur_300054,Mohammadpur,,23.0955,91.0032,29066614B49347900300054
ADM4_Mohammadpur_644536,Mohammadpur,,22.9434,91.2496,29066614B37128394644536
ADM4_Mohammadpur_427183,Mohammadpur,,22.5487,91.1934,29066614B8115076427183
ADM4_Mohammadpur_491512,Mohammadpur,,23.2206,90.2632,29066614B72150856491512
ADM4_Mohammadpur_861599,Mohammadpur,,23.4082,89.5933,29066614B59680832861599
ADM4_Mohammadpur_398862,Mohammadpur,,25.9088,88.526,29066614B52008442398862
ADM4_Mohammadpur_829057,Mohammadpur,,25.998,88.4292,29066614B47031823829057
ADM4_MohammadpurPaschim,Mohammadpur Paschim,,23.4869,90.8098,29066614B46986015573883
ADM4_MohammadpurPurba,Mohammadpur Purba,,23.4902,90.8358,29066614B60491416110233
ADM4_MohanPur,Mohan Pur,,23.5271,91.027,29066614B51770464150713
ADM4_Mohanganj,Mohanganj,,25.4214,89.7382,29066614B51426412731792
ADM4_MohanganjPaurashava,Mohanganj Paurashava,,24.8673,90.9779,29066614B36685097146421
ADM4_Mohanpur_483352,Mohanpur,,23.4079,90.585,29066614B85230692483352
ADM4_Mohanpur_500787,Mohanpur,,24.5552,88.3783,29066614B7660551500787
ADM4_Mohanpur_042239,Mohanpur,,24.2374,89.4939,29066614B63877851042239
ADM4_Mohanpur_087264,Mohanpur,,25.9328,88.6928,29066614B51417428087264
ADM4_Mohanpur_549875,Mohanpur,,25.006,91.3416,29066614B35071893549875
ADM4_Moharajpur,Moharajpur,,23.4815,89.1242,29066614B58164830075880
ADM4_Mokam,Mokam,,23.4904,91.0587,29066614B80489065626578
ADM4_Mokamia,Mokamia,,22.3671,90.13,29066614B59321283377171
ADM4_Mokamtala,Mokamtala,,25.0143,89.3603,29066614B5197651287308
ADM4_Mokara,Mokara,,23.148,91.2246,29066614B59095309706667
ADM4_Mokarimpur,Mokarimpur,,24.0785,88.9944,29066614B13976530265171
ADM4_Mokhna,Mokhna,,24.0451,89.953,29066614B37506824065791
ADM4_Mokrabpur,Mokrabpur,,23.189,91.1909,29066614B12302760953898
ADM4_Mokshapur,Mokshapur,,24.4864,90.3388,29066614B79231438463302
ADM4_Moktarpur,Moktarpur,,24.0201,90.6112,29066614B52761837311511
ADM4_MollahPara,Mollah Para,,25.0234,91.4335,29066614B74308247050120
ADM4_Mollahat,Mollahat,,22.5417,90.2374,29066614B74835757361720
ADM4_Mollahkandi,Mollahkandi,,23.4663,90.5158,29066614B10583135750398
ADM4_Mollahpur,Mollahpur,,24.8057,92.1398,29066614B18300280375723
ADM4_MollarChar,Mollar Char,,25.3791,89.7046,29066614B42737326160630
ADM4_Mollargaon,Mollargaon,,24.8822,91.8243,29066614B78159940437904
ADM4_Mominpur_747499,Mominpur,,23.6667,88.8884,29066614B12512454747499
ADM4_Mominpur_435597,Mominpur,,25.6344,88.8422,29066614B49426800435597
ADM4_Mominpur_924935,Mominpur,,25.7596,89.1143,29066614B54102798924935
ADM4_Monakhali,Monakhali,,23.6827,88.6235,29066614B97582290426738
ADM4_MonglaPortPaurashava,Mongla Port Paurashava,,22.4848,89.6047,29066614B60381996014537
ADM4_Morrelganj,Morrelganj,,22.4396,89.8383,29066614B14865104644715
ADM4_MorrelganjPaurashava,Morrelganj Paurashava,,22.4545,89.8606,29066614B46685965111809
ADM4_Moshinda,Moshinda,,24.3548,89.2847,29066614B76834820025996
ADM4_Mostafapur_952628,Mostafapur,,25.5547,88.8573,29066614B9792109952628
ADM4_Mostafapur_440061,Mostafapur,,24.466,91.7585,29066614B59666234440061
ADM4_Mothurapur,Mothurapur,,24.2113,89.2805,29066614B22028849234528
ADM4_Mouchak,Mouchak,,24.0503,90.274,29066614B27001367327945
ADM4_Moyna,Moyna,,23.4154,89.6393,29066614B71324791947494
ADM4_Mriga,Mriga,,24.5551,91.185,29066614B63288932234858
ADM4_Mrigi,Mrigi,,23.6986,89.4582,29066614B6716732890933
ADM4_Mubachhari,Mubachhari,,22.9557,92.0715,29066614B83922485485329
ADM4_Mudafarganj,Mudafarganj,,23.2406,91.0531,29066614B11063219526563
ADM4_MugraPara,Mugra Para,,23.6352,90.5729,29066614B64195319747259
ADM4_MujibNagar,Mujib Nagar,,22.1118,90.5942,29066614B37871827873903
ADM4_Muksudpur,Muksudpur,,23.5509,90.1729,29066614B86855293614733
ADM4_MuksudpurPaurashava,Muksudpur Paurashava,,23.3186,89.8672,29066614B53070161067169
ADM4_MuktagachhaPaurashava,Muktagachha Paurashava,,24.7614,90.2608,29066614B16114667211656
ADM4_Muktanagar,Muktanagar,,25.1588,89.5629,29066614B86541244944041
ADM4_MuktarerChar,Muktarer Char,,23.3042,90.3835,29066614B1442863828642
ADM4_Mukundapur_675894,Mukundapur,,25.3625,88.9603,29066614B66727529675894
ADM4_Mukundapur_744307,Mukundapur,,25.8057,88.6335,29066614B32356112744307
ADM4_Muladi,Muladi,,22.9098,90.3805,29066614B11644570603987
ADM4_Muladuli,Muladuli,,24.1418,89.1242,29066614B85691401755702
ADM4_Mulghar_763418,Mulghar,,23.668,89.6528,29066614B77859936763418
ADM4_Mulghar_768228,Mulghar,,22.7917,89.7462,29066614B20270319768228
ADM4_Mulgram_817583,Mulgram,,23.8353,91.1024,29066614B47568135817583
ADM4_Mulgram_549349,Mulgram,,24.1713,89.2861,29066614B86334397549349
ADM4_Mulia,Mulia,,23.1482,89.4657,29066614B17330951798031
ADM4_Mulna,Mulna,,23.3155,90.2982,29066614B82004349590647
ADM4_Mumurdia,Mumurdia,,24.2861,90.8265,29066614B46056320828052
ADM4_MundumalaPaurashava,Mundumala Paurashava,,24.6029,88.4794,29066614B47321556352527
ADM4_Munotosh,Munotosh,,24.2216,89.3548,29066614B68096691208532
ADM4_MunshiBazar_221311,Munshi Bazar,,24.3964,91.8591,29066614B89930943221311
ADM4_MunshiBazar_555053,Munshi Bazar,,24.5855,91.896,29066614B53312471555053
ADM4_Munshiganj,Munshiganj,,22.2359,89.1493,29066614B17743622493987
ADM4_MunshiganjPaurashava,Munshiganj Paurashava,,23.544,90.5401,29066614B46446659898224
ADM4_Munshirhat_750532,Munshirhat,,23.2356,91.2721,29066614B47526942750532
ADM4_Munshirhat_332419,Munshirhat,,23.1131,91.4128,29066614B69192835332419
ADM4_MuraPara,Mura Para,,23.7802,90.5303,29066614B20969947467318
ADM4_Muradia,Muradia,,22.4343,90.4159,29066614B75443561230042
ADM4_Muradnagar,Muradnagar,,23.648,90.8962,29066614B62738696571745
ADM4_Muradpur_973739,Muradpur,,22.5997,91.6356,29066614B74633763973739
ADM4_Muradpur_901748,Muradpur,,24.4675,91.2646,29066614B67165219901748
ADM4_Murakari,Murakari,,24.2513,91.2464,29066614B13642696853736
ADM4_Muria,Muria,,24.8294,92.2056,29066614B25912139179957
ADM4_Muriauk,Muriauk,,24.2649,91.28,29066614B22890768957718
ADM4_Musapur_842132,Musapur,,22.4718,91.4787,29066614B66891980842132
ADM4_Musapur_223590,Musapur,,22.7893,91.3297,29066614B36572149223590
ADM4_Musapur_863942,Musapur,,23.6447,90.5471,29066614B39670992863942
ADM4_Musapur_592280,Musapur,,24.0262,90.9557,29066614B74485422592280
ADM4_Mushidhat,Mushidhat,,25.8046,88.4879,29066614B20016868856045
ADM4_Mustafapur,Mustafapur,,23.1342,90.1318,29066614B92282516422177
ADM4_Musuddi,Musuddi,,24.6645,89.8973,29066614B49761015319599
ADM4_Musuli,Musuli,,24.5322,90.7621,29066614B72068600760861
ADM4_Muzaffarpur,Muzaffarpur,,24.6204,90.8891,29066614B85174697102693
ADM4_MymensinghPaurashava,Mymensingh Paurashava,,24.7415,90.4071,29066614B13584845821848
ADM4_Nabagram_930199,Nabagram,,22.7157,90.1988,29066614B2909422930199
ADM4_Nabagram_120670,Nabagram,,23.0693,90.1257,29066614B37922063120670
ADM4_Nabagram_834571,Nabagram,,23.8316,89.982,29066614B57387367834571
ADM4_Nabharan,Nabharan,,23.0564,89.0284,29066614B56269987047328
ADM4_Nabiganj,Nabiganj,,24.5586,91.4807,29066614B62167143481015
ADM4_NabiganjPaurashava,Nabiganj Paurashava,,24.5613,91.5137,29066614B94143873619885
ADM4_NabinagarPaurashava,Nabinagar Paurashava,,23.8774,90.9646,29066614B6590605951856
ADM4_Nabipur,Nabipur,,22.8939,91.2182,29066614B84458356460029
ADM4_NachanMohal,Nachan Mohal,,22.58,90.2183,29066614B49489537083782
ADM4_NachnaPara,Nachna Para,,22.1564,89.9658,29066614B88926726317486
ADM4_Nachole,Nachole,,24.7375,88.4402,29066614B73427437088554
ADM4_NacholePaurashava,Nachole Paurashava,,24.7288,88.4144,29066614B7365135605186
ADM4_Nadana,Nadana,,23.054,91.0681,29066614B576927795856
ADM4_Nafanagar,Nafanagar,,25.8355,88.4203,29066614B37628504126018
ADM4_Nagar_356423,Nagar,,24.6553,91.1491,29066614B84956627356423
ADM4_Nagar_350186,Nagar,,24.2589,89.1492,29066614B97773532350186
ADM4_Nagarghata,Nagarghata,,22.7565,89.1225,29066614B78613384821126
ADM4_Nagari,Nagari,,23.8903,90.494,29066614B33882627837338
ADM4_NagarkandaPaurashava,Nagarkanda Paurashava,,23.416,89.8943,29066614B66522086725835
ADM4_Nagarpur,Nagarpur,,24.0354,89.8761,29066614B36682077287593
ADM4_Nagbari,Nagbari,,24.3436,90.0587,29066614B57545384527869
ADM4_NagdaSimla,Nagda Simla,,24.596,89.908,29066614B57399659374151
ADM4_Nagdaha,Nagdaha,,23.6667,88.9379,29066614B74524569543390
ADM4_Nagdemra,Nagdemra,,24.1116,89.5498,29066614B41941395384331
ADM4_NagerPara,Nager Para,,23.0806,90.3685,29066614B6589006004640
ADM4_Nahata,Nahata,,23.3169,89.522,29066614B53858499387735
ADM4_Naihati,Naihati,,22.7935,89.6068,29066614B66178785094068
ADM4_Naikhongchhari,Naikhongchhari,,21.3957,92.2104,29066614B32323969519516
ADM4_Nakai,Nakai,,25.2223,89.444,29066614B45053841191113
ADM4_Nakla,Nakla,,25.006,90.181,29066614B54817210682068
ADM4_NaklaPaurashava,Nakla Paurashava,,24.9987,90.1614,29066614B15934055259727
ADM4_Nakol,Nakol,,23.5422,89.4903,29066614B79357804986941
ADM4_Nalchira_579784,Nalchira,,22.9535,90.2742,29066614B15176168579784
ADM4_Nalchira_548847,Nalchira,,22.3777,91.1121,29066614B28535987548847
ADM4_Naldanga_393315,Naldanga,,23.4597,89.1804,29066614B9981575393315
ADM4_Naldanga_945334,Naldanga,,25.4803,89.4662,29066614B47519421945334
ADM4_NaldangaPaurashava,Naldanga Paurashava,,24.4979,88.9552,29066614B91042620066929
ADM4_NaldhaMaubhog,Naldha Maubhog,,22.8038,89.7004,29066614B95326760277703
ADM4_Naldi,Naldi,,23.2685,89.5332,29066614B75445847723122
ADM4_Nali,Nali,,23.807,89.9553,29066614B95337195032911
ADM4_NalianRange,Nalian Range,,21.7957,89.407,29066614B60776514689115
ADM4_Nalitabari,Nalitabari,,25.1072,90.2241,29066614B39109172826611
ADM4_NalitabariPaurashava,Nalitabari Paurashava,,25.082,90.1961,29066614B3854158684916
ADM4_Nalka,Nalka,,24.4463,89.5665,29066614B19980569982514
ADM4_Nalkura,Nalkura,,25.2084,90.0933,29066614B29587418353303
ADM4_Nalmuri,Nalmuri,,23.0229,90.4303,29066614B24321355140068
ADM4_Nalta,Nalta,,22.5246,89.0419,29066614B12586086975676
ADM4_Naltona,Naltona,,22.0242,90.0206,29066614B27449128700178
ADM4_Nalua_563457,Nalua,,22.4882,90.4125,29066614B47634565563457
ADM4_Nalua_828894,Nalua,,22.1271,92.0362,29066614B8499179828894
ADM4_Namuja,Namuja,,24.9495,89.3018,29066614B94729007916161
ADM4_Nandail,Nandail,,24.5995,90.676,29066614B1383992905297
ADM4_NandailPaurashava,Nandail Paurashava,,24.5734,90.6579,29066614B56315683309830
ADM4_Nandalalpur,Nandalalpur,,23.874,89.2093,29066614B16863907477216
ADM4_Nandanpur,Nandanpur,,24.0454,89.4902,29066614B41752296858534
ADM4_Nandigram,Nandigram,,24.6266,89.2213,29066614B14025802006186
ADM4_NandigramPaurashava,Nandigram Paurashava,,24.6453,89.2419,29066614B96548321353166
ADM4_Nandirgaon,Nandirgaon,,25.0144,91.8691,29066614B78556298163669
ADM4_Nangalkot,Nangalkot,,23.1825,91.1733,29066614B53619170227129
ADM4_NangalkotPaurashava,Nangalkot Paurashava,,23.1674,91.1937,29066614B51115969499379
ADM4_Nangalmora,Nangalmora,,22.556,91.8403,29066614B21875870936787
ADM4_Nangalthara,Nangalthara,,22.8447,89.0223,29066614B98928189465083
ADM4_Nangla,Nangla,,24.9798,89.8013,29066614B47939419098279
ADM4_Naniarchar,Naniarchar,,22.8424,92.0672,29066614B68522076511232
ADM4_Nanikshir,Nanikshir,,23.228,89.9531,29066614B79079955958841
ADM4_Nannar,Nannar,,23.8889,90.1602,29066614B36525499519849
ADM4_Nanupur,Nanupur,,22.638,91.8607,29066614B51273790923778
ADM4_Naodanga,Naodanga,,25.9868,89.5072,29066614B15745790593699
ADM4_Naodoba,Naodoba,,23.4076,90.2505,29066614B3468196028729
ADM4_Naogaon_121182,Naogaon,,24.5901,90.1672,29066614B66371836121182
ADM4_Naogaon_653073,Naogaon,,24.3683,89.3968,29066614B31965013653073
ADM4_NaogaonPaurashava,Naogaon Paurashava,,24.8026,88.935,29066614B8996170963196
ADM4_Naotara,Naotara,,26.1213,88.9822,29066614B32811833221903
ADM4_Narahatta,Narahatta,,24.8709,89.2532,29066614B1130109194099
ADM4_Narail,Narail,,25.0814,90.3923,29066614B33284345902095
ADM4_NarailPaurashava,Narail Paurashava,,23.1592,89.5024,29066614B78696255226875
ADM4_Narandi,Narandi,,24.3334,90.7109,29066614B72570233288313
ADM4_Narandia_623578,Narandia,,24.3951,89.9127,29066614B19351406623578
ADM4_Narandia_480249,Narandia,,24.8659,90.6312,29066614B7726583480249
ADM4_Narayandia,Narayandia,,23.5695,90.8262,29066614B99756477396880
ADM4_NarayanganjPaurashava,Narayanganj Paurashava,,23.6049,90.5035,29066614B73690828115619
ADM4_Narayanhat,Narayanhat,,22.8038,91.7067,29066614B10914344518997
ADM4_Narayanpur_908507,Narayanpur,,23.3523,90.7884,29066614B83043190908507
ADM4_Narayanpur_412436,Narayanpur,,24.0584,90.8889,29066614B43068975412436
ADM4_Narayanpur_516405,Narayanpur,,23.1786,90.4664,29066614B95714843516405
ADM4_Narayanpur_621669,Narayanpur,,23.3152,88.9919,29066614B2149301621669
ADM4_Narayanpur_376901,Narayanpur,,24.5555,88.1397,29066614B94799203376901
ADM4_Narayanpur_152256,Narayanpur,,25.9085,89.8338,29066614B23461559152256
ADM4_Narchi,Narchi,,24.9118,89.5448,29066614B16605542391698
ADM4_Nardas,Nardas,,24.6406,88.7787,29066614B4290413436955
ADM4_Narendrapur,Narendrapur,,23.114,89.2899,29066614B3488566527895
ADM4_Nargun,Nargun,,25.9937,88.4647,29066614B22873357602814
ADM4_NariaPaurashava,Naria Paurashava,,23.2936,90.4123,29066614B39306220003287
ADM4_Narikelbaria_315952,Narikelbaria,,23.5239,90.1267,29066614B56988107315952
ADM4_Narikelbaria_555095,Narikelbaria,,23.2729,89.3454,29066614B42504948555095
ADM4_Narisha,Narisha,,23.5721,90.1571,29066614B50759549873073
ADM4_Narnia,Narnia,,24.2145,89.603,29066614B49337834681903
ADM4_Narottampur_090813,Narottampur,,22.9693,91.1175,29066614B9338982090813
ADM4_Narottampur_499372,Narottampur,,22.86,91.1797,29066614B50317254499372
ADM4_NarsingPur,Narsing Pur,,25.101,91.6551,29066614B44870431163465
ADM4_NarsingdiPaurashava,Narsingdi Paurashava,,23.9174,90.7095,29066614B34884145163059
ADM4_Narua,Narua,,23.6507,89.4702,29066614B25037168859599
ADM4_Naruamala,Naruamala,,24.8934,89.4452,29066614B24174436339179
ADM4_Narundi,Narundi,,24.8583,90.1159,29066614B36507482937109
ADM4_Nasasan,Nasasan,,23.2683,90.3482,29066614B14510789803700
ADM4_Nasipur,Nasipur,,24.7811,89.4727,29066614B2464731464020
ADM4_Nasirabad_408834,Nasirabad,,23.7683,90.4685,29066614B94378540408834
ADM4_Nasirabad_573935,Nasirabad,,23.4216,90.0617,29066614B67796113573935
ADM4_Nasirnagar,Nasirnagar,,24.1924,91.1854,29066614B47729937537094
ADM4_Nasratpur_359282,Nasratpur,,24.8357,89.0746,29066614B39986069359282
ADM4_Nasratpur_239011,Nasratpur,,25.7617,88.7716,29066614B85996788239011
ADM4_Nateshwar,Nateshwar,,22.9919,91.1298,29066614B78145800768866
ADM4_Natghar,Natghar,,23.9156,91.0665,29066614B89629455950928
ADM4_NatherPetua,Nather Petua,,23.0993,91.125,29066614B25952550171131
ADM4_Nathullabad,Nathullabad,,22.6869,90.2508,29066614B69009982662271
ADM4_Natima,Natima,,23.3117,88.888,29066614B51953924201854
ADM4_Natipota,Natipota,,23.6432,88.7019,29066614B93595897400467
ADM4_NatorePaurashava,Natore Paurashava,,24.4165,88.9865,29066614B40768991230268
ADM4_NatuarPara,Natuar Para,,24.685,89.6942,29066614B59909452598014
ADM4_Nawabpur_820622,Nawabpur,,22.917,91.4479,29066614B28981183820622
ADM4_Nawabpur_147434,Nawabpur,,23.6773,89.5219,29066614B88842519147434
ADM4_NayaNaobhanga,Naya Naobhanga,,24.6425,88.2114,29066614B21517576981667
ADM4_Nayabari,Nayabari,,23.6464,90.0332,29066614B80872758697684
ADM4_Nayabil,Nayabil,,25.1694,90.1921,29066614B35676270993566
ADM4_Nayakhola,Nayakhola,,23.0291,90.9716,29066614B92731785069437
ADM4_Nayanagar,Nayanagar,,24.9662,89.8725,29066614B36615816903914
ADM4_Nayansree,Nayansree,,23.6972,90.1052,29066614B44262715145562
ADM4_Nayekpur,Nayekpur,,24.6545,90.9173,29066614B22768127645282
ADM4_Nayerhat,Nayerhat,,25.6013,89.7432,29066614B8573745524069
ADM4_Nazarpur,Nazarpur,,23.8744,90.7231,29066614B56049975151024
ADM4_Nazimkhan,Nazimkhan,,25.7382,89.5476,29066614B16076076450277
ADM4_Nazipur,Nazipur,,25.0246,88.7673,29066614B49909400274941
ADM4_Nazirabad,Nazirabad,,24.4419,91.6739,29066614B91745814946873
ADM4_Nazirganj,Nazirganj,,23.8403,89.5174,29066614B59097466875014
ADM4_Nazirpur_149835,Nazirpur,,22.9591,90.3423,29066614B37387951149835
ADM4_Nazirpur_991455,Nazirpur,,22.4367,90.6211,29066614B43655066991455
ADM4_Nazirpur_004259,Nazirpur,,22.7387,89.958,29066614B29566344004259
ADM4_Nazirpur_644040,Nazirpur,,25.0841,90.8036,29066614B80247904644040
ADM4_Nazirpur_325058,Nazirpur,,24.3874,89.1495,29066614B17223905325058
ADM4_Nehalpur,Nehalpur,,22.9616,89.3422,29066614B92315743166489
ADM4_Nekmarad,Nekmarad,,25.978,88.2546,29066614B69175606193834
ADM4_Nepa,Nepa,,23.2914,88.7493,29066614B12061906638204
ADM4_Nepaltali,Nepaltali,,24.9036,89.4989,29066614B60639847838007
ADM4_NesarabadSwarupkati,Nesarabad (Swarupkati),,22.7552,90.1201,29066614B34944990422936
ADM4_NetrokonaPaurashava,Netrokona Paurashava,,24.8839,90.7338,29066614B9822763159740
ADM4_Newashi,Newashi,,25.9554,89.646,29066614B95928170059040
ADM4_Nhilla,Nhilla,,21.0345,92.2398,29066614B56320168106993
ADM4_Niamati,Niamati,,22.5025,90.2409,29066614B80549737473084
ADM4_Niamatpur_798960,Niamatpur,,24.4756,90.9338,29066614B63766742798960
ADM4_Niamatpur_547583,Niamatpur,,23.3953,89.176,29066614B64042360547583
ADM4_Niamatpur_067722,Niamatpur,,24.8416,88.5586,29066614B32829057067722
ADM4_Niazpur,Niazpur,,22.8671,91.1417,29066614B86099797894554
ADM4_Nibaskhola,Nibaskhola,,23.023,89.0518,29066614B6781021940841
ADM4_Nigair,Nigair,,24.2846,90.564,29066614B29210399223275
ADM4_NijBahadurpur,Nij Bahadurpur,,24.7652,92.1878,29066614B8033675895392
ADM4_Nijamkandi,Nijamkandi,,23.1086,89.8031,29066614B62522097876769
ADM4_Nijpara,Nijpara,,25.8942,88.6693,29066614B33947418009
ADM4_Nijpat,Nijpat,,25.1118,92.1315,29066614B4703832548692
ADM4_NijumDip,Nijum Dip,,22.0622,91.0063,29066614B46612859171625
ADM4_Nikli,Nikli,,24.3221,90.9579,29066614B54121560482557
ADM4_Nikrail,Nikrail,,24.4212,89.7914,29066614B15387702168275
ADM4_Nilakhi_031772,Nilakhi,,23.6693,90.7933,29066614B76287354031772
ADM4_Nilakhi_097860,Nilakhi,,23.3009,90.0921,29066614B26373586097860
ADM4_Nilakhya,Nilakhya,,23.899,90.8402,29066614B83047850671084
ADM4_Nilakshmia,Nilakshmia,,25.1367,89.8804,29066614B21543803704104
ADM4_Nilganj,Nilganj,,21.9454,90.1715,29066614B13027667295507
ADM4_Nilkamal_175806,Nilkamal,,22.2095,90.6629,29066614B42655237175806
ADM4_Nilkamal_662922,Nilkamal,,23.082,90.597,29066614B93405696662922
ADM4_Nimaichara,Nimaichara,,24.2789,89.3489,29066614B47971857278222
ADM4_Nimgachhi,Nimgachhi,,24.7603,89.5116,29066614B84246303101584
ADM4_Nimpara,Nimpara,,24.3149,88.8269,29066614B99270487907935
ADM4_Nirmail,Nirmail,,25.1702,88.6131,29066614B26958962160050
ADM4_Nishanbaria_497587,Nishanbaria,,21.9291,90.0615,29066614B20316640497587
ADM4_Nishanbaria_750751,Nishanbaria,,22.4116,89.7811,29066614B83934360750751
ADM4_Nishchintapur,Nishchintapur,,24.644,89.759,29066614B73135537460214
ADM4_Nishindara,Nishindara,,24.875,89.3591,29066614B2057685634579
ADM4_Nitai,Nitai,,25.8899,88.9746,29066614B8750176766270
ADM4_Nithpur,Nithpur,,25.0151,88.4501,29066614B62696864762338
ADM4_Nityanandapur,Nityanandapur,,23.6012,89.27,29066614B84770370479754
ADM4_Nizampur_165848,Nizampur,,23.1157,88.9823,29066614B22391942165848
ADM4_Nizampur_137484,Nizampur,,24.6761,88.4254,29066614B35323396137484
ADM4_Nizampur_898924,Nizampur,,24.3096,91.4299,29066614B13422366898924
ADM4_Nizra,Nizra,,23.0945,89.8318,29066614B20435214336301
ADM4_NoaPara,Noa Para,,22.4327,91.9061,29066614B31925213619110
ADM4_Noabad,Noabad,,24.4316,90.8743,29066614B85891487374160
ADM4_Noagaon_616529,Noagaon,,24.0883,91.1484,29066614B56839496616529
ADM4_Noagaon_601660,Noagaon,,23.1452,90.8901,29066614B34796424601660
ADM4_Noagaon_172498,Noagaon,,23.7266,90.6281,29066614B52476147172498
ADM4_Noagram,Noagram,,23.2357,89.5925,29066614B70590630247248
ADM4_NoahataPaurashava,Noahata Paurashava,,24.4527,88.6041,29066614B10592089587592
ADM4_Noajispur,Noajispur,,22.5577,91.8565,29066614B21840120776332
ADM4_Noakhali,Noakhali,,22.7576,91.1245,29066614B40620487895134
ADM4_NoakhaliPaurashava,Noakhali Paurashava,,22.8548,91.1056,29066614B21615018611060
ADM4_Noamala,Noamala,,22.3702,90.5045,29066614B42076572152176
ADM4_Noannai,Noannai,,22.859,91.0516,29066614B14046501719120
ADM4_Noapara_225815,Noapara,,23.5037,89.6109,29066614B59034607225815
ADM4_Noapara_504111,Noapara,,23.3834,90.4585,29066614B75058269504111
ADM4_Noapara_490831,Noapara,,23.2005,89.2319,29066614B4230009490831
ADM4_Noapara_355001,Noapara,,22.5485,89.0111,29066614B90039142355001
ADM4_Noapara_434537,Noapara,,24.7039,90.8428,29066614B42368505434537
ADM4_Noapara_427986,Noapara,,24.5033,88.7692,29066614B97284877427986
ADM4_Noapara_444769,Noapara,,24.1768,91.3655,29066614B45493582444769
ADM4_NoaparaPaurashava,Noapara Paurashava,,23.0353,89.3806,29066614B35553314283188
ADM4_Noarai,Noarai,,25.0456,91.6343,29066614B79344097592245
ADM4_Noarpara,Noarpara,,25.0093,89.704,29066614B64623654773445
ADM4_Nohali,Nohali,,25.9412,89.1443,29066614B68409472810419
ADM4_Nonduar,Nonduar,,25.927,88.2272,29066614B98857950754521
ADM4_Noongola,Noongola,,24.9132,89.3196,29066614B21807232391914
ADM4_Noonkhawa,Noonkhawa,,25.8792,89.7733,29066614B85047094443598
ADM4_NorthCharAbabil,North Char Ababil,,23.0304,90.6781,29066614B24391818778417
ADM4_NorthCharBangshi,North Char Bangshi,,22.9668,90.6911,29066614B68935424416950
ADM4_NowaPatang,Nowa Patang,,22.297,92.3128,29066614B24441567234930
ADM4_Nowdabash,Nowdabash,,26.0788,89.1931,29066614B4200626561187
ADM4_NozipurPaurashava,Nozipur Paurashava,,25.0399,88.7618,29066614B90653125312242
ADM4_Nudmulla,Nudmulla,,22.4838,90.0134,29066614B12902256068546
ADM4_Nunni,Nunni,,25.1583,90.1423,29066614B52721972093491
ADM4_Nurabad,Nurabad,,22.1606,90.6536,29066614B33769670744217
ADM4_NurallaPurUC,Nuralla Pur U/C,,23.8287,90.6595,29066614B44973557257834
ADM4_Nurnagar,Nurnagar,,22.3169,89.0417,29066614B51984070943929
ADM4_Nurpur,Nurpur,,24.2776,91.382,29066614B65128368922496
ADM4_Nurullabad,Nurullabad,,24.7039,88.7276,29066614B26719956286918
ADM4_Nurullaganj,Nurullaganj,,23.4304,90.0014,29066614B7118923638262
ADM4_NutanBharenga,Nutan Bharenga,,23.9902,89.6734,29066614B95892379635699
ADM4_Omar,Omar,,25.1714,88.8342,29066614B12448648463489
ADM4_OmarMajid,Omar Majid,,25.7544,89.5911,29066614B64554666599047
ADM4_Omarpur_903361,Omarpur,,24.0526,89.7319,29066614B23676812903361
ADM4_Omarpur_470224,Omarpur,,24.7222,91.6927,29066614B47410876470224
ADM4_Orakandi,Orakandi,,23.1875,89.8019,29066614B5393069143962
ADM4_Osmanganj,Osmanganj,,22.2339,90.7258,29066614B96652714691982
ADM4_Osmanpur_437699,Osmanpur,,22.8546,91.4838,29066614B18061052437699
ADM4_Osmanpur_966266,Osmanpur,,24.1681,90.9322,29066614B31357094966266
ADM4_Osmanpur_375835,Osmanpur,,23.7928,89.2609,29066614B16374518375835
ADM4_Osmanpur_554039,Osmanpur,,24.7229,91.7956,29066614B75089128554039
ADM4_Otra,Otra,,22.8638,90.154,29066614B35129972033792
ADM4_PabnaPaurashava,Pabna Paurashava,,24.0098,89.2415,29066614B18952913673211
ADM4_Pabnapur,Pabnapur,,25.2592,89.4385,29066614B61331579812202
ADM4_Pachandar,Pachandar,,24.6071,88.5214,29066614B722100145037
ADM4_PachimHatila,Pachim Hatila,,23.3011,90.8616,29066614B30021301579200
ADM4_PadmaPukur,Padma Pukur,,22.3261,89.2393,29066614B92376671706746
ADM4_Padmabila,Padmabila,,23.6183,88.9076,29066614B29629514059227
ADM4_Padmakar,Padmakar,,23.5288,89.2841,29066614B9612631785489
ADM4_PadriShibpur,Padri Shibpur,,22.4901,90.2752,29066614B84332322191833
ADM4_Padua_814902,Padua,,22.0533,92.134,29066614B63566821814902
ADM4_Padua_911962,Padua,,22.3548,92.1024,29066614B8877999911962
ADM4_Padua_883983,Padua,,23.4779,90.7102,29066614B71459123883983
ADM4_Padumsahar,Padumsahar,,25.2043,89.5434,29066614B53520064146639
ADM4_Paglakanai,Paglakanai,,23.5248,89.1474,29066614B59852204684794
ADM4_PaharPur,Pahar Pur,,25.032,88.9852,29066614B16421848102104
ADM4_Pahardanga,Pahardanga,,22.9803,89.7718,29066614B41365086348976
ADM4_Pahariakandi,Pahariakandi,,23.8468,90.816,29066614B3145149061383
ADM4_Paharpur_098561,Paharpur,,23.9826,91.2637,29066614B63312137098561
ADM4_Paharpur_175996,Paharpur,,23.5604,90.8955,29066614B39132545175996
ADM4_Pahartali,Pahartali,,22.4568,91.9624,29066614B12436199740635
ADM4_PaikPara_900174,Paik Para,,23.3084,90.0415,29066614B16529114900174
ADM4_PaikPara_906669,Paik Para,,24.1682,91.4598,29066614B92404252906669
ADM4_Paikar,Paikar,,24.9071,89.2803,29066614B80241752889722
ADM4_PaikarChar,Paikar Char,,23.8196,90.7138,29066614B86788927948832
ADM4_Paikara,Paikara,,24.3114,89.9824,29066614B28359799323395
ADM4_PaikerChhara,Paiker Chhara,,26.1047,89.7087,29066614B3450690219197
ADM4_PaikgachhaPaurashava,Paikgachha Paurashava,,22.5917,89.3116,29066614B89374167345814
ADM4_Paikkandi,Paikkandi,,23.0398,89.769,29066614B49179069630560
ADM4_Paikura,Paikura,,24.6025,90.8248,29066614B72161892278960
ADM4_Paikurati,Paikurati,,24.9856,91.0008,29066614B14422462927346
ADM4_Paila,Paila,,23.9215,89.8737,29066614B67074530111356
ADM4_Pailarkandi,Pailarkandi,,24.4282,91.256,29066614B18066586038090
ADM4_Pailgaon,Pailgaon,,24.6871,91.5631,29066614B47411004509958
ADM4_Paindanga,Paindanga,,22.7328,91.7824,29066614B82779440763587
ADM4_Paindu,Paindu,,22.1198,92.4226,29066614B43338384144260
ADM4_Pairaband,Pairaband,,25.6543,89.2838,29066614B5857937756436
ADM4_Paiska,Paiska,,24.6773,89.9259,29066614B16986329306715
ADM4_Paithal,Paithal,,24.3309,90.5201,29066614B51812815936266
ADM4_Paitkabari,Paitkabari,,23.8007,89.0188,29066614B54122795808631
ADM4_PakShimul,Pak Shimul,,24.1483,91.067,29066614B34816095533151
ADM4_Pakri,Pakri,,24.5383,88.4491,29066614B38670017575900
ADM4_Pakshi,Pakshi,,24.0806,89.0486,29066614B52839244149157
ADM4_Pakshia,Pakshia,,22.5059,90.7536,29066614B29695227037571
ADM4_Pakulla,Pakulla,,24.9786,89.5513,29066614B28523469561294
ADM4_Pakundia,Pakundia,,24.316,90.6696,29066614B38241624677164
ADM4_PakundiaPaurashava,Pakundia Paurashava,,24.332,90.6797,29066614B15239279656439
ADM4_Pakuria_394366,Pakuria,,25.0228,90.0632,29066614B19728799394366
ADM4_Pakuria_684516,Pakuria,,24.1762,88.7893,29066614B74369270684516
ADM4_Pakutia,Pakutia,,24.029,89.9947,29066614B33705626089743
ADM4_Palash,Palash,,25.1029,91.3297,29066614B27161463344669
ADM4_Palashbari_168294,Palashbari,,26.0174,88.6235,29066614B4645216168294
ADM4_Palashbari_545865,Palashbari,,25.6222,88.9664,29066614B84709401545865
ADM4_Palashbari_275193,Palashbari,,25.2797,89.3525,29066614B74031118275193
ADM4_Palashbari_971635,Palashbari,,25.9922,88.8287,29066614B43419059971635
ADM4_Palashbaria,Palashbaria,,23.3429,89.5835,29066614B73224626097394
ADM4_Palashi,Palashi,,25.9178,89.3063,29066614B53518411069749
ADM4_Palashtali,Palashtali,,23.9838,90.8414,29066614B97729354116794
ADM4_Palbandha,Palbandha,,25.105,89.801,29066614B8990712350510
ADM4_PalerChar,Paler Char,,23.4063,90.3364,29066614B17879497457113
ADM4_PaliPrayagpur,Pali Prayagpur,,25.4026,88.9746,29066614B75361737259036
ADM4_Palong,Palong,,23.2208,90.3764,29066614B15826461653158
ADM4_PalongKhali,Palong Khali,,21.1987,92.1093,29066614B52690265903488
ADM4_Palsa,Palsa,,25.2783,89.1721,29066614B48878325584136
ADM4_Palsi,Palsi,,23.6689,89.0712,29066614B93696409085227
ADM4_Paltapur,Paltapur,,25.8461,88.6994,29066614B98175082680653
ADM4_Pamuli,Pamuli,,26.1366,88.6761,29066614B20347366720302
ADM4_PanchChar,Panch Char,,23.3801,90.1634,29066614B26006575962950
ADM4_PanchPukur,Panch Pukur,,25.9206,88.9206,29066614B36937171393106
ADM4_PanchaKoralia,Pancha Koralia,,22.0656,90.1539,29066614B74928382834073
ADM4_PanchaKrushi,Pancha Krushi,,24.3254,89.6011,29066614B80334765483388
ADM4_Panchagarh,Panchagarh,,26.3764,88.567,29066614B47363150795067
ADM4_Panchagram,Panchagram,,25.8358,89.5082,29066614B85768215459011
ADM4_Panchakaran,Panchakaran,,22.5294,89.7992,29066614B83533142948880
ADM4_Panchasar,Panchasar,,23.5562,90.5143,29066614B97220944753482
ADM4_Panchbhag,Panchbhag,,24.4,90.6233,29066614B34928168772405
ADM4_PanchbibiPaurashava,Panchbibi Paurashava,,25.183,89.0215,29066614B3555959500937
ADM4_Panchdona,Panchdona,,23.9032,90.6528,29066614B91852362555369
ADM4_Panchgachha,Panchgachha,,25.4732,89.3748,29066614B71682702142956
ADM4_Panchgachhiya,Panchgachhiya,,23.0164,91.3443,29066614B77593195565763
ADM4_Panchgaon_462224,Panchgaon,,23.0625,90.99,29066614B95094170462224
ADM4_Panchgaon_837785,Panchgaon,,23.4588,90.4451,29066614B75261944837785
ADM4_Panchgaon_600537,Panchgaon,,24.5581,91.8338,29066614B52790302600537
ADM4_Panchhari,Panchhari,,23.3145,91.9438,29066614B71032296931459
ADM4_Panchkhola,Panchkhola,,23.1936,90.2205,29066614B95488863445894
ADM4_Panchpir,Panchpir,,26.1321,88.638,29066614B18349059563314
ADM4_Panchthubi,Panchthubi,,23.4872,91.2167,29066614B13464459153500
ADM4_Panchupur,Panchupur,,24.5897,89.0029,29066614B5652251611183
ADM4_Panchuria_091767,Panchuria,,23.3602,89.6222,29066614B66971687091767
ADM4_Panchuria_226931,Panchuria,,23.7228,89.7078,29066614B4286305226931
ADM4_Pandergaon,Pandergaon,,25.0003,91.5044,29066614B47218221588659
ADM4_Pandul,Pandul,,25.7178,89.5981,29066614B59587038502466
ADM4_PangaMatukpur,Panga Matukpur,,26.1294,88.8775,29066614B34747671674281
ADM4_Pangashi,Pangashi,,24.4757,89.5899,29066614B59423060551427
ADM4_Pangashia,Pangashia,,22.4418,90.3106,29066614B41058970420139
ADM4_PangshaPaurashava,Pangsha Paurashava,,23.787,89.419,29066614B79094204883033
ADM4_Panisara,Panisara,,23.0648,89.0851,29066614B53152991818302
ADM4_Paniunda,Paniunda,,24.4787,91.5533,29066614B72782338231681
ADM4_Panjia,Panjia,,22.9165,89.274,29066614B49495658739833
ADM4_Panka_540880,Panka,,24.2866,88.92,29066614B24316255540880
ADM4_Panka_220928,Panka,,24.6164,88.107,29066614B46816477220928
ADM4_Pankhali,Pankhali,,22.6148,89.4876,29066614B21480516716096
ADM4_Panpatty,Panpatty,,22.1124,90.4428,29066614B15773727251425
ADM4_PanthaPara,Pantha Para,,23.3522,88.8594,29066614B57804681307269
ADM4_Panti,Panti,,23.7806,89.2182,29066614B11017449929790
ADM4_ParRamrampur,Par Ramrampur,,25.3194,89.8056,29066614B33401640997523
ADM4_Paraikora,Paraikora,,22.2387,91.9358,29066614B85945650719668
ADM4_Parail_640511,Parail,,24.7627,88.5064,29066614B51152617640511
ADM4_Parail_202481,Parail,,24.7604,89.0439,29066614B96243589202481
ADM4_Parameshwardi,Parameshwardi,,23.3604,89.7581,29066614B84571213435027
ADM4_Paranganj,Paranganj,,24.8355,90.3287,29066614B24499719512332
ADM4_Paranpur,Paranpur,,24.8077,88.6549,29066614B27363974201294
ADM4_Paratali,Paratali,,23.9367,90.9064,29066614B8411394497174
ADM4_Parbatinagar,Parbatinagar,,22.975,90.8608,29066614B83526438825723
ADM4_Parbatipur,Parbatipur,,24.8791,88.4385,29066614B54779506659614
ADM4_Parbhanguria,Parbhanguria,,24.1752,89.3856,29066614B68245171962507
ADM4_Parerhat,Parerhat,,22.5179,89.9624,29066614B39379089865617
ADM4_Paria,Paria,,26.1597,88.2587,29066614B89193015313498
ADM4_Parila,Parila,,24.4158,88.6686,29066614B27681240430985
ADM4_Parki,Parki,,24.3934,90.0763,29066614B6700580256749
ADM4_Parkote,Parkote,,23.0676,90.9292,29066614B51842237969884
ADM4_Parshadanga,Parshadanga,,24.175,89.3386,29066614B93837225474361
ADM4_ParshuramPaurashava,Parshuram Paurashava,,23.2113,91.4546,29066614B60554454128227
ADM4_Parua,Parua,,22.4916,92.0382,29066614B38343937098620
ADM4_Parul,Parul,,25.6819,89.3498,29066614B5598413736909
ADM4_Parulia_659655,Parulia,,23.2284,89.799,29066614B73821269659655
ADM4_Parulia_779086,Parulia,,22.6035,89.0177,29066614B8993453779086
ADM4_Pasargati,Pasargati,,23.3194,89.8193,29066614B50541421701043
ADM4_PaschimBaluthupa,Paschim Baluthupa,,23.2004,90.7283,29066614B71054854009327
ADM4_PaschimBangara,Paschim Bangara,,23.7191,90.946,29066614B42684315607635
ADM4_PaschimBaraBhakhair,Paschim Bara Bhakhair,,24.6501,91.4382,29066614B69580027722658
ADM4_PaschimBaraBheola,Paschim Bara Bheola,,21.7469,91.9953,29066614B15939828570762
ADM4_PaschimBarkul,Paschim Barkul,,23.2336,90.8329,29066614B69107771313124
ADM4_PaschimBirgaon,Paschim Birgaon,,24.8647,91.3966,29066614B74631482822093
ADM4_PaschimCharDukhia,Paschim Char Dukhia,,23.0795,90.699,29066614B79101275128879
ADM4_PaschimCharUmed,Paschim Char Umed,,22.2683,90.7009,29066614B86529871436134
ADM4_PaschimChhatnai,Paschim Chhatnai,,26.2629,88.8918,29066614B93134279939777
ADM4_PaschimDhemsa,Paschim Dhemsa,,22.101,92.0405,29066614B4132559286181
ADM4_PaschimDighirpar,Paschim Dighirpar,,25.0032,92.2873,29066614B59124865677781
ADM4_PaschimFatehpur,Paschim Fatehpur,,23.3854,90.6636,29066614B82581752190605
ADM4_PaschimGauripur,Paschim Gauripur,,24.6983,91.8633,29066614B95019635081719
ADM4_PaschimGomdandi,Paschim Gomdandi,,22.3664,91.8977,29066614B53533570138959
ADM4_PaschimGupti,Paschim Gupti,,23.1434,90.8168,29066614B27527116934888
ADM4_PaschimGuzara,Paschim Guzara,,22.4607,91.8899,29066614B51545473147476
ADM4_PaschimIllisha,Paschim Illisha,,22.7249,90.5938,29066614B70993922150686
ADM4_PaschimJaflong,Paschim Jaflong,,25.1401,91.9552,29066614B57428884513000
ADM4_PaschimJorekaran,Paschim Jorekaran,,23.374,91.2324,29066614B64627073278009
ADM4_PaschimJuri,Paschim Juri,,24.6178,92.1353,29066614B48890250118670
ADM4_PaschimLakshmipRasad,Paschim Lakshmip Rasad,,25.0647,92.2581,29066614B16955441420088
ADM4_PaschimNabinagar,Paschim Nabinagar,,23.9019,90.9421,29066614B87361921566432
ADM4_PaschimNabipur,Paschim Nabipur,,23.6381,90.9494,29066614B25584798246971
ADM4_PaschimPagla,Paschim Pagla,,24.9165,91.4463,29066614B63167125830741
ADM4_PaschimPailanpur,Paschim Pailanpur,,24.6342,91.7143,29066614B67950825782256
ADM4_PaschimPanchgachhia,Paschim Panchgachhia,,23.4493,90.7285,29066614B25593420410189
ADM4_PaschimPurbadhair,Paschim Purbadhair,,23.7094,91.0059,29066614B16275928179287
ADM4_PaschimRupasdi,Paschim Rupasdi,,23.7694,90.8558,29066614B17157807305658
ADM4_PaschimSahadebpur,Paschim Sahadebpur,,23.376,90.8203,29066614B52649558298328
ADM4_PaschimSaifullakandi,Paschim Saifullakandi,,23.794,90.8366,29066614B8729452517655
ADM4_PaschimSubidpur,Paschim Subidpur,,23.1982,90.7967,29066614B10340994732637
ADM4_PaschimTalsahar,Paschim Talsahar,,24.0276,91.0464,29066614B10320285360389
ADM4_PaschimUjanChar,Paschim Ujan Char,,23.7268,90.7438,29066614B46402098833480
ADM4_Pashapole,Pashapole,,23.1976,89.0784,29066614B76217239808699
ADM4_Pashuram,Pashuram,,25.7936,89.2535,29066614B90937671606437
ADM4_Patabhog,Patabhog,,23.5271,90.2882,29066614B8563119723248
ADM4_Patali,Patali,,24.8012,91.5869,29066614B9187690959252
ADM4_PataliMachhuakhali,Patali Machhuakhali,,21.4604,92.0361,29066614B36861871833607
ADM4_Patanushar,Patanushar,,24.4287,91.8808,29066614B93195093346328
ADM4_PatarirHat,Patarir Hat,,22.7256,90.8629,29066614B19041870133555
ADM4_Patgati,Patgati,,22.9038,89.8962,29066614B75751071668510
ADM4_Patgram,Patgram,,26.366,89.0027,29066614B77054792630630
ADM4_Pathachhara,Pathachhara,,22.9248,91.7987,29066614B55908496073693
ADM4_Pathair,Pathair,,23.4356,90.8147,29066614B56541465794066
ADM4_Pathakata,Pathakata,,24.9267,90.1938,29066614B39149016406947
ADM4_Pathaliapart,Pathalia (part),,23.8982,90.2518,29066614B95497117768199
ADM4_Pathannagar,Pathannagar,,23.0408,91.4624,29066614B76683288158274
ADM4_Pathardubi,Pathardubi,,26.1505,89.6288,29066614B77746694125444
ADM4_Patharghata,Patharghata,,22.0028,89.9525,29066614B70011659229741
ADM4_Pathari,Pathari,,25.1502,88.4654,29066614B49307324536761
ADM4_Patharia,Patharia,,24.8952,91.3444,29066614B9291875261896
ADM4_Patharsi,Patharsi,,25.1089,89.7478,29066614B58952131258122
ADM4_Pathrail,Pathrail,,24.1986,89.9274,29066614B92903343312560
ADM4_Patibila,Patibila,,23.2894,89.0373,29066614B61180863332261
ADM4_Patichara,Patichara,,25.0844,88.7866,29066614B47165164553715
ADM4_PatikaPara,Patika Para,,26.0712,89.122,29066614B31210614387334
ADM4_PatiyaPaurashava,Patiya Paurashava,,22.2968,91.9756,29066614B4186535884173
ADM4_Patkelghata,Patkelghata,,22.3776,90.0454,29066614B82510512420142
ADM4_Patnitala,Patnitala,,25.0453,88.7158,29066614B57038334667928
ADM4_Patta,Patta,,23.7173,89.3946,29066614B7632716198353
ADM4_Pattan,Pattan,,23.9601,91.177,29066614B30670266647848
ADM4_Pattashi,Pattashi,,22.4823,89.938,29066614B80015611242669
ADM4_Patuabhanga,Patuabhanga,,24.3092,90.7415,29066614B20786341449297
ADM4_Patuli,Patuli,,24.1409,90.7948,29066614B76601531159734
ADM4_Paurashava_519589,Paurashava,,22.1214,90.2229,29066614B45759183519589
ADM4_Paurashava_317521,Paurashava,,22.1483,90.1287,29066614B54377508317521
ADM4_Paurashava_974193,Paurashava,,22.4105,90.1725,29066614B33760882974193
ADM4_Paurashava_821448,Paurashava,,22.0434,89.9645,29066614B20397953821448
ADM4_Paurashava_959023,Paurashava,,22.5457,90.3443,29066614B78491478959023
ADM4_Paurashava_296917,Paurashava,,22.7844,90.158,29066614B48408498296917
ADM4_Paurashava_187630,Paurashava,,22.9695,90.2269,29066614B30777975187630
ADM4_Paurashava_664991,Paurashava,,22.8247,90.5252,29066614B83662207664991
ADM4_Paurashava_222962,Paurashava,,22.9138,90.405,29066614B69529796222962
ADM4_Paurashava_168836,Paurashava,,22.6809,90.6489,29066614B9004906168836
ADM4_Paurashava_892553,Paurashava,,22.4983,90.7177,29066614B39956842892553
ADM4_Paurashava_042435,Paurashava,,22.1803,90.744,29066614B32498897042435
ADM4_Paurashava_716878,Paurashava,,22.5997,90.7459,29066614B19981557716878
ADM4_Paurashava_328550,Paurashava,,22.3357,90.729,29066614B28156127328550
ADM4_Paurashava_010862,Paurashava,,22.647,90.1947,29066614B3629968010862
ADM4_Paurashava_211781,Paurashava,,22.6386,90.2853,29066614B51203990211781
ADM4_Paurashava_289182,Paurashava,,22.4128,90.5289,29066614B61520226289182
ADM4_Paurashava_481794,Paurashava,,22.1627,90.4189,29066614B16731420481794
ADM4_Paurashava_107120,Paurashava,,21.9936,90.2269,29066614B5029068107120
ADM4_Paurashava_205649,Paurashava,,22.359,90.3286,29066614B96391123205649
ADM4_Paurashava_768148,Paurashava,,22.2942,89.9428,29066614B48178546768148
ADM4_Paurashava_410180,Paurashava,,22.5832,89.9777,29066614B16601767410180
ADM4_Paurashava_469945,Paurashava,,22.7464,90.1045,29066614B49345959469945
ADM4_Paurashava_154349,Paurashava,,24.8156,89.3721,29066614B89030324154349
ADM4_Paurashava_449667,Paurashava,,25.3673,88.9901,29066614B41327848449667
ADM4_Paurashava_036590,Paurashava,,25.8519,88.6481,29066614B3823524036590
ADM4_Paurashava_530873,Paurashava,,25.4898,88.9622,29066614B94594892530873
ADM4_Paurashava_066239,Paurashava,,25.2434,89.2648,29066614B86864225066239
ADM4_Paurashava_836580,Paurashava,,25.2803,89.0354,29066614B75077440836580
ADM4_Paurashava_702502,Paurashava,,25.6248,88.6366,29066614B68709257702502
ADM4_Paurashava_039613,Paurashava,,25.6546,88.913,29066614B26940062039613
ADM4_Paurashava_017944,Paurashava,,25.3328,89.5578,29066614B50990591017944
ADM4_Paurashava_669043,Paurashava,,25.1399,89.3896,29066614B78496835669043
ADM4_Paurashava_192695,Paurashava,,25.8125,89.6452,29066614B86258989192695
ADM4_Paurashava_419912,Paurashava,,25.9628,89.687,29066614B31310309419912
ADM4_Paurashava_682494,Paurashava,,25.6783,89.5961,29066614B30191589682494
ADM4_Paurashava_029018,Paurashava,,25.9117,89.4511,29066614B51606874029018
ADM4_Paurashava_684054,Paurashava,,26.3392,89.0305,29066614B27550481684054
ADM4_Paurashava_908061,Paurashava,,26.0943,88.824,29066614B20776732908061
ADM4_Paurashava_046009,Paurashava,,26.0154,89.0199,29066614B38806320046009
ADM4_Paurashava_263908,Paurashava,,25.9337,88.8412,29066614B36067647263908
ADM4_Paurashava_407753,Paurashava,,25.7851,88.8918,29066614B51360199407753
ADM4_Paurashava_449341,Paurashava,,26.2031,88.5675,29066614B32573428449341
ADM4_Paurashava_623756,Paurashava,,26.3275,88.5637,29066614B85020709623756
ADM4_Paurashava_666104,Paurashava,,25.6727,89.0624,29066614B64770091666104
ADM4_Paurashava_666251,Paurashava,,25.8051,89.3326,29066614B24267497666251
ADM4_Paurashava_801884,Paurashava,,25.7413,89.2589,29066614B53827099801884
ADM4_Paurashava_693616,Paurashava,,25.8642,88.3551,29066614B61640740693616
ADM4_Paurashava_543706,Paurashava,,25.8933,88.2613,29066614B94652476543706
ADM4_Paurashava_323938,Paurashava,,26.0318,88.4627,29066614B17393145323938
ADM4_Payari,Payari,,24.9329,90.3493,29066614B64623521936039
ADM4_Payra,Payra,,22.9594,89.3831,29066614B49088838488039
ADM4_Pearpur_696722,Pearpur,,23.1802,90.1439,29066614B45237617696722
ADM4_Pearpur_020548,Pearpur,,23.9909,88.9385,29066614B50056493020548
ADM4_Pekua,Pekua,,21.815,91.9732,29066614B6607725554410
ADM4_Perachhara,Perachhara,,23.1369,92.0013,29066614B44014726230045
ADM4_Peria,Peria,,23.2111,91.2038,29066614B23953780952210
ADM4_Perikhali,Perikhali,,22.5407,89.6714,29066614B42969027382247
ADM4_PerkrishnapurMadna,Perkrishnapur Madna,,23.5112,88.7535,29066614B79158286471432
ADM4_PerulDakshin,Perul (Dakshin),,23.2691,91.1478,29066614B71381252133776
ADM4_PerulUttar,Perul (Uttar),,23.2949,91.1403,29066614B43532990848153
ADM4_Peruli,Peruli,,23.0186,89.5422,29066614B952741436525
ADM4_Philipnagar,Philipnagar,,24.0731,88.8221,29066614B83909429793833
ADM4_Phulbari,Phulbari,,25.9472,89.5694,29066614B74965020497178
ADM4_Phuljhury,Phuljhury,,22.2208,90.1408,29066614B54772801810434
ADM4_Phulpur,Phulpur,,24.9827,90.3762,29066614B8799987205314
ADM4_PhulpurPaurashava,Phulpur Paurashava,,24.962,90.3568,29066614B9761595486728
ADM4_Phulsara,Phulsara,,23.251,89.0936,29066614B21244166771879
ADM4_Phulsuti,Phulsuti,,23.4357,89.9183,29066614B31144251008519
ADM4_Phultala,Phultala,,22.9872,89.448,29066614B55779070649909
ADM4_Piljanga,Piljanga,,22.7352,89.6668,29066614B25695710925945
ADM4_Pingna,Pingna,,24.6062,89.8036,29066614B53062779557034
ADM4_Pinjuri,Pinjuri,,22.9552,89.9629,29066614B75450313915699
ADM4_Piprul,Piprul,,24.4815,89.0074,29066614B99430519342457
ADM4_PirJatrapur,Pir Jatrapur,,23.5509,91.102,29066614B88722266863727
ADM4_Pirab,Pirab,,24.9767,89.2084,29066614B62678817867636
ADM4_Pirgachha,Pirgachha,,25.6542,89.4032,29066614B71531497604998
ADM4_Pirganj_450902,Pirganj,,25.4406,89.2984,29066614B20741014450902
ADM4_Pirganj_108144,Pirganj,,25.8794,88.3289,29066614B39099426108144
ADM4_Pirijpur_906478,Pirijpur,,24.2242,90.8548,29066614B17279390906478
ADM4_Pirijpur_516957,Pirijpur,,23.6187,90.6028,29066614B14773319516957
ADM4_Pirojpur,Pirojpur,,23.7137,88.7298,29066614B63785561204063
ADM4_Pogaldigha,Pogaldigha,,24.7032,89.8133,29066614B11006239062001
ADM4_Pogla,Pogla,,25.002,90.871,29066614B74264289687697
ADM4_Poil,Poil,,24.3612,91.4589,29066614B28544179949639
ADM4_Pokkhali,Pokkhali,,21.5711,92.0163,29066614B67550157465491
ADM4_Pomara,Pomara,,22.4634,92.0038,29066614B25252102563005
ADM4_Ponabalia,Ponabalia,,22.6143,90.1996,29066614B41050900174685
ADM4_Popadia,Popadia,,22.3899,91.9469,29066614B70446604319473
ADM4_PoraKandulia,Pora Kandulia,,25.0603,90.5756,29066614B40647922226518
ADM4_Porabari,Porabari,,24.2142,89.8691,29066614B82087285083208
ADM4_Poradaha,Poradaha,,23.8768,89.0451,29066614B20504938683430
ADM4_Poragaon,Poragaon,,25.201,90.1598,29066614B35048752690136
ADM4_Porahati,Porahati,,23.5585,89.2228,29066614B10250139821827
ADM4_Porjana,Porjana,,24.1502,89.6444,29066614B60575532578591
ADM4_Potajia,Potajia,,24.1506,89.561,29066614B84960673114240
ADM4_Prahladpur,Prahladpur,,24.0542,90.464,29066614B22815546832949
ADM4_Prambag,Prambag,,23.0848,89.3438,29066614B54337140506430
ADM4_Prasadpur,Prasadpur,,24.7562,88.7458,29066614B72136378610015
ADM4_PratapNagar,Pratap Nagar,,22.3828,89.2251,29066614B42955612223339
ADM4_Prayagpur,Prayagpur,,24.0249,88.7634,29066614B357854007330
ADM4_PrithimPasha,Prithim Pasha,,24.4267,91.9962,29066614B40099855233602
ADM4_Pubail,Pubail,,23.9285,90.453,29066614B82958549030356
ADM4_Puichhari,Puichhari,,21.9184,91.9885,29066614B11639859063178
ADM4_Puisur,Puisur,,23.1443,89.8486,29066614B63420082156534
ADM4_Pukhra,Pukhra,,24.4491,91.4219,29066614B65714562809519
ADM4_Pukuria,Pukuria,,22.1445,91.9312,29066614B22529111136233
ADM4_Pumdi,Pumdi,,24.4292,90.6992,29066614B31435785432020
ADM4_Punat,Punat,,25.048,89.2187,29066614B88743211961954
ADM4_Punatti,Punatti,,25.551,88.804,29066614B27316973959895
ADM4_Punchgachhi,Punchgachhi,,25.803,89.6999,29066614B183273926084
ADM4_Pungali,Pungali,,24.1789,89.4999,29066614B23548343717113
ADM4_PuraPara,Pura Para,,23.3745,89.8664,29066614B82285106896297
ADM4_PuranBharenga,Puran Bharenga,,23.9454,89.6711,29066614B56934125620376
ADM4_Puranagar,Puranagar,,22.1645,92.1405,29066614B24159997535572
ADM4_Puranapail,Puranapail,,25.1292,89.0567,29066614B82627950925021
ADM4_PurbaAustagram,Purba Austagram,,24.3421,91.11,29066614B48781697558322
ADM4_PurbaBaluthupa,Purba Baluthupa,,23.2038,90.7613,29066614B67102675833898
ADM4_PurbaBangara,Purba Bangara,,23.7211,90.984,29066614B4416986620220
ADM4_PurbaBaraBakhair,Purba Bara Bakhair,,24.6488,91.5101,29066614B84428868459562
ADM4_PurbaBarabheola,Purba Barabheola,,21.7699,92.0328,29066614B48758980366462
ADM4_PurbaBarkul,Purba Barkul,,23.2262,90.8605,29066614B10258642177043
ADM4_PurbaBirgoan,Purba Birgoan,,24.8811,91.4254,29066614B759590523607
ADM4_PurbaChandrapur,Purba Chandrapur,,22.9754,91.2894,29066614B56410304572803
ADM4_PurbaCharBata,Purba Char Bata,,22.5974,91.1715,29066614B63259517534983
ADM4_PurbaCharDukhia,Purba Char Dukhia,,23.0714,90.7277,29066614B94737636196921
ADM4_PurbaCharMatua,Purba Char Matua,,22.8284,90.9673,29066614B64692667475958
ADM4_PurbaChhatnai,Purba Chhatnai,,26.2484,88.9298,29066614B54686507809562
ADM4_PurbaDamudya,Purba Damudya,,23.1318,90.4702,29066614B556580672459
ADM4_PurbaDeulbaridobra,Purba Deulbaridobra,,22.8216,90.0164,29066614B49839749189653
ADM4_PurbaDighirpar,Purba Dighirpar,,24.9868,92.3335,29066614B30364465445995
ADM4_PurbaFatehpur,Purba Fatehpur,,23.384,90.6912,29066614B71644449278628
ADM4_PurbaGauripur,Purba Gauripur,,24.6738,91.8913,29066614B75734720524124
ADM4_PurbaGomdandi,Purba Gomdandi,,22.3775,91.9209,29066614B35294767816890
ADM4_PurbaGupti,Purba Gupti,,23.17,90.839,29066614B4453344359394
ADM4_PurbaGuzara,Purba Guzara,,22.4798,91.9152,29066614B11162553030297
ADM4_PurbaJaflong,Purba Jaflong,,25.1535,92.018,29066614B14031866654949
ADM4_PurbaJorekaran,Purba Jorekaran,,23.3692,91.2705,29066614B77279642786281
ADM4_PurbaJuri,Purba Juri,,24.5845,92.1886,29066614B74378347582352
ADM4_PurbaLakshmiPrasad,Purba Lakshmi Prasad,,25.0306,92.354,29066614B449259006319
ADM4_PurbaNabinagar,Purba Nabinagar,,23.8913,90.9931,29066614B45773642163081
ADM4_PurbaNabipur,Purba Nabipur,,23.6513,90.9745,29066614B8834521127793
ADM4_PurbaNaodoba,Purba Naodoba,,23.4077,90.2864,29066614B49048138637058
ADM4_PurbaPagla,Purba Pagla,,24.956,91.4656,29066614B5693635504275
ADM4_PurbaPailanpur,Purba Pailanpur,,24.6164,91.7407,29066614B12538896516998
ADM4_PurbaPurbadhair,Purba Purbadhair,,23.7124,91.031,29066614B7543541600096
ADM4_PurbaRupasdi,Purba Rupasdi,,23.7477,90.8735,29066614B17004455699289
ADM4_PurbaSahadebpur,Purba Sahadebpur,,23.3843,90.8532,29066614B71785182456525
ADM4_PurbaSaifullakandi,Purba Saifullakandi,,23.8006,90.867,29066614B1744368768692
ADM4_PurbaSubidpur,Purba Subidpur,,23.1989,90.8287,29066614B35686735162165
ADM4_PurbaTalsahar,Purba Talsahar,,24.0225,91.0766,29066614B82655601517690
ADM4_PurbaUjanChar,Purba Ujan Char,,23.715,90.7725,29066614B70360820802710
ADM4_Purbabagh,Purbabagh,,24.1353,91.2293,29066614B28331755767785
ADM4_Purbadhala,Purbadhala,,24.9331,90.6265,29066614B79289298636012
ADM4_PurbadhalaPaurashava,Purbadhala Paurashava,,24.9481,90.6017,29066614B89359437294325
ADM4_Purnimaganti,Purnimaganti,,24.3232,89.5187,29066614B62238194953872
ADM4_Purulia,Purulia,,23.0396,89.5721,29066614B14583585949826
ADM4_Putail,Putail,,23.8024,90.0224,29066614B16518943095275
ADM4_Puthia,Puthia,,24.373,88.8234,29066614B53465806955703
ADM4_PuthiaPaurashava,Puthia Paurashava,,24.3609,88.8432,29066614B45927286540002
ADM4_Putia,Putia,,23.9713,90.7244,29066614B93385491800043
ADM4_Putibila,Putibila,,21.9593,92.1574,29066614B34779439563693
ADM4_Putijana,Putijana,,24.641,90.2046,29066614B36609121808110
ADM4_Putijuri,Putijuri,,24.3895,91.586,29066614B35878921476104
ADM4_Putikhali,Putikhali,,22.5168,89.8383,29066614B53387109211743
ADM4_Putimara,Putimara,,25.3297,89.0721,29066614B67556136063962
ADM4_Putimari,Putimari,,25.9337,88.9914,29066614B98495954491707
ADM4_Putkhali,Putkhali,,23.0011,88.8994,29066614B55620757763057
ADM4_Radhaganj,Radhaganj,,23.0332,90.0352,29066614B64005709857054
ADM4_Radhakanai,Radhakanai,,24.5898,90.3178,29066614B66930595523204
ADM4_Radhanagar_492976,Radhanagar,,23.6466,90.7393,29066614B49734942492976
ADM4_Radhanagar_150586,Radhanagar,,23.0077,91.5151,29066614B33918083150586
ADM4_Radhanagar_255407,Radhanagar,,24.0346,90.9064,29066614B81104000255407
ADM4_Radhanagar_517689,Radhanagar,,24.9141,88.3831,29066614B77914434517689
ADM4_Radhanagar_736661,Radhanagar,,26.2209,88.4358,29066614B73987358736661
ADM4_Radhanagar_625773,Radhanagar,,25.7252,88.9968,29066614B30254540625773
ADM4_Rafinagar,Rafinagar,,24.8279,91.2311,29066614B56862566003256
ADM4_RaghabDair,Raghab Dair,,23.4526,89.335,29066614B63468539618139
ADM4_Raghdi,Raghdi,,23.262,90.0083,29066614B12765175709021
ADM4_Raghunathpur_416698,Raghunathpur,,22.9855,89.8697,29066614B45729788416698
ADM4_Raghunathpur_056389,Raghunathpur,,23.6516,89.1087,29066614B84631470056389
ADM4_Raghunathpur_728439,Raghunathpur,,22.8779,89.417,29066614B22770884728439
ADM4_RahanpurPaurashava,Rahanpur Paurashava,,24.8075,88.3165,29066614B3016645308380
ADM4_Rahimanpur,Rahimanpur,,26.0402,88.3903,29066614B95472546174058
ADM4_Rahimganj,Rahimganj,,24.8886,90.3392,29066614B36516647078358
ADM4_Rahimpur,Rahimpur,,24.4247,91.8178,29066614B38202368589401
ADM4_Rahmatpur_423138,Rahmatpur,,22.8097,90.3155,29066614B43178539423138
ADM4_Rahmatpur_985324,Rahmatpur,,22.4876,91.444,29066614B32655884985324
ADM4_Raihanpur,Raihanpur,,22.1899,89.9959,29066614B61218894396370
ADM4_Raikali,Raikali,,24.8982,89.067,29066614B80507136117152
ADM4_Raikhali,Raikhali,,22.4174,92.1687,29066614B36154636629904
ADM4_Raipur,Raipur,,23.5525,89.6835,29066614B99682906658637
ADM4_Raituti,Raituti,,24.589,90.996,29066614B8948249572030
ADM4_RajaPalong,Raja Palong,,21.2482,92.146,29066614B15592502324592
ADM4_Rajabari,Rajabari,,24.1168,90.4822,29066614B54560014194530
ADM4_Rajaganj,Rajaganj,,24.9222,92.063,29066614B55450315770976
ADM4_Rajagaon,Rajagaon,,26.1607,88.4483,29066614B39752978365293
ADM4_Rajahar,Rajahar,,25.1214,89.2666,29066614B23338592690011
ADM4_Rajai,Rajai,,24.3528,90.4593,29066614B53858411388881
ADM4_Rajakhali,Rajakhali,,21.8584,91.938,29066614B80366359629410
ADM4_Rajamehar,Rajamehar,,23.5449,90.9313,29066614B53831920336506
ADM4_Rajanagar_625850,Rajanagar,,22.5706,92.0286,29066614B82397902625850
ADM4_Rajanagar_544130,Rajanagar,,23.6336,90.3049,29066614B92842607544130
ADM4_Rajanagar_176014,Rajanagar,,24.8212,91.3058,29066614B55593968176014
ADM4_Rajapur_206402,Rajapur,,22.7798,90.5962,29066614B70208017206402
ADM4_Rajapur_123009,Rajapur,,22.5546,90.1251,29066614B57959420123009
ADM4_Rajapur_837687,Rajapur,,23.5879,91.1487,29066614B30694705837687
ADM4_Rajapur_546619,Rajapur,,22.9993,91.288,29066614B13124346546619
ADM4_Rajapur_771213,Rajapur,,23.3778,89.529,29066614B86141438771213
ADM4_Rajapur_498337,Rajapur,,24.8808,89.3939,29066614B1115598498337
ADM4_Rajapur_211944,Rajapur,,24.3461,89.7187,29066614B20057181211944
ADM4_Rajarhat,Rajarhat,,25.803,89.5422,29066614B97807097877098
ADM4_Rajarkul,Rajarkul,,21.4043,92.1054,29066614B38837216710645
ADM4_RajbariPaurashava,Rajbari Paurashava,,23.7582,89.6465,29066614B8908467569076
ADM4_Rajbila,Rajbila,,22.3049,92.2258,29066614B84002902066560
ADM4_Rajendrapur,Rajendrapur,,25.7604,89.1856,29066614B92751110671729
ADM4_Rajganj,Rajganj,,22.8964,91.051,29066614B71515025052268
ADM4_Rajgati,Rajgati,,24.5622,90.7875,29066614B95524302410779
ADM4_Rajghat,Rajghat,,24.1958,91.709,29066614B63864941334498
ADM4_Rajibpur,Rajibpur,,24.6018,90.5394,29066614B99025067717164
ADM4_Rajiher,Rajiher,,23.0157,90.1602,29066614B31495281538844
ADM4_Rajnagar_987551,Rajnagar,,23.3012,90.3398,29066614B73205596987551
ADM4_Rajnagar_717413,Rajnagar,,22.5954,89.5754,29066614B5829353717413
ADM4_Rajnagar_716761,Rajnagar,,25.1187,90.1139,29066614B33121521716761
ADM4_Rajnagar_196684,Rajnagar,,24.5447,91.8741,29066614B56984580196684
ADM4_Rajoir,Rajoir,,23.1876,90.0305,29066614B12553606041407
ADM4_Rajpat,Rajpat,,23.1797,89.8579,29066614B51471257957442
ADM4_Rajpur,Rajpur,,25.8196,89.4022,29066614B33672589859552
ADM4_Rajrajeshwar,Rajrajeshwar,,23.2831,90.6015,29066614B16185568035591
ADM4_RakhalBuruz,Rakhal Buruz,,25.1574,89.4513,29066614B13385328238077
ADM4_Rakhalgachhi_118340,Rakhalgachhi,,22.7026,89.6784,29066614B730635118340
ADM4_Rakhalgachhi_732253,Rakhalgachhi,,23.3409,89.0999,29066614B62468265732253
ADM4_RamanandaKhajura,Ramananda Khajura,,24.5936,89.1921,29066614B82210217748916
ADM4_Rambhadrapur_747662,Rambhadrapur,,23.2163,90.4629,29066614B12344488747662
ADM4_Rambhadrapur_807979,Rambhadrapur,,24.9178,90.2644,29066614B58757873807979
ADM4_RamchandrakuraMandalia,Ramchandrakura Mandalia,,25.1719,90.2318,29066614B93068393654297
ADM4_Ramchandrapur_008549,Ramchandrapur,,22.5524,89.9078,29066614B30088728008549
ADM4_Ramchandrapur_985320,Ramchandrapur,,25.7655,88.6265,29066614B74634107985320
ADM4_Ramchandrapur_828970,Ramchandrapur,,25.2898,89.5023,29066614B54702086828970
ADM4_Ramdi,Ramdi,,24.1785,90.8886,29066614B88681252223600
ADM4_Rameshwarpur,Rameshwarpur,,24.9237,89.4268,29066614B46207124451134
ADM4_Ramganj,Ramganj,,22.2799,90.7668,29066614B87704997917024
ADM4_RamganjPaurashava,Ramganj Paurashava,,23.0962,90.8628,29066614B87789132411296
ADM4_Ramgarh,Ramgarh,,22.9787,91.7577,29066614B8958470326660
ADM4_RamgarhPaurashava,Ramgarh Paurashava,,22.9332,91.7378,29066614B53566076233488
ADM4_RamgatiPaurashava,Ramgati Paurashava,,22.6516,90.9381,29066614B43288838924913
ADM4_Ramgopalpur,Ramgopalpur,,24.713,90.5584,29066614B41122371247342
ADM4_RamjanNagar,Ramjan Nagar,,22.2501,89.084,29066614B37070879347827
ADM4_Ramjanpur,Ramjanpur,,22.9961,90.2485,29066614B52689811131220
ADM4_Ramjiban,Ramjiban,,25.5075,89.5145,29066614B91867299194460
ADM4_Ramkantapur_925596,Ramkantapur,,23.4314,89.7582,29066614B74937123925596
ADM4_Ramkantapur_958874,Ramkantapur,,23.7337,89.6222,29066614B18343370958874
ADM4_Ramkhana,Ramkhana,,26.0435,89.6361,29066614B17796770232725
ADM4_Ramkrishnapur_303558,Ramkrishnapur,,23.7308,89.9414,29066614B42010629303558
ADM4_Ramkrishnapur_885626,Ramkrishnapur,,24.0805,88.7502,29066614B81267895885626
ADM4_Ramkrishnapur_116193,Ramkrishnapur,,24.3968,89.4531,29066614B8787242116193
ADM4_Ramna_351962,Ramna,,22.2594,90.0637,29066614B28908773351962
ADM4_Ramna_034498,Ramna,,25.5594,89.6685,29066614B29928136034498
ADM4_Ramnagar_698874,Ramnagar,,22.945,91.2775,29066614B15235146698874
ADM4_Ramnagar_634536,Ramnagar,,23.5307,89.9044,29066614B17083072634536
ADM4_Ramnagar_108024,Ramnagar,,23.1148,89.2339,29066614B67458558108024
ADM4_Ramnagar_452775,Ramnagar,,25.9695,88.903,29066614B64399669452775
ADM4_Ramnarayanpur,Ramnarayanpur,,23.0068,90.9433,29066614B7760744754178
ADM4_Ramnathpur_154646,Ramnathpur,,25.6637,89.0075,29066614B65349906154646
ADM4_Ramnathpur_763431,Ramnathpur,,25.3826,89.3295,29066614B57212145763431
ADM4_Rampal_537850,Rampal,,23.5411,90.4915,29066614B42818471537850
ADM4_Rampal_678416,Rampal,,22.5911,89.6337,29066614B77588736678416
ADM4_Rampasha,Rampasha,,24.8438,91.7293,29066614B6911630881878
ADM4_Rampur_501257,Rampur,,23.2362,90.7664,29066614B57097458501257
ADM4_Rampur_001708,Rampur,,22.8075,91.2899,29066614B81265908001708
ADM4_Rampur_552217,Rampur,,24.8509,90.5035,29066614B82850758552217
ADM4_Rampur_060695,Rampur,,24.5759,90.4312,29066614B73203588060695
ADM4_Rampur_529972,Rampur,,25.6653,88.9404,29066614B21909576529972
ADM4_Ramrail,Ramrail,,23.9274,91.1008,29066614B65443896228702
ADM4_Ramshil,Ramshil,,23.0249,90.0975,29066614B39324501390646
ADM4_Ranachandi,Ranachandi,,25.9353,89.0738,29066614B53034692370778
ADM4_Ranagachha,Ranagachha,,24.8517,90.0515,29066614B22081955817772
ADM4_Ranapasha,Ranapasha,,22.5356,90.2088,29066614B85290169100342
ADM4_Rangabali,Rangabali,,21.933,90.4262,29066614B55495711067927
ADM4_RangamatiPaurashava,Rangamati Paurashava,,22.6332,92.1708,29066614B45262456635704
ADM4_Rangamatia_209789,Rangamatia,,22.6956,91.8066,29066614B21603699209789
ADM4_Rangamatia_215754,Rangamatia,,24.5507,90.1879,29066614B83278025215754
ADM4_Rangaon,Rangaon,,25.7658,88.415,29066614B63139808222117
ADM4_RangarChar,Rangar Char,,25.1165,91.4685,29066614B50641023150956
ADM4_Rangasree,Rangasree,,22.5514,90.3114,29066614B95193659249914
ADM4_Rangchhati,Rangchhati,,25.1363,90.9113,29066614B83594266520000
ADM4_Rangopaldi,Rangopaldi,,22.2104,90.511,29066614B37152324305004
ADM4_Rangpur,Rangpur,,22.8804,89.4539,29066614B96972037039179
ADM4_Rangunia,Rangunia,,22.4701,92.0922,29066614B21765039246222
ADM4_RanguniaPaurashava,Rangunia Paurashava,,22.4816,92.0743,29066614B19210248091678
ADM4_RaniPukur_700320,Rani Pukur,,25.6012,88.5271,29066614B82862096700320
ADM4_RaniPukur_584359,Rani Pukur,,25.6378,89.2311,29066614B57449060584359
ADM4_RaniShimul,Rani Shimul,,25.2265,89.9706,29066614B71879448984253
ADM4_Raniganj_162407,Raniganj,,25.6265,89.6949,29066614B54228409162407
ADM4_Raniganj_858170,Raniganj,,24.7064,91.5203,29066614B65379269858170
ADM4_Ranigaon,Ranigaon,,24.1929,91.597,29066614B88512709756635
ADM4_Ranihati,Ranihati,,24.6042,88.2177,29066614B46690901415621
ADM4_RanikhaiDakshin,Ranikhai Dakshin,,25.0584,91.8169,29066614B10074287371272
ADM4_RanikhaiUttar,Ranikhai Uttar,,25.1376,91.8192,29066614B92768071567951
ADM4_Raninagar_635067,Raninagar,,24.7318,88.9838,29066614B60399022635067
ADM4_Raninagar_063214,Raninagar,,23.9031,89.563,29066614B51906421063214
ADM4_Raona,Raona,,24.435,90.4939,29066614B47892682026176
ADM4_Raozan,Raozan,,22.5298,91.9498,29066614B88006918560183
ADM4_RaozanPaurashava,Raozan Paurashava,,22.5359,91.9068,29066614B23420550751046
ADM4_RariPara,Rari Para,,22.6182,89.8506,29066614B93728813786839
ADM4_Rarikhal,Rarikhal,,23.5222,90.237,29066614B41920254468241
ADM4_Raruli,Raruli,,22.609,89.2699,29066614B75274829542863
ADM4_RashidNagar,Rashid Nagar,,21.5073,92.0787,29066614B28687473991003
ADM4_Rashidabad,Rashidabad,,24.4628,90.7377,29066614B17281349483683
ADM4_Rashidpur,Rashidpur,,24.7574,89.9857,29066614B75958688411846
ADM4_Rasti,Rasti,,23.1847,90.1835,29066614B82912430508424
ADM4_RasulPur,Rasul Pur,,22.0737,90.6969,29066614B85503169846170
ADM4_Rasullabad,Rasullabad,,23.8259,90.9328,29066614B93635585596349
ADM4_Rasulpur_806871,Rasulpur,,23.6455,91.0089,29066614B36497477806871
ADM4_Rasulpur_812460,Rasulpur,,22.9337,91.1883,29066614B10202114812460
ADM4_Rasulpur_807144,Rasulpur,,24.5034,90.1424,29066614B19685796807144
ADM4_Rasulpur_398010,Rasulpur,,24.5121,90.4703,29066614B59213387398010
ADM4_Rasulpur_344947,Rasulpur,,24.8258,88.468,29066614B99583616344947
ADM4_Rasulpur_710810,Rasulpur,,25.8205,88.57,29066614B19616364710810
ADM4_Rasulpur_010696,Rasulpur,,25.4456,89.4134,29066614B73396997010696
ADM4_Rasunia,Rasunia,,23.5776,90.3645,29066614B64398120348356
ADM4_Ratail,Ratail,,23.189,89.7254,29066614B49094981699825
ADM4_RatandiTaltali,Ratandi Taltali,,22.1547,90.4714,29066614B66372950215966
ADM4_Ratandia,Ratandia,,23.7904,89.4984,29066614B19882704098026
ADM4_Ratankandi,Ratankandi,,24.5746,89.6306,29066614B80713432142857
ADM4_Ratanpur_866283,Ratanpur,,23.7856,90.9072,29066614B41252173866283
ADM4_Ratanpur_949012,Ratanpur,,22.3469,89.0144,29066614B36168528949012
ADM4_RatnaPalong,Ratna Palong,,21.2823,92.1456,29066614B99220166415878
ADM4_Ratnapur,Ratnapur,,22.9255,90.1703,29066614B12304394915532
ADM4_Rator,Rator,,25.9651,88.3123,29066614B48532388333639
ADM4_Rauha,Rauha,,24.8951,90.6826,29066614B73612896273063
ADM4_RauhaBetmari,Rauha Betmari,,24.9304,90.1029,29066614B49416092905535
ADM4_Raumari,Raumari,,25.5415,89.8384,29066614B86217798124860
ADM4_Rauti,Rauti,,24.5725,90.8487,29066614B85818158247824
ADM4_Rayed,Rayed,,24.1968,90.5754,29066614B33233776602318
ADM4_Raziura,Raziura,,24.3126,91.3758,29066614B69652053378868
ADM4_Refayetpur,Refayetpur,,23.9791,88.898,29066614B84346918149508
ADM4_RemakriPransa,Remakri Pransa,,21.9417,92.4892,29066614B15047076229848
ADM4_Remakry,Remakry,,21.5021,92.5688,29066614B48020221053742
ADM4_Richi,Richi,,24.3634,91.3876,29066614B51157551510117
ADM4_Rishikul,Rishikul,,24.5013,88.5011,29066614B3554027546430
ADM4_Roailbari,Roailbari,,24.6279,90.7851,29066614B12655724622772
ADM4_Rohanpur,Rohanpur,,24.8267,88.3478,29066614B82149772490578
ADM4_Rohita,Rohita,,23.0677,89.1446,29066614B39063676830631
ADM4_Roushangiri,Roushangiri,,22.6192,91.8217,29066614B13245635420023
ADM4_Routhgaon,Routhgaon,,24.4857,92.0027,29066614B73065246819504
ADM4_Rowail,Rowail,,23.844,90.1777,29066614B29011634996712
ADM4_Rowangchhari,Rowangchhari,,22.171,92.3636,29066614B70373309443866
ADM4_RoyDaulatpur,Roy Daulatpur,,24.3331,89.651,29066614B64115346220740
ADM4_RoyPashaKarapur,Roy Pasha Karapur,,22.7235,90.2931,29066614B7386677380445
ADM4_Royenda,Royenda,,22.3022,89.8208,29066614B71701692773085
ADM4_Royganj,Royganj,,26.0228,89.7042,29066614B40265131299058
ADM4_RoyganjPaurashava,Royganj Paurashava,,24.5153,89.532,29066614B85739088182885
ADM4_Roygaon,Roygaon,,24.9745,88.8341,29066614B2355077440060
ADM4_Royghati,Royghati,,24.6152,88.6572,29066614B38580484880581
ADM4_Roygram,Roygram,,23.3613,89.1572,29066614B87337937131574
ADM4_Royipur,Royipur,,23.04,90.7337,29066614B77565091168396
ADM4_Roykot,Roykot,,23.1856,91.2443,29066614B92412345830823
ADM4_Roynagar,Roynagar,,24.9705,89.3427,29066614B39246454143813
ADM4_Roypara,Roypara,,23.6364,90.1114,29066614B81043017376867
ADM4_Roypur_816741,Roypur,,22.1553,91.8369,29066614B32926440816741
ADM4_Roypur_898370,Roypur,,23.2541,89.2975,29066614B17982590898370
ADM4_Roypur_837094,Roypur,,23.8127,88.8029,29066614B880004837094
ADM4_Roypur_852911,Roypur,,24.9759,90.8082,29066614B91637429852911
ADM4_Roypur_528313,Roypur,,25.4095,89.2828,29066614B72560121528313
ADM4_Roypur_282116,Roypur,,26.0312,88.3319,29066614B87872031282116
ADM4_RoypurPaurashava,Roypur Paurashava,,23.0326,90.765,29066614B60824678199695
ADM4_Roypura,Roypura,,23.9825,90.9238,29066614B27421523996239
ADM4_RoypuraPaurashava,Roypura Paurashava,,23.9801,90.8932,29066614B51622170501865
ADM4_Rudaghara,Rudaghara,,22.8604,89.3756,29066614B98859279867679
ADM4_Rudrakar,Rudrakar,,23.1658,90.3572,29066614B41831300058823
ADM4_Ruhea,Ruhea,,26.1708,88.4003,29066614B60364468333387
ADM4_Ruhitpur,Ruhitpur,,23.6732,90.3101,29066614B90281962261274
ADM4_Rukindipur,Rukindipur,,25.0039,89.0298,29066614B17326402867085
ADM4_Ruma,Ruma,,22.0446,92.4187,29066614B52041009374721
ADM4_Rupabati,Rupabati,,24.1154,89.6077,29066614B4361165773641
ADM4_Rupakari,Rupakari,,23.1693,92.1735,29066614B57147474731402
ADM4_Rupapat,Rupapat,,23.3148,89.7544,29066614B79866986655336
ADM4_Rupasi,Rupasi,,24.9426,90.4096,29066614B69869125165408
ADM4_Rupganj,Rupganj,,23.8259,90.5146,29066614B26825203954886
ADM4_Rupnarayankura,Rupnarayankura,,25.0797,90.2617,29066614B82826188745783
ADM4_Ruppur,Ruppur,,23.8999,89.6537,29066614B11385474127504
ADM4_Rupshipara,Rupshipara,,21.802,92.2932,29066614B59577442340220
ADM4_Rustampur,Rustampur,,25.13,91.8881,29066614B13752365502085
ADM4_Skbsundarpur,S.k.b.(sundarpur),,23.382,88.9557,29066614B26427584504273
ADM4_Sabdalpur_974965,Sabdalpur,,23.4433,88.9556,29066614B31019782974965
ADM4_Sabdalpur_934093,Sabdalpur,,23.5666,89.435,29066614B52591407934093
ADM4_Sabekhyong,Sabekhyong,,22.8952,92.0741,29066614B31514603271298
ADM4_Sabrang,Sabrang,,20.7967,92.3137,29066614B66289865957119
ADM4_Sachar,Sachar,,23.4476,90.8472,29066614B2301658929117
ADM4_Sachiadah,Sachiadah,,22.9413,89.7156,29066614B71891789782156
ADM4_SachnaBazar,Sachna Bazar,,25.003,91.2747,29066614B93451448435439
ADM4_Sachra,Sachra,,22.4623,90.6877,29066614B5646461070508
ADM4_Sadaha,Sadaha,,22.0864,92.1178,29066614B28283792280383
ADM4_Sadaki,Sadaki,,23.8472,89.2628,29066614B14484233604175
ADM4_Sadakpur,Sadakpur,,24.1334,90.9883,29066614B43470845439516
ADM4_Sadarpur,Sadarpur,,23.4618,90.0309,29066614B4687124407439
ADM4_Sadasardi,Sadasardi,,23.802,90.6968,29066614B80190337674458
ADM4_Sadekpur,Sadekpur,,23.9652,91.0427,29066614B75305906773644
ADM4_Sadhanpur,Sadhanpur,,22.1129,91.9373,29066614B86357816911115
ADM4_SadharChar,Sadhar Char,,24.0048,90.6899,29066614B33950830415445
ADM4_Sadhuhati,Sadhuhati,,23.5516,88.991,29066614B11896858839459
ADM4_SadhurPara,Sadhur Para,,25.2147,89.8111,29066614B22602295588681
ADM4_SadiaChandpur,Sadia Chandpur,,24.2422,89.7482,29066614B45285033509386
ADM4_Sadipur_702598,Sadipur,,23.7242,90.5602,29066614B58536847702598
ADM4_Sadipur_532926,Sadipur,,23.9587,89.2087,29066614B2094371532926
ADM4_Sadipur_035626,Sadipur,,24.6601,91.6733,29066614B52410970035626
ADM4_Sadullahpur,Sadullahpur,,23.9932,89.3771,29066614B50789478051457
ADM4_Sadullapur_846114,Sadullapur,,23.4787,90.6443,29066614B865472846114
ADM4_Sadullapur_773233,Sadullapur,,23.0836,90.0701,29066614B99805500773233
ADM4_SadyaPushkarni,Sadya Pushkarni,,25.6799,89.1975,29066614B11083998840961
ADM4_Safapur,Safapur,,24.845,88.7381,29066614B7318895570519
ADM4_Safipur,Safipur,,23.0243,90.3792,29066614B52925295039164
ADM4_Saflapur,Saflapur,,21.6241,91.9524,29066614B15915305208213
ADM4_Saganna,Saganna,,23.5605,89.0436,29066614B42372433149225
ADM4_Sagardari,Sagardari,,22.8445,89.1515,29066614B47497148337586
ADM4_Sagarkandi,Sagarkandi,,23.8442,89.5949,29066614B47596230416595
ADM4_Sagarnal,Sagarnal,,24.4826,92.135,29066614B8404641432873
ADM4_Sagladah,Sagladah,,22.9017,89.6911,29066614B18435117726862
ADM4_Saguna,Saguna,,24.4132,89.3015,29066614B10621035615493
ADM4_SahaPara,Saha Para,,25.3274,89.455,29066614B98037383025598
ADM4_SahabadUnion,Sahabad Union,,23.2003,89.4857,29066614B41455487055445
ADM4_Sahabajpur,Sahabajpur,,24.8254,89.9725,29066614B67233353455715
ADM4_Sahabatpur,Sahabatpur,,24.0929,89.8784,29066614B38984593486378
ADM4_Sahadebpur,Sahadebpur,,24.327,89.9538,29066614B64031205779236
ADM4_Sahagola,Sahagola,,24.6666,88.9593,29066614B86404010832067
ADM4_Sahanati,Sahanati,,24.7294,90.6858,29066614B17216865031968
ADM4_Sahapur_113160,Sahapur,,23.031,90.914,29066614B50506484113160
ADM4_Sahapur_078288,Sahapur,,23.0995,89.9385,29066614B59996187078288
ADM4_Sahapur_960594,Sahapur,,24.0449,89.1047,29066614B22996505960594
ADM4_Saharbil,Saharbil,,21.7047,92.0067,29066614B32095527203311
ADM4_Sahargram,Sahargram,,25.6902,88.5028,29066614B55149755492273
ADM4_Sahas,Sahas,,22.7451,89.4101,29066614B65409331405155
ADM4_Sahata,Sahata,,24.88,90.8407,29066614B68392282513065
ADM4_Sahebabad,Sahebabad,,23.5946,91.1015,29066614B96729632426334
ADM4_SaheberAlga,Saheber Alga,,25.7153,89.7866,29066614B51798122112905
ADM4_Saheberhat,Saheberhat,,22.7426,90.8267,29066614B6030412843299
ADM4_Sahebrampur,Sahebrampur,,23.0242,90.2943,29066614B64366680699329
ADM4_Sahedal,Sahedal,,24.4007,90.6927,29066614B70428718827441
ADM4_Saherkhali,Saherkhali,,22.7081,91.5284,29066614B45719997981959
ADM4_Saidabad,Saidabad,,24.3877,89.7251,29066614B11639638752154
ADM4_Saidergaon,Saidergaon,,24.9292,91.655,29066614B1713433320887
ADM4_Saidkati,Saidkati,,22.8313,90.135,29066614B46962262673192
ADM4_Saidpur_951860,Saidpur,,22.5711,90.7422,29066614B1412807951860
ADM4_Saidpur_638207,Saidpur,,22.6473,91.5949,29066614B30258695638207
ADM4_Saidpur_662637,Saidpur,,25.0464,89.4286,29066614B93615080662637
ADM4_Saidpur_513027,Saidpur,,25.8879,88.4536,29066614B18198034513027
ADM4_SailaAfzalabad,Saila Afzalabad,,24.8866,91.6651,29066614B77805870991800
ADM4_Sailgachhi,Sailgachhi,,24.7477,88.9221,29066614B75143751472455
ADM4_Saintara,Saintara,,25.7046,88.7676,29066614B82750862793926
ADM4_Saista,Saista,,23.7601,90.162,29066614B31956274918196
ADM4_Saistaganj,Saistaganj,,24.2662,91.4336,29066614B15966640711
ADM4_Sajail,Sajail,,23.2306,89.7613,29066614B46757628827775
ADM4_Sajek,Sajek,,23.4471,92.2244,29066614B29374415444114
ADM4_Sakhipur_336479,Sakhipur,,23.2377,90.5286,29066614B66825373336479
ADM4_Sakhipur_056398,Sakhipur,,22.5748,88.986,29066614B59141415056398
ADM4_SakhipurPaurashava,Sakhipur Paurashava,,24.3484,90.1951,29066614B32925708551822
ADM4_Sakhua_515071,Sakhua,,23.1921,90.6552,29066614B39748570515071
ADM4_Sakhua_392587,Sakhua,,24.5414,90.4382,29066614B57262692392587
ADM4_Sakoa,Sakoa,,26.1927,88.6346,29066614B49042754848872
ADM4_Sakpura,Sakpura,,22.3531,91.9135,29066614B77203816276784
ADM4_Sakta,Sakta,,23.7154,90.3332,29066614B91564101211132
ADM4_Sakuai,Sakuai,,25.0144,90.4178,29066614B1705295132661
ADM4_Salamabad,Salamabad,,23.0407,89.661,29066614B72384132170979
ADM4_Salandar,Salandar,,26.0566,88.4922,29066614B54427563011944
ADM4_Salanga,Salanga,,24.3896,89.5035,29066614B17901437039769
ADM4_Salap,Salap,,24.2722,89.609,29066614B56531814371214
ADM4_Salbahan,Salbahan,,26.5013,88.4104,29066614B39952676687319
ADM4_Saldanga,Saldanga,,26.1822,88.6869,29066614B66531774106954
ADM4_SaliaBakpur,Salia Bakpur,,22.7941,90.1817,29066614B78847464277148
ADM4_Salimabad_077320,Salimabad,,23.7495,90.8303,29066614B15846588077320
ADM4_Salimabad_091432,Salimabad,,24.0403,89.8161,29066614B96767336091432
ADM4_Salimganj,Salimganj,,23.8312,90.8663,29066614B62677940295303
ADM4_Salimpur,Salimpur,,22.392,91.7652,29066614B66432352603467
ADM4_Salla,Salla,,24.3807,89.879,29066614B9787894224603
ADM4_Sallabad,Sallabad,,24.0716,90.926,29066614B59614397625563
ADM4_Saltia,Saltia,,24.4615,90.5301,29066614B33231711341428
ADM4_Salua_024653,Salua,,24.1426,90.8781,29066614B23148499024653
ADM4_Salua_939235,Salua,,24.3385,88.7675,29066614B3160337939235
ADM4_SamajSahildeo,Samaj Sahildeo,,24.8039,90.949,29066614B82398419256739
ADM4_Samantasar,Samantasar,,23.0956,90.4161,29066614B30167844275542
ADM4_Samaspur,Samaspur,,23.833,89.308,29066614B76441971043640
ADM4_Samitirhat,Samitirhat,,22.594,91.8333,29066614B77602444557129
ADM4_Samudaykati,Samudaykati,,22.6786,90.1022,29066614B91083692506712
ADM4_Sandhanpur,Sandhanpur,,24.5041,90.0417,29066614B13319110989007
ADM4_Sandhara,Sandhara,,24.9825,90.2558,29066614B6793140259816
ADM4_Sandikona,Sandikona,,24.6659,90.7568,29066614B39164482968604
ADM4_SandwipPaurashava,Sandwip Paurashava,,22.511,91.4369,29066614B18609308969668
ADM4_Sangalshi,Sangalshi,,25.8429,88.8706,29066614B54226328948789
ADM4_Saniajan,Saniajan,,26.2148,89.0485,29066614B73004821768659
ADM4_Sankhola,Sankhola,,24.2066,91.4146,29066614B10592095485428
ADM4_Sanmandi,Sanmandi,,23.6884,90.5922,29066614B34529250865426
ADM4_Sanmania,Sanmania,,24.11,90.6591,29066614B69907589733881
ADM4_SannyasirChar,Sannyasir Char,,23.4031,90.1149,29066614B45987200087405
ADM4_Sanora,Sanora,,23.9451,90.1287,29066614B25352158604454
ADM4_SantaharPaurashava,Santahar Paurashava,,24.7979,88.9843,29066614B52483169897520
ADM4_SanthiaPaurashava,Santhia Paurashava,,24.0565,89.5634,29066614B54919562541925
ADM4_Santoshpur_304410,Santoshpur,,22.5752,91.4685,29066614B95080905304410
ADM4_Santoshpur_025680,Santoshpur,,22.7504,89.8846,29066614B88322913025680
ADM4_Santoshpur_576818,Santoshpur,,26.0075,89.6494,29066614B42826097576818
ADM4_Sanua,Sanua,,22.9703,91.4611,29066614B39208969166215
ADM4_Saorail,Saorail,,23.6856,89.4092,29066614B3559074103571
ADM4_Sapahar,Sapahar,,25.0991,88.5731,29066614B96380110527586
ADM4_Sapchhari,Sapchhari,,22.6524,92.1269,29066614B64227464158505
ADM4_Sapdhari,Sapdhari,,25.0465,89.6829,29066614B49227475994619
ADM4_Sapleza,Sapleza,,22.2005,89.9211,29066614B59613852157504
ADM4_Sapmara,Sapmara,,25.161,89.3206,29066614B55717190227800
ADM4_Saptibari,Saptibari,,25.9294,89.4158,29066614B31346402010342
ADM4_Sara,Sara,,24.1333,89.0268,29066614B98956396633446
ADM4_Sarai_572107,Sarai,,21.9318,92.2203,29066614B79072059572107
ADM4_Sarai_315661,Sarai,,25.7686,89.3212,29066614B18043472315661
ADM4_Sarail,Sarail,,24.0633,91.1086,29066614B61549814914580
ADM4_Saral,Saral,,22.0171,91.9218,29066614B65458256680901
ADM4_Saralia,Saralia,,23.7097,90.4905,29066614B31695123575973
ADM4_Saranjai,Saranjai,,24.5566,88.5449,29066614B87303988146737
ADM4_Sarapbhata,Sarapbhata,,22.4146,92.0422,29066614B55444420574235
ADM4_Sarappur,Sarappur,,22.6975,89.426,29066614B90379542449990
ADM4_SararChar,Sarar Char,,24.2138,90.8939,29066614B84229539986946
ADM4_Sarashpur,Sarashpur,,23.0987,91.0635,29066614B93107798039532
ADM4_Sarbananda,Sarbananda,,25.5178,89.4716,29066614B63711228378413
ADM4_Sarboatali,Sarboatali,,23.1148,92.2985,29066614B43755510584841
ADM4_Sardah,Sardah,,24.3009,88.7773,29066614B91352873579574
ADM4_Sardarpur,Sardarpur,,23.8742,88.9189,29066614B66508427943078
ADM4_Sarengkati,Sarengkati,,22.716,90.0692,29066614B15720628522523
ADM4_Sariakandi,Sariakandi,,24.891,89.5834,29066614B88433206894594
ADM4_SariakandiPaurashava,Sariakandi Paurashava,,24.8901,89.5763,29066614B72940735562099
ADM4_Sarikait,Sarikait,,22.4216,91.4895,29066614B5198803076100
ADM4_Sarikal,Sarikal,,22.9231,90.3139,29066614B305431460781
ADM4_Sarikkhali,Sarikkhali,,22.028,90.1841,29066614B36342998472290
ADM4_Sariktala,Sariktala,,22.5702,90.0147,29066614B92096891440039
ADM4_Sarisha_018766,Sarisha,,23.7461,89.3644,29066614B99279522018766
ADM4_Sarisha_857596,Sarisha,,24.668,90.6769,29066614B31940283857596
ADM4_SarishabariPaurashava,Sarishabari Paurashava,,24.7492,89.8402,29066614B7984353153084
ADM4_Sarishadi,Sarishadi,,23.0494,91.3432,29066614B65482488885175
ADM4_Sarishamuri,Sarishamuri,,22.2482,90.0992,29066614B12851636587801
ADM4_Sarmaisa,Sarmaisa,,24.809,90.8056,29066614B91356178942295
ADM4_Saroatali,Saroatali,,22.3621,91.9496,29066614B88804558621156
ADM4_Sarpukur,Sarpukur,,25.923,89.3817,29066614B26870515202955
ADM4_Sarulia,Sarulia,,22.7741,89.1552,29066614B86431134090066
ADM4_Sarutia,Sarutia,,23.7325,89.2596,29066614B63249028960205
ADM4_Satair_950797,Satair,,23.4668,89.6755,29066614B83072157950797
ADM4_Satair_394022,Satair,,25.9396,88.5676,29066614B75787551394022
ADM4_Satani,Satani,,23.6229,90.7615,29066614B38639622736834
ADM4_Satarkul,Satarkul,,23.7833,90.452,29066614B31156920043402
ADM4_Satbaria_811289,Satbaria,,22.1777,92.0249,29066614B70466687811289
ADM4_Satbaria_781956,Satbaria,,23.075,91.2742,29066614B73538872781956
ADM4_Satbaria_436086,Satbaria,,23.8849,89.4434,29066614B88476386436086
ADM4_Satgara,Satgara,,25.7299,89.2146,29066614B51598796865079
ADM4_Satgoan,Satgoan,,24.2839,91.6364,29066614B19555547300138
ADM4_Satgram,Satgram,,23.8402,90.6277,29066614B8735299741455
ADM4_Satkania,Satkania,,22.0548,92.0829,29066614B41129012073060
ADM4_SatkaniaPaurashava,Satkania Paurashava,,22.0762,92.0609,29066614B45026338180370
ADM4_Satkapan,Satkapan,,24.3812,91.518,29066614B80973997195164
ADM4_SatkhiraPaurashava,Satkhira Paurashava,,22.7032,89.0678,29066614B95879341403349
ADM4_SatkhiraRange,Satkhira Range,,21.9071,89.1376,29066614B1792047160378
ADM4_Satla,Satla,,22.8955,90.0579,29066614B33695772836329
ADM4_Satmara,Satmara,,26.4293,88.5346,29066614B42776733903987
ADM4_Satmura,Satmura,,23.7955,90.952,29066614B70220786570699
ADM4_Satnal,Satnal,,23.4685,90.5969,29066614B10794085726841
ADM4_Satnala,Satnala,,25.7431,88.792,29066614B47909638887663
ADM4_Satpar,Satpar,,23.1543,89.9358,29066614B78299563504430
ADM4_Satpoa,Satpoa,,24.7739,89.7754,29066614B1344935738010
ADM4_Satrujitpur_437174,Satrujitpur,,23.4139,89.4782,29066614B23251834437174
ADM4_Satrujitpur_425652,Satrujitpur,,24.6382,88.174,29066614B54664924425652
ADM4_Saturia_533424,Saturia,,22.5567,90.0762,29066614B89095516533424
ADM4_Saturia_779178,Saturia,,23.956,90.0438,29066614B51052857779178
ADM4_Sauljalia,Sauljalia,,22.4417,90.1377,29066614B71703637448027
ADM4_Saulmari_537044,Saulmari,,25.6,89.8593,29066614B70120390537044
ADM4_Saulmari_198696,Saulmari,,26.006,89.0839,29066614B7707573198696
ADM4_Savar,Savar,,23.8682,90.2807,29066614B84396112965033
ADM4_SavarPaurashava,Savar Paurashava,,23.8466,90.2602,29066614B37799767241466
ADM4_Sayar,Sayar,,25.7592,89.0223,29066614B67667787787534
ADM4_SaynaRaghunathpur,Sayna Raghunathpur,,22.6343,90.0387,29066614B99689119663769
ADM4_Sekharnagar,Sekharnagar,,23.6227,90.2697,29066614B34345437151689
ADM4_Sekherhat,Sekherhat,,22.6428,90.1235,29066614B55484933172585
ADM4_Sekherkhil,Sekherkhil,,21.9321,91.9426,29066614B16607149466602
ADM4_Sekherkola,Sekherkola,,24.9216,89.3767,29066614B53744475464759
ADM4_Sekherpur,Sekherpur,,24.7567,88.8831,29066614B33015465634310
ADM4_Sekhmatia,Sekhmatia,,22.7074,89.9124,29066614B88711692270567
ADM4_Sekhpura,Sekhpura,,25.6395,88.6858,29066614B84104859685181
ADM4_Selborash,Selborash,,24.9348,90.9944,29066614B31716036354712
ADM4_SenbaghPaurashava,Senbagh Paurashava,,22.9758,91.2355,29066614B78786711420671
ADM4_SenerChar,Sener Char,,23.3396,90.2662,29066614B51134472752675
ADM4_Sengaon,Sengaon,,25.7897,88.3058,29066614B25038337009197
ADM4_SengarcharPaurashava,Sengarchar Paurashava,,23.4399,90.6279,29066614B28829596480034
ADM4_Senhati,Senhati,,22.8769,89.5566,29066614B18153576692033
ADM4_SetabganjPaurashava,Setabganj Paurashava,,25.7974,88.4586,29066614B97128079923436
ADM4_Shabgram,Shabgram,,24.8481,89.4054,29066614B8621488587960
ADM4_ShahMahmudpur,Shah Mahmudpur,,23.2519,90.7378,29066614B12896214476571
ADM4_ShahBandegi,Shah- Bandegi,,24.6463,89.413,29066614B39303211355302
ADM4_Shaharbati,Shaharbati,,23.8449,88.7353,29066614B79003087092003
ADM4_ShahasramDhuldia,Shahasram Dhuldia,,24.341,90.8535,29066614B18693785624387
ADM4_Shahbajpur,Shahbajpur,,24.7969,88.1403,29066614B41619323977349
ADM4_Shahbazpur,Shahbazpur,,24.0455,91.1801,29066614B95716976443781
ADM4_ShahidWahabpur,Shahid Wahabpur,,23.6743,89.6874,29066614B56681312053620
ADM4_Shahidbagh,Shahidbagh,,25.7774,89.3833,29066614B18066214277261
ADM4_Shahjadapur,Shahjadapur,,24.0811,91.2107,29066614B48030334110103
ADM4_ShahjadpurPaurashava,Shahjadpur Paurashava,,24.1785,89.5939,29066614B16238880128086
ADM4_Shahjahanpur_428147,Shahjahanpur,,24.4784,88.2256,29066614B21902075428147
ADM4_Shahjahanpur_618413,Shahjahanpur,,24.12,91.382,29066614B12986415618413
ADM4_ShahrastiPaurashava,Shahrasti Paurashava,,23.2491,90.9535,29066614B52501164028463
ADM4_Shaikhati,Shaikhati,,23.1173,89.4131,29066614B32935309182229
ADM4_ShailkupaPaurashava,Shailkupa Paurashava,,23.6931,89.2462,29066614B1377178302847
ADM4_ShakChar,Shak Char,,22.91,90.7991,29066614B62114914526331
ADM4_Shakhahar,Shakhahar,,25.1647,89.2487,29066614B4187892068677
ADM4_Shakharia,Shakharia,,24.9008,89.3837,29066614B5181383379407
ADM4_Shalikha,Shalikha,,23.3014,89.3974,29066614B82514720276279
ADM4_Shalkhuria,Shalkhuria,,25.3603,89.0765,29066614B62351605539478
ADM4_Shalmara,Shalmara,,25.0695,89.4874,29066614B4265184160777
ADM4_Shalnagar,Shalnagar,,23.2759,89.6256,29066614B80407142519743
ADM4_Shambhupur,Shambhupur,,22.4015,90.7962,29066614B46448585350829
ADM4_Shambhupura,Shambhupura,,23.5808,90.5592,29066614B41463388901060
ADM4_Shamshernagar,Shamshernagar,,24.372,91.9064,29066614B85968640408254
ADM4_Shanerhat,Shanerhat,,25.4776,89.3234,29066614B66761092863038
ADM4_ShankarChandra,Shankar Chandra,,23.5924,88.8764,29066614B21751984379452
ADM4_Shankarpasha,Shankarpasha,,22.5369,89.9879,29066614B75367095251418
ADM4_Shankarpur_640179,Shankarpur,,22.9615,89.0155,29066614B59457037640179
ADM4_Shankarpur_957167,Shankarpur,,25.5257,88.734,29066614B57479371957167
ADM4_Shankharikati,Shankharikati,,22.7724,89.9724,29066614B15783192917928
ADM4_Shantahar,Shantahar,,24.778,88.9972,29066614B66498342944145
ADM4_Shantiram,Shantiram,,25.5048,89.568,29066614B78680018588315
ADM4_SharankholaRange,Sharankhola Range,,21.9499,89.7846,29066614B46250866736678
ADM4_ShariatpurPaurashava,Shariatpur Paurashava,,23.2079,90.351,29066614B70150613171508
ADM4_Sharifpur_940552,Sharifpur,,23.9801,91.0076,29066614B31295143940552
ADM4_Sharifpur_080021,Sharifpur,,22.8986,91.1427,29066614B98071994080021
ADM4_Sharifpur_060721,Sharifpur,,24.8665,89.995,29066614B77455622060721
ADM4_Sharifpur_634129,Sharifpur,,24.3622,91.96,29066614B78929995634129
ADM4_Sharsha,Sharsha,,23.0664,88.9714,29066614B28472704031700
ADM4_Shashara,Shashara,,25.5906,88.6835,29066614B26146161682946
ADM4_Shashidal,Shashidal,,23.6457,91.1378,29066614B57913612300198
ADM4_ShatGambuj,Shat Gambuj,,22.6693,89.731,29066614B82863066810953
ADM4_Shatagram,Shatagram,,25.9898,88.6785,29066614B4754310899133
ADM4_Shatakhali,Shatakhali,,23.3292,89.3474,29066614B59144675229916
ADM4_Shatiajuri,Shatiajuri,,24.2607,91.5681,29066614B22908891744230
ADM4_ShaulPara,Shaul Para,,23.2792,90.3131,29066614B35581345737102
ADM4_Shayestabad,Shayestabad,,22.7702,90.4012,29066614B64361233916849
ADM4_ShayestagangPaurashava,Shayestagang Paurashava,,24.2822,91.4533,29066614B69498204025992
ADM4_Shaympur,Shaympur,,24.9989,89.8642,29066614B58976767914133
ADM4_Shekhar,Shekhar,,23.3389,89.7169,29066614B16600600375913
ADM4_Shelaidaha,Shelaidaha,,23.9121,89.2273,29066614B26430064505500
ADM4_Sheola,Sheola,,24.8711,92.1745,29066614B21846881496736
ADM4_Sherkole,Sherkole,,24.502,89.1014,29066614B1609866590371
ADM4_Sherpur,Sherpur,,24.5307,90.6394,29066614B40368247307151
ADM4_SherpurPaurashava_482491,Sherpur Paurashava,,25.0261,90.0105,29066614B45872224482491
ADM4_SherpurPaurashava_051496,Sherpur Paurashava,,24.6715,89.4158,29066614B77472612051496
ADM4_Shialkati,Shialkati,,22.5506,90.0416,29066614B27685856107316
ADM4_Shialkul,Shialkul,,24.4368,89.6535,29066614B74638149457729
ADM4_ShibCharPaurashava,Shib Char Paurashava,,23.3499,90.16,29066614B79575421050864
ADM4_Shibalaya,Shibalaya,,23.8166,89.7961,29066614B73176193898784
ADM4_Shibchar,Shibchar,,23.3441,90.1408,29066614B85828506036667
ADM4_Shibganj,Shibganj,,25.046,89.3236,29066614B53198807268390
ADM4_ShibganjPaurashava_624821,Shibganj Paurashava,,24.9984,89.3317,29066614B38298489624821
ADM4_ShibganjPaurashava_171347,Shibganj Paurashava,,24.6751,88.1809,29066614B95592471171347
ADM4_Shibnagar,Shibnagar,,25.5286,88.9264,29066614B73162652339449
ADM4_Shibpasha,Shibpasha,,24.5109,91.2855,29066614B22440328675966
ADM4_Shibpur_498911,Shibpur,,23.8662,91.0192,29066614B25864956498911
ADM4_Shibpur_190986,Shibpur,,24.08,90.9674,29066614B39135614190986
ADM4_Shibpur_091717,Shibpur,,22.8196,89.8461,29066614B74023091091717
ADM4_Shibpur_288496,Shibpur,,22.7294,89.0102,29066614B56190879288496
ADM4_Shibpur_694739,Shibpur,,25.1232,89.4323,29066614B18659414694739
ADM4_ShibpurPaurashava,Shibpur Paurashava,,24.0425,90.7464,29066614B95557069744924
ADM4_Shibrampur,Shibrampur,,25.9917,88.5713,29066614B74361273207900
ADM4_Shihara,Shihara,,25.1543,88.6594,29066614B58226676352320
ADM4_ShikarMangal,Shikar Mangal,,23.0507,90.2627,29066614B81894151951508
ADM4_ShikariPara,Shikari Para,,23.7037,90.0739,29066614B97813681817858
ADM4_Shikarpur_063824,Shikarpur,,22.8381,90.2571,29066614B27340008063824
ADM4_Shikarpur_879629,Shikarpur,,22.4169,91.8524,29066614B47216322879629
ADM4_Shilkhali,Shilkhali,,21.8316,92.0125,29066614B85373158747212
ADM4_Shilkhuri,Shilkhuri,,26.1974,89.6625,29066614B4224233742132
ADM4_Shimabari,Shimabari,,24.5688,89.4988,29066614B71869995274858
ADM4_Shimulbak,Shimulbak,,24.9275,91.3012,29066614B97415912922835
ADM4_Shimulbari_560455,Shimulbari,,25.9508,89.5245,29066614B73606294560455
ADM4_Shimulbari_896778,Shimulbari,,26.0263,88.9048,29066614B66788885896778
ADM4_Shimulia_637302,Shimulia,,23.9907,90.2245,29066614B7119717637302
ADM4_Shimulia_966962,Shimulia,,23.8113,89.8891,29066614B78847430966962
ADM4_Shimulia_540125,Shimulia,,23.1141,89.0254,29066614B280624540125
ADM4_Shimulia_701554,Shimulia,,23.8004,89.3161,29066614B71089856701554
ADM4_Shimulkandi,Shimulkandi,,24.0864,90.9979,29066614B61468813303896
ADM4_Shingimari,Shingimari,,26.1456,89.1229,29066614B25257666331078
ADM4_Shiranti,Shiranti,,25.1528,88.5512,29066614B59292032029733
ADM4_SholaTaka,Shola Taka,,23.8451,88.8156,29066614B8883361957846
ADM4_Sholadana,Sholadana,,22.5609,89.3751,29066614B42323437021488
ADM4_Sholaghar,Sholaghar,,23.5683,90.2861,29066614B25668361260609
ADM4_Sholak,Sholak,,22.8887,90.2053,29066614B82608620683275
ADM4_Sholanal,Sholanal,,23.516,91.1369,29066614B49597344457031
ADM4_Sholla,Sholla,,23.713,90.169,29066614B40250259912399
ADM4_Sholukabad,Sholukabad,,25.1034,91.3683,29066614B15471664674334
ADM4_Shorifgonj,Shorifgonj,,24.7178,92.0315,29066614B62413925988142
ADM4_Shubhapur,Shubhapur,,23.2639,91.2424,29066614B96771020446327
ADM4_Shublong,Shublong,,22.7391,92.2566,29066614B89937813039929
ADM4_Shukundi,Shukundi,,24.1203,90.7131,29066614B46656837555869
ADM4_Shyamgram,Shyamgram,,23.8426,90.9044,29066614B69149077170662
ADM4_Shyamkur_435302,Shyamkur,,22.9705,89.2216,29066614B59842323435302
ADM4_Shyamkur_150989,Shyamkur,,23.332,88.7747,29066614B51369509150989
ADM4_Shyamnagar,Shyamnagar,,22.3293,89.098,29066614B73113052562333
ADM4_Shyampur_174240,Shyampur,,23.6815,90.4462,29066614B55060420174240
ADM4_Shyampur_226371,Shyampur,,24.7368,88.1455,29066614B66830937226371
ADM4_Shyamsiddhi,Shyamsiddhi,,23.5497,90.2401,29066614B53169633190352
ADM4_Siddhakati,Siddhakati,,22.6007,90.3186,29066614B7020989275634
ADM4_Siddhipasha,Siddhipasha,,22.9615,89.5167,29066614B4652340986809
ADM4_SiddirganjPaurashava,Siddirganj Paurashava,,23.674,90.5039,29066614B12081605990455
ADM4_Sidhla_023770,Sidhla,,24.4553,90.6417,29066614B32440158023770
ADM4_Sidhla_330901,Sidhla,,24.8611,90.5437,29066614B86467441330901
ADM4_Sidhuli,Sidhuli,,24.8198,89.8113,29066614B37785506591699
ADM4_Sidlai,Sidlai,,23.6529,91.072,29066614B91313057404072
ADM4_Sidulkura,Sidulkura,,23.1144,90.416,29066614B94267071723215
ADM4_Sidya,Sidya,,23.1688,90.4469,29066614B73468321546702
ADM4_Sikalbaha,Sikalbaha,,22.3025,91.8627,29066614B19912014692814
ADM4_SikdarMallik,Sikdar Mallik,,22.6648,89.9374,29066614B31340665412342
ADM4_Silai,Silai,,23.4239,90.5003,29066614B20640157505274
ADM4_Silam,Silam,,24.8333,91.8685,29066614B81037756243472
ADM4_Silimpur_985088,Silimpur,,24.1792,89.8738,29066614B73436810985088
ADM4_Silimpur_598739,Silimpur,,24.0848,89.1059,29066614B50193093598739
ADM4_Silkup,Silkup,,21.9825,91.9566,29066614B96242676067076
ADM4_Silmandi,Silmandi,,23.8924,90.6797,29066614B618383403393
ADM4_Silmaria,Silmaria,,24.4855,88.8779,29066614B70716705048434
ADM4_Silok,Silok,,22.4272,92.0682,29066614B99125185627742
ADM4_Simanta,Simanta,,23.4061,88.7814,29066614B11325206548717
ADM4_SimlaRokonpur,Simla Rokonpur,,23.3869,89.1049,29066614B1501307355174
ADM4_Sindukchari,Sindukchari,,22.9053,91.9547,29066614B32238813014986
ADM4_Sindurkhan,Sindurkhan,,24.2403,91.6529,29066614B54701926281985
ADM4_Sindurna,Sindurna,,26.1058,89.1147,29066614B44310802564560
ADM4_Sindurpur,Sindurpur,,23.033,91.2863,29066614B70066012359366
ADM4_SingChapair,Sing Chapair,,24.8844,91.562,29066614B79263518789946
ADM4_Singa,Singa,,23.1448,89.8943,29066614B66043235142671
ADM4_SingaBaruna,Singa Baruna,,25.2625,89.9425,29066614B93754472186473
ADM4_Singair,Singair,,23.8049,90.1486,29066614B42845617950979
ADM4_SingairPaurashava,Singair Paurashava,,23.8121,90.1391,29066614B80201684133055
ADM4_Singasolpur,Singasolpur,,23.0816,89.5114,29066614B75323546024348
ADM4_Singasree,Singasree,,24.2401,90.5682,29066614B31613853343752
ADM4_Singdha,Singdha,,24.8955,90.959,29066614B14042782436520
ADM4_Singhajhuli,Singhajhuli,,23.2331,89.0581,29066614B86727711745412
ADM4_SingharBangla,Singhar Bangla,,24.889,90.7755,29066614B81718121628269
ADM4_Singheshwar,Singheshwar,,24.9833,90.3068,29066614B25344880648826
ADM4_Singjuri,Singjuri,,23.9067,89.9281,29066614B61468871063309
ADM4_Singpur,Singpur,,24.3916,90.9978,29066614B8977479731309
ADM4_Singra,Singra,,25.2873,89.2352,29066614B86520565793934
ADM4_SingraPaurashava,Singra Paurashava,,24.5008,89.14,29066614B2790237980550
ADM4_Singrail,Singrail,,24.5148,90.7223,29066614B44073552363802
ADM4_SirajganjPaurashava,Sirajganj Paurashava,,24.4581,89.7072,29066614B2668105510108
ADM4_Sirajpur,Sirajpur,,22.8729,91.2562,29066614B25107414528873
ADM4_Sirkhara,Sirkhara,,23.2687,90.1106,29066614B64773554314149
ADM4_Sirta,Sirta,,24.805,90.3814,29066614B28684609256138
ADM4_Siruail,Siruail,,23.3227,90.115,29066614B57456573012122
ADM4_SitakundaPaurashava,Sitakunda Paurashava,,22.6243,91.6697,29066614B92450879216422
ADM4_Snanghat,Snanghat,,24.4274,91.5275,29066614B87848042879151
ADM4_Sobhana,Sobhana,,22.7719,89.3676,29066614B77216134401572
ADM4_Sobhandandi,Sobhandandi,,22.2365,91.9857,29066614B92550300663431
ADM4_Sobhnali,Sobhnali,,22.5643,89.0997,29066614B37553636171347
ADM4_Sohagdal,Sohagdal,,22.7401,90.0734,29066614B51090223436278
ADM4_Sohagi,Sohagi,,24.6964,90.6559,29066614B58599454314137
ADM4_Solakuri,Solakuri,,24.7568,90.0535,29066614B13489065405876
ADM4_Sombhag,Sombhag,,23.9309,90.1739,29066614B44183431746807
ADM4_Sonabaria,Sonabaria,,22.8727,88.9698,29066614B47397717141965
ADM4_Sonadanga,Sonadanga,,24.6685,88.788,29066614B44740599490214
ADM4_Sonadia,Sonadia,,22.2026,91.0886,29066614B39452667432142
ADM4_Sonagazi,Sonagazi,,22.8473,91.4289,29066614B71253775003350
ADM4_SonagaziPaurashava,Sonagazi Paurashava,,22.8367,91.3828,29066614B99562539597254
ADM4_SonaharMallikadaha,Sonahar Mallikadaha,,26.047,88.739,29066614B28861086292186
ADM4_Sonai,Sonai,,24.8309,90.8649,29066614B62850666272660
ADM4_Sonaichhari,Sonaichhari,,22.4697,91.745,29066614B62123222890632
ADM4_SonaimuriPaurashava,Sonaimuri Paurashava,,23.0434,91.1017,29066614B39776971785929
ADM4_Sonakania,Sonakania,,22.0383,92.0332,29066614B43047085847649
ADM4_Sonakata,Sonakata,,21.8821,90.0648,29066614B59391252344068
ADM4_Sonakhara,Sonakhara,,24.4816,89.4563,29066614B36461974908515
ADM4_Sonamukhi_950798,Sonamukhi,,24.9315,89.0224,29066614B33446207950798
ADM4_Sonamukhi_983456,Sonamukhi,,24.6732,89.5757,29066614B3735872983456
ADM4_Sonapur_508007,Sonapur,,22.5227,90.8997,29066614B46017830508007
ADM4_Sonapur_089041,Sonapur,,23.0015,90.7657,29066614B18400904089041
ADM4_Sonapur_071776,Sonapur,,23.0098,91.064,29066614B92482888071776
ADM4_Sonapur_643561,Sonapur,,23.4,89.7867,29066614B4894200643561
ADM4_Sonarai,Sonarai,,24.9492,89.4455,29066614B38522645275079
ADM4_Sonarampur,Sonarampur,,23.8219,90.7749,29066614B51497676857093
ADM4_SonarangTongibari,Sonarang Tongibari,,23.5169,90.4604,29066614B81528607143538
ADM4_SonargaonPaurashava,Sonargaon Paurashava,,23.6508,90.5976,29066614B70437834400599
ADM4_Sonaroy_276300,Sonaroy,,25.5599,89.4799,29066614B39023453276300
ADM4_Sonaroy_615746,Sonaroy,,26.0683,88.7985,29066614B94245714615746
ADM4_Sonaroy_442560,Sonaroy,,25.8525,88.8401,29066614B63142550442560
ADM4_Sonatala,Sonatala,,25.0193,89.5109,29066614B24963751470238
ADM4_Sonatani,Sonatani,,24.1148,89.717,29066614B40255581088562
ADM4_SonatolaPaurashava,Sonatola Paurashava,,25.0401,89.4915,29066614B28684709451939
ADM4_SouthCharAbabil,South Char Ababil,,23.0304,90.7016,29066614B24949965092154
ADM4_SouthCharBangshiUnion,South Char Bangshi Union,,22.9387,90.7339,29066614B27016859021499
ADM4_SouthRajanagar,South Rajanagar,,22.5405,92.0668,29066614B20185468548669
ADM4_Sreebardi,Sreebardi,,25.1318,89.9238,29066614B23267402091399
ADM4_SreebardiPaurashava,Sreebardi Paurashava,,25.147,89.9311,29066614B15169466113971
ADM4_Sreedharpur,Sreedharpur,,23.067,89.415,29066614B82842166829418
ADM4_Sreefaltala,Sreefaltala,,22.8306,89.5997,29066614B43700471413713
ADM4_Sreefaltali,Sreefaltali,,24.0649,90.2148,29066614B2310146564592
ADM4_Sreekail,Sreekail,,23.7503,90.9283,29066614B57695885086129
ADM4_Sreekol,Sreekol,,23.5821,89.371,29066614B39521632939058
ADM4_Sreemangal,Sreemangal,,24.323,91.7129,29066614B60183260482686
ADM4_SreemangalPaurashava,Sreemangal Paurashava,,24.3091,91.7336,29066614B97545554819237
ADM4_Sreemantapur,Sreemantapur,,24.7936,88.5756,29066614B27183678498429
ADM4_Sreenagar_285672,Sreenagar,,24.1165,90.9805,29066614B27006784285672
ADM4_Sreenagar_192456,Sreenagar,,23.5525,90.2715,29066614B82477040192456
ADM4_Sreenagar_838943,Sreenagar,,23.9506,90.869,29066614B87810426838943
ADM4_Sreepur_235743,Sreepur,,23.2976,91.2379,29066614B75576478235743
ADM4_Sreepur_203559,Sreepur,,23.5994,89.4125,29066614B42939638203559
ADM4_Sreepur_140680,Sreepur,,24.7984,90.0212,29066614B51198266140680
ADM4_Sreepur_758224,Sreepur,,24.5387,88.7971,29066614B86245226758224
ADM4_Sreepur_039512,Sreepur,,25.4411,89.6089,29066614B81271240039512
ADM4_SreepurKharandwip,Sreepur Kharandwip,,22.4057,91.9899,29066614B6513008747322
ADM4_SreepurPaurashava,Sreepur Paurashava,,24.1997,90.4392,29066614B38334807045654
ADM4_Sreeramkati,Sreeramkati,,22.7005,89.9775,29066614B46441124919802
ADM4_Sreerampur_867196,Sreerampur,,23.8601,90.9475,29066614B30048806867196
ADM4_Sreerampur_943836,Sreerampur,,26.4148,88.9698,29066614B96034529943836
ADM4_Sreeula,Sreeula,,22.4421,89.1732,29066614B1784749288095
ADM4_StMartinDwip,St.Martin Dwip,,20.6148,92.3252,29066614B21766366117849
ADM4_Sthal,Sthal,,24.1921,89.7545,29066614B64289030979686
ADM4_Suabil,Suabil,,22.6501,91.7326,29066614B82161251455055
ADM4_Suagram,Suagram,,22.9498,90.0335,29066614B60198007178750
ADM4_Suair,Suair,,24.7808,91.0078,29066614B68087509922435
ADM4_Suapur,Suapur,,23.876,90.1392,29066614B80264751291975
ADM4_SubhaPara,Subha Para,,23.0041,89.4958,29066614B83277153845887
ADM4_Subhadanga,Subhadanga,,24.5923,88.7422,29066614B52781029452189
ADM4_Subhadia,Subhadia,,22.6725,89.6047,29066614B94118986074477
ADM4_SubhadyaPart,Subhadya (Part),,23.6856,90.404,29066614B50220248279754
ADM4_Subhagachha,Subhagachha,,24.59,89.6848,29066614B79201737814888
ADM4_Subhapur,Subhapur,,22.9716,91.5421,29066614B98026008771635
ADM4_Subidpur_020072,Subidpur,,22.5565,90.2613,29066614B84010899020072
ADM4_Subidpur_715503,Subidpur,,24.4367,91.3837,29066614B73016753715503
ADM4_Subil,Subil,,23.6245,91.0193,29066614B98043095998079
ADM4_Sufalakati,Sufalakati,,22.8966,89.3238,29066614B70178079555054
ADM4_Sughat,Sughat,,24.6089,89.483,29066614B46567212298859
ADM4_Sughatta,Sughatta,,25.1409,89.5939,29066614B3223007795129
ADM4_SuhilpurpaschimSilpur,Suhilpur (paschim Silpur),,23.4759,90.8661,29066614B42705871946899
ADM4_Sujalpur,Sujalpur,,25.8544,88.6192,29066614B42788078421727
ADM4_Sujanagar_152003,Sujanagar,,23.9233,89.4325,29066614B22670241152003
ADM4_Sujanagar_264394,Sujanagar,,24.6661,92.135,29066614B92726518264394
ADM4_SujanagarPaurashava,Sujanagar Paurashava,,23.9355,89.4099,29066614B30642699542989
ADM4_Sujatpur,Sujatpur,,24.3898,91.2766,29066614B57278999792508
ADM4_Sukash,Sukash,,24.5871,89.2839,29066614B30842658495182
ADM4_SukhChar,Sukh Char,,22.3873,91.0831,29066614B75236249656433
ADM4_Sukhanpukhari,Sukhanpukhari,,26.0933,88.6095,29066614B34969975237124
ADM4_Sukhari,Sukhari,,24.7523,90.9536,29066614B1299645693516
ADM4_Sukhia,Sukhia,,24.3698,90.6936,29066614B80423634861988
ADM4_Sukpukhuria,Sukpukhuria,,23.2484,88.9316,29066614B52542195871461
ADM4_Suktagarh,Suktagarh,,22.5958,90.1266,29066614B9449268114482
ADM4_Suktail,Suktail,,23.0823,89.744,29066614B46771041168947
ADM4_Sulla,Sulla,,24.6124,91.2359,29066614B49999105413532
ADM4_Sultanabad,Sultanabad,,23.3877,90.7284,29066614B47595488611628
ADM4_Sultanganj,Sultanganj,,23.7118,90.3715,29066614B25875561692739
ADM4_SultanganjPart,Sultanganj (Part),,24.8004,89.3977,29066614B81711853427018
ADM4_Sultanpur_891650,Sultanpur,,23.8869,91.1149,29066614B21287378891650
ADM4_Sultanpur_823131,Sultanpur,,23.6021,89.7098,29066614B78309795823131
ADM4_Sultanpur_857920,Sultanpur,,24.8936,92.4238,29066614B53755053857920
ADM4_SunamganjPaurashava,Sunamganj Paurashava,,25.066,91.4136,29066614B41043735736639
ADM4_Sundalpur_061728,Sundalpur,,23.5183,90.7516,29066614B77233264061728
ADM4_Sundalpur_149463,Sundalpur,,22.8206,91.1646,29066614B87441059149463
ADM4_SundarDighi,Sundar Dighi,,26.056,88.6983,29066614B76283421726510
ADM4_Sundarban_430854,Sundarban,,22.4335,89.6785,29066614B5664857430854
ADM4_Sundarban_861330,Sundarban,,25.7456,88.7038,29066614B18104403861330
ADM4_SundarganjPaurashava,Sundarganj Paurashava,,25.5613,89.5257,29066614B46925401039973
ADM4_Sundarpur_675846,Sundarpur,,22.6863,91.7727,29066614B13383857675846
ADM4_Sundarpur_925881,Sundarpur,,24.5614,88.2037,29066614B44723564925881
ADM4_Sundarpur_172518,Sundarpur,,25.7841,88.6862,29066614B40354651172518
ADM4_SundarpurDurgapur,Sundarpur Durgapur,,23.4386,89.1261,29066614B59657751045369
ADM4_Sundoli,Sundoli,,23.0406,89.3418,29066614B62466218412952
ADM4_Suniltala,Suniltala,,22.5152,89.6598,29066614B25853611822859
ADM4_SurajpurManikpur,Surajpur Manikpur,,21.7575,92.1446,29066614B88030137725485
ADM4_Surat,Surat,,23.4929,89.1931,29066614B41960015515869
ADM4_Surjyamani,Surjyamani,,22.4804,90.5323,29066614B9713256303699
ADM4_Surkhali,Surkhali,,22.6677,89.4553,29066614B1094870141413
ADM4_Surma_355356,Surma,,25.0816,91.5428,29066614B95172354355356
ADM4_Surma_339242,Surma,,25.1099,91.415,29066614B84170765339242
ADM4_Sutalari,Sutalari,,23.6825,89.9759,29066614B3025832462112
ADM4_SutarPara_354209,Sutar Para,,23.6036,90.1506,29066614B49851586354209
ADM4_SutarPara_668089,Sutar Para,,24.4568,90.9674,29066614B48047289668089
ADM4_Sutarkhali,Sutarkhali,,22.4749,89.4481,29066614B77126945675746
ADM4_SutiPara,Suti Para,,23.9171,90.1229,29066614B64482576608212
ADM4_Sutiakati,Sutiakati,,22.7689,90.0885,29066614B73736631341878
ADM4_Sutrapur,Sutrapur,,24.0765,90.1832,29066614B90306721177219
ADM4_Swadeshi,Swadeshi,,25.0336,90.3806,29066614B59699105729651
ADM4_Swalak,Swalak,,22.125,92.1967,29066614B27974959470345
ADM4_Swarupdaha,Swarupdaha,,23.2562,88.9769,29066614B35467902247055
ADM4_Swaruppur,Swaruppur,,23.3545,88.8082,29066614B53914750704970
ADM4_SyedPur,Syed Pur,,24.7497,91.6109,29066614B47626829045597
ADM4_TSBahirdia,T. S. Bahirdia,,22.7832,89.6432,29066614B38579113572350
ADM4_Tabakpur,Tabakpur,,25.6108,89.6274,29066614B41438336328299
ADM4_Tabgi,Tabgi,,22.4669,90.7776,29066614B23518615010959
ADM4_Tagarbanda,Tagarbanda,,23.2467,89.679,29066614B83719702916915
ADM4_Taherhuda,Taherhuda,,23.6808,89.0328,29066614B2248657115176
ADM4_Tahirpur,Tahirpur,,25.08,91.1824,29066614B41079696301713
ADM4_TahirpurPaurashava,Tahirpur Paurashava,,24.528,88.8255,29066614B71236133603114
ADM4_Taindang,Taindang,,23.2649,91.8174,29066614B1581416420693
ADM4_Taitong,Taitong,,21.8731,91.978,29066614B86184652138306
ADM4_Tajpur_761765,Tajpur,,24.5189,89.1447,29066614B13807352761765
ADM4_Tajpur_107732,Tajpur,,24.7373,91.7476,29066614B48874807107732
ADM4_Tala,Tala,,22.774,89.2636,29066614B89349286058517
ADM4_Talam,Talam,,24.5241,89.3504,29066614B18472594624308
ADM4_Talanda,Talanda,,24.6075,88.5553,29066614B12766970834565
ADM4_Talbaria,Talbaria,,23.9585,89.0738,29066614B97571920827137
ADM4_Talganga,Talganga,,24.5327,90.8256,29066614B48718318842297
ADM4_Talibpur,Talibpur,,23.8393,90.1266,29066614B52600134449995
ADM4_Talimpur,Talimpur,,24.6851,92.0847,29066614B31335368818607
ADM4_Talkhari,Talkhari,,23.3708,89.3154,29066614B97078000130895
ADM4_Talki,Talki,,24.9435,90.228,29066614B60298213619785
ADM4_Talma,Talma,,23.4898,89.8619,29066614B43488698150477
ADM4_Talora,Talora,,24.8275,89.1596,29066614B52653841145543
ADM4_TalukKanupur,Taluk Kanupur,,25.2029,89.4049,29066614B65083540696750
ADM4_Tamaruddin,Tamaruddin,,22.2735,91.0944,29066614B10551548464761
ADM4_Tambulpur,Tambulpur,,25.642,89.475,29066614B44543805408845
ADM4_Tamphat,Tamphat,,25.6966,89.2901,29066614B97331749691789
ADM4_TamtaPaschim,Tamta Paschim,,23.2535,90.9064,29066614B93384648740941
ADM4_TamtaPurba,Tamta Purba,,23.2561,90.9312,29066614B55418983989342
ADM4_TangailPaurashava,Tangail Paurashava,,24.2455,89.9116,29066614B71806832067312
ADM4_Tangbhanga,Tangbhanga,,26.1113,89.169,29066614B60795829980147
ADM4_Tankabati,Tankabati,,22.0275,92.2348,29066614B77410889578341
ADM4_Tanki,Tanki,,23.6749,90.9697,29066614B26906293894480
ADM4_TanorePaurashava,Tanore Paurashava,,24.5882,88.58,29066614B96341685883660
ADM4_Tantar,Tantar,,23.5378,90.3454,29066614B42479933846986
ADM4_Tantibanda,Tantibanda,,23.9676,89.4354,29066614B27895060781600
ADM4_Tantihati,Tantihati,,25.1706,89.9473,29066614B45358894258824
ADM4_Tapodhan,Tapodhan,,25.7866,89.2903,29066614B83558687972613
ADM4_TaraboPaurashava,Tarabo Paurashava,,23.745,90.5294,29066614B86072902211445
ADM4_Tarabunia,Tarabunia,,23.2331,90.5603,29066614B55708803864885
ADM4_Tarachha,Tarachha,,22.1194,92.2667,29066614B27712669608629
ADM4_Tarafpur,Tarafpur,,24.1599,90.1287,29066614B29525094880698
ADM4_TarailSachail,Tarail Sachail,,24.548,90.8728,29066614B37334012864990
ADM4_Tarakanda,Tarakanda,,24.8342,90.4349,29066614B30458466429437
ADM4_Taral,Taral,,24.7404,91.373,29066614B15190828932568
ADM4_Tarali,Tarali,,22.4961,89.0752,29066614B65348923626532
ADM4_Taranagar,Taranagar,,23.7445,90.307,29066614B67122086544709
ADM4_Tarapur,Tarapur,,25.6045,89.5218,29066614B88256540294648
ADM4_Tarash,Tarash,,24.418,89.3827,29066614B45985539904950
ADM4_Tarati,Tarati,,24.8161,90.2256,29066614B58907645750163
ADM4_Targaon_417837,Targaon,,24.1418,90.5784,29066614B11763466417837
ADM4_Targaon_531522,Targaon,,25.779,88.551,29066614B18168473531522
ADM4_Taria,Taria,,26.2685,88.3819,29066614B63435648856837
ADM4_TarpurChandi,Tarpur Chandi,,23.2436,90.6724,29066614B61296635694456
ADM4_Tarua,Tarua,,23.9931,91.0298,29066614B79038118161861
ADM4_Tarundia,Tarundia,,24.6753,90.522,29066614B98230723799311
ADM4_Tebaria,Tebaria,,24.3912,88.9466,29066614B88756340455069
ADM4_Tegharia_746782,Tegharia,,23.6625,90.3912,29066614B38024277746782
ADM4_Tegharia_339433,Tegharia,,24.4132,91.4593,29066614B34206162339433
ADM4_Tekani,Tekani,,24.6246,89.7182,29066614B25700145495793
ADM4_TekaniChukainagar,Tekani Chukainagar,,25.0185,89.5754,29066614B94878948008417
ADM4_Teknaf,Teknaf,,20.9294,92.2469,29066614B728131138355
ADM4_TeknafPaurashava,Teknaf Paurashava,,20.8648,92.2981,29066614B99550919484379
ADM4_Teligati_955885,Teligati,,22.5675,89.8124,29066614B48358273955885
ADM4_Teligati_437921,Teligati,,24.7608,90.8379,29066614B55125169437921
ADM4_Telihati,Telihati,,24.2498,90.4353,29066614B33796343953604
ADM4_Telikhal,Telikhal,,25.0456,91.7494,29066614B82319137522909
ADM4_Telikhali,Telikhali,,22.4012,89.9488,29066614B94221064016179
ADM4_Tengaba,Tengaba,,24.2959,90.6159,29066614B29843332042437
ADM4_TengerChar,Tenger Char,,23.5732,90.6249,29066614B75761775135136
ADM4_Tengra,Tengra,,24.5095,91.8978,29066614B82170614651275
ADM4_Tentulbaria,Tentulbaria,,23.8968,88.7434,29066614B30814306881822
ADM4_Tentulia_814648,Tentulia,,22.8039,89.2315,29066614B1861779814648
ADM4_Tentulia_870476,Tentulia,,24.8584,91.0739,29066614B574979870476
ADM4_Tentulia_577990,Tentulia,,24.6603,88.6502,29066614B76781062577990
ADM4_Tentulia_842775,Tentulia,,24.995,88.508,29066614B119398842775
ADM4_Tentulia_261786,Tentulia,,25.7574,88.7464,29066614B68376174261786
ADM4_Tentulia_939280,Tentulia,,26.499,88.3607,29066614B55061854939280
ADM4_Teota,Teota,,23.873,89.7474,29066614B26502910498065
ADM4_TepaKharibari,Tepa Kharibari,,26.2143,89.0016,29066614B26840798446044
ADM4_TepaMadhupur,Tepa Madhupur,,25.7373,89.4624,29066614B43307275602215
ADM4_Tepriganj,Tepriganj,,26.1829,88.7542,29066614B16845670673380
ADM4_Terokhada,Terokhada,,22.9573,89.6753,29066614B37751168690911
ADM4_Tetli,Tetli,,24.8527,91.8305,29066614B64122918419550
ADM4_Tetuljhora,Tetuljhora,,23.7944,90.2698,29066614B52404219720349
ADM4_Tezkhali,Tezkhali,,23.8286,90.8469,29066614B30204710790276
ADM4_Thakurakona,Thakurakona,,24.9278,90.8017,29066614B46712270345285
ADM4_ThaltaMajhgram,Thalta Majhgram,,24.7489,89.1776,29066614B50701698663363
ADM4_Thanahat,Thanahat,,25.5981,89.6636,29066614B48257464304800
ADM4_Thanchi,Thanchi,,21.8223,92.4987,29066614B53344206600349
ADM4_Thetroy,Thetroy,,25.6683,89.5413,29066614B24042905200791
ADM4_Tiakhali,Tiakhali,,21.997,90.2559,29066614B69415230045628
ADM4_Tiariganj,Tiariganj,,22.8532,90.886,29066614B26248273135267
ADM4_Tiasree,Tiasree,,24.6628,90.9572,29066614B57739495957179
ADM4_Tikikata,Tikikata,,22.2756,89.9881,29066614B98791897405395
ADM4_Tilagaon,Tilagaon,,24.4619,91.9503,29066614B421210303498
ADM4_Tilai,Tilai,,26.1514,89.6915,29066614B3936496092763
ADM4_Tilakpur_932807,Tilakpur,,24.8817,89.0207,29066614B78530163932807
ADM4_Tilakpur_868450,Tilakpur,,24.8646,88.971,29066614B66620337868450
ADM4_Tildanga,Tildanga,,22.5649,89.4385,29066614B23108994552374
ADM4_Tilli,Tilli,,23.9355,89.9679,29066614B30442689548257
ADM4_Tilna,Tilna,,25.0495,88.5832,29066614B36656093385748
ADM4_Tilpara,Tilpara,,24.7827,92.1019,29066614B49873129138581
ADM4_Tindu,Tindu,,21.7393,92.5146,29066614B43925983663273
ADM4_Tintahari,Tintahari,,22.8084,91.8572,29066614B82138228541005
ADM4_Tirnaihat,Tirnaihat,,26.5507,88.3972,29066614B15477540154556
ADM4_Titpalla,Titpalla,,24.8184,89.9195,29066614B77163161233644
ADM4_Titudaha,Titudaha,,23.5384,88.9096,29066614B40490767306045
ADM4_Toke,Toke,,24.239,90.6393,29066614B61574862405554
ADM4_Tona,Tona,,22.6154,89.9934,29066614B19418000346522
ADM4_TongiPaurashava,Tongi Paurashava,,23.9063,90.3886,29066614B82041884640995
ADM4_Torabgang,Torabgang,,22.7842,90.8876,29066614B7376083316578
ADM4_Towakul,Towakul,,25.0607,91.8918,29066614B58376783719073
ADM4_Tribeni,Tribeni,,23.7118,89.1571,29066614B2804550320181
ADM4_Trilochanpur,Trilochanpur,,23.3918,89.0743,29066614B45225703382143
ADM4_Trimohini,Trimohini,,22.9003,89.1547,29066614B36054443205074
ADM4_Trishal,Trishal,,24.5583,90.3794,29066614B33337642749782
ADM4_TrishalPaurashava,Trishal Paurashava,,24.5816,90.3793,29066614B53527010589176
ADM4_Tubalchhari,Tubalchhari,,23.2317,91.8027,29066614B96319002331697
ADM4_TukerBazar,Tuker Bazar,,24.9278,91.8654,29066614B18010648973361
ADM4_Tukuria,Tukuria,,25.4189,89.1782,29066614B61953855835962
ADM4_Tularampur,Tularampur,,23.1842,89.4407,29066614B55233558726789
ADM4_Tulasar,Tulasar,,23.2165,90.3186,29066614B34847388223999
ADM4_TulsirChar,Tulsir Char,,24.8897,90.1154,29066614B96735986764836
ADM4_Tultikar,Tultikar,,24.8994,91.9091,29066614B73115423498337
ADM4_TumChar,Tum Char,,22.8981,90.8241,29066614B79208777344427
ADM4_Tumulia,Tumulia,,23.9156,90.5364,29066614B54401518035832
ADM4_Tungibaria,Tungibaria,,22.6809,90.467,29066614B50061052842780
ADM4_TungiparaPaurashava,Tungipara Paurashava,,22.9053,89.9123,29066614B77780500182749
ADM4_Tupamari,Tupamari,,25.9834,88.8686,29066614B17124442779116
ADM4_Tushbhandar,Tushbhandar,,25.9523,89.2215,29066614B99639061990230
ADM4_Tushkhali,Tushkhali,,22.3493,89.9157,29066614B40263925848859
ADM4_Tuzarpur,Tuzarpur,,23.398,90.0048,29066614B53575733789250
ADM4_Uarsi,Uarsi,,24.0504,90.0516,29066614B3405361499096
ADM4_Ubahata,Ubahata,,24.2483,91.4769,29066614B14100499059954
ADM4_Uchakhila,Uchakhila,,24.6392,90.5109,29066614B45531467891776
ADM4_Uchitpur,Uchitpur,,23.737,90.6717,29066614B5192584616091
ADM4_Udakhali,Udakhali,,25.2684,89.584,29066614B49634666788164
ADM4_Udaykati,Udaykati,,22.8156,90.1014,29066614B35881803669208
ADM4_Udaypur_842227,Udaypur,,22.9286,89.7923,29066614B84495281842227
ADM4_Udaypur_477669,Udaypur,,25.0983,89.2312,29066614B46029066477669
ADM4_Udhunia,Udhunia,,24.3042,89.4371,29066614B3284704920786
ADM4_Ujalkur,Ujalkur,,22.6498,89.6441,29066614B27253585253165
ADM4_UjanChar,Ujan Char,,23.7162,89.7918,29066614B16204818711886
ADM4_Ujangram,Ujangram,,23.796,89.1252,29066614B12540494325959
ADM4_Ujani,Ujani,,23.2046,89.8929,29066614B78934562190242
ADM4_Ujantia,Ujantia,,21.7608,91.9258,29066614B22606984325895
ADM4_Ujirpur,Ujirpur,,23.3409,91.2758,29066614B95447214441814
ADM4_Ulail,Ulail,,23.8121,89.8352,29066614B67782694320041
ADM4_Ulania,Ulania,,22.8461,90.5978,29066614B72776199319301
ADM4_Ulashi,Ulashi,,23.0223,88.9706,29066614B4953293876179
ADM4_UllahPara,Ullah Para,,24.3112,89.5535,29066614B43724832432493
ADM4_UllahParaPaurashava,Ullah Para Paurashava,,24.3052,89.5781,29066614B18607710787611
ADM4_Ulpur,Ulpur,,23.0767,89.843,29066614B96430882256383
ADM4_UltaChari,Ulta Chari,,23.2454,91.8793,29066614B27315402399334
ADM4_Umedpur_058688,Umedpur,,23.324,90.1945,29066614B71626514058688
ADM4_Umedpur_440088,Umedpur,,23.6432,89.2302,29066614B34910981440088
ADM4_Upasahar,Upasahar,,23.1834,89.2161,29066614B19253137736136
ADM4_UpperKagabala,Upper Kagabala,,24.5084,91.6448,29066614B91635905717767
ADM4_Urafi,Urafi,,23.0197,89.7876,29066614B23998069104920
ADM4_Urail,Urail,,24.8369,89.2978,29066614B44786276951234
ADM4_Uria,Uria,,25.2635,89.6183,29066614B5843755970083
ADM4_Urirchar,Urirchar,,22.6727,91.3681,29066614B70927580769565
ADM4_Urkirchar,Urkirchar,,22.4445,91.8754,29066614B66897534666697
ADM4_Urpha,Urpha,,25.0059,90.2168,29066614B56745163139580
ADM4_Usthi,Usthi,,24.389,90.5971,29066614B73426337134032
ADM4_Uthali_304703,Uthali,,23.8698,89.8052,29066614B69480436304703
ADM4_Uthali_556507,Uthali,,23.4688,88.8352,29066614B38189903556507
ADM4_Uthrail,Uthrail,,25.5532,88.6932,29066614B7644522137367
ADM4_Uthura,Uthura,,24.4421,90.271,29066614B42259342927669
ADM4_Uttam,Uttam,,25.8023,89.2097,29066614B64602130947510
ADM4_UttarAkhaura,Uttar Akhaura,,23.8887,91.2235,29066614B64478126600263
ADM4_UttarAlgiDurgapur,Uttar Algi Durgapur,,23.1134,90.6668,29066614B92996255288202
ADM4_UttarBadaghat,Uttar Badaghat,,25.1562,91.2458,29066614B27861465584975
ADM4_UttarBadal,Uttar Badal,,25.1722,91.2145,29066614B25164468779271
ADM4_UttarBadePasha,Uttar Bade Pasha,,24.7595,92.0636,29066614B72449217175020
ADM4_UttarBakharnagar,Uttar Bakharnagar,,24.0244,90.8681,29066614B13195093562606
ADM4_UttarBanchharampur,Uttar Banchharampur,,23.765,90.7837,29066614B79770287241589
ADM4_UttarBangshikunda,Uttar Bangshikunda,,25.1639,91.0062,29066614B23451685839089
ADM4_UttarBedkashi,Uttar Bedkashi,,22.2969,89.3077,29066614B37015621269450
ADM4_UttarChannel,Uttar Channel,,23.6739,89.8668,29066614B41616404389400
ADM4_UttarDakshinbhag,Uttar Dakshinbhag,,24.66,92.2236,29066614B16404974516814
ADM4_UttarDaudkandi,Uttar Daudkandi,,23.5594,90.7181,29066614B11148093137151
ADM4_UttarDhamti,Uttar Dhamti,,23.5424,90.9748,29066614B82096004156654
ADM4_UttarDhurung,Uttar Dhurung,,21.9002,91.8715,29066614B74539878010147
ADM4_UttarDighaldi,Uttar Dighaldi,,22.6233,90.6391,29066614B41331110211342
ADM4_UttarDurgapur,Uttar Durgapur,,23.4745,91.1404,29066614B25831287781668
ADM4_UttarElliotganj,Uttar Elliotganj,,23.5431,90.8471,29066614B10574160844878
ADM4_UttarGandharabpur,Uttar Gandharabpur,,23.2168,90.8972,29066614B77377074940541
ADM4_UttarGobindapur,Uttar Gobindapur,,23.1609,90.7152,29066614B53053651035207
ADM4_UttarGohat,Uttar Gohat,,23.3246,90.95,29066614B88704512770577
ADM4_UttarGunaighar,Uttar Gunaighar,,23.5893,90.9619,29066614B59743719246208
ADM4_UttarHamchadi,Uttar Hamchadi,,23.0142,90.8329,29066614B77526301160307
ADM4_UttarHawla,Uttar Hawla,,23.1383,91.0999,29066614B62389449265501
ADM4_UttarIchhapur,Uttar Ichhapur,,24.0087,91.2218,29066614B5097271183030
ADM4_UttarJhalam,Uttar Jhalam,,23.1975,91.0328,29066614B43067148330248
ADM4_UttarJoynagar,Uttar Joynagar,,22.591,90.6784,29066614B21326249377710
ADM4_UttarJoypur,Uttar Joypur,,22.9732,90.9529,29066614B48816778143693
ADM4_UttarKachua,Uttar Kachua,,23.3839,90.8957,29066614B13365112234659
ADM4_UttarKalocho,Uttar Kalocho,,23.3168,90.8155,29066614B6007436443436
ADM4_UttarKhan,Uttar Khan,,23.8745,90.4448,29066614B65870568835453
ADM4_UttarKhosbas,Uttar Khosbas,,23.4284,91.0279,29066614B23484997132886
ADM4_UttarKhurma,Uttar Khurma,,24.9637,91.6327,29066614B29882424120048
ADM4_UttarMadarsa,Uttar Madarsa,,22.4723,91.8563,29066614B62133535078219
ADM4_UttarMeher,Uttar Meher,,23.2538,90.9761,29066614B53607972354611
ADM4_UttarNatai,Uttar Natai,,23.9965,91.078,29066614B54035407932326
ADM4_UttarNayergaon,Uttar Nayergaon,,23.4203,90.7783,29066614B93943269268039
ADM4_UttarPaikpara,Uttar Paikpara,,23.1675,90.7845,29066614B95717183835235
ADM4_UttarPanisar,Uttar Panisar,,24.0693,91.073,29066614B7927484844794
ADM4_UttarPaschimBaniyachang,Uttar Paschim Baniyachang,,24.5206,91.3282,29066614B81616503115800
ADM4_UttarPayalgachha,Uttar Payalgachha,,23.291,91.026,29066614B52781446213443
ADM4_UttarPurbaBaniachang,Uttar Purba Baniachang,,24.544,91.3758,29066614B60877365985902
ADM4_UttarRajargaon,Uttar Rajargaon,,23.3085,90.7647,29066614B25509838440857
ADM4_UttarRamchandrapur,Uttar Ramchandrapur,,23.7164,90.8989,29066614B36893951790092
ADM4_UttarRoysree,Uttar Roysree,,23.2344,91.0067,29066614B87402126685713
ADM4_UttarRupsa,Uttar Rupsa,,23.1175,90.7773,29066614B61374630339433
ADM4_UttarSakuchia,Uttar Sakuchia,,22.1868,90.9478,29066614B18341506188222
ADM4_UttarShahabajpur,Uttar Shahabajpur,,24.7975,92.2514,29066614B96170747736724
ADM4_UttarShilmuri,Uttar Shilmuri,,23.3695,91.091,29066614B25778867910653
ADM4_UttarSreepur,Uttar Sreepur,,25.1606,91.1201,29066614B91420710624574
ADM4_UttarSuchiPara,Uttar Suchi Para,,23.1936,90.9388,29066614B99430895900171
ADM4_UttarSukhairRajapur,Uttar Sukhair Rajapur,,24.9489,91.1354,29066614B71116007065761
ADM4_UttarUpadi,Uttar Upadi,,23.3257,90.7362,29066614B77923115744335
ADM4_Uttarbhag,Uttarbhag,,24.631,91.915,29066614B70193324237781
ADM4_Uttardah,Uttardah,,23.191,91.1268,29066614B50592224439456
ADM4_Uttargram,Uttargram,,24.8752,88.775,29066614B90647794800065
ADM4_Uzirpur,Uzirpur,,24.6191,88.1509,29066614B77041633611080
ADM4_Vimkhali,Vimkhali,,24.952,91.2657,29066614B66544455120242
ADM4_Wagga,Wagga,,22.5503,92.1201,29066614B21075480067402
ADM4_Wahedpur,Wahedpur,,22.7109,91.6091,29066614B49414431722697
ADM4_Walia,Walia,,24.2416,89.0321,29066614B54543403153266
ADM4_WardNo01_867032,Ward No-01,,22.72,90.3581,29066614B18728982867032
ADM4_WardNo01_114540,Ward No-01,,22.4389,91.7992,29066614B57267014114540
ADM4_WardNo01_569485,Ward No-01,,23.8587,90.4009,29066614B41397052569485
ADM4_WardNo01_529800,Ward No-01,,23.872,90.394,29066614B45163668529800
ADM4_WardNo01_107249,Ward No-01,,22.8907,89.5061,29066614B49796844107249
ADM4_WardNo01_513268,Ward No-01,,24.3799,88.5597,29066614B96991919513268
ADM4_WardNo01_275841,Ward No-01,,24.9031,91.8656,29066614B22942106275841
ADM4_WardNo02_754421,Ward No-02,,22.7145,90.3654,29066614B20006888754421
ADM4_WardNo02_912010,Ward No-02,,22.3974,91.8109,29066614B64338671912010
ADM4_WardNo02_298171,Ward No-02,,23.8306,90.3684,29066614B74076875298171
ADM4_WardNo02_722779,Ward No-02,,24.8974,91.8656,29066614B58592702722779
ADM4_WardNo02part_703954,Ward No-02 (part),,22.8891,89.5174,29066614B25796758703954
ADM4_WardNo02part_566042,Ward No-02 (part),,22.902,89.5138,29066614B24452927566042
ADM4_WardNo03_483948,Ward No-03,,22.7282,90.3599,29066614B54629628483948
ADM4_WardNo03_630072,Ward No-03,,22.3938,91.836,29066614B97831220630072
ADM4_WardNo03_677688,Ward No-03,,23.8119,90.3727,29066614B41117808677688
ADM4_WardNo03_182823,Ward No-03,,22.8816,89.5056,29066614B36135926182823
ADM4_WardNo03_846102,Ward No-03,,24.3801,88.583,29066614B1043033846102
ADM4_WardNo03_516490,Ward No-03,,24.9031,91.8576,29066614B99249307516490
ADM4_WardNo04_348293,Ward No-04,,22.7256,90.3754,29066614B91008145348293
ADM4_WardNo04_776223,Ward No-04,,22.3846,91.8566,29066614B20073358776223
ADM4_WardNo04_910201,Ward No-04,,23.8052,90.3823,29066614B95488288910201
ADM4_WardNo04_227340,Ward No-04,,22.8644,89.5106,29066614B33053894227340
ADM4_WardNo04_443389,Ward No-04,,24.9101,91.8687,29066614B59631891443389
ADM4_WardNo05_500056,Ward No-05,,22.7134,90.3817,29066614B5218364500056
ADM4_WardNo05_680954,Ward No-05,,22.3985,91.8779,29066614B1732391680954
ADM4_WardNo05_555667,Ward No-05,,23.8178,90.3755,29066614B38663003555667
ADM4_WardNo05_276197,Ward No-05,,22.868,89.5209,29066614B45952646276197
ADM4_WardNo05_111648,Ward No-05,,24.375,88.5681,29066614B63421755111648
ADM4_WardNo05_947376,Ward No-05,,24.9092,91.8765,29066614B49919869947376
ADM4_WardNo06_834294,Ward No-06,,22.7137,90.3788,29066614B88392908834294
ADM4_WardNo06_933301,Ward No-06,,22.3638,91.8551,29066614B79107899933301
ADM4_WardNo06_365994,Ward No-06,,23.826,90.3588,29066614B22643905365994
ADM4_WardNo06_919512,Ward No-06,,22.8603,89.5221,29066614B39714061919512
ADM4_WardNo06_794975,Ward No-06,,24.3756,88.5791,29066614B75356899794975
ADM4_WardNo06_031131,Ward No-06,,24.9161,91.8727,29066614B75507955031131
ADM4_WardNo07_829299,Ward No-07,,22.7189,90.3709,29066614B70091279829299
ADM4_WardNo07_519622,Ward No-07,,22.378,91.8304,29066614B88054949519622
ADM4_WardNo07_220749,Ward No-07,,22.8659,89.5339,29066614B78184278220749
ADM4_WardNo07_906665,Ward No-07,,24.3668,88.5764,29066614B83967019906665
ADM4_WardNo07_421226,Ward No-07,,24.9132,91.8626,29066614B37745339421226
ADM4_WardNo07Part,Ward No-07 (Part),,23.8061,90.3599,29066614B99561884572880
ADM4_WardNo08_918696,Ward No-08,,22.7082,90.373,29066614B58432991918696
ADM4_WardNo08_386405,Ward No-08,,23.8116,90.3475,29066614B88449011386405
ADM4_WardNo08_931588,Ward No-08,,22.8659,89.5438,29066614B18069281931588
ADM4_WardNo08_827797,Ward No-08,,24.3699,88.5823,29066614B27153939827797
ADM4_WardNo08_405213,Ward No-08,,24.916,91.847,29066614B30752041405213
ADM4_WardNo08part_775584,Ward No-08 (part),,22.3665,91.8104,29066614B54116799775584
ADM4_WardNo08part_764080,Ward No-08 (part),,22.3697,91.8274,29066614B24096108764080
ADM4_WardNo09_446144,Ward No-09,,22.7032,90.3742,29066614B15557099446144
ADM4_WardNo09_496142,Ward No-09,,23.7834,90.3412,29066614B4453734496142
ADM4_WardNo09_633318,Ward No-09,,22.8493,89.5274,29066614B22725614633318
ADM4_WardNo09_548992,Ward No-09,,24.3654,88.5932,29066614B15167373548992
ADM4_WardNo09_420341,Ward No-09,,24.9071,91.8461,29066614B24777790420341
ADM4_WardNo09Part_071029,Ward No-09 (Part),,22.3752,91.7894,29066614B64594374071029
ADM4_WardNo09Part_212248,Ward No-09 (Part),,22.3599,91.7862,29066614B39104325212248
ADM4_WardNo10_908221,Ward No-10,,22.6954,90.371,29066614B41647467908221
ADM4_WardNo10_540481,Ward No-10,,22.364,91.7676,29066614B88406810540481
ADM4_WardNo10_424467,Ward No-10,,23.7849,90.3493,29066614B45987256424467
ADM4_WardNo10_747861,Ward No-10,,22.8583,89.5364,29066614B27782905747861
ADM4_WardNo10_839325,Ward No-10,,24.8966,91.8449,29066614B59588407839325
ADM4_WardNo10part_746853,Ward No-10 (part),,24.3716,88.5918,29066614B68807772746853
ADM4_WardNo10part_500252,Ward No-10 (part),,24.3735,88.5875,29066614B84951567500252
ADM4_WardNo11_304442,Ward No-11,,22.6894,90.3659,29066614B72805565304442
ADM4_WardNo11_925198,Ward No-11,,23.7837,90.3603,29066614B64233390925198
ADM4_WardNo11_322898,Ward No-11,,22.8594,89.5431,29066614B55046017322898
ADM4_WardNo11_632383,Ward No-11,,24.3695,88.5958,29066614B29743201632383
ADM4_WardNo11_581285,Ward No-11,,24.8973,91.8562,29066614B72244779581285
ADM4_WardNo11Part_279528,Ward No-11 (Part),,22.3486,91.772,29066614B17881559279528
ADM4_WardNo11Part_681332,Ward No-11 (Part),,22.3539,91.7686,29066614B73144398681332
ADM4_WardNo12_276770,Ward No-12,,22.6821,90.361,29066614B22946908276770
ADM4_WardNo12_122395,Ward No-12,,23.7922,90.3547,29066614B68505594122395
ADM4_WardNo12_649647,Ward No-12,,22.8526,89.5427,29066614B62241258649647
ADM4_WardNo12_796067,Ward No-12,,24.3656,88.6001,29066614B1554433796067
ADM4_WardNo12_499041,Ward No-12,,24.8918,91.8562,29066614B77083332499041
ADM4_WardNo12Part_277736,Ward No-12 (Part),,22.3446,91.8042,29066614B30029080277736
ADM4_WardNo12Part_689532,Ward No-12 (Part),,22.3507,91.7916,29066614B91934840689532
ADM4_WardNo13_946075,Ward No-13,,22.6896,90.3553,29066614B21872322946075
ADM4_WardNo13_489801,Ward No-13,,22.3548,91.8063,29066614B20958013489801
ADM4_WardNo13_998816,Ward No-13,,23.7941,90.3654,29066614B15136474998816
ADM4_WardNo13_718186,Ward No-13,,22.8545,89.5502,29066614B62440133718186
ADM4_WardNo13_333726,Ward No-13,,24.3733,88.5984,29066614B47745300333726
ADM4_WardNo13_929469,Ward No-13,,24.8919,91.8634,29066614B52429639929469
ADM4_WardNo14_272605,Ward No-14,,22.6955,90.3584,29066614B60309885272605
ADM4_WardNo14_474909,Ward No-14,,22.3508,91.817,29066614B18523844474909
ADM4_WardNo14_929044,Ward No-14,,22.839,89.5298,29066614B7970123929044
ADM4_WardNo14_858560,Ward No-14,,24.3855,88.5911,29066614B59689462858560
ADM4_WardNo14_320113,Ward No-14,,24.8905,91.8722,29066614B40151929320113
ADM4_WardNo14part_609313,Ward No-14 (part),,23.7989,90.3753,29066614B39823862609313
ADM4_WardNo14part_653850,Ward No-14 (part),,23.7963,90.3711,29066614B2901315653850
ADM4_WardNo15_342090,Ward No-15,,22.699,90.3599,29066614B45803128342090
ADM4_WardNo15_032103,Ward No-15,,22.8418,89.5488,29066614B89527221032103
ADM4_WardNo15_161384,Ward No-15,,24.3788,88.6036,29066614B81006211161384
ADM4_WardNo15_333094,Ward No-15,,24.893,91.8767,29066614B72782243333094
ADM4_WardNo15Part_163223,Ward No-15 (Part),,22.3486,91.823,29066614B62204675163223
ADM4_WardNo15Part_510033,Ward No-15 (Part),,22.362,91.8242,29066614B33281277510033
ADM4_WardNo15part_024094,Ward No-15 (part),,23.8281,90.3927,29066614B59009086024094
ADM4_WardNo15part_897137,Ward No-15 (part),,23.8067,90.3918,29066614B7455768897137
ADM4_WardNo15part_460261,Ward No-15 (part),,23.8315,90.3861,29066614B89925184460261
ADM4_WardNo16_928783,Ward No-16,,22.6991,90.3667,29066614B11316329928783
ADM4_WardNo16_715275,Ward No-16,,22.3564,91.835,29066614B35551875715275
ADM4_WardNo16_440070,Ward No-16,,23.7828,90.3836,29066614B81791788440070
ADM4_WardNo16_619993,Ward No-16,,22.8317,89.5351,29066614B74378840619993
ADM4_WardNo16_698292,Ward No-16,,24.3899,88.5998,29066614B36775166698292
ADM4_WardNo16_061940,Ward No-16,,24.8974,91.874,29066614B93889230061940
ADM4_WardNo17_917974,Ward No-17,,22.7048,90.3682,29066614B54450825917974
ADM4_WardNo17_436589,Ward No-17,,22.3541,91.8486,29066614B82242411436589
ADM4_WardNo17_686732,Ward No-17,,22.8233,89.5405,29066614B66357508686732
ADM4_WardNo17_521174,Ward No-17,,24.4049,88.609,29066614B66807962521174
ADM4_WardNo17_243046,Ward No-17,,24.903,91.8755,29066614B62177994243046
ADM4_WardNo17Part_473594,Ward No-17 (Part),,23.8179,90.4285,29066614B24848929473594
ADM4_WardNo17Part_883225,Ward No-17 (Part),,23.83,90.4253,29066614B28915241883225
ADM4_WardNo18_342182,Ward No-18,,22.705,90.3633,29066614B11395793342182
ADM4_WardNo18_872649,Ward No-18,,22.3503,91.8606,29066614B67929378872649
ADM4_WardNo18_717212,Ward No-18,,23.8015,90.4205,29066614B29541920717212
ADM4_WardNo18_367732,Ward No-18,,22.8121,89.5425,29066614B74298338367732
ADM4_WardNo18_089919,Ward No-18,,24.9005,91.8833,29066614B4612013089919
ADM4_WardNo18part_824996,Ward No-18 (part),,24.3818,88.6106,29066614B8943233824996
ADM4_WardNo18part_900352,Ward No-18 (part),,24.3924,88.6063,29066614B56937226900352
ADM4_WardNo19_090500,Ward No-19,,22.7098,90.365,29066614B98691981090500
ADM4_WardNo19_671569,Ward No-19,,22.3412,91.8479,29066614B15177926671569
ADM4_WardNo19_184196,Ward No-19,,23.7902,90.4123,29066614B98859477184196
ADM4_WardNo19_737464,Ward No-19,,22.8147,89.5525,29066614B40599501737464
ADM4_WardNo19_222957,Ward No-19,,24.3851,88.6167,29066614B26980199222957
ADM4_WardNo19_580456,Ward No-19,,24.8993,91.8869,29066614B15632691580456
ADM4_WardNo20_992907,Ward No-20,,22.7107,90.3555,29066614B40386066992907
ADM4_WardNo20_030057,Ward No-20,,22.3432,91.8402,29066614B80648028030057
ADM4_WardNo20_000761,Ward No-20,,22.817,89.5567,29066614B73765628000761
ADM4_WardNo20_557978,Ward No-20,,24.371,88.6051,29066614B61261403557978
ADM4_WardNo20_179623,Ward No-20,,24.8989,91.8959,29066614B53951778179623
ADM4_WardNo20Part_305684,Ward No-20 (Part),,23.7788,90.4052,29066614B95325106305684
ADM4_WardNo20Part_029723,Ward No-20 (Part),,23.7751,90.3983,29066614B64758506029723
ADM4_WardNo21_321531,Ward No-21,,22.7045,90.3561,29066614B33033097321531
ADM4_WardNo21_694136,Ward No-21,,22.3459,91.8323,29066614B88753966694136
ADM4_WardNo21_914179,Ward No-21,,23.7781,90.4237,29066614B14072247914179
ADM4_WardNo21_762602,Ward No-21,,22.8226,89.56,29066614B6059460762602
ADM4_WardNo21_430397,Ward No-21,,24.3711,88.6097,29066614B2575661430397
ADM4_WardNo21_674588,Ward No-21,,24.8934,91.8969,29066614B42012854674588
ADM4_WardNo22_371293,Ward No-22,,22.7069,90.3455,29066614B82593410371293
ADM4_WardNo22_098251,Ward No-22,,22.3408,91.8268,29066614B52845683098251
ADM4_WardNo22_114452,Ward No-22,,23.7629,90.421,29066614B53736812114452
ADM4_WardNo22_274316,Ward No-22,,22.8105,89.5757,29066614B4715872274316
ADM4_WardNo22_184548,Ward No-22,,24.3649,88.6055,29066614B92357176184548
ADM4_WardNo22_378196,Ward No-22,,24.8873,91.8872,29066614B20372319378196
ADM4_WardNo23_422649,Ward No-23,,22.6908,90.3426,29066614B13302809422649
ADM4_WardNo23_750562,Ward No-23,,22.3368,91.8153,29066614B98605833750562
ADM4_WardNo23_183739,Ward No-23,,23.7542,90.4203,29066614B19010979183739
ADM4_WardNo23_024464,Ward No-23,,22.8128,89.5642,29066614B92207382024464
ADM4_WardNo23_615190,Ward No-23,,24.3628,88.6103,29066614B2709771615190
ADM4_WardNo23_547741,Ward No-23,,24.8825,91.8829,29066614B64055981547741
ADM4_WardNo24_464934,Ward No-24,,22.6677,90.3519,29066614B35131311464934
ADM4_WardNo24_548300,Ward No-24,,23.7494,90.4259,29066614B50194498548300
ADM4_WardNo24_117547,Ward No-24,,22.8023,89.5537,29066614B93958589117547
ADM4_WardNo24_481674,Ward No-24,,24.3633,88.6158,29066614B3050763481674
ADM4_WardNo24_892556,Ward No-24,,24.884,91.8968,29066614B41956077892556
ADM4_WardNo24part_111360,Ward No-24 (part),,22.3338,91.8053,29066614B19411859111360
ADM4_WardNo24part_044519,Ward No-24 (part),,22.334,91.7964,29066614B75964336044519
ADM4_WardNo25_555281,Ward No-25,,22.669,90.3397,29066614B35948374555281
ADM4_WardNo25_144979,Ward No-25,,22.3387,91.7935,29066614B14353277144979
ADM4_WardNo25_069345,Ward No-25,,23.7487,90.436,29066614B87662029069345
ADM4_WardNo25_584002,Ward No-25,,22.8069,89.5473,29066614B92488259584002
ADM4_WardNo25_382665,Ward No-25,,24.3623,88.6212,29066614B72882476382665
ADM4_WardNo25_509839,Ward No-25,,24.8798,91.8643,29066614B21909052509839
ADM4_WardNo26_115261,Ward No-26,,22.6765,90.3222,29066614B55162657115261
ADM4_WardNo26_509066,Ward No-26,,22.3351,91.772,29066614B78723314509066
ADM4_WardNo26_053631,Ward No-26,,23.758,90.4373,29066614B8184406053631
ADM4_WardNo26_876922,Ward No-26,,22.805,89.551,29066614B36673510876922
ADM4_WardNo26_779657,Ward No-26,,24.3822,88.6366,29066614B408355779657
ADM4_WardNo26_637731,Ward No-26,,24.8827,91.8712,29066614B84195675637731
ADM4_WardNo27_216679,Ward No-27,,22.7103,90.3219,29066614B78580832216679
ADM4_WardNo27_060159,Ward No-27,,22.3246,91.8028,29066614B67335500060159
ADM4_WardNo27_113917,Ward No-27,,23.742,90.4349,29066614B79761447113917
ADM4_WardNo27_830649,Ward No-27,,22.8036,89.562,29066614B38317860830649
ADM4_WardNo27_970832,Ward No-27,,24.3703,88.6233,29066614B31072787970832
ADM4_WardNo27_954979,Ward No-27,,24.8717,91.8851,29066614B64542699954979
ADM4_WardNo28_393222,Ward No-28,,22.7148,90.334,29066614B84309559393222
ADM4_WardNo28_170353,Ward No-28,,22.3259,91.816,29066614B9013045170353
ADM4_WardNo28_173319,Ward No-28,,23.7369,90.4373,29066614B75577079173319
ADM4_WardNo28_680366,Ward No-28,,22.7997,89.5673,29066614B78668334680366
ADM4_WardNo28_334307,Ward No-28,,24.3604,88.6345,29066614B43149521334307
ADM4_WardNo29_036696,Ward No-29,,22.7238,90.3391,29066614B32068104036696
ADM4_WardNo29_229302,Ward No-29,,22.3291,91.8218,29066614B7227069229302
ADM4_WardNo29_033732,Ward No-29,,23.7299,90.4323,29066614B54077597033732
ADM4_WardNo29_438120,Ward No-29,,22.8069,89.5736,29066614B2020999438120
ADM4_WardNo29_294939,Ward No-29,,24.3563,88.6459,29066614B23348853294939
ADM4_WardNo30_576541,Ward No-30,,22.7384,90.3217,29066614B95781205576541
ADM4_WardNo30_408927,Ward No-30,,23.7235,90.4329,29066614B50180582408927
ADM4_WardNo30_757960,Ward No-30,,22.7995,89.5757,29066614B68421791757960
ADM4_WardNo30_937801,Ward No-30,,24.3725,88.6508,29066614B93501204937801
ADM4_WardNo30Part_989794,Ward No-30 (Part),,22.3245,91.8273,29066614B21944106989794
ADM4_WardNo30Part_059520,Ward No-30 (Part),,22.3301,91.8276,29066614B11059491059520
ADM4_WardNo31_542415,Ward No-31,,22.3321,91.8308,29066614B80060934542415
ADM4_WardNo31_925522,Ward No-31,,23.7304,90.4261,29066614B80478411925522
ADM4_WardNo31_733299,Ward No-31,,22.7844,89.5759,29066614B60889305733299
ADM4_WardNo32_995159,Ward No-32,,22.3382,91.836,29066614B96065573995159
ADM4_WardNo32_010255,Ward No-32,,23.727,90.4188,29066614B3303121010255
ADM4_WardNo33_589982,Ward No-33,,22.3293,91.8372,29066614B37894365589982
ADM4_WardNo33_735136,Ward No-33,,23.7349,90.4211,29066614B64659228735136
ADM4_WardNo34_072346,Ward No-34,,22.3313,91.8429,29066614B88396659072346
ADM4_WardNo34_481422,Ward No-34,,23.7426,90.4228,29066614B20917102481422
ADM4_WardNo35,Ward No-35,,23.7464,90.4168,29066614B25599913365588
ADM4_WardNo35part_243398,Ward No-35 (part),,22.3343,91.8552,29066614B6310986243398
ADM4_WardNo35part_760267,Ward No-35 (part),,22.3371,91.8445,29066614B90514716760267
ADM4_WardNo36,Ward No-36,,23.735,90.4139,29066614B25185864846738
ADM4_WardNo36Part_374217,Ward No-36 (Part),,22.3147,91.8037,29066614B27418348374217
ADM4_WardNo36Part_300664,Ward No-36 (Part),,22.3185,91.8055,29066614B71781842300664
ADM4_WardNo37_064125,Ward No-37,,22.3196,91.7811,29066614B35222377064125
ADM4_WardNo37_441293,Ward No-37,,23.7638,90.4038,29066614B85442422441293
ADM4_WardNo38,Ward No-38,,22.3081,91.7838,29066614B21089407090743
ADM4_WardNo38Part_651388,Ward No-38 (Part),,23.7712,90.3932,29066614B98735971651388
ADM4_WardNo38Part_502279,Ward No-38 (Part),,23.7699,90.3987,29066614B45271018502279
ADM4_WardNo39,Ward No-39,,23.757,90.3925,29066614B53252129476111
ADM4_WardNo39Part_932676,Ward No-39 (Part),,22.2913,91.7897,29066614B33218158932676
ADM4_WardNo39Part_421065,Ward No-39 (Part),,22.2895,91.7743,29066614B40810612421065
ADM4_WardNo40,Ward No-40,,22.2659,91.7905,29066614B10217095985786
ADM4_WardNo40Part_404472,Ward No-40 (Part),,23.7653,90.3782,29066614B32507085404472
ADM4_WardNo40Part_375512,Ward No-40 (Part),,23.7616,90.3865,29066614B65327820375512
ADM4_WardNo41_903907,Ward No-41,,22.2489,91.8099,29066614B85484247903907
ADM4_WardNo41_240545,Ward No-41,,23.7789,90.3716,29066614B58460626240545
ADM4_WardNo42,Ward No-42,,23.7676,90.3617,29066614B9694410270240
ADM4_WardNo43,Ward No-43,,23.7716,90.3535,29066614B38317270577116
ADM4_WardNo44,Ward No-44,,23.7601,90.3634,29066614B64994846316974
ADM4_WardNo45,Ward No-45,,23.7626,90.3684,29066614B87709665192244
ADM4_WardNo46_533069,Ward No-46,,23.7647,90.3521,29066614B40355742533069
ADM4_WardNo46_003729,Ward No-46,,23.7582,90.3456,29066614B61289182003729
ADM4_WardNo46Part,Ward No-46 (Part),,23.7506,90.3478,29066614B98588747191201
ADM4_WardNo47Part,Ward No-47 (Part),,23.7465,90.3676,29066614B81757390964535
ADM4_WardNo47part,Ward No-47 (part),,23.7503,90.3592,29066614B58830689676160
ADM4_WardNo48Part_524188,Ward No-48 (Part),,23.7388,90.3703,29066614B96540954524188
ADM4_WardNo48Part_487453,Ward No-48 (Part),,23.7391,90.3599,29066614B47459666487453
ADM4_WardNo49,Ward No-49,,23.7462,90.375,29066614B95960039820180
ADM4_WardNo50,Ward No-50,,23.7459,90.3889,29066614B88386075064760
ADM4_WardNo51Part,Ward No-51 (Part),,23.748,90.3828,29066614B92028722560809
ADM4_WardNo51part,Ward No-51 (part),,23.7554,90.379,29066614B77951758951614
ADM4_WardNo52,Ward No-52,,23.7356,90.3807,29066614B9752476477947
ADM4_WardNo53,Ward No-53,,23.7436,90.4053,29066614B82725978414899
ADM4_WardNo54,Ward No-54,,23.7512,90.403,29066614B22830555074484
ADM4_WardNo55,Ward No-55,,23.7555,90.4109,29066614B58161230057672
ADM4_WardNo56Part,Ward No-56 (Part),,23.7252,90.394,29066614B3036230853200
ADM4_WardNo56part,Ward No-56 (part),,23.7308,90.4024,29066614B6888328061897
ADM4_WardNo57,Ward No-57,,23.7368,90.3926,29066614B35611802512070
ADM4_WardNo58,Ward No-58,,23.7273,90.369,29066614B40299365943006
ADM4_WardNo59,Ward No-59,,23.7263,90.3791,29066614B57827692990996
ADM4_WardNo60,Ward No-60,,23.7176,90.3825,29066614B70063525288016
ADM4_WardNo61,Ward No-61,,23.7202,90.3862,29066614B43092382864939
ADM4_WardNo62,Ward No-62,,23.7266,90.386,29066614B45080901660721
ADM4_WardNo63Part_392030,Ward No-63 (Part),,23.7212,90.3998,29066614B79246229392030
ADM4_WardNo63Part_034936,Ward No-63 (Part),,23.7226,90.3951,29066614B49876121034936
ADM4_WardNo64,Ward No-64,,23.7188,90.3934,29066614B20046718591080
ADM4_WardNo65,Ward No-65,,23.7144,90.3897,29066614B2517125108028
ADM4_WardNo66Part_290687,Ward No-66 (Part),,23.7115,90.4011,29066614B46283749290687
ADM4_WardNo66Part_620302,Ward No-66 (Part),,23.713,90.3966,29066614B83991700620302
ADM4_WardNo67Part,Ward No-67 (Part),,23.7176,90.3977,29066614B87699757751479
ADM4_WardNo67part,Ward No-67 (part),,23.7153,90.4016,29066614B47738409705092
ADM4_WardNo68Part,Ward No-68 (Part),,23.7111,90.4047,29066614B97870236260891
ADM4_WardNo68part,Ward No-68 (part),,23.7158,90.4043,29066614B95442161275353
ADM4_WardNo69,Ward No-69,,23.7202,90.4033,29066614B43038668563890
ADM4_WardNo70,Ward No-70,,23.7207,90.4088,29066614B27052339163357
ADM4_WardNo71Part_000646,Ward No-71 (Part),,23.7159,90.4087,29066614B22702442000646
ADM4_WardNo71Part_232869,Ward No-71 (Part),,23.7135,90.4091,29066614B67803365232869
ADM4_WardNo72,Ward No-72,,23.7118,90.4092,29066614B34386727037492
ADM4_WardNo73,Ward No-73,,23.7078,90.4093,29066614B86753539752825
ADM4_WardNo74,Ward No-74,,23.7185,90.4138,29066614B87817122319865
ADM4_WardNo75,Ward No-75,,23.7195,90.4233,29066614B5407771931523
ADM4_WardNo76Part_417836,Ward No-76 (Part),,23.7135,90.4224,29066614B81592776417836
ADM4_WardNo76Part_392071,Ward No-76 (Part),,23.7109,90.4253,29066614B49320533392071
ADM4_WardNo77,Ward No-77,,23.7155,90.4171,29066614B43281613674271
ADM4_WardNo78,Ward No-78,,23.7103,90.4147,29066614B18069118133354
ADM4_WardNo79,Ward No-79,,23.7045,90.4153,29066614B35179516385278
ADM4_WardNo80Part_531244,Ward No-80 (Part),,23.7097,90.421,29066614B55650577531244
ADM4_WardNo80Part_211134,Ward No-80 (Part),,23.7081,90.4189,29066614B28411589211134
ADM4_WardNo81,Ward No-81,,23.7053,90.423,29066614B4655277450481
ADM4_WardNo82,Ward No-82,,23.7,90.4219,29066614B11476714571294
ADM4_WardNo83,Ward No-83,,23.6954,90.4262,29066614B72242460288446
ADM4_WardNo84,Ward No-84,,23.7128,90.4336,29066614B92686810060254
ADM4_WardNo85,Ward No-85,,23.7186,90.4352,29066614B71341357911118
ADM4_WardNo86,Ward No-86,,23.7076,90.4343,29066614B1730612831467
ADM4_WardNo87,Ward No-87,,23.7035,90.4314,29066614B3377634592771
ADM4_WardNo88,Ward No-88,,23.6977,90.4397,29066614B38190030813939
ADM4_WardNo89,Ward No-89,,23.6921,90.4405,29066614B68035829409505
ADM4_WardNo90,Ward No-90,,23.694,90.4319,29066614B79719478277682
ADM4_WardNo91,Ward No-91,,23.7201,90.3675,29066614B43399992158183
ADM4_WardNo92,Ward No-92,,23.7156,90.376,29066614B3432004491201
ADM4_WardNo98RestArea,Ward No-98 (Rest. Area),,23.8088,90.4029,29066614B71488388423768
ADM4_WardNo98restArea,Ward No-98 (rest. Area),,23.8463,90.4019,29066614B71558124815338
ADM4_WestChitasi,West Chitasi,,23.1668,90.9683,29066614B63715054402354
ADM4_Whykong,Whykong,,21.0993,92.1675,29066614B82017013065967
ADM4_Yakubpur,Yakubpur,,22.9082,91.272,29066614B97058955494247
ADM4_Yearpur,Yearpur,,23.9303,90.3208,29066614B27086734975041
ADM4_Yusufpur,Yusufpur,,24.335,88.697,29066614B94072354959582
ADM4_Zakiganj,Zakiganj,,24.8687,92.4109,29066614B8849249957045
ADM4_ZakiganjPaurashava,Zakiganj Paurashava,,24.8798,92.3726,29066614B71746437456481
ADM4_Zanjira,Zanjira,,23.3458,90.3472,29066614B30214243761112
ADM4_ZanjiraPaurashava,Zanjira Paurashava,,23.3306,90.3204,29066614B35090216391760
ADM4_Zianagar,Zianagar,,24.9378,89.1075,29066614B62733361956779
ADM4_Zindarpur,Zindarpur,,25.015,89.1796,29066614B51439857797972
ADM4_Zinjira,Zinjira,,23.7057,90.3902,29066614B40151236395860
ADM4_Zorwarganj,Zorwarganj,,22.8619,91.5283,29066614B59240146596177
