upazila,shape_id,ph,ph_share,organic_matter,organic_matter_share,p_upland,p_upland_share,p_wetland_rice,p_wetland_rice_share,k_upland,k_upland_share,k_wetland_rice,k_wetland_rice_share,s_upland,s_upland_share,s_wetland_rice,s_wetland_rice_share,zn,zn_share,b,b_share,ca,ca_share,mg,mg_share,source
Abhaynagar,5055444B52925985874339,Slightly Alkaline,0.68,Optimum,0.46,Low,0.4,Medium,0.31,Very High,0.36,Very High,0.61,Very High,0.5,Very High,0.35,Low,0.71,Very High,0.86,Very High,1.0,Very High,1.0,"SRDI Soil Fertility Atlas of Bangladesh 2020 (maps from Upazila Nirdeshika data), read by colour"
Adabor,5055444B49102485932636,Slightly Acidic,1.0,Medium,1.0,Optimum,1.0,Optimum,1.0,,,,,Medium,1.0,Medium,1.0,Low,1.0,Very High,1.0,,,Very High,1.0,"SRDI Soil Fertility Atlas of Bangladesh 2020 (maps from Upazila Nirdeshika data), read by colour"
Adamdighi,5055444B58770697674534,Slightly Acidic,0.84,Medium,0.75,Optimum,0.47,Optimum,0.5,Low,0.83,Low,0.54,Low,0.88,Low,0.89,Low,0.87,Medium,0.37,Medium,0.41,Very High,0.38,"SRDI Soil Fertility Atlas of Bangladesh 2020 (maps from Upazila Nirdeshika data), read by colour"
Aditmari,5055444B32465848615946,Strongly Acidic,0.82,Medium,0.65,High,0.42,High,0.41,Low,0.95,Low,0.52,Low,0.57,Low,0.63,Very Low,0.92,Low,0.73,Low,0.69,Medium,0.47,"SRDI Soil Fertility Atlas of Bangladesh 2020 (maps from Upazila Nirdeshika data), read by colour"
Agailjhara,5055444B95524802719487,Slightly Acidic,0.79,Medium,0.7,Low,0.8,Low,0.71,Medium,0.6,Optimum,0.39,Very High,0.46,High,0.54,Very Low,0.54,Optimum,0.47,Very High,0.98,Very High,0.98,"SRDI Soil Fertility Atlas of Bangladesh 2020 (maps from Upazila Nirdeshika data), read by colour"
Ajmiriganj,5055444B99945132628682,Strongly Acidic,0.92,Low,0.49,Low,0.74,Low,0.74,Low,0.77,Medium,0.73,High,0.66,Optimum,0.49,Low,0.99,Low,0.5,Medium,0.48,Very High,0.94,"SRDI Soil Fertility Atlas of Bangladesh 2020 (maps from Upazila Nirdeshika data), read by colour"
Akhaura,5055444B62959054248390,Strongly Acidic,0.91,Medium,0.97,Low,0.81,Low,0.61,,,,,Optimum,0.54,Medium,0.51,Low,0.36,,,,,Very High,0.59,"SRDI Soil Fertility Atlas of Bangladesh 2020 (maps from Upazila Nirdeshika data), read by colour"
Akkelpur,5055444B76477721024576,Strongly Acidic,0.77,Low,0.58,Medium,0.82,Optimum,0.71,Low,0.72,Medium,0.68,Medium,0.58,Low,0.87,Low,0.83,Medium,0.64,Medium,0.63,Medium,0.73,"SRDI Soil Fertility Atlas of Bangladesh 2020 (maps from Upazila Nirdeshika data), read by colour"
Alamdanga,5055444B84155048182974,Slightly Alkaline,0.71,Medium,0.51,Medium,0.49,Medium,0.49,Low,0.79,Low,0.59,Low,0.58,Low,0.56,Very Low,0.67,Low,0.4,Very High,0.99,Very High,0.98,"SRDI Soil Fertility Atlas of Bangladesh 2020 (maps from Upazila Nirdeshika data), read by colour"
Alfadanga,5055444B55670429127605,Slightly Alkaline,0.99,Medium,0.54,Medium,0.31,High,0.26,Optimum,0.28,Very High,0.51,Medium,0.3,Low,0.42,Low,0.59,Very High,0.84,Very High,1.0,Very High,1.0,"SRDI Soil Fertility Atlas of Bangladesh 2020 (maps from Upazila Nirdeshika data), read by colour"
Alikadam,5055444B70145349624714,Slightly Acidic,0.52,Medium,0.56,Low,0.86,Low,0.86,Medium,0.54,Optimum,0.47,Low,0.81,Very Low,0.65,Very Low,0.97,Medium,0.47,Optimum,0.5,Very High,0.64,"SRDI Soil Fertility Atlas of Bangladesh 2020 (maps from Upazila Nirdeshika data), read by colour"
Amtali,5055444B15057296288923,Slightly Acidic,0.59,Medium,0.86,Very Low,0.73,Very Low,0.65,Very High,0.36,Very High,0.45,Very High,0.67,Very High,0.62,Medium,0.42,High,0.35,Very High,0.47,Very High,0.97,"SRDI Soil Fertility Atlas of Bangladesh 2020 (maps from Upazila Nirdeshika data), read by colour"
Anowara,5055444B66497559634365,Strongly Acidic,0.92,Medium,0.77,Medium,0.58,Medium,0.62,Low,0.81,Low,0.63,High,0.38,High,0.36,Very Low,0.56,High,0.3,Optimum,0.45,Very High,0.98,"SRDI Soil Fertility Atlas of Bangladesh 2020 (maps from Upazila Nirdeshika data), read by colour"
Araihazar,5055444B13859636437629,Slightly Acidic,0.92,Medium,0.72,Low,0.67,Low,0.88,Low,0.97,Low,0.81,Low,0.37,Low,0.33,Very High,0.44,Medium,0.32,Very High,0.5,Very High,0.75,"SRDI Soil Fertility Atlas of Bangladesh 2020 (maps from Upazila Nirdeshika data), read by colour"
Ashuganj,5055444B32932838704208,Strongly Acidic,0.83,Medium,0.97,Low,0.53,Low,0.72,Low,0.94,Low,0.89,Optimum,0.64,Medium,0.58,Medium,0.57,Low,0.73,Low,0.5,High,0.78,"SRDI Soil Fertility Atlas of Bangladesh 2020 (maps from Upazila Nirdeshika data), read by colour"
Assasuni,5055444B75161647827572,Strongly Acidic,0.45,Medium,0.79,Low,0.52,Medium,0.41,Very High,0.58,Very High,0.74,Very High,0.57,High,0.51,Low,0.79,Very High,0.84,Very High,0.77,Very High,1.0,"SRDI Soil Fertility Atlas of Bangladesh 2020 (maps from Upazila Nirdeshika data), read by colour"
Atgharia,5055444B13262596743861,Slightly Alkaline,0.88,Medium,0.56,Low,0.53,Low,0.55,Optimum,0.27,Very High,0.46,High,0.34,Optimum,0.3,Low,0.57,Medium,0.6,Very High,1.0,Very High,0.99,"SRDI Soil Fertility Atlas of Bangladesh 2020 (maps from Upazila Nirdeshika data), read by colour"
Atpara,5055444B38720066295886,Strongly Acidic,1.0,Medium,0.98,Medium,0.65,Medium,0.66,Low,0.9,Low,0.67,Optimum,0.54,Medium,0.57,Low,0.87,Very High,0.41,Very High,0.53,Very High,0.94,"SRDI Soil Fertility Atlas of Bangladesh 2020 (maps from Upazila Nirdeshika data), read by colour"
Atrai,5055444B3575688139772,Slightly Acidic,0.86,Medium,0.8,Low,0.86,Low,0.85,Low,0.76,Medium,0.57,Medium,0.66,Medium,0.57,Very Low,0.66,Medium,0.51,Very High,0.89,Very High,0.94,"SRDI Soil Fertility Atlas of Bangladesh 2020 (maps from Upazila Nirdeshika data), read by colour"
Atwari,5055444B48705627763179,Strongly Acidic,0.99,Medium,0.94,Very High,0.52,Very High,0.8,Medium,0.75,Medium,0.52,Low,0.92,Low,0.74,Very Low,0.5,Low,0.57,Low,0.89,Very Low,0.92,"SRDI Soil Fertility Atlas of Bangladesh 2020 (maps from Upazila Nirdeshika data), read by colour"
Austagram,5055444B71886622986948,Slightly Acidic,0.82,Medium,0.97,High,0.36,High,0.39,Low,0.91,Low,0.79,Medium,0.51,Medium,0.52,Low,0.96,High,0.2,Very High,0.41,Very High,1.0,"SRDI Soil Fertility Atlas of Bangladesh 2020 (maps from Upazila Nirdeshika data), read by colour"
Babuganj,5055444B11753174954303,Neutral,0.39,Medium,0.88,Very Low,0.79,Very Low,0.51,Optimum,0.36,Optimum,0.64,Very High,0.4,Optimum,0.3,Low,0.79,Very High,0.59,Very High,1.0,Very High,1.0,"SRDI Soil Fertility Atlas of Bangladesh 2020 (maps from Upazila Nirdeshika data), read by colour"
Badalgachhi,5055444B60678935174681,Slightly Acidic,0.67,Low,0.78,Medium,0.49,Medium,0.44,Low,0.97,Low,0.74,Low,0.8,Low,0.91,Very Low,0.62,Low,0.51,Low,0.79,Medium,0.48,"SRDI Soil Fertility Atlas of Bangladesh 2020 (maps from Upazila Nirdeshika data), read by colour"
Badarganj,5055444B71688043167729,Strongly Acidic,0.62,Low,0.81,Very High,0.25,Very High,0.49,Low,0.73,Low,0.48,Low,0.75,Low,0.53,Low,0.74,Medium,0.48,Low,0.64,Very Low,0.96,"SRDI Soil Fertility Atlas of Bangladesh 2020 (maps from Upazila Nirdeshika data), read by colour"
Badda,5055444B32230680322744,Strongly Acidic,1.0,Medium,0.64,Low,0.76,Low,0.76,Low,0.83,Low,0.67,High,0.64,Optimum,0.9,Low,1.0,Very High,0.4,Very High,0.55,Very High,1.0,"SRDI Soil Fertility Atlas of Bangladesh 2020 (maps from Upazila Nirdeshika data), read by colour"
Bagati Para,5055444B5068099947740,Slightly Alkaline,0.94,Medium,0.61,Low,0.54,Low,0.52,Medium,0.52,Optimum,0.51,Low,0.35,Low,0.38,Low,0.58,Optimum,0.39,Very High,1.0,Very High,0.62,"SRDI Soil Fertility Atlas of Bangladesh 2020 (maps from Upazila Nirdeshika data), read by colour"
Bagerhat Sadar,5055444B68778321552411,Slightly Alkaline,0.76,Medium,0.74,Low,0.6,Low,0.71,Medium,0.53,Medium,0.49,Very High,0.96,Very High,0.92,Low,0.63,Very High,0.52,Very High,0.99,Very High,1.0,"SRDI Soil Fertility Atlas of Bangladesh 2020 (maps from Upazila Nirdeshika data), read by colour"
Bagha,5055444B95183901987528,Neutral,0.52,Medium,0.67,Low,0.64,Low,0.54,Medium,0.61,Optimum,0.58,Medium,0.48,Low,0.55,Very Low,0.61,Optimum,0.45,Very High,1.0,Very High,0.64,"SRDI Soil Fertility Atlas of Bangladesh 2020 (maps from Upazila Nirdeshika data), read by colour"
Baghai Chhari,5055444B27929495018112,Strongly Acidic,0.92,Very High,0.73,Low,0.76,Low,0.76,Low,0.69,Medium,0.6,Low,0.63,Low,0.77,Very Low,0.89,Low,0.43,Low,0.51,Very High,0.33,"SRDI Soil Fertility Atlas of Bangladesh 2020 (maps from Upazila Nirdeshika data), read by colour"
Bagher Para,5055444B50671922094556,Slightly Alkaline,0.96,Medium,0.94,Low,0.63,Low,0.65,Medium,0.42,Optimum,0.35,Low,0.58,Low,0.75,Optimum,0.49,Very High,0.33,Very High,1.0,Very High,1.0,"SRDI Soil Fertility Atlas of Bangladesh 2020 (maps from Upazila Nirdeshika data), read by colour"
Baghmara,5055444B7328601552159,Slightly Alkaline,0.77,Low,0.87,Low,0.85,Low,0.61,Low,0.56,Medium,0.72,Medium,0.76,Medium,0.72,Low,0.5,Medium,0.5,Very High,0.66,Very High,0.93,"SRDI Soil Fertility Atlas of Bangladesh 2020 (maps from Upazila Nirdeshika data), read by colour"
Bahubal,5055444B50852908884979,Strongly Acidic,0.94,Medium,0.89,Very Low,0.58,Low,0.43,Low,0.59,Low,0.51,Medium,0.34,Medium,0.36,Very High,0.32,Optimum,0.56,Low,0.44,Very High,0.39,"SRDI Soil Fertility Atlas of Bangladesh 2020 (maps from Upazila Nirdeshika data), read by colour"
Bajitpur,5055444B13058474946517,Strongly Acidic,0.63,Low,0.5,Medium,0.36,Medium,0.36,Low,1.0,Low,0.52,Medium,0.39,Low,0.43,Very Low,0.93,Low,0.55,Very High,0.44,Very High,0.97,"SRDI Soil Fertility Atlas of Bangladesh 2020 (maps from Upazila Nirdeshika data), read by colour"
Bakalia,5055444B62979600608461,Strongly Acidic,1.0,Medium,1.0,Very Low,1.0,Very Low,0.9,Low,1.0,Low,1.0,Optimum,0.5,Optimum,0.91,Low,0.56,Medium,0.91,Low,1.0,Very High,1.0,"SRDI Soil Fertility Atlas of Bangladesh 2020 (maps from Upazila Nirdeshika data), read by colour"
Bakerganj,5055444B60675040208225,Neutral,0.7,Medium,0.81,Low,0.63,Low,0.65,Medium,0.54,Medium,0.5,High,0.66,High,0.48,Very Low,0.8,Optimum,0.52,Very High,0.43,Very High,0.99,"SRDI Soil Fertility Atlas of Bangladesh 2020 (maps from Upazila Nirdeshika data), read by colour"
Bakshiganj,5055444B53302442828,Slightly Acidic,0.52,Low,0.81,High,0.47,High,0.46,Low,0.41,Low,0.37,Low,0.79,Low,0.72,Low,0.94,Very Low,0.68,Low,0.54,Very High,0.88,"SRDI Soil Fertility Atlas of Bangladesh 2020 (maps from Upazila Nirdeshika data), read by colour"
Balaganj,5055444B42219902295699,Strongly Acidic,1.0,Medium,0.86,Very Low,0.72,Low,0.56,Low,0.64,Medium,0.49,Very High,0.4,Very High,0.3,Very High,0.49,Low,0.52,Medium,0.34,High,0.34,"SRDI Soil Fertility Atlas of Bangladesh 2020 (maps from Upazila Nirdeshika data), read by colour"
Balia Kandi,5055444B27992117808883,Slightly Alkaline,0.58,Medium,0.55,Optimum,0.33,Optimum,0.33,Optimum,0.39,Optimum,0.34,Low,0.4,Low,0.65,Low,1.0,Medium,0.5,Very High,1.0,Very High,1.0,"SRDI Soil Fertility Atlas of Bangladesh 2020 (maps from Upazila Nirdeshika data), read by colour"
Baliadangi,5055444B48916414184469,Strongly Acidic,1.0,Medium,0.68,Optimum,0.66,High,0.55,Low,0.63,Medium,0.49,Very Low,0.72,Very Low,0.84,Medium,0.44,Low,0.6,Low,0.97,Low,0.74,"SRDI Soil Fertility Atlas of Bangladesh 2020 (maps from Upazila Nirdeshika data), read by colour"
Bamna,5055444B77373604613442,Strongly Acidic,0.76,Medium,1.0,Very Low,0.76,Very Low,0.54,Medium,0.5,Optimum,0.53,Very High,0.65,Very High,0.6,Very Low,0.62,Very High,0.38,Very High,0.89,Very High,1.0,"SRDI Soil Fertility Atlas of Bangladesh 2020 (maps from Upazila Nirdeshika data), read by colour"
Banari Para,5055444B41993390999306,Slightly Acidic,0.85,Medium,0.76,Very Low,0.55,Very Low,0.51,Medium,0.5,Medium,0.42,Very High,0.58,Very High,0.46,Very Low,0.25,Medium,0.32,Very High,0.9,Very High,1.0,"SRDI Soil Fertility Atlas of Bangladesh 2020 (maps from Upazila Nirdeshika data), read by colour"
Banchharampur,5055444B96018438653421,Strongly Acidic,0.84,Medium,0.77,Low,0.7,Low,0.67,Low,1.0,Low,0.58,Optimum,0.41,Optimum,0.45,Low,0.79,Low,0.39,Very High,0.49,Very High,0.41,"SRDI Soil Fertility Atlas of Bangladesh 2020 (maps from Upazila Nirdeshika data), read by colour"
Bandar,5055444B32271374417544,Strongly Acidic,0.93,Medium,0.98,Very Low,0.64,Low,0.79,Low,0.66,Low,0.52,Medium,0.74,Medium,0.58,Very High,0.75,Low,0.74,Very High,0.49,Very High,1.0,"SRDI Soil Fertility Atlas of Bangladesh 2020 (maps from Upazila Nirdeshika data), read by colour"
Bandarban Sadar,5055444B74490098108798,Slightly Acidic,0.56,Medium,0.89,Low,0.55,Low,0.67,Medium,0.67,Optimum,0.54,Low,0.54,Low,0.53,Low,0.75,Medium,0.54,Medium,0.6,Very High,0.48,"SRDI Soil Fertility Atlas of Bangladesh 2020 (maps from Upazila Nirdeshika data), read by colour"
Bangshal,5055444B3033227423351,Slightly Acidic,1.0,Medium,1.0,Low,1.0,Low,1.0,Low,1.0,Medium,1.0,Optimum,1.0,Optimum,1.0,Low,1.0,Optimum,1.0,Very High,1.0,Very High,1.0,"SRDI Soil Fertility Atlas of Bangladesh 2020 (maps from Upazila Nirdeshika data), read by colour"
Baniachong,5055444B40412060728075,Strongly Acidic,0.94,Medium,0.49,High,0.44,High,0.45,Low,0.5,Medium,0.44,High,0.65,Optimum,0.62,Low,0.99,Medium,0.24,Optimum,0.27,Very High,1.0,"SRDI Soil Fertility Atlas of Bangladesh 2020 (maps from Upazila Nirdeshika data), read by colour"
Banshkhali,5055444B49096359165052,Strongly Acidic,0.83,Medium,0.76,Medium,0.53,Medium,0.53,Low,0.95,Low,0.67,High,0.39,Optimum,0.33,Very Low,0.96,High,0.23,Low,0.68,Very High,0.78,"SRDI Soil Fertility Atlas of Bangladesh 2020 (maps from Upazila Nirdeshika data), read by colour"
Baraigram,5055444B50551499462707,Slightly Alkaline,0.88,Medium,0.65,Low,0.75,Low,0.75,Low,0.6,Medium,0.47,Optimum,0.34,Medium,0.37,Very Low,0.89,Medium,0.42,Very High,1.0,Very High,1.0,"SRDI Soil Fertility Atlas of Bangladesh 2020 (maps from Upazila Nirdeshika data), read by colour"
Barguna Sadar,5055444B33820531733438,Strongly Acidic,0.76,Medium,0.94,Very Low,0.99,Very Low,0.97,Medium,0.61,Optimum,0.4,Very High,0.96,Very High,0.94,Low,0.77,Very High,0.38,Optimum,0.49,Very High,1.0,"SRDI Soil Fertility Atlas of Bangladesh 2020 (maps from Upazila Nirdeshika data), read by colour"
Barhatta,5055444B42611772267022,Strongly Acidic,0.98,Medium,0.8,Optimum,0.4,Optimum,0.4,Low,0.96,Low,0.76,Medium,0.54,Medium,0.75,Low,0.9,Very High,0.39,High,0.35,Very High,0.86,"SRDI Soil Fertility Atlas of Bangladesh 2020 (maps from Upazila Nirdeshika data), read by colour"
Barisal Sadar (Kotwali),5055444B73276272307545,Slightly Acidic,0.53,Medium,0.93,Very Low,0.82,Very Low,0.62,Low,0.63,Medium,0.44,Very High,0.61,Very High,0.37,Very Low,0.51,Very High,0.46,Very High,0.93,Very High,1.0,"SRDI Soil Fertility Atlas of Bangladesh 2020 (maps from Upazila Nirdeshika data), read by colour"
Barkal,5055444B37824837156541,Strongly Acidic,0.92,Medium,0.98,Low,0.67,Low,0.67,Low,0.62,Low,0.5,Very Low,0.7,Very Low,0.84,Very Low,0.92,Medium,0.42,Optimum,0.64,High,0.39,"SRDI Soil Fertility Atlas of Bangladesh 2020 (maps from Upazila Nirdeshika data), read by colour"
Barlekha,5055444B82170766050132,Very Strongly Acidic,0.64,Medium,0.99,Very Low,0.48,Very Low,0.33,Low,0.75,Low,0.78,Very Low,0.4,Very Low,0.62,Very High,0.4,Medium,0.55,Low,0.55,Very High,0.35,"SRDI Soil Fertility Atlas of Bangladesh 2020 (maps from Upazila Nirdeshika data), read by colour"
Barura,5055444B91077345667431,Strongly Acidic,0.93,Medium,0.85,Very High,0.23,Very High,0.49,Low,0.85,Low,0.5,Optimum,0.45,Medium,0.71,Medium,0.61,Very Low,0.31,Medium,0.43,Very High,0.4,"SRDI Soil Fertility Atlas of Bangladesh 2020 (maps from Upazila Nirdeshika data), read by colour"
Basail,5055444B21032011714269,Slightly Acidic,0.79,Medium,0.78,Very Low,0.49,Low,0.53,Low,0.69,Medium,0.57,Very High,0.53,Very High,0.4,Medium,0.73,Medium,0.45,Low,0.54,Medium,0.37,"SRDI Soil Fertility Atlas of Bangladesh 2020 (maps from Upazila Nirdeshika data), read by colour"
Batiaghata,5055444B76424346984523,Slightly Alkaline,0.62,Medium,0.9,Very Low,0.64,Very Low,0.53,Optimum,0.33,Very High,0.44,Very High,0.99,Very High,0.99,Low,0.5,Very High,0.96,Very High,1.0,Very High,1.0,"SRDI Soil Fertility Atlas of Bangladesh 2020 (maps from Upazila Nirdeshika data), read by colour"
Bauphal,5055444B39294686315052,Strongly Acidic,0.72,Medium,0.52,Very Low,0.85,Very Low,0.52,Low,0.55,Medium,0.68,Very High,0.46,Very High,0.34,Low,0.79,Optimum,0.37,Very High,0.44,Very High,1.0,"SRDI Soil Fertility Atlas of Bangladesh 2020 (maps from Upazila Nirdeshika data), read by colour"
Bayejid Bostami,5055444B75251324769772,Slightly Acidic,0.73,Medium,0.89,Medium,0.45,Medium,0.48,Low,0.89,Medium,0.56,Medium,0.36,Medium,0.5,Low,0.6,Medium,0.68,Medium,0.68,Very High,0.83,"SRDI Soil Fertility Atlas of Bangladesh 2020 (maps from Upazila Nirdeshika data), read by colour"
Beani Bazar,5055444B74522241895423,Strongly Acidic,0.94,Medium,0.97,Very Low,0.87,Very Low,0.69,Low,0.78,Low,0.56,Very High,0.59,Very High,0.42,Very High,0.38,Medium,0.63,Low,0.87,Very High,0.52,"SRDI Soil Fertility Atlas of Bangladesh 2020 (maps from Upazila Nirdeshika data), read by colour"
Begumganj,5055444B21927885992688,Strongly Acidic,0.59,Medium,0.43,Very Low,0.67,Very Low,0.56,Low,0.89,Low,0.71,Medium,0.41,Medium,0.37,Medium,0.49,Optimum,0.33,Low,0.37,Very High,0.99,"SRDI Soil Fertility Atlas of Bangladesh 2020 (maps from Upazila Nirdeshika data), read by colour"
Belabo,5055444B29598599915126,Slightly Acidic,0.59,Low,0.43,Optimum,0.22,High,0.29,Low,0.91,Low,0.72,Low,0.63,Low,0.52,Medium,0.45,Very High,0.42,Low,0.39,Very High,0.56,"SRDI Soil Fertility Atlas of Bangladesh 2020 (maps from Upazila Nirdeshika data), read by colour"
Belai Chhari,5055444B29897435624834,Slightly Acidic,0.53,Very High,0.72,Low,0.73,Low,0.73,Medium,0.99,Optimum,0.8,Low,0.9,Low,0.62,Very Low,0.83,Medium,0.8,Optimum,0.88,Very High,0.56,"SRDI Soil Fertility Atlas of Bangladesh 2020 (maps from Upazila Nirdeshika data), read by colour"
Belkuchi,5055444B61751715276638,Neutral,0.66,Medium,0.43,Low,0.51,Low,0.58,Low,1.0,Low,0.82,Low,0.45,Low,0.67,Low,0.57,Medium,0.4,Optimum,0.43,Very High,0.51,"SRDI Soil Fertility Atlas of Bangladesh 2020 (maps from Upazila Nirdeshika data), read by colour"
Bera,5055444B90956087424891,Slightly Alkaline,0.75,Very Low,0.58,Low,0.6,Medium,0.58,Low,0.48,Medium,0.58,Optimum,0.31,Medium,0.3,Low,0.52,Optimum,0.42,Very High,0.96,High,0.55,"SRDI Soil Fertility Atlas of Bangladesh 2020 (maps from Upazila Nirdeshika data), read by colour"
Betagi,5055444B49366988279383,Strongly Acidic,0.8,Medium,0.95,Very Low,0.84,Very Low,0.75,Optimum,0.58,High,0.5,Low,0.47,Low,0.48,Low,0.83,Optimum,0.38,Very High,0.79,Very High,1.0,"SRDI Soil Fertility Atlas of Bangladesh 2020 (maps from Upazila Nirdeshika data), read by colour"
Bhairab,5055444B14711722116105,Strongly Acidic,0.76,Medium,0.56,Medium,0.44,Medium,0.46,Low,0.94,Low,0.92,Low,0.64,Low,0.64,Very Low,0.69,Low,0.43,Optimum,0.49,Very Low,0.54,"SRDI Soil Fertility Atlas of Bangladesh 2020 (maps from Upazila Nirdeshika data), read by colour"
Bhaluka,5055444B10360406555635,Strongly Acidic,0.87,Low,0.41,Medium,0.7,Medium,0.71,Low,0.66,Low,0.57,Optimum,0.41,Medium,0.42,Low,0.57,Optimum,0.27,Low,0.37,High,0.29,"SRDI Soil Fertility Atlas of Bangladesh 2020 (maps from Upazila Nirdeshika data), read by colour"
Bhandaria,5055444B55847146222236,Slightly Acidic,0.83,Medium,0.98,Very Low,0.7,Very Low,0.59,Medium,0.54,Optimum,0.77,Very High,0.92,Very High,0.85,Low,0.61,Low,0.41,Very High,1.0,Very High,1.0,"SRDI Soil Fertility Atlas of Bangladesh 2020 (maps from Upazila Nirdeshika data), read by colour"
Bhanga,5055444B5119414311829,Slightly Alkaline,0.99,Medium,0.74,Medium,0.45,Medium,0.46,Medium,0.78,Optimum,0.67,Medium,0.53,Low,0.51,Low,0.48,Medium,0.44,Very High,1.0,Very High,0.97,"SRDI Soil Fertility Atlas of Bangladesh 2020 (maps from Upazila Nirdeshika data), read by colour"
Bhangura,5055444B89119170954251,Neutral,0.47,Medium,0.9,High,0.46,High,0.54,Low,0.78,Low,0.82,Optimum,0.41,Medium,0.53,Low,0.91,Low,0.38,Very High,0.66,Very High,0.96,"SRDI Soil Fertility Atlas of Bangladesh 2020 (maps from Upazila Nirdeshika data), read by colour"
Bhedarganj,5055444B15524173324977,Slightly Alkaline,0.85,Medium,0.87,Low,0.52,Low,0.52,Low,0.93,Low,0.86,Medium,0.52,Medium,0.56,Low,0.53,Very Low,0.26,Very High,0.61,Very High,0.75,"SRDI Soil Fertility Atlas of Bangladesh 2020 (maps from Upazila Nirdeshika data), read by colour"
Bheramara,5055444B14686967042049,Slightly Alkaline,1.0,Medium,0.82,Low,0.85,Low,0.61,Medium,0.91,Medium,0.56,Medium,0.49,Low,0.42,Medium,0.37,Low,0.86,Very High,0.98,Very High,0.98,"SRDI Soil Fertility Atlas of Bangladesh 2020 (maps from Upazila Nirdeshika data), read by colour"
Bhola Sadar,5055444B7097225858324,Slightly Acidic,0.39,Low,0.71,Low,0.97,Low,0.97,Medium,0.63,Medium,0.52,High,0.45,Optimum,0.59,Very Low,0.79,Optimum,0.4,Very High,0.83,Very High,1.0,"SRDI Soil Fertility Atlas of Bangladesh 2020 (maps from Upazila Nirdeshika data), read by colour"
Bholahat,5055444B5224825785279,Slightly Acidic,0.72,Low,0.62,Very High,0.54,High,0.56,Medium,0.31,Medium,0.28,Medium,0.49,Low,0.41,Low,0.92,Optimum,0.52,Very High,0.41,Very High,0.97,"SRDI Soil Fertility Atlas of Bangladesh 2020 (maps from Upazila Nirdeshika data), read by colour"
Bhuapur,5055444B16297383305925,Slightly Acidic,0.4,Medium,0.69,Very Low,0.75,Very Low,0.5,Low,0.84,Low,0.8,Very Low,0.45,Very Low,0.54,Medium,0.39,Low,0.35,Very High,0.36,Very High,1.0,"SRDI Soil Fertility Atlas of Bangladesh 2020 (maps from Upazila Nirdeshika data), read by colour"
Bhurungamari,5055444B87531326935884,Slightly Acidic,0.73,Medium,0.99,Medium,0.55,Medium,0.55,Low,1.0,Low,1.0,Medium,0.53,Medium,0.77,Very Low,1.0,Optimum,0.44,Low,0.46,Low,0.41,"SRDI Soil Fertility Atlas of Bangladesh 2020 (maps from Upazila Nirdeshika data), read by colour"
Bijoynagar,5055444B37995463425931,Strongly Acidic,0.98,Medium,0.96,Low,0.58,Low,0.55,Low,1.0,Low,1.0,Low,0.68,Low,0.48,Optimum,0.25,Medium,0.29,Low,1.0,Very High,0.47,"SRDI Soil Fertility Atlas of Bangladesh 2020 (maps from Upazila Nirdeshika data), read by colour"
Biman Bandar,5055444B57714745100095,Strongly Acidic,1.0,Optimum,0.62,Optimum,0.6,Optimum,0.6,Low,0.83,Medium,0.5,Optimum,0.6,Medium,1.0,Low,1.0,Very High,1.0,Very High,1.0,Very High,1.0,"SRDI Soil Fertility Atlas of Bangladesh 2020 (maps from Upazila Nirdeshika data), read by colour"
Biral,5055444B78948578275311,Strongly Acidic,1.0,Low,0.83,Medium,0.37,Very High,0.41,Low,0.61,Medium,0.5,Low,0.63,Low,0.8,Low,0.56,Medium,0.68,Low,0.83,Low,0.5,"SRDI Soil Fertility Atlas of Bangladesh 2020 (maps from Upazila Nirdeshika data), read by colour"
Birampur,5055444B79507658875525,Strongly Acidic,0.98,Low,0.69,Low,0.39,Medium,0.41,Low,0.53,Medium,0.64,Low,0.6,Low,0.67,Medium,0.56,Medium,0.68,Low,0.69,Low,0.5,"SRDI Soil Fertility Atlas of Bangladesh 2020 (maps from Upazila Nirdeshika data), read by colour"
Birganj,5055444B22722799866654,Strongly Acidic,0.56,Low,0.6,Medium,0.59,Medium,0.57,Low,0.97,Low,0.78,Low,0.75,Low,0.94,Low,0.91,Very High,0.41,Low,0.64,Medium,0.51,"SRDI Soil Fertility Atlas of Bangladesh 2020 (maps from Upazila Nirdeshika data), read by colour"
Bishwambarpur,5055444B29430612429174,Strongly Acidic,0.93,Medium,0.75,Medium,0.46,Medium,0.46,Low,1.0,Low,1.0,Low,0.5,Low,0.43,Low,0.71,Medium,0.28,Very High,0.62,High,0.35,"SRDI Soil Fertility Atlas of Bangladesh 2020 (maps from Upazila Nirdeshika data), read by colour"
Bishwanath,5055444B7917442502790,Strongly Acidic,0.98,Medium,0.93,Low,0.49,Low,0.68,Medium,0.51,Medium,0.59,High,0.41,Optimum,0.4,Optimum,0.3,Low,0.55,Low,0.66,Optimum,0.31,"SRDI Soil Fertility Atlas of Bangladesh 2020 (maps from Upazila Nirdeshika data), read by colour"
Boalia,5055444B84943606791974,Slightly Alkaline,0.91,Low,0.63,Medium,0.62,Medium,0.52,Medium,0.36,High,0.38,Low,0.62,Low,0.95,Low,0.57,Medium,0.7,Very High,1.0,High,0.45,"SRDI Soil Fertility Atlas of Bangladesh 2020 (maps from Upazila Nirdeshika data), read by colour"
Boalkhali,5055444B39554160616851,Strongly Acidic,0.99,Medium,0.88,Very Low,0.48,Low,0.52,Low,0.66,Low,0.52,Medium,0.6,Medium,0.62,Low,0.76,Medium,0.55,Low,0.72,Very High,0.7,"SRDI Soil Fertility Atlas of Bangladesh 2020 (maps from Upazila Nirdeshika data), read by colour"
Boalmari,5055444B63302256730709,Slightly Alkaline,0.69,Medium,0.84,Low,0.53,Medium,0.37,High,0.36,Very High,0.46,Low,0.39,Low,0.45,Low,0.8,Very High,0.74,Very High,1.0,Very High,0.99,"SRDI Soil Fertility Atlas of Bangladesh 2020 (maps from Upazila Nirdeshika data), read by colour"
Bochaganj,5055444B39806235806178,Strongly Acidic,1.0,Low,0.83,Medium,0.72,Optimum,0.63,Low,0.59,Medium,0.67,Low,0.57,Low,0.94,Low,0.49,Medium,0.31,Very Low,0.67,Medium,0.91,"SRDI Soil Fertility Atlas of Bangladesh 2020 (maps from Upazila Nirdeshika data), read by colour"
Boda,5055444B728279832924,Strongly Acidic,0.86,Medium,0.65,High,0.6,High,0.59,Medium,0.51,Low,0.44,Low,0.61,Very Low,0.79,Very Low,0.93,Low,0.48,Low,0.68,Low,0.63,"SRDI Soil Fertility Atlas of Bangladesh 2020 (maps from Upazila Nirdeshika data), read by colour"
Bogra Sadar,5055444B83464339159312,Slightly Acidic,0.7,Medium,0.63,Medium,0.48,Optimum,0.31,Low,0.91,Low,0.71,Optimum,0.42,Medium,0.56,Medium,0.67,Low,0.48,Optimum,0.58,Optimum,0.44,"SRDI Soil Fertility Atlas of Bangladesh 2020 (maps from Upazila Nirdeshika data), read by colour"
Brahman Para,5055444B87015491124884,Slightly Acidic,0.87,Medium,0.72,Medium,0.52,Optimum,0.5,,,,,Optimum,0.55,Medium,0.75,Medium,0.58,Low,0.83,,,Very High,0.96,"SRDI Soil Fertility Atlas of Bangladesh 2020 (maps from Upazila Nirdeshika data), read by colour"
Brahmanbaria Sadar,5055444B14183911871917,Strongly Acidic,0.7,Medium,0.98,Low,0.81,Medium,0.55,Medium,0.36,Medium,0.27,Optimum,0.73,Medium,0.53,High,0.26,Low,0.39,Low,0.48,Very High,0.65,"SRDI Soil Fertility Atlas of Bangladesh 2020 (maps from Upazila Nirdeshika data), read by colour"
Burhanuddin,5055444B893784701157,Slightly Acidic,0.74,Medium,0.79,Low,0.89,Low,0.89,Low,0.99,Medium,0.58,High,0.59,Optimum,0.6,Very Low,0.93,Optimum,0.42,Very High,0.32,Very High,1.0,"SRDI Soil Fertility Atlas of Bangladesh 2020 (maps from Upazila Nirdeshika data), read by colour"
Burichang,5055444B51169249412494,Slightly Acidic,0.63,Medium,0.79,Low,0.38,Medium,0.24,Low,0.75,Low,0.73,Very Low,0.48,Very Low,0.55,Medium,0.42,Medium,0.42,Optimum,0.34,Very High,0.79,"SRDI Soil Fertility Atlas of Bangladesh 2020 (maps from Upazila Nirdeshika data), read by colour"
Cantonment,5055444B56407900252664,Strongly Acidic,0.75,Optimum,0.8,High,0.5,Optimum,0.47,Low,0.86,Medium,0.67,Optimum,0.94,Medium,0.88,Low,1.0,Very High,0.83,Very High,0.94,Very High,1.0,"SRDI Soil Fertility Atlas of Bangladesh 2020 (maps from Upazila Nirdeshika data), read by colour"
Chak Bazar,5055444B82655553221044,Slightly Acidic,1.0,Medium,1.0,Low,1.0,Low,1.0,Low,0.5,Medium,1.0,Optimum,1.0,Optimum,1.0,Low,1.0,High,1.0,Very High,1.0,Very High,1.0,"SRDI Soil Fertility Atlas of Bangladesh 2020 (maps from Upazila Nirdeshika data), read by colour"
Chakaria,5055444B84996258897066,Strongly Acidic,0.72,Medium,0.57,Low,0.63,Low,0.55,Low,0.58,Medium,0.52,Low,0.24,Low,0.31,Very Low,0.69,Very Low,0.4,Low,0.43,Medium,0.42,"SRDI Soil Fertility Atlas of Bangladesh 2020 (maps from Upazila Nirdeshika data), read by colour"
Chandanaish,5055444B97657491175799,Strongly Acidic,0.94,Low,0.5,Very Low,0.52,Low,0.62,High,0.35,Very High,0.41,Very High,0.35,Optimum,0.35,Low,0.49,Medium,0.62,Medium,0.55,Very High,0.62,"SRDI Soil Fertility Atlas of Bangladesh 2020 (maps from Upazila Nirdeshika data), read by colour"
Chandgaon,5055444B37030351476694,Strongly Acidic,1.0,Medium,1.0,Very Low,0.88,Low,0.71,Low,0.62,Medium,0.44,High,0.46,High,0.42,Medium,0.67,Optimum,0.67,Low,0.63,Very High,1.0,"SRDI Soil Fertility Atlas of Bangladesh 2020 (maps from Upazila Nirdeshika data), read by colour"
Chandina,5055444B69698146690678,Strongly Acidic,0.94,Medium,0.61,Very High,0.43,Very High,0.66,Low,0.87,Low,0.76,Optimum,0.55,Medium,0.53,Medium,0.67,Optimum,0.42,Medium,0.53,Very High,0.68,"SRDI Soil Fertility Atlas of Bangladesh 2020 (maps from Upazila Nirdeshika data), read by colour"
Chandpur Sadar,5055444B35741244965074,Slightly Acidic,0.68,Medium,0.93,Medium,0.61,Medium,0.61,Low,0.91,Low,0.95,Low,0.41,Low,0.47,Very Low,0.91,Very High,0.4,Optimum,0.68,Very High,0.82,"SRDI Soil Fertility Atlas of Bangladesh 2020 (maps from Upazila Nirdeshika data), read by colour"
Char Bhadrasan,5055444B75331922255178,Slightly Alkaline,0.99,Low,0.79,Low,0.8,Low,0.9,Low,0.89,Medium,0.57,Low,0.58,Low,0.53,Very Low,0.76,Medium,0.58,Very High,0.82,Very High,0.9,"SRDI Soil Fertility Atlas of Bangladesh 2020 (maps from Upazila Nirdeshika data), read by colour"
Char Fasson,5055444B66059160751289,Neutral,0.41,Medium,0.54,Low,0.85,Low,0.86,Medium,0.49,Medium,0.61,High,0.61,Optimum,0.44,Very Low,0.95,Very High,0.34,Very High,0.47,Very High,0.98,"SRDI Soil Fertility Atlas of Bangladesh 2020 (maps from Upazila Nirdeshika data), read by colour"
Char Rajibpur,5055444B63634660661381,Neutral,0.81,Low,0.65,Low,0.88,Low,0.88,,,,,Low,0.79,Low,0.76,Low,0.96,Optimum,1.0,,,Very High,1.0,"SRDI Soil Fertility Atlas of Bangladesh 2020 (maps from Upazila Nirdeshika data), read by colour"
Charghat,5055444B52811201124670,Slightly Alkaline,1.0,Medium,0.84,Low,0.62,Medium,0.45,Medium,0.56,Medium,0.43,Very Low,0.53,Very Low,0.62,Low,0.85,Low,0.34,Very High,1.0,Very High,0.44,"SRDI Soil Fertility Atlas of Bangladesh 2020 (maps from Upazila Nirdeshika data), read by colour"
Chatkhil,5055444B29892543857449,Slightly Acidic,0.66,Very Low,0.48,Very Low,0.48,Low,0.55,Low,0.95,Low,0.76,Very High,0.69,High,0.4,Low,0.88,Very Low,0.41,Medium,0.54,Very High,0.87,"SRDI Soil Fertility Atlas of Bangladesh 2020 (maps from Upazila Nirdeshika data), read by colour"
Chatmohar,5055444B40727855162076,Neutral,0.68,Medium,0.68,Medium,0.45,Medium,0.47,Optimum,0.36,Low,0.28,High,0.45,Optimum,0.6,Low,0.93,Medium,0.25,Very High,0.95,Very High,0.95,"SRDI Soil Fertility Atlas of Bangladesh 2020 (maps from Upazila Nirdeshika data), read by colour"
Chauddagram,5055444B9070330767349,Strongly Acidic,0.67,Low,0.53,High,0.45,High,0.49,Low,0.99,Low,0.85,Medium,0.62,Low,0.56,Low,1.0,Low,0.32,Low,0.3,Optimum,0.31,"SRDI Soil Fertility Atlas of Bangladesh 2020 (maps from Upazila Nirdeshika data), read by colour"
Chaugachha,5055444B52558284836839,Slightly Alkaline,0.97,Medium,0.47,Medium,0.41,Medium,0.43,Medium,0.58,Optimum,0.43,Medium,0.4,Low,0.58,Low,0.7,Very High,0.44,Very High,1.0,Very High,0.95,"SRDI Soil Fertility Atlas of Bangladesh 2020 (maps from Upazila Nirdeshika data), read by colour"
Chauhali,5055444B20988672766215,Slightly Alkaline,0.96,Medium,0.76,Low,0.75,Low,0.75,Low,0.82,Medium,0.6,Medium,0.5,Low,0.75,Very Low,0.76,Medium,0.54,Very High,0.74,Very High,0.76,"SRDI Soil Fertility Atlas of Bangladesh 2020 (maps from Upazila Nirdeshika data), read by colour"
Chhagalnaiya,5055444B26511265806420,Strongly Acidic,0.69,Medium,0.93,Low,0.64,Low,0.65,Low,1.0,Low,1.0,Optimum,0.35,Low,0.49,Low,0.83,Optimum,0.33,Very Low,0.94,Very High,0.77,"SRDI Soil Fertility Atlas of Bangladesh 2020 (maps from Upazila Nirdeshika data), read by colour"
Chhatak,5055444B94988032496724,Strongly Acidic,0.94,Medium,0.9,Low,0.87,Low,0.87,Medium,0.46,Medium,0.47,High,0.46,High,0.36,Low,0.98,Medium,0.42,Low,0.58,High,0.39,"SRDI Soil Fertility Atlas of Bangladesh 2020 (maps from Upazila Nirdeshika data), read by colour"
Chilmari,5055444B31518469261205,Slightly Alkaline,0.61,Low,0.79,Low,0.77,Low,0.77,Low,0.98,Medium,0.78,Low,0.88,Low,0.64,Very Low,0.8,Low,0.74,Very High,0.57,Very High,0.71,"SRDI Soil Fertility Atlas of Bangladesh 2020 (maps from Upazila Nirdeshika data), read by colour"
Chirirbandar,5055444B51943841593923,Slightly Acidic,0.69,Low,0.89,Optimum,0.51,Optimum,0.52,Low,0.96,Low,0.9,Low,0.96,Very Low,0.52,Very Low,0.93,Medium,0.41,Low,0.54,Low,0.53,"SRDI Soil Fertility Atlas of Bangladesh 2020 (maps from Upazila Nirdeshika data), read by colour"
Chitalmari,5055444B77604595910958,Neutral,0.42,High,0.41,Low,0.5,Low,0.57,Low,0.69,Low,0.61,Very High,0.69,Very High,0.46,Low,0.69,Medium,0.26,Very High,1.0,Very High,1.0,"SRDI Soil Fertility Atlas of Bangladesh 2020 (maps from Upazila Nirdeshika data), read by colour"
Chittagong Port,5055444B96751245569599,Strongly Acidic,1.0,Medium,1.0,Low,1.0,Medium,1.0,Medium,0.94,Optimum,0.56,Medium,0.67,Medium,0.82,Medium,1.0,Medium,0.78,Medium,0.89,Very High,1.0,"SRDI Soil Fertility Atlas of Bangladesh 2020 (maps from Upazila Nirdeshika data), read by colour"
Chuadanga Sadar,5055444B67851108717142,Slightly Alkaline,0.72,Low,0.8,Optimum,0.48,Optimum,0.49,Low,0.59,Low,0.48,Medium,0.53,Medium,0.71,Low,0.6,Medium,0.44,Very High,0.98,Very High,0.96,"SRDI Soil Fertility Atlas of Bangladesh 2020 (maps from Upazila Nirdeshika data), read by colour"
Chunarughat,5055444B46183445583986,Strongly Acidic,0.91,Medium,0.96,Low,0.59,Low,0.56,Low,0.82,Low,0.76,Low,0.83,Low,0.59,Very Low,0.46,High,0.47,Low,0.77,Low,0.37,"SRDI Soil Fertility Atlas of Bangladesh 2020 (maps from Upazila Nirdeshika data), read by colour"
Comilla Adarsha Sadar,5055444B48258460974709,Strongly Acidic,0.99,Medium,0.48,Low,0.45,Medium,0.35,Low,1.0,Medium,0.63,Medium,0.35,Low,0.34,Medium,0.39,Very Low,0.85,Medium,0.66,Very High,0.42,"SRDI Soil Fertility Atlas of Bangladesh 2020 (maps from Upazila Nirdeshika data), read by colour"
Comilla Sadar Dakshin,5055444B83041215814881,Strongly Acidic,0.55,Medium,0.68,High,0.41,High,0.47,Low,1.0,Low,0.95,Low,0.41,Low,0.5,Low,0.55,Very High,0.41,Medium,0.44,Very High,0.38,"SRDI Soil Fertility Atlas of Bangladesh 2020 (maps from Upazila Nirdeshika data), read by colour"
Companiganj,5055444B56228986539746,Slightly Acidic,0.47,Low,0.52,Low,0.71,Low,0.87,Low,0.56,Low,0.47,Very High,0.71,High,0.49,Low,0.85,Very High,0.64,Very High,0.62,Very High,1.0,"SRDI Soil Fertility Atlas of Bangladesh 2020 (maps from Upazila Nirdeshika data), read by colour"
Companiganj,5055444B34344695185666,Strongly Acidic,0.55,Medium,0.95,Low,0.59,Low,0.62,Low,0.58,Medium,0.42,High,0.53,Optimum,0.62,Low,0.91,High,0.28,Very High,0.36,Optimum,0.39,"SRDI Soil Fertility Atlas of Bangladesh 2020 (maps from Upazila Nirdeshika data), read by colour"
Cox's Bazar Sadar,5055444B44088891115489,Strongly Acidic,0.9,Low,0.67,Low,0.47,Low,0.3,Low,0.89,Low,0.76,Very High,0.65,Very High,0.58,Medium,0.38,Low,0.42,Low,0.64,Low,0.38,"SRDI Soil Fertility Atlas of Bangladesh 2020 (maps from Upazila Nirdeshika data), read by colour"
Dacope,5055444B27282750635430,Neutral,0.44,Medium,0.69,Low,0.79,Low,0.76,Very High,0.74,Very High,0.85,Very High,0.91,High,0.75,Low,0.75,Very High,0.92,Very High,1.0,Very High,0.98,"SRDI Soil Fertility Atlas of Bangladesh 2020 (maps from Upazila Nirdeshika data), read by colour"
Daganbhuiyan,5055444B99414305730014,Strongly Acidic,0.96,Medium,0.87,Very Low,0.58,Low,0.74,Low,0.88,Low,0.56,Low,0.46,Low,0.55,Low,0.91,High,0.41,Very High,0.52,Very High,0.8,"SRDI Soil Fertility Atlas of Bangladesh 2020 (maps from Upazila Nirdeshika data), read by colour"
Dakshin Sunamganj,5055444B18079460407879,Strongly Acidic,0.8,Medium,0.71,Low,0.51,Low,0.51,Low,0.99,Low,0.84,High,0.61,Optimum,0.65,Low,0.95,Medium,0.32,Very High,0.47,Very High,0.78,"SRDI Soil Fertility Atlas of Bangladesh 2020 (maps from Upazila Nirdeshika data), read by colour"
Dakshin Surma,5055444B91315333896705,Strongly Acidic,0.96,Medium,0.88,Very Low,0.74,Very Low,0.56,Medium,0.76,Medium,0.53,Very High,0.33,Medium,0.26,Medium,0.42,Medium,0.46,Medium,0.46,Optimum,0.37,"SRDI Soil Fertility Atlas of Bangladesh 2020 (maps from Upazila Nirdeshika data), read by colour"
Dakshinkhan,5055444B54932712585204,Strongly Acidic,1.0,Optimum,1.0,Medium,0.5,Medium,0.5,Medium,0.88,Medium,0.89,Medium,1.0,Medium,1.0,Low,1.0,Very High,0.57,Very High,1.0,Very High,1.0,"SRDI Soil Fertility Atlas of Bangladesh 2020 (maps from Upazila Nirdeshika data), read by colour"
Damudya,5055444B78904096490349,Slightly Alkaline,0.7,Medium,1.0,Low,0.78,Low,0.78,Medium,0.52,Medium,0.71,Optimum,0.39,Medium,0.41,Very Low,0.67,Optimum,0.6,Very High,1.0,Very High,1.0,"SRDI Soil Fertility Atlas of Bangladesh 2020 (maps from Upazila Nirdeshika data), read by colour"
Damurhuda,5055444B42162342633446,Slightly Alkaline,0.85,Medium,0.68,Medium,0.61,Medium,0.6,Medium,0.77,Optimum,0.51,Low,0.71,Low,0.71,Low,0.87,Low,0.53,Very High,1.0,Very High,0.91,"SRDI Soil Fertility Atlas of Bangladesh 2020 (maps from Upazila Nirdeshika data), read by colour"
Darus Salam,5055444B58026692506241,Slightly Acidic,1.0,Medium,0.83,High,1.0,High,1.0,Low,1.0,Medium,1.0,Optimum,0.83,Medium,1.0,Low,1.0,Very High,1.0,Very High,1.0,Very High,1.0,"SRDI Soil Fertility Atlas of Bangladesh 2020 (maps from Upazila Nirdeshika data), read by colour"
Dashmina,5055444B84377812112263,Strongly Acidic,0.58,Low,0.98,Very Low,0.97,Very Low,0.82,Low,0.69,Medium,0.63,Very High,0.61,Very High,0.42,Very Low,0.67,Medium,0.51,Very High,0.87,Very High,1.0,"SRDI Soil Fertility Atlas of Bangladesh 2020 (maps from Upazila Nirdeshika data), read by colour"
Daudkandi,5055444B33374130329407,Slightly Acidic,0.93,Medium,0.64,High,0.41,High,0.42,Low,0.73,Low,0.62,Medium,0.64,Medium,0.5,Low,1.0,Medium,0.27,Medium,0.48,Very High,0.84,"SRDI Soil Fertility Atlas of Bangladesh 2020 (maps from Upazila Nirdeshika data), read by colour"
Daulatkhan,5055444B15230519967712,Slightly Alkaline,0.42,Low,0.58,Low,0.99,Low,0.99,Low,1.0,Medium,0.58,High,0.7,High,0.59,Very Low,0.92,Medium,0.78,Very High,0.88,Very High,1.0,"SRDI Soil Fertility Atlas of Bangladesh 2020 (maps from Upazila Nirdeshika data), read by colour"
Daulatpur,5055444B23473824839920,Slightly Acidic,0.42,Medium,0.45,Low,0.64,Low,0.58,Medium,0.73,Medium,0.56,Medium,0.35,Medium,0.4,Very Low,0.59,Medium,0.36,Very High,0.68,Very High,0.93,"SRDI Soil Fertility Atlas of Bangladesh 2020 (maps from Upazila Nirdeshika data), read by colour"
Daulatpur,5055444B46757628050002,Slightly Acidic,0.5,Medium,0.5,Low,1.0,Low,1.0,Very High,1.0,Very High,1.0,High,0.58,Optimum,0.67,Very Low,1.0,Very High,0.83,Very High,1.0,Very High,1.0,"SRDI Soil Fertility Atlas of Bangladesh 2020 (maps from Upazila Nirdeshika data), read by colour"
Daulatpur,5055444B53912976326946,Slightly Alkaline,0.95,Very Low,0.64,Low,0.98,Low,0.97,Low,0.5,Low,0.36,Medium,0.65,Low,0.6,Low,0.55,Very High,0.33,Very High,1.0,Very High,0.51,"SRDI Soil Fertility Atlas of Bangladesh 2020 (maps from Upazila Nirdeshika data), read by colour"
Debhata,5055444B7317208084306,Slightly Alkaline,0.89,Medium,1.0,Medium,0.31,Medium,0.36,Optimum,0.41,Optimum,0.33,Very High,0.81,Very High,0.77,Medium,0.4,High,0.52,Very High,1.0,Very High,1.0,"SRDI Soil Fertility Atlas of Bangladesh 2020 (maps from Upazila Nirdeshika data), read by colour"
Debidwar,5055444B86934116157766,Neutral,0.49,Low,0.53,Low,0.5,Low,0.48,Low,0.78,Low,0.65,High,0.47,Optimum,0.64,Low,0.74,Low,0.5,High,0.42,Very High,0.98,"SRDI Soil Fertility Atlas of Bangladesh 2020 (maps from Upazila Nirdeshika data), read by colour"
Debiganj,5055444B68978005941657,Strongly Acidic,0.72,Low,0.56,Very High,0.44,High,0.49,Low,0.99,Low,0.79,Medium,0.67,Low,0.49,Very Low,0.92,Low,0.45,Low,0.55,Very Low,0.86,"SRDI Soil Fertility Atlas of Bangladesh 2020 (maps from Upazila Nirdeshika data), read by colour"
Delduar,5055444B15353027914244,Slightly Acidic,0.45,Medium,0.61,Medium,0.56,Medium,0.56,Low,0.79,Low,0.74,Optimum,0.51,Optimum,0.52,Low,0.7,Medium,0.46,Optimum,0.44,Very High,0.46,"SRDI Soil Fertility Atlas of Bangladesh 2020 (maps from Upazila Nirdeshika data), read by colour"
Demra,5055444B14528909504793,Strongly Acidic,0.94,Medium,0.87,Low,0.87,Low,0.87,Low,1.0,Low,0.56,High,0.83,Optimum,0.82,Low,0.5,Medium,0.54,Very High,0.79,Very High,1.0,"SRDI Soil Fertility Atlas of Bangladesh 2020 (maps from Upazila Nirdeshika data), read by colour"
Derai,5055444B19243019661723,Strongly Acidic,0.92,Medium,0.62,Low,0.52,Low,0.52,Low,0.99,Low,0.72,High,0.49,Optimum,0.56,Low,1.0,Medium,0.31,Very High,0.76,Very High,0.99,"SRDI Soil Fertility Atlas of Bangladesh 2020 (maps from Upazila Nirdeshika data), read by colour"
Dewanganj,5055444B37852279213101,Slightly Acidic,0.71,Low,0.73,Medium,0.34,Medium,0.33,Low,0.41,Low,0.29,Low,0.52,Low,0.69,Low,0.99,Low,0.59,Low,0.66,Very High,0.53,"SRDI Soil Fertility Atlas of Bangladesh 2020 (maps from Upazila Nirdeshika data), read by colour"
Dhamoirhat,5055444B49062995436606,Strongly Acidic,0.76,Low,0.79,Low,0.54,Low,0.53,Low,0.94,Low,0.66,Low,0.85,Low,0.89,Very Low,0.7,Low,0.59,Very Low,0.47,Low,0.52,"SRDI Soil Fertility Atlas of Bangladesh 2020 (maps from Upazila Nirdeshika data), read by colour"
Dhamrai,5055444B39396107660312,Slightly Acidic,0.86,Medium,0.65,Low,0.46,Low,0.45,Medium,0.79,Optimum,0.44,High,0.33,Optimum,0.43,Very Low,0.56,High,0.25,High,0.27,Very High,1.0,"SRDI Soil Fertility Atlas of Bangladesh 2020 (maps from Upazila Nirdeshika data), read by colour"
Dhanbari,5055444B25808786190602,Strongly Acidic,0.52,Medium,0.49,Low,0.6,Low,0.6,Low,0.83,Low,0.54,Low,0.48,Low,0.68,Optimum,0.4,Medium,0.84,Medium,0.43,Very High,0.83,"SRDI Soil Fertility Atlas of Bangladesh 2020 (maps from Upazila Nirdeshika data), read by colour"
Dhanmondi,5055444B44526348177341,Slightly Acidic,1.0,Medium,1.0,Medium,0.67,Medium,0.67,,,Medium,1.0,Optimum,1.0,Medium,1.0,Low,1.0,High,0.5,Very High,1.0,Very High,1.0,"SRDI Soil Fertility Atlas of Bangladesh 2020 (maps from Upazila Nirdeshika data), read by colour"
Dharampasha,5055444B99906709627914,Strongly Acidic,0.98,Medium,0.51,Low,0.62,Low,0.62,Low,0.97,Low,0.82,High,0.68,High,0.55,Low,1.0,Medium,0.43,Very High,0.43,Very High,0.64,"SRDI Soil Fertility Atlas of Bangladesh 2020 (maps from Upazila Nirdeshika data), read by colour"
Dhobaura,5055444B86250199527476,Strongly Acidic,0.97,Medium,0.65,Low,0.86,Low,0.86,Low,0.95,Low,0.88,High,0.43,High,0.67,Very Low,0.98,Very Low,0.65,Medium,0.46,Medium,0.3,"SRDI Soil Fertility Atlas of Bangladesh 2020 (maps from Upazila Nirdeshika data), read by colour"
Dhunat,5055444B75599042311563,Slightly Acidic,0.77,Low,0.67,Low,0.42,Low,0.53,Low,0.83,Low,0.98,Low,0.76,Low,0.53,Low,0.78,Medium,0.32,Medium,0.54,Very High,0.65,"SRDI Soil Fertility Atlas of Bangladesh 2020 (maps from Upazila Nirdeshika data), read by colour"
Dhupchanchia,5055444B62446820117735,Strongly Acidic,0.85,Medium,0.66,Medium,0.84,Optimum,0.58,Low,0.8,Medium,0.65,Low,0.88,Low,0.98,Medium,0.56,Medium,0.6,Low,0.47,Medium,0.85,"SRDI Soil Fertility Atlas of Bangladesh 2020 (maps from Upazila Nirdeshika data), read by colour"
Dighalia,5055444B20721684317964,Slightly Acidic,0.73,High,0.82,Very Low,0.75,Very Low,0.62,Very High,0.57,Very High,0.75,Very High,0.94,Very High,0.86,High,0.27,Very High,0.69,Very High,1.0,Very High,1.0,"SRDI Soil Fertility Atlas of Bangladesh 2020 (maps from Upazila Nirdeshika data), read by colour"
Dighinala,5055444B92856865175572,Strongly Acidic,0.95,Very High,0.73,Low,0.82,Low,0.82,Low,0.51,Medium,0.69,Low,0.85,Low,0.68,Very Low,0.51,Low,0.33,Low,0.71,Very High,0.39,"SRDI Soil Fertility Atlas of Bangladesh 2020 (maps from Upazila Nirdeshika data), read by colour"
Dimla,5055444B48556909875029,Strongly Acidic,0.75,Low,0.65,Optimum,0.41,Optimum,0.42,Low,0.92,Low,0.68,Low,0.48,Low,0.64,Very Low,0.71,Medium,0.45,Low,0.82,Low,0.5,"SRDI Soil Fertility Atlas of Bangladesh 2020 (maps from Upazila Nirdeshika data), read by colour"
Dinajpur Sadar,5055444B62353958062010,Strongly Acidic,0.97,Low,0.82,Medium,0.41,Medium,0.35,Low,0.99,Low,0.93,Low,0.54,Low,0.67,Low,0.47,Medium,0.49,Low,0.62,Medium,0.51,"SRDI Soil Fertility Atlas of Bangladesh 2020 (maps from Upazila Nirdeshika data), read by colour"
Dohar,5055444B89474781080787,Slightly Alkaline,0.54,Medium,0.85,Low,0.84,Low,0.84,Low,0.6,Medium,0.83,High,0.75,Optimum,0.49,Very Low,0.85,Low,0.55,Very High,0.98,Very High,0.99,"SRDI Soil Fertility Atlas of Bangladesh 2020 (maps from Upazila Nirdeshika data), read by colour"
Domar,5055444B45421324298866,Strongly Acidic,0.9,Medium,0.54,High,0.48,High,0.48,Low,0.77,Medium,0.49,Low,0.78,Low,0.91,Very Low,1.0,Low,0.4,Low,0.74,Very Low,0.49,"SRDI Soil Fertility Atlas of Bangladesh 2020 (maps from Upazila Nirdeshika data), read by colour"
Double Mooring,5055444B66556337069640,Strongly Acidic,1.0,Medium,1.0,Low,1.0,Medium,1.0,Medium,0.78,Medium,0.89,Low,0.67,Low,0.89,Medium,0.67,Optimum,0.56,Low,0.89,Very High,1.0,"SRDI Soil Fertility Atlas of Bangladesh 2020 (maps from Upazila Nirdeshika data), read by colour"
Dowarabazar,5055444B64610175900905,Strongly Acidic,0.91,Medium,0.85,Low,0.96,Low,0.96,Low,0.94,Low,0.88,Low,0.68,Low,0.82,Low,0.87,Medium,0.29,Optimum,0.36,Optimum,0.35,"SRDI Soil Fertility Atlas of Bangladesh 2020 (maps from Upazila Nirdeshika data), read by colour"
Dumki,5055444B35753624845680,Strongly Acidic,0.8,Medium,0.79,Very Low,0.95,Very Low,0.91,Low,0.49,Medium,0.45,Very High,0.87,Very High,0.66,Low,0.68,Optimum,0.79,High,0.4,Very High,0.99,"SRDI Soil Fertility Atlas of Bangladesh 2020 (maps from Upazila Nirdeshika data), read by colour"
Dumuria,5055444B11044248230769,Slightly Acidic,0.5,Medium,0.42,Very Low,0.6,Very Low,0.41,Very High,0.56,Very High,0.78,Very High,0.92,Very High,0.88,Optimum,0.28,Very High,0.69,Very High,1.0,Very High,0.98,"SRDI Soil Fertility Atlas of Bangladesh 2020 (maps from Upazila Nirdeshika data), read by colour"
Durgapur,5055444B76788625169588,Strongly Acidic,0.51,Medium,0.88,Medium,0.42,Medium,0.42,Low,0.99,Low,0.94,Optimum,0.45,Medium,0.43,Low,0.98,Medium,0.24,Medium,0.24,Very High,0.46,"SRDI Soil Fertility Atlas of Bangladesh 2020 (maps from Upazila Nirdeshika data), read by colour"
Durgapur,5055444B93638080796536,Slightly Alkaline,0.89,Low,0.62,Very High,0.3,Very High,0.47,Low,0.56,Medium,0.39,Medium,0.52,Low,0.73,Low,0.62,Optimum,0.36,Very High,1.0,Very High,0.99,"SRDI Soil Fertility Atlas of Bangladesh 2020 (maps from Upazila Nirdeshika data), read by colour"
Fakirhat,5055444B5933683148381,Slightly Alkaline,0.57,Medium,0.58,Low,0.66,Low,0.51,Very High,0.66,Very High,0.7,Very High,0.89,Very High,0.82,Low,0.37,Very High,0.95,Very High,1.0,Very High,1.0,"SRDI Soil Fertility Atlas of Bangladesh 2020 (maps from Upazila Nirdeshika data), read by colour"
Faridganj,5055444B71558155368166,Slightly Acidic,0.73,Medium,0.71,Low,0.5,Low,0.5,Low,0.82,Low,0.52,Optimum,0.55,Medium,0.44,Very Low,0.97,Medium,0.57,Medium,0.57,Very High,0.99,"SRDI Soil Fertility Atlas of Bangladesh 2020 (maps from Upazila Nirdeshika data), read by colour"
Faridpur,5055444B5426320976059,Slightly Alkaline,0.86,Medium,0.65,Medium,0.59,Optimum,0.39,Low,0.62,Low,0.61,Low,0.48,Low,0.65,Very Low,0.49,Medium,0.66,Very High,0.59,Very High,1.0,"SRDI Soil Fertility Atlas of Bangladesh 2020 (maps from Upazila Nirdeshika data), read by colour"
Faridpur Sadar,5055444B21946407329202,Slightly Alkaline,0.99,Low,0.65,Low,0.45,Low,0.44,Medium,0.47,Medium,0.36,Low,0.41,Very Low,0.49,Very High,0.41,Low,0.36,Very High,1.0,Very High,0.88,"SRDI Soil Fertility Atlas of Bangladesh 2020 (maps from Upazila Nirdeshika data), read by colour"
Fatikchhari,5055444B95801532899797,Strongly Acidic,0.97,Medium,0.93,Low,0.88,Low,0.89,Low,0.89,Low,0.72,Low,0.87,Low,0.89,Very Low,0.64,Medium,0.43,Low,0.6,Low,0.25,"SRDI Soil Fertility Atlas of Bangladesh 2020 (maps from Upazila Nirdeshika data), read by colour"
Fenchuganj,5055444B87277518835017,Strongly Acidic,0.71,Medium,1.0,Very Low,0.98,Very Low,0.76,Low,0.47,Medium,0.38,Very High,0.79,Very High,0.65,Very High,0.31,Medium,0.83,Medium,0.56,Very High,0.62,"SRDI Soil Fertility Atlas of Bangladesh 2020 (maps from Upazila Nirdeshika data), read by colour"
Feni Sadar,5055444B40138424940148,Strongly Acidic,0.61,Medium,0.9,Very Low,0.46,Low,0.56,Low,0.99,Low,0.97,Medium,0.44,Low,0.67,Low,0.77,Medium,0.45,Low,0.53,Very High,0.64,"SRDI Soil Fertility Atlas of Bangladesh 2020 (maps from Upazila Nirdeshika data), read by colour"
Fulbari,5055444B44901139304438,Strongly Acidic,0.93,Medium,0.51,Optimum,0.37,High,0.38,Low,0.43,Medium,0.41,Low,0.67,Very Low,0.65,Low,0.85,Low,0.72,Very Low,0.55,Medium,0.64,"SRDI Soil Fertility Atlas of Bangladesh 2020 (maps from Upazila Nirdeshika data), read by colour"
Fulbaria,5055444B78175035306518,Slightly Acidic,0.77,Medium,0.95,Very Low,0.8,Low,0.82,Low,0.78,Low,0.57,Low,0.47,Low,0.58,Medium,0.34,Medium,0.45,Medium,0.37,Very High,0.52,"SRDI Soil Fertility Atlas of Bangladesh 2020 (maps from Upazila Nirdeshika data), read by colour"
Fulchhari,5055444B23049188583489,Neutral,0.46,Low,0.79,Low,0.57,Low,0.57,Low,0.98,Low,0.87,Medium,0.64,Medium,0.48,Very Low,0.74,Low,0.29,Medium,0.41,Optimum,0.54,"SRDI Soil Fertility Atlas of Bangladesh 2020 (maps from Upazila Nirdeshika data), read by colour"
Fulgazi,5055444B33879349571627,Slightly Acidic,0.53,Low,0.6,Optimum,0.34,Optimum,0.34,,,,,Medium,0.3,Optimum,0.36,Low,0.87,Medium,0.88,,,Very High,0.91,"SRDI Soil Fertility Atlas of Bangladesh 2020 (maps from Upazila Nirdeshika data), read by colour"
Gabtali,5055444B85005696436554,Strongly Acidic,0.53,Medium,0.52,Very High,0.28,Very High,0.41,Low,0.98,Low,0.99,Medium,0.26,Medium,0.35,Low,0.57,Very High,0.36,High,0.39,High,0.38,"SRDI Soil Fertility Atlas of Bangladesh 2020 (maps from Upazila Nirdeshika data), read by colour"
Gaffargaon,5055444B28348959120095,Strongly Acidic,0.62,Medium,0.79,Optimum,0.44,Optimum,0.45,Low,0.96,Low,0.94,Medium,0.45,Low,0.57,Low,0.89,Very High,0.47,Optimum,0.4,Very High,0.89,"SRDI Soil Fertility Atlas of Bangladesh 2020 (maps from Upazila Nirdeshika data), read by colour"
Gaibandha Sadar,5055444B3189341921764,Slightly Acidic,0.89,Low,0.57,High,0.56,High,0.59,Low,1.0,Low,0.99,Low,0.89,Low,0.69,Low,0.84,Optimum,0.3,Optimum,0.33,Very High,0.4,"SRDI Soil Fertility Atlas of Bangladesh 2020 (maps from Upazila Nirdeshika data), read by colour"
Galachipa,5055444B92476324318819,Slightly Alkaline,0.35,Low,0.52,Low,0.74,Low,0.79,Medium,0.52,Medium,0.8,High,0.51,High,0.5,Very Low,0.78,Medium,0.29,Very High,0.91,Very High,1.0,"SRDI Soil Fertility Atlas of Bangladesh 2020 (maps from Upazila Nirdeshika data), read by colour"
Gangachara,5055444B51911213656614,Strongly Acidic,0.86,Low,0.58,Very High,0.8,Very High,0.84,Low,0.51,Medium,0.36,Medium,0.44,Low,0.68,Low,0.63,Medium,0.42,Medium,0.39,Low,0.94,"SRDI Soil Fertility Atlas of Bangladesh 2020 (maps from Upazila Nirdeshika data), read by colour"
Gangni,5055444B93126942536388,Slightly Alkaline,0.95,Medium,0.62,Low,0.69,Low,0.44,Low,0.68,Medium,0.74,Low,0.31,Low,0.32,Very Low,0.7,Low,0.39,Very High,0.99,Very High,0.89,"SRDI Soil Fertility Atlas of Bangladesh 2020 (maps from Upazila Nirdeshika data), read by colour"
Gauripur,5055444B70908799520391,Strongly Acidic,0.8,Medium,0.94,Low,0.34,Low,0.24,Low,0.89,Low,0.77,Low,0.54,Low,0.7,Low,0.51,Low,0.36,Medium,0.4,Medium,0.3,"SRDI Soil Fertility Atlas of Bangladesh 2020 (maps from Upazila Nirdeshika data), read by colour"
Gaurnadi,5055444B66414754271755,Neutral,0.74,Medium,0.91,Low,0.7,Medium,0.41,Medium,0.52,Medium,0.49,Very High,0.81,Very High,0.64,Low,0.89,Optimum,0.38,Very High,1.0,Very High,0.67,"SRDI Soil Fertility Atlas of Bangladesh 2020 (maps from Upazila Nirdeshika data), read by colour"
Gazaria,5055444B82094787312382,Strongly Acidic,0.95,Medium,0.53,Low,0.64,Low,0.64,Medium,0.69,Optimum,0.44,High,0.65,Optimum,0.7,Low,0.88,Very Low,0.51,Very High,0.8,Very High,0.99,"SRDI Soil Fertility Atlas of Bangladesh 2020 (maps from Upazila Nirdeshika data), read by colour"
Gazipur Sadar,5055444B30367199884921,Strongly Acidic,0.76,Medium,0.7,Low,0.57,Low,0.57,Low,0.57,Medium,0.37,Medium,0.44,Low,0.64,Low,0.78,Optimum,0.29,Very High,0.47,Very High,0.27,"SRDI Soil Fertility Atlas of Bangladesh 2020 (maps from Upazila Nirdeshika data), read by colour"
Gendaria,5055444B38357461991586,Slightly Acidic,1.0,Medium,1.0,Low,1.0,Low,1.0,Low,1.0,Medium,1.0,Optimum,1.0,Optimum,1.0,Low,1.0,Medium,1.0,Very High,1.0,Very High,1.0,"SRDI Soil Fertility Atlas of Bangladesh 2020 (maps from Upazila Nirdeshika data), read by colour"
Ghatail,5055444B57482053594042,Strongly Acidic,0.71,Medium,0.77,Very Low,0.71,Very Low,0.57,Low,0.6,Low,0.4,Low,0.33,Very Low,0.33,Medium,0.35,Low,0.55,Low,0.34,Very High,0.32,"SRDI Soil Fertility Atlas of Bangladesh 2020 (maps from Upazila Nirdeshika data), read by colour"
Ghior,5055444B67168337318866,Slightly Acidic,0.81,Low,0.5,Medium,0.35,Medium,0.39,Medium,0.67,Medium,0.53,Optimum,0.52,Optimum,0.48,Very Low,0.49,Medium,0.32,Very High,0.95,Very High,0.99,"SRDI Soil Fertility Atlas of Bangladesh 2020 (maps from Upazila Nirdeshika data), read by colour"
Ghoraghat,5055444B96277257106353,Strongly Acidic,0.93,Low,0.89,Medium,0.77,Optimum,0.7,Low,0.8,Medium,0.53,Low,0.92,Low,0.95,Low,0.9,Low,0.52,Low,0.3,Low,0.75,"SRDI Soil Fertility Atlas of Bangladesh 2020 (maps from Upazila Nirdeshika data), read by colour"
Goalandaghat,5055444B47253162871751,Slightly Alkaline,1.0,Medium,0.62,Low,0.88,Low,0.85,Medium,0.58,Medium,0.57,Low,0.78,Low,0.65,Low,0.7,Medium,0.53,Very High,1.0,Very High,0.97,"SRDI Soil Fertility Atlas of Bangladesh 2020 (maps from Upazila Nirdeshika data), read by colour"
Gobindaganj,5055444B10956713741536,Strongly Acidic,0.5,Low,0.65,Medium,0.4,Medium,0.35,Low,0.91,Low,0.88,Low,0.81,Low,0.81,Very Low,0.51,Medium,0.56,Medium,0.46,Medium,0.3,"SRDI Soil Fertility Atlas of Bangladesh 2020 (maps from Upazila Nirdeshika data), read by colour"
Godagari,5055444B45852065441553,Neutral,0.72,Low,0.85,Low,0.56,Medium,0.39,Medium,0.48,Optimum,0.39,Low,0.71,Low,0.64,Medium,0.62,Medium,0.35,Very High,0.64,High,0.46,"SRDI Soil Fertility Atlas of Bangladesh 2020 (maps from Upazila Nirdeshika data), read by colour"
Golabganj,5055444B69213858716566,Strongly Acidic,0.97,Medium,0.9,Very Low,0.82,Low,0.55,Low,0.35,Medium,0.31,Very High,0.4,Very High,0.24,Very High,0.49,Medium,0.6,Low,0.58,Very High,0.57,"SRDI Soil Fertility Atlas of Bangladesh 2020 (maps from Upazila Nirdeshika data), read by colour"
Gomastapur,5055444B89693136712968,Slightly Acidic,0.52,Low,0.77,Low,0.28,Very High,0.3,Low,0.88,Low,0.75,Medium,0.4,Medium,0.33,Medium,0.49,Medium,0.51,Medium,0.62,Very High,0.66,"SRDI Soil Fertility Atlas of Bangladesh 2020 (maps from Upazila Nirdeshika data), read by colour"
Gopalganj Sadar,5055444B13443177435533,Slightly Alkaline,0.37,High,0.55,Low,0.88,Low,0.86,Medium,0.38,Medium,0.35,High,0.54,Optimum,0.44,Low,0.66,Very High,0.75,Very High,0.75,Very High,0.97,"SRDI Soil Fertility Atlas of Bangladesh 2020 (maps from Upazila Nirdeshika data), read by colour"
Gopalpur,5055444B71793030218448,Slightly Acidic,0.54,Medium,0.66,Medium,0.35,Medium,0.43,Low,0.69,Low,0.65,Optimum,0.37,Optimum,0.46,Low,0.6,Low,0.46,Low,0.36,Very High,0.77,"SRDI Soil Fertility Atlas of Bangladesh 2020 (maps from Upazila Nirdeshika data), read by colour"
Gosairhat,5055444B74969054630595,Slightly Alkaline,0.87,Medium,0.98,Low,0.69,Low,0.69,Low,0.38,Low,0.39,High,0.46,Optimum,0.54,Very Low,0.54,Optimum,0.86,Very High,0.79,Very High,0.99,"SRDI Soil Fertility Atlas of Bangladesh 2020 (maps from Upazila Nirdeshika data), read by colour"
Gowainghat,5055444B62684954860182,Strongly Acidic,0.86,Medium,0.79,Low,0.42,Low,0.39,Low,0.58,Low,0.48,Very High,0.37,Optimum,0.35,Medium,0.26,Low,0.32,Low,0.31,Medium,0.3,"SRDI Soil Fertility Atlas of Bangladesh 2020 (maps from Upazila Nirdeshika data), read by colour"
Gulshan,5055444B56461784969328,Strongly Acidic,1.0,Medium,0.78,Medium,0.8,Medium,0.8,Low,0.73,Medium,0.78,Optimum,0.55,Optimum,0.91,Low,1.0,Very High,0.67,Very High,0.64,Very High,1.0,"SRDI Soil Fertility Atlas of Bangladesh 2020 (maps from Upazila Nirdeshika data), read by colour"
Gurudaspur,5055444B53518678954927,Slightly Alkaline,0.73,Medium,0.98,Low,0.75,Low,0.74,Low,0.4,Medium,0.28,Low,0.54,Low,0.73,Very Low,0.57,Medium,0.28,Very High,0.75,Very High,0.98,"SRDI Soil Fertility Atlas of Bangladesh 2020 (maps from Upazila Nirdeshika data), read by colour"
Habiganj Sadar,5055444B24382626124582,Strongly Acidic,0.97,Medium,0.86,Low,0.41,Low,0.59,Low,0.87,Low,0.67,High,0.3,Medium,0.34,High,0.26,High,0.35,Low,0.38,Very High,0.8,"SRDI Soil Fertility Atlas of Bangladesh 2020 (maps from Upazila Nirdeshika data), read by colour"
Haim Char,5055444B97119696275156,Slightly Alkaline,0.66,Low,0.47,Low,0.75,Low,0.75,Low,0.86,Low,0.85,High,0.37,Optimum,0.36,Very Low,1.0,Medium,0.43,Very High,0.48,Very High,0.7,"SRDI Soil Fertility Atlas of Bangladesh 2020 (maps from Upazila Nirdeshika data), read by colour"
Hajiganj,5055444B37219354955474,Slightly Acidic,0.96,Medium,0.98,Medium,0.57,Medium,0.57,Low,0.81,Low,0.78,Medium,0.59,Low,0.67,Very Low,0.62,Very High,0.28,Optimum,0.45,High,0.5,"SRDI Soil Fertility Atlas of Bangladesh 2020 (maps from Upazila Nirdeshika data), read by colour"
Hakimpur,5055444B56333063181641,Strongly Acidic,1.0,Low,0.59,Medium,0.51,Medium,0.37,Low,0.99,Low,0.85,Low,0.82,Low,0.87,Medium,0.53,Medium,0.48,Low,0.98,Low,0.69,"SRDI Soil Fertility Atlas of Bangladesh 2020 (maps from Upazila Nirdeshika data), read by colour"
Halishahar,5055444B67671348239307,Slightly Acidic,0.8,Medium,1.0,Low,1.0,Medium,1.0,Low,0.87,Medium,0.6,Medium,0.44,Medium,0.75,Medium,1.0,Medium,0.81,Low,1.0,Very High,1.0,"SRDI Soil Fertility Atlas of Bangladesh 2020 (maps from Upazila Nirdeshika data), read by colour"
Haluaghat,5055444B66377868060311,Slightly Acidic,0.68,Medium,0.59,High,0.72,High,0.78,Low,0.95,Low,0.92,Optimum,0.58,Optimum,0.52,Low,0.86,Medium,0.52,Medium,0.44,Very High,0.88,"SRDI Soil Fertility Atlas of Bangladesh 2020 (maps from Upazila Nirdeshika data), read by colour"
Harinakunda,5055444B20021225888412,Slightly Alkaline,0.77,Medium,0.67,Low,0.72,Low,0.7,Low,0.99,Low,0.7,Medium,0.51,Low,0.56,Low,0.78,Medium,0.53,Very High,0.99,Very High,0.62,"SRDI Soil Fertility Atlas of Bangladesh 2020 (maps from Upazila Nirdeshika data), read by colour"
Haripur,5055444B33565614058430,Strongly Acidic,0.99,Low,0.49,Optimum,0.46,High,0.56,Low,0.89,Low,0.83,Very Low,0.53,Very Low,0.73,Low,0.79,Low,0.75,Low,0.83,Low,0.55,"SRDI Soil Fertility Atlas of Bangladesh 2020 (maps from Upazila Nirdeshika data), read by colour"
Harirampur,5055444B53451019672150,Slightly Acidic,0.6,Medium,0.82,Medium,0.52,Medium,0.53,Low,0.55,Medium,0.65,High,0.6,High,0.47,Very Low,0.74,Low,0.6,Very High,1.0,Very High,1.0,"SRDI Soil Fertility Atlas of Bangladesh 2020 (maps from Upazila Nirdeshika data), read by colour"
Hathazari,5055444B98016911778597,Strongly Acidic,0.99,Medium,0.67,Very Low,0.57,Low,0.65,Low,0.91,Low,0.77,Medium,0.26,Medium,0.32,Low,0.45,Medium,0.56,Low,0.51,Very High,0.63,"SRDI Soil Fertility Atlas of Bangladesh 2020 (maps from Upazila Nirdeshika data), read by colour"
Hatibandha,5055444B78670664180744,Strongly Acidic,0.78,Medium,0.86,Optimum,0.44,Optimum,0.44,Low,0.98,Low,0.88,Low,0.92,Low,0.74,Very Low,0.94,Medium,0.48,Low,0.88,Low,0.56,"SRDI Soil Fertility Atlas of Bangladesh 2020 (maps from Upazila Nirdeshika data), read by colour"
Hatiya,5055444B26590135153615,Neutral,0.72,Low,0.85,Optimum,0.39,Optimum,0.38,Low,0.89,Medium,0.9,High,0.62,Optimum,0.45,Very Low,0.65,Medium,0.43,High,0.7,Very High,1.0,"SRDI Soil Fertility Atlas of Bangladesh 2020 (maps from Upazila Nirdeshika data), read by colour"
Hazaribagh,5055444B79082430711641,Slightly Acidic,1.0,Medium,1.0,Medium,0.6,Medium,0.6,Low,1.0,Medium,1.0,Optimum,0.83,Medium,0.83,Low,1.0,High,0.5,Very High,1.0,Very High,1.0,"SRDI Soil Fertility Atlas of Bangladesh 2020 (maps from Upazila Nirdeshika data), read by colour"
Hizla,5055444B36389182328145,Slightly Alkaline,0.91,Medium,0.7,Low,0.8,Low,0.81,Low,0.85,Low,0.67,High,0.51,Optimum,0.62,Very Low,0.8,Optimum,0.34,Very High,0.76,Very High,0.79,"SRDI Soil Fertility Atlas of Bangladesh 2020 (maps from Upazila Nirdeshika data), read by colour"
Homna,5055444B68305043582994,Slightly Acidic,0.62,Medium,0.79,High,0.3,High,0.39,Low,1.0,Low,0.52,High,0.47,High,0.59,Low,0.58,Medium,0.52,High,0.62,Very High,0.76,"SRDI Soil Fertility Atlas of Bangladesh 2020 (maps from Upazila Nirdeshika data), read by colour"
Hossainpur,5055444B58039681953949,Neutral,0.62,Medium,0.96,Very Low,0.43,Very Low,0.3,Low,0.97,Low,0.81,Low,0.66,Low,0.75,Low,0.83,Optimum,0.36,High,0.48,Very High,0.99,"SRDI Soil Fertility Atlas of Bangladesh 2020 (maps from Upazila Nirdeshika data), read by colour"
Ishwardi,5055444B93250488853616,Slightly Alkaline,0.93,Medium,0.79,Low,0.63,Low,0.77,Medium,0.7,Optimum,0.61,Medium,0.29,Low,0.42,Low,0.82,Medium,0.78,Very High,1.0,Very High,0.8,"SRDI Soil Fertility Atlas of Bangladesh 2020 (maps from Upazila Nirdeshika data), read by colour"
Ishwarganj,5055444B3881119476901,Strongly Acidic,0.86,Medium,0.87,Very Low,0.57,Low,0.4,Low,0.74,Medium,0.73,Low,0.43,Low,0.52,Medium,0.39,Very Low,0.4,Medium,0.29,High,0.34,"SRDI Soil Fertility Atlas of Bangladesh 2020 (maps from Upazila Nirdeshika data), read by colour"
Islampur,5055444B8648993873034,Slightly Acidic,0.62,Low,0.48,Medium,0.35,Medium,0.35,Low,0.78,Low,0.67,Low,0.86,Low,0.74,Low,0.69,Very Low,0.42,Optimum,0.4,High,0.31,"SRDI Soil Fertility Atlas of Bangladesh 2020 (maps from Upazila Nirdeshika data), read by colour"
Itna,5055444B52552217694509,Strongly Acidic,0.53,Low,0.53,Very Low,0.7,Very Low,0.7,Low,1.0,Low,0.87,Optimum,0.45,Optimum,0.52,Very Low,0.58,High,0.38,Optimum,0.38,Very High,0.78,"SRDI Soil Fertility Atlas of Bangladesh 2020 (maps from Upazila Nirdeshika data), read by colour"
Jagannathpur,5055444B57165749218775,Strongly Acidic,1.0,Medium,0.75,Optimum,0.38,Optimum,0.38,Low,0.75,Low,0.56,High,0.59,Optimum,0.58,Low,0.94,Medium,0.33,Medium,0.37,Optimum,0.4,"SRDI Soil Fertility Atlas of Bangladesh 2020 (maps from Upazila Nirdeshika data), read by colour"
Jaintiapur,5055444B19736672664555,Very Strongly Acidic,0.89,Medium,0.95,Low,0.64,Low,0.4,Low,0.77,Low,0.71,Low,0.22,Very Low,0.25,Very High,0.38,Low,0.56,Low,0.65,Low,0.44,"SRDI Soil Fertility Atlas of Bangladesh 2020 (maps from Upazila Nirdeshika data), read by colour"
Jaldhaka,5055444B28351243268521,Strongly Acidic,0.92,Low,0.54,High,0.67,High,0.69,Low,0.9,Low,0.73,Low,0.71,Low,0.96,Very Low,0.91,Low,0.5,Low,0.83,Medium,0.54,"SRDI Soil Fertility Atlas of Bangladesh 2020 (maps from Upazila Nirdeshika data), read by colour"
Jamalganj,5055444B62205139742422,Strongly Acidic,0.92,Medium,0.89,Low,0.73,Low,0.73,Low,1.0,Low,0.92,High,0.81,High,0.73,Low,0.95,Medium,0.45,Very High,0.83,Very High,0.49,"SRDI Soil Fertility Atlas of Bangladesh 2020 (maps from Upazila Nirdeshika data), read by colour"
Jamalpur Sadar,5055444B56108573685352,Slightly Acidic,0.82,Medium,0.49,Optimum,0.33,Optimum,0.39,Low,0.78,Medium,0.48,Low,0.78,Low,0.69,Low,0.83,Very Low,0.38,Medium,0.46,Medium,0.35,"SRDI Soil Fertility Atlas of Bangladesh 2020 (maps from Upazila Nirdeshika data), read by colour"
Jatrabari,5055444B25595964672870,Slightly Acidic,0.67,Medium,1.0,Low,1.0,Low,1.0,Low,0.95,Medium,0.53,High,0.95,Optimum,1.0,Low,0.61,Medium,1.0,Very High,0.61,Very High,1.0,"SRDI Soil Fertility Atlas of Bangladesh 2020 (maps from Upazila Nirdeshika data), read by colour"
Jhalokati Sadar,5055444B65755720973040,Neutral,0.52,Medium,0.84,Medium,0.48,Medium,0.49,Low,0.56,Low,0.43,High,0.44,Optimum,0.49,Very Low,0.63,Very High,0.35,Very High,0.99,Very High,1.0,"SRDI Soil Fertility Atlas of Bangladesh 2020 (maps from Upazila Nirdeshika data), read by colour"
Jhenaidah Sadar,5055444B48976868209107,Slightly Alkaline,0.55,Low,0.54,High,0.65,High,0.67,Low,0.49,Medium,0.34,Optimum,0.66,Medium,0.5,Low,0.96,Medium,0.48,Very High,1.0,Very High,0.97,"SRDI Soil Fertility Atlas of Bangladesh 2020 (maps from Upazila Nirdeshika data), read by colour"
Jhenaigati,5055444B69691307586178,Slightly Acidic,0.64,Medium,0.62,Low,0.62,Low,0.61,Low,0.92,Low,0.75,Medium,0.25,Low,0.35,Medium,0.31,Low,0.47,Low,0.78,Very High,0.38,"SRDI Soil Fertility Atlas of Bangladesh 2020 (maps from Upazila Nirdeshika data), read by colour"
Jhikargachha,5055444B85710752222432,Slightly Alkaline,0.95,Low,0.76,Very High,0.62,Very High,0.69,Medium,0.4,Optimum,0.36,Medium,0.33,Medium,0.33,Very Low,0.78,Optimum,0.34,Very High,1.0,Very High,1.0,"SRDI Soil Fertility Atlas of Bangladesh 2020 (maps from Upazila Nirdeshika data), read by colour"
Jiban Nagar,5055444B6466456665233,Neutral,0.6,Low,0.89,Optimum,0.4,Optimum,0.4,Low,0.44,Low,0.39,Medium,0.62,Low,0.54,Low,0.93,Very High,0.39,Very High,0.86,Very High,0.98,"SRDI Soil Fertility Atlas of Bangladesh 2020 (maps from Upazila Nirdeshika data), read by colour"
Joypurhat Sadar,5055444B93992233540184,Strongly Acidic,0.69,Low,0.76,Medium,0.49,Optimum,0.46,Low,0.75,Medium,0.53,Medium,0.55,Low,0.78,Low,0.48,Low,0.84,Very Low,0.5,Low,0.94,"SRDI Soil Fertility Atlas of Bangladesh 2020 (maps from Upazila Nirdeshika data), read by colour"
Jurai Chhari,5055444B74589798981468,Slightly Acidic,0.83,Medium,0.89,Low,0.89,Low,0.89,Medium,0.86,Medium,0.67,Low,0.63,Very Low,0.56,Very Low,0.9,Medium,0.32,Optimum,0.47,High,0.43,"SRDI Soil Fertility Atlas of Bangladesh 2020 (maps from Upazila Nirdeshika data), read by colour"
Juri,5055444B59468636811398,Very Strongly Acidic,0.66,Medium,0.97,Low,0.57,Low,0.61,Low,1.0,Low,0.96,Low,0.53,Low,0.51,Low,0.7,Medium,0.65,Low,0.64,Low,0.37,"SRDI Soil Fertility Atlas of Bangladesh 2020 (maps from Upazila Nirdeshika data), read by colour"
Kabirhat,5055444B43660249750517,Slightly Acidic,0.85,Medium,0.69,Very Low,0.51,Low,0.55,Optimum,0.49,Optimum,0.4,Optimum,0.33,Optimum,0.38,Low,0.54,Very High,0.93,Very High,0.89,Very High,1.0,"SRDI Soil Fertility Atlas of Bangladesh 2020 (maps from Upazila Nirdeshika data), read by colour"
Kachua,5055444B26000063371605,Strongly Acidic,0.85,Medium,0.92,Medium,0.42,Medium,0.4,Low,0.78,Low,0.81,Medium,0.47,Low,0.47,Low,0.6,Optimum,0.32,Low,0.69,High,0.48,"SRDI Soil Fertility Atlas of Bangladesh 2020 (maps from Upazila Nirdeshika data), read by colour"
Kachua,5055444B45763883342001,Slightly Alkaline,0.47,Medium,0.78,Low,0.73,Low,0.77,Medium,0.56,Optimum,0.4,High,0.51,High,0.4,Low,0.95,Optimum,0.39,Very High,1.0,Very High,1.0,"SRDI Soil Fertility Atlas of Bangladesh 2020 (maps from Upazila Nirdeshika data), read by colour"
Kadamtali,5055444B98895982185439,Slightly Acidic,1.0,Medium,1.0,Low,1.0,Low,1.0,Low,0.45,Medium,0.75,Optimum,0.83,Optimum,0.67,Low,1.0,Medium,0.67,Very High,0.83,Very High,1.0,"SRDI Soil Fertility Atlas of Bangladesh 2020 (maps from Upazila Nirdeshika data), read by colour"
Kafrul,5055444B63983691041165,Slightly Acidic,0.67,Optimum,0.75,High,0.82,High,0.82,Low,0.67,Medium,0.73,Optimum,0.92,Medium,1.0,Low,1.0,Very High,0.75,Very High,0.83,Very High,0.86,"SRDI Soil Fertility Atlas of Bangladesh 2020 (maps from Upazila Nirdeshika data), read by colour"
Kahaloo,5055444B94680478371785,Strongly Acidic,0.94,Medium,0.73,Medium,0.5,Optimum,0.4,Low,0.51,Medium,0.45,Low,0.63,Low,0.91,Medium,0.44,Medium,0.55,Low,0.29,Medium,0.75,"SRDI Soil Fertility Atlas of Bangladesh 2020 (maps from Upazila Nirdeshika data), read by colour"
Kaharole,5055444B76754438754784,Strongly Acidic,1.0,Low,0.78,Medium,0.94,Optimum,0.59,Low,0.92,Low,0.6,Low,0.94,Low,0.92,Low,0.73,Low,0.41,Low,0.44,Low,0.43,"SRDI Soil Fertility Atlas of Bangladesh 2020 (maps from Upazila Nirdeshika data), read by colour"
Kala Para,5055444B33791215686777,Strongly Acidic,0.99,Medium,0.79,Very Low,0.97,Very Low,0.87,Medium,0.65,Medium,0.68,Very High,0.98,Very High,0.96,Optimum,0.3,Very High,0.55,Very High,0.98,Very High,1.0,"SRDI Soil Fertility Atlas of Bangladesh 2020 (maps from Upazila Nirdeshika data), read by colour"
Kalabagan,5055444B44586905762707,Slightly Acidic,1.0,Medium,1.0,Low,0.5,Low,0.5,Low,0.5,Medium,1.0,Optimum,1.0,Medium,0.5,Low,1.0,Very High,1.0,Very High,1.0,Very High,1.0,"SRDI Soil Fertility Atlas of Bangladesh 2020 (maps from Upazila Nirdeshika data), read by colour"
Kalai,5055444B30865127714111,Strongly Acidic,0.97,Low,0.55,Medium,0.61,Optimum,0.54,Low,0.57,Medium,0.47,Low,0.49,Low,0.52,Low,0.78,Low,0.74,Medium,0.59,Low,0.93,"SRDI Soil Fertility Atlas of Bangladesh 2020 (maps from Upazila Nirdeshika data), read by colour"
Kalaroa,5055444B76251255413943,Slightly Alkaline,0.78,Low,0.72,Medium,0.41,Optimum,0.32,Optimum,0.34,High,0.29,Medium,0.5,Medium,0.52,Low,0.87,Medium,0.4,Very High,1.0,Very High,1.0,"SRDI Soil Fertility Atlas of Bangladesh 2020 (maps from Upazila Nirdeshika data), read by colour"
Kalia,5055444B27555215453497,Slightly Alkaline,0.52,Medium,0.6,Low,0.63,Low,0.63,Medium,0.37,Very High,0.34,Optimum,0.35,Medium,0.37,Very Low,0.83,Very High,0.34,Very High,1.0,Very High,0.97,"SRDI Soil Fertility Atlas of Bangladesh 2020 (maps from Upazila Nirdeshika data), read by colour"
Kaliakair,5055444B52699552656375,Strongly Acidic,0.73,Medium,0.79,Low,0.62,Low,0.64,Low,0.98,Low,0.86,Optimum,0.36,Medium,0.44,Low,0.78,Low,0.45,Low,0.48,Very High,0.47,"SRDI Soil Fertility Atlas of Bangladesh 2020 (maps from Upazila Nirdeshika data), read by colour"
Kaliganj,5055444B61428192086039,Strongly Acidic,0.87,Medium,0.72,Low,0.78,Low,0.77,Low,0.74,Low,0.6,High,0.39,Optimum,0.44,Low,0.98,Medium,0.4,High,0.43,Very High,0.94,"SRDI Soil Fertility Atlas of Bangladesh 2020 (maps from Upazila Nirdeshika data), read by colour"
Kaliganj,5055444B90064357882675,Slightly Alkaline,0.54,Medium,0.8,Low,0.48,Low,0.45,Medium,0.34,Medium,0.39,Optimum,0.57,Optimum,0.56,Low,0.75,Optimum,0.27,Very High,1.0,Very High,1.0,"SRDI Soil Fertility Atlas of Bangladesh 2020 (maps from Upazila Nirdeshika data), read by colour"
Kaliganj,5055444B41249726663470,Slightly Acidic,0.45,Medium,0.89,Low,0.73,Low,0.71,High,0.41,Very High,0.37,High,0.53,High,0.4,Low,0.84,Very High,0.68,Very High,0.68,Very High,1.0,"SRDI Soil Fertility Atlas of Bangladesh 2020 (maps from Upazila Nirdeshika data), read by colour"
Kaliganj,5055444B80538323098735,Strongly Acidic,0.89,Medium,0.8,High,0.47,High,0.45,Low,0.91,Low,0.54,Optimum,0.54,Medium,0.39,Very Low,0.74,Low,0.48,Low,0.69,Low,0.76,"SRDI Soil Fertility Atlas of Bangladesh 2020 (maps from Upazila Nirdeshika data), read by colour"
Kalihati,5055444B56749671391085,Slightly Acidic,0.45,Low,0.66,Optimum,0.33,Optimum,0.34,Low,0.72,Medium,0.53,Medium,0.28,Medium,0.35,Low,0.59,Low,0.39,Low,0.42,Very High,0.57,"SRDI Soil Fertility Atlas of Bangladesh 2020 (maps from Upazila Nirdeshika data), read by colour"
Kalkini,5055444B57411868126880,Neutral,0.52,Medium,0.89,Low,0.7,Low,0.57,Low,0.57,Medium,0.45,Optimum,0.35,Optimum,0.39,Low,0.52,Optimum,0.31,Very High,1.0,Very High,0.97,"SRDI Soil Fertility Atlas of Bangladesh 2020 (maps from Upazila Nirdeshika data), read by colour"
Kalmakanda,5055444B66227675822918,Strongly Acidic,1.0,Medium,0.89,Low,0.51,Low,0.51,Low,0.94,Low,0.89,Optimum,0.8,Medium,0.55,Low,0.99,Low,0.46,High,0.35,Very High,0.33,"SRDI Soil Fertility Atlas of Bangladesh 2020 (maps from Upazila Nirdeshika data), read by colour"
Kalukhali,5055444B5247362700203,Slightly Alkaline,1.0,Medium,0.7,Low,0.71,Low,0.66,Medium,0.38,Optimum,0.42,Medium,0.34,Medium,0.37,Low,0.97,Medium,0.42,Very High,1.0,Very High,1.0,"SRDI Soil Fertility Atlas of Bangladesh 2020 (maps from Upazila Nirdeshika data), read by colour"
Kamalganj,5055444B17952966104219,Strongly Acidic,0.92,Medium,0.94,Medium,0.82,Medium,0.85,Low,1.0,Low,1.0,Low,0.83,Low,0.49,Low,0.88,Very Low,0.49,Low,0.84,Medium,0.27,"SRDI Soil Fertility Atlas of Bangladesh 2020 (maps from Upazila Nirdeshika data), read by colour"
Kamalnagar,5055444B78094476092411,Neutral,0.68,Medium,0.55,Low,0.63,Low,0.63,Low,0.72,Medium,0.62,High,0.54,High,0.54,Low,0.99,Very High,0.61,Very High,0.45,Very High,1.0,"SRDI Soil Fertility Atlas of Bangladesh 2020 (maps from Upazila Nirdeshika data), read by colour"
Kamarkhanda,5055444B74368179000930,Slightly Acidic,1.0,Medium,0.62,Low,0.48,Low,0.69,Low,0.98,Low,0.55,Low,0.5,Low,0.75,Low,0.43,Optimum,0.36,Medium,0.44,Very High,0.91,"SRDI Soil Fertility Atlas of Bangladesh 2020 (maps from Upazila Nirdeshika data), read by colour"
Kamrangir Char,5055444B25875561692739,,,Medium,1.0,Low,1.0,Low,1.0,Low,1.0,Medium,1.0,Optimum,1.0,Optimum,1.0,Low,1.0,Very High,1.0,Very High,1.0,Very High,1.0,"SRDI Soil Fertility Atlas of Bangladesh 2020 (maps from Upazila Nirdeshika data), read by colour"
Kanaighat,5055444B41434433148091,Strongly Acidic,0.91,Medium,0.99,Low,0.68,Low,0.72,Low,0.45,Medium,0.36,Optimum,0.38,Medium,0.38,Very Low,0.43,Medium,0.68,Low,0.56,Medium,0.37,"SRDI Soil Fertility Atlas of Bangladesh 2020 (maps from Upazila Nirdeshika data), read by colour"
Kanthalia,5055444B40108237642327,Slightly Acidic,0.82,Medium,0.99,Very Low,0.96,Very Low,0.9,Optimum,0.51,Optimum,0.71,Very High,0.37,Low,0.37,Low,0.47,High,0.39,Very High,0.98,Very High,1.0,"SRDI Soil Fertility Atlas of Bangladesh 2020 (maps from Upazila Nirdeshika data), read by colour"
Kapasia,5055444B15486218196636,Strongly Acidic,0.95,Medium,0.64,Low,0.66,Low,0.66,Low,0.75,Low,0.51,Medium,0.4,Low,0.44,Low,0.94,Medium,0.51,Optimum,0.31,Very High,0.4,"SRDI Soil Fertility Atlas of Bangladesh 2020 (maps from Upazila Nirdeshika data), read by colour"
Kaptai,5055444B98244501145639,Strongly Acidic,0.95,Medium,0.98,Low,0.78,Medium,0.53,Medium,0.74,Medium,0.52,Low,0.61,Very Low,0.68,Very Low,0.88,Low,0.3,Medium,0.47,Very High,0.75,"SRDI Soil Fertility Atlas of Bangladesh 2020 (maps from Upazila Nirdeshika data), read by colour"
Karimganj,5055444B80392478978834,Slightly Acidic,0.7,Medium,0.7,Low,0.75,Low,0.77,Low,0.99,Low,0.95,Low,0.52,Low,0.4,Medium,0.35,High,0.25,Very High,0.42,Very High,0.98,"SRDI Soil Fertility Atlas of Bangladesh 2020 (maps from Upazila Nirdeshika data), read by colour"
Kasba,5055444B61264629124243,Slightly Acidic,0.72,Medium,0.76,Medium,0.31,Medium,0.34,Low,1.0,Low,1.0,Low,0.34,Very Low,0.3,Very Low,0.49,Very Low,0.49,Medium,0.4,Very High,0.94,"SRDI Soil Fertility Atlas of Bangladesh 2020 (maps from Upazila Nirdeshika data), read by colour"
Kashiani,5055444B44426403332782,Slightly Acidic,0.61,Optimum,0.43,Low,0.66,Low,0.66,Optimum,0.46,High,0.39,Very High,0.43,High,0.4,Very Low,0.55,Very High,0.75,Very High,0.94,Very High,1.0,"SRDI Soil Fertility Atlas of Bangladesh 2020 (maps from Upazila Nirdeshika data), read by colour"
Katiadi,5055444B24455875774794,Strongly Acidic,0.74,Low,0.58,Optimum,0.35,Optimum,0.37,Low,1.0,Low,0.94,Low,0.43,Low,0.51,Very Low,0.69,Low,0.45,Very High,0.86,Very High,0.76,"SRDI Soil Fertility Atlas of Bangladesh 2020 (maps from Upazila Nirdeshika data), read by colour"
Kaunia,5055444B28911251557363,Strongly Acidic,0.82,Medium,0.72,Very High,0.72,Very High,0.82,Low,0.81,Low,0.77,Low,0.72,Low,0.89,Medium,0.34,Medium,0.4,Low,0.51,Medium,0.61,"SRDI Soil Fertility Atlas of Bangladesh 2020 (maps from Upazila Nirdeshika data), read by colour"
Kawkhali,5055444B7582936934927,Neutral,0.7,Medium,0.99,Low,0.64,Low,0.75,Low,0.65,Low,0.44,Low,0.45,Low,0.53,Low,0.9,Medium,0.55,Very High,1.0,Very High,1.0,"SRDI Soil Fertility Atlas of Bangladesh 2020 (maps from Upazila Nirdeshika data), read by colour"
Kawkhali (Betbunia),5055444B19367082920466,Slightly Acidic,0.83,Medium,0.77,Low,0.52,Low,0.52,Medium,0.41,Medium,0.49,Low,0.45,Low,0.56,Low,0.92,Low,0.31,Low,0.71,Optimum,0.38,"SRDI Soil Fertility Atlas of Bangladesh 2020 (maps from Upazila Nirdeshika data), read by colour"
Kazipur,5055444B60898734615082,Slightly Alkaline,0.72,Very Low,0.49,Low,0.72,Low,0.75,Low,0.74,Low,0.72,Low,0.63,Low,0.6,Low,0.57,Medium,0.47,High,0.34,Very High,0.46,"SRDI Soil Fertility Atlas of Bangladesh 2020 (maps from Upazila Nirdeshika data), read by colour"
Kendua,5055444B31571719417761,Strongly Acidic,0.71,Medium,0.95,High,0.49,High,0.49,Low,0.98,Low,0.78,Low,0.63,Low,0.69,Low,0.55,Optimum,0.27,Very High,0.33,Optimum,0.32,"SRDI Soil Fertility Atlas of Bangladesh 2020 (maps from Upazila Nirdeshika data), read by colour"
Keraniganj,5055444B13645595955380,Slightly Acidic,0.82,Medium,0.7,Low,0.53,Low,0.53,Medium,0.55,Medium,0.86,Optimum,0.44,Medium,0.43,Low,0.95,Very High,0.56,Very High,0.7,Very High,0.81,"SRDI Soil Fertility Atlas of Bangladesh 2020 (maps from Upazila Nirdeshika data), read by colour"
Keshabpur,5055444B35284050445786,Slightly Alkaline,0.93,Medium,0.61,Medium,0.32,Very High,0.31,Optimum,0.39,High,0.36,High,0.36,Optimum,0.37,Medium,0.49,High,0.3,Very High,1.0,Very High,1.0,"SRDI Soil Fertility Atlas of Bangladesh 2020 (maps from Upazila Nirdeshika data), read by colour"
Khagrachhari Sadar,5055444B92688731308594,Strongly Acidic,0.96,Medium,0.9,Medium,0.84,Medium,0.84,Low,0.61,Medium,0.7,Low,0.84,Low,0.95,Very Low,0.79,Medium,0.24,Low,0.81,High,0.45,"SRDI Soil Fertility Atlas of Bangladesh 2020 (maps from Upazila Nirdeshika data), read by colour"
Khaliajuri,5055444B19619959781410,Strongly Acidic,0.83,Medium,0.96,Low,0.91,Low,0.91,Low,0.99,Low,0.91,Optimum,0.42,Medium,0.61,Low,0.9,Medium,0.48,Optimum,0.41,Very High,0.72,"SRDI Soil Fertility Atlas of Bangladesh 2020 (maps from Upazila Nirdeshika data), read by colour"
Khalishpur,5055444B34358039659895,Neutral,1.0,High,0.64,Very Low,0.55,Very Low,0.45,Very High,0.9,Very High,0.82,Very High,0.85,Very High,0.77,Low,0.7,Very High,1.0,Very High,1.0,Very High,1.0,"SRDI Soil Fertility Atlas of Bangladesh 2020 (maps from Upazila Nirdeshika data), read by colour"
Khan Jahan Ali,5055444B24865476374111,Slightly Acidic,0.67,High,0.96,Low,0.5,Medium,0.55,Very High,0.67,Very High,0.97,Very High,0.6,High,0.45,Low,0.55,Very High,0.85,Very High,1.0,Very High,1.0,"SRDI Soil Fertility Atlas of Bangladesh 2020 (maps from Upazila Nirdeshika data), read by colour"
Khansama,5055444B43604682805019,Strongly Acidic,0.84,Low,0.58,High,0.59,High,0.63,Low,0.55,Medium,0.75,Low,0.75,Low,0.75,Very Low,0.56,Low,0.7,Low,0.64,Low,0.32,"SRDI Soil Fertility Atlas of Bangladesh 2020 (maps from Upazila Nirdeshika data), read by colour"
Khetlal,5055444B82593576675649,Slightly Acidic,0.92,Low,0.65,Medium,0.82,Optimum,0.75,Low,0.57,Medium,0.58,Low,0.72,Low,0.75,Low,0.61,Low,0.8,Optimum,0.5,Low,0.97,"SRDI Soil Fertility Atlas of Bangladesh 2020 (maps from Upazila Nirdeshika data), read by colour"
Khilgaon,5055444B61701169401467,Strongly Acidic,1.0,Medium,0.89,Low,1.0,Low,1.0,Low,0.94,Medium,0.61,High,1.0,Optimum,1.0,Low,1.0,Optimum,0.83,Very High,0.67,Very High,1.0,"SRDI Soil Fertility Atlas of Bangladesh 2020 (maps from Upazila Nirdeshika data), read by colour"
Khilkhet,5055444B65231246155988,Strongly Acidic,1.0,Medium,0.75,Medium,0.78,Medium,0.89,Low,0.76,Low,0.86,Optimum,0.75,Medium,0.95,Low,1.0,Very High,0.95,Very High,0.95,Very High,1.0,"SRDI Soil Fertility Atlas of Bangladesh 2020 (maps from Upazila Nirdeshika data), read by colour"
Khoksa,5055444B67450707106328,Slightly Alkaline,1.0,Medium,0.79,Low,0.66,Low,0.81,Optimum,0.61,Optimum,0.49,Optimum,0.36,Medium,0.43,Very Low,0.83,Medium,0.46,Very High,1.0,Very High,1.0,"SRDI Soil Fertility Atlas of Bangladesh 2020 (maps from Upazila Nirdeshika data), read by colour"
Khulna Sadar,5055444B15799752378337,Slightly Alkaline,1.0,Medium,0.86,Low,0.88,Low,0.86,Medium,0.87,Medium,0.44,Very High,1.0,Very High,0.89,Very Low,0.86,High,0.67,Very High,1.0,Very High,1.0,"SRDI Soil Fertility Atlas of Bangladesh 2020 (maps from Upazila Nirdeshika data), read by colour"
Khulshi,5055444B97703922589889,Strongly Acidic,0.63,Medium,0.95,Low,0.95,Medium,1.0,Low,0.88,Medium,0.88,Low,0.94,Low,1.0,Low,0.88,Medium,0.95,Low,0.63,Very High,1.0,"SRDI Soil Fertility Atlas of Bangladesh 2020 (maps from Upazila Nirdeshika data), read by colour"
Kishoreganj,5055444B13115177631970,Strongly Acidic,0.97,Low,0.7,High,0.63,High,0.6,Medium,0.63,Optimum,0.45,Low,0.87,Low,0.84,Very Low,0.71,Low,0.59,Low,0.38,Low,0.74,"SRDI Soil Fertility Atlas of Bangladesh 2020 (maps from Upazila Nirdeshika data), read by colour"
Kishoreganj Sadar,5055444B23116047472537,Strongly Acidic,0.88,Medium,0.87,Very Low,0.64,Low,0.77,Low,0.97,Low,0.88,Very High,0.44,Very High,0.32,Medium,0.48,Medium,0.34,Very High,0.71,Very High,0.99,"SRDI Soil Fertility Atlas of Bangladesh 2020 (maps from Upazila Nirdeshika data), read by colour"
Kotali Para,5055444B41131729628640,Slightly Acidic,0.84,High,0.68,Very Low,0.54,Low,0.47,Medium,0.42,Medium,0.45,Very High,0.75,High,0.73,Very Low,0.55,Very High,0.64,Very High,0.99,Very High,0.61,"SRDI Soil Fertility Atlas of Bangladesh 2020 (maps from Upazila Nirdeshika data), read by colour"
Kotchandpur,5055444B95278477608214,Slightly Alkaline,1.0,Low,0.64,Medium,0.52,Medium,0.5,Low,1.0,Low,0.98,Medium,0.49,Medium,0.78,Medium,0.52,Very High,0.36,Very High,1.0,Very High,0.71,"SRDI Soil Fertility Atlas of Bangladesh 2020 (maps from Upazila Nirdeshika data), read by colour"
Kotwali,5055444B43057747226647,Strongly Acidic,1.0,Medium,1.0,Low,0.7,Low,0.64,Low,0.82,Low,0.5,Optimum,0.45,Optimum,0.67,Low,0.58,Medium,0.83,Low,0.83,Very High,1.0,"SRDI Soil Fertility Atlas of Bangladesh 2020 (maps from Upazila Nirdeshika data), read by colour"
Kotwali,5055444B96747808832933,,,Medium,1.0,Low,1.0,Low,1.0,Low,1.0,Medium,1.0,Optimum,1.0,Optimum,1.0,Low,1.0,Optimum,1.0,Very High,1.0,,,"SRDI Soil Fertility Atlas of Bangladesh 2020 (maps from Upazila Nirdeshika data), read by colour"
Kotwali,5055444B46202498291187,Slightly Alkaline,0.91,Medium,0.66,Low,0.55,Medium,0.39,Optimum,0.33,Very High,0.3,Very High,0.26,Medium,0.25,Low,0.4,Very High,0.38,Very High,1.0,Very High,0.98,"SRDI Soil Fertility Atlas of Bangladesh 2020 (maps from Upazila Nirdeshika data), read by colour"
Koyra,5055444B74268178694093,Slightly Acidic,0.59,Optimum,0.49,Very Low,0.61,Very Low,0.6,High,0.64,High,0.47,Very High,0.92,High,0.7,Low,0.82,Very High,1.0,Very High,0.75,Very High,1.0,"SRDI Soil Fertility Atlas of Bangladesh 2020 (maps from Upazila Nirdeshika data), read by colour"
Kulaura,5055444B34645993170454,Very Strongly Acidic,0.5,Medium,0.94,Low,0.6,Low,0.6,Low,0.97,Low,0.94,Low,0.54,Low,0.72,Low,0.95,Medium,0.8,Very Low,0.61,Low,0.4,"SRDI Soil Fertility Atlas of Bangladesh 2020 (maps from Upazila Nirdeshika data), read by colour"
Kuliar Char,5055444B4949777620192,Slightly Acidic,0.65,Medium,0.45,High,0.56,High,0.61,Low,0.85,Low,0.98,Low,0.57,Low,0.49,Low,0.68,Very High,0.83,Low,0.38,Very High,0.99,"SRDI Soil Fertility Atlas of Bangladesh 2020 (maps from Upazila Nirdeshika data), read by colour"
Kumarkhali,5055444B47909201503305,Slightly Alkaline,0.99,Medium,0.82,Medium,0.41,Medium,0.39,Optimum,0.31,High,0.3,Medium,0.36,Low,0.44,Low,0.74,Medium,0.36,Very High,1.0,Very High,1.0,"SRDI Soil Fertility Atlas of Bangladesh 2020 (maps from Upazila Nirdeshika data), read by colour"
Kurigram Sadar,5055444B50958574054556,Slightly Acidic,0.42,Low,0.74,Low,0.36,Medium,0.46,Low,0.89,Low,0.9,Low,0.38,Low,0.6,Low,0.6,Low,0.61,Low,0.53,Optimum,0.53,"SRDI Soil Fertility Atlas of Bangladesh 2020 (maps from Upazila Nirdeshika data), read by colour"
Kushtia Sadar,5055444B28612098242790,Slightly Alkaline,0.94,Medium,0.9,Low,0.44,Low,0.52,Medium,0.54,Medium,0.46,Very High,0.31,Optimum,0.32,Medium,0.58,Optimum,0.43,Very High,1.0,Very High,0.96,"SRDI Soil Fertility Atlas of Bangladesh 2020 (maps from Upazila Nirdeshika data), read by colour"
Kutubdia,5055444B6774293613253,Strongly Acidic,0.78,Medium,0.98,Very Low,0.57,Low,0.92,Low,0.92,Low,0.74,Very High,0.95,Very High,0.82,Low,0.62,High,0.42,Low,0.4,Very High,1.0,"SRDI Soil Fertility Atlas of Bangladesh 2020 (maps from Upazila Nirdeshika data), read by colour"
Lakhai,5055444B57247897751497,Strongly Acidic,0.92,Medium,0.98,Low,0.46,Low,0.49,Low,0.87,Low,0.7,Optimum,0.41,Medium,0.52,Very Low,0.62,Medium,0.41,Medium,0.29,Very High,0.69,"SRDI Soil Fertility Atlas of Bangladesh 2020 (maps from Upazila Nirdeshika data), read by colour"
Laksam,5055444B78219247274360,Strongly Acidic,0.86,Medium,0.73,Low,0.37,Low,0.39,Low,1.0,Low,0.96,Medium,0.42,Low,0.52,Low,0.62,Very High,0.49,Medium,0.56,Very High,0.44,"SRDI Soil Fertility Atlas of Bangladesh 2020 (maps from Upazila Nirdeshika data), read by colour"
Lakshmichhari,5055444B76771399523865,Strongly Acidic,0.79,Medium,0.83,Low,0.91,Low,0.91,Low,0.65,Medium,0.71,Low,0.91,Low,0.88,Very Low,0.5,Low,0.41,Low,0.52,Very High,0.46,"SRDI Soil Fertility Atlas of Bangladesh 2020 (maps from Upazila Nirdeshika data), read by colour"
Lakshmipur Sadar,5055444B13201052505859,Slightly Acidic,0.74,Medium,0.73,Very Low,0.9,Very Low,0.84,Low,0.77,Medium,0.53,Medium,0.38,Low,0.54,Low,0.72,Optimum,0.31,High,0.3,Very High,1.0,"SRDI Soil Fertility Atlas of Bangladesh 2020 (maps from Upazila Nirdeshika data), read by colour"
Lalbagh,5055444B37083431015696,Slightly Acidic,1.0,Medium,1.0,Low,1.0,Low,1.0,Low,1.0,Medium,1.0,Optimum,1.0,Optimum,0.83,Low,1.0,High,0.5,Very High,1.0,Very High,1.0,"SRDI Soil Fertility Atlas of Bangladesh 2020 (maps from Upazila Nirdeshika data), read by colour"
Lalmohan,5055444B5187624990089,Neutral,0.48,Low,0.83,Low,0.63,Low,0.63,Medium,0.54,Optimum,0.64,Optimum,0.52,Optimum,0.65,Very Low,0.89,Medium,0.39,High,0.41,Very High,1.0,"SRDI Soil Fertility Atlas of Bangladesh 2020 (maps from Upazila Nirdeshika data), read by colour"
Lalmonirhat Sadar,5055444B31815132153948,Strongly Acidic,0.68,Medium,0.64,High,0.46,High,0.5,Low,0.7,Low,0.5,Low,0.76,Very Low,0.63,Low,0.9,Low,0.4,Medium,0.48,Optimum,0.57,"SRDI Soil Fertility Atlas of Bangladesh 2020 (maps from Upazila Nirdeshika data), read by colour"
Lalpur,5055444B7503946702912,Slightly Alkaline,0.8,Medium,0.65,Low,0.77,Low,0.63,Medium,0.63,Medium,0.41,Low,0.4,Low,0.56,Very Low,0.99,Medium,0.29,Very High,0.99,Very High,0.93,"SRDI Soil Fertility Atlas of Bangladesh 2020 (maps from Upazila Nirdeshika data), read by colour"
Lama,5055444B8807227421792,Slightly Acidic,0.63,Medium,0.78,Low,0.55,Low,0.57,Medium,0.47,Medium,0.47,Low,0.91,Low,0.64,Very Low,0.74,Low,0.42,Medium,0.48,Very High,0.46,"SRDI Soil Fertility Atlas of Bangladesh 2020 (maps from Upazila Nirdeshika data), read by colour"
Langadu,5055444B82968761851300,Strongly Acidic,0.74,Medium,0.93,Low,1.0,Low,1.0,Low,0.78,Low,0.65,Low,0.5,Very Low,0.76,Very Low,0.75,Medium,0.47,Low,0.35,Medium,0.32,"SRDI Soil Fertility Atlas of Bangladesh 2020 (maps from Upazila Nirdeshika data), read by colour"
Lohagara,5055444B32629504836566,Strongly Acidic,0.73,Low,0.79,Low,0.69,Low,0.7,Medium,0.24,Very High,0.31,Low,0.82,Low,0.61,Very Low,0.91,Low,0.26,Low,0.37,Very High,0.54,"SRDI Soil Fertility Atlas of Bangladesh 2020 (maps from Upazila Nirdeshika data), read by colour"
Lohagara,5055444B42901183691580,Slightly Alkaline,0.9,Medium,0.72,Low,0.67,Low,0.66,Optimum,0.4,Optimum,0.36,Medium,0.42,Low,0.55,Low,0.88,Very High,0.45,Very High,1.0,Very High,0.99,"SRDI Soil Fertility Atlas of Bangladesh 2020 (maps from Upazila Nirdeshika data), read by colour"
Lohajang,5055444B16433505042831,Neutral,0.41,Medium,0.92,Medium,0.39,Medium,0.39,Medium,0.49,Optimum,0.38,High,0.45,High,0.47,Very Low,0.82,Medium,0.34,Very High,0.92,Very High,0.99,"SRDI Soil Fertility Atlas of Bangladesh 2020 (maps from Upazila Nirdeshika data), read by colour"
Madan,5055444B11405319731642,Strongly Acidic,0.95,Medium,0.95,Low,0.68,Low,0.68,Low,1.0,Low,0.95,Optimum,0.48,Optimum,0.66,Low,0.99,Optimum,0.42,Very High,0.82,Very High,0.68,"SRDI Soil Fertility Atlas of Bangladesh 2020 (maps from Upazila Nirdeshika data), read by colour"
Madarganj,5055444B83620057326875,Slightly Acidic,0.63,Low,0.66,Low,0.52,Low,0.49,Low,0.77,Low,0.54,Medium,0.52,Medium,0.52,Low,0.95,Medium,0.42,Optimum,0.4,Very High,0.79,"SRDI Soil Fertility Atlas of Bangladesh 2020 (maps from Upazila Nirdeshika data), read by colour"
Madaripur Sadar,5055444B75961082304780,Slightly Alkaline,0.97,Medium,0.62,Low,0.52,Low,0.33,Medium,0.5,Medium,0.74,Very High,0.55,Very High,0.43,Low,0.84,Very High,0.29,Very High,0.98,Very High,0.84,"SRDI Soil Fertility Atlas of Bangladesh 2020 (maps from Upazila Nirdeshika data), read by colour"
Madhabpur,5055444B26771557951521,Strongly Acidic,0.96,Medium,0.71,High,0.65,High,0.67,Low,0.9,Low,0.83,Optimum,0.4,Optimum,0.46,Very Low,0.78,Medium,0.34,Low,0.69,Very High,0.24,"SRDI Soil Fertility Atlas of Bangladesh 2020 (maps from Upazila Nirdeshika data), read by colour"
Madhukhali,5055444B21452508615420,Slightly Alkaline,0.95,Medium,0.97,Low,0.84,Low,0.83,Optimum,0.39,High,0.36,Medium,0.68,Low,0.63,Low,0.61,Medium,0.33,Very High,1.0,Very High,0.98,"SRDI Soil Fertility Atlas of Bangladesh 2020 (maps from Upazila Nirdeshika data), read by colour"
Madhupur,5055444B31553273158599,Slightly Acidic,0.57,Medium,0.51,Very High,0.42,Very High,0.58,Low,0.73,Low,0.6,Low,0.36,Very Low,0.33,Low,0.56,Medium,0.38,Optimum,0.28,Optimum,0.39,"SRDI Soil Fertility Atlas of Bangladesh 2020 (maps from Upazila Nirdeshika data), read by colour"
Magura Sadar,5055444B78521168573013,Slightly Alkaline,0.96,Medium,0.86,Medium,0.42,Optimum,0.38,Medium,0.54,Medium,0.63,Low,0.43,Low,0.5,Low,0.67,Medium,0.41,Very High,1.0,Very High,1.0,"SRDI Soil Fertility Atlas of Bangladesh 2020 (maps from Upazila Nirdeshika data), read by colour"
Mahadebpur,5055444B79967096461469,Slightly Acidic,0.58,Low,0.61,Medium,0.47,Medium,0.47,Low,0.96,Low,0.86,Low,0.75,Low,0.89,Low,0.51,Optimum,0.45,Medium,0.48,Optimum,0.5,"SRDI Soil Fertility Atlas of Bangladesh 2020 (maps from Upazila Nirdeshika data), read by colour"
Mahalchhari,5055444B90687829441345,Strongly Acidic,0.76,Medium,0.92,Low,0.78,Low,0.78,Optimum,0.43,Optimum,0.58,Low,0.6,Low,0.7,Low,0.56,Low,0.64,Low,0.46,Medium,0.64,"SRDI Soil Fertility Atlas of Bangladesh 2020 (maps from Upazila Nirdeshika data), read by colour"
Maheshkhali,5055444B67374732574136,Strongly Acidic,0.9,Medium,0.62,Low,0.73,Low,0.69,Low,0.49,Low,0.41,Low,0.25,Low,0.33,Low,0.54,Very High,0.22,Low,0.52,Optimum,0.3,"SRDI Soil Fertility Atlas of Bangladesh 2020 (maps from Upazila Nirdeshika data), read by colour"
Maheshpur,5055444B40942545652713,Slightly Alkaline,0.69,Medium,0.39,Medium,0.41,Medium,0.42,Low,0.57,Low,0.43,Low,0.58,Low,0.7,Low,0.93,Optimum,0.3,Very High,0.98,Very High,0.8,"SRDI Soil Fertility Atlas of Bangladesh 2020 (maps from Upazila Nirdeshika data), read by colour"
Manda,5055444B25908372106798,Slightly Acidic,0.79,Low,0.71,Low,0.41,Low,0.39,Low,0.7,Medium,0.69,Low,0.54,Low,0.75,Low,0.96,Medium,0.32,High,0.23,Optimum,0.38,"SRDI Soil Fertility Atlas of Bangladesh 2020 (maps from Upazila Nirdeshika data), read by colour"
Manikchhari,5055444B84634680798783,Strongly Acidic,0.73,Medium,0.95,Low,0.68,Low,0.68,Medium,0.49,Medium,0.44,Low,0.94,Very Low,0.57,Very Low,0.54,Low,0.91,Medium,0.52,Low,0.6,"SRDI Soil Fertility Atlas of Bangladesh 2020 (maps from Upazila Nirdeshika data), read by colour"
Manikganj Sadar,5055444B26017737484602,Slightly Acidic,0.76,Low,0.48,Low,0.51,Medium,0.44,Low,0.66,Medium,0.64,Very High,0.43,Very High,0.29,Low,0.44,Low,0.49,Very High,0.76,Very High,0.99,"SRDI Soil Fertility Atlas of Bangladesh 2020 (maps from Upazila Nirdeshika data), read by colour"
Manirampur,5055444B69742529684169,Slightly Alkaline,0.64,Low,0.42,Optimum,0.28,Very High,0.47,High,0.3,Very High,0.51,Medium,0.46,Medium,0.37,Low,0.46,Very High,0.62,Very High,1.0,Very High,1.0,"SRDI Soil Fertility Atlas of Bangladesh 2020 (maps from Upazila Nirdeshika data), read by colour"
Manohardi,5055444B30201395073710,Strongly Acidic,0.48,Medium,0.5,Low,0.43,Low,0.51,Low,0.81,Low,0.71,Low,0.52,Low,0.54,Low,0.42,Medium,0.47,Very High,0.51,Very High,0.34,"SRDI Soil Fertility Atlas of Bangladesh 2020 (maps from Upazila Nirdeshika data), read by colour"
Manoharganj,5055444B22432577988520,Slightly Acidic,0.97,Medium,0.94,Optimum,0.33,Optimum,0.37,Low,0.76,Low,0.94,Medium,0.54,Low,0.42,Low,0.63,Low,0.47,Low,0.71,Very High,0.67,"SRDI Soil Fertility Atlas of Bangladesh 2020 (maps from Upazila Nirdeshika data), read by colour"
Manpura,5055444B7100787207450,Slightly Alkaline,0.5,Low,0.97,Low,0.71,Low,0.71,Low,0.86,Medium,0.71,Very High,0.71,High,0.98,Very Low,0.95,Optimum,0.29,High,0.62,Very High,1.0,"SRDI Soil Fertility Atlas of Bangladesh 2020 (maps from Upazila Nirdeshika data), read by colour"
Mathbaria,5055444B80501500491091,Strongly Acidic,0.52,Medium,0.99,Very Low,0.51,Low,0.51,Medium,0.6,Optimum,0.58,Very High,0.5,High,0.72,Very Low,0.8,Very High,0.39,Very High,1.0,Very High,0.99,"SRDI Soil Fertility Atlas of Bangladesh 2020 (maps from Upazila Nirdeshika data), read by colour"
Matihar,5055444B51642868289665,Slightly Alkaline,1.0,Low,1.0,Low,0.4,Low,0.44,Medium,0.9,Medium,0.55,Medium,0.4,Low,0.4,Very Low,0.8,Low,0.82,Very High,1.0,Very High,0.78,"SRDI Soil Fertility Atlas of Bangladesh 2020 (maps from Upazila Nirdeshika data), read by colour"
Matiranga,5055444B50883090324101,Strongly Acidic,0.99,Medium,0.95,Low,0.82,Low,0.82,Low,0.7,Medium,0.48,Low,0.68,Low,0.93,Very Low,0.76,Low,0.3,Low,0.67,Optimum,0.43,"SRDI Soil Fertility Atlas of Bangladesh 2020 (maps from Upazila Nirdeshika data), read by colour"
Matlab Dakshin,5055444B79931584238091,Slightly Acidic,0.64,Medium,0.99,High,0.43,High,0.43,Low,0.99,Low,0.99,Medium,0.77,Low,0.6,Very Low,0.71,Very High,0.62,Optimum,0.72,Very High,0.99,"SRDI Soil Fertility Atlas of Bangladesh 2020 (maps from Upazila Nirdeshika data), read by colour"
Matlab Uttar,5055444B59303037542676,Slightly Acidic,0.85,Medium,0.77,Medium,0.43,Medium,0.44,Low,0.95,Low,0.93,Medium,0.6,Low,0.55,Very Low,0.79,Low,0.54,Optimum,0.49,Very High,1.0,"SRDI Soil Fertility Atlas of Bangladesh 2020 (maps from Upazila Nirdeshika data), read by colour"
Maulvi Bazar Sadar,5055444B59699637370048,Strongly Acidic,0.68,Medium,0.99,Very Low,0.65,Low,0.56,Low,0.83,Medium,0.52,Optimum,0.4,Medium,0.38,Low,0.39,Optimum,0.33,Low,0.48,Optimum,0.29,"SRDI Soil Fertility Atlas of Bangladesh 2020 (maps from Upazila Nirdeshika data), read by colour"
Meghna,5055444B22662076450588,Slightly Acidic,0.56,Medium,0.51,High,0.43,High,0.42,Medium,0.72,Optimum,0.52,High,0.52,Optimum,0.39,Low,0.77,Very Low,0.79,Very High,0.72,High,0.47,"SRDI Soil Fertility Atlas of Bangladesh 2020 (maps from Upazila Nirdeshika data), read by colour"
Mehendiganj,5055444B74768834499877,Slightly Alkaline,0.48,Medium,0.74,Low,0.83,Low,0.88,Low,0.92,Medium,0.49,High,0.45,Optimum,0.62,Low,0.77,Medium,0.37,Very High,0.91,Very High,1.0,"SRDI Soil Fertility Atlas of Bangladesh 2020 (maps from Upazila Nirdeshika data), read by colour"
Meherpur Sadar,5055444B46245287013568,Slightly Alkaline,0.7,Low,0.52,Optimum,0.37,Optimum,0.38,Medium,0.63,Medium,0.58,Medium,0.42,Medium,0.48,Very Low,0.71,Optimum,0.28,Very High,1.0,Very High,0.77,"SRDI Soil Fertility Atlas of Bangladesh 2020 (maps from Upazila Nirdeshika data), read by colour"
Melandaha,5055444B58797813051725,Slightly Acidic,0.9,Low,0.63,Low,0.51,Low,0.42,Low,0.82,Low,0.56,Low,0.63,Low,0.61,Low,0.64,Very Low,0.64,Medium,0.48,Very High,0.53,"SRDI Soil Fertility Atlas of Bangladesh 2020 (maps from Upazila Nirdeshika data), read by colour"
Mirpur,5055444B1093476169518,Slightly Acidic,1.0,Optimum,0.71,High,1.0,High,1.0,Low,1.0,Medium,1.0,Optimum,0.67,Medium,1.0,Low,1.0,Very High,1.0,Very High,0.8,Very High,1.0,"SRDI Soil Fertility Atlas of Bangladesh 2020 (maps from Upazila Nirdeshika data), read by colour"
Mirpur,5055444B311297956594,Slightly Alkaline,0.83,Low,0.45,Optimum,0.47,Optimum,0.48,Very High,0.55,Very High,0.58,Optimum,0.44,Medium,0.58,Low,0.86,Optimum,0.42,Very High,1.0,Very High,0.93,"SRDI Soil Fertility Atlas of Bangladesh 2020 (maps from Upazila Nirdeshika data), read by colour"
Mirsharai,5055444B69190373788059,Strongly Acidic,0.75,Medium,0.96,Low,0.67,Low,0.72,Low,0.86,Low,0.75,Low,0.45,Low,0.54,Very Low,0.92,Optimum,0.35,Very Low,0.38,Very High,0.62,"SRDI Soil Fertility Atlas of Bangladesh 2020 (maps from Upazila Nirdeshika data), read by colour"
Mirzaganj,5055444B29956220315136,Strongly Acidic,0.49,Medium,0.67,Very Low,0.91,Very Low,0.84,Optimum,0.5,Optimum,0.55,Very High,0.86,Very High,0.79,Low,0.91,High,0.34,Very High,0.8,Very High,1.0,"SRDI Soil Fertility Atlas of Bangladesh 2020 (maps from Upazila Nirdeshika data), read by colour"
Mirzapur,5055444B21231975915207,Strongly Acidic,0.53,Low,0.66,Very Low,0.83,Very Low,0.71,Low,0.91,Low,0.7,Medium,0.31,Low,0.31,Low,0.6,Optimum,0.27,Medium,0.32,Very High,0.55,"SRDI Soil Fertility Atlas of Bangladesh 2020 (maps from Upazila Nirdeshika data), read by colour"
Mitha Pukur,5055444B64460137576377,Strongly Acidic,0.96,Medium,0.71,Very High,0.39,Very High,0.58,Low,0.64,Low,0.48,Low,0.44,Low,0.65,Low,0.71,Medium,0.48,Medium,0.52,Low,0.69,"SRDI Soil Fertility Atlas of Bangladesh 2020 (maps from Upazila Nirdeshika data), read by colour"
Mithamain,5055444B44243630461995,Slightly Acidic,0.92,Low,0.51,Low,0.82,Low,0.83,Low,0.94,Low,0.6,High,0.52,Optimum,0.71,Very Low,0.71,Low,0.43,High,0.44,Very High,1.0,"SRDI Soil Fertility Atlas of Bangladesh 2020 (maps from Upazila Nirdeshika data), read by colour"
Mohammadpur,5055444B96237484517929,Slightly Acidic,1.0,Medium,1.0,Optimum,0.78,Optimum,0.78,Low,1.0,Medium,1.0,Medium,0.56,Medium,1.0,Low,1.0,Very High,1.0,Very High,1.0,Very High,1.0,"SRDI Soil Fertility Atlas of Bangladesh 2020 (maps from Upazila Nirdeshika data), read by colour"
Mohammadpur,5055444B50148309792291,Slightly Alkaline,0.91,Medium,0.64,Low,0.9,Low,0.88,Medium,0.42,Optimum,0.34,Medium,0.63,Medium,0.63,Low,0.95,Medium,0.48,Very High,1.0,Very High,0.79,"SRDI Soil Fertility Atlas of Bangladesh 2020 (maps from Upazila Nirdeshika data), read by colour"
Mohanganj,5055444B90444582723877,Strongly Acidic,0.99,Medium,0.88,Low,0.68,Low,0.68,Low,0.99,Low,0.82,High,0.44,Optimum,0.49,Low,0.59,Medium,0.38,Very High,0.63,Very High,0.77,"SRDI Soil Fertility Atlas of Bangladesh 2020 (maps from Upazila Nirdeshika data), read by colour"
Mohanpur,5055444B74655378820598,Slightly Acidic,0.7,Low,0.65,Low,0.5,Medium,0.49,Low,0.5,Medium,0.67,Medium,0.59,Low,0.62,Low,0.9,Very High,0.39,Very High,0.5,Very High,0.51,"SRDI Soil Fertility Atlas of Bangladesh 2020 (maps from Upazila Nirdeshika data), read by colour"
Mollahat,5055444B47603984491155,Neutral,0.7,Optimum,0.42,Low,0.61,Medium,0.45,Low,0.59,Medium,0.38,Very High,0.68,Very High,0.64,Low,0.3,Very High,0.62,Very High,1.0,Very High,1.0,"SRDI Soil Fertility Atlas of Bangladesh 2020 (maps from Upazila Nirdeshika data), read by colour"
Mongla,5055444B32061612470944,Neutral,0.62,Medium,0.88,Low,0.46,Medium,0.65,Low,0.32,Very High,0.27,Very High,0.99,Very High,0.87,Low,0.79,Very High,0.81,Very High,0.98,Very High,1.0,"SRDI Soil Fertility Atlas of Bangladesh 2020 (maps from Upazila Nirdeshika data), read by colour"
Morrelganj,5055444B56461064683403,Slightly Alkaline,0.45,Medium,0.92,Low,0.86,Low,0.82,Optimum,0.45,Optimum,0.39,Very High,0.91,High,0.74,Low,0.62,Very High,0.49,Very High,0.99,Very High,0.86,"SRDI Soil Fertility Atlas of Bangladesh 2020 (maps from Upazila Nirdeshika data), read by colour"
Motijheel,5055444B92723626214353,Slightly Acidic,0.67,Medium,1.0,Low,1.0,Low,1.0,Low,1.0,Medium,1.0,High,1.0,Optimum,1.0,Low,1.0,Optimum,1.0,Very High,0.67,Very High,1.0,"SRDI Soil Fertility Atlas of Bangladesh 2020 (maps from Upazila Nirdeshika data), read by colour"
Mujib Nagar,5055444B97958802920528,Neutral,0.54,Very Low,0.44,Optimum,0.38,Optimum,0.36,Medium,0.57,Optimum,0.41,Medium,0.55,Medium,0.58,Very Low,0.92,Medium,0.41,Very High,1.0,Very High,0.76,"SRDI Soil Fertility Atlas of Bangladesh 2020 (maps from Upazila Nirdeshika data), read by colour"
Muksudpur,5055444B82620831567558,Neutral,0.56,Optimum,0.54,Low,0.34,Medium,0.36,Optimum,0.52,High,0.49,Very High,0.69,Very High,0.61,Low,0.53,Very High,0.43,Very High,1.0,Very High,1.0,"SRDI Soil Fertility Atlas of Bangladesh 2020 (maps from Upazila Nirdeshika data), read by colour"
Muktagachha,5055444B43282791113331,Strongly Acidic,0.89,Medium,0.91,Low,0.51,Low,0.53,Low,0.88,Low,0.65,Optimum,0.33,Medium,0.44,Low,0.55,Medium,0.42,Very High,0.48,Optimum,0.33,"SRDI Soil Fertility Atlas of Bangladesh 2020 (maps from Upazila Nirdeshika data), read by colour"
Muladi,5055444B40910797955149,Slightly Alkaline,0.58,Medium,0.91,Very Low,0.93,Very Low,0.79,Optimum,0.45,Optimum,0.41,High,0.4,Optimum,0.33,Optimum,0.42,Medium,0.32,Very High,1.0,Very High,0.98,"SRDI Soil Fertility Atlas of Bangladesh 2020 (maps from Upazila Nirdeshika data), read by colour"
Munshiganj Sadar,5055444B71946296416416,Strongly Acidic,0.85,Medium,0.72,Very High,0.93,Very High,0.92,Low,0.94,Low,0.89,Very High,0.5,High,0.62,Very Low,0.71,Low,0.49,Very High,0.48,Very High,1.0,"SRDI Soil Fertility Atlas of Bangladesh 2020 (maps from Upazila Nirdeshika data), read by colour"
Muradnagar,5055444B46038543043233,Strongly Acidic,0.79,Medium,0.52,High,0.54,High,0.55,Low,0.89,Low,0.96,Optimum,0.51,Optimum,0.48,Low,0.96,Medium,0.37,Very High,0.53,Very High,1.0,"SRDI Soil Fertility Atlas of Bangladesh 2020 (maps from Upazila Nirdeshika data), read by colour"
Mymensingh Sadar,5055444B90775494635734,Strongly Acidic,0.9,Medium,0.75,Low,0.34,Low,0.3,Low,0.7,Low,0.67,Medium,0.32,Low,0.38,Low,0.78,Medium,0.41,Medium,0.36,Very High,0.71,"SRDI Soil Fertility Atlas of Bangladesh 2020 (maps from Upazila Nirdeshika data), read by colour"
Nabiganj,5055444B95626234950113,Strongly Acidic,0.97,Medium,0.51,Low,0.57,Low,0.57,Medium,0.36,Medium,0.42,High,0.61,Optimum,0.67,Low,0.97,Medium,0.44,Low,0.46,Very High,0.84,"SRDI Soil Fertility Atlas of Bangladesh 2020 (maps from Upazila Nirdeshika data), read by colour"
Nabinagar,5055444B46982243115028,Slightly Acidic,0.56,Medium,0.95,Medium,0.4,Medium,0.46,Low,0.92,Low,0.91,High,0.67,Optimum,0.66,Low,0.58,Low,0.57,Very High,0.33,Very High,0.9,"SRDI Soil Fertility Atlas of Bangladesh 2020 (maps from Upazila Nirdeshika data), read by colour"
Nachole,5055444B4211226512154,Strongly Acidic,0.8,Low,0.91,Optimum,0.4,Optimum,0.43,Low,0.9,Low,0.79,Medium,0.51,Low,0.64,Low,0.94,Medium,0.45,Medium,0.44,Very High,0.85,"SRDI Soil Fertility Atlas of Bangladesh 2020 (maps from Upazila Nirdeshika data), read by colour"
Nagarkanda,5055444B32574655365855,Slightly Alkaline,0.91,Medium,0.69,Medium,0.39,Medium,0.33,Medium,0.75,Medium,0.55,Optimum,0.29,Medium,0.32,High,0.3,Medium,0.62,Very High,0.99,Very High,0.99,"SRDI Soil Fertility Atlas of Bangladesh 2020 (maps from Upazila Nirdeshika data), read by colour"
Nagarpur,5055444B94760569525433,Slightly Acidic,0.95,Medium,0.83,Low,0.65,Medium,0.43,Low,0.9,Low,0.56,Medium,0.48,Medium,0.53,Medium,0.56,Medium,0.4,Very High,0.32,Very High,0.95,"SRDI Soil Fertility Atlas of Bangladesh 2020 (maps from Upazila Nirdeshika data), read by colour"
Nageshwari,5055444B88377635255294,Slightly Acidic,0.64,Low,0.5,Medium,0.45,Medium,0.45,Low,1.0,Low,1.0,Low,0.68,Low,0.57,Very Low,0.72,Low,0.46,High,0.5,Medium,0.38,"SRDI Soil Fertility Atlas of Bangladesh 2020 (maps from Upazila Nirdeshika data), read by colour"
Naikhongchhari,5055444B3274428108722,Slightly Acidic,0.68,Medium,0.76,Low,0.72,Low,0.72,Low,0.73,Medium,0.86,Low,0.82,Low,0.6,Very Low,0.74,Low,0.97,Low,0.85,Optimum,0.55,"SRDI Soil Fertility Atlas of Bangladesh 2020 (maps from Upazila Nirdeshika data), read by colour"
Nakla,5055444B95271208193973,Slightly Acidic,0.52,Medium,0.89,Very Low,0.56,Low,0.46,Low,0.89,Low,0.77,Very Low,0.34,Very Low,0.47,Low,0.64,Medium,0.45,Medium,0.54,High,0.44,"SRDI Soil Fertility Atlas of Bangladesh 2020 (maps from Upazila Nirdeshika data), read by colour"
Nalchity,5055444B67892409347150,Slightly Acidic,0.8,Medium,0.65,Low,0.55,Low,0.57,Low,0.57,Medium,0.59,High,0.45,Optimum,0.39,Very Low,0.98,Medium,0.66,Very High,0.99,Very High,1.0,"SRDI Soil Fertility Atlas of Bangladesh 2020 (maps from Upazila Nirdeshika data), read by colour"
Nalitabari,5055444B16793155331867,Strongly Acidic,0.91,Medium,0.89,Very Low,0.78,Very Low,0.59,Low,1.0,Low,0.86,Medium,0.56,Medium,0.44,Very High,0.41,Medium,0.46,Medium,0.28,Medium,0.29,"SRDI Soil Fertility Atlas of Bangladesh 2020 (maps from Upazila Nirdeshika data), read by colour"
Nandail,5055444B36065227637036,Slightly Acidic,0.75,Medium,0.92,Medium,0.45,Medium,0.48,Low,0.93,Low,0.74,Low,0.57,Low,0.78,Low,0.74,Medium,0.38,Very High,0.51,Very High,0.63,"SRDI Soil Fertility Atlas of Bangladesh 2020 (maps from Upazila Nirdeshika data), read by colour"
Nandigram,5055444B95396653214812,Slightly Acidic,0.98,Medium,0.69,Optimum,0.44,Optimum,0.5,Low,0.91,Low,0.59,Medium,0.49,Low,0.72,Low,0.85,Low,0.54,Very Low,0.62,Very High,0.27,"SRDI Soil Fertility Atlas of Bangladesh 2020 (maps from Upazila Nirdeshika data), read by colour"
Nangalkot,5055444B76725439062785,Slightly Acidic,0.66,Medium,0.56,Medium,0.28,Medium,0.29,Low,0.99,Low,0.72,Optimum,0.53,Medium,0.62,Very Low,0.53,Very High,0.29,Medium,0.31,High,0.35,"SRDI Soil Fertility Atlas of Bangladesh 2020 (maps from Upazila Nirdeshika data), read by colour"
Naniarchar,5055444B1204952470090,Strongly Acidic,0.7,Medium,1.0,Low,0.71,Low,0.71,Low,0.67,Low,0.55,Low,0.74,Low,0.79,Very Low,0.99,Medium,0.59,Medium,0.43,High,0.32,"SRDI Soil Fertility Atlas of Bangladesh 2020 (maps from Upazila Nirdeshika data), read by colour"
Naogaon Sadar,5055444B48392577301269,Slightly Acidic,0.94,Low,0.52,Medium,0.67,Optimum,0.51,Low,0.97,Low,0.77,Low,0.84,Low,0.79,Low,0.86,Medium,0.56,Very High,0.36,High,0.5,"SRDI Soil Fertility Atlas of Bangladesh 2020 (maps from Upazila Nirdeshika data), read by colour"
Narail Sadar,5055444B86380402084799,Neutral,0.6,Medium,0.64,Low,0.71,Low,0.7,Medium,0.41,Optimum,0.38,Optimum,0.35,Low,0.4,Very Low,0.74,Very High,0.33,Very High,1.0,Very High,0.82,"SRDI Soil Fertility Atlas of Bangladesh 2020 (maps from Upazila Nirdeshika data), read by colour"
Narayanganj Sadar,5055444B24324023791660,Slightly Acidic,0.55,Medium,0.84,Low,0.36,Low,0.47,Low,0.89,Low,0.56,Optimum,0.59,Medium,0.52,Low,0.39,Low,0.35,Very High,0.7,Very High,1.0,"SRDI Soil Fertility Atlas of Bangladesh 2020 (maps from Upazila Nirdeshika data), read by colour"
Naria,5055444B74474908989262,Slightly Alkaline,0.66,Medium,0.78,Medium,0.45,Medium,0.44,Low,0.55,Medium,0.54,High,0.3,Optimum,0.37,Low,0.68,Very High,0.54,Very High,0.92,Very High,0.94,"SRDI Soil Fertility Atlas of Bangladesh 2020 (maps from Upazila Nirdeshika data), read by colour"
Narsingdi Sadar,5055444B56950685480062,Strongly Acidic,0.82,Medium,0.72,Low,0.37,Low,0.35,Low,0.94,Low,0.88,Very High,0.49,Very High,0.43,Optimum,0.27,Optimum,0.3,Optimum,0.32,Very High,0.82,"SRDI Soil Fertility Atlas of Bangladesh 2020 (maps from Upazila Nirdeshika data), read by colour"
Nasirnagar,5055444B53942313768557,Slightly Acidic,0.69,Medium,0.68,Low,0.46,Low,0.46,Low,0.99,Low,0.91,Low,0.42,Low,0.49,Very Low,0.76,Very Low,0.37,Low,0.2,Very High,0.65,"SRDI Soil Fertility Atlas of Bangladesh 2020 (maps from Upazila Nirdeshika data), read by colour"
Natore Sadar,5055444B49495174582406,Neutral,0.38,Low,0.43,Very High,0.47,Very High,0.48,Medium,0.48,Medium,0.53,Optimum,0.47,Optimum,0.46,Low,0.91,Medium,0.54,Very High,1.0,Very High,0.86,"SRDI Soil Fertility Atlas of Bangladesh 2020 (maps from Upazila Nirdeshika data), read by colour"
Nawabganj,5055444B6233610222310,Neutral,0.44,Medium,0.8,Low,0.61,Low,0.58,Medium,0.67,Medium,0.58,High,0.46,Optimum,0.45,Very Low,0.62,Low,0.32,Very High,0.94,Very High,1.0,"SRDI Soil Fertility Atlas of Bangladesh 2020 (maps from Upazila Nirdeshika data), read by colour"
Nawabganj,5055444B29878683718336,Strongly Acidic,0.99,Low,0.82,Low,0.36,Medium,0.34,Optimum,0.45,High,0.32,Medium,0.52,Low,0.64,Low,0.54,Low,0.81,Low,0.75,Medium,0.41,"SRDI Soil Fertility Atlas of Bangladesh 2020 (maps from Upazila Nirdeshika data), read by colour"
Nawabganj Sadar,5055444B78695242801039,Slightly Alkaline,0.74,Low,0.93,Very High,0.36,Very High,0.49,Medium,0.46,Optimum,0.4,Medium,0.39,Medium,0.46,Low,0.89,High,0.32,Medium,0.68,Very High,0.87,"SRDI Soil Fertility Atlas of Bangladesh 2020 (maps from Upazila Nirdeshika data), read by colour"
Nazirpur,5055444B52021808696745,Slightly Acidic,0.31,Optimum,0.47,Low,0.49,Low,0.5,Medium,0.54,Optimum,0.52,Very High,0.63,High,0.67,Low,0.92,Low,0.42,Very High,1.0,Very High,1.0,"SRDI Soil Fertility Atlas of Bangladesh 2020 (maps from Upazila Nirdeshika data), read by colour"
Nesarabad (Swarupkati),5055444B29300824944570,Slightly Acidic,0.55,Medium,0.89,Low,0.78,Low,0.78,Low,0.76,Medium,0.72,Very High,0.49,High,0.73,Low,0.91,Medium,0.55,Very High,1.0,Very High,1.0,"SRDI Soil Fertility Atlas of Bangladesh 2020 (maps from Upazila Nirdeshika data), read by colour"
Netrokona Sadar,5055444B11666029706524,Strongly Acidic,0.78,Medium,0.83,Medium,0.49,Medium,0.52,Low,1.0,Low,0.95,Low,0.34,Low,0.45,Low,0.71,Very High,0.44,Very High,0.63,Very High,0.77,"SRDI Soil Fertility Atlas of Bangladesh 2020 (maps from Upazila Nirdeshika data), read by colour"
New Market,5055444B9752476477947,Slightly Acidic,1.0,Medium,1.0,Low,1.0,Low,1.0,,,,,Optimum,1.0,Medium,1.0,Low,1.0,High,1.0,,,Very High,1.0,"SRDI Soil Fertility Atlas of Bangladesh 2020 (maps from Upazila Nirdeshika data), read by colour"
Niamatpur,5055444B35482632168622,Strongly Acidic,0.88,Low,0.74,Low,0.71,Low,0.71,Low,0.94,Low,0.63,Medium,0.65,Medium,0.67,Low,0.65,Optimum,0.27,Medium,0.39,Optimum,0.39,"SRDI Soil Fertility Atlas of Bangladesh 2020 (maps from Upazila Nirdeshika data), read by colour"
Nikli,5055444B31777377596981,Slightly Acidic,0.83,Medium,0.56,Low,0.65,Low,0.67,Low,1.0,Low,0.95,Medium,0.49,Low,0.56,Very Low,0.59,Low,0.55,High,0.49,Very High,0.97,"SRDI Soil Fertility Atlas of Bangladesh 2020 (maps from Upazila Nirdeshika data), read by colour"
Nilphamari Sadar,5055444B81704367582691,Strongly Acidic,0.96,Low,0.65,Medium,0.4,Optimum,0.31,Low,0.83,Low,0.56,Low,0.76,Low,0.96,Low,0.65,Low,0.5,Low,0.59,Low,0.91,"SRDI Soil Fertility Atlas of Bangladesh 2020 (maps from Upazila Nirdeshika data), read by colour"
Noakhali Sadar (Sudharam),5055444B59544750070179,Neutral,0.67,Medium,0.86,Very Low,0.73,Very Low,0.69,Medium,0.43,Medium,0.58,High,0.43,High,0.43,Very Low,0.42,Very High,0.67,Very High,0.67,Very High,1.0,"SRDI Soil Fertility Atlas of Bangladesh 2020 (maps from Upazila Nirdeshika data), read by colour"
Paba,5055444B6547949128734,Slightly Alkaline,0.69,Low,0.65,Low,0.34,Medium,0.32,Medium,0.53,Optimum,0.48,Very High,0.29,Low,0.25,Low,0.6,Medium,0.51,Very High,0.91,Very High,0.8,"SRDI Soil Fertility Atlas of Bangladesh 2020 (maps from Upazila Nirdeshika data), read by colour"
Pabna Sadar,5055444B21601893255114,Slightly Alkaline,1.0,Medium,0.67,Low,0.59,Low,0.73,Medium,0.41,Optimum,0.38,Low,0.51,Low,0.61,Low,0.53,Medium,0.65,Very High,1.0,Very High,0.93,"SRDI Soil Fertility Atlas of Bangladesh 2020 (maps from Upazila Nirdeshika data), read by colour"
Pahartali,5055444B18185339389693,Slightly Acidic,0.8,Medium,0.92,Low,1.0,Medium,1.0,Low,1.0,Low,0.62,Low,0.5,Low,0.58,Medium,0.73,Medium,0.89,Low,1.0,Very High,1.0,"SRDI Soil Fertility Atlas of Bangladesh 2020 (maps from Upazila Nirdeshika data), read by colour"
Paikgachha,5055444B32742026242546,Slightly Alkaline,0.73,Medium,0.84,Low,0.75,Medium,0.45,High,0.36,Very High,0.57,Very High,0.98,Very High,0.97,Medium,0.43,Very High,0.97,Very High,0.83,Very High,1.0,"SRDI Soil Fertility Atlas of Bangladesh 2020 (maps from Upazila Nirdeshika data), read by colour"
Pakundia,5055444B2198312346565,Strongly Acidic,0.85,Medium,0.45,Optimum,0.29,Optimum,0.34,Low,1.0,Low,1.0,Low,0.76,Low,0.81,Low,0.45,Very High,0.72,Very High,0.45,Very High,0.95,"SRDI Soil Fertility Atlas of Bangladesh 2020 (maps from Upazila Nirdeshika data), read by colour"
Palash,5055444B96134179230312,Strongly Acidic,0.84,Medium,0.79,Low,0.5,Low,0.34,Optimum,0.47,Optimum,0.6,Medium,0.48,Medium,0.46,Low,0.59,Medium,0.35,High,0.64,Very High,0.74,"SRDI Soil Fertility Atlas of Bangladesh 2020 (maps from Upazila Nirdeshika data), read by colour"
Palashbari,5055444B31221494753785,Slightly Acidic,0.74,Low,0.58,Medium,0.36,Optimum,0.32,Low,0.97,Low,0.91,Very Low,0.68,Very Low,0.81,Low,0.75,Medium,0.56,Medium,0.23,Optimum,0.42,"SRDI Soil Fertility Atlas of Bangladesh 2020 (maps from Upazila Nirdeshika data), read by colour"
Pallabi,5055444B7396550141885,Strongly Acidic,1.0,Optimum,0.92,High,1.0,High,1.0,Medium,0.56,Medium,0.88,Medium,0.58,Medium,1.0,Low,1.0,Very High,1.0,Very High,1.0,High,0.87,"SRDI Soil Fertility Atlas of Bangladesh 2020 (maps from Upazila Nirdeshika data), read by colour"
Paltan,5055444B25185864846738,Slightly Acidic,1.0,Medium,1.0,Low,1.0,Low,1.0,Medium,0.67,Medium,1.0,High,1.0,Optimum,1.0,Low,1.0,,,Very High,1.0,Very High,1.0,"SRDI Soil Fertility Atlas of Bangladesh 2020 (maps from Upazila Nirdeshika data), read by colour"
Panchagarh Sadar,5055444B34393793043573,Strongly Acidic,0.96,Medium,0.96,High,0.71,High,0.73,Medium,0.55,Medium,0.47,Low,0.97,Very Low,0.67,Very Low,0.99,Low,0.36,Low,0.82,Very Low,0.97,"SRDI Soil Fertility Atlas of Bangladesh 2020 (maps from Upazila Nirdeshika data), read by colour"
Panchbibi,5055444B1649196171252,Strongly Acidic,0.81,Low,0.77,High,0.54,High,0.64,Low,0.94,Low,0.73,Low,0.7,Low,0.92,Low,0.88,Low,0.48,Low,0.69,Low,0.6,"SRDI Soil Fertility Atlas of Bangladesh 2020 (maps from Upazila Nirdeshika data), read by colour"
Panchhari,5055444B74503201942965,Strongly Acidic,0.97,Medium,0.85,Low,0.97,Low,0.97,Medium,0.75,Medium,0.75,Low,0.83,Very Low,0.65,Very Low,0.65,Low,0.44,Low,0.45,Low,0.35,"SRDI Soil Fertility Atlas of Bangladesh 2020 (maps from Upazila Nirdeshika data), read by colour"
Panchlaish,5055444B64565543707518,Strongly Acidic,0.71,Medium,1.0,Low,1.0,Low,0.57,Low,1.0,Low,1.0,Medium,0.43,Medium,0.57,Medium,0.71,Optimum,0.57,Low,1.0,Very High,1.0,"SRDI Soil Fertility Atlas of Bangladesh 2020 (maps from Upazila Nirdeshika data), read by colour"
Pangsha,5055444B93889096596285,Slightly Alkaline,1.0,Low,0.57,Low,0.74,Medium,0.46,Medium,0.54,Optimum,0.54,Low,0.29,Low,0.38,Low,0.9,Low,0.39,Very High,1.0,Very High,0.98,"SRDI Soil Fertility Atlas of Bangladesh 2020 (maps from Upazila Nirdeshika data), read by colour"
Parbatipur,5055444B76537033079747,Strongly Acidic,0.96,Low,0.67,Medium,0.44,Medium,0.43,Low,0.61,Medium,0.4,Low,0.94,Low,0.86,Very Low,0.64,Medium,0.5,Very Low,0.52,Low,0.65,"SRDI Soil Fertility Atlas of Bangladesh 2020 (maps from Upazila Nirdeshika data), read by colour"
Parshuram,5055444B3242961930205,Strongly Acidic,0.91,Low,0.7,Very Low,0.71,Low,0.88,,,,,Medium,0.44,Low,0.33,Low,0.91,,,,,High,0.41,"SRDI Soil Fertility Atlas of Bangladesh 2020 (maps from Upazila Nirdeshika data), read by colour"
Patenga,5055444B40707250714885,Strongly Acidic,1.0,Medium,0.94,Low,0.64,Medium,0.88,Medium,0.53,Medium,0.97,Optimum,0.62,Medium,0.68,Low,0.65,Optimum,0.29,Medium,0.6,Very High,1.0,"SRDI Soil Fertility Atlas of Bangladesh 2020 (maps from Upazila Nirdeshika data), read by colour"
Patgram,5055444B98087879130234,Strongly Acidic,0.99,Medium,1.0,High,0.62,High,0.65,Low,0.96,Low,0.81,Low,0.81,Low,0.91,Low,0.53,Low,0.82,Low,0.83,Very Low,0.85,"SRDI Soil Fertility Atlas of Bangladesh 2020 (maps from Upazila Nirdeshika data), read by colour"
Patharghata,5055444B56621242326739,Strongly Acidic,0.69,Medium,0.89,Very Low,0.84,Very Low,0.51,Optimum,0.47,High,0.34,Low,0.4,Low,0.47,Low,0.66,Very High,0.76,Very High,0.49,Very High,1.0,"SRDI Soil Fertility Atlas of Bangladesh 2020 (maps from Upazila Nirdeshika data), read by colour"
Patiya,5055444B19774112487674,Strongly Acidic,0.98,Medium,0.89,Very Low,0.54,Low,0.52,Medium,0.4,Optimum,0.32,Medium,0.27,Low,0.27,Low,0.69,Medium,0.62,Medium,0.41,Very High,0.47,"SRDI Soil Fertility Atlas of Bangladesh 2020 (maps from Upazila Nirdeshika data), read by colour"
Patnitala,5055444B91431094862758,Strongly Acidic,0.62,Low,0.87,Medium,0.54,Medium,0.55,Low,0.95,Low,0.94,Low,0.71,Low,0.81,Low,0.58,Medium,0.39,Low,0.5,Medium,0.33,"SRDI Soil Fertility Atlas of Bangladesh 2020 (maps from Upazila Nirdeshika data), read by colour"
Patuakhali Sadar,5055444B33989432035169,Strongly Acidic,0.67,Medium,0.59,Very Low,0.99,Very Low,0.95,Medium,0.5,Medium,0.69,Very High,1.0,Very High,0.99,Low,0.79,Optimum,0.37,Very High,0.53,Very High,1.0,"SRDI Soil Fertility Atlas of Bangladesh 2020 (maps from Upazila Nirdeshika data), read by colour"
Pekua,5055444B9589532337582,Strongly Acidic,0.9,Medium,0.58,Low,0.83,Low,0.69,Low,0.74,Low,0.68,Very High,0.77,Very High,0.66,Low,0.3,Very Low,0.72,Optimum,0.32,Very High,0.92,"SRDI Soil Fertility Atlas of Bangladesh 2020 (maps from Upazila Nirdeshika data), read by colour"
Phulbari,5055444B25764140823276,Slightly Acidic,0.76,Medium,0.61,Low,0.3,Medium,0.27,Low,0.86,Low,0.79,Low,0.57,Low,0.58,Low,0.93,Low,0.75,Medium,0.6,Medium,0.5,"SRDI Soil Fertility Atlas of Bangladesh 2020 (maps from Upazila Nirdeshika data), read by colour"
Phulpur,5055444B96560704124015,Strongly Acidic,0.69,Medium,0.94,Low,0.38,Medium,0.28,Low,0.9,Low,0.92,Optimum,0.35,Medium,0.41,Low,0.43,Medium,0.56,Low,0.48,Very High,0.58,"SRDI Soil Fertility Atlas of Bangladesh 2020 (maps from Upazila Nirdeshika data), read by colour"
Phultala,5055444B58469671805988,Slightly Acidic,0.47,Optimum,0.73,Low,0.53,Low,0.37,Very High,0.88,Very High,0.97,Very High,0.63,Very High,0.49,Low,0.66,High,0.33,Very High,1.0,Very High,1.0,"SRDI Soil Fertility Atlas of Bangladesh 2020 (maps from Upazila Nirdeshika data), read by colour"
Pirgachha,5055444B86740606942965,Strongly Acidic,0.96,Medium,0.73,Medium,0.22,Very High,0.44,Low,0.8,Low,0.8,Low,0.61,Low,0.73,Medium,0.69,Low,0.57,Low,0.62,Medium,0.47,"SRDI Soil Fertility Atlas of Bangladesh 2020 (maps from Upazila Nirdeshika data), read by colour"
Pirganj,5055444B35718531117283,Strongly Acidic,0.99,Low,0.52,Low,0.4,Medium,0.29,Low,0.74,Low,0.57,Low,0.77,Low,0.84,Low,0.73,Very High,0.34,Medium,0.38,High,0.33,"SRDI Soil Fertility Atlas of Bangladesh 2020 (maps from Upazila Nirdeshika data), read by colour"
Pirganj,5055444B42154785912558,Strongly Acidic,0.7,Low,0.58,High,0.52,Very High,0.46,Low,0.85,Low,0.52,Medium,0.69,Low,0.83,Low,0.67,Low,0.36,Low,0.38,Optimum,0.65,"SRDI Soil Fertility Atlas of Bangladesh 2020 (maps from Upazila Nirdeshika data), read by colour"
Pirojpur Sadar,5055444B11684382381514,Slightly Acidic,0.73,Medium,0.99,Medium,0.34,Medium,0.34,Optimum,0.49,Optimum,0.75,High,0.75,High,0.54,Low,0.59,Optimum,0.45,Very High,1.0,Very High,1.0,"SRDI Soil Fertility Atlas of Bangladesh 2020 (maps from Upazila Nirdeshika data), read by colour"
Porsha,5055444B54487127643063,Strongly Acidic,0.96,Low,0.88,Low,0.67,Low,0.66,Low,0.84,Low,0.76,Low,0.79,Low,0.56,Low,0.91,Low,0.41,Medium,0.55,Very High,0.74,"SRDI Soil Fertility Atlas of Bangladesh 2020 (maps from Upazila Nirdeshika data), read by colour"
Purbadhala,5055444B54942136795919,Strongly Acidic,0.99,Medium,0.93,Very Low,0.55,Low,0.5,Low,0.96,Low,0.74,Low,0.33,Low,0.47,Medium,0.26,Low,0.45,Optimum,0.29,Optimum,0.46,"SRDI Soil Fertility Atlas of Bangladesh 2020 (maps from Upazila Nirdeshika data), read by colour"
Puthia,5055444B90282468448704,Slightly Alkaline,0.99,Low,0.42,Low,0.45,Medium,0.34,Low,0.77,Medium,0.6,Medium,0.46,Medium,0.48,Low,0.65,Medium,0.35,Very High,1.0,Very High,0.68,"SRDI Soil Fertility Atlas of Bangladesh 2020 (maps from Upazila Nirdeshika data), read by colour"
Rajapur,5055444B90978043630705,Slightly Acidic,0.83,Medium,0.92,Very Low,0.75,Very Low,0.62,Low,0.51,Medium,0.52,Very High,0.85,Very High,0.79,Very Low,0.55,Medium,0.35,Very High,1.0,Very High,1.0,"SRDI Soil Fertility Atlas of Bangladesh 2020 (maps from Upazila Nirdeshika data), read by colour"
Rajarhat,5055444B93678014899997,Strongly Acidic,0.85,Medium,0.77,Low,0.41,Medium,0.31,Low,0.83,Low,0.7,Low,0.68,Low,0.88,Medium,0.47,Low,0.71,Medium,0.47,Optimum,0.56,"SRDI Soil Fertility Atlas of Bangladesh 2020 (maps from Upazila Nirdeshika data), read by colour"
Rajasthali,5055444B15060771373546,Slightly Acidic,0.64,Medium,0.67,Low,0.78,Low,0.5,Medium,0.7,Medium,0.57,Low,0.34,Optimum,0.27,Very Low,0.86,Very High,0.35,Optimum,0.48,Very High,0.48,"SRDI Soil Fertility Atlas of Bangladesh 2020 (maps from Upazila Nirdeshika data), read by colour"
Rajbari Sadar,5055444B85021187940919,Slightly Alkaline,0.99,Low,0.6,Low,0.93,Low,0.96,High,0.34,Very High,0.45,Low,0.42,Very Low,0.44,Low,0.85,Medium,0.34,Very High,1.0,Very High,0.99,"SRDI Soil Fertility Atlas of Bangladesh 2020 (maps from Upazila Nirdeshika data), read by colour"
Rajnagar,5055444B11792824344189,Strongly Acidic,0.85,Medium,0.91,Very Low,0.37,Low,0.33,Low,0.99,Low,0.98,Low,0.38,Low,0.5,Very High,0.4,Medium,0.65,Low,0.58,High,0.34,"SRDI Soil Fertility Atlas of Bangladesh 2020 (maps from Upazila Nirdeshika data), read by colour"
Rajoir,5055444B47802764053873,Slightly Alkaline,0.69,Medium,0.82,Low,0.62,Low,0.47,Optimum,0.47,High,0.35,Optimum,0.52,Medium,0.42,Low,0.68,Very High,0.36,Very High,0.97,Very High,0.99,"SRDI Soil Fertility Atlas of Bangladesh 2020 (maps from Upazila Nirdeshika data), read by colour"
Rajpara,5055444B47903202093493,Slightly Alkaline,0.89,Very Low,0.95,Very Low,0.31,Low,0.42,Medium,0.71,Medium,0.53,Medium,0.5,Medium,0.5,Low,0.71,Low,1.0,Very High,1.0,Optimum,0.93,"SRDI Soil Fertility Atlas of Bangladesh 2020 (maps from Upazila Nirdeshika data), read by colour"
Ramganj,5055444B57812164143880,Strongly Acidic,0.92,Medium,0.72,Low,0.6,Low,0.86,Low,0.82,Medium,0.49,Optimum,0.36,Optimum,0.44,Low,0.54,High,0.34,Medium,0.45,Very High,0.89,"SRDI Soil Fertility Atlas of Bangladesh 2020 (maps from Upazila Nirdeshika data), read by colour"
Ramgarh,5055444B38799821527712,Strongly Acidic,0.89,Medium,0.9,Low,0.96,Low,0.96,Low,0.58,Medium,0.37,Low,0.76,Very Low,0.55,Very Low,0.67,Low,0.4,Low,0.69,Low,0.3,"SRDI Soil Fertility Atlas of Bangladesh 2020 (maps from Upazila Nirdeshika data), read by colour"
Ramgati,5055444B89015715919581,Neutral,0.76,Medium,0.73,Very Low,0.76,Very Low,0.71,Low,0.7,Medium,0.74,Very High,0.89,Very High,0.74,Very Low,0.58,Very High,0.89,Very High,0.94,Very High,0.52,"SRDI Soil Fertility Atlas of Bangladesh 2020 (maps from Upazila Nirdeshika data), read by colour"
Ramna,5055444B66987540891927,Slightly Acidic,1.0,Medium,1.0,Low,1.0,Low,1.0,Medium,1.0,Medium,1.0,High,0.67,Optimum,1.0,Low,1.0,High,0.5,Very High,1.0,Very High,1.0,"SRDI Soil Fertility Atlas of Bangladesh 2020 (maps from Upazila Nirdeshika data), read by colour"
Rampal,5055444B66391023963948,Slightly Alkaline,0.87,Medium,0.95,High,0.35,High,0.36,High,0.35,Very High,0.48,Very High,0.98,Very High,0.66,Low,0.78,Very High,0.97,Very High,1.0,Very High,1.0,"SRDI Soil Fertility Atlas of Bangladesh 2020 (maps from Upazila Nirdeshika data), read by colour"
Rampura,5055444B30627422876303,Strongly Acidic,1.0,Medium,1.0,Low,1.0,Low,1.0,Medium,0.67,Medium,1.0,High,1.0,Optimum,1.0,Low,1.0,High,0.75,Very High,0.5,Very High,1.0,"SRDI Soil Fertility Atlas of Bangladesh 2020 (maps from Upazila Nirdeshika data), read by colour"
Ramu,5055444B73950402088749,Strongly Acidic,0.97,Low,0.55,High,0.34,High,0.44,Low,0.79,Low,0.53,Medium,0.35,Low,0.4,Low,0.82,Low,0.77,Low,0.83,Very High,0.48,"SRDI Soil Fertility Atlas of Bangladesh 2020 (maps from Upazila Nirdeshika data), read by colour"
Rangamati Sadar,5055444B57589177592395,Strongly Acidic,0.91,Medium,0.93,Low,0.97,Low,0.96,Low,0.63,Medium,0.59,Low,0.83,Low,0.61,Very Low,0.83,Low,0.46,Low,0.33,Optimum,0.28,"SRDI Soil Fertility Atlas of Bangladesh 2020 (maps from Upazila Nirdeshika data), read by colour"
Rangpur Sadar,5055444B60964273253151,Strongly Acidic,1.0,Medium,0.55,Very High,0.35,Very High,0.53,Medium,0.49,Medium,0.49,Medium,0.69,Low,0.49,Low,0.74,Low,0.53,Medium,0.49,Very Low,0.64,"SRDI Soil Fertility Atlas of Bangladesh 2020 (maps from Upazila Nirdeshika data), read by colour"
Rangunia,5055444B52491986806664,Strongly Acidic,0.87,Medium,0.92,Low,0.79,Low,0.79,Medium,0.53,Optimum,0.57,Medium,0.68,Medium,0.51,Low,0.73,Optimum,0.5,Low,0.64,High,0.38,"SRDI Soil Fertility Atlas of Bangladesh 2020 (maps from Upazila Nirdeshika data), read by colour"
Raninagar,5055444B30475124532663,Slightly Acidic,0.96,Medium,0.82,Low,0.66,Low,0.59,Low,0.99,Low,0.97,Medium,0.55,Low,0.62,Low,0.68,Medium,0.54,High,0.37,Very High,0.99,"SRDI Soil Fertility Atlas of Bangladesh 2020 (maps from Upazila Nirdeshika data), read by colour"
Ranisankail,5055444B74943148977386,Very Strongly Acidic,0.55,Low,0.53,Very High,0.43,Very High,0.84,Low,0.87,Low,0.68,Low,0.41,Low,0.6,Low,0.64,Low,0.47,Low,0.75,Low,0.49,"SRDI Soil Fertility Atlas of Bangladesh 2020 (maps from Upazila Nirdeshika data), read by colour"
Raozan,5055444B26554901820582,Strongly Acidic,0.98,Medium,0.68,Low,0.84,Low,0.84,Low,0.98,Low,0.93,Low,0.71,Low,0.75,Very Low,0.6,Medium,0.47,Low,0.5,Very High,0.47,"SRDI Soil Fertility Atlas of Bangladesh 2020 (maps from Upazila Nirdeshika data), read by colour"
Raumari,5055444B84227309830947,Neutral,0.48,Low,0.76,Low,0.58,Low,0.58,,,,,Low,0.59,Low,0.82,Low,0.98,,,,,Very High,1.0,"SRDI Soil Fertility Atlas of Bangladesh 2020 (maps from Upazila Nirdeshika data), read by colour"
Rowangchhari,5055444B74571408942121,Slightly Acidic,0.63,Medium,0.68,Low,0.94,Low,0.92,Medium,0.54,Optimum,0.45,Low,0.69,Low,0.71,Very Low,0.55,Medium,0.54,Optimum,0.55,Very High,0.9,"SRDI Soil Fertility Atlas of Bangladesh 2020 (maps from Upazila Nirdeshika data), read by colour"
Royganj,5055444B16102075953805,Strongly Acidic,0.89,Low,0.72,Medium,0.41,Optimum,0.42,Low,0.83,Low,0.81,Low,0.64,Low,0.8,Low,0.63,Low,0.24,Medium,0.6,Very High,0.87,"SRDI Soil Fertility Atlas of Bangladesh 2020 (maps from Upazila Nirdeshika data), read by colour"
Roypur,5055444B1613484588697,Neutral,0.56,Medium,0.55,Low,0.87,Low,0.88,Low,0.72,Medium,0.65,Low,0.55,Low,0.51,Very Low,0.71,Optimum,0.56,Optimum,0.54,Very High,0.99,"SRDI Soil Fertility Atlas of Bangladesh 2020 (maps from Upazila Nirdeshika data), read by colour"
Roypura,5055444B39659813181832,Strongly Acidic,0.47,Very Low,0.62,High,0.46,High,0.52,Low,0.93,Low,0.94,High,0.58,Optimum,0.4,Low,0.43,Low,0.36,High,0.53,Very High,0.77,"SRDI Soil Fertility Atlas of Bangladesh 2020 (maps from Upazila Nirdeshika data), read by colour"
Ruma,5055444B15740177551005,Slightly Acidic,0.58,Optimum,0.47,Low,0.59,Low,0.56,High,0.37,High,0.47,Low,0.91,Low,0.93,Very Low,0.69,Very High,0.56,High,0.48,Very High,0.95,"SRDI Soil Fertility Atlas of Bangladesh 2020 (maps from Upazila Nirdeshika data), read by colour"
Rupganj,5055444B98720015841654,Strongly Acidic,0.95,Medium,0.77,Low,0.93,Low,0.92,Low,0.96,Low,0.97,High,0.61,Optimum,0.58,Low,0.94,Low,0.45,Very High,0.69,Very High,0.92,"SRDI Soil Fertility Atlas of Bangladesh 2020 (maps from Upazila Nirdeshika data), read by colour"
Rupsa,5055444B36775211946071,Neutral,0.43,High,0.54,Low,0.88,Low,0.73,Very High,0.5,Very High,0.56,Very High,1.0,Very High,0.99,Low,0.36,Very High,0.93,Very High,1.0,Very High,1.0,"SRDI Soil Fertility Atlas of Bangladesh 2020 (maps from Upazila Nirdeshika data), read by colour"
Sabujbagh,5055444B47617762942552,Strongly Acidic,0.67,Medium,1.0,Low,1.0,Low,1.0,Low,1.0,Medium,1.0,High,1.0,Optimum,1.0,Low,1.0,Medium,0.56,Very High,0.67,Very High,1.0,"SRDI Soil Fertility Atlas of Bangladesh 2020 (maps from Upazila Nirdeshika data), read by colour"
Sadarpur,5055444B68847835082367,Slightly Alkaline,0.87,Very Low,0.67,High,0.37,Very High,0.37,Low,0.49,Medium,0.59,Optimum,0.37,Medium,0.43,Low,0.81,Medium,0.42,Very High,0.85,Very High,0.45,"SRDI Soil Fertility Atlas of Bangladesh 2020 (maps from Upazila Nirdeshika data), read by colour"
Sadullapur,5055444B23601063726349,Slightly Acidic,0.61,Medium,0.73,Low,0.46,Medium,0.26,Low,1.0,Low,1.0,Low,0.82,Low,0.59,Low,0.6,Medium,0.34,Optimum,0.36,Medium,0.53,"SRDI Soil Fertility Atlas of Bangladesh 2020 (maps from Upazila Nirdeshika data), read by colour"
Saghatta,5055444B53491444498319,Slightly Acidic,0.52,Low,0.79,Medium,0.49,Medium,0.49,Low,0.97,Low,0.57,Medium,0.73,Medium,0.49,Very Low,0.81,Very Low,0.57,Medium,0.37,High,0.43,"SRDI Soil Fertility Atlas of Bangladesh 2020 (maps from Upazila Nirdeshika data), read by colour"
Saidpur,5055444B15265131690562,Slightly Acidic,0.93,Medium,0.53,Optimum,0.4,High,0.41,Medium,0.55,Medium,0.65,Low,0.95,Low,0.92,Low,0.7,Low,0.86,Very Low,0.99,Very Low,0.64,"SRDI Soil Fertility Atlas of Bangladesh 2020 (maps from Upazila Nirdeshika data), read by colour"
Sakhipur,5055444B2662823308468,Strongly Acidic,0.71,Low,0.8,Very Low,0.47,Low,0.57,Low,0.62,Low,0.45,Low,0.4,Low,0.45,Medium,0.47,Low,0.27,Low,0.5,Medium,0.4,"SRDI Soil Fertility Atlas of Bangladesh 2020 (maps from Upazila Nirdeshika data), read by colour"
Saltha,5055444B68654289756116,Slightly Alkaline,1.0,Medium,0.94,Optimum,0.28,High,0.26,Medium,0.3,Very High,0.41,Medium,0.42,Low,0.36,Low,0.47,Medium,0.37,Very High,1.0,Very High,1.0,"SRDI Soil Fertility Atlas of Bangladesh 2020 (maps from Upazila Nirdeshika data), read by colour"
Sandwip,5055444B38303257659951,Slightly Acidic,0.8,Low,0.79,Low,1.0,Low,1.0,Low,1.0,Medium,0.59,High,0.79,High,0.7,Low,1.0,Very High,0.48,Optimum,0.68,Very High,1.0,"SRDI Soil Fertility Atlas of Bangladesh 2020 (maps from Upazila Nirdeshika data), read by colour"
Santhia,5055444B30152429816544,Slightly Alkaline,0.99,Low,0.65,Medium,0.8,Optimum,0.5,Optimum,0.39,High,0.36,Medium,0.41,Low,0.47,Low,0.74,Medium,0.71,Very High,0.93,Very High,0.68,"SRDI Soil Fertility Atlas of Bangladesh 2020 (maps from Upazila Nirdeshika data), read by colour"
Sapahar,5055444B68995178117667,Strongly Acidic,0.98,Low,0.82,Low,0.78,Low,0.78,Low,0.81,Low,0.62,Medium,0.52,Low,0.83,Low,0.68,Medium,0.33,Low,0.53,Medium,0.4,"SRDI Soil Fertility Atlas of Bangladesh 2020 (maps from Upazila Nirdeshika data), read by colour"
Sarail,5055444B36413802235947,Strongly Acidic,0.53,Medium,0.93,Low,0.53,Medium,0.43,Low,0.9,Low,0.65,Medium,0.4,Medium,0.52,Low,0.42,Medium,0.35,Low,0.52,Very High,0.6,"SRDI Soil Fertility Atlas of Bangladesh 2020 (maps from Upazila Nirdeshika data), read by colour"
Sarankhola,5055444B91761091581926,Strongly Acidic,0.8,Medium,0.98,Low,0.53,Low,0.53,Medium,0.5,Optimum,0.41,Very High,0.74,High,0.97,Very Low,0.52,Very High,0.87,Very High,0.96,Very High,0.99,"SRDI Soil Fertility Atlas of Bangladesh 2020 (maps from Upazila Nirdeshika data), read by colour"
Sariakandi,5055444B56899132484318,Neutral,0.44,Very Low,0.65,Medium,0.39,Medium,0.38,Low,0.89,Low,0.93,Medium,0.51,Medium,0.52,Low,0.69,Low,0.28,High,0.46,Very High,0.6,"SRDI Soil Fertility Atlas of Bangladesh 2020 (maps from Upazila Nirdeshika data), read by colour"
Sarishabari,5055444B77410212597117,Slightly Acidic,0.51,Medium,0.78,Very Low,0.46,Low,0.49,Low,0.84,Low,0.78,Low,0.35,Low,0.49,Low,0.79,Optimum,0.51,Optimum,0.35,Very High,0.97,"SRDI Soil Fertility Atlas of Bangladesh 2020 (maps from Upazila Nirdeshika data), read by colour"
Satkania,5055444B15331282943417,Strongly Acidic,1.0,Medium,0.61,Low,0.56,Low,0.55,Low,0.42,Low,0.32,Low,0.26,Optimum,0.3,Very Low,0.43,Medium,0.33,Low,0.37,Very High,0.41,"SRDI Soil Fertility Atlas of Bangladesh 2020 (maps from Upazila Nirdeshika data), read by colour"
Satkhira Sadar,5055444B68417393184011,Slightly Alkaline,0.97,Medium,0.6,Optimum,0.37,Optimum,0.3,Very High,0.35,Very High,0.56,Medium,0.48,Medium,0.5,Low,0.78,Very High,0.64,Very High,1.0,Very High,1.0,"SRDI Soil Fertility Atlas of Bangladesh 2020 (maps from Upazila Nirdeshika data), read by colour"
Saturia,5055444B13608186326056,Slightly Acidic,0.69,Low,0.5,Low,0.62,Low,0.36,Medium,0.51,Medium,0.55,High,0.39,Optimum,0.33,Medium,0.42,Medium,0.45,Very High,0.57,Optimum,0.32,"SRDI Soil Fertility Atlas of Bangladesh 2020 (maps from Upazila Nirdeshika data), read by colour"
Savar,5055444B14680374784380,Strongly Acidic,0.61,Medium,0.72,High,0.59,High,0.6,Low,0.55,Medium,0.8,Medium,0.48,Medium,0.55,Low,0.93,Very High,0.51,Very High,0.71,Very High,0.65,"SRDI Soil Fertility Atlas of Bangladesh 2020 (maps from Upazila Nirdeshika data), read by colour"
Senbagh,5055444B94204865824830,Slightly Acidic,0.93,Medium,0.43,Very Low,0.7,Very Low,0.48,Low,0.75,Low,0.58,Low,0.43,Low,0.56,Low,0.93,Medium,0.37,Very High,0.45,Very High,0.58,"SRDI Soil Fertility Atlas of Bangladesh 2020 (maps from Upazila Nirdeshika data), read by colour"
Serajdikhan,5055444B42865599243727,Strongly Acidic,0.52,Medium,0.69,High,0.4,High,0.4,Medium,0.48,Optimum,0.44,High,0.61,Optimum,0.6,Very Low,0.54,Very High,0.46,Very High,0.88,Very High,0.81,"SRDI Soil Fertility Atlas of Bangladesh 2020 (maps from Upazila Nirdeshika data), read by colour"
Shah Ali,5055444B88449011386405,Slightly Acidic,0.75,Medium,0.5,High,1.0,High,1.0,Low,0.5,Medium,1.0,Medium,1.0,Medium,1.0,Low,1.0,Very High,1.0,High,0.5,High,0.75,"SRDI Soil Fertility Atlas of Bangladesh 2020 (maps from Upazila Nirdeshika data), read by colour"
Shah Makhdum,5055444B12266298386193,Slightly Alkaline,0.9,Low,1.0,Medium,0.7,Optimum,0.6,Optimum,0.45,Optimum,0.4,Optimum,0.5,Low,0.45,Low,1.0,Medium,1.0,Very High,1.0,Optimum,0.57,"SRDI Soil Fertility Atlas of Bangladesh 2020 (maps from Upazila Nirdeshika data), read by colour"
Shahbagh,5055444B26697181188091,Slightly Acidic,1.0,Medium,1.0,Low,1.0,Low,1.0,Medium,0.75,Medium,1.0,Optimum,1.0,Optimum,1.0,Low,1.0,High,1.0,Very High,1.0,Very High,1.0,"SRDI Soil Fertility Atlas of Bangladesh 2020 (maps from Upazila Nirdeshika data), read by colour"
Shahjadpur,5055444B61931792811678,Slightly Acidic,0.75,Medium,0.55,Medium,0.41,Optimum,0.39,Low,0.9,Low,0.57,Medium,0.64,Low,0.52,Very Low,0.67,Medium,0.44,Very High,0.61,High,0.49,"SRDI Soil Fertility Atlas of Bangladesh 2020 (maps from Upazila Nirdeshika data), read by colour"
Shahrasti,5055444B68903355888510,Slightly Acidic,0.82,Medium,0.89,Optimum,0.51,Optimum,0.51,Medium,0.6,Medium,0.49,Low,0.49,Low,0.69,Low,0.9,Medium,0.24,Medium,0.62,Very High,0.92,"SRDI Soil Fertility Atlas of Bangladesh 2020 (maps from Upazila Nirdeshika data), read by colour"
Shailkupa,5055444B71336622802607,Slightly Alkaline,0.95,Medium,0.83,Low,0.6,Low,0.57,Low,0.6,Low,0.47,Medium,0.37,Medium,0.45,Very Low,0.71,Low,0.47,Very High,0.99,High,0.4,"SRDI Soil Fertility Atlas of Bangladesh 2020 (maps from Upazila Nirdeshika data), read by colour"
Shajahanpur,5055444B26369547392038,Strongly Acidic,0.76,Low,0.76,Medium,0.34,Medium,0.33,Low,0.86,Low,0.75,Medium,0.39,Low,0.4,Medium,0.45,Medium,0.53,High,0.47,Low,0.27,"SRDI Soil Fertility Atlas of Bangladesh 2020 (maps from Upazila Nirdeshika data), read by colour"
Shalikha,5055444B40078895461279,Neutral,0.69,Medium,0.96,Low,0.63,Low,0.54,Low,0.34,Medium,0.45,Low,0.47,Low,0.56,Low,0.78,Low,0.41,Very High,1.0,Very High,1.0,"SRDI Soil Fertility Atlas of Bangladesh 2020 (maps from Upazila Nirdeshika data), read by colour"
Shariatpur Sadar,5055444B47272791978719,Neutral,0.66,Medium,0.77,Medium,0.67,Medium,0.67,Medium,0.52,Medium,0.73,Optimum,0.38,Medium,0.49,Low,0.84,Medium,0.31,Very High,1.0,Very High,0.82,"SRDI Soil Fertility Atlas of Bangladesh 2020 (maps from Upazila Nirdeshika data), read by colour"
Sharsha,5055444B18695908729515,Neutral,0.73,Medium,0.49,Low,0.39,Low,0.37,Medium,0.63,Medium,0.46,Low,0.78,Low,0.68,Very Low,0.97,Very High,0.68,Very High,1.0,Very High,1.0,"SRDI Soil Fertility Atlas of Bangladesh 2020 (maps from Upazila Nirdeshika data), read by colour"
Sher-e-bangla Nagar,5055444B71144810702424,Slightly Acidic,1.0,Medium,1.0,Optimum,0.67,Optimum,0.67,Low,0.5,Medium,1.0,Optimum,0.67,Medium,1.0,Low,1.0,Very High,1.0,Very High,1.0,Very High,1.0,"SRDI Soil Fertility Atlas of Bangladesh 2020 (maps from Upazila Nirdeshika data), read by colour"
Sherpur,5055444B70149320100288,Slightly Acidic,0.57,Low,0.62,Medium,0.59,Optimum,0.49,Low,0.72,Low,0.84,Medium,0.51,Low,0.52,Low,0.52,Medium,0.43,High,0.38,Low,0.67,"SRDI Soil Fertility Atlas of Bangladesh 2020 (maps from Upazila Nirdeshika data), read by colour"
Sherpur Sadar,5055444B8502207940741,Strongly Acidic,0.63,Low,0.64,Low,0.3,Low,0.22,Low,0.76,Low,0.78,Low,0.47,Low,0.44,Optimum,0.61,Low,0.63,Medium,0.38,Medium,0.64,"SRDI Soil Fertility Atlas of Bangladesh 2020 (maps from Upazila Nirdeshika data), read by colour"
Shib Char,5055444B86703057545377,Slightly Alkaline,0.88,Medium,0.77,Low,0.78,Low,0.77,Medium,0.39,Medium,0.4,Medium,0.57,Low,0.47,Very Low,0.86,Optimum,0.31,Very High,1.0,Very High,0.76,"SRDI Soil Fertility Atlas of Bangladesh 2020 (maps from Upazila Nirdeshika data), read by colour"
Shibalaya,5055444B74745553133953,Slightly Acidic,0.65,Medium,0.87,Low,0.69,Low,0.65,Medium,0.86,Medium,0.55,Optimum,0.45,Medium,0.54,Very Low,1.0,Medium,0.63,Very High,1.0,Very High,0.99,"SRDI Soil Fertility Atlas of Bangladesh 2020 (maps from Upazila Nirdeshika data), read by colour"
Shibganj,5055444B6771742340057,Slightly Acidic,0.81,Medium,0.54,Medium,0.28,Very High,0.42,Low,0.75,Low,0.61,Low,0.45,Low,0.53,Low,0.38,Medium,0.5,Low,0.41,Optimum,0.67,"SRDI Soil Fertility Atlas of Bangladesh 2020 (maps from Upazila Nirdeshika data), read by colour"
Shibganj,5055444B62264346581700,Slightly Alkaline,0.82,Low,0.46,Low,0.52,Low,0.5,Medium,0.4,Medium,0.43,Low,0.38,Low,0.52,Low,0.95,Very High,0.39,Very High,0.56,Very High,0.42,"SRDI Soil Fertility Atlas of Bangladesh 2020 (maps from Upazila Nirdeshika data), read by colour"
Shibpur,5055444B16111921801,Strongly Acidic,0.57,Medium,0.59,Low,0.48,Medium,0.3,Optimum,0.59,Optimum,0.8,Medium,0.27,Medium,0.35,Medium,0.47,High,0.34,High,0.42,Very High,0.59,"SRDI Soil Fertility Atlas of Bangladesh 2020 (maps from Upazila Nirdeshika data), read by colour"
Shyamnagar,5055444B91970115546789,Strongly Acidic,0.54,Medium,0.58,Medium,0.53,Medium,0.53,High,0.87,Very High,0.82,Very High,0.61,High,0.85,Low,0.89,Very High,0.99,Optimum,0.32,Very High,1.0,"SRDI Soil Fertility Atlas of Bangladesh 2020 (maps from Upazila Nirdeshika data), read by colour"
Shyampur,5055444B82614645252879,Slightly Acidic,1.0,Medium,1.0,Low,1.0,Low,1.0,Medium,1.0,Medium,1.0,Optimum,1.0,Optimum,1.0,Low,1.0,Medium,1.0,Very High,1.0,Very High,1.0,"SRDI Soil Fertility Atlas of Bangladesh 2020 (maps from Upazila Nirdeshika data), read by colour"
Singair,5055444B61145755581844,Slightly Acidic,0.79,Low,0.56,Low,0.56,Low,0.48,Medium,0.91,Medium,0.92,Very High,0.3,Medium,0.27,Very High,0.65,Very High,0.55,Very High,0.8,Very High,0.97,"SRDI Soil Fertility Atlas of Bangladesh 2020 (maps from Upazila Nirdeshika data), read by colour"
Singra,5055444B99745031093411,Slightly Acidic,0.74,Medium,0.76,Low,0.62,Low,0.61,Low,0.41,Medium,0.4,Low,0.92,Low,0.66,Low,0.98,Medium,0.56,Very High,0.67,Very High,0.93,"SRDI Soil Fertility Atlas of Bangladesh 2020 (maps from Upazila Nirdeshika data), read by colour"
Sirajganj Sadar,5055444B98549548680688,Slightly Acidic,0.48,Low,0.53,Low,0.52,Low,0.5,Low,0.85,Medium,0.5,Low,0.54,Very Low,0.44,Low,0.71,Low,0.33,Very High,0.83,Very High,0.92,"SRDI Soil Fertility Atlas of Bangladesh 2020 (maps from Upazila Nirdeshika data), read by colour"
Sitakunda,5055444B64235181700103,Slightly Acidic,0.54,Medium,0.78,Low,0.64,Medium,0.46,Low,0.58,Medium,0.76,Medium,0.51,Low,0.49,Low,0.6,Low,0.66,Medium,0.55,Very High,0.7,"SRDI Soil Fertility Atlas of Bangladesh 2020 (maps from Upazila Nirdeshika data), read by colour"
Sonadanga,5055444B25330959395307,Neutral,0.6,Medium,0.7,Medium,0.67,Medium,0.8,Medium,1.0,Optimum,0.75,Very High,0.9,High,0.64,Very Low,0.7,Very High,1.0,Very High,1.0,Very High,1.0,"SRDI Soil Fertility Atlas of Bangladesh 2020 (maps from Upazila Nirdeshika data), read by colour"
Sonagazi,5055444B14188015816574,Neutral,0.76,Medium,0.81,Very Low,0.67,Low,0.59,Low,1.0,Low,1.0,Very High,0.69,Very High,0.44,Low,0.77,Very High,0.36,Medium,0.59,Very High,1.0,"SRDI Soil Fertility Atlas of Bangladesh 2020 (maps from Upazila Nirdeshika data), read by colour"
Sonaimuri,5055444B89790535635406,Slightly Acidic,0.7,Medium,0.39,High,0.33,High,0.37,Low,0.74,Low,0.81,Low,0.47,Low,0.66,Low,1.0,Medium,0.35,Low,0.84,Very High,0.99,"SRDI Soil Fertility Atlas of Bangladesh 2020 (maps from Upazila Nirdeshika data), read by colour"
Sonargaon,5055444B64704613710909,Strongly Acidic,0.7,Medium,0.75,Very Low,0.61,Low,0.89,Low,0.53,Optimum,0.39,Medium,0.56,Medium,0.44,Very High,0.41,Medium,0.3,Very High,0.78,Very High,0.7,"SRDI Soil Fertility Atlas of Bangladesh 2020 (maps from Upazila Nirdeshika data), read by colour"
Sonatola,5055444B64677126820268,Slightly Acidic,0.58,Medium,0.69,Very High,0.65,Very High,0.78,Low,1.0,Low,1.0,Low,0.59,Low,0.77,Low,0.8,Very High,0.41,Optimum,0.48,Low,0.84,"SRDI Soil Fertility Atlas of Bangladesh 2020 (maps from Upazila Nirdeshika data), read by colour"
Sreebardi,5055444B4323491857941,Slightly Acidic,0.59,Medium,0.53,High,0.5,High,0.52,Low,0.55,Low,0.54,Low,0.79,Low,0.72,Low,0.81,Low,0.56,Low,0.34,High,0.44,"SRDI Soil Fertility Atlas of Bangladesh 2020 (maps from Upazila Nirdeshika data), read by colour"
Sreemangal,5055444B61286165049189,Strongly Acidic,0.54,Medium,0.95,Low,0.33,Medium,0.23,Low,0.81,Medium,0.74,Very Low,0.24,Very Low,0.33,Optimum,0.22,Low,0.29,Low,0.63,Low,0.37,"SRDI Soil Fertility Atlas of Bangladesh 2020 (maps from Upazila Nirdeshika data), read by colour"
Sreenagar,5055444B3417610497527,Slightly Acidic,0.54,Medium,0.63,High,0.29,High,0.29,Medium,0.39,Very High,0.35,High,0.64,Optimum,0.68,Very Low,0.87,Very High,0.28,Very High,0.89,Very High,0.99,"SRDI Soil Fertility Atlas of Bangladesh 2020 (maps from Upazila Nirdeshika data), read by colour"
Sreepur,5055444B53188311171075,Strongly Acidic,0.94,Medium,0.68,Low,0.39,Low,0.39,Low,0.41,Low,0.35,Low,0.53,Low,0.68,Low,0.84,Optimum,0.27,Low,0.52,Low,0.57,"SRDI Soil Fertility Atlas of Bangladesh 2020 (maps from Upazila Nirdeshika data), read by colour"
Sreepur,5055444B72092725021808,Slightly Alkaline,0.93,Medium,0.65,Low,0.92,Low,0.93,Medium,0.62,Optimum,0.41,Medium,0.56,Medium,0.62,Low,0.92,Low,0.38,Very High,1.0,Very High,0.79,"SRDI Soil Fertility Atlas of Bangladesh 2020 (maps from Upazila Nirdeshika data), read by colour"
Subarnachar,5055444B25255559930535,Neutral,0.81,Low,0.73,Low,0.5,Low,0.5,Low,0.53,Medium,0.51,Very High,0.75,High,0.84,Low,0.51,Very High,0.82,Very High,0.59,Very High,1.0,"SRDI Soil Fertility Atlas of Bangladesh 2020 (maps from Upazila Nirdeshika data), read by colour"
Sujanagar,5055444B66896198128187,Slightly Alkaline,0.65,Medium,0.43,Low,0.63,Medium,0.57,High,0.32,Very High,0.53,Very High,0.3,Very High,0.2,Medium,0.45,Medium,0.5,Very High,0.98,Very High,0.86,"SRDI Soil Fertility Atlas of Bangladesh 2020 (maps from Upazila Nirdeshika data), read by colour"
Sulla,5055444B90768873722388,Strongly Acidic,0.74,Medium,0.75,Low,0.84,Low,0.84,Low,0.92,Low,0.52,Optimum,0.61,Medium,0.51,Low,0.98,Very High,0.31,Optimum,0.43,Very High,0.64,"SRDI Soil Fertility Atlas of Bangladesh 2020 (maps from Upazila Nirdeshika data), read by colour"
Sunamganj Sadar,5055444B97560692768354,Strongly Acidic,0.95,Medium,0.91,Low,0.61,Low,0.61,Low,0.99,Low,0.87,High,0.49,Optimum,0.63,Low,0.98,Low,0.45,Very High,0.32,Very High,0.32,"SRDI Soil Fertility Atlas of Bangladesh 2020 (maps from Upazila Nirdeshika data), read by colour"
Sundarganj,5055444B52225315755922,Strongly Acidic,0.76,Low,0.71,Medium,0.44,Medium,0.43,Low,0.95,Low,0.7,Low,0.65,Low,0.79,Very Low,0.57,Low,0.61,Low,0.36,Medium,0.61,"SRDI Soil Fertility Atlas of Bangladesh 2020 (maps from Upazila Nirdeshika data), read by colour"
Sutrapur,5055444B49503871645568,Slightly Acidic,1.0,Medium,1.0,Low,1.0,Low,1.0,Low,0.75,Medium,0.75,Optimum,0.5,Optimum,1.0,Low,1.0,Optimum,1.0,Very High,1.0,Very High,1.0,"SRDI Soil Fertility Atlas of Bangladesh 2020 (maps from Upazila Nirdeshika data), read by colour"
Sylhet Sadar,5055444B38529052727167,Strongly Acidic,0.94,Medium,0.75,Very Low,0.63,Low,0.58,Medium,0.54,Medium,0.57,Medium,0.34,Medium,0.4,Medium,0.34,Low,0.53,Low,0.55,Low,0.27,"SRDI Soil Fertility Atlas of Bangladesh 2020 (maps from Upazila Nirdeshika data), read by colour"
Tahirpur,5055444B95452950620517,Strongly Acidic,0.74,Optimum,0.41,High,0.5,High,0.49,Low,0.98,Low,0.92,High,0.58,Optimum,0.39,Low,1.0,Very High,0.24,Medium,0.25,High,0.44,"SRDI Soil Fertility Atlas of Bangladesh 2020 (maps from Upazila Nirdeshika data), read by colour"
Tala,5055444B51023191617559,Slightly Alkaline,0.98,Low,0.64,Medium,0.48,Optimum,0.37,Very High,0.61,Very High,0.71,Optimum,0.34,Optimum,0.38,Low,0.56,Very High,0.63,Very High,1.0,Very High,1.0,"SRDI Soil Fertility Atlas of Bangladesh 2020 (maps from Upazila Nirdeshika data), read by colour"
Tangail Sadar,5055444B87492899662704,Neutral,0.51,Medium,0.62,Medium,0.61,Medium,0.61,Low,0.53,Medium,0.51,Optimum,0.49,Optimum,0.56,Low,0.98,Medium,0.39,Very High,0.34,Low,0.44,"SRDI Soil Fertility Atlas of Bangladesh 2020 (maps from Upazila Nirdeshika data), read by colour"
Tanore,5055444B20385993089689,Strongly Acidic,0.5,Low,0.87,Low,0.73,Low,0.73,Low,0.72,Low,0.46,Low,0.69,Low,0.67,Low,0.58,Medium,0.29,High,0.33,Very High,0.29,"SRDI Soil Fertility Atlas of Bangladesh 2020 (maps from Upazila Nirdeshika data), read by colour"
Taraganj,5055444B41041723149943,Strongly Acidic,0.89,Low,0.92,Very High,0.58,Very High,0.76,Low,0.96,Low,0.9,Low,0.8,Low,0.73,Low,0.57,Low,0.92,Very Low,1.0,Very Low,0.85,"SRDI Soil Fertility Atlas of Bangladesh 2020 (maps from Upazila Nirdeshika data), read by colour"
Tarail,5055444B72148073143785,Slightly Acidic,0.76,Medium,0.9,Low,0.61,Low,0.61,Low,1.0,Low,0.99,Optimum,0.47,Optimum,0.5,Low,0.95,Optimum,0.6,High,0.45,Very High,0.86,"SRDI Soil Fertility Atlas of Bangladesh 2020 (maps from Upazila Nirdeshika data), read by colour"
Tarash,5055444B40057720303666,Slightly Acidic,0.82,Medium,0.78,Low,0.42,Medium,0.28,Low,0.89,Low,0.77,Low,0.63,Low,0.74,Medium,0.38,Low,0.38,Very High,0.36,Optimum,0.3,"SRDI Soil Fertility Atlas of Bangladesh 2020 (maps from Upazila Nirdeshika data), read by colour"
Tazumuddin,5055444B2612720248468,Slightly Acidic,0.55,Low,0.98,Low,0.87,Low,0.87,Medium,0.64,Medium,0.97,High,0.61,High,0.64,Very Low,1.0,Medium,0.51,Optimum,0.62,Very High,0.92,"SRDI Soil Fertility Atlas of Bangladesh 2020 (maps from Upazila Nirdeshika data), read by colour"
Tejgaon,5055444B91995345267504,Slightly Acidic,1.0,Medium,1.0,Medium,0.5,Medium,0.5,Medium,1.0,Medium,1.0,Optimum,1.0,Optimum,0.75,Low,1.0,,,Very High,1.0,Very High,1.0,"SRDI Soil Fertility Atlas of Bangladesh 2020 (maps from Upazila Nirdeshika data), read by colour"
Tejgaon Ind. Area,5055444B57500985162038,Strongly Acidic,0.6,Medium,1.0,Low,0.5,Low,0.5,Medium,1.0,Medium,1.0,High,0.6,Optimum,1.0,Low,1.0,Very High,1.0,Very High,0.8,Very High,1.0,"SRDI Soil Fertility Atlas of Bangladesh 2020 (maps from Upazila Nirdeshika data), read by colour"
Teknaf,5055444B37552741338938,Strongly Acidic,0.8,Medium,0.96,Low,0.74,Low,0.74,Medium,1.0,Medium,0.5,Medium,0.36,Low,0.52,Very Low,0.55,Optimum,0.48,Medium,1.0,Very High,0.59,"SRDI Soil Fertility Atlas of Bangladesh 2020 (maps from Upazila Nirdeshika data), read by colour"
Tentulia,5055444B24539740757234,Strongly Acidic,0.88,Medium,0.9,High,0.54,High,0.66,Low,1.0,Low,0.98,Low,0.98,Low,0.81,Very Low,1.0,Optimum,0.39,Very Low,0.93,Very Low,0.94,"SRDI Soil Fertility Atlas of Bangladesh 2020 (maps from Upazila Nirdeshika data), read by colour"
Terokhada,5055444B83461070324075,Slightly Acidic,0.41,High,0.41,Low,0.5,Low,0.61,Very High,0.66,Very High,0.78,Very High,0.76,Very High,0.69,Low,0.25,Very High,0.97,Very High,1.0,Very High,1.0,"SRDI Soil Fertility Atlas of Bangladesh 2020 (maps from Upazila Nirdeshika data), read by colour"
Thakurgaon Sadar,5055444B92466625108630,Strongly Acidic,0.99,Medium,0.93,Very High,0.85,Very High,0.94,Low,0.68,Low,0.53,Low,0.64,Low,0.76,Medium,0.43,Low,0.4,Low,0.7,Very Low,0.52,"SRDI Soil Fertility Atlas of Bangladesh 2020 (maps from Upazila Nirdeshika data), read by colour"
Thanchi,5055444B32847645930703,Strongly Acidic,0.93,Medium,0.69,Low,0.67,Low,0.67,Medium,0.5,Optimum,0.83,Low,0.97,Low,0.79,Very Low,0.85,Very High,0.33,Optimum,0.73,Very High,0.96,"SRDI Soil Fertility Atlas of Bangladesh 2020 (maps from Upazila Nirdeshika data), read by colour"
Titas,5055444B67482191059434,Slightly Acidic,0.79,Medium,0.46,High,0.56,High,0.61,Low,0.98,Low,0.88,Medium,0.34,Medium,0.39,Low,0.76,Medium,0.28,High,0.44,Very High,0.39,"SRDI Soil Fertility Atlas of Bangladesh 2020 (maps from Upazila Nirdeshika data), read by colour"
Tongibari,5055444B54809057308219,Strongly Acidic,0.83,Medium,0.95,Very High,0.96,Very High,0.97,Low,0.9,Low,0.89,Very High,0.97,Very High,0.91,Very High,0.53,Low,0.51,High,0.42,Very High,1.0,"SRDI Soil Fertility Atlas of Bangladesh 2020 (maps from Upazila Nirdeshika data), read by colour"
Trishal,5055444B56674431526223,Strongly Acidic,0.78,Medium,0.84,Very Low,0.91,Very Low,0.76,Low,0.89,Low,0.62,Medium,0.38,Medium,0.49,Optimum,0.39,Low,0.43,Medium,0.38,Very High,0.49,"SRDI Soil Fertility Atlas of Bangladesh 2020 (maps from Upazila Nirdeshika data), read by colour"
Tungi Para,5055444B95964430529833,Slightly Acidic,0.5,High,0.79,Low,0.71,Low,0.85,Optimum,0.44,Optimum,0.54,Very High,0.83,Very High,0.76,Low,0.24,Very High,0.94,Very High,1.0,Very High,1.0,"SRDI Soil Fertility Atlas of Bangladesh 2020 (maps from Upazila Nirdeshika data), read by colour"
Turag,5055444B30733148378014,Strongly Acidic,1.0,Medium,0.91,High,0.62,High,0.59,Medium,0.67,Medium,0.67,Optimum,0.69,Medium,0.68,Low,1.0,Very High,1.0,Very High,0.66,High,0.57,"SRDI Soil Fertility Atlas of Bangladesh 2020 (maps from Upazila Nirdeshika data), read by colour"
Ukhia,5055444B67012705011880,Slightly Acidic,0.7,Low,0.67,Low,0.49,Low,0.5,Low,0.56,Low,0.56,Low,0.72,Low,0.58,Very Low,0.56,Low,0.25,Low,0.56,Low,0.45,"SRDI Soil Fertility Atlas of Bangladesh 2020 (maps from Upazila Nirdeshika data), read by colour"
Ulipur,5055444B25253769673904,Slightly Acidic,0.57,Low,0.65,Medium,0.49,Medium,0.57,Low,0.99,Low,0.54,Low,0.84,Low,0.69,Very Low,0.72,Low,0.83,High,0.47,Medium,0.56,"SRDI Soil Fertility Atlas of Bangladesh 2020 (maps from Upazila Nirdeshika data), read by colour"
Ullah Para,5055444B69566265360354,Slightly Acidic,0.96,Medium,0.92,Low,0.59,Low,0.38,Low,0.97,Low,0.99,Low,0.69,Low,0.59,Medium,0.52,Low,0.25,High,0.34,Very High,0.81,"SRDI Soil Fertility Atlas of Bangladesh 2020 (maps from Upazila Nirdeshika data), read by colour"
Uttar Khan,5055444B65870568835453,Strongly Acidic,0.95,Medium,0.93,Optimum,0.62,Optimum,0.59,Low,0.86,Low,0.5,Medium,0.94,Medium,0.71,Low,1.0,Very High,0.76,Very High,1.0,Very High,1.0,"SRDI Soil Fertility Atlas of Bangladesh 2020 (maps from Upazila Nirdeshika data), read by colour"
Uttara,5055444B45163668529800,Strongly Acidic,1.0,Medium,1.0,Medium,0.71,Medium,0.71,Medium,0.38,Optimum,0.67,Medium,1.0,Medium,1.0,Low,1.0,Very High,1.0,Very High,0.44,Very High,1.0,"SRDI Soil Fertility Atlas of Bangladesh 2020 (maps from Upazila Nirdeshika data), read by colour"
Wazirpur,5055444B71045315974475,Slightly Acidic,0.68,Medium,0.63,Low,0.51,Low,0.44,Medium,0.45,Optimum,0.39,Very High,0.66,Very High,0.53,Optimum,0.23,Very High,0.42,Very High,1.0,Very High,1.0,"SRDI Soil Fertility Atlas of Bangladesh 2020 (maps from Upazila Nirdeshika data), read by colour"
Zakiganj,5055444B92630668918235,Very Strongly Acidic,0.91,Medium,0.97,Low,0.79,Low,0.92,Low,0.55,Medium,0.85,Optimum,0.51,Medium,0.58,Low,0.3,Medium,0.96,Low,0.52,High,0.41,"SRDI Soil Fertility Atlas of Bangladesh 2020 (maps from Upazila Nirdeshika data), read by colour"
Zanjira,5055444B37868983096118,Slightly Alkaline,0.98,Medium,0.75,Medium,0.54,Medium,0.56,Low,0.87,Low,0.81,Optimum,0.39,Optimum,0.4,Very Low,0.87,Low,0.36,Very High,0.95,Very High,0.98,"SRDI Soil Fertility Atlas of Bangladesh 2020 (maps from Upazila Nirdeshika data), read by colour"
Zianagar,5055444B71206516737064,Neutral,0.62,Medium,0.8,Low,0.76,Low,0.74,Medium,0.48,Optimum,0.57,Very High,1.0,Very High,0.52,Very Low,0.78,Very High,0.55,Very High,1.0,Very High,1.0,"SRDI Soil Fertility Atlas of Bangladesh 2020 (maps from Upazila Nirdeshika data), read by colour"
