date,admin1,admin2,market,market_id,latitude,longitude,category,commodity,commodity_id,unit,priceflag,pricetype,price
2008-01-15,Dhaka,Dhaka,Dhaka,2574,23.81,90.41,cereals and tubers,"Rice (coarse, BR-8/ 11/, Guti Sharna)",588,KG,actual,Retail,29.0
2008-02-15,Dhaka,Dhaka,Dhaka,2574,23.81,90.41,cereals and tubers,"Rice (coarse, BR-8/ 11/, Guti Sharna)",588,KG,actual,Retail,30.31
2008-03-15,Dhaka,Dhaka,Dhaka,2574,23.81,90.41,cereals and tubers,"Rice (coarse, BR-8/ 11/, Guti Sharna)",588,KG,actual,Retail,30.88
2008-07-15,Dhaka,Dhaka,Dhaka,2574,23.81,90.41,cereals and tubers,"Rice (coarse, BR-8/ 11/, Guti Sharna)",588,KG,actual,Retail,34.14
2008-08-15,Dhaka,Dhaka,Dhaka,2574,23.81,90.41,cereals and tubers,"Rice (coarse, BR-8/ 11/, Guti Sharna)",588,KG,actual,Retail,33.44
2008-09-15,Dhaka,Dhaka,Dhaka,2574,23.81,90.41,cereals and tubers,"Rice (coarse, BR-8/ 11/, Guti Sharna)",588,KG,actual,Retail,32.32
2008-10-15,Dhaka,Dhaka,Dhaka,2574,23.81,90.41,cereals and tubers,"Rice (coarse, BR-8/ 11/, Guti Sharna)",588,KG,actual,Retail,32.19
2008-11-15,Dhaka,Dhaka,Dhaka,2574,23.81,90.41,cereals and tubers,"Rice (coarse, BR-8/ 11/, Guti Sharna)",588,KG,actual,Retail,28.95
2008-12-15,Dhaka,Dhaka,Dhaka,2574,23.81,90.41,cereals and tubers,"Rice (coarse, BR-8/ 11/, Guti Sharna)",588,KG,actual,Retail,27.8
2009-01-15,Dhaka,Dhaka,Dhaka,2574,23.81,90.41,cereals and tubers,"Rice (coarse, BR-8/ 11/, Guti Sharna)",588,KG,actual,Retail,26.26
2009-02-15,Dhaka,Dhaka,Dhaka,2574,23.81,90.41,cereals and tubers,"Rice (coarse, BR-8/ 11/, Guti Sharna)",588,KG,actual,Retail,24.63
2009-03-15,Dhaka,Dhaka,Dhaka,2574,23.81,90.41,cereals and tubers,"Rice (coarse, BR-8/ 11/, Guti Sharna)",588,KG,actual,Retail,22.36
2009-04-15,Dhaka,Dhaka,Dhaka,2574,23.81,90.41,cereals and tubers,"Rice (coarse, BR-8/ 11/, Guti Sharna)",588,KG,actual,Retail,20.42
2009-05-15,Dhaka,Dhaka,Dhaka,2574,23.81,90.41,cereals and tubers,"Rice (coarse, BR-8/ 11/, Guti Sharna)",588,KG,actual,Retail,22.1
2009-06-15,Dhaka,Dhaka,Dhaka,2574,23.81,90.41,cereals and tubers,"Rice (coarse, BR-8/ 11/, Guti Sharna)",588,KG,actual,Retail,21.42
2009-07-15,Dhaka,Dhaka,Dhaka,2574,23.81,90.41,cereals and tubers,"Rice (coarse, BR-8/ 11/, Guti Sharna)",588,KG,actual,Retail,21.0
2009-08-15,Dhaka,Dhaka,Dhaka,2574,23.81,90.41,cereals and tubers,"Rice (coarse, BR-8/ 11/, Guti Sharna)",588,KG,actual,Retail,21.0
2009-09-15,Dhaka,Dhaka,Dhaka,2574,23.81,90.41,cereals and tubers,"Rice (coarse, BR-8/ 11/, Guti Sharna)",588,KG,actual,Retail,21.67
2009-10-15,Dhaka,Dhaka,Dhaka,2574,23.81,90.41,cereals and tubers,"Rice (coarse, BR-8/ 11/, Guti Sharna)",588,KG,actual,Retail,22.65
2009-11-15,Dhaka,Dhaka,Dhaka,2574,23.81,90.41,cereals and tubers,"Rice (coarse, BR-8/ 11/, Guti Sharna)",588,KG,actual,Retail,22.5
2009-12-15,Dhaka,Dhaka,Dhaka,2574,23.81,90.41,cereals and tubers,"Rice (coarse, BR-8/ 11/, Guti Sharna)",588,KG,actual,Retail,24.62
2010-01-15,Dhaka,Dhaka,Dhaka,2574,23.81,90.41,cereals and tubers,"Rice (coarse, BR-8/ 11/, Guti Sharna)",588,KG,actual,Retail,27.0
2010-02-15,Dhaka,Dhaka,Dhaka,2574,23.81,90.41,cereals and tubers,"Rice (coarse, BR-8/ 11/, Guti Sharna)",588,KG,actual,Retail,27.3
2010-03-15,Dhaka,Dhaka,Dhaka,2574,23.81,90.41,cereals and tubers,"Rice (coarse, BR-8/ 11/, Guti Sharna)",588,KG,actual,Retail,27.17
2010-04-15,Dhaka,Dhaka,Dhaka,2574,23.81,90.41,cereals and tubers,"Rice (coarse, BR-8/ 11/, Guti Sharna)",588,KG,actual,Retail,26.42
2010-05-15,Dhaka,Dhaka,Dhaka,2574,23.81,90.41,cereals and tubers,"Rice (coarse, BR-8/ 11/, Guti Sharna)",588,KG,actual,Retail,26.58
2010-06-15,Dhaka,Dhaka,Dhaka,2574,23.81,90.41,cereals and tubers,"Rice (coarse, BR-8/ 11/, Guti Sharna)",588,KG,actual,Retail,29.19
2010-07-15,Dhaka,Dhaka,Dhaka,2574,23.81,90.41,cereals and tubers,"Rice (coarse, BR-8/ 11/, Guti Sharna)",588,KG,actual,Retail,31.44
2010-08-15,Dhaka,Dhaka,Dhaka,2574,23.81,90.41,cereals and tubers,"Rice (coarse, BR-8/ 11/, Guti Sharna)",588,KG,actual,Retail,31.57
2010-09-15,Dhaka,Dhaka,Dhaka,2574,23.81,90.41,cereals and tubers,"Rice (coarse, BR-8/ 11/, Guti Sharna)",588,KG,actual,Retail,32.83
2010-10-15,Dhaka,Dhaka,Dhaka,2574,23.81,90.41,cereals and tubers,"Rice (coarse, BR-8/ 11/, Guti Sharna)",588,KG,actual,Retail,33.08
2010-11-15,Dhaka,Dhaka,Dhaka,2574,23.81,90.41,cereals and tubers,"Rice (coarse, BR-8/ 11/, Guti Sharna)",588,KG,actual,Retail,32.58
2010-12-15,Dhaka,Dhaka,Dhaka,2574,23.81,90.41,cereals and tubers,"Rice (coarse, BR-8/ 11/, Guti Sharna)",588,KG,actual,Retail,34.71
2011-01-15,Dhaka,Dhaka,Dhaka,2574,23.81,90.41,cereals and tubers,"Rice (coarse, BR-8/ 11/, Guti Sharna)",588,KG,actual,Retail,35.34
2011-02-15,Dhaka,Dhaka,Dhaka,2574,23.81,90.41,cereals and tubers,"Rice (coarse, BR-8/ 11/, Guti Sharna)",588,KG,actual,Retail,35.29
2011-03-15,Dhaka,Dhaka,Dhaka,2574,23.81,90.41,cereals and tubers,"Rice (coarse, BR-8/ 11/, Guti Sharna)",588,KG,actual,Retail,34.21
2011-04-15,Dhaka,Dhaka,Dhaka,2574,23.81,90.41,cereals and tubers,"Rice (coarse, BR-8/ 11/, Guti Sharna)",588,KG,actual,Retail,33.81
2011-05-15,Dhaka,Dhaka,Dhaka,2574,23.81,90.41,cereals and tubers,"Rice (coarse, BR-8/ 11/, Guti Sharna)",588,KG,actual,Retail,31.76
2011-06-15,Dhaka,Dhaka,Dhaka,2574,23.81,90.41,cereals and tubers,"Rice (coarse, BR-8/ 11/, Guti Sharna)",588,KG,actual,Retail,31.9
2011-07-15,Dhaka,Dhaka,Dhaka,2574,23.81,90.41,cereals and tubers,"Rice (coarse, BR-8/ 11/, Guti Sharna)",588,KG,actual,Retail,32.8
2011-08-15,Dhaka,Dhaka,Dhaka,2574,23.81,90.41,cereals and tubers,"Rice (coarse, BR-8/ 11/, Guti Sharna)",588,KG,actual,Retail,33.0
2011-09-15,Dhaka,Dhaka,Dhaka,2574,23.81,90.41,cereals and tubers,"Rice (coarse, BR-8/ 11/, Guti Sharna)",588,KG,actual,Retail,33.0
2011-10-15,Dhaka,Dhaka,Dhaka,2574,23.81,90.41,cereals and tubers,"Rice (coarse, BR-8/ 11/, Guti Sharna)",588,KG,actual,Retail,32.0
2011-11-15,Dhaka,Dhaka,Dhaka,2574,23.81,90.41,cereals and tubers,"Rice (coarse, BR-8/ 11/, Guti Sharna)",588,KG,actual,Retail,30.53
2011-12-15,Dhaka,Dhaka,Dhaka,2574,23.81,90.41,cereals and tubers,"Rice (coarse, BR-8/ 11/, Guti Sharna)",588,KG,actual,Retail,29.0
2012-01-15,Dhaka,Dhaka,Dhaka,2574,23.81,90.41,cereals and tubers,"Rice (coarse, BR-8/ 11/, Guti Sharna)",588,KG,actual,Retail,29.0
2012-02-15,Dhaka,Dhaka,Dhaka,2574,23.81,90.41,cereals and tubers,"Rice (coarse, BR-8/ 11/, Guti Sharna)",588,KG,actual,Retail,28.95
2012-03-15,Dhaka,Dhaka,Dhaka,2574,23.81,90.41,cereals and tubers,"Rice (coarse, BR-8/ 11/, Guti Sharna)",588,KG,actual,Retail,28.63
2012-04-15,Dhaka,Dhaka,Dhaka,2574,23.81,90.41,cereals and tubers,"Rice (coarse, BR-8/ 11/, Guti Sharna)",588,KG,actual,Retail,28.5
2012-05-15,Dhaka,Dhaka,Dhaka,2574,23.81,90.41,cereals and tubers,"Rice (coarse, BR-8/ 11/, Guti Sharna)",588,KG,actual,Retail,28.23
2012-06-15,Dhaka,Dhaka,Dhaka,2574,23.81,90.41,cereals and tubers,"Rice (coarse, BR-8/ 11/, Guti Sharna)",588,KG,actual,Retail,28.5
2012-07-15,Dhaka,Dhaka,Dhaka,2574,23.81,90.41,cereals and tubers,"Rice (coarse, BR-8/ 11/, Guti Sharna)",588,KG,actual,Retail,28.65
2012-08-15,Dhaka,Dhaka,Dhaka,2574,23.81,90.41,cereals and tubers,"Rice (coarse, BR-8/ 11/, Guti Sharna)",588,KG,actual,Retail,28.97
2012-09-15,Dhaka,Dhaka,Dhaka,2574,23.81,90.41,cereals and tubers,"Rice (coarse, BR-8/ 11/, Guti Sharna)",588,KG,actual,Retail,28.65
2012-10-15,Dhaka,Dhaka,Dhaka,2574,23.81,90.41,cereals and tubers,"Rice (coarse, BR-8/ 11/, Guti Sharna)",588,KG,actual,Retail,28.48
2012-11-15,Dhaka,Dhaka,Dhaka,2574,23.81,90.41,cereals and tubers,"Rice (coarse, BR-8/ 11/, Guti Sharna)",588,KG,actual,Retail,28.72
2012-12-15,Dhaka,Dhaka,Dhaka,2574,23.81,90.41,cereals and tubers,"Rice (coarse, BR-8/ 11/, Guti Sharna)",588,KG,actual,Retail,29.0
2013-01-15,Dhaka,Dhaka,Dhaka,2574,23.81,90.41,cereals and tubers,"Rice (coarse, BR-8/ 11/, Guti Sharna)",588,KG,actual,Retail,29.46
2013-02-15,Dhaka,Dhaka,Dhaka,2574,23.81,90.41,cereals and tubers,"Rice (coarse, BR-8/ 11/, Guti Sharna)",588,KG,actual,Retail,30.76
2013-03-15,Dhaka,Dhaka,Dhaka,2574,23.81,90.41,cereals and tubers,"Rice (coarse, BR-8/ 11/, Guti Sharna)",588,KG,actual,Retail,31.29
2013-04-15,Dhaka,Dhaka,Dhaka,2574,23.81,90.41,cereals and tubers,"Rice (coarse, BR-8/ 11/, Guti Sharna)",588,KG,actual,Retail,31.19
2013-05-15,Dhaka,Dhaka,Dhaka,2574,23.81,90.41,cereals and tubers,"Rice (coarse, BR-8/ 11/, Guti Sharna)",588,KG,actual,Retail,31.0
2013-06-15,Dhaka,Dhaka,Dhaka,2574,23.81,90.41,cereals and tubers,"Rice (coarse, BR-8/ 11/, Guti Sharna)",588,KG,actual,Retail,31.66
2013-07-15,Dhaka,Dhaka,Dhaka,2574,23.81,90.41,cereals and tubers,"Rice (coarse, BR-8/ 11/, Guti Sharna)",588,KG,actual,Retail,32.95
2013-08-15,Dhaka,Dhaka,Dhaka,2574,23.81,90.41,cereals and tubers,"Rice (coarse, BR-8/ 11/, Guti Sharna)",588,KG,actual,Retail,33.88
2013-09-15,Dhaka,Dhaka,Dhaka,2574,23.81,90.41,cereals and tubers,"Rice (coarse, BR-8/ 11/, Guti Sharna)",588,KG,actual,Retail,33.75
2013-10-15,Dhaka,Dhaka,Dhaka,2574,23.81,90.41,cereals and tubers,"Rice (coarse, BR-8/ 11/, Guti Sharna)",588,KG,actual,Retail,32.87
2013-11-15,Dhaka,Dhaka,Dhaka,2574,23.81,90.41,cereals and tubers,"Rice (coarse, BR-8/ 11/, Guti Sharna)",588,KG,actual,Retail,34.16
2013-12-15,Dhaka,Dhaka,Dhaka,2574,23.81,90.41,cereals and tubers,"Rice (coarse, BR-8/ 11/, Guti Sharna)",588,KG,actual,Retail,34.43
2014-01-15,Dhaka,Dhaka,Dhaka,2574,23.81,90.41,cereals and tubers,"Rice (coarse, BR-8/ 11/, Guti Sharna)",588,KG,actual,Retail,34.5
2014-02-15,Dhaka,Dhaka,Dhaka,2574,23.81,90.41,cereals and tubers,"Rice (coarse, BR-8/ 11/, Guti Sharna)",588,KG,actual,Retail,34.5
2014-03-15,Dhaka,Dhaka,Dhaka,2574,23.81,90.41,cereals and tubers,"Rice (coarse, BR-8/ 11/, Guti Sharna)",588,KG,actual,Retail,34.11
2014-04-15,Dhaka,Dhaka,Dhaka,2574,23.81,90.41,cereals and tubers,"Rice (coarse, BR-8/ 11/, Guti Sharna)",588,KG,actual,Retail,34.0
2014-05-15,Dhaka,Dhaka,Dhaka,2574,23.81,90.41,cereals and tubers,"Rice (coarse, BR-8/ 11/, Guti Sharna)",588,KG,actual,Retail,33.47
2014-06-15,Dhaka,Dhaka,Dhaka,2574,23.81,90.41,cereals and tubers,"Rice (coarse, BR-8/ 11/, Guti Sharna)",588,KG,actual,Retail,33.11
2014-07-15,Dhaka,Dhaka,Dhaka,2574,23.81,90.41,cereals and tubers,"Rice (coarse, BR-8/ 11/, Guti Sharna)",588,KG,actual,Retail,33.74
2014-08-15,Dhaka,Dhaka,Dhaka,2574,23.81,90.41,cereals and tubers,"Rice (coarse, BR-8/ 11/, Guti Sharna)",588,KG,actual,Retail,34.0
2014-09-15,Dhaka,Dhaka,Dhaka,2574,23.81,90.41,cereals and tubers,"Rice (coarse, BR-8/ 11/, Guti Sharna)",588,KG,actual,Retail,34.11
2014-10-15,Dhaka,Dhaka,Dhaka,2574,23.81,90.41,cereals and tubers,"Rice (coarse, BR-8/ 11/, Guti Sharna)",588,KG,actual,Retail,34.5
2014-11-15,Dhaka,Dhaka,Dhaka,2574,23.81,90.41,cereals and tubers,"Rice (coarse, BR-8/ 11/, Guti Sharna)",588,KG,actual,Retail,34.5
2014-12-15,Dhaka,Dhaka,Dhaka,2574,23.81,90.41,cereals and tubers,"Rice (coarse, BR-8/ 11/, Guti Sharna)",588,KG,actual,Retail,33.74
2015-01-15,Dhaka,Dhaka,Dhaka,2574,23.81,90.41,cereals and tubers,"Rice (coarse, BR-8/ 11/, Guti Sharna)",588,KG,actual,Retail,33.53
2015-02-15,Dhaka,Dhaka,Dhaka,2574,23.81,90.41,cereals and tubers,"Rice (coarse, BR-8/ 11/, Guti Sharna)",588,KG,actual,Retail,33.85
2015-03-15,Dhaka,Dhaka,Dhaka,2574,23.81,90.41,cereals and tubers,"Rice (coarse, BR-8/ 11/, Guti Sharna)",588,KG,actual,Retail,33.18
2015-04-15,Dhaka,Dhaka,Dhaka,2574,23.81,90.41,cereals and tubers,"Rice (coarse, BR-8/ 11/, Guti Sharna)",588,KG,actual,Retail,32.28
2015-05-15,Dhaka,Dhaka,Dhaka,2574,23.81,90.41,cereals and tubers,"Rice (coarse, BR-8/ 11/, Guti Sharna)",588,KG,actual,Retail,31.28
2015-06-15,Dhaka,Dhaka,Dhaka,2574,23.81,90.41,cereals and tubers,"Rice (coarse, BR-8/ 11/, Guti Sharna)",588,KG,actual,Retail,30.93
2015-07-15,Dhaka,Dhaka,Dhaka,2574,23.81,90.41,cereals and tubers,"Rice (coarse, BR-8/ 11/, Guti Sharna)",588,KG,actual,Retail,30.89
2015-08-15,Dhaka,Dhaka,Dhaka,2574,23.81,90.41,cereals and tubers,"Rice (coarse, BR-8/ 11/, Guti Sharna)",588,KG,actual,Retail,30.86
2015-09-15,Dhaka,Dhaka,Dhaka,2574,23.81,90.41,cereals and tubers,"Rice (coarse, BR-8/ 11/, Guti Sharna)",588,KG,actual,Retail,31.0
2015-10-15,Dhaka,Dhaka,Dhaka,2574,23.81,90.41,cereals and tubers,"Rice (coarse, BR-8/ 11/, Guti Sharna)",588,KG,actual,Retail,31.33
2015-11-15,Dhaka,Dhaka,Dhaka,2574,23.81,90.41,cereals and tubers,"Rice (coarse, BR-8/ 11/, Guti Sharna)",588,KG,actual,Retail,30.41
2015-12-15,Dhaka,Dhaka,Dhaka,2574,23.81,90.41,cereals and tubers,"Rice (coarse, BR-8/ 11/, Guti Sharna)",588,KG,actual,Retail,29.39
2016-01-15,Dhaka,Dhaka,Dhaka,2574,23.81,90.41,cereals and tubers,"Rice (coarse, BR-8/ 11/, Guti Sharna)",588,KG,actual,Retail,30.0
2016-02-15,Dhaka,Dhaka,Dhaka,2574,23.81,90.41,cereals and tubers,"Rice (coarse, BR-8/ 11/, Guti Sharna)",588,KG,actual,Retail,29.36
2016-03-15,Dhaka,Dhaka,Dhaka,2574,23.81,90.41,cereals and tubers,"Rice (coarse, BR-8/ 11/, Guti Sharna)",588,KG,actual,Retail,27.81
2016-04-15,Dhaka,Dhaka,Dhaka,2574,23.81,90.41,cereals and tubers,"Rice (coarse, BR-8/ 11/, Guti Sharna)",588,KG,actual,Retail,26.53
2016-05-15,Dhaka,Dhaka,Dhaka,2574,23.81,90.41,cereals and tubers,"Rice (coarse, BR-8/ 11/, Guti Sharna)",588,KG,actual,Retail,26.5
2016-06-15,Dhaka,Dhaka,Dhaka,2574,23.81,90.41,cereals and tubers,"Rice (coarse, BR-8/ 11/, Guti Sharna)",588,KG,actual,Retail,28.48
2016-07-15,Dhaka,Dhaka,Dhaka,2574,23.81,90.41,cereals and tubers,"Rice (coarse, BR-8/ 11/, Guti Sharna)",588,KG,actual,Retail,31.0
2016-08-15,Dhaka,Dhaka,Dhaka,2574,23.81,90.41,cereals and tubers,"Rice (coarse, BR-8/ 11/, Guti Sharna)",588,KG,actual,Retail,33.58
2016-09-15,Dhaka,Dhaka,Dhaka,2574,23.81,90.41,cereals and tubers,"Rice (coarse, BR-8/ 11/, Guti Sharna)",588,KG,actual,Retail,36.22
2016-10-15,Dhaka,Dhaka,Dhaka,2574,23.81,90.41,cereals and tubers,"Rice (coarse, BR-8/ 11/, Guti Sharna)",588,KG,actual,Retail,38.9
2016-11-15,Dhaka,Dhaka,Dhaka,2574,23.81,90.41,cereals and tubers,"Rice (coarse, BR-8/ 11/, Guti Sharna)",588,KG,actual,Retail,38.54
2016-12-15,Dhaka,Dhaka,Dhaka,2574,23.81,90.41,cereals and tubers,"Rice (coarse, BR-8/ 11/, Guti Sharna)",588,KG,actual,Retail,36.38
2017-01-15,Dhaka,Dhaka,Dhaka,2574,23.81,90.41,cereals and tubers,"Rice (coarse, BR-8/ 11/, Guti Sharna)",588,KG,actual,Retail,35.84
2017-02-15,Dhaka,Dhaka,Dhaka,2574,23.81,90.41,cereals and tubers,"Rice (coarse, BR-8/ 11/, Guti Sharna)",588,KG,actual,Retail,37.0
2017-03-15,Dhaka,Dhaka,Dhaka,2574,23.81,90.41,cereals and tubers,"Rice (coarse, BR-8/ 11/, Guti Sharna)",588,KG,actual,Retail,37.5
2017-04-15,Dhaka,Dhaka,Dhaka,2574,23.81,90.41,cereals and tubers,"Rice (coarse, BR-8/ 11/, Guti Sharna)",588,KG,actual,Retail,40.6
2017-05-15,Dhaka,Dhaka,Dhaka,2574,23.81,90.41,cereals and tubers,"Rice (coarse, BR-8/ 11/, Guti Sharna)",588,KG,actual,Retail,45.3
2017-06-15,Dhaka,Dhaka,Dhaka,2574,23.81,90.41,cereals and tubers,"Rice (coarse, BR-8/ 11/, Guti Sharna)",588,KG,actual,Retail,47.19
2017-07-15,Dhaka,Dhaka,Dhaka,2574,23.81,90.41,cereals and tubers,"Rice (coarse, BR-8/ 11/, Guti Sharna)",588,KG,actual,Retail,44.32
2017-08-15,Dhaka,Dhaka,Dhaka,2574,23.81,90.41,cereals and tubers,"Rice (coarse, BR-8/ 11/, Guti Sharna)",588,KG,actual,Retail,42.45
2017-09-15,Dhaka,Dhaka,Dhaka,2574,23.81,90.41,cereals and tubers,"Rice (coarse, BR-8/ 11/, Guti Sharna)",588,KG,actual,Retail,47.78
2017-10-15,Dhaka,Dhaka,Dhaka,2574,23.81,90.41,cereals and tubers,"Rice (coarse, BR-8/ 11/, Guti Sharna)",588,KG,actual,Retail,44.33
2017-11-15,Dhaka,Dhaka,Dhaka,2574,23.81,90.41,cereals and tubers,"Rice (coarse, BR-8/ 11/, Guti Sharna)",588,KG,actual,Retail,42.5
2017-12-15,Dhaka,Dhaka,Dhaka,2574,23.81,90.41,cereals and tubers,"Rice (coarse, BR-8/ 11/, Guti Sharna)",588,KG,actual,Retail,43.25
2018-01-15,Dhaka,Dhaka,Dhaka,2574,23.81,90.41,cereals and tubers,"Rice (coarse, BR-8/ 11/, Guti Sharna)",588,KG,actual,Retail,44.0
2018-02-15,Dhaka,Dhaka,Dhaka,2574,23.81,90.41,cereals and tubers,"Rice (coarse, BR-8/ 11/, Guti Sharna)",588,KG,actual,Retail,43.7
2018-03-15,Dhaka,Dhaka,Dhaka,2574,23.81,90.41,cereals and tubers,"Rice (coarse, BR-8/ 11/, Guti Sharna)",588,KG,actual,Retail,43.5
2018-04-15,Dhaka,Dhaka,Dhaka,2574,23.81,90.41,cereals and tubers,"Rice (coarse, BR-8/ 11/, Guti Sharna)",588,KG,actual,Retail,42.6
2018-05-15,Dhaka,Dhaka,Dhaka,2574,23.81,90.41,cereals and tubers,"Rice (coarse, BR-8/ 11/, Guti Sharna)",588,KG,actual,Retail,41.0
2018-06-15,Dhaka,Dhaka,Dhaka,2574,23.81,90.41,cereals and tubers,"Rice (coarse, BR-8/ 11/, Guti Sharna)",588,KG,actual,Retail,41.0
2018-07-15,Dhaka,Dhaka,Dhaka,2574,23.81,90.41,cereals and tubers,"Rice (coarse, BR-8/ 11/, Guti Sharna)",588,KG,actual,Retail,43.0
2018-08-15,Dhaka,Dhaka,Dhaka,2574,23.81,90.41,cereals and tubers,"Rice (coarse, BR-8/ 11/, Guti Sharna)",588,KG,actual,Retail,42.0
2018-09-15,Dhaka,Dhaka,Dhaka,2574,23.81,90.41,cereals and tubers,"Rice (coarse, BR-8/ 11/, Guti Sharna)",588,KG,actual,Retail,42.08
2018-10-15,Dhaka,Dhaka,Dhaka,2574,23.81,90.41,cereals and tubers,"Rice (coarse, BR-8/ 11/, Guti Sharna)",588,KG,actual,Retail,40.0
2018-11-15,Dhaka,Dhaka,Dhaka,2574,23.81,90.41,cereals and tubers,"Rice (coarse, BR-8/ 11/, Guti Sharna)",588,KG,actual,Retail,39.6
2018-12-15,Dhaka,Dhaka,Dhaka,2574,23.81,90.41,cereals and tubers,"Rice (coarse, BR-8/ 11/, Guti Sharna)",588,KG,actual,Retail,37.33
2019-01-15,Dhaka,Dhaka,Dhaka,2574,23.81,90.41,cereals and tubers,"Rice (coarse, BR-8/ 11/, Guti Sharna)",588,KG,actual,Retail,36.71
2019-02-15,Dhaka,Dhaka,Dhaka,2574,23.81,90.41,cereals and tubers,"Rice (coarse, BR-8/ 11/, Guti Sharna)",588,KG,actual,Retail,35.13
2019-03-15,Dhaka,Dhaka,Dhaka,2574,23.81,90.41,cereals and tubers,"Rice (coarse, BR-8/ 11/, Guti Sharna)",588,KG,actual,Retail,34.06
2019-04-15,Dhaka,Dhaka,Dhaka,2574,23.81,90.41,cereals and tubers,"Rice (coarse, BR-8/ 11/, Guti Sharna)",588,KG,actual,Retail,32.44
2019-05-15,Dhaka,Dhaka,Dhaka,2574,23.81,90.41,cereals and tubers,"Rice (coarse, BR-8/ 11/, Guti Sharna)",588,KG,actual,Retail,32.77
2019-06-15,Dhaka,Dhaka,Dhaka,2574,23.81,90.41,cereals and tubers,"Rice (coarse, BR-8/ 11/, Guti Sharna)",588,KG,actual,Retail,33.12
2019-07-15,Dhaka,Dhaka,Dhaka,2574,23.81,90.41,cereals and tubers,"Rice (coarse, BR-8/ 11/, Guti Sharna)",588,KG,actual,Retail,33.5
2019-08-15,Dhaka,Dhaka,Dhaka,2574,23.81,90.41,cereals and tubers,"Rice (coarse, BR-8/ 11/, Guti Sharna)",588,KG,actual,Retail,32.75
2019-09-15,Dhaka,Dhaka,Dhaka,2574,23.81,90.41,cereals and tubers,"Rice (coarse, BR-8/ 11/, Guti Sharna)",588,KG,actual,Retail,32.0
2019-10-15,Dhaka,Dhaka,Dhaka,2574,23.81,90.41,cereals and tubers,"Rice (coarse, BR-8/ 11/, Guti Sharna)",588,KG,actual,Retail,31.43
2019-11-15,Dhaka,Dhaka,Dhaka,2574,23.81,90.41,cereals and tubers,"Rice (coarse, BR-8/ 11/, Guti Sharna)",588,KG,actual,Retail,32.94
2019-12-15,Dhaka,Dhaka,Dhaka,2574,23.81,90.41,cereals and tubers,"Rice (coarse, BR-8/ 11/, Guti Sharna)",588,KG,actual,Retail,32.63
2020-01-15,Dhaka,Dhaka,Dhaka,2574,23.81,90.41,cereals and tubers,"Rice (coarse, BR-8/ 11/, Guti Sharna)",588,KG,actual,Retail,32.22
2020-02-15,Dhaka,Dhaka,Dhaka,2574,23.81,90.41,cereals and tubers,"Rice (coarse, BR-8/ 11/, Guti Sharna)",588,KG,actual,Retail,33.65
2020-03-15,Dhaka,Dhaka,Dhaka,2574,23.81,90.41,cereals and tubers,"Rice (coarse, BR-8/ 11/, Guti Sharna)",588,KG,actual,Retail,35.47
2020-04-15,Dhaka,Dhaka,Dhaka,2574,23.81,90.41,cereals and tubers,"Rice (coarse, BR-8/ 11/, Guti Sharna)",588,KG,actual,Retail,42.17
2020-05-15,Dhaka,Dhaka,Dhaka,2574,23.81,90.41,cereals and tubers,"Rice (coarse, BR-8/ 11/, Guti Sharna)",588,KG,actual,Retail,41.87
2020-06-15,Dhaka,Dhaka,Dhaka,2574,23.81,90.41,cereals and tubers,"Rice (coarse, BR-8/ 11/, Guti Sharna)",588,KG,actual,Retail,42.14
2020-07-15,Dhaka,Dhaka,Dhaka,2574,23.81,90.41,cereals and tubers,"Rice (coarse, BR-8/ 11/, Guti Sharna)",588,KG,actual,Retail,43.27
2020-08-15,Dhaka,Dhaka,Dhaka,2574,23.81,90.41,cereals and tubers,"Rice (coarse, BR-8/ 11/, Guti Sharna)",588,KG,actual,Retail,43.29
2020-09-15,Dhaka,Dhaka,Dhaka,2574,23.81,90.41,cereals and tubers,"Rice (coarse, BR-8/ 11/, Guti Sharna)",588,KG,actual,Retail,44.0
2020-10-15,Dhaka,Dhaka,Dhaka,2574,23.81,90.41,cereals and tubers,"Rice (coarse, BR-8/ 11/, Guti Sharna)",588,KG,actual,Retail,43.58
2020-11-15,Dhaka,Dhaka,Dhaka,2574,23.81,90.41,cereals and tubers,"Rice (coarse, BR-8/ 11/, Guti Sharna)",588,KG,actual,Retail,43.5
2020-12-15,Dhaka,Dhaka,Dhaka,2574,23.81,90.41,cereals and tubers,"Rice (coarse, BR-8/ 11/, Guti Sharna)",588,KG,actual,Retail,43.98
2021-01-15,Dhaka,Dhaka,Dhaka,2574,23.81,90.41,cereals and tubers,"Rice (coarse, BR-8/ 11/, Guti Sharna)",588,KG,actual,Retail,44.4
2021-02-15,Dhaka,Dhaka,Dhaka,2574,23.81,90.41,cereals and tubers,"Rice (coarse, BR-8/ 11/, Guti Sharna)",588,KG,actual,Retail,44.58
2021-03-15,Dhaka,Dhaka,Dhaka,2574,23.81,90.41,cereals and tubers,"Rice (coarse, BR-8/ 11/, Guti Sharna)",588,KG,actual,Retail,45.0
2021-04-15,Dhaka,Dhaka,Dhaka,2574,23.81,90.41,cereals and tubers,"Rice (coarse, BR-8/ 11/, Guti Sharna)",588,KG,actual,Retail,45.0
2021-05-15,Dhaka,Dhaka,Dhaka,2574,23.81,90.41,cereals and tubers,"Rice (coarse, BR-8/ 11/, Guti Sharna)",588,KG,actual,Retail,45.0
1998-07-15,Dhaka,Dhaka,Dhaka,2574,23.81,90.41,cereals and tubers,"Rice (coarse, BR-8/ 11/, Guti Sharna)",588,100 KG,actual,Wholesale,1261.4
1998-08-15,Dhaka,Dhaka,Dhaka,2574,23.81,90.41,cereals and tubers,"Rice (coarse, BR-8/ 11/, Guti Sharna)",588,100 KG,actual,Wholesale,1288.75
1998-09-15,Dhaka,Dhaka,Dhaka,2574,23.81,90.41,cereals and tubers,"Rice (coarse, BR-8/ 11/, Guti Sharna)",588,100 KG,actual,Wholesale,1415.5
1998-10-15,Dhaka,Dhaka,Dhaka,2574,23.81,90.41,cereals and tubers,"Rice (coarse, BR-8/ 11/, Guti Sharna)",588,100 KG,actual,Wholesale,1418.0
1998-11-15,Dhaka,Dhaka,Dhaka,2574,23.81,90.41,cereals and tubers,"Rice (coarse, BR-8/ 11/, Guti Sharna)",588,100 KG,actual,Wholesale,1431.75
1998-12-15,Dhaka,Dhaka,Dhaka,2574,23.81,90.41,cereals and tubers,"Rice (coarse, BR-8/ 11/, Guti Sharna)",588,100 KG,actual,Wholesale,1469.0
1999-01-15,Dhaka,Dhaka,Dhaka,2574,23.81,90.41,cereals and tubers,"Rice (coarse, BR-8/ 11/, Guti Sharna)",588,100 KG,actual,Wholesale,1448.2
1999-02-15,Dhaka,Dhaka,Dhaka,2574,23.81,90.41,cereals and tubers,"Rice (coarse, BR-8/ 11/, Guti Sharna)",588,100 KG,actual,Wholesale,1457.5
1999-03-15,Dhaka,Dhaka,Dhaka,2574,23.81,90.41,cereals and tubers,"Rice (coarse, BR-8/ 11/, Guti Sharna)",588,100 KG,actual,Wholesale,1452.5
1999-04-15,Dhaka,Dhaka,Dhaka,2574,23.81,90.41,cereals and tubers,"Rice (coarse, BR-8/ 11/, Guti Sharna)",588,100 KG,actual,Wholesale,1417.0
1999-05-15,Dhaka,Dhaka,Dhaka,2574,23.81,90.41,cereals and tubers,"Rice (coarse, BR-8/ 11/, Guti Sharna)",588,100 KG,actual,Wholesale,1204.25
1999-06-15,Dhaka,Dhaka,Dhaka,2574,23.81,90.41,cereals and tubers,"Rice (coarse, BR-8/ 11/, Guti Sharna)",588,100 KG,actual,Wholesale,1115.0
1999-07-15,Dhaka,Dhaka,Dhaka,2574,23.81,90.41,cereals and tubers,"Rice (coarse, BR-8/ 11/, Guti Sharna)",588,100 KG,actual,Wholesale,1152.0
1999-08-15,Dhaka,Dhaka,Dhaka,2574,23.81,90.41,cereals and tubers,"Rice (coarse, BR-8/ 11/, Guti Sharna)",588,100 KG,actual,Wholesale,1185.0
1999-09-15,Dhaka,Dhaka,Dhaka,2574,23.81,90.41,cereals and tubers,"Rice (coarse, BR-8/ 11/, Guti Sharna)",588,100 KG,actual,Wholesale,1181.8
1999-10-15,Dhaka,Dhaka,Dhaka,2574,23.81,90.41,cereals and tubers,"Rice (coarse, BR-8/ 11/, Guti Sharna)",588,100 KG,actual,Wholesale,1173.75
1999-11-15,Dhaka,Dhaka,Dhaka,2574,23.81,90.41,cereals and tubers,"Rice (coarse, BR-8/ 11/, Guti Sharna)",588,100 KG,actual,Wholesale,1139.25
1999-12-15,Dhaka,Dhaka,Dhaka,2574,23.81,90.41,cereals and tubers,"Rice (coarse, BR-8/ 11/, Guti Sharna)",588,100 KG,actual,Wholesale,1109.75
2000-01-15,Dhaka,Dhaka,Dhaka,2574,23.81,90.41,cereals and tubers,"Rice (coarse, BR-8/ 11/, Guti Sharna)",588,100 KG,actual,Wholesale,1138.8
2000-02-15,Dhaka,Dhaka,Dhaka,2574,23.81,90.41,cereals and tubers,"Rice (coarse, BR-8/ 11/, Guti Sharna)",588,100 KG,actual,Wholesale,1194.25
2000-03-15,Dhaka,Dhaka,Dhaka,2574,23.81,90.41,cereals and tubers,"Rice (coarse, BR-8/ 11/, Guti Sharna)",588,100 KG,actual,Wholesale,1244.5
2000-04-15,Dhaka,Dhaka,Dhaka,2574,23.81,90.41,cereals and tubers,"Rice (coarse, BR-8/ 11/, Guti Sharna)",588,100 KG,actual,Wholesale,1208.0
2000-05-15,Dhaka,Dhaka,Dhaka,2574,23.81,90.41,cereals and tubers,"Rice (coarse, BR-8/ 11/, Guti Sharna)",588,100 KG,actual,Wholesale,1171.0
2000-06-15,Dhaka,Dhaka,Dhaka,2574,23.81,90.41,cereals and tubers,"Rice (coarse, BR-8/ 11/, Guti Sharna)",588,100 KG,actual,Wholesale,1190.0
2000-07-15,Dhaka,Dhaka,Dhaka,2574,23.81,90.41,cereals and tubers,"Rice (coarse, BR-8/ 11/, Guti Sharna)",588,100 KG,actual,Wholesale,1156.0
2000-08-15,Dhaka,Dhaka,Dhaka,2574,23.81,90.41,cereals and tubers,"Rice (coarse, BR-8/ 11/, Guti Sharna)",588,100 KG,actual,Wholesale,1102.5
2000-09-15,Dhaka,Dhaka,Dhaka,2574,23.81,90.41,cereals and tubers,"Rice (coarse, BR-8/ 11/, Guti Sharna)",588,100 KG,actual,Wholesale,1100.0
2000-10-15,Dhaka,Dhaka,Dhaka,2574,23.81,90.41,cereals and tubers,"Rice (coarse, BR-8/ 11/, Guti Sharna)",588,100 KG,actual,Wholesale,1142.25
2000-11-15,Dhaka,Dhaka,Dhaka,2574,23.81,90.41,cereals and tubers,"Rice (coarse, BR-8/ 11/, Guti Sharna)",588,100 KG,actual,Wholesale,1115.0
2000-12-15,Dhaka,Dhaka,Dhaka,2574,23.81,90.41,cereals and tubers,"Rice (coarse, BR-8/ 11/, Guti Sharna)",588,100 KG,actual,Wholesale,1070.0
2001-01-15,Dhaka,Dhaka,Dhaka,2574,23.81,90.41,cereals and tubers,"Rice (coarse, BR-8/ 11/, Guti Sharna)",588,100 KG,actual,Wholesale,1080.0
2001-02-15,Dhaka,Dhaka,Dhaka,2574,23.81,90.41,cereals and tubers,"Rice (coarse, BR-8/ 11/, Guti Sharna)",588,100 KG,actual,Wholesale,1092.0
2001-03-15,Dhaka,Dhaka,Dhaka,2574,23.81,90.41,cereals and tubers,"Rice (coarse, BR-8/ 11/, Guti Sharna)",588,100 KG,actual,Wholesale,1160.0
2001-04-15,Dhaka,Dhaka,Dhaka,2574,23.81,90.41,cereals and tubers,"Rice (coarse, BR-8/ 11/, Guti Sharna)",588,100 KG,actual,Wholesale,1191.0
2001-05-15,Dhaka,Dhaka,Dhaka,2574,23.81,90.41,cereals and tubers,"Rice (coarse, BR-8/ 11/, Guti Sharna)",588,100 KG,actual,Wholesale,1160.0
2001-06-15,Dhaka,Dhaka,Dhaka,2574,23.81,90.41,cereals and tubers,"Rice (coarse, BR-8/ 11/, Guti Sharna)",588,100 KG,actual,Wholesale,1017.0
2001-07-15,Dhaka,Dhaka,Dhaka,2574,23.81,90.41,cereals and tubers,"Rice (coarse, BR-8/ 11/, Guti Sharna)",588,100 KG,actual,Wholesale,1001.0
2001-08-15,Dhaka,Dhaka,Dhaka,2574,23.81,90.41,cereals and tubers,"Rice (coarse, BR-8/ 11/, Guti Sharna)",588,100 KG,actual,Wholesale,1037.0
2001-09-15,Dhaka,Dhaka,Dhaka,2574,23.81,90.41,cereals and tubers,"Rice (coarse, BR-8/ 11/, Guti Sharna)",588,100 KG,actual,Wholesale,1102.0
2001-10-15,Dhaka,Dhaka,Dhaka,2574,23.81,90.41,cereals and tubers,"Rice (coarse, BR-8/ 11/, Guti Sharna)",588,100 KG,actual,Wholesale,1146.0
2001-11-15,Dhaka,Dhaka,Dhaka,2574,23.81,90.41,cereals and tubers,"Rice (coarse, BR-8/ 11/, Guti Sharna)",588,100 KG,actual,Wholesale,1145.0
2001-12-15,Dhaka,Dhaka,Dhaka,2574,23.81,90.41,cereals and tubers,"Rice (coarse, BR-8/ 11/, Guti Sharna)",588,100 KG,actual,Wholesale,1129.0
2002-01-15,Dhaka,Dhaka,Dhaka,2574,23.81,90.41,cereals and tubers,"Rice (coarse, BR-8/ 11/, Guti Sharna)",588,100 KG,actual,Wholesale,1210.0
2002-02-15,Dhaka,Dhaka,Dhaka,2574,23.81,90.41,cereals and tubers,"Rice (coarse, BR-8/ 11/, Guti Sharna)",588,100 KG,actual,Wholesale,1267.0
2002-03-15,Dhaka,Dhaka,Dhaka,2574,23.81,90.41,cereals and tubers,"Rice (coarse, BR-8/ 11/, Guti Sharna)",588,100 KG,actual,Wholesale,1279.0
2002-04-15,Dhaka,Dhaka,Dhaka,2574,23.81,90.41,cereals and tubers,"Rice (coarse, BR-8/ 11/, Guti Sharna)",588,100 KG,actual,Wholesale,1263.0
2002-05-15,Dhaka,Dhaka,Dhaka,2574,23.81,90.41,cereals and tubers,"Rice (coarse, BR-8/ 11/, Guti Sharna)",588,100 KG,actual,Wholesale,1217.0
2002-06-15,Dhaka,Dhaka,Dhaka,2574,23.81,90.41,cereals and tubers,"Rice (coarse, BR-8/ 11/, Guti Sharna)",588,100 KG,actual,Wholesale,1200.0
2002-07-15,Dhaka,Dhaka,Dhaka,2574,23.81,90.41,cereals and tubers,"Rice (coarse, BR-8/ 11/, Guti Sharna)",588,100 KG,actual,Wholesale,1218.0
2002-08-15,Dhaka,Dhaka,Dhaka,2574,23.81,90.41,cereals and tubers,"Rice (coarse, BR-8/ 11/, Guti Sharna)",588,100 KG,actual,Wholesale,1270.0
2002-09-15,Dhaka,Dhaka,Dhaka,2574,23.81,90.41,cereals and tubers,"Rice (coarse, BR-8/ 11/, Guti Sharna)",588,100 KG,actual,Wholesale,1256.0
2002-10-15,Dhaka,Dhaka,Dhaka,2574,23.81,90.41,cereals and tubers,"Rice (coarse, BR-8/ 11/, Guti Sharna)",588,100 KG,actual,Wholesale,1324.0
2002-11-15,Dhaka,Dhaka,Dhaka,2574,23.81,90.41,cereals and tubers,"Rice (coarse, BR-8/ 11/, Guti Sharna)",588,100 KG,actual,Wholesale,1350.0
2002-12-15,Dhaka,Dhaka,Dhaka,2574,23.81,90.41,cereals and tubers,"Rice (coarse, BR-8/ 11/, Guti Sharna)",588,100 KG,actual,Wholesale,1263.0
2003-01-15,Dhaka,Dhaka,Dhaka,2574,23.81,90.41,cereals and tubers,"Rice (coarse, BR-8/ 11/, Guti Sharna)",588,100 KG,actual,Wholesale,1263.0
2003-02-15,Dhaka,Dhaka,Dhaka,2574,23.81,90.41,cereals and tubers,"Rice (coarse, BR-8/ 11/, Guti Sharna)",588,100 KG,actual,Wholesale,1339.0
2003-03-15,Dhaka,Dhaka,Dhaka,2574,23.81,90.41,cereals and tubers,"Rice (coarse, BR-8/ 11/, Guti Sharna)",588,100 KG,actual,Wholesale,1369.0
2003-04-15,Dhaka,Dhaka,Dhaka,2574,23.81,90.41,cereals and tubers,"Rice (coarse, BR-8/ 11/, Guti Sharna)",588,100 KG,actual,Wholesale,1316.0
2003-05-15,Dhaka,Dhaka,Dhaka,2574,23.81,90.41,cereals and tubers,"Rice (coarse, BR-8/ 11/, Guti Sharna)",588,100 KG,actual,Wholesale,1327.0
2003-06-15,Dhaka,Dhaka,Dhaka,2574,23.81,90.41,cereals and tubers,"Rice (coarse, BR-8/ 11/, Guti Sharna)",588,100 KG,actual,Wholesale,1360.0
2003-07-15,Dhaka,Dhaka,Dhaka,2574,23.81,90.41,cereals and tubers,"Rice (coarse, BR-8/ 11/, Guti Sharna)",588,100 KG,actual,Wholesale,1385.0
2003-08-15,Dhaka,Dhaka,Dhaka,2574,23.81,90.41,cereals and tubers,"Rice (coarse, BR-8/ 11/, Guti Sharna)",588,100 KG,actual,Wholesale,1419.0
2003-09-15,Dhaka,Dhaka,Dhaka,2574,23.81,90.41,cereals and tubers,"Rice (coarse, BR-8/ 11/, Guti Sharna)",588,100 KG,actual,Wholesale,1391.0
2003-10-15,Dhaka,Dhaka,Dhaka,2574,23.81,90.41,cereals and tubers,"Rice (coarse, BR-8/ 11/, Guti Sharna)",588,100 KG,actual,Wholesale,1398.0
2003-11-15,Dhaka,Dhaka,Dhaka,2574,23.81,90.41,cereals and tubers,"Rice (coarse, BR-8/ 11/, Guti Sharna)",588,100 KG,actual,Wholesale,1320.0
2003-12-15,Dhaka,Dhaka,Dhaka,2574,23.81,90.41,cereals and tubers,"Rice (coarse, BR-8/ 11/, Guti Sharna)",588,100 KG,actual,Wholesale,1320.0
2004-01-15,Dhaka,Dhaka,Dhaka,2574,23.81,90.41,cereals and tubers,"Rice (coarse, BR-8/ 11/, Guti Sharna)",588,100 KG,actual,Wholesale,1320.0
2004-02-15,Dhaka,Dhaka,Dhaka,2574,23.81,90.41,cereals and tubers,"Rice (coarse, BR-8/ 11/, Guti Sharna)",588,100 KG,actual,Wholesale,1320.0
2004-03-15,Dhaka,Dhaka,Dhaka,2574,23.81,90.41,cereals and tubers,"Rice (coarse, BR-8/ 11/, Guti Sharna)",588,100 KG,actual,Wholesale,1347.0
2004-04-15,Dhaka,Dhaka,Dhaka,2574,23.81,90.41,cereals and tubers,"Rice (coarse, BR-8/ 11/, Guti Sharna)",588,100 KG,actual,Wholesale,1347.0
2004-05-15,Dhaka,Dhaka,Dhaka,2574,23.81,90.41,cereals and tubers,"Rice (coarse, BR-8/ 11/, Guti Sharna)",588,100 KG,actual,Wholesale,1327.0
2004-06-15,Dhaka,Dhaka,Dhaka,2574,23.81,90.41,cereals and tubers,"Rice (coarse, BR-8/ 11/, Guti Sharna)",588,100 KG,actual,Wholesale,1329.0
2004-07-15,Dhaka,Dhaka,Dhaka,2574,23.81,90.41,cereals and tubers,"Rice (coarse, BR-8/ 11/, Guti Sharna)",588,100 KG,actual,Wholesale,1343.0
2004-08-15,Dhaka,Dhaka,Dhaka,2574,23.81,90.41,cereals and tubers,"Rice (coarse, BR-8/ 11/, Guti Sharna)",588,100 KG,actual,Wholesale,1410.0
2004-09-15,Dhaka,Dhaka,Dhaka,2574,23.81,90.41,cereals and tubers,"Rice (coarse, BR-8/ 11/, Guti Sharna)",588,100 KG,actual,Wholesale,1385.0
2004-10-15,Dhaka,Dhaka,Dhaka,2574,23.81,90.41,cereals and tubers,"Rice (coarse, BR-8/ 11/, Guti Sharna)",588,100 KG,actual,Wholesale,1439.0
2004-11-15,Dhaka,Dhaka,Dhaka,2574,23.81,90.41,cereals and tubers,"Rice (coarse, BR-8/ 11/, Guti Sharna)",588,100 KG,actual,Wholesale,1563.0
2004-12-15,Dhaka,Dhaka,Dhaka,2574,23.81,90.41,cereals and tubers,"Rice (coarse, BR-8/ 11/, Guti Sharna)",588,100 KG,actual,Wholesale,1450.0
2005-01-15,Dhaka,Dhaka,Dhaka,2574,23.81,90.41,cereals and tubers,"Rice (coarse, BR-8/ 11/, Guti Sharna)",588,100 KG,actual,Wholesale,1599.0
2005-02-15,Dhaka,Dhaka,Dhaka,2574,23.81,90.41,cereals and tubers,"Rice (coarse, BR-8/ 11/, Guti Sharna)",588,100 KG,actual,Wholesale,1639.0
2005-03-15,Dhaka,Dhaka,Dhaka,2574,23.81,90.41,cereals and tubers,"Rice (coarse, BR-8/ 11/, Guti Sharna)",588,100 KG,actual,Wholesale,1576.0
2005-04-15,Dhaka,Dhaka,Dhaka,2574,23.81,90.41,cereals and tubers,"Rice (coarse, BR-8/ 11/, Guti Sharna)",588,100 KG,actual,Wholesale,1557.0
2005-05-15,Dhaka,Dhaka,Dhaka,2574,23.81,90.41,cereals and tubers,"Rice (coarse, BR-8/ 11/, Guti Sharna)",588,100 KG,actual,Wholesale,1470.0
2005-06-15,Dhaka,Dhaka,Dhaka,2574,23.81,90.41,cereals and tubers,"Rice (coarse, BR-8/ 11/, Guti Sharna)",588,100 KG,actual,Wholesale,1553.0
2005-07-15,Dhaka,Dhaka,Dhaka,2574,23.81,90.41,cereals and tubers,"Rice (coarse, BR-8/ 11/, Guti Sharna)",588,100 KG,actual,Wholesale,1579.0
2005-08-15,Dhaka,Dhaka,Dhaka,2574,23.81,90.41,cereals and tubers,"Rice (coarse, BR-8/ 11/, Guti Sharna)",588,100 KG,actual,Wholesale,1584.0
2005-09-15,Dhaka,Dhaka,Dhaka,2574,23.81,90.41,cereals and tubers,"Rice (coarse, BR-8/ 11/, Guti Sharna)",588,100 KG,actual,Wholesale,1534.0
2005-10-15,Dhaka,Dhaka,Dhaka,2574,23.81,90.41,cereals and tubers,"Rice (coarse, BR-8/ 11/, Guti Sharna)",588,100 KG,actual,Wholesale,1514.0
2005-11-15,Dhaka,Dhaka,Dhaka,2574,23.81,90.41,cereals and tubers,"Rice (coarse, BR-8/ 11/, Guti Sharna)",588,100 KG,actual,Wholesale,1739.0
2005-12-15,Dhaka,Dhaka,Dhaka,2574,23.81,90.41,cereals and tubers,"Rice (coarse, BR-8/ 11/, Guti Sharna)",588,100 KG,actual,Wholesale,1649.0
2006-01-15,Dhaka,Dhaka,Dhaka,2574,23.81,90.41,cereals and tubers,"Rice (coarse, BR-8/ 11/, Guti Sharna)",588,100 KG,actual,Wholesale,1554.0
2006-02-15,Dhaka,Dhaka,Dhaka,2574,23.81,90.41,cereals and tubers,"Rice (coarse, BR-8/ 11/, Guti Sharna)",588,100 KG,actual,Wholesale,1554.0
2006-03-15,Dhaka,Dhaka,Dhaka,2574,23.81,90.41,cereals and tubers,"Rice (coarse, BR-8/ 11/, Guti Sharna)",588,100 KG,actual,Wholesale,1574.0
2006-04-15,Dhaka,Dhaka,Dhaka,2574,23.81,90.41,cereals and tubers,"Rice (coarse, BR-8/ 11/, Guti Sharna)",588,100 KG,actual,Wholesale,1588.0
2006-05-15,Dhaka,Dhaka,Dhaka,2574,23.81,90.41,cereals and tubers,"Rice (coarse, BR-8/ 11/, Guti Sharna)",588,100 KG,actual,Wholesale,1645.0
2006-06-15,Dhaka,Dhaka,Dhaka,2574,23.81,90.41,cereals and tubers,"Rice (coarse, BR-8/ 11/, Guti Sharna)",588,100 KG,actual,Wholesale,1621.0
2006-07-15,Dhaka,Dhaka,Dhaka,2574,23.81,90.41,cereals and tubers,"Rice (coarse, BR-8/ 11/, Guti Sharna)",588,100 KG,actual,Wholesale,1657.0
2006-08-15,Dhaka,Dhaka,Dhaka,2574,23.81,90.41,cereals and tubers,"Rice (coarse, BR-8/ 11/, Guti Sharna)",588,100 KG,actual,Wholesale,1605.0
2006-09-15,Dhaka,Dhaka,Dhaka,2574,23.81,90.41,cereals and tubers,"Rice (coarse, BR-8/ 11/, Guti Sharna)",588,100 KG,actual,Wholesale,1622.0
2006-10-15,Dhaka,Dhaka,Dhaka,2574,23.81,90.41,cereals and tubers,"Rice (coarse, BR-8/ 11/, Guti Sharna)",588,100 KG,actual,Wholesale,1669.0
2006-11-15,Dhaka,Dhaka,Dhaka,2574,23.81,90.41,cereals and tubers,"Rice (coarse, BR-8/ 11/, Guti Sharna)",588,100 KG,actual,Wholesale,1705.0
2006-12-15,Dhaka,Dhaka,Dhaka,2574,23.81,90.41,cereals and tubers,"Rice (coarse, BR-8/ 11/, Guti Sharna)",588,100 KG,actual,Wholesale,1747.0
2007-01-15,Dhaka,Dhaka,Dhaka,2574,23.81,90.41,cereals and tubers,"Rice (coarse, BR-8/ 11/, Guti Sharna)",588,100 KG,actual,Wholesale,1660.0
2007-02-15,Dhaka,Dhaka,Dhaka,2574,23.81,90.41,cereals and tubers,"Rice (coarse, BR-8/ 11/, Guti Sharna)",588,100 KG,actual,Wholesale,1848.0
2007-03-15,Dhaka,Dhaka,Dhaka,2574,23.81,90.41,cereals and tubers,"Rice (coarse, BR-8/ 11/, Guti Sharna)",588,100 KG,actual,Wholesale,1889.0
2007-04-15,Dhaka,Dhaka,Dhaka,2574,23.81,90.41,cereals and tubers,"Rice (coarse, BR-8/ 11/, Guti Sharna)",588,100 KG,actual,Wholesale,1992.0
2007-05-15,Dhaka,Dhaka,Dhaka,2574,23.81,90.41,cereals and tubers,"Rice (coarse, BR-8/ 11/, Guti Sharna)",588,100 KG,actual,Wholesale,1950.0
2007-06-15,Dhaka,Dhaka,Dhaka,2574,23.81,90.41,cereals and tubers,"Rice (coarse, BR-8/ 11/, Guti Sharna)",588,100 KG,actual,Wholesale,1930.0
2007-07-15,Dhaka,Dhaka,Dhaka,2574,23.81,90.41,cereals and tubers,"Rice (coarse, BR-8/ 11/, Guti Sharna)",588,100 KG,actual,Wholesale,1992.0
2007-08-15,Dhaka,Dhaka,Dhaka,2574,23.81,90.41,cereals and tubers,"Rice (coarse, BR-8/ 11/, Guti Sharna)",588,100 KG,actual,Wholesale,2039.0
2007-09-15,Dhaka,Dhaka,Dhaka,2574,23.81,90.41,cereals and tubers,"Rice (coarse, BR-8/ 11/, Guti Sharna)",588,100 KG,actual,Wholesale,2181.0
2007-10-15,Dhaka,Dhaka,Dhaka,2574,23.81,90.41,cereals and tubers,"Rice (coarse, BR-8/ 11/, Guti Sharna)",588,100 KG,actual,Wholesale,2157.0
2007-11-15,Dhaka,Dhaka,Dhaka,2574,23.81,90.41,cereals and tubers,"Rice (coarse, BR-8/ 11/, Guti Sharna)",588,100 KG,actual,Wholesale,2271.0
2007-12-15,Dhaka,Dhaka,Dhaka,2574,23.81,90.41,cereals and tubers,"Rice (coarse, BR-8/ 11/, Guti Sharna)",588,100 KG,actual,Wholesale,2515.0
2008-01-15,Dhaka,Dhaka,Dhaka,2574,23.81,90.41,cereals and tubers,"Rice (coarse, BR-8/ 11/, Guti Sharna)",588,100 KG,actual,Wholesale,2697.0
2008-02-15,Dhaka,Dhaka,Dhaka,2574,23.81,90.41,cereals and tubers,"Rice (coarse, BR-8/ 11/, Guti Sharna)",588,100 KG,actual,Wholesale,2814.0
2008-03-15,Dhaka,Dhaka,Dhaka,2574,23.81,90.41,cereals and tubers,"Rice (coarse, BR-8/ 11/, Guti Sharna)",588,100 KG,actual,Wholesale,3022.0
2008-04-15,Dhaka,Dhaka,Dhaka,2574,23.81,90.41,cereals and tubers,"Rice (coarse, BR-8/ 11/, Guti Sharna)",588,100 KG,actual,Wholesale,3340.0
2008-05-15,Dhaka,Dhaka,Dhaka,2574,23.81,90.41,cereals and tubers,"Rice (coarse, BR-8/ 11/, Guti Sharna)",588,100 KG,actual,Wholesale,2901.0
2008-06-15,Dhaka,Dhaka,Dhaka,2574,23.81,90.41,cereals and tubers,"Rice (coarse, BR-8/ 11/, Guti Sharna)",588,100 KG,actual,Wholesale,2954.0
2008-07-15,Dhaka,Dhaka,Dhaka,2574,23.81,90.41,cereals and tubers,"Rice (coarse, BR-8/ 11/, Guti Sharna)",588,100 KG,actual,Wholesale,3215.0
2008-08-15,Dhaka,Dhaka,Dhaka,2574,23.81,90.41,cereals and tubers,"Rice (coarse, BR-8/ 11/, Guti Sharna)",588,100 KG,actual,Wholesale,3067.0
2008-09-15,Dhaka,Dhaka,Dhaka,2574,23.81,90.41,cereals and tubers,"Rice (coarse, BR-8/ 11/, Guti Sharna)",588,100 KG,actual,Wholesale,2995.0
2008-10-15,Dhaka,Dhaka,Dhaka,2574,23.81,90.41,cereals and tubers,"Rice (coarse, BR-8/ 11/, Guti Sharna)",588,100 KG,actual,Wholesale,2909.0
2008-11-15,Dhaka,Dhaka,Dhaka,2574,23.81,90.41,cereals and tubers,"Rice (coarse, BR-8/ 11/, Guti Sharna)",588,100 KG,actual,Wholesale,2526.0
2008-12-15,Dhaka,Dhaka,Dhaka,2574,23.81,90.41,cereals and tubers,"Rice (coarse, BR-8/ 11/, Guti Sharna)",588,100 KG,actual,Wholesale,2553.0
2009-01-15,Dhaka,Dhaka,Dhaka,2574,23.81,90.41,cereals and tubers,"Rice (coarse, BR-8/ 11/, Guti Sharna)",588,100 KG,actual,Wholesale,2328.0
2009-02-15,Dhaka,Dhaka,Dhaka,2574,23.81,90.41,cereals and tubers,"Rice (coarse, BR-8/ 11/, Guti Sharna)",588,100 KG,actual,Wholesale,2132.0
2009-03-15,Dhaka,Dhaka,Dhaka,2574,23.81,90.41,cereals and tubers,"Rice (coarse, BR-8/ 11/, Guti Sharna)",588,100 KG,actual,Wholesale,1944.0
2009-04-15,Dhaka,Dhaka,Dhaka,2574,23.81,90.41,cereals and tubers,"Rice (coarse, BR-8/ 11/, Guti Sharna)",588,100 KG,actual,Wholesale,1835.0
2009-05-15,Dhaka,Dhaka,Dhaka,2574,23.81,90.41,cereals and tubers,"Rice (coarse, BR-8/ 11/, Guti Sharna)",588,100 KG,actual,Wholesale,1973.0
2009-06-15,Dhaka,Dhaka,Dhaka,2574,23.81,90.41,cereals and tubers,"Rice (coarse, BR-8/ 11/, Guti Sharna)",588,100 KG,actual,Wholesale,1929.0
2009-07-15,Dhaka,Dhaka,Dhaka,2574,23.81,90.41,cereals and tubers,"Rice (coarse, BR-8/ 11/, Guti Sharna)",588,100 KG,actual,Wholesale,1882.0
2009-08-15,Dhaka,Dhaka,Dhaka,2574,23.81,90.41,cereals and tubers,"Rice (coarse, BR-8/ 11/, Guti Sharna)",588,100 KG,actual,Wholesale,1871.0
2009-09-15,Dhaka,Dhaka,Dhaka,2574,23.81,90.41,cereals and tubers,"Rice (coarse, BR-8/ 11/, Guti Sharna)",588,100 KG,actual,Wholesale,1982.0
2009-10-15,Dhaka,Dhaka,Dhaka,2574,23.81,90.41,cereals and tubers,"Rice (coarse, BR-8/ 11/, Guti Sharna)",588,100 KG,actual,Wholesale,2043.0
2009-11-15,Dhaka,Dhaka,Dhaka,2574,23.81,90.41,cereals and tubers,"Rice (coarse, BR-8/ 11/, Guti Sharna)",588,100 KG,actual,Wholesale,2033.0
2009-12-15,Dhaka,Dhaka,Dhaka,2574,23.81,90.41,cereals and tubers,"Rice (coarse, BR-8/ 11/, Guti Sharna)",588,100 KG,actual,Wholesale,2279.0
2010-01-15,Dhaka,Dhaka,Dhaka,2574,23.81,90.41,cereals and tubers,"Rice (coarse, BR-8/ 11/, Guti Sharna)",588,100 KG,actual,Wholesale,2506.0
2010-02-15,Dhaka,Dhaka,Dhaka,2574,23.81,90.41,cereals and tubers,"Rice (coarse, BR-8/ 11/, Guti Sharna)",588,100 KG,actual,Wholesale,2537.0
2010-03-15,Dhaka,Dhaka,Dhaka,2574,23.81,90.41,cereals and tubers,"Rice (coarse, BR-8/ 11/, Guti Sharna)",588,100 KG,actual,Wholesale,2509.0
2010-04-15,Dhaka,Dhaka,Dhaka,2574,23.81,90.41,cereals and tubers,"Rice (coarse, BR-8/ 11/, Guti Sharna)",588,100 KG,actual,Wholesale,2474.0
2010-05-15,Dhaka,Dhaka,Dhaka,2574,23.81,90.41,cereals and tubers,"Rice (coarse, BR-8/ 11/, Guti Sharna)",588,100 KG,actual,Wholesale,2502.0
2010-06-15,Dhaka,Dhaka,Dhaka,2574,23.81,90.41,cereals and tubers,"Rice (coarse, BR-8/ 11/, Guti Sharna)",588,100 KG,actual,Wholesale,2739.0
2010-07-15,Dhaka,Dhaka,Dhaka,2574,23.81,90.41,cereals and tubers,"Rice (coarse, BR-8/ 11/, Guti Sharna)",588,100 KG,actual,Wholesale,2962.0
2010-08-15,Dhaka,Dhaka,Dhaka,2574,23.81,90.41,cereals and tubers,"Rice (coarse, BR-8/ 11/, Guti Sharna)",588,100 KG,actual,Wholesale,2920.0
2010-09-15,Dhaka,Dhaka,Dhaka,2574,23.81,90.41,cereals and tubers,"Rice (coarse, BR-8/ 11/, Guti Sharna)",588,100 KG,actual,Wholesale,3057.0
2010-10-15,Dhaka,Dhaka,Dhaka,2574,23.81,90.41,cereals and tubers,"Rice (coarse, BR-8/ 11/, Guti Sharna)",588,100 KG,actual,Wholesale,3086.0
2010-11-15,Dhaka,Dhaka,Dhaka,2574,23.81,90.41,cereals and tubers,"Rice (coarse, BR-8/ 11/, Guti Sharna)",588,100 KG,actual,Wholesale,3084.0
2010-12-15,Dhaka,Dhaka,Dhaka,2574,23.81,90.41,cereals and tubers,"Rice (coarse, BR-8/ 11/, Guti Sharna)",588,100 KG,actual,Wholesale,3298.0
2011-01-15,Dhaka,Dhaka,Dhaka,2574,23.81,90.41,cereals and tubers,"Rice (coarse, BR-8/ 11/, Guti Sharna)",588,100 KG,actual,Wholesale,3288.0
2011-02-15,Dhaka,Dhaka,Dhaka,2574,23.81,90.41,cereals and tubers,"Rice (coarse, BR-8/ 11/, Guti Sharna)",588,100 KG,actual,Wholesale,3256.0
2011-03-15,Dhaka,Dhaka,Dhaka,2574,23.81,90.41,cereals and tubers,"Rice (coarse, BR-8/ 11/, Guti Sharna)",588,100 KG,actual,Wholesale,3203.0
2011-04-15,Dhaka,Dhaka,Dhaka,2574,23.81,90.41,cereals and tubers,"Rice (coarse, BR-8/ 11/, Guti Sharna)",588,100 KG,actual,Wholesale,3145.0
2011-05-15,Dhaka,Dhaka,Dhaka,2574,23.81,90.41,cereals and tubers,"Rice (coarse, BR-8/ 11/, Guti Sharna)",588,100 KG,actual,Wholesale,2921.0
2011-06-15,Dhaka,Dhaka,Dhaka,2574,23.81,90.41,cereals and tubers,"Rice (coarse, BR-8/ 11/, Guti Sharna)",588,100 KG,actual,Wholesale,2913.0
2011-07-15,Dhaka,Dhaka,Dhaka,2574,23.81,90.41,cereals and tubers,"Rice (coarse, BR-8/ 11/, Guti Sharna)",588,100 KG,actual,Wholesale,3112.0
2011-08-15,Dhaka,Dhaka,Dhaka,2574,23.81,90.41,cereals and tubers,"Rice (coarse, BR-8/ 11/, Guti Sharna)",588,100 KG,actual,Wholesale,3074.0
2011-09-15,Dhaka,Dhaka,Dhaka,2574,23.81,90.41,cereals and tubers,"Rice (coarse, BR-8/ 11/, Guti Sharna)",588,100 KG,actual,Wholesale,3072.0
2011-10-15,Dhaka,Dhaka,Dhaka,2574,23.81,90.41,cereals and tubers,"Rice (coarse, BR-8/ 11/, Guti Sharna)",588,100 KG,actual,Wholesale,2963.0
2011-11-15,Dhaka,Dhaka,Dhaka,2574,23.81,90.41,cereals and tubers,"Rice (coarse, BR-8/ 11/, Guti Sharna)",588,100 KG,actual,Wholesale,2802.0
2011-12-15,Dhaka,Dhaka,Dhaka,2574,23.81,90.41,cereals and tubers,"Rice (coarse, BR-8/ 11/, Guti Sharna)",588,100 KG,actual,Wholesale,2605.0
2012-01-15,Dhaka,Dhaka,Dhaka,2574,23.81,90.41,cereals and tubers,"Rice (coarse, BR-8/ 11/, Guti Sharna)",588,100 KG,actual,Wholesale,2622.0
2012-02-15,Dhaka,Dhaka,Dhaka,2574,23.81,90.41,cereals and tubers,"Rice (coarse, BR-8/ 11/, Guti Sharna)",588,100 KG,actual,Wholesale,2634.0
2012-03-15,Dhaka,Dhaka,Dhaka,2574,23.81,90.41,cereals and tubers,"Rice (coarse, BR-8/ 11/, Guti Sharna)",588,100 KG,actual,Wholesale,2547.0
2012-04-15,Dhaka,Dhaka,Dhaka,2574,23.81,90.41,cereals and tubers,"Rice (coarse, BR-8/ 11/, Guti Sharna)",588,100 KG,actual,Wholesale,2516.0
2012-05-15,Dhaka,Dhaka,Dhaka,2574,23.81,90.41,cereals and tubers,"Rice (coarse, BR-8/ 11/, Guti Sharna)",588,100 KG,actual,Wholesale,2448.0
2012-06-15,Dhaka,Dhaka,Dhaka,2574,23.81,90.41,cereals and tubers,"Rice (coarse, BR-8/ 11/, Guti Sharna)",588,100 KG,actual,Wholesale,2402.0
2012-07-15,Dhaka,Dhaka,Dhaka,2574,23.81,90.41,cereals and tubers,"Rice (coarse, BR-8/ 11/, Guti Sharna)",588,100 KG,actual,Wholesale,2424.0
2012-08-15,Dhaka,Dhaka,Dhaka,2574,23.81,90.41,cereals and tubers,"Rice (coarse, BR-8/ 11/, Guti Sharna)",588,100 KG,actual,Wholesale,2421.0
2012-09-15,Dhaka,Dhaka,Dhaka,2574,23.81,90.41,cereals and tubers,"Rice (coarse, BR-8/ 11/, Guti Sharna)",588,100 KG,actual,Wholesale,2358.0
2012-10-15,Dhaka,Dhaka,Dhaka,2574,23.81,90.41,cereals and tubers,"Rice (coarse, BR-8/ 11/, Guti Sharna)",588,100 KG,actual,Wholesale,2353.0
2012-11-15,Dhaka,Dhaka,Dhaka,2574,23.81,90.41,cereals and tubers,"Rice (coarse, BR-8/ 11/, Guti Sharna)",588,100 KG,actual,Wholesale,2433.0
2012-12-15,Dhaka,Dhaka,Dhaka,2574,23.81,90.41,cereals and tubers,"Rice (coarse, BR-8/ 11/, Guti Sharna)",588,100 KG,actual,Wholesale,2399.0
2013-01-15,Dhaka,Dhaka,Dhaka,2574,23.81,90.41,cereals and tubers,"Rice (coarse, BR-8/ 11/, Guti Sharna)",588,100 KG,actual,Wholesale,2511.0
2013-02-15,Dhaka,Dhaka,Dhaka,2574,23.81,90.41,cereals and tubers,"Rice (coarse, BR-8/ 11/, Guti Sharna)",588,100 KG,actual,Wholesale,2739.0
2013-03-15,Dhaka,Dhaka,Dhaka,2574,23.81,90.41,cereals and tubers,"Rice (coarse, BR-8/ 11/, Guti Sharna)",588,100 KG,actual,Wholesale,2864.0
2013-04-15,Dhaka,Dhaka,Dhaka,2574,23.81,90.41,cereals and tubers,"Rice (coarse, BR-8/ 11/, Guti Sharna)",588,100 KG,actual,Wholesale,2764.0
2013-05-15,Dhaka,Dhaka,Dhaka,2574,23.81,90.41,cereals and tubers,"Rice (coarse, BR-8/ 11/, Guti Sharna)",588,100 KG,actual,Wholesale,2632.0
2013-06-15,Dhaka,Dhaka,Dhaka,2574,23.81,90.41,cereals and tubers,"Rice (coarse, BR-8/ 11/, Guti Sharna)",588,100 KG,actual,Wholesale,2820.0
2013-07-15,Dhaka,Dhaka,Dhaka,2574,23.81,90.41,cereals and tubers,"Rice (coarse, BR-8/ 11/, Guti Sharna)",588,100 KG,actual,Wholesale,3064.0
2013-08-15,Dhaka,Dhaka,Dhaka,2574,23.81,90.41,cereals and tubers,"Rice (coarse, BR-8/ 11/, Guti Sharna)",588,100 KG,actual,Wholesale,3270.0
2013-09-15,Dhaka,Dhaka,Dhaka,2574,23.81,90.41,cereals and tubers,"Rice (coarse, BR-8/ 11/, Guti Sharna)",588,100 KG,actual,Wholesale,3054.0
2013-10-15,Dhaka,Dhaka,Dhaka,2574,23.81,90.41,cereals and tubers,"Rice (coarse, BR-8/ 11/, Guti Sharna)",588,100 KG,actual,Wholesale,3023.0
2013-11-15,Dhaka,Dhaka,Dhaka,2574,23.81,90.41,cereals and tubers,"Rice (coarse, BR-8/ 11/, Guti Sharna)",588,100 KG,actual,Wholesale,3123.0
2013-12-15,Dhaka,Dhaka,Dhaka,2574,23.81,90.41,cereals and tubers,"Rice (coarse, BR-8/ 11/, Guti Sharna)",588,100 KG,actual,Wholesale,3033.0
2014-01-15,Dhaka,Dhaka,Dhaka,2574,23.81,90.41,cereals and tubers,"Rice (coarse, BR-8/ 11/, Guti Sharna)",588,100 KG,actual,Wholesale,3213.0
2014-02-15,Dhaka,Dhaka,Dhaka,2574,23.81,90.41,cereals and tubers,"Rice (coarse, BR-8/ 11/, Guti Sharna)",588,100 KG,actual,Wholesale,3132.11
2014-03-15,Dhaka,Dhaka,Dhaka,2574,23.81,90.41,cereals and tubers,"Rice (coarse, BR-8/ 11/, Guti Sharna)",588,100 KG,actual,Wholesale,3091.84
2014-04-15,Dhaka,Dhaka,Dhaka,2574,23.81,90.41,cereals and tubers,"Rice (coarse, BR-8/ 11/, Guti Sharna)",588,100 KG,actual,Wholesale,3084.21
2014-05-15,Dhaka,Dhaka,Dhaka,2574,23.81,90.41,cereals and tubers,"Rice (coarse, BR-8/ 11/, Guti Sharna)",588,100 KG,actual,Wholesale,2970.59
2014-06-15,Dhaka,Dhaka,Dhaka,2574,23.81,90.41,cereals and tubers,"Rice (coarse, BR-8/ 11/, Guti Sharna)",588,100 KG,actual,Wholesale,3000.91
2014-07-15,Dhaka,Dhaka,Dhaka,2574,23.81,90.41,cereals and tubers,"Rice (coarse, BR-8/ 11/, Guti Sharna)",588,100 KG,actual,Wholesale,3044.44
2014-08-15,Dhaka,Dhaka,Dhaka,2574,23.81,90.41,cereals and tubers,"Rice (coarse, BR-8/ 11/, Guti Sharna)",588,100 KG,actual,Wholesale,3126.05
2014-09-15,Dhaka,Dhaka,Dhaka,2574,23.81,90.41,cereals and tubers,"Rice (coarse, BR-8/ 11/, Guti Sharna)",588,100 KG,actual,Wholesale,3169.74
2014-10-15,Dhaka,Dhaka,Dhaka,2574,23.81,90.41,cereals and tubers,"Rice (coarse, BR-8/ 11/, Guti Sharna)",588,100 KG,actual,Wholesale,3159.62
2014-11-15,Dhaka,Dhaka,Dhaka,2574,23.81,90.41,cereals and tubers,"Rice (coarse, BR-8/ 11/, Guti Sharna)",588,100 KG,actual,Wholesale,3120.31
2014-12-15,Dhaka,Dhaka,Dhaka,2574,23.81,90.41,cereals and tubers,"Rice (coarse, BR-8/ 11/, Guti Sharna)",588,100 KG,actual,Wholesale,2932.9
2015-01-15,Dhaka,Dhaka,Dhaka,2574,23.81,90.41,cereals and tubers,"Rice (coarse, BR-8/ 11/, Guti Sharna)",588,100 KG,actual,Wholesale,2983.08
2015-02-15,Dhaka,Dhaka,Dhaka,2574,23.81,90.41,cereals and tubers,"Rice (coarse, BR-8/ 11/, Guti Sharna)",588,100 KG,actual,Wholesale,2775.0
2015-03-15,Dhaka,Dhaka,Dhaka,2574,23.81,90.41,cereals and tubers,"Rice (coarse, BR-8/ 11/, Guti Sharna)",588,100 KG,actual,Wholesale,2645.53
2015-04-15,Dhaka,Dhaka,Dhaka,2574,23.81,90.41,cereals and tubers,"Rice (coarse, BR-8/ 11/, Guti Sharna)",588,100 KG,actual,Wholesale,2489.06
2015-05-15,Dhaka,Dhaka,Dhaka,2574,23.81,90.41,cereals and tubers,"Rice (coarse, BR-8/ 11/, Guti Sharna)",588,100 KG,actual,Wholesale,2602.78
2015-06-15,Dhaka,Dhaka,Dhaka,2574,23.81,90.41,cereals and tubers,"Rice (coarse, BR-8/ 11/, Guti Sharna)",588,100 KG,actual,Wholesale,2723.75
2015-07-15,Dhaka,Dhaka,Dhaka,2574,23.81,90.41,cereals and tubers,"Rice (coarse, BR-8/ 11/, Guti Sharna)",588,100 KG,actual,Wholesale,2759.62
2015-08-15,Dhaka,Dhaka,Dhaka,2574,23.81,90.41,cereals and tubers,"Rice (coarse, BR-8/ 11/, Guti Sharna)",588,100 KG,actual,Wholesale,2737.5
2015-09-15,Dhaka,Dhaka,Dhaka,2574,23.81,90.41,cereals and tubers,"Rice (coarse, BR-8/ 11/, Guti Sharna)",588,100 KG,actual,Wholesale,2691.67
2015-10-15,Dhaka,Dhaka,Dhaka,2574,23.81,90.41,cereals and tubers,"Rice (coarse, BR-8/ 11/, Guti Sharna)",588,100 KG,actual,Wholesale,2756.67
2015-11-15,Dhaka,Dhaka,Dhaka,2574,23.81,90.41,cereals and tubers,"Rice (coarse, BR-8/ 11/, Guti Sharna)",588,100 KG,actual,Wholesale,2667.19
2015-12-15,Dhaka,Dhaka,Dhaka,2574,23.81,90.41,cereals and tubers,"Rice (coarse, BR-8/ 11/, Guti Sharna)",588,100 KG,actual,Wholesale,2597.22
2016-01-15,Dhaka,Dhaka,Dhaka,2574,23.81,90.41,cereals and tubers,"Rice (coarse, BR-8/ 11/, Guti Sharna)",588,100 KG,actual,Wholesale,2611.9
2016-02-15,Dhaka,Dhaka,Dhaka,2574,23.81,90.41,cereals and tubers,"Rice (coarse, BR-8/ 11/, Guti Sharna)",588,100 KG,actual,Wholesale,2561.11
2016-03-15,Dhaka,Dhaka,Dhaka,2574,23.81,90.41,cereals and tubers,"Rice (coarse, BR-8/ 11/, Guti Sharna)",588,100 KG,actual,Wholesale,2368.75
2016-04-15,Dhaka,Dhaka,Dhaka,2574,23.81,90.41,cereals and tubers,"Rice (coarse, BR-8/ 11/, Guti Sharna)",588,100 KG,actual,Wholesale,2309.21
2016-05-15,Dhaka,Dhaka,Dhaka,2574,23.81,90.41,cereals and tubers,"Rice (coarse, BR-8/ 11/, Guti Sharna)",588,100 KG,actual,Wholesale,2348.75
2016-06-15,Dhaka,Dhaka,Dhaka,2574,23.81,90.41,cereals and tubers,"Rice (coarse, BR-8/ 11/, Guti Sharna)",588,100 KG,actual,Wholesale,2612.5
2016-07-15,Dhaka,Dhaka,Dhaka,2574,23.81,90.41,cereals and tubers,"Rice (coarse, BR-8/ 11/, Guti Sharna)",588,100 KG,actual,Wholesale,2861.36
2016-08-15,Dhaka,Dhaka,Dhaka,2574,23.81,90.41,cereals and tubers,"Rice (coarse, BR-8/ 11/, Guti Sharna)",588,100 KG,actual,Wholesale,3201.92
2016-09-15,Dhaka,Dhaka,Dhaka,2574,23.81,90.41,cereals and tubers,"Rice (coarse, BR-8/ 11/, Guti Sharna)",588,100 KG,actual,Wholesale,3486.11
2016-10-15,Dhaka,Dhaka,Dhaka,2574,23.81,90.41,cereals and tubers,"Rice (coarse, BR-8/ 11/, Guti Sharna)",588,100 KG,actual,Wholesale,3647.5
2016-11-15,Dhaka,Dhaka,Dhaka,2574,23.81,90.41,cereals and tubers,"Rice (coarse, BR-8/ 11/, Guti Sharna)",588,100 KG,actual,Wholesale,3566.07
2016-12-15,Dhaka,Dhaka,Dhaka,2574,23.81,90.41,cereals and tubers,"Rice (coarse, BR-8/ 11/, Guti Sharna)",588,100 KG,actual,Wholesale,3317.31
2017-01-15,Dhaka,Dhaka,Dhaka,2574,23.81,90.41,cereals and tubers,"Rice (coarse, BR-8/ 11/, Guti Sharna)",588,100 KG,actual,Wholesale,3393.75
2017-02-15,Dhaka,Dhaka,Dhaka,2574,23.81,90.41,cereals and tubers,"Rice (coarse, BR-8/ 11/, Guti Sharna)",588,100 KG,actual,Wholesale,3541.67
2017-03-15,Dhaka,Dhaka,Dhaka,2574,23.81,90.41,cereals and tubers,"Rice (coarse, BR-8/ 11/, Guti Sharna)",588,100 KG,actual,Wholesale,3595.83
2017-04-15,Dhaka,Dhaka,Dhaka,2574,23.81,90.41,cereals and tubers,"Rice (coarse, BR-8/ 11/, Guti Sharna)",588,100 KG,actual,Wholesale,3880.0
2017-05-15,Dhaka,Dhaka,Dhaka,2574,23.81,90.41,cereals and tubers,"Rice (coarse, BR-8/ 11/, Guti Sharna)",588,100 KG,actual,Wholesale,4350.0
2017-06-15,Dhaka,Dhaka,Dhaka,2574,23.81,90.41,cereals and tubers,"Rice (coarse, BR-8/ 11/, Guti Sharna)",588,100 KG,actual,Wholesale,4522.22
2017-07-15,Dhaka,Dhaka,Dhaka,2574,23.81,90.41,cereals and tubers,"Rice (coarse, BR-8/ 11/, Guti Sharna)",588,100 KG,actual,Wholesale,4172.06
2017-08-15,Dhaka,Dhaka,Dhaka,2574,23.81,90.41,cereals and tubers,"Rice (coarse, BR-8/ 11/, Guti Sharna)",588,100 KG,actual,Wholesale,4127.63
2017-09-15,Dhaka,Dhaka,Dhaka,2574,23.81,90.41,cereals and tubers,"Rice (coarse, BR-8/ 11/, Guti Sharna)",588,100 KG,actual,Wholesale,4508.33
2017-10-15,Dhaka,Dhaka,Dhaka,2574,23.81,90.41,cereals and tubers,"Rice (coarse, BR-8/ 11/, Guti Sharna)",588,100 KG,actual,Wholesale,4138.89
2017-11-15,Dhaka,Dhaka,Dhaka,2574,23.81,90.41,cereals and tubers,"Rice (coarse, BR-8/ 11/, Guti Sharna)",588,100 KG,actual,Wholesale,3896.43
2017-12-15,Dhaka,Dhaka,Dhaka,2574,23.81,90.41,cereals and tubers,"Rice (coarse, BR-8/ 11/, Guti Sharna)",588,100 KG,actual,Wholesale,4035.0
2018-01-15,Dhaka,Dhaka,Dhaka,2574,23.81,90.41,cereals and tubers,"Rice (coarse, BR-8/ 11/, Guti Sharna)",588,100 KG,actual,Wholesale,3960.0
2018-02-15,Dhaka,Dhaka,Dhaka,2574,23.81,90.41,cereals and tubers,"Rice (coarse, BR-8/ 11/, Guti Sharna)",588,100 KG,actual,Wholesale,3966.7
2018-03-15,Dhaka,Dhaka,Dhaka,2574,23.81,90.41,cereals and tubers,"Rice (coarse, BR-8/ 11/, Guti Sharna)",588,100 KG,actual,Wholesale,3996.2
2018-04-15,Dhaka,Dhaka,Dhaka,2574,23.81,90.41,cereals and tubers,"Rice (coarse, BR-8/ 11/, Guti Sharna)",588,100 KG,actual,Wholesale,3815.8
2018-05-15,Dhaka,Dhaka,Dhaka,2574,23.81,90.41,cereals and tubers,"Rice (coarse, BR-8/ 11/, Guti Sharna)",588,100 KG,actual,Wholesale,3750.0
2018-06-15,Dhaka,Dhaka,Dhaka,2574,23.81,90.41,cereals and tubers,"Rice (coarse, BR-8/ 11/, Guti Sharna)",588,100 KG,actual,Wholesale,3830.0
2018-07-15,Dhaka,Dhaka,Dhaka,2574,23.81,90.41,cereals and tubers,"Rice (coarse, BR-8/ 11/, Guti Sharna)",588,100 KG,actual,Wholesale,3950.0
2018-08-15,Dhaka,Dhaka,Dhaka,2574,23.81,90.41,cereals and tubers,"Rice (coarse, BR-8/ 11/, Guti Sharna)",588,100 KG,actual,Wholesale,3843.8
2018-09-15,Dhaka,Dhaka,Dhaka,2574,23.81,90.41,cereals and tubers,"Rice (coarse, BR-8/ 11/, Guti Sharna)",588,100 KG,actual,Wholesale,3935.29
2018-10-15,Dhaka,Dhaka,Dhaka,2574,23.81,90.41,cereals and tubers,"Rice (coarse, BR-8/ 11/, Guti Sharna)",588,100 KG,actual,Wholesale,3597.62
2018-11-15,Dhaka,Dhaka,Dhaka,2574,23.81,90.41,cereals and tubers,"Rice (coarse, BR-8/ 11/, Guti Sharna)",588,100 KG,actual,Wholesale,3434.21
2018-12-15,Dhaka,Dhaka,Dhaka,2574,23.81,90.41,cereals and tubers,"Rice (coarse, BR-8/ 11/, Guti Sharna)",588,100 KG,actual,Wholesale,3300.0
2019-01-15,Dhaka,Dhaka,Dhaka,2574,23.81,90.41,cereals and tubers,"Rice (coarse, BR-8/ 11/, Guti Sharna)",588,100 KG,actual,Wholesale,3190.48
2019-02-15,Dhaka,Dhaka,Dhaka,2574,23.81,90.41,cereals and tubers,"Rice (coarse, BR-8/ 11/, Guti Sharna)",588,100 KG,actual,Wholesale,2998.53
2019-03-15,Dhaka,Dhaka,Dhaka,2574,23.81,90.41,cereals and tubers,"Rice (coarse, BR-8/ 11/, Guti Sharna)",588,100 KG,actual,Wholesale,2916.67
2019-04-15,Dhaka,Dhaka,Dhaka,2574,23.81,90.41,cereals and tubers,"Rice (coarse, BR-8/ 11/, Guti Sharna)",588,100 KG,actual,Wholesale,2705.56
2019-05-15,Dhaka,Dhaka,Dhaka,2574,23.81,90.41,cereals and tubers,"Rice (coarse, BR-8/ 11/, Guti Sharna)",588,100 KG,actual,Wholesale,2700.0
2019-06-15,Dhaka,Dhaka,Dhaka,2574,23.81,90.41,cereals and tubers,"Rice (coarse, BR-8/ 11/, Guti Sharna)",588,100 KG,actual,Wholesale,2752.78
2019-07-15,Dhaka,Dhaka,Dhaka,2574,23.81,90.41,cereals and tubers,"Rice (coarse, BR-8/ 11/, Guti Sharna)",588,100 KG,actual,Wholesale,2800.41
2019-08-15,Dhaka,Dhaka,Dhaka,2574,23.81,90.41,cereals and tubers,"Rice (coarse, BR-8/ 11/, Guti Sharna)",588,100 KG,actual,Wholesale,2735.82
2019-09-15,Dhaka,Dhaka,Dhaka,2574,23.81,90.41,cereals and tubers,"Rice (coarse, BR-8/ 11/, Guti Sharna)",588,100 KG,actual,Wholesale,2700.0
2019-10-15,Dhaka,Dhaka,Dhaka,2574,23.81,90.41,cereals and tubers,"Rice (coarse, BR-8/ 11/, Guti Sharna)",588,100 KG,actual,Wholesale,2654.55
2019-11-15,Dhaka,Dhaka,Dhaka,2574,23.81,90.41,cereals and tubers,"Rice (coarse, BR-8/ 11/, Guti Sharna)",588,100 KG,actual,Wholesale,2854.74
2019-12-15,Dhaka,Dhaka,Dhaka,2574,23.81,90.41,cereals and tubers,"Rice (coarse, BR-8/ 11/, Guti Sharna)",588,100 KG,actual,Wholesale,2836.11
2020-01-15,Dhaka,Dhaka,Dhaka,2574,23.81,90.41,cereals and tubers,"Rice (coarse, BR-8/ 11/, Guti Sharna)",588,100 KG,actual,Wholesale,2715.38
2020-02-15,Dhaka,Dhaka,Dhaka,2574,23.81,90.41,cereals and tubers,"Rice (coarse, BR-8/ 11/, Guti Sharna)",588,100 KG,actual,Wholesale,2785.29
2020-03-15,Dhaka,Dhaka,Dhaka,2574,23.81,90.41,cereals and tubers,"Rice (coarse, BR-8/ 11/, Guti Sharna)",588,100 KG,actual,Wholesale,3153.85
2020-04-15,Dhaka,Dhaka,Dhaka,2574,23.81,90.41,cereals and tubers,"Rice (coarse, BR-8/ 11/, Guti Sharna)",588,100 KG,actual,Wholesale,3837.5
2020-05-15,Dhaka,Dhaka,Dhaka,2574,23.81,90.41,cereals and tubers,"Rice (coarse, BR-8/ 11/, Guti Sharna)",588,100 KG,actual,Wholesale,3900.0
2020-06-15,Dhaka,Dhaka,Dhaka,2574,23.81,90.41,cereals and tubers,"Rice (coarse, BR-8/ 11/, Guti Sharna)",588,100 KG,actual,Wholesale,3924.69
2020-07-15,Dhaka,Dhaka,Dhaka,2574,23.81,90.41,cereals and tubers,"Rice (coarse, BR-8/ 11/, Guti Sharna)",588,100 KG,actual,Wholesale,4026.92
2020-08-15,Dhaka,Dhaka,Dhaka,2574,23.81,90.41,cereals and tubers,"Rice (coarse, BR-8/ 11/, Guti Sharna)",588,100 KG,actual,Wholesale,4028.95
2020-09-15,Dhaka,Dhaka,Dhaka,2574,23.81,90.41,cereals and tubers,"Rice (coarse, BR-8/ 11/, Guti Sharna)",588,100 KG,actual,Wholesale,4100.0
2020-10-15,Dhaka,Dhaka,Dhaka,2574,23.81,90.41,cereals and tubers,"Rice (coarse, BR-8/ 11/, Guti Sharna)",588,100 KG,actual,Wholesale,4100.0
2020-11-15,Dhaka,Dhaka,Dhaka,2574,23.81,90.41,cereals and tubers,"Rice (coarse, BR-8/ 11/, Guti Sharna)",588,100 KG,actual,Wholesale,4100.0
2020-12-15,Dhaka,Dhaka,Dhaka,2574,23.81,90.41,cereals and tubers,"Rice (coarse, BR-8/ 11/, Guti Sharna)",588,100 KG,actual,Wholesale,4125.0
2021-01-15,Dhaka,Dhaka,Dhaka,2574,23.81,90.41,cereals and tubers,"Rice (coarse, BR-8/ 11/, Guti Sharna)",588,100 KG,actual,Wholesale,4121.43
2021-02-15,Dhaka,Dhaka,Dhaka,2574,23.81,90.41,cereals and tubers,"Rice (coarse, BR-8/ 11/, Guti Sharna)",588,100 KG,actual,Wholesale,4121.05
2021-03-15,Dhaka,Dhaka,Dhaka,2574,23.81,90.41,cereals and tubers,"Rice (coarse, BR-8/ 11/, Guti Sharna)",588,100 KG,actual,Wholesale,4150.0
2021-04-15,Dhaka,Dhaka,Dhaka,2574,23.81,90.41,cereals and tubers,"Rice (coarse, BR-8/ 11/, Guti Sharna)",588,100 KG,actual,Wholesale,4150.0
2021-05-15,Dhaka,Dhaka,Dhaka,2574,23.81,90.41,cereals and tubers,"Rice (coarse, BR-8/ 11/, Guti Sharna)",588,100 KG,actual,Wholesale,4150.0
2013-12-15,Dhaka,Dhaka,Dhaka,2574,23.81,90.41,cereals and tubers,"Rice (coarse, Guti Sharna)",589,KG,actual,Retail,35.97
2014-01-15,Dhaka,Dhaka,Dhaka,2574,23.81,90.41,cereals and tubers,"Rice (coarse, Guti Sharna)",589,KG,actual,Retail,36.74
2014-02-15,Dhaka,Dhaka,Dhaka,2574,23.81,90.41,cereals and tubers,"Rice (coarse, Guti Sharna)",589,KG,actual,Retail,36.13
2014-03-15,Dhaka,Dhaka,Dhaka,2574,23.81,90.41,cereals and tubers,"Rice (coarse, Guti Sharna)",589,KG,actual,Retail,35.62
2014-04-15,Dhaka,Dhaka,Dhaka,2574,23.81,90.41,cereals and tubers,"Rice (coarse, Guti Sharna)",589,KG,actual,Retail,35.5
2014-05-15,Dhaka,Dhaka,Dhaka,2574,23.81,90.41,cereals and tubers,"Rice (coarse, Guti Sharna)",589,KG,actual,Retail,35.5
2014-06-15,Dhaka,Dhaka,Dhaka,2574,23.81,90.41,cereals and tubers,"Rice (coarse, Guti Sharna)",589,KG,actual,Retail,35.5
2014-07-15,Dhaka,Dhaka,Dhaka,2574,23.81,90.41,cereals and tubers,"Rice (coarse, Guti Sharna)",589,KG,actual,Retail,35.74
2014-08-15,Dhaka,Dhaka,Dhaka,2574,23.81,90.41,cereals and tubers,"Rice (coarse, Guti Sharna)",589,KG,actual,Retail,36.08
2014-09-15,Dhaka,Dhaka,Dhaka,2574,23.81,90.41,cereals and tubers,"Rice (coarse, Guti Sharna)",589,KG,actual,Retail,35.98
2014-10-15,Dhaka,Dhaka,Dhaka,2574,23.81,90.41,cereals and tubers,"Rice (coarse, Guti Sharna)",589,KG,actual,Retail,36.0
2014-11-15,Dhaka,Dhaka,Dhaka,2574,23.81,90.41,cereals and tubers,"Rice (coarse, Guti Sharna)",589,KG,actual,Retail,36.0
2014-12-15,Dhaka,Dhaka,Dhaka,2574,23.81,90.41,cereals and tubers,"Rice (coarse, Guti Sharna)",589,KG,actual,Retail,35.64
2015-01-15,Dhaka,Dhaka,Dhaka,2574,23.81,90.41,cereals and tubers,"Rice (coarse, Guti Sharna)",589,KG,actual,Retail,35.4
2015-02-15,Dhaka,Dhaka,Dhaka,2574,23.81,90.41,cereals and tubers,"Rice (coarse, Guti Sharna)",589,KG,actual,Retail,35.37
2015-03-15,Dhaka,Dhaka,Dhaka,2574,23.81,90.41,cereals and tubers,"Rice (coarse, Guti Sharna)",589,KG,actual,Retail,34.24
2015-04-15,Dhaka,Dhaka,Dhaka,2574,23.81,90.41,cereals and tubers,"Rice (coarse, Guti Sharna)",589,KG,actual,Retail,33.97
2015-05-15,Dhaka,Dhaka,Dhaka,2574,23.81,90.41,cereals and tubers,"Rice (coarse, Guti Sharna)",589,KG,actual,Retail,31.89
2015-06-15,Dhaka,Dhaka,Dhaka,2574,23.81,90.41,cereals and tubers,"Rice (coarse, Guti Sharna)",589,KG,actual,Retail,30.93
2015-07-15,Dhaka,Dhaka,Dhaka,2574,23.81,90.41,cereals and tubers,"Rice (coarse, Guti Sharna)",589,KG,actual,Retail,30.9
2015-08-15,Dhaka,Dhaka,Dhaka,2574,23.81,90.41,cereals and tubers,"Rice (coarse, Guti Sharna)",589,KG,actual,Retail,30.86
2015-09-15,Dhaka,Dhaka,Dhaka,2574,23.81,90.41,cereals and tubers,"Rice (coarse, Guti Sharna)",589,KG,actual,Retail,31.0
2015-10-15,Dhaka,Dhaka,Dhaka,2574,23.81,90.41,cereals and tubers,"Rice (coarse, Guti Sharna)",589,KG,actual,Retail,31.33
2015-11-15,Dhaka,Dhaka,Dhaka,2574,23.81,90.41,cereals and tubers,"Rice (coarse, Guti Sharna)",589,KG,actual,Retail,30.41
2015-12-15,Dhaka,Dhaka,Dhaka,2574,23.81,90.41,cereals and tubers,"Rice (coarse, Guti Sharna)",589,KG,actual,Retail,29.35
2016-01-15,Dhaka,Dhaka,Dhaka,2574,23.81,90.41,cereals and tubers,"Rice (coarse, Guti Sharna)",589,KG,actual,Retail,30.0
2016-02-15,Dhaka,Dhaka,Dhaka,2574,23.81,90.41,cereals and tubers,"Rice (coarse, Guti Sharna)",589,KG,actual,Retail,29.31
2016-03-15,Dhaka,Dhaka,Dhaka,2574,23.81,90.41,cereals and tubers,"Rice (coarse, Guti Sharna)",589,KG,actual,Retail,27.81
2016-04-15,Dhaka,Dhaka,Dhaka,2574,23.81,90.41,cereals and tubers,"Rice (coarse, Guti Sharna)",589,KG,actual,Retail,26.89
2016-05-15,Dhaka,Dhaka,Dhaka,2574,23.81,90.41,cereals and tubers,"Rice (coarse, Guti Sharna)",589,KG,actual,Retail,26.5
2016-06-15,Dhaka,Dhaka,Dhaka,2574,23.81,90.41,cereals and tubers,"Rice (coarse, Guti Sharna)",589,KG,actual,Retail,28.48
2016-07-15,Dhaka,Dhaka,Dhaka,2574,23.81,90.41,cereals and tubers,"Rice (coarse, Guti Sharna)",589,KG,actual,Retail,31.0
2016-08-15,Dhaka,Dhaka,Dhaka,2574,23.81,90.41,cereals and tubers,"Rice (coarse, Guti Sharna)",589,KG,actual,Retail,33.77
2016-09-15,Dhaka,Dhaka,Dhaka,2574,23.81,90.41,cereals and tubers,"Rice (coarse, Guti Sharna)",589,KG,actual,Retail,36.22
2016-10-15,Dhaka,Dhaka,Dhaka,2574,23.81,90.41,cereals and tubers,"Rice (coarse, Guti Sharna)",589,KG,actual,Retail,38.9
2016-11-15,Dhaka,Dhaka,Dhaka,2574,23.81,90.41,cereals and tubers,"Rice (coarse, Guti Sharna)",589,KG,actual,Retail,38.54
2016-12-15,Dhaka,Dhaka,Dhaka,2574,23.81,90.41,cereals and tubers,"Rice (coarse, Guti Sharna)",589,KG,actual,Retail,36.38
2017-01-15,Dhaka,Dhaka,Dhaka,2574,23.81,90.41,cereals and tubers,"Rice (coarse, Guti Sharna)",589,KG,actual,Retail,35.84
2017-02-15,Dhaka,Dhaka,Dhaka,2574,23.81,90.41,cereals and tubers,"Rice (coarse, Guti Sharna)",589,KG,actual,Retail,37.0
2017-03-15,Dhaka,Dhaka,Dhaka,2574,23.81,90.41,cereals and tubers,"Rice (coarse, Guti Sharna)",589,KG,actual,Retail,37.5
2017-04-15,Dhaka,Dhaka,Dhaka,2574,23.81,90.41,cereals and tubers,"Rice (coarse, Guti Sharna)",589,KG,actual,Retail,39.75
2017-05-15,Dhaka,Dhaka,Dhaka,2574,23.81,90.41,cereals and tubers,"Rice (coarse, Guti Sharna)",589,KG,actual,Retail,47.0
2017-06-15,Dhaka,Dhaka,Dhaka,2574,23.81,90.41,cereals and tubers,"Rice (coarse, Guti Sharna)",589,KG,actual,Retail,47.19
2017-07-15,Dhaka,Dhaka,Dhaka,2574,23.81,90.41,cereals and tubers,"Rice (coarse, Guti Sharna)",589,KG,actual,Retail,44.31
2013-12-15,Dhaka,Dhaka,Dhaka,2574,23.81,90.41,cereals and tubers,"Rice (coarse, Guti Sharna)",589,100 KG,actual,Wholesale,3323.44
2014-01-15,Dhaka,Dhaka,Dhaka,2574,23.81,90.41,cereals and tubers,"Rice (coarse, Guti Sharna)",589,100 KG,actual,Wholesale,3407.5
2014-02-15,Dhaka,Dhaka,Dhaka,2574,23.81,90.41,cereals and tubers,"Rice (coarse, Guti Sharna)",589,100 KG,actual,Wholesale,3331.94
2014-03-15,Dhaka,Dhaka,Dhaka,2574,23.81,90.41,cereals and tubers,"Rice (coarse, Guti Sharna)",589,100 KG,actual,Wholesale,3297.65
2014-04-15,Dhaka,Dhaka,Dhaka,2574,23.81,90.41,cereals and tubers,"Rice (coarse, Guti Sharna)",589,100 KG,actual,Wholesale,3313.16
2014-05-15,Dhaka,Dhaka,Dhaka,2574,23.81,90.41,cereals and tubers,"Rice (coarse, Guti Sharna)",589,100 KG,actual,Wholesale,3243.75
2014-06-15,Dhaka,Dhaka,Dhaka,2574,23.81,90.41,cereals and tubers,"Rice (coarse, Guti Sharna)",589,100 KG,actual,Wholesale,3333.33
2014-07-15,Dhaka,Dhaka,Dhaka,2574,23.81,90.41,cereals and tubers,"Rice (coarse, Guti Sharna)",589,100 KG,actual,Wholesale,3356.25
2014-08-15,Dhaka,Dhaka,Dhaka,2574,23.81,90.41,cereals and tubers,"Rice (coarse, Guti Sharna)",589,100 KG,actual,Wholesale,3418.75
2014-09-15,Dhaka,Dhaka,Dhaka,2574,23.81,90.41,cereals and tubers,"Rice (coarse, Guti Sharna)",589,100 KG,actual,Wholesale,3400.53
2014-10-15,Dhaka,Dhaka,Dhaka,2574,23.81,90.41,cereals and tubers,"Rice (coarse, Guti Sharna)",589,100 KG,actual,Wholesale,3402.5
2014-11-15,Dhaka,Dhaka,Dhaka,2574,23.81,90.41,cereals and tubers,"Rice (coarse, Guti Sharna)",589,100 KG,actual,Wholesale,3335.94
2014-12-15,Dhaka,Dhaka,Dhaka,2574,23.81,90.41,cereals and tubers,"Rice (coarse, Guti Sharna)",589,100 KG,actual,Wholesale,3094.74
2015-01-15,Dhaka,Dhaka,Dhaka,2574,23.81,90.41,cereals and tubers,"Rice (coarse, Guti Sharna)",589,100 KG,actual,Wholesale,3146.15
2015-02-15,Dhaka,Dhaka,Dhaka,2574,23.81,90.41,cereals and tubers,"Rice (coarse, Guti Sharna)",589,100 KG,actual,Wholesale,3079.17
2015-03-15,Dhaka,Dhaka,Dhaka,2574,23.81,90.41,cereals and tubers,"Rice (coarse, Guti Sharna)",589,100 KG,actual,Wholesale,2826.32
2015-04-15,Dhaka,Dhaka,Dhaka,2574,23.81,90.41,cereals and tubers,"Rice (coarse, Guti Sharna)",589,100 KG,actual,Wholesale,2695.31
2015-05-15,Dhaka,Dhaka,Dhaka,2574,23.81,90.41,cereals and tubers,"Rice (coarse, Guti Sharna)",589,100 KG,actual,Wholesale,2697.22
2015-06-15,Dhaka,Dhaka,Dhaka,2574,23.81,90.41,cereals and tubers,"Rice (coarse, Guti Sharna)",589,100 KG,actual,Wholesale,2723.75
2015-07-15,Dhaka,Dhaka,Dhaka,2574,23.81,90.41,cereals and tubers,"Rice (coarse, Guti Sharna)",589,100 KG,actual,Wholesale,2759.62
2015-08-15,Dhaka,Dhaka,Dhaka,2574,23.81,90.41,cereals and tubers,"Rice (coarse, Guti Sharna)",589,100 KG,actual,Wholesale,2737.5
2015-09-15,Dhaka,Dhaka,Dhaka,2574,23.81,90.41,cereals and tubers,"Rice (coarse, Guti Sharna)",589,100 KG,actual,Wholesale,2692.19
2015-10-15,Dhaka,Dhaka,Dhaka,2574,23.81,90.41,cereals and tubers,"Rice (coarse, Guti Sharna)",589,100 KG,actual,Wholesale,2756.67
2015-11-15,Dhaka,Dhaka,Dhaka,2574,23.81,90.41,cereals and tubers,"Rice (coarse, Guti Sharna)",589,100 KG,actual,Wholesale,2667.19
2015-12-15,Dhaka,Dhaka,Dhaka,2574,23.81,90.41,cereals and tubers,"Rice (coarse, Guti Sharna)",589,100 KG,actual,Wholesale,2592.5
2016-01-15,Dhaka,Dhaka,Dhaka,2574,23.81,90.41,cereals and tubers,"Rice (coarse, Guti Sharna)",589,100 KG,actual,Wholesale,2611.9
2016-02-15,Dhaka,Dhaka,Dhaka,2574,23.81,90.41,cereals and tubers,"Rice (coarse, Guti Sharna)",589,100 KG,actual,Wholesale,2561.11
2016-03-15,Dhaka,Dhaka,Dhaka,2574,23.81,90.41,cereals and tubers,"Rice (coarse, Guti Sharna)",589,100 KG,actual,Wholesale,2368.75
2016-04-15,Dhaka,Dhaka,Dhaka,2574,23.81,90.41,cereals and tubers,"Rice (coarse, Guti Sharna)",589,100 KG,actual,Wholesale,2343.42
2016-05-15,Dhaka,Dhaka,Dhaka,2574,23.81,90.41,cereals and tubers,"Rice (coarse, Guti Sharna)",589,100 KG,actual,Wholesale,2348.75
2016-06-15,Dhaka,Dhaka,Dhaka,2574,23.81,90.41,cereals and tubers,"Rice (coarse, Guti Sharna)",589,100 KG,actual,Wholesale,2612.5
2016-07-15,Dhaka,Dhaka,Dhaka,2574,23.81,90.41,cereals and tubers,"Rice (coarse, Guti Sharna)",589,100 KG,actual,Wholesale,2861.36
2016-08-15,Dhaka,Dhaka,Dhaka,2574,23.81,90.41,cereals and tubers,"Rice (coarse, Guti Sharna)",589,100 KG,actual,Wholesale,3201.92
2016-09-15,Dhaka,Dhaka,Dhaka,2574,23.81,90.41,cereals and tubers,"Rice (coarse, Guti Sharna)",589,100 KG,actual,Wholesale,3486.11
2016-10-15,Dhaka,Dhaka,Dhaka,2574,23.81,90.41,cereals and tubers,"Rice (coarse, Guti Sharna)",589,100 KG,actual,Wholesale,3611.36
2016-11-15,Dhaka,Dhaka,Dhaka,2574,23.81,90.41,cereals and tubers,"Rice (coarse, Guti Sharna)",589,100 KG,actual,Wholesale,3566.07
2016-12-15,Dhaka,Dhaka,Dhaka,2574,23.81,90.41,cereals and tubers,"Rice (coarse, Guti Sharna)",589,100 KG,actual,Wholesale,3317.31
2017-01-15,Dhaka,Dhaka,Dhaka,2574,23.81,90.41,cereals and tubers,"Rice (coarse, Guti Sharna)",589,100 KG,actual,Wholesale,3393.75
2017-02-15,Dhaka,Dhaka,Dhaka,2574,23.81,90.41,cereals and tubers,"Rice (coarse, Guti Sharna)",589,100 KG,actual,Wholesale,3543.75
2017-03-15,Dhaka,Dhaka,Dhaka,2574,23.81,90.41,cereals and tubers,"Rice (coarse, Guti Sharna)",589,100 KG,actual,Wholesale,3595.83
2017-04-15,Dhaka,Dhaka,Dhaka,2574,23.81,90.41,cereals and tubers,"Rice (coarse, Guti Sharna)",589,100 KG,actual,Wholesale,3850.0
2017-05-15,Dhaka,Dhaka,Dhaka,2574,23.81,90.41,cereals and tubers,"Rice (coarse, Guti Sharna)",589,100 KG,actual,Wholesale,4450.0
2017-06-15,Dhaka,Dhaka,Dhaka,2574,23.81,90.41,cereals and tubers,"Rice (coarse, Guti Sharna)",589,100 KG,actual,Wholesale,4522.22
2017-07-15,Dhaka,Dhaka,Dhaka,2574,23.81,90.41,cereals and tubers,"Rice (coarse, Guti Sharna)",589,100 KG,actual,Wholesale,4176.56
2008-01-15,Dhaka,Dhaka,Dhaka,2574,23.81,90.41,cereals and tubers,Rice (medium grain),131,KG,actual,Retail,33.5
2008-05-15,Dhaka,Dhaka,Dhaka,2574,23.81,90.41,cereals and tubers,Rice (medium grain),131,KG,actual,Retail,34.11
2008-06-15,Dhaka,Dhaka,Dhaka,2574,23.81,90.41,cereals and tubers,Rice (medium grain),131,KG,actual,Retail,34.4
2008-08-15,Dhaka,Dhaka,Dhaka,2574,23.81,90.41,cereals and tubers,Rice (medium grain),131,KG,actual,Retail,36.5
2008-09-15,Dhaka,Dhaka,Dhaka,2574,23.81,90.41,cereals and tubers,Rice (medium grain),131,KG,actual,Retail,35.92
2008-10-15,Dhaka,Dhaka,Dhaka,2574,23.81,90.41,cereals and tubers,Rice (medium grain),131,KG,actual,Retail,35.75
2008-11-15,Dhaka,Dhaka,Dhaka,2574,23.81,90.41,cereals and tubers,Rice (medium grain),131,KG,actual,Retail,33.29
2008-12-15,Dhaka,Dhaka,Dhaka,2574,23.81,90.41,cereals and tubers,Rice (medium grain),131,KG,actual,Retail,31.77
2009-04-15,Dhaka,Dhaka,Dhaka,2574,23.81,90.41,cereals and tubers,Rice (medium grain),131,KG,actual,Retail,26.25
2009-07-15,Dhaka,Dhaka,Dhaka,2574,23.81,90.41,cereals and tubers,Rice (medium grain),131,KG,actual,Retail,25.0
2009-08-15,Dhaka,Dhaka,Dhaka,2574,23.81,90.41,cereals and tubers,Rice (medium grain),131,KG,actual,Retail,25.0
2009-09-15,Dhaka,Dhaka,Dhaka,2574,23.81,90.41,cereals and tubers,Rice (medium grain),131,KG,actual,Retail,25.25
2009-10-15,Dhaka,Dhaka,Dhaka,2574,23.81,90.41,cereals and tubers,Rice (medium grain),131,KG,actual,Retail,26.0
2009-11-15,Dhaka,Dhaka,Dhaka,2574,23.81,90.41,cereals and tubers,Rice (medium grain),131,KG,actual,Retail,26.59
2009-12-15,Dhaka,Dhaka,Dhaka,2574,23.81,90.41,cereals and tubers,Rice (medium grain),131,KG,actual,Retail,28.85
2010-02-15,Dhaka,Dhaka,Dhaka,2574,23.81,90.41,cereals and tubers,Rice (medium grain),131,KG,actual,Retail,35.53
2010-03-15,Dhaka,Dhaka,Dhaka,2574,23.81,90.41,cereals and tubers,Rice (medium grain),131,KG,actual,Retail,35.0
2010-04-15,Dhaka,Dhaka,Dhaka,2574,23.81,90.41,cereals and tubers,Rice (medium grain),131,KG,actual,Retail,33.64
2010-05-15,Dhaka,Dhaka,Dhaka,2574,23.81,90.41,cereals and tubers,Rice (medium grain),131,KG,actual,Retail,31.5
2010-06-15,Dhaka,Dhaka,Dhaka,2574,23.81,90.41,cereals and tubers,Rice (medium grain),131,KG,actual,Retail,33.36
2010-07-15,Dhaka,Dhaka,Dhaka,2574,23.81,90.41,cereals and tubers,Rice (medium grain),131,KG,actual,Retail,34.97
2010-08-15,Dhaka,Dhaka,Dhaka,2574,23.81,90.41,cereals and tubers,Rice (medium grain),131,KG,actual,Retail,35.05
2010-09-15,Dhaka,Dhaka,Dhaka,2574,23.81,90.41,cereals and tubers,Rice (medium grain),131,KG,actual,Retail,36.43
2010-10-15,Dhaka,Dhaka,Dhaka,2574,23.81,90.41,cereals and tubers,Rice (medium grain),131,KG,actual,Retail,37.0
2010-11-15,Dhaka,Dhaka,Dhaka,2574,23.81,90.41,cereals and tubers,Rice (medium grain),131,KG,actual,Retail,37.11
2010-12-15,Dhaka,Dhaka,Dhaka,2574,23.81,90.41,cereals and tubers,Rice (medium grain),131,KG,actual,Retail,38.85
2011-01-15,Dhaka,Dhaka,Dhaka,2574,23.81,90.41,cereals and tubers,Rice (medium grain),131,KG,actual,Retail,41.18
2011-02-15,Dhaka,Dhaka,Dhaka,2574,23.81,90.41,cereals and tubers,Rice (medium grain),131,KG,actual,Retail,42.0
2011-03-15,Dhaka,Dhaka,Dhaka,2574,23.81,90.41,cereals and tubers,Rice (medium grain),131,KG,actual,Retail,40.64
2011-06-15,Dhaka,Dhaka,Dhaka,2574,23.81,90.41,cereals and tubers,Rice (medium grain),131,KG,actual,Retail,34.23
2011-07-15,Dhaka,Dhaka,Dhaka,2574,23.81,90.41,cereals and tubers,Rice (medium grain),131,KG,actual,Retail,36.23
2011-09-15,Dhaka,Dhaka,Dhaka,2574,23.81,90.41,cereals and tubers,Rice (medium grain),131,KG,actual,Retail,36.5
2011-10-15,Dhaka,Dhaka,Dhaka,2574,23.81,90.41,cereals and tubers,Rice (medium grain),131,KG,actual,Retail,36.02
2011-11-15,Dhaka,Dhaka,Dhaka,2574,23.81,90.41,cereals and tubers,Rice (medium grain),131,KG,actual,Retail,34.56
2011-12-15,Dhaka,Dhaka,Dhaka,2574,23.81,90.41,cereals and tubers,Rice (medium grain),131,KG,actual,Retail,34.0
2012-01-15,Dhaka,Dhaka,Dhaka,2574,23.81,90.41,cereals and tubers,Rice (medium grain),131,KG,actual,Retail,34.11
2012-02-15,Dhaka,Dhaka,Dhaka,2574,23.81,90.41,cereals and tubers,Rice (medium grain),131,KG,actual,Retail,34.0
2012-07-15,Dhaka,Dhaka,Dhaka,2574,23.81,90.41,cereals and tubers,Rice (medium grain),131,KG,actual,Retail,31.8
2012-08-15,Dhaka,Dhaka,Dhaka,2574,23.81,90.41,cereals and tubers,Rice (medium grain),131,KG,actual,Retail,31.8
2012-09-15,Dhaka,Dhaka,Dhaka,2574,23.81,90.41,cereals and tubers,Rice (medium grain),131,KG,actual,Retail,32.5
2012-10-15,Dhaka,Dhaka,Dhaka,2574,23.81,90.41,cereals and tubers,Rice (medium grain),131,KG,actual,Retail,32.5
2012-11-15,Dhaka,Dhaka,Dhaka,2574,23.81,90.41,cereals and tubers,Rice (medium grain),131,KG,actual,Retail,32.5
2012-12-15,Dhaka,Dhaka,Dhaka,2574,23.81,90.41,cereals and tubers,Rice (medium grain),131,KG,actual,Retail,32.5
2013-01-15,Dhaka,Dhaka,Dhaka,2574,23.81,90.41,cereals and tubers,Rice (medium grain),131,KG,actual,Retail,34.5
2013-03-15,Dhaka,Dhaka,Dhaka,2574,23.81,90.41,cereals and tubers,Rice (medium grain),131,KG,actual,Retail,37.5
2013-05-15,Dhaka,Dhaka,Dhaka,2574,23.81,90.41,cereals and tubers,Rice (medium grain),131,KG,actual,Retail,34.86
2013-06-15,Dhaka,Dhaka,Dhaka,2574,23.81,90.41,cereals and tubers,Rice (medium grain),131,KG,actual,Retail,34.83
2013-08-15,Dhaka,Dhaka,Dhaka,2574,23.81,90.41,cereals and tubers,Rice (medium grain),131,KG,actual,Retail,37.04
2013-09-15,Dhaka,Dhaka,Dhaka,2574,23.81,90.41,cereals and tubers,Rice (medium grain),131,KG,actual,Retail,38.1
2013-10-15,Dhaka,Dhaka,Dhaka,2574,23.81,90.41,cereals and tubers,Rice (medium grain),131,KG,actual,Retail,38.0
2013-11-15,Dhaka,Dhaka,Dhaka,2574,23.81,90.41,cereals and tubers,Rice (medium grain),131,KG,actual,Retail,39.39
2013-12-15,Dhaka,Dhaka,Dhaka,2574,23.81,90.41,cereals and tubers,Rice (medium grain),131,KG,actual,Retail,39.66
2014-01-15,Dhaka,Dhaka,Dhaka,2574,23.81,90.41,cereals and tubers,Rice (medium grain),131,KG,actual,Retail,39.92
2014-04-15,Dhaka,Dhaka,Dhaka,2574,23.81,90.41,cereals and tubers,Rice (medium grain),131,KG,actual,Retail,39.74
2014-05-15,Dhaka,Dhaka,Dhaka,2574,23.81,90.41,cereals and tubers,Rice (medium grain),131,KG,actual,Retail,38.88
2014-07-15,Dhaka,Dhaka,Dhaka,2574,23.81,90.41,cereals and tubers,Rice (medium grain),131,KG,actual,Retail,39.63
2014-08-15,Dhaka,Dhaka,Dhaka,2574,23.81,90.41,cereals and tubers,Rice (medium grain),131,KG,actual,Retail,40.0
2014-09-15,Dhaka,Dhaka,Dhaka,2574,23.81,90.41,cereals and tubers,Rice (medium grain),131,KG,actual,Retail,40.0
2014-10-15,Dhaka,Dhaka,Dhaka,2574,23.81,90.41,cereals and tubers,Rice (medium grain),131,KG,actual,Retail,40.19
2014-11-15,Dhaka,Dhaka,Dhaka,2574,23.81,90.41,cereals and tubers,Rice (medium grain),131,KG,actual,Retail,40.5
2014-12-15,Dhaka,Dhaka,Dhaka,2574,23.81,90.41,cereals and tubers,Rice (medium grain),131,KG,actual,Retail,39.02
2015-01-15,Dhaka,Dhaka,Dhaka,2574,23.81,90.41,cereals and tubers,Rice (medium grain),131,KG,actual,Retail,38.5
2015-02-15,Dhaka,Dhaka,Dhaka,2574,23.81,90.41,cereals and tubers,Rice (medium grain),131,KG,actual,Retail,39.45
2015-06-15,Dhaka,Dhaka,Dhaka,2574,23.81,90.41,cereals and tubers,Rice (medium grain),131,KG,actual,Retail,36.0
2015-08-15,Dhaka,Dhaka,Dhaka,2574,23.81,90.41,cereals and tubers,Rice (medium grain),131,KG,actual,Retail,36.02
2015-09-15,Dhaka,Dhaka,Dhaka,2574,23.81,90.41,cereals and tubers,Rice (medium grain),131,KG,actual,Retail,36.03
2015-10-15,Dhaka,Dhaka,Dhaka,2574,23.81,90.41,cereals and tubers,Rice (medium grain),131,KG,actual,Retail,36.5
2015-11-15,Dhaka,Dhaka,Dhaka,2574,23.81,90.41,cereals and tubers,Rice (medium grain),131,KG,actual,Retail,35.72
2015-12-15,Dhaka,Dhaka,Dhaka,2574,23.81,90.41,cereals and tubers,Rice (medium grain),131,KG,actual,Retail,34.9
2016-02-15,Dhaka,Dhaka,Dhaka,2574,23.81,90.41,cereals and tubers,Rice (medium grain),131,KG,actual,Retail,35.86
2016-05-15,Dhaka,Dhaka,Dhaka,2574,23.81,90.41,cereals and tubers,Rice (medium grain),131,KG,actual,Retail,33.55
2016-06-15,Dhaka,Dhaka,Dhaka,2574,23.81,90.41,cereals and tubers,Rice (medium grain),131,KG,actual,Retail,34.5
2016-08-15,Dhaka,Dhaka,Dhaka,2574,23.81,90.41,cereals and tubers,Rice (medium grain),131,KG,actual,Retail,36.62
2016-09-15,Dhaka,Dhaka,Dhaka,2574,23.81,90.41,cereals and tubers,Rice (medium grain),131,KG,actual,Retail,39.39
2016-10-15,Dhaka,Dhaka,Dhaka,2574,23.81,90.41,cereals and tubers,Rice (medium grain),131,KG,actual,Retail,40.5
2016-11-15,Dhaka,Dhaka,Dhaka,2574,23.81,90.41,cereals and tubers,Rice (medium grain),131,KG,actual,Retail,40.11
2016-12-15,Dhaka,Dhaka,Dhaka,2574,23.81,90.41,cereals and tubers,Rice (medium grain),131,KG,actual,Retail,40.0
2017-06-15,Dhaka,Dhaka,Dhaka,2574,23.81,90.41,cereals and tubers,Rice (medium grain),131,KG,actual,Retail,50.14
2017-08-15,Dhaka,Dhaka,Dhaka,2574,23.81,90.41,cereals and tubers,Rice (medium grain),131,KG,actual,Retail,48.4
2017-09-15,Dhaka,Dhaka,Dhaka,2574,23.81,90.41,cereals and tubers,Rice (medium grain),131,KG,actual,Retail,52.47
2017-10-15,Dhaka,Dhaka,Dhaka,2574,23.81,90.41,cereals and tubers,Rice (medium grain),131,KG,actual,Retail,50.44
2017-11-15,Dhaka,Dhaka,Dhaka,2574,23.81,90.41,cereals and tubers,Rice (medium grain),131,KG,actual,Retail,48.12
2017-12-15,Dhaka,Dhaka,Dhaka,2574,23.81,90.41,cereals and tubers,Rice (medium grain),131,KG,actual,Retail,49.8
2018-01-15,Dhaka,Dhaka,Dhaka,2574,23.81,90.41,cereals and tubers,Rice (medium grain),131,KG,actual,Retail,51.0
2018-04-15,Dhaka,Dhaka,Dhaka,2574,23.81,90.41,cereals and tubers,Rice (medium grain),131,KG,actual,Retail,49.6
2018-08-15,Dhaka,Dhaka,Dhaka,2574,23.81,90.41,cereals and tubers,Rice (medium grain),131,KG,actual,Retail,46.4
2018-09-15,Dhaka,Dhaka,Dhaka,2574,23.81,90.41,cereals and tubers,Rice (medium grain),131,KG,actual,Retail,45.63
2018-10-15,Dhaka,Dhaka,Dhaka,2574,23.81,90.41,cereals and tubers,Rice (medium grain),131,KG,actual,Retail,44.45
2018-11-15,Dhaka,Dhaka,Dhaka,2574,23.81,90.41,cereals and tubers,Rice (medium grain),131,KG,actual,Retail,43.29
2018-12-15,Dhaka,Dhaka,Dhaka,2574,23.81,90.41,cereals and tubers,Rice (medium grain),131,KG,actual,Retail,41.06
2019-05-15,Dhaka,Dhaka,Dhaka,2574,23.81,90.41,cereals and tubers,Rice (medium grain),131,KG,actual,Retail,39.0
2019-06-15,Dhaka,Dhaka,Dhaka,2574,23.81,90.41,cereals and tubers,Rice (medium grain),131,KG,actual,Retail,39.0
2019-08-15,Dhaka,Dhaka,Dhaka,2574,23.81,90.41,cereals and tubers,Rice (medium grain),131,KG,actual,Retail,37.56
2019-09-15,Dhaka,Dhaka,Dhaka,2574,23.81,90.41,cereals and tubers,Rice (medium grain),131,KG,actual,Retail,37.0
2019-10-15,Dhaka,Dhaka,Dhaka,2574,23.81,90.41,cereals and tubers,Rice (medium grain),131,KG,actual,Retail,36.52
2019-11-15,Dhaka,Dhaka,Dhaka,2574,23.81,90.41,cereals and tubers,Rice (medium grain),131,KG,actual,Retail,37.38
2019-12-15,Dhaka,Dhaka,Dhaka,2574,23.81,90.41,cereals and tubers,Rice (medium grain),131,KG,actual,Retail,37.52
2020-01-15,Dhaka,Dhaka,Dhaka,2574,23.81,90.41,cereals and tubers,Rice (medium grain),131,KG,actual,Retail,36.45
2020-03-15,Dhaka,Dhaka,Dhaka,2574,23.81,90.41,cereals and tubers,Rice (medium grain),131,KG,actual,Retail,41.38
2020-07-15,Dhaka,Dhaka,Dhaka,2574,23.81,90.41,cereals and tubers,Rice (medium grain),131,KG,actual,Retail,44.38
2020-08-15,Dhaka,Dhaka,Dhaka,2574,23.81,90.41,cereals and tubers,Rice (medium grain),131,KG,actual,Retail,45.95
2020-09-15,Dhaka,Dhaka,Dhaka,2574,23.81,90.41,cereals and tubers,Rice (medium grain),131,KG,actual,Retail,48.19
2020-10-15,Dhaka,Dhaka,Dhaka,2574,23.81,90.41,cereals and tubers,Rice (medium grain),131,KG,actual,Retail,49.25
2020-11-15,Dhaka,Dhaka,Dhaka,2574,23.81,90.41,cereals and tubers,Rice (medium grain),131,KG,actual,Retail,49.0
2020-12-15,Dhaka,Dhaka,Dhaka,2574,23.81,90.41,cereals and tubers,Rice (medium grain),131,KG,actual,Retail,50.05
2021-03-15,Dhaka,Dhaka,Dhaka,2574,23.81,90.41,cereals and tubers,Rice (medium grain),131,KG,actual,Retail,52.0
2021-04-15,Dhaka,Dhaka,Dhaka,2574,23.81,90.41,cereals and tubers,Rice (medium grain),131,KG,actual,Retail,52.0
2008-01-15,Dhaka,Dhaka,Dhaka,2574,23.81,90.41,cereals and tubers,Rice (medium grain),131,100 KG,actual,Wholesale,3085.25
2008-02-15,Dhaka,Dhaka,Dhaka,2574,23.81,90.41,cereals and tubers,Rice (medium grain),131,100 KG,actual,Wholesale,3173.11
2008-03-15,Dhaka,Dhaka,Dhaka,2574,23.81,90.41,cereals and tubers,Rice (medium grain),131,100 KG,actual,Wholesale,3241.95
2008-04-15,Dhaka,Dhaka,Dhaka,2574,23.81,90.41,cereals and tubers,Rice (medium grain),131,100 KG,actual,Wholesale,3501.31
2008-05-15,Dhaka,Dhaka,Dhaka,2574,23.81,90.41,cereals and tubers,Rice (medium grain),131,100 KG,actual,Wholesale,3165.18
2008-06-15,Dhaka,Dhaka,Dhaka,2574,23.81,90.41,cereals and tubers,Rice (medium grain),131,100 KG,actual,Wholesale,3235.38
2008-07-15,Dhaka,Dhaka,Dhaka,2574,23.81,90.41,cereals and tubers,Rice (medium grain),131,100 KG,actual,Wholesale,3526.39
2008-08-15,Dhaka,Dhaka,Dhaka,2574,23.81,90.41,cereals and tubers,Rice (medium grain),131,100 KG,actual,Wholesale,3400.47
2008-09-15,Dhaka,Dhaka,Dhaka,2574,23.81,90.41,cereals and tubers,Rice (medium grain),131,100 KG,actual,Wholesale,3306.92
2008-10-15,Dhaka,Dhaka,Dhaka,2574,23.81,90.41,cereals and tubers,Rice (medium grain),131,100 KG,actual,Wholesale,3232.78
2008-11-15,Dhaka,Dhaka,Dhaka,2574,23.81,90.41,cereals and tubers,Rice (medium grain),131,100 KG,actual,Wholesale,2920.5
2008-12-15,Dhaka,Dhaka,Dhaka,2574,23.81,90.41,cereals and tubers,Rice (medium grain),131,100 KG,actual,Wholesale,2962.17
2009-01-15,Dhaka,Dhaka,Dhaka,2574,23.81,90.41,cereals and tubers,Rice (medium grain),131,100 KG,actual,Wholesale,2788.14
2009-02-15,Dhaka,Dhaka,Dhaka,2574,23.81,90.41,cereals and tubers,Rice (medium grain),131,100 KG,actual,Wholesale,2701.08
2009-03-15,Dhaka,Dhaka,Dhaka,2574,23.81,90.41,cereals and tubers,Rice (medium grain),131,100 KG,actual,Wholesale,2484.08
2009-04-15,Dhaka,Dhaka,Dhaka,2574,23.81,90.41,cereals and tubers,Rice (medium grain),131,100 KG,actual,Wholesale,2252.25
2009-05-15,Dhaka,Dhaka,Dhaka,2574,23.81,90.41,cereals and tubers,Rice (medium grain),131,100 KG,actual,Wholesale,2317.68
2009-06-15,Dhaka,Dhaka,Dhaka,2574,23.81,90.41,cereals and tubers,Rice (medium grain),131,100 KG,actual,Wholesale,2255.12
2009-07-15,Dhaka,Dhaka,Dhaka,2574,23.81,90.41,cereals and tubers,Rice (medium grain),131,100 KG,actual,Wholesale,2276.85
2009-08-15,Dhaka,Dhaka,Dhaka,2574,23.81,90.41,cereals and tubers,Rice (medium grain),131,100 KG,actual,Wholesale,2273.78
2009-09-15,Dhaka,Dhaka,Dhaka,2574,23.81,90.41,cereals and tubers,Rice (medium grain),131,100 KG,actual,Wholesale,2324.75
2009-10-15,Dhaka,Dhaka,Dhaka,2574,23.81,90.41,cereals and tubers,Rice (medium grain),131,100 KG,actual,Wholesale,2422.73
2009-11-15,Dhaka,Dhaka,Dhaka,2574,23.81,90.41,cereals and tubers,Rice (medium grain),131,100 KG,actual,Wholesale,2458.24
2009-12-15,Dhaka,Dhaka,Dhaka,2574,23.81,90.41,cereals and tubers,Rice (medium grain),131,100 KG,actual,Wholesale,2605.2
2010-01-15,Dhaka,Dhaka,Dhaka,2574,23.81,90.41,cereals and tubers,Rice (medium grain),131,100 KG,actual,Wholesale,3048.19
2010-02-15,Dhaka,Dhaka,Dhaka,2574,23.81,90.41,cereals and tubers,Rice (medium grain),131,100 KG,actual,Wholesale,3302.73
2010-03-15,Dhaka,Dhaka,Dhaka,2574,23.81,90.41,cereals and tubers,Rice (medium grain),131,100 KG,actual,Wholesale,3216.33
2010-04-15,Dhaka,Dhaka,Dhaka,2574,23.81,90.41,cereals and tubers,Rice (medium grain),131,100 KG,actual,Wholesale,3031.11
2010-05-15,Dhaka,Dhaka,Dhaka,2574,23.81,90.41,cereals and tubers,Rice (medium grain),131,100 KG,actual,Wholesale,2919.15
2010-06-15,Dhaka,Dhaka,Dhaka,2574,23.81,90.41,cereals and tubers,Rice (medium grain),131,100 KG,actual,Wholesale,3055.6
2010-07-15,Dhaka,Dhaka,Dhaka,2574,23.81,90.41,cereals and tubers,Rice (medium grain),131,100 KG,actual,Wholesale,3272.68
2010-08-15,Dhaka,Dhaka,Dhaka,2574,23.81,90.41,cereals and tubers,Rice (medium grain),131,100 KG,actual,Wholesale,3255.36
2010-09-15,Dhaka,Dhaka,Dhaka,2574,23.81,90.41,cereals and tubers,Rice (medium grain),131,100 KG,actual,Wholesale,3439.2
2010-10-15,Dhaka,Dhaka,Dhaka,2574,23.81,90.41,cereals and tubers,Rice (medium grain),131,100 KG,actual,Wholesale,3522.65
2010-11-15,Dhaka,Dhaka,Dhaka,2574,23.81,90.41,cereals and tubers,Rice (medium grain),131,100 KG,actual,Wholesale,3538.97
2010-12-15,Dhaka,Dhaka,Dhaka,2574,23.81,90.41,cereals and tubers,Rice (medium grain),131,100 KG,actual,Wholesale,3733.1
2011-01-15,Dhaka,Dhaka,Dhaka,2574,23.81,90.41,cereals and tubers,Rice (medium grain),131,100 KG,actual,Wholesale,3844.27
2011-02-15,Dhaka,Dhaka,Dhaka,2574,23.81,90.41,cereals and tubers,Rice (medium grain),131,100 KG,actual,Wholesale,3873.47
2011-03-15,Dhaka,Dhaka,Dhaka,2574,23.81,90.41,cereals and tubers,Rice (medium grain),131,100 KG,actual,Wholesale,3820.8
2011-04-15,Dhaka,Dhaka,Dhaka,2574,23.81,90.41,cereals and tubers,Rice (medium grain),131,100 KG,actual,Wholesale,3819.0
2011-05-15,Dhaka,Dhaka,Dhaka,2574,23.81,90.41,cereals and tubers,Rice (medium grain),131,100 KG,actual,Wholesale,3352.09
2011-06-15,Dhaka,Dhaka,Dhaka,2574,23.81,90.41,cereals and tubers,Rice (medium grain),131,100 KG,actual,Wholesale,3271.42
2011-07-15,Dhaka,Dhaka,Dhaka,2574,23.81,90.41,cereals and tubers,Rice (medium grain),131,100 KG,actual,Wholesale,3450.09
2011-08-15,Dhaka,Dhaka,Dhaka,2574,23.81,90.41,cereals and tubers,Rice (medium grain),131,100 KG,actual,Wholesale,3410.71
2011-09-15,Dhaka,Dhaka,Dhaka,2574,23.81,90.41,cereals and tubers,Rice (medium grain),131,100 KG,actual,Wholesale,3445.16
2011-10-15,Dhaka,Dhaka,Dhaka,2574,23.81,90.41,cereals and tubers,Rice (medium grain),131,100 KG,actual,Wholesale,3330.43
2011-11-15,Dhaka,Dhaka,Dhaka,2574,23.81,90.41,cereals and tubers,Rice (medium grain),131,100 KG,actual,Wholesale,3243.47
2011-12-15,Dhaka,Dhaka,Dhaka,2574,23.81,90.41,cereals and tubers,Rice (medium grain),131,100 KG,actual,Wholesale,3175.06
2012-01-15,Dhaka,Dhaka,Dhaka,2574,23.81,90.41,cereals and tubers,Rice (medium grain),131,100 KG,actual,Wholesale,3194.73
2012-02-15,Dhaka,Dhaka,Dhaka,2574,23.81,90.41,cereals and tubers,Rice (medium grain),131,100 KG,actual,Wholesale,3228.05
2012-03-15,Dhaka,Dhaka,Dhaka,2574,23.81,90.41,cereals and tubers,Rice (medium grain),131,100 KG,actual,Wholesale,3102.2
2012-04-15,Dhaka,Dhaka,Dhaka,2574,23.81,90.41,cereals and tubers,Rice (medium grain),131,100 KG,actual,Wholesale,3010.53
2012-05-15,Dhaka,Dhaka,Dhaka,2574,23.81,90.41,cereals and tubers,Rice (medium grain),131,100 KG,actual,Wholesale,2954.9
2012-06-15,Dhaka,Dhaka,Dhaka,2574,23.81,90.41,cereals and tubers,Rice (medium grain),131,100 KG,actual,Wholesale,2830.9
2012-07-15,Dhaka,Dhaka,Dhaka,2574,23.81,90.41,cereals and tubers,Rice (medium grain),131,100 KG,actual,Wholesale,2859.35
2012-08-15,Dhaka,Dhaka,Dhaka,2574,23.81,90.41,cereals and tubers,Rice (medium grain),131,100 KG,actual,Wholesale,2809.61
2012-09-15,Dhaka,Dhaka,Dhaka,2574,23.81,90.41,cereals and tubers,Rice (medium grain),131,100 KG,actual,Wholesale,2760.71
2012-10-15,Dhaka,Dhaka,Dhaka,2574,23.81,90.41,cereals and tubers,Rice (medium grain),131,100 KG,actual,Wholesale,2801.32
2012-11-15,Dhaka,Dhaka,Dhaka,2574,23.81,90.41,cereals and tubers,Rice (medium grain),131,100 KG,actual,Wholesale,2903.93
2012-12-15,Dhaka,Dhaka,Dhaka,2574,23.81,90.41,cereals and tubers,Rice (medium grain),131,100 KG,actual,Wholesale,2930.33
2013-01-15,Dhaka,Dhaka,Dhaka,2574,23.81,90.41,cereals and tubers,Rice (medium grain),131,100 KG,actual,Wholesale,3206.63
2013-02-15,Dhaka,Dhaka,Dhaka,2574,23.81,90.41,cereals and tubers,Rice (medium grain),131,100 KG,actual,Wholesale,3355.0
2013-03-15,Dhaka,Dhaka,Dhaka,2574,23.81,90.41,cereals and tubers,Rice (medium grain),131,100 KG,actual,Wholesale,3380.28
2013-04-15,Dhaka,Dhaka,Dhaka,2574,23.81,90.41,cereals and tubers,Rice (medium grain),131,100 KG,actual,Wholesale,3278.21
2013-05-15,Dhaka,Dhaka,Dhaka,2574,23.81,90.41,cereals and tubers,Rice (medium grain),131,100 KG,actual,Wholesale,3177.0
2013-06-15,Dhaka,Dhaka,Dhaka,2574,23.81,90.41,cereals and tubers,Rice (medium grain),131,100 KG,actual,Wholesale,3260.22
2013-07-15,Dhaka,Dhaka,Dhaka,2574,23.81,90.41,cereals and tubers,Rice (medium grain),131,100 KG,actual,Wholesale,3455.15
2013-08-15,Dhaka,Dhaka,Dhaka,2574,23.81,90.41,cereals and tubers,Rice (medium grain),131,100 KG,actual,Wholesale,3556.39
2013-09-15,Dhaka,Dhaka,Dhaka,2574,23.81,90.41,cereals and tubers,Rice (medium grain),131,100 KG,actual,Wholesale,3551.05
2013-10-15,Dhaka,Dhaka,Dhaka,2574,23.81,90.41,cereals and tubers,Rice (medium grain),131,100 KG,actual,Wholesale,3560.0
2013-11-15,Dhaka,Dhaka,Dhaka,2574,23.81,90.41,cereals and tubers,Rice (medium grain),131,100 KG,actual,Wholesale,3694.17
2013-12-15,Dhaka,Dhaka,Dhaka,2574,23.81,90.41,cereals and tubers,Rice (medium grain),131,100 KG,actual,Wholesale,3661.56
2014-01-15,Dhaka,Dhaka,Dhaka,2574,23.81,90.41,cereals and tubers,Rice (medium grain),131,100 KG,actual,Wholesale,3806.25
2014-02-15,Dhaka,Dhaka,Dhaka,2574,23.81,90.41,cereals and tubers,Rice (medium grain),131,100 KG,actual,Wholesale,3768.89
2014-03-15,Dhaka,Dhaka,Dhaka,2574,23.81,90.41,cereals and tubers,Rice (medium grain),131,100 KG,actual,Wholesale,3814.74
2014-04-15,Dhaka,Dhaka,Dhaka,2574,23.81,90.41,cereals and tubers,Rice (medium grain),131,100 KG,actual,Wholesale,3809.61
2014-05-15,Dhaka,Dhaka,Dhaka,2574,23.81,90.41,cereals and tubers,Rice (medium grain),131,100 KG,actual,Wholesale,3656.18
2014-06-15,Dhaka,Dhaka,Dhaka,2574,23.81,90.41,cereals and tubers,Rice (medium grain),131,100 KG,actual,Wholesale,3618.18
2014-07-15,Dhaka,Dhaka,Dhaka,2574,23.81,90.41,cereals and tubers,Rice (medium grain),131,100 KG,actual,Wholesale,3702.78
2014-08-15,Dhaka,Dhaka,Dhaka,2574,23.81,90.41,cereals and tubers,Rice (medium grain),131,100 KG,actual,Wholesale,3760.0
2014-09-15,Dhaka,Dhaka,Dhaka,2574,23.81,90.41,cereals and tubers,Rice (medium grain),131,100 KG,actual,Wholesale,3776.32
2014-10-15,Dhaka,Dhaka,Dhaka,2574,23.81,90.41,cereals and tubers,Rice (medium grain),131,100 KG,actual,Wholesale,3761.54
2014-11-15,Dhaka,Dhaka,Dhaka,2574,23.81,90.41,cereals and tubers,Rice (medium grain),131,100 KG,actual,Wholesale,3718.75
2014-12-15,Dhaka,Dhaka,Dhaka,2574,23.81,90.41,cereals and tubers,Rice (medium grain),131,100 KG,actual,Wholesale,3552.63
2015-01-15,Dhaka,Dhaka,Dhaka,2574,23.81,90.41,cereals and tubers,Rice (medium grain),131,100 KG,actual,Wholesale,3628.85
2015-02-15,Dhaka,Dhaka,Dhaka,2574,23.81,90.41,cereals and tubers,Rice (medium grain),131,100 KG,actual,Wholesale,3660.42
2015-03-15,Dhaka,Dhaka,Dhaka,2574,23.81,90.41,cereals and tubers,Rice (medium grain),131,100 KG,actual,Wholesale,3546.05
2015-04-15,Dhaka,Dhaka,Dhaka,2574,23.81,90.41,cereals and tubers,Rice (medium grain),131,100 KG,actual,Wholesale,3368.75
2015-05-15,Dhaka,Dhaka,Dhaka,2574,23.81,90.41,cereals and tubers,Rice (medium grain),131,100 KG,actual,Wholesale,3161.11
2015-06-15,Dhaka,Dhaka,Dhaka,2574,23.81,90.41,cereals and tubers,Rice (medium grain),131,100 KG,actual,Wholesale,3122.5
2015-07-15,Dhaka,Dhaka,Dhaka,2574,23.81,90.41,cereals and tubers,Rice (medium grain),131,100 KG,actual,Wholesale,3121.15
2015-08-15,Dhaka,Dhaka,Dhaka,2574,23.81,90.41,cereals and tubers,Rice (medium grain),131,100 KG,actual,Wholesale,3134.09
2015-09-15,Dhaka,Dhaka,Dhaka,2574,23.81,90.41,cereals and tubers,Rice (medium grain),131,100 KG,actual,Wholesale,3173.44
2015-10-15,Dhaka,Dhaka,Dhaka,2574,23.81,90.41,cereals and tubers,Rice (medium grain),131,100 KG,actual,Wholesale,3248.33
2015-11-15,Dhaka,Dhaka,Dhaka,2574,23.81,90.41,cereals and tubers,Rice (medium grain),131,100 KG,actual,Wholesale,3126.56
2016-01-15,Dhaka,Dhaka,Dhaka,2574,23.81,90.41,cereals and tubers,Rice (medium grain),131,100 KG,actual,Wholesale,3211.9
2016-02-15,Dhaka,Dhaka,Dhaka,2574,23.81,90.41,cereals and tubers,Rice (medium grain),131,100 KG,actual,Wholesale,3168.06
2016-03-15,Dhaka,Dhaka,Dhaka,2574,23.81,90.41,cereals and tubers,Rice (medium grain),131,100 KG,actual,Wholesale,3004.69
2016-04-15,Dhaka,Dhaka,Dhaka,2574,23.81,90.41,cereals and tubers,Rice (medium grain),131,100 KG,actual,Wholesale,3001.32
2016-05-15,Dhaka,Dhaka,Dhaka,2574,23.81,90.41,cereals and tubers,Rice (medium grain),131,100 KG,actual,Wholesale,2912.5
2016-06-15,Dhaka,Dhaka,Dhaka,2574,23.81,90.41,cereals and tubers,Rice (medium grain),131,100 KG,actual,Wholesale,3045.0
2016-07-15,Dhaka,Dhaka,Dhaka,2574,23.81,90.41,cereals and tubers,Rice (medium grain),131,100 KG,actual,Wholesale,3165.91
2016-08-15,Dhaka,Dhaka,Dhaka,2574,23.81,90.41,cereals and tubers,Rice (medium grain),131,100 KG,actual,Wholesale,3394.23
2016-09-15,Dhaka,Dhaka,Dhaka,2574,23.81,90.41,cereals and tubers,Rice (medium grain),131,100 KG,actual,Wholesale,3633.33
2016-10-15,Dhaka,Dhaka,Dhaka,2574,23.81,90.41,cereals and tubers,Rice (medium grain),131,100 KG,actual,Wholesale,3737.5
2016-11-15,Dhaka,Dhaka,Dhaka,2574,23.81,90.41,cereals and tubers,Rice (medium grain),131,100 KG,actual,Wholesale,3773.21
2016-12-15,Dhaka,Dhaka,Dhaka,2574,23.81,90.41,cereals and tubers,Rice (medium grain),131,100 KG,actual,Wholesale,3655.77
2017-01-15,Dhaka,Dhaka,Dhaka,2574,23.81,90.41,cereals and tubers,Rice (medium grain),131,100 KG,actual,Wholesale,3748.44
2017-02-15,Dhaka,Dhaka,Dhaka,2574,23.81,90.41,cereals and tubers,Rice (medium grain),131,100 KG,actual,Wholesale,3868.75
2017-03-15,Dhaka,Dhaka,Dhaka,2574,23.81,90.41,cereals and tubers,Rice (medium grain),131,100 KG,actual,Wholesale,3883.33
2017-04-15,Dhaka,Dhaka,Dhaka,2574,23.81,90.41,cereals and tubers,Rice (medium grain),131,100 KG,actual,Wholesale,4125.0
2017-05-15,Dhaka,Dhaka,Dhaka,2574,23.81,90.41,cereals and tubers,Rice (medium grain),131,100 KG,actual,Wholesale,4650.0
2017-06-15,Dhaka,Dhaka,Dhaka,2574,23.81,90.41,cereals and tubers,Rice (medium grain),131,100 KG,actual,Wholesale,4740.28
2017-07-15,Dhaka,Dhaka,Dhaka,2574,23.81,90.41,cereals and tubers,Rice (medium grain),131,100 KG,actual,Wholesale,4531.58
2017-08-15,Dhaka,Dhaka,Dhaka,2574,23.81,90.41,cereals and tubers,Rice (medium grain),131,100 KG,actual,Wholesale,4563.16
2017-09-15,Dhaka,Dhaka,Dhaka,2574,23.81,90.41,cereals and tubers,Rice (medium grain),131,100 KG,actual,Wholesale,4925.0
2017-10-15,Dhaka,Dhaka,Dhaka,2574,23.81,90.41,cereals and tubers,Rice (medium grain),131,100 KG,actual,Wholesale,4658.33
2017-11-15,Dhaka,Dhaka,Dhaka,2574,23.81,90.41,cereals and tubers,Rice (medium grain),131,100 KG,actual,Wholesale,4430.95
2017-12-15,Dhaka,Dhaka,Dhaka,2574,23.81,90.41,cereals and tubers,Rice (medium grain),131,100 KG,actual,Wholesale,4615.0
2018-01-15,Dhaka,Dhaka,Dhaka,2574,23.81,90.41,cereals and tubers,Rice (medium grain),131,100 KG,actual,Wholesale,4580.0
2018-02-15,Dhaka,Dhaka,Dhaka,2574,23.81,90.41,cereals and tubers,Rice (medium grain),131,100 KG,actual,Wholesale,4550.0
2018-03-15,Dhaka,Dhaka,Dhaka,2574,23.81,90.41,cereals and tubers,Rice (medium grain),131,100 KG,actual,Wholesale,4555.8
2018-04-15,Dhaka,Dhaka,Dhaka,2574,23.81,90.41,cereals and tubers,Rice (medium grain),131,100 KG,actual,Wholesale,4447.4
2018-05-15,Dhaka,Dhaka,Dhaka,2574,23.81,90.41,cereals and tubers,Rice (medium grain),131,100 KG,actual,Wholesale,4234.6
2018-06-15,Dhaka,Dhaka,Dhaka,2574,23.81,90.41,cereals and tubers,Rice (medium grain),131,100 KG,actual,Wholesale,4070.0
2018-07-15,Dhaka,Dhaka,Dhaka,2574,23.81,90.41,cereals and tubers,Rice (medium grain),131,100 KG,actual,Wholesale,4270.0
2018-08-15,Dhaka,Dhaka,Dhaka,2574,23.81,90.41,cereals and tubers,Rice (medium grain),131,100 KG,actual,Wholesale,4159.4
2018-09-15,Dhaka,Dhaka,Dhaka,2574,23.81,90.41,cereals and tubers,Rice (medium grain),131,100 KG,actual,Wholesale,4055.56
2018-10-15,Dhaka,Dhaka,Dhaka,2574,23.81,90.41,cereals and tubers,Rice (medium grain),131,100 KG,actual,Wholesale,3880.95
2018-11-15,Dhaka,Dhaka,Dhaka,2574,23.81,90.41,cereals and tubers,Rice (medium grain),131,100 KG,actual,Wholesale,3707.5
2018-12-15,Dhaka,Dhaka,Dhaka,2574,23.81,90.41,cereals and tubers,Rice (medium grain),131,100 KG,actual,Wholesale,3611.11
2019-01-15,Dhaka,Dhaka,Dhaka,2574,23.81,90.41,cereals and tubers,Rice (medium grain),131,100 KG,actual,Wholesale,3735.23
2019-02-15,Dhaka,Dhaka,Dhaka,2574,23.81,90.41,cereals and tubers,Rice (medium grain),131,100 KG,actual,Wholesale,3688.24
2019-03-15,Dhaka,Dhaka,Dhaka,2574,23.81,90.41,cereals and tubers,Rice (medium grain),131,100 KG,actual,Wholesale,3552.85
2019-04-15,Dhaka,Dhaka,Dhaka,2574,23.81,90.41,cereals and tubers,Rice (medium grain),131,100 KG,actual,Wholesale,3219.12
2019-05-15,Dhaka,Dhaka,Dhaka,2574,23.81,90.41,cereals and tubers,Rice (medium grain),131,100 KG,actual,Wholesale,3250.0
2019-06-15,Dhaka,Dhaka,Dhaka,2574,23.81,90.41,cereals and tubers,Rice (medium grain),131,100 KG,actual,Wholesale,3290.79
2019-07-15,Dhaka,Dhaka,Dhaka,2574,23.81,90.41,cereals and tubers,Rice (medium grain),131,100 KG,actual,Wholesale,3301.88
2019-08-15,Dhaka,Dhaka,Dhaka,2574,23.81,90.41,cereals and tubers,Rice (medium grain),131,100 KG,actual,Wholesale,3191.23
2019-09-15,Dhaka,Dhaka,Dhaka,2574,23.81,90.41,cereals and tubers,Rice (medium grain),131,100 KG,actual,Wholesale,3062.9
2019-10-15,Dhaka,Dhaka,Dhaka,2574,23.81,90.41,cereals and tubers,Rice (medium grain),131,100 KG,actual,Wholesale,2992.68
2019-11-15,Dhaka,Dhaka,Dhaka,2574,23.81,90.41,cereals and tubers,Rice (medium grain),131,100 KG,actual,Wholesale,3217.21
2019-12-15,Dhaka,Dhaka,Dhaka,2574,23.81,90.41,cereals and tubers,Rice (medium grain),131,100 KG,actual,Wholesale,3275.15
2020-01-15,Dhaka,Dhaka,Dhaka,2574,23.81,90.41,cereals and tubers,Rice (medium grain),131,100 KG,actual,Wholesale,3130.17
2020-02-15,Dhaka,Dhaka,Dhaka,2574,23.81,90.41,cereals and tubers,Rice (medium grain),131,100 KG,actual,Wholesale,3272.15
2020-03-15,Dhaka,Dhaka,Dhaka,2574,23.81,90.41,cereals and tubers,Rice (medium grain),131,100 KG,actual,Wholesale,3586.95
2020-04-15,Dhaka,Dhaka,Dhaka,2574,23.81,90.41,cereals and tubers,Rice (medium grain),131,100 KG,actual,Wholesale,4016.67
2020-06-15,Dhaka,Dhaka,Dhaka,2574,23.81,90.41,cereals and tubers,Rice (medium grain),131,100 KG,actual,Wholesale,4177.81
2020-07-15,Dhaka,Dhaka,Dhaka,2574,23.81,90.41,cereals and tubers,Rice (medium grain),131,100 KG,actual,Wholesale,3710.77
2020-08-15,Dhaka,Dhaka,Dhaka,2574,23.81,90.41,cereals and tubers,Rice (medium grain),131,100 KG,actual,Wholesale,4253.95
2020-09-15,Dhaka,Dhaka,Dhaka,2574,23.81,90.41,cereals and tubers,Rice (medium grain),131,100 KG,actual,Wholesale,4464.29
2020-10-15,Dhaka,Dhaka,Dhaka,2574,23.81,90.41,cereals and tubers,Rice (medium grain),131,100 KG,actual,Wholesale,4652.78
2020-11-15,Dhaka,Dhaka,Dhaka,2574,23.81,90.41,cereals and tubers,Rice (medium grain),131,100 KG,actual,Wholesale,4650.0
2021-01-15,Dhaka,Dhaka,Dhaka,2574,23.81,90.41,cereals and tubers,Rice (medium grain),131,100 KG,actual,Wholesale,4692.86
2021-02-15,Dhaka,Dhaka,Dhaka,2574,23.81,90.41,cereals and tubers,Rice (medium grain),131,100 KG,actual,Wholesale,4650.0
2021-03-15,Dhaka,Dhaka,Dhaka,2574,23.81,90.41,cereals and tubers,Rice (medium grain),131,100 KG,actual,Wholesale,4650.0
2021-04-15,Dhaka,Dhaka,Dhaka,2574,23.81,90.41,cereals and tubers,Rice (medium grain),131,100 KG,actual,Wholesale,4650.0
2021-05-15,Dhaka,Dhaka,Dhaka,2574,23.81,90.41,cereals and tubers,Rice (medium grain),131,100 KG,actual,Wholesale,4618.42
2008-01-15,Dhaka,Dhaka,Dhaka,2574,23.81,90.41,cereals and tubers,Wheat,84,KG,actual,Retail,33.5
2008-02-15,Dhaka,Dhaka,Dhaka,2574,23.81,90.41,cereals and tubers,Wheat,84,KG,actual,Retail,34.0
2008-03-15,Dhaka,Dhaka,Dhaka,2574,23.81,90.41,cereals and tubers,Wheat,84,KG,actual,Retail,35.38
2008-07-15,Dhaka,Dhaka,Dhaka,2574,23.81,90.41,cereals and tubers,Wheat,84,KG,actual,Retail,32.75
2008-08-15,Dhaka,Dhaka,Dhaka,2574,23.81,90.41,cereals and tubers,Wheat,84,KG,actual,Retail,31.62
2008-09-15,Dhaka,Dhaka,Dhaka,2574,23.81,90.41,cereals and tubers,Wheat,84,KG,actual,Retail,29.0
2008-10-15,Dhaka,Dhaka,Dhaka,2574,23.81,90.41,cereals and tubers,Wheat,84,KG,actual,Retail,30.88
2008-11-15,Dhaka,Dhaka,Dhaka,2574,23.81,90.41,cereals and tubers,Wheat,84,KG,actual,Retail,26.9
2008-12-15,Dhaka,Dhaka,Dhaka,2574,23.81,90.41,cereals and tubers,Wheat,84,KG,actual,Retail,22.67
2009-01-15,Dhaka,Dhaka,Dhaka,2574,23.81,90.41,cereals and tubers,Wheat,84,KG,actual,Retail,19.85
2009-02-15,Dhaka,Dhaka,Dhaka,2574,23.81,90.41,cereals and tubers,Wheat,84,KG,actual,Retail,20.16
2009-03-15,Dhaka,Dhaka,Dhaka,2574,23.81,90.41,cereals and tubers,Wheat,84,KG,actual,Retail,19.78
2009-04-15,Dhaka,Dhaka,Dhaka,2574,23.81,90.41,cereals and tubers,Wheat,84,KG,actual,Retail,17.38
2009-05-15,Dhaka,Dhaka,Dhaka,2574,23.81,90.41,cereals and tubers,Wheat,84,KG,actual,Retail,17.35
2009-06-15,Dhaka,Dhaka,Dhaka,2574,23.81,90.41,cereals and tubers,Wheat,84,KG,actual,Retail,17.92
2009-07-15,Dhaka,Dhaka,Dhaka,2574,23.81,90.41,cereals and tubers,Wheat,84,KG,actual,Retail,18.5
2009-08-15,Dhaka,Dhaka,Dhaka,2574,23.81,90.41,cereals and tubers,Wheat,84,KG,actual,Retail,18.5
2009-09-15,Dhaka,Dhaka,Dhaka,2574,23.81,90.41,cereals and tubers,Wheat,84,KG,actual,Retail,18.5
2009-10-15,Dhaka,Dhaka,Dhaka,2574,23.81,90.41,cereals and tubers,Wheat,84,KG,actual,Retail,18.59
2009-11-15,Dhaka,Dhaka,Dhaka,2574,23.81,90.41,cereals and tubers,Wheat,84,KG,actual,Retail,19.0
2009-12-15,Dhaka,Dhaka,Dhaka,2574,23.81,90.41,cereals and tubers,Wheat,84,KG,actual,Retail,19.42
2010-01-15,Dhaka,Dhaka,Dhaka,2574,23.81,90.41,cereals and tubers,Wheat,84,KG,actual,Retail,21.29
2010-02-15,Dhaka,Dhaka,Dhaka,2574,23.81,90.41,cereals and tubers,Wheat,84,KG,actual,Retail,20.5
2010-03-15,Dhaka,Dhaka,Dhaka,2574,23.81,90.41,cereals and tubers,Wheat,84,KG,actual,Retail,19.83
2010-04-15,Dhaka,Dhaka,Dhaka,2574,23.81,90.41,cereals and tubers,Wheat,84,KG,actual,Retail,18.64
2010-05-15,Dhaka,Dhaka,Dhaka,2574,23.81,90.41,cereals and tubers,Wheat,84,KG,actual,Retail,19.0
2010-06-15,Dhaka,Dhaka,Dhaka,2574,23.81,90.41,cereals and tubers,Wheat,84,KG,actual,Retail,19.0
2010-07-15,Dhaka,Dhaka,Dhaka,2574,23.81,90.41,cereals and tubers,Wheat,84,KG,actual,Retail,19.03
2010-08-15,Dhaka,Dhaka,Dhaka,2574,23.81,90.41,cereals and tubers,Wheat,84,KG,actual,Retail,22.95
2010-09-15,Dhaka,Dhaka,Dhaka,2574,23.81,90.41,cereals and tubers,Wheat,84,KG,actual,Retail,27.63
2010-10-15,Dhaka,Dhaka,Dhaka,2574,23.81,90.41,cereals and tubers,Wheat,84,KG,actual,Retail,27.75
2010-11-15,Dhaka,Dhaka,Dhaka,2574,23.81,90.41,cereals and tubers,Wheat,84,KG,actual,Retail,27.58
2010-12-15,Dhaka,Dhaka,Dhaka,2574,23.81,90.41,cereals and tubers,Wheat,84,KG,actual,Retail,27.54
2011-01-15,Dhaka,Dhaka,Dhaka,2574,23.81,90.41,cereals and tubers,Wheat,84,KG,actual,Retail,28.84
2011-02-15,Dhaka,Dhaka,Dhaka,2574,23.81,90.41,cereals and tubers,Wheat,84,KG,actual,Retail,27.88
2011-03-15,Dhaka,Dhaka,Dhaka,2574,23.81,90.41,cereals and tubers,Wheat,84,KG,actual,Retail,26.33
2011-04-15,Dhaka,Dhaka,Dhaka,2574,23.81,90.41,cereals and tubers,Wheat,84,KG,actual,Retail,24.14
2011-05-15,Dhaka,Dhaka,Dhaka,2574,23.81,90.41,cereals and tubers,Wheat,84,KG,actual,Retail,22.56
2011-06-15,Dhaka,Dhaka,Dhaka,2574,23.81,90.41,cereals and tubers,Wheat,84,KG,actual,Retail,21.5
2011-07-15,Dhaka,Dhaka,Dhaka,2574,23.81,90.41,cereals and tubers,Wheat,84,KG,actual,Retail,21.5
2011-08-15,Dhaka,Dhaka,Dhaka,2574,23.81,90.41,cereals and tubers,Wheat,84,KG,actual,Retail,22.0
2011-09-15,Dhaka,Dhaka,Dhaka,2574,23.81,90.41,cereals and tubers,Wheat,84,KG,actual,Retail,24.8
2011-10-15,Dhaka,Dhaka,Dhaka,2574,23.81,90.41,cereals and tubers,Wheat,84,KG,actual,Retail,26.43
2011-11-15,Dhaka,Dhaka,Dhaka,2574,23.81,90.41,cereals and tubers,Wheat,84,KG,actual,Retail,26.5
2011-12-15,Dhaka,Dhaka,Dhaka,2574,23.81,90.41,cereals and tubers,Wheat,84,KG,actual,Retail,26.5
2012-01-15,Dhaka,Dhaka,Dhaka,2574,23.81,90.41,cereals and tubers,Wheat,84,KG,actual,Retail,26.5
2012-02-15,Dhaka,Dhaka,Dhaka,2574,23.81,90.41,cereals and tubers,Wheat,84,KG,actual,Retail,27.66
2012-03-15,Dhaka,Dhaka,Dhaka,2574,23.81,90.41,cereals and tubers,Wheat,84,KG,actual,Retail,29.45
2012-04-15,Dhaka,Dhaka,Dhaka,2574,23.81,90.41,cereals and tubers,Wheat,84,KG,actual,Retail,27.09
2012-05-15,Dhaka,Dhaka,Dhaka,2574,23.81,90.41,cereals and tubers,Wheat,84,KG,actual,Retail,25.0
2012-06-15,Dhaka,Dhaka,Dhaka,2574,23.81,90.41,cereals and tubers,Wheat,84,KG,actual,Retail,25.0
2012-07-15,Dhaka,Dhaka,Dhaka,2574,23.81,90.41,cereals and tubers,Wheat,84,KG,actual,Retail,25.41
2012-08-15,Dhaka,Dhaka,Dhaka,2574,23.81,90.41,cereals and tubers,Wheat,84,KG,actual,Retail,27.87
2012-09-15,Dhaka,Dhaka,Dhaka,2574,23.81,90.41,cereals and tubers,Wheat,84,KG,actual,Retail,31.1
2012-10-15,Dhaka,Dhaka,Dhaka,2574,23.81,90.41,cereals and tubers,Wheat,84,KG,actual,Retail,32.15
2012-11-15,Dhaka,Dhaka,Dhaka,2574,23.81,90.41,cereals and tubers,Wheat,84,KG,actual,Retail,33.0
2012-12-15,Dhaka,Dhaka,Dhaka,2574,23.81,90.41,cereals and tubers,Wheat,84,KG,actual,Retail,32.75
2013-01-15,Dhaka,Dhaka,Dhaka,2574,23.81,90.41,cereals and tubers,Wheat,84,KG,actual,Retail,32.91
2013-02-15,Dhaka,Dhaka,Dhaka,2574,23.81,90.41,cereals and tubers,Wheat,84,KG,actual,Retail,33.18
2013-03-15,Dhaka,Dhaka,Dhaka,2574,23.81,90.41,cereals and tubers,Wheat,84,KG,actual,Retail,33.4
2013-04-15,Dhaka,Dhaka,Dhaka,2574,23.81,90.41,cereals and tubers,Wheat,84,KG,actual,Retail,32.45
2013-05-15,Dhaka,Dhaka,Dhaka,2574,23.81,90.41,cereals and tubers,Wheat,84,KG,actual,Retail,31.5
2013-06-15,Dhaka,Dhaka,Dhaka,2574,23.81,90.41,cereals and tubers,Wheat,84,KG,actual,Retail,32.47
2013-07-15,Dhaka,Dhaka,Dhaka,2574,23.81,90.41,cereals and tubers,Wheat,84,KG,actual,Retail,32.55
2013-08-15,Dhaka,Dhaka,Dhaka,2574,23.81,90.41,cereals and tubers,Wheat,84,KG,actual,Retail,31.5
2013-09-15,Dhaka,Dhaka,Dhaka,2574,23.81,90.41,cereals and tubers,Wheat,84,KG,actual,Retail,31.38
2013-10-15,Dhaka,Dhaka,Dhaka,2574,23.81,90.41,cereals and tubers,Wheat,84,KG,actual,Retail,30.0
2013-11-15,Dhaka,Dhaka,Dhaka,2574,23.81,90.41,cereals and tubers,Wheat,84,KG,actual,Retail,29.0
2013-12-15,Dhaka,Dhaka,Dhaka,2574,23.81,90.41,cereals and tubers,Wheat,84,KG,actual,Retail,30.67
2014-01-15,Dhaka,Dhaka,Dhaka,2574,23.81,90.41,cereals and tubers,Wheat,84,KG,actual,Retail,33.66
2014-02-15,Dhaka,Dhaka,Dhaka,2574,23.81,90.41,cereals and tubers,Wheat,84,KG,actual,Retail,35.11
2014-03-15,Dhaka,Dhaka,Dhaka,2574,23.81,90.41,cereals and tubers,Wheat,84,KG,actual,Retail,34.5
2014-04-15,Dhaka,Dhaka,Dhaka,2574,23.81,90.41,cereals and tubers,Wheat,84,KG,actual,Retail,33.61
2014-05-15,Dhaka,Dhaka,Dhaka,2574,23.81,90.41,cereals and tubers,Wheat,84,KG,actual,Retail,32.69
2014-06-15,Dhaka,Dhaka,Dhaka,2574,23.81,90.41,cereals and tubers,Wheat,84,KG,actual,Retail,31.94
2014-07-15,Dhaka,Dhaka,Dhaka,2574,23.81,90.41,cereals and tubers,Wheat,84,KG,actual,Retail,38.06
2014-08-15,Dhaka,Dhaka,Dhaka,2574,23.81,90.41,cereals and tubers,Wheat,84,KG,actual,Retail,34.8
2014-09-15,Dhaka,Dhaka,Dhaka,2574,23.81,90.41,cereals and tubers,Wheat,84,KG,actual,Retail,32.0
2014-10-15,Dhaka,Dhaka,Dhaka,2574,23.81,90.41,cereals and tubers,Wheat,84,KG,actual,Retail,32.08
2014-11-15,Dhaka,Dhaka,Dhaka,2574,23.81,90.41,cereals and tubers,Wheat,84,KG,actual,Retail,34.88
2014-12-15,Dhaka,Dhaka,Dhaka,2574,23.81,90.41,cereals and tubers,Wheat,84,KG,actual,Retail,31.5
2015-01-15,Dhaka,Dhaka,Dhaka,2574,23.81,90.41,cereals and tubers,Wheat,84,KG,actual,Retail,31.58
2015-02-15,Dhaka,Dhaka,Dhaka,2574,23.81,90.41,cereals and tubers,Wheat,84,KG,actual,Retail,32.18
2015-03-15,Dhaka,Dhaka,Dhaka,2574,23.81,90.41,cereals and tubers,Wheat,84,KG,actual,Retail,32.83
2015-04-15,Dhaka,Dhaka,Dhaka,2574,23.81,90.41,cereals and tubers,Wheat,84,KG,actual,Retail,34.84
2015-05-15,Dhaka,Dhaka,Dhaka,2574,23.81,90.41,cereals and tubers,Wheat,84,KG,actual,Retail,30.25
2015-06-15,Dhaka,Dhaka,Dhaka,2574,23.81,90.41,cereals and tubers,Wheat,84,KG,actual,Retail,30.7
2015-07-15,Dhaka,Dhaka,Dhaka,2574,23.81,90.41,cereals and tubers,Wheat,84,KG,actual,Retail,29.67
2015-08-15,Dhaka,Dhaka,Dhaka,2574,23.81,90.41,cereals and tubers,Wheat,84,KG,actual,Retail,32.84
2015-09-15,Dhaka,Dhaka,Dhaka,2574,23.81,90.41,cereals and tubers,Wheat,84,KG,actual,Retail,31.76
2015-10-15,Dhaka,Dhaka,Dhaka,2574,23.81,90.41,cereals and tubers,Wheat,84,KG,actual,Retail,31.87
2015-11-15,Dhaka,Dhaka,Dhaka,2574,23.81,90.41,cereals and tubers,Wheat,84,KG,actual,Retail,30.5
2015-12-15,Dhaka,Dhaka,Dhaka,2574,23.81,90.41,cereals and tubers,Wheat,84,KG,actual,Retail,27.65
2016-01-15,Dhaka,Dhaka,Dhaka,2574,23.81,90.41,cereals and tubers,Wheat,84,KG,actual,Retail,26.93
2016-02-15,Dhaka,Dhaka,Dhaka,2574,23.81,90.41,cereals and tubers,Wheat,84,KG,actual,Retail,30.5
2016-03-15,Dhaka,Dhaka,Dhaka,2574,23.81,90.41,cereals and tubers,Wheat,84,KG,actual,Retail,27.09
2016-04-15,Dhaka,Dhaka,Dhaka,2574,23.81,90.41,cereals and tubers,Wheat,84,KG,actual,Retail,26.5
2016-05-15,Dhaka,Dhaka,Dhaka,2574,23.81,90.41,cereals and tubers,Wheat,84,KG,actual,Retail,28.13
2016-06-15,Dhaka,Dhaka,Dhaka,2574,23.81,90.41,cereals and tubers,Wheat,84,KG,actual,Retail,28.57
2016-07-15,Dhaka,Dhaka,Dhaka,2574,23.81,90.41,cereals and tubers,Wheat,84,KG,actual,Retail,27.94
2016-08-15,Dhaka,Dhaka,Dhaka,2574,23.81,90.41,cereals and tubers,Wheat,84,KG,actual,Retail,28.92
2016-09-15,Dhaka,Dhaka,Dhaka,2574,23.81,90.41,cereals and tubers,Wheat,84,KG,actual,Retail,29.63
2016-10-15,Dhaka,Dhaka,Dhaka,2574,23.81,90.41,cereals and tubers,Wheat,84,KG,actual,Retail,30.33
2016-11-15,Dhaka,Dhaka,Dhaka,2574,23.81,90.41,cereals and tubers,Wheat,84,KG,actual,Retail,29.61
2016-12-15,Dhaka,Dhaka,Dhaka,2574,23.81,90.41,cereals and tubers,Wheat,84,KG,actual,Retail,29.86
2017-01-15,Dhaka,Dhaka,Dhaka,2574,23.81,90.41,cereals and tubers,Wheat,84,KG,actual,Retail,30.25
2017-02-15,Dhaka,Dhaka,Dhaka,2574,23.81,90.41,cereals and tubers,Wheat,84,KG,actual,Retail,30.56
2017-03-15,Dhaka,Dhaka,Dhaka,2574,23.81,90.41,cereals and tubers,Wheat,84,KG,actual,Retail,30.25
2017-04-15,Dhaka,Dhaka,Dhaka,2574,23.81,90.41,cereals and tubers,Wheat,84,KG,actual,Retail,29.6
2017-05-15,Dhaka,Dhaka,Dhaka,2574,23.81,90.41,cereals and tubers,Wheat,84,KG,actual,Retail,29.1
2017-06-15,Dhaka,Dhaka,Dhaka,2574,23.81,90.41,cereals and tubers,Wheat,84,KG,actual,Retail,28.0
2017-07-15,Dhaka,Dhaka,Dhaka,2574,23.81,90.41,cereals and tubers,Wheat,84,KG,actual,Retail,29.83
2017-08-15,Dhaka,Dhaka,Dhaka,2574,23.81,90.41,cereals and tubers,Wheat,84,KG,actual,Retail,29.58
2017-09-15,Dhaka,Dhaka,Dhaka,2574,23.81,90.41,cereals and tubers,Wheat,84,KG,actual,Retail,30.75
2017-10-15,Dhaka,Dhaka,Dhaka,2574,23.81,90.41,cereals and tubers,Wheat,84,KG,actual,Retail,31.89
2017-11-15,Dhaka,Dhaka,Dhaka,2574,23.81,90.41,cereals and tubers,Wheat,84,KG,actual,Retail,31.0
1998-07-15,Dhaka,Dhaka,Dhaka,2574,23.81,90.41,cereals and tubers,Wheat,84,100 KG,actual,Wholesale,1055.6
1998-08-15,Dhaka,Dhaka,Dhaka,2574,23.81,90.41,cereals and tubers,Wheat,84,100 KG,actual,Wholesale,1060.0
1998-09-15,Dhaka,Dhaka,Dhaka,2574,23.81,90.41,cereals and tubers,Wheat,84,100 KG,actual,Wholesale,1074.8
1998-10-15,Dhaka,Dhaka,Dhaka,2574,23.81,90.41,cereals and tubers,Wheat,84,100 KG,actual,Wholesale,1025.0
1998-11-15,Dhaka,Dhaka,Dhaka,2574,23.81,90.41,cereals and tubers,Wheat,84,100 KG,actual,Wholesale,1030.75
1998-12-15,Dhaka,Dhaka,Dhaka,2574,23.81,90.41,cereals and tubers,Wheat,84,100 KG,actual,Wholesale,1038.75
1999-01-15,Dhaka,Dhaka,Dhaka,2574,23.81,90.41,cereals and tubers,Wheat,84,100 KG,actual,Wholesale,1029.0
1999-02-15,Dhaka,Dhaka,Dhaka,2574,23.81,90.41,cereals and tubers,Wheat,84,100 KG,actual,Wholesale,1036.25
1999-03-15,Dhaka,Dhaka,Dhaka,2574,23.81,90.41,cereals and tubers,Wheat,84,100 KG,actual,Wholesale,1023.75
1999-04-15,Dhaka,Dhaka,Dhaka,2574,23.81,90.41,cereals and tubers,Wheat,84,100 KG,actual,Wholesale,964.8
1999-05-15,Dhaka,Dhaka,Dhaka,2574,23.81,90.41,cereals and tubers,Wheat,84,100 KG,actual,Wholesale,888.0
1999-06-15,Dhaka,Dhaka,Dhaka,2574,23.81,90.41,cereals and tubers,Wheat,84,100 KG,actual,Wholesale,832.25
1999-07-15,Dhaka,Dhaka,Dhaka,2574,23.81,90.41,cereals and tubers,Wheat,84,100 KG,actual,Wholesale,856.8
1999-08-15,Dhaka,Dhaka,Dhaka,2574,23.81,90.41,cereals and tubers,Wheat,84,100 KG,actual,Wholesale,877.5
1999-09-15,Dhaka,Dhaka,Dhaka,2574,23.81,90.41,cereals and tubers,Wheat,84,100 KG,actual,Wholesale,893.4
1999-10-15,Dhaka,Dhaka,Dhaka,2574,23.81,90.41,cereals and tubers,Wheat,84,100 KG,actual,Wholesale,912.25
1999-11-15,Dhaka,Dhaka,Dhaka,2574,23.81,90.41,cereals and tubers,Wheat,84,100 KG,actual,Wholesale,913.0
1999-12-15,Dhaka,Dhaka,Dhaka,2574,23.81,90.41,cereals and tubers,Wheat,84,100 KG,actual,Wholesale,935.0
2000-01-15,Dhaka,Dhaka,Dhaka,2574,23.81,90.41,cereals and tubers,Wheat,84,100 KG,actual,Wholesale,950.0
2000-02-15,Dhaka,Dhaka,Dhaka,2574,23.81,90.41,cereals and tubers,Wheat,84,100 KG,actual,Wholesale,975.0
2000-03-15,Dhaka,Dhaka,Dhaka,2574,23.81,90.41,cereals and tubers,Wheat,84,100 KG,actual,Wholesale,978.75
2000-04-15,Dhaka,Dhaka,Dhaka,2574,23.81,90.41,cereals and tubers,Wheat,84,100 KG,actual,Wholesale,941.8
2000-05-15,Dhaka,Dhaka,Dhaka,2574,23.81,90.41,cereals and tubers,Wheat,84,100 KG,actual,Wholesale,945.0
2000-06-15,Dhaka,Dhaka,Dhaka,2574,23.81,90.41,cereals and tubers,Wheat,84,100 KG,actual,Wholesale,963.75
2000-07-15,Dhaka,Dhaka,Dhaka,2574,23.81,90.41,cereals and tubers,Wheat,84,100 KG,actual,Wholesale,968.4
2000-08-15,Dhaka,Dhaka,Dhaka,2574,23.81,90.41,cereals and tubers,Wheat,84,100 KG,actual,Wholesale,986.0
2000-09-15,Dhaka,Dhaka,Dhaka,2574,23.81,90.41,cereals and tubers,Wheat,84,100 KG,actual,Wholesale,975.0
2000-10-15,Dhaka,Dhaka,Dhaka,2574,23.81,90.41,cereals and tubers,Wheat,84,100 KG,actual,Wholesale,975.0
2000-11-15,Dhaka,Dhaka,Dhaka,2574,23.81,90.41,cereals and tubers,Wheat,84,100 KG,actual,Wholesale,990.0
2000-12-15,Dhaka,Dhaka,Dhaka,2574,23.81,90.41,cereals and tubers,Wheat,84,100 KG,actual,Wholesale,988.75
2001-01-15,Dhaka,Dhaka,Dhaka,2574,23.81,90.41,cereals and tubers,Wheat,84,100 KG,actual,Wholesale,985.0
2001-02-15,Dhaka,Dhaka,Dhaka,2574,23.81,90.41,cereals and tubers,Wheat,84,100 KG,actual,Wholesale,985.0
2001-03-15,Dhaka,Dhaka,Dhaka,2574,23.81,90.41,cereals and tubers,Wheat,84,100 KG,actual,Wholesale,980.0
2001-04-15,Dhaka,Dhaka,Dhaka,2574,23.81,90.41,cereals and tubers,Wheat,84,100 KG,actual,Wholesale,977.5
2001-05-15,Dhaka,Dhaka,Dhaka,2574,23.81,90.41,cereals and tubers,Wheat,84,100 KG,actual,Wholesale,972.5
2001-06-15,Dhaka,Dhaka,Dhaka,2574,23.81,90.41,cereals and tubers,Wheat,84,100 KG,actual,Wholesale,970.0
2001-07-15,Dhaka,Dhaka,Dhaka,2574,23.81,90.41,cereals and tubers,Wheat,84,100 KG,actual,Wholesale,970.0
2001-08-15,Dhaka,Dhaka,Dhaka,2574,23.81,90.41,cereals and tubers,Wheat,84,100 KG,actual,Wholesale,975.0
2001-09-15,Dhaka,Dhaka,Dhaka,2574,23.81,90.41,cereals and tubers,Wheat,84,100 KG,actual,Wholesale,975.0
2001-10-15,Dhaka,Dhaka,Dhaka,2574,23.81,90.41,cereals and tubers,Wheat,84,100 KG,actual,Wholesale,968.0
2001-11-15,Dhaka,Dhaka,Dhaka,2574,23.81,90.41,cereals and tubers,Wheat,84,100 KG,actual,Wholesale,955.2
2001-12-15,Dhaka,Dhaka,Dhaka,2574,23.81,90.41,cereals and tubers,Wheat,84,100 KG,actual,Wholesale,955.0
2002-01-15,Dhaka,Dhaka,Dhaka,2574,23.81,90.41,cereals and tubers,Wheat,84,100 KG,actual,Wholesale,961.0
2002-02-15,Dhaka,Dhaka,Dhaka,2574,23.81,90.41,cereals and tubers,Wheat,84,100 KG,actual,Wholesale,965.0
2002-03-15,Dhaka,Dhaka,Dhaka,2574,23.81,90.41,cereals and tubers,Wheat,84,100 KG,actual,Wholesale,965.0
2002-04-15,Dhaka,Dhaka,Dhaka,2574,23.81,90.41,cereals and tubers,Wheat,84,100 KG,actual,Wholesale,954.25
2002-05-15,Dhaka,Dhaka,Dhaka,2574,23.81,90.41,cereals and tubers,Wheat,84,100 KG,actual,Wholesale,928.75
2002-06-15,Dhaka,Dhaka,Dhaka,2574,23.81,90.41,cereals and tubers,Wheat,84,100 KG,actual,Wholesale,925.0
2002-07-15,Dhaka,Dhaka,Dhaka,2574,23.81,90.41,cereals and tubers,Wheat,84,100 KG,actual,Wholesale,925.0
2002-08-15,Dhaka,Dhaka,Dhaka,2574,23.81,90.41,cereals and tubers,Wheat,84,100 KG,actual,Wholesale,914.75
2002-09-15,Dhaka,Dhaka,Dhaka,2574,23.81,90.41,cereals and tubers,Wheat,84,100 KG,actual,Wholesale,914.25
2002-10-15,Dhaka,Dhaka,Dhaka,2574,23.81,90.41,cereals and tubers,Wheat,84,100 KG,actual,Wholesale,914.0
2002-11-15,Dhaka,Dhaka,Dhaka,2574,23.81,90.41,cereals and tubers,Wheat,84,100 KG,actual,Wholesale,907.5
2002-12-15,Dhaka,Dhaka,Dhaka,2574,23.81,90.41,cereals and tubers,Wheat,84,100 KG,actual,Wholesale,899.75
2003-01-15,Dhaka,Dhaka,Dhaka,2574,23.81,90.41,cereals and tubers,Wheat,84,100 KG,actual,Wholesale,903.5
2003-02-15,Dhaka,Dhaka,Dhaka,2574,23.81,90.41,cereals and tubers,Wheat,84,100 KG,actual,Wholesale,873.33
2003-03-15,Dhaka,Dhaka,Dhaka,2574,23.81,90.41,cereals and tubers,Wheat,84,100 KG,actual,Wholesale,893.33
2003-04-15,Dhaka,Dhaka,Dhaka,2574,23.81,90.41,cereals and tubers,Wheat,84,100 KG,actual,Wholesale,856.0
2003-05-15,Dhaka,Dhaka,Dhaka,2574,23.81,90.41,cereals and tubers,Wheat,84,100 KG,actual,Wholesale,820.0
2003-06-15,Dhaka,Dhaka,Dhaka,2574,23.81,90.41,cereals and tubers,Wheat,84,100 KG,actual,Wholesale,857.5
2003-07-15,Dhaka,Dhaka,Dhaka,2574,23.81,90.41,cereals and tubers,Wheat,84,100 KG,actual,Wholesale,872.0
2003-08-15,Dhaka,Dhaka,Dhaka,2574,23.81,90.41,cereals and tubers,Wheat,84,100 KG,actual,Wholesale,875.0
2003-09-15,Dhaka,Dhaka,Dhaka,2574,23.81,90.41,cereals and tubers,Wheat,84,100 KG,actual,Wholesale,901.25
2003-10-15,Dhaka,Dhaka,Dhaka,2574,23.81,90.41,cereals and tubers,Wheat,84,100 KG,actual,Wholesale,910.0
2003-11-15,Dhaka,Dhaka,Dhaka,2574,23.81,90.41,cereals and tubers,Wheat,84,100 KG,actual,Wholesale,910.0
2003-12-15,Dhaka,Dhaka,Dhaka,2574,23.81,90.41,cereals and tubers,Wheat,84,100 KG,actual,Wholesale,910.0
2004-01-15,Dhaka,Dhaka,Dhaka,2574,23.81,90.41,cereals and tubers,Wheat,84,100 KG,actual,Wholesale,910.0
2004-02-15,Dhaka,Dhaka,Dhaka,2574,23.81,90.41,cereals and tubers,Wheat,84,100 KG,actual,Wholesale,992.5
2004-03-15,Dhaka,Dhaka,Dhaka,2574,23.81,90.41,cereals and tubers,Wheat,84,100 KG,actual,Wholesale,1125.0
2004-04-15,Dhaka,Dhaka,Dhaka,2574,23.81,90.41,cereals and tubers,Wheat,84,100 KG,actual,Wholesale,1125.0
2004-05-15,Dhaka,Dhaka,Dhaka,2574,23.81,90.41,cereals and tubers,Wheat,84,100 KG,actual,Wholesale,1125.0
2004-06-15,Dhaka,Dhaka,Dhaka,2574,23.81,90.41,cereals and tubers,Wheat,84,100 KG,actual,Wholesale,1125.0
2004-07-15,Dhaka,Dhaka,Dhaka,2574,23.81,90.41,cereals and tubers,Wheat,84,100 KG,actual,Wholesale,1125.0
2004-08-15,Dhaka,Dhaka,Dhaka,2574,23.81,90.41,cereals and tubers,Wheat,84,100 KG,actual,Wholesale,1152.75
2004-09-15,Dhaka,Dhaka,Dhaka,2574,23.81,90.41,cereals and tubers,Wheat,84,100 KG,actual,Wholesale,1187.0
2004-10-15,Dhaka,Dhaka,Dhaka,2574,23.81,90.41,cereals and tubers,Wheat,84,100 KG,actual,Wholesale,1187.0
2004-11-15,Dhaka,Dhaka,Dhaka,2574,23.81,90.41,cereals and tubers,Wheat,84,100 KG,actual,Wholesale,1187.0
2004-12-15,Dhaka,Dhaka,Dhaka,2574,23.81,90.41,cereals and tubers,Wheat,84,100 KG,actual,Wholesale,1187.0
2005-01-15,Dhaka,Dhaka,Dhaka,2574,23.81,90.41,cereals and tubers,Wheat,84,100 KG,actual,Wholesale,1187.0
2005-02-15,Dhaka,Dhaka,Dhaka,2574,23.81,90.41,cereals and tubers,Wheat,84,100 KG,actual,Wholesale,1187.0
2005-03-15,Dhaka,Dhaka,Dhaka,2574,23.81,90.41,cereals and tubers,Wheat,84,100 KG,actual,Wholesale,1286.5
2005-04-15,Dhaka,Dhaka,Dhaka,2574,23.81,90.41,cereals and tubers,Wheat,84,100 KG,actual,Wholesale,1386.0
2005-05-15,Dhaka,Dhaka,Dhaka,2574,23.81,90.41,cereals and tubers,Wheat,84,100 KG,actual,Wholesale,1350.0
2005-06-15,Dhaka,Dhaka,Dhaka,2574,23.81,90.41,cereals and tubers,Wheat,84,100 KG,actual,Wholesale,1350.0
2005-07-15,Dhaka,Dhaka,Dhaka,2574,23.81,90.41,cereals and tubers,Wheat,84,100 KG,actual,Wholesale,1455.0
2005-08-15,Dhaka,Dhaka,Dhaka,2574,23.81,90.41,cereals and tubers,Wheat,84,100 KG,actual,Wholesale,1470.0
2005-09-15,Dhaka,Dhaka,Dhaka,2574,23.81,90.41,cereals and tubers,Wheat,84,100 KG,actual,Wholesale,1483.75
2005-10-15,Dhaka,Dhaka,Dhaka,2574,23.81,90.41,cereals and tubers,Wheat,84,100 KG,actual,Wholesale,1475.5
2005-11-15,Dhaka,Dhaka,Dhaka,2574,23.81,90.41,cereals and tubers,Wheat,84,100 KG,actual,Wholesale,1471.0
2005-12-15,Dhaka,Dhaka,Dhaka,2574,23.81,90.41,cereals and tubers,Wheat,84,100 KG,actual,Wholesale,1470.0
2006-01-15,Dhaka,Dhaka,Dhaka,2574,23.81,90.41,cereals and tubers,Wheat,84,100 KG,actual,Wholesale,1400.0
2006-02-15,Dhaka,Dhaka,Dhaka,2574,23.81,90.41,cereals and tubers,Wheat,84,100 KG,actual,Wholesale,1400.0
2006-03-15,Dhaka,Dhaka,Dhaka,2574,23.81,90.41,cereals and tubers,Wheat,84,100 KG,actual,Wholesale,1428.0
2006-04-15,Dhaka,Dhaka,Dhaka,2574,23.81,90.41,cereals and tubers,Wheat,84,100 KG,actual,Wholesale,1476.25
2006-05-15,Dhaka,Dhaka,Dhaka,2574,23.81,90.41,cereals and tubers,Wheat,84,100 KG,actual,Wholesale,1475.0
2006-06-15,Dhaka,Dhaka,Dhaka,2574,23.81,90.41,cereals and tubers,Wheat,84,100 KG,actual,Wholesale,1473.75
2006-07-15,Dhaka,Dhaka,Dhaka,2574,23.81,90.41,cereals and tubers,Wheat,84,100 KG,actual,Wholesale,1466.88
2006-08-15,Dhaka,Dhaka,Dhaka,2574,23.81,90.41,cereals and tubers,Wheat,84,100 KG,actual,Wholesale,1460.0
2006-09-15,Dhaka,Dhaka,Dhaka,2574,23.81,90.41,cereals and tubers,Wheat,84,100 KG,actual,Wholesale,1660.0
2006-10-15,Dhaka,Dhaka,Dhaka,2574,23.81,90.41,cereals and tubers,Wheat,84,100 KG,actual,Wholesale,1670.67
2006-11-15,Dhaka,Dhaka,Dhaka,2574,23.81,90.41,cereals and tubers,Wheat,84,100 KG,actual,Wholesale,1921.25
2006-12-15,Dhaka,Dhaka,Dhaka,2574,23.81,90.41,cereals and tubers,Wheat,84,100 KG,actual,Wholesale,1965.0
2007-01-15,Dhaka,Dhaka,Dhaka,2574,23.81,90.41,cereals and tubers,Wheat,84,100 KG,actual,Wholesale,1868.75
2007-02-15,Dhaka,Dhaka,Dhaka,2574,23.81,90.41,cereals and tubers,Wheat,84,100 KG,actual,Wholesale,1836.5
2007-03-15,Dhaka,Dhaka,Dhaka,2574,23.81,90.41,cereals and tubers,Wheat,84,100 KG,actual,Wholesale,1846.0
2007-04-15,Dhaka,Dhaka,Dhaka,2574,23.81,90.41,cereals and tubers,Wheat,84,100 KG,actual,Wholesale,2184.0
2007-05-15,Dhaka,Dhaka,Dhaka,2574,23.81,90.41,cereals and tubers,Wheat,84,100 KG,actual,Wholesale,1795.25
2007-06-15,Dhaka,Dhaka,Dhaka,2574,23.81,90.41,cereals and tubers,Wheat,84,100 KG,actual,Wholesale,1992.0
2007-07-15,Dhaka,Dhaka,Dhaka,2574,23.81,90.41,cereals and tubers,Wheat,84,100 KG,actual,Wholesale,2180.5
2007-08-15,Dhaka,Dhaka,Dhaka,2574,23.81,90.41,cereals and tubers,Wheat,84,100 KG,actual,Wholesale,2234.25
2007-09-15,Dhaka,Dhaka,Dhaka,2574,23.81,90.41,cereals and tubers,Wheat,84,100 KG,actual,Wholesale,2579.67
2007-10-15,Dhaka,Dhaka,Dhaka,2574,23.81,90.41,cereals and tubers,Wheat,84,100 KG,actual,Wholesale,2768.8
2007-11-15,Dhaka,Dhaka,Dhaka,2574,23.81,90.41,cereals and tubers,Wheat,84,100 KG,actual,Wholesale,2890.0
2007-12-15,Dhaka,Dhaka,Dhaka,2574,23.81,90.41,cereals and tubers,Wheat,84,100 KG,actual,Wholesale,2927.5
2008-01-15,Dhaka,Dhaka,Dhaka,2574,23.81,90.41,cereals and tubers,Wheat,84,100 KG,actual,Wholesale,3091.5
2008-02-15,Dhaka,Dhaka,Dhaka,2574,23.81,90.41,cereals and tubers,Wheat,84,100 KG,actual,Wholesale,3108.33
2008-03-15,Dhaka,Dhaka,Dhaka,2574,23.81,90.41,cereals and tubers,Wheat,84,100 KG,actual,Wholesale,3358.42
2008-04-15,Dhaka,Dhaka,Dhaka,2574,23.81,90.41,cereals and tubers,Wheat,84,100 KG,actual,Wholesale,3096.62
2008-05-15,Dhaka,Dhaka,Dhaka,2574,23.81,90.41,cereals and tubers,Wheat,84,100 KG,actual,Wholesale,2964.0
2008-06-15,Dhaka,Dhaka,Dhaka,2574,23.81,90.41,cereals and tubers,Wheat,84,100 KG,actual,Wholesale,2796.18
2008-07-15,Dhaka,Dhaka,Dhaka,2574,23.81,90.41,cereals and tubers,Wheat,84,100 KG,actual,Wholesale,2885.93
2008-08-15,Dhaka,Dhaka,Dhaka,2574,23.81,90.41,cereals and tubers,Wheat,84,100 KG,actual,Wholesale,2709.25
2008-09-15,Dhaka,Dhaka,Dhaka,2574,23.81,90.41,cereals and tubers,Wheat,84,100 KG,actual,Wholesale,2638.89
2008-10-15,Dhaka,Dhaka,Dhaka,2574,23.81,90.41,cereals and tubers,Wheat,84,100 KG,actual,Wholesale,2625.84
2008-11-15,Dhaka,Dhaka,Dhaka,2574,23.81,90.41,cereals and tubers,Wheat,84,100 KG,actual,Wholesale,2265.75
2008-12-15,Dhaka,Dhaka,Dhaka,2574,23.81,90.41,cereals and tubers,Wheat,84,100 KG,actual,Wholesale,1911.33
2009-01-15,Dhaka,Dhaka,Dhaka,2574,23.81,90.41,cereals and tubers,Wheat,84,100 KG,actual,Wholesale,1668.81
2009-02-15,Dhaka,Dhaka,Dhaka,2574,23.81,90.41,cereals and tubers,Wheat,84,100 KG,actual,Wholesale,1750.5
2009-03-15,Dhaka,Dhaka,Dhaka,2574,23.81,90.41,cereals and tubers,Wheat,84,100 KG,actual,Wholesale,1636.47
2009-04-15,Dhaka,Dhaka,Dhaka,2574,23.81,90.41,cereals and tubers,Wheat,84,100 KG,actual,Wholesale,1444.0
2009-05-15,Dhaka,Dhaka,Dhaka,2574,23.81,90.41,cereals and tubers,Wheat,84,100 KG,actual,Wholesale,1506.0
2009-06-15,Dhaka,Dhaka,Dhaka,2574,23.81,90.41,cereals and tubers,Wheat,84,100 KG,actual,Wholesale,1525.0
2009-07-15,Dhaka,Dhaka,Dhaka,2574,23.81,90.41,cereals and tubers,Wheat,84,100 KG,actual,Wholesale,1554.5
2009-08-15,Dhaka,Dhaka,Dhaka,2574,23.81,90.41,cereals and tubers,Wheat,84,100 KG,actual,Wholesale,1588.3
2009-09-15,Dhaka,Dhaka,Dhaka,2574,23.81,90.41,cereals and tubers,Wheat,84,100 KG,actual,Wholesale,1614.25
2009-10-15,Dhaka,Dhaka,Dhaka,2574,23.81,90.41,cereals and tubers,Wheat,84,100 KG,actual,Wholesale,1622.55
2009-11-15,Dhaka,Dhaka,Dhaka,2574,23.81,90.41,cereals and tubers,Wheat,84,100 KG,actual,Wholesale,1655.0
2009-12-15,Dhaka,Dhaka,Dhaka,2574,23.81,90.41,cereals and tubers,Wheat,84,100 KG,actual,Wholesale,1684.29
2010-01-15,Dhaka,Dhaka,Dhaka,2574,23.81,90.41,cereals and tubers,Wheat,84,100 KG,actual,Wholesale,1834.6
2010-02-15,Dhaka,Dhaka,Dhaka,2574,23.81,90.41,cereals and tubers,Wheat,84,100 KG,actual,Wholesale,1725.9
2010-03-15,Dhaka,Dhaka,Dhaka,2574,23.81,90.41,cereals and tubers,Wheat,84,100 KG,actual,Wholesale,1698.0
2010-04-15,Dhaka,Dhaka,Dhaka,2574,23.81,90.41,cereals and tubers,Wheat,84,100 KG,actual,Wholesale,1593.0
2010-05-15,Dhaka,Dhaka,Dhaka,2574,23.81,90.41,cereals and tubers,Wheat,84,100 KG,actual,Wholesale,1634.5
2010-06-15,Dhaka,Dhaka,Dhaka,2574,23.81,90.41,cereals and tubers,Wheat,84,100 KG,actual,Wholesale,1634.5
2010-07-15,Dhaka,Dhaka,Dhaka,2574,23.81,90.41,cereals and tubers,Wheat,84,100 KG,actual,Wholesale,1659.0
2010-08-15,Dhaka,Dhaka,Dhaka,2574,23.81,90.41,cereals and tubers,Wheat,84,100 KG,actual,Wholesale,2100.0
2010-09-15,Dhaka,Dhaka,Dhaka,2574,23.81,90.41,cereals and tubers,Wheat,84,100 KG,actual,Wholesale,2459.0
2010-10-15,Dhaka,Dhaka,Dhaka,2574,23.81,90.41,cereals and tubers,Wheat,84,100 KG,actual,Wholesale,2483.0
2010-11-15,Dhaka,Dhaka,Dhaka,2574,23.81,90.41,cereals and tubers,Wheat,84,100 KG,actual,Wholesale,2475.0
2010-12-15,Dhaka,Dhaka,Dhaka,2574,23.81,90.41,cereals and tubers,Wheat,84,100 KG,actual,Wholesale,2599.0
2011-01-15,Dhaka,Dhaka,Dhaka,2574,23.81,90.41,cereals and tubers,Wheat,84,100 KG,actual,Wholesale,2654.0
2011-02-15,Dhaka,Dhaka,Dhaka,2574,23.81,90.41,cereals and tubers,Wheat,84,100 KG,actual,Wholesale,2545.0
2011-03-15,Dhaka,Dhaka,Dhaka,2574,23.81,90.41,cereals and tubers,Wheat,84,100 KG,actual,Wholesale,2402.0
2011-04-15,Dhaka,Dhaka,Dhaka,2574,23.81,90.41,cereals and tubers,Wheat,84,100 KG,actual,Wholesale,2102.0
2011-05-15,Dhaka,Dhaka,Dhaka,2574,23.81,90.41,cereals and tubers,Wheat,84,100 KG,actual,Wholesale,1991.0
2011-06-15,Dhaka,Dhaka,Dhaka,2574,23.81,90.41,cereals and tubers,Wheat,84,100 KG,actual,Wholesale,1969.0
2011-07-15,Dhaka,Dhaka,Dhaka,2574,23.81,90.41,cereals and tubers,Wheat,84,100 KG,actual,Wholesale,1987.8
2011-08-15,Dhaka,Dhaka,Dhaka,2574,23.81,90.41,cereals and tubers,Wheat,84,100 KG,actual,Wholesale,2040.0
2011-09-15,Dhaka,Dhaka,Dhaka,2574,23.81,90.41,cereals and tubers,Wheat,84,100 KG,actual,Wholesale,2337.0
2011-10-15,Dhaka,Dhaka,Dhaka,2574,23.81,90.41,cereals and tubers,Wheat,84,100 KG,actual,Wholesale,2419.0
2011-11-15,Dhaka,Dhaka,Dhaka,2574,23.81,90.41,cereals and tubers,Wheat,84,100 KG,actual,Wholesale,2374.0
2011-12-15,Dhaka,Dhaka,Dhaka,2574,23.81,90.41,cereals and tubers,Wheat,84,100 KG,actual,Wholesale,2409.0
2012-01-15,Dhaka,Dhaka,Dhaka,2574,23.81,90.41,cereals and tubers,Wheat,84,100 KG,actual,Wholesale,2358.0
2012-02-15,Dhaka,Dhaka,Dhaka,2574,23.81,90.41,cereals and tubers,Wheat,84,100 KG,actual,Wholesale,2513.0
2012-03-15,Dhaka,Dhaka,Dhaka,2574,23.81,90.41,cereals and tubers,Wheat,84,100 KG,actual,Wholesale,2526.0
2012-04-15,Dhaka,Dhaka,Dhaka,2574,23.81,90.41,cereals and tubers,Wheat,84,100 KG,actual,Wholesale,2352.0
2012-05-15,Dhaka,Dhaka,Dhaka,2574,23.81,90.41,cereals and tubers,Wheat,84,100 KG,actual,Wholesale,2161.0
2012-06-15,Dhaka,Dhaka,Dhaka,2574,23.81,90.41,cereals and tubers,Wheat,84,100 KG,actual,Wholesale,2225.0
2012-07-15,Dhaka,Dhaka,Dhaka,2574,23.81,90.41,cereals and tubers,Wheat,84,100 KG,actual,Wholesale,2317.0
2012-08-15,Dhaka,Dhaka,Dhaka,2574,23.81,90.41,cereals and tubers,Wheat,84,100 KG,actual,Wholesale,2543.0
2012-09-15,Dhaka,Dhaka,Dhaka,2574,23.81,90.41,cereals and tubers,Wheat,84,100 KG,actual,Wholesale,2772.0
2012-10-15,Dhaka,Dhaka,Dhaka,2574,23.81,90.41,cereals and tubers,Wheat,84,100 KG,actual,Wholesale,2861.0
2012-11-15,Dhaka,Dhaka,Dhaka,2574,23.81,90.41,cereals and tubers,Wheat,84,100 KG,actual,Wholesale,2960.0
2012-12-15,Dhaka,Dhaka,Dhaka,2574,23.81,90.41,cereals and tubers,Wheat,84,100 KG,actual,Wholesale,2915.0
2013-01-15,Dhaka,Dhaka,Dhaka,2574,23.81,90.41,cereals and tubers,Wheat,84,100 KG,actual,Wholesale,2853.6
2013-02-15,Dhaka,Dhaka,Dhaka,2574,23.81,90.41,cereals and tubers,Wheat,84,100 KG,actual,Wholesale,3022.6
2013-03-15,Dhaka,Dhaka,Dhaka,2574,23.81,90.41,cereals and tubers,Wheat,84,100 KG,actual,Wholesale,3019.5
2013-04-15,Dhaka,Dhaka,Dhaka,2574,23.81,90.41,cereals and tubers,Wheat,84,100 KG,actual,Wholesale,2943.3
2013-05-15,Dhaka,Dhaka,Dhaka,2574,23.81,90.41,cereals and tubers,Wheat,84,100 KG,actual,Wholesale,2904.5
2013-06-15,Dhaka,Dhaka,Dhaka,2574,23.81,90.41,cereals and tubers,Wheat,84,100 KG,actual,Wholesale,2868.0
2013-07-15,Dhaka,Dhaka,Dhaka,2574,23.81,90.41,cereals and tubers,Wheat,84,100 KG,actual,Wholesale,2744.35
2013-08-15,Dhaka,Dhaka,Dhaka,2574,23.81,90.41,cereals and tubers,Wheat,84,100 KG,actual,Wholesale,2748.46
2013-09-15,Dhaka,Dhaka,Dhaka,2574,23.81,90.41,cereals and tubers,Wheat,84,100 KG,actual,Wholesale,2625.0
2013-10-15,Dhaka,Dhaka,Dhaka,2574,23.81,90.41,cereals and tubers,Wheat,84,100 KG,actual,Wholesale,2563.0
2013-11-15,Dhaka,Dhaka,Dhaka,2574,23.81,90.41,cereals and tubers,Wheat,84,100 KG,actual,Wholesale,2550.0
2013-12-15,Dhaka,Dhaka,Dhaka,2574,23.81,90.41,cereals and tubers,Wheat,84,100 KG,actual,Wholesale,2648.0
2014-01-15,Dhaka,Dhaka,Dhaka,2574,23.81,90.41,cereals and tubers,Wheat,84,100 KG,actual,Wholesale,3061.25
2014-02-15,Dhaka,Dhaka,Dhaka,2574,23.81,90.41,cereals and tubers,Wheat,84,100 KG,actual,Wholesale,2970.83
2014-03-15,Dhaka,Dhaka,Dhaka,2574,23.81,90.41,cereals and tubers,Wheat,84,100 KG,actual,Wholesale,2835.59
2014-04-15,Dhaka,Dhaka,Dhaka,2574,23.81,90.41,cereals and tubers,Wheat,84,100 KG,actual,Wholesale,2760.79
2014-05-15,Dhaka,Dhaka,Dhaka,2574,23.81,90.41,cereals and tubers,Wheat,84,100 KG,actual,Wholesale,2701.25
2014-06-15,Dhaka,Dhaka,Dhaka,2574,23.81,90.41,cereals and tubers,Wheat,84,100 KG,actual,Wholesale,2704.17
2014-07-15,Dhaka,Dhaka,Dhaka,2574,23.81,90.41,cereals and tubers,Wheat,84,100 KG,actual,Wholesale,3138.75
2014-08-15,Dhaka,Dhaka,Dhaka,2574,23.81,90.41,cereals and tubers,Wheat,84,100 KG,actual,Wholesale,2895.79
2014-09-15,Dhaka,Dhaka,Dhaka,2574,23.81,90.41,cereals and tubers,Wheat,84,100 KG,actual,Wholesale,2559.21
2014-10-15,Dhaka,Dhaka,Dhaka,2574,23.81,90.41,cereals and tubers,Wheat,84,100 KG,actual,Wholesale,2553.0
2014-11-15,Dhaka,Dhaka,Dhaka,2574,23.81,90.41,cereals and tubers,Wheat,84,100 KG,actual,Wholesale,2757.81
2014-12-15,Dhaka,Dhaka,Dhaka,2574,23.81,90.41,cereals and tubers,Wheat,84,100 KG,actual,Wholesale,2546.05
2015-01-15,Dhaka,Dhaka,Dhaka,2574,23.81,90.41,cereals and tubers,Wheat,84,100 KG,actual,Wholesale,2650.0
2015-02-15,Dhaka,Dhaka,Dhaka,2574,23.81,90.41,cereals and tubers,Wheat,84,100 KG,actual,Wholesale,2662.5
2015-03-15,Dhaka,Dhaka,Dhaka,2574,23.81,90.41,cereals and tubers,Wheat,84,100 KG,actual,Wholesale,2656.94
2015-04-15,Dhaka,Dhaka,Dhaka,2574,23.81,90.41,cereals and tubers,Wheat,84,100 KG,actual,Wholesale,2794.06
2015-05-15,Dhaka,Dhaka,Dhaka,2574,23.81,90.41,cereals and tubers,Wheat,84,100 KG,actual,Wholesale,2452.78
2015-06-15,Dhaka,Dhaka,Dhaka,2574,23.81,90.41,cereals and tubers,Wheat,84,100 KG,actual,Wholesale,2407.0
2015-07-15,Dhaka,Dhaka,Dhaka,2574,23.81,90.41,cereals and tubers,Wheat,84,100 KG,actual,Wholesale,2361.54
2015-08-15,Dhaka,Dhaka,Dhaka,2574,23.81,90.41,cereals and tubers,Wheat,84,100 KG,actual,Wholesale,2671.59
2015-09-15,Dhaka,Dhaka,Dhaka,2574,23.81,90.41,cereals and tubers,Wheat,84,100 KG,actual,Wholesale,2543.75
2015-10-15,Dhaka,Dhaka,Dhaka,2574,23.81,90.41,cereals and tubers,Wheat,84,100 KG,actual,Wholesale,2466.0
2015-11-15,Dhaka,Dhaka,Dhaka,2574,23.81,90.41,cereals and tubers,Wheat,84,100 KG,actual,Wholesale,2379.69
2015-12-15,Dhaka,Dhaka,Dhaka,2574,23.81,90.41,cereals and tubers,Wheat,84,100 KG,actual,Wholesale,2249.0
2016-01-15,Dhaka,Dhaka,Dhaka,2574,23.81,90.41,cereals and tubers,Wheat,84,100 KG,actual,Wholesale,2182.38
2016-02-15,Dhaka,Dhaka,Dhaka,2574,23.81,90.41,cereals and tubers,Wheat,84,100 KG,actual,Wholesale,2337.78
2016-03-15,Dhaka,Dhaka,Dhaka,2574,23.81,90.41,cereals and tubers,Wheat,84,100 KG,actual,Wholesale,1981.25
2016-04-15,Dhaka,Dhaka,Dhaka,2574,23.81,90.41,cereals and tubers,Wheat,84,100 KG,actual,Wholesale,2045.29
2016-05-15,Dhaka,Dhaka,Dhaka,2574,23.81,90.41,cereals and tubers,Wheat,84,100 KG,actual,Wholesale,2034.21
2016-06-15,Dhaka,Dhaka,Dhaka,2574,23.81,90.41,cereals and tubers,Wheat,84,100 KG,actual,Wholesale,2035.71
2016-07-15,Dhaka,Dhaka,Dhaka,2574,23.81,90.41,cereals and tubers,Wheat,84,100 KG,actual,Wholesale,2070.0
2016-08-15,Dhaka,Dhaka,Dhaka,2574,23.81,90.41,cereals and tubers,Wheat,84,100 KG,actual,Wholesale,2063.46
2016-09-15,Dhaka,Dhaka,Dhaka,2574,23.81,90.41,cereals and tubers,Wheat,84,100 KG,actual,Wholesale,2075.0
2016-10-15,Dhaka,Dhaka,Dhaka,2574,23.81,90.41,cereals and tubers,Wheat,84,100 KG,actual,Wholesale,2128.33
2016-11-15,Dhaka,Dhaka,Dhaka,2574,23.81,90.41,cereals and tubers,Wheat,84,100 KG,actual,Wholesale,2123.21
2016-12-15,Dhaka,Dhaka,Dhaka,2574,23.81,90.41,cereals and tubers,Wheat,84,100 KG,actual,Wholesale,2100.0
2017-01-15,Dhaka,Dhaka,Dhaka,2574,23.81,90.41,cereals and tubers,Wheat,84,100 KG,actual,Wholesale,2079.69
2017-02-15,Dhaka,Dhaka,Dhaka,2574,23.81,90.41,cereals and tubers,Wheat,84,100 KG,actual,Wholesale,2121.25
2017-03-15,Dhaka,Dhaka,Dhaka,2574,23.81,90.41,cereals and tubers,Wheat,84,100 KG,actual,Wholesale,2066.67
2017-04-15,Dhaka,Dhaka,Dhaka,2574,23.81,90.41,cereals and tubers,Wheat,84,100 KG,actual,Wholesale,2100.0
2017-05-15,Dhaka,Dhaka,Dhaka,2574,23.81,90.41,cereals and tubers,Wheat,84,100 KG,actual,Wholesale,2100.0
2017-06-15,Dhaka,Dhaka,Dhaka,2574,23.81,90.41,cereals and tubers,Wheat,84,100 KG,actual,Wholesale,2150.0
2017-07-15,Dhaka,Dhaka,Dhaka,2574,23.81,90.41,cereals and tubers,Wheat,84,100 KG,actual,Wholesale,2300.0
2017-08-15,Dhaka,Dhaka,Dhaka,2574,23.81,90.41,cereals and tubers,Wheat,84,100 KG,actual,Wholesale,2352.63
2017-09-15,Dhaka,Dhaka,Dhaka,2574,23.81,90.41,cereals and tubers,Wheat,84,100 KG,actual,Wholesale,2538.89
2017-10-15,Dhaka,Dhaka,Dhaka,2574,23.81,90.41,cereals and tubers,Wheat,84,100 KG,actual,Wholesale,2537.5
2017-11-15,Dhaka,Dhaka,Dhaka,2574,23.81,90.41,cereals and tubers,Wheat,84,100 KG,actual,Wholesale,2481.25
2008-01-15,Dhaka,Dhaka,Dhaka,2574,23.81,90.41,cereals and tubers,Wheat flour,58,KG,actual,Retail,39.5
2008-02-15,Dhaka,Dhaka,Dhaka,2574,23.81,90.41,cereals and tubers,Wheat flour,58,KG,actual,Retail,40.39
2008-03-15,Dhaka,Dhaka,Dhaka,2574,23.81,90.41,cereals and tubers,Wheat flour,58,KG,actual,Retail,42.25
2008-07-15,Dhaka,Dhaka,Dhaka,2574,23.81,90.41,cereals and tubers,Wheat flour,58,KG,actual,Retail,37.5
2008-08-15,Dhaka,Dhaka,Dhaka,2574,23.81,90.41,cereals and tubers,Wheat flour,58,KG,actual,Retail,37.32
2008-09-15,Dhaka,Dhaka,Dhaka,2574,23.81,90.41,cereals and tubers,Wheat flour,58,KG,actual,Retail,35.45
2008-10-15,Dhaka,Dhaka,Dhaka,2574,23.81,90.41,cereals and tubers,Wheat flour,58,KG,actual,Retail,34.5
2008-11-15,Dhaka,Dhaka,Dhaka,2574,23.81,90.41,cereals and tubers,Wheat flour,58,KG,actual,Retail,29.32
2008-12-15,Dhaka,Dhaka,Dhaka,2574,23.81,90.41,cereals and tubers,Wheat flour,58,KG,actual,Retail,24.23
2009-01-15,Dhaka,Dhaka,Dhaka,2574,23.81,90.41,cereals and tubers,Wheat flour,58,KG,actual,Retail,23.53
2009-02-15,Dhaka,Dhaka,Dhaka,2574,23.81,90.41,cereals and tubers,Wheat flour,58,KG,actual,Retail,23.45
2009-03-15,Dhaka,Dhaka,Dhaka,2574,23.81,90.41,cereals and tubers,Wheat flour,58,KG,actual,Retail,22.5
2009-04-15,Dhaka,Dhaka,Dhaka,2574,23.81,90.41,cereals and tubers,Wheat flour,58,KG,actual,Retail,19.5
2009-05-15,Dhaka,Dhaka,Dhaka,2574,23.81,90.41,cereals and tubers,Wheat flour,58,KG,actual,Retail,19.08
2009-06-15,Dhaka,Dhaka,Dhaka,2574,23.81,90.41,cereals and tubers,Wheat flour,58,KG,actual,Retail,18.79
2009-07-15,Dhaka,Dhaka,Dhaka,2574,23.81,90.41,cereals and tubers,Wheat flour,58,KG,actual,Retail,19.0
2009-08-15,Dhaka,Dhaka,Dhaka,2574,23.81,90.41,cereals and tubers,Wheat flour,58,KG,actual,Retail,19.0
2009-09-15,Dhaka,Dhaka,Dhaka,2574,23.81,90.41,cereals and tubers,Wheat flour,58,KG,actual,Retail,19.17
2009-10-15,Dhaka,Dhaka,Dhaka,2574,23.81,90.41,cereals and tubers,Wheat flour,58,KG,actual,Retail,19.29
2009-11-15,Dhaka,Dhaka,Dhaka,2574,23.81,90.41,cereals and tubers,Wheat flour,58,KG,actual,Retail,19.5
2009-12-15,Dhaka,Dhaka,Dhaka,2574,23.81,90.41,cereals and tubers,Wheat flour,58,KG,actual,Retail,20.54
2010-01-15,Dhaka,Dhaka,Dhaka,2574,23.81,90.41,cereals and tubers,Wheat flour,58,KG,actual,Retail,22.36
2010-02-15,Dhaka,Dhaka,Dhaka,2574,23.81,90.41,cereals and tubers,Wheat flour,58,KG,actual,Retail,21.5
2010-03-15,Dhaka,Dhaka,Dhaka,2574,23.81,90.41,cereals and tubers,Wheat flour,58,KG,actual,Retail,21.5
2010-04-15,Dhaka,Dhaka,Dhaka,2574,23.81,90.41,cereals and tubers,Wheat flour,58,KG,actual,Retail,21.72
2010-05-15,Dhaka,Dhaka,Dhaka,2574,23.81,90.41,cereals and tubers,Wheat flour,58,KG,actual,Retail,22.22
2010-06-15,Dhaka,Dhaka,Dhaka,2574,23.81,90.41,cereals and tubers,Wheat flour,58,KG,actual,Retail,22.0
2010-07-15,Dhaka,Dhaka,Dhaka,2574,23.81,90.41,cereals and tubers,Wheat flour,58,KG,actual,Retail,22.0
2010-08-15,Dhaka,Dhaka,Dhaka,2574,23.81,90.41,cereals and tubers,Wheat flour,58,KG,actual,Retail,24.8
2010-09-15,Dhaka,Dhaka,Dhaka,2574,23.81,90.41,cereals and tubers,Wheat flour,58,KG,actual,Retail,28.77
2010-10-15,Dhaka,Dhaka,Dhaka,2574,23.81,90.41,cereals and tubers,Wheat flour,58,KG,actual,Retail,28.75
2010-11-15,Dhaka,Dhaka,Dhaka,2574,23.81,90.41,cereals and tubers,Wheat flour,58,KG,actual,Retail,29.0
2010-12-15,Dhaka,Dhaka,Dhaka,2574,23.81,90.41,cereals and tubers,Wheat flour,58,KG,actual,Retail,30.58
2011-01-15,Dhaka,Dhaka,Dhaka,2574,23.81,90.41,cereals and tubers,Wheat flour,58,KG,actual,Retail,33.39
2011-02-15,Dhaka,Dhaka,Dhaka,2574,23.81,90.41,cereals and tubers,Wheat flour,58,KG,actual,Retail,33.0
2011-03-15,Dhaka,Dhaka,Dhaka,2574,23.81,90.41,cereals and tubers,Wheat flour,58,KG,actual,Retail,31.33
2011-04-15,Dhaka,Dhaka,Dhaka,2574,23.81,90.41,cereals and tubers,Wheat flour,58,KG,actual,Retail,29.86
2011-05-15,Dhaka,Dhaka,Dhaka,2574,23.81,90.41,cereals and tubers,Wheat flour,58,KG,actual,Retail,28.0
2011-06-15,Dhaka,Dhaka,Dhaka,2574,23.81,90.41,cereals and tubers,Wheat flour,58,KG,actual,Retail,25.25
2011-07-15,Dhaka,Dhaka,Dhaka,2574,23.81,90.41,cereals and tubers,Wheat flour,58,KG,actual,Retail,25.35
2011-08-15,Dhaka,Dhaka,Dhaka,2574,23.81,90.41,cereals and tubers,Wheat flour,58,KG,actual,Retail,24.81
2011-09-15,Dhaka,Dhaka,Dhaka,2574,23.81,90.41,cereals and tubers,Wheat flour,58,KG,actual,Retail,27.1
2011-10-15,Dhaka,Dhaka,Dhaka,2574,23.81,90.41,cereals and tubers,Wheat flour,58,KG,actual,Retail,28.33
2011-11-15,Dhaka,Dhaka,Dhaka,2574,23.81,90.41,cereals and tubers,Wheat flour,58,KG,actual,Retail,27.88
2011-12-15,Dhaka,Dhaka,Dhaka,2574,23.81,90.41,cereals and tubers,Wheat flour,58,KG,actual,Retail,27.5
2012-01-15,Dhaka,Dhaka,Dhaka,2574,23.81,90.41,cereals and tubers,Wheat flour,58,KG,actual,Retail,28.11
2012-02-15,Dhaka,Dhaka,Dhaka,2574,23.81,90.41,cereals and tubers,Wheat flour,58,KG,actual,Retail,30.53
2012-03-15,Dhaka,Dhaka,Dhaka,2574,23.81,90.41,cereals and tubers,Wheat flour,58,KG,actual,Retail,33.0
2012-04-15,Dhaka,Dhaka,Dhaka,2574,23.81,90.41,cereals and tubers,Wheat flour,58,KG,actual,Retail,30.55
2012-05-15,Dhaka,Dhaka,Dhaka,2574,23.81,90.41,cereals and tubers,Wheat flour,58,KG,actual,Retail,29.6
2012-06-15,Dhaka,Dhaka,Dhaka,2574,23.81,90.41,cereals and tubers,Wheat flour,58,KG,actual,Retail,29.1
2012-07-15,Dhaka,Dhaka,Dhaka,2574,23.81,90.41,cereals and tubers,Wheat flour,58,KG,actual,Retail,29.2
2012-08-15,Dhaka,Dhaka,Dhaka,2574,23.81,90.41,cereals and tubers,Wheat flour,58,KG,actual,Retail,30.93
2012-09-15,Dhaka,Dhaka,Dhaka,2574,23.81,90.41,cereals and tubers,Wheat flour,58,KG,actual,Retail,32.62
2012-10-15,Dhaka,Dhaka,Dhaka,2574,23.81,90.41,cereals and tubers,Wheat flour,58,KG,actual,Retail,32.5
2012-11-15,Dhaka,Dhaka,Dhaka,2574,23.81,90.41,cereals and tubers,Wheat flour,58,KG,actual,Retail,33.52
2012-12-15,Dhaka,Dhaka,Dhaka,2574,23.81,90.41,cereals and tubers,Wheat flour,58,KG,actual,Retail,33.91
2013-01-15,Dhaka,Dhaka,Dhaka,2574,23.81,90.41,cereals and tubers,Wheat flour,58,KG,actual,Retail,34.44
2013-02-15,Dhaka,Dhaka,Dhaka,2574,23.81,90.41,cereals and tubers,Wheat flour,58,KG,actual,Retail,34.74
2013-03-15,Dhaka,Dhaka,Dhaka,2574,23.81,90.41,cereals and tubers,Wheat flour,58,KG,actual,Retail,34.93
2013-04-15,Dhaka,Dhaka,Dhaka,2574,23.81,90.41,cereals and tubers,Wheat flour,58,KG,actual,Retail,33.33
2013-05-15,Dhaka,Dhaka,Dhaka,2574,23.81,90.41,cereals and tubers,Wheat flour,58,KG,actual,Retail,32.82
2013-06-15,Dhaka,Dhaka,Dhaka,2574,23.81,90.41,cereals and tubers,Wheat flour,58,KG,actual,Retail,33.03
2013-07-15,Dhaka,Dhaka,Dhaka,2574,23.81,90.41,cereals and tubers,Wheat flour,58,KG,actual,Retail,33.42
2013-08-15,Dhaka,Dhaka,Dhaka,2574,23.81,90.41,cereals and tubers,Wheat flour,58,KG,actual,Retail,32.75
2013-09-15,Dhaka,Dhaka,Dhaka,2574,23.81,90.41,cereals and tubers,Wheat flour,58,KG,actual,Retail,31.3
2013-10-15,Dhaka,Dhaka,Dhaka,2574,23.81,90.41,cereals and tubers,Wheat flour,58,KG,actual,Retail,31.0
2013-11-15,Dhaka,Dhaka,Dhaka,2574,23.81,90.41,cereals and tubers,Wheat flour,58,KG,actual,Retail,31.88
2013-12-15,Dhaka,Dhaka,Dhaka,2574,23.81,90.41,cereals and tubers,Wheat flour,58,KG,actual,Retail,32.67
2014-01-15,Dhaka,Dhaka,Dhaka,2574,23.81,90.41,cereals and tubers,Wheat flour,58,KG,actual,Retail,33.3
2014-02-15,Dhaka,Dhaka,Dhaka,2574,23.81,90.41,cereals and tubers,Wheat flour,58,KG,actual,Retail,33.92
2014-03-15,Dhaka,Dhaka,Dhaka,2574,23.81,90.41,cereals and tubers,Wheat flour,58,KG,actual,Retail,33.71
2014-04-15,Dhaka,Dhaka,Dhaka,2574,23.81,90.41,cereals and tubers,Wheat flour,58,KG,actual,Retail,33.45
2014-05-15,Dhaka,Dhaka,Dhaka,2574,23.81,90.41,cereals and tubers,Wheat flour,58,KG,actual,Retail,33.0
2014-06-15,Dhaka,Dhaka,Dhaka,2574,23.81,90.41,cereals and tubers,Wheat flour,58,KG,actual,Retail,32.09
2014-07-15,Dhaka,Dhaka,Dhaka,2574,23.81,90.41,cereals and tubers,Wheat flour,58,KG,actual,Retail,32.05
2014-08-15,Dhaka,Dhaka,Dhaka,2574,23.81,90.41,cereals and tubers,Wheat flour,58,KG,actual,Retail,31.73
2014-09-15,Dhaka,Dhaka,Dhaka,2574,23.81,90.41,cereals and tubers,Wheat flour,58,KG,actual,Retail,31.11
2014-10-15,Dhaka,Dhaka,Dhaka,2574,23.81,90.41,cereals and tubers,Wheat flour,58,KG,actual,Retail,30.0
2014-11-15,Dhaka,Dhaka,Dhaka,2574,23.81,90.41,cereals and tubers,Wheat flour,58,KG,actual,Retail,31.0
2014-12-15,Dhaka,Dhaka,Dhaka,2574,23.81,90.41,cereals and tubers,Wheat flour,58,KG,actual,Retail,30.76
2015-01-15,Dhaka,Dhaka,Dhaka,2574,23.81,90.41,cereals and tubers,Wheat flour,58,KG,actual,Retail,32.7
2015-02-15,Dhaka,Dhaka,Dhaka,2574,23.81,90.41,cereals and tubers,Wheat flour,58,KG,actual,Retail,31.85
2015-03-15,Dhaka,Dhaka,Dhaka,2574,23.81,90.41,cereals and tubers,Wheat flour,58,KG,actual,Retail,31.58
2015-04-15,Dhaka,Dhaka,Dhaka,2574,23.81,90.41,cereals and tubers,Wheat flour,58,KG,actual,Retail,30.69
2015-05-15,Dhaka,Dhaka,Dhaka,2574,23.81,90.41,cereals and tubers,Wheat flour,58,KG,actual,Retail,29.22
2015-06-15,Dhaka,Dhaka,Dhaka,2574,23.81,90.41,cereals and tubers,Wheat flour,58,KG,actual,Retail,29.4
2015-07-15,Dhaka,Dhaka,Dhaka,2574,23.81,90.41,cereals and tubers,Wheat flour,58,KG,actual,Retail,28.4
2015-08-15,Dhaka,Dhaka,Dhaka,2574,23.81,90.41,cereals and tubers,Wheat flour,58,KG,actual,Retail,28.0
2015-09-15,Dhaka,Dhaka,Dhaka,2574,23.81,90.41,cereals and tubers,Wheat flour,58,KG,actual,Retail,27.82
2015-10-15,Dhaka,Dhaka,Dhaka,2574,23.81,90.41,cereals and tubers,Wheat flour,58,KG,actual,Retail,28.0
2015-11-15,Dhaka,Dhaka,Dhaka,2574,23.81,90.41,cereals and tubers,Wheat flour,58,KG,actual,Retail,27.66
2015-12-15,Dhaka,Dhaka,Dhaka,2574,23.81,90.41,cereals and tubers,Wheat flour,58,KG,actual,Retail,27.15
2016-01-15,Dhaka,Dhaka,Dhaka,2574,23.81,90.41,cereals and tubers,Wheat flour,58,KG,actual,Retail,26.64
2016-02-15,Dhaka,Dhaka,Dhaka,2574,23.81,90.41,cereals and tubers,Wheat flour,58,KG,actual,Retail,26.33
2016-03-15,Dhaka,Dhaka,Dhaka,2574,23.81,90.41,cereals and tubers,Wheat flour,58,KG,actual,Retail,25.56
2016-04-15,Dhaka,Dhaka,Dhaka,2574,23.81,90.41,cereals and tubers,Wheat flour,58,KG,actual,Retail,25.24
2016-05-15,Dhaka,Dhaka,Dhaka,2574,23.81,90.41,cereals and tubers,Wheat flour,58,KG,actual,Retail,25.0
2016-06-15,Dhaka,Dhaka,Dhaka,2574,23.81,90.41,cereals and tubers,Wheat flour,58,KG,actual,Retail,24.43
2016-07-15,Dhaka,Dhaka,Dhaka,2574,23.81,90.41,cereals and tubers,Wheat flour,58,KG,actual,Retail,23.5
2016-08-15,Dhaka,Dhaka,Dhaka,2574,23.81,90.41,cereals and tubers,Wheat flour,58,KG,actual,Retail,24.54
2016-09-15,Dhaka,Dhaka,Dhaka,2574,23.81,90.41,cereals and tubers,Wheat flour,58,KG,actual,Retail,24.39
2016-10-15,Dhaka,Dhaka,Dhaka,2574,23.81,90.41,cereals and tubers,Wheat flour,58,KG,actual,Retail,24.35
2016-11-15,Dhaka,Dhaka,Dhaka,2574,23.81,90.41,cereals and tubers,Wheat flour,58,KG,actual,Retail,24.71
2016-12-15,Dhaka,Dhaka,Dhaka,2574,23.81,90.41,cereals and tubers,Wheat flour,58,KG,actual,Retail,24.62
2017-01-15,Dhaka,Dhaka,Dhaka,2574,23.81,90.41,cereals and tubers,Wheat flour,58,KG,actual,Retail,24.75
2017-02-15,Dhaka,Dhaka,Dhaka,2574,23.81,90.41,cereals and tubers,Wheat flour,58,KG,actual,Retail,25.0
2017-03-15,Dhaka,Dhaka,Dhaka,2574,23.81,90.41,cereals and tubers,Wheat flour,58,KG,actual,Retail,24.25
2017-04-15,Dhaka,Dhaka,Dhaka,2574,23.81,90.41,cereals and tubers,Wheat flour,58,KG,actual,Retail,24.0
2017-05-15,Dhaka,Dhaka,Dhaka,2574,23.81,90.41,cereals and tubers,Wheat flour,58,KG,actual,Retail,24.3
2017-06-15,Dhaka,Dhaka,Dhaka,2574,23.81,90.41,cereals and tubers,Wheat flour,58,KG,actual,Retail,24.0
2017-07-15,Dhaka,Dhaka,Dhaka,2574,23.81,90.41,cereals and tubers,Wheat flour,58,KG,actual,Retail,24.37
2017-08-15,Dhaka,Dhaka,Dhaka,2574,23.81,90.41,cereals and tubers,Wheat flour,58,KG,actual,Retail,25.1
2017-09-15,Dhaka,Dhaka,Dhaka,2574,23.81,90.41,cereals and tubers,Wheat flour,58,KG,actual,Retail,28.25
2017-10-15,Dhaka,Dhaka,Dhaka,2574,23.81,90.41,cereals and tubers,Wheat flour,58,KG,actual,Retail,28.58
2017-11-15,Dhaka,Dhaka,Dhaka,2574,23.81,90.41,cereals and tubers,Wheat flour,58,KG,actual,Retail,28.5
2017-12-15,Dhaka,Dhaka,Dhaka,2574,23.81,90.41,cereals and tubers,Wheat flour,58,KG,actual,Retail,28.85
2018-01-15,Dhaka,Dhaka,Dhaka,2574,23.81,90.41,cereals and tubers,Wheat flour,58,KG,actual,Retail,29.0
2018-02-15,Dhaka,Dhaka,Dhaka,2574,23.81,90.41,cereals and tubers,Wheat flour,58,KG,actual,Retail,27.9
2018-03-15,Dhaka,Dhaka,Dhaka,2574,23.81,90.41,cereals and tubers,Wheat flour,58,KG,actual,Retail,26.5
2018-04-15,Dhaka,Dhaka,Dhaka,2574,23.81,90.41,cereals and tubers,Wheat flour,58,KG,actual,Retail,26.5
2018-05-15,Dhaka,Dhaka,Dhaka,2574,23.81,90.41,cereals and tubers,Wheat flour,58,KG,actual,Retail,26.7
2018-06-15,Dhaka,Dhaka,Dhaka,2574,23.81,90.41,cereals and tubers,Wheat flour,58,KG,actual,Retail,26.5
2018-07-15,Dhaka,Dhaka,Dhaka,2574,23.81,90.41,cereals and tubers,Wheat flour,58,KG,actual,Retail,26.3
2018-08-15,Dhaka,Dhaka,Dhaka,2574,23.81,90.41,cereals and tubers,Wheat flour,58,KG,actual,Retail,26.5
2018-09-15,Dhaka,Dhaka,Dhaka,2574,23.81,90.41,cereals and tubers,Wheat flour,58,KG,actual,Retail,27.1
2018-10-15,Dhaka,Dhaka,Dhaka,2574,23.81,90.41,cereals and tubers,Wheat flour,58,KG,actual,Retail,27.07
2018-11-15,Dhaka,Dhaka,Dhaka,2574,23.81,90.41,cereals and tubers,Wheat flour,58,KG,actual,Retail,26.86
2018-12-15,Dhaka,Dhaka,Dhaka,2574,23.81,90.41,cereals and tubers,Wheat flour,58,KG,actual,Retail,29.36
2019-01-15,Dhaka,Dhaka,Dhaka,2574,23.81,90.41,cereals and tubers,Wheat flour,58,KG,actual,Retail,28.48
2019-02-15,Dhaka,Dhaka,Dhaka,2574,23.81,90.41,cereals and tubers,Wheat flour,58,KG,actual,Retail,29.0
2019-03-15,Dhaka,Dhaka,Dhaka,2574,23.81,90.41,cereals and tubers,Wheat flour,58,KG,actual,Retail,28.94
2019-04-15,Dhaka,Dhaka,Dhaka,2574,23.81,90.41,cereals and tubers,Wheat flour,58,KG,actual,Retail,28.03
2019-05-15,Dhaka,Dhaka,Dhaka,2574,23.81,90.41,cereals and tubers,Wheat flour,58,KG,actual,Retail,26.91
2019-06-15,Dhaka,Dhaka,Dhaka,2574,23.81,90.41,cereals and tubers,Wheat flour,58,KG,actual,Retail,27.0
2019-07-15,Dhaka,Dhaka,Dhaka,2574,23.81,90.41,cereals and tubers,Wheat flour,58,KG,actual,Retail,27.33
2019-08-15,Dhaka,Dhaka,Dhaka,2574,23.81,90.41,cereals and tubers,Wheat flour,58,KG,actual,Retail,27.54
2019-09-15,Dhaka,Dhaka,Dhaka,2574,23.81,90.41,cereals and tubers,Wheat flour,58,KG,actual,Retail,28.61
2019-10-15,Dhaka,Dhaka,Dhaka,2574,23.81,90.41,cereals and tubers,Wheat flour,58,KG,actual,Retail,28.85
2019-11-15,Dhaka,Dhaka,Dhaka,2574,23.81,90.41,cereals and tubers,Wheat flour,58,KG,actual,Retail,28.24
2019-12-15,Dhaka,Dhaka,Dhaka,2574,23.81,90.41,cereals and tubers,Wheat flour,58,KG,actual,Retail,28.46
2020-01-15,Dhaka,Dhaka,Dhaka,2574,23.81,90.41,cereals and tubers,Wheat flour,58,KG,actual,Retail,28.39
2020-02-15,Dhaka,Dhaka,Dhaka,2574,23.81,90.41,cereals and tubers,Wheat flour,58,KG,actual,Retail,28.22
2020-03-15,Dhaka,Dhaka,Dhaka,2574,23.81,90.41,cereals and tubers,Wheat flour,58,KG,actual,Retail,27.22
2020-04-15,Dhaka,Dhaka,Dhaka,2574,23.81,90.41,cereals and tubers,Wheat flour,58,KG,actual,Retail,26.5
2020-05-15,Dhaka,Dhaka,Dhaka,2574,23.81,90.41,cereals and tubers,Wheat flour,58,KG,actual,Retail,27.12
2020-06-15,Dhaka,Dhaka,Dhaka,2574,23.81,90.41,cereals and tubers,Wheat flour,58,KG,actual,Retail,26.68
2020-07-15,Dhaka,Dhaka,Dhaka,2574,23.81,90.41,cereals and tubers,Wheat flour,58,KG,actual,Retail,25.5
2020-08-15,Dhaka,Dhaka,Dhaka,2574,23.81,90.41,cereals and tubers,Wheat flour,58,KG,actual,Retail,26.29
2020-09-15,Dhaka,Dhaka,Dhaka,2574,23.81,90.41,cereals and tubers,Wheat flour,58,KG,actual,Retail,26.93
2020-10-15,Dhaka,Dhaka,Dhaka,2574,23.81,90.41,cereals and tubers,Wheat flour,58,KG,actual,Retail,27.67
2020-11-15,Dhaka,Dhaka,Dhaka,2574,23.81,90.41,cereals and tubers,Wheat flour,58,KG,actual,Retail,28.69
2020-12-15,Dhaka,Dhaka,Dhaka,2574,23.81,90.41,cereals and tubers,Wheat flour,58,KG,actual,Retail,29.0
2021-01-15,Dhaka,Dhaka,Dhaka,2574,23.81,90.41,cereals and tubers,Wheat flour,58,KG,actual,Retail,29.0
2021-02-15,Dhaka,Dhaka,Dhaka,2574,23.81,90.41,cereals and tubers,Wheat flour,58,KG,actual,Retail,29.79
2021-03-15,Dhaka,Dhaka,Dhaka,2574,23.81,90.41,cereals and tubers,Wheat flour,58,KG,actual,Retail,29.5
2021-04-15,Dhaka,Dhaka,Dhaka,2574,23.81,90.41,cereals and tubers,Wheat flour,58,KG,actual,Retail,29.38
2021-05-15,Dhaka,Dhaka,Dhaka,2574,23.81,90.41,cereals and tubers,Wheat flour,58,KG,actual,Retail,29.11
2008-07-15,Dhaka,Dhaka,Dhaka,2574,23.81,90.41,cereals and tubers,Wheat flour,58,100 KG,actual,Wholesale,3433.59
2008-08-15,Dhaka,Dhaka,Dhaka,2574,23.81,90.41,cereals and tubers,Wheat flour,58,100 KG,actual,Wholesale,3306.44
2008-09-15,Dhaka,Dhaka,Dhaka,2574,23.81,90.41,cereals and tubers,Wheat flour,58,100 KG,actual,Wholesale,2975.0
2008-10-15,Dhaka,Dhaka,Dhaka,2574,23.81,90.41,cereals and tubers,Wheat flour,58,100 KG,actual,Wholesale,2896.22
2008-11-15,Dhaka,Dhaka,Dhaka,2574,23.81,90.41,cereals and tubers,Wheat flour,58,100 KG,actual,Wholesale,2615.62
2008-12-15,Dhaka,Dhaka,Dhaka,2574,23.81,90.41,cereals and tubers,Wheat flour,58,100 KG,actual,Wholesale,2176.17
2009-01-15,Dhaka,Dhaka,Dhaka,2574,23.81,90.41,cereals and tubers,Wheat flour,58,100 KG,actual,Wholesale,2063.26
2009-02-15,Dhaka,Dhaka,Dhaka,2574,23.81,90.41,cereals and tubers,Wheat flour,58,100 KG,actual,Wholesale,2123.16
2009-03-15,Dhaka,Dhaka,Dhaka,2574,23.81,90.41,cereals and tubers,Wheat flour,58,100 KG,actual,Wholesale,2011.39
2009-04-15,Dhaka,Dhaka,Dhaka,2574,23.81,90.41,cereals and tubers,Wheat flour,58,100 KG,actual,Wholesale,1735.75
2009-05-15,Dhaka,Dhaka,Dhaka,2574,23.81,90.41,cereals and tubers,Wheat flour,58,100 KG,actual,Wholesale,1634.43
2009-06-15,Dhaka,Dhaka,Dhaka,2574,23.81,90.41,cereals and tubers,Wheat flour,58,100 KG,actual,Wholesale,1630.83
2009-07-15,Dhaka,Dhaka,Dhaka,2574,23.81,90.41,cereals and tubers,Wheat flour,58,100 KG,actual,Wholesale,1665.04
2009-08-15,Dhaka,Dhaka,Dhaka,2574,23.81,90.41,cereals and tubers,Wheat flour,58,100 KG,actual,Wholesale,1655.89
2009-09-15,Dhaka,Dhaka,Dhaka,2574,23.81,90.41,cereals and tubers,Wheat flour,58,100 KG,actual,Wholesale,1652.5
2009-10-15,Dhaka,Dhaka,Dhaka,2574,23.81,90.41,cereals and tubers,Wheat flour,58,100 KG,actual,Wholesale,1649.38
2009-11-15,Dhaka,Dhaka,Dhaka,2574,23.81,90.41,cereals and tubers,Wheat flour,58,100 KG,actual,Wholesale,1729.33
2009-12-15,Dhaka,Dhaka,Dhaka,2574,23.81,90.41,cereals and tubers,Wheat flour,58,100 KG,actual,Wholesale,1850.83
2010-01-15,Dhaka,Dhaka,Dhaka,2574,23.81,90.41,cereals and tubers,Wheat flour,58,100 KG,actual,Wholesale,2039.52
2010-02-15,Dhaka,Dhaka,Dhaka,2574,23.81,90.41,cereals and tubers,Wheat flour,58,100 KG,actual,Wholesale,1910.67
2010-03-15,Dhaka,Dhaka,Dhaka,2574,23.81,90.41,cereals and tubers,Wheat flour,58,100 KG,actual,Wholesale,1893.33
2010-04-15,Dhaka,Dhaka,Dhaka,2574,23.81,90.41,cereals and tubers,Wheat flour,58,100 KG,actual,Wholesale,1917.78
2010-05-15,Dhaka,Dhaka,Dhaka,2574,23.81,90.41,cereals and tubers,Wheat flour,58,100 KG,actual,Wholesale,1928.0
2010-06-15,Dhaka,Dhaka,Dhaka,2574,23.81,90.41,cereals and tubers,Wheat flour,58,100 KG,actual,Wholesale,1910.0
2010-07-15,Dhaka,Dhaka,Dhaka,2574,23.81,90.41,cereals and tubers,Wheat flour,58,100 KG,actual,Wholesale,1924.12
2010-08-15,Dhaka,Dhaka,Dhaka,2574,23.81,90.41,cereals and tubers,Wheat flour,58,100 KG,actual,Wholesale,2308.64
2010-09-15,Dhaka,Dhaka,Dhaka,2574,23.81,90.41,cereals and tubers,Wheat flour,58,100 KG,actual,Wholesale,2674.62
2010-10-15,Dhaka,Dhaka,Dhaka,2574,23.81,90.41,cereals and tubers,Wheat flour,58,100 KG,actual,Wholesale,2586.0
2010-11-15,Dhaka,Dhaka,Dhaka,2574,23.81,90.41,cereals and tubers,Wheat flour,58,100 KG,actual,Wholesale,2635.0
2010-12-15,Dhaka,Dhaka,Dhaka,2574,23.81,90.41,cereals and tubers,Wheat flour,58,100 KG,actual,Wholesale,2836.0
2011-01-15,Dhaka,Dhaka,Dhaka,2574,23.81,90.41,cereals and tubers,Wheat flour,58,100 KG,actual,Wholesale,3083.0
2011-02-15,Dhaka,Dhaka,Dhaka,2574,23.81,90.41,cereals and tubers,Wheat flour,58,100 KG,actual,Wholesale,2981.0
2011-03-15,Dhaka,Dhaka,Dhaka,2574,23.81,90.41,cereals and tubers,Wheat flour,58,100 KG,actual,Wholesale,2850.0
2011-04-15,Dhaka,Dhaka,Dhaka,2574,23.81,90.41,cereals and tubers,Wheat flour,58,100 KG,actual,Wholesale,2583.0
2011-05-15,Dhaka,Dhaka,Dhaka,2574,23.81,90.41,cereals and tubers,Wheat flour,58,100 KG,actual,Wholesale,2384.0
2011-06-15,Dhaka,Dhaka,Dhaka,2574,23.81,90.41,cereals and tubers,Wheat flour,58,100 KG,actual,Wholesale,2212.0
2011-07-15,Dhaka,Dhaka,Dhaka,2574,23.81,90.41,cereals and tubers,Wheat flour,58,100 KG,actual,Wholesale,2135.0
2011-08-15,Dhaka,Dhaka,Dhaka,2574,23.81,90.41,cereals and tubers,Wheat flour,58,100 KG,actual,Wholesale,2183.0
2011-09-15,Dhaka,Dhaka,Dhaka,2574,23.81,90.41,cereals and tubers,Wheat flour,58,100 KG,actual,Wholesale,2554.0
2011-10-15,Dhaka,Dhaka,Dhaka,2574,23.81,90.41,cereals and tubers,Wheat flour,58,100 KG,actual,Wholesale,2571.0
2011-11-15,Dhaka,Dhaka,Dhaka,2574,23.81,90.41,cereals and tubers,Wheat flour,58,100 KG,actual,Wholesale,2559.0
2011-12-15,Dhaka,Dhaka,Dhaka,2574,23.81,90.41,cereals and tubers,Wheat flour,58,100 KG,actual,Wholesale,2571.0
2012-01-15,Dhaka,Dhaka,Dhaka,2574,23.81,90.41,cereals and tubers,Wheat flour,58,100 KG,actual,Wholesale,2616.0
2012-02-15,Dhaka,Dhaka,Dhaka,2574,23.81,90.41,cereals and tubers,Wheat flour,58,100 KG,actual,Wholesale,2842.0
2012-03-15,Dhaka,Dhaka,Dhaka,2574,23.81,90.41,cereals and tubers,Wheat flour,58,100 KG,actual,Wholesale,2926.0
2012-04-15,Dhaka,Dhaka,Dhaka,2574,23.81,90.41,cereals and tubers,Wheat flour,58,100 KG,actual,Wholesale,2696.0
2012-05-15,Dhaka,Dhaka,Dhaka,2574,23.81,90.41,cereals and tubers,Wheat flour,58,100 KG,actual,Wholesale,2555.0
2012-06-15,Dhaka,Dhaka,Dhaka,2574,23.81,90.41,cereals and tubers,Wheat flour,58,100 KG,actual,Wholesale,2518.0
2012-07-15,Dhaka,Dhaka,Dhaka,2574,23.81,90.41,cereals and tubers,Wheat flour,58,100 KG,actual,Wholesale,2521.0
2012-08-15,Dhaka,Dhaka,Dhaka,2574,23.81,90.41,cereals and tubers,Wheat flour,58,100 KG,actual,Wholesale,2735.0
2012-09-15,Dhaka,Dhaka,Dhaka,2574,23.81,90.41,cereals and tubers,Wheat flour,58,100 KG,actual,Wholesale,2911.0
2012-10-15,Dhaka,Dhaka,Dhaka,2574,23.81,90.41,cereals and tubers,Wheat flour,58,100 KG,actual,Wholesale,2840.0
2012-11-15,Dhaka,Dhaka,Dhaka,2574,23.81,90.41,cereals and tubers,Wheat flour,58,100 KG,actual,Wholesale,3047.0
2012-12-15,Dhaka,Dhaka,Dhaka,2574,23.81,90.41,cereals and tubers,Wheat flour,58,100 KG,actual,Wholesale,2995.0
2013-01-15,Dhaka,Dhaka,Dhaka,2574,23.81,90.41,cereals and tubers,Wheat flour,58,100 KG,actual,Wholesale,3100.0
2013-02-15,Dhaka,Dhaka,Dhaka,2574,23.81,90.41,cereals and tubers,Wheat flour,58,100 KG,actual,Wholesale,3111.0
2013-03-15,Dhaka,Dhaka,Dhaka,2574,23.81,90.41,cereals and tubers,Wheat flour,58,100 KG,actual,Wholesale,3070.0
2013-04-15,Dhaka,Dhaka,Dhaka,2574,23.81,90.41,cereals and tubers,Wheat flour,58,100 KG,actual,Wholesale,2900.0
2013-05-15,Dhaka,Dhaka,Dhaka,2574,23.81,90.41,cereals and tubers,Wheat flour,58,100 KG,actual,Wholesale,2654.0
2013-06-15,Dhaka,Dhaka,Dhaka,2574,23.81,90.41,cereals and tubers,Wheat flour,58,100 KG,actual,Wholesale,2694.0
2013-07-15,Dhaka,Dhaka,Dhaka,2574,23.81,90.41,cereals and tubers,Wheat flour,58,100 KG,actual,Wholesale,2658.0
2013-08-15,Dhaka,Dhaka,Dhaka,2574,23.81,90.41,cereals and tubers,Wheat flour,58,100 KG,actual,Wholesale,2677.5
2013-09-15,Dhaka,Dhaka,Dhaka,2574,23.81,90.41,cereals and tubers,Wheat flour,58,100 KG,actual,Wholesale,2465.0
2013-10-15,Dhaka,Dhaka,Dhaka,2574,23.81,90.41,cereals and tubers,Wheat flour,58,100 KG,actual,Wholesale,2549.0
2013-11-15,Dhaka,Dhaka,Dhaka,2574,23.81,90.41,cereals and tubers,Wheat flour,58,100 KG,actual,Wholesale,2786.0
2013-12-15,Dhaka,Dhaka,Dhaka,2574,23.81,90.41,cereals and tubers,Wheat flour,58,100 KG,actual,Wholesale,2843.0
2014-01-15,Dhaka,Dhaka,Dhaka,2574,23.81,90.41,cereals and tubers,Wheat flour,58,100 KG,actual,Wholesale,2959.0
2014-02-15,Dhaka,Dhaka,Dhaka,2574,23.81,90.41,cereals and tubers,Wheat flour,58,100 KG,actual,Wholesale,2849.12
2014-03-15,Dhaka,Dhaka,Dhaka,2574,23.81,90.41,cereals and tubers,Wheat flour,58,100 KG,actual,Wholesale,2786.84
2014-04-15,Dhaka,Dhaka,Dhaka,2574,23.81,90.41,cereals and tubers,Wheat flour,58,100 KG,actual,Wholesale,2715.53
2014-05-15,Dhaka,Dhaka,Dhaka,2574,23.81,90.41,cereals and tubers,Wheat flour,58,100 KG,actual,Wholesale,2635.0
2014-06-15,Dhaka,Dhaka,Dhaka,2574,23.81,90.41,cereals and tubers,Wheat flour,58,100 KG,actual,Wholesale,2518.18
2014-07-15,Dhaka,Dhaka,Dhaka,2574,23.81,90.41,cereals and tubers,Wheat flour,58,100 KG,actual,Wholesale,2452.94
2014-08-15,Dhaka,Dhaka,Dhaka,2574,23.81,90.41,cereals and tubers,Wheat flour,58,100 KG,actual,Wholesale,2501.11
2014-09-15,Dhaka,Dhaka,Dhaka,2574,23.81,90.41,cereals and tubers,Wheat flour,58,100 KG,actual,Wholesale,2512.37
2014-10-15,Dhaka,Dhaka,Dhaka,2574,23.81,90.41,cereals and tubers,Wheat flour,58,100 KG,actual,Wholesale,2550.77
2014-11-15,Dhaka,Dhaka,Dhaka,2574,23.81,90.41,cereals and tubers,Wheat flour,58,100 KG,actual,Wholesale,2488.0
2014-12-15,Dhaka,Dhaka,Dhaka,2574,23.81,90.41,cereals and tubers,Wheat flour,58,100 KG,actual,Wholesale,2522.63
2015-01-15,Dhaka,Dhaka,Dhaka,2574,23.81,90.41,cereals and tubers,Wheat flour,58,100 KG,actual,Wholesale,2638.46
2015-02-15,Dhaka,Dhaka,Dhaka,2574,23.81,90.41,cereals and tubers,Wheat flour,58,100 KG,actual,Wholesale,2665.0
2015-03-15,Dhaka,Dhaka,Dhaka,2574,23.81,90.41,cereals and tubers,Wheat flour,58,100 KG,actual,Wholesale,2606.58
2015-04-15,Dhaka,Dhaka,Dhaka,2574,23.81,90.41,cereals and tubers,Wheat flour,58,100 KG,actual,Wholesale,2510.31
2015-05-15,Dhaka,Dhaka,Dhaka,2574,23.81,90.41,cereals and tubers,Wheat flour,58,100 KG,actual,Wholesale,2329.17
2015-06-15,Dhaka,Dhaka,Dhaka,2574,23.81,90.41,cereals and tubers,Wheat flour,58,100 KG,actual,Wholesale,2244.25
2015-07-15,Dhaka,Dhaka,Dhaka,2574,23.81,90.41,cereals and tubers,Wheat flour,58,100 KG,actual,Wholesale,2093.08
2015-08-15,Dhaka,Dhaka,Dhaka,2574,23.81,90.41,cereals and tubers,Wheat flour,58,100 KG,actual,Wholesale,2154.77
2015-09-15,Dhaka,Dhaka,Dhaka,2574,23.81,90.41,cereals and tubers,Wheat flour,58,100 KG,actual,Wholesale,2167.81
2015-10-15,Dhaka,Dhaka,Dhaka,2574,23.81,90.41,cereals and tubers,Wheat flour,58,100 KG,actual,Wholesale,2274.67
2015-11-15,Dhaka,Dhaka,Dhaka,2574,23.81,90.41,cereals and tubers,Wheat flour,58,100 KG,actual,Wholesale,2291.25
2015-12-15,Dhaka,Dhaka,Dhaka,2574,23.81,90.41,cereals and tubers,Wheat flour,58,100 KG,actual,Wholesale,2226.0
2016-01-15,Dhaka,Dhaka,Dhaka,2574,23.81,90.41,cereals and tubers,Wheat flour,58,100 KG,actual,Wholesale,2144.76
2016-02-15,Dhaka,Dhaka,Dhaka,2574,23.81,90.41,cereals and tubers,Wheat flour,58,100 KG,actual,Wholesale,2085.83
2016-03-15,Dhaka,Dhaka,Dhaka,2574,23.81,90.41,cereals and tubers,Wheat flour,58,100 KG,actual,Wholesale,1980.94
2016-04-15,Dhaka,Dhaka,Dhaka,2574,23.81,90.41,cereals and tubers,Wheat flour,58,100 KG,actual,Wholesale,2000.79
2016-05-15,Dhaka,Dhaka,Dhaka,2574,23.81,90.41,cereals and tubers,Wheat flour,58,100 KG,actual,Wholesale,2000.0
2016-06-15,Dhaka,Dhaka,Dhaka,2574,23.81,90.41,cereals and tubers,Wheat flour,58,100 KG,actual,Wholesale,1928.0
2016-07-15,Dhaka,Dhaka,Dhaka,2574,23.81,90.41,cereals and tubers,Wheat flour,58,100 KG,actual,Wholesale,1966.36
2016-08-15,Dhaka,Dhaka,Dhaka,2574,23.81,90.41,cereals and tubers,Wheat flour,58,100 KG,actual,Wholesale,2073.46
2016-09-15,Dhaka,Dhaka,Dhaka,2574,23.81,90.41,cereals and tubers,Wheat flour,58,100 KG,actual,Wholesale,2098.33
2016-10-15,Dhaka,Dhaka,Dhaka,2574,23.81,90.41,cereals and tubers,Wheat flour,58,100 KG,actual,Wholesale,2089.0
2016-11-15,Dhaka,Dhaka,Dhaka,2574,23.81,90.41,cereals and tubers,Wheat flour,58,100 KG,actual,Wholesale,2113.93
2016-12-15,Dhaka,Dhaka,Dhaka,2574,23.81,90.41,cereals and tubers,Wheat flour,58,100 KG,actual,Wholesale,2071.54
2017-01-15,Dhaka,Dhaka,Dhaka,2574,23.81,90.41,cereals and tubers,Wheat flour,58,100 KG,actual,Wholesale,2043.13
2017-02-15,Dhaka,Dhaka,Dhaka,2574,23.81,90.41,cereals and tubers,Wheat flour,58,100 KG,actual,Wholesale,2028.75
2017-03-15,Dhaka,Dhaka,Dhaka,2574,23.81,90.41,cereals and tubers,Wheat flour,58,100 KG,actual,Wholesale,1917.5
2017-04-15,Dhaka,Dhaka,Dhaka,2574,23.81,90.41,cereals and tubers,Wheat flour,58,100 KG,actual,Wholesale,2040.0
2017-05-15,Dhaka,Dhaka,Dhaka,2574,23.81,90.41,cereals and tubers,Wheat flour,58,100 KG,actual,Wholesale,2000.0
2017-06-15,Dhaka,Dhaka,Dhaka,2574,23.81,90.41,cereals and tubers,Wheat flour,58,100 KG,actual,Wholesale,1953.61
2017-07-15,Dhaka,Dhaka,Dhaka,2574,23.81,90.41,cereals and tubers,Wheat flour,58,100 KG,actual,Wholesale,2026.84
2017-08-15,Dhaka,Dhaka,Dhaka,2574,23.81,90.41,cereals and tubers,Wheat flour,58,100 KG,actual,Wholesale,2205.0
2017-09-15,Dhaka,Dhaka,Dhaka,2574,23.81,90.41,cereals and tubers,Wheat flour,58,100 KG,actual,Wholesale,2508.89
2017-10-15,Dhaka,Dhaka,Dhaka,2574,23.81,90.41,cereals and tubers,Wheat flour,58,100 KG,actual,Wholesale,2521.39
2017-11-15,Dhaka,Dhaka,Dhaka,2574,23.81,90.41,cereals and tubers,Wheat flour,58,100 KG,actual,Wholesale,2499.76
2017-12-15,Dhaka,Dhaka,Dhaka,2574,23.81,90.41,cereals and tubers,Wheat flour,58,100 KG,actual,Wholesale,2453.0
2018-01-15,Dhaka,Dhaka,Dhaka,2574,23.81,90.41,cereals and tubers,Wheat flour,58,100 KG,actual,Wholesale,2295.0
2018-02-15,Dhaka,Dhaka,Dhaka,2574,23.81,90.41,cereals and tubers,Wheat flour,58,100 KG,actual,Wholesale,2188.3
2018-03-15,Dhaka,Dhaka,Dhaka,2574,23.81,90.41,cereals and tubers,Wheat flour,58,100 KG,actual,Wholesale,2235.4
2018-04-15,Dhaka,Dhaka,Dhaka,2574,23.81,90.41,cereals and tubers,Wheat flour,58,100 KG,actual,Wholesale,2182.9
2018-05-15,Dhaka,Dhaka,Dhaka,2574,23.81,90.41,cereals and tubers,Wheat flour,58,100 KG,actual,Wholesale,2222.3
2018-06-15,Dhaka,Dhaka,Dhaka,2574,23.81,90.41,cereals and tubers,Wheat flour,58,100 KG,actual,Wholesale,2213.0
2018-07-15,Dhaka,Dhaka,Dhaka,2574,23.81,90.41,cereals and tubers,Wheat flour,58,100 KG,actual,Wholesale,2222.0
2018-08-15,Dhaka,Dhaka,Dhaka,2574,23.81,90.41,cereals and tubers,Wheat flour,58,100 KG,actual,Wholesale,2243.3
2018-09-15,Dhaka,Dhaka,Dhaka,2574,23.81,90.41,cereals and tubers,Wheat flour,58,100 KG,actual,Wholesale,2438.06
2018-10-15,Dhaka,Dhaka,Dhaka,2574,23.81,90.41,cereals and tubers,Wheat flour,58,100 KG,actual,Wholesale,2408.1
2018-11-15,Dhaka,Dhaka,Dhaka,2574,23.81,90.41,cereals and tubers,Wheat flour,58,100 KG,actual,Wholesale,2450.0
2018-12-15,Dhaka,Dhaka,Dhaka,2574,23.81,90.41,cereals and tubers,Wheat flour,58,100 KG,actual,Wholesale,2600.28
2019-01-15,Dhaka,Dhaka,Dhaka,2574,23.81,90.41,cereals and tubers,Wheat flour,58,100 KG,actual,Wholesale,2599.77
2019-02-15,Dhaka,Dhaka,Dhaka,2574,23.81,90.41,cereals and tubers,Wheat flour,58,100 KG,actual,Wholesale,2555.74
2019-03-15,Dhaka,Dhaka,Dhaka,2574,23.81,90.41,cereals and tubers,Wheat flour,58,100 KG,actual,Wholesale,2501.14
2019-04-15,Dhaka,Dhaka,Dhaka,2574,23.81,90.41,cereals and tubers,Wheat flour,58,100 KG,actual,Wholesale,2291.76
2019-05-15,Dhaka,Dhaka,Dhaka,2574,23.81,90.41,cereals and tubers,Wheat flour,58,100 KG,actual,Wholesale,2250.0
2019-06-15,Dhaka,Dhaka,Dhaka,2574,23.81,90.41,cereals and tubers,Wheat flour,58,100 KG,actual,Wholesale,2227.65
2019-07-15,Dhaka,Dhaka,Dhaka,2574,23.81,90.41,cereals and tubers,Wheat flour,58,100 KG,actual,Wholesale,2240.05
2019-08-15,Dhaka,Dhaka,Dhaka,2574,23.81,90.41,cereals and tubers,Wheat flour,58,100 KG,actual,Wholesale,2348.57
2019-09-15,Dhaka,Dhaka,Dhaka,2574,23.81,90.41,cereals and tubers,Wheat flour,58,100 KG,actual,Wholesale,2475.39
2019-10-15,Dhaka,Dhaka,Dhaka,2574,23.81,90.41,cereals and tubers,Wheat flour,58,100 KG,actual,Wholesale,2451.59
2019-11-15,Dhaka,Dhaka,Dhaka,2574,23.81,90.41,cereals and tubers,Wheat flour,58,100 KG,actual,Wholesale,2437.94
2019-12-15,Dhaka,Dhaka,Dhaka,2574,23.81,90.41,cereals and tubers,Wheat flour,58,100 KG,actual,Wholesale,2401.22
2020-01-15,Dhaka,Dhaka,Dhaka,2574,23.81,90.41,cereals and tubers,Wheat flour,58,100 KG,actual,Wholesale,2283.79
2020-02-15,Dhaka,Dhaka,Dhaka,2574,23.81,90.41,cereals and tubers,Wheat flour,58,100 KG,actual,Wholesale,2269.95
2020-03-15,Dhaka,Dhaka,Dhaka,2574,23.81,90.41,cereals and tubers,Wheat flour,58,100 KG,actual,Wholesale,2231.13
2020-04-15,Dhaka,Dhaka,Dhaka,2574,23.81,90.41,cereals and tubers,Wheat flour,58,100 KG,actual,Wholesale,2225.0
2020-05-15,Dhaka,Dhaka,Dhaka,2574,23.81,90.41,cereals and tubers,Wheat flour,58,100 KG,actual,Wholesale,2507.02
2020-06-15,Dhaka,Dhaka,Dhaka,2574,23.81,90.41,cereals and tubers,Wheat flour,58,100 KG,actual,Wholesale,2235.66
2020-07-15,Dhaka,Dhaka,Dhaka,2574,23.81,90.41,cereals and tubers,Wheat flour,58,100 KG,actual,Wholesale,2369.62
2020-08-15,Dhaka,Dhaka,Dhaka,2574,23.81,90.41,cereals and tubers,Wheat flour,58,100 KG,actual,Wholesale,2425.79
2020-09-15,Dhaka,Dhaka,Dhaka,2574,23.81,90.41,cereals and tubers,Wheat flour,58,100 KG,actual,Wholesale,2473.81
2020-10-15,Dhaka,Dhaka,Dhaka,2574,23.81,90.41,cereals and tubers,Wheat flour,58,100 KG,actual,Wholesale,2494.44
2020-11-15,Dhaka,Dhaka,Dhaka,2574,23.81,90.41,cereals and tubers,Wheat flour,58,100 KG,actual,Wholesale,2650.0
2020-12-15,Dhaka,Dhaka,Dhaka,2574,23.81,90.41,cereals and tubers,Wheat flour,58,100 KG,actual,Wholesale,2575.0
2021-01-15,Dhaka,Dhaka,Dhaka,2574,23.81,90.41,cereals and tubers,Wheat flour,58,100 KG,actual,Wholesale,2550.0
2021-02-15,Dhaka,Dhaka,Dhaka,2574,23.81,90.41,cereals and tubers,Wheat flour,58,100 KG,actual,Wholesale,2621.32
2021-03-15,Dhaka,Dhaka,Dhaka,2574,23.81,90.41,cereals and tubers,Wheat flour,58,100 KG,actual,Wholesale,2645.71
2021-04-15,Dhaka,Dhaka,Dhaka,2574,23.81,90.41,cereals and tubers,Wheat flour,58,100 KG,actual,Wholesale,2650.0
2021-05-15,Dhaka,Dhaka,Dhaka,2574,23.81,90.41,cereals and tubers,Wheat flour,58,100 KG,actual,Wholesale,2655.26
2005-10-15,Dhaka,Dhaka,Dhaka Division,116,23.72,90.41,pulses and nuts,Lentils (masur),61,KG,actual,Retail,46.0
2006-01-15,Dhaka,Dhaka,Dhaka Division,116,23.72,90.41,pulses and nuts,Lentils (masur),61,KG,actual,Retail,46.0
2006-02-15,Dhaka,Dhaka,Dhaka Division,116,23.72,90.41,pulses and nuts,Lentils (masur),61,KG,actual,Retail,45.0
2006-03-15,Dhaka,Dhaka,Dhaka Division,116,23.72,90.41,pulses and nuts,Lentils (masur),61,KG,actual,Retail,46.0
2006-04-15,Dhaka,Dhaka,Dhaka Division,116,23.72,90.41,pulses and nuts,Lentils (masur),61,KG,actual,Retail,49.0
2006-05-15,Dhaka,Dhaka,Dhaka Division,116,23.72,90.41,pulses and nuts,Lentils (masur),61,KG,actual,Retail,51.67
2006-06-15,Dhaka,Dhaka,Dhaka Division,116,23.72,90.41,pulses and nuts,Lentils (masur),61,KG,actual,Retail,52.0
2006-07-15,Dhaka,Dhaka,Dhaka Division,116,23.72,90.41,pulses and nuts,Lentils (masur),61,KG,actual,Retail,54.0
2006-08-15,Dhaka,Dhaka,Dhaka Division,116,23.72,90.41,pulses and nuts,Lentils (masur),61,KG,actual,Retail,55.0
2006-09-15,Dhaka,Dhaka,Dhaka Division,116,23.72,90.41,pulses and nuts,Lentils (masur),61,KG,actual,Retail,53.5
2006-10-15,Dhaka,Dhaka,Dhaka Division,116,23.72,90.41,pulses and nuts,Lentils (masur),61,KG,actual,Retail,52.0
2006-11-15,Dhaka,Dhaka,Dhaka Division,116,23.72,90.41,pulses and nuts,Lentils (masur),61,KG,actual,Retail,54.33
2006-12-15,Dhaka,Dhaka,Dhaka Division,116,23.72,90.41,pulses and nuts,Lentils (masur),61,KG,actual,Retail,54.67
2007-01-15,Dhaka,Dhaka,Dhaka Division,116,23.72,90.41,pulses and nuts,Lentils (masur),61,KG,actual,Retail,54.67
2007-02-15,Dhaka,Dhaka,Dhaka Division,116,23.72,90.41,pulses and nuts,Lentils (masur),61,KG,actual,Retail,53.33
2007-03-15,Dhaka,Dhaka,Dhaka Division,116,23.72,90.41,pulses and nuts,Lentils (masur),61,KG,actual,Retail,53.75
2007-04-15,Dhaka,Dhaka,Dhaka Division,116,23.72,90.41,pulses and nuts,Lentils (masur),61,KG,actual,Retail,54.5
2007-05-15,Dhaka,Dhaka,Dhaka Division,116,23.72,90.41,pulses and nuts,Lentils (masur),61,KG,actual,Retail,55.8
2007-06-15,Dhaka,Dhaka,Dhaka Division,116,23.72,90.41,pulses and nuts,Lentils (masur),61,KG,actual,Retail,56.4
2007-07-15,Dhaka,Dhaka,Dhaka Division,116,23.72,90.41,pulses and nuts,Lentils (masur),61,KG,actual,Retail,58.25
2007-08-15,Dhaka,Dhaka,Dhaka Division,116,23.72,90.41,pulses and nuts,Lentils (masur),61,KG,actual,Retail,61.0
2007-09-15,Dhaka,Dhaka,Dhaka Division,116,23.72,90.41,pulses and nuts,Lentils (masur),61,KG,actual,Retail,62.0
2007-10-15,Dhaka,Dhaka,Dhaka Division,116,23.72,90.41,pulses and nuts,Lentils (masur),61,KG,actual,Retail,62.67
2007-11-15,Dhaka,Dhaka,Dhaka Division,116,23.72,90.41,pulses and nuts,Lentils (masur),61,KG,actual,Retail,64.67
2007-12-15,Dhaka,Dhaka,Dhaka Division,116,23.72,90.41,pulses and nuts,Lentils (masur),61,KG,actual,Retail,64.33
2008-01-15,Dhaka,Dhaka,Dhaka Division,116,23.72,90.41,pulses and nuts,Lentils (masur),61,KG,actual,Retail,65.5
2008-02-15,Dhaka,Dhaka,Dhaka Division,116,23.72,90.41,pulses and nuts,Lentils (masur),61,KG,actual,Retail,66.4
2008-03-15,Dhaka,Dhaka,Dhaka Division,116,23.72,90.41,pulses and nuts,Lentils (masur),61,KG,actual,Retail,75.2
2008-04-15,Dhaka,Dhaka,Dhaka Division,116,23.72,90.41,pulses and nuts,Lentils (masur),61,KG,actual,Retail,79.2
2008-05-15,Dhaka,Dhaka,Dhaka Division,116,23.72,90.41,pulses and nuts,Lentils (masur),61,KG,actual,Retail,80.6
2008-06-15,Dhaka,Dhaka,Dhaka Division,116,23.72,90.41,pulses and nuts,Lentils (masur),61,KG,actual,Retail,81.5
2008-07-15,Dhaka,Dhaka,Dhaka Division,116,23.72,90.41,pulses and nuts,Lentils (masur),61,KG,actual,Retail,88.25
2008-08-15,Dhaka,Dhaka,Dhaka Division,116,23.72,90.41,pulses and nuts,Lentils (masur),61,KG,actual,Retail,88.83
2008-09-15,Dhaka,Dhaka,Dhaka Division,116,23.72,90.41,pulses and nuts,Lentils (masur),61,KG,actual,Retail,88.43
2008-10-15,Dhaka,Dhaka,Dhaka Division,116,23.72,90.41,pulses and nuts,Lentils (masur),61,KG,actual,Retail,88.0
2008-11-15,Dhaka,Dhaka,Dhaka Division,116,23.72,90.41,pulses and nuts,Lentils (masur),61,KG,actual,Retail,85.83
2008-12-15,Dhaka,Dhaka,Dhaka Division,116,23.72,90.41,pulses and nuts,Lentils (masur),61,KG,actual,Retail,83.67
2009-01-15,Dhaka,Dhaka,Dhaka Division,116,23.72,90.41,pulses and nuts,Lentils (masur),61,KG,actual,Retail,78.2
2009-02-15,Dhaka,Dhaka,Dhaka Division,116,23.72,90.41,pulses and nuts,Lentils (masur),61,KG,actual,Retail,77.25
2009-03-15,Dhaka,Dhaka,Dhaka Division,116,23.72,90.41,pulses and nuts,Lentils (masur),61,KG,actual,Retail,76.5
2009-04-15,Dhaka,Dhaka,Dhaka Division,116,23.72,90.41,pulses and nuts,Lentils (masur),61,KG,actual,Retail,81.75
2009-05-15,Dhaka,Dhaka,Dhaka Division,116,23.72,90.41,pulses and nuts,Lentils (masur),61,KG,actual,Retail,86.0
2009-06-15,Dhaka,Dhaka,Dhaka Division,116,23.72,90.41,pulses and nuts,Lentils (masur),61,KG,actual,Retail,86.67
2009-07-15,Dhaka,Dhaka,Dhaka Division,116,23.72,90.41,pulses and nuts,Lentils (masur),61,KG,actual,Retail,90.25
2009-08-15,Dhaka,Dhaka,Dhaka Division,116,23.72,90.41,pulses and nuts,Lentils (masur),61,KG,actual,Retail,94.8
2009-09-15,Dhaka,Dhaka,Dhaka Division,116,23.72,90.41,pulses and nuts,Lentils (masur),61,KG,actual,Retail,98.8
2009-10-15,Dhaka,Dhaka,Dhaka Division,116,23.72,90.41,pulses and nuts,Lentils (masur),61,KG,actual,Retail,96.0
2009-11-15,Dhaka,Dhaka,Dhaka Division,116,23.72,90.41,pulses and nuts,Lentils (masur),61,KG,actual,Retail,91.57
2009-12-15,Dhaka,Dhaka,Dhaka Division,116,23.72,90.41,pulses and nuts,Lentils (masur),61,KG,actual,Retail,93.11
2010-01-15,Dhaka,Dhaka,Dhaka Division,116,23.72,90.41,pulses and nuts,Lentils (masur),61,KG,actual,Retail,96.0
2010-02-15,Dhaka,Dhaka,Dhaka Division,116,23.72,90.41,pulses and nuts,Lentils (masur),61,KG,actual,Retail,91.0
2010-03-15,Dhaka,Dhaka,Dhaka Division,116,23.72,90.41,pulses and nuts,Lentils (masur),61,KG,actual,Retail,84.0
2010-04-15,Dhaka,Dhaka,Dhaka Division,116,23.72,90.41,pulses and nuts,Lentils (masur),61,KG,actual,Retail,83.11
2010-05-15,Dhaka,Dhaka,Dhaka Division,116,23.72,90.41,pulses and nuts,Lentils (masur),61,KG,actual,Retail,84.62
2010-06-15,Dhaka,Dhaka,Dhaka Division,116,23.72,90.41,pulses and nuts,Lentils (masur),61,KG,actual,Retail,85.88
2010-07-15,Dhaka,Dhaka,Dhaka Division,116,23.72,90.41,pulses and nuts,Lentils (masur),61,KG,actual,Retail,86.57
2010-08-15,Dhaka,Dhaka,Dhaka Division,116,23.72,90.41,pulses and nuts,Lentils (masur),61,KG,actual,Retail,84.0
2010-09-15,Dhaka,Dhaka,Dhaka Division,116,23.72,90.41,pulses and nuts,Lentils (masur),61,KG,actual,Retail,83.43
2010-10-15,Dhaka,Dhaka,Dhaka Division,116,23.72,90.41,pulses and nuts,Lentils (masur),61,KG,actual,Retail,83.71
2010-11-15,Dhaka,Dhaka,Dhaka Division,116,23.72,90.41,pulses and nuts,Lentils (masur),61,KG,actual,Retail,96.0
2010-12-15,Dhaka,Dhaka,Dhaka Division,116,23.72,90.41,pulses and nuts,Lentils (masur),61,KG,actual,Retail,100.0
2011-01-15,Dhaka,Dhaka,Dhaka Division,116,23.72,90.41,pulses and nuts,Lentils (masur),61,KG,actual,Retail,81.33
2011-02-15,Dhaka,Dhaka,Dhaka Division,116,23.72,90.41,pulses and nuts,Lentils (masur),61,KG,actual,Retail,81.7
2011-03-15,Dhaka,Dhaka,Dhaka Division,116,23.72,90.41,pulses and nuts,Lentils (masur),61,KG,actual,Retail,79.11
2011-04-15,Dhaka,Dhaka,Dhaka Division,116,23.72,90.41,pulses and nuts,Lentils (masur),61,KG,actual,Retail,77.62
2011-05-15,Dhaka,Dhaka,Dhaka Division,116,23.72,90.41,pulses and nuts,Lentils (masur),61,KG,actual,Retail,74.66
2011-06-15,Dhaka,Dhaka,Dhaka Division,116,23.72,90.41,pulses and nuts,Lentils (masur),61,KG,actual,Retail,75.14
2011-07-15,Dhaka,Dhaka,Dhaka Division,116,23.72,90.41,pulses and nuts,Lentils (masur),61,KG,actual,Retail,76.5
2011-08-15,Dhaka,Dhaka,Dhaka Division,116,23.72,90.41,pulses and nuts,Lentils (masur),61,KG,actual,Retail,77.5
2011-09-15,Dhaka,Dhaka,Dhaka Division,116,23.72,90.41,pulses and nuts,Lentils (masur),61,KG,actual,Retail,77.9
2011-10-15,Dhaka,Dhaka,Dhaka Division,116,23.72,90.41,pulses and nuts,Lentils (masur),61,KG,actual,Retail,75.92
2011-11-15,Dhaka,Dhaka,Dhaka Division,116,23.72,90.41,pulses and nuts,Lentils (masur),61,KG,actual,Retail,72.88
2011-12-15,Dhaka,Dhaka,Dhaka Division,116,23.72,90.41,pulses and nuts,Lentils (masur),61,KG,actual,Retail,71.68
2012-01-15,Dhaka,Dhaka,Dhaka Division,116,23.72,90.41,pulses and nuts,Lentils (masur),61,KG,actual,Retail,74.82
2012-02-15,Dhaka,Dhaka,Dhaka Division,116,23.72,90.41,pulses and nuts,Lentils (masur),61,KG,actual,Retail,73.45
2012-03-15,Dhaka,Dhaka,Dhaka Division,116,23.72,90.41,pulses and nuts,Lentils (masur),61,KG,actual,Retail,75.0
2012-04-15,Dhaka,Dhaka,Dhaka Division,116,23.72,90.41,pulses and nuts,Lentils (masur),61,KG,actual,Retail,74.83
2012-05-15,Dhaka,Dhaka,Dhaka Division,116,23.72,90.41,pulses and nuts,Lentils (masur),61,KG,actual,Retail,83.42
2012-06-15,Dhaka,Dhaka,Dhaka Division,116,23.72,90.41,pulses and nuts,Lentils (masur),61,KG,actual,Retail,84.58
2012-07-15,Dhaka,Dhaka,Dhaka Division,116,23.72,90.41,pulses and nuts,Lentils (masur),61,KG,actual,Retail,87.0
2012-08-15,Dhaka,Dhaka,Dhaka Division,116,23.72,90.41,pulses and nuts,Lentils (masur),61,KG,actual,Retail,88.45
2012-09-15,Dhaka,Dhaka,Dhaka Division,116,23.72,90.41,pulses and nuts,Lentils (masur),61,KG,actual,Retail,94.11
2012-10-15,Dhaka,Dhaka,Dhaka Division,116,23.72,90.41,pulses and nuts,Lentils (masur),61,KG,actual,Retail,91.36
2012-11-15,Dhaka,Dhaka,Dhaka Division,116,23.72,90.41,pulses and nuts,Lentils (masur),61,KG,actual,Retail,92.67
2012-12-15,Dhaka,Dhaka,Dhaka Division,116,23.72,90.41,pulses and nuts,Lentils (masur),61,KG,actual,Retail,92.67
2013-01-15,Dhaka,Dhaka,Dhaka Division,116,23.72,90.41,pulses and nuts,Lentils (masur),61,KG,actual,Retail,92.17
2013-02-15,Dhaka,Dhaka,Dhaka Division,116,23.72,90.41,pulses and nuts,Lentils (masur),61,KG,actual,Retail,94.86
2013-03-15,Dhaka,Dhaka,Dhaka Division,116,23.72,90.41,pulses and nuts,Lentils (masur),61,KG,actual,Retail,92.85
2013-04-15,Dhaka,Dhaka,Dhaka Division,116,23.72,90.41,pulses and nuts,Lentils (masur),61,KG,actual,Retail,84.58
2013-05-15,Dhaka,Dhaka,Dhaka Division,116,23.72,90.41,pulses and nuts,Lentils (masur),61,KG,actual,Retail,85.58
2013-06-15,Dhaka,Dhaka,Dhaka Division,116,23.72,90.41,pulses and nuts,Lentils (masur),61,KG,actual,Retail,88.33
2013-07-15,Dhaka,Dhaka,Dhaka Division,116,23.72,90.41,pulses and nuts,Lentils (masur),61,KG,actual,Retail,84.73
2013-08-15,Dhaka,Dhaka,Dhaka Division,116,23.72,90.41,pulses and nuts,Lentils (masur),61,KG,actual,Retail,82.45
2013-09-15,Dhaka,Dhaka,Dhaka Division,116,23.72,90.41,pulses and nuts,Lentils (masur),61,KG,actual,Retail,83.5
2013-10-15,Dhaka,Dhaka,Dhaka Division,116,23.72,90.41,pulses and nuts,Lentils (masur),61,KG,actual,Retail,81.08
2013-11-15,Dhaka,Dhaka,Dhaka Division,116,23.72,90.41,pulses and nuts,Lentils (masur),61,KG,actual,Retail,81.57
2013-12-15,Dhaka,Dhaka,Dhaka Division,116,23.72,90.41,pulses and nuts,Lentils (masur),61,KG,actual,Retail,80.2
2014-01-15,Dhaka,Dhaka,Dhaka Division,116,23.72,90.41,pulses and nuts,Lentils (masur),61,KG,actual,Retail,80.47
2014-02-15,Dhaka,Dhaka,Dhaka Division,116,23.72,90.41,pulses and nuts,Lentils (masur),61,KG,actual,Retail,77.53
2014-03-15,Dhaka,Dhaka,Dhaka Division,116,23.72,90.41,pulses and nuts,Lentils (masur),61,KG,actual,Retail,76.8
2014-04-15,Dhaka,Dhaka,Dhaka Division,116,23.72,90.41,pulses and nuts,Lentils (masur),61,KG,actual,Retail,78.4
2014-05-15,Dhaka,Dhaka,Dhaka Division,116,23.72,90.41,pulses and nuts,Lentils (masur),61,KG,actual,Retail,79.29
2014-06-15,Dhaka,Dhaka,Dhaka Division,116,23.72,90.41,pulses and nuts,Lentils (masur),61,KG,actual,Retail,80.57
2014-07-15,Dhaka,Dhaka,Dhaka Division,116,23.72,90.41,pulses and nuts,Lentils (masur),61,KG,actual,Retail,81.15
2014-08-15,Dhaka,Dhaka,Dhaka Division,116,23.72,90.41,pulses and nuts,Lentils (masur),61,KG,actual,Retail,78.62
2014-09-15,Dhaka,Dhaka,Dhaka Division,116,23.72,90.41,pulses and nuts,Lentils (masur),61,KG,actual,Retail,75.46
2014-10-15,Dhaka,Dhaka,Dhaka Division,116,23.72,90.41,pulses and nuts,Lentils (masur),61,KG,actual,Retail,84.71
2014-11-15,Dhaka,Dhaka,Dhaka Division,116,23.72,90.41,pulses and nuts,Lentils (masur),61,KG,actual,Retail,86.43
2014-12-15,Dhaka,Dhaka,Dhaka Division,116,23.72,90.41,pulses and nuts,Lentils (masur),61,KG,actual,Retail,86.07
2015-01-15,Dhaka,Dhaka,Dhaka Division,116,23.72,90.41,pulses and nuts,Lentils (masur),61,KG,actual,Retail,89.53
2015-02-15,Dhaka,Dhaka,Dhaka Division,116,23.72,90.41,pulses and nuts,Lentils (masur),61,KG,actual,Retail,90.36
2015-03-15,Dhaka,Dhaka,Dhaka Division,116,23.72,90.41,pulses and nuts,Lentils (masur),61,KG,actual,Retail,89.86
2015-04-15,Dhaka,Dhaka,Dhaka Division,116,23.72,90.41,pulses and nuts,Lentils (masur),61,KG,actual,Retail,87.57
2015-05-15,Dhaka,Dhaka,Dhaka Division,116,23.72,90.41,pulses and nuts,Lentils (masur),61,KG,actual,Retail,91.86
2015-06-15,Dhaka,Dhaka,Dhaka Division,116,23.72,90.41,pulses and nuts,Lentils (masur),61,KG,actual,Retail,94.33
2015-07-15,Dhaka,Dhaka,Dhaka Division,116,23.72,90.41,pulses and nuts,Lentils (masur),61,KG,actual,Retail,94.6
2015-08-15,Dhaka,Dhaka,Dhaka Division,116,23.72,90.41,pulses and nuts,Lentils (masur),61,KG,actual,Retail,100.4
2015-09-15,Dhaka,Dhaka,Dhaka Division,116,23.72,90.41,pulses and nuts,Lentils (masur),61,KG,actual,Retail,101.07
2015-10-15,Dhaka,Dhaka,Dhaka Division,116,23.72,90.41,pulses and nuts,Lentils (masur),61,KG,actual,Retail,99.0
2015-11-15,Dhaka,Dhaka,Dhaka Division,116,23.72,90.41,pulses and nuts,Lentils (masur),61,KG,actual,Retail,99.43
2015-12-15,Dhaka,Dhaka,Dhaka Division,116,23.72,90.41,pulses and nuts,Lentils (masur),61,KG,actual,Retail,99.29
2016-01-15,Dhaka,Dhaka,Dhaka Division,116,23.72,90.41,pulses and nuts,Lentils (masur),61,KG,actual,Retail,103.71
2016-02-15,Dhaka,Dhaka,Dhaka Division,116,23.72,90.41,pulses and nuts,Lentils (masur),61,KG,actual,Retail,103.86
2016-03-15,Dhaka,Dhaka,Dhaka Division,116,23.72,90.41,pulses and nuts,Lentils (masur),61,KG,actual,Retail,103.86
2016-04-15,Dhaka,Dhaka,Dhaka Division,116,23.72,90.41,pulses and nuts,Lentils (masur),61,KG,actual,Retail,106.64
2016-05-15,Dhaka,Dhaka,Dhaka Division,116,23.72,90.41,pulses and nuts,Lentils (masur),61,KG,actual,Retail,107.77
2016-06-15,Dhaka,Dhaka,Dhaka Division,116,23.72,90.41,pulses and nuts,Lentils (masur),61,KG,actual,Retail,108.21
2016-07-15,Dhaka,Dhaka,Dhaka Division,116,23.72,90.41,pulses and nuts,Lentils (masur),61,KG,actual,Retail,108.07
2016-08-15,Dhaka,Dhaka,Dhaka Division,116,23.72,90.41,pulses and nuts,Lentils (masur),61,KG,actual,Retail,107.43
2016-09-15,Dhaka,Dhaka,Dhaka Division,116,23.72,90.41,pulses and nuts,Lentils (masur),61,KG,actual,Retail,104.9
2016-10-15,Dhaka,Dhaka,Dhaka Division,116,23.72,90.41,pulses and nuts,Lentils (masur),61,KG,actual,Retail,104.69
2016-11-15,Dhaka,Dhaka,Dhaka Division,116,23.72,90.41,pulses and nuts,Lentils (masur),61,KG,actual,Retail,101.69
2016-12-15,Dhaka,Dhaka,Dhaka Division,116,23.72,90.41,pulses and nuts,Lentils (masur),61,KG,actual,Retail,98.43
2017-01-15,Dhaka,Dhaka,Dhaka Division,116,23.72,90.41,pulses and nuts,Lentils (masur),61,KG,actual,Retail,97.86
2017-02-15,Dhaka,Dhaka,Dhaka Division,116,23.72,90.41,pulses and nuts,Lentils (masur),61,KG,actual,Retail,95.43
2017-03-15,Dhaka,Dhaka,Dhaka Division,116,23.72,90.41,pulses and nuts,Lentils (masur),61,KG,actual,Retail,89.71
2017-04-15,Dhaka,Dhaka,Dhaka Division,116,23.72,90.41,pulses and nuts,Lentils (masur),61,KG,actual,Retail,86.64
2017-05-15,Dhaka,Dhaka,Dhaka Division,116,23.72,90.41,pulses and nuts,Lentils (masur),61,KG,actual,Retail,87.83
2017-06-15,Dhaka,Dhaka,Dhaka Division,116,23.72,90.41,pulses and nuts,Lentils (masur),61,KG,actual,Retail,95.8
2017-07-15,Dhaka,Dhaka,Dhaka Division,116,23.72,90.41,pulses and nuts,Lentils (masur),61,KG,actual,Retail,90.27
2017-08-15,Dhaka,Dhaka,Dhaka Division,116,23.72,90.41,pulses and nuts,Lentils (masur),61,KG,actual,Retail,76.8
2017-09-15,Dhaka,Dhaka,Dhaka Division,116,23.72,90.41,pulses and nuts,Lentils (masur),61,KG,actual,Retail,75.74
2017-10-15,Dhaka,Dhaka,Dhaka Division,116,23.72,90.41,pulses and nuts,Lentils (masur),61,KG,actual,Retail,74.84
2017-11-15,Dhaka,Dhaka,Dhaka Division,116,23.72,90.41,pulses and nuts,Lentils (masur),61,KG,actual,Retail,73.0
2017-12-15,Dhaka,Dhaka,Dhaka Division,116,23.72,90.41,pulses and nuts,Lentils (masur),61,KG,actual,Retail,72.0
2018-01-15,Dhaka,Dhaka,Dhaka Division,116,23.72,90.41,pulses and nuts,Lentils (masur),61,KG,actual,Retail,70.43
2018-02-15,Dhaka,Dhaka,Dhaka Division,116,23.72,90.41,pulses and nuts,Lentils (masur),61,KG,actual,Retail,69.94
2018-03-15,Dhaka,Dhaka,Dhaka Division,116,23.72,90.41,pulses and nuts,Lentils (masur),61,KG,actual,Retail,69.23
2018-04-15,Dhaka,Dhaka,Dhaka Division,116,23.72,90.41,pulses and nuts,Lentils (masur),61,KG,actual,Retail,69.23
2018-05-15,Dhaka,Dhaka,Dhaka Division,116,23.72,90.41,pulses and nuts,Lentils (masur),61,KG,actual,Retail,68.68
2018-06-15,Dhaka,Dhaka,Dhaka Division,116,23.72,90.41,pulses and nuts,Lentils (masur),61,KG,actual,Retail,68.11
2018-07-15,Dhaka,Dhaka,Dhaka Division,116,23.72,90.41,pulses and nuts,Lentils (masur),61,KG,actual,Retail,66.07
2018-08-15,Dhaka,Dhaka,Dhaka Division,116,23.72,90.41,pulses and nuts,Lentils (masur),61,KG,actual,Retail,63.42
2018-09-15,Dhaka,Dhaka,Dhaka Division,116,23.72,90.41,pulses and nuts,Lentils (masur),61,KG,actual,Retail,62.1
2018-10-15,Dhaka,Dhaka,Dhaka Division,116,23.72,90.41,pulses and nuts,Lentils (masur),61,KG,actual,Retail,61.16
2018-11-15,Dhaka,Dhaka,Dhaka Division,116,23.72,90.41,pulses and nuts,Lentils (masur),61,KG,actual,Retail,58.51
2018-12-15,Dhaka,Dhaka,Dhaka Division,116,23.72,90.41,pulses and nuts,Lentils (masur),61,KG,actual,Retail,58.94
2019-01-15,Dhaka,Dhaka,Dhaka Division,116,23.72,90.41,pulses and nuts,Lentils (masur),61,KG,actual,Retail,60.12
2019-02-15,Dhaka,Dhaka,Dhaka Division,116,23.72,90.41,pulses and nuts,Lentils (masur),61,KG,actual,Retail,62.02
2019-03-15,Dhaka,Dhaka,Dhaka Division,116,23.72,90.41,pulses and nuts,Lentils (masur),61,KG,actual,Retail,60.9
2019-04-15,Dhaka,Dhaka,Dhaka Division,116,23.72,90.41,pulses and nuts,Lentils (masur),61,KG,actual,Retail,61.38
2019-05-15,Dhaka,Dhaka,Dhaka Division,116,23.72,90.41,pulses and nuts,Lentils (masur),61,KG,actual,Retail,62.44
2019-06-15,Dhaka,Dhaka,Dhaka Division,116,23.72,90.41,pulses and nuts,Lentils (masur),61,KG,actual,Retail,61.84
2019-09-15,Dhaka,Dhaka,Dhaka Division,116,23.72,90.41,pulses and nuts,Lentils (masur),61,KG,actual,Retail,58.47
2019-10-15,Dhaka,Dhaka,Dhaka Division,116,23.72,90.41,pulses and nuts,Lentils (masur),61,KG,actual,Retail,60.7
2019-11-15,Dhaka,Dhaka,Dhaka Division,116,23.72,90.41,pulses and nuts,Lentils (masur),61,KG,actual,Retail,60.7
2019-12-15,Dhaka,Dhaka,Dhaka Division,116,23.72,90.41,pulses and nuts,Lentils (masur),61,KG,actual,Retail,60.4
2020-01-15,Dhaka,Dhaka,Dhaka Division,116,23.72,90.41,pulses and nuts,Lentils (masur),61,KG,actual,Retail,65.5
2020-02-15,Dhaka,Dhaka,Dhaka Division,116,23.72,90.41,pulses and nuts,Lentils (masur),61,KG,actual,Retail,69.2
2020-03-15,Dhaka,Dhaka,Dhaka Division,116,23.72,90.41,pulses and nuts,Lentils (masur),61,KG,actual,Retail,69.7
2020-04-15,Dhaka,Dhaka,Dhaka Division,116,23.72,90.41,pulses and nuts,Lentils (masur),61,KG,actual,Retail,87.19
2020-05-15,Dhaka,Dhaka,Dhaka Division,116,23.72,90.41,pulses and nuts,Lentils (masur),61,KG,actual,Retail,81.5
2020-06-15,Dhaka,Dhaka,Dhaka Division,116,23.72,90.41,pulses and nuts,Lentils (masur),61,KG,aggregate,Retail,76.22
2026-07-15,Dhaka,Dhaka,Dhaka Division,116,23.72,90.41,milk and dairy,"Milk (cow, pasteurized)",472,L,actual,Retail,100.0
2006-04-15,Dhaka,Dhaka,Dhaka Division,116,23.72,90.41,oil and fats,Oil (palm),62,L,actual,Retail,41.0
2006-05-15,Dhaka,Dhaka,Dhaka Division,116,23.72,90.41,oil and fats,Oil (palm),62,L,actual,Retail,41.0
2006-07-15,Dhaka,Dhaka,Dhaka Division,116,23.72,90.41,oil and fats,Oil (palm),62,L,actual,Retail,40.0
2006-08-15,Dhaka,Dhaka,Dhaka Division,116,23.72,90.41,oil and fats,Oil (palm),62,L,actual,Retail,49.0
2006-09-15,Dhaka,Dhaka,Dhaka Division,116,23.72,90.41,oil and fats,Oil (palm),62,L,actual,Retail,47.0
2006-10-15,Dhaka,Dhaka,Dhaka Division,116,23.72,90.41,oil and fats,Oil (palm),62,L,actual,Retail,45.0
2006-11-15,Dhaka,Dhaka,Dhaka Division,116,23.72,90.41,oil and fats,Oil (palm),62,L,actual,Retail,48.0
2006-12-15,Dhaka,Dhaka,Dhaka Division,116,23.72,90.41,oil and fats,Oil (palm),62,L,actual,Retail,50.0
2007-01-15,Dhaka,Dhaka,Dhaka Division,116,23.72,90.41,oil and fats,Oil (palm),62,L,actual,Retail,51.0
2007-02-15,Dhaka,Dhaka,Dhaka Division,116,23.72,90.41,oil and fats,Oil (palm),62,L,actual,Retail,52.0
2007-03-15,Dhaka,Dhaka,Dhaka Division,116,23.72,90.41,oil and fats,Oil (palm),62,L,actual,Retail,55.0
2007-04-15,Dhaka,Dhaka,Dhaka Division,116,23.72,90.41,oil and fats,Oil (palm),62,L,actual,Retail,62.0
2007-05-15,Dhaka,Dhaka,Dhaka Division,116,23.72,90.41,oil and fats,Oil (palm),62,L,actual,Retail,66.33
2007-06-15,Dhaka,Dhaka,Dhaka Division,116,23.72,90.41,oil and fats,Oil (palm),62,L,actual,Retail,69.0
2007-07-15,Dhaka,Dhaka,Dhaka Division,116,23.72,90.41,oil and fats,Oil (palm),62,L,actual,Retail,68.33
2007-08-15,Dhaka,Dhaka,Dhaka Division,116,23.72,90.41,oil and fats,Oil (palm),62,L,actual,Retail,70.0
2007-09-15,Dhaka,Dhaka,Dhaka Division,116,23.72,90.41,oil and fats,Oil (palm),62,L,actual,Retail,74.0
2007-10-15,Dhaka,Dhaka,Dhaka Division,116,23.72,90.41,oil and fats,Oil (palm),62,L,actual,Retail,76.6
2007-11-15,Dhaka,Dhaka,Dhaka Division,116,23.72,90.41,oil and fats,Oil (palm),62,L,actual,Retail,78.8
2007-12-15,Dhaka,Dhaka,Dhaka Division,116,23.72,90.41,oil and fats,Oil (palm),62,L,actual,Retail,77.8
2008-01-15,Dhaka,Dhaka,Dhaka Division,116,23.72,90.41,oil and fats,Oil (palm),62,L,actual,Retail,81.8
2008-02-15,Dhaka,Dhaka,Dhaka Division,116,23.72,90.41,oil and fats,Oil (palm),62,L,actual,Retail,90.0
2008-03-15,Dhaka,Dhaka,Dhaka Division,116,23.72,90.41,oil and fats,Oil (palm),62,L,actual,Retail,95.0
2008-04-15,Dhaka,Dhaka,Dhaka Division,116,23.72,90.41,oil and fats,Oil (palm),62,L,actual,Retail,92.75
2008-05-15,Dhaka,Dhaka,Dhaka Division,116,23.72,90.41,oil and fats,Oil (palm),62,L,actual,Retail,97.0
2008-06-15,Dhaka,Dhaka,Dhaka Division,116,23.72,90.41,oil and fats,Oil (palm),62,L,actual,Retail,99.5
2008-07-15,Dhaka,Dhaka,Dhaka Division,116,23.72,90.41,oil and fats,Oil (palm),62,L,actual,Retail,100.6
2008-08-15,Dhaka,Dhaka,Dhaka Division,116,23.72,90.41,oil and fats,Oil (palm),62,L,actual,Retail,91.83
2008-09-15,Dhaka,Dhaka,Dhaka Division,116,23.72,90.41,oil and fats,Oil (palm),62,L,actual,Retail,76.5
2008-10-15,Dhaka,Dhaka,Dhaka Division,116,23.72,90.41,oil and fats,Oil (palm),62,L,actual,Retail,66.67
2008-11-15,Dhaka,Dhaka,Dhaka Division,116,23.72,90.41,oil and fats,Oil (palm),62,L,actual,Retail,70.4
2008-12-15,Dhaka,Dhaka,Dhaka Division,116,23.72,90.41,oil and fats,Oil (palm),62,L,actual,Retail,67.43
2009-01-15,Dhaka,Dhaka,Dhaka Division,116,23.72,90.41,oil and fats,Oil (palm),62,L,actual,Retail,54.29
2009-02-15,Dhaka,Dhaka,Dhaka Division,116,23.72,90.41,oil and fats,Oil (palm),62,L,actual,Retail,52.0
2009-03-15,Dhaka,Dhaka,Dhaka Division,116,23.72,90.41,oil and fats,Oil (palm),62,L,actual,Retail,59.0
2009-04-15,Dhaka,Dhaka,Dhaka Division,116,23.72,90.41,oil and fats,Oil (palm),62,L,actual,Retail,60.17
2009-05-15,Dhaka,Dhaka,Dhaka Division,116,23.72,90.41,oil and fats,Oil (palm),62,L,actual,Retail,65.83
2009-06-15,Dhaka,Dhaka,Dhaka Division,116,23.72,90.41,oil and fats,Oil (palm),62,L,actual,Retail,64.6
2009-07-15,Dhaka,Dhaka,Dhaka Division,116,23.72,90.41,oil and fats,Oil (palm),62,L,actual,Retail,62.83
2009-08-15,Dhaka,Dhaka,Dhaka Division,116,23.72,90.41,oil and fats,Oil (palm),62,L,actual,Retail,73.14
2009-09-15,Dhaka,Dhaka,Dhaka Division,116,23.72,90.41,oil and fats,Oil (palm),62,L,actual,Retail,64.0
2009-10-15,Dhaka,Dhaka,Dhaka Division,116,23.72,90.41,oil and fats,Oil (palm),62,L,actual,Retail,61.43
2009-11-15,Dhaka,Dhaka,Dhaka Division,116,23.72,90.41,oil and fats,Oil (palm),62,L,actual,Retail,60.0
2009-12-15,Dhaka,Dhaka,Dhaka Division,116,23.72,90.41,oil and fats,Oil (palm),62,L,actual,Retail,61.67
2010-01-15,Dhaka,Dhaka,Dhaka Division,116,23.72,90.41,oil and fats,Oil (palm),62,L,actual,Retail,63.0
2010-02-15,Dhaka,Dhaka,Dhaka Division,116,23.72,90.41,oil and fats,Oil (palm),62,L,actual,Retail,64.0
2010-03-15,Dhaka,Dhaka,Dhaka Division,116,23.72,90.41,oil and fats,Oil (palm),62,L,actual,Retail,64.0
2010-04-15,Dhaka,Dhaka,Dhaka Division,116,23.72,90.41,oil and fats,Oil (palm),62,L,actual,Retail,64.83
2010-05-15,Dhaka,Dhaka,Dhaka Division,116,23.72,90.41,oil and fats,Oil (palm),62,L,actual,Retail,66.2
2010-06-15,Dhaka,Dhaka,Dhaka Division,116,23.72,90.41,oil and fats,Oil (palm),62,L,actual,Retail,66.0
2010-07-15,Dhaka,Dhaka,Dhaka Division,116,23.72,90.41,oil and fats,Oil (palm),62,L,actual,Retail,67.67
2010-08-15,Dhaka,Dhaka,Dhaka Division,116,23.72,90.41,oil and fats,Oil (palm),62,L,actual,Retail,71.5
2010-09-15,Dhaka,Dhaka,Dhaka Division,116,23.72,90.41,oil and fats,Oil (palm),62,L,actual,Retail,75.5
2010-10-15,Dhaka,Dhaka,Dhaka Division,116,23.72,90.41,oil and fats,Oil (palm),62,L,actual,Retail,78.0
2010-11-15,Dhaka,Dhaka,Dhaka Division,116,23.72,90.41,oil and fats,Oil (palm),62,L,actual,Retail,83.0
2010-12-15,Dhaka,Dhaka,Dhaka Division,116,23.72,90.41,oil and fats,Oil (palm),62,L,actual,Retail,85.0
2011-01-15,Dhaka,Dhaka,Dhaka Division,116,23.72,90.41,oil and fats,Oil (palm),62,L,actual,Retail,90.66
2011-02-15,Dhaka,Dhaka,Dhaka Division,116,23.72,90.41,oil and fats,Oil (palm),62,L,actual,Retail,97.17
2011-03-15,Dhaka,Dhaka,Dhaka Division,116,23.72,90.41,oil and fats,Oil (palm),62,L,actual,Retail,96.0
2011-04-15,Dhaka,Dhaka,Dhaka Division,116,23.72,90.41,oil and fats,Oil (palm),62,L,actual,Retail,96.2
2011-05-15,Dhaka,Dhaka,Dhaka Division,116,23.72,90.41,oil and fats,Oil (palm),62,L,actual,Retail,96.84
2011-06-15,Dhaka,Dhaka,Dhaka Division,116,23.72,90.41,oil and fats,Oil (palm),62,L,actual,Retail,99.6
2011-07-15,Dhaka,Dhaka,Dhaka Division,116,23.72,90.41,oil and fats,Oil (palm),62,L,actual,Retail,101.17
2011-08-15,Dhaka,Dhaka,Dhaka Division,116,23.72,90.41,oil and fats,Oil (palm),62,L,actual,Retail,99.88
2011-09-15,Dhaka,Dhaka,Dhaka Division,116,23.72,90.41,oil and fats,Oil (palm),62,L,actual,Retail,99.66
2011-10-15,Dhaka,Dhaka,Dhaka Division,116,23.72,90.41,oil and fats,Oil (palm),62,L,actual,Retail,96.97
2011-11-15,Dhaka,Dhaka,Dhaka Division,116,23.72,90.41,oil and fats,Oil (palm),62,L,actual,Retail,91.0
2011-12-15,Dhaka,Dhaka,Dhaka Division,116,23.72,90.41,oil and fats,Oil (palm),62,L,actual,Retail,92.19
2012-01-15,Dhaka,Dhaka,Dhaka Division,116,23.72,90.41,oil and fats,Oil (palm),62,L,actual,Retail,98.11
2012-02-15,Dhaka,Dhaka,Dhaka Division,116,23.72,90.41,oil and fats,Oil (palm),62,L,actual,Retail,98.33
2012-03-15,Dhaka,Dhaka,Dhaka Division,116,23.72,90.41,oil and fats,Oil (palm),62,L,actual,Retail,102.0
2012-04-15,Dhaka,Dhaka,Dhaka Division,116,23.72,90.41,oil and fats,Oil (palm),62,L,actual,Retail,105.67
2012-05-15,Dhaka,Dhaka,Dhaka Division,116,23.72,90.41,oil and fats,Oil (palm),62,L,actual,Retail,105.62
2012-06-15,Dhaka,Dhaka,Dhaka Division,116,23.72,90.41,oil and fats,Oil (palm),62,L,actual,Retail,102.38
2012-07-15,Dhaka,Dhaka,Dhaka Division,116,23.72,90.41,oil and fats,Oil (palm),62,L,actual,Retail,102.22
2012-08-15,Dhaka,Dhaka,Dhaka Division,116,23.72,90.41,oil and fats,Oil (palm),62,L,actual,Retail,101.33
2012-09-15,Dhaka,Dhaka,Dhaka Division,116,23.72,90.41,oil and fats,Oil (palm),62,L,actual,Retail,100.5
2012-10-15,Dhaka,Dhaka,Dhaka Division,116,23.72,90.41,oil and fats,Oil (palm),62,L,actual,Retail,94.22
2012-11-15,Dhaka,Dhaka,Dhaka Division,116,23.72,90.41,oil and fats,Oil (palm),62,L,actual,Retail,89.4
2012-12-15,Dhaka,Dhaka,Dhaka Division,116,23.72,90.41,oil and fats,Oil (palm),62,L,actual,Retail,89.4
2013-01-15,Dhaka,Dhaka,Dhaka Division,116,23.72,90.41,oil and fats,Oil (palm),62,L,actual,Retail,87.45
2013-02-15,Dhaka,Dhaka,Dhaka Division,116,23.72,90.41,oil and fats,Oil (palm),62,L,actual,Retail,84.72
2013-03-15,Dhaka,Dhaka,Dhaka Division,116,23.72,90.41,oil and fats,Oil (palm),62,L,actual,Retail,82.9
2013-04-15,Dhaka,Dhaka,Dhaka Division,116,23.72,90.41,oil and fats,Oil (palm),62,L,actual,Retail,79.44
2013-05-15,Dhaka,Dhaka,Dhaka Division,116,23.72,90.41,oil and fats,Oil (palm),62,L,actual,Retail,80.4
2013-06-15,Dhaka,Dhaka,Dhaka Division,116,23.72,90.41,oil and fats,Oil (palm),62,L,actual,Retail,79.78
2013-07-15,Dhaka,Dhaka,Dhaka Division,116,23.72,90.41,oil and fats,Oil (palm),62,L,actual,Retail,79.0
2013-08-15,Dhaka,Dhaka,Dhaka Division,116,23.72,90.41,oil and fats,Oil (palm),62,L,actual,Retail,78.22
2013-09-15,Dhaka,Dhaka,Dhaka Division,116,23.72,90.41,oil and fats,Oil (palm),62,L,actual,Retail,76.11
2013-10-15,Dhaka,Dhaka,Dhaka Division,116,23.72,90.41,oil and fats,Oil (palm),62,L,actual,Retail,77.36
2013-11-15,Dhaka,Dhaka,Dhaka Division,116,23.72,90.41,oil and fats,Oil (palm),62,L,actual,Retail,78.91
2013-12-15,Dhaka,Dhaka,Dhaka Division,116,23.72,90.41,oil and fats,Oil (palm),62,L,actual,Retail,78.67
2014-01-15,Dhaka,Dhaka,Dhaka Division,116,23.72,90.41,oil and fats,Oil (palm),62,L,actual,Retail,76.4
2014-02-15,Dhaka,Dhaka,Dhaka Division,116,23.72,90.41,oil and fats,Oil (palm),62,L,actual,Retail,76.58
2014-03-15,Dhaka,Dhaka,Dhaka Division,116,23.72,90.41,oil and fats,Oil (palm),62,L,actual,Retail,77.69
2014-04-15,Dhaka,Dhaka,Dhaka Division,116,23.72,90.41,oil and fats,Oil (palm),62,L,actual,Retail,79.77
2014-05-15,Dhaka,Dhaka,Dhaka Division,116,23.72,90.41,oil and fats,Oil (palm),62,L,actual,Retail,83.33
2014-06-15,Dhaka,Dhaka,Dhaka Division,116,23.72,90.41,oil and fats,Oil (palm),62,L,actual,Retail,83.79
2014-07-15,Dhaka,Dhaka,Dhaka Division,116,23.72,90.41,oil and fats,Oil (palm),62,L,actual,Retail,81.77
2014-08-15,Dhaka,Dhaka,Dhaka Division,116,23.72,90.41,oil and fats,Oil (palm),62,L,actual,Retail,78.62
2014-09-15,Dhaka,Dhaka,Dhaka Division,116,23.72,90.41,oil and fats,Oil (palm),62,L,actual,Retail,75.46
2014-10-15,Dhaka,Dhaka,Dhaka Division,116,23.72,90.41,oil and fats,Oil (palm),62,L,actual,Retail,73.85
2014-11-15,Dhaka,Dhaka,Dhaka Division,116,23.72,90.41,oil and fats,Oil (palm),62,L,actual,Retail,71.86
2014-12-15,Dhaka,Dhaka,Dhaka Division,116,23.72,90.41,oil and fats,Oil (palm),62,L,actual,Retail,70.31
2015-01-15,Dhaka,Dhaka,Dhaka Division,116,23.72,90.41,oil and fats,Oil (palm),62,L,actual,Retail,72.07
2015-02-15,Dhaka,Dhaka,Dhaka Division,116,23.72,90.41,oil and fats,Oil (palm),62,L,actual,Retail,70.31
2015-03-15,Dhaka,Dhaka,Dhaka Division,116,23.72,90.41,oil and fats,Oil (palm),62,L,actual,Retail,68.87
2015-04-15,Dhaka,Dhaka,Dhaka Division,116,23.72,90.41,oil and fats,Oil (palm),62,L,actual,Retail,66.67
2015-05-15,Dhaka,Dhaka,Dhaka Division,116,23.72,90.41,oil and fats,Oil (palm),62,L,actual,Retail,66.07
2015-06-15,Dhaka,Dhaka,Dhaka Division,116,23.72,90.41,oil and fats,Oil (palm),62,L,actual,Retail,65.87
2015-07-15,Dhaka,Dhaka,Dhaka Division,116,23.72,90.41,oil and fats,Oil (palm),62,L,actual,Retail,66.33
2015-08-15,Dhaka,Dhaka,Dhaka Division,116,23.72,90.41,oil and fats,Oil (palm),62,L,actual,Retail,67.57
2015-09-15,Dhaka,Dhaka,Dhaka Division,116,23.72,90.41,oil and fats,Oil (palm),62,L,actual,Retail,67.14
2015-10-15,Dhaka,Dhaka,Dhaka Division,116,23.72,90.41,oil and fats,Oil (palm),62,L,actual,Retail,64.6
2015-11-15,Dhaka,Dhaka,Dhaka Division,116,23.72,90.41,oil and fats,Oil (palm),62,L,actual,Retail,63.53
2015-12-15,Dhaka,Dhaka,Dhaka Division,116,23.72,90.41,oil and fats,Oil (palm),62,L,actual,Retail,62.93
2016-01-15,Dhaka,Dhaka,Dhaka Division,116,23.72,90.41,oil and fats,Oil (palm),62,L,actual,Retail,63.08
2016-02-15,Dhaka,Dhaka,Dhaka Division,116,23.72,90.41,oil and fats,Oil (palm),62,L,actual,Retail,62.36
2016-03-15,Dhaka,Dhaka,Dhaka Division,116,23.72,90.41,oil and fats,Oil (palm),62,L,actual,Retail,62.93
2016-04-15,Dhaka,Dhaka,Dhaka Division,116,23.72,90.41,oil and fats,Oil (palm),62,L,actual,Retail,65.78
2016-05-15,Dhaka,Dhaka,Dhaka Division,116,23.72,90.41,oil and fats,Oil (palm),62,L,actual,Retail,67.0
2016-06-15,Dhaka,Dhaka,Dhaka Division,116,23.72,90.41,oil and fats,Oil (palm),62,L,actual,Retail,66.14
2016-07-15,Dhaka,Dhaka,Dhaka Division,116,23.72,90.41,oil and fats,Oil (palm),62,L,actual,Retail,66.64
2016-08-15,Dhaka,Dhaka,Dhaka Division,116,23.72,90.41,oil and fats,Oil (palm),62,L,actual,Retail,69.1
2016-09-15,Dhaka,Dhaka,Dhaka Division,116,23.72,90.41,oil and fats,Oil (palm),62,L,actual,Retail,72.3
2016-10-15,Dhaka,Dhaka,Dhaka Division,116,23.72,90.41,oil and fats,Oil (palm),62,L,actual,Retail,72.71
2016-11-15,Dhaka,Dhaka,Dhaka Division,116,23.72,90.41,oil and fats,Oil (palm),62,L,actual,Retail,72.36
2016-12-15,Dhaka,Dhaka,Dhaka Division,116,23.72,90.41,oil and fats,Oil (palm),62,L,actual,Retail,73.4
2017-01-15,Dhaka,Dhaka,Dhaka Division,116,23.72,90.41,oil and fats,Oil (palm),62,L,actual,Retail,74.85
2017-02-15,Dhaka,Dhaka,Dhaka Division,116,23.72,90.41,oil and fats,Oil (palm),62,L,actual,Retail,77.1
2017-03-15,Dhaka,Dhaka,Dhaka Division,116,23.72,90.41,oil and fats,Oil (palm),62,L,actual,Retail,75.64
2017-04-15,Dhaka,Dhaka,Dhaka Division,116,23.72,90.41,oil and fats,Oil (palm),62,L,actual,Retail,74.86
2017-05-15,Dhaka,Dhaka,Dhaka Division,116,23.72,90.41,oil and fats,Oil (palm),62,L,actual,Retail,74.08
2017-06-15,Dhaka,Dhaka,Dhaka Division,116,23.72,90.41,oil and fats,Oil (palm),62,L,actual,Retail,73.44
2017-07-15,Dhaka,Dhaka,Dhaka Division,116,23.72,90.41,oil and fats,Oil (palm),62,L,actual,Retail,73.3
2017-08-15,Dhaka,Dhaka,Dhaka Division,116,23.72,90.41,oil and fats,Oil (palm),62,L,actual,Retail,73.78
2017-09-15,Dhaka,Dhaka,Dhaka Division,116,23.72,90.41,oil and fats,Oil (palm),62,L,actual,Retail,74.48
2017-10-15,Dhaka,Dhaka,Dhaka Division,116,23.72,90.41,oil and fats,Oil (palm),62,L,actual,Retail,74.37
2017-11-15,Dhaka,Dhaka,Dhaka Division,116,23.72,90.41,oil and fats,Oil (palm),62,L,actual,Retail,74.0
2017-12-15,Dhaka,Dhaka,Dhaka Division,116,23.72,90.41,oil and fats,Oil (palm),62,L,actual,Retail,74.03
2018-01-15,Dhaka,Dhaka,Dhaka Division,116,23.72,90.41,oil and fats,Oil (palm),62,L,actual,Retail,73.29
2018-02-15,Dhaka,Dhaka,Dhaka Division,116,23.72,90.41,oil and fats,Oil (palm),62,L,actual,Retail,73.68
2018-03-15,Dhaka,Dhaka,Dhaka Division,116,23.72,90.41,oil and fats,Oil (palm),62,L,actual,Retail,74.21
2018-04-15,Dhaka,Dhaka,Dhaka Division,116,23.72,90.41,oil and fats,Oil (palm),62,L,actual,Retail,73.93
2018-05-15,Dhaka,Dhaka,Dhaka Division,116,23.72,90.41,oil and fats,Oil (palm),62,L,actual,Retail,73.8
2018-06-15,Dhaka,Dhaka,Dhaka Division,116,23.72,90.41,oil and fats,Oil (palm),62,L,actual,Retail,73.83
2018-07-15,Dhaka,Dhaka,Dhaka Division,116,23.72,90.41,oil and fats,Oil (palm),62,L,actual,Retail,73.07
2018-08-15,Dhaka,Dhaka,Dhaka Division,116,23.72,90.41,oil and fats,Oil (palm),62,L,actual,Retail,72.01
2018-09-15,Dhaka,Dhaka,Dhaka Division,116,23.72,90.41,oil and fats,Oil (palm),62,L,actual,Retail,71.44
2018-10-15,Dhaka,Dhaka,Dhaka Division,116,23.72,90.41,oil and fats,Oil (palm),62,L,actual,Retail,70.17
2018-11-15,Dhaka,Dhaka,Dhaka Division,116,23.72,90.41,oil and fats,Oil (palm),62,L,actual,Retail,69.02
2018-12-15,Dhaka,Dhaka,Dhaka Division,116,23.72,90.41,oil and fats,Oil (palm),62,L,actual,Retail,67.47
2019-01-15,Dhaka,Dhaka,Dhaka Division,116,23.72,90.41,oil and fats,Oil (palm),62,L,actual,Retail,67.09
2019-02-15,Dhaka,Dhaka,Dhaka Division,116,23.72,90.41,oil and fats,Oil (palm),62,L,actual,Retail,67.99
2019-03-15,Dhaka,Dhaka,Dhaka Division,116,23.72,90.41,oil and fats,Oil (palm),62,L,actual,Retail,67.75
2019-04-15,Dhaka,Dhaka,Dhaka Division,116,23.72,90.41,oil and fats,Oil (palm),62,L,actual,Retail,66.83
2019-05-15,Dhaka,Dhaka,Dhaka Division,116,23.72,90.41,oil and fats,Oil (palm),62,L,actual,Retail,65.88
2019-06-15,Dhaka,Dhaka,Dhaka Division,116,23.72,90.41,oil and fats,Oil (palm),62,L,actual,Retail,65.45
2019-08-15,Dhaka,Dhaka,Dhaka Division,116,23.72,90.41,oil and fats,Oil (palm),62,L,actual,Retail,64.93
2019-10-15,Dhaka,Dhaka,Dhaka Division,116,23.72,90.41,oil and fats,Oil (palm),62,L,actual,Retail,65.7
2019-11-15,Dhaka,Dhaka,Dhaka Division,116,23.72,90.41,oil and fats,Oil (palm),62,L,actual,Retail,66.0
2019-12-15,Dhaka,Dhaka,Dhaka Division,116,23.72,90.41,oil and fats,Oil (palm),62,L,actual,Retail,69.2
2020-01-15,Dhaka,Dhaka,Dhaka Division,116,23.72,90.41,oil and fats,Oil (palm),62,L,actual,Retail,78.0
2020-02-15,Dhaka,Dhaka,Dhaka Division,116,23.72,90.41,oil and fats,Oil (palm),62,L,actual,Retail,77.4
2020-03-15,Dhaka,Dhaka,Dhaka Division,116,23.72,90.41,oil and fats,Oil (palm),62,L,actual,Retail,75.6
2020-04-15,Dhaka,Dhaka,Dhaka Division,116,23.72,90.41,oil and fats,Oil (palm),62,L,actual,Retail,74.75
2020-05-15,Dhaka,Dhaka,Dhaka Division,116,23.72,90.41,oil and fats,Oil (palm),62,L,actual,Retail,72.6
2020-06-15,Dhaka,Dhaka,Dhaka Division,116,23.72,90.41,oil and fats,Oil (palm),62,L,aggregate,Retail,71.6
2004-01-15,Dhaka,Dhaka,Dhaka Division,116,23.72,90.41,cereals and tubers,Rice (coarse),60,KG,actual,Retail,14.0
2004-02-15,Dhaka,Dhaka,Dhaka Division,116,23.72,90.41,cereals and tubers,Rice (coarse),60,KG,actual,Retail,14.0
2004-03-15,Dhaka,Dhaka,Dhaka Division,116,23.72,90.41,cereals and tubers,Rice (coarse),60,KG,actual,Retail,14.0
2004-04-15,Dhaka,Dhaka,Dhaka Division,116,23.72,90.41,cereals and tubers,Rice (coarse),60,KG,actual,Retail,14.0
2004-05-15,Dhaka,Dhaka,Dhaka Division,116,23.72,90.41,cereals and tubers,Rice (coarse),60,KG,actual,Retail,14.0
2004-06-15,Dhaka,Dhaka,Dhaka Division,116,23.72,90.41,cereals and tubers,Rice (coarse),60,KG,actual,Retail,14.0
2004-07-15,Dhaka,Dhaka,Dhaka Division,116,23.72,90.41,cereals and tubers,Rice (coarse),60,KG,actual,Retail,14.5
2004-08-15,Dhaka,Dhaka,Dhaka Division,116,23.72,90.41,cereals and tubers,Rice (coarse),60,KG,actual,Retail,15.0
2004-09-15,Dhaka,Dhaka,Dhaka Division,116,23.72,90.41,cereals and tubers,Rice (coarse),60,KG,actual,Retail,14.0
2004-10-15,Dhaka,Dhaka,Dhaka Division,116,23.72,90.41,cereals and tubers,Rice (coarse),60,KG,actual,Retail,15.0
2004-11-15,Dhaka,Dhaka,Dhaka Division,116,23.72,90.41,cereals and tubers,Rice (coarse),60,KG,actual,Retail,16.15
2004-12-15,Dhaka,Dhaka,Dhaka Division,116,23.72,90.41,cereals and tubers,Rice (coarse),60,KG,actual,Retail,17.25
2005-01-15,Dhaka,Dhaka,Dhaka Division,116,23.72,90.41,cereals and tubers,Rice (coarse),60,KG,actual,Retail,17.0
2005-02-15,Dhaka,Dhaka,Dhaka Division,116,23.72,90.41,cereals and tubers,Rice (coarse),60,KG,actual,Retail,17.0
2005-03-15,Dhaka,Dhaka,Dhaka Division,116,23.72,90.41,cereals and tubers,Rice (coarse),60,KG,actual,Retail,16.0
2005-04-15,Dhaka,Dhaka,Dhaka Division,116,23.72,90.41,cereals and tubers,Rice (coarse),60,KG,actual,Retail,16.0
2005-05-15,Dhaka,Dhaka,Dhaka Division,116,23.72,90.41,cereals and tubers,Rice (coarse),60,KG,actual,Retail,15.0
2005-06-15,Dhaka,Dhaka,Dhaka Division,116,23.72,90.41,cereals and tubers,Rice (coarse),60,KG,actual,Retail,16.0
2005-07-15,Dhaka,Dhaka,Dhaka Division,116,23.72,90.41,cereals and tubers,Rice (coarse),60,KG,actual,Retail,16.0
2005-08-15,Dhaka,Dhaka,Dhaka Division,116,23.72,90.41,cereals and tubers,Rice (coarse),60,KG,actual,Retail,16.0
2005-09-15,Dhaka,Dhaka,Dhaka Division,116,23.72,90.41,cereals and tubers,Rice (coarse),60,KG,actual,Retail,16.0
2005-10-15,Dhaka,Dhaka,Dhaka Division,116,23.72,90.41,cereals and tubers,Rice (coarse),60,KG,actual,Retail,16.14
2005-11-15,Dhaka,Dhaka,Dhaka Division,116,23.72,90.41,cereals and tubers,Rice (coarse),60,KG,actual,Retail,16.82
2005-12-15,Dhaka,Dhaka,Dhaka Division,116,23.72,90.41,cereals and tubers,Rice (coarse),60,KG,actual,Retail,17.0
2006-01-15,Dhaka,Dhaka,Dhaka Division,116,23.72,90.41,cereals and tubers,Rice (coarse),60,KG,actual,Retail,16.33
2006-02-15,Dhaka,Dhaka,Dhaka Division,116,23.72,90.41,cereals and tubers,Rice (coarse),60,KG,actual,Retail,16.33
2006-03-15,Dhaka,Dhaka,Dhaka Division,116,23.72,90.41,cereals and tubers,Rice (coarse),60,KG,actual,Retail,17.0
2006-04-15,Dhaka,Dhaka,Dhaka Division,116,23.72,90.41,cereals and tubers,Rice (coarse),60,KG,actual,Retail,17.33
2006-05-15,Dhaka,Dhaka,Dhaka Division,116,23.72,90.41,cereals and tubers,Rice (coarse),60,KG,actual,Retail,16.0
2006-06-15,Dhaka,Dhaka,Dhaka Division,116,23.72,90.41,cereals and tubers,Rice (coarse),60,KG,actual,Retail,16.0
2006-07-15,Dhaka,Dhaka,Dhaka Division,116,23.72,90.41,cereals and tubers,Rice (coarse),60,KG,actual,Retail,17.0
2006-08-15,Dhaka,Dhaka,Dhaka Division,116,23.72,90.41,cereals and tubers,Rice (coarse),60,KG,actual,Retail,16.67
2006-09-15,Dhaka,Dhaka,Dhaka Division,116,23.72,90.41,cereals and tubers,Rice (coarse),60,KG,actual,Retail,17.0
2006-10-15,Dhaka,Dhaka,Dhaka Division,116,23.72,90.41,cereals and tubers,Rice (coarse),60,KG,actual,Retail,17.5
2006-11-15,Dhaka,Dhaka,Dhaka Division,116,23.72,90.41,cereals and tubers,Rice (coarse),60,KG,actual,Retail,17.5
2006-12-15,Dhaka,Dhaka,Dhaka Division,116,23.72,90.41,cereals and tubers,Rice (coarse),60,KG,actual,Retail,17.75
2007-01-15,Dhaka,Dhaka,Dhaka Division,116,23.72,90.41,cereals and tubers,Rice (coarse),60,KG,actual,Retail,17.8
2007-02-15,Dhaka,Dhaka,Dhaka Division,116,23.72,90.41,cereals and tubers,Rice (coarse),60,KG,actual,Retail,18.4
2007-03-15,Dhaka,Dhaka,Dhaka Division,116,23.72,90.41,cereals and tubers,Rice (coarse),60,KG,actual,Retail,19.6
2007-04-15,Dhaka,Dhaka,Dhaka Division,116,23.72,90.41,cereals and tubers,Rice (coarse),60,KG,actual,Retail,20.33
2007-05-15,Dhaka,Dhaka,Dhaka Division,116,23.72,90.41,cereals and tubers,Rice (coarse),60,KG,actual,Retail,19.33
2007-06-15,Dhaka,Dhaka,Dhaka Division,116,23.72,90.41,cereals and tubers,Rice (coarse),60,KG,actual,Retail,19.0
2007-07-15,Dhaka,Dhaka,Dhaka Division,116,23.72,90.41,cereals and tubers,Rice (coarse),60,KG,actual,Retail,19.0
2007-08-15,Dhaka,Dhaka,Dhaka Division,116,23.72,90.41,cereals and tubers,Rice (coarse),60,KG,actual,Retail,21.2
2007-09-15,Dhaka,Dhaka,Dhaka Division,116,23.72,90.41,cereals and tubers,Rice (coarse),60,KG,actual,Retail,21.83
2007-10-15,Dhaka,Dhaka,Dhaka Division,116,23.72,90.41,cereals and tubers,Rice (coarse),60,KG,actual,Retail,22.33
2007-11-15,Dhaka,Dhaka,Dhaka Division,116,23.72,90.41,cereals and tubers,Rice (coarse),60,KG,actual,Retail,23.17
2007-12-15,Dhaka,Dhaka,Dhaka Division,116,23.72,90.41,cereals and tubers,Rice (coarse),60,KG,actual,Retail,24.75
2008-01-15,Dhaka,Dhaka,Dhaka Division,116,23.72,90.41,cereals and tubers,Rice (coarse),60,KG,actual,Retail,29.14
2008-02-15,Dhaka,Dhaka,Dhaka Division,116,23.72,90.41,cereals and tubers,Rice (coarse),60,KG,actual,Retail,29.57
2008-03-15,Dhaka,Dhaka,Dhaka Division,116,23.72,90.41,cereals and tubers,Rice (coarse),60,KG,actual,Retail,31.33
2008-04-15,Dhaka,Dhaka,Dhaka Division,116,23.72,90.41,cereals and tubers,Rice (coarse),60,KG,actual,Retail,33.8
2008-05-15,Dhaka,Dhaka,Dhaka Division,116,23.72,90.41,cereals and tubers,Rice (coarse),60,KG,actual,Retail,29.29
2008-06-15,Dhaka,Dhaka,Dhaka Division,116,23.72,90.41,cereals and tubers,Rice (coarse),60,KG,actual,Retail,30.12
2008-07-15,Dhaka,Dhaka,Dhaka Division,116,23.72,90.41,cereals and tubers,Rice (coarse),60,KG,actual,Retail,33.0
2008-08-15,Dhaka,Dhaka,Dhaka Division,116,23.72,90.41,cereals and tubers,Rice (coarse),60,KG,actual,Retail,33.67
2008-09-15,Dhaka,Dhaka,Dhaka Division,116,23.72,90.41,cereals and tubers,Rice (coarse),60,KG,actual,Retail,31.3
2008-10-15,Dhaka,Dhaka,Dhaka Division,116,23.72,90.41,cereals and tubers,Rice (coarse),60,KG,actual,Retail,31.0
2008-11-15,Dhaka,Dhaka,Dhaka Division,116,23.72,90.41,cereals and tubers,Rice (coarse),60,KG,actual,Retail,28.12
2008-12-15,Dhaka,Dhaka,Dhaka Division,116,23.72,90.41,cereals and tubers,Rice (coarse),60,KG,actual,Retail,27.38
2009-01-15,Dhaka,Dhaka,Dhaka Division,116,23.72,90.41,cereals and tubers,Rice (coarse),60,KG,actual,Retail,24.8
2009-02-15,Dhaka,Dhaka,Dhaka Division,116,23.72,90.41,cereals and tubers,Rice (coarse),60,KG,actual,Retail,23.4
2009-03-15,Dhaka,Dhaka,Dhaka Division,116,23.72,90.41,cereals and tubers,Rice (coarse),60,KG,actual,Retail,21.2
2009-04-15,Dhaka,Dhaka,Dhaka Division,116,23.72,90.41,cereals and tubers,Rice (coarse),60,KG,actual,Retail,19.4
2009-05-15,Dhaka,Dhaka,Dhaka Division,116,23.72,90.41,cereals and tubers,Rice (coarse),60,KG,actual,Retail,19.83
2009-06-15,Dhaka,Dhaka,Dhaka Division,116,23.72,90.41,cereals and tubers,Rice (coarse),60,KG,actual,Retail,19.8
2009-07-15,Dhaka,Dhaka,Dhaka Division,116,23.72,90.41,cereals and tubers,Rice (coarse),60,KG,actual,Retail,20.29
2009-08-15,Dhaka,Dhaka,Dhaka Division,116,23.72,90.41,cereals and tubers,Rice (coarse),60,KG,actual,Retail,25.0
2009-09-15,Dhaka,Dhaka,Dhaka Division,116,23.72,90.41,cereals and tubers,Rice (coarse),60,KG,actual,Retail,20.33
2009-10-15,Dhaka,Dhaka,Dhaka Division,116,23.72,90.41,cereals and tubers,Rice (coarse),60,KG,actual,Retail,22.3
2009-11-15,Dhaka,Dhaka,Dhaka Division,116,23.72,90.41,cereals and tubers,Rice (coarse),60,KG,actual,Retail,22.4
2009-12-15,Dhaka,Dhaka,Dhaka Division,116,23.72,90.41,cereals and tubers,Rice (coarse),60,KG,actual,Retail,23.89
2010-01-15,Dhaka,Dhaka,Dhaka Division,116,23.72,90.41,cereals and tubers,Rice (coarse),60,KG,actual,Retail,27.0
2010-02-15,Dhaka,Dhaka,Dhaka Division,116,23.72,90.41,cereals and tubers,Rice (coarse),60,KG,actual,Retail,28.5
2010-03-15,Dhaka,Dhaka,Dhaka Division,116,23.72,90.41,cereals and tubers,Rice (coarse),60,KG,actual,Retail,28.4
2010-04-15,Dhaka,Dhaka,Dhaka Division,116,23.72,90.41,cereals and tubers,Rice (coarse),60,KG,actual,Retail,26.33
2010-05-15,Dhaka,Dhaka,Dhaka Division,116,23.72,90.41,cereals and tubers,Rice (coarse),60,KG,actual,Retail,26.5
2010-06-15,Dhaka,Dhaka,Dhaka Division,116,23.72,90.41,cereals and tubers,Rice (coarse),60,KG,actual,Retail,28.14
2010-07-15,Dhaka,Dhaka,Dhaka Division,116,23.72,90.41,cereals and tubers,Rice (coarse),60,KG,actual,Retail,29.5
2010-08-15,Dhaka,Dhaka,Dhaka Division,116,23.72,90.41,cereals and tubers,Rice (coarse),60,KG,actual,Retail,29.4
2010-09-15,Dhaka,Dhaka,Dhaka Division,116,23.72,90.41,cereals and tubers,Rice (coarse),60,KG,actual,Retail,31.6
2010-10-15,Dhaka,Dhaka,Dhaka Division,116,23.72,90.41,cereals and tubers,Rice (coarse),60,KG,actual,Retail,33.5
2010-11-15,Dhaka,Dhaka,Dhaka Division,116,23.72,90.41,cereals and tubers,Rice (coarse),60,KG,actual,Retail,32.75
2010-12-15,Dhaka,Dhaka,Dhaka Division,116,23.72,90.41,cereals and tubers,Rice (coarse),60,KG,actual,Retail,33.0
2011-01-15,Dhaka,Dhaka,Dhaka Division,116,23.72,90.41,cereals and tubers,Rice (coarse),60,KG,actual,Retail,36.33
2011-02-15,Dhaka,Dhaka,Dhaka Division,116,23.72,90.41,cereals and tubers,Rice (coarse),60,KG,actual,Retail,35.6
2011-03-15,Dhaka,Dhaka,Dhaka Division,116,23.72,90.41,cereals and tubers,Rice (coarse),60,KG,actual,Retail,34.8
2011-04-15,Dhaka,Dhaka,Dhaka Division,116,23.72,90.41,cereals and tubers,Rice (coarse),60,KG,actual,Retail,34.5
2011-05-15,Dhaka,Dhaka,Dhaka Division,116,23.72,90.41,cereals and tubers,Rice (coarse),60,KG,actual,Retail,33.4
2011-06-15,Dhaka,Dhaka,Dhaka Division,116,23.72,90.41,cereals and tubers,Rice (coarse),60,KG,actual,Retail,30.17
2011-07-15,Dhaka,Dhaka,Dhaka Division,116,23.72,90.41,cereals and tubers,Rice (coarse),60,KG,actual,Retail,31.71
2011-08-15,Dhaka,Dhaka,Dhaka Division,116,23.72,90.41,cereals and tubers,Rice (coarse),60,KG,actual,Retail,30.82
2011-09-15,Dhaka,Dhaka,Dhaka Division,116,23.72,90.41,cereals and tubers,Rice (coarse),60,KG,actual,Retail,31.4
2011-10-15,Dhaka,Dhaka,Dhaka Division,116,23.72,90.41,cereals and tubers,Rice (coarse),60,KG,actual,Retail,30.27
2011-11-15,Dhaka,Dhaka,Dhaka Division,116,23.72,90.41,cereals and tubers,Rice (coarse),60,KG,actual,Retail,30.0
2011-12-15,Dhaka,Dhaka,Dhaka Division,116,23.72,90.41,cereals and tubers,Rice (coarse),60,KG,actual,Retail,29.71
2012-01-15,Dhaka,Dhaka,Dhaka Division,116,23.72,90.41,cereals and tubers,Rice (coarse),60,KG,actual,Retail,28.86
2012-02-15,Dhaka,Dhaka,Dhaka Division,116,23.72,90.41,cereals and tubers,Rice (coarse),60,KG,actual,Retail,28.5
2012-03-15,Dhaka,Dhaka,Dhaka Division,116,23.72,90.41,cereals and tubers,Rice (coarse),60,KG,actual,Retail,27.0
2012-04-15,Dhaka,Dhaka,Dhaka Division,116,23.72,90.41,cereals and tubers,Rice (coarse),60,KG,actual,Retail,26.5
2012-05-15,Dhaka,Dhaka,Dhaka Division,116,23.72,90.41,cereals and tubers,Rice (coarse),60,KG,actual,Retail,25.6
2012-06-15,Dhaka,Dhaka,Dhaka Division,116,23.72,90.41,cereals and tubers,Rice (coarse),60,KG,actual,Retail,25.18
2012-07-15,Dhaka,Dhaka,Dhaka Division,116,23.72,90.41,cereals and tubers,Rice (coarse),60,KG,actual,Retail,25.09
2012-08-15,Dhaka,Dhaka,Dhaka Division,116,23.72,90.41,cereals and tubers,Rice (coarse),60,KG,actual,Retail,24.55
2012-09-15,Dhaka,Dhaka,Dhaka Division,116,23.72,90.41,cereals and tubers,Rice (coarse),60,KG,actual,Retail,24.11
2012-10-15,Dhaka,Dhaka,Dhaka Division,116,23.72,90.41,cereals and tubers,Rice (coarse),60,KG,actual,Retail,24.33
2012-11-15,Dhaka,Dhaka,Dhaka Division,116,23.72,90.41,cereals and tubers,Rice (coarse),60,KG,actual,Retail,26.5
2012-12-15,Dhaka,Dhaka,Dhaka Division,116,23.72,90.41,cereals and tubers,Rice (coarse),60,KG,actual,Retail,26.5
2013-01-15,Dhaka,Dhaka,Dhaka Division,116,23.72,90.41,cereals and tubers,Rice (coarse),60,KG,actual,Retail,26.33
2013-02-15,Dhaka,Dhaka,Dhaka Division,116,23.72,90.41,cereals and tubers,Rice (coarse),60,KG,actual,Retail,30.0
2013-03-15,Dhaka,Dhaka,Dhaka Division,116,23.72,90.41,cereals and tubers,Rice (coarse),60,KG,actual,Retail,29.5
2013-04-15,Dhaka,Dhaka,Dhaka Division,116,23.72,90.41,cereals and tubers,Rice (coarse),60,KG,actual,Retail,29.33
2013-05-15,Dhaka,Dhaka,Dhaka Division,116,23.72,90.41,cereals and tubers,Rice (coarse),60,KG,actual,Retail,29.71
2013-06-15,Dhaka,Dhaka,Dhaka Division,116,23.72,90.41,cereals and tubers,Rice (coarse),60,KG,actual,Retail,28.8
2013-07-15,Dhaka,Dhaka,Dhaka Division,116,23.72,90.41,cereals and tubers,Rice (coarse),60,KG,actual,Retail,30.13
2013-08-15,Dhaka,Dhaka,Dhaka Division,116,23.72,90.41,cereals and tubers,Rice (coarse),60,KG,actual,Retail,30.14
2013-09-15,Dhaka,Dhaka,Dhaka Division,116,23.72,90.41,cereals and tubers,Rice (coarse),60,KG,actual,Retail,31.29
2013-10-15,Dhaka,Dhaka,Dhaka Division,116,23.72,90.41,cereals and tubers,Rice (coarse),60,KG,actual,Retail,32.25
2013-11-15,Dhaka,Dhaka,Dhaka Division,116,23.72,90.41,cereals and tubers,Rice (coarse),60,KG,actual,Retail,34.0
2013-12-15,Dhaka,Dhaka,Dhaka Division,116,23.72,90.41,cereals and tubers,Rice (coarse),60,KG,actual,Retail,33.14
2014-01-15,Dhaka,Dhaka,Dhaka Division,116,23.72,90.41,cereals and tubers,Rice (coarse),60,KG,actual,Retail,34.14
2014-02-15,Dhaka,Dhaka,Dhaka Division,116,23.72,90.41,cereals and tubers,Rice (coarse),60,KG,actual,Retail,34.0
2014-03-15,Dhaka,Dhaka,Dhaka Division,116,23.72,90.41,cereals and tubers,Rice (coarse),60,KG,actual,Retail,34.0
2014-04-15,Dhaka,Dhaka,Dhaka Division,116,23.72,90.41,cereals and tubers,Rice (coarse),60,KG,actual,Retail,33.83
2014-05-15,Dhaka,Dhaka,Dhaka Division,116,23.72,90.41,cereals and tubers,Rice (coarse),60,KG,actual,Retail,33.8
2014-06-15,Dhaka,Dhaka,Dhaka Division,116,23.72,90.41,cereals and tubers,Rice (coarse),60,KG,actual,Retail,33.0
2014-07-15,Dhaka,Dhaka,Dhaka Division,116,23.72,90.41,cereals and tubers,Rice (coarse),60,KG,actual,Retail,33.4
2014-08-15,Dhaka,Dhaka,Dhaka Division,116,23.72,90.41,cereals and tubers,Rice (coarse),60,KG,actual,Retail,34.0
2014-09-15,Dhaka,Dhaka,Dhaka Division,116,23.72,90.41,cereals and tubers,Rice (coarse),60,KG,actual,Retail,34.36
2014-10-15,Dhaka,Dhaka,Dhaka Division,116,23.72,90.41,cereals and tubers,Rice (coarse),60,KG,actual,Retail,35.36
2014-11-15,Dhaka,Dhaka,Dhaka Division,116,23.72,90.41,cereals and tubers,Rice (coarse),60,KG,actual,Retail,35.08
2014-12-15,Dhaka,Dhaka,Dhaka Division,116,23.72,90.41,cereals and tubers,Rice (coarse),60,KG,actual,Retail,32.33
2015-01-15,Dhaka,Dhaka,Dhaka Division,116,23.72,90.41,cereals and tubers,Rice (coarse),60,KG,actual,Retail,32.5
2015-02-15,Dhaka,Dhaka,Dhaka Division,116,23.72,90.41,cereals and tubers,Rice (coarse),60,KG,actual,Retail,32.88
2015-03-15,Dhaka,Dhaka,Dhaka Division,116,23.72,90.41,cereals and tubers,Rice (coarse),60,KG,actual,Retail,32.88
2015-04-15,Dhaka,Dhaka,Dhaka Division,116,23.72,90.41,cereals and tubers,Rice (coarse),60,KG,actual,Retail,33.94
2015-05-15,Dhaka,Dhaka,Dhaka Division,116,23.72,90.41,cereals and tubers,Rice (coarse),60,KG,actual,Retail,30.4
2015-06-15,Dhaka,Dhaka,Dhaka Division,116,23.72,90.41,cereals and tubers,Rice (coarse),60,KG,actual,Retail,29.23
2015-07-15,Dhaka,Dhaka,Dhaka Division,116,23.72,90.41,cereals and tubers,Rice (coarse),60,KG,actual,Retail,29.23
2015-08-15,Dhaka,Dhaka,Dhaka Division,116,23.72,90.41,cereals and tubers,Rice (coarse),60,KG,actual,Retail,28.67
2015-09-15,Dhaka,Dhaka,Dhaka Division,116,23.72,90.41,cereals and tubers,Rice (coarse),60,KG,actual,Retail,28.62
2015-10-15,Dhaka,Dhaka,Dhaka Division,116,23.72,90.41,cereals and tubers,Rice (coarse),60,KG,actual,Retail,29.23
2015-11-15,Dhaka,Dhaka,Dhaka Division,116,23.72,90.41,cereals and tubers,Rice (coarse),60,KG,actual,Retail,28.62
2015-12-15,Dhaka,Dhaka,Dhaka Division,116,23.72,90.41,cereals and tubers,Rice (coarse),60,KG,actual,Retail,27.5
2016-01-15,Dhaka,Dhaka,Dhaka Division,116,23.72,90.41,cereals and tubers,Rice (coarse),60,KG,actual,Retail,28.5
2016-02-15,Dhaka,Dhaka,Dhaka Division,116,23.72,90.41,cereals and tubers,Rice (coarse),60,KG,actual,Retail,29.5
2016-03-15,Dhaka,Dhaka,Dhaka Division,116,23.72,90.41,cereals and tubers,Rice (coarse),60,KG,actual,Retail,28.33
2016-04-15,Dhaka,Dhaka,Dhaka Division,116,23.72,90.41,cereals and tubers,Rice (coarse),60,KG,actual,Retail,26.86
2016-05-15,Dhaka,Dhaka,Dhaka Division,116,23.72,90.41,cereals and tubers,Rice (coarse),60,KG,actual,Retail,27.17
2016-06-15,Dhaka,Dhaka,Dhaka Division,116,23.72,90.41,cereals and tubers,Rice (coarse),60,KG,actual,Retail,27.31
2016-07-15,Dhaka,Dhaka,Dhaka Division,116,23.72,90.41,cereals and tubers,Rice (coarse),60,KG,actual,Retail,28.46
2016-08-15,Dhaka,Dhaka,Dhaka Division,116,23.72,90.41,cereals and tubers,Rice (coarse),60,KG,actual,Retail,29.85
2016-09-15,Dhaka,Dhaka,Dhaka Division,116,23.72,90.41,cereals and tubers,Rice (coarse),60,KG,actual,Retail,32.5
2016-10-15,Dhaka,Dhaka,Dhaka Division,116,23.72,90.41,cereals and tubers,Rice (coarse),60,KG,actual,Retail,35.0
2016-11-15,Dhaka,Dhaka,Dhaka Division,116,23.72,90.41,cereals and tubers,Rice (coarse),60,KG,actual,Retail,36.0
2016-12-15,Dhaka,Dhaka,Dhaka Division,116,23.72,90.41,cereals and tubers,Rice (coarse),60,KG,actual,Retail,34.57
2017-01-15,Dhaka,Dhaka,Dhaka Division,116,23.72,90.41,cereals and tubers,Rice (coarse),60,KG,actual,Retail,35.14
2017-02-15,Dhaka,Dhaka,Dhaka Division,116,23.72,90.41,cereals and tubers,Rice (coarse),60,KG,actual,Retail,36.29
2017-03-15,Dhaka,Dhaka,Dhaka Division,116,23.72,90.41,cereals and tubers,Rice (coarse),60,KG,actual,Retail,37.75
2017-04-15,Dhaka,Dhaka,Dhaka Division,116,23.72,90.41,cereals and tubers,Rice (coarse),60,KG,actual,Retail,39.88
2017-05-15,Dhaka,Dhaka,Dhaka Division,116,23.72,90.41,cereals and tubers,Rice (coarse),60,KG,actual,Retail,42.14
2017-06-15,Dhaka,Dhaka,Dhaka Division,116,23.72,90.41,cereals and tubers,Rice (coarse),60,KG,actual,Retail,43.37
2017-07-15,Dhaka,Dhaka,Dhaka Division,116,23.72,90.41,cereals and tubers,Rice (coarse),60,KG,actual,Retail,41.98
2017-08-15,Dhaka,Dhaka,Dhaka Division,116,23.72,90.41,cereals and tubers,Rice (coarse),60,KG,actual,Retail,41.93
2017-09-15,Dhaka,Dhaka,Dhaka Division,116,23.72,90.41,cereals and tubers,Rice (coarse),60,KG,actual,Retail,25.73
2017-10-15,Dhaka,Dhaka,Dhaka Division,116,23.72,90.41,cereals and tubers,Rice (coarse),60,KG,actual,Retail,25.73
2017-11-15,Dhaka,Dhaka,Dhaka Division,116,23.72,90.41,cereals and tubers,Rice (coarse),60,KG,actual,Retail,22.9
2017-12-15,Dhaka,Dhaka,Dhaka Division,116,23.72,90.41,cereals and tubers,Rice (coarse),60,KG,actual,Retail,41.12
2018-01-15,Dhaka,Dhaka,Dhaka Division,116,23.72,90.41,cereals and tubers,Rice (coarse),60,KG,actual,Retail,40.69
2018-02-15,Dhaka,Dhaka,Dhaka Division,116,23.72,90.41,cereals and tubers,Rice (coarse),60,KG,actual,Retail,40.44
2018-03-15,Dhaka,Dhaka,Dhaka Division,116,23.72,90.41,cereals and tubers,Rice (coarse),60,KG,actual,Retail,40.35
2018-04-15,Dhaka,Dhaka,Dhaka Division,116,23.72,90.41,cereals and tubers,Rice (coarse),60,KG,actual,Retail,38.32
2018-05-15,Dhaka,Dhaka,Dhaka Division,116,23.72,90.41,cereals and tubers,Rice (coarse),60,KG,actual,Retail,39.58
2018-06-15,Dhaka,Dhaka,Dhaka Division,116,23.72,90.41,cereals and tubers,Rice (coarse),60,KG,actual,Retail,39.58
2018-07-15,Dhaka,Dhaka,Dhaka Division,116,23.72,90.41,cereals and tubers,Rice (coarse),60,KG,actual,Retail,39.99
2018-08-15,Dhaka,Dhaka,Dhaka Division,116,23.72,90.41,cereals and tubers,Rice (coarse),60,KG,actual,Retail,38.87
2018-09-15,Dhaka,Dhaka,Dhaka Division,116,23.72,90.41,cereals and tubers,Rice (coarse),60,KG,actual,Retail,38.57
2018-10-15,Dhaka,Dhaka,Dhaka Division,116,23.72,90.41,cereals and tubers,Rice (coarse),60,KG,actual,Retail,37.29
2018-11-15,Dhaka,Dhaka,Dhaka Division,116,23.72,90.41,cereals and tubers,Rice (coarse),60,KG,actual,Retail,36.29
2018-12-15,Dhaka,Dhaka,Dhaka Division,116,23.72,90.41,cereals and tubers,Rice (coarse),60,KG,actual,Retail,33.55
2019-01-15,Dhaka,Dhaka,Dhaka Division,116,23.72,90.41,cereals and tubers,Rice (coarse),60,KG,actual,Retail,33.37
2019-02-15,Dhaka,Dhaka,Dhaka Division,116,23.72,90.41,cereals and tubers,Rice (coarse),60,KG,actual,Retail,31.71
2019-03-15,Dhaka,Dhaka,Dhaka Division,116,23.72,90.41,cereals and tubers,Rice (coarse),60,KG,actual,Retail,31.11
2019-04-15,Dhaka,Dhaka,Dhaka Division,116,23.72,90.41,cereals and tubers,Rice (coarse),60,KG,actual,Retail,30.4
2019-05-15,Dhaka,Dhaka,Dhaka Division,116,23.72,90.41,cereals and tubers,Rice (coarse),60,KG,actual,Retail,29.63
2019-06-15,Dhaka,Dhaka,Dhaka Division,116,23.72,90.41,cereals and tubers,Rice (coarse),60,KG,actual,Retail,30.33
2019-09-15,Dhaka,Dhaka,Dhaka Division,116,23.72,90.41,cereals and tubers,Rice (coarse),60,KG,actual,Retail,30.03
2019-10-15,Dhaka,Dhaka,Dhaka Division,116,23.72,90.41,cereals and tubers,Rice (coarse),60,KG,actual,Retail,29.7
2019-11-15,Dhaka,Dhaka,Dhaka Division,116,23.72,90.41,cereals and tubers,Rice (coarse),60,KG,actual,Retail,30.4
2019-12-15,Dhaka,Dhaka,Dhaka Division,116,23.72,90.41,cereals and tubers,Rice (coarse),60,KG,actual,Retail,28.9
2020-01-15,Dhaka,Dhaka,Dhaka Division,116,23.72,90.41,cereals and tubers,Rice (coarse),60,KG,actual,Retail,28.9
2020-02-15,Dhaka,Dhaka,Dhaka Division,116,23.72,90.41,cereals and tubers,Rice (coarse),60,KG,actual,Retail,30.7
2020-03-15,Dhaka,Dhaka,Dhaka Division,116,23.72,90.41,cereals and tubers,Rice (coarse),60,KG,actual,Retail,32.5
2020-05-15,Dhaka,Dhaka,Dhaka Division,116,23.72,90.41,cereals and tubers,Rice (coarse),60,KG,actual,Retail,41.5
2020-06-15,Dhaka,Dhaka,Dhaka Division,116,23.72,90.41,cereals and tubers,Rice (coarse),60,KG,aggregate,Retail,39.45
2020-07-15,Dhaka,Dhaka,Dhaka Division,116,23.72,90.41,cereals and tubers,Rice (coarse),60,KG,aggregate,Retail,42.96
2005-11-15,Dhaka,Dhaka,Dhaka Division,116,23.72,90.41,cereals and tubers,Wheat flour,58,KG,actual,Retail,20.0
2005-12-15,Dhaka,Dhaka,Dhaka Division,116,23.72,90.41,cereals and tubers,Wheat flour,58,KG,actual,Retail,20.0
2006-01-15,Dhaka,Dhaka,Dhaka Division,116,23.72,90.41,cereals and tubers,Wheat flour,58,KG,actual,Retail,20.0
2006-02-15,Dhaka,Dhaka,Dhaka Division,116,23.72,90.41,cereals and tubers,Wheat flour,58,KG,actual,Retail,20.0
2006-03-15,Dhaka,Dhaka,Dhaka Division,116,23.72,90.41,cereals and tubers,Wheat flour,58,KG,actual,Retail,21.5
2006-04-15,Dhaka,Dhaka,Dhaka Division,116,23.72,90.41,cereals and tubers,Wheat flour,58,KG,actual,Retail,21.75
2006-05-15,Dhaka,Dhaka,Dhaka Division,116,23.72,90.41,cereals and tubers,Wheat flour,58,KG,actual,Retail,21.25
2006-06-15,Dhaka,Dhaka,Dhaka Division,116,23.72,90.41,cereals and tubers,Wheat flour,58,KG,actual,Retail,21.33
2006-07-15,Dhaka,Dhaka,Dhaka Division,116,23.72,90.41,cereals and tubers,Wheat flour,58,KG,actual,Retail,21.4
2006-08-15,Dhaka,Dhaka,Dhaka Division,116,23.72,90.41,cereals and tubers,Wheat flour,58,KG,actual,Retail,21.4
2006-09-15,Dhaka,Dhaka,Dhaka Division,116,23.72,90.41,cereals and tubers,Wheat flour,58,KG,actual,Retail,21.6
2006-10-15,Dhaka,Dhaka,Dhaka Division,116,23.72,90.41,cereals and tubers,Wheat flour,58,KG,actual,Retail,22.2
2006-11-15,Dhaka,Dhaka,Dhaka Division,116,23.72,90.41,cereals and tubers,Wheat flour,58,KG,actual,Retail,24.2
2006-12-15,Dhaka,Dhaka,Dhaka Division,116,23.72,90.41,cereals and tubers,Wheat flour,58,KG,actual,Retail,26.0
2007-01-15,Dhaka,Dhaka,Dhaka Division,116,23.72,90.41,cereals and tubers,Wheat flour,58,KG,actual,Retail,26.0
2007-02-15,Dhaka,Dhaka,Dhaka Division,116,23.72,90.41,cereals and tubers,Wheat flour,58,KG,actual,Retail,26.2
2007-03-15,Dhaka,Dhaka,Dhaka Division,116,23.72,90.41,cereals and tubers,Wheat flour,58,KG,actual,Retail,26.43
2007-04-15,Dhaka,Dhaka,Dhaka Division,116,23.72,90.41,cereals and tubers,Wheat flour,58,KG,actual,Retail,26.25
2007-05-15,Dhaka,Dhaka,Dhaka Division,116,23.72,90.41,cereals and tubers,Wheat flour,58,KG,actual,Retail,26.25
2007-06-15,Dhaka,Dhaka,Dhaka Division,116,23.72,90.41,cereals and tubers,Wheat flour,58,KG,actual,Retail,26.22
2007-07-15,Dhaka,Dhaka,Dhaka Division,116,23.72,90.41,cereals and tubers,Wheat flour,58,KG,actual,Retail,27.33
2007-08-15,Dhaka,Dhaka,Dhaka Division,116,23.72,90.41,cereals and tubers,Wheat flour,58,KG,actual,Retail,30.38
2007-09-15,Dhaka,Dhaka,Dhaka Division,116,23.72,90.41,cereals and tubers,Wheat flour,58,KG,actual,Retail,31.56
2007-10-15,Dhaka,Dhaka,Dhaka Division,116,23.72,90.41,cereals and tubers,Wheat flour,58,KG,actual,Retail,33.9
2007-11-15,Dhaka,Dhaka,Dhaka Division,116,23.72,90.41,cereals and tubers,Wheat flour,58,KG,actual,Retail,37.7
2007-12-15,Dhaka,Dhaka,Dhaka Division,116,23.72,90.41,cereals and tubers,Wheat flour,58,KG,actual,Retail,37.67
2008-01-15,Dhaka,Dhaka,Dhaka Division,116,23.72,90.41,cereals and tubers,Wheat flour,58,KG,actual,Retail,40.0
2008-02-15,Dhaka,Dhaka,Dhaka Division,116,23.72,90.41,cereals and tubers,Wheat flour,58,KG,actual,Retail,42.0
2008-03-15,Dhaka,Dhaka,Dhaka Division,116,23.72,90.41,cereals and tubers,Wheat flour,58,KG,actual,Retail,44.0
2008-04-15,Dhaka,Dhaka,Dhaka Division,116,23.72,90.41,cereals and tubers,Wheat flour,58,KG,actual,Retail,44.0
2008-05-15,Dhaka,Dhaka,Dhaka Division,116,23.72,90.41,cereals and tubers,Wheat flour,58,KG,actual,Retail,43.0
2008-06-15,Dhaka,Dhaka,Dhaka Division,116,23.72,90.41,cereals and tubers,Wheat flour,58,KG,actual,Retail,41.0
2008-07-15,Dhaka,Dhaka,Dhaka Division,116,23.72,90.41,cereals and tubers,Wheat flour,58,KG,actual,Retail,41.0
2008-08-15,Dhaka,Dhaka,Dhaka Division,116,23.72,90.41,cereals and tubers,Wheat flour,58,KG,actual,Retail,40.0
2008-09-15,Dhaka,Dhaka,Dhaka Division,116,23.72,90.41,cereals and tubers,Wheat flour,58,KG,actual,Retail,39.0
2008-10-15,Dhaka,Dhaka,Dhaka Division,116,23.72,90.41,cereals and tubers,Wheat flour,58,KG,actual,Retail,38.0
2008-11-15,Dhaka,Dhaka,Dhaka Division,116,23.72,90.41,cereals and tubers,Wheat flour,58,KG,actual,Retail,35.0
2008-12-15,Dhaka,Dhaka,Dhaka Division,116,23.72,90.41,cereals and tubers,Wheat flour,58,KG,actual,Retail,30.0
2009-01-15,Dhaka,Dhaka,Dhaka Division,116,23.72,90.41,cereals and tubers,Wheat flour,58,KG,actual,Retail,26.7
2009-02-15,Dhaka,Dhaka,Dhaka Division,116,23.72,90.41,cereals and tubers,Wheat flour,58,KG,actual,Retail,25.88
2009-03-15,Dhaka,Dhaka,Dhaka Division,116,23.72,90.41,cereals and tubers,Wheat flour,58,KG,actual,Retail,25.12
2009-04-15,Dhaka,Dhaka,Dhaka Division,116,23.72,90.41,cereals and tubers,Wheat flour,58,KG,actual,Retail,23.86
2009-05-15,Dhaka,Dhaka,Dhaka Division,116,23.72,90.41,cereals and tubers,Wheat flour,58,KG,actual,Retail,22.29
2009-06-15,Dhaka,Dhaka,Dhaka Division,116,23.72,90.41,cereals and tubers,Wheat flour,58,KG,actual,Retail,21.5
2009-07-15,Dhaka,Dhaka,Dhaka Division,116,23.72,90.41,cereals and tubers,Wheat flour,58,KG,actual,Retail,21.71
2009-08-15,Dhaka,Dhaka,Dhaka Division,116,23.72,90.41,cereals and tubers,Wheat flour,58,KG,actual,Retail,21.88
2009-09-15,Dhaka,Dhaka,Dhaka Division,116,23.72,90.41,cereals and tubers,Wheat flour,58,KG,actual,Retail,21.75
2009-10-15,Dhaka,Dhaka,Dhaka Division,116,23.72,90.41,cereals and tubers,Wheat flour,58,KG,actual,Retail,21.89
2009-11-15,Dhaka,Dhaka,Dhaka Division,116,23.72,90.41,cereals and tubers,Wheat flour,58,KG,actual,Retail,21.89
2009-12-15,Dhaka,Dhaka,Dhaka Division,116,23.72,90.41,cereals and tubers,Wheat flour,58,KG,actual,Retail,22.67
2010-01-15,Dhaka,Dhaka,Dhaka Division,116,23.72,90.41,cereals and tubers,Wheat flour,58,KG,actual,Retail,25.0
2010-02-15,Dhaka,Dhaka,Dhaka Division,116,23.72,90.41,cereals and tubers,Wheat flour,58,KG,actual,Retail,25.0
2010-03-15,Dhaka,Dhaka,Dhaka Division,116,23.72,90.41,cereals and tubers,Wheat flour,58,KG,actual,Retail,25.0
2010-04-15,Dhaka,Dhaka,Dhaka Division,116,23.72,90.41,cereals and tubers,Wheat flour,58,KG,actual,Retail,24.25
2010-05-15,Dhaka,Dhaka,Dhaka Division,116,23.72,90.41,cereals and tubers,Wheat flour,58,KG,actual,Retail,24.29
2010-06-15,Dhaka,Dhaka,Dhaka Division,116,23.72,90.41,cereals and tubers,Wheat flour,58,KG,actual,Retail,24.5
2010-07-15,Dhaka,Dhaka,Dhaka Division,116,23.72,90.41,cereals and tubers,Wheat flour,58,KG,actual,Retail,24.25
2010-08-15,Dhaka,Dhaka,Dhaka Division,116,23.72,90.41,cereals and tubers,Wheat flour,58,KG,actual,Retail,26.0
2010-09-15,Dhaka,Dhaka,Dhaka Division,116,23.72,90.41,cereals and tubers,Wheat flour,58,KG,actual,Retail,30.29
2010-10-15,Dhaka,Dhaka,Dhaka Division,116,23.72,90.41,cereals and tubers,Wheat flour,58,KG,actual,Retail,32.57
2010-11-15,Dhaka,Dhaka,Dhaka Division,116,23.72,90.41,cereals and tubers,Wheat flour,58,KG,actual,Retail,32.57
2010-12-15,Dhaka,Dhaka,Dhaka Division,116,23.72,90.41,cereals and tubers,Wheat flour,58,KG,actual,Retail,33.14
2011-01-15,Dhaka,Dhaka,Dhaka Division,116,23.72,90.41,cereals and tubers,Wheat flour,58,KG,actual,Retail,35.22
2011-02-15,Dhaka,Dhaka,Dhaka Division,116,23.72,90.41,cereals and tubers,Wheat flour,58,KG,actual,Retail,35.8
2011-03-15,Dhaka,Dhaka,Dhaka Division,116,23.72,90.41,cereals and tubers,Wheat flour,58,KG,actual,Retail,35.56
2011-04-15,Dhaka,Dhaka,Dhaka Division,116,23.72,90.41,cereals and tubers,Wheat flour,58,KG,actual,Retail,34.6
2011-05-15,Dhaka,Dhaka,Dhaka Division,116,23.72,90.41,cereals and tubers,Wheat flour,58,KG,actual,Retail,32.84
2011-06-15,Dhaka,Dhaka,Dhaka Division,116,23.72,90.41,cereals and tubers,Wheat flour,58,KG,actual,Retail,31.44
2011-07-15,Dhaka,Dhaka,Dhaka Division,116,23.72,90.41,cereals and tubers,Wheat flour,58,KG,actual,Retail,31.09
2011-08-15,Dhaka,Dhaka,Dhaka Division,116,23.72,90.41,cereals and tubers,Wheat flour,58,KG,actual,Retail,30.86
2011-09-15,Dhaka,Dhaka,Dhaka Division,116,23.72,90.41,cereals and tubers,Wheat flour,58,KG,actual,Retail,31.54
2011-10-15,Dhaka,Dhaka,Dhaka Division,116,23.72,90.41,cereals and tubers,Wheat flour,58,KG,actual,Retail,32.0
2011-11-15,Dhaka,Dhaka,Dhaka Division,116,23.72,90.41,cereals and tubers,Wheat flour,58,KG,actual,Retail,31.93
2011-12-15,Dhaka,Dhaka,Dhaka Division,116,23.72,90.41,cereals and tubers,Wheat flour,58,KG,actual,Retail,32.52
2012-01-15,Dhaka,Dhaka,Dhaka Division,116,23.72,90.41,cereals and tubers,Wheat flour,58,KG,actual,Retail,32.47
2012-02-15,Dhaka,Dhaka,Dhaka Division,116,23.72,90.41,cereals and tubers,Wheat flour,58,KG,actual,Retail,33.33
2012-03-15,Dhaka,Dhaka,Dhaka Division,116,23.72,90.41,cereals and tubers,Wheat flour,58,KG,actual,Retail,36.31
2012-04-15,Dhaka,Dhaka,Dhaka Division,116,23.72,90.41,cereals and tubers,Wheat flour,58,KG,actual,Retail,36.6
2012-05-15,Dhaka,Dhaka,Dhaka Division,116,23.72,90.41,cereals and tubers,Wheat flour,58,KG,actual,Retail,34.36
2012-06-15,Dhaka,Dhaka,Dhaka Division,116,23.72,90.41,cereals and tubers,Wheat flour,58,KG,actual,Retail,33.79
2012-07-15,Dhaka,Dhaka,Dhaka Division,116,23.72,90.41,cereals and tubers,Wheat flour,58,KG,actual,Retail,32.93
2012-08-15,Dhaka,Dhaka,Dhaka Division,116,23.72,90.41,cereals and tubers,Wheat flour,58,KG,actual,Retail,33.21
2012-09-15,Dhaka,Dhaka,Dhaka Division,116,23.72,90.41,cereals and tubers,Wheat flour,58,KG,actual,Retail,35.08
2012-10-15,Dhaka,Dhaka,Dhaka Division,116,23.72,90.41,cereals and tubers,Wheat flour,58,KG,actual,Retail,37.6
2012-11-15,Dhaka,Dhaka,Dhaka Division,116,23.72,90.41,cereals and tubers,Wheat flour,58,KG,actual,Retail,38.13
2012-12-15,Dhaka,Dhaka,Dhaka Division,116,23.72,90.41,cereals and tubers,Wheat flour,58,KG,actual,Retail,38.13
2013-01-15,Dhaka,Dhaka,Dhaka Division,116,23.72,90.41,cereals and tubers,Wheat flour,58,KG,actual,Retail,32.47
2013-02-15,Dhaka,Dhaka,Dhaka Division,116,23.72,90.41,cereals and tubers,Wheat flour,58,KG,actual,Retail,38.82
2013-03-15,Dhaka,Dhaka,Dhaka Division,116,23.72,90.41,cereals and tubers,Wheat flour,58,KG,actual,Retail,38.87
2013-04-15,Dhaka,Dhaka,Dhaka Division,116,23.72,90.41,cereals and tubers,Wheat flour,58,KG,actual,Retail,38.79
2013-05-15,Dhaka,Dhaka,Dhaka Division,116,23.72,90.41,cereals and tubers,Wheat flour,58,KG,actual,Retail,38.13
2013-06-15,Dhaka,Dhaka,Dhaka Division,116,23.72,90.41,cereals and tubers,Wheat flour,58,KG,actual,Retail,38.0
2013-07-15,Dhaka,Dhaka,Dhaka Division,116,23.72,90.41,cereals and tubers,Wheat flour,58,KG,actual,Retail,37.92
2013-08-15,Dhaka,Dhaka,Dhaka Division,116,23.72,90.41,cereals and tubers,Wheat flour,58,KG,actual,Retail,37.54
2013-09-15,Dhaka,Dhaka,Dhaka Division,116,23.72,90.41,cereals and tubers,Wheat flour,58,KG,actual,Retail,36.92
2013-10-15,Dhaka,Dhaka,Dhaka Division,116,23.72,90.41,cereals and tubers,Wheat flour,58,KG,actual,Retail,35.64
2013-11-15,Dhaka,Dhaka,Dhaka Division,116,23.72,90.41,cereals and tubers,Wheat flour,58,KG,actual,Retail,36.14
2013-12-15,Dhaka,Dhaka,Dhaka Division,116,23.72,90.41,cereals and tubers,Wheat flour,58,KG,actual,Retail,36.87
2014-01-15,Dhaka,Dhaka,Dhaka Division,116,23.72,90.41,cereals and tubers,Wheat flour,58,KG,actual,Retail,37.67
2014-02-15,Dhaka,Dhaka,Dhaka Division,116,23.72,90.41,cereals and tubers,Wheat flour,58,KG,actual,Retail,37.47
2014-03-15,Dhaka,Dhaka,Dhaka Division,116,23.72,90.41,cereals and tubers,Wheat flour,58,KG,actual,Retail,37.4
2014-04-15,Dhaka,Dhaka,Dhaka Division,116,23.72,90.41,cereals and tubers,Wheat flour,58,KG,actual,Retail,37.33
2014-05-15,Dhaka,Dhaka,Dhaka Division,116,23.72,90.41,cereals and tubers,Wheat flour,58,KG,actual,Retail,36.79
2014-06-15,Dhaka,Dhaka,Dhaka Division,116,23.72,90.41,cereals and tubers,Wheat flour,58,KG,actual,Retail,36.79
2014-07-15,Dhaka,Dhaka,Dhaka Division,116,23.72,90.41,cereals and tubers,Wheat flour,58,KG,actual,Retail,36.62
2014-08-15,Dhaka,Dhaka,Dhaka Division,116,23.72,90.41,cereals and tubers,Wheat flour,58,KG,actual,Retail,36.36
2014-09-15,Dhaka,Dhaka,Dhaka Division,116,23.72,90.41,cereals and tubers,Wheat flour,58,KG,actual,Retail,36.31
2014-10-15,Dhaka,Dhaka,Dhaka Division,116,23.72,90.41,cereals and tubers,Wheat flour,58,KG,actual,Retail,36.0
2014-11-15,Dhaka,Dhaka,Dhaka Division,116,23.72,90.41,cereals and tubers,Wheat flour,58,KG,actual,Retail,36.0
2014-12-15,Dhaka,Dhaka,Dhaka Division,116,23.72,90.41,cereals and tubers,Wheat flour,58,KG,actual,Retail,36.5
2015-01-15,Dhaka,Dhaka,Dhaka Division,116,23.72,90.41,cereals and tubers,Wheat flour,58,KG,actual,Retail,36.5
2015-02-15,Dhaka,Dhaka,Dhaka Division,116,23.72,90.41,cereals and tubers,Wheat flour,58,KG,actual,Retail,36.64
2015-03-15,Dhaka,Dhaka,Dhaka Division,116,23.72,90.41,cereals and tubers,Wheat flour,58,KG,actual,Retail,36.64
2015-04-15,Dhaka,Dhaka,Dhaka Division,116,23.72,90.41,cereals and tubers,Wheat flour,58,KG,actual,Retail,36.0
2015-05-15,Dhaka,Dhaka,Dhaka Division,116,23.72,90.41,cereals and tubers,Wheat flour,58,KG,actual,Retail,35.07
2015-06-15,Dhaka,Dhaka,Dhaka Division,116,23.72,90.41,cereals and tubers,Wheat flour,58,KG,actual,Retail,34.71
2015-07-15,Dhaka,Dhaka,Dhaka Division,116,23.72,90.41,cereals and tubers,Wheat flour,58,KG,actual,Retail,34.57
2015-08-15,Dhaka,Dhaka,Dhaka Division,116,23.72,90.41,cereals and tubers,Wheat flour,58,KG,actual,Retail,34.38
2015-09-15,Dhaka,Dhaka,Dhaka Division,116,23.72,90.41,cereals and tubers,Wheat flour,58,KG,actual,Retail,33.85
2015-10-15,Dhaka,Dhaka,Dhaka Division,116,23.72,90.41,cereals and tubers,Wheat flour,58,KG,actual,Retail,33.85
2015-11-15,Dhaka,Dhaka,Dhaka Division,116,23.72,90.41,cereals and tubers,Wheat flour,58,KG,actual,Retail,33.77
2015-12-15,Dhaka,Dhaka,Dhaka Division,116,23.72,90.41,cereals and tubers,Wheat flour,58,KG,actual,Retail,33.61
2016-01-15,Dhaka,Dhaka,Dhaka Division,116,23.72,90.41,cereals and tubers,Wheat flour,58,KG,actual,Retail,33.46
2016-02-15,Dhaka,Dhaka,Dhaka Division,116,23.72,90.41,cereals and tubers,Wheat flour,58,KG,actual,Retail,33.33
2016-03-15,Dhaka,Dhaka,Dhaka Division,116,23.72,90.41,cereals and tubers,Wheat flour,58,KG,actual,Retail,33.25
2016-04-15,Dhaka,Dhaka,Dhaka Division,116,23.72,90.41,cereals and tubers,Wheat flour,58,KG,actual,Retail,33.14
2016-05-15,Dhaka,Dhaka,Dhaka Division,116,23.72,90.41,cereals and tubers,Wheat flour,58,KG,actual,Retail,32.85
2016-06-15,Dhaka,Dhaka,Dhaka Division,116,23.72,90.41,cereals and tubers,Wheat flour,58,KG,actual,Retail,32.38
2016-07-15,Dhaka,Dhaka,Dhaka Division,116,23.72,90.41,cereals and tubers,Wheat flour,58,KG,actual,Retail,32.36
2016-08-15,Dhaka,Dhaka,Dhaka Division,116,23.72,90.41,cereals and tubers,Wheat flour,58,KG,actual,Retail,32.46
2016-09-15,Dhaka,Dhaka,Dhaka Division,116,23.72,90.41,cereals and tubers,Wheat flour,58,KG,actual,Retail,32.2
2016-10-15,Dhaka,Dhaka,Dhaka Division,116,23.72,90.41,cereals and tubers,Wheat flour,58,KG,actual,Retail,31.92
2016-11-15,Dhaka,Dhaka,Dhaka Division,116,23.72,90.41,cereals and tubers,Wheat flour,58,KG,actual,Retail,32.1
2016-12-15,Dhaka,Dhaka,Dhaka Division,116,23.72,90.41,cereals and tubers,Wheat flour,58,KG,actual,Retail,32.1
2017-01-15,Dhaka,Dhaka,Dhaka Division,116,23.72,90.41,cereals and tubers,Wheat flour,58,KG,actual,Retail,31.93
2017-02-15,Dhaka,Dhaka,Dhaka Division,116,23.72,90.41,cereals and tubers,Wheat flour,58,KG,actual,Retail,31.8
2017-03-15,Dhaka,Dhaka,Dhaka Division,116,23.72,90.41,cereals and tubers,Wheat flour,58,KG,actual,Retail,31.67
2017-04-15,Dhaka,Dhaka,Dhaka Division,116,23.72,90.41,cereals and tubers,Wheat flour,58,KG,actual,Retail,31.38
2017-05-15,Dhaka,Dhaka,Dhaka Division,116,23.72,90.41,cereals and tubers,Wheat flour,58,KG,actual,Retail,31.29
2017-06-15,Dhaka,Dhaka,Dhaka Division,116,23.72,90.41,cereals and tubers,Wheat flour,58,KG,actual,Retail,31.1
2017-07-15,Dhaka,Dhaka,Dhaka Division,116,23.72,90.41,cereals and tubers,Wheat flour,58,KG,actual,Retail,31.08
2017-08-15,Dhaka,Dhaka,Dhaka Division,116,23.72,90.41,cereals and tubers,Wheat flour,58,KG,actual,Retail,30.82
2017-09-15,Dhaka,Dhaka,Dhaka Division,116,23.72,90.41,cereals and tubers,Wheat flour,58,KG,actual,Retail,32.03
2017-10-15,Dhaka,Dhaka,Dhaka Division,116,23.72,90.41,cereals and tubers,Wheat flour,58,KG,actual,Retail,32.45
2017-11-15,Dhaka,Dhaka,Dhaka Division,116,23.72,90.41,cereals and tubers,Wheat flour,58,KG,actual,Retail,32.1
2017-12-15,Dhaka,Dhaka,Dhaka Division,116,23.72,90.41,cereals and tubers,Wheat flour,58,KG,actual,Retail,32.16
2018-01-15,Dhaka,Dhaka,Dhaka Division,116,23.72,90.41,cereals and tubers,Wheat flour,58,KG,actual,Retail,32.54
2018-02-15,Dhaka,Dhaka,Dhaka Division,116,23.72,90.41,cereals and tubers,Wheat flour,58,KG,actual,Retail,32.36
2018-03-15,Dhaka,Dhaka,Dhaka Division,116,23.72,90.41,cereals and tubers,Wheat flour,58,KG,actual,Retail,32.14
2018-04-15,Dhaka,Dhaka,Dhaka Division,116,23.72,90.41,cereals and tubers,Wheat flour,58,KG,actual,Retail,32.02
2018-05-15,Dhaka,Dhaka,Dhaka Division,116,23.72,90.41,cereals and tubers,Wheat flour,58,KG,actual,Retail,32.01
2018-06-15,Dhaka,Dhaka,Dhaka Division,116,23.72,90.41,cereals and tubers,Wheat flour,58,KG,actual,Retail,32.13
2018-07-15,Dhaka,Dhaka,Dhaka Division,116,23.72,90.41,cereals and tubers,Wheat flour,58,KG,actual,Retail,32.06
2018-08-15,Dhaka,Dhaka,Dhaka Division,116,23.72,90.41,cereals and tubers,Wheat flour,58,KG,actual,Retail,31.98
2018-09-15,Dhaka,Dhaka,Dhaka Division,116,23.72,90.41,cereals and tubers,Wheat flour,58,KG,actual,Retail,32.31
2018-10-15,Dhaka,Dhaka,Dhaka Division,116,23.72,90.41,cereals and tubers,Wheat flour,58,KG,actual,Retail,32.37
2018-11-15,Dhaka,Dhaka,Dhaka Division,116,23.72,90.41,cereals and tubers,Wheat flour,58,KG,actual,Retail,32.41
2018-12-15,Dhaka,Dhaka,Dhaka Division,116,23.72,90.41,cereals and tubers,Wheat flour,58,KG,actual,Retail,32.33
2019-01-15,Dhaka,Dhaka,Dhaka Division,116,23.72,90.41,cereals and tubers,Wheat flour,58,KG,actual,Retail,32.72
2019-02-15,Dhaka,Dhaka,Dhaka Division,116,23.72,90.41,cereals and tubers,Wheat flour,58,KG,actual,Retail,32.72
2019-03-15,Dhaka,Dhaka,Dhaka Division,116,23.72,90.41,cereals and tubers,Wheat flour,58,KG,actual,Retail,32.73
2019-04-15,Dhaka,Dhaka,Dhaka Division,116,23.72,90.41,cereals and tubers,Wheat flour,58,KG,actual,Retail,32.69
2019-05-15,Dhaka,Dhaka,Dhaka Division,116,23.72,90.41,cereals and tubers,Wheat flour,58,KG,actual,Retail,32.82
2019-06-15,Dhaka,Dhaka,Dhaka Division,116,23.72,90.41,cereals and tubers,Wheat flour,58,KG,actual,Retail,32.54
2019-07-15,Dhaka,Dhaka,Dhaka Division,116,23.72,90.41,cereals and tubers,Wheat flour,58,KG,actual,Retail,32.5
2019-10-15,Dhaka,Dhaka,Dhaka Division,116,23.72,90.41,cereals and tubers,Wheat flour,58,KG,actual,Retail,32.5
2019-11-15,Dhaka,Dhaka,Dhaka Division,116,23.72,90.41,cereals and tubers,Wheat flour,58,KG,actual,Retail,32.6
2019-12-15,Dhaka,Dhaka,Dhaka Division,116,23.72,90.41,cereals and tubers,Wheat flour,58,KG,actual,Retail,32.8
2020-01-15,Dhaka,Dhaka,Dhaka Division,116,23.72,90.41,cereals and tubers,Wheat flour,58,KG,actual,Retail,32.8
2020-02-15,Dhaka,Dhaka,Dhaka Division,116,23.72,90.41,cereals and tubers,Wheat flour,58,KG,actual,Retail,32.6
2020-03-15,Dhaka,Dhaka,Dhaka Division,116,23.72,90.41,cereals and tubers,Wheat flour,58,KG,actual,Retail,32.7
2020-04-15,Dhaka,Dhaka,Dhaka Division,116,23.72,90.41,cereals and tubers,Wheat flour,58,KG,actual,Retail,32.89
2020-05-15,Dhaka,Dhaka,Dhaka Division,116,23.72,90.41,cereals and tubers,Wheat flour,58,KG,actual,Retail,33.1
2020-06-15,Dhaka,Dhaka,Dhaka Division,116,23.72,90.41,cereals and tubers,Wheat flour,58,KG,aggregate,Retail,33.18
2020-07-15,Dhaka,Dhaka,Dhaka Division,116,23.72,90.41,cereals and tubers,Wheat flour,58,KG,aggregate,Retail,34.0
2024-09-15,Dhaka,Dhaka,Dhaka Sadar,4083,23.73,90.38,vegetables and fruits,Bananas (ripe),1210,1 piece,actual,Retail,6.5
2024-10-15,Dhaka,Dhaka,Dhaka Sadar,4083,23.73,90.38,vegetables and fruits,Bananas (ripe),1210,1 piece,actual,Retail,6.5
2024-11-15,Dhaka,Dhaka,Dhaka Sadar,4083,23.73,90.38,vegetables and fruits,Bananas (ripe),1210,1 piece,actual,Retail,6.5
2024-12-15,Dhaka,Dhaka,Dhaka Sadar,4083,23.73,90.38,vegetables and fruits,Bananas (ripe),1210,1 piece,actual,Retail,8.88
2025-01-15,Dhaka,Dhaka,Dhaka Sadar,4083,23.73,90.38,vegetables and fruits,Bananas (ripe),1210,1 piece,actual,Retail,8.5
2025-02-15,Dhaka,Dhaka,Dhaka Sadar,4083,23.73,90.38,vegetables and fruits,Bananas (ripe),1210,1 piece,actual,Retail,8.69
2025-03-15,Dhaka,Dhaka,Dhaka Sadar,4083,23.73,90.38,vegetables and fruits,Bananas (ripe),1210,1 piece,actual,Retail,8.75
2025-04-15,Dhaka,Dhaka,Dhaka Sadar,4083,23.73,90.38,vegetables and fruits,Bananas (ripe),1210,1 piece,actual,Retail,8.67
2025-05-15,Dhaka,Dhaka,Dhaka Sadar,4083,23.73,90.38,vegetables and fruits,Bananas (ripe),1210,1 piece,actual,Retail,8.25
2025-06-15,Dhaka,Dhaka,Dhaka Sadar,4083,23.73,90.38,vegetables and fruits,Bananas (ripe),1210,1 piece,actual,Retail,8.25
2025-07-15,Dhaka,Dhaka,Dhaka Sadar,4083,23.73,90.38,vegetables and fruits,Bananas (ripe),1210,1 piece,actual,Retail,8.3
2025-08-15,Dhaka,Dhaka,Dhaka Sadar,4083,23.73,90.38,vegetables and fruits,Bananas (ripe),1210,1 piece,actual,Retail,9.52
2025-09-15,Dhaka,Dhaka,Dhaka Sadar,4083,23.73,90.38,vegetables and fruits,Bananas (ripe),1210,1 piece,actual,Retail,10.62
2025-10-15,Dhaka,Dhaka,Dhaka Sadar,4083,23.73,90.38,vegetables and fruits,Bananas (ripe),1210,1 piece,actual,Retail,10.54
2025-12-15,Dhaka,Dhaka,Dhaka Sadar,4083,23.73,90.38,vegetables and fruits,Bananas (ripe),1210,1 piece,actual,Retail,8.12
2026-02-15,Dhaka,Dhaka,Dhaka Sadar,4083,23.73,90.38,vegetables and fruits,Bananas (ripe),1210,1 piece,actual,Retail,9.44
2026-03-15,Dhaka,Dhaka,Dhaka Sadar,4083,23.73,90.38,vegetables and fruits,Bananas (ripe),1210,1 piece,actual,Retail,9.01
2026-04-15,Dhaka,Dhaka,Dhaka Sadar,4083,23.73,90.38,vegetables and fruits,Bananas (ripe),1210,1 piece,actual,Retail,9.38
2026-05-15,Dhaka,Dhaka,Dhaka Sadar,4083,23.73,90.38,vegetables and fruits,Bananas (ripe),1210,1 piece,actual,Retail,9.38
2026-06-15,Dhaka,Dhaka,Dhaka Sadar,4083,23.73,90.38,vegetables and fruits,Bananas (ripe),1210,1 piece,actual,Retail,9.4
2026-07-15,Dhaka,Dhaka,Dhaka Sadar,4083,23.73,90.38,vegetables and fruits,Bananas (ripe),1210,1 piece,actual,Retail,9.8
2024-09-15,Dhaka,Dhaka,Dhaka Sadar,4083,23.73,90.38,vegetables and fruits,Chili (green),90,KG,actual,Retail,165.0
2024-10-15,Dhaka,Dhaka,Dhaka Sadar,4083,23.73,90.38,vegetables and fruits,Chili (green),90,KG,actual,Retail,240.0
2024-11-15,Dhaka,Dhaka,Dhaka Sadar,4083,23.73,90.38,vegetables and fruits,Chili (green),90,KG,actual,Retail,130.0
2024-12-15,Dhaka,Dhaka,Dhaka Sadar,4083,23.73,90.38,vegetables and fruits,Chili (green),90,KG,actual,Retail,96.28
2025-01-15,Dhaka,Dhaka,Dhaka Sadar,4083,23.73,90.38,vegetables and fruits,Chili (green),90,KG,actual,Retail,73.98
2025-02-15,Dhaka,Dhaka,Dhaka Sadar,4083,23.73,90.38,vegetables and fruits,Chili (green),90,KG,actual,Retail,68.5
2025-08-15,Dhaka,Dhaka,Dhaka Sadar,4083,23.73,90.38,vegetables and fruits,Chili (green),90,KG,actual,Retail,226.0
2025-09-15,Dhaka,Dhaka,Dhaka Sadar,4083,23.73,90.38,vegetables and fruits,Chili (green),90,KG,actual,Retail,211.82
2025-10-15,Dhaka,Dhaka,Dhaka Sadar,4083,23.73,90.38,vegetables and fruits,Chili (green),90,KG,actual,Retail,196.25
2025-12-15,Dhaka,Dhaka,Dhaka Sadar,4083,23.73,90.38,vegetables and fruits,Chili (green),90,KG,actual,Retail,101.0
2026-02-15,Dhaka,Dhaka,Dhaka Sadar,4083,23.73,90.38,vegetables and fruits,Chili (green),90,KG,actual,Retail,154.56
2026-05-15,Dhaka,Dhaka,Dhaka Sadar,4083,23.73,90.38,vegetables and fruits,Chili (green),90,KG,actual,Retail,113.24
2026-07-15,Dhaka,Dhaka,Dhaka Sadar,4083,23.73,90.38,vegetables and fruits,Chili (green),90,KG,actual,Retail,184.1
2024-09-15,Dhaka,Dhaka,Dhaka Sadar,4083,23.73,90.38,"meat, fish and eggs",Eggs (brown),1073,1 piece,actual,Retail,13.38
2024-10-15,Dhaka,Dhaka,Dhaka Sadar,4083,23.73,90.38,"meat, fish and eggs",Eggs (brown),1073,1 piece,actual,Retail,13.12
2024-11-15,Dhaka,Dhaka,Dhaka Sadar,4083,23.73,90.38,"meat, fish and eggs",Eggs (brown),1073,1 piece,actual,Retail,12.3
2024-12-15,Dhaka,Dhaka,Dhaka Sadar,4083,23.73,90.38,"meat, fish and eggs",Eggs (brown),1073,1 piece,actual,Retail,12.21
2025-01-15,Dhaka,Dhaka,Dhaka Sadar,4083,23.73,90.38,"meat, fish and eggs",Eggs (brown),1073,1 piece,actual,Retail,11.86
2025-02-15,Dhaka,Dhaka,Dhaka Sadar,4083,23.73,90.38,"meat, fish and eggs",Eggs (brown),1073,1 piece,actual,Retail,11.26
2025-03-15,Dhaka,Dhaka,Dhaka Sadar,4083,23.73,90.38,"meat, fish and eggs",Eggs (brown),1073,1 piece,actual,Retail,10.43
2025-04-15,Dhaka,Dhaka,Dhaka Sadar,4083,23.73,90.38,"meat, fish and eggs",Eggs (brown),1073,1 piece,actual,Retail,10.89
2025-05-15,Dhaka,Dhaka,Dhaka Sadar,4083,23.73,90.38,"meat, fish and eggs",Eggs (brown),1073,1 piece,actual,Retail,11.82
2025-06-15,Dhaka,Dhaka,Dhaka Sadar,4083,23.73,90.38,"meat, fish and eggs",Eggs (brown),1073,1 piece,actual,Retail,10.78
2025-07-15,Dhaka,Dhaka,Dhaka Sadar,4083,23.73,90.38,"meat, fish and eggs",Eggs (brown),1073,1 piece,actual,Retail,10.36
2025-08-15,Dhaka,Dhaka,Dhaka Sadar,4083,23.73,90.38,"meat, fish and eggs",Eggs (brown),1073,1 piece,actual,Retail,12.13
2025-09-15,Dhaka,Dhaka,Dhaka Sadar,4083,23.73,90.38,"meat, fish and eggs",Eggs (brown),1073,1 piece,actual,Retail,12.12
2025-10-15,Dhaka,Dhaka,Dhaka Sadar,4083,23.73,90.38,"meat, fish and eggs",Eggs (brown),1073,1 piece,actual,Retail,12.01
2025-12-15,Dhaka,Dhaka,Dhaka Sadar,4083,23.73,90.38,"meat, fish and eggs",Eggs (brown),1073,1 piece,actual,Retail,10.08
2026-02-15,Dhaka,Dhaka,Dhaka Sadar,4083,23.73,90.38,"meat, fish and eggs",Eggs (brown),1073,1 piece,actual,Retail,9.64
2026-03-15,Dhaka,Dhaka,Dhaka Sadar,4083,23.73,90.38,"meat, fish and eggs",Eggs (brown),1073,1 piece,actual,Retail,9.62
2026-04-15,Dhaka,Dhaka,Dhaka Sadar,4083,23.73,90.38,"meat, fish and eggs",Eggs (brown),1073,1 piece,actual,Retail,9.97
2026-05-15,Dhaka,Dhaka,Dhaka Sadar,4083,23.73,90.38,"meat, fish and eggs",Eggs (brown),1073,1 piece,actual,Retail,12.1
2026-06-15,Dhaka,Dhaka,Dhaka Sadar,4083,23.73,90.38,"meat, fish and eggs",Eggs (brown),1073,1 piece,actual,Retail,10.9
2026-07-15,Dhaka,Dhaka,Dhaka Sadar,4083,23.73,90.38,"meat, fish and eggs",Eggs (brown),1073,1 piece,actual,Retail,11.1
2024-09-15,Dhaka,Dhaka,Dhaka Sadar,4083,23.73,90.38,"meat, fish and eggs","Fish (live, pangasius)",1080,KG,actual,Retail,140.0
2024-10-15,Dhaka,Dhaka,Dhaka Sadar,4083,23.73,90.38,"meat, fish and eggs","Fish (live, pangasius)",1080,KG,actual,Retail,140.0
2024-11-15,Dhaka,Dhaka,Dhaka Sadar,4083,23.73,90.38,"meat, fish and eggs","Fish (live, pangasius)",1080,KG,actual,Retail,140.0
2024-12-15,Dhaka,Dhaka,Dhaka Sadar,4083,23.73,90.38,"meat, fish and eggs","Fish (live, pangasius)",1080,KG,actual,Retail,210.0
2024-10-15,Dhaka,Dhaka,Dhaka Sadar,4083,23.73,90.38,vegetables and fruits,"Garlic (imported, China)",1082,KG,actual,Retail,215.0
2025-02-15,Dhaka,Dhaka,Dhaka Sadar,4083,23.73,90.38,vegetables and fruits,"Garlic (imported, China)",1082,KG,actual,Retail,230.0
2025-03-15,Dhaka,Dhaka,Dhaka Sadar,4083,23.73,90.38,vegetables and fruits,"Garlic (imported, China)",1082,KG,actual,Retail,243.68
2025-04-15,Dhaka,Dhaka,Dhaka Sadar,4083,23.73,90.38,vegetables and fruits,"Garlic (imported, China)",1082,KG,actual,Retail,222.5
2025-05-15,Dhaka,Dhaka,Dhaka Sadar,4083,23.73,90.38,vegetables and fruits,"Garlic (imported, China)",1082,KG,actual,Retail,210.0
2025-06-15,Dhaka,Dhaka,Dhaka Sadar,4083,23.73,90.38,vegetables and fruits,"Garlic (imported, China)",1082,KG,actual,Retail,184.38
2025-07-15,Dhaka,Dhaka,Dhaka Sadar,4083,23.73,90.38,vegetables and fruits,"Garlic (imported, China)",1082,KG,actual,Retail,168.86
2025-09-15,Dhaka,Dhaka,Dhaka Sadar,4083,23.73,90.38,vegetables and fruits,"Garlic (imported, China)",1082,KG,actual,Retail,155.0
2025-12-15,Dhaka,Dhaka,Dhaka Sadar,4083,23.73,90.38,vegetables and fruits,"Garlic (imported, China)",1082,KG,actual,Retail,179.88
2026-02-15,Dhaka,Dhaka,Dhaka Sadar,4083,23.73,90.38,vegetables and fruits,"Garlic (imported, China)",1082,KG,actual,Retail,182.35
2026-03-15,Dhaka,Dhaka,Dhaka Sadar,4083,23.73,90.38,vegetables and fruits,"Garlic (imported, China)",1082,KG,actual,Retail,212.06
2026-05-15,Dhaka,Dhaka,Dhaka Sadar,4083,23.73,90.38,vegetables and fruits,"Garlic (imported, China)",1082,KG,actual,Retail,161.47
2026-07-15,Dhaka,Dhaka,Dhaka Sadar,4083,23.73,90.38,vegetables and fruits,"Garlic (imported, China)",1082,KG,actual,Retail,152.1
2024-09-15,Dhaka,Dhaka,Dhaka Sadar,4083,23.73,90.38,vegetables and fruits,Gourd (bottle),1276,KG,actual,Retail,35.0
2024-10-15,Dhaka,Dhaka,Dhaka Sadar,4083,23.73,90.38,vegetables and fruits,Gourd (bottle),1276,KG,actual,Retail,43.75
2024-11-15,Dhaka,Dhaka,Dhaka Sadar,4083,23.73,90.38,vegetables and fruits,Gourd (bottle),1276,KG,actual,Retail,40.0
2024-12-15,Dhaka,Dhaka,Dhaka Sadar,4083,23.73,90.38,vegetables and fruits,Gourd (bottle),1276,KG,actual,Retail,55.81
2025-01-15,Dhaka,Dhaka,Dhaka Sadar,4083,23.73,90.38,vegetables and fruits,Gourd (bottle),1276,KG,actual,Retail,54.43
2025-02-15,Dhaka,Dhaka,Dhaka Sadar,4083,23.73,90.38,vegetables and fruits,Gourd (bottle),1276,KG,actual,Retail,56.0
2025-03-15,Dhaka,Dhaka,Dhaka Sadar,4083,23.73,90.38,vegetables and fruits,Gourd (bottle),1276,KG,actual,Retail,65.0
2025-04-15,Dhaka,Dhaka,Dhaka Sadar,4083,23.73,90.38,vegetables and fruits,Gourd (bottle),1276,KG,actual,Retail,65.0
2025-05-15,Dhaka,Dhaka,Dhaka Sadar,4083,23.73,90.38,vegetables and fruits,Gourd (bottle),1276,KG,actual,Retail,55.25
2025-06-15,Dhaka,Dhaka,Dhaka Sadar,4083,23.73,90.38,vegetables and fruits,Gourd (bottle),1276,KG,actual,Retail,37.26
2025-07-15,Dhaka,Dhaka,Dhaka Sadar,4083,23.73,90.38,vegetables and fruits,Gourd (bottle),1276,KG,actual,Retail,33.01
2025-08-15,Dhaka,Dhaka,Dhaka Sadar,4083,23.73,90.38,vegetables and fruits,Gourd (bottle),1276,KG,actual,Retail,44.35
2025-09-15,Dhaka,Dhaka,Dhaka Sadar,4083,23.73,90.38,vegetables and fruits,Gourd (bottle),1276,KG,actual,Retail,46.75
2025-10-15,Dhaka,Dhaka,Dhaka Sadar,4083,23.73,90.38,vegetables and fruits,Gourd (bottle),1276,KG,actual,Retail,45.89
2023-08-15,Dhaka,Dhaka,Dhaka Sadar,4083,23.73,90.38,pulses and nuts,Lentils (masur),61,KG,aggregate,Retail,94.75
2023-09-15,Dhaka,Dhaka,Dhaka Sadar,4083,23.73,90.38,pulses and nuts,Lentils (masur),61,KG,aggregate,Retail,102.5
2023-10-15,Dhaka,Dhaka,Dhaka Sadar,4083,23.73,90.38,pulses and nuts,Lentils (masur),61,KG,aggregate,Retail,108.25
2023-11-15,Dhaka,Dhaka,Dhaka Sadar,4083,23.73,90.38,pulses and nuts,Lentils (masur),61,KG,aggregate,Retail,110.0
2023-12-15,Dhaka,Dhaka,Dhaka Sadar,4083,23.73,90.38,pulses and nuts,Lentils (masur),61,KG,aggregate,Retail,108.5
2024-01-15,Dhaka,Dhaka,Dhaka Sadar,4083,23.73,90.38,pulses and nuts,Lentils (masur),61,KG,aggregate,Retail,109.0
2024-02-15,Dhaka,Dhaka,Dhaka Sadar,4083,23.73,90.38,pulses and nuts,Lentils (masur),61,KG,aggregate,Retail,109.0
2024-03-15,Dhaka,Dhaka,Dhaka Sadar,4083,23.73,90.38,pulses and nuts,Lentils (masur),61,KG,aggregate,Retail,108.5
2024-04-15,Dhaka,Dhaka,Dhaka Sadar,4083,23.73,90.38,pulses and nuts,Lentils (masur),61,KG,aggregate,Retail,108.5
2024-05-15,Dhaka,Dhaka,Dhaka Sadar,4083,23.73,90.38,pulses and nuts,Lentils (masur),61,KG,aggregate,Retail,108.0
2024-07-15,Dhaka,Dhaka,Dhaka Sadar,4083,23.73,90.38,pulses and nuts,Lentils (masur),61,KG,aggregate,Retail,107.5
2024-08-15,Dhaka,Dhaka,Dhaka Sadar,4083,23.73,90.38,pulses and nuts,Lentils (masur),61,KG,aggregate,Retail,107.5
2024-09-15,Dhaka,Dhaka,Dhaka Sadar,4083,23.73,90.38,pulses and nuts,Lentils (masur),61,KG,actual,Retail,107.5
2024-10-15,Dhaka,Dhaka,Dhaka Sadar,4083,23.73,90.38,pulses and nuts,Lentils (masur),61,KG,actual,Retail,107.5
2024-11-15,Dhaka,Dhaka,Dhaka Sadar,4083,23.73,90.38,pulses and nuts,Lentils (masur),61,KG,actual,Retail,105.8
2024-12-15,Dhaka,Dhaka,Dhaka Sadar,4083,23.73,90.38,pulses and nuts,Lentils (masur),61,KG,actual,Retail,108.25
2025-01-15,Dhaka,Dhaka,Dhaka Sadar,4083,23.73,90.38,pulses and nuts,Lentils (masur),61,KG,actual,Retail,109.0
2025-02-15,Dhaka,Dhaka,Dhaka Sadar,4083,23.73,90.38,pulses and nuts,Lentils (masur),61,KG,actual,Retail,109.0
2025-03-15,Dhaka,Dhaka,Dhaka Sadar,4083,23.73,90.38,pulses and nuts,Lentils (masur),61,KG,actual,Retail,108.68
2025-04-15,Dhaka,Dhaka,Dhaka Sadar,4083,23.73,90.38,pulses and nuts,Lentils (masur),61,KG,actual,Retail,107.5
2025-05-15,Dhaka,Dhaka,Dhaka Sadar,4083,23.73,90.38,pulses and nuts,Lentils (masur),61,KG,actual,Retail,107.5
2025-06-15,Dhaka,Dhaka,Dhaka Sadar,4083,23.73,90.38,pulses and nuts,Lentils (masur),61,KG,actual,Retail,107.5
2025-07-15,Dhaka,Dhaka,Dhaka Sadar,4083,23.73,90.38,pulses and nuts,Lentils (masur),61,KG,actual,Retail,107.5
2025-08-15,Dhaka,Dhaka,Dhaka Sadar,4083,23.73,90.38,pulses and nuts,Lentils (masur),61,KG,actual,Retail,111.92
2025-09-15,Dhaka,Dhaka,Dhaka Sadar,4083,23.73,90.38,pulses and nuts,Lentils (masur),61,KG,actual,Retail,110.52
2025-10-15,Dhaka,Dhaka,Dhaka Sadar,4083,23.73,90.38,pulses and nuts,Lentils (masur),61,KG,actual,Retail,107.5
2025-12-15,Dhaka,Dhaka,Dhaka Sadar,4083,23.73,90.38,pulses and nuts,Lentils (masur),61,KG,actual,Retail,103.88
2026-02-15,Dhaka,Dhaka,Dhaka Sadar,4083,23.73,90.38,pulses and nuts,Lentils (masur),61,KG,actual,Retail,95.0
2026-03-15,Dhaka,Dhaka,Dhaka Sadar,4083,23.73,90.38,pulses and nuts,Lentils (masur),61,KG,actual,Retail,95.0
2026-04-15,Dhaka,Dhaka,Dhaka Sadar,4083,23.73,90.38,pulses and nuts,Lentils (masur),61,KG,actual,Retail,95.0
2026-05-15,Dhaka,Dhaka,Dhaka Sadar,4083,23.73,90.38,pulses and nuts,Lentils (masur),61,KG,actual,Retail,95.0
2026-06-15,Dhaka,Dhaka,Dhaka Sadar,4083,23.73,90.38,pulses and nuts,Lentils (masur),61,KG,actual,Retail,95.0
2026-07-15,Dhaka,Dhaka,Dhaka Sadar,4083,23.73,90.38,pulses and nuts,Lentils (masur),61,KG,actual,Retail,95.0
2024-09-15,Dhaka,Dhaka,Dhaka Sadar,4083,23.73,90.38,"meat, fish and eggs","Meat (chicken, broiler)",89,KG,actual,Retail,181.25
2024-10-15,Dhaka,Dhaka,Dhaka Sadar,4083,23.73,90.38,"meat, fish and eggs","Meat (chicken, broiler)",89,KG,actual,Retail,191.25
2024-11-15,Dhaka,Dhaka,Dhaka Sadar,4083,23.73,90.38,"meat, fish and eggs","Meat (chicken, broiler)",89,KG,actual,Retail,191.0
2024-12-15,Dhaka,Dhaka,Dhaka Sadar,4083,23.73,90.38,"meat, fish and eggs","Meat (chicken, broiler)",89,KG,actual,Retail,173.93
2022-07-15,Dhaka,Dhaka,Dhaka Sadar,4083,23.73,90.38,oil and fats,Oil (palm),62,L,aggregate,Retail,126.5
2022-08-15,Dhaka,Dhaka,Dhaka Sadar,4083,23.73,90.38,oil and fats,Oil (palm),62,L,aggregate,Retail,120.16
2022-09-15,Dhaka,Dhaka,Dhaka Sadar,4083,23.73,90.38,oil and fats,Oil (palm),62,L,aggregate,Retail,130.69
2022-10-15,Dhaka,Dhaka,Dhaka Sadar,4083,23.73,90.38,oil and fats,Oil (palm),62,L,aggregate,Retail,119.21
2022-11-15,Dhaka,Dhaka,Dhaka Sadar,4083,23.73,90.38,oil and fats,Oil (palm),62,L,aggregate,Retail,121.65
2022-12-15,Dhaka,Dhaka,Dhaka Sadar,4083,23.73,90.38,oil and fats,Oil (palm),62,L,aggregate,Retail,119.8
2023-01-15,Dhaka,Dhaka,Dhaka Sadar,4083,23.73,90.38,oil and fats,Oil (palm),62,L,aggregate,Retail,119.0
2023-02-15,Dhaka,Dhaka,Dhaka Sadar,4083,23.73,90.38,oil and fats,Oil (palm),62,L,aggregate,Retail,121.03
2023-03-15,Dhaka,Dhaka,Dhaka Sadar,4083,23.73,90.38,oil and fats,Oil (palm),62,L,aggregate,Retail,127.25
2023-04-15,Dhaka,Dhaka,Dhaka Sadar,4083,23.73,90.38,oil and fats,Oil (palm),62,L,aggregate,Retail,126.46
2023-05-15,Dhaka,Dhaka,Dhaka Sadar,4083,23.73,90.38,oil and fats,Oil (palm),62,L,aggregate,Retail,133.88
2023-06-15,Dhaka,Dhaka,Dhaka Sadar,4083,23.73,90.38,oil and fats,Oil (palm),62,L,aggregate,Retail,128.34
2023-07-15,Dhaka,Dhaka,Dhaka Sadar,4083,23.73,90.38,oil and fats,Oil (palm),62,L,aggregate,Retail,127.5
2023-09-15,Dhaka,Dhaka,Dhaka Sadar,4083,23.73,90.38,oil and fats,Oil (palm),62,L,aggregate,Retail,122.5
2023-10-15,Dhaka,Dhaka,Dhaka Sadar,4083,23.73,90.38,oil and fats,Oil (palm),62,L,aggregate,Retail,122.5
2023-11-15,Dhaka,Dhaka,Dhaka Sadar,4083,23.73,90.38,oil and fats,Oil (palm),62,L,aggregate,Retail,122.5
2023-12-15,Dhaka,Dhaka,Dhaka Sadar,4083,23.73,90.38,oil and fats,Oil (palm),62,L,aggregate,Retail,122.5
2024-01-15,Dhaka,Dhaka,Dhaka Sadar,4083,23.73,90.38,oil and fats,Oil (palm),62,L,aggregate,Retail,124.8
2024-02-15,Dhaka,Dhaka,Dhaka Sadar,4083,23.73,90.38,oil and fats,Oil (palm),62,L,aggregate,Retail,137.3
2024-03-15,Dhaka,Dhaka,Dhaka Sadar,4083,23.73,90.38,oil and fats,Oil (palm),62,L,aggregate,Retail,121.0
2024-04-15,Dhaka,Dhaka,Dhaka Sadar,4083,23.73,90.38,oil and fats,Oil (palm),62,L,aggregate,Retail,121.0
2024-05-15,Dhaka,Dhaka,Dhaka Sadar,4083,23.73,90.38,oil and fats,Oil (palm),62,L,aggregate,Retail,123.5
2024-06-15,Dhaka,Dhaka,Dhaka Sadar,4083,23.73,90.38,oil and fats,Oil (palm),62,L,aggregate,Retail,126.0
2024-07-15,Dhaka,Dhaka,Dhaka Sadar,4083,23.73,90.38,oil and fats,Oil (palm),62,L,aggregate,Retail,126.0
2024-08-15,Dhaka,Dhaka,Dhaka Sadar,4083,23.73,90.38,oil and fats,Oil (palm),62,L,aggregate,Retail,127.5
2024-09-15,Dhaka,Dhaka,Dhaka Sadar,4083,23.73,90.38,oil and fats,Oil (palm),62,L,actual,Retail,129.0
2024-10-15,Dhaka,Dhaka,Dhaka Sadar,4083,23.73,90.38,oil and fats,Oil (palm),62,L,actual,Retail,141.5
2024-11-15,Dhaka,Dhaka,Dhaka Sadar,4083,23.73,90.38,oil and fats,Oil (palm),62,L,actual,Retail,157.5
2025-01-15,Dhaka,Dhaka,Dhaka Sadar,4083,23.73,90.38,oil and fats,Oil (palm),62,L,actual,Retail,156.45
2025-02-15,Dhaka,Dhaka,Dhaka Sadar,4083,23.73,90.38,oil and fats,Oil (palm),62,L,actual,Retail,153.05
2025-03-15,Dhaka,Dhaka,Dhaka Sadar,4083,23.73,90.38,oil and fats,Oil (palm),62,L,actual,Retail,150.39
2025-08-15,Dhaka,Dhaka,Dhaka Sadar,4083,23.73,90.38,oil and fats,Oil (palm),62,L,actual,Retail,147.0
2025-09-15,Dhaka,Dhaka,Dhaka Sadar,4083,23.73,90.38,oil and fats,Oil (palm),62,L,actual,Retail,154.91
2025-10-15,Dhaka,Dhaka,Dhaka Sadar,4083,23.73,90.38,oil and fats,Oil (palm),62,L,actual,Retail,159.55
2026-01-15,Dhaka,Dhaka,Dhaka Sadar,4083,23.73,90.38,oil and fats,Oil (palm),62,L,actual,Retail,153.5
2026-02-15,Dhaka,Dhaka,Dhaka Sadar,4083,23.73,90.38,oil and fats,Oil (palm),62,L,actual,Retail,153.5
2026-03-15,Dhaka,Dhaka,Dhaka Sadar,4083,23.73,90.38,oil and fats,Oil (palm),62,L,actual,Retail,159.56
2026-04-15,Dhaka,Dhaka,Dhaka Sadar,4083,23.73,90.38,oil and fats,Oil (palm),62,L,actual,Retail,171.39
2026-05-15,Dhaka,Dhaka,Dhaka Sadar,4083,23.73,90.38,oil and fats,Oil (palm),62,L,actual,Retail,168.38
2026-06-15,Dhaka,Dhaka,Dhaka Sadar,4083,23.73,90.38,oil and fats,Oil (palm),62,L,actual,Retail,167.3
2026-07-15,Dhaka,Dhaka,Dhaka Sadar,4083,23.73,90.38,oil and fats,Oil (palm),62,L,actual,Retail,163.5
2024-09-15,Dhaka,Dhaka,Dhaka Sadar,4083,23.73,90.38,oil and fats,"Oil (soybean, fortified)",1282,L,actual,Retail,144.5
2024-10-15,Dhaka,Dhaka,Dhaka Sadar,4083,23.73,90.38,oil and fats,"Oil (soybean, fortified)",1282,L,actual,Retail,150.5
2024-11-15,Dhaka,Dhaka,Dhaka Sadar,4083,23.73,90.38,oil and fats,"Oil (soybean, fortified)",1282,L,actual,Retail,165.5
2024-12-15,Dhaka,Dhaka,Dhaka Sadar,4083,23.73,90.38,oil and fats,"Oil (soybean, fortified)",1282,L,actual,Retail,170.32
2025-01-15,Dhaka,Dhaka,Dhaka Sadar,4083,23.73,90.38,oil and fats,"Oil (soybean, fortified)",1282,L,actual,Retail,172.82
2025-02-15,Dhaka,Dhaka,Dhaka Sadar,4083,23.73,90.38,oil and fats,"Oil (soybean, fortified)",1282,L,actual,Retail,178.25
2025-03-15,Dhaka,Dhaka,Dhaka Sadar,4083,23.73,90.38,oil and fats,"Oil (soybean, fortified)",1282,L,actual,Retail,173.74
2025-04-15,Dhaka,Dhaka,Dhaka Sadar,4083,23.73,90.38,oil and fats,"Oil (soybean, fortified)",1282,L,actual,Retail,163.81
2025-05-15,Dhaka,Dhaka,Dhaka Sadar,4083,23.73,90.38,oil and fats,"Oil (soybean, fortified)",1282,L,actual,Retail,166.0
2025-06-15,Dhaka,Dhaka,Dhaka Sadar,4083,23.73,90.38,oil and fats,"Oil (soybean, fortified)",1282,L,actual,Retail,166.0
2025-07-15,Dhaka,Dhaka,Dhaka Sadar,4083,23.73,90.38,oil and fats,"Oil (soybean, fortified)",1282,L,actual,Retail,166.0
2025-08-15,Dhaka,Dhaka,Dhaka Sadar,4083,23.73,90.38,oil and fats,"Oil (soybean, fortified)",1282,L,actual,Retail,167.72
2025-09-15,Dhaka,Dhaka,Dhaka Sadar,4083,23.73,90.38,oil and fats,"Oil (soybean, fortified)",1282,L,actual,Retail,176.32
2025-10-15,Dhaka,Dhaka,Dhaka Sadar,4083,23.73,90.38,oil and fats,"Oil (soybean, fortified)",1282,L,actual,Retail,176.35
2025-12-15,Dhaka,Dhaka,Dhaka Sadar,4083,23.73,90.38,oil and fats,"Oil (soybean, fortified)",1282,L,actual,Retail,175.63
2026-02-15,Dhaka,Dhaka,Dhaka Sadar,4083,23.73,90.38,oil and fats,"Oil (soybean, fortified)",1282,L,actual,Retail,182.5
2026-03-15,Dhaka,Dhaka,Dhaka Sadar,4083,23.73,90.38,oil and fats,"Oil (soybean, fortified)",1282,L,actual,Retail,188.94
2026-04-15,Dhaka,Dhaka,Dhaka Sadar,4083,23.73,90.38,oil and fats,"Oil (soybean, fortified)",1282,L,actual,Retail,192.5
2026-05-15,Dhaka,Dhaka,Dhaka Sadar,4083,23.73,90.38,oil and fats,"Oil (soybean, fortified)",1282,L,actual,Retail,192.5
2026-06-15,Dhaka,Dhaka,Dhaka Sadar,4083,23.73,90.38,oil and fats,"Oil (soybean, fortified)",1282,L,actual,Retail,192.5
2026-07-15,Dhaka,Dhaka,Dhaka Sadar,4083,23.73,90.38,oil and fats,"Oil (soybean, fortified)",1282,L,actual,Retail,192.5
2024-10-15,Dhaka,Dhaka,Dhaka Sadar,4083,23.73,90.38,vegetables and fruits,"Onions (imported, China)",1108,KG,actual,Retail,108.75
2024-12-15,Dhaka,Dhaka,Dhaka Sadar,4083,23.73,90.38,vegetables and fruits,"Onions (imported, China)",1108,KG,actual,Retail,91.0
2025-01-15,Dhaka,Dhaka,Dhaka Sadar,4083,23.73,90.38,vegetables and fruits,"Onions (imported, China)",1108,KG,actual,Retail,58.75
2025-12-15,Dhaka,Dhaka,Dhaka Sadar,4083,23.73,90.38,vegetables and fruits,"Onions (imported, China)",1108,KG,actual,Retail,70.0
2026-01-15,Dhaka,Dhaka,Dhaka Sadar,4083,23.73,90.38,vegetables and fruits,"Onions (imported, China)",1108,KG,actual,Retail,67.03
2024-09-15,Dhaka,Dhaka,Dhaka Sadar,4083,23.73,90.38,vegetables and fruits,Papaya (green),1114,KG,actual,Retail,25.0
2024-10-15,Dhaka,Dhaka,Dhaka Sadar,4083,23.73,90.38,vegetables and fruits,Papaya (green),1114,KG,actual,Retail,35.0
2024-11-15,Dhaka,Dhaka,Dhaka Sadar,4083,23.73,90.38,vegetables and fruits,Papaya (green),1114,KG,actual,Retail,40.0
2024-12-15,Dhaka,Dhaka,Dhaka Sadar,4083,23.73,90.38,vegetables and fruits,Papaya (green),1114,KG,actual,Retail,44.38
2025-01-15,Dhaka,Dhaka,Dhaka Sadar,4083,23.73,90.38,vegetables and fruits,Papaya (green),1114,KG,actual,Retail,43.39
2025-02-15,Dhaka,Dhaka,Dhaka Sadar,4083,23.73,90.38,vegetables and fruits,Papaya (green),1114,KG,actual,Retail,43.88
2025-03-15,Dhaka,Dhaka,Dhaka Sadar,4083,23.73,90.38,vegetables and fruits,Papaya (green),1114,KG,actual,Retail,46.71
2025-04-15,Dhaka,Dhaka,Dhaka Sadar,4083,23.73,90.38,vegetables and fruits,Papaya (green),1114,KG,actual,Retail,51.81
2025-05-15,Dhaka,Dhaka,Dhaka Sadar,4083,23.73,90.38,vegetables and fruits,Papaya (green),1114,KG,actual,Retail,60.0
2025-06-15,Dhaka,Dhaka,Dhaka Sadar,4083,23.73,90.38,vegetables and fruits,Papaya (green),1114,KG,actual,Retail,43.44
2025-07-15,Dhaka,Dhaka,Dhaka Sadar,4083,23.73,90.38,vegetables and fruits,Papaya (green),1114,KG,actual,Retail,29.09
2025-08-15,Dhaka,Dhaka,Dhaka Sadar,4083,23.73,90.38,vegetables and fruits,Papaya (green),1114,KG,actual,Retail,35.0
2025-09-15,Dhaka,Dhaka,Dhaka Sadar,4083,23.73,90.38,vegetables and fruits,Papaya (green),1114,KG,actual,Retail,27.5
2025-10-15,Dhaka,Dhaka,Dhaka Sadar,4083,23.73,90.38,vegetables and fruits,Papaya (green),1114,KG,actual,Retail,25.88
2025-12-15,Dhaka,Dhaka,Dhaka Sadar,4083,23.73,90.38,vegetables and fruits,Papaya (green),1114,KG,actual,Retail,29.18
2026-02-15,Dhaka,Dhaka,Dhaka Sadar,4083,23.73,90.38,vegetables and fruits,Papaya (green),1114,KG,actual,Retail,38.06
2026-03-15,Dhaka,Dhaka,Dhaka Sadar,4083,23.73,90.38,vegetables and fruits,Papaya (green),1114,KG,actual,Retail,39.09
2026-04-15,Dhaka,Dhaka,Dhaka Sadar,4083,23.73,90.38,vegetables and fruits,Papaya (green),1114,KG,actual,Retail,48.33
2026-05-15,Dhaka,Dhaka,Dhaka Sadar,4083,23.73,90.38,vegetables and fruits,Papaya (green),1114,KG,actual,Retail,80.0
2026-07-15,Dhaka,Dhaka,Dhaka Sadar,4083,23.73,90.38,vegetables and fruits,Papaya (green),1114,KG,actual,Retail,37.5
2024-09-15,Dhaka,Dhaka,Dhaka Sadar,4083,23.73,90.38,cereals and tubers,"Potatoes (Holland, white)",1295,KG,actual,Retail,54.5
2024-10-15,Dhaka,Dhaka,Dhaka Sadar,4083,23.73,90.38,cereals and tubers,"Potatoes (Holland, white)",1295,KG,actual,Retail,55.0
2024-11-15,Dhaka,Dhaka,Dhaka Sadar,4083,23.73,90.38,cereals and tubers,"Potatoes (Holland, white)",1295,KG,actual,Retail,67.5
2024-12-15,Dhaka,Dhaka,Dhaka Sadar,4083,23.73,90.38,cereals and tubers,"Potatoes (Holland, white)",1295,KG,actual,Retail,63.53
2025-01-15,Dhaka,Dhaka,Dhaka Sadar,4083,23.73,90.38,cereals and tubers,"Potatoes (Holland, white)",1295,KG,actual,Retail,48.0
2020-07-15,Dhaka,Dhaka,Dhaka Sadar,4083,23.73,90.38,cereals and tubers,Rice (coarse),60,KG,aggregate,Retail,42.5
2020-08-15,Dhaka,Dhaka,Dhaka Sadar,4083,23.73,90.38,cereals and tubers,Rice (coarse),60,KG,aggregate,Retail,43.27
2020-09-15,Dhaka,Dhaka,Dhaka Sadar,4083,23.73,90.38,cereals and tubers,Rice (coarse),60,KG,aggregate,Retail,43.98
2020-10-15,Dhaka,Dhaka,Dhaka Sadar,4083,23.73,90.38,cereals and tubers,Rice (coarse),60,KG,aggregate,Retail,43.61
2020-11-15,Dhaka,Dhaka,Dhaka Sadar,4083,23.73,90.38,cereals and tubers,Rice (coarse),60,KG,aggregate,Retail,43.5
2020-12-15,Dhaka,Dhaka,Dhaka Sadar,4083,23.73,90.38,cereals and tubers,Rice (coarse),60,KG,aggregate,Retail,43.5
2021-05-15,Dhaka,Dhaka,Dhaka Sadar,4083,23.73,90.38,cereals and tubers,Rice (coarse),60,KG,aggregate,Retail,45.0
2021-06-15,Dhaka,Dhaka,Dhaka Sadar,4083,23.73,90.38,cereals and tubers,Rice (coarse),60,KG,aggregate,Retail,45.76
2021-07-15,Dhaka,Dhaka,Dhaka Sadar,4083,23.73,90.38,cereals and tubers,Rice (coarse),60,KG,aggregate,Retail,47.0
2021-08-15,Dhaka,Dhaka,Dhaka Sadar,4083,23.73,90.38,cereals and tubers,Rice (coarse),60,KG,aggregate,Retail,46.69
2021-09-15,Dhaka,Dhaka,Dhaka Sadar,4083,23.73,90.38,cereals and tubers,Rice (coarse),60,KG,aggregate,Retail,46.0
2021-10-15,Dhaka,Dhaka,Dhaka Sadar,4083,23.73,90.38,cereals and tubers,Rice (coarse),60,KG,aggregate,Retail,44.85
2021-11-15,Dhaka,Dhaka,Dhaka Sadar,4083,23.73,90.38,cereals and tubers,Rice (coarse),60,KG,aggregate,Retail,45.4
2022-05-15,Dhaka,Dhaka,Dhaka Sadar,4083,23.73,90.38,cereals and tubers,Rice (coarse),60,KG,aggregate,Retail,47.2
2022-06-15,Dhaka,Dhaka,Dhaka Sadar,4083,23.73,90.38,cereals and tubers,Rice (coarse),60,KG,aggregate,Retail,46.86
2022-07-15,Dhaka,Dhaka,Dhaka Sadar,4083,23.73,90.38,cereals and tubers,Rice (coarse),60,KG,aggregate,Retail,48.24
2022-08-15,Dhaka,Dhaka,Dhaka Sadar,4083,23.73,90.38,cereals and tubers,Rice (coarse),60,KG,aggregate,Retail,49.57
2022-09-15,Dhaka,Dhaka,Dhaka Sadar,4083,23.73,90.38,cereals and tubers,Rice (coarse),60,KG,aggregate,Retail,47.65
2022-10-15,Dhaka,Dhaka,Dhaka Sadar,4083,23.73,90.38,cereals and tubers,Rice (coarse),60,KG,aggregate,Retail,47.65
2022-11-15,Dhaka,Dhaka,Dhaka Sadar,4083,23.73,90.38,cereals and tubers,Rice (coarse),60,KG,aggregate,Retail,48.07
2022-12-15,Dhaka,Dhaka,Dhaka Sadar,4083,23.73,90.38,cereals and tubers,Rice (coarse),60,KG,aggregate,Retail,48.0
2023-05-15,Dhaka,Dhaka,Dhaka Sadar,4083,23.73,90.38,cereals and tubers,Rice (coarse),60,KG,aggregate,Retail,50.5
2023-06-15,Dhaka,Dhaka,Dhaka Sadar,4083,23.73,90.38,cereals and tubers,Rice (coarse),60,KG,aggregate,Retail,50.03
2023-07-15,Dhaka,Dhaka,Dhaka Sadar,4083,23.73,90.38,cereals and tubers,Rice (coarse),60,KG,aggregate,Retail,49.5
2023-08-15,Dhaka,Dhaka,Dhaka Sadar,4083,23.73,90.38,cereals and tubers,Rice (coarse),60,KG,aggregate,Retail,47.0
2023-09-15,Dhaka,Dhaka,Dhaka Sadar,4083,23.73,90.38,cereals and tubers,Rice (coarse),60,KG,aggregate,Retail,47.0
2024-03-15,Dhaka,Dhaka,Dhaka Sadar,4083,23.73,90.38,cereals and tubers,Rice (coarse),60,KG,aggregate,Retail,49.0
2024-04-15,Dhaka,Dhaka,Dhaka Sadar,4083,23.73,90.38,cereals and tubers,Rice (coarse),60,KG,aggregate,Retail,49.0
2024-05-15,Dhaka,Dhaka,Dhaka Sadar,4083,23.73,90.38,cereals and tubers,Rice (coarse),60,KG,aggregate,Retail,49.0
2024-07-15,Dhaka,Dhaka,Dhaka Sadar,4083,23.73,90.38,cereals and tubers,Rice (coarse),60,KG,aggregate,Retail,53.8
2024-08-15,Dhaka,Dhaka,Dhaka Sadar,4083,23.73,90.38,cereals and tubers,Rice (coarse),60,KG,aggregate,Retail,54.0
2024-09-15,Dhaka,Dhaka,Dhaka Sadar,4083,23.73,90.38,cereals and tubers,Rice (coarse),60,KG,actual,Retail,53.5
2024-10-15,Dhaka,Dhaka,Dhaka Sadar,4083,23.73,90.38,cereals and tubers,Rice (coarse),60,KG,actual,Retail,53.75
2024-11-15,Dhaka,Dhaka,Dhaka Sadar,4083,23.73,90.38,cereals and tubers,Rice (coarse),60,KG,actual,Retail,54.5
2024-12-15,Dhaka,Dhaka,Dhaka Sadar,4083,23.73,90.38,cereals and tubers,Rice (coarse),60,KG,actual,Retail,57.79
2024-09-15,Dhaka,Dhaka,Dhaka Sadar,4083,23.73,90.38,vegetables and fruits,Snake gourd,675,KG,actual,Retail,50.0
2024-10-15,Dhaka,Dhaka,Dhaka Sadar,4083,23.73,90.38,vegetables and fruits,Snake gourd,675,KG,actual,Retail,67.5
2024-11-15,Dhaka,Dhaka,Dhaka Sadar,4083,23.73,90.38,vegetables and fruits,Snake gourd,675,KG,actual,Retail,60.0
2024-12-15,Dhaka,Dhaka,Dhaka Sadar,4083,23.73,90.38,vegetables and fruits,Snake gourd,675,KG,actual,Retail,58.5
2025-04-15,Dhaka,Dhaka,Dhaka Sadar,4083,23.73,90.38,vegetables and fruits,Snake gourd,675,KG,actual,Retail,63.82
2025-05-15,Dhaka,Dhaka,Dhaka Sadar,4083,23.73,90.38,vegetables and fruits,Snake gourd,675,KG,actual,Retail,60.0
2025-06-15,Dhaka,Dhaka,Dhaka Sadar,4083,23.73,90.38,vegetables and fruits,Snake gourd,675,KG,actual,Retail,55.0
2025-07-15,Dhaka,Dhaka,Dhaka Sadar,4083,23.73,90.38,vegetables and fruits,Snake gourd,675,KG,actual,Retail,56.14
2025-08-15,Dhaka,Dhaka,Dhaka Sadar,4083,23.73,90.38,vegetables and fruits,Snake gourd,675,KG,actual,Retail,72.0
2025-09-15,Dhaka,Dhaka,Dhaka Sadar,4083,23.73,90.38,vegetables and fruits,Snake gourd,675,KG,actual,Retail,69.55
2025-10-15,Dhaka,Dhaka,Dhaka Sadar,4083,23.73,90.38,vegetables and fruits,Snake gourd,675,KG,actual,Retail,64.25
2026-03-15,Dhaka,Dhaka,Dhaka Sadar,4083,23.73,90.38,vegetables and fruits,Snake gourd,675,KG,actual,Retail,65.0
2026-04-15,Dhaka,Dhaka,Dhaka Sadar,4083,23.73,90.38,vegetables and fruits,Snake gourd,675,KG,actual,Retail,71.11
2026-05-15,Dhaka,Dhaka,Dhaka Sadar,4083,23.73,90.38,vegetables and fruits,Snake gourd,675,KG,actual,Retail,80.44
2026-06-15,Dhaka,Dhaka,Dhaka Sadar,4083,23.73,90.38,vegetables and fruits,Snake gourd,675,KG,actual,Retail,56.0
2026-07-15,Dhaka,Dhaka,Dhaka Sadar,4083,23.73,90.38,vegetables and fruits,Snake gourd,675,KG,actual,Retail,61.8
2024-09-15,Dhaka,Dhaka,Dhaka Sadar,4083,23.73,90.38,vegetables and fruits,Spinach (malabar),1297,KG,actual,Retail,35.0
2024-10-15,Dhaka,Dhaka,Dhaka Sadar,4083,23.73,90.38,vegetables and fruits,Spinach (malabar),1297,KG,actual,Retail,30.0
2024-11-15,Dhaka,Dhaka,Dhaka Sadar,4083,23.73,90.38,vegetables and fruits,Spinach (malabar),1297,KG,actual,Retail,25.0
2024-12-15,Dhaka,Dhaka,Dhaka Sadar,4083,23.73,90.38,vegetables and fruits,Spinach (malabar),1297,KG,actual,Retail,33.21
2025-08-15,Dhaka,Dhaka,Dhaka Sadar,4083,23.73,90.38,vegetables and fruits,Spinach (malabar),1297,KG,actual,Retail,42.5
2025-09-15,Dhaka,Dhaka,Dhaka Sadar,4083,23.73,90.38,vegetables and fruits,Spinach (malabar),1297,KG,actual,Retail,42.5
2025-10-15,Dhaka,Dhaka,Dhaka Sadar,4083,23.73,90.38,vegetables and fruits,Spinach (malabar),1297,KG,actual,Retail,42.5
2024-09-15,Dhaka,Dhaka,Dhaka Sadar,4083,23.73,90.38,vegetables and fruits,Spinach (red),1296,KG,actual,Retail,30.0
2024-10-15,Dhaka,Dhaka,Dhaka Sadar,4083,23.73,90.38,vegetables and fruits,Spinach (red),1296,KG,actual,Retail,38.75
2024-11-15,Dhaka,Dhaka,Dhaka Sadar,4083,23.73,90.38,vegetables and fruits,Spinach (red),1296,KG,actual,Retail,32.5
2024-12-15,Dhaka,Dhaka,Dhaka Sadar,4083,23.73,90.38,vegetables and fruits,Spinach (red),1296,KG,actual,Retail,37.5
2025-03-15,Dhaka,Dhaka,Dhaka Sadar,4083,23.73,90.38,vegetables and fruits,Spinach (red),1296,KG,actual,Retail,37.5
2025-04-15,Dhaka,Dhaka,Dhaka Sadar,4083,23.73,90.38,vegetables and fruits,Spinach (red),1296,KG,actual,Retail,37.5
2025-05-15,Dhaka,Dhaka,Dhaka Sadar,4083,23.73,90.38,vegetables and fruits,Spinach (red),1296,KG,actual,Retail,37.5
2025-06-15,Dhaka,Dhaka,Dhaka Sadar,4083,23.73,90.38,vegetables and fruits,Spinach (red),1296,KG,actual,Retail,37.5
2025-07-15,Dhaka,Dhaka,Dhaka Sadar,4083,23.73,90.38,vegetables and fruits,Spinach (red),1296,KG,actual,Retail,37.5
2025-08-15,Dhaka,Dhaka,Dhaka Sadar,4083,23.73,90.38,vegetables and fruits,Spinach (red),1296,KG,actual,Retail,38.33
2024-09-15,Dhaka,Dhaka,Dhaka Sadar,4083,23.73,90.38,miscellaneous food,Sugar,97,KG,actual,Retail,132.5
2024-10-15,Dhaka,Dhaka,Dhaka Sadar,4083,23.73,90.38,miscellaneous food,Sugar,97,KG,actual,Retail,132.5
2024-11-15,Dhaka,Dhaka,Dhaka Sadar,4083,23.73,90.38,miscellaneous food,Sugar,97,KG,actual,Retail,132.5
2024-12-15,Dhaka,Dhaka,Dhaka Sadar,4083,23.73,90.38,miscellaneous food,Sugar,97,KG,actual,Retail,130.0
2025-01-15,Dhaka,Dhaka,Dhaka Sadar,4083,23.73,90.38,miscellaneous food,Sugar,97,KG,actual,Retail,127.5
2025-02-15,Dhaka,Dhaka,Dhaka Sadar,4083,23.73,90.38,miscellaneous food,Sugar,97,KG,actual,Retail,127.5
2025-03-15,Dhaka,Dhaka,Dhaka Sadar,4083,23.73,90.38,miscellaneous food,Sugar,97,KG,actual,Retail,127.5
2025-04-15,Dhaka,Dhaka,Dhaka Sadar,4083,23.73,90.38,miscellaneous food,Sugar,97,KG,actual,Retail,122.78
2025-05-15,Dhaka,Dhaka,Dhaka Sadar,4083,23.73,90.38,miscellaneous food,Sugar,97,KG,actual,Retail,122.5
2025-06-15,Dhaka,Dhaka,Dhaka Sadar,4083,23.73,90.38,miscellaneous food,Sugar,97,KG,actual,Retail,122.5
2025-07-15,Dhaka,Dhaka,Dhaka Sadar,4083,23.73,90.38,miscellaneous food,Sugar,97,KG,actual,Retail,119.09
2025-08-15,Dhaka,Dhaka,Dhaka Sadar,4083,23.73,90.38,miscellaneous food,Sugar,97,KG,actual,Retail,112.0
2025-09-15,Dhaka,Dhaka,Dhaka Sadar,4083,23.73,90.38,miscellaneous food,Sugar,97,KG,actual,Retail,107.5
2025-10-15,Dhaka,Dhaka,Dhaka Sadar,4083,23.73,90.38,miscellaneous food,Sugar,97,KG,actual,Retail,107.5
2025-12-15,Dhaka,Dhaka,Dhaka Sadar,4083,23.73,90.38,miscellaneous food,Sugar,97,KG,actual,Retail,104.25
2026-02-15,Dhaka,Dhaka,Dhaka Sadar,4083,23.73,90.38,miscellaneous food,Sugar,97,KG,actual,Retail,107.5
2026-03-15,Dhaka,Dhaka,Dhaka Sadar,4083,23.73,90.38,miscellaneous food,Sugar,97,KG,actual,Retail,107.5
2026-04-15,Dhaka,Dhaka,Dhaka Sadar,4083,23.73,90.38,miscellaneous food,Sugar,97,KG,actual,Retail,107.5
2026-05-15,Dhaka,Dhaka,Dhaka Sadar,4083,23.73,90.38,miscellaneous food,Sugar,97,KG,actual,Retail,107.5
2026-06-15,Dhaka,Dhaka,Dhaka Sadar,4083,23.73,90.38,miscellaneous food,Sugar,97,KG,actual,Retail,110.1
2026-07-15,Dhaka,Dhaka,Dhaka Sadar,4083,23.73,90.38,miscellaneous food,Sugar,97,KG,actual,Retail,107.5
2020-07-15,Dhaka,Dhaka,Dhaka Sadar,4083,23.73,90.38,cereals and tubers,Wheat flour,58,KG,aggregate,Retail,34.0
2020-08-15,Dhaka,Dhaka,Dhaka Sadar,4083,23.73,90.38,cereals and tubers,Wheat flour,58,KG,aggregate,Retail,34.0
2020-09-15,Dhaka,Dhaka,Dhaka Sadar,4083,23.73,90.38,cereals and tubers,Wheat flour,58,KG,aggregate,Retail,34.0
2020-10-15,Dhaka,Dhaka,Dhaka Sadar,4083,23.73,90.38,cereals and tubers,Wheat flour,58,KG,aggregate,Retail,34.0
2020-11-15,Dhaka,Dhaka,Dhaka Sadar,4083,23.73,90.38,cereals and tubers,Wheat flour,58,KG,aggregate,Retail,34.0
2020-12-15,Dhaka,Dhaka,Dhaka Sadar,4083,23.73,90.38,cereals and tubers,Wheat flour,58,KG,aggregate,Retail,34.0
2021-01-15,Dhaka,Dhaka,Dhaka Sadar,4083,23.73,90.38,cereals and tubers,Wheat flour,58,KG,aggregate,Retail,34.0
2021-02-15,Dhaka,Dhaka,Dhaka Sadar,4083,23.73,90.38,cereals and tubers,Wheat flour,58,KG,aggregate,Retail,34.22
2021-03-15,Dhaka,Dhaka,Dhaka Sadar,4083,23.73,90.38,cereals and tubers,Wheat flour,58,KG,aggregate,Retail,34.5
2021-04-15,Dhaka,Dhaka,Dhaka Sadar,4083,23.73,90.38,cereals and tubers,Wheat flour,58,KG,aggregate,Retail,34.5
2021-05-15,Dhaka,Dhaka,Dhaka Sadar,4083,23.73,90.38,cereals and tubers,Wheat flour,58,KG,aggregate,Retail,34.56
2021-06-15,Dhaka,Dhaka,Dhaka Sadar,4083,23.73,90.38,cereals and tubers,Wheat flour,58,KG,aggregate,Retail,36.5
2021-07-15,Dhaka,Dhaka,Dhaka Sadar,4083,23.73,90.38,cereals and tubers,Wheat flour,58,KG,aggregate,Retail,36.5
2021-08-15,Dhaka,Dhaka,Dhaka Sadar,4083,23.73,90.38,cereals and tubers,Wheat flour,58,KG,aggregate,Retail,38.35
2021-09-15,Dhaka,Dhaka,Dhaka Sadar,4083,23.73,90.38,cereals and tubers,Wheat flour,58,KG,aggregate,Retail,39.0
2021-10-15,Dhaka,Dhaka,Dhaka Sadar,4083,23.73,90.38,cereals and tubers,Wheat flour,58,KG,aggregate,Retail,39.0
2021-11-15,Dhaka,Dhaka,Dhaka Sadar,4083,23.73,90.38,cereals and tubers,Wheat flour,58,KG,aggregate,Retail,39.32
2021-12-15,Dhaka,Dhaka,Dhaka Sadar,4083,23.73,90.38,cereals and tubers,Wheat flour,58,KG,aggregate,Retail,42.26
2022-01-15,Dhaka,Dhaka,Dhaka Sadar,4083,23.73,90.38,cereals and tubers,Wheat flour,58,KG,aggregate,Retail,42.5
2022-02-15,Dhaka,Dhaka,Dhaka Sadar,4083,23.73,90.38,cereals and tubers,Wheat flour,58,KG,aggregate,Retail,42.5
2022-03-15,Dhaka,Dhaka,Dhaka Sadar,4083,23.73,90.38,cereals and tubers,Wheat flour,58,KG,aggregate,Retail,42.91
2022-04-15,Dhaka,Dhaka,Dhaka Sadar,4083,23.73,90.38,cereals and tubers,Wheat flour,58,KG,aggregate,Retail,43.5
2022-05-15,Dhaka,Dhaka,Dhaka Sadar,4083,23.73,90.38,cereals and tubers,Wheat flour,58,KG,aggregate,Retail,45.37
2022-06-15,Dhaka,Dhaka,Dhaka Sadar,4083,23.73,90.38,cereals and tubers,Wheat flour,58,KG,aggregate,Retail,49.2
2022-07-15,Dhaka,Dhaka,Dhaka Sadar,4083,23.73,90.38,cereals and tubers,Wheat flour,58,KG,aggregate,Retail,51.76
2022-08-15,Dhaka,Dhaka,Dhaka Sadar,4083,23.73,90.38,cereals and tubers,Wheat flour,58,KG,aggregate,Retail,52.1
2022-09-15,Dhaka,Dhaka,Dhaka Sadar,4083,23.73,90.38,cereals and tubers,Wheat flour,58,KG,aggregate,Retail,55.63
2022-10-15,Dhaka,Dhaka,Dhaka Sadar,4083,23.73,90.38,cereals and tubers,Wheat flour,58,KG,aggregate,Retail,57.39
2022-11-15,Dhaka,Dhaka,Dhaka Sadar,4083,23.73,90.38,cereals and tubers,Wheat flour,58,KG,aggregate,Retail,65.29
2022-12-15,Dhaka,Dhaka,Dhaka Sadar,4083,23.73,90.38,cereals and tubers,Wheat flour,58,KG,aggregate,Retail,72.5
2023-01-15,Dhaka,Dhaka,Dhaka Sadar,4083,23.73,90.38,cereals and tubers,Wheat flour,58,KG,aggregate,Retail,69.69
2023-02-15,Dhaka,Dhaka,Dhaka Sadar,4083,23.73,90.38,cereals and tubers,Wheat flour,58,KG,aggregate,Retail,67.5
2023-03-15,Dhaka,Dhaka,Dhaka Sadar,4083,23.73,90.38,cereals and tubers,Wheat flour,58,KG,aggregate,Retail,67.5
2023-04-15,Dhaka,Dhaka,Dhaka Sadar,4083,23.73,90.38,cereals and tubers,Wheat flour,58,KG,aggregate,Retail,65.17
2023-05-15,Dhaka,Dhaka,Dhaka Sadar,4083,23.73,90.38,cereals and tubers,Wheat flour,58,KG,aggregate,Retail,64.03
2023-06-15,Dhaka,Dhaka,Dhaka Sadar,4083,23.73,90.38,cereals and tubers,Wheat flour,58,KG,aggregate,Retail,60.77
2023-08-15,Dhaka,Dhaka,Dhaka Sadar,4083,23.73,90.38,cereals and tubers,Wheat flour,58,KG,aggregate,Retail,62.5
2023-09-15,Dhaka,Dhaka,Dhaka Sadar,4083,23.73,90.38,cereals and tubers,Wheat flour,58,KG,aggregate,Retail,60.0
2023-11-15,Dhaka,Dhaka,Dhaka Sadar,4083,23.73,90.38,cereals and tubers,Wheat flour,58,KG,aggregate,Retail,52.5
2023-12-15,Dhaka,Dhaka,Dhaka Sadar,4083,23.73,90.38,cereals and tubers,Wheat flour,58,KG,aggregate,Retail,52.5
2024-01-15,Dhaka,Dhaka,Dhaka Sadar,4083,23.73,90.38,cereals and tubers,Wheat flour,58,KG,aggregate,Retail,55.0
2024-02-15,Dhaka,Dhaka,Dhaka Sadar,4083,23.73,90.38,cereals and tubers,Wheat flour,58,KG,aggregate,Retail,57.5
2024-03-15,Dhaka,Dhaka,Dhaka Sadar,4083,23.73,90.38,cereals and tubers,Wheat flour,58,KG,aggregate,Retail,57.5
2024-04-15,Dhaka,Dhaka,Dhaka Sadar,4083,23.73,90.38,cereals and tubers,Wheat flour,58,KG,aggregate,Retail,57.5
2024-05-15,Dhaka,Dhaka,Dhaka Sadar,4083,23.73,90.38,cereals and tubers,Wheat flour,58,KG,aggregate,Retail,57.5
2024-06-15,Dhaka,Dhaka,Dhaka Sadar,4083,23.73,90.38,cereals and tubers,Wheat flour,58,KG,aggregate,Retail,57.5
2024-07-15,Dhaka,Dhaka,Dhaka Sadar,4083,23.73,90.38,cereals and tubers,Wheat flour,58,KG,aggregate,Retail,57.5
2024-08-15,Dhaka,Dhaka,Dhaka Sadar,4083,23.73,90.38,cereals and tubers,Wheat flour,58,KG,aggregate,Retail,57.5
2024-09-15,Dhaka,Dhaka,Dhaka Sadar,4083,23.73,90.38,cereals and tubers,Wheat flour,58,KG,actual,Retail,55.0
2024-10-15,Dhaka,Dhaka,Dhaka Sadar,4083,23.73,90.38,cereals and tubers,Wheat flour,58,KG,actual,Retail,55.0
2024-11-15,Dhaka,Dhaka,Dhaka Sadar,4083,23.73,90.38,cereals and tubers,Wheat flour,58,KG,actual,Retail,49.0
2024-12-15,Dhaka,Dhaka,Dhaka Sadar,4083,23.73,90.38,cereals and tubers,Wheat flour,58,KG,actual,Retail,53.5
2025-03-15,Dhaka,Dhaka,Dhaka Sadar,4083,23.73,90.38,cereals and tubers,Wheat flour,58,KG,actual,Retail,53.5
2025-04-15,Dhaka,Dhaka,Dhaka Sadar,4083,23.73,90.38,cereals and tubers,Wheat flour,58,KG,actual,Retail,53.5
2025-05-15,Dhaka,Dhaka,Dhaka Sadar,4083,23.73,90.38,cereals and tubers,Wheat flour,58,KG,actual,Retail,53.5
2025-06-15,Dhaka,Dhaka,Dhaka Sadar,4083,23.73,90.38,cereals and tubers,Wheat flour,58,KG,actual,Retail,54.06
2025-07-15,Dhaka,Dhaka,Dhaka Sadar,4083,23.73,90.38,cereals and tubers,Wheat flour,58,KG,actual,Retail,53.91
2025-08-15,Dhaka,Dhaka,Dhaka Sadar,4083,23.73,90.38,cereals and tubers,Wheat flour,58,KG,actual,Retail,57.3
2025-09-15,Dhaka,Dhaka,Dhaka Sadar,4083,23.73,90.38,cereals and tubers,Wheat flour,58,KG,actual,Retail,59.48
2025-10-15,Dhaka,Dhaka,Dhaka Sadar,4083,23.73,90.38,cereals and tubers,Wheat flour,58,KG,actual,Retail,62.5
2025-12-15,Dhaka,Dhaka,Dhaka Sadar,4083,23.73,90.38,cereals and tubers,Wheat flour,58,KG,actual,Retail,62.5
2026-02-15,Dhaka,Dhaka,Dhaka Sadar,4083,23.73,90.38,cereals and tubers,Wheat flour,58,KG,actual,Retail,62.5
2026-03-15,Dhaka,Dhaka,Dhaka Sadar,4083,23.73,90.38,cereals and tubers,Wheat flour,58,KG,actual,Retail,62.5
2026-04-15,Dhaka,Dhaka,Dhaka Sadar,4083,23.73,90.38,cereals and tubers,Wheat flour,58,KG,actual,Retail,62.5
2026-05-15,Dhaka,Dhaka,Dhaka Sadar,4083,23.73,90.38,cereals and tubers,Wheat flour,58,KG,actual,Retail,62.5
2026-06-15,Dhaka,Dhaka,Dhaka Sadar,4083,23.73,90.38,cereals and tubers,Wheat flour,58,KG,actual,Retail,62.5
2026-07-15,Dhaka,Dhaka,Dhaka Sadar,4083,23.73,90.38,cereals and tubers,Wheat flour,58,KG,actual,Retail,62.5
2026-05-15,Dhaka,Dhaka,Kawran Bazar Dhaka,7942,23.75,90.39,vegetables and fruits,Bananas (ripe),1210,1 piece,actual,Retail,9.19
2026-06-15,Dhaka,Dhaka,Kawran Bazar Dhaka,7942,23.75,90.39,vegetables and fruits,Bananas (ripe),1210,1 piece,actual,Retail,9.8
2026-07-15,Dhaka,Dhaka,Kawran Bazar Dhaka,7942,23.75,90.39,vegetables and fruits,Bananas (ripe),1210,1 piece,actual,Retail,11.3
2026-05-15,Dhaka,Dhaka,Kawran Bazar Dhaka,7942,23.75,90.39,vegetables and fruits,Chili (green),90,KG,actual,Retail,91.76
2026-06-15,Dhaka,Dhaka,Kawran Bazar Dhaka,7942,23.75,90.39,vegetables and fruits,Chili (green),90,KG,actual,Retail,75.0
2026-07-15,Dhaka,Dhaka,Kawran Bazar Dhaka,7942,23.75,90.39,vegetables and fruits,Chili (green),90,KG,actual,Retail,161.1
2026-06-15,Dhaka,Dhaka,Kawran Bazar Dhaka,7942,23.75,90.39,"meat, fish and eggs","Fish (live, pangasius)",1080,KG,actual,Retail,235.0
2026-07-15,Dhaka,Dhaka,Kawran Bazar Dhaka,7942,23.75,90.39,"meat, fish and eggs","Fish (live, pangasius)",1080,KG,actual,Retail,235.0
2026-05-15,Dhaka,Dhaka,Kawran Bazar Dhaka,7942,23.75,90.39,vegetables and fruits,"Garlic (imported, China)",1082,KG,actual,Retail,157.06
2026-05-15,Dhaka,Dhaka,Kawran Bazar Dhaka,7942,23.75,90.39,pulses and nuts,Lentils (masur),61,KG,actual,Retail,92.5
2026-06-15,Dhaka,Dhaka,Kawran Bazar Dhaka,7942,23.75,90.39,pulses and nuts,Lentils (masur),61,KG,actual,Retail,93.9
2026-07-15,Dhaka,Dhaka,Kawran Bazar Dhaka,7942,23.75,90.39,pulses and nuts,Lentils (masur),61,KG,actual,Retail,94.0
2026-05-15,Dhaka,Dhaka,Kawran Bazar Dhaka,7942,23.75,90.39,oil and fats,"Oil (soybean, fortified)",1282,L,actual,Retail,190.47
2026-06-15,Dhaka,Dhaka,Kawran Bazar Dhaka,7942,23.75,90.39,oil and fats,"Oil (soybean, fortified)",1282,L,actual,Retail,189.4
2026-07-15,Dhaka,Dhaka,Kawran Bazar Dhaka,7942,23.75,90.39,oil and fats,"Oil (soybean, fortified)",1282,L,actual,Retail,186.5
2026-05-15,Dhaka,Dhaka,Kawran Bazar Dhaka,7942,23.75,90.39,vegetables and fruits,Papaya (green),1114,KG,actual,Retail,68.82
2026-06-15,Dhaka,Dhaka,Kawran Bazar Dhaka,7942,23.75,90.39,vegetables and fruits,Papaya (green),1114,KG,actual,Retail,47.1
2026-07-15,Dhaka,Dhaka,Kawran Bazar Dhaka,7942,23.75,90.39,vegetables and fruits,Papaya (green),1114,KG,actual,Retail,35.0
2026-05-15,Dhaka,Dhaka,Kawran Bazar Dhaka,7942,23.75,90.39,vegetables and fruits,Snake gourd,675,KG,actual,Retail,62.79
2026-06-15,Dhaka,Dhaka,Kawran Bazar Dhaka,7942,23.75,90.39,vegetables and fruits,Snake gourd,675,KG,actual,Retail,43.8
2026-07-15,Dhaka,Dhaka,Kawran Bazar Dhaka,7942,23.75,90.39,vegetables and fruits,Snake gourd,675,KG,actual,Retail,55.4
2026-05-15,Dhaka,Dhaka,Kawran Bazar Dhaka,7942,23.75,90.39,miscellaneous food,Sugar,97,KG,actual,Retail,103.32
2026-06-15,Dhaka,Dhaka,Kawran Bazar Dhaka,7942,23.75,90.39,miscellaneous food,Sugar,97,KG,actual,Retail,104.0
2026-07-15,Dhaka,Dhaka,Kawran Bazar Dhaka,7942,23.75,90.39,miscellaneous food,Sugar,97,KG,actual,Retail,105.1
2026-05-15,Dhaka,Dhaka,Kawran Bazar Dhaka,7942,23.75,90.39,cereals and tubers,Wheat flour,58,KG,actual,Retail,60.0
2026-06-15,Dhaka,Dhaka,Kawran Bazar Dhaka,7942,23.75,90.39,cereals and tubers,Wheat flour,58,KG,actual,Retail,60.0
2026-07-15,Dhaka,Dhaka,Kawran Bazar Dhaka,7942,23.75,90.39,cereals and tubers,Wheat flour,58,KG,actual,Retail,60.0
2026-05-15,Dhaka,Dhaka,Mirpur 1 no.,11796,23.8,90.35,vegetables and fruits,Chili (green),90,KG,actual,Retail,94.41
2026-06-15,Dhaka,Dhaka,Mirpur 1 no.,11796,23.8,90.35,vegetables and fruits,Chili (green),90,KG,actual,Retail,88.2
2026-07-15,Dhaka,Dhaka,Mirpur 1 no.,11796,23.8,90.35,vegetables and fruits,Chili (green),90,KG,actual,Retail,185.2
2026-07-15,Dhaka,Dhaka,Mirpur 1 no.,11796,23.8,90.35,"meat, fish and eggs","Fish (live, pangasius)",1080,KG,actual,Retail,235.0
2026-05-15,Dhaka,Dhaka,Mirpur 1 no.,11796,23.8,90.35,vegetables and fruits,"Garlic (imported, China)",1082,KG,actual,Retail,154.12
2026-06-15,Dhaka,Dhaka,Mirpur 1 no.,11796,23.8,90.35,vegetables and fruits,"Garlic (imported, China)",1082,KG,actual,Retail,139.6
2026-07-15,Dhaka,Dhaka,Mirpur 1 no.,11796,23.8,90.35,vegetables and fruits,"Garlic (imported, China)",1082,KG,actual,Retail,142.7
2026-05-15,Dhaka,Dhaka,Mirpur 1 no.,11796,23.8,90.35,pulses and nuts,Lentils (masur),61,KG,actual,Retail,95.0
2026-06-15,Dhaka,Dhaka,Mirpur 1 no.,11796,23.8,90.35,pulses and nuts,Lentils (masur),61,KG,actual,Retail,93.9
2026-07-15,Dhaka,Dhaka,Mirpur 1 no.,11796,23.8,90.35,pulses and nuts,Lentils (masur),61,KG,actual,Retail,95.0
2026-05-15,Dhaka,Dhaka,Mirpur 1 no.,11796,23.8,90.35,oil and fats,Oil (palm),62,L,actual,Retail,164.5
2026-06-15,Dhaka,Dhaka,Mirpur 1 no.,11796,23.8,90.35,oil and fats,Oil (palm),62,L,actual,Retail,163.5
2026-07-15,Dhaka,Dhaka,Mirpur 1 no.,11796,23.8,90.35,oil and fats,Oil (palm),62,L,actual,Retail,162.5
2026-05-15,Dhaka,Dhaka,Mirpur 1 no.,11796,23.8,90.35,oil and fats,"Oil (soybean, fortified)",1282,L,actual,Retail,187.29
2026-06-15,Dhaka,Dhaka,Mirpur 1 no.,11796,23.8,90.35,oil and fats,"Oil (soybean, fortified)",1282,L,actual,Retail,187.0
2026-07-15,Dhaka,Dhaka,Mirpur 1 no.,11796,23.8,90.35,oil and fats,"Oil (soybean, fortified)",1282,L,actual,Retail,187.0
2026-05-15,Dhaka,Dhaka,Mirpur 1 no.,11796,23.8,90.35,vegetables and fruits,Papaya (green),1114,KG,actual,Retail,69.26
2026-06-15,Dhaka,Dhaka,Mirpur 1 no.,11796,23.8,90.35,vegetables and fruits,Papaya (green),1114,KG,actual,Retail,44.2
2026-07-15,Dhaka,Dhaka,Mirpur 1 no.,11796,23.8,90.35,vegetables and fruits,Papaya (green),1114,KG,actual,Retail,34.7
2026-05-15,Dhaka,Dhaka,Mirpur 1 no.,11796,23.8,90.35,vegetables and fruits,Snake gourd,675,KG,actual,Retail,66.47
2026-06-15,Dhaka,Dhaka,Mirpur 1 no.,11796,23.8,90.35,vegetables and fruits,Snake gourd,675,KG,actual,Retail,44.6
2026-07-15,Dhaka,Dhaka,Mirpur 1 no.,11796,23.8,90.35,vegetables and fruits,Snake gourd,675,KG,actual,Retail,56.7
2026-05-15,Dhaka,Dhaka,Mirpur 1 no.,11796,23.8,90.35,miscellaneous food,Sugar,97,KG,actual,Retail,103.5
2026-06-15,Dhaka,Dhaka,Mirpur 1 no.,11796,23.8,90.35,miscellaneous food,Sugar,97,KG,actual,Retail,104.0
2026-07-15,Dhaka,Dhaka,Mirpur 1 no.,11796,23.8,90.35,miscellaneous food,Sugar,97,KG,actual,Retail,105.0
2026-05-15,Dhaka,Dhaka,Mirpur 1 no.,11796,23.8,90.35,cereals and tubers,Wheat flour,58,KG,actual,Retail,60.0
2026-06-15,Dhaka,Dhaka,Mirpur 1 no.,11796,23.8,90.35,cereals and tubers,Wheat flour,58,KG,actual,Retail,60.0
2026-07-15,Dhaka,Dhaka,Mirpur 1 no.,11796,23.8,90.35,cereals and tubers,Wheat flour,58,KG,actual,Retail,60.0
2026-06-15,Khulna,Khulna,Dumuria,11833,22.81,89.42,vegetables and fruits,Chili (green),90,KG,actual,Retail,79.5
2026-07-15,Khulna,Khulna,Dumuria,11833,22.81,89.42,vegetables and fruits,Chili (green),90,KG,actual,Retail,137.4
2026-05-15,Khulna,Khulna,Dumuria,11833,22.81,89.42,"meat, fish and eggs",Eggs (brown),1073,1 piece,actual,Retail,12.0
2026-06-15,Khulna,Khulna,Dumuria,11833,22.81,89.42,"meat, fish and eggs",Eggs (brown),1073,1 piece,actual,Retail,11.4
2026-07-15,Khulna,Khulna,Dumuria,11833,22.81,89.42,"meat, fish and eggs",Eggs (brown),1073,1 piece,actual,Retail,10.9
2026-05-15,Khulna,Khulna,Dumuria,11833,22.81,89.42,oil and fats,Oil (palm),62,L,actual,Retail,168.0
2026-06-15,Khulna,Khulna,Dumuria,11833,22.81,89.42,oil and fats,Oil (palm),62,L,actual,Retail,168.0
2026-05-15,Khulna,Khulna,Dumuria,11833,22.81,89.42,oil and fats,"Oil (soybean, fortified)",1282,L,actual,Retail,189.0
2026-06-15,Khulna,Khulna,Dumuria,11833,22.81,89.42,oil and fats,"Oil (soybean, fortified)",1282,L,actual,Retail,189.0
2026-07-15,Khulna,Khulna,Dumuria,11833,22.81,89.42,oil and fats,"Oil (soybean, fortified)",1282,L,actual,Retail,185.8
2026-07-15,Khulna,Khulna,Dumuria,11833,22.81,89.42,vegetables and fruits,Papaya (green),1114,KG,actual,Retail,33.8
2026-07-15,Khulna,Khulna,Dumuria,11833,22.81,89.42,miscellaneous food,Sugar,97,KG,actual,Retail,106.4
2026-05-15,Khulna,Khulna,Dumuria,11833,22.81,89.42,cereals and tubers,Wheat flour,58,KG,actual,Retail,57.5
2026-06-15,Khulna,Khulna,Dumuria,11833,22.81,89.42,cereals and tubers,Wheat flour,58,KG,actual,Retail,54.5
2026-07-15,Khulna,Khulna,Dumuria,11833,22.81,89.42,cereals and tubers,Wheat flour,58,KG,actual,Retail,53.3
2006-01-15,Khulna,Khulna,Khulna Division,118,22.82,89.56,pulses and nuts,Lentils (masur),61,KG,actual,Retail,43.0
2006-02-15,Khulna,Khulna,Khulna Division,118,22.82,89.56,pulses and nuts,Lentils (masur),61,KG,actual,Retail,43.0
2006-03-15,Khulna,Khulna,Khulna Division,118,22.82,89.56,pulses and nuts,Lentils (masur),61,KG,actual,Retail,47.0
2006-04-15,Khulna,Khulna,Khulna Division,118,22.82,89.56,pulses and nuts,Lentils (masur),61,KG,actual,Retail,49.0
2006-05-15,Khulna,Khulna,Khulna Division,118,22.82,89.56,pulses and nuts,Lentils (masur),61,KG,actual,Retail,52.0
2006-06-15,Khulna,Khulna,Khulna Division,118,22.82,89.56,pulses and nuts,Lentils (masur),61,KG,actual,Retail,52.0
2006-07-15,Khulna,Khulna,Khulna Division,118,22.82,89.56,pulses and nuts,Lentils (masur),61,KG,actual,Retail,56.0
2006-08-15,Khulna,Khulna,Khulna Division,118,22.82,89.56,pulses and nuts,Lentils (masur),61,KG,actual,Retail,57.0
2006-09-15,Khulna,Khulna,Khulna Division,118,22.82,89.56,pulses and nuts,Lentils (masur),61,KG,actual,Retail,58.0
2006-10-15,Khulna,Khulna,Khulna Division,118,22.82,89.56,pulses and nuts,Lentils (masur),61,KG,actual,Retail,47.0
2006-11-15,Khulna,Khulna,Khulna Division,118,22.82,89.56,pulses and nuts,Lentils (masur),61,KG,actual,Retail,54.0
2006-12-15,Khulna,Khulna,Khulna Division,118,22.82,89.56,pulses and nuts,Lentils (masur),61,KG,actual,Retail,53.0
2007-01-15,Khulna,Khulna,Khulna Division,118,22.82,89.56,pulses and nuts,Lentils (masur),61,KG,actual,Retail,50.5
2007-02-15,Khulna,Khulna,Khulna Division,118,22.82,89.56,pulses and nuts,Lentils (masur),61,KG,actual,Retail,49.33
2007-03-15,Khulna,Khulna,Khulna Division,118,22.82,89.56,pulses and nuts,Lentils (masur),61,KG,actual,Retail,50.0
2007-04-15,Khulna,Khulna,Khulna Division,118,22.82,89.56,pulses and nuts,Lentils (masur),61,KG,actual,Retail,50.83
2007-05-15,Khulna,Khulna,Khulna Division,118,22.82,89.56,pulses and nuts,Lentils (masur),61,KG,actual,Retail,53.67
2007-06-15,Khulna,Khulna,Khulna Division,118,22.82,89.56,pulses and nuts,Lentils (masur),61,KG,actual,Retail,56.8
2007-07-15,Khulna,Khulna,Khulna Division,118,22.82,89.56,pulses and nuts,Lentils (masur),61,KG,actual,Retail,57.83
2007-08-15,Khulna,Khulna,Khulna Division,118,22.82,89.56,pulses and nuts,Lentils (masur),61,KG,actual,Retail,59.67
2007-09-15,Khulna,Khulna,Khulna Division,118,22.82,89.56,pulses and nuts,Lentils (masur),61,KG,actual,Retail,61.2
2007-10-15,Khulna,Khulna,Khulna Division,118,22.82,89.56,pulses and nuts,Lentils (masur),61,KG,actual,Retail,61.0
2007-11-15,Khulna,Khulna,Khulna Division,118,22.82,89.56,pulses and nuts,Lentils (masur),61,KG,actual,Retail,62.0
2007-12-15,Khulna,Khulna,Khulna Division,118,22.82,89.56,pulses and nuts,Lentils (masur),61,KG,actual,Retail,61.0
2008-01-15,Khulna,Khulna,Khulna Division,118,22.82,89.56,pulses and nuts,Lentils (masur),61,KG,actual,Retail,61.33
2008-02-15,Khulna,Khulna,Khulna Division,118,22.82,89.56,pulses and nuts,Lentils (masur),61,KG,actual,Retail,62.33
2008-03-15,Khulna,Khulna,Khulna Division,118,22.82,89.56,pulses and nuts,Lentils (masur),61,KG,actual,Retail,72.0
2008-04-15,Khulna,Khulna,Khulna Division,118,22.82,89.56,pulses and nuts,Lentils (masur),61,KG,actual,Retail,75.25
2008-05-15,Khulna,Khulna,Khulna Division,118,22.82,89.56,pulses and nuts,Lentils (masur),61,KG,actual,Retail,76.8
2008-06-15,Khulna,Khulna,Khulna Division,118,22.82,89.56,pulses and nuts,Lentils (masur),61,KG,actual,Retail,77.0
2008-07-15,Khulna,Khulna,Khulna Division,118,22.82,89.56,pulses and nuts,Lentils (masur),61,KG,actual,Retail,83.4
2008-08-15,Khulna,Khulna,Khulna Division,118,22.82,89.56,pulses and nuts,Lentils (masur),61,KG,actual,Retail,85.8
2008-09-15,Khulna,Khulna,Khulna Division,118,22.82,89.56,pulses and nuts,Lentils (masur),61,KG,actual,Retail,87.17
2008-10-15,Khulna,Khulna,Khulna Division,118,22.82,89.56,pulses and nuts,Lentils (masur),61,KG,actual,Retail,87.67
2008-11-15,Khulna,Khulna,Khulna Division,118,22.82,89.56,pulses and nuts,Lentils (masur),61,KG,actual,Retail,87.17
2008-12-15,Khulna,Khulna,Khulna Division,118,22.82,89.56,pulses and nuts,Lentils (masur),61,KG,actual,Retail,84.67
2009-01-15,Khulna,Khulna,Khulna Division,118,22.82,89.56,pulses and nuts,Lentils (masur),61,KG,actual,Retail,77.6
2009-02-15,Khulna,Khulna,Khulna Division,118,22.82,89.56,pulses and nuts,Lentils (masur),61,KG,actual,Retail,78.17
2009-03-15,Khulna,Khulna,Khulna Division,118,22.82,89.56,pulses and nuts,Lentils (masur),61,KG,actual,Retail,78.5
2009-04-15,Khulna,Khulna,Khulna Division,118,22.82,89.56,pulses and nuts,Lentils (masur),61,KG,actual,Retail,80.0
2009-05-15,Khulna,Khulna,Khulna Division,118,22.82,89.56,pulses and nuts,Lentils (masur),61,KG,actual,Retail,83.6
2009-06-15,Khulna,Khulna,Khulna Division,118,22.82,89.56,pulses and nuts,Lentils (masur),61,KG,actual,Retail,85.2
2009-07-15,Khulna,Khulna,Khulna Division,118,22.82,89.56,pulses and nuts,Lentils (masur),61,KG,actual,Retail,87.33
2009-08-15,Khulna,Khulna,Khulna Division,118,22.82,89.56,pulses and nuts,Lentils (masur),61,KG,actual,Retail,97.0
2009-09-15,Khulna,Khulna,Khulna Division,118,22.82,89.56,pulses and nuts,Lentils (masur),61,KG,actual,Retail,99.0
2009-10-15,Khulna,Khulna,Khulna Division,118,22.82,89.56,pulses and nuts,Lentils (masur),61,KG,actual,Retail,93.67
2009-11-15,Khulna,Khulna,Khulna Division,118,22.82,89.56,pulses and nuts,Lentils (masur),61,KG,actual,Retail,91.2
2009-12-15,Khulna,Khulna,Khulna Division,118,22.82,89.56,pulses and nuts,Lentils (masur),61,KG,actual,Retail,88.33
2010-01-15,Khulna,Khulna,Khulna Division,118,22.82,89.56,pulses and nuts,Lentils (masur),61,KG,actual,Retail,89.0
2010-02-15,Khulna,Khulna,Khulna Division,118,22.82,89.56,pulses and nuts,Lentils (masur),61,KG,actual,Retail,86.0
2010-03-15,Khulna,Khulna,Khulna Division,118,22.82,89.56,pulses and nuts,Lentils (masur),61,KG,actual,Retail,83.0
2010-04-15,Khulna,Khulna,Khulna Division,118,22.82,89.56,pulses and nuts,Lentils (masur),61,KG,actual,Retail,77.67
2010-05-15,Khulna,Khulna,Khulna Division,118,22.82,89.56,pulses and nuts,Lentils (masur),61,KG,actual,Retail,77.67
2010-06-15,Khulna,Khulna,Khulna Division,118,22.82,89.56,pulses and nuts,Lentils (masur),61,KG,actual,Retail,81.0
2010-07-15,Khulna,Khulna,Khulna Division,118,22.82,89.56,pulses and nuts,Lentils (masur),61,KG,actual,Retail,83.0
2010-08-15,Khulna,Khulna,Khulna Division,118,22.82,89.56,pulses and nuts,Lentils (masur),61,KG,actual,Retail,81.33
2010-09-15,Khulna,Khulna,Khulna Division,118,22.82,89.56,pulses and nuts,Lentils (masur),61,KG,actual,Retail,79.33
2010-10-15,Khulna,Khulna,Khulna Division,118,22.82,89.56,pulses and nuts,Lentils (masur),61,KG,actual,Retail,83.75
2010-11-15,Khulna,Khulna,Khulna Division,118,22.82,89.56,pulses and nuts,Lentils (masur),61,KG,actual,Retail,83.0
2010-12-15,Khulna,Khulna,Khulna Division,118,22.82,89.56,pulses and nuts,Lentils (masur),61,KG,actual,Retail,77.0
2011-01-15,Khulna,Khulna,Khulna Division,118,22.82,89.56,pulses and nuts,Lentils (masur),61,KG,actual,Retail,82.0
2011-03-15,Khulna,Khulna,Khulna Division,118,22.82,89.56,pulses and nuts,Lentils (masur),61,KG,actual,Retail,76.12
2011-04-15,Khulna,Khulna,Khulna Division,118,22.82,89.56,pulses and nuts,Lentils (masur),61,KG,actual,Retail,72.67
2011-05-15,Khulna,Khulna,Khulna Division,118,22.82,89.56,pulses and nuts,Lentils (masur),61,KG,actual,Retail,74.33
2011-06-15,Khulna,Khulna,Khulna Division,118,22.82,89.56,pulses and nuts,Lentils (masur),61,KG,actual,Retail,74.33
2011-07-15,Khulna,Khulna,Khulna Division,118,22.82,89.56,pulses and nuts,Lentils (masur),61,KG,actual,Retail,71.67
2011-08-15,Khulna,Khulna,Khulna Division,118,22.82,89.56,pulses and nuts,Lentils (masur),61,KG,actual,Retail,74.13
2011-09-15,Khulna,Khulna,Khulna Division,118,22.82,89.56,pulses and nuts,Lentils (masur),61,KG,actual,Retail,75.89
2011-10-15,Khulna,Khulna,Khulna Division,118,22.82,89.56,pulses and nuts,Lentils (masur),61,KG,actual,Retail,75.88
2011-11-15,Khulna,Khulna,Khulna Division,118,22.82,89.56,pulses and nuts,Lentils (masur),61,KG,actual,Retail,75.0
2011-12-15,Khulna,Khulna,Khulna Division,118,22.82,89.56,pulses and nuts,Lentils (masur),61,KG,actual,Retail,71.75
2012-01-15,Khulna,Khulna,Khulna Division,118,22.82,89.56,pulses and nuts,Lentils (masur),61,KG,actual,Retail,71.5
2012-02-15,Khulna,Khulna,Khulna Division,118,22.82,89.56,pulses and nuts,Lentils (masur),61,KG,actual,Retail,71.43
2012-03-15,Khulna,Khulna,Khulna Division,118,22.82,89.56,pulses and nuts,Lentils (masur),61,KG,actual,Retail,70.0
2012-04-15,Khulna,Khulna,Khulna Division,118,22.82,89.56,pulses and nuts,Lentils (masur),61,KG,actual,Retail,71.86
2012-05-15,Khulna,Khulna,Khulna Division,118,22.82,89.56,pulses and nuts,Lentils (masur),61,KG,actual,Retail,77.29
2012-06-15,Khulna,Khulna,Khulna Division,118,22.82,89.56,pulses and nuts,Lentils (masur),61,KG,actual,Retail,78.0
2012-07-15,Khulna,Khulna,Khulna Division,118,22.82,89.56,pulses and nuts,Lentils (masur),61,KG,actual,Retail,80.57
2012-08-15,Khulna,Khulna,Khulna Division,118,22.82,89.56,pulses and nuts,Lentils (masur),61,KG,actual,Retail,81.43
2012-09-15,Khulna,Khulna,Khulna Division,118,22.82,89.56,pulses and nuts,Lentils (masur),61,KG,actual,Retail,82.29
2012-10-15,Khulna,Khulna,Khulna Division,118,22.82,89.56,pulses and nuts,Lentils (masur),61,KG,actual,Retail,82.0
2012-11-15,Khulna,Khulna,Khulna Division,118,22.82,89.56,pulses and nuts,Lentils (masur),61,KG,actual,Retail,83.29
2012-12-15,Khulna,Khulna,Khulna Division,118,22.82,89.56,pulses and nuts,Lentils (masur),61,KG,actual,Retail,83.29
2013-01-15,Khulna,Khulna,Khulna Division,118,22.82,89.56,pulses and nuts,Lentils (masur),61,KG,actual,Retail,84.85
2013-02-15,Khulna,Khulna,Khulna Division,118,22.82,89.56,pulses and nuts,Lentils (masur),61,KG,actual,Retail,85.57
2013-03-15,Khulna,Khulna,Khulna Division,118,22.82,89.56,pulses and nuts,Lentils (masur),61,KG,actual,Retail,85.43
2013-04-15,Khulna,Khulna,Khulna Division,118,22.82,89.56,pulses and nuts,Lentils (masur),61,KG,actual,Retail,78.0
2013-05-15,Khulna,Khulna,Khulna Division,118,22.82,89.56,pulses and nuts,Lentils (masur),61,KG,actual,Retail,81.14
2013-06-15,Khulna,Khulna,Khulna Division,118,22.82,89.56,pulses and nuts,Lentils (masur),61,KG,actual,Retail,83.43
2013-07-15,Khulna,Khulna,Khulna Division,118,22.82,89.56,pulses and nuts,Lentils (masur),61,KG,actual,Retail,81.57
2013-08-15,Khulna,Khulna,Khulna Division,118,22.82,89.56,pulses and nuts,Lentils (masur),61,KG,actual,Retail,81.14
2013-09-15,Khulna,Khulna,Khulna Division,118,22.82,89.56,pulses and nuts,Lentils (masur),61,KG,actual,Retail,83.0
2013-10-15,Khulna,Khulna,Khulna Division,118,22.82,89.56,pulses and nuts,Lentils (masur),61,KG,actual,Retail,84.33
2013-11-15,Khulna,Khulna,Khulna Division,118,22.82,89.56,pulses and nuts,Lentils (masur),61,KG,actual,Retail,82.88
2013-12-15,Khulna,Khulna,Khulna Division,118,22.82,89.56,pulses and nuts,Lentils (masur),61,KG,actual,Retail,83.75
2014-01-15,Khulna,Khulna,Khulna Division,118,22.82,89.56,pulses and nuts,Lentils (masur),61,KG,actual,Retail,83.29
2014-02-15,Khulna,Khulna,Khulna Division,118,22.82,89.56,pulses and nuts,Lentils (masur),61,KG,actual,Retail,81.88
2014-03-15,Khulna,Khulna,Khulna Division,118,22.82,89.56,pulses and nuts,Lentils (masur),61,KG,actual,Retail,79.11
2014-04-15,Khulna,Khulna,Khulna Division,118,22.82,89.56,pulses and nuts,Lentils (masur),61,KG,actual,Retail,74.67
2014-05-15,Khulna,Khulna,Khulna Division,118,22.82,89.56,pulses and nuts,Lentils (masur),61,KG,actual,Retail,79.33
2014-06-15,Khulna,Khulna,Khulna Division,118,22.82,89.56,pulses and nuts,Lentils (masur),61,KG,actual,Retail,82.88
2014-07-15,Khulna,Khulna,Khulna Division,118,22.82,89.56,pulses and nuts,Lentils (masur),61,KG,actual,Retail,83.13
2014-08-15,Khulna,Khulna,Khulna Division,118,22.82,89.56,pulses and nuts,Lentils (masur),61,KG,actual,Retail,78.43
2014-09-15,Khulna,Khulna,Khulna Division,118,22.82,89.56,pulses and nuts,Lentils (masur),61,KG,actual,Retail,71.43
2014-10-15,Khulna,Khulna,Khulna Division,118,22.82,89.56,pulses and nuts,Lentils (masur),61,KG,actual,Retail,81.14
2014-11-15,Khulna,Khulna,Khulna Division,118,22.82,89.56,pulses and nuts,Lentils (masur),61,KG,actual,Retail,83.71
2014-12-15,Khulna,Khulna,Khulna Division,118,22.82,89.56,pulses and nuts,Lentils (masur),61,KG,actual,Retail,85.43
2015-01-15,Khulna,Khulna,Khulna Division,118,22.82,89.56,pulses and nuts,Lentils (masur),61,KG,actual,Retail,86.71
2015-02-15,Khulna,Khulna,Khulna Division,118,22.82,89.56,pulses and nuts,Lentils (masur),61,KG,actual,Retail,87.43
2015-03-15,Khulna,Khulna,Khulna Division,118,22.82,89.56,pulses and nuts,Lentils (masur),61,KG,actual,Retail,87.29
2015-04-15,Khulna,Khulna,Khulna Division,118,22.82,89.56,pulses and nuts,Lentils (masur),61,KG,actual,Retail,86.57
2015-05-15,Khulna,Khulna,Khulna Division,118,22.82,89.56,pulses and nuts,Lentils (masur),61,KG,actual,Retail,87.43
2015-06-15,Khulna,Khulna,Khulna Division,118,22.82,89.56,pulses and nuts,Lentils (masur),61,KG,actual,Retail,88.57
2015-07-15,Khulna,Khulna,Khulna Division,118,22.82,89.56,pulses and nuts,Lentils (masur),61,KG,actual,Retail,89.86
2015-08-15,Khulna,Khulna,Khulna Division,118,22.82,89.56,pulses and nuts,Lentils (masur),61,KG,actual,Retail,96.29
2015-09-15,Khulna,Khulna,Khulna Division,118,22.82,89.56,pulses and nuts,Lentils (masur),61,KG,actual,Retail,96.57
2015-10-15,Khulna,Khulna,Khulna Division,118,22.82,89.56,pulses and nuts,Lentils (masur),61,KG,actual,Retail,96.14
2015-11-15,Khulna,Khulna,Khulna Division,118,22.82,89.56,pulses and nuts,Lentils (masur),61,KG,actual,Retail,96.43
2015-12-15,Khulna,Khulna,Khulna Division,118,22.82,89.56,pulses and nuts,Lentils (masur),61,KG,actual,Retail,96.71
2016-01-15,Khulna,Khulna,Khulna Division,118,22.82,89.56,pulses and nuts,Lentils (masur),61,KG,actual,Retail,97.71
2016-02-15,Khulna,Khulna,Khulna Division,118,22.82,89.56,pulses and nuts,Lentils (masur),61,KG,actual,Retail,98.28
2016-03-15,Khulna,Khulna,Khulna Division,118,22.82,89.56,pulses and nuts,Lentils (masur),61,KG,actual,Retail,99.71
2016-04-15,Khulna,Khulna,Khulna Division,118,22.82,89.56,pulses and nuts,Lentils (masur),61,KG,actual,Retail,101.75
2016-05-15,Khulna,Khulna,Khulna Division,118,22.82,89.56,pulses and nuts,Lentils (masur),61,KG,actual,Retail,103.43
2016-06-15,Khulna,Khulna,Khulna Division,118,22.82,89.56,pulses and nuts,Lentils (masur),61,KG,actual,Retail,104.43
2016-07-15,Khulna,Khulna,Khulna Division,118,22.82,89.56,pulses and nuts,Lentils (masur),61,KG,actual,Retail,104.85
2016-08-15,Khulna,Khulna,Khulna Division,118,22.82,89.56,pulses and nuts,Lentils (masur),61,KG,actual,Retail,104.57
2016-09-15,Khulna,Khulna,Khulna Division,118,22.82,89.56,pulses and nuts,Lentils (masur),61,KG,actual,Retail,104.6
2016-10-15,Khulna,Khulna,Khulna Division,118,22.82,89.56,pulses and nuts,Lentils (masur),61,KG,actual,Retail,103.3
2016-11-15,Khulna,Khulna,Khulna Division,118,22.82,89.56,pulses and nuts,Lentils (masur),61,KG,actual,Retail,99.14
2016-12-15,Khulna,Khulna,Khulna Division,118,22.82,89.56,pulses and nuts,Lentils (masur),61,KG,actual,Retail,97.86
2017-01-15,Khulna,Khulna,Khulna Division,118,22.82,89.56,pulses and nuts,Lentils (masur),61,KG,actual,Retail,95.14
2017-02-15,Khulna,Khulna,Khulna Division,118,22.82,89.56,pulses and nuts,Lentils (masur),61,KG,actual,Retail,91.43
2017-03-15,Khulna,Khulna,Khulna Division,118,22.82,89.56,pulses and nuts,Lentils (masur),61,KG,actual,Retail,86.0
2017-04-15,Khulna,Khulna,Khulna Division,118,22.82,89.56,pulses and nuts,Lentils (masur),61,KG,actual,Retail,85.29
2017-05-15,Khulna,Khulna,Khulna Division,118,22.82,89.56,pulses and nuts,Lentils (masur),61,KG,actual,Retail,87.75
2017-06-15,Khulna,Khulna,Khulna Division,118,22.82,89.56,pulses and nuts,Lentils (masur),61,KG,actual,Retail,75.06
2017-07-15,Khulna,Khulna,Khulna Division,118,22.82,89.56,pulses and nuts,Lentils (masur),61,KG,actual,Retail,73.15
2017-08-15,Khulna,Khulna,Khulna Division,118,22.82,89.56,pulses and nuts,Lentils (masur),61,KG,actual,Retail,69.23
2017-09-15,Khulna,Khulna,Khulna Division,118,22.82,89.56,pulses and nuts,Lentils (masur),61,KG,actual,Retail,66.77
2017-10-15,Khulna,Khulna,Khulna Division,118,22.82,89.56,pulses and nuts,Lentils (masur),61,KG,actual,Retail,68.13
2017-11-15,Khulna,Khulna,Khulna Division,118,22.82,89.56,pulses and nuts,Lentils (masur),61,KG,actual,Retail,66.0
2017-12-15,Khulna,Khulna,Khulna Division,118,22.82,89.56,pulses and nuts,Lentils (masur),61,KG,actual,Retail,62.08
2018-01-15,Khulna,Khulna,Khulna Division,118,22.82,89.56,pulses and nuts,Lentils (masur),61,KG,actual,Retail,60.38
2018-02-15,Khulna,Khulna,Khulna Division,118,22.82,89.56,pulses and nuts,Lentils (masur),61,KG,actual,Retail,59.93
2018-03-15,Khulna,Khulna,Khulna Division,118,22.82,89.56,pulses and nuts,Lentils (masur),61,KG,actual,Retail,59.88
2018-04-15,Khulna,Khulna,Khulna Division,118,22.82,89.56,pulses and nuts,Lentils (masur),61,KG,actual,Retail,59.88
2018-05-15,Khulna,Khulna,Khulna Division,118,22.82,89.56,pulses and nuts,Lentils (masur),61,KG,actual,Retail,58.68
2018-06-15,Khulna,Khulna,Khulna Division,118,22.82,89.56,pulses and nuts,Lentils (masur),61,KG,actual,Retail,58.5
2018-07-15,Khulna,Khulna,Khulna Division,118,22.82,89.56,pulses and nuts,Lentils (masur),61,KG,actual,Retail,58.77
2018-08-15,Khulna,Khulna,Khulna Division,118,22.82,89.56,pulses and nuts,Lentils (masur),61,KG,actual,Retail,67.09
2018-09-15,Khulna,Khulna,Khulna Division,118,22.82,89.56,pulses and nuts,Lentils (masur),61,KG,actual,Retail,57.83
2018-10-15,Khulna,Khulna,Khulna Division,118,22.82,89.56,pulses and nuts,Lentils (masur),61,KG,actual,Retail,56.77
2018-11-15,Khulna,Khulna,Khulna Division,118,22.82,89.56,pulses and nuts,Lentils (masur),61,KG,actual,Retail,54.58
2018-12-15,Khulna,Khulna,Khulna Division,118,22.82,89.56,pulses and nuts,Lentils (masur),61,KG,actual,Retail,53.81
2019-01-15,Khulna,Khulna,Khulna Division,118,22.82,89.56,pulses and nuts,Lentils (masur),61,KG,actual,Retail,55.27
2019-02-15,Khulna,Khulna,Khulna Division,118,22.82,89.56,pulses and nuts,Lentils (masur),61,KG,actual,Retail,56.8
2019-03-15,Khulna,Khulna,Khulna Division,118,22.82,89.56,pulses and nuts,Lentils (masur),61,KG,actual,Retail,56.71
2019-04-15,Khulna,Khulna,Khulna Division,118,22.82,89.56,pulses and nuts,Lentils (masur),61,KG,actual,Retail,56.75
2019-05-15,Khulna,Khulna,Khulna Division,118,22.82,89.56,pulses and nuts,Lentils (masur),61,KG,actual,Retail,57.09
2019-06-15,Khulna,Khulna,Khulna Division,118,22.82,89.56,pulses and nuts,Lentils (masur),61,KG,actual,Retail,57.25
2019-08-15,Khulna,Khulna,Khulna Division,118,22.82,89.56,pulses and nuts,Lentils (masur),61,KG,actual,Retail,60.6
2019-09-15,Khulna,Khulna,Khulna Division,118,22.82,89.56,pulses and nuts,Lentils (masur),61,KG,actual,Retail,56.4
2019-10-15,Khulna,Khulna,Khulna Division,118,22.82,89.56,pulses and nuts,Lentils (masur),61,KG,actual,Retail,55.8
2019-11-15,Khulna,Khulna,Khulna Division,118,22.82,89.56,pulses and nuts,Lentils (masur),61,KG,actual,Retail,55.9
2019-12-15,Khulna,Khulna,Khulna Division,118,22.82,89.56,pulses and nuts,Lentils (masur),61,KG,actual,Retail,55.3
2020-01-15,Khulna,Khulna,Khulna Division,118,22.82,89.56,pulses and nuts,Lentils (masur),61,KG,actual,Retail,65.9
2020-02-15,Khulna,Khulna,Khulna Division,118,22.82,89.56,pulses and nuts,Lentils (masur),61,KG,actual,Retail,69.7
2020-03-15,Khulna,Khulna,Khulna Division,118,22.82,89.56,pulses and nuts,Lentils (masur),61,KG,actual,Retail,68.0
2020-04-15,Khulna,Khulna,Khulna Division,118,22.82,89.56,pulses and nuts,Lentils (masur),61,KG,actual,Retail,85.53
2020-05-15,Khulna,Khulna,Khulna Division,118,22.82,89.56,pulses and nuts,Lentils (masur),61,KG,actual,Retail,78.1
2020-06-15,Khulna,Khulna,Khulna Division,118,22.82,89.56,pulses and nuts,Lentils (masur),61,KG,aggregate,Retail,70.42
2020-07-15,Khulna,Khulna,Khulna Division,118,22.82,89.56,pulses and nuts,Lentils (masur),61,KG,aggregate,Retail,71.27
2005-10-15,Khulna,Khulna,Khulna Division,118,22.82,89.56,oil and fats,Oil (palm),62,L,actual,Retail,41.0
2005-11-15,Khulna,Khulna,Khulna Division,118,22.82,89.56,oil and fats,Oil (palm),62,L,actual,Retail,38.0
2005-12-15,Khulna,Khulna,Khulna Division,118,22.82,89.56,oil and fats,Oil (palm),62,L,actual,Retail,39.0
2006-01-15,Khulna,Khulna,Khulna Division,118,22.82,89.56,oil and fats,Oil (palm),62,L,actual,Retail,34.0
2006-02-15,Khulna,Khulna,Khulna Division,118,22.82,89.56,oil and fats,Oil (palm),62,L,actual,Retail,38.0
2006-03-15,Khulna,Khulna,Khulna Division,118,22.82,89.56,oil and fats,Oil (palm),62,L,actual,Retail,38.0
2007-05-15,Khulna,Khulna,Khulna Division,118,22.82,89.56,oil and fats,Oil (palm),62,L,actual,Retail,66.0
2007-06-15,Khulna,Khulna,Khulna Division,118,22.82,89.56,oil and fats,Oil (palm),62,L,actual,Retail,68.0
2007-07-15,Khulna,Khulna,Khulna Division,118,22.82,89.56,oil and fats,Oil (palm),62,L,actual,Retail,68.0
2007-10-15,Khulna,Khulna,Khulna Division,118,22.82,89.56,oil and fats,Oil (palm),62,L,actual,Retail,74.0
2007-11-15,Khulna,Khulna,Khulna Division,118,22.82,89.56,oil and fats,Oil (palm),62,L,actual,Retail,80.0
2007-12-15,Khulna,Khulna,Khulna Division,118,22.82,89.56,oil and fats,Oil (palm),62,L,actual,Retail,80.0
2008-01-15,Khulna,Khulna,Khulna Division,118,22.82,89.56,oil and fats,Oil (palm),62,L,actual,Retail,79.0
2008-02-15,Khulna,Khulna,Khulna Division,118,22.82,89.56,oil and fats,Oil (palm),62,L,actual,Retail,87.0
2008-03-15,Khulna,Khulna,Khulna Division,118,22.82,89.56,oil and fats,Oil (palm),62,L,actual,Retail,96.0
2008-04-15,Khulna,Khulna,Khulna Division,118,22.82,89.56,oil and fats,Oil (palm),62,L,actual,Retail,92.0
2008-05-15,Khulna,Khulna,Khulna Division,118,22.82,89.56,oil and fats,Oil (palm),62,L,actual,Retail,98.0
2008-06-15,Khulna,Khulna,Khulna Division,118,22.82,89.56,oil and fats,Oil (palm),62,L,actual,Retail,98.0
2008-07-15,Khulna,Khulna,Khulna Division,118,22.82,89.56,oil and fats,Oil (palm),62,L,actual,Retail,100.5
2008-08-15,Khulna,Khulna,Khulna Division,118,22.82,89.56,oil and fats,Oil (palm),62,L,actual,Retail,90.67
2008-10-15,Khulna,Khulna,Khulna Division,118,22.82,89.56,oil and fats,Oil (palm),62,L,actual,Retail,64.0
2008-11-15,Khulna,Khulna,Khulna Division,118,22.82,89.56,oil and fats,Oil (palm),62,L,actual,Retail,68.33
2008-12-15,Khulna,Khulna,Khulna Division,118,22.82,89.56,oil and fats,Oil (palm),62,L,actual,Retail,63.0
2009-01-15,Khulna,Khulna,Khulna Division,118,22.82,89.56,oil and fats,Oil (palm),62,L,actual,Retail,47.67
2009-02-15,Khulna,Khulna,Khulna Division,118,22.82,89.56,oil and fats,Oil (palm),62,L,actual,Retail,49.0
2009-03-15,Khulna,Khulna,Khulna Division,118,22.82,89.56,oil and fats,Oil (palm),62,L,actual,Retail,50.67
2009-04-15,Khulna,Khulna,Khulna Division,118,22.82,89.56,oil and fats,Oil (palm),62,L,actual,Retail,58.67
2009-05-15,Khulna,Khulna,Khulna Division,118,22.82,89.56,oil and fats,Oil (palm),62,L,actual,Retail,66.0
2009-06-15,Khulna,Khulna,Khulna Division,118,22.82,89.56,oil and fats,Oil (palm),62,L,actual,Retail,65.0
2009-08-15,Khulna,Khulna,Khulna Division,118,22.82,89.56,oil and fats,Oil (palm),62,L,actual,Retail,60.5
2009-10-15,Khulna,Khulna,Khulna Division,118,22.82,89.56,oil and fats,Oil (palm),62,L,actual,Retail,59.33
2009-11-15,Khulna,Khulna,Khulna Division,118,22.82,89.56,oil and fats,Oil (palm),62,L,actual,Retail,57.67
2009-12-15,Khulna,Khulna,Khulna Division,118,22.82,89.56,oil and fats,Oil (palm),62,L,actual,Retail,59.0
2010-01-15,Khulna,Khulna,Khulna Division,118,22.82,89.56,oil and fats,Oil (palm),62,L,actual,Retail,62.0
2010-02-15,Khulna,Khulna,Khulna Division,118,22.82,89.56,oil and fats,Oil (palm),62,L,actual,Retail,62.0
2010-03-15,Khulna,Khulna,Khulna Division,118,22.82,89.56,oil and fats,Oil (palm),62,L,actual,Retail,62.0
2010-04-15,Khulna,Khulna,Khulna Division,118,22.82,89.56,oil and fats,Oil (palm),62,L,actual,Retail,61.0
2010-05-15,Khulna,Khulna,Khulna Division,118,22.82,89.56,oil and fats,Oil (palm),62,L,actual,Retail,63.67
2010-06-15,Khulna,Khulna,Khulna Division,118,22.82,89.56,oil and fats,Oil (palm),62,L,actual,Retail,65.0
2010-09-15,Khulna,Khulna,Khulna Division,118,22.82,89.56,oil and fats,Oil (palm),62,L,actual,Retail,74.0
2010-10-15,Khulna,Khulna,Khulna Division,118,22.82,89.56,oil and fats,Oil (palm),62,L,actual,Retail,78.67
2010-11-15,Khulna,Khulna,Khulna Division,118,22.82,89.56,oil and fats,Oil (palm),62,L,actual,Retail,81.67
2010-12-15,Khulna,Khulna,Khulna Division,118,22.82,89.56,oil and fats,Oil (palm),62,L,actual,Retail,84.0
2011-01-15,Khulna,Khulna,Khulna Division,118,22.82,89.56,oil and fats,Oil (palm),62,L,actual,Retail,91.33
2011-02-15,Khulna,Khulna,Khulna Division,118,22.82,89.56,oil and fats,Oil (palm),62,L,actual,Retail,98.4
2011-03-15,Khulna,Khulna,Khulna Division,118,22.82,89.56,oil and fats,Oil (palm),62,L,actual,Retail,95.12
2011-04-15,Khulna,Khulna,Khulna Division,118,22.82,89.56,oil and fats,Oil (palm),62,L,actual,Retail,95.12
2011-05-15,Khulna,Khulna,Khulna Division,118,22.82,89.56,oil and fats,Oil (palm),62,L,actual,Retail,95.66
2011-06-15,Khulna,Khulna,Khulna Division,118,22.82,89.56,oil and fats,Oil (palm),62,L,actual,Retail,98.86
2011-07-15,Khulna,Khulna,Khulna Division,118,22.82,89.56,oil and fats,Oil (palm),62,L,actual,Retail,97.67
2011-08-15,Khulna,Khulna,Khulna Division,118,22.82,89.56,oil and fats,Oil (palm),62,L,actual,Retail,97.57
2011-09-15,Khulna,Khulna,Khulna Division,118,22.82,89.56,oil and fats,Oil (palm),62,L,actual,Retail,99.78
2011-10-15,Khulna,Khulna,Khulna Division,118,22.82,89.56,oil and fats,Oil (palm),62,L,actual,Retail,99.38
2011-11-15,Khulna,Khulna,Khulna Division,118,22.82,89.56,oil and fats,Oil (palm),62,L,actual,Retail,94.19
2011-12-15,Khulna,Khulna,Khulna Division,118,22.82,89.56,oil and fats,Oil (palm),62,L,actual,Retail,96.0
2012-01-15,Khulna,Khulna,Khulna Division,118,22.82,89.56,oil and fats,Oil (palm),62,L,actual,Retail,94.71
2012-02-15,Khulna,Khulna,Khulna Division,118,22.82,89.56,oil and fats,Oil (palm),62,L,actual,Retail,94.57
2012-03-15,Khulna,Khulna,Khulna Division,118,22.82,89.56,oil and fats,Oil (palm),62,L,actual,Retail,98.33
2012-04-15,Khulna,Khulna,Khulna Division,118,22.82,89.56,oil and fats,Oil (palm),62,L,actual,Retail,104.83
2012-05-15,Khulna,Khulna,Khulna Division,118,22.82,89.56,oil and fats,Oil (palm),62,L,actual,Retail,106.17
2012-06-15,Khulna,Khulna,Khulna Division,118,22.82,89.56,oil and fats,Oil (palm),62,L,actual,Retail,103.17
2012-08-15,Khulna,Khulna,Khulna Division,118,22.82,89.56,oil and fats,Oil (palm),62,L,actual,Retail,97.71
2012-09-15,Khulna,Khulna,Khulna Division,118,22.82,89.56,oil and fats,Oil (palm),62,L,actual,Retail,97.29
2012-10-15,Khulna,Khulna,Khulna Division,118,22.82,89.56,oil and fats,Oil (palm),62,L,actual,Retail,91.75
2012-11-15,Khulna,Khulna,Khulna Division,118,22.82,89.56,oil and fats,Oil (palm),62,L,actual,Retail,84.38
2012-12-15,Khulna,Khulna,Khulna Division,118,22.82,89.56,oil and fats,Oil (palm),62,L,actual,Retail,84.38
2013-01-15,Khulna,Khulna,Khulna Division,118,22.82,89.56,oil and fats,Oil (palm),62,L,actual,Retail,78.75
2013-02-15,Khulna,Khulna,Khulna Division,118,22.82,89.56,oil and fats,Oil (palm),62,L,actual,Retail,80.13
2013-03-15,Khulna,Khulna,Khulna Division,118,22.82,89.56,oil and fats,Oil (palm),62,L,actual,Retail,79.63
2013-04-15,Khulna,Khulna,Khulna Division,118,22.82,89.56,oil and fats,Oil (palm),62,L,actual,Retail,78.5
2013-05-15,Khulna,Khulna,Khulna Division,118,22.82,89.56,oil and fats,Oil (palm),62,L,actual,Retail,78.5
2013-06-15,Khulna,Khulna,Khulna Division,118,22.82,89.56,oil and fats,Oil (palm),62,L,actual,Retail,77.75
2013-07-15,Khulna,Khulna,Khulna Division,118,22.82,89.56,oil and fats,Oil (palm),62,L,actual,Retail,77.71
2013-09-15,Khulna,Khulna,Khulna Division,118,22.82,89.56,oil and fats,Oil (palm),62,L,actual,Retail,73.57
2013-10-15,Khulna,Khulna,Khulna Division,118,22.82,89.56,oil and fats,Oil (palm),62,L,actual,Retail,72.67
2013-11-15,Khulna,Khulna,Khulna Division,118,22.82,89.56,oil and fats,Oil (palm),62,L,actual,Retail,72.6
2013-12-15,Khulna,Khulna,Khulna Division,118,22.82,89.56,oil and fats,Oil (palm),62,L,actual,Retail,74.6
2014-01-15,Khulna,Khulna,Khulna Division,118,22.82,89.56,oil and fats,Oil (palm),62,L,actual,Retail,77.25
2014-02-15,Khulna,Khulna,Khulna Division,118,22.82,89.56,oil and fats,Oil (palm),62,L,actual,Retail,75.17
2014-03-15,Khulna,Khulna,Khulna Division,118,22.82,89.56,oil and fats,Oil (palm),62,L,actual,Retail,75.67
2014-04-15,Khulna,Khulna,Khulna Division,118,22.82,89.56,oil and fats,Oil (palm),62,L,actual,Retail,76.67
2014-05-15,Khulna,Khulna,Khulna Division,118,22.82,89.56,oil and fats,Oil (palm),62,L,actual,Retail,78.17
2014-06-15,Khulna,Khulna,Khulna Division,118,22.82,89.56,oil and fats,Oil (palm),62,L,actual,Retail,81.71
2014-07-15,Khulna,Khulna,Khulna Division,118,22.82,89.56,oil and fats,Oil (palm),62,L,actual,Retail,79.71
2014-08-15,Khulna,Khulna,Khulna Division,118,22.82,89.56,oil and fats,Oil (palm),62,L,actual,Retail,78.43
2014-09-15,Khulna,Khulna,Khulna Division,118,22.82,89.56,oil and fats,Oil (palm),62,L,actual,Retail,71.43
2014-10-15,Khulna,Khulna,Khulna Division,118,22.82,89.56,oil and fats,Oil (palm),62,L,actual,Retail,67.83
2014-11-15,Khulna,Khulna,Khulna Division,118,22.82,89.56,oil and fats,Oil (palm),62,L,actual,Retail,67.17
2014-12-15,Khulna,Khulna,Khulna Division,118,22.82,89.56,oil and fats,Oil (palm),62,L,actual,Retail,66.5
2015-01-15,Khulna,Khulna,Khulna Division,118,22.82,89.56,oil and fats,Oil (palm),62,L,actual,Retail,66.5
2015-02-15,Khulna,Khulna,Khulna Division,118,22.82,89.56,oil and fats,Oil (palm),62,L,actual,Retail,66.0
2015-03-15,Khulna,Khulna,Khulna Division,118,22.82,89.56,oil and fats,Oil (palm),62,L,actual,Retail,65.83
2015-04-15,Khulna,Khulna,Khulna Division,118,22.82,89.56,oil and fats,Oil (palm),62,L,actual,Retail,63.33
2015-05-15,Khulna,Khulna,Khulna Division,118,22.82,89.56,oil and fats,Oil (palm),62,L,actual,Retail,61.33
2015-06-15,Khulna,Khulna,Khulna Division,118,22.82,89.56,oil and fats,Oil (palm),62,L,actual,Retail,62.17
2015-08-15,Khulna,Khulna,Khulna Division,118,22.82,89.56,oil and fats,Oil (palm),62,L,actual,Retail,64.67
2015-09-15,Khulna,Khulna,Khulna Division,118,22.82,89.56,oil and fats,Oil (palm),62,L,actual,Retail,63.67
2015-10-15,Khulna,Khulna,Khulna Division,118,22.82,89.56,oil and fats,Oil (palm),62,L,actual,Retail,62.17
2015-11-15,Khulna,Khulna,Khulna Division,118,22.82,89.56,oil and fats,Oil (palm),62,L,actual,Retail,62.0
2015-12-15,Khulna,Khulna,Khulna Division,118,22.82,89.56,oil and fats,Oil (palm),62,L,actual,Retail,60.83
2016-01-15,Khulna,Khulna,Khulna Division,118,22.82,89.56,oil and fats,Oil (palm),62,L,actual,Retail,65.67
2016-02-15,Khulna,Khulna,Khulna Division,118,22.82,89.56,oil and fats,Oil (palm),62,L,actual,Retail,63.67
2016-03-15,Khulna,Khulna,Khulna Division,118,22.82,89.56,oil and fats,Oil (palm),62,L,actual,Retail,61.8
2016-04-15,Khulna,Khulna,Khulna Division,118,22.82,89.56,oil and fats,Oil (palm),62,L,actual,Retail,63.2
2016-05-15,Khulna,Khulna,Khulna Division,118,22.82,89.56,oil and fats,Oil (palm),62,L,actual,Retail,64.2
2016-06-15,Khulna,Khulna,Khulna Division,118,22.82,89.56,oil and fats,Oil (palm),62,L,actual,Retail,67.2
2016-07-15,Khulna,Khulna,Khulna Division,118,22.82,89.56,oil and fats,Oil (palm),62,L,actual,Retail,67.2
2016-08-15,Khulna,Khulna,Khulna Division,118,22.82,89.56,oil and fats,Oil (palm),62,L,actual,Retail,68.6
2016-09-15,Khulna,Khulna,Khulna Division,118,22.82,89.56,oil and fats,Oil (palm),62,L,actual,Retail,71.2
2016-10-15,Khulna,Khulna,Khulna Division,118,22.82,89.56,oil and fats,Oil (palm),62,L,actual,Retail,72.0
2016-11-15,Khulna,Khulna,Khulna Division,118,22.82,89.56,oil and fats,Oil (palm),62,L,actual,Retail,71.67
2016-12-15,Khulna,Khulna,Khulna Division,118,22.82,89.56,oil and fats,Oil (palm),62,L,actual,Retail,73.33
2017-01-15,Khulna,Khulna,Khulna Division,118,22.82,89.56,oil and fats,Oil (palm),62,L,actual,Retail,73.5
2017-02-15,Khulna,Khulna,Khulna Division,118,22.82,89.56,oil and fats,Oil (palm),62,L,actual,Retail,72.86
2017-03-15,Khulna,Khulna,Khulna Division,118,22.82,89.56,oil and fats,Oil (palm),62,L,actual,Retail,73.3
2017-04-15,Khulna,Khulna,Khulna Division,118,22.82,89.56,oil and fats,Oil (palm),62,L,actual,Retail,72.71
2017-05-15,Khulna,Khulna,Khulna Division,118,22.82,89.56,oil and fats,Oil (palm),62,L,actual,Retail,72.14
2017-06-15,Khulna,Khulna,Khulna Division,118,22.82,89.56,oil and fats,Oil (palm),62,L,actual,Retail,73.71
2017-08-15,Khulna,Khulna,Khulna Division,118,22.82,89.56,oil and fats,Oil (palm),62,L,actual,Retail,71.73
2017-09-15,Khulna,Khulna,Khulna Division,118,22.82,89.56,oil and fats,Oil (palm),62,L,actual,Retail,72.3
2017-10-15,Khulna,Khulna,Khulna Division,118,22.82,89.56,oil and fats,Oil (palm),62,L,actual,Retail,72.83
2017-11-15,Khulna,Khulna,Khulna Division,118,22.82,89.56,oil and fats,Oil (palm),62,L,actual,Retail,71.3
2017-12-15,Khulna,Khulna,Khulna Division,118,22.82,89.56,oil and fats,Oil (palm),62,L,actual,Retail,69.81
2018-01-15,Khulna,Khulna,Khulna Division,118,22.82,89.56,oil and fats,Oil (palm),62,L,actual,Retail,69.67
2018-02-15,Khulna,Khulna,Khulna Division,118,22.82,89.56,oil and fats,Oil (palm),62,L,actual,Retail,70.03
2018-03-15,Khulna,Khulna,Khulna Division,118,22.82,89.56,oil and fats,Oil (palm),62,L,actual,Retail,71.28
2018-04-15,Khulna,Khulna,Khulna Division,118,22.82,89.56,oil and fats,Oil (palm),62,L,actual,Retail,70.79
2018-05-15,Khulna,Khulna,Khulna Division,118,22.82,89.56,oil and fats,Oil (palm),62,L,actual,Retail,70.36
2018-06-15,Khulna,Khulna,Khulna Division,118,22.82,89.56,oil and fats,Oil (palm),62,L,actual,Retail,70.4
2018-08-15,Khulna,Khulna,Khulna Division,118,22.82,89.56,oil and fats,Oil (palm),62,L,actual,Retail,68.07
2018-09-15,Khulna,Khulna,Khulna Division,118,22.82,89.56,oil and fats,Oil (palm),62,L,actual,Retail,68.45
2018-10-15,Khulna,Khulna,Khulna Division,118,22.82,89.56,oil and fats,Oil (palm),62,L,actual,Retail,67.53
2018-11-15,Khulna,Khulna,Khulna Division,118,22.82,89.56,oil and fats,Oil (palm),62,L,actual,Retail,65.7
2018-12-15,Khulna,Khulna,Khulna Division,118,22.82,89.56,oil and fats,Oil (palm),62,L,actual,Retail,63.4
2019-01-15,Khulna,Khulna,Khulna Division,118,22.82,89.56,oil and fats,Oil (palm),62,L,actual,Retail,63.7
2019-02-15,Khulna,Khulna,Khulna Division,118,22.82,89.56,oil and fats,Oil (palm),62,L,actual,Retail,63.87
2019-03-15,Khulna,Khulna,Khulna Division,118,22.82,89.56,oil and fats,Oil (palm),62,L,actual,Retail,62.92
2019-04-15,Khulna,Khulna,Khulna Division,118,22.82,89.56,oil and fats,Oil (palm),62,L,actual,Retail,62.0
2019-05-15,Khulna,Khulna,Khulna Division,118,22.82,89.56,oil and fats,Oil (palm),62,L,actual,Retail,63.44
2019-06-15,Khulna,Khulna,Khulna Division,118,22.82,89.56,oil and fats,Oil (palm),62,L,actual,Retail,63.44
2019-08-15,Khulna,Khulna,Khulna Division,118,22.82,89.56,oil and fats,Oil (palm),62,L,actual,Retail,65.5
2019-10-15,Khulna,Khulna,Khulna Division,118,22.82,89.56,oil and fats,Oil (palm),62,L,actual,Retail,65.6
2019-11-15,Khulna,Khulna,Khulna Division,118,22.82,89.56,oil and fats,Oil (palm),62,L,actual,Retail,65.8
2019-12-15,Khulna,Khulna,Khulna Division,118,22.82,89.56,oil and fats,Oil (palm),62,L,actual,Retail,69.8
2020-01-15,Khulna,Khulna,Khulna Division,118,22.82,89.56,oil and fats,Oil (palm),62,L,actual,Retail,80.1
2020-02-15,Khulna,Khulna,Khulna Division,118,22.82,89.56,oil and fats,Oil (palm),62,L,actual,Retail,79.7
2020-03-15,Khulna,Khulna,Khulna Division,118,22.82,89.56,oil and fats,Oil (palm),62,L,actual,Retail,77.5
2020-04-15,Khulna,Khulna,Khulna Division,118,22.82,89.56,oil and fats,Oil (palm),62,L,actual,Retail,72.45
2020-05-15,Khulna,Khulna,Khulna Division,118,22.82,89.56,oil and fats,Oil (palm),62,L,actual,Retail,70.0
2020-06-15,Khulna,Khulna,Khulna Division,118,22.82,89.56,oil and fats,Oil (palm),62,L,aggregate,Retail,66.87
2020-07-15,Khulna,Khulna,Khulna Division,118,22.82,89.56,oil and fats,Oil (palm),62,L,aggregate,Retail,65.15
2005-10-15,Khulna,Khulna,Khulna Division,118,22.82,89.56,cereals and tubers,Rice (coarse),60,KG,actual,Retail,17.0
2005-11-15,Khulna,Khulna,Khulna Division,118,22.82,89.56,cereals and tubers,Rice (coarse),60,KG,actual,Retail,16.0
2005-12-15,Khulna,Khulna,Khulna Division,118,22.82,89.56,cereals and tubers,Rice (coarse),60,KG,actual,Retail,16.0
2006-01-15,Khulna,Khulna,Khulna Division,118,22.82,89.56,cereals and tubers,Rice (coarse),60,KG,actual,Retail,16.0
2006-02-15,Khulna,Khulna,Khulna Division,118,22.82,89.56,cereals and tubers,Rice (coarse),60,KG,actual,Retail,16.0
2006-03-15,Khulna,Khulna,Khulna Division,118,22.82,89.56,cereals and tubers,Rice (coarse),60,KG,actual,Retail,16.5
2006-04-15,Khulna,Khulna,Khulna Division,118,22.82,89.56,cereals and tubers,Rice (coarse),60,KG,actual,Retail,16.0
2006-05-15,Khulna,Khulna,Khulna Division,118,22.82,89.56,cereals and tubers,Rice (coarse),60,KG,actual,Retail,16.0
2006-06-15,Khulna,Khulna,Khulna Division,118,22.82,89.56,cereals and tubers,Rice (coarse),60,KG,actual,Retail,16.0
2006-07-15,Khulna,Khulna,Khulna Division,118,22.82,89.56,cereals and tubers,Rice (coarse),60,KG,actual,Retail,16.0
2006-08-15,Khulna,Khulna,Khulna Division,118,22.82,89.56,cereals and tubers,Rice (coarse),60,KG,actual,Retail,16.0
2006-09-15,Khulna,Khulna,Khulna Division,118,22.82,89.56,cereals and tubers,Rice (coarse),60,KG,actual,Retail,16.0
2006-10-15,Khulna,Khulna,Khulna Division,118,22.82,89.56,cereals and tubers,Rice (coarse),60,KG,actual,Retail,17.0
2006-11-15,Khulna,Khulna,Khulna Division,118,22.82,89.56,cereals and tubers,Rice (coarse),60,KG,actual,Retail,17.0
2006-12-15,Khulna,Khulna,Khulna Division,118,22.82,89.56,cereals and tubers,Rice (coarse),60,KG,actual,Retail,17.0
2007-01-15,Khulna,Khulna,Khulna Division,118,22.82,89.56,cereals and tubers,Rice (coarse),60,KG,actual,Retail,21.88
2007-02-15,Khulna,Khulna,Khulna Division,118,22.82,89.56,cereals and tubers,Rice (coarse),60,KG,actual,Retail,32.25
2007-03-15,Khulna,Khulna,Khulna Division,118,22.82,89.56,cereals and tubers,Rice (coarse),60,KG,actual,Retail,31.83
2007-04-15,Khulna,Khulna,Khulna Division,118,22.82,89.56,cereals and tubers,Rice (coarse),60,KG,actual,Retail,32.17
2007-05-15,Khulna,Khulna,Khulna Division,118,22.82,89.56,cereals and tubers,Rice (coarse),60,KG,actual,Retail,34.19
2007-06-15,Khulna,Khulna,Khulna Division,118,22.82,89.56,cereals and tubers,Rice (coarse),60,KG,actual,Retail,41.22
2007-07-15,Khulna,Khulna,Khulna Division,118,22.82,89.56,cereals and tubers,Rice (coarse),60,KG,actual,Retail,41.72
2007-08-15,Khulna,Khulna,Khulna Division,118,22.82,89.56,cereals and tubers,Rice (coarse),60,KG,actual,Retail,43.42
2007-09-15,Khulna,Khulna,Khulna Division,118,22.82,89.56,cereals and tubers,Rice (coarse),60,KG,actual,Retail,44.63
2007-10-15,Khulna,Khulna,Khulna Division,118,22.82,89.56,cereals and tubers,Rice (coarse),60,KG,actual,Retail,44.62
2007-11-15,Khulna,Khulna,Khulna Division,118,22.82,89.56,cereals and tubers,Rice (coarse),60,KG,actual,Retail,42.33
2007-12-15,Khulna,Khulna,Khulna Division,118,22.82,89.56,cereals and tubers,Rice (coarse),60,KG,actual,Retail,42.88
2008-01-15,Khulna,Khulna,Khulna Division,118,22.82,89.56,cereals and tubers,Rice (coarse),60,KG,actual,Retail,28.0
2008-02-15,Khulna,Khulna,Khulna Division,118,22.82,89.56,cereals and tubers,Rice (coarse),60,KG,actual,Retail,28.5
2008-03-15,Khulna,Khulna,Khulna Division,118,22.82,89.56,cereals and tubers,Rice (coarse),60,KG,actual,Retail,30.5
2008-04-15,Khulna,Khulna,Khulna Division,118,22.82,89.56,cereals and tubers,Rice (coarse),60,KG,actual,Retail,33.5
2008-05-15,Khulna,Khulna,Khulna Division,118,22.82,89.56,cereals and tubers,Rice (coarse),60,KG,actual,Retail,29.8
2008-06-15,Khulna,Khulna,Khulna Division,118,22.82,89.56,cereals and tubers,Rice (coarse),60,KG,actual,Retail,30.4
2008-07-15,Khulna,Khulna,Khulna Division,118,22.82,89.56,cereals and tubers,Rice (coarse),60,KG,actual,Retail,33.0
2008-08-15,Khulna,Khulna,Khulna Division,118,22.82,89.56,cereals and tubers,Rice (coarse),60,KG,actual,Retail,32.0
2008-09-15,Khulna,Khulna,Khulna Division,118,22.82,89.56,cereals and tubers,Rice (coarse),60,KG,actual,Retail,31.17
2008-10-15,Khulna,Khulna,Khulna Division,118,22.82,89.56,cereals and tubers,Rice (coarse),60,KG,actual,Retail,30.33
2008-11-15,Khulna,Khulna,Khulna Division,118,22.82,89.56,cereals and tubers,Rice (coarse),60,KG,actual,Retail,28.2
2008-12-15,Khulna,Khulna,Khulna Division,118,22.82,89.56,cereals and tubers,Rice (coarse),60,KG,actual,Retail,27.2
2009-01-15,Khulna,Khulna,Khulna Division,118,22.82,89.56,cereals and tubers,Rice (coarse),60,KG,actual,Retail,24.4
2009-02-15,Khulna,Khulna,Khulna Division,118,22.82,89.56,cereals and tubers,Rice (coarse),60,KG,actual,Retail,23.6
2009-03-15,Khulna,Khulna,Khulna Division,118,22.82,89.56,cereals and tubers,Rice (coarse),60,KG,actual,Retail,21.4
2009-04-15,Khulna,Khulna,Khulna Division,118,22.82,89.56,cereals and tubers,Rice (coarse),60,KG,actual,Retail,19.8
2009-05-15,Khulna,Khulna,Khulna Division,118,22.82,89.56,cereals and tubers,Rice (coarse),60,KG,actual,Retail,20.0
2009-06-15,Khulna,Khulna,Khulna Division,118,22.82,89.56,cereals and tubers,Rice (coarse),60,KG,actual,Retail,19.8
2009-07-15,Khulna,Khulna,Khulna Division,118,22.82,89.56,cereals and tubers,Rice (coarse),60,KG,actual,Retail,36.2
2009-08-15,Khulna,Khulna,Khulna Division,118,22.82,89.56,cereals and tubers,Rice (coarse),60,KG,actual,Retail,19.33
2009-09-15,Khulna,Khulna,Khulna Division,118,22.82,89.56,cereals and tubers,Rice (coarse),60,KG,actual,Retail,20.0
2009-10-15,Khulna,Khulna,Khulna Division,118,22.82,89.56,cereals and tubers,Rice (coarse),60,KG,actual,Retail,21.75
2009-11-15,Khulna,Khulna,Khulna Division,118,22.82,89.56,cereals and tubers,Rice (coarse),60,KG,actual,Retail,21.6
2009-12-15,Khulna,Khulna,Khulna Division,118,22.82,89.56,cereals and tubers,Rice (coarse),60,KG,actual,Retail,23.75
2010-01-15,Khulna,Khulna,Khulna Division,118,22.82,89.56,cereals and tubers,Rice (coarse),60,KG,actual,Retail,26.0
2010-02-15,Khulna,Khulna,Khulna Division,118,22.82,89.56,cereals and tubers,Rice (coarse),60,KG,actual,Retail,27.67
2010-03-15,Khulna,Khulna,Khulna Division,118,22.82,89.56,cereals and tubers,Rice (coarse),60,KG,actual,Retail,28.0
2010-04-15,Khulna,Khulna,Khulna Division,118,22.82,89.56,cereals and tubers,Rice (coarse),60,KG,actual,Retail,27.0
2010-05-15,Khulna,Khulna,Khulna Division,118,22.82,89.56,cereals and tubers,Rice (coarse),60,KG,actual,Retail,27.0
2010-06-15,Khulna,Khulna,Khulna Division,118,22.82,89.56,cereals and tubers,Rice (coarse),60,KG,actual,Retail,28.25
2010-07-15,Khulna,Khulna,Khulna Division,118,22.82,89.56,cereals and tubers,Rice (coarse),60,KG,actual,Retail,29.75
2010-08-15,Khulna,Khulna,Khulna Division,118,22.82,89.56,cereals and tubers,Rice (coarse),60,KG,actual,Retail,30.67
2010-09-15,Khulna,Khulna,Khulna Division,118,22.82,89.56,cereals and tubers,Rice (coarse),60,KG,actual,Retail,32.33
2010-10-15,Khulna,Khulna,Khulna Division,118,22.82,89.56,cereals and tubers,Rice (coarse),60,KG,actual,Retail,32.5
2010-11-15,Khulna,Khulna,Khulna Division,118,22.82,89.56,cereals and tubers,Rice (coarse),60,KG,actual,Retail,31.75
2010-12-15,Khulna,Khulna,Khulna Division,118,22.82,89.56,cereals and tubers,Rice (coarse),60,KG,actual,Retail,32.0
2011-01-15,Khulna,Khulna,Khulna Division,118,22.82,89.56,cereals and tubers,Rice (coarse),60,KG,actual,Retail,34.0
2011-02-15,Khulna,Khulna,Khulna Division,118,22.82,89.56,cereals and tubers,Rice (coarse),60,KG,actual,Retail,34.0
2011-03-15,Khulna,Khulna,Khulna Division,118,22.82,89.56,cereals and tubers,Rice (coarse),60,KG,actual,Retail,34.5
2011-04-15,Khulna,Khulna,Khulna Division,118,22.82,89.56,cereals and tubers,Rice (coarse),60,KG,actual,Retail,33.5
2011-05-15,Khulna,Khulna,Khulna Division,118,22.82,89.56,cereals and tubers,Rice (coarse),60,KG,actual,Retail,33.0
2011-06-15,Khulna,Khulna,Khulna Division,118,22.82,89.56,cereals and tubers,Rice (coarse),60,KG,actual,Retail,29.5
2011-07-15,Khulna,Khulna,Khulna Division,118,22.82,89.56,cereals and tubers,Rice (coarse),60,KG,actual,Retail,30.83
2011-08-15,Khulna,Khulna,Khulna Division,118,22.82,89.56,cereals and tubers,Rice (coarse),60,KG,actual,Retail,31.0
2011-09-15,Khulna,Khulna,Khulna Division,118,22.82,89.56,cereals and tubers,Rice (coarse),60,KG,actual,Retail,31.22
2011-10-15,Khulna,Khulna,Khulna Division,118,22.82,89.56,cereals and tubers,Rice (coarse),60,KG,actual,Retail,30.22
2011-11-15,Khulna,Khulna,Khulna Division,118,22.82,89.56,cereals and tubers,Rice (coarse),60,KG,actual,Retail,32.0
2011-12-15,Khulna,Khulna,Khulna Division,118,22.82,89.56,cereals and tubers,Rice (coarse),60,KG,actual,Retail,29.25
2012-01-15,Khulna,Khulna,Khulna Division,118,22.82,89.56,cereals and tubers,Rice (coarse),60,KG,actual,Retail,26.67
2012-02-15,Khulna,Khulna,Khulna Division,118,22.82,89.56,cereals and tubers,Rice (coarse),60,KG,actual,Retail,26.5
2012-03-15,Khulna,Khulna,Khulna Division,118,22.82,89.56,cereals and tubers,Rice (coarse),60,KG,actual,Retail,25.67
2012-04-15,Khulna,Khulna,Khulna Division,118,22.82,89.56,cereals and tubers,Rice (coarse),60,KG,actual,Retail,25.5
2012-05-15,Khulna,Khulna,Khulna Division,118,22.82,89.56,cereals and tubers,Rice (coarse),60,KG,actual,Retail,24.62
2012-06-15,Khulna,Khulna,Khulna Division,118,22.82,89.56,cereals and tubers,Rice (coarse),60,KG,actual,Retail,24.0
2012-07-15,Khulna,Khulna,Khulna Division,118,22.82,89.56,cereals and tubers,Rice (coarse),60,KG,actual,Retail,23.62
2012-08-15,Khulna,Khulna,Khulna Division,118,22.82,89.56,cereals and tubers,Rice (coarse),60,KG,actual,Retail,23.25
2012-09-15,Khulna,Khulna,Khulna Division,118,22.82,89.56,cereals and tubers,Rice (coarse),60,KG,actual,Retail,23.11
2012-10-15,Khulna,Khulna,Khulna Division,118,22.82,89.56,cereals and tubers,Rice (coarse),60,KG,actual,Retail,23.0
2012-11-15,Khulna,Khulna,Khulna Division,118,22.82,89.56,cereals and tubers,Rice (coarse),60,KG,actual,Retail,24.38
2012-12-15,Khulna,Khulna,Khulna Division,118,22.82,89.56,cereals and tubers,Rice (coarse),60,KG,actual,Retail,24.38
2013-01-15,Khulna,Khulna,Khulna Division,118,22.82,89.56,cereals and tubers,Rice (coarse),60,KG,actual,Retail,25.17
2013-02-15,Khulna,Khulna,Khulna Division,118,22.82,89.56,cereals and tubers,Rice (coarse),60,KG,actual,Retail,27.6
2013-03-15,Khulna,Khulna,Khulna Division,118,22.82,89.56,cereals and tubers,Rice (coarse),60,KG,actual,Retail,28.17
2013-04-15,Khulna,Khulna,Khulna Division,118,22.82,89.56,cereals and tubers,Rice (coarse),60,KG,actual,Retail,28.33
2013-05-15,Khulna,Khulna,Khulna Division,118,22.82,89.56,cereals and tubers,Rice (coarse),60,KG,actual,Retail,27.67
2013-06-15,Khulna,Khulna,Khulna Division,118,22.82,89.56,cereals and tubers,Rice (coarse),60,KG,actual,Retail,28.62
2013-07-15,Khulna,Khulna,Khulna Division,118,22.82,89.56,cereals and tubers,Rice (coarse),60,KG,actual,Retail,30.63
2013-08-15,Khulna,Khulna,Khulna Division,118,22.82,89.56,cereals and tubers,Rice (coarse),60,KG,actual,Retail,30.88
2013-09-15,Khulna,Khulna,Khulna Division,118,22.82,89.56,cereals and tubers,Rice (coarse),60,KG,actual,Retail,31.5
2013-10-15,Khulna,Khulna,Khulna Division,118,22.82,89.56,cereals and tubers,Rice (coarse),60,KG,actual,Retail,31.88
2013-11-15,Khulna,Khulna,Khulna Division,118,22.82,89.56,cereals and tubers,Rice (coarse),60,KG,actual,Retail,32.38
2013-12-15,Khulna,Khulna,Khulna Division,118,22.82,89.56,cereals and tubers,Rice (coarse),60,KG,actual,Retail,31.0
2014-01-15,Khulna,Khulna,Khulna Division,118,22.82,89.56,cereals and tubers,Rice (coarse),60,KG,actual,Retail,31.67
2014-02-15,Khulna,Khulna,Khulna Division,118,22.82,89.56,cereals and tubers,Rice (coarse),60,KG,actual,Retail,31.75
2014-03-15,Khulna,Khulna,Khulna Division,118,22.82,89.56,cereals and tubers,Rice (coarse),60,KG,actual,Retail,32.17
2014-04-15,Khulna,Khulna,Khulna Division,118,22.82,89.56,cereals and tubers,Rice (coarse),60,KG,actual,Retail,33.17
2014-05-15,Khulna,Khulna,Khulna Division,118,22.82,89.56,cereals and tubers,Rice (coarse),60,KG,actual,Retail,32.67
2014-06-15,Khulna,Khulna,Khulna Division,118,22.82,89.56,cereals and tubers,Rice (coarse),60,KG,actual,Retail,31.44
2014-07-15,Khulna,Khulna,Khulna Division,118,22.82,89.56,cereals and tubers,Rice (coarse),60,KG,actual,Retail,32.1
2014-08-15,Khulna,Khulna,Khulna Division,118,22.82,89.56,cereals and tubers,Rice (coarse),60,KG,actual,Retail,32.3
2014-09-15,Khulna,Khulna,Khulna Division,118,22.82,89.56,cereals and tubers,Rice (coarse),60,KG,actual,Retail,32.3
2014-10-15,Khulna,Khulna,Khulna Division,118,22.82,89.56,cereals and tubers,Rice (coarse),60,KG,actual,Retail,32.4
2014-11-15,Khulna,Khulna,Khulna Division,118,22.82,89.56,cereals and tubers,Rice (coarse),60,KG,actual,Retail,32.3
2014-12-15,Khulna,Khulna,Khulna Division,118,22.82,89.56,cereals and tubers,Rice (coarse),60,KG,actual,Retail,31.2
2015-01-15,Khulna,Khulna,Khulna Division,118,22.82,89.56,cereals and tubers,Rice (coarse),60,KG,actual,Retail,30.17
2015-02-15,Khulna,Khulna,Khulna Division,118,22.82,89.56,cereals and tubers,Rice (coarse),60,KG,actual,Retail,30.0
2015-03-15,Khulna,Khulna,Khulna Division,118,22.82,89.56,cereals and tubers,Rice (coarse),60,KG,actual,Retail,30.0
2015-04-15,Khulna,Khulna,Khulna Division,118,22.82,89.56,cereals and tubers,Rice (coarse),60,KG,actual,Retail,35.33
2015-05-15,Khulna,Khulna,Khulna Division,118,22.82,89.56,cereals and tubers,Rice (coarse),60,KG,actual,Retail,27.0
2015-06-15,Khulna,Khulna,Khulna Division,118,22.82,89.56,cereals and tubers,Rice (coarse),60,KG,actual,Retail,26.7
2015-07-15,Khulna,Khulna,Khulna Division,118,22.82,89.56,cereals and tubers,Rice (coarse),60,KG,actual,Retail,26.9
2015-08-15,Khulna,Khulna,Khulna Division,118,22.82,89.56,cereals and tubers,Rice (coarse),60,KG,actual,Retail,26.9
2015-09-15,Khulna,Khulna,Khulna Division,118,22.82,89.56,cereals and tubers,Rice (coarse),60,KG,actual,Retail,26.7
2015-10-15,Khulna,Khulna,Khulna Division,118,22.82,89.56,cereals and tubers,Rice (coarse),60,KG,actual,Retail,27.5
2015-11-15,Khulna,Khulna,Khulna Division,118,22.82,89.56,cereals and tubers,Rice (coarse),60,KG,actual,Retail,27.4
2015-12-15,Khulna,Khulna,Khulna Division,118,22.82,89.56,cereals and tubers,Rice (coarse),60,KG,actual,Retail,25.17
2016-01-15,Khulna,Khulna,Khulna Division,118,22.82,89.56,cereals and tubers,Rice (coarse),60,KG,actual,Retail,25.33
2016-02-15,Khulna,Khulna,Khulna Division,118,22.82,89.56,cereals and tubers,Rice (coarse),60,KG,actual,Retail,25.67
2016-03-15,Khulna,Khulna,Khulna Division,118,22.82,89.56,cereals and tubers,Rice (coarse),60,KG,actual,Retail,25.17
2016-04-15,Khulna,Khulna,Khulna Division,118,22.82,89.56,cereals and tubers,Rice (coarse),60,KG,actual,Retail,25.7
2016-05-15,Khulna,Khulna,Khulna Division,118,22.82,89.56,cereals and tubers,Rice (coarse),60,KG,actual,Retail,25.57
2016-06-15,Khulna,Khulna,Khulna Division,118,22.82,89.56,cereals and tubers,Rice (coarse),60,KG,actual,Retail,26.78
2016-07-15,Khulna,Khulna,Khulna Division,118,22.82,89.56,cereals and tubers,Rice (coarse),60,KG,actual,Retail,27.55
2016-08-15,Khulna,Khulna,Khulna Division,118,22.82,89.56,cereals and tubers,Rice (coarse),60,KG,actual,Retail,29.78
2016-09-15,Khulna,Khulna,Khulna Division,118,22.82,89.56,cereals and tubers,Rice (coarse),60,KG,actual,Retail,33.4
2016-10-15,Khulna,Khulna,Khulna Division,118,22.82,89.56,cereals and tubers,Rice (coarse),60,KG,actual,Retail,35.3
2016-11-15,Khulna,Khulna,Khulna Division,118,22.82,89.56,cereals and tubers,Rice (coarse),60,KG,actual,Retail,35.78
2016-12-15,Khulna,Khulna,Khulna Division,118,22.82,89.56,cereals and tubers,Rice (coarse),60,KG,actual,Retail,34.33
2017-01-15,Khulna,Khulna,Khulna Division,118,22.82,89.56,cereals and tubers,Rice (coarse),60,KG,actual,Retail,34.5
2017-02-15,Khulna,Khulna,Khulna Division,118,22.82,89.56,cereals and tubers,Rice (coarse),60,KG,actual,Retail,35.5
2017-03-15,Khulna,Khulna,Khulna Division,118,22.82,89.56,cereals and tubers,Rice (coarse),60,KG,actual,Retail,35.4
2017-04-15,Khulna,Khulna,Khulna Division,118,22.82,89.56,cereals and tubers,Rice (coarse),60,KG,actual,Retail,36.2
2017-05-15,Khulna,Khulna,Khulna Division,118,22.82,89.56,cereals and tubers,Rice (coarse),60,KG,actual,Retail,38.8
2017-06-15,Khulna,Khulna,Khulna Division,118,22.82,89.56,cereals and tubers,Rice (coarse),60,KG,actual,Retail,39.17
2017-07-15,Khulna,Khulna,Khulna Division,118,22.82,89.56,cereals and tubers,Rice (coarse),60,KG,actual,Retail,40.28
2017-08-15,Khulna,Khulna,Khulna Division,118,22.82,89.56,cereals and tubers,Rice (coarse),60,KG,actual,Retail,39.77
2017-09-15,Khulna,Khulna,Khulna Division,118,22.82,89.56,cereals and tubers,Rice (coarse),60,KG,actual,Retail,23.61
2017-10-15,Khulna,Khulna,Khulna Division,118,22.82,89.56,cereals and tubers,Rice (coarse),60,KG,actual,Retail,23.61
2017-11-15,Khulna,Khulna,Khulna Division,118,22.82,89.56,cereals and tubers,Rice (coarse),60,KG,actual,Retail,20.5
2017-12-15,Khulna,Khulna,Khulna Division,118,22.82,89.56,cereals and tubers,Rice (coarse),60,KG,actual,Retail,40.63
2018-01-15,Khulna,Khulna,Khulna Division,118,22.82,89.56,cereals and tubers,Rice (coarse),60,KG,actual,Retail,40.3
2018-02-15,Khulna,Khulna,Khulna Division,118,22.82,89.56,cereals and tubers,Rice (coarse),60,KG,actual,Retail,40.23
2018-03-15,Khulna,Khulna,Khulna Division,118,22.82,89.56,cereals and tubers,Rice (coarse),60,KG,actual,Retail,40.2
2018-04-15,Khulna,Khulna,Khulna Division,118,22.82,89.56,cereals and tubers,Rice (coarse),60,KG,actual,Retail,37.88
2018-05-15,Khulna,Khulna,Khulna Division,118,22.82,89.56,cereals and tubers,Rice (coarse),60,KG,actual,Retail,38.08
2018-06-15,Khulna,Khulna,Khulna Division,118,22.82,89.56,cereals and tubers,Rice (coarse),60,KG,actual,Retail,37.15
2018-07-15,Khulna,Khulna,Khulna Division,118,22.82,89.56,cereals and tubers,Rice (coarse),60,KG,actual,Retail,37.56
2018-08-15,Khulna,Khulna,Khulna Division,118,22.82,89.56,cereals and tubers,Rice (coarse),60,KG,actual,Retail,37.1
2018-09-15,Khulna,Khulna,Khulna Division,118,22.82,89.56,cereals and tubers,Rice (coarse),60,KG,actual,Retail,36.52
2018-10-15,Khulna,Khulna,Khulna Division,118,22.82,89.56,cereals and tubers,Rice (coarse),60,KG,actual,Retail,35.25
2018-11-15,Khulna,Khulna,Khulna Division,118,22.82,89.56,cereals and tubers,Rice (coarse),60,KG,actual,Retail,33.71
2018-12-15,Khulna,Khulna,Khulna Division,118,22.82,89.56,cereals and tubers,Rice (coarse),60,KG,actual,Retail,29.97
2019-01-15,Khulna,Khulna,Khulna Division,118,22.82,89.56,cereals and tubers,Rice (coarse),60,KG,actual,Retail,30.85
2019-02-15,Khulna,Khulna,Khulna Division,118,22.82,89.56,cereals and tubers,Rice (coarse),60,KG,actual,Retail,29.13
2019-03-15,Khulna,Khulna,Khulna Division,118,22.82,89.56,cereals and tubers,Rice (coarse),60,KG,actual,Retail,28.94
2019-04-15,Khulna,Khulna,Khulna Division,118,22.82,89.56,cereals and tubers,Rice (coarse),60,KG,actual,Retail,28.28
2019-05-15,Khulna,Khulna,Khulna Division,118,22.82,89.56,cereals and tubers,Rice (coarse),60,KG,actual,Retail,28.25
2019-06-15,Khulna,Khulna,Khulna Division,118,22.82,89.56,cereals and tubers,Rice (coarse),60,KG,actual,Retail,28.05
2019-09-15,Khulna,Khulna,Khulna Division,118,22.82,89.56,cereals and tubers,Rice (coarse),60,KG,actual,Retail,27.5
2019-10-15,Khulna,Khulna,Khulna Division,118,22.82,89.56,cereals and tubers,Rice (coarse),60,KG,actual,Retail,27.3
2019-11-15,Khulna,Khulna,Khulna Division,118,22.82,89.56,cereals and tubers,Rice (coarse),60,KG,actual,Retail,27.9
2019-12-15,Khulna,Khulna,Khulna Division,118,22.82,89.56,cereals and tubers,Rice (coarse),60,KG,actual,Retail,26.5
2020-01-15,Khulna,Khulna,Khulna Division,118,22.82,89.56,cereals and tubers,Rice (coarse),60,KG,actual,Retail,27.6
2020-02-15,Khulna,Khulna,Khulna Division,118,22.82,89.56,cereals and tubers,Rice (coarse),60,KG,actual,Retail,28.9
2020-03-15,Khulna,Khulna,Khulna Division,118,22.82,89.56,cereals and tubers,Rice (coarse),60,KG,actual,Retail,31.8
2020-04-15,Khulna,Khulna,Khulna Division,118,22.82,89.56,cereals and tubers,Rice (coarse),60,KG,actual,Retail,22.5
2020-05-15,Khulna,Khulna,Khulna Division,118,22.82,89.56,cereals and tubers,Rice (coarse),60,KG,actual,Retail,39.1
2020-06-15,Khulna,Khulna,Khulna Division,118,22.82,89.56,cereals and tubers,Rice (coarse),60,KG,aggregate,Retail,39.96
2020-07-15,Khulna,Khulna,Khulna Division,118,22.82,89.56,cereals and tubers,Rice (coarse),60,KG,aggregate,Retail,41.04
2005-10-15,Khulna,Khulna,Khulna Division,118,22.82,89.56,cereals and tubers,Wheat flour,58,KG,actual,Retail,20.0
2005-11-15,Khulna,Khulna,Khulna Division,118,22.82,89.56,cereals and tubers,Wheat flour,58,KG,actual,Retail,19.0
2006-03-15,Khulna,Khulna,Khulna Division,118,22.82,89.56,cereals and tubers,Wheat flour,58,KG,actual,Retail,20.0
2006-04-15,Khulna,Khulna,Khulna Division,118,22.82,89.56,cereals and tubers,Wheat flour,58,KG,actual,Retail,20.5
2006-05-15,Khulna,Khulna,Khulna Division,118,22.82,89.56,cereals and tubers,Wheat flour,58,KG,actual,Retail,21.0
2006-06-15,Khulna,Khulna,Khulna Division,118,22.82,89.56,cereals and tubers,Wheat flour,58,KG,actual,Retail,20.5
2006-07-15,Khulna,Khulna,Khulna Division,118,22.82,89.56,cereals and tubers,Wheat flour,58,KG,actual,Retail,21.0
2006-08-15,Khulna,Khulna,Khulna Division,118,22.82,89.56,cereals and tubers,Wheat flour,58,KG,actual,Retail,21.5
2006-09-15,Khulna,Khulna,Khulna Division,118,22.82,89.56,cereals and tubers,Wheat flour,58,KG,actual,Retail,22.0
2006-10-15,Khulna,Khulna,Khulna Division,118,22.82,89.56,cereals and tubers,Wheat flour,58,KG,actual,Retail,22.5
2006-11-15,Khulna,Khulna,Khulna Division,118,22.82,89.56,cereals and tubers,Wheat flour,58,KG,actual,Retail,24.5
2006-12-15,Khulna,Khulna,Khulna Division,118,22.82,89.56,cereals and tubers,Wheat flour,58,KG,actual,Retail,25.5
2007-01-15,Khulna,Khulna,Khulna Division,118,22.82,89.56,cereals and tubers,Wheat flour,58,KG,actual,Retail,24.67
2007-02-15,Khulna,Khulna,Khulna Division,118,22.82,89.56,cereals and tubers,Wheat flour,58,KG,actual,Retail,25.5
2007-03-15,Khulna,Khulna,Khulna Division,118,22.82,89.56,cereals and tubers,Wheat flour,58,KG,actual,Retail,25.67
2007-04-15,Khulna,Khulna,Khulna Division,118,22.82,89.56,cereals and tubers,Wheat flour,58,KG,actual,Retail,25.5
2007-05-15,Khulna,Khulna,Khulna Division,118,22.82,89.56,cereals and tubers,Wheat flour,58,KG,actual,Retail,25.83
2007-06-15,Khulna,Khulna,Khulna Division,118,22.82,89.56,cereals and tubers,Wheat flour,58,KG,actual,Retail,25.8
2007-07-15,Khulna,Khulna,Khulna Division,118,22.82,89.56,cereals and tubers,Wheat flour,58,KG,actual,Retail,27.2
2007-08-15,Khulna,Khulna,Khulna Division,118,22.82,89.56,cereals and tubers,Wheat flour,58,KG,actual,Retail,30.67
2007-09-15,Khulna,Khulna,Khulna Division,118,22.82,89.56,cereals and tubers,Wheat flour,58,KG,actual,Retail,31.8
2007-10-15,Khulna,Khulna,Khulna Division,118,22.82,89.56,cereals and tubers,Wheat flour,58,KG,actual,Retail,33.75
2007-11-15,Khulna,Khulna,Khulna Division,118,22.82,89.56,cereals and tubers,Wheat flour,58,KG,actual,Retail,37.75
2007-12-15,Khulna,Khulna,Khulna Division,118,22.82,89.56,cereals and tubers,Wheat flour,58,KG,actual,Retail,38.25
2008-01-15,Khulna,Khulna,Khulna Division,118,22.82,89.56,cereals and tubers,Wheat flour,58,KG,actual,Retail,40.25
2008-02-15,Khulna,Khulna,Khulna Division,118,22.82,89.56,cereals and tubers,Wheat flour,58,KG,actual,Retail,41.75
2008-03-15,Khulna,Khulna,Khulna Division,118,22.82,89.56,cereals and tubers,Wheat flour,58,KG,actual,Retail,43.25
2008-04-15,Khulna,Khulna,Khulna Division,118,22.82,89.56,cereals and tubers,Wheat flour,58,KG,actual,Retail,43.5
2008-05-15,Khulna,Khulna,Khulna Division,118,22.82,89.56,cereals and tubers,Wheat flour,58,KG,actual,Retail,42.2
2008-06-15,Khulna,Khulna,Khulna Division,118,22.82,89.56,cereals and tubers,Wheat flour,58,KG,actual,Retail,42.4
2008-07-15,Khulna,Khulna,Khulna Division,118,22.82,89.56,cereals and tubers,Wheat flour,58,KG,actual,Retail,41.6
2008-08-15,Khulna,Khulna,Khulna Division,118,22.82,89.56,cereals and tubers,Wheat flour,58,KG,actual,Retail,40.8
2008-09-15,Khulna,Khulna,Khulna Division,118,22.82,89.56,cereals and tubers,Wheat flour,58,KG,actual,Retail,40.0
2008-10-15,Khulna,Khulna,Khulna Division,118,22.82,89.56,cereals and tubers,Wheat flour,58,KG,actual,Retail,39.67
2008-11-15,Khulna,Khulna,Khulna Division,118,22.82,89.56,cereals and tubers,Wheat flour,58,KG,actual,Retail,36.67
2008-12-15,Khulna,Khulna,Khulna Division,118,22.82,89.56,cereals and tubers,Wheat flour,58,KG,actual,Retail,30.17
2009-01-15,Khulna,Khulna,Khulna Division,118,22.82,89.56,cereals and tubers,Wheat flour,58,KG,actual,Retail,26.5
2009-02-15,Khulna,Khulna,Khulna Division,118,22.82,89.56,cereals and tubers,Wheat flour,58,KG,actual,Retail,26.0
2009-03-15,Khulna,Khulna,Khulna Division,118,22.82,89.56,cereals and tubers,Wheat flour,58,KG,actual,Retail,25.4
2009-04-15,Khulna,Khulna,Khulna Division,118,22.82,89.56,cereals and tubers,Wheat flour,58,KG,actual,Retail,23.8
2009-05-15,Khulna,Khulna,Khulna Division,118,22.82,89.56,cereals and tubers,Wheat flour,58,KG,actual,Retail,22.6
2009-06-15,Khulna,Khulna,Khulna Division,118,22.82,89.56,cereals and tubers,Wheat flour,58,KG,actual,Retail,21.8
2009-07-15,Khulna,Khulna,Khulna Division,118,22.82,89.56,cereals and tubers,Wheat flour,58,KG,actual,Retail,22.2
2009-08-15,Khulna,Khulna,Khulna Division,118,22.82,89.56,cereals and tubers,Wheat flour,58,KG,actual,Retail,21.33
2009-09-15,Khulna,Khulna,Khulna Division,118,22.82,89.56,cereals and tubers,Wheat flour,58,KG,actual,Retail,21.33
2009-10-15,Khulna,Khulna,Khulna Division,118,22.82,89.56,cereals and tubers,Wheat flour,58,KG,actual,Retail,21.5
2009-11-15,Khulna,Khulna,Khulna Division,118,22.82,89.56,cereals and tubers,Wheat flour,58,KG,actual,Retail,21.8
2009-12-15,Khulna,Khulna,Khulna Division,118,22.82,89.56,cereals and tubers,Wheat flour,58,KG,actual,Retail,22.5
2010-01-15,Khulna,Khulna,Khulna Division,118,22.82,89.56,cereals and tubers,Wheat flour,58,KG,actual,Retail,24.0
2010-02-15,Khulna,Khulna,Khulna Division,118,22.82,89.56,cereals and tubers,Wheat flour,58,KG,actual,Retail,24.0
2010-03-15,Khulna,Khulna,Khulna Division,118,22.82,89.56,cereals and tubers,Wheat flour,58,KG,actual,Retail,24.0
2010-04-15,Khulna,Khulna,Khulna Division,118,22.82,89.56,cereals and tubers,Wheat flour,58,KG,actual,Retail,24.0
2010-05-15,Khulna,Khulna,Khulna Division,118,22.82,89.56,cereals and tubers,Wheat flour,58,KG,actual,Retail,24.0
2010-06-15,Khulna,Khulna,Khulna Division,118,22.82,89.56,cereals and tubers,Wheat flour,58,KG,actual,Retail,24.5
2010-07-15,Khulna,Khulna,Khulna Division,118,22.82,89.56,cereals and tubers,Wheat flour,58,KG,actual,Retail,24.25
2010-08-15,Khulna,Khulna,Khulna Division,118,22.82,89.56,cereals and tubers,Wheat flour,58,KG,actual,Retail,25.33
2010-09-15,Khulna,Khulna,Khulna Division,118,22.82,89.56,cereals and tubers,Wheat flour,58,KG,actual,Retail,28.67
2010-10-15,Khulna,Khulna,Khulna Division,118,22.82,89.56,cereals and tubers,Wheat flour,58,KG,actual,Retail,31.75
2010-11-15,Khulna,Khulna,Khulna Division,118,22.82,89.56,cereals and tubers,Wheat flour,58,KG,actual,Retail,31.0
2010-12-15,Khulna,Khulna,Khulna Division,118,22.82,89.56,cereals and tubers,Wheat flour,58,KG,actual,Retail,31.0
2011-01-15,Khulna,Khulna,Khulna Division,118,22.82,89.56,cereals and tubers,Wheat flour,58,KG,actual,Retail,35.6
2011-02-15,Khulna,Khulna,Khulna Division,118,22.82,89.56,cereals and tubers,Wheat flour,58,KG,actual,Retail,36.0
2011-03-15,Khulna,Khulna,Khulna Division,118,22.82,89.56,cereals and tubers,Wheat flour,58,KG,actual,Retail,35.38
2011-04-15,Khulna,Khulna,Khulna Division,118,22.82,89.56,cereals and tubers,Wheat flour,58,KG,actual,Retail,34.23
2011-05-15,Khulna,Khulna,Khulna Division,118,22.82,89.56,cereals and tubers,Wheat flour,58,KG,actual,Retail,34.6
2011-06-15,Khulna,Khulna,Khulna Division,118,22.82,89.56,cereals and tubers,Wheat flour,58,KG,actual,Retail,30.86
2011-07-15,Khulna,Khulna,Khulna Division,118,22.82,89.56,cereals and tubers,Wheat flour,58,KG,actual,Retail,30.29
2011-08-15,Khulna,Khulna,Khulna Division,118,22.82,89.56,cereals and tubers,Wheat flour,58,KG,actual,Retail,30.75
2011-09-15,Khulna,Khulna,Khulna Division,118,22.82,89.56,cereals and tubers,Wheat flour,58,KG,actual,Retail,31.45
2011-10-15,Khulna,Khulna,Khulna Division,118,22.82,89.56,cereals and tubers,Wheat flour,58,KG,actual,Retail,32.25
2011-11-15,Khulna,Khulna,Khulna Division,118,22.82,89.56,cereals and tubers,Wheat flour,58,KG,actual,Retail,33.25
2011-12-15,Khulna,Khulna,Khulna Division,118,22.82,89.56,cereals and tubers,Wheat flour,58,KG,actual,Retail,32.5
2012-01-15,Khulna,Khulna,Khulna Division,118,22.82,89.56,cereals and tubers,Wheat flour,58,KG,actual,Retail,32.11
2012-02-15,Khulna,Khulna,Khulna Division,118,22.82,89.56,cereals and tubers,Wheat flour,58,KG,actual,Retail,32.89
2012-03-15,Khulna,Khulna,Khulna Division,118,22.82,89.56,cereals and tubers,Wheat flour,58,KG,actual,Retail,35.1
2012-04-15,Khulna,Khulna,Khulna Division,118,22.82,89.56,cereals and tubers,Wheat flour,58,KG,actual,Retail,34.9
2012-05-15,Khulna,Khulna,Khulna Division,118,22.82,89.56,cereals and tubers,Wheat flour,58,KG,actual,Retail,34.5
2012-06-15,Khulna,Khulna,Khulna Division,118,22.82,89.56,cereals and tubers,Wheat flour,58,KG,actual,Retail,33.6
2012-07-15,Khulna,Khulna,Khulna Division,118,22.82,89.56,cereals and tubers,Wheat flour,58,KG,actual,Retail,32.1
2012-08-15,Khulna,Khulna,Khulna Division,118,22.82,89.56,cereals and tubers,Wheat flour,58,KG,actual,Retail,32.8
2012-09-15,Khulna,Khulna,Khulna Division,118,22.82,89.56,cereals and tubers,Wheat flour,58,KG,actual,Retail,35.0
2012-10-15,Khulna,Khulna,Khulna Division,118,22.82,89.56,cereals and tubers,Wheat flour,58,KG,actual,Retail,36.2
2012-11-15,Khulna,Khulna,Khulna Division,118,22.82,89.56,cereals and tubers,Wheat flour,58,KG,actual,Retail,37.2
2012-12-15,Khulna,Khulna,Khulna Division,118,22.82,89.56,cereals and tubers,Wheat flour,58,KG,actual,Retail,37.2
2013-01-15,Khulna,Khulna,Khulna Division,118,22.82,89.56,cereals and tubers,Wheat flour,58,KG,actual,Retail,32.11
2013-02-15,Khulna,Khulna,Khulna Division,118,22.82,89.56,cereals and tubers,Wheat flour,58,KG,actual,Retail,37.7
2013-03-15,Khulna,Khulna,Khulna Division,118,22.82,89.56,cereals and tubers,Wheat flour,58,KG,actual,Retail,38.1
2013-04-15,Khulna,Khulna,Khulna Division,118,22.82,89.56,cereals and tubers,Wheat flour,58,KG,actual,Retail,37.4
2013-05-15,Khulna,Khulna,Khulna Division,118,22.82,89.56,cereals and tubers,Wheat flour,58,KG,actual,Retail,36.8
2013-06-15,Khulna,Khulna,Khulna Division,118,22.82,89.56,cereals and tubers,Wheat flour,58,KG,actual,Retail,36.7
2013-07-15,Khulna,Khulna,Khulna Division,118,22.82,89.56,cereals and tubers,Wheat flour,58,KG,actual,Retail,36.8
2013-08-15,Khulna,Khulna,Khulna Division,118,22.82,89.56,cereals and tubers,Wheat flour,58,KG,actual,Retail,36.1
2013-09-15,Khulna,Khulna,Khulna Division,118,22.82,89.56,cereals and tubers,Wheat flour,58,KG,actual,Retail,35.8
2013-10-15,Khulna,Khulna,Khulna Division,118,22.82,89.56,cereals and tubers,Wheat flour,58,KG,actual,Retail,35.22
2013-11-15,Khulna,Khulna,Khulna Division,118,22.82,89.56,cereals and tubers,Wheat flour,58,KG,actual,Retail,36.0
2013-12-15,Khulna,Khulna,Khulna Division,118,22.82,89.56,cereals and tubers,Wheat flour,58,KG,actual,Retail,36.11
2014-01-15,Khulna,Khulna,Khulna Division,118,22.82,89.56,cereals and tubers,Wheat flour,58,KG,actual,Retail,36.25
2014-02-15,Khulna,Khulna,Khulna Division,118,22.82,89.56,cereals and tubers,Wheat flour,58,KG,actual,Retail,36.44
2014-03-15,Khulna,Khulna,Khulna Division,118,22.82,89.56,cereals and tubers,Wheat flour,58,KG,actual,Retail,36.1
2014-04-15,Khulna,Khulna,Khulna Division,118,22.82,89.56,cereals and tubers,Wheat flour,58,KG,actual,Retail,36.0
2014-05-15,Khulna,Khulna,Khulna Division,118,22.82,89.56,cereals and tubers,Wheat flour,58,KG,actual,Retail,35.56
2014-06-15,Khulna,Khulna,Khulna Division,118,22.82,89.56,cereals and tubers,Wheat flour,58,KG,actual,Retail,35.33
2014-07-15,Khulna,Khulna,Khulna Division,118,22.82,89.56,cereals and tubers,Wheat flour,58,KG,actual,Retail,35.78
2014-08-15,Khulna,Khulna,Khulna Division,118,22.82,89.56,cereals and tubers,Wheat flour,58,KG,actual,Retail,35.67
2014-09-15,Khulna,Khulna,Khulna Division,118,22.82,89.56,cereals and tubers,Wheat flour,58,KG,actual,Retail,36.0
2014-10-15,Khulna,Khulna,Khulna Division,118,22.82,89.56,cereals and tubers,Wheat flour,58,KG,actual,Retail,35.78
2014-11-15,Khulna,Khulna,Khulna Division,118,22.82,89.56,cereals and tubers,Wheat flour,58,KG,actual,Retail,36.0
2014-12-15,Khulna,Khulna,Khulna Division,118,22.82,89.56,cereals and tubers,Wheat flour,58,KG,actual,Retail,35.78
2015-01-15,Khulna,Khulna,Khulna Division,118,22.82,89.56,cereals and tubers,Wheat flour,58,KG,actual,Retail,36.0
2015-02-15,Khulna,Khulna,Khulna Division,118,22.82,89.56,cereals and tubers,Wheat flour,58,KG,actual,Retail,36.22
2015-03-15,Khulna,Khulna,Khulna Division,118,22.82,89.56,cereals and tubers,Wheat flour,58,KG,actual,Retail,36.22
2015-04-15,Khulna,Khulna,Khulna Division,118,22.82,89.56,cereals and tubers,Wheat flour,58,KG,actual,Retail,35.33
2015-05-15,Khulna,Khulna,Khulna Division,118,22.82,89.56,cereals and tubers,Wheat flour,58,KG,actual,Retail,34.0
2015-06-15,Khulna,Khulna,Khulna Division,118,22.82,89.56,cereals and tubers,Wheat flour,58,KG,actual,Retail,33.44
2015-07-15,Khulna,Khulna,Khulna Division,118,22.82,89.56,cereals and tubers,Wheat flour,58,KG,actual,Retail,33.33
2015-08-15,Khulna,Khulna,Khulna Division,118,22.82,89.56,cereals and tubers,Wheat flour,58,KG,actual,Retail,33.22
2015-09-15,Khulna,Khulna,Khulna Division,118,22.82,89.56,cereals and tubers,Wheat flour,58,KG,actual,Retail,32.86
2015-10-15,Khulna,Khulna,Khulna Division,118,22.82,89.56,cereals and tubers,Wheat flour,58,KG,actual,Retail,33.0
2015-11-15,Khulna,Khulna,Khulna Division,118,22.82,89.56,cereals and tubers,Wheat flour,58,KG,actual,Retail,33.0
2015-12-15,Khulna,Khulna,Khulna Division,118,22.82,89.56,cereals and tubers,Wheat flour,58,KG,actual,Retail,32.89
2016-01-15,Khulna,Khulna,Khulna Division,118,22.82,89.56,cereals and tubers,Wheat flour,58,KG,actual,Retail,32.44
2016-02-15,Khulna,Khulna,Khulna Division,118,22.82,89.56,cereals and tubers,Wheat flour,58,KG,actual,Retail,32.33
2016-03-15,Khulna,Khulna,Khulna Division,118,22.82,89.56,cereals and tubers,Wheat flour,58,KG,actual,Retail,31.89
2016-04-15,Khulna,Khulna,Khulna Division,118,22.82,89.56,cereals and tubers,Wheat flour,58,KG,actual,Retail,31.11
2016-05-15,Khulna,Khulna,Khulna Division,118,22.82,89.56,cereals and tubers,Wheat flour,58,KG,actual,Retail,30.78
2016-06-15,Khulna,Khulna,Khulna Division,118,22.82,89.56,cereals and tubers,Wheat flour,58,KG,actual,Retail,30.44
2016-07-15,Khulna,Khulna,Khulna Division,118,22.82,89.56,cereals and tubers,Wheat flour,58,KG,actual,Retail,30.37
2016-08-15,Khulna,Khulna,Khulna Division,118,22.82,89.56,cereals and tubers,Wheat flour,58,KG,actual,Retail,31.0
2016-09-15,Khulna,Khulna,Khulna Division,118,22.82,89.56,cereals and tubers,Wheat flour,58,KG,actual,Retail,31.4
2016-10-15,Khulna,Khulna,Khulna Division,118,22.82,89.56,cereals and tubers,Wheat flour,58,KG,actual,Retail,31.6
2016-11-15,Khulna,Khulna,Khulna Division,118,22.82,89.56,cereals and tubers,Wheat flour,58,KG,actual,Retail,31.67
2016-12-15,Khulna,Khulna,Khulna Division,118,22.82,89.56,cereals and tubers,Wheat flour,58,KG,actual,Retail,31.67
2017-01-15,Khulna,Khulna,Khulna Division,118,22.82,89.56,cereals and tubers,Wheat flour,58,KG,actual,Retail,31.33
2017-02-15,Khulna,Khulna,Khulna Division,118,22.82,89.56,cereals and tubers,Wheat flour,58,KG,actual,Retail,31.22
2017-03-15,Khulna,Khulna,Khulna Division,118,22.82,89.56,cereals and tubers,Wheat flour,58,KG,actual,Retail,31.1
2017-04-15,Khulna,Khulna,Khulna Division,118,22.82,89.56,cereals and tubers,Wheat flour,58,KG,actual,Retail,31.22
2017-05-15,Khulna,Khulna,Khulna Division,118,22.82,89.56,cereals and tubers,Wheat flour,58,KG,actual,Retail,31.22
2017-06-15,Khulna,Khulna,Khulna Division,118,22.82,89.56,cereals and tubers,Wheat flour,58,KG,actual,Retail,31.29
2017-07-15,Khulna,Khulna,Khulna Division,118,22.82,89.56,cereals and tubers,Wheat flour,58,KG,actual,Retail,30.9
2017-08-15,Khulna,Khulna,Khulna Division,118,22.82,89.56,cereals and tubers,Wheat flour,58,KG,actual,Retail,31.2
2017-09-15,Khulna,Khulna,Khulna Division,118,22.82,89.56,cereals and tubers,Wheat flour,58,KG,actual,Retail,32.68
2017-10-15,Khulna,Khulna,Khulna Division,118,22.82,89.56,cereals and tubers,Wheat flour,58,KG,actual,Retail,33.16
2017-11-15,Khulna,Khulna,Khulna Division,118,22.82,89.56,cereals and tubers,Wheat flour,58,KG,actual,Retail,32.5
2017-12-15,Khulna,Khulna,Khulna Division,118,22.82,89.56,cereals and tubers,Wheat flour,58,KG,actual,Retail,32.19
2018-01-15,Khulna,Khulna,Khulna Division,118,22.82,89.56,cereals and tubers,Wheat flour,58,KG,actual,Retail,32.13
2018-02-15,Khulna,Khulna,Khulna Division,118,22.82,89.56,cereals and tubers,Wheat flour,58,KG,actual,Retail,31.97
2018-03-15,Khulna,Khulna,Khulna Division,118,22.82,89.56,cereals and tubers,Wheat flour,58,KG,actual,Retail,32.02
2018-04-15,Khulna,Khulna,Khulna Division,118,22.82,89.56,cereals and tubers,Wheat flour,58,KG,actual,Retail,32.04
2018-05-15,Khulna,Khulna,Khulna Division,118,22.82,89.56,cereals and tubers,Wheat flour,58,KG,actual,Retail,31.84
2018-06-15,Khulna,Khulna,Khulna Division,118,22.82,89.56,cereals and tubers,Wheat flour,58,KG,actual,Retail,31.93
2018-07-15,Khulna,Khulna,Khulna Division,118,22.82,89.56,cereals and tubers,Wheat flour,58,KG,actual,Retail,31.98
2018-08-15,Khulna,Khulna,Khulna Division,118,22.82,89.56,cereals and tubers,Wheat flour,58,KG,actual,Retail,32.02
2018-09-15,Khulna,Khulna,Khulna Division,118,22.82,89.56,cereals and tubers,Wheat flour,58,KG,actual,Retail,32.13
2018-10-15,Khulna,Khulna,Khulna Division,118,22.82,89.56,cereals and tubers,Wheat flour,58,KG,actual,Retail,32.17
2018-11-15,Khulna,Khulna,Khulna Division,118,22.82,89.56,cereals and tubers,Wheat flour,58,KG,actual,Retail,32.1
2018-12-15,Khulna,Khulna,Khulna Division,118,22.82,89.56,cereals and tubers,Wheat flour,58,KG,actual,Retail,32.16
2019-01-15,Khulna,Khulna,Khulna Division,118,22.82,89.56,cereals and tubers,Wheat flour,58,KG,actual,Retail,32.3
2019-02-15,Khulna,Khulna,Khulna Division,118,22.82,89.56,cereals and tubers,Wheat flour,58,KG,actual,Retail,32.69
2019-03-15,Khulna,Khulna,Khulna Division,118,22.82,89.56,cereals and tubers,Wheat flour,58,KG,actual,Retail,32.35
2019-04-15,Khulna,Khulna,Khulna Division,118,22.82,89.56,cereals and tubers,Wheat flour,58,KG,actual,Retail,32.15
2019-05-15,Khulna,Khulna,Khulna Division,118,22.82,89.56,cereals and tubers,Wheat flour,58,KG,actual,Retail,31.76
2019-06-15,Khulna,Khulna,Khulna Division,118,22.82,89.56,cereals and tubers,Wheat flour,58,KG,actual,Retail,31.81
2019-07-15,Khulna,Khulna,Khulna Division,118,22.82,89.56,cereals and tubers,Wheat flour,58,KG,actual,Retail,32.13
2019-10-15,Khulna,Khulna,Khulna Division,118,22.82,89.56,cereals and tubers,Wheat flour,58,KG,actual,Retail,32.3
2019-11-15,Khulna,Khulna,Khulna Division,118,22.82,89.56,cereals and tubers,Wheat flour,58,KG,actual,Retail,32.5
2019-12-15,Khulna,Khulna,Khulna Division,118,22.82,89.56,cereals and tubers,Wheat flour,58,KG,actual,Retail,32.5
2020-01-15,Khulna,Khulna,Khulna Division,118,22.82,89.56,cereals and tubers,Wheat flour,58,KG,actual,Retail,32.3
2020-02-15,Khulna,Khulna,Khulna Division,118,22.82,89.56,cereals and tubers,Wheat flour,58,KG,actual,Retail,31.9
2020-03-15,Khulna,Khulna,Khulna Division,118,22.82,89.56,cereals and tubers,Wheat flour,58,KG,actual,Retail,31.8
2020-04-15,Khulna,Khulna,Khulna Division,118,22.82,89.56,cereals and tubers,Wheat flour,58,KG,actual,Retail,32.4
2020-05-15,Khulna,Khulna,Khulna Division,118,22.82,89.56,cereals and tubers,Wheat flour,58,KG,actual,Retail,32.8
2020-06-15,Khulna,Khulna,Khulna Division,118,22.82,89.56,cereals and tubers,Wheat flour,58,KG,aggregate,Retail,33.03
2020-07-15,Khulna,Khulna,Khulna Division,118,22.82,89.56,cereals and tubers,Wheat flour,58,KG,aggregate,Retail,35.33
2024-09-15,Khulna,Khulna,Khulna Sadar,4081,22.81,89.55,vegetables and fruits,Bananas (ripe),1210,1 piece,actual,Retail,6.75
2024-10-15,Khulna,Khulna,Khulna Sadar,4081,22.81,89.55,vegetables and fruits,Bananas (ripe),1210,1 piece,actual,Retail,4.5
2024-11-15,Khulna,Khulna,Khulna Sadar,4081,22.81,89.55,vegetables and fruits,Bananas (ripe),1210,1 piece,actual,Retail,6.8
2024-09-15,Khulna,Khulna,Khulna Sadar,4081,22.81,89.55,vegetables and fruits,Chili (green),90,KG,actual,Retail,180.0
2024-10-15,Khulna,Khulna,Khulna Sadar,4081,22.81,89.55,vegetables and fruits,Chili (green),90,KG,actual,Retail,215.0
2024-11-15,Khulna,Khulna,Khulna Sadar,4081,22.81,89.55,vegetables and fruits,Chili (green),90,KG,actual,Retail,140.0
2026-05-15,Khulna,Khulna,Khulna Sadar,4081,22.81,89.55,vegetables and fruits,Chili (green),90,KG,actual,Retail,106.82
2026-06-15,Khulna,Khulna,Khulna Sadar,4081,22.81,89.55,vegetables and fruits,Chili (green),90,KG,actual,Retail,91.8
2026-07-15,Khulna,Khulna,Khulna Sadar,4081,22.81,89.55,vegetables and fruits,Chili (green),90,KG,actual,Retail,173.0
2024-09-15,Khulna,Khulna,Khulna Sadar,4081,22.81,89.55,"meat, fish and eggs",Eggs (brown),1073,1 piece,actual,Retail,12.5
2024-10-15,Khulna,Khulna,Khulna Sadar,4081,22.81,89.55,"meat, fish and eggs",Eggs (brown),1073,1 piece,actual,Retail,12.75
2024-11-15,Khulna,Khulna,Khulna Sadar,4081,22.81,89.55,"meat, fish and eggs",Eggs (brown),1073,1 piece,actual,Retail,12.8
2024-12-15,Khulna,Khulna,Khulna Sadar,4081,22.81,89.55,"meat, fish and eggs",Eggs (brown),1073,1 piece,actual,Retail,12.09
2026-05-15,Khulna,Khulna,Khulna Sadar,4081,22.81,89.55,"meat, fish and eggs",Eggs (brown),1073,1 piece,actual,Retail,11.57
2026-06-15,Khulna,Khulna,Khulna Sadar,4081,22.81,89.55,"meat, fish and eggs",Eggs (brown),1073,1 piece,actual,Retail,12.0
2026-07-15,Khulna,Khulna,Khulna Sadar,4081,22.81,89.55,"meat, fish and eggs",Eggs (brown),1073,1 piece,actual,Retail,11.8
2024-09-15,Khulna,Khulna,Khulna Sadar,4081,22.81,89.55,"meat, fish and eggs","Fish (live, pangasius)",1080,KG,actual,Retail,177.5
2024-10-15,Khulna,Khulna,Khulna Sadar,4081,22.81,89.55,"meat, fish and eggs","Fish (live, pangasius)",1080,KG,actual,Retail,172.5
2024-11-15,Khulna,Khulna,Khulna Sadar,4081,22.81,89.55,"meat, fish and eggs","Fish (live, pangasius)",1080,KG,actual,Retail,185.0
2024-09-15,Khulna,Khulna,Khulna Sadar,4081,22.81,89.55,vegetables and fruits,"Garlic (imported, China)",1082,KG,actual,Retail,227.5
2024-10-15,Khulna,Khulna,Khulna Sadar,4081,22.81,89.55,vegetables and fruits,"Garlic (imported, China)",1082,KG,actual,Retail,225.0
2026-05-15,Khulna,Khulna,Khulna Sadar,4081,22.81,89.55,vegetables and fruits,"Garlic (imported, China)",1082,KG,actual,Retail,178.64
2026-06-15,Khulna,Khulna,Khulna Sadar,4081,22.81,89.55,vegetables and fruits,"Garlic (imported, China)",1082,KG,actual,Retail,161.8
2024-09-15,Khulna,Khulna,Khulna Sadar,4081,22.81,89.55,vegetables and fruits,Gourd (bottle),1276,KG,actual,Retail,60.0
2024-10-15,Khulna,Khulna,Khulna Sadar,4081,22.81,89.55,vegetables and fruits,Gourd (bottle),1276,KG,actual,Retail,60.0
2024-11-15,Khulna,Khulna,Khulna Sadar,4081,22.81,89.55,vegetables and fruits,Gourd (bottle),1276,KG,actual,Retail,85.0
2024-12-15,Khulna,Khulna,Khulna Sadar,4081,22.81,89.55,vegetables and fruits,Gourd (bottle),1276,KG,actual,Retail,29.95
2026-05-15,Khulna,Khulna,Khulna Sadar,4081,22.81,89.55,vegetables and fruits,Gourd (bottle),1276,KG,actual,Retail,35.14
2026-06-15,Khulna,Khulna,Khulna Sadar,4081,22.81,89.55,vegetables and fruits,Gourd (bottle),1276,KG,actual,Retail,29.1
2026-07-15,Khulna,Khulna,Khulna Sadar,4081,22.81,89.55,vegetables and fruits,Gourd (bottle),1276,KG,actual,Retail,39.8
2020-07-15,Khulna,Khulna,Khulna Sadar,4081,22.81,89.55,pulses and nuts,Lentils (masur),61,KG,aggregate,Retail,70.0
2020-08-15,Khulna,Khulna,Khulna Sadar,4081,22.81,89.55,pulses and nuts,Lentils (masur),61,KG,aggregate,Retail,70.0
2020-09-15,Khulna,Khulna,Khulna Sadar,4081,22.81,89.55,pulses and nuts,Lentils (masur),61,KG,aggregate,Retail,68.78
2020-10-15,Khulna,Khulna,Khulna Sadar,4081,22.81,89.55,pulses and nuts,Lentils (masur),61,KG,aggregate,Retail,68.74
2020-11-15,Khulna,Khulna,Khulna Sadar,4081,22.81,89.55,pulses and nuts,Lentils (masur),61,KG,aggregate,Retail,71.16
2020-12-15,Khulna,Khulna,Khulna Sadar,4081,22.81,89.55,pulses and nuts,Lentils (masur),61,KG,aggregate,Retail,71.33
2021-01-15,Khulna,Khulna,Khulna Sadar,4081,22.81,89.55,pulses and nuts,Lentils (masur),61,KG,aggregate,Retail,72.5
2021-02-15,Khulna,Khulna,Khulna Sadar,4081,22.81,89.55,pulses and nuts,Lentils (masur),61,KG,aggregate,Retail,72.04
2021-03-15,Khulna,Khulna,Khulna Sadar,4081,22.81,89.55,pulses and nuts,Lentils (masur),61,KG,aggregate,Retail,72.73
2021-04-15,Khulna,Khulna,Khulna Sadar,4081,22.81,89.55,pulses and nuts,Lentils (masur),61,KG,aggregate,Retail,72.87
2021-05-15,Khulna,Khulna,Khulna Sadar,4081,22.81,89.55,pulses and nuts,Lentils (masur),61,KG,aggregate,Retail,72.94
2021-06-15,Khulna,Khulna,Khulna Sadar,4081,22.81,89.55,pulses and nuts,Lentils (masur),61,KG,aggregate,Retail,73.09
2021-07-15,Khulna,Khulna,Khulna Sadar,4081,22.81,89.55,pulses and nuts,Lentils (masur),61,KG,aggregate,Retail,72.84
2021-08-15,Khulna,Khulna,Khulna Sadar,4081,22.81,89.55,pulses and nuts,Lentils (masur),61,KG,aggregate,Retail,76.22
2021-09-15,Khulna,Khulna,Khulna Sadar,4081,22.81,89.55,pulses and nuts,Lentils (masur),61,KG,aggregate,Retail,86.38
2021-10-15,Khulna,Khulna,Khulna Sadar,4081,22.81,89.55,pulses and nuts,Lentils (masur),61,KG,aggregate,Retail,88.29
2021-11-15,Khulna,Khulna,Khulna Sadar,4081,22.81,89.55,pulses and nuts,Lentils (masur),61,KG,aggregate,Retail,87.1
2021-12-15,Khulna,Khulna,Khulna Sadar,4081,22.81,89.55,pulses and nuts,Lentils (masur),61,KG,aggregate,Retail,85.81
2022-01-15,Khulna,Khulna,Khulna Sadar,4081,22.81,89.55,pulses and nuts,Lentils (masur),61,KG,aggregate,Retail,95.5
2022-02-15,Khulna,Khulna,Khulna Sadar,4081,22.81,89.55,pulses and nuts,Lentils (masur),61,KG,aggregate,Retail,97.53
2022-03-15,Khulna,Khulna,Khulna Sadar,4081,22.81,89.55,pulses and nuts,Lentils (masur),61,KG,aggregate,Retail,95.7
2022-04-15,Khulna,Khulna,Khulna Sadar,4081,22.81,89.55,pulses and nuts,Lentils (masur),61,KG,aggregate,Retail,98.54
2022-05-15,Khulna,Khulna,Khulna Sadar,4081,22.81,89.55,pulses and nuts,Lentils (masur),61,KG,aggregate,Retail,99.62
2022-06-15,Khulna,Khulna,Khulna Sadar,4081,22.81,89.55,pulses and nuts,Lentils (masur),61,KG,aggregate,Retail,98.0
2022-07-15,Khulna,Khulna,Khulna Sadar,4081,22.81,89.55,pulses and nuts,Lentils (masur),61,KG,aggregate,Retail,98.16
2022-08-15,Khulna,Khulna,Khulna Sadar,4081,22.81,89.55,pulses and nuts,Lentils (masur),61,KG,aggregate,Retail,101.8
2022-09-15,Khulna,Khulna,Khulna Sadar,4081,22.81,89.55,pulses and nuts,Lentils (masur),61,KG,aggregate,Retail,106.52
2022-10-15,Khulna,Khulna,Khulna Sadar,4081,22.81,89.55,pulses and nuts,Lentils (masur),61,KG,aggregate,Retail,105.56
2022-11-15,Khulna,Khulna,Khulna Sadar,4081,22.81,89.55,pulses and nuts,Lentils (masur),61,KG,aggregate,Retail,105.0
2022-12-15,Khulna,Khulna,Khulna Sadar,4081,22.81,89.55,pulses and nuts,Lentils (masur),61,KG,aggregate,Retail,105.0
2023-01-15,Khulna,Khulna,Khulna Sadar,4081,22.81,89.55,pulses and nuts,Lentils (masur),61,KG,aggregate,Retail,105.0
2023-02-15,Khulna,Khulna,Khulna Sadar,4081,22.81,89.55,pulses and nuts,Lentils (masur),61,KG,aggregate,Retail,105.07
2023-03-15,Khulna,Khulna,Khulna Sadar,4081,22.81,89.55,pulses and nuts,Lentils (masur),61,KG,aggregate,Retail,101.41
2023-04-15,Khulna,Khulna,Khulna Sadar,4081,22.81,89.55,pulses and nuts,Lentils (masur),61,KG,aggregate,Retail,97.67
2023-05-15,Khulna,Khulna,Khulna Sadar,4081,22.81,89.55,pulses and nuts,Lentils (masur),61,KG,aggregate,Retail,97.84
2023-06-15,Khulna,Khulna,Khulna Sadar,4081,22.81,89.55,pulses and nuts,Lentils (masur),61,KG,aggregate,Retail,97.5
2023-07-15,Khulna,Khulna,Khulna Sadar,4081,22.81,89.55,pulses and nuts,Lentils (masur),61,KG,aggregate,Retail,97.5
2023-08-15,Khulna,Khulna,Khulna Sadar,4081,22.81,89.55,pulses and nuts,Lentils (masur),61,KG,aggregate,Retail,97.5
2023-09-15,Khulna,Khulna,Khulna Sadar,4081,22.81,89.55,pulses and nuts,Lentils (masur),61,KG,aggregate,Retail,101.5
2023-10-15,Khulna,Khulna,Khulna Sadar,4081,22.81,89.55,pulses and nuts,Lentils (masur),61,KG,aggregate,Retail,108.75
2023-11-15,Khulna,Khulna,Khulna Sadar,4081,22.81,89.55,pulses and nuts,Lentils (masur),61,KG,aggregate,Retail,108.0
2023-12-15,Khulna,Khulna,Khulna Sadar,4081,22.81,89.55,pulses and nuts,Lentils (masur),61,KG,aggregate,Retail,111.0
2024-01-15,Khulna,Khulna,Khulna Sadar,4081,22.81,89.55,pulses and nuts,Lentils (masur),61,KG,aggregate,Retail,111.0
2024-02-15,Khulna,Khulna,Khulna Sadar,4081,22.81,89.55,pulses and nuts,Lentils (masur),61,KG,aggregate,Retail,111.0
2024-03-15,Khulna,Khulna,Khulna Sadar,4081,22.81,89.55,pulses and nuts,Lentils (masur),61,KG,aggregate,Retail,111.0
2024-04-15,Khulna,Khulna,Khulna Sadar,4081,22.81,89.55,pulses and nuts,Lentils (masur),61,KG,aggregate,Retail,113.5
2024-05-15,Khulna,Khulna,Khulna Sadar,4081,22.81,89.55,pulses and nuts,Lentils (masur),61,KG,aggregate,Retail,111.8
2024-06-15,Khulna,Khulna,Khulna Sadar,4081,22.81,89.55,pulses and nuts,Lentils (masur),61,KG,aggregate,Retail,130.0
2024-07-15,Khulna,Khulna,Khulna Sadar,4081,22.81,89.55,pulses and nuts,Lentils (masur),61,KG,aggregate,Retail,108.3
2024-08-15,Khulna,Khulna,Khulna Sadar,4081,22.81,89.55,pulses and nuts,Lentils (masur),61,KG,aggregate,Retail,108.3
2024-09-15,Khulna,Khulna,Khulna Sadar,4081,22.81,89.55,pulses and nuts,Lentils (masur),61,KG,actual,Retail,107.5
2024-10-15,Khulna,Khulna,Khulna Sadar,4081,22.81,89.55,pulses and nuts,Lentils (masur),61,KG,actual,Retail,108.25
2024-11-15,Khulna,Khulna,Khulna Sadar,4081,22.81,89.55,pulses and nuts,Lentils (masur),61,KG,actual,Retail,109.0
2026-05-15,Khulna,Khulna,Khulna Sadar,4081,22.81,89.55,pulses and nuts,Lentils (masur),61,KG,actual,Retail,88.41
2026-06-15,Khulna,Khulna,Khulna Sadar,4081,22.81,89.55,pulses and nuts,Lentils (masur),61,KG,actual,Retail,92.5
2026-07-15,Khulna,Khulna,Khulna Sadar,4081,22.81,89.55,pulses and nuts,Lentils (masur),61,KG,actual,Retail,92.5
2024-09-15,Khulna,Khulna,Khulna Sadar,4081,22.81,89.55,"meat, fish and eggs","Meat (chicken, broiler)",89,KG,actual,Retail,172.5
2024-10-15,Khulna,Khulna,Khulna Sadar,4081,22.81,89.55,"meat, fish and eggs","Meat (chicken, broiler)",89,KG,actual,Retail,186.25
2024-11-15,Khulna,Khulna,Khulna Sadar,4081,22.81,89.55,"meat, fish and eggs","Meat (chicken, broiler)",89,KG,actual,Retail,177.5
2026-05-15,Khulna,Khulna,Khulna Sadar,4081,22.81,89.55,"meat, fish and eggs","Meat (chicken, broiler)",89,KG,actual,Retail,185.91
2026-06-15,Khulna,Khulna,Khulna Sadar,4081,22.81,89.55,"meat, fish and eggs","Meat (chicken, broiler)",89,KG,actual,Retail,168.9
2026-07-15,Khulna,Khulna,Khulna Sadar,4081,22.81,89.55,"meat, fish and eggs","Meat (chicken, broiler)",89,KG,actual,Retail,183.2
2020-07-15,Khulna,Khulna,Khulna Sadar,4081,22.81,89.55,oil and fats,Oil (palm),62,L,aggregate,Retail,67.0
2020-08-15,Khulna,Khulna,Khulna Sadar,4081,22.81,89.55,oil and fats,Oil (palm),62,L,aggregate,Retail,67.0
2020-09-15,Khulna,Khulna,Khulna Sadar,4081,22.81,89.55,oil and fats,Oil (palm),62,L,aggregate,Retail,67.0
2020-10-15,Khulna,Khulna,Khulna Sadar,4081,22.81,89.55,oil and fats,Oil (palm),62,L,aggregate,Retail,67.0
2020-11-15,Khulna,Khulna,Khulna Sadar,4081,22.81,89.55,oil and fats,Oil (palm),62,L,aggregate,Retail,80.58
2020-12-15,Khulna,Khulna,Khulna Sadar,4081,22.81,89.55,oil and fats,Oil (palm),62,L,aggregate,Retail,90.41
2021-01-15,Khulna,Khulna,Khulna Sadar,4081,22.81,89.55,oil and fats,Oil (palm),62,L,aggregate,Retail,98.2
2021-02-15,Khulna,Khulna,Khulna Sadar,4081,22.81,89.55,oil and fats,Oil (palm),62,L,aggregate,Retail,99.12
2021-03-15,Khulna,Khulna,Khulna Sadar,4081,22.81,89.55,oil and fats,Oil (palm),62,L,aggregate,Retail,102.99
2021-04-15,Khulna,Khulna,Khulna Sadar,4081,22.81,89.55,oil and fats,Oil (palm),62,L,aggregate,Retail,110.08
2021-05-15,Khulna,Khulna,Khulna Sadar,4081,22.81,89.55,oil and fats,Oil (palm),62,L,aggregate,Retail,115.58
2021-06-15,Khulna,Khulna,Khulna Sadar,4081,22.81,89.55,oil and fats,Oil (palm),62,L,aggregate,Retail,116.92
2021-07-15,Khulna,Khulna,Khulna Sadar,4081,22.81,89.55,oil and fats,Oil (palm),62,L,aggregate,Retail,120.54
2021-08-15,Khulna,Khulna,Khulna Sadar,4081,22.81,89.55,oil and fats,Oil (palm),62,L,aggregate,Retail,119.13
2021-09-15,Khulna,Khulna,Khulna Sadar,4081,22.81,89.55,oil and fats,Oil (palm),62,L,aggregate,Retail,129.99
2021-10-15,Khulna,Khulna,Khulna Sadar,4081,22.81,89.55,oil and fats,Oil (palm),62,L,aggregate,Retail,141.94
2021-11-15,Khulna,Khulna,Khulna Sadar,4081,22.81,89.55,oil and fats,Oil (palm),62,L,aggregate,Retail,141.83
2021-12-15,Khulna,Khulna,Khulna Sadar,4081,22.81,89.55,oil and fats,Oil (palm),62,L,aggregate,Retail,137.39
2022-01-15,Khulna,Khulna,Khulna Sadar,4081,22.81,89.55,oil and fats,Oil (palm),62,L,aggregate,Retail,137.51
2022-02-15,Khulna,Khulna,Khulna Sadar,4081,22.81,89.55,oil and fats,Oil (palm),62,L,aggregate,Retail,150.45
2022-03-15,Khulna,Khulna,Khulna Sadar,4081,22.81,89.55,oil and fats,Oil (palm),62,L,aggregate,Retail,155.21
2022-04-15,Khulna,Khulna,Khulna Sadar,4081,22.81,89.55,oil and fats,Oil (palm),62,L,aggregate,Retail,142.04
2022-05-15,Khulna,Khulna,Khulna Sadar,4081,22.81,89.55,oil and fats,Oil (palm),62,L,aggregate,Retail,172.91
2022-06-15,Khulna,Khulna,Khulna Sadar,4081,22.81,89.55,oil and fats,Oil (palm),62,L,aggregate,Retail,172.67
2022-07-15,Khulna,Khulna,Khulna Sadar,4081,22.81,89.55,oil and fats,Oil (palm),62,L,aggregate,Retail,165.08
2022-08-15,Khulna,Khulna,Khulna Sadar,4081,22.81,89.55,oil and fats,Oil (palm),62,L,aggregate,Retail,153.84
2022-09-15,Khulna,Khulna,Khulna Sadar,4081,22.81,89.55,oil and fats,Oil (palm),62,L,aggregate,Retail,143.3
2022-10-15,Khulna,Khulna,Khulna Sadar,4081,22.81,89.55,oil and fats,Oil (palm),62,L,aggregate,Retail,130.24
2022-11-15,Khulna,Khulna,Khulna Sadar,4081,22.81,89.55,oil and fats,Oil (palm),62,L,aggregate,Retail,133.66
2022-12-15,Khulna,Khulna,Khulna Sadar,4081,22.81,89.55,oil and fats,Oil (palm),62,L,aggregate,Retail,124.47
2023-01-15,Khulna,Khulna,Khulna Sadar,4081,22.81,89.55,oil and fats,Oil (palm),62,L,aggregate,Retail,119.0
2023-02-15,Khulna,Khulna,Khulna Sadar,4081,22.81,89.55,oil and fats,Oil (palm),62,L,aggregate,Retail,119.2
2023-03-15,Khulna,Khulna,Khulna Sadar,4081,22.81,89.55,oil and fats,Oil (palm),62,L,aggregate,Retail,124.18
2023-04-15,Khulna,Khulna,Khulna Sadar,4081,22.81,89.55,oil and fats,Oil (palm),62,L,aggregate,Retail,131.77
2023-05-15,Khulna,Khulna,Khulna Sadar,4081,22.81,89.55,oil and fats,Oil (palm),62,L,aggregate,Retail,134.89
2023-06-15,Khulna,Khulna,Khulna Sadar,4081,22.81,89.55,oil and fats,Oil (palm),62,L,aggregate,Retail,133.57
2023-07-15,Khulna,Khulna,Khulna Sadar,4081,22.81,89.55,oil and fats,Oil (palm),62,L,aggregate,Retail,133.5
2023-08-15,Khulna,Khulna,Khulna Sadar,4081,22.81,89.55,oil and fats,Oil (palm),62,L,aggregate,Retail,131.0
2023-09-15,Khulna,Khulna,Khulna Sadar,4081,22.81,89.55,oil and fats,Oil (palm),62,L,aggregate,Retail,126.5
2023-10-15,Khulna,Khulna,Khulna Sadar,4081,22.81,89.55,oil and fats,Oil (palm),62,L,aggregate,Retail,125.75
2023-11-15,Khulna,Khulna,Khulna Sadar,4081,22.81,89.55,oil and fats,Oil (palm),62,L,aggregate,Retail,127.0
2023-12-15,Khulna,Khulna,Khulna Sadar,4081,22.81,89.55,oil and fats,Oil (palm),62,L,aggregate,Retail,127.0
2024-01-15,Khulna,Khulna,Khulna Sadar,4081,22.81,89.55,oil and fats,Oil (palm),62,L,aggregate,Retail,127.0
2024-02-15,Khulna,Khulna,Khulna Sadar,4081,22.81,89.55,oil and fats,Oil (palm),62,L,aggregate,Retail,126.0
2024-03-15,Khulna,Khulna,Khulna Sadar,4081,22.81,89.55,oil and fats,Oil (palm),62,L,aggregate,Retail,129.8
2024-04-15,Khulna,Khulna,Khulna Sadar,4081,22.81,89.55,oil and fats,Oil (palm),62,L,aggregate,Retail,133.3
2024-05-15,Khulna,Khulna,Khulna Sadar,4081,22.81,89.55,oil and fats,Oil (palm),62,L,aggregate,Retail,132.5
2024-06-15,Khulna,Khulna,Khulna Sadar,4081,22.81,89.55,oil and fats,Oil (palm),62,L,aggregate,Retail,129.8
2024-07-15,Khulna,Khulna,Khulna Sadar,4081,22.81,89.55,oil and fats,Oil (palm),62,L,aggregate,Retail,127.0
2024-08-15,Khulna,Khulna,Khulna Sadar,4081,22.81,89.55,oil and fats,Oil (palm),62,L,aggregate,Retail,128.5
2024-09-15,Khulna,Khulna,Khulna Sadar,4081,22.81,89.55,oil and fats,Oil (palm),62,L,actual,Retail,135.5
2024-10-15,Khulna,Khulna,Khulna Sadar,4081,22.81,89.55,oil and fats,Oil (palm),62,L,actual,Retail,152.25
2024-11-15,Khulna,Khulna,Khulna Sadar,4081,22.81,89.55,oil and fats,Oil (palm),62,L,actual,Retail,165.5
2024-12-15,Khulna,Khulna,Khulna Sadar,4081,22.81,89.55,oil and fats,Oil (palm),62,L,actual,Retail,161.8
2026-05-15,Khulna,Khulna,Khulna Sadar,4081,22.81,89.55,oil and fats,Oil (palm),62,L,actual,Retail,167.59
2026-06-15,Khulna,Khulna,Khulna Sadar,4081,22.81,89.55,oil and fats,Oil (palm),62,L,actual,Retail,167.5
2026-07-15,Khulna,Khulna,Khulna Sadar,4081,22.81,89.55,oil and fats,Oil (palm),62,L,actual,Retail,167.2
2024-09-15,Khulna,Khulna,Khulna Sadar,4081,22.81,89.55,oil and fats,"Oil (soybean, fortified)",1282,L,actual,Retail,151.5
2024-10-15,Khulna,Khulna,Khulna Sadar,4081,22.81,89.55,oil and fats,"Oil (soybean, fortified)",1282,L,actual,Retail,159.75
2024-11-15,Khulna,Khulna,Khulna Sadar,4081,22.81,89.55,oil and fats,"Oil (soybean, fortified)",1282,L,actual,Retail,171.3
2024-12-15,Khulna,Khulna,Khulna Sadar,4081,22.81,89.55,oil and fats,"Oil (soybean, fortified)",1282,L,actual,Retail,165.77
2026-05-15,Khulna,Khulna,Khulna Sadar,4081,22.81,89.55,oil and fats,"Oil (soybean, fortified)",1282,L,actual,Retail,189.36
2026-06-15,Khulna,Khulna,Khulna Sadar,4081,22.81,89.55,oil and fats,"Oil (soybean, fortified)",1282,L,actual,Retail,189.7
2026-07-15,Khulna,Khulna,Khulna Sadar,4081,22.81,89.55,oil and fats,"Oil (soybean, fortified)",1282,L,actual,Retail,186.8
2024-09-15,Khulna,Khulna,Khulna Sadar,4081,22.81,89.55,vegetables and fruits,"Onions (imported, China)",1108,KG,actual,Retail,107.5
2024-10-15,Khulna,Khulna,Khulna Sadar,4081,22.81,89.55,vegetables and fruits,"Onions (imported, China)",1108,KG,actual,Retail,106.25
2024-11-15,Khulna,Khulna,Khulna Sadar,4081,22.81,89.55,vegetables and fruits,"Onions (imported, China)",1108,KG,actual,Retail,106.5
2024-12-15,Khulna,Khulna,Khulna Sadar,4081,22.81,89.55,vegetables and fruits,"Onions (imported, China)",1108,KG,actual,Retail,70.75
2024-09-15,Khulna,Khulna,Khulna Sadar,4081,22.81,89.55,vegetables and fruits,Papaya (green),1114,KG,actual,Retail,36.5
2024-10-15,Khulna,Khulna,Khulna Sadar,4081,22.81,89.55,vegetables and fruits,Papaya (green),1114,KG,actual,Retail,38.75
2024-11-15,Khulna,Khulna,Khulna Sadar,4081,22.81,89.55,vegetables and fruits,Papaya (green),1114,KG,actual,Retail,37.5
2024-12-15,Khulna,Khulna,Khulna Sadar,4081,22.81,89.55,vegetables and fruits,Papaya (green),1114,KG,actual,Retail,26.39
2026-05-15,Khulna,Khulna,Khulna Sadar,4081,22.81,89.55,vegetables and fruits,Papaya (green),1114,KG,actual,Retail,57.73
2026-06-15,Khulna,Khulna,Khulna Sadar,4081,22.81,89.55,vegetables and fruits,Papaya (green),1114,KG,actual,Retail,51.1
2026-07-15,Khulna,Khulna,Khulna Sadar,4081,22.81,89.55,vegetables and fruits,Papaya (green),1114,KG,actual,Retail,43.4
2024-09-15,Khulna,Khulna,Khulna Sadar,4081,22.81,89.55,cereals and tubers,"Potatoes (Holland, white)",1295,KG,actual,Retail,57.5
2024-10-15,Khulna,Khulna,Khulna Sadar,4081,22.81,89.55,cereals and tubers,"Potatoes (Holland, white)",1295,KG,actual,Retail,57.75
2024-11-15,Khulna,Khulna,Khulna Sadar,4081,22.81,89.55,cereals and tubers,"Potatoes (Holland, white)",1295,KG,actual,Retail,72.5
2020-07-15,Khulna,Khulna,Khulna Sadar,4081,22.81,89.55,cereals and tubers,Rice (coarse),60,KG,aggregate,Retail,41.0
2020-08-15,Khulna,Khulna,Khulna Sadar,4081,22.81,89.55,cereals and tubers,Rice (coarse),60,KG,aggregate,Retail,41.05
2020-09-15,Khulna,Khulna,Khulna Sadar,4081,22.81,89.55,cereals and tubers,Rice (coarse),60,KG,aggregate,Retail,43.21
2020-10-15,Khulna,Khulna,Khulna Sadar,4081,22.81,89.55,cereals and tubers,Rice (coarse),60,KG,aggregate,Retail,44.1
2020-11-15,Khulna,Khulna,Khulna Sadar,4081,22.81,89.55,cereals and tubers,Rice (coarse),60,KG,aggregate,Retail,43.86
2020-12-15,Khulna,Khulna,Khulna Sadar,4081,22.81,89.55,cereals and tubers,Rice (coarse),60,KG,aggregate,Retail,44.0
2021-05-15,Khulna,Khulna,Khulna Sadar,4081,22.81,89.55,cereals and tubers,Rice (coarse),60,KG,aggregate,Retail,43.2
2021-06-15,Khulna,Khulna,Khulna Sadar,4081,22.81,89.55,cereals and tubers,Rice (coarse),60,KG,aggregate,Retail,43.58
2021-07-15,Khulna,Khulna,Khulna Sadar,4081,22.81,89.55,cereals and tubers,Rice (coarse),60,KG,aggregate,Retail,45.11
2021-08-15,Khulna,Khulna,Khulna Sadar,4081,22.81,89.55,cereals and tubers,Rice (coarse),60,KG,aggregate,Retail,44.5
2021-09-15,Khulna,Khulna,Khulna Sadar,4081,22.81,89.55,cereals and tubers,Rice (coarse),60,KG,aggregate,Retail,44.22
2021-10-15,Khulna,Khulna,Khulna Sadar,4081,22.81,89.55,cereals and tubers,Rice (coarse),60,KG,aggregate,Retail,43.16
2021-11-15,Khulna,Khulna,Khulna Sadar,4081,22.81,89.55,cereals and tubers,Rice (coarse),60,KG,aggregate,Retail,43.83
2022-05-15,Khulna,Khulna,Khulna Sadar,4081,22.81,89.55,cereals and tubers,Rice (coarse),60,KG,aggregate,Retail,45.0
2022-06-15,Khulna,Khulna,Khulna Sadar,4081,22.81,89.55,cereals and tubers,Rice (coarse),60,KG,aggregate,Retail,45.79
2022-07-15,Khulna,Khulna,Khulna Sadar,4081,22.81,89.55,cereals and tubers,Rice (coarse),60,KG,aggregate,Retail,46.56
2022-08-15,Khulna,Khulna,Khulna Sadar,4081,22.81,89.55,cereals and tubers,Rice (coarse),60,KG,aggregate,Retail,49.83
2022-09-15,Khulna,Khulna,Khulna Sadar,4081,22.81,89.55,cereals and tubers,Rice (coarse),60,KG,aggregate,Retail,49.0
2022-10-15,Khulna,Khulna,Khulna Sadar,4081,22.81,89.55,cereals and tubers,Rice (coarse),60,KG,aggregate,Retail,47.0
2022-11-15,Khulna,Khulna,Khulna Sadar,4081,22.81,89.55,cereals and tubers,Rice (coarse),60,KG,aggregate,Retail,48.09
2022-12-15,Khulna,Khulna,Khulna Sadar,4081,22.81,89.55,cereals and tubers,Rice (coarse),60,KG,aggregate,Retail,49.0
2023-05-15,Khulna,Khulna,Khulna Sadar,4081,22.81,89.55,cereals and tubers,Rice (coarse),60,KG,aggregate,Retail,49.0
2023-06-15,Khulna,Khulna,Khulna Sadar,4081,22.81,89.55,cereals and tubers,Rice (coarse),60,KG,aggregate,Retail,48.28
2023-07-15,Khulna,Khulna,Khulna Sadar,4081,22.81,89.55,cereals and tubers,Rice (coarse),60,KG,aggregate,Retail,46.89
2023-08-15,Khulna,Khulna,Khulna Sadar,4081,22.81,89.55,cereals and tubers,Rice (coarse),60,KG,aggregate,Retail,47.0
2023-09-15,Khulna,Khulna,Khulna Sadar,4081,22.81,89.55,cereals and tubers,Rice (coarse),60,KG,aggregate,Retail,47.0
2023-10-15,Khulna,Khulna,Khulna Sadar,4081,22.81,89.55,cereals and tubers,Rice (coarse),60,KG,aggregate,Retail,47.0
2023-11-15,Khulna,Khulna,Khulna Sadar,4081,22.81,89.55,cereals and tubers,Rice (coarse),60,KG,aggregate,Retail,48.0
2024-01-15,Khulna,Khulna,Khulna Sadar,4081,22.81,89.55,cereals and tubers,Rice (coarse),60,KG,aggregate,Retail,49.0
2024-02-15,Khulna,Khulna,Khulna Sadar,4081,22.81,89.55,cereals and tubers,Rice (coarse),60,KG,aggregate,Retail,51.0
2024-03-15,Khulna,Khulna,Khulna Sadar,4081,22.81,89.55,cereals and tubers,Rice (coarse),60,KG,aggregate,Retail,51.0
2024-04-15,Khulna,Khulna,Khulna Sadar,4081,22.81,89.55,cereals and tubers,Rice (coarse),60,KG,aggregate,Retail,51.0
2024-05-15,Khulna,Khulna,Khulna Sadar,4081,22.81,89.55,cereals and tubers,Rice (coarse),60,KG,aggregate,Retail,51.0
2024-07-15,Khulna,Khulna,Khulna Sadar,4081,22.81,89.55,cereals and tubers,Rice (coarse),60,KG,aggregate,Retail,52.0
2024-08-15,Khulna,Khulna,Khulna Sadar,4081,22.81,89.55,cereals and tubers,Rice (coarse),60,KG,aggregate,Retail,52.0
2024-09-15,Khulna,Khulna,Khulna Sadar,4081,22.81,89.55,cereals and tubers,Rice (coarse),60,KG,actual,Retail,53.0
2024-10-15,Khulna,Khulna,Khulna Sadar,4081,22.81,89.55,cereals and tubers,Rice (coarse),60,KG,actual,Retail,53.0
2024-11-15,Khulna,Khulna,Khulna Sadar,4081,22.81,89.55,cereals and tubers,Rice (coarse),60,KG,actual,Retail,53.0
2026-05-15,Khulna,Khulna,Khulna Sadar,4081,22.81,89.55,cereals and tubers,Rice (coarse),60,KG,actual,Retail,50.0
2026-06-15,Khulna,Khulna,Khulna Sadar,4081,22.81,89.55,cereals and tubers,Rice (coarse),60,KG,actual,Retail,50.0
2026-07-15,Khulna,Khulna,Khulna Sadar,4081,22.81,89.55,cereals and tubers,Rice (coarse),60,KG,actual,Retail,50.3
2024-09-15,Khulna,Khulna,Khulna Sadar,4081,22.81,89.55,vegetables and fruits,Snake gourd,675,KG,actual,Retail,47.0
2024-10-15,Khulna,Khulna,Khulna Sadar,4081,22.81,89.55,vegetables and fruits,Snake gourd,675,KG,actual,Retail,66.5
2024-11-15,Khulna,Khulna,Khulna Sadar,4081,22.81,89.55,vegetables and fruits,Snake gourd,675,KG,actual,Retail,50.0
2026-05-15,Khulna,Khulna,Khulna Sadar,4081,22.81,89.55,vegetables and fruits,Snake gourd,675,KG,actual,Retail,56.82
2026-06-15,Khulna,Khulna,Khulna Sadar,4081,22.81,89.55,vegetables and fruits,Snake gourd,675,KG,actual,Retail,42.9
2026-07-15,Khulna,Khulna,Khulna Sadar,4081,22.81,89.55,vegetables and fruits,Snake gourd,675,KG,actual,Retail,53.8
2024-09-15,Khulna,Khulna,Khulna Sadar,4081,22.81,89.55,vegetables and fruits,Spinach (malabar),1297,KG,actual,Retail,33.75
2024-10-15,Khulna,Khulna,Khulna Sadar,4081,22.81,89.55,vegetables and fruits,Spinach (malabar),1297,KG,actual,Retail,38.75
2024-11-15,Khulna,Khulna,Khulna Sadar,4081,22.81,89.55,vegetables and fruits,Spinach (malabar),1297,KG,actual,Retail,38.0
2026-05-15,Khulna,Khulna,Khulna Sadar,4081,22.81,89.55,vegetables and fruits,Spinach (malabar),1297,KG,actual,Retail,39.18
2026-06-15,Khulna,Khulna,Khulna Sadar,4081,22.81,89.55,vegetables and fruits,Spinach (malabar),1297,KG,actual,Retail,33.2
2026-07-15,Khulna,Khulna,Khulna Sadar,4081,22.81,89.55,vegetables and fruits,Spinach (malabar),1297,KG,actual,Retail,35.0
2024-09-15,Khulna,Khulna,Khulna Sadar,4081,22.81,89.55,vegetables and fruits,Spinach (red),1296,KG,actual,Retail,50.0
2024-10-15,Khulna,Khulna,Khulna Sadar,4081,22.81,89.55,vegetables and fruits,Spinach (red),1296,KG,actual,Retail,66.25
2024-11-15,Khulna,Khulna,Khulna Sadar,4081,22.81,89.55,vegetables and fruits,Spinach (red),1296,KG,actual,Retail,53.8
2024-12-15,Khulna,Khulna,Khulna Sadar,4081,22.81,89.55,vegetables and fruits,Spinach (red),1296,KG,actual,Retail,27.36
2026-05-15,Khulna,Khulna,Khulna Sadar,4081,22.81,89.55,vegetables and fruits,Spinach (red),1296,KG,actual,Retail,45.68
2026-06-15,Khulna,Khulna,Khulna Sadar,4081,22.81,89.55,vegetables and fruits,Spinach (red),1296,KG,actual,Retail,47.1
2026-07-15,Khulna,Khulna,Khulna Sadar,4081,22.81,89.55,vegetables and fruits,Spinach (red),1296,KG,actual,Retail,48.2
2024-09-15,Khulna,Khulna,Khulna Sadar,4081,22.81,89.55,miscellaneous food,Sugar,97,KG,actual,Retail,150.0
2024-10-15,Khulna,Khulna,Khulna Sadar,4081,22.81,89.55,miscellaneous food,Sugar,97,KG,actual,Retail,72.0
2024-11-15,Khulna,Khulna,Khulna Sadar,4081,22.81,89.55,miscellaneous food,Sugar,97,KG,actual,Retail,131.8
2024-12-15,Khulna,Khulna,Khulna Sadar,4081,22.81,89.55,miscellaneous food,Sugar,97,KG,actual,Retail,123.39
2026-05-15,Khulna,Khulna,Khulna Sadar,4081,22.81,89.55,miscellaneous food,Sugar,97,KG,actual,Retail,107.5
2026-06-15,Khulna,Khulna,Khulna Sadar,4081,22.81,89.55,miscellaneous food,Sugar,97,KG,actual,Retail,108.3
2026-07-15,Khulna,Khulna,Khulna Sadar,4081,22.81,89.55,miscellaneous food,Sugar,97,KG,actual,Retail,106.8
2020-07-15,Khulna,Khulna,Khulna Sadar,4081,22.81,89.55,cereals and tubers,Wheat flour,58,KG,aggregate,Retail,35.0
2020-08-15,Khulna,Khulna,Khulna Sadar,4081,22.81,89.55,cereals and tubers,Wheat flour,58,KG,aggregate,Retail,35.07
2020-09-15,Khulna,Khulna,Khulna Sadar,4081,22.81,89.55,cereals and tubers,Wheat flour,58,KG,aggregate,Retail,35.0
2020-10-15,Khulna,Khulna,Khulna Sadar,4081,22.81,89.55,cereals and tubers,Wheat flour,58,KG,aggregate,Retail,35.0
2020-11-15,Khulna,Khulna,Khulna Sadar,4081,22.81,89.55,cereals and tubers,Wheat flour,58,KG,aggregate,Retail,35.0
2020-12-15,Khulna,Khulna,Khulna Sadar,4081,22.81,89.55,cereals and tubers,Wheat flour,58,KG,aggregate,Retail,34.89
2021-01-15,Khulna,Khulna,Khulna Sadar,4081,22.81,89.55,cereals and tubers,Wheat flour,58,KG,aggregate,Retail,35.0
2021-02-15,Khulna,Khulna,Khulna Sadar,4081,22.81,89.55,cereals and tubers,Wheat flour,58,KG,aggregate,Retail,35.23
2021-03-15,Khulna,Khulna,Khulna Sadar,4081,22.81,89.55,cereals and tubers,Wheat flour,58,KG,aggregate,Retail,35.0
2021-04-15,Khulna,Khulna,Khulna Sadar,4081,22.81,89.55,cereals and tubers,Wheat flour,58,KG,aggregate,Retail,34.95
2021-05-15,Khulna,Khulna,Khulna Sadar,4081,22.81,89.55,cereals and tubers,Wheat flour,58,KG,aggregate,Retail,34.83
2021-06-15,Khulna,Khulna,Khulna Sadar,4081,22.81,89.55,cereals and tubers,Wheat flour,58,KG,aggregate,Retail,35.0
2021-07-15,Khulna,Khulna,Khulna Sadar,4081,22.81,89.55,cereals and tubers,Wheat flour,58,KG,aggregate,Retail,35.14
2021-08-15,Khulna,Khulna,Khulna Sadar,4081,22.81,89.55,cereals and tubers,Wheat flour,58,KG,aggregate,Retail,34.82
2021-09-15,Khulna,Khulna,Khulna Sadar,4081,22.81,89.55,cereals and tubers,Wheat flour,58,KG,aggregate,Retail,35.13
2021-10-15,Khulna,Khulna,Khulna Sadar,4081,22.81,89.55,cereals and tubers,Wheat flour,58,KG,aggregate,Retail,37.02
2021-11-15,Khulna,Khulna,Khulna Sadar,4081,22.81,89.55,cereals and tubers,Wheat flour,58,KG,aggregate,Retail,39.92
2021-12-15,Khulna,Khulna,Khulna Sadar,4081,22.81,89.55,cereals and tubers,Wheat flour,58,KG,aggregate,Retail,39.15
2022-01-15,Khulna,Khulna,Khulna Sadar,4081,22.81,89.55,cereals and tubers,Wheat flour,58,KG,aggregate,Retail,40.17
2022-02-15,Khulna,Khulna,Khulna Sadar,4081,22.81,89.55,cereals and tubers,Wheat flour,58,KG,aggregate,Retail,39.77
2022-03-15,Khulna,Khulna,Khulna Sadar,4081,22.81,89.55,cereals and tubers,Wheat flour,58,KG,aggregate,Retail,41.0
2022-04-15,Khulna,Khulna,Khulna Sadar,4081,22.81,89.55,cereals and tubers,Wheat flour,58,KG,aggregate,Retail,41.0
2022-05-15,Khulna,Khulna,Khulna Sadar,4081,22.81,89.55,cereals and tubers,Wheat flour,58,KG,aggregate,Retail,44.46
2022-06-15,Khulna,Khulna,Khulna Sadar,4081,22.81,89.55,cereals and tubers,Wheat flour,58,KG,aggregate,Retail,52.35
2022-07-15,Khulna,Khulna,Khulna Sadar,4081,22.81,89.55,cereals and tubers,Wheat flour,58,KG,aggregate,Retail,52.8
2022-08-15,Khulna,Khulna,Khulna Sadar,4081,22.81,89.55,cereals and tubers,Wheat flour,58,KG,aggregate,Retail,53.31
2022-09-15,Khulna,Khulna,Khulna Sadar,4081,22.81,89.55,cereals and tubers,Wheat flour,58,KG,aggregate,Retail,61.5
2022-10-15,Khulna,Khulna,Khulna Sadar,4081,22.81,89.55,cereals and tubers,Wheat flour,58,KG,aggregate,Retail,61.22
2022-11-15,Khulna,Khulna,Khulna Sadar,4081,22.81,89.55,cereals and tubers,Wheat flour,58,KG,aggregate,Retail,63.28
2022-12-15,Khulna,Khulna,Khulna Sadar,4081,22.81,89.55,cereals and tubers,Wheat flour,58,KG,aggregate,Retail,64.98
2023-01-15,Khulna,Khulna,Khulna Sadar,4081,22.81,89.55,cereals and tubers,Wheat flour,58,KG,aggregate,Retail,69.48
2023-02-15,Khulna,Khulna,Khulna Sadar,4081,22.81,89.55,cereals and tubers,Wheat flour,58,KG,aggregate,Retail,70.86
2023-03-15,Khulna,Khulna,Khulna Sadar,4081,22.81,89.55,cereals and tubers,Wheat flour,58,KG,aggregate,Retail,70.15
2023-04-15,Khulna,Khulna,Khulna Sadar,4081,22.81,89.55,cereals and tubers,Wheat flour,58,KG,aggregate,Retail,65.9
2023-05-15,Khulna,Khulna,Khulna Sadar,4081,22.81,89.55,cereals and tubers,Wheat flour,58,KG,aggregate,Retail,66.36
2023-06-15,Khulna,Khulna,Khulna Sadar,4081,22.81,89.55,cereals and tubers,Wheat flour,58,KG,aggregate,Retail,66.07
2023-07-15,Khulna,Khulna,Khulna Sadar,4081,22.81,89.55,cereals and tubers,Wheat flour,58,KG,aggregate,Retail,64.71
2023-08-15,Khulna,Khulna,Khulna Sadar,4081,22.81,89.55,cereals and tubers,Wheat flour,58,KG,aggregate,Retail,60.5
2023-09-15,Khulna,Khulna,Khulna Sadar,4081,22.81,89.55,cereals and tubers,Wheat flour,58,KG,aggregate,Retail,57.75
2023-10-15,Khulna,Khulna,Khulna Sadar,4081,22.81,89.55,cereals and tubers,Wheat flour,58,KG,aggregate,Retail,52.5
2023-11-15,Khulna,Khulna,Khulna Sadar,4081,22.81,89.55,cereals and tubers,Wheat flour,58,KG,aggregate,Retail,55.0
2023-12-15,Khulna,Khulna,Khulna Sadar,4081,22.81,89.55,cereals and tubers,Wheat flour,58,KG,aggregate,Retail,56.3
2024-01-15,Khulna,Khulna,Khulna Sadar,4081,22.81,89.55,cereals and tubers,Wheat flour,58,KG,aggregate,Retail,57.3
2024-02-15,Khulna,Khulna,Khulna Sadar,4081,22.81,89.55,cereals and tubers,Wheat flour,58,KG,aggregate,Retail,57.5
2024-03-15,Khulna,Khulna,Khulna Sadar,4081,22.81,89.55,cereals and tubers,Wheat flour,58,KG,aggregate,Retail,55.3
2024-04-15,Khulna,Khulna,Khulna Sadar,4081,22.81,89.55,cereals and tubers,Wheat flour,58,KG,aggregate,Retail,55.3
2024-05-15,Khulna,Khulna,Khulna Sadar,4081,22.81,89.55,cereals and tubers,Wheat flour,58,KG,aggregate,Retail,54.8
2024-06-15,Khulna,Khulna,Khulna Sadar,4081,22.81,89.55,cereals and tubers,Wheat flour,58,KG,aggregate,Retail,53.5
2024-07-15,Khulna,Khulna,Khulna Sadar,4081,22.81,89.55,cereals and tubers,Wheat flour,58,KG,aggregate,Retail,52.8
2024-08-15,Khulna,Khulna,Khulna Sadar,4081,22.81,89.55,cereals and tubers,Wheat flour,58,KG,aggregate,Retail,52.5
2024-09-15,Khulna,Khulna,Khulna Sadar,4081,22.81,89.55,cereals and tubers,Wheat flour,58,KG,actual,Retail,52.5
2024-10-15,Khulna,Khulna,Khulna Sadar,4081,22.81,89.55,cereals and tubers,Wheat flour,58,KG,actual,Retail,52.5
2024-11-15,Khulna,Khulna,Khulna Sadar,4081,22.81,89.55,cereals and tubers,Wheat flour,58,KG,actual,Retail,52.5
2026-05-15,Khulna,Khulna,Khulna Sadar,4081,22.81,89.55,cereals and tubers,Wheat flour,58,KG,actual,Retail,57.5
2026-06-15,Khulna,Khulna,Khulna Sadar,4081,22.81,89.55,cereals and tubers,Wheat flour,58,KG,actual,Retail,57.5
2026-07-15,Khulna,Khulna,Khulna Sadar,4081,22.81,89.55,cereals and tubers,Wheat flour,58,KG,actual,Retail,57.5
2026-05-15,Rajshahi,Rajshahi,Baneshor,11805,24.39,88.75,"meat, fish and eggs",Eggs (brown),1073,1 piece,actual,Retail,12.08
2026-06-15,Rajshahi,Rajshahi,Baneshor,11805,24.39,88.75,"meat, fish and eggs",Eggs (brown),1073,1 piece,actual,Retail,10.4
2026-07-15,Rajshahi,Rajshahi,Baneshor,11805,24.39,88.75,"meat, fish and eggs",Eggs (brown),1073,1 piece,actual,Retail,11.0
2026-05-15,Rajshahi,Rajshahi,Baneshor,11805,24.39,88.75,oil and fats,"Oil (soybean, fortified)",1282,L,actual,Retail,185.5
2026-06-15,Rajshahi,Rajshahi,Baneshor,11805,24.39,88.75,oil and fats,"Oil (soybean, fortified)",1282,L,actual,Retail,185.5
2026-07-15,Rajshahi,Rajshahi,Baneshor,11805,24.39,88.75,oil and fats,"Oil (soybean, fortified)",1282,L,actual,Retail,185.5
2026-07-15,Rajshahi,Rajshahi,Baneshor,11805,24.39,88.75,vegetables and fruits,Papaya (green),1114,KG,actual,Retail,31.3
2026-05-15,Rajshahi,Rajshahi,Baneshor,11805,24.39,88.75,miscellaneous food,Sugar,97,KG,actual,Retail,102.5
2026-06-15,Rajshahi,Rajshahi,Baneshor,11805,24.39,88.75,miscellaneous food,Sugar,97,KG,actual,Retail,102.5
2026-07-15,Rajshahi,Rajshahi,Baneshor,11805,24.39,88.75,miscellaneous food,Sugar,97,KG,actual,Retail,102.5
2026-05-15,Rajshahi,Rajshahi,Baneshor,11805,24.39,88.75,cereals and tubers,Wheat flour,58,KG,actual,Retail,56.5
2026-06-15,Rajshahi,Rajshahi,Baneshor,11805,24.39,88.75,cereals and tubers,Wheat flour,58,KG,actual,Retail,56.5
2026-07-15,Rajshahi,Rajshahi,Baneshor,11805,24.39,88.75,cereals and tubers,Wheat flour,58,KG,actual,Retail,56.5
2026-05-15,Rajshahi,Rajshahi,Godagari Sadar,11806,24.48,88.32,vegetables and fruits,Chili (green),90,KG,actual,Retail,90.67
2026-06-15,Rajshahi,Rajshahi,Godagari Sadar,11806,24.48,88.32,vegetables and fruits,Chili (green),90,KG,actual,Retail,53.5
2026-07-15,Rajshahi,Rajshahi,Godagari Sadar,11806,24.48,88.32,vegetables and fruits,Chili (green),90,KG,actual,Retail,179.1
2026-05-15,Rajshahi,Rajshahi,Godagari Sadar,11806,24.48,88.32,"meat, fish and eggs",Eggs (brown),1073,1 piece,actual,Retail,11.08
2026-06-15,Rajshahi,Rajshahi,Godagari Sadar,11806,24.48,88.32,"meat, fish and eggs",Eggs (brown),1073,1 piece,actual,Retail,9.8
2026-07-15,Rajshahi,Rajshahi,Godagari Sadar,11806,24.48,88.32,"meat, fish and eggs",Eggs (brown),1073,1 piece,actual,Retail,10.2
2026-05-15,Rajshahi,Rajshahi,Godagari Sadar,11806,24.48,88.32,"meat, fish and eggs","Fish (live, pangasius)",1080,KG,actual,Retail,235.0
2026-06-15,Rajshahi,Rajshahi,Godagari Sadar,11806,24.48,88.32,"meat, fish and eggs","Fish (live, pangasius)",1080,KG,actual,Retail,235.0
2026-07-15,Rajshahi,Rajshahi,Godagari Sadar,11806,24.48,88.32,"meat, fish and eggs","Fish (live, pangasius)",1080,KG,actual,Retail,235.0
2026-05-15,Rajshahi,Rajshahi,Godagari Sadar,11806,24.48,88.32,vegetables and fruits,"Garlic (imported, China)",1082,KG,actual,Retail,179.33
2026-06-15,Rajshahi,Rajshahi,Godagari Sadar,11806,24.48,88.32,vegetables and fruits,"Garlic (imported, China)",1082,KG,actual,Retail,138.0
2026-07-15,Rajshahi,Rajshahi,Godagari Sadar,11806,24.48,88.32,vegetables and fruits,"Garlic (imported, China)",1082,KG,actual,Retail,130.0
2026-05-15,Rajshahi,Rajshahi,Godagari Sadar,11806,24.48,88.32,pulses and nuts,Lentils (masur),61,KG,actual,Retail,92.5
2026-06-15,Rajshahi,Rajshahi,Godagari Sadar,11806,24.48,88.32,pulses and nuts,Lentils (masur),61,KG,actual,Retail,92.5
2026-07-15,Rajshahi,Rajshahi,Godagari Sadar,11806,24.48,88.32,pulses and nuts,Lentils (masur),61,KG,actual,Retail,92.5
2026-05-15,Rajshahi,Rajshahi,Godagari Sadar,11806,24.48,88.32,oil and fats,Oil (palm),62,L,actual,Retail,164.5
2026-06-15,Rajshahi,Rajshahi,Godagari Sadar,11806,24.48,88.32,oil and fats,Oil (palm),62,L,actual,Retail,164.5
2026-07-15,Rajshahi,Rajshahi,Godagari Sadar,11806,24.48,88.32,oil and fats,Oil (palm),62,L,actual,Retail,164.5
2026-05-15,Rajshahi,Rajshahi,Godagari Sadar,11806,24.48,88.32,oil and fats,"Oil (soybean, fortified)",1282,L,actual,Retail,185.5
2026-06-15,Rajshahi,Rajshahi,Godagari Sadar,11806,24.48,88.32,oil and fats,"Oil (soybean, fortified)",1282,L,actual,Retail,185.5
2026-07-15,Rajshahi,Rajshahi,Godagari Sadar,11806,24.48,88.32,oil and fats,"Oil (soybean, fortified)",1282,L,actual,Retail,185.5
2026-05-15,Rajshahi,Rajshahi,Godagari Sadar,11806,24.48,88.32,vegetables and fruits,Papaya (green),1114,KG,actual,Retail,76.0
2026-06-15,Rajshahi,Rajshahi,Godagari Sadar,11806,24.48,88.32,vegetables and fruits,Papaya (green),1114,KG,actual,Retail,51.0
2026-07-15,Rajshahi,Rajshahi,Godagari Sadar,11806,24.48,88.32,vegetables and fruits,Papaya (green),1114,KG,actual,Retail,32.2
2026-05-15,Rajshahi,Rajshahi,Godagari Sadar,11806,24.48,88.32,vegetables and fruits,Snake gourd,675,KG,actual,Retail,55.67
2026-06-15,Rajshahi,Rajshahi,Godagari Sadar,11806,24.48,88.32,vegetables and fruits,Snake gourd,675,KG,actual,Retail,34.2
2026-07-15,Rajshahi,Rajshahi,Godagari Sadar,11806,24.48,88.32,vegetables and fruits,Snake gourd,675,KG,actual,Retail,40.3
2026-05-15,Rajshahi,Rajshahi,Godagari Sadar,11806,24.48,88.32,vegetables and fruits,Spinach (malabar),1297,KG,actual,Retail,22.5
2026-06-15,Rajshahi,Rajshahi,Godagari Sadar,11806,24.48,88.32,vegetables and fruits,Spinach (malabar),1297,KG,actual,Retail,22.5
2026-07-15,Rajshahi,Rajshahi,Godagari Sadar,11806,24.48,88.32,vegetables and fruits,Spinach (malabar),1297,KG,actual,Retail,23.6
2026-05-15,Rajshahi,Rajshahi,Godagari Sadar,11806,24.48,88.32,vegetables and fruits,Spinach (red),1296,KG,actual,Retail,27.5
2026-06-15,Rajshahi,Rajshahi,Godagari Sadar,11806,24.48,88.32,vegetables and fruits,Spinach (red),1296,KG,actual,Retail,27.5
2026-07-15,Rajshahi,Rajshahi,Godagari Sadar,11806,24.48,88.32,vegetables and fruits,Spinach (red),1296,KG,actual,Retail,29.3
2026-05-15,Rajshahi,Rajshahi,Godagari Sadar,11806,24.48,88.32,miscellaneous food,Sugar,97,KG,actual,Retail,102.5
2026-06-15,Rajshahi,Rajshahi,Godagari Sadar,11806,24.48,88.32,miscellaneous food,Sugar,97,KG,actual,Retail,102.5
2026-07-15,Rajshahi,Rajshahi,Godagari Sadar,11806,24.48,88.32,miscellaneous food,Sugar,97,KG,actual,Retail,102.5
2026-05-15,Rajshahi,Rajshahi,Godagari Sadar,11806,24.48,88.32,cereals and tubers,Wheat flour,58,KG,actual,Retail,57.5
2026-06-15,Rajshahi,Rajshahi,Godagari Sadar,11806,24.48,88.32,cereals and tubers,Wheat flour,58,KG,actual,Retail,57.5
2026-07-15,Rajshahi,Rajshahi,Godagari Sadar,11806,24.48,88.32,cereals and tubers,Wheat flour,58,KG,actual,Retail,57.5
2006-05-15,Rajshahi,Rajshahi,Rajshahi Division,120,24.37,88.6,pulses and nuts,Lentils (masur),61,KG,actual,Retail,52.0
2006-07-15,Rajshahi,Rajshahi,Rajshahi Division,120,24.37,88.6,pulses and nuts,Lentils (masur),61,KG,actual,Retail,52.0
2006-08-15,Rajshahi,Rajshahi,Rajshahi Division,120,24.37,88.6,pulses and nuts,Lentils (masur),61,KG,actual,Retail,53.44
2006-09-15,Rajshahi,Rajshahi,Rajshahi Division,120,24.37,88.6,pulses and nuts,Lentils (masur),61,KG,actual,Retail,53.46
2006-10-15,Rajshahi,Rajshahi,Rajshahi Division,120,24.37,88.6,pulses and nuts,Lentils (masur),61,KG,actual,Retail,52.67
2006-11-15,Rajshahi,Rajshahi,Rajshahi Division,120,24.37,88.6,pulses and nuts,Lentils (masur),61,KG,actual,Retail,52.36
2006-12-15,Rajshahi,Rajshahi,Rajshahi Division,120,24.37,88.6,pulses and nuts,Lentils (masur),61,KG,actual,Retail,53.91
2007-01-15,Rajshahi,Rajshahi,Rajshahi Division,120,24.37,88.6,pulses and nuts,Lentils (masur),61,KG,actual,Retail,53.17
2007-02-15,Rajshahi,Rajshahi,Rajshahi Division,120,24.37,88.6,pulses and nuts,Lentils (masur),61,KG,actual,Retail,53.31
2007-03-15,Rajshahi,Rajshahi,Rajshahi Division,120,24.37,88.6,pulses and nuts,Lentils (masur),61,KG,actual,Retail,52.93
2007-04-15,Rajshahi,Rajshahi,Rajshahi Division,120,24.37,88.6,pulses and nuts,Lentils (masur),61,KG,actual,Retail,51.1
2007-05-15,Rajshahi,Rajshahi,Rajshahi Division,120,24.37,88.6,pulses and nuts,Lentils (masur),61,KG,actual,Retail,53.0
2007-06-15,Rajshahi,Rajshahi,Rajshahi Division,120,24.37,88.6,pulses and nuts,Lentils (masur),61,KG,actual,Retail,55.73
2007-07-15,Rajshahi,Rajshahi,Rajshahi Division,120,24.37,88.6,pulses and nuts,Lentils (masur),61,KG,actual,Retail,56.7
2007-08-15,Rajshahi,Rajshahi,Rajshahi Division,120,24.37,88.6,pulses and nuts,Lentils (masur),61,KG,actual,Retail,59.73
2007-09-15,Rajshahi,Rajshahi,Rajshahi Division,120,24.37,88.6,pulses and nuts,Lentils (masur),61,KG,actual,Retail,59.83
2007-10-15,Rajshahi,Rajshahi,Rajshahi Division,120,24.37,88.6,pulses and nuts,Lentils (masur),61,KG,actual,Retail,59.18
2007-11-15,Rajshahi,Rajshahi,Rajshahi Division,120,24.37,88.6,pulses and nuts,Lentils (masur),61,KG,actual,Retail,59.64
2007-12-15,Rajshahi,Rajshahi,Rajshahi Division,120,24.37,88.6,pulses and nuts,Lentils (masur),61,KG,actual,Retail,60.5
2008-01-15,Rajshahi,Rajshahi,Rajshahi Division,120,24.37,88.6,pulses and nuts,Lentils (masur),61,KG,actual,Retail,60.92
2008-02-15,Rajshahi,Rajshahi,Rajshahi Division,120,24.37,88.6,pulses and nuts,Lentils (masur),61,KG,actual,Retail,61.42
2008-03-15,Rajshahi,Rajshahi,Rajshahi Division,120,24.37,88.6,pulses and nuts,Lentils (masur),61,KG,actual,Retail,66.8
2008-04-15,Rajshahi,Rajshahi,Rajshahi Division,120,24.37,88.6,pulses and nuts,Lentils (masur),61,KG,actual,Retail,70.0
2008-05-15,Rajshahi,Rajshahi,Rajshahi Division,120,24.37,88.6,pulses and nuts,Lentils (masur),61,KG,actual,Retail,73.73
2008-06-15,Rajshahi,Rajshahi,Rajshahi Division,120,24.37,88.6,pulses and nuts,Lentils (masur),61,KG,actual,Retail,74.78
2008-07-15,Rajshahi,Rajshahi,Rajshahi Division,120,24.37,88.6,pulses and nuts,Lentils (masur),61,KG,actual,Retail,87.27
2008-08-15,Rajshahi,Rajshahi,Rajshahi Division,120,24.37,88.6,pulses and nuts,Lentils (masur),61,KG,actual,Retail,90.73
2008-09-15,Rajshahi,Rajshahi,Rajshahi Division,120,24.37,88.6,pulses and nuts,Lentils (masur),61,KG,actual,Retail,89.27
2008-10-15,Rajshahi,Rajshahi,Rajshahi Division,120,24.37,88.6,pulses and nuts,Lentils (masur),61,KG,actual,Retail,89.0
2008-11-15,Rajshahi,Rajshahi,Rajshahi Division,120,24.37,88.6,pulses and nuts,Lentils (masur),61,KG,actual,Retail,87.91
2008-12-15,Rajshahi,Rajshahi,Rajshahi Division,120,24.37,88.6,pulses and nuts,Lentils (masur),61,KG,actual,Retail,87.8
2009-01-15,Rajshahi,Rajshahi,Rajshahi Division,120,24.37,88.6,pulses and nuts,Lentils (masur),61,KG,actual,Retail,83.67
2009-02-15,Rajshahi,Rajshahi,Rajshahi Division,120,24.37,88.6,pulses and nuts,Lentils (masur),61,KG,actual,Retail,82.45
2009-03-15,Rajshahi,Rajshahi,Rajshahi Division,120,24.37,88.6,pulses and nuts,Lentils (masur),61,KG,actual,Retail,82.36
2009-04-15,Rajshahi,Rajshahi,Rajshahi Division,120,24.37,88.6,pulses and nuts,Lentils (masur),61,KG,actual,Retail,81.22
2009-05-15,Rajshahi,Rajshahi,Rajshahi Division,120,24.37,88.6,pulses and nuts,Lentils (masur),61,KG,actual,Retail,85.8
2009-06-15,Rajshahi,Rajshahi,Rajshahi Division,120,24.37,88.6,pulses and nuts,Lentils (masur),61,KG,actual,Retail,87.25
2009-07-15,Rajshahi,Rajshahi,Rajshahi Division,120,24.37,88.6,pulses and nuts,Lentils (masur),61,KG,actual,Retail,89.0
2009-08-15,Rajshahi,Rajshahi,Rajshahi Division,120,24.37,88.6,pulses and nuts,Lentils (masur),61,KG,actual,Retail,102.0
2009-09-15,Rajshahi,Rajshahi,Rajshahi Division,120,24.37,88.6,pulses and nuts,Lentils (masur),61,KG,actual,Retail,99.2
2009-10-15,Rajshahi,Rajshahi,Rajshahi Division,120,24.37,88.6,pulses and nuts,Lentils (masur),61,KG,actual,Retail,100.22
2009-11-15,Rajshahi,Rajshahi,Rajshahi Division,120,24.37,88.6,pulses and nuts,Lentils (masur),61,KG,actual,Retail,99.93
2009-12-15,Rajshahi,Rajshahi,Rajshahi Division,120,24.37,88.6,pulses and nuts,Lentils (masur),61,KG,actual,Retail,100.5
2010-01-15,Rajshahi,Rajshahi,Rajshahi Division,120,24.37,88.6,pulses and nuts,Lentils (masur),61,KG,actual,Retail,93.0
2010-02-15,Rajshahi,Rajshahi,Rajshahi Division,120,24.37,88.6,pulses and nuts,Lentils (masur),61,KG,actual,Retail,83.0
2010-03-15,Rajshahi,Rajshahi,Rajshahi Division,120,24.37,88.6,pulses and nuts,Lentils (masur),61,KG,actual,Retail,79.0
2010-04-15,Rajshahi,Rajshahi,Rajshahi Division,120,24.37,88.6,pulses and nuts,Lentils (masur),61,KG,actual,Retail,84.43
2010-05-15,Rajshahi,Rajshahi,Rajshahi Division,120,24.37,88.6,pulses and nuts,Lentils (masur),61,KG,actual,Retail,84.3
2010-06-15,Rajshahi,Rajshahi,Rajshahi Division,120,24.37,88.6,pulses and nuts,Lentils (masur),61,KG,actual,Retail,84.56
2010-07-15,Rajshahi,Rajshahi,Rajshahi Division,120,24.37,88.6,pulses and nuts,Lentils (masur),61,KG,actual,Retail,84.71
2010-08-15,Rajshahi,Rajshahi,Rajshahi Division,120,24.37,88.6,pulses and nuts,Lentils (masur),61,KG,actual,Retail,87.38
2010-09-15,Rajshahi,Rajshahi,Rajshahi Division,120,24.37,88.6,pulses and nuts,Lentils (masur),61,KG,actual,Retail,84.43
2010-10-15,Rajshahi,Rajshahi,Rajshahi Division,120,24.37,88.6,pulses and nuts,Lentils (masur),61,KG,actual,Retail,81.2
2010-11-15,Rajshahi,Rajshahi,Rajshahi Division,120,24.37,88.6,pulses and nuts,Lentils (masur),61,KG,actual,Retail,83.0
2010-12-15,Rajshahi,Rajshahi,Rajshahi Division,120,24.37,88.6,pulses and nuts,Lentils (masur),61,KG,actual,Retail,87.0
2011-01-15,Rajshahi,Rajshahi,Rajshahi Division,120,24.37,88.6,pulses and nuts,Lentils (masur),61,KG,actual,Retail,75.8
2011-02-15,Rajshahi,Rajshahi,Rajshahi Division,120,24.37,88.6,pulses and nuts,Lentils (masur),61,KG,actual,Retail,74.12
2011-03-15,Rajshahi,Rajshahi,Rajshahi Division,120,24.37,88.6,pulses and nuts,Lentils (masur),61,KG,actual,Retail,76.8
2011-04-15,Rajshahi,Rajshahi,Rajshahi Division,120,24.37,88.6,pulses and nuts,Lentils (masur),61,KG,actual,Retail,76.0
2011-05-15,Rajshahi,Rajshahi,Rajshahi Division,120,24.37,88.6,pulses and nuts,Lentils (masur),61,KG,actual,Retail,72.0
2011-06-15,Rajshahi,Rajshahi,Rajshahi Division,120,24.37,88.6,pulses and nuts,Lentils (masur),61,KG,actual,Retail,72.0
2011-07-15,Rajshahi,Rajshahi,Rajshahi Division,120,24.37,88.6,pulses and nuts,Lentils (masur),61,KG,actual,Retail,74.14
2011-08-15,Rajshahi,Rajshahi,Rajshahi Division,120,24.37,88.6,pulses and nuts,Lentils (masur),61,KG,actual,Retail,74.44
2011-09-15,Rajshahi,Rajshahi,Rajshahi Division,120,24.37,88.6,pulses and nuts,Lentils (masur),61,KG,actual,Retail,78.6
2011-10-15,Rajshahi,Rajshahi,Rajshahi Division,120,24.37,88.6,pulses and nuts,Lentils (masur),61,KG,actual,Retail,77.83
2011-11-15,Rajshahi,Rajshahi,Rajshahi Division,120,24.37,88.6,pulses and nuts,Lentils (masur),61,KG,actual,Retail,75.0
2011-12-15,Rajshahi,Rajshahi,Rajshahi Division,120,24.37,88.6,pulses and nuts,Lentils (masur),61,KG,actual,Retail,74.33
2012-01-15,Rajshahi,Rajshahi,Rajshahi Division,120,24.37,88.6,pulses and nuts,Lentils (masur),61,KG,actual,Retail,71.27
2012-02-15,Rajshahi,Rajshahi,Rajshahi Division,120,24.37,88.6,pulses and nuts,Lentils (masur),61,KG,actual,Retail,71.64
2012-03-15,Rajshahi,Rajshahi,Rajshahi Division,120,24.37,88.6,pulses and nuts,Lentils (masur),61,KG,actual,Retail,70.5
2012-04-15,Rajshahi,Rajshahi,Rajshahi Division,120,24.37,88.6,pulses and nuts,Lentils (masur),61,KG,actual,Retail,73.4
2012-05-15,Rajshahi,Rajshahi,Rajshahi Division,120,24.37,88.6,pulses and nuts,Lentils (masur),61,KG,actual,Retail,82.4
2012-06-15,Rajshahi,Rajshahi,Rajshahi Division,120,24.37,88.6,pulses and nuts,Lentils (masur),61,KG,actual,Retail,84.2
2012-07-15,Rajshahi,Rajshahi,Rajshahi Division,120,24.37,88.6,pulses and nuts,Lentils (masur),61,KG,actual,Retail,85.7
2012-08-15,Rajshahi,Rajshahi,Rajshahi Division,120,24.37,88.6,pulses and nuts,Lentils (masur),61,KG,actual,Retail,85.27
2012-09-15,Rajshahi,Rajshahi,Rajshahi Division,120,24.37,88.6,pulses and nuts,Lentils (masur),61,KG,actual,Retail,84.64
2012-10-15,Rajshahi,Rajshahi,Rajshahi Division,120,24.37,88.6,pulses and nuts,Lentils (masur),61,KG,actual,Retail,83.72
2012-11-15,Rajshahi,Rajshahi,Rajshahi Division,120,24.37,88.6,pulses and nuts,Lentils (masur),61,KG,actual,Retail,80.18
2012-12-15,Rajshahi,Rajshahi,Rajshahi Division,120,24.37,88.6,pulses and nuts,Lentils (masur),61,KG,actual,Retail,80.18
2013-01-15,Rajshahi,Rajshahi,Rajshahi Division,120,24.37,88.6,pulses and nuts,Lentils (masur),61,KG,actual,Retail,79.0
2013-02-15,Rajshahi,Rajshahi,Rajshahi Division,120,24.37,88.6,pulses and nuts,Lentils (masur),61,KG,actual,Retail,81.58
2013-03-15,Rajshahi,Rajshahi,Rajshahi Division,120,24.37,88.6,pulses and nuts,Lentils (masur),61,KG,actual,Retail,81.58
2013-04-15,Rajshahi,Rajshahi,Rajshahi Division,120,24.37,88.6,pulses and nuts,Lentils (masur),61,KG,actual,Retail,79.0
2013-05-15,Rajshahi,Rajshahi,Rajshahi Division,120,24.37,88.6,pulses and nuts,Lentils (masur),61,KG,actual,Retail,81.0
2013-06-15,Rajshahi,Rajshahi,Rajshahi Division,120,24.37,88.6,pulses and nuts,Lentils (masur),61,KG,actual,Retail,82.08
2013-07-15,Rajshahi,Rajshahi,Rajshahi Division,120,24.37,88.6,pulses and nuts,Lentils (masur),61,KG,actual,Retail,81.58
2013-08-15,Rajshahi,Rajshahi,Rajshahi Division,120,24.37,88.6,pulses and nuts,Lentils (masur),61,KG,actual,Retail,82.3
2013-09-15,Rajshahi,Rajshahi,Rajshahi Division,120,24.37,88.6,pulses and nuts,Lentils (masur),61,KG,actual,Retail,81.0
2013-10-15,Rajshahi,Rajshahi,Rajshahi Division,120,24.37,88.6,pulses and nuts,Lentils (masur),61,KG,actual,Retail,78.83
2013-11-15,Rajshahi,Rajshahi,Rajshahi Division,120,24.37,88.6,pulses and nuts,Lentils (masur),61,KG,actual,Retail,79.0
2013-12-15,Rajshahi,Rajshahi,Rajshahi Division,120,24.37,88.6,pulses and nuts,Lentils (masur),61,KG,actual,Retail,80.83
2014-01-15,Rajshahi,Rajshahi,Rajshahi Division,120,24.37,88.6,pulses and nuts,Lentils (masur),61,KG,actual,Retail,81.09
2014-02-15,Rajshahi,Rajshahi,Rajshahi Division,120,24.37,88.6,pulses and nuts,Lentils (masur),61,KG,actual,Retail,79.27
2014-03-15,Rajshahi,Rajshahi,Rajshahi Division,120,24.37,88.6,pulses and nuts,Lentils (masur),61,KG,actual,Retail,77.92
2014-04-15,Rajshahi,Rajshahi,Rajshahi Division,120,24.37,88.6,pulses and nuts,Lentils (masur),61,KG,actual,Retail,78.55
2014-05-15,Rajshahi,Rajshahi,Rajshahi Division,120,24.37,88.6,pulses and nuts,Lentils (masur),61,KG,actual,Retail,79.95
2014-06-15,Rajshahi,Rajshahi,Rajshahi Division,120,24.37,88.6,pulses and nuts,Lentils (masur),61,KG,actual,Retail,81.45
2014-07-15,Rajshahi,Rajshahi,Rajshahi Division,120,24.37,88.6,pulses and nuts,Lentils (masur),61,KG,actual,Retail,81.58
2014-08-15,Rajshahi,Rajshahi,Rajshahi Division,120,24.37,88.6,pulses and nuts,Lentils (masur),61,KG,actual,Retail,76.44
2014-09-15,Rajshahi,Rajshahi,Rajshahi Division,120,24.37,88.6,pulses and nuts,Lentils (masur),61,KG,actual,Retail,71.21
2014-10-15,Rajshahi,Rajshahi,Rajshahi Division,120,24.37,88.6,pulses and nuts,Lentils (masur),61,KG,actual,Retail,85.17
2014-11-15,Rajshahi,Rajshahi,Rajshahi Division,120,24.37,88.6,pulses and nuts,Lentils (masur),61,KG,actual,Retail,86.45
2014-12-15,Rajshahi,Rajshahi,Rajshahi Division,120,24.37,88.6,pulses and nuts,Lentils (masur),61,KG,actual,Retail,85.64
2015-01-15,Rajshahi,Rajshahi,Rajshahi Division,120,24.37,88.6,pulses and nuts,Lentils (masur),61,KG,actual,Retail,88.75
2015-02-15,Rajshahi,Rajshahi,Rajshahi Division,120,24.37,88.6,pulses and nuts,Lentils (masur),61,KG,actual,Retail,89.33
2015-03-15,Rajshahi,Rajshahi,Rajshahi Division,120,24.37,88.6,pulses and nuts,Lentils (masur),61,KG,actual,Retail,88.83
2015-04-15,Rajshahi,Rajshahi,Rajshahi Division,120,24.37,88.6,pulses and nuts,Lentils (masur),61,KG,actual,Retail,85.67
2015-05-15,Rajshahi,Rajshahi,Rajshahi Division,120,24.37,88.6,pulses and nuts,Lentils (masur),61,KG,actual,Retail,90.75
2015-06-15,Rajshahi,Rajshahi,Rajshahi Division,120,24.37,88.6,pulses and nuts,Lentils (masur),61,KG,actual,Retail,94.11
2015-07-15,Rajshahi,Rajshahi,Rajshahi Division,120,24.37,88.6,pulses and nuts,Lentils (masur),61,KG,actual,Retail,96.17
2015-08-15,Rajshahi,Rajshahi,Rajshahi Division,120,24.37,88.6,pulses and nuts,Lentils (masur),61,KG,actual,Retail,103.42
2015-09-15,Rajshahi,Rajshahi,Rajshahi Division,120,24.37,88.6,pulses and nuts,Lentils (masur),61,KG,actual,Retail,102.92
2015-10-15,Rajshahi,Rajshahi,Rajshahi Division,120,24.37,88.6,pulses and nuts,Lentils (masur),61,KG,actual,Retail,100.75
2015-11-15,Rajshahi,Rajshahi,Rajshahi Division,120,24.37,88.6,pulses and nuts,Lentils (masur),61,KG,actual,Retail,100.25
2015-12-15,Rajshahi,Rajshahi,Rajshahi Division,120,24.37,88.6,pulses and nuts,Lentils (masur),61,KG,actual,Retail,99.54
2016-01-15,Rajshahi,Rajshahi,Rajshahi Division,120,24.37,88.6,pulses and nuts,Lentils (masur),61,KG,actual,Retail,100.54
2016-02-15,Rajshahi,Rajshahi,Rajshahi Division,120,24.37,88.6,pulses and nuts,Lentils (masur),61,KG,actual,Retail,99.61
2016-03-15,Rajshahi,Rajshahi,Rajshahi Division,120,24.37,88.6,pulses and nuts,Lentils (masur),61,KG,actual,Retail,98.5
2016-04-15,Rajshahi,Rajshahi,Rajshahi Division,120,24.37,88.6,pulses and nuts,Lentils (masur),61,KG,actual,Retail,103.25
2016-05-15,Rajshahi,Rajshahi,Rajshahi Division,120,24.37,88.6,pulses and nuts,Lentils (masur),61,KG,actual,Retail,105.92
2016-06-15,Rajshahi,Rajshahi,Rajshahi Division,120,24.37,88.6,pulses and nuts,Lentils (masur),61,KG,actual,Retail,107.36
2016-07-15,Rajshahi,Rajshahi,Rajshahi Division,120,24.37,88.6,pulses and nuts,Lentils (masur),61,KG,actual,Retail,107.83
2016-08-15,Rajshahi,Rajshahi,Rajshahi Division,120,24.37,88.6,pulses and nuts,Lentils (masur),61,KG,actual,Retail,107.83
2016-09-15,Rajshahi,Rajshahi,Rajshahi Division,120,24.37,88.6,pulses and nuts,Lentils (masur),61,KG,actual,Retail,106.2
2016-10-15,Rajshahi,Rajshahi,Rajshahi Division,120,24.37,88.6,pulses and nuts,Lentils (masur),61,KG,actual,Retail,105.69
2016-11-15,Rajshahi,Rajshahi,Rajshahi Division,120,24.37,88.6,pulses and nuts,Lentils (masur),61,KG,actual,Retail,101.45
2016-12-15,Rajshahi,Rajshahi,Rajshahi Division,120,24.37,88.6,pulses and nuts,Lentils (masur),61,KG,actual,Retail,99.0
2017-01-15,Rajshahi,Rajshahi,Rajshahi Division,120,24.37,88.6,pulses and nuts,Lentils (masur),61,KG,actual,Retail,96.1
2017-02-15,Rajshahi,Rajshahi,Rajshahi Division,120,24.37,88.6,pulses and nuts,Lentils (masur),61,KG,actual,Retail,95.42
2017-03-15,Rajshahi,Rajshahi,Rajshahi Division,120,24.37,88.6,pulses and nuts,Lentils (masur),61,KG,actual,Retail,87.91
2017-04-15,Rajshahi,Rajshahi,Rajshahi Division,120,24.37,88.6,pulses and nuts,Lentils (masur),61,KG,actual,Retail,83.31
2017-05-15,Rajshahi,Rajshahi,Rajshahi Division,120,24.37,88.6,pulses and nuts,Lentils (masur),61,KG,actual,Retail,82.38
2017-06-15,Rajshahi,Rajshahi,Rajshahi Division,120,24.37,88.6,pulses and nuts,Lentils (masur),61,KG,actual,Retail,81.52
2017-07-15,Rajshahi,Rajshahi,Rajshahi Division,120,24.37,88.6,pulses and nuts,Lentils (masur),61,KG,actual,Retail,77.11
2017-08-15,Rajshahi,Rajshahi,Rajshahi Division,120,24.37,88.6,pulses and nuts,Lentils (masur),61,KG,actual,Retail,74.53
2017-09-15,Rajshahi,Rajshahi,Rajshahi Division,120,24.37,88.6,pulses and nuts,Lentils (masur),61,KG,actual,Retail,73.37
2017-10-15,Rajshahi,Rajshahi,Rajshahi Division,120,24.37,88.6,pulses and nuts,Lentils (masur),61,KG,actual,Retail,72.64
2017-11-15,Rajshahi,Rajshahi,Rajshahi Division,120,24.37,88.6,pulses and nuts,Lentils (masur),61,KG,actual,Retail,69.8
2017-12-15,Rajshahi,Rajshahi,Rajshahi Division,120,24.37,88.6,pulses and nuts,Lentils (masur),61,KG,actual,Retail,67.26
2018-01-15,Rajshahi,Rajshahi,Rajshahi Division,120,24.37,88.6,pulses and nuts,Lentils (masur),61,KG,actual,Retail,66.6
2018-02-15,Rajshahi,Rajshahi,Rajshahi Division,120,24.37,88.6,pulses and nuts,Lentils (masur),61,KG,actual,Retail,66.17
2018-03-15,Rajshahi,Rajshahi,Rajshahi Division,120,24.37,88.6,pulses and nuts,Lentils (masur),61,KG,actual,Retail,66.17
2018-04-15,Rajshahi,Rajshahi,Rajshahi Division,120,24.37,88.6,pulses and nuts,Lentils (masur),61,KG,actual,Retail,65.87
2018-05-15,Rajshahi,Rajshahi,Rajshahi Division,120,24.37,88.6,pulses and nuts,Lentils (masur),61,KG,actual,Retail,66.3
2018-06-15,Rajshahi,Rajshahi,Rajshahi Division,120,24.37,88.6,pulses and nuts,Lentils (masur),61,KG,actual,Retail,62.62
2018-07-15,Rajshahi,Rajshahi,Rajshahi Division,120,24.37,88.6,pulses and nuts,Lentils (masur),61,KG,actual,Retail,62.62
2018-08-15,Rajshahi,Rajshahi,Rajshahi Division,120,24.37,88.6,pulses and nuts,Lentils (masur),61,KG,actual,Retail,62.62
2018-09-15,Rajshahi,Rajshahi,Rajshahi Division,120,24.37,88.6,pulses and nuts,Lentils (masur),61,KG,actual,Retail,62.53
2018-10-15,Rajshahi,Rajshahi,Rajshahi Division,120,24.37,88.6,pulses and nuts,Lentils (masur),61,KG,actual,Retail,60.75
2018-11-15,Rajshahi,Rajshahi,Rajshahi Division,120,24.37,88.6,pulses and nuts,Lentils (masur),61,KG,actual,Retail,57.58
2018-12-15,Rajshahi,Rajshahi,Rajshahi Division,120,24.37,88.6,pulses and nuts,Lentils (masur),61,KG,actual,Retail,55.7
2019-01-15,Rajshahi,Rajshahi,Rajshahi Division,120,24.37,88.6,pulses and nuts,Lentils (masur),61,KG,actual,Retail,55.88
2019-02-15,Rajshahi,Rajshahi,Rajshahi Division,120,24.37,88.6,pulses and nuts,Lentils (masur),61,KG,actual,Retail,56.51
2019-03-15,Rajshahi,Rajshahi,Rajshahi Division,120,24.37,88.6,pulses and nuts,Lentils (masur),61,KG,actual,Retail,57.11
2019-04-15,Rajshahi,Rajshahi,Rajshahi Division,120,24.37,88.6,pulses and nuts,Lentils (masur),61,KG,actual,Retail,56.78
2019-05-15,Rajshahi,Rajshahi,Rajshahi Division,120,24.37,88.6,pulses and nuts,Lentils (masur),61,KG,actual,Retail,59.5
2019-06-15,Rajshahi,Rajshahi,Rajshahi Division,120,24.37,88.6,pulses and nuts,Lentils (masur),61,KG,actual,Retail,59.41
2019-08-15,Rajshahi,Rajshahi,Rajshahi Division,120,24.37,88.6,pulses and nuts,Lentils (masur),61,KG,actual,Retail,63.07
2019-10-15,Rajshahi,Rajshahi,Rajshahi Division,120,24.37,88.6,pulses and nuts,Lentils (masur),61,KG,actual,Retail,58.0
2019-11-15,Rajshahi,Rajshahi,Rajshahi Division,120,24.37,88.6,pulses and nuts,Lentils (masur),61,KG,actual,Retail,58.3
2019-12-15,Rajshahi,Rajshahi,Rajshahi Division,120,24.37,88.6,pulses and nuts,Lentils (masur),61,KG,actual,Retail,58.5
2020-01-15,Rajshahi,Rajshahi,Rajshahi Division,120,24.37,88.6,pulses and nuts,Lentils (masur),61,KG,actual,Retail,62.7
2020-02-15,Rajshahi,Rajshahi,Rajshahi Division,120,24.37,88.6,pulses and nuts,Lentils (masur),61,KG,actual,Retail,66.3
2020-03-15,Rajshahi,Rajshahi,Rajshahi Division,120,24.37,88.6,pulses and nuts,Lentils (masur),61,KG,actual,Retail,65.1
2020-04-15,Rajshahi,Rajshahi,Rajshahi Division,120,24.37,88.6,pulses and nuts,Lentils (masur),61,KG,actual,Retail,78.66
2020-05-15,Rajshahi,Rajshahi,Rajshahi Division,120,24.37,88.6,pulses and nuts,Lentils (masur),61,KG,actual,Retail,82.9
2020-06-15,Rajshahi,Rajshahi,Rajshahi Division,120,24.37,88.6,pulses and nuts,Lentils (masur),61,KG,aggregate,Retail,75.54
2020-07-15,Rajshahi,Rajshahi,Rajshahi Division,120,24.37,88.6,pulses and nuts,Lentils (masur),61,KG,aggregate,Retail,71.9
2006-07-15,Rajshahi,Rajshahi,Rajshahi Division,120,24.37,88.6,oil and fats,Oil (palm),62,L,actual,Retail,44.0
2006-08-15,Rajshahi,Rajshahi,Rajshahi Division,120,24.37,88.6,oil and fats,Oil (palm),62,L,actual,Retail,47.0
2006-09-15,Rajshahi,Rajshahi,Rajshahi Division,120,24.37,88.6,oil and fats,Oil (palm),62,L,actual,Retail,47.5
2006-10-15,Rajshahi,Rajshahi,Rajshahi Division,120,24.37,88.6,oil and fats,Oil (palm),62,L,actual,Retail,47.0
2006-11-15,Rajshahi,Rajshahi,Rajshahi Division,120,24.37,88.6,oil and fats,Oil (palm),62,L,actual,Retail,49.0
2006-12-15,Rajshahi,Rajshahi,Rajshahi Division,120,24.37,88.6,oil and fats,Oil (palm),62,L,actual,Retail,53.0
2007-01-15,Rajshahi,Rajshahi,Rajshahi Division,120,24.37,88.6,oil and fats,Oil (palm),62,L,actual,Retail,54.0
2007-02-15,Rajshahi,Rajshahi,Rajshahi Division,120,24.37,88.6,oil and fats,Oil (palm),62,L,actual,Retail,55.0
2007-03-15,Rajshahi,Rajshahi,Rajshahi Division,120,24.37,88.6,oil and fats,Oil (palm),62,L,actual,Retail,55.0
2007-05-15,Rajshahi,Rajshahi,Rajshahi Division,120,24.37,88.6,oil and fats,Oil (palm),62,L,actual,Retail,60.5
2007-06-15,Rajshahi,Rajshahi,Rajshahi Division,120,24.37,88.6,oil and fats,Oil (palm),62,L,actual,Retail,66.67
2007-07-15,Rajshahi,Rajshahi,Rajshahi Division,120,24.37,88.6,oil and fats,Oil (palm),62,L,actual,Retail,68.4
2007-08-15,Rajshahi,Rajshahi,Rajshahi Division,120,24.37,88.6,oil and fats,Oil (palm),62,L,actual,Retail,71.17
2007-09-15,Rajshahi,Rajshahi,Rajshahi Division,120,24.37,88.6,oil and fats,Oil (palm),62,L,actual,Retail,72.0
2007-10-15,Rajshahi,Rajshahi,Rajshahi Division,120,24.37,88.6,oil and fats,Oil (palm),62,L,actual,Retail,73.17
2007-11-15,Rajshahi,Rajshahi,Rajshahi Division,120,24.37,88.6,oil and fats,Oil (palm),62,L,actual,Retail,75.5
2007-12-15,Rajshahi,Rajshahi,Rajshahi Division,120,24.37,88.6,oil and fats,Oil (palm),62,L,actual,Retail,78.12
2008-01-15,Rajshahi,Rajshahi,Rajshahi Division,120,24.37,88.6,oil and fats,Oil (palm),62,L,actual,Retail,79.44
2008-02-15,Rajshahi,Rajshahi,Rajshahi Division,120,24.37,88.6,oil and fats,Oil (palm),62,L,actual,Retail,89.38
2008-03-15,Rajshahi,Rajshahi,Rajshahi Division,120,24.37,88.6,oil and fats,Oil (palm),62,L,actual,Retail,94.67
2008-04-15,Rajshahi,Rajshahi,Rajshahi Division,120,24.37,88.6,oil and fats,Oil (palm),62,L,actual,Retail,92.88
2008-05-15,Rajshahi,Rajshahi,Rajshahi Division,120,24.37,88.6,oil and fats,Oil (palm),62,L,actual,Retail,96.0
2008-06-15,Rajshahi,Rajshahi,Rajshahi Division,120,24.37,88.6,oil and fats,Oil (palm),62,L,actual,Retail,97.71
2008-07-15,Rajshahi,Rajshahi,Rajshahi Division,120,24.37,88.6,oil and fats,Oil (palm),62,L,actual,Retail,100.29
2008-08-15,Rajshahi,Rajshahi,Rajshahi Division,120,24.37,88.6,oil and fats,Oil (palm),62,L,actual,Retail,91.62
2008-09-15,Rajshahi,Rajshahi,Rajshahi Division,120,24.37,88.6,oil and fats,Oil (palm),62,L,actual,Retail,75.44
2008-10-15,Rajshahi,Rajshahi,Rajshahi Division,120,24.37,88.6,oil and fats,Oil (palm),62,L,actual,Retail,65.25
2008-11-15,Rajshahi,Rajshahi,Rajshahi Division,120,24.37,88.6,oil and fats,Oil (palm),62,L,actual,Retail,68.56
2008-12-15,Rajshahi,Rajshahi,Rajshahi Division,120,24.37,88.6,oil and fats,Oil (palm),62,L,actual,Retail,62.8
2009-01-15,Rajshahi,Rajshahi,Rajshahi Division,120,24.37,88.6,oil and fats,Oil (palm),62,L,actual,Retail,50.7
2009-02-15,Rajshahi,Rajshahi,Rajshahi Division,120,24.37,88.6,oil and fats,Oil (palm),62,L,actual,Retail,50.9
2009-03-15,Rajshahi,Rajshahi,Rajshahi Division,120,24.37,88.6,oil and fats,Oil (palm),62,L,actual,Retail,52.1
2009-04-15,Rajshahi,Rajshahi,Rajshahi Division,120,24.37,88.6,oil and fats,Oil (palm),62,L,actual,Retail,58.25
2009-05-15,Rajshahi,Rajshahi,Rajshahi Division,120,24.37,88.6,oil and fats,Oil (palm),62,L,actual,Retail,66.2
2009-06-15,Rajshahi,Rajshahi,Rajshahi Division,120,24.37,88.6,oil and fats,Oil (palm),62,L,actual,Retail,65.88
2009-07-15,Rajshahi,Rajshahi,Rajshahi Division,120,24.37,88.6,oil and fats,Oil (palm),62,L,actual,Retail,62.0
2009-08-15,Rajshahi,Rajshahi,Rajshahi Division,120,24.37,88.6,oil and fats,Oil (palm),62,L,actual,Retail,62.5
2009-09-15,Rajshahi,Rajshahi,Rajshahi Division,120,24.37,88.6,oil and fats,Oil (palm),62,L,actual,Retail,62.33
2009-10-15,Rajshahi,Rajshahi,Rajshahi Division,120,24.37,88.6,oil and fats,Oil (palm),62,L,actual,Retail,59.25
2009-11-15,Rajshahi,Rajshahi,Rajshahi Division,120,24.37,88.6,oil and fats,Oil (palm),62,L,actual,Retail,59.3
2009-12-15,Rajshahi,Rajshahi,Rajshahi Division,120,24.37,88.6,oil and fats,Oil (palm),62,L,actual,Retail,60.36
2010-01-15,Rajshahi,Rajshahi,Rajshahi Division,120,24.37,88.6,oil and fats,Oil (palm),62,L,actual,Retail,63.0
2010-02-15,Rajshahi,Rajshahi,Rajshahi Division,120,24.37,88.6,oil and fats,Oil (palm),62,L,actual,Retail,63.0
2010-03-15,Rajshahi,Rajshahi,Rajshahi Division,120,24.37,88.6,oil and fats,Oil (palm),62,L,actual,Retail,62.0
2010-04-15,Rajshahi,Rajshahi,Rajshahi Division,120,24.37,88.6,oil and fats,Oil (palm),62,L,actual,Retail,62.46
2010-05-15,Rajshahi,Rajshahi,Rajshahi Division,120,24.37,88.6,oil and fats,Oil (palm),62,L,actual,Retail,63.27
2010-06-15,Rajshahi,Rajshahi,Rajshahi Division,120,24.37,88.6,oil and fats,Oil (palm),62,L,actual,Retail,64.1
2010-07-15,Rajshahi,Rajshahi,Rajshahi Division,120,24.37,88.6,oil and fats,Oil (palm),62,L,actual,Retail,65.75
2010-08-15,Rajshahi,Rajshahi,Rajshahi Division,120,24.37,88.6,oil and fats,Oil (palm),62,L,actual,Retail,67.12
2010-09-15,Rajshahi,Rajshahi,Rajshahi Division,120,24.37,88.6,oil and fats,Oil (palm),62,L,actual,Retail,74.25
2010-10-15,Rajshahi,Rajshahi,Rajshahi Division,120,24.37,88.6,oil and fats,Oil (palm),62,L,actual,Retail,76.5
2010-11-15,Rajshahi,Rajshahi,Rajshahi Division,120,24.37,88.6,oil and fats,Oil (palm),62,L,actual,Retail,80.17
2010-12-15,Rajshahi,Rajshahi,Rajshahi Division,120,24.37,88.6,oil and fats,Oil (palm),62,L,actual,Retail,81.0
2011-01-15,Rajshahi,Rajshahi,Rajshahi Division,120,24.37,88.6,oil and fats,Oil (palm),62,L,actual,Retail,90.14
2011-02-15,Rajshahi,Rajshahi,Rajshahi Division,120,24.37,88.6,oil and fats,Oil (palm),62,L,actual,Retail,97.33
2011-03-15,Rajshahi,Rajshahi,Rajshahi Division,120,24.37,88.6,oil and fats,Oil (palm),62,L,actual,Retail,94.17
2011-04-15,Rajshahi,Rajshahi,Rajshahi Division,120,24.37,88.6,oil and fats,Oil (palm),62,L,actual,Retail,94.84
2011-05-15,Rajshahi,Rajshahi,Rajshahi Division,120,24.37,88.6,oil and fats,Oil (palm),62,L,actual,Retail,95.0
2011-06-15,Rajshahi,Rajshahi,Rajshahi Division,120,24.37,88.6,oil and fats,Oil (palm),62,L,actual,Retail,97.88
2011-07-15,Rajshahi,Rajshahi,Rajshahi Division,120,24.37,88.6,oil and fats,Oil (palm),62,L,actual,Retail,97.89
2011-08-15,Rajshahi,Rajshahi,Rajshahi Division,120,24.37,88.6,oil and fats,Oil (palm),62,L,actual,Retail,97.25
2011-09-15,Rajshahi,Rajshahi,Rajshahi Division,120,24.37,88.6,oil and fats,Oil (palm),62,L,actual,Retail,96.78
2011-10-15,Rajshahi,Rajshahi,Rajshahi Division,120,24.37,88.6,oil and fats,Oil (palm),62,L,actual,Retail,97.75
2011-11-15,Rajshahi,Rajshahi,Rajshahi Division,120,24.37,88.6,oil and fats,Oil (palm),62,L,actual,Retail,98.0
2011-12-15,Rajshahi,Rajshahi,Rajshahi Division,120,24.37,88.6,oil and fats,Oil (palm),62,L,actual,Retail,92.19
2012-01-15,Rajshahi,Rajshahi,Rajshahi Division,120,24.37,88.6,oil and fats,Oil (palm),62,L,actual,Retail,95.0
2012-02-15,Rajshahi,Rajshahi,Rajshahi Division,120,24.37,88.6,oil and fats,Oil (palm),62,L,actual,Retail,95.69
2012-03-15,Rajshahi,Rajshahi,Rajshahi Division,120,24.37,88.6,oil and fats,Oil (palm),62,L,actual,Retail,99.31
2012-04-15,Rajshahi,Rajshahi,Rajshahi Division,120,24.37,88.6,oil and fats,Oil (palm),62,L,actual,Retail,104.5
2012-05-15,Rajshahi,Rajshahi,Rajshahi Division,120,24.37,88.6,oil and fats,Oil (palm),62,L,actual,Retail,104.06
2012-06-15,Rajshahi,Rajshahi,Rajshahi Division,120,24.37,88.6,oil and fats,Oil (palm),62,L,actual,Retail,99.0
2012-07-15,Rajshahi,Rajshahi,Rajshahi Division,120,24.37,88.6,oil and fats,Oil (palm),62,L,actual,Retail,96.6
2012-08-15,Rajshahi,Rajshahi,Rajshahi Division,120,24.37,88.6,oil and fats,Oil (palm),62,L,actual,Retail,94.2
2012-09-15,Rajshahi,Rajshahi,Rajshahi Division,120,24.37,88.6,oil and fats,Oil (palm),62,L,actual,Retail,93.93
2012-10-15,Rajshahi,Rajshahi,Rajshahi Division,120,24.37,88.6,oil and fats,Oil (palm),62,L,actual,Retail,87.81
2012-11-15,Rajshahi,Rajshahi,Rajshahi Division,120,24.37,88.6,oil and fats,Oil (palm),62,L,actual,Retail,82.31
2012-12-15,Rajshahi,Rajshahi,Rajshahi Division,120,24.37,88.6,oil and fats,Oil (palm),62,L,actual,Retail,82.31
2013-01-15,Rajshahi,Rajshahi,Rajshahi Division,120,24.37,88.6,oil and fats,Oil (palm),62,L,actual,Retail,95.0
2013-02-15,Rajshahi,Rajshahi,Rajshahi Division,120,24.37,88.6,oil and fats,Oil (palm),62,L,actual,Retail,78.81
2013-03-15,Rajshahi,Rajshahi,Rajshahi Division,120,24.37,88.6,oil and fats,Oil (palm),62,L,actual,Retail,77.88
2013-04-15,Rajshahi,Rajshahi,Rajshahi Division,120,24.37,88.6,oil and fats,Oil (palm),62,L,actual,Retail,75.56
2013-05-15,Rajshahi,Rajshahi,Rajshahi Division,120,24.37,88.6,oil and fats,Oil (palm),62,L,actual,Retail,75.44
2013-06-15,Rajshahi,Rajshahi,Rajshahi Division,120,24.37,88.6,oil and fats,Oil (palm),62,L,actual,Retail,75.06
2013-07-15,Rajshahi,Rajshahi,Rajshahi Division,120,24.37,88.6,oil and fats,Oil (palm),62,L,actual,Retail,74.88
2013-08-15,Rajshahi,Rajshahi,Rajshahi Division,120,24.37,88.6,oil and fats,Oil (palm),62,L,actual,Retail,73.13
2013-09-15,Rajshahi,Rajshahi,Rajshahi Division,120,24.37,88.6,oil and fats,Oil (palm),62,L,actual,Retail,72.47
2013-10-15,Rajshahi,Rajshahi,Rajshahi Division,120,24.37,88.6,oil and fats,Oil (palm),62,L,actual,Retail,75.69
2013-11-15,Rajshahi,Rajshahi,Rajshahi Division,120,24.37,88.6,oil and fats,Oil (palm),62,L,actual,Retail,77.19
2013-12-15,Rajshahi,Rajshahi,Rajshahi Division,120,24.37,88.6,oil and fats,Oil (palm),62,L,actual,Retail,84.07
2014-01-15,Rajshahi,Rajshahi,Rajshahi Division,120,24.37,88.6,oil and fats,Oil (palm),62,L,actual,Retail,79.2
2014-02-15,Rajshahi,Rajshahi,Rajshahi Division,120,24.37,88.6,oil and fats,Oil (palm),62,L,actual,Retail,75.07
2014-03-15,Rajshahi,Rajshahi,Rajshahi Division,120,24.37,88.6,oil and fats,Oil (palm),62,L,actual,Retail,76.75
2014-04-15,Rajshahi,Rajshahi,Rajshahi Division,120,24.37,88.6,oil and fats,Oil (palm),62,L,actual,Retail,77.73
2014-05-15,Rajshahi,Rajshahi,Rajshahi Division,120,24.37,88.6,oil and fats,Oil (palm),62,L,actual,Retail,81.0
2014-06-15,Rajshahi,Rajshahi,Rajshahi Division,120,24.37,88.6,oil and fats,Oil (palm),62,L,actual,Retail,81.2
2014-07-15,Rajshahi,Rajshahi,Rajshahi Division,120,24.37,88.6,oil and fats,Oil (palm),62,L,actual,Retail,78.87
2014-08-15,Rajshahi,Rajshahi,Rajshahi Division,120,24.37,88.6,oil and fats,Oil (palm),62,L,actual,Retail,76.44
2014-09-15,Rajshahi,Rajshahi,Rajshahi Division,120,24.37,88.6,oil and fats,Oil (palm),62,L,actual,Retail,71.21
2014-10-15,Rajshahi,Rajshahi,Rajshahi Division,120,24.37,88.6,oil and fats,Oil (palm),62,L,actual,Retail,68.73
2014-11-15,Rajshahi,Rajshahi,Rajshahi Division,120,24.37,88.6,oil and fats,Oil (palm),62,L,actual,Retail,68.0
2014-12-15,Rajshahi,Rajshahi,Rajshahi Division,120,24.37,88.6,oil and fats,Oil (palm),62,L,actual,Retail,68.14
2015-01-15,Rajshahi,Rajshahi,Rajshahi Division,120,24.37,88.6,oil and fats,Oil (palm),62,L,actual,Retail,69.6
2015-02-15,Rajshahi,Rajshahi,Rajshahi Division,120,24.37,88.6,oil and fats,Oil (palm),62,L,actual,Retail,67.07
2015-03-15,Rajshahi,Rajshahi,Rajshahi Division,120,24.37,88.6,oil and fats,Oil (palm),62,L,actual,Retail,66.33
2015-04-15,Rajshahi,Rajshahi,Rajshahi Division,120,24.37,88.6,oil and fats,Oil (palm),62,L,actual,Retail,63.67
2015-05-15,Rajshahi,Rajshahi,Rajshahi Division,120,24.37,88.6,oil and fats,Oil (palm),62,L,actual,Retail,63.07
2015-06-15,Rajshahi,Rajshahi,Rajshahi Division,120,24.37,88.6,oil and fats,Oil (palm),62,L,actual,Retail,64.67
2015-07-15,Rajshahi,Rajshahi,Rajshahi Division,120,24.37,88.6,oil and fats,Oil (palm),62,L,actual,Retail,65.06
2015-08-15,Rajshahi,Rajshahi,Rajshahi Division,120,24.37,88.6,oil and fats,Oil (palm),62,L,actual,Retail,67.38
2015-09-15,Rajshahi,Rajshahi,Rajshahi Division,120,24.37,88.6,oil and fats,Oil (palm),62,L,actual,Retail,64.0
2015-10-15,Rajshahi,Rajshahi,Rajshahi Division,120,24.37,88.6,oil and fats,Oil (palm),62,L,actual,Retail,61.47
2015-11-15,Rajshahi,Rajshahi,Rajshahi Division,120,24.37,88.6,oil and fats,Oil (palm),62,L,actual,Retail,60.67
2015-12-15,Rajshahi,Rajshahi,Rajshahi Division,120,24.37,88.6,oil and fats,Oil (palm),62,L,actual,Retail,58.5
2016-01-15,Rajshahi,Rajshahi,Rajshahi Division,120,24.37,88.6,oil and fats,Oil (palm),62,L,actual,Retail,57.28
2016-02-15,Rajshahi,Rajshahi,Rajshahi Division,120,24.37,88.6,oil and fats,Oil (palm),62,L,actual,Retail,57.78
2016-03-15,Rajshahi,Rajshahi,Rajshahi Division,120,24.37,88.6,oil and fats,Oil (palm),62,L,actual,Retail,60.57
2016-04-15,Rajshahi,Rajshahi,Rajshahi Division,120,24.37,88.6,oil and fats,Oil (palm),62,L,actual,Retail,64.7
2016-05-15,Rajshahi,Rajshahi,Rajshahi Division,120,24.37,88.6,oil and fats,Oil (palm),62,L,actual,Retail,66.0
2016-06-15,Rajshahi,Rajshahi,Rajshahi Division,120,24.37,88.6,oil and fats,Oil (palm),62,L,actual,Retail,66.1
2016-07-15,Rajshahi,Rajshahi,Rajshahi Division,120,24.37,88.6,oil and fats,Oil (palm),62,L,actual,Retail,66.0
2016-08-15,Rajshahi,Rajshahi,Rajshahi Division,120,24.37,88.6,oil and fats,Oil (palm),62,L,actual,Retail,67.38
2016-09-15,Rajshahi,Rajshahi,Rajshahi Division,120,24.37,88.6,oil and fats,Oil (palm),62,L,actual,Retail,70.0
2016-10-15,Rajshahi,Rajshahi,Rajshahi Division,120,24.37,88.6,oil and fats,Oil (palm),62,L,actual,Retail,71.87
2016-11-15,Rajshahi,Rajshahi,Rajshahi Division,120,24.37,88.6,oil and fats,Oil (palm),62,L,actual,Retail,70.64
2016-12-15,Rajshahi,Rajshahi,Rajshahi Division,120,24.37,88.6,oil and fats,Oil (palm),62,L,actual,Retail,72.13
2017-01-15,Rajshahi,Rajshahi,Rajshahi Division,120,24.37,88.6,oil and fats,Oil (palm),62,L,actual,Retail,73.2
2017-02-15,Rajshahi,Rajshahi,Rajshahi Division,120,24.37,88.6,oil and fats,Oil (palm),62,L,actual,Retail,73.8
2017-03-15,Rajshahi,Rajshahi,Rajshahi Division,120,24.37,88.6,oil and fats,Oil (palm),62,L,actual,Retail,71.86
2017-04-15,Rajshahi,Rajshahi,Rajshahi Division,120,24.37,88.6,oil and fats,Oil (palm),62,L,actual,Retail,71.33
2017-05-15,Rajshahi,Rajshahi,Rajshahi Division,120,24.37,88.6,oil and fats,Oil (palm),62,L,actual,Retail,71.64
2017-06-15,Rajshahi,Rajshahi,Rajshahi Division,120,24.37,88.6,oil and fats,Oil (palm),62,L,actual,Retail,69.77
2017-07-15,Rajshahi,Rajshahi,Rajshahi Division,120,24.37,88.6,oil and fats,Oil (palm),62,L,actual,Retail,69.69
2017-08-15,Rajshahi,Rajshahi,Rajshahi Division,120,24.37,88.6,oil and fats,Oil (palm),62,L,actual,Retail,69.58
2017-09-15,Rajshahi,Rajshahi,Rajshahi Division,120,24.37,88.6,oil and fats,Oil (palm),62,L,actual,Retail,70.36
2017-10-15,Rajshahi,Rajshahi,Rajshahi Division,120,24.37,88.6,oil and fats,Oil (palm),62,L,actual,Retail,70.94
2017-11-15,Rajshahi,Rajshahi,Rajshahi Division,120,24.37,88.6,oil and fats,Oil (palm),62,L,actual,Retail,70.0
2017-12-15,Rajshahi,Rajshahi,Rajshahi Division,120,24.37,88.6,oil and fats,Oil (palm),62,L,actual,Retail,70.47
2018-01-15,Rajshahi,Rajshahi,Rajshahi Division,120,24.37,88.6,oil and fats,Oil (palm),62,L,actual,Retail,70.27
2018-02-15,Rajshahi,Rajshahi,Rajshahi Division,120,24.37,88.6,oil and fats,Oil (palm),62,L,actual,Retail,70.34
2018-03-15,Rajshahi,Rajshahi,Rajshahi Division,120,24.37,88.6,oil and fats,Oil (palm),62,L,actual,Retail,70.06
2018-04-15,Rajshahi,Rajshahi,Rajshahi Division,120,24.37,88.6,oil and fats,Oil (palm),62,L,actual,Retail,69.8
2018-05-15,Rajshahi,Rajshahi,Rajshahi Division,120,24.37,88.6,oil and fats,Oil (palm),62,L,actual,Retail,69.64
2018-06-15,Rajshahi,Rajshahi,Rajshahi Division,120,24.37,88.6,oil and fats,Oil (palm),62,L,actual,Retail,68.79
2018-07-15,Rajshahi,Rajshahi,Rajshahi Division,120,24.37,88.6,oil and fats,Oil (palm),62,L,actual,Retail,67.6
2018-08-15,Rajshahi,Rajshahi,Rajshahi Division,120,24.37,88.6,oil and fats,Oil (palm),62,L,actual,Retail,65.62
2018-09-15,Rajshahi,Rajshahi,Rajshahi Division,120,24.37,88.6,oil and fats,Oil (palm),62,L,actual,Retail,63.82
2018-10-15,Rajshahi,Rajshahi,Rajshahi Division,120,24.37,88.6,oil and fats,Oil (palm),62,L,actual,Retail,63.17
2018-11-15,Rajshahi,Rajshahi,Rajshahi Division,120,24.37,88.6,oil and fats,Oil (palm),62,L,actual,Retail,62.56
2018-12-15,Rajshahi,Rajshahi,Rajshahi Division,120,24.37,88.6,oil and fats,Oil (palm),62,L,actual,Retail,60.74
2019-01-15,Rajshahi,Rajshahi,Rajshahi Division,120,24.37,88.6,oil and fats,Oil (palm),62,L,actual,Retail,60.96
2019-02-15,Rajshahi,Rajshahi,Rajshahi Division,120,24.37,88.6,oil and fats,Oil (palm),62,L,actual,Retail,62.73
2019-03-15,Rajshahi,Rajshahi,Rajshahi Division,120,24.37,88.6,oil and fats,Oil (palm),62,L,actual,Retail,61.33
2019-04-15,Rajshahi,Rajshahi,Rajshahi Division,120,24.37,88.6,oil and fats,Oil (palm),62,L,actual,Retail,60.11
2019-05-15,Rajshahi,Rajshahi,Rajshahi Division,120,24.37,88.6,oil and fats,Oil (palm),62,L,actual,Retail,58.68
2019-06-15,Rajshahi,Rajshahi,Rajshahi Division,120,24.37,88.6,oil and fats,Oil (palm),62,L,actual,Retail,57.11
2019-08-15,Rajshahi,Rajshahi,Rajshahi Division,120,24.37,88.6,oil and fats,Oil (palm),62,L,actual,Retail,58.8
2019-10-15,Rajshahi,Rajshahi,Rajshahi Division,120,24.37,88.6,oil and fats,Oil (palm),62,L,actual,Retail,60.2
2019-11-15,Rajshahi,Rajshahi,Rajshahi Division,120,24.37,88.6,oil and fats,Oil (palm),62,L,actual,Retail,62.4
2019-12-15,Rajshahi,Rajshahi,Rajshahi Division,120,24.37,88.6,oil and fats,Oil (palm),62,L,actual,Retail,68.3
2020-01-15,Rajshahi,Rajshahi,Rajshahi Division,120,24.37,88.6,oil and fats,Oil (palm),62,L,actual,Retail,79.2
2020-02-15,Rajshahi,Rajshahi,Rajshahi Division,120,24.37,88.6,oil and fats,Oil (palm),62,L,actual,Retail,77.2
2020-03-15,Rajshahi,Rajshahi,Rajshahi Division,120,24.37,88.6,oil and fats,Oil (palm),62,L,actual,Retail,72.3
2020-04-15,Rajshahi,Rajshahi,Rajshahi Division,120,24.37,88.6,oil and fats,Oil (palm),62,L,actual,Retail,69.31
2020-05-15,Rajshahi,Rajshahi,Rajshahi Division,120,24.37,88.6,oil and fats,Oil (palm),62,L,actual,Retail,67.5
2020-06-15,Rajshahi,Rajshahi,Rajshahi Division,120,24.37,88.6,oil and fats,Oil (palm),62,L,aggregate,Retail,68.46
2020-07-15,Rajshahi,Rajshahi,Rajshahi Division,120,24.37,88.6,oil and fats,Oil (palm),62,L,aggregate,Retail,79.5
2006-05-15,Rajshahi,Rajshahi,Rajshahi Division,120,24.37,88.6,cereals and tubers,Rice (coarse),60,KG,actual,Retail,16.0
2006-07-15,Rajshahi,Rajshahi,Rajshahi Division,120,24.37,88.6,cereals and tubers,Rice (coarse),60,KG,actual,Retail,17.0
2006-08-15,Rajshahi,Rajshahi,Rajshahi Division,120,24.37,88.6,cereals and tubers,Rice (coarse),60,KG,actual,Retail,16.73
2006-09-15,Rajshahi,Rajshahi,Rajshahi Division,120,24.37,88.6,cereals and tubers,Rice (coarse),60,KG,actual,Retail,16.92
2006-10-15,Rajshahi,Rajshahi,Rajshahi Division,120,24.37,88.6,cereals and tubers,Rice (coarse),60,KG,actual,Retail,16.92
2006-11-15,Rajshahi,Rajshahi,Rajshahi Division,120,24.37,88.6,cereals and tubers,Rice (coarse),60,KG,actual,Retail,16.92
2006-12-15,Rajshahi,Rajshahi,Rajshahi Division,120,24.37,88.6,cereals and tubers,Rice (coarse),60,KG,actual,Retail,17.1
2007-01-15,Rajshahi,Rajshahi,Rajshahi Division,120,24.37,88.6,cereals and tubers,Rice (coarse),60,KG,actual,Retail,17.1
2007-02-15,Rajshahi,Rajshahi,Rajshahi Division,120,24.37,88.6,cereals and tubers,Rice (coarse),60,KG,actual,Retail,17.73
2007-03-15,Rajshahi,Rajshahi,Rajshahi Division,120,24.37,88.6,cereals and tubers,Rice (coarse),60,KG,actual,Retail,19.27
2007-04-15,Rajshahi,Rajshahi,Rajshahi Division,120,24.37,88.6,cereals and tubers,Rice (coarse),60,KG,actual,Retail,19.56
2007-05-15,Rajshahi,Rajshahi,Rajshahi Division,120,24.37,88.6,cereals and tubers,Rice (coarse),60,KG,actual,Retail,18.91
2007-06-15,Rajshahi,Rajshahi,Rajshahi Division,120,24.37,88.6,cereals and tubers,Rice (coarse),60,KG,actual,Retail,18.58
2007-07-15,Rajshahi,Rajshahi,Rajshahi Division,120,24.37,88.6,cereals and tubers,Rice (coarse),60,KG,actual,Retail,19.54
2007-08-15,Rajshahi,Rajshahi,Rajshahi Division,120,24.37,88.6,cereals and tubers,Rice (coarse),60,KG,actual,Retail,20.67
2007-09-15,Rajshahi,Rajshahi,Rajshahi Division,120,24.37,88.6,cereals and tubers,Rice (coarse),60,KG,actual,Retail,20.79
2007-10-15,Rajshahi,Rajshahi,Rajshahi Division,120,24.37,88.6,cereals and tubers,Rice (coarse),60,KG,actual,Retail,20.86
2007-11-15,Rajshahi,Rajshahi,Rajshahi Division,120,24.37,88.6,cereals and tubers,Rice (coarse),60,KG,actual,Retail,22.0
2007-12-15,Rajshahi,Rajshahi,Rajshahi Division,120,24.37,88.6,cereals and tubers,Rice (coarse),60,KG,actual,Retail,23.12
2008-01-15,Rajshahi,Rajshahi,Rajshahi Division,120,24.37,88.6,cereals and tubers,Rice (coarse),60,KG,actual,Retail,27.55
2008-02-15,Rajshahi,Rajshahi,Rajshahi Division,120,24.37,88.6,cereals and tubers,Rice (coarse),60,KG,actual,Retail,27.82
2008-03-15,Rajshahi,Rajshahi,Rajshahi Division,120,24.37,88.6,cereals and tubers,Rice (coarse),60,KG,actual,Retail,29.75
2008-04-15,Rajshahi,Rajshahi,Rajshahi Division,120,24.37,88.6,cereals and tubers,Rice (coarse),60,KG,actual,Retail,33.25
2008-05-15,Rajshahi,Rajshahi,Rajshahi Division,120,24.37,88.6,cereals and tubers,Rice (coarse),60,KG,actual,Retail,29.4
2008-06-15,Rajshahi,Rajshahi,Rajshahi Division,120,24.37,88.6,cereals and tubers,Rice (coarse),60,KG,actual,Retail,30.07
2008-07-15,Rajshahi,Rajshahi,Rajshahi Division,120,24.37,88.6,cereals and tubers,Rice (coarse),60,KG,actual,Retail,31.87
2008-08-15,Rajshahi,Rajshahi,Rajshahi Division,120,24.37,88.6,cereals and tubers,Rice (coarse),60,KG,actual,Retail,31.27
2008-09-15,Rajshahi,Rajshahi,Rajshahi Division,120,24.37,88.6,cereals and tubers,Rice (coarse),60,KG,actual,Retail,30.47
2008-10-15,Rajshahi,Rajshahi,Rajshahi Division,120,24.37,88.6,cereals and tubers,Rice (coarse),60,KG,actual,Retail,29.31
2008-11-15,Rajshahi,Rajshahi,Rajshahi Division,120,24.37,88.6,cereals and tubers,Rice (coarse),60,KG,actual,Retail,26.64
2008-12-15,Rajshahi,Rajshahi,Rajshahi Division,120,24.37,88.6,cereals and tubers,Rice (coarse),60,KG,actual,Retail,26.7
2009-01-15,Rajshahi,Rajshahi,Rajshahi Division,120,24.37,88.6,cereals and tubers,Rice (coarse),60,KG,actual,Retail,23.64
2009-02-15,Rajshahi,Rajshahi,Rajshahi Division,120,24.37,88.6,cereals and tubers,Rice (coarse),60,KG,actual,Retail,22.46
2009-03-15,Rajshahi,Rajshahi,Rajshahi Division,120,24.37,88.6,cereals and tubers,Rice (coarse),60,KG,actual,Retail,20.55
2009-04-15,Rajshahi,Rajshahi,Rajshahi Division,120,24.37,88.6,cereals and tubers,Rice (coarse),60,KG,actual,Retail,18.82
2009-05-15,Rajshahi,Rajshahi,Rajshahi Division,120,24.37,88.6,cereals and tubers,Rice (coarse),60,KG,actual,Retail,19.33
2009-06-15,Rajshahi,Rajshahi,Rajshahi Division,120,24.37,88.6,cereals and tubers,Rice (coarse),60,KG,actual,Retail,19.58
2009-07-15,Rajshahi,Rajshahi,Rajshahi Division,120,24.37,88.6,cereals and tubers,Rice (coarse),60,KG,actual,Retail,19.0
2009-08-15,Rajshahi,Rajshahi,Rajshahi Division,120,24.37,88.6,cereals and tubers,Rice (coarse),60,KG,actual,Retail,19.3
2009-09-15,Rajshahi,Rajshahi,Rajshahi Division,120,24.37,88.6,cereals and tubers,Rice (coarse),60,KG,actual,Retail,20.08
2009-10-15,Rajshahi,Rajshahi,Rajshahi Division,120,24.37,88.6,cereals and tubers,Rice (coarse),60,KG,actual,Retail,21.0
2009-11-15,Rajshahi,Rajshahi,Rajshahi Division,120,24.37,88.6,cereals and tubers,Rice (coarse),60,KG,actual,Retail,20.93
2009-12-15,Rajshahi,Rajshahi,Rajshahi Division,120,24.37,88.6,cereals and tubers,Rice (coarse),60,KG,actual,Retail,22.25
2010-01-15,Rajshahi,Rajshahi,Rajshahi Division,120,24.37,88.6,cereals and tubers,Rice (coarse),60,KG,actual,Retail,25.29
2010-02-15,Rajshahi,Rajshahi,Rajshahi Division,120,24.37,88.6,cereals and tubers,Rice (coarse),60,KG,actual,Retail,27.43
2010-03-15,Rajshahi,Rajshahi,Rajshahi Division,120,24.37,88.6,cereals and tubers,Rice (coarse),60,KG,actual,Retail,27.0
2010-04-15,Rajshahi,Rajshahi,Rajshahi Division,120,24.37,88.6,cereals and tubers,Rice (coarse),60,KG,actual,Retail,26.67
2010-05-15,Rajshahi,Rajshahi,Rajshahi Division,120,24.37,88.6,cereals and tubers,Rice (coarse),60,KG,actual,Retail,26.38
2010-06-15,Rajshahi,Rajshahi,Rajshahi Division,120,24.37,88.6,cereals and tubers,Rice (coarse),60,KG,actual,Retail,27.67
2010-07-15,Rajshahi,Rajshahi,Rajshahi Division,120,24.37,88.6,cereals and tubers,Rice (coarse),60,KG,actual,Retail,29.25
2010-08-15,Rajshahi,Rajshahi,Rajshahi Division,120,24.37,88.6,cereals and tubers,Rice (coarse),60,KG,actual,Retail,29.0
2010-09-15,Rajshahi,Rajshahi,Rajshahi Division,120,24.37,88.6,cereals and tubers,Rice (coarse),60,KG,actual,Retail,31.0
2010-10-15,Rajshahi,Rajshahi,Rajshahi Division,120,24.37,88.6,cereals and tubers,Rice (coarse),60,KG,actual,Retail,32.0
2010-11-15,Rajshahi,Rajshahi,Rajshahi Division,120,24.37,88.6,cereals and tubers,Rice (coarse),60,KG,actual,Retail,32.3
2010-12-15,Rajshahi,Rajshahi,Rajshahi Division,120,24.37,88.6,cereals and tubers,Rice (coarse),60,KG,actual,Retail,32.6
2011-01-15,Rajshahi,Rajshahi,Rajshahi Division,120,24.37,88.6,cereals and tubers,Rice (coarse),60,KG,actual,Retail,33.4
2011-02-15,Rajshahi,Rajshahi,Rajshahi Division,120,24.37,88.6,cereals and tubers,Rice (coarse),60,KG,actual,Retail,33.16
2011-03-15,Rajshahi,Rajshahi,Rajshahi Division,120,24.37,88.6,cereals and tubers,Rice (coarse),60,KG,actual,Retail,32.5
2011-04-15,Rajshahi,Rajshahi,Rajshahi Division,120,24.37,88.6,cereals and tubers,Rice (coarse),60,KG,actual,Retail,32.0
2011-05-15,Rajshahi,Rajshahi,Rajshahi Division,120,24.37,88.6,cereals and tubers,Rice (coarse),60,KG,actual,Retail,31.33
2011-06-15,Rajshahi,Rajshahi,Rajshahi Division,120,24.37,88.6,cereals and tubers,Rice (coarse),60,KG,actual,Retail,28.89
2011-07-15,Rajshahi,Rajshahi,Rajshahi Division,120,24.37,88.6,cereals and tubers,Rice (coarse),60,KG,actual,Retail,30.2
2011-08-15,Rajshahi,Rajshahi,Rajshahi Division,120,24.37,88.6,cereals and tubers,Rice (coarse),60,KG,actual,Retail,29.85
2011-09-15,Rajshahi,Rajshahi,Rajshahi Division,120,24.37,88.6,cereals and tubers,Rice (coarse),60,KG,actual,Retail,30.0
2011-10-15,Rajshahi,Rajshahi,Rajshahi Division,120,24.37,88.6,cereals and tubers,Rice (coarse),60,KG,actual,Retail,29.17
2011-11-15,Rajshahi,Rajshahi,Rajshahi Division,120,24.37,88.6,cereals and tubers,Rice (coarse),60,KG,actual,Retail,29.45
2011-12-15,Rajshahi,Rajshahi,Rajshahi Division,120,24.37,88.6,cereals and tubers,Rice (coarse),60,KG,actual,Retail,29.25
2012-01-15,Rajshahi,Rajshahi,Rajshahi Division,120,24.37,88.6,cereals and tubers,Rice (coarse),60,KG,actual,Retail,26.58
2012-02-15,Rajshahi,Rajshahi,Rajshahi Division,120,24.37,88.6,cereals and tubers,Rice (coarse),60,KG,actual,Retail,26.25
2012-03-15,Rajshahi,Rajshahi,Rajshahi Division,120,24.37,88.6,cereals and tubers,Rice (coarse),60,KG,actual,Retail,25.7
2012-04-15,Rajshahi,Rajshahi,Rajshahi Division,120,24.37,88.6,cereals and tubers,Rice (coarse),60,KG,actual,Retail,25.33
2012-05-15,Rajshahi,Rajshahi,Rajshahi Division,120,24.37,88.6,cereals and tubers,Rice (coarse),60,KG,actual,Retail,24.92
2012-06-15,Rajshahi,Rajshahi,Rajshahi Division,120,24.37,88.6,cereals and tubers,Rice (coarse),60,KG,actual,Retail,24.23
2012-07-15,Rajshahi,Rajshahi,Rajshahi Division,120,24.37,88.6,cereals and tubers,Rice (coarse),60,KG,actual,Retail,23.62
2012-08-15,Rajshahi,Rajshahi,Rajshahi Division,120,24.37,88.6,cereals and tubers,Rice (coarse),60,KG,actual,Retail,23.27
2012-09-15,Rajshahi,Rajshahi,Rajshahi Division,120,24.37,88.6,cereals and tubers,Rice (coarse),60,KG,actual,Retail,23.07
2012-10-15,Rajshahi,Rajshahi,Rajshahi Division,120,24.37,88.6,cereals and tubers,Rice (coarse),60,KG,actual,Retail,23.53
2012-11-15,Rajshahi,Rajshahi,Rajshahi Division,120,24.37,88.6,cereals and tubers,Rice (coarse),60,KG,actual,Retail,24.64
2012-12-15,Rajshahi,Rajshahi,Rajshahi Division,120,24.37,88.6,cereals and tubers,Rice (coarse),60,KG,actual,Retail,24.64
2013-01-15,Rajshahi,Rajshahi,Rajshahi Division,120,24.37,88.6,cereals and tubers,Rice (coarse),60,KG,actual,Retail,25.11
2013-02-15,Rajshahi,Rajshahi,Rajshahi Division,120,24.37,88.6,cereals and tubers,Rice (coarse),60,KG,actual,Retail,29.0
2013-03-15,Rajshahi,Rajshahi,Rajshahi Division,120,24.37,88.6,cereals and tubers,Rice (coarse),60,KG,actual,Retail,28.5
2013-04-15,Rajshahi,Rajshahi,Rajshahi Division,120,24.37,88.6,cereals and tubers,Rice (coarse),60,KG,actual,Retail,27.72
2013-05-15,Rajshahi,Rajshahi,Rajshahi Division,120,24.37,88.6,cereals and tubers,Rice (coarse),60,KG,actual,Retail,27.54
2013-06-15,Rajshahi,Rajshahi,Rajshahi Division,120,24.37,88.6,cereals and tubers,Rice (coarse),60,KG,actual,Retail,27.38
2013-07-15,Rajshahi,Rajshahi,Rajshahi Division,120,24.37,88.6,cereals and tubers,Rice (coarse),60,KG,actual,Retail,29.0
2013-08-15,Rajshahi,Rajshahi,Rajshahi Division,120,24.37,88.6,cereals and tubers,Rice (coarse),60,KG,actual,Retail,29.8
2013-09-15,Rajshahi,Rajshahi,Rajshahi Division,120,24.37,88.6,cereals and tubers,Rice (coarse),60,KG,actual,Retail,31.29
2013-10-15,Rajshahi,Rajshahi,Rajshahi Division,120,24.37,88.6,cereals and tubers,Rice (coarse),60,KG,actual,Retail,31.79
2013-11-15,Rajshahi,Rajshahi,Rajshahi Division,120,24.37,88.6,cereals and tubers,Rice (coarse),60,KG,actual,Retail,32.79
2013-12-15,Rajshahi,Rajshahi,Rajshahi Division,120,24.37,88.6,cereals and tubers,Rice (coarse),60,KG,actual,Retail,30.73
2014-01-15,Rajshahi,Rajshahi,Rajshahi Division,120,24.37,88.6,cereals and tubers,Rice (coarse),60,KG,actual,Retail,31.91
2014-02-15,Rajshahi,Rajshahi,Rajshahi Division,120,24.37,88.6,cereals and tubers,Rice (coarse),60,KG,actual,Retail,32.09
2014-03-15,Rajshahi,Rajshahi,Rajshahi Division,120,24.37,88.6,cereals and tubers,Rice (coarse),60,KG,actual,Retail,32.18
2014-04-15,Rajshahi,Rajshahi,Rajshahi Division,120,24.37,88.6,cereals and tubers,Rice (coarse),60,KG,actual,Retail,31.89
2014-05-15,Rajshahi,Rajshahi,Rajshahi Division,120,24.37,88.6,cereals and tubers,Rice (coarse),60,KG,actual,Retail,31.6
2014-06-15,Rajshahi,Rajshahi,Rajshahi Division,120,24.37,88.6,cereals and tubers,Rice (coarse),60,KG,actual,Retail,31.75
2014-07-15,Rajshahi,Rajshahi,Rajshahi Division,120,24.37,88.6,cereals and tubers,Rice (coarse),60,KG,actual,Retail,31.92
2014-08-15,Rajshahi,Rajshahi,Rajshahi Division,120,24.37,88.6,cereals and tubers,Rice (coarse),60,KG,actual,Retail,32.38
2014-09-15,Rajshahi,Rajshahi,Rajshahi Division,120,24.37,88.6,cereals and tubers,Rice (coarse),60,KG,actual,Retail,32.75
2014-10-15,Rajshahi,Rajshahi,Rajshahi Division,120,24.37,88.6,cereals and tubers,Rice (coarse),60,KG,actual,Retail,33.0
2014-11-15,Rajshahi,Rajshahi,Rajshahi Division,120,24.37,88.6,cereals and tubers,Rice (coarse),60,KG,actual,Retail,33.0
2014-12-15,Rajshahi,Rajshahi,Rajshahi Division,120,24.37,88.6,cereals and tubers,Rice (coarse),60,KG,actual,Retail,30.85
2015-01-15,Rajshahi,Rajshahi,Rajshahi Division,120,24.37,88.6,cereals and tubers,Rice (coarse),60,KG,actual,Retail,30.71
2015-02-15,Rajshahi,Rajshahi,Rajshahi Division,120,24.37,88.6,cereals and tubers,Rice (coarse),60,KG,actual,Retail,30.15
2015-03-15,Rajshahi,Rajshahi,Rajshahi Division,120,24.37,88.6,cereals and tubers,Rice (coarse),60,KG,actual,Retail,30.15
2015-04-15,Rajshahi,Rajshahi,Rajshahi Division,120,24.37,88.6,cereals and tubers,Rice (coarse),60,KG,actual,Retail,26.57
2015-05-15,Rajshahi,Rajshahi,Rajshahi Division,120,24.37,88.6,cereals and tubers,Rice (coarse),60,KG,actual,Retail,25.82
2015-06-15,Rajshahi,Rajshahi,Rajshahi Division,120,24.37,88.6,cereals and tubers,Rice (coarse),60,KG,actual,Retail,25.45
2015-07-15,Rajshahi,Rajshahi,Rajshahi Division,120,24.37,88.6,cereals and tubers,Rice (coarse),60,KG,actual,Retail,25.0
2015-08-15,Rajshahi,Rajshahi,Rajshahi Division,120,24.37,88.6,cereals and tubers,Rice (coarse),60,KG,actual,Retail,25.23
2015-09-15,Rajshahi,Rajshahi,Rajshahi Division,120,24.37,88.6,cereals and tubers,Rice (coarse),60,KG,actual,Retail,25.46
2015-10-15,Rajshahi,Rajshahi,Rajshahi Division,120,24.37,88.6,cereals and tubers,Rice (coarse),60,KG,actual,Retail,26.23
2015-11-15,Rajshahi,Rajshahi,Rajshahi Division,120,24.37,88.6,cereals and tubers,Rice (coarse),60,KG,actual,Retail,25.86
2015-12-15,Rajshahi,Rajshahi,Rajshahi Division,120,24.37,88.6,cereals and tubers,Rice (coarse),60,KG,actual,Retail,24.55
2016-01-15,Rajshahi,Rajshahi,Rajshahi Division,120,24.37,88.6,cereals and tubers,Rice (coarse),60,KG,actual,Retail,24.82
2016-02-15,Rajshahi,Rajshahi,Rajshahi Division,120,24.37,88.6,cereals and tubers,Rice (coarse),60,KG,actual,Retail,25.0
2016-03-15,Rajshahi,Rajshahi,Rajshahi Division,120,24.37,88.6,cereals and tubers,Rice (coarse),60,KG,actual,Retail,23.9
2016-04-15,Rajshahi,Rajshahi,Rajshahi Division,120,24.37,88.6,cereals and tubers,Rice (coarse),60,KG,actual,Retail,23.1
2016-05-15,Rajshahi,Rajshahi,Rajshahi Division,120,24.37,88.6,cereals and tubers,Rice (coarse),60,KG,actual,Retail,22.9
2016-06-15,Rajshahi,Rajshahi,Rajshahi Division,120,24.37,88.6,cereals and tubers,Rice (coarse),60,KG,actual,Retail,22.9
2016-07-15,Rajshahi,Rajshahi,Rajshahi Division,120,24.37,88.6,cereals and tubers,Rice (coarse),60,KG,actual,Retail,25.45
2016-08-15,Rajshahi,Rajshahi,Rajshahi Division,120,24.37,88.6,cereals and tubers,Rice (coarse),60,KG,actual,Retail,28.62
2016-09-15,Rajshahi,Rajshahi,Rajshahi Division,120,24.37,88.6,cereals and tubers,Rice (coarse),60,KG,actual,Retail,32.1
2016-10-15,Rajshahi,Rajshahi,Rajshahi Division,120,24.37,88.6,cereals and tubers,Rice (coarse),60,KG,actual,Retail,34.1
2016-11-15,Rajshahi,Rajshahi,Rajshahi Division,120,24.37,88.6,cereals and tubers,Rice (coarse),60,KG,actual,Retail,34.23
2016-12-15,Rajshahi,Rajshahi,Rajshahi Division,120,24.37,88.6,cereals and tubers,Rice (coarse),60,KG,actual,Retail,33.0
2017-01-15,Rajshahi,Rajshahi,Rajshahi Division,120,24.37,88.6,cereals and tubers,Rice (coarse),60,KG,actual,Retail,33.36
2017-02-15,Rajshahi,Rajshahi,Rajshahi Division,120,24.37,88.6,cereals and tubers,Rice (coarse),60,KG,actual,Retail,34.0
2017-03-15,Rajshahi,Rajshahi,Rajshahi Division,120,24.37,88.6,cereals and tubers,Rice (coarse),60,KG,actual,Retail,35.3
2017-04-15,Rajshahi,Rajshahi,Rajshahi Division,120,24.37,88.6,cereals and tubers,Rice (coarse),60,KG,actual,Retail,37.27
2017-05-15,Rajshahi,Rajshahi,Rajshahi Division,120,24.37,88.6,cereals and tubers,Rice (coarse),60,KG,actual,Retail,39.42
2017-06-15,Rajshahi,Rajshahi,Rajshahi Division,120,24.37,88.6,cereals and tubers,Rice (coarse),60,KG,actual,Retail,40.85
2017-07-15,Rajshahi,Rajshahi,Rajshahi Division,120,24.37,88.6,cereals and tubers,Rice (coarse),60,KG,actual,Retail,39.91
2017-08-15,Rajshahi,Rajshahi,Rajshahi Division,120,24.37,88.6,cereals and tubers,Rice (coarse),60,KG,actual,Retail,41.2
2017-09-15,Rajshahi,Rajshahi,Rajshahi Division,120,24.37,88.6,cereals and tubers,Rice (coarse),60,KG,actual,Retail,25.32
2017-10-15,Rajshahi,Rajshahi,Rajshahi Division,120,24.37,88.6,cereals and tubers,Rice (coarse),60,KG,actual,Retail,25.32
2017-11-15,Rajshahi,Rajshahi,Rajshahi Division,120,24.37,88.6,cereals and tubers,Rice (coarse),60,KG,actual,Retail,24.5
2017-12-15,Rajshahi,Rajshahi,Rajshahi Division,120,24.37,88.6,cereals and tubers,Rice (coarse),60,KG,actual,Retail,39.27
2018-01-15,Rajshahi,Rajshahi,Rajshahi Division,120,24.37,88.6,cereals and tubers,Rice (coarse),60,KG,actual,Retail,39.61
2018-02-15,Rajshahi,Rajshahi,Rajshahi Division,120,24.37,88.6,cereals and tubers,Rice (coarse),60,KG,actual,Retail,40.14
2018-03-15,Rajshahi,Rajshahi,Rajshahi Division,120,24.37,88.6,cereals and tubers,Rice (coarse),60,KG,actual,Retail,39.23
2018-04-15,Rajshahi,Rajshahi,Rajshahi Division,120,24.37,88.6,cereals and tubers,Rice (coarse),60,KG,actual,Retail,37.5
2018-05-15,Rajshahi,Rajshahi,Rajshahi Division,120,24.37,88.6,cereals and tubers,Rice (coarse),60,KG,actual,Retail,37.42
2018-06-15,Rajshahi,Rajshahi,Rajshahi Division,120,24.37,88.6,cereals and tubers,Rice (coarse),60,KG,actual,Retail,36.57
2018-07-15,Rajshahi,Rajshahi,Rajshahi Division,120,24.37,88.6,cereals and tubers,Rice (coarse),60,KG,actual,Retail,36.7
2018-08-15,Rajshahi,Rajshahi,Rajshahi Division,120,24.37,88.6,cereals and tubers,Rice (coarse),60,KG,actual,Retail,35.84
2018-09-15,Rajshahi,Rajshahi,Rajshahi Division,120,24.37,88.6,cereals and tubers,Rice (coarse),60,KG,actual,Retail,35.3
2018-10-15,Rajshahi,Rajshahi,Rajshahi Division,120,24.37,88.6,cereals and tubers,Rice (coarse),60,KG,actual,Retail,34.55
2018-11-15,Rajshahi,Rajshahi,Rajshahi Division,120,24.37,88.6,cereals and tubers,Rice (coarse),60,KG,actual,Retail,33.27
2018-12-15,Rajshahi,Rajshahi,Rajshahi Division,120,24.37,88.6,cereals and tubers,Rice (coarse),60,KG,actual,Retail,30.63
2019-01-15,Rajshahi,Rajshahi,Rajshahi Division,120,24.37,88.6,cereals and tubers,Rice (coarse),60,KG,actual,Retail,30.9
2019-02-15,Rajshahi,Rajshahi,Rajshahi Division,120,24.37,88.6,cereals and tubers,Rice (coarse),60,KG,actual,Retail,29.71
2019-03-15,Rajshahi,Rajshahi,Rajshahi Division,120,24.37,88.6,cereals and tubers,Rice (coarse),60,KG,actual,Retail,28.4
2019-04-15,Rajshahi,Rajshahi,Rajshahi Division,120,24.37,88.6,cereals and tubers,Rice (coarse),60,KG,actual,Retail,27.69
2019-05-15,Rajshahi,Rajshahi,Rajshahi Division,120,24.37,88.6,cereals and tubers,Rice (coarse),60,KG,actual,Retail,28.07
2019-06-15,Rajshahi,Rajshahi,Rajshahi Division,120,24.37,88.6,cereals and tubers,Rice (coarse),60,KG,actual,Retail,27.79
2019-09-15,Rajshahi,Rajshahi,Rajshahi Division,120,24.37,88.6,cereals and tubers,Rice (coarse),60,KG,actual,Retail,28.77
2019-10-15,Rajshahi,Rajshahi,Rajshahi Division,120,24.37,88.6,cereals and tubers,Rice (coarse),60,KG,actual,Retail,28.7
2019-11-15,Rajshahi,Rajshahi,Rajshahi Division,120,24.37,88.6,cereals and tubers,Rice (coarse),60,KG,actual,Retail,29.9
2019-12-15,Rajshahi,Rajshahi,Rajshahi Division,120,24.37,88.6,cereals and tubers,Rice (coarse),60,KG,actual,Retail,29.0
2020-01-15,Rajshahi,Rajshahi,Rajshahi Division,120,24.37,88.6,cereals and tubers,Rice (coarse),60,KG,actual,Retail,28.2
2020-02-15,Rajshahi,Rajshahi,Rajshahi Division,120,24.37,88.6,cereals and tubers,Rice (coarse),60,KG,actual,Retail,29.3
2020-03-15,Rajshahi,Rajshahi,Rajshahi Division,120,24.37,88.6,cereals and tubers,Rice (coarse),60,KG,actual,Retail,31.2
2020-05-15,Rajshahi,Rajshahi,Rajshahi Division,120,24.37,88.6,cereals and tubers,Rice (coarse),60,KG,actual,Retail,38.6
2020-06-15,Rajshahi,Rajshahi,Rajshahi Division,120,24.37,88.6,cereals and tubers,Rice (coarse),60,KG,aggregate,Retail,38.67
2006-07-15,Rajshahi,Rajshahi,Rajshahi Division,120,24.37,88.6,cereals and tubers,Wheat flour,58,KG,actual,Retail,20.0
2006-08-15,Rajshahi,Rajshahi,Rajshahi Division,120,24.37,88.6,cereals and tubers,Wheat flour,58,KG,actual,Retail,20.36
2006-09-15,Rajshahi,Rajshahi,Rajshahi Division,120,24.37,88.6,cereals and tubers,Wheat flour,58,KG,actual,Retail,21.17
2006-10-15,Rajshahi,Rajshahi,Rajshahi Division,120,24.37,88.6,cereals and tubers,Wheat flour,58,KG,actual,Retail,21.62
2006-11-15,Rajshahi,Rajshahi,Rajshahi Division,120,24.37,88.6,cereals and tubers,Wheat flour,58,KG,actual,Retail,23.45
2006-12-15,Rajshahi,Rajshahi,Rajshahi Division,120,24.37,88.6,cereals and tubers,Wheat flour,58,KG,actual,Retail,24.91
2007-01-15,Rajshahi,Rajshahi,Rajshahi Division,120,24.37,88.6,cereals and tubers,Wheat flour,58,KG,actual,Retail,25.42
2007-02-15,Rajshahi,Rajshahi,Rajshahi Division,120,24.37,88.6,cereals and tubers,Wheat flour,58,KG,actual,Retail,25.62
2007-03-15,Rajshahi,Rajshahi,Rajshahi Division,120,24.37,88.6,cereals and tubers,Wheat flour,58,KG,actual,Retail,25.57
2007-04-15,Rajshahi,Rajshahi,Rajshahi Division,120,24.37,88.6,cereals and tubers,Wheat flour,58,KG,actual,Retail,25.64
2007-05-15,Rajshahi,Rajshahi,Rajshahi Division,120,24.37,88.6,cereals and tubers,Wheat flour,58,KG,actual,Retail,25.46
2007-06-15,Rajshahi,Rajshahi,Rajshahi Division,120,24.37,88.6,cereals and tubers,Wheat flour,58,KG,actual,Retail,25.62
2007-07-15,Rajshahi,Rajshahi,Rajshahi Division,120,24.37,88.6,cereals and tubers,Wheat flour,58,KG,actual,Retail,28.0
2007-08-15,Rajshahi,Rajshahi,Rajshahi Division,120,24.37,88.6,cereals and tubers,Wheat flour,58,KG,actual,Retail,31.0
2007-09-15,Rajshahi,Rajshahi,Rajshahi Division,120,24.37,88.6,cereals and tubers,Wheat flour,58,KG,actual,Retail,31.79
2007-10-15,Rajshahi,Rajshahi,Rajshahi Division,120,24.37,88.6,cereals and tubers,Wheat flour,58,KG,actual,Retail,33.08
2007-11-15,Rajshahi,Rajshahi,Rajshahi Division,120,24.37,88.6,cereals and tubers,Wheat flour,58,KG,actual,Retail,37.23
2007-12-15,Rajshahi,Rajshahi,Rajshahi Division,120,24.37,88.6,cereals and tubers,Wheat flour,58,KG,actual,Retail,37.57
2008-01-15,Rajshahi,Rajshahi,Rajshahi Division,120,24.37,88.6,cereals and tubers,Wheat flour,58,KG,actual,Retail,39.08
2008-02-15,Rajshahi,Rajshahi,Rajshahi Division,120,24.37,88.6,cereals and tubers,Wheat flour,58,KG,actual,Retail,40.31
2008-03-15,Rajshahi,Rajshahi,Rajshahi Division,120,24.37,88.6,cereals and tubers,Wheat flour,58,KG,actual,Retail,42.54
2008-04-15,Rajshahi,Rajshahi,Rajshahi Division,120,24.37,88.6,cereals and tubers,Wheat flour,58,KG,actual,Retail,42.36
2008-05-15,Rajshahi,Rajshahi,Rajshahi Division,120,24.37,88.6,cereals and tubers,Wheat flour,58,KG,actual,Retail,42.0
2008-06-15,Rajshahi,Rajshahi,Rajshahi Division,120,24.37,88.6,cereals and tubers,Wheat flour,58,KG,actual,Retail,41.07
2008-07-15,Rajshahi,Rajshahi,Rajshahi Division,120,24.37,88.6,cereals and tubers,Wheat flour,58,KG,actual,Retail,40.87
2008-08-15,Rajshahi,Rajshahi,Rajshahi Division,120,24.37,88.6,cereals and tubers,Wheat flour,58,KG,actual,Retail,40.2
2008-09-15,Rajshahi,Rajshahi,Rajshahi Division,120,24.37,88.6,cereals and tubers,Wheat flour,58,KG,actual,Retail,39.25
2008-10-15,Rajshahi,Rajshahi,Rajshahi Division,120,24.37,88.6,cereals and tubers,Wheat flour,58,KG,actual,Retail,38.86
2008-11-15,Rajshahi,Rajshahi,Rajshahi Division,120,24.37,88.6,cereals and tubers,Wheat flour,58,KG,actual,Retail,36.2
2008-12-15,Rajshahi,Rajshahi,Rajshahi Division,120,24.37,88.6,cereals and tubers,Wheat flour,58,KG,actual,Retail,30.07
2009-01-15,Rajshahi,Rajshahi,Rajshahi Division,120,24.37,88.6,cereals and tubers,Wheat flour,58,KG,actual,Retail,27.07
2009-02-15,Rajshahi,Rajshahi,Rajshahi Division,120,24.37,88.6,cereals and tubers,Wheat flour,58,KG,actual,Retail,26.2
2009-03-15,Rajshahi,Rajshahi,Rajshahi Division,120,24.37,88.6,cereals and tubers,Wheat flour,58,KG,actual,Retail,25.57
2009-04-15,Rajshahi,Rajshahi,Rajshahi Division,120,24.37,88.6,cereals and tubers,Wheat flour,58,KG,actual,Retail,23.92
2009-05-15,Rajshahi,Rajshahi,Rajshahi Division,120,24.37,88.6,cereals and tubers,Wheat flour,58,KG,actual,Retail,22.77
2009-06-15,Rajshahi,Rajshahi,Rajshahi Division,120,24.37,88.6,cereals and tubers,Wheat flour,58,KG,actual,Retail,22.25
2009-07-15,Rajshahi,Rajshahi,Rajshahi Division,120,24.37,88.6,cereals and tubers,Wheat flour,58,KG,actual,Retail,22.0
2009-08-15,Rajshahi,Rajshahi,Rajshahi Division,120,24.37,88.6,cereals and tubers,Wheat flour,58,KG,actual,Retail,22.0
2009-09-15,Rajshahi,Rajshahi,Rajshahi Division,120,24.37,88.6,cereals and tubers,Wheat flour,58,KG,actual,Retail,22.25
2009-10-15,Rajshahi,Rajshahi,Rajshahi Division,120,24.37,88.6,cereals and tubers,Wheat flour,58,KG,actual,Retail,21.82
2009-11-15,Rajshahi,Rajshahi,Rajshahi Division,120,24.37,88.6,cereals and tubers,Wheat flour,58,KG,actual,Retail,21.93
2009-12-15,Rajshahi,Rajshahi,Rajshahi Division,120,24.37,88.6,cereals and tubers,Wheat flour,58,KG,actual,Retail,22.69
2010-01-15,Rajshahi,Rajshahi,Rajshahi Division,120,24.37,88.6,cereals and tubers,Wheat flour,58,KG,actual,Retail,25.0
2010-02-15,Rajshahi,Rajshahi,Rajshahi Division,120,24.37,88.6,cereals and tubers,Wheat flour,58,KG,actual,Retail,25.0
2010-03-15,Rajshahi,Rajshahi,Rajshahi Division,120,24.37,88.6,cereals and tubers,Wheat flour,58,KG,actual,Retail,24.0
2010-04-15,Rajshahi,Rajshahi,Rajshahi Division,120,24.37,88.6,cereals and tubers,Wheat flour,58,KG,actual,Retail,23.36
2010-05-15,Rajshahi,Rajshahi,Rajshahi Division,120,24.37,88.6,cereals and tubers,Wheat flour,58,KG,actual,Retail,23.7
2010-06-15,Rajshahi,Rajshahi,Rajshahi Division,120,24.37,88.6,cereals and tubers,Wheat flour,58,KG,actual,Retail,23.67
2010-07-15,Rajshahi,Rajshahi,Rajshahi Division,120,24.37,88.6,cereals and tubers,Wheat flour,58,KG,actual,Retail,23.57
2010-08-15,Rajshahi,Rajshahi,Rajshahi Division,120,24.37,88.6,cereals and tubers,Wheat flour,58,KG,actual,Retail,25.5
2010-09-15,Rajshahi,Rajshahi,Rajshahi Division,120,24.37,88.6,cereals and tubers,Wheat flour,58,KG,actual,Retail,29.75
2010-10-15,Rajshahi,Rajshahi,Rajshahi Division,120,24.37,88.6,cereals and tubers,Wheat flour,58,KG,actual,Retail,31.83
2010-11-15,Rajshahi,Rajshahi,Rajshahi Division,120,24.37,88.6,cereals and tubers,Wheat flour,58,KG,actual,Retail,32.0
2010-12-15,Rajshahi,Rajshahi,Rajshahi Division,120,24.37,88.6,cereals and tubers,Wheat flour,58,KG,actual,Retail,32.5
2011-01-15,Rajshahi,Rajshahi,Rajshahi Division,120,24.37,88.6,cereals and tubers,Wheat flour,58,KG,actual,Retail,35.57
2011-02-15,Rajshahi,Rajshahi,Rajshahi Division,120,24.37,88.6,cereals and tubers,Wheat flour,58,KG,actual,Retail,35.67
2011-03-15,Rajshahi,Rajshahi,Rajshahi Division,120,24.37,88.6,cereals and tubers,Wheat flour,58,KG,actual,Retail,34.67
2011-04-15,Rajshahi,Rajshahi,Rajshahi Division,120,24.37,88.6,cereals and tubers,Wheat flour,58,KG,actual,Retail,33.67
2011-05-15,Rajshahi,Rajshahi,Rajshahi Division,120,24.37,88.6,cereals and tubers,Wheat flour,58,KG,actual,Retail,31.66
2011-06-15,Rajshahi,Rajshahi,Rajshahi Division,120,24.37,88.6,cereals and tubers,Wheat flour,58,KG,actual,Retail,30.38
2011-07-15,Rajshahi,Rajshahi,Rajshahi Division,120,24.37,88.6,cereals and tubers,Wheat flour,58,KG,actual,Retail,30.0
2011-08-15,Rajshahi,Rajshahi,Rajshahi Division,120,24.37,88.6,cereals and tubers,Wheat flour,58,KG,actual,Retail,29.85
2011-09-15,Rajshahi,Rajshahi,Rajshahi Division,120,24.37,88.6,cereals and tubers,Wheat flour,58,KG,actual,Retail,30.61
2011-10-15,Rajshahi,Rajshahi,Rajshahi Division,120,24.37,88.6,cereals and tubers,Wheat flour,58,KG,actual,Retail,31.57
2011-11-15,Rajshahi,Rajshahi,Rajshahi Division,120,24.37,88.6,cereals and tubers,Wheat flour,58,KG,actual,Retail,31.3
2011-12-15,Rajshahi,Rajshahi,Rajshahi Division,120,24.37,88.6,cereals and tubers,Wheat flour,58,KG,actual,Retail,32.67
2012-01-15,Rajshahi,Rajshahi,Rajshahi Division,120,24.37,88.6,cereals and tubers,Wheat flour,58,KG,actual,Retail,31.67
2012-02-15,Rajshahi,Rajshahi,Rajshahi Division,120,24.37,88.6,cereals and tubers,Wheat flour,58,KG,actual,Retail,32.47
2012-03-15,Rajshahi,Rajshahi,Rajshahi Division,120,24.37,88.6,cereals and tubers,Wheat flour,58,KG,actual,Retail,34.27
2012-04-15,Rajshahi,Rajshahi,Rajshahi Division,120,24.37,88.6,cereals and tubers,Wheat flour,58,KG,actual,Retail,34.5
2012-05-15,Rajshahi,Rajshahi,Rajshahi Division,120,24.37,88.6,cereals and tubers,Wheat flour,58,KG,actual,Retail,33.14
2012-06-15,Rajshahi,Rajshahi,Rajshahi Division,120,24.37,88.6,cereals and tubers,Wheat flour,58,KG,actual,Retail,32.07
2012-07-15,Rajshahi,Rajshahi,Rajshahi Division,120,24.37,88.6,cereals and tubers,Wheat flour,58,KG,actual,Retail,31.79
2012-08-15,Rajshahi,Rajshahi,Rajshahi Division,120,24.37,88.6,cereals and tubers,Wheat flour,58,KG,actual,Retail,32.07
2012-09-15,Rajshahi,Rajshahi,Rajshahi Division,120,24.37,88.6,cereals and tubers,Wheat flour,58,KG,actual,Retail,33.43
2012-10-15,Rajshahi,Rajshahi,Rajshahi Division,120,24.37,88.6,cereals and tubers,Wheat flour,58,KG,actual,Retail,35.13
2012-11-15,Rajshahi,Rajshahi,Rajshahi Division,120,24.37,88.6,cereals and tubers,Wheat flour,58,KG,actual,Retail,36.53
2012-12-15,Rajshahi,Rajshahi,Rajshahi Division,120,24.37,88.6,cereals and tubers,Wheat flour,58,KG,actual,Retail,36.53
2013-01-15,Rajshahi,Rajshahi,Rajshahi Division,120,24.37,88.6,cereals and tubers,Wheat flour,58,KG,actual,Retail,31.67
2013-02-15,Rajshahi,Rajshahi,Rajshahi Division,120,24.37,88.6,cereals and tubers,Wheat flour,58,KG,actual,Retail,37.2
2013-03-15,Rajshahi,Rajshahi,Rajshahi Division,120,24.37,88.6,cereals and tubers,Wheat flour,58,KG,actual,Retail,37.47
2013-04-15,Rajshahi,Rajshahi,Rajshahi Division,120,24.37,88.6,cereals and tubers,Wheat flour,58,KG,actual,Retail,37.13
2013-05-15,Rajshahi,Rajshahi,Rajshahi Division,120,24.37,88.6,cereals and tubers,Wheat flour,58,KG,actual,Retail,36.27
2013-06-15,Rajshahi,Rajshahi,Rajshahi Division,120,24.37,88.6,cereals and tubers,Wheat flour,58,KG,actual,Retail,36.21
2013-07-15,Rajshahi,Rajshahi,Rajshahi Division,120,24.37,88.6,cereals and tubers,Wheat flour,58,KG,actual,Retail,35.88
2013-08-15,Rajshahi,Rajshahi,Rajshahi Division,120,24.37,88.6,cereals and tubers,Wheat flour,58,KG,actual,Retail,35.6
2013-09-15,Rajshahi,Rajshahi,Rajshahi Division,120,24.37,88.6,cereals and tubers,Wheat flour,58,KG,actual,Retail,35.0
2013-10-15,Rajshahi,Rajshahi,Rajshahi Division,120,24.37,88.6,cereals and tubers,Wheat flour,58,KG,actual,Retail,34.56
2013-11-15,Rajshahi,Rajshahi,Rajshahi Division,120,24.37,88.6,cereals and tubers,Wheat flour,58,KG,actual,Retail,35.06
2013-12-15,Rajshahi,Rajshahi,Rajshahi Division,120,24.37,88.6,cereals and tubers,Wheat flour,58,KG,actual,Retail,35.79
2014-01-15,Rajshahi,Rajshahi,Rajshahi Division,120,24.37,88.6,cereals and tubers,Wheat flour,58,KG,actual,Retail,36.5
2014-02-15,Rajshahi,Rajshahi,Rajshahi Division,120,24.37,88.6,cereals and tubers,Wheat flour,58,KG,actual,Retail,36.14
2014-03-15,Rajshahi,Rajshahi,Rajshahi Division,120,24.37,88.6,cereals and tubers,Wheat flour,58,KG,actual,Retail,36.0
2014-04-15,Rajshahi,Rajshahi,Rajshahi Division,120,24.37,88.6,cereals and tubers,Wheat flour,58,KG,actual,Retail,36.14
2014-05-15,Rajshahi,Rajshahi,Rajshahi Division,120,24.37,88.6,cereals and tubers,Wheat flour,58,KG,actual,Retail,35.4
2014-06-15,Rajshahi,Rajshahi,Rajshahi Division,120,24.37,88.6,cereals and tubers,Wheat flour,58,KG,actual,Retail,35.25
2014-07-15,Rajshahi,Rajshahi,Rajshahi Division,120,24.37,88.6,cereals and tubers,Wheat flour,58,KG,actual,Retail,35.13
2014-08-15,Rajshahi,Rajshahi,Rajshahi Division,120,24.37,88.6,cereals and tubers,Wheat flour,58,KG,actual,Retail,34.65
2014-09-15,Rajshahi,Rajshahi,Rajshahi Division,120,24.37,88.6,cereals and tubers,Wheat flour,58,KG,actual,Retail,34.79
2014-10-15,Rajshahi,Rajshahi,Rajshahi Division,120,24.37,88.6,cereals and tubers,Wheat flour,58,KG,actual,Retail,34.8
2014-11-15,Rajshahi,Rajshahi,Rajshahi Division,120,24.37,88.6,cereals and tubers,Wheat flour,58,KG,actual,Retail,34.8
2014-12-15,Rajshahi,Rajshahi,Rajshahi Division,120,24.37,88.6,cereals and tubers,Wheat flour,58,KG,actual,Retail,35.27
2015-01-15,Rajshahi,Rajshahi,Rajshahi Division,120,24.37,88.6,cereals and tubers,Wheat flour,58,KG,actual,Retail,35.71
2015-02-15,Rajshahi,Rajshahi,Rajshahi Division,120,24.37,88.6,cereals and tubers,Wheat flour,58,KG,actual,Retail,35.71
2015-03-15,Rajshahi,Rajshahi,Rajshahi Division,120,24.37,88.6,cereals and tubers,Wheat flour,58,KG,actual,Retail,35.64
2015-04-15,Rajshahi,Rajshahi,Rajshahi Division,120,24.37,88.6,cereals and tubers,Wheat flour,58,KG,actual,Retail,34.86
2015-05-15,Rajshahi,Rajshahi,Rajshahi Division,120,24.37,88.6,cereals and tubers,Wheat flour,58,KG,actual,Retail,33.75
2015-06-15,Rajshahi,Rajshahi,Rajshahi Division,120,24.37,88.6,cereals and tubers,Wheat flour,58,KG,actual,Retail,33.57
2015-07-15,Rajshahi,Rajshahi,Rajshahi Division,120,24.37,88.6,cereals and tubers,Wheat flour,58,KG,actual,Retail,33.43
2015-08-15,Rajshahi,Rajshahi,Rajshahi Division,120,24.37,88.6,cereals and tubers,Wheat flour,58,KG,actual,Retail,32.85
2015-09-15,Rajshahi,Rajshahi,Rajshahi Division,120,24.37,88.6,cereals and tubers,Wheat flour,58,KG,actual,Retail,32.25
2015-10-15,Rajshahi,Rajshahi,Rajshahi Division,120,24.37,88.6,cereals and tubers,Wheat flour,58,KG,actual,Retail,32.31
2015-11-15,Rajshahi,Rajshahi,Rajshahi Division,120,24.37,88.6,cereals and tubers,Wheat flour,58,KG,actual,Retail,32.31
2015-12-15,Rajshahi,Rajshahi,Rajshahi Division,120,24.37,88.6,cereals and tubers,Wheat flour,58,KG,actual,Retail,32.23
2016-01-15,Rajshahi,Rajshahi,Rajshahi Division,120,24.37,88.6,cereals and tubers,Wheat flour,58,KG,actual,Retail,32.38
2016-02-15,Rajshahi,Rajshahi,Rajshahi Division,120,24.37,88.6,cereals and tubers,Wheat flour,58,KG,actual,Retail,32.33
2016-03-15,Rajshahi,Rajshahi,Rajshahi Division,120,24.37,88.6,cereals and tubers,Wheat flour,58,KG,actual,Retail,31.83
2016-04-15,Rajshahi,Rajshahi,Rajshahi Division,120,24.37,88.6,cereals and tubers,Wheat flour,58,KG,actual,Retail,31.5
2016-05-15,Rajshahi,Rajshahi,Rajshahi Division,120,24.37,88.6,cereals and tubers,Wheat flour,58,KG,actual,Retail,31.18
2016-06-15,Rajshahi,Rajshahi,Rajshahi Division,120,24.37,88.6,cereals and tubers,Wheat flour,58,KG,actual,Retail,30.9
2016-07-15,Rajshahi,Rajshahi,Rajshahi Division,120,24.37,88.6,cereals and tubers,Wheat flour,58,KG,actual,Retail,30.64
2016-08-15,Rajshahi,Rajshahi,Rajshahi Division,120,24.37,88.6,cereals and tubers,Wheat flour,58,KG,actual,Retail,30.2
2016-09-15,Rajshahi,Rajshahi,Rajshahi Division,120,24.37,88.6,cereals and tubers,Wheat flour,58,KG,actual,Retail,30.3
2016-10-15,Rajshahi,Rajshahi,Rajshahi Division,120,24.37,88.6,cereals and tubers,Wheat flour,58,KG,actual,Retail,30.4
2016-11-15,Rajshahi,Rajshahi,Rajshahi Division,120,24.37,88.6,cereals and tubers,Wheat flour,58,KG,actual,Retail,30.27
2016-12-15,Rajshahi,Rajshahi,Rajshahi Division,120,24.37,88.6,cereals and tubers,Wheat flour,58,KG,actual,Retail,30.1
2017-01-15,Rajshahi,Rajshahi,Rajshahi Division,120,24.37,88.6,cereals and tubers,Wheat flour,58,KG,actual,Retail,30.36
2017-02-15,Rajshahi,Rajshahi,Rajshahi Division,120,24.37,88.6,cereals and tubers,Wheat flour,58,KG,actual,Retail,29.92
2017-03-15,Rajshahi,Rajshahi,Rajshahi Division,120,24.37,88.6,cereals and tubers,Wheat flour,58,KG,actual,Retail,30.0
2017-04-15,Rajshahi,Rajshahi,Rajshahi Division,120,24.37,88.6,cereals and tubers,Wheat flour,58,KG,actual,Retail,30.08
2017-05-15,Rajshahi,Rajshahi,Rajshahi Division,120,24.37,88.6,cereals and tubers,Wheat flour,58,KG,actual,Retail,30.38
2017-06-15,Rajshahi,Rajshahi,Rajshahi Division,120,24.37,88.6,cereals and tubers,Wheat flour,58,KG,actual,Retail,29.53
2017-07-15,Rajshahi,Rajshahi,Rajshahi Division,120,24.37,88.6,cereals and tubers,Wheat flour,58,KG,actual,Retail,29.51
2017-08-15,Rajshahi,Rajshahi,Rajshahi Division,120,24.37,88.6,cereals and tubers,Wheat flour,58,KG,actual,Retail,29.94
2017-09-15,Rajshahi,Rajshahi,Rajshahi Division,120,24.37,88.6,cereals and tubers,Wheat flour,58,KG,actual,Retail,31.56
2017-10-15,Rajshahi,Rajshahi,Rajshahi Division,120,24.37,88.6,cereals and tubers,Wheat flour,58,KG,actual,Retail,31.91
2017-11-15,Rajshahi,Rajshahi,Rajshahi Division,120,24.37,88.6,cereals and tubers,Wheat flour,58,KG,actual,Retail,32.3
2017-12-15,Rajshahi,Rajshahi,Rajshahi Division,120,24.37,88.6,cereals and tubers,Wheat flour,58,KG,actual,Retail,32.25
2018-01-15,Rajshahi,Rajshahi,Rajshahi Division,120,24.37,88.6,cereals and tubers,Wheat flour,58,KG,actual,Retail,32.15
2018-02-15,Rajshahi,Rajshahi,Rajshahi Division,120,24.37,88.6,cereals and tubers,Wheat flour,58,KG,actual,Retail,31.7
2018-03-15,Rajshahi,Rajshahi,Rajshahi Division,120,24.37,88.6,cereals and tubers,Wheat flour,58,KG,actual,Retail,31.28
2018-04-15,Rajshahi,Rajshahi,Rajshahi Division,120,24.37,88.6,cereals and tubers,Wheat flour,58,KG,actual,Retail,31.14
2018-05-15,Rajshahi,Rajshahi,Rajshahi Division,120,24.37,88.6,cereals and tubers,Wheat flour,58,KG,actual,Retail,31.05
2018-06-15,Rajshahi,Rajshahi,Rajshahi Division,120,24.37,88.6,cereals and tubers,Wheat flour,58,KG,actual,Retail,30.83
2018-07-15,Rajshahi,Rajshahi,Rajshahi Division,120,24.37,88.6,cereals and tubers,Wheat flour,58,KG,actual,Retail,30.83
2018-08-15,Rajshahi,Rajshahi,Rajshahi Division,120,24.37,88.6,cereals and tubers,Wheat flour,58,KG,actual,Retail,30.74
2018-09-15,Rajshahi,Rajshahi,Rajshahi Division,120,24.37,88.6,cereals and tubers,Wheat flour,58,KG,actual,Retail,31.95
2018-10-15,Rajshahi,Rajshahi,Rajshahi Division,120,24.37,88.6,cereals and tubers,Wheat flour,58,KG,actual,Retail,32.08
2018-11-15,Rajshahi,Rajshahi,Rajshahi Division,120,24.37,88.6,cereals and tubers,Wheat flour,58,KG,actual,Retail,31.93
2018-12-15,Rajshahi,Rajshahi,Rajshahi Division,120,24.37,88.6,cereals and tubers,Wheat flour,58,KG,actual,Retail,32.03
2019-01-15,Rajshahi,Rajshahi,Rajshahi Division,120,24.37,88.6,cereals and tubers,Wheat flour,58,KG,actual,Retail,31.93
2019-02-15,Rajshahi,Rajshahi,Rajshahi Division,120,24.37,88.6,cereals and tubers,Wheat flour,58,KG,actual,Retail,31.6
2019-03-15,Rajshahi,Rajshahi,Rajshahi Division,120,24.37,88.6,cereals and tubers,Wheat flour,58,KG,actual,Retail,31.58
2019-04-15,Rajshahi,Rajshahi,Rajshahi Division,120,24.37,88.6,cereals and tubers,Wheat flour,58,KG,actual,Retail,31.58
2019-05-15,Rajshahi,Rajshahi,Rajshahi Division,120,24.37,88.6,cereals and tubers,Wheat flour,58,KG,actual,Retail,31.51
2019-06-15,Rajshahi,Rajshahi,Rajshahi Division,120,24.37,88.6,cereals and tubers,Wheat flour,58,KG,actual,Retail,31.3
2019-07-15,Rajshahi,Rajshahi,Rajshahi Division,120,24.37,88.6,cereals and tubers,Wheat flour,58,KG,actual,Retail,31.3
2019-10-15,Rajshahi,Rajshahi,Rajshahi Division,120,24.37,88.6,cereals and tubers,Wheat flour,58,KG,actual,Retail,31.4
2019-11-15,Rajshahi,Rajshahi,Rajshahi Division,120,24.37,88.6,cereals and tubers,Wheat flour,58,KG,actual,Retail,31.3
2019-12-15,Rajshahi,Rajshahi,Rajshahi Division,120,24.37,88.6,cereals and tubers,Wheat flour,58,KG,actual,Retail,31.5
2020-01-15,Rajshahi,Rajshahi,Rajshahi Division,120,24.37,88.6,cereals and tubers,Wheat flour,58,KG,actual,Retail,31.6
2020-02-15,Rajshahi,Rajshahi,Rajshahi Division,120,24.37,88.6,cereals and tubers,Wheat flour,58,KG,actual,Retail,31.6
2020-03-15,Rajshahi,Rajshahi,Rajshahi Division,120,24.37,88.6,cereals and tubers,Wheat flour,58,KG,actual,Retail,31.6
2020-04-15,Rajshahi,Rajshahi,Rajshahi Division,120,24.37,88.6,cereals and tubers,Wheat flour,58,KG,actual,Retail,31.81
2020-05-15,Rajshahi,Rajshahi,Rajshahi Division,120,24.37,88.6,cereals and tubers,Wheat flour,58,KG,actual,Retail,31.7
2020-06-15,Rajshahi,Rajshahi,Rajshahi Division,120,24.37,88.6,cereals and tubers,Wheat flour,58,KG,aggregate,Retail,31.78
2020-07-15,Rajshahi,Rajshahi,Rajshahi Division,120,24.37,88.6,cereals and tubers,Wheat flour,58,KG,aggregate,Retail,32.5
2024-09-15,Rajshahi,Rajshahi,Rajshahi Sadar,4074,24.37,88.6,vegetables and fruits,Chili (green),90,KG,actual,Retail,160.0
2024-10-15,Rajshahi,Rajshahi,Rajshahi Sadar,4074,24.37,88.6,vegetables and fruits,Chili (green),90,KG,actual,Retail,235.0
2024-11-15,Rajshahi,Rajshahi,Rajshahi Sadar,4074,24.37,88.6,vegetables and fruits,Chili (green),90,KG,actual,Retail,107.5
2024-12-15,Rajshahi,Rajshahi,Rajshahi Sadar,4074,24.37,88.6,vegetables and fruits,Chili (green),90,KG,actual,Retail,60.24
2025-01-15,Rajshahi,Rajshahi,Rajshahi Sadar,4074,24.37,88.6,vegetables and fruits,Chili (green),90,KG,actual,Retail,42.84
2025-02-15,Rajshahi,Rajshahi,Rajshahi Sadar,4074,24.37,88.6,vegetables and fruits,Chili (green),90,KG,actual,Retail,45.75
2025-03-15,Rajshahi,Rajshahi,Rajshahi Sadar,4074,24.37,88.6,vegetables and fruits,Chili (green),90,KG,actual,Retail,47.63
2025-04-15,Rajshahi,Rajshahi,Rajshahi Sadar,4074,24.37,88.6,vegetables and fruits,Chili (green),90,KG,actual,Retail,57.78
2025-05-15,Rajshahi,Rajshahi,Rajshahi Sadar,4074,24.37,88.6,vegetables and fruits,Chili (green),90,KG,actual,Retail,51.19
2025-07-15,Rajshahi,Rajshahi,Rajshahi Sadar,4074,24.37,88.6,vegetables and fruits,Chili (green),90,KG,actual,Retail,151.67
2025-09-15,Rajshahi,Rajshahi,Rajshahi Sadar,4074,24.37,88.6,vegetables and fruits,Chili (green),90,KG,actual,Retail,170.68
2025-10-15,Rajshahi,Rajshahi,Rajshahi Sadar,4074,24.37,88.6,vegetables and fruits,Chili (green),90,KG,actual,Retail,165.0
2025-12-15,Rajshahi,Rajshahi,Rajshahi Sadar,4074,24.37,88.6,vegetables and fruits,Chili (green),90,KG,actual,Retail,57.67
2026-02-15,Rajshahi,Rajshahi,Rajshahi Sadar,4074,24.37,88.6,vegetables and fruits,Chili (green),90,KG,actual,Retail,127.65
2026-03-15,Rajshahi,Rajshahi,Rajshahi Sadar,4074,24.37,88.6,vegetables and fruits,Chili (green),90,KG,actual,Retail,90.0
2026-04-15,Rajshahi,Rajshahi,Rajshahi Sadar,4074,24.37,88.6,vegetables and fruits,Chili (green),90,KG,actual,Retail,62.0
2026-05-15,Rajshahi,Rajshahi,Rajshahi Sadar,4074,24.37,88.6,vegetables and fruits,Chili (green),90,KG,actual,Retail,87.06
2026-06-15,Rajshahi,Rajshahi,Rajshahi Sadar,4074,24.37,88.6,vegetables and fruits,Chili (green),90,KG,actual,Retail,56.5
2026-07-15,Rajshahi,Rajshahi,Rajshahi Sadar,4074,24.37,88.6,vegetables and fruits,Chili (green),90,KG,actual,Retail,158.0
2024-09-15,Rajshahi,Rajshahi,Rajshahi Sadar,4074,24.37,88.6,"meat, fish and eggs",Eggs (brown),1073,1 piece,actual,Retail,12.5
2024-10-15,Rajshahi,Rajshahi,Rajshahi Sadar,4074,24.37,88.6,"meat, fish and eggs",Eggs (brown),1073,1 piece,actual,Retail,12.88
2024-11-15,Rajshahi,Rajshahi,Rajshahi Sadar,4074,24.37,88.6,"meat, fish and eggs",Eggs (brown),1073,1 piece,actual,Retail,12.3
2024-12-15,Rajshahi,Rajshahi,Rajshahi Sadar,4074,24.37,88.6,"meat, fish and eggs",Eggs (brown),1073,1 piece,actual,Retail,11.58
2025-01-15,Rajshahi,Rajshahi,Rajshahi Sadar,4074,24.37,88.6,"meat, fish and eggs",Eggs (brown),1073,1 piece,actual,Retail,10.93
2025-02-15,Rajshahi,Rajshahi,Rajshahi Sadar,4074,24.37,88.6,"meat, fish and eggs",Eggs (brown),1073,1 piece,actual,Retail,10.4
2025-03-15,Rajshahi,Rajshahi,Rajshahi Sadar,4074,24.37,88.6,"meat, fish and eggs",Eggs (brown),1073,1 piece,actual,Retail,9.96
2025-04-15,Rajshahi,Rajshahi,Rajshahi Sadar,4074,24.37,88.6,"meat, fish and eggs",Eggs (brown),1073,1 piece,actual,Retail,10.2
2025-05-15,Rajshahi,Rajshahi,Rajshahi Sadar,4074,24.37,88.6,"meat, fish and eggs",Eggs (brown),1073,1 piece,actual,Retail,11.01
2025-06-15,Rajshahi,Rajshahi,Rajshahi Sadar,4074,24.37,88.6,"meat, fish and eggs",Eggs (brown),1073,1 piece,actual,Retail,10.41
2025-07-15,Rajshahi,Rajshahi,Rajshahi Sadar,4074,24.37,88.6,"meat, fish and eggs",Eggs (brown),1073,1 piece,actual,Retail,10.04
2025-08-15,Rajshahi,Rajshahi,Rajshahi Sadar,4074,24.37,88.6,"meat, fish and eggs",Eggs (brown),1073,1 piece,actual,Retail,11.57
2025-09-15,Rajshahi,Rajshahi,Rajshahi Sadar,4074,24.37,88.6,"meat, fish and eggs",Eggs (brown),1073,1 piece,actual,Retail,10.66
2025-10-15,Rajshahi,Rajshahi,Rajshahi Sadar,4074,24.37,88.6,"meat, fish and eggs",Eggs (brown),1073,1 piece,actual,Retail,10.7
2025-12-15,Rajshahi,Rajshahi,Rajshahi Sadar,4074,24.37,88.6,"meat, fish and eggs",Eggs (brown),1073,1 piece,actual,Retail,9.62
2026-02-15,Rajshahi,Rajshahi,Rajshahi Sadar,4074,24.37,88.6,"meat, fish and eggs",Eggs (brown),1073,1 piece,actual,Retail,8.6
2026-03-15,Rajshahi,Rajshahi,Rajshahi Sadar,4074,24.37,88.6,"meat, fish and eggs",Eggs (brown),1073,1 piece,actual,Retail,8.54
2026-04-15,Rajshahi,Rajshahi,Rajshahi Sadar,4074,24.37,88.6,"meat, fish and eggs",Eggs (brown),1073,1 piece,actual,Retail,9.47
2026-05-15,Rajshahi,Rajshahi,Rajshahi Sadar,4074,24.37,88.6,"meat, fish and eggs",Eggs (brown),1073,1 piece,actual,Retail,11.34
2026-06-15,Rajshahi,Rajshahi,Rajshahi Sadar,4074,24.37,88.6,"meat, fish and eggs",Eggs (brown),1073,1 piece,actual,Retail,9.8
2026-07-15,Rajshahi,Rajshahi,Rajshahi Sadar,4074,24.37,88.6,"meat, fish and eggs",Eggs (brown),1073,1 piece,actual,Retail,10.5
2024-09-15,Rajshahi,Rajshahi,Rajshahi Sadar,4074,24.37,88.6,"meat, fish and eggs","Fish (live, pangasius)",1080,KG,actual,Retail,160.0
2024-10-15,Rajshahi,Rajshahi,Rajshahi Sadar,4074,24.37,88.6,"meat, fish and eggs","Fish (live, pangasius)",1080,KG,actual,Retail,160.0
2024-11-15,Rajshahi,Rajshahi,Rajshahi Sadar,4074,24.37,88.6,"meat, fish and eggs","Fish (live, pangasius)",1080,KG,actual,Retail,160.0
2024-12-15,Rajshahi,Rajshahi,Rajshahi Sadar,4074,24.37,88.6,"meat, fish and eggs","Fish (live, pangasius)",1080,KG,actual,Retail,210.0
2025-01-15,Rajshahi,Rajshahi,Rajshahi Sadar,4074,24.37,88.6,"meat, fish and eggs","Fish (live, pangasius)",1080,KG,actual,Retail,210.0
2025-02-15,Rajshahi,Rajshahi,Rajshahi Sadar,4074,24.37,88.6,"meat, fish and eggs","Fish (live, pangasius)",1080,KG,actual,Retail,210.0
2025-03-15,Rajshahi,Rajshahi,Rajshahi Sadar,4074,24.37,88.6,"meat, fish and eggs","Fish (live, pangasius)",1080,KG,actual,Retail,210.0
2025-04-15,Rajshahi,Rajshahi,Rajshahi Sadar,4074,24.37,88.6,"meat, fish and eggs","Fish (live, pangasius)",1080,KG,actual,Retail,210.0
2025-05-15,Rajshahi,Rajshahi,Rajshahi Sadar,4074,24.37,88.6,"meat, fish and eggs","Fish (live, pangasius)",1080,KG,actual,Retail,210.0
2025-06-15,Rajshahi,Rajshahi,Rajshahi Sadar,4074,24.37,88.6,"meat, fish and eggs","Fish (live, pangasius)",1080,KG,actual,Retail,210.0
2025-07-15,Rajshahi,Rajshahi,Rajshahi Sadar,4074,24.37,88.6,"meat, fish and eggs","Fish (live, pangasius)",1080,KG,actual,Retail,210.0
2025-08-15,Rajshahi,Rajshahi,Rajshahi Sadar,4074,24.37,88.6,"meat, fish and eggs","Fish (live, pangasius)",1080,KG,actual,Retail,215.0
2025-09-15,Rajshahi,Rajshahi,Rajshahi Sadar,4074,24.37,88.6,"meat, fish and eggs","Fish (live, pangasius)",1080,KG,actual,Retail,235.0
2025-10-15,Rajshahi,Rajshahi,Rajshahi Sadar,4074,24.37,88.6,"meat, fish and eggs","Fish (live, pangasius)",1080,KG,actual,Retail,235.0
2025-12-15,Rajshahi,Rajshahi,Rajshahi Sadar,4074,24.37,88.6,"meat, fish and eggs","Fish (live, pangasius)",1080,KG,actual,Retail,235.0
2026-02-15,Rajshahi,Rajshahi,Rajshahi Sadar,4074,24.37,88.6,"meat, fish and eggs","Fish (live, pangasius)",1080,KG,actual,Retail,235.0
2026-03-15,Rajshahi,Rajshahi,Rajshahi Sadar,4074,24.37,88.6,"meat, fish and eggs","Fish (live, pangasius)",1080,KG,actual,Retail,235.0
2026-04-15,Rajshahi,Rajshahi,Rajshahi Sadar,4074,24.37,88.6,"meat, fish and eggs","Fish (live, pangasius)",1080,KG,actual,Retail,235.0
2026-05-15,Rajshahi,Rajshahi,Rajshahi Sadar,4074,24.37,88.6,"meat, fish and eggs","Fish (live, pangasius)",1080,KG,actual,Retail,235.0
2026-06-15,Rajshahi,Rajshahi,Rajshahi Sadar,4074,24.37,88.6,"meat, fish and eggs","Fish (live, pangasius)",1080,KG,actual,Retail,235.0
2026-07-15,Rajshahi,Rajshahi,Rajshahi Sadar,4074,24.37,88.6,"meat, fish and eggs","Fish (live, pangasius)",1080,KG,actual,Retail,235.0
2024-09-15,Rajshahi,Rajshahi,Rajshahi Sadar,4074,24.37,88.6,vegetables and fruits,"Garlic (imported, China)",1082,KG,actual,Retail,210.0
2024-10-15,Rajshahi,Rajshahi,Rajshahi Sadar,4074,24.37,88.6,vegetables and fruits,"Garlic (imported, China)",1082,KG,actual,Retail,220.0
2024-11-15,Rajshahi,Rajshahi,Rajshahi Sadar,4074,24.37,88.6,vegetables and fruits,"Garlic (imported, China)",1082,KG,actual,Retail,230.0
2024-12-15,Rajshahi,Rajshahi,Rajshahi Sadar,4074,24.37,88.6,vegetables and fruits,"Garlic (imported, China)",1082,KG,actual,Retail,230.0
2025-01-15,Rajshahi,Rajshahi,Rajshahi Sadar,4074,24.37,88.6,vegetables and fruits,"Garlic (imported, China)",1082,KG,actual,Retail,230.0
2025-02-15,Rajshahi,Rajshahi,Rajshahi Sadar,4074,24.37,88.6,vegetables and fruits,"Garlic (imported, China)",1082,KG,actual,Retail,230.0
2025-03-15,Rajshahi,Rajshahi,Rajshahi Sadar,4074,24.37,88.6,vegetables and fruits,"Garlic (imported, China)",1082,KG,actual,Retail,230.0
2025-04-15,Rajshahi,Rajshahi,Rajshahi Sadar,4074,24.37,88.6,vegetables and fruits,"Garlic (imported, China)",1082,KG,actual,Retail,230.0
2025-05-15,Rajshahi,Rajshahi,Rajshahi Sadar,4074,24.37,88.6,vegetables and fruits,"Garlic (imported, China)",1082,KG,actual,Retail,230.0
2025-06-15,Rajshahi,Rajshahi,Rajshahi Sadar,4074,24.37,88.6,vegetables and fruits,"Garlic (imported, China)",1082,KG,actual,Retail,211.25
2025-07-15,Rajshahi,Rajshahi,Rajshahi Sadar,4074,24.37,88.6,vegetables and fruits,"Garlic (imported, China)",1082,KG,actual,Retail,161.43
2025-08-15,Rajshahi,Rajshahi,Rajshahi Sadar,4074,24.37,88.6,vegetables and fruits,"Garlic (imported, China)",1082,KG,actual,Retail,152.5
2025-09-15,Rajshahi,Rajshahi,Rajshahi Sadar,4074,24.37,88.6,vegetables and fruits,"Garlic (imported, China)",1082,KG,actual,Retail,150.0
2025-10-15,Rajshahi,Rajshahi,Rajshahi Sadar,4074,24.37,88.6,vegetables and fruits,"Garlic (imported, China)",1082,KG,actual,Retail,159.0
2025-12-15,Rajshahi,Rajshahi,Rajshahi Sadar,4074,24.37,88.6,vegetables and fruits,"Garlic (imported, China)",1082,KG,actual,Retail,169.67
2026-02-15,Rajshahi,Rajshahi,Rajshahi Sadar,4074,24.37,88.6,vegetables and fruits,"Garlic (imported, China)",1082,KG,actual,Retail,186.76
2026-03-15,Rajshahi,Rajshahi,Rajshahi Sadar,4074,24.37,88.6,vegetables and fruits,"Garlic (imported, China)",1082,KG,actual,Retail,207.65
2026-04-15,Rajshahi,Rajshahi,Rajshahi Sadar,4074,24.37,88.6,vegetables and fruits,"Garlic (imported, China)",1082,KG,actual,Retail,176.0
2026-05-15,Rajshahi,Rajshahi,Rajshahi Sadar,4074,24.37,88.6,vegetables and fruits,"Garlic (imported, China)",1082,KG,actual,Retail,158.82
2026-06-15,Rajshahi,Rajshahi,Rajshahi Sadar,4074,24.37,88.6,vegetables and fruits,"Garlic (imported, China)",1082,KG,actual,Retail,138.0
2026-07-15,Rajshahi,Rajshahi,Rajshahi Sadar,4074,24.37,88.6,vegetables and fruits,"Garlic (imported, China)",1082,KG,actual,Retail,130.0
2024-09-15,Rajshahi,Rajshahi,Rajshahi Sadar,4074,24.37,88.6,vegetables and fruits,Gourd (bottle),1276,KG,actual,Retail,45.0
2024-10-15,Rajshahi,Rajshahi,Rajshahi Sadar,4074,24.37,88.6,vegetables and fruits,Gourd (bottle),1276,KG,actual,Retail,46.25
2024-11-15,Rajshahi,Rajshahi,Rajshahi Sadar,4074,24.37,88.6,vegetables and fruits,Gourd (bottle),1276,KG,actual,Retail,93.8
2024-12-15,Rajshahi,Rajshahi,Rajshahi Sadar,4074,24.37,88.6,vegetables and fruits,Gourd (bottle),1276,KG,actual,Retail,37.86
2020-07-15,Rajshahi,Rajshahi,Rajshahi Sadar,4074,24.37,88.6,pulses and nuts,Lentils (masur),61,KG,aggregate,Retail,73.5
2020-08-15,Rajshahi,Rajshahi,Rajshahi Sadar,4074,24.37,88.6,pulses and nuts,Lentils (masur),61,KG,aggregate,Retail,73.5
2020-09-15,Rajshahi,Rajshahi,Rajshahi Sadar,4074,24.37,88.6,pulses and nuts,Lentils (masur),61,KG,aggregate,Retail,73.5
2020-10-15,Rajshahi,Rajshahi,Rajshahi Sadar,4074,24.37,88.6,pulses and nuts,Lentils (masur),61,KG,aggregate,Retail,70.19
2020-11-15,Rajshahi,Rajshahi,Rajshahi Sadar,4074,24.37,88.6,pulses and nuts,Lentils (masur),61,KG,aggregate,Retail,69.0
2020-12-15,Rajshahi,Rajshahi,Rajshahi Sadar,4074,24.37,88.6,pulses and nuts,Lentils (masur),61,KG,aggregate,Retail,69.0
2021-01-15,Rajshahi,Rajshahi,Rajshahi Sadar,4074,24.37,88.6,pulses and nuts,Lentils (masur),61,KG,aggregate,Retail,69.0
2021-02-15,Rajshahi,Rajshahi,Rajshahi Sadar,4074,24.37,88.6,pulses and nuts,Lentils (masur),61,KG,aggregate,Retail,69.0
2021-03-15,Rajshahi,Rajshahi,Rajshahi Sadar,4074,24.37,88.6,pulses and nuts,Lentils (masur),61,KG,aggregate,Retail,69.8
2021-04-15,Rajshahi,Rajshahi,Rajshahi Sadar,4074,24.37,88.6,pulses and nuts,Lentils (masur),61,KG,aggregate,Retail,71.0
2021-05-15,Rajshahi,Rajshahi,Rajshahi Sadar,4074,24.37,88.6,pulses and nuts,Lentils (masur),61,KG,aggregate,Retail,71.0
2021-06-15,Rajshahi,Rajshahi,Rajshahi Sadar,4074,24.37,88.6,pulses and nuts,Lentils (masur),61,KG,aggregate,Retail,71.0
2021-07-15,Rajshahi,Rajshahi,Rajshahi Sadar,4074,24.37,88.6,pulses and nuts,Lentils (masur),61,KG,aggregate,Retail,71.0
2021-08-15,Rajshahi,Rajshahi,Rajshahi Sadar,4074,24.37,88.6,pulses and nuts,Lentils (masur),61,KG,aggregate,Retail,71.0
2021-09-15,Rajshahi,Rajshahi,Rajshahi Sadar,4074,24.37,88.6,pulses and nuts,Lentils (masur),61,KG,aggregate,Retail,89.13
2021-10-15,Rajshahi,Rajshahi,Rajshahi Sadar,4074,24.37,88.6,pulses and nuts,Lentils (masur),61,KG,aggregate,Retail,89.92
2021-11-15,Rajshahi,Rajshahi,Rajshahi Sadar,4074,24.37,88.6,pulses and nuts,Lentils (masur),61,KG,aggregate,Retail,87.5
2021-12-15,Rajshahi,Rajshahi,Rajshahi Sadar,4074,24.37,88.6,pulses and nuts,Lentils (masur),61,KG,aggregate,Retail,88.21
2022-01-15,Rajshahi,Rajshahi,Rajshahi Sadar,4074,24.37,88.6,pulses and nuts,Lentils (masur),61,KG,aggregate,Retail,95.11
2022-02-15,Rajshahi,Rajshahi,Rajshahi Sadar,4074,24.37,88.6,pulses and nuts,Lentils (masur),61,KG,aggregate,Retail,97.5
2022-03-15,Rajshahi,Rajshahi,Rajshahi Sadar,4074,24.37,88.6,pulses and nuts,Lentils (masur),61,KG,aggregate,Retail,97.5
2022-04-15,Rajshahi,Rajshahi,Rajshahi Sadar,4074,24.37,88.6,pulses and nuts,Lentils (masur),61,KG,aggregate,Retail,97.5
2022-05-15,Rajshahi,Rajshahi,Rajshahi Sadar,4074,24.37,88.6,pulses and nuts,Lentils (masur),61,KG,aggregate,Retail,97.5
2022-06-15,Rajshahi,Rajshahi,Rajshahi Sadar,4074,24.37,88.6,pulses and nuts,Lentils (masur),61,KG,aggregate,Retail,97.5
2022-07-15,Rajshahi,Rajshahi,Rajshahi Sadar,4074,24.37,88.6,pulses and nuts,Lentils (masur),61,KG,aggregate,Retail,97.5
2022-08-15,Rajshahi,Rajshahi,Rajshahi Sadar,4074,24.37,88.6,pulses and nuts,Lentils (masur),61,KG,aggregate,Retail,97.5
2022-09-15,Rajshahi,Rajshahi,Rajshahi Sadar,4074,24.37,88.6,pulses and nuts,Lentils (masur),61,KG,aggregate,Retail,97.5
2022-10-15,Rajshahi,Rajshahi,Rajshahi Sadar,4074,24.37,88.6,pulses and nuts,Lentils (masur),61,KG,aggregate,Retail,97.5
2022-12-15,Rajshahi,Rajshahi,Rajshahi Sadar,4074,24.37,88.6,pulses and nuts,Lentils (masur),61,KG,aggregate,Retail,99.0
2023-01-15,Rajshahi,Rajshahi,Rajshahi Sadar,4074,24.37,88.6,pulses and nuts,Lentils (masur),61,KG,aggregate,Retail,99.0
2023-02-15,Rajshahi,Rajshahi,Rajshahi Sadar,4074,24.37,88.6,pulses and nuts,Lentils (masur),61,KG,aggregate,Retail,99.0
2023-03-15,Rajshahi,Rajshahi,Rajshahi Sadar,4074,24.37,88.6,pulses and nuts,Lentils (masur),61,KG,aggregate,Retail,99.0
2023-04-15,Rajshahi,Rajshahi,Rajshahi Sadar,4074,24.37,88.6,pulses and nuts,Lentils (masur),61,KG,aggregate,Retail,99.0
2023-05-15,Rajshahi,Rajshahi,Rajshahi Sadar,4074,24.37,88.6,pulses and nuts,Lentils (masur),61,KG,aggregate,Retail,99.0
2023-06-15,Rajshahi,Rajshahi,Rajshahi Sadar,4074,24.37,88.6,pulses and nuts,Lentils (masur),61,KG,aggregate,Retail,99.0
2023-07-15,Rajshahi,Rajshahi,Rajshahi Sadar,4074,24.37,88.6,pulses and nuts,Lentils (masur),61,KG,aggregate,Retail,99.0
2023-08-15,Rajshahi,Rajshahi,Rajshahi Sadar,4074,24.37,88.6,pulses and nuts,Lentils (masur),61,KG,aggregate,Retail,97.5
2023-09-15,Rajshahi,Rajshahi,Rajshahi Sadar,4074,24.37,88.6,pulses and nuts,Lentils (masur),61,KG,aggregate,Retail,100.75
2023-10-15,Rajshahi,Rajshahi,Rajshahi Sadar,4074,24.37,88.6,pulses and nuts,Lentils (masur),61,KG,aggregate,Retail,107.5
2023-11-15,Rajshahi,Rajshahi,Rajshahi Sadar,4074,24.37,88.6,pulses and nuts,Lentils (masur),61,KG,aggregate,Retail,107.5
2023-12-15,Rajshahi,Rajshahi,Rajshahi Sadar,4074,24.37,88.6,pulses and nuts,Lentils (masur),61,KG,aggregate,Retail,107.5
2024-01-15,Rajshahi,Rajshahi,Rajshahi Sadar,4074,24.37,88.6,pulses and nuts,Lentils (masur),61,KG,aggregate,Retail,107.5
2024-02-15,Rajshahi,Rajshahi,Rajshahi Sadar,4074,24.37,88.6,pulses and nuts,Lentils (masur),61,KG,aggregate,Retail,107.5
2024-03-15,Rajshahi,Rajshahi,Rajshahi Sadar,4074,24.37,88.6,pulses and nuts,Lentils (masur),61,KG,aggregate,Retail,107.5
2024-04-15,Rajshahi,Rajshahi,Rajshahi Sadar,4074,24.37,88.6,pulses and nuts,Lentils (masur),61,KG,aggregate,Retail,107.5
2024-05-15,Rajshahi,Rajshahi,Rajshahi Sadar,4074,24.37,88.6,pulses and nuts,Lentils (masur),61,KG,aggregate,Retail,107.0
2024-06-15,Rajshahi,Rajshahi,Rajshahi Sadar,4074,24.37,88.6,pulses and nuts,Lentils (masur),61,KG,aggregate,Retail,107.5
2024-07-15,Rajshahi,Rajshahi,Rajshahi Sadar,4074,24.37,88.6,pulses and nuts,Lentils (masur),61,KG,aggregate,Retail,112.5
2024-08-15,Rajshahi,Rajshahi,Rajshahi Sadar,4074,24.37,88.6,pulses and nuts,Lentils (masur),61,KG,aggregate,Retail,116.3
2024-09-15,Rajshahi,Rajshahi,Rajshahi Sadar,4074,24.37,88.6,pulses and nuts,Lentils (masur),61,KG,actual,Retail,115.0
2024-10-15,Rajshahi,Rajshahi,Rajshahi Sadar,4074,24.37,88.6,pulses and nuts,Lentils (masur),61,KG,actual,Retail,115.0
2024-11-15,Rajshahi,Rajshahi,Rajshahi Sadar,4074,24.37,88.6,pulses and nuts,Lentils (masur),61,KG,actual,Retail,115.0
2024-12-15,Rajshahi,Rajshahi,Rajshahi Sadar,4074,24.37,88.6,pulses and nuts,Lentils (masur),61,KG,actual,Retail,115.0
2025-01-15,Rajshahi,Rajshahi,Rajshahi Sadar,4074,24.37,88.6,pulses and nuts,Lentils (masur),61,KG,actual,Retail,115.0
2025-02-15,Rajshahi,Rajshahi,Rajshahi Sadar,4074,24.37,88.6,pulses and nuts,Lentils (masur),61,KG,actual,Retail,115.0
2025-03-15,Rajshahi,Rajshahi,Rajshahi Sadar,4074,24.37,88.6,pulses and nuts,Lentils (masur),61,KG,actual,Retail,109.87
2025-04-15,Rajshahi,Rajshahi,Rajshahi Sadar,4074,24.37,88.6,pulses and nuts,Lentils (masur),61,KG,actual,Retail,107.5
2025-05-15,Rajshahi,Rajshahi,Rajshahi Sadar,4074,24.37,88.6,pulses and nuts,Lentils (masur),61,KG,actual,Retail,107.5
2025-06-15,Rajshahi,Rajshahi,Rajshahi Sadar,4074,24.37,88.6,pulses and nuts,Lentils (masur),61,KG,actual,Retail,107.5
2025-07-15,Rajshahi,Rajshahi,Rajshahi Sadar,4074,24.37,88.6,pulses and nuts,Lentils (masur),61,KG,actual,Retail,107.5
2025-08-15,Rajshahi,Rajshahi,Rajshahi Sadar,4074,24.37,88.6,pulses and nuts,Lentils (masur),61,KG,actual,Retail,107.5
2025-09-15,Rajshahi,Rajshahi,Rajshahi Sadar,4074,24.37,88.6,pulses and nuts,Lentils (masur),61,KG,actual,Retail,107.5
2025-10-15,Rajshahi,Rajshahi,Rajshahi Sadar,4074,24.37,88.6,pulses and nuts,Lentils (masur),61,KG,actual,Retail,105.88
2025-12-15,Rajshahi,Rajshahi,Rajshahi Sadar,4074,24.37,88.6,pulses and nuts,Lentils (masur),61,KG,actual,Retail,97.67
2026-02-15,Rajshahi,Rajshahi,Rajshahi Sadar,4074,24.37,88.6,pulses and nuts,Lentils (masur),61,KG,actual,Retail,92.5
2026-03-15,Rajshahi,Rajshahi,Rajshahi Sadar,4074,24.37,88.6,pulses and nuts,Lentils (masur),61,KG,actual,Retail,92.5
2026-04-15,Rajshahi,Rajshahi,Rajshahi Sadar,4074,24.37,88.6,pulses and nuts,Lentils (masur),61,KG,actual,Retail,92.5
2026-05-15,Rajshahi,Rajshahi,Rajshahi Sadar,4074,24.37,88.6,pulses and nuts,Lentils (masur),61,KG,actual,Retail,92.5
2026-06-15,Rajshahi,Rajshahi,Rajshahi Sadar,4074,24.37,88.6,pulses and nuts,Lentils (masur),61,KG,actual,Retail,92.5
2026-07-15,Rajshahi,Rajshahi,Rajshahi Sadar,4074,24.37,88.6,pulses and nuts,Lentils (masur),61,KG,actual,Retail,92.5
2024-09-15,Rajshahi,Rajshahi,Rajshahi Sadar,4074,24.37,88.6,"meat, fish and eggs","Meat (chicken, broiler)",89,KG,actual,Retail,172.5
2024-10-15,Rajshahi,Rajshahi,Rajshahi Sadar,4074,24.37,88.6,"meat, fish and eggs","Meat (chicken, broiler)",89,KG,actual,Retail,180.0
2024-11-15,Rajshahi,Rajshahi,Rajshahi Sadar,4074,24.37,88.6,"meat, fish and eggs","Meat (chicken, broiler)",89,KG,actual,Retail,180.0
2020-07-15,Rajshahi,Rajshahi,Rajshahi Sadar,4074,24.37,88.6,oil and fats,Oil (palm),62,L,aggregate,Retail,78.3
2020-09-15,Rajshahi,Rajshahi,Rajshahi Sadar,4074,24.37,88.6,oil and fats,Oil (palm),62,L,aggregate,Retail,77.0
2020-10-15,Rajshahi,Rajshahi,Rajshahi Sadar,4074,24.37,88.6,oil and fats,Oil (palm),62,L,aggregate,Retail,77.0
2020-11-15,Rajshahi,Rajshahi,Rajshahi Sadar,4074,24.37,88.6,oil and fats,Oil (palm),62,L,aggregate,Retail,77.0
2020-12-15,Rajshahi,Rajshahi,Rajshahi Sadar,4074,24.37,88.6,oil and fats,Oil (palm),62,L,aggregate,Retail,77.0
2021-01-15,Rajshahi,Rajshahi,Rajshahi Sadar,4074,24.37,88.6,oil and fats,Oil (palm),62,L,aggregate,Retail,79.4
2021-02-15,Rajshahi,Rajshahi,Rajshahi Sadar,4074,24.37,88.6,oil and fats,Oil (palm),62,L,aggregate,Retail,89.0
2021-03-15,Rajshahi,Rajshahi,Rajshahi Sadar,4074,24.37,88.6,oil and fats,Oil (palm),62,L,aggregate,Retail,89.0
2021-04-15,Rajshahi,Rajshahi,Rajshahi Sadar,4074,24.37,88.6,oil and fats,Oil (palm),62,L,aggregate,Retail,91.4
2021-05-15,Rajshahi,Rajshahi,Rajshahi Sadar,4074,24.37,88.6,oil and fats,Oil (palm),62,L,aggregate,Retail,112.38
2021-06-15,Rajshahi,Rajshahi,Rajshahi Sadar,4074,24.37,88.6,oil and fats,Oil (palm),62,L,aggregate,Retail,113.0
2021-07-15,Rajshahi,Rajshahi,Rajshahi Sadar,4074,24.37,88.6,oil and fats,Oil (palm),62,L,aggregate,Retail,113.0
2021-09-15,Rajshahi,Rajshahi,Rajshahi Sadar,4074,24.37,88.6,oil and fats,Oil (palm),62,L,aggregate,Retail,113.0
2021-10-15,Rajshahi,Rajshahi,Rajshahi Sadar,4074,24.37,88.6,oil and fats,Oil (palm),62,L,aggregate,Retail,121.63
2021-11-15,Rajshahi,Rajshahi,Rajshahi Sadar,4074,24.37,88.6,oil and fats,Oil (palm),62,L,aggregate,Retail,129.16
2021-12-15,Rajshahi,Rajshahi,Rajshahi Sadar,4074,24.37,88.6,oil and fats,Oil (palm),62,L,aggregate,Retail,134.81
2022-01-15,Rajshahi,Rajshahi,Rajshahi Sadar,4074,24.37,88.6,oil and fats,Oil (palm),62,L,aggregate,Retail,135.0
2022-02-15,Rajshahi,Rajshahi,Rajshahi Sadar,4074,24.37,88.6,oil and fats,Oil (palm),62,L,aggregate,Retail,140.69
2022-03-15,Rajshahi,Rajshahi,Rajshahi Sadar,4074,24.37,88.6,oil and fats,Oil (palm),62,L,aggregate,Retail,143.71
2022-04-15,Rajshahi,Rajshahi,Rajshahi Sadar,4074,24.37,88.6,oil and fats,Oil (palm),62,L,aggregate,Retail,145.93
2022-05-15,Rajshahi,Rajshahi,Rajshahi Sadar,4074,24.37,88.6,oil and fats,Oil (palm),62,L,aggregate,Retail,163.31
2022-06-15,Rajshahi,Rajshahi,Rajshahi Sadar,4074,24.37,88.6,oil and fats,Oil (palm),62,L,aggregate,Retail,159.06
2022-07-15,Rajshahi,Rajshahi,Rajshahi Sadar,4074,24.37,88.6,oil and fats,Oil (palm),62,L,aggregate,Retail,134.1
2022-08-15,Rajshahi,Rajshahi,Rajshahi Sadar,4074,24.37,88.6,oil and fats,Oil (palm),62,L,aggregate,Retail,129.52
2022-09-15,Rajshahi,Rajshahi,Rajshahi Sadar,4074,24.37,88.6,oil and fats,Oil (palm),62,L,aggregate,Retail,129.28
2022-10-15,Rajshahi,Rajshahi,Rajshahi Sadar,4074,24.37,88.6,oil and fats,Oil (palm),62,L,aggregate,Retail,115.55
2022-11-15,Rajshahi,Rajshahi,Rajshahi Sadar,4074,24.37,88.6,oil and fats,Oil (palm),62,L,aggregate,Retail,123.56
2022-12-15,Rajshahi,Rajshahi,Rajshahi Sadar,4074,24.37,88.6,oil and fats,Oil (palm),62,L,aggregate,Retail,118.52
2023-01-15,Rajshahi,Rajshahi,Rajshahi Sadar,4074,24.37,88.6,oil and fats,Oil (palm),62,L,aggregate,Retail,119.22
2023-02-15,Rajshahi,Rajshahi,Rajshahi Sadar,4074,24.37,88.6,oil and fats,Oil (palm),62,L,aggregate,Retail,123.0
2023-03-15,Rajshahi,Rajshahi,Rajshahi Sadar,4074,24.37,88.6,oil and fats,Oil (palm),62,L,aggregate,Retail,125.41
2023-04-15,Rajshahi,Rajshahi,Rajshahi Sadar,4074,24.37,88.6,oil and fats,Oil (palm),62,L,aggregate,Retail,124.56
2023-05-15,Rajshahi,Rajshahi,Rajshahi Sadar,4074,24.37,88.6,oil and fats,Oil (palm),62,L,aggregate,Retail,131.37
2023-06-15,Rajshahi,Rajshahi,Rajshahi Sadar,4074,24.37,88.6,oil and fats,Oil (palm),62,L,aggregate,Retail,128.59
2023-08-15,Rajshahi,Rajshahi,Rajshahi Sadar,4074,24.37,88.6,oil and fats,Oil (palm),62,L,aggregate,Retail,129.0
2023-09-15,Rajshahi,Rajshahi,Rajshahi Sadar,4074,24.37,88.6,oil and fats,Oil (palm),62,L,aggregate,Retail,127.25
2023-10-15,Rajshahi,Rajshahi,Rajshahi Sadar,4074,24.37,88.6,oil and fats,Oil (palm),62,L,aggregate,Retail,124.5
2023-11-15,Rajshahi,Rajshahi,Rajshahi Sadar,4074,24.37,88.6,oil and fats,Oil (palm),62,L,aggregate,Retail,124.5
2023-12-15,Rajshahi,Rajshahi,Rajshahi Sadar,4074,24.37,88.6,oil and fats,Oil (palm),62,L,aggregate,Retail,124.5
2024-01-15,Rajshahi,Rajshahi,Rajshahi Sadar,4074,24.37,88.6,oil and fats,Oil (palm),62,L,aggregate,Retail,124.5
2024-02-15,Rajshahi,Rajshahi,Rajshahi Sadar,4074,24.37,88.6,oil and fats,Oil (palm),62,L,aggregate,Retail,123.8
2024-03-15,Rajshahi,Rajshahi,Rajshahi Sadar,4074,24.37,88.6,oil and fats,Oil (palm),62,L,aggregate,Retail,124.5
2024-04-15,Rajshahi,Rajshahi,Rajshahi Sadar,4074,24.37,88.6,oil and fats,Oil (palm),62,L,aggregate,Retail,124.5
2024-05-15,Rajshahi,Rajshahi,Rajshahi Sadar,4074,24.37,88.6,oil and fats,Oil (palm),62,L,aggregate,Retail,124.5
2024-06-15,Rajshahi,Rajshahi,Rajshahi Sadar,4074,24.37,88.6,oil and fats,Oil (palm),62,L,aggregate,Retail,129.0
2024-07-15,Rajshahi,Rajshahi,Rajshahi Sadar,4074,24.37,88.6,oil and fats,Oil (palm),62,L,aggregate,Retail,130.0
2024-09-15,Rajshahi,Rajshahi,Rajshahi Sadar,4074,24.37,88.6,oil and fats,Oil (palm),62,L,actual,Retail,135.0
2024-10-15,Rajshahi,Rajshahi,Rajshahi Sadar,4074,24.37,88.6,oil and fats,Oil (palm),62,L,actual,Retail,151.25
2024-11-15,Rajshahi,Rajshahi,Rajshahi Sadar,4074,24.37,88.6,oil and fats,Oil (palm),62,L,actual,Retail,159.8
2024-12-15,Rajshahi,Rajshahi,Rajshahi Sadar,4074,24.37,88.6,oil and fats,Oil (palm),62,L,actual,Retail,161.83
2025-01-15,Rajshahi,Rajshahi,Rajshahi Sadar,4074,24.37,88.6,oil and fats,Oil (palm),62,L,actual,Retail,161.45
2025-02-15,Rajshahi,Rajshahi,Rajshahi Sadar,4074,24.37,88.6,oil and fats,Oil (palm),62,L,actual,Retail,155.72
2025-03-15,Rajshahi,Rajshahi,Rajshahi Sadar,4074,24.37,88.6,oil and fats,Oil (palm),62,L,actual,Retail,152.24
2025-04-15,Rajshahi,Rajshahi,Rajshahi Sadar,4074,24.37,88.6,oil and fats,Oil (palm),62,L,actual,Retail,152.22
2025-05-15,Rajshahi,Rajshahi,Rajshahi Sadar,4074,24.37,88.6,oil and fats,Oil (palm),62,L,actual,Retail,151.67
2025-06-15,Rajshahi,Rajshahi,Rajshahi Sadar,4074,24.37,88.6,oil and fats,Oil (palm),62,L,actual,Retail,151.0
2025-07-15,Rajshahi,Rajshahi,Rajshahi Sadar,4074,24.37,88.6,oil and fats,Oil (palm),62,L,actual,Retail,151.0
2025-08-15,Rajshahi,Rajshahi,Rajshahi Sadar,4074,24.37,88.6,oil and fats,Oil (palm),62,L,actual,Retail,152.18
2025-09-15,Rajshahi,Rajshahi,Rajshahi Sadar,4074,24.37,88.6,oil and fats,Oil (palm),62,L,actual,Retail,156.0
2025-10-15,Rajshahi,Rajshahi,Rajshahi Sadar,4074,24.37,88.6,oil and fats,Oil (palm),62,L,actual,Retail,156.0
2025-12-15,Rajshahi,Rajshahi,Rajshahi Sadar,4074,24.37,88.6,oil and fats,Oil (palm),62,L,actual,Retail,156.0
2026-01-15,Rajshahi,Rajshahi,Rajshahi Sadar,4074,24.37,88.6,oil and fats,Oil (palm),62,L,actual,Retail,156.0
2026-02-15,Rajshahi,Rajshahi,Rajshahi Sadar,4074,24.37,88.6,oil and fats,Oil (palm),62,L,actual,Retail,154.59
2026-03-15,Rajshahi,Rajshahi,Rajshahi Sadar,4074,24.37,88.6,oil and fats,Oil (palm),62,L,actual,Retail,156.38
2026-04-15,Rajshahi,Rajshahi,Rajshahi Sadar,4074,24.37,88.6,oil and fats,Oil (palm),62,L,actual,Retail,164.5
2026-05-15,Rajshahi,Rajshahi,Rajshahi Sadar,4074,24.37,88.6,oil and fats,Oil (palm),62,L,actual,Retail,164.5
2026-06-15,Rajshahi,Rajshahi,Rajshahi Sadar,4074,24.37,88.6,oil and fats,Oil (palm),62,L,actual,Retail,164.5
2026-07-15,Rajshahi,Rajshahi,Rajshahi Sadar,4074,24.37,88.6,oil and fats,Oil (palm),62,L,actual,Retail,164.5
2024-09-15,Rajshahi,Rajshahi,Rajshahi Sadar,4074,24.37,88.6,oil and fats,"Oil (soybean, fortified)",1282,L,actual,Retail,149.0
2024-10-15,Rajshahi,Rajshahi,Rajshahi Sadar,4074,24.37,88.6,oil and fats,"Oil (soybean, fortified)",1282,L,actual,Retail,158.25
2024-11-15,Rajshahi,Rajshahi,Rajshahi Sadar,4074,24.37,88.6,oil and fats,"Oil (soybean, fortified)",1282,L,actual,Retail,167.8
2024-12-15,Rajshahi,Rajshahi,Rajshahi Sadar,4074,24.37,88.6,oil and fats,"Oil (soybean, fortified)",1282,L,actual,Retail,167.57
2025-01-15,Rajshahi,Rajshahi,Rajshahi Sadar,4074,24.37,88.6,oil and fats,"Oil (soybean, fortified)",1282,L,actual,Retail,170.64
2025-02-15,Rajshahi,Rajshahi,Rajshahi Sadar,4074,24.37,88.6,oil and fats,"Oil (soybean, fortified)",1282,L,actual,Retail,177.28
2025-03-15,Rajshahi,Rajshahi,Rajshahi Sadar,4074,24.37,88.6,oil and fats,"Oil (soybean, fortified)",1282,L,actual,Retail,166.32
2025-04-15,Rajshahi,Rajshahi,Rajshahi Sadar,4074,24.37,88.6,oil and fats,"Oil (soybean, fortified)",1282,L,actual,Retail,164.08
2025-05-15,Rajshahi,Rajshahi,Rajshahi Sadar,4074,24.37,88.6,oil and fats,"Oil (soybean, fortified)",1282,L,actual,Retail,164.62
2025-06-15,Rajshahi,Rajshahi,Rajshahi Sadar,4074,24.37,88.6,oil and fats,"Oil (soybean, fortified)",1282,L,actual,Retail,163.13
2025-07-15,Rajshahi,Rajshahi,Rajshahi Sadar,4074,24.37,88.6,oil and fats,"Oil (soybean, fortified)",1282,L,actual,Retail,164.19
2025-08-15,Rajshahi,Rajshahi,Rajshahi Sadar,4074,24.37,88.6,oil and fats,"Oil (soybean, fortified)",1282,L,actual,Retail,167.07
2025-09-15,Rajshahi,Rajshahi,Rajshahi Sadar,4074,24.37,88.6,oil and fats,"Oil (soybean, fortified)",1282,L,actual,Retail,169.82
2025-10-15,Rajshahi,Rajshahi,Rajshahi Sadar,4074,24.37,88.6,oil and fats,"Oil (soybean, fortified)",1282,L,actual,Retail,172.0
2025-12-15,Rajshahi,Rajshahi,Rajshahi Sadar,4074,24.37,88.6,oil and fats,"Oil (soybean, fortified)",1282,L,actual,Retail,173.0
2026-02-15,Rajshahi,Rajshahi,Rajshahi Sadar,4074,24.37,88.6,oil and fats,"Oil (soybean, fortified)",1282,L,actual,Retail,189.47
2026-03-15,Rajshahi,Rajshahi,Rajshahi Sadar,4074,24.37,88.6,oil and fats,"Oil (soybean, fortified)",1282,L,actual,Retail,192.06
2026-04-15,Rajshahi,Rajshahi,Rajshahi Sadar,4074,24.37,88.6,oil and fats,"Oil (soybean, fortified)",1282,L,actual,Retail,185.5
2026-05-15,Rajshahi,Rajshahi,Rajshahi Sadar,4074,24.37,88.6,oil and fats,"Oil (soybean, fortified)",1282,L,actual,Retail,185.5
2026-06-15,Rajshahi,Rajshahi,Rajshahi Sadar,4074,24.37,88.6,oil and fats,"Oil (soybean, fortified)",1282,L,actual,Retail,185.5
2026-07-15,Rajshahi,Rajshahi,Rajshahi Sadar,4074,24.37,88.6,oil and fats,"Oil (soybean, fortified)",1282,L,actual,Retail,185.5
2024-09-15,Rajshahi,Rajshahi,Rajshahi Sadar,4074,24.37,88.6,vegetables and fruits,"Onions (imported, China)",1108,KG,actual,Retail,101.25
2024-10-15,Rajshahi,Rajshahi,Rajshahi Sadar,4074,24.37,88.6,vegetables and fruits,"Onions (imported, China)",1108,KG,actual,Retail,98.75
2024-11-15,Rajshahi,Rajshahi,Rajshahi Sadar,4074,24.37,88.6,vegetables and fruits,"Onions (imported, China)",1108,KG,actual,Retail,92.5
2024-12-15,Rajshahi,Rajshahi,Rajshahi Sadar,4074,24.37,88.6,vegetables and fruits,"Onions (imported, China)",1108,KG,actual,Retail,73.45
2025-01-15,Rajshahi,Rajshahi,Rajshahi Sadar,4074,24.37,88.6,vegetables and fruits,"Onions (imported, China)",1108,KG,actual,Retail,57.5
2025-02-15,Rajshahi,Rajshahi,Rajshahi Sadar,4074,24.37,88.6,vegetables and fruits,"Onions (imported, China)",1108,KG,actual,Retail,57.5
2025-03-15,Rajshahi,Rajshahi,Rajshahi Sadar,4074,24.37,88.6,vegetables and fruits,"Onions (imported, China)",1108,KG,actual,Retail,57.5
2025-04-15,Rajshahi,Rajshahi,Rajshahi Sadar,4074,24.37,88.6,vegetables and fruits,"Onions (imported, China)",1108,KG,actual,Retail,57.5
2025-05-15,Rajshahi,Rajshahi,Rajshahi Sadar,4074,24.37,88.6,vegetables and fruits,"Onions (imported, China)",1108,KG,actual,Retail,57.5
2025-06-15,Rajshahi,Rajshahi,Rajshahi Sadar,4074,24.37,88.6,vegetables and fruits,"Onions (imported, China)",1108,KG,actual,Retail,57.5
2025-07-15,Rajshahi,Rajshahi,Rajshahi Sadar,4074,24.37,88.6,vegetables and fruits,"Onions (imported, China)",1108,KG,actual,Retail,57.5
2025-08-15,Rajshahi,Rajshahi,Rajshahi Sadar,4074,24.37,88.6,vegetables and fruits,"Onions (imported, China)",1108,KG,actual,Retail,60.63
2025-09-15,Rajshahi,Rajshahi,Rajshahi Sadar,4074,24.37,88.6,vegetables and fruits,"Onions (imported, China)",1108,KG,actual,Retail,72.27
2025-10-15,Rajshahi,Rajshahi,Rajshahi Sadar,4074,24.37,88.6,vegetables and fruits,"Onions (imported, China)",1108,KG,actual,Retail,72.5
2025-12-15,Rajshahi,Rajshahi,Rajshahi Sadar,4074,24.37,88.6,vegetables and fruits,"Onions (imported, China)",1108,KG,actual,Retail,76.17
2026-01-15,Rajshahi,Rajshahi,Rajshahi Sadar,4074,24.37,88.6,vegetables and fruits,"Onions (imported, China)",1108,KG,actual,Retail,70.0
2026-02-15,Rajshahi,Rajshahi,Rajshahi Sadar,4074,24.37,88.6,vegetables and fruits,"Onions (imported, China)",1108,KG,actual,Retail,70.0
2026-03-15,Rajshahi,Rajshahi,Rajshahi Sadar,4074,24.37,88.6,vegetables and fruits,"Onions (imported, China)",1108,KG,actual,Retail,70.0
2026-04-15,Rajshahi,Rajshahi,Rajshahi Sadar,4074,24.37,88.6,vegetables and fruits,"Onions (imported, China)",1108,KG,actual,Retail,70.0
2026-05-15,Rajshahi,Rajshahi,Rajshahi Sadar,4074,24.37,88.6,vegetables and fruits,"Onions (imported, China)",1108,KG,actual,Retail,70.0
2026-06-15,Rajshahi,Rajshahi,Rajshahi Sadar,4074,24.37,88.6,vegetables and fruits,"Onions (imported, China)",1108,KG,actual,Retail,70.0
2026-07-15,Rajshahi,Rajshahi,Rajshahi Sadar,4074,24.37,88.6,vegetables and fruits,"Onions (imported, China)",1108,KG,actual,Retail,70.0
2024-09-15,Rajshahi,Rajshahi,Rajshahi Sadar,4074,24.37,88.6,vegetables and fruits,Papaya (green),1114,KG,actual,Retail,20.0
2024-10-15,Rajshahi,Rajshahi,Rajshahi Sadar,4074,24.37,88.6,vegetables and fruits,Papaya (green),1114,KG,actual,Retail,27.5
2024-11-15,Rajshahi,Rajshahi,Rajshahi Sadar,4074,24.37,88.6,vegetables and fruits,Papaya (green),1114,KG,actual,Retail,37.5
2024-12-15,Rajshahi,Rajshahi,Rajshahi Sadar,4074,24.37,88.6,vegetables and fruits,Papaya (green),1114,KG,actual,Retail,36.9
2025-01-15,Rajshahi,Rajshahi,Rajshahi Sadar,4074,24.37,88.6,vegetables and fruits,Papaya (green),1114,KG,actual,Retail,32.48
2025-02-15,Rajshahi,Rajshahi,Rajshahi Sadar,4074,24.37,88.6,vegetables and fruits,Papaya (green),1114,KG,actual,Retail,32.0
2025-03-15,Rajshahi,Rajshahi,Rajshahi Sadar,4074,24.37,88.6,vegetables and fruits,Papaya (green),1114,KG,actual,Retail,29.55
2025-04-15,Rajshahi,Rajshahi,Rajshahi Sadar,4074,24.37,88.6,vegetables and fruits,Papaya (green),1114,KG,actual,Retail,40.0
2025-05-15,Rajshahi,Rajshahi,Rajshahi Sadar,4074,24.37,88.6,vegetables and fruits,Papaya (green),1114,KG,actual,Retail,51.67
2025-06-15,Rajshahi,Rajshahi,Rajshahi Sadar,4074,24.37,88.6,vegetables and fruits,Papaya (green),1114,KG,actual,Retail,35.63
2025-07-15,Rajshahi,Rajshahi,Rajshahi Sadar,4074,24.37,88.6,vegetables and fruits,Papaya (green),1114,KG,actual,Retail,29.64
2025-08-15,Rajshahi,Rajshahi,Rajshahi Sadar,4074,24.37,88.6,vegetables and fruits,Papaya (green),1114,KG,actual,Retail,23.88
2025-09-15,Rajshahi,Rajshahi,Rajshahi Sadar,4074,24.37,88.6,vegetables and fruits,Papaya (green),1114,KG,actual,Retail,23.93
2025-10-15,Rajshahi,Rajshahi,Rajshahi Sadar,4074,24.37,88.6,vegetables and fruits,Papaya (green),1114,KG,actual,Retail,21.0
2025-12-15,Rajshahi,Rajshahi,Rajshahi Sadar,4074,24.37,88.6,vegetables and fruits,Papaya (green),1114,KG,actual,Retail,27.33
2026-02-15,Rajshahi,Rajshahi,Rajshahi Sadar,4074,24.37,88.6,vegetables and fruits,Papaya (green),1114,KG,actual,Retail,27.5
2026-03-15,Rajshahi,Rajshahi,Rajshahi Sadar,4074,24.37,88.6,vegetables and fruits,Papaya (green),1114,KG,actual,Retail,27.5
2026-04-15,Rajshahi,Rajshahi,Rajshahi Sadar,4074,24.37,88.6,vegetables and fruits,Papaya (green),1114,KG,actual,Retail,31.75
2026-05-15,Rajshahi,Rajshahi,Rajshahi Sadar,4074,24.37,88.6,vegetables and fruits,Papaya (green),1114,KG,actual,Retail,74.71
2026-06-15,Rajshahi,Rajshahi,Rajshahi Sadar,4074,24.37,88.6,vegetables and fruits,Papaya (green),1114,KG,actual,Retail,51.0
2026-07-15,Rajshahi,Rajshahi,Rajshahi Sadar,4074,24.37,88.6,vegetables and fruits,Papaya (green),1114,KG,actual,Retail,32.8
2024-12-15,Rajshahi,Rajshahi,Rajshahi Sadar,4074,24.37,88.6,cereals and tubers,"Potatoes (Holland, white)",1295,KG,actual,Retail,67.74
2025-01-15,Rajshahi,Rajshahi,Rajshahi Sadar,4074,24.37,88.6,cereals and tubers,"Potatoes (Holland, white)",1295,KG,actual,Retail,62.5
2025-02-15,Rajshahi,Rajshahi,Rajshahi Sadar,4074,24.37,88.6,cereals and tubers,"Potatoes (Holland, white)",1295,KG,actual,Retail,62.5
2025-03-15,Rajshahi,Rajshahi,Rajshahi Sadar,4074,24.37,88.6,cereals and tubers,"Potatoes (Holland, white)",1295,KG,actual,Retail,62.5
2025-04-15,Rajshahi,Rajshahi,Rajshahi Sadar,4074,24.37,88.6,cereals and tubers,"Potatoes (Holland, white)",1295,KG,actual,Retail,62.5
2025-05-15,Rajshahi,Rajshahi,Rajshahi Sadar,4074,24.37,88.6,cereals and tubers,"Potatoes (Holland, white)",1295,KG,actual,Retail,62.5
2025-06-15,Rajshahi,Rajshahi,Rajshahi Sadar,4074,24.37,88.6,cereals and tubers,"Potatoes (Holland, white)",1295,KG,actual,Retail,62.5
2025-08-15,Rajshahi,Rajshahi,Rajshahi Sadar,4074,24.37,88.6,cereals and tubers,"Potatoes (Holland, white)",1295,KG,actual,Retail,62.5
2025-09-15,Rajshahi,Rajshahi,Rajshahi Sadar,4074,24.37,88.6,cereals and tubers,"Potatoes (Holland, white)",1295,KG,actual,Retail,62.5
2025-10-15,Rajshahi,Rajshahi,Rajshahi Sadar,4074,24.37,88.6,cereals and tubers,"Potatoes (Holland, white)",1295,KG,actual,Retail,62.5
2025-12-15,Rajshahi,Rajshahi,Rajshahi Sadar,4074,24.37,88.6,cereals and tubers,"Potatoes (Holland, white)",1295,KG,actual,Retail,62.5
2026-03-15,Rajshahi,Rajshahi,Rajshahi Sadar,4074,24.37,88.6,cereals and tubers,"Potatoes (Holland, white)",1295,KG,actual,Retail,62.5
2026-04-15,Rajshahi,Rajshahi,Rajshahi Sadar,4074,24.37,88.6,cereals and tubers,"Potatoes (Holland, white)",1295,KG,actual,Retail,62.5
2026-05-15,Rajshahi,Rajshahi,Rajshahi Sadar,4074,24.37,88.6,cereals and tubers,"Potatoes (Holland, white)",1295,KG,actual,Retail,62.5
2026-06-15,Rajshahi,Rajshahi,Rajshahi Sadar,4074,24.37,88.6,cereals and tubers,"Potatoes (Holland, white)",1295,KG,actual,Retail,62.5
2026-07-15,Rajshahi,Rajshahi,Rajshahi Sadar,4074,24.37,88.6,cereals and tubers,"Potatoes (Holland, white)",1295,KG,actual,Retail,62.5
2020-12-15,Rajshahi,Rajshahi,Rajshahi Sadar,4074,24.37,88.6,cereals and tubers,Rice (coarse),60,KG,aggregate,Retail,44.5
2021-01-15,Rajshahi,Rajshahi,Rajshahi Sadar,4074,24.37,88.6,cereals and tubers,Rice (coarse),60,KG,aggregate,Retail,46.5
2021-02-15,Rajshahi,Rajshahi,Rajshahi Sadar,4074,24.37,88.6,cereals and tubers,Rice (coarse),60,KG,aggregate,Retail,46.5
2021-03-15,Rajshahi,Rajshahi,Rajshahi Sadar,4074,24.37,88.6,cereals and tubers,Rice (coarse),60,KG,aggregate,Retail,46.5
2021-04-15,Rajshahi,Rajshahi,Rajshahi Sadar,4074,24.37,88.6,cereals and tubers,Rice (coarse),60,KG,aggregate,Retail,46.5
2021-05-15,Rajshahi,Rajshahi,Rajshahi Sadar,4074,24.37,88.6,cereals and tubers,Rice (coarse),60,KG,aggregate,Retail,46.5
2021-11-15,Rajshahi,Rajshahi,Rajshahi Sadar,4074,24.37,88.6,cereals and tubers,Rice (coarse),60,KG,aggregate,Retail,44.5
2021-12-15,Rajshahi,Rajshahi,Rajshahi Sadar,4074,24.37,88.6,cereals and tubers,Rice (coarse),60,KG,aggregate,Retail,44.5
2022-01-15,Rajshahi,Rajshahi,Rajshahi Sadar,4074,24.37,88.6,cereals and tubers,Rice (coarse),60,KG,aggregate,Retail,44.5
2022-02-15,Rajshahi,Rajshahi,Rajshahi Sadar,4074,24.37,88.6,cereals and tubers,Rice (coarse),60,KG,aggregate,Retail,44.5
2022-03-15,Rajshahi,Rajshahi,Rajshahi Sadar,4074,24.37,88.6,cereals and tubers,Rice (coarse),60,KG,aggregate,Retail,44.5
2022-04-15,Rajshahi,Rajshahi,Rajshahi Sadar,4074,24.37,88.6,cereals and tubers,Rice (coarse),60,KG,aggregate,Retail,44.5
2022-05-15,Rajshahi,Rajshahi,Rajshahi Sadar,4074,24.37,88.6,cereals and tubers,Rice (coarse),60,KG,aggregate,Retail,44.5
2022-12-15,Rajshahi,Rajshahi,Rajshahi Sadar,4074,24.37,88.6,cereals and tubers,Rice (coarse),60,KG,aggregate,Retail,44.5
2023-01-15,Rajshahi,Rajshahi,Rajshahi Sadar,4074,24.37,88.6,cereals and tubers,Rice (coarse),60,KG,aggregate,Retail,46.65
2023-02-15,Rajshahi,Rajshahi,Rajshahi Sadar,4074,24.37,88.6,cereals and tubers,Rice (coarse),60,KG,aggregate,Retail,48.5
2023-03-15,Rajshahi,Rajshahi,Rajshahi Sadar,4074,24.37,88.6,cereals and tubers,Rice (coarse),60,KG,aggregate,Retail,48.5
2023-04-15,Rajshahi,Rajshahi,Rajshahi Sadar,4074,24.37,88.6,cereals and tubers,Rice (coarse),60,KG,aggregate,Retail,48.5
2023-05-15,Rajshahi,Rajshahi,Rajshahi Sadar,4074,24.37,88.6,cereals and tubers,Rice (coarse),60,KG,aggregate,Retail,48.5
2023-12-15,Rajshahi,Rajshahi,Rajshahi Sadar,4074,24.37,88.6,cereals and tubers,Rice (coarse),60,KG,aggregate,Retail,47.0
2024-01-15,Rajshahi,Rajshahi,Rajshahi Sadar,4074,24.37,88.6,cereals and tubers,Rice (coarse),60,KG,aggregate,Retail,47.8
2024-02-15,Rajshahi,Rajshahi,Rajshahi Sadar,4074,24.37,88.6,cereals and tubers,Rice (coarse),60,KG,aggregate,Retail,48.5
2024-03-15,Rajshahi,Rajshahi,Rajshahi Sadar,4074,24.37,88.6,cereals and tubers,Rice (coarse),60,KG,aggregate,Retail,48.5
2024-04-15,Rajshahi,Rajshahi,Rajshahi Sadar,4074,24.37,88.6,cereals and tubers,Rice (coarse),60,KG,aggregate,Retail,48.5
2024-05-15,Rajshahi,Rajshahi,Rajshahi Sadar,4074,24.37,88.6,cereals and tubers,Rice (coarse),60,KG,aggregate,Retail,48.5
2024-06-15,Rajshahi,Rajshahi,Rajshahi Sadar,4074,24.37,88.6,cereals and tubers,Rice (coarse),60,KG,aggregate,Retail,47.8
2024-09-15,Rajshahi,Rajshahi,Rajshahi Sadar,4074,24.37,88.6,vegetables and fruits,Snake gourd,675,KG,actual,Retail,40.0
2024-10-15,Rajshahi,Rajshahi,Rajshahi Sadar,4074,24.37,88.6,vegetables and fruits,Snake gourd,675,KG,actual,Retail,50.0
2024-11-15,Rajshahi,Rajshahi,Rajshahi Sadar,4074,24.37,88.6,vegetables and fruits,Snake gourd,675,KG,actual,Retail,45.0
2024-12-15,Rajshahi,Rajshahi,Rajshahi Sadar,4074,24.37,88.6,vegetables and fruits,Snake gourd,675,KG,actual,Retail,45.0
2025-01-15,Rajshahi,Rajshahi,Rajshahi Sadar,4074,24.37,88.6,vegetables and fruits,Snake gourd,675,KG,actual,Retail,45.0
2025-02-15,Rajshahi,Rajshahi,Rajshahi Sadar,4074,24.37,88.6,vegetables and fruits,Snake gourd,675,KG,actual,Retail,45.0
2025-03-15,Rajshahi,Rajshahi,Rajshahi Sadar,4074,24.37,88.6,vegetables and fruits,Snake gourd,675,KG,actual,Retail,45.0
2025-04-15,Rajshahi,Rajshahi,Rajshahi Sadar,4074,24.37,88.6,vegetables and fruits,Snake gourd,675,KG,actual,Retail,57.22
2025-05-15,Rajshahi,Rajshahi,Rajshahi Sadar,4074,24.37,88.6,vegetables and fruits,Snake gourd,675,KG,actual,Retail,41.19
2025-06-15,Rajshahi,Rajshahi,Rajshahi Sadar,4074,24.37,88.6,vegetables and fruits,Snake gourd,675,KG,actual,Retail,27.5
2025-07-15,Rajshahi,Rajshahi,Rajshahi Sadar,4074,24.37,88.6,vegetables and fruits,Snake gourd,675,KG,actual,Retail,30.0
2025-08-15,Rajshahi,Rajshahi,Rajshahi Sadar,4074,24.37,88.6,vegetables and fruits,Snake gourd,675,KG,actual,Retail,52.0
2025-09-15,Rajshahi,Rajshahi,Rajshahi Sadar,4074,24.37,88.6,vegetables and fruits,Snake gourd,675,KG,actual,Retail,55.0
2025-10-15,Rajshahi,Rajshahi,Rajshahi Sadar,4074,24.37,88.6,vegetables and fruits,Snake gourd,675,KG,actual,Retail,52.5
2025-12-15,Rajshahi,Rajshahi,Rajshahi Sadar,4074,24.37,88.6,vegetables and fruits,Snake gourd,675,KG,actual,Retail,45.0
2026-02-15,Rajshahi,Rajshahi,Rajshahi Sadar,4074,24.37,88.6,vegetables and fruits,Snake gourd,675,KG,actual,Retail,45.0
2026-03-15,Rajshahi,Rajshahi,Rajshahi Sadar,4074,24.37,88.6,vegetables and fruits,Snake gourd,675,KG,actual,Retail,45.0
2026-04-15,Rajshahi,Rajshahi,Rajshahi Sadar,4074,24.37,88.6,vegetables and fruits,Snake gourd,675,KG,actual,Retail,62.0
2026-05-15,Rajshahi,Rajshahi,Rajshahi Sadar,4074,24.37,88.6,vegetables and fruits,Snake gourd,675,KG,actual,Retail,57.35
2026-06-15,Rajshahi,Rajshahi,Rajshahi Sadar,4074,24.37,88.6,vegetables and fruits,Snake gourd,675,KG,actual,Retail,33.0
2026-07-15,Rajshahi,Rajshahi,Rajshahi Sadar,4074,24.37,88.6,vegetables and fruits,Snake gourd,675,KG,actual,Retail,36.7
2024-09-15,Rajshahi,Rajshahi,Rajshahi Sadar,4074,24.37,88.6,vegetables and fruits,Spinach (malabar),1297,KG,actual,Retail,15.0
2024-10-15,Rajshahi,Rajshahi,Rajshahi Sadar,4074,24.37,88.6,vegetables and fruits,Spinach (malabar),1297,KG,actual,Retail,20.75
2024-11-15,Rajshahi,Rajshahi,Rajshahi Sadar,4074,24.37,88.6,vegetables and fruits,Spinach (malabar),1297,KG,actual,Retail,20.0
2024-12-15,Rajshahi,Rajshahi,Rajshahi Sadar,4074,24.37,88.6,vegetables and fruits,Spinach (malabar),1297,KG,actual,Retail,27.26
2025-01-15,Rajshahi,Rajshahi,Rajshahi Sadar,4074,24.37,88.6,vegetables and fruits,Spinach (malabar),1297,KG,actual,Retail,23.41
2025-02-15,Rajshahi,Rajshahi,Rajshahi Sadar,4074,24.37,88.6,vegetables and fruits,Spinach (malabar),1297,KG,actual,Retail,25.5
2025-03-15,Rajshahi,Rajshahi,Rajshahi Sadar,4074,24.37,88.6,vegetables and fruits,Spinach (malabar),1297,KG,actual,Retail,26.97
2025-04-15,Rajshahi,Rajshahi,Rajshahi Sadar,4074,24.37,88.6,vegetables and fruits,Spinach (malabar),1297,KG,actual,Retail,24.31
2025-05-15,Rajshahi,Rajshahi,Rajshahi Sadar,4074,24.37,88.6,vegetables and fruits,Spinach (malabar),1297,KG,actual,Retail,23.21
2025-06-15,Rajshahi,Rajshahi,Rajshahi Sadar,4074,24.37,88.6,vegetables and fruits,Spinach (malabar),1297,KG,actual,Retail,22.5
2025-07-15,Rajshahi,Rajshahi,Rajshahi Sadar,4074,24.37,88.6,vegetables and fruits,Spinach (malabar),1297,KG,actual,Retail,22.5
2025-08-15,Rajshahi,Rajshahi,Rajshahi Sadar,4074,24.37,88.6,vegetables and fruits,Spinach (malabar),1297,KG,actual,Retail,25.75
2025-09-15,Rajshahi,Rajshahi,Rajshahi Sadar,4074,24.37,88.6,vegetables and fruits,Spinach (malabar),1297,KG,actual,Retail,27.16
2025-10-15,Rajshahi,Rajshahi,Rajshahi Sadar,4074,24.37,88.6,vegetables and fruits,Spinach (malabar),1297,KG,actual,Retail,29.25
2025-12-15,Rajshahi,Rajshahi,Rajshahi Sadar,4074,24.37,88.6,vegetables and fruits,Spinach (malabar),1297,KG,actual,Retail,26.0
2026-02-15,Rajshahi,Rajshahi,Rajshahi Sadar,4074,24.37,88.6,vegetables and fruits,Spinach (malabar),1297,KG,actual,Retail,27.5
2026-03-15,Rajshahi,Rajshahi,Rajshahi Sadar,4074,24.37,88.6,vegetables and fruits,Spinach (malabar),1297,KG,actual,Retail,27.5
2026-04-15,Rajshahi,Rajshahi,Rajshahi Sadar,4074,24.37,88.6,vegetables and fruits,Spinach (malabar),1297,KG,actual,Retail,27.5
2026-05-15,Rajshahi,Rajshahi,Rajshahi Sadar,4074,24.37,88.6,vegetables and fruits,Spinach (malabar),1297,KG,actual,Retail,24.26
2026-06-15,Rajshahi,Rajshahi,Rajshahi Sadar,4074,24.37,88.6,vegetables and fruits,Spinach (malabar),1297,KG,actual,Retail,22.5
2026-07-15,Rajshahi,Rajshahi,Rajshahi Sadar,4074,24.37,88.6,vegetables and fruits,Spinach (malabar),1297,KG,actual,Retail,24.3
2024-09-15,Rajshahi,Rajshahi,Rajshahi Sadar,4074,24.37,88.6,vegetables and fruits,Spinach (red),1296,KG,actual,Retail,22.5
2024-10-15,Rajshahi,Rajshahi,Rajshahi Sadar,4074,24.37,88.6,vegetables and fruits,Spinach (red),1296,KG,actual,Retail,30.0
2024-11-15,Rajshahi,Rajshahi,Rajshahi Sadar,4074,24.37,88.6,vegetables and fruits,Spinach (red),1296,KG,actual,Retail,25.0
2024-12-15,Rajshahi,Rajshahi,Rajshahi Sadar,4074,24.37,88.6,vegetables and fruits,Spinach (red),1296,KG,actual,Retail,28.69
2025-01-15,Rajshahi,Rajshahi,Rajshahi Sadar,4074,24.37,88.6,vegetables and fruits,Spinach (red),1296,KG,actual,Retail,18.93
2025-02-15,Rajshahi,Rajshahi,Rajshahi Sadar,4074,24.37,88.6,vegetables and fruits,Spinach (red),1296,KG,actual,Retail,19.45
2025-03-15,Rajshahi,Rajshahi,Rajshahi Sadar,4074,24.37,88.6,vegetables and fruits,Spinach (red),1296,KG,actual,Retail,22.5
2025-04-15,Rajshahi,Rajshahi,Rajshahi Sadar,4074,24.37,88.6,vegetables and fruits,Spinach (red),1296,KG,actual,Retail,27.5
2025-05-15,Rajshahi,Rajshahi,Rajshahi Sadar,4074,24.37,88.6,vegetables and fruits,Spinach (red),1296,KG,actual,Retail,27.5
2025-06-15,Rajshahi,Rajshahi,Rajshahi Sadar,4074,24.37,88.6,vegetables and fruits,Spinach (red),1296,KG,actual,Retail,33.59
2025-07-15,Rajshahi,Rajshahi,Rajshahi Sadar,4074,24.37,88.6,vegetables and fruits,Spinach (red),1296,KG,actual,Retail,45.0
2025-08-15,Rajshahi,Rajshahi,Rajshahi Sadar,4074,24.37,88.6,vegetables and fruits,Spinach (red),1296,KG,actual,Retail,50.0
2025-09-15,Rajshahi,Rajshahi,Rajshahi Sadar,4074,24.37,88.6,vegetables and fruits,Spinach (red),1296,KG,actual,Retail,37.16
2025-10-15,Rajshahi,Rajshahi,Rajshahi Sadar,4074,24.37,88.6,vegetables and fruits,Spinach (red),1296,KG,actual,Retail,31.0
2025-12-15,Rajshahi,Rajshahi,Rajshahi Sadar,4074,24.37,88.6,vegetables and fruits,Spinach (red),1296,KG,actual,Retail,27.5
2026-02-15,Rajshahi,Rajshahi,Rajshahi Sadar,4074,24.37,88.6,vegetables and fruits,Spinach (red),1296,KG,actual,Retail,22.5
2026-03-15,Rajshahi,Rajshahi,Rajshahi Sadar,4074,24.37,88.6,vegetables and fruits,Spinach (red),1296,KG,actual,Retail,22.5
2026-04-15,Rajshahi,Rajshahi,Rajshahi Sadar,4074,24.37,88.6,vegetables and fruits,Spinach (red),1296,KG,actual,Retail,24.5
2026-05-15,Rajshahi,Rajshahi,Rajshahi Sadar,4074,24.37,88.6,vegetables and fruits,Spinach (red),1296,KG,actual,Retail,27.5
2026-06-15,Rajshahi,Rajshahi,Rajshahi Sadar,4074,24.37,88.6,vegetables and fruits,Spinach (red),1296,KG,actual,Retail,27.5
2026-07-15,Rajshahi,Rajshahi,Rajshahi Sadar,4074,24.37,88.6,vegetables and fruits,Spinach (red),1296,KG,actual,Retail,28.9
2024-09-15,Rajshahi,Rajshahi,Rajshahi Sadar,4074,24.37,88.6,miscellaneous food,Sugar,97,KG,actual,Retail,129.0
2024-10-15,Rajshahi,Rajshahi,Rajshahi Sadar,4074,24.37,88.6,miscellaneous food,Sugar,97,KG,actual,Retail,129.0
2024-11-15,Rajshahi,Rajshahi,Rajshahi Sadar,4074,24.37,88.6,miscellaneous food,Sugar,97,KG,actual,Retail,129.0
2024-12-15,Rajshahi,Rajshahi,Rajshahi Sadar,4074,24.37,88.6,miscellaneous food,Sugar,97,KG,actual,Retail,129.0
2025-01-15,Rajshahi,Rajshahi,Rajshahi Sadar,4074,24.37,88.6,miscellaneous food,Sugar,97,KG,actual,Retail,127.09
2025-02-15,Rajshahi,Rajshahi,Rajshahi Sadar,4074,24.37,88.6,miscellaneous food,Sugar,97,KG,actual,Retail,122.15
2025-03-15,Rajshahi,Rajshahi,Rajshahi Sadar,4074,24.37,88.6,miscellaneous food,Sugar,97,KG,actual,Retail,122.16
2025-04-15,Rajshahi,Rajshahi,Rajshahi Sadar,4074,24.37,88.6,miscellaneous food,Sugar,97,KG,actual,Retail,125.0
2025-05-15,Rajshahi,Rajshahi,Rajshahi Sadar,4074,24.37,88.6,miscellaneous food,Sugar,97,KG,actual,Retail,119.76
2025-06-15,Rajshahi,Rajshahi,Rajshahi Sadar,4074,24.37,88.6,miscellaneous food,Sugar,97,KG,actual,Retail,112.66
2025-07-15,Rajshahi,Rajshahi,Rajshahi Sadar,4074,24.37,88.6,miscellaneous food,Sugar,97,KG,actual,Retail,112.5
2025-08-15,Rajshahi,Rajshahi,Rajshahi Sadar,4074,24.37,88.6,miscellaneous food,Sugar,97,KG,actual,Retail,109.5
2025-09-15,Rajshahi,Rajshahi,Rajshahi Sadar,4074,24.37,88.6,miscellaneous food,Sugar,97,KG,actual,Retail,107.5
2025-10-15,Rajshahi,Rajshahi,Rajshahi Sadar,4074,24.37,88.6,miscellaneous food,Sugar,97,KG,actual,Retail,107.5
2025-12-15,Rajshahi,Rajshahi,Rajshahi Sadar,4074,24.37,88.6,miscellaneous food,Sugar,97,KG,actual,Retail,97.5
2026-02-15,Rajshahi,Rajshahi,Rajshahi Sadar,4074,24.37,88.6,miscellaneous food,Sugar,97,KG,actual,Retail,102.5
2026-03-15,Rajshahi,Rajshahi,Rajshahi Sadar,4074,24.37,88.6,miscellaneous food,Sugar,97,KG,actual,Retail,102.5
2026-04-15,Rajshahi,Rajshahi,Rajshahi Sadar,4074,24.37,88.6,miscellaneous food,Sugar,97,KG,actual,Retail,102.5
2026-05-15,Rajshahi,Rajshahi,Rajshahi Sadar,4074,24.37,88.6,miscellaneous food,Sugar,97,KG,actual,Retail,102.5
2026-06-15,Rajshahi,Rajshahi,Rajshahi Sadar,4074,24.37,88.6,miscellaneous food,Sugar,97,KG,actual,Retail,102.5
2026-07-15,Rajshahi,Rajshahi,Rajshahi Sadar,4074,24.37,88.6,miscellaneous food,Sugar,97,KG,actual,Retail,102.5
2020-07-15,Rajshahi,Rajshahi,Rajshahi Sadar,4074,24.37,88.6,cereals and tubers,Wheat flour,58,KG,aggregate,Retail,32.5
2020-08-15,Rajshahi,Rajshahi,Rajshahi Sadar,4074,24.37,88.6,cereals and tubers,Wheat flour,58,KG,aggregate,Retail,32.5
2020-09-15,Rajshahi,Rajshahi,Rajshahi Sadar,4074,24.37,88.6,cereals and tubers,Wheat flour,58,KG,aggregate,Retail,32.5
2020-10-15,Rajshahi,Rajshahi,Rajshahi Sadar,4074,24.37,88.6,cereals and tubers,Wheat flour,58,KG,aggregate,Retail,32.5
2020-11-15,Rajshahi,Rajshahi,Rajshahi Sadar,4074,24.37,88.6,cereals and tubers,Wheat flour,58,KG,aggregate,Retail,32.5
2020-12-15,Rajshahi,Rajshahi,Rajshahi Sadar,4074,24.37,88.6,cereals and tubers,Wheat flour,58,KG,aggregate,Retail,32.5
2021-01-15,Rajshahi,Rajshahi,Rajshahi Sadar,4074,24.37,88.6,cereals and tubers,Wheat flour,58,KG,aggregate,Retail,32.5
2021-02-15,Rajshahi,Rajshahi,Rajshahi Sadar,4074,24.37,88.6,cereals and tubers,Wheat flour,58,KG,aggregate,Retail,32.5
2021-03-15,Rajshahi,Rajshahi,Rajshahi Sadar,4074,24.37,88.6,cereals and tubers,Wheat flour,58,KG,aggregate,Retail,32.78
2021-04-15,Rajshahi,Rajshahi,Rajshahi Sadar,4074,24.37,88.6,cereals and tubers,Wheat flour,58,KG,aggregate,Retail,34.5
2021-05-15,Rajshahi,Rajshahi,Rajshahi Sadar,4074,24.37,88.6,cereals and tubers,Wheat flour,58,KG,aggregate,Retail,34.5
2021-06-15,Rajshahi,Rajshahi,Rajshahi Sadar,4074,24.37,88.6,cereals and tubers,Wheat flour,58,KG,aggregate,Retail,34.5
2021-07-15,Rajshahi,Rajshahi,Rajshahi Sadar,4074,24.37,88.6,cereals and tubers,Wheat flour,58,KG,aggregate,Retail,34.5
2021-08-15,Rajshahi,Rajshahi,Rajshahi Sadar,4074,24.37,88.6,cereals and tubers,Wheat flour,58,KG,aggregate,Retail,34.5
2021-09-15,Rajshahi,Rajshahi,Rajshahi Sadar,4074,24.37,88.6,cereals and tubers,Wheat flour,58,KG,aggregate,Retail,34.92
2021-10-15,Rajshahi,Rajshahi,Rajshahi Sadar,4074,24.37,88.6,cereals and tubers,Wheat flour,58,KG,aggregate,Retail,35.0
2021-11-15,Rajshahi,Rajshahi,Rajshahi Sadar,4074,24.37,88.6,cereals and tubers,Wheat flour,58,KG,aggregate,Retail,36.97
2021-12-15,Rajshahi,Rajshahi,Rajshahi Sadar,4074,24.37,88.6,cereals and tubers,Wheat flour,58,KG,aggregate,Retail,39.0
2022-01-15,Rajshahi,Rajshahi,Rajshahi Sadar,4074,24.37,88.6,cereals and tubers,Wheat flour,58,KG,aggregate,Retail,39.45
2022-02-15,Rajshahi,Rajshahi,Rajshahi Sadar,4074,24.37,88.6,cereals and tubers,Wheat flour,58,KG,aggregate,Retail,39.0
2022-03-15,Rajshahi,Rajshahi,Rajshahi Sadar,4074,24.37,88.6,cereals and tubers,Wheat flour,58,KG,aggregate,Retail,39.0
2022-04-15,Rajshahi,Rajshahi,Rajshahi Sadar,4074,24.37,88.6,cereals and tubers,Wheat flour,58,KG,aggregate,Retail,39.0
2022-05-15,Rajshahi,Rajshahi,Rajshahi Sadar,4074,24.37,88.6,cereals and tubers,Wheat flour,58,KG,aggregate,Retail,43.2
2022-06-15,Rajshahi,Rajshahi,Rajshahi Sadar,4074,24.37,88.6,cereals and tubers,Wheat flour,58,KG,aggregate,Retail,49.23
2022-07-15,Rajshahi,Rajshahi,Rajshahi Sadar,4074,24.37,88.6,cereals and tubers,Wheat flour,58,KG,aggregate,Retail,47.5
2022-08-15,Rajshahi,Rajshahi,Rajshahi Sadar,4074,24.37,88.6,cereals and tubers,Wheat flour,58,KG,aggregate,Retail,49.42
2022-09-15,Rajshahi,Rajshahi,Rajshahi Sadar,4074,24.37,88.6,cereals and tubers,Wheat flour,58,KG,aggregate,Retail,53.68
2022-10-15,Rajshahi,Rajshahi,Rajshahi Sadar,4074,24.37,88.6,cereals and tubers,Wheat flour,58,KG,aggregate,Retail,54.57
2022-11-15,Rajshahi,Rajshahi,Rajshahi Sadar,4074,24.37,88.6,cereals and tubers,Wheat flour,58,KG,aggregate,Retail,61.26
2022-12-15,Rajshahi,Rajshahi,Rajshahi Sadar,4074,24.37,88.6,cereals and tubers,Wheat flour,58,KG,aggregate,Retail,63.0
2023-01-15,Rajshahi,Rajshahi,Rajshahi Sadar,4074,24.37,88.6,cereals and tubers,Wheat flour,58,KG,aggregate,Retail,63.84
2023-02-15,Rajshahi,Rajshahi,Rajshahi Sadar,4074,24.37,88.6,cereals and tubers,Wheat flour,58,KG,aggregate,Retail,64.5
2023-03-15,Rajshahi,Rajshahi,Rajshahi Sadar,4074,24.37,88.6,cereals and tubers,Wheat flour,58,KG,aggregate,Retail,64.5
2023-04-15,Rajshahi,Rajshahi,Rajshahi Sadar,4074,24.37,88.6,cereals and tubers,Wheat flour,58,KG,aggregate,Retail,64.5
2023-05-15,Rajshahi,Rajshahi,Rajshahi Sadar,4074,24.37,88.6,cereals and tubers,Wheat flour,58,KG,aggregate,Retail,64.36
2023-06-15,Rajshahi,Rajshahi,Rajshahi Sadar,4074,24.37,88.6,cereals and tubers,Wheat flour,58,KG,aggregate,Retail,61.28
2023-07-15,Rajshahi,Rajshahi,Rajshahi Sadar,4074,24.37,88.6,cereals and tubers,Wheat flour,58,KG,aggregate,Retail,61.0
2023-09-15,Rajshahi,Rajshahi,Rajshahi Sadar,4074,24.37,88.6,cereals and tubers,Wheat flour,58,KG,aggregate,Retail,52.5
2023-10-15,Rajshahi,Rajshahi,Rajshahi Sadar,4074,24.37,88.6,cereals and tubers,Wheat flour,58,KG,aggregate,Retail,52.5
2023-11-15,Rajshahi,Rajshahi,Rajshahi Sadar,4074,24.37,88.6,cereals and tubers,Wheat flour,58,KG,aggregate,Retail,50.8
2023-12-15,Rajshahi,Rajshahi,Rajshahi Sadar,4074,24.37,88.6,cereals and tubers,Wheat flour,58,KG,aggregate,Retail,52.5
2024-01-15,Rajshahi,Rajshahi,Rajshahi Sadar,4074,24.37,88.6,cereals and tubers,Wheat flour,58,KG,aggregate,Retail,52.5
2024-02-15,Rajshahi,Rajshahi,Rajshahi Sadar,4074,24.37,88.6,cereals and tubers,Wheat flour,58,KG,aggregate,Retail,52.5
2024-03-15,Rajshahi,Rajshahi,Rajshahi Sadar,4074,24.37,88.6,cereals and tubers,Wheat flour,58,KG,aggregate,Retail,52.5
2024-04-15,Rajshahi,Rajshahi,Rajshahi Sadar,4074,24.37,88.6,cereals and tubers,Wheat flour,58,KG,aggregate,Retail,52.5
2024-05-15,Rajshahi,Rajshahi,Rajshahi Sadar,4074,24.37,88.6,cereals and tubers,Wheat flour,58,KG,aggregate,Retail,52.5
2024-06-15,Rajshahi,Rajshahi,Rajshahi Sadar,4074,24.37,88.6,cereals and tubers,Wheat flour,58,KG,aggregate,Retail,52.5
2024-07-15,Rajshahi,Rajshahi,Rajshahi Sadar,4074,24.37,88.6,cereals and tubers,Wheat flour,58,KG,aggregate,Retail,52.5
2024-08-15,Rajshahi,Rajshahi,Rajshahi Sadar,4074,24.37,88.6,cereals and tubers,Wheat flour,58,KG,aggregate,Retail,50.8
2024-09-15,Rajshahi,Rajshahi,Rajshahi Sadar,4074,24.37,88.6,cereals and tubers,Wheat flour,58,KG,actual,Retail,52.5
2024-10-15,Rajshahi,Rajshahi,Rajshahi Sadar,4074,24.37,88.6,cereals and tubers,Wheat flour,58,KG,actual,Retail,52.5
2024-11-15,Rajshahi,Rajshahi,Rajshahi Sadar,4074,24.37,88.6,cereals and tubers,Wheat flour,58,KG,actual,Retail,52.5
2024-12-15,Rajshahi,Rajshahi,Rajshahi Sadar,4074,24.37,88.6,cereals and tubers,Wheat flour,58,KG,actual,Retail,49.0
2025-01-15,Rajshahi,Rajshahi,Rajshahi Sadar,4074,24.37,88.6,cereals and tubers,Wheat flour,58,KG,actual,Retail,49.0
2025-02-15,Rajshahi,Rajshahi,Rajshahi Sadar,4074,24.37,88.6,cereals and tubers,Wheat flour,58,KG,actual,Retail,49.17
2025-03-15,Rajshahi,Rajshahi,Rajshahi Sadar,4074,24.37,88.6,cereals and tubers,Wheat flour,58,KG,actual,Retail,52.5
2025-04-15,Rajshahi,Rajshahi,Rajshahi Sadar,4074,24.37,88.6,cereals and tubers,Wheat flour,58,KG,actual,Retail,52.5
2025-05-15,Rajshahi,Rajshahi,Rajshahi Sadar,4074,24.37,88.6,cereals and tubers,Wheat flour,58,KG,actual,Retail,52.5
2025-06-15,Rajshahi,Rajshahi,Rajshahi Sadar,4074,24.37,88.6,cereals and tubers,Wheat flour,58,KG,actual,Retail,52.5
2025-07-15,Rajshahi,Rajshahi,Rajshahi Sadar,4074,24.37,88.6,cereals and tubers,Wheat flour,58,KG,actual,Retail,52.5
2025-08-15,Rajshahi,Rajshahi,Rajshahi Sadar,4074,24.37,88.6,cereals and tubers,Wheat flour,58,KG,actual,Retail,52.5
2025-09-15,Rajshahi,Rajshahi,Rajshahi Sadar,4074,24.37,88.6,cereals and tubers,Wheat flour,58,KG,actual,Retail,54.41
2025-10-15,Rajshahi,Rajshahi,Rajshahi Sadar,4074,24.37,88.6,cereals and tubers,Wheat flour,58,KG,actual,Retail,55.5
2025-12-15,Rajshahi,Rajshahi,Rajshahi Sadar,4074,24.37,88.6,cereals and tubers,Wheat flour,58,KG,actual,Retail,55.5
2026-02-15,Rajshahi,Rajshahi,Rajshahi Sadar,4074,24.37,88.6,cereals and tubers,Wheat flour,58,KG,actual,Retail,55.5
2026-03-15,Rajshahi,Rajshahi,Rajshahi Sadar,4074,24.37,88.6,cereals and tubers,Wheat flour,58,KG,actual,Retail,55.5
2026-04-15,Rajshahi,Rajshahi,Rajshahi Sadar,4074,24.37,88.6,cereals and tubers,Wheat flour,58,KG,actual,Retail,55.5
2026-05-15,Rajshahi,Rajshahi,Rajshahi Sadar,4074,24.37,88.6,cereals and tubers,Wheat flour,58,KG,actual,Retail,55.5
2026-06-15,Rajshahi,Rajshahi,Rajshahi Sadar,4074,24.37,88.6,cereals and tubers,Wheat flour,58,KG,actual,Retail,55.5
2026-07-15,Rajshahi,Rajshahi,Rajshahi Sadar,4074,24.37,88.6,cereals and tubers,Wheat flour,58,KG,actual,Retail,55.5
2026-05-15,Rangpur,Rangpur,Mithapukur,11810,25.57,89.28,vegetables and fruits,Chili (green),90,KG,actual,Retail,70.5
2026-06-15,Rangpur,Rangpur,Mithapukur,11810,25.57,89.28,vegetables and fruits,Chili (green),90,KG,actual,Retail,53.0
2026-07-15,Rangpur,Rangpur,Mithapukur,11810,25.57,89.28,vegetables and fruits,Chili (green),90,KG,actual,Retail,137.3
2026-05-15,Rangpur,Rangpur,Mithapukur,11810,25.57,89.28,"meat, fish and eggs",Eggs (brown),1073,1 piece,actual,Retail,11.61
2026-06-15,Rangpur,Rangpur,Mithapukur,11810,25.57,89.28,"meat, fish and eggs",Eggs (brown),1073,1 piece,actual,Retail,9.8
2026-07-15,Rangpur,Rangpur,Mithapukur,11810,25.57,89.28,"meat, fish and eggs",Eggs (brown),1073,1 piece,actual,Retail,10.1
2026-07-15,Rangpur,Rangpur,Mithapukur,11810,25.57,89.28,vegetables and fruits,"Garlic (imported, China)",1082,KG,actual,Retail,190.0
2026-05-15,Rangpur,Rangpur,Mithapukur,11810,25.57,89.28,pulses and nuts,Lentils (masur),61,KG,actual,Retail,98.67
2026-06-15,Rangpur,Rangpur,Mithapukur,11810,25.57,89.28,pulses and nuts,Lentils (masur),61,KG,actual,Retail,99.7
2026-07-15,Rangpur,Rangpur,Mithapukur,11810,25.57,89.28,pulses and nuts,Lentils (masur),61,KG,actual,Retail,95.3
2026-05-15,Rangpur,Rangpur,Mithapukur,11810,25.57,89.28,oil and fats,Oil (palm),62,L,actual,Retail,171.5
2026-06-15,Rangpur,Rangpur,Mithapukur,11810,25.57,89.28,oil and fats,Oil (palm),62,L,actual,Retail,171.5
2026-07-15,Rangpur,Rangpur,Mithapukur,11810,25.57,89.28,oil and fats,Oil (palm),62,L,actual,Retail,171.5
2026-05-15,Rangpur,Rangpur,Mithapukur,11810,25.57,89.28,oil and fats,"Oil (soybean, fortified)",1282,L,actual,Retail,194.6
2026-06-15,Rangpur,Rangpur,Mithapukur,11810,25.57,89.28,oil and fats,"Oil (soybean, fortified)",1282,L,actual,Retail,192.3
2026-07-15,Rangpur,Rangpur,Mithapukur,11810,25.57,89.28,oil and fats,"Oil (soybean, fortified)",1282,L,actual,Retail,191.0
2026-05-15,Rangpur,Rangpur,Mithapukur,11810,25.57,89.28,vegetables and fruits,Papaya (green),1114,KG,actual,Retail,51.83
2026-06-15,Rangpur,Rangpur,Mithapukur,11810,25.57,89.28,vegetables and fruits,Papaya (green),1114,KG,actual,Retail,37.2
2026-07-15,Rangpur,Rangpur,Mithapukur,11810,25.57,89.28,vegetables and fruits,Papaya (green),1114,KG,actual,Retail,33.4
2026-05-15,Rangpur,Rangpur,Mithapukur,11810,25.57,89.28,cereals and tubers,Rice (coarse),60,KG,actual,Retail,39.0
2026-06-15,Rangpur,Rangpur,Mithapukur,11810,25.57,89.28,cereals and tubers,Rice (coarse),60,KG,actual,Retail,39.6
2026-07-15,Rangpur,Rangpur,Mithapukur,11810,25.57,89.28,cereals and tubers,Rice (coarse),60,KG,actual,Retail,42.5
2026-05-15,Rangpur,Rangpur,Mithapukur,11810,25.57,89.28,vegetables and fruits,Snake gourd,675,KG,actual,Retail,56.17
2026-06-15,Rangpur,Rangpur,Mithapukur,11810,25.57,89.28,vegetables and fruits,Snake gourd,675,KG,actual,Retail,45.0
2026-07-15,Rangpur,Rangpur,Mithapukur,11810,25.57,89.28,vegetables and fruits,Snake gourd,675,KG,actual,Retail,55.0
2026-05-15,Rangpur,Rangpur,Mithapukur,11810,25.57,89.28,miscellaneous food,Sugar,97,KG,actual,Retail,107.5
2026-06-15,Rangpur,Rangpur,Mithapukur,11810,25.57,89.28,miscellaneous food,Sugar,97,KG,actual,Retail,107.5
2026-07-15,Rangpur,Rangpur,Mithapukur,11810,25.57,89.28,miscellaneous food,Sugar,97,KG,actual,Retail,107.5
2026-05-15,Rangpur,Rangpur,Mithapukur,11810,25.57,89.28,cereals and tubers,Wheat flour,58,KG,actual,Retail,55.5
2026-06-15,Rangpur,Rangpur,Mithapukur,11810,25.57,89.28,cereals and tubers,Wheat flour,58,KG,actual,Retail,53.3
2026-07-15,Rangpur,Rangpur,Mithapukur,11810,25.57,89.28,cereals and tubers,Wheat flour,58,KG,actual,Retail,52.5
2024-10-15,Rangpur,Rangpur,Rangpur Municipality Market,4066,25.75,89.25,vegetables and fruits,Bananas (ripe),1210,1 piece,actual,Retail,4.38
2024-09-15,Rangpur,Rangpur,Rangpur Municipality Market,4066,25.75,89.25,vegetables and fruits,Chili (green),90,KG,actual,Retail,160.0
2024-10-15,Rangpur,Rangpur,Rangpur Municipality Market,4066,25.75,89.25,vegetables and fruits,Chili (green),90,KG,actual,Retail,220.0
2024-11-15,Rangpur,Rangpur,Rangpur Municipality Market,4066,25.75,89.25,vegetables and fruits,Chili (green),90,KG,actual,Retail,115.0
2024-12-15,Rangpur,Rangpur,Rangpur Municipality Market,4066,25.75,89.25,vegetables and fruits,Chili (green),90,KG,actual,Retail,60.95
2025-01-15,Rangpur,Rangpur,Rangpur Municipality Market,4066,25.75,89.25,vegetables and fruits,Chili (green),90,KG,actual,Retail,36.79
2025-02-15,Rangpur,Rangpur,Rangpur Municipality Market,4066,25.75,89.25,vegetables and fruits,Chili (green),90,KG,actual,Retail,35.63
2025-03-15,Rangpur,Rangpur,Rangpur Municipality Market,4066,25.75,89.25,vegetables and fruits,Chili (green),90,KG,actual,Retail,44.87
2025-04-15,Rangpur,Rangpur,Rangpur Municipality Market,4066,25.75,89.25,vegetables and fruits,Chili (green),90,KG,actual,Retail,40.56
2025-05-15,Rangpur,Rangpur,Rangpur Municipality Market,4066,25.75,89.25,vegetables and fruits,Chili (green),90,KG,actual,Retail,38.57
2025-07-15,Rangpur,Rangpur,Rangpur Municipality Market,4066,25.75,89.25,vegetables and fruits,Chili (green),90,KG,actual,Retail,120.8
2025-08-15,Rangpur,Rangpur,Rangpur Municipality Market,4066,25.75,89.25,vegetables and fruits,Chili (green),90,KG,actual,Retail,178.5
2025-09-15,Rangpur,Rangpur,Rangpur Municipality Market,4066,25.75,89.25,vegetables and fruits,Chili (green),90,KG,actual,Retail,156.36
2025-10-15,Rangpur,Rangpur,Rangpur Municipality Market,4066,25.75,89.25,vegetables and fruits,Chili (green),90,KG,actual,Retail,154.25
2025-12-15,Rangpur,Rangpur,Rangpur Municipality Market,4066,25.75,89.25,vegetables and fruits,Chili (green),90,KG,actual,Retail,74.0
2026-02-15,Rangpur,Rangpur,Rangpur Municipality Market,4066,25.75,89.25,vegetables and fruits,Chili (green),90,KG,actual,Retail,115.59
2026-03-15,Rangpur,Rangpur,Rangpur Municipality Market,4066,25.75,89.25,vegetables and fruits,Chili (green),90,KG,actual,Retail,78.24
2026-04-15,Rangpur,Rangpur,Rangpur Municipality Market,4066,25.75,89.25,vegetables and fruits,Chili (green),90,KG,actual,Retail,57.62
2026-05-15,Rangpur,Rangpur,Rangpur Municipality Market,4066,25.75,89.25,vegetables and fruits,Chili (green),90,KG,actual,Retail,76.76
2026-06-15,Rangpur,Rangpur,Rangpur Municipality Market,4066,25.75,89.25,vegetables and fruits,Chili (green),90,KG,actual,Retail,62.3
2026-07-15,Rangpur,Rangpur,Rangpur Municipality Market,4066,25.75,89.25,vegetables and fruits,Chili (green),90,KG,actual,Retail,141.1
2024-09-15,Rangpur,Rangpur,Rangpur Municipality Market,4066,25.75,89.25,"meat, fish and eggs",Eggs (brown),1073,1 piece,actual,Retail,12.5
2024-10-15,Rangpur,Rangpur,Rangpur Municipality Market,4066,25.75,89.25,"meat, fish and eggs",Eggs (brown),1073,1 piece,actual,Retail,13.0
2024-11-15,Rangpur,Rangpur,Rangpur Municipality Market,4066,25.75,89.25,"meat, fish and eggs",Eggs (brown),1073,1 piece,actual,Retail,11.8
2024-12-15,Rangpur,Rangpur,Rangpur Municipality Market,4066,25.75,89.25,"meat, fish and eggs",Eggs (brown),1073,1 piece,actual,Retail,11.24
2025-01-15,Rangpur,Rangpur,Rangpur Municipality Market,4066,25.75,89.25,"meat, fish and eggs",Eggs (brown),1073,1 piece,actual,Retail,10.82
2025-02-15,Rangpur,Rangpur,Rangpur Municipality Market,4066,25.75,89.25,"meat, fish and eggs",Eggs (brown),1073,1 piece,actual,Retail,10.71
2025-03-15,Rangpur,Rangpur,Rangpur Municipality Market,4066,25.75,89.25,"meat, fish and eggs",Eggs (brown),1073,1 piece,actual,Retail,10.29
2025-04-15,Rangpur,Rangpur,Rangpur Municipality Market,4066,25.75,89.25,"meat, fish and eggs",Eggs (brown),1073,1 piece,actual,Retail,10.27
2025-05-15,Rangpur,Rangpur,Rangpur Municipality Market,4066,25.75,89.25,"meat, fish and eggs",Eggs (brown),1073,1 piece,actual,Retail,11.37
2025-06-15,Rangpur,Rangpur,Rangpur Municipality Market,4066,25.75,89.25,"meat, fish and eggs",Eggs (brown),1073,1 piece,actual,Retail,10.73
2025-07-15,Rangpur,Rangpur,Rangpur Municipality Market,4066,25.75,89.25,"meat, fish and eggs",Eggs (brown),1073,1 piece,actual,Retail,9.86
2025-08-15,Rangpur,Rangpur,Rangpur Municipality Market,4066,25.75,89.25,"meat, fish and eggs",Eggs (brown),1073,1 piece,actual,Retail,11.62
2025-09-15,Rangpur,Rangpur,Rangpur Municipality Market,4066,25.75,89.25,"meat, fish and eggs",Eggs (brown),1073,1 piece,actual,Retail,11.02
2025-10-15,Rangpur,Rangpur,Rangpur Municipality Market,4066,25.75,89.25,"meat, fish and eggs",Eggs (brown),1073,1 piece,actual,Retail,11.24
2025-12-15,Rangpur,Rangpur,Rangpur Municipality Market,4066,25.75,89.25,"meat, fish and eggs",Eggs (brown),1073,1 piece,actual,Retail,9.74
2026-02-15,Rangpur,Rangpur,Rangpur Municipality Market,4066,25.75,89.25,"meat, fish and eggs",Eggs (brown),1073,1 piece,actual,Retail,9.02
2026-03-15,Rangpur,Rangpur,Rangpur Municipality Market,4066,25.75,89.25,"meat, fish and eggs",Eggs (brown),1073,1 piece,actual,Retail,8.65
2026-04-15,Rangpur,Rangpur,Rangpur Municipality Market,4066,25.75,89.25,"meat, fish and eggs",Eggs (brown),1073,1 piece,actual,Retail,9.97
2026-05-15,Rangpur,Rangpur,Rangpur Municipality Market,4066,25.75,89.25,"meat, fish and eggs",Eggs (brown),1073,1 piece,actual,Retail,11.82
2026-06-15,Rangpur,Rangpur,Rangpur Municipality Market,4066,25.75,89.25,"meat, fish and eggs",Eggs (brown),1073,1 piece,actual,Retail,10.3
2026-07-15,Rangpur,Rangpur,Rangpur Municipality Market,4066,25.75,89.25,"meat, fish and eggs",Eggs (brown),1073,1 piece,actual,Retail,10.2
2024-09-15,Rangpur,Rangpur,Rangpur Municipality Market,4066,25.75,89.25,"meat, fish and eggs","Fish (live, pangasius)",1080,KG,actual,Retail,175.0
2024-10-15,Rangpur,Rangpur,Rangpur Municipality Market,4066,25.75,89.25,"meat, fish and eggs","Fish (live, pangasius)",1080,KG,actual,Retail,170.0
2024-11-15,Rangpur,Rangpur,Rangpur Municipality Market,4066,25.75,89.25,"meat, fish and eggs","Fish (live, pangasius)",1080,KG,actual,Retail,170.0
2024-09-15,Rangpur,Rangpur,Rangpur Municipality Market,4066,25.75,89.25,vegetables and fruits,"Garlic (imported, China)",1082,KG,actual,Retail,207.5
2024-10-15,Rangpur,Rangpur,Rangpur Municipality Market,4066,25.75,89.25,vegetables and fruits,"Garlic (imported, China)",1082,KG,actual,Retail,215.0
2024-11-15,Rangpur,Rangpur,Rangpur Municipality Market,4066,25.75,89.25,vegetables and fruits,"Garlic (imported, China)",1082,KG,actual,Retail,207.5
2024-12-15,Rangpur,Rangpur,Rangpur Municipality Market,4066,25.75,89.25,vegetables and fruits,"Garlic (imported, China)",1082,KG,actual,Retail,231.43
2025-01-15,Rangpur,Rangpur,Rangpur Municipality Market,4066,25.75,89.25,vegetables and fruits,"Garlic (imported, China)",1082,KG,actual,Retail,219.29
2025-02-15,Rangpur,Rangpur,Rangpur Municipality Market,4066,25.75,89.25,vegetables and fruits,"Garlic (imported, China)",1082,KG,actual,Retail,203.25
2025-03-15,Rangpur,Rangpur,Rangpur Municipality Market,4066,25.75,89.25,vegetables and fruits,"Garlic (imported, China)",1082,KG,actual,Retail,125.0
2025-04-15,Rangpur,Rangpur,Rangpur Municipality Market,4066,25.75,89.25,vegetables and fruits,"Garlic (imported, China)",1082,KG,actual,Retail,95.56
2025-05-15,Rangpur,Rangpur,Rangpur Municipality Market,4066,25.75,89.25,vegetables and fruits,"Garlic (imported, China)",1082,KG,actual,Retail,202.62
2025-06-15,Rangpur,Rangpur,Rangpur Municipality Market,4066,25.75,89.25,vegetables and fruits,"Garlic (imported, China)",1082,KG,actual,Retail,187.19
2025-07-15,Rangpur,Rangpur,Rangpur Municipality Market,4066,25.75,89.25,vegetables and fruits,"Garlic (imported, China)",1082,KG,actual,Retail,210.0
2025-08-15,Rangpur,Rangpur,Rangpur Municipality Market,4066,25.75,89.25,vegetables and fruits,"Garlic (imported, China)",1082,KG,actual,Retail,205.0
2025-09-15,Rangpur,Rangpur,Rangpur Municipality Market,4066,25.75,89.25,vegetables and fruits,"Garlic (imported, China)",1082,KG,actual,Retail,185.68
2025-10-15,Rangpur,Rangpur,Rangpur Municipality Market,4066,25.75,89.25,vegetables and fruits,"Garlic (imported, China)",1082,KG,actual,Retail,165.0
2025-12-15,Rangpur,Rangpur,Rangpur Municipality Market,4066,25.75,89.25,vegetables and fruits,"Garlic (imported, China)",1082,KG,actual,Retail,165.0
2026-02-15,Rangpur,Rangpur,Rangpur Municipality Market,4066,25.75,89.25,vegetables and fruits,"Garlic (imported, China)",1082,KG,actual,Retail,165.0
2026-03-15,Rangpur,Rangpur,Rangpur Municipality Market,4066,25.75,89.25,vegetables and fruits,"Garlic (imported, China)",1082,KG,actual,Retail,200.29
2026-04-15,Rangpur,Rangpur,Rangpur Municipality Market,4066,25.75,89.25,vegetables and fruits,"Garlic (imported, China)",1082,KG,actual,Retail,212.14
2026-05-15,Rangpur,Rangpur,Rangpur Municipality Market,4066,25.75,89.25,vegetables and fruits,"Garlic (imported, China)",1082,KG,actual,Retail,205.0
2026-06-15,Rangpur,Rangpur,Rangpur Municipality Market,4066,25.75,89.25,vegetables and fruits,"Garlic (imported, China)",1082,KG,actual,Retail,188.6
2026-07-15,Rangpur,Rangpur,Rangpur Municipality Market,4066,25.75,89.25,vegetables and fruits,"Garlic (imported, China)",1082,KG,actual,Retail,175.0
2024-09-15,Rangpur,Rangpur,Rangpur Municipality Market,4066,25.75,89.25,vegetables and fruits,Gourd (bottle),1276,KG,actual,Retail,37.5
2024-10-15,Rangpur,Rangpur,Rangpur Municipality Market,4066,25.75,89.25,vegetables and fruits,Gourd (bottle),1276,KG,actual,Retail,45.0
2024-11-15,Rangpur,Rangpur,Rangpur Municipality Market,4066,25.75,89.25,vegetables and fruits,Gourd (bottle),1276,KG,actual,Retail,40.0
2024-12-15,Rangpur,Rangpur,Rangpur Municipality Market,4066,25.75,89.25,vegetables and fruits,Gourd (bottle),1276,KG,actual,Retail,38.45
2020-08-15,Rangpur,Rangpur,Rangpur Municipality Market,4066,25.75,89.25,pulses and nuts,Lentils (masur),61,KG,aggregate,Retail,67.85
2020-09-15,Rangpur,Rangpur,Rangpur Municipality Market,4066,25.75,89.25,pulses and nuts,Lentils (masur),61,KG,aggregate,Retail,69.55
2022-07-15,Rangpur,Rangpur,Rangpur Municipality Market,4066,25.75,89.25,pulses and nuts,Lentils (masur),61,KG,aggregate,Retail,97.5
2022-08-15,Rangpur,Rangpur,Rangpur Municipality Market,4066,25.75,89.25,pulses and nuts,Lentils (masur),61,KG,aggregate,Retail,100.33
2022-09-15,Rangpur,Rangpur,Rangpur Municipality Market,4066,25.75,89.25,pulses and nuts,Lentils (masur),61,KG,aggregate,Retail,98.02
2022-10-15,Rangpur,Rangpur,Rangpur Municipality Market,4066,25.75,89.25,pulses and nuts,Lentils (masur),61,KG,aggregate,Retail,97.79
2022-11-15,Rangpur,Rangpur,Rangpur Municipality Market,4066,25.75,89.25,pulses and nuts,Lentils (masur),61,KG,aggregate,Retail,101.43
2022-12-15,Rangpur,Rangpur,Rangpur Municipality Market,4066,25.75,89.25,pulses and nuts,Lentils (masur),61,KG,aggregate,Retail,102.5
2023-01-15,Rangpur,Rangpur,Rangpur Municipality Market,4066,25.75,89.25,pulses and nuts,Lentils (masur),61,KG,aggregate,Retail,102.5
2023-02-15,Rangpur,Rangpur,Rangpur Municipality Market,4066,25.75,89.25,pulses and nuts,Lentils (masur),61,KG,aggregate,Retail,106.25
2023-03-15,Rangpur,Rangpur,Rangpur Municipality Market,4066,25.75,89.25,pulses and nuts,Lentils (masur),61,KG,aggregate,Retail,102.34
2023-04-15,Rangpur,Rangpur,Rangpur Municipality Market,4066,25.75,89.25,pulses and nuts,Lentils (masur),61,KG,aggregate,Retail,97.77
2023-05-15,Rangpur,Rangpur,Rangpur Municipality Market,4066,25.75,89.25,pulses and nuts,Lentils (masur),61,KG,aggregate,Retail,97.5
2023-06-15,Rangpur,Rangpur,Rangpur Municipality Market,4066,25.75,89.25,pulses and nuts,Lentils (masur),61,KG,aggregate,Retail,97.5
2023-07-15,Rangpur,Rangpur,Rangpur Municipality Market,4066,25.75,89.25,pulses and nuts,Lentils (masur),61,KG,aggregate,Retail,97.5
2023-08-15,Rangpur,Rangpur,Rangpur Municipality Market,4066,25.75,89.25,pulses and nuts,Lentils (masur),61,KG,aggregate,Retail,96.25
2023-09-15,Rangpur,Rangpur,Rangpur Municipality Market,4066,25.75,89.25,pulses and nuts,Lentils (masur),61,KG,aggregate,Retail,97.5
2023-10-15,Rangpur,Rangpur,Rangpur Municipality Market,4066,25.75,89.25,pulses and nuts,Lentils (masur),61,KG,aggregate,Retail,100.0
2023-11-15,Rangpur,Rangpur,Rangpur Municipality Market,4066,25.75,89.25,pulses and nuts,Lentils (masur),61,KG,aggregate,Retail,105.0
2023-12-15,Rangpur,Rangpur,Rangpur Municipality Market,4066,25.75,89.25,pulses and nuts,Lentils (masur),61,KG,aggregate,Retail,107.5
2024-01-15,Rangpur,Rangpur,Rangpur Municipality Market,4066,25.75,89.25,pulses and nuts,Lentils (masur),61,KG,aggregate,Retail,107.5
2024-02-15,Rangpur,Rangpur,Rangpur Municipality Market,4066,25.75,89.25,pulses and nuts,Lentils (masur),61,KG,aggregate,Retail,107.5
2024-03-15,Rangpur,Rangpur,Rangpur Municipality Market,4066,25.75,89.25,pulses and nuts,Lentils (masur),61,KG,aggregate,Retail,107.5
2024-04-15,Rangpur,Rangpur,Rangpur Municipality Market,4066,25.75,89.25,pulses and nuts,Lentils (masur),61,KG,aggregate,Retail,107.5
2024-05-15,Rangpur,Rangpur,Rangpur Municipality Market,4066,25.75,89.25,pulses and nuts,Lentils (masur),61,KG,aggregate,Retail,107.5
2024-06-15,Rangpur,Rangpur,Rangpur Municipality Market,4066,25.75,89.25,pulses and nuts,Lentils (masur),61,KG,aggregate,Retail,135.0
2024-07-15,Rangpur,Rangpur,Rangpur Municipality Market,4066,25.75,89.25,pulses and nuts,Lentils (masur),61,KG,aggregate,Retail,111.0
2024-08-15,Rangpur,Rangpur,Rangpur Municipality Market,4066,25.75,89.25,pulses and nuts,Lentils (masur),61,KG,aggregate,Retail,112.5
2024-09-15,Rangpur,Rangpur,Rangpur Municipality Market,4066,25.75,89.25,pulses and nuts,Lentils (masur),61,KG,actual,Retail,112.5
2024-10-15,Rangpur,Rangpur,Rangpur Municipality Market,4066,25.75,89.25,pulses and nuts,Lentils (masur),61,KG,actual,Retail,110.0
2024-11-15,Rangpur,Rangpur,Rangpur Municipality Market,4066,25.75,89.25,pulses and nuts,Lentils (masur),61,KG,actual,Retail,112.5
2024-12-15,Rangpur,Rangpur,Rangpur Municipality Market,4066,25.75,89.25,pulses and nuts,Lentils (masur),61,KG,actual,Retail,112.29
2025-01-15,Rangpur,Rangpur,Rangpur Municipality Market,4066,25.75,89.25,pulses and nuts,Lentils (masur),61,KG,actual,Retail,111.0
2025-02-15,Rangpur,Rangpur,Rangpur Municipality Market,4066,25.75,89.25,pulses and nuts,Lentils (masur),61,KG,actual,Retail,111.0
2025-03-15,Rangpur,Rangpur,Rangpur Municipality Market,4066,25.75,89.25,pulses and nuts,Lentils (masur),61,KG,actual,Retail,111.0
2025-04-15,Rangpur,Rangpur,Rangpur Municipality Market,4066,25.75,89.25,pulses and nuts,Lentils (masur),61,KG,actual,Retail,109.25
2025-05-15,Rangpur,Rangpur,Rangpur Municipality Market,4066,25.75,89.25,pulses and nuts,Lentils (masur),61,KG,actual,Retail,101.07
2025-06-15,Rangpur,Rangpur,Rangpur Municipality Market,4066,25.75,89.25,pulses and nuts,Lentils (masur),61,KG,actual,Retail,98.0
2025-07-15,Rangpur,Rangpur,Rangpur Municipality Market,4066,25.75,89.25,pulses and nuts,Lentils (masur),61,KG,actual,Retail,98.34
2025-08-15,Rangpur,Rangpur,Rangpur Municipality Market,4066,25.75,89.25,pulses and nuts,Lentils (masur),61,KG,actual,Retail,107.5
2025-09-15,Rangpur,Rangpur,Rangpur Municipality Market,4066,25.75,89.25,pulses and nuts,Lentils (masur),61,KG,actual,Retail,107.5
2025-10-15,Rangpur,Rangpur,Rangpur Municipality Market,4066,25.75,89.25,pulses and nuts,Lentils (masur),61,KG,actual,Retail,106.0
2025-12-15,Rangpur,Rangpur,Rangpur Municipality Market,4066,25.75,89.25,pulses and nuts,Lentils (masur),61,KG,actual,Retail,97.5
2026-02-15,Rangpur,Rangpur,Rangpur Municipality Market,4066,25.75,89.25,pulses and nuts,Lentils (masur),61,KG,actual,Retail,97.5
2026-03-15,Rangpur,Rangpur,Rangpur Municipality Market,4066,25.75,89.25,pulses and nuts,Lentils (masur),61,KG,actual,Retail,97.5
2026-04-15,Rangpur,Rangpur,Rangpur Municipality Market,4066,25.75,89.25,pulses and nuts,Lentils (masur),61,KG,actual,Retail,97.5
2026-05-15,Rangpur,Rangpur,Rangpur Municipality Market,4066,25.75,89.25,pulses and nuts,Lentils (masur),61,KG,actual,Retail,97.5
2026-06-15,Rangpur,Rangpur,Rangpur Municipality Market,4066,25.75,89.25,pulses and nuts,Lentils (masur),61,KG,actual,Retail,97.5
2026-07-15,Rangpur,Rangpur,Rangpur Municipality Market,4066,25.75,89.25,pulses and nuts,Lentils (masur),61,KG,actual,Retail,97.5
2024-09-15,Rangpur,Rangpur,Rangpur Municipality Market,4066,25.75,89.25,"meat, fish and eggs","Meat (chicken, broiler)",89,KG,actual,Retail,180.0
2024-10-15,Rangpur,Rangpur,Rangpur Municipality Market,4066,25.75,89.25,"meat, fish and eggs","Meat (chicken, broiler)",89,KG,actual,Retail,178.75
2024-11-15,Rangpur,Rangpur,Rangpur Municipality Market,4066,25.75,89.25,"meat, fish and eggs","Meat (chicken, broiler)",89,KG,actual,Retail,170.0
2024-12-15,Rangpur,Rangpur,Rangpur Municipality Market,4066,25.75,89.25,"meat, fish and eggs","Meat (chicken, broiler)",89,KG,actual,Retail,172.98
2025-01-15,Rangpur,Rangpur,Rangpur Municipality Market,4066,25.75,89.25,"meat, fish and eggs","Meat (chicken, broiler)",89,KG,actual,Retail,187.26
2025-02-15,Rangpur,Rangpur,Rangpur Municipality Market,4066,25.75,89.25,"meat, fish and eggs","Meat (chicken, broiler)",89,KG,actual,Retail,190.75
2025-03-15,Rangpur,Rangpur,Rangpur Municipality Market,4066,25.75,89.25,"meat, fish and eggs","Meat (chicken, broiler)",89,KG,actual,Retail,188.03
2025-04-15,Rangpur,Rangpur,Rangpur Municipality Market,4066,25.75,89.25,"meat, fish and eggs","Meat (chicken, broiler)",89,KG,actual,Retail,168.33
2025-05-15,Rangpur,Rangpur,Rangpur Municipality Market,4066,25.75,89.25,"meat, fish and eggs","Meat (chicken, broiler)",89,KG,actual,Retail,164.17
2025-06-15,Rangpur,Rangpur,Rangpur Municipality Market,4066,25.75,89.25,"meat, fish and eggs","Meat (chicken, broiler)",89,KG,actual,Retail,158.57
2025-07-15,Rangpur,Rangpur,Rangpur Municipality Market,4066,25.75,89.25,"meat, fish and eggs","Meat (chicken, broiler)",89,KG,actual,Retail,157.16
2025-08-15,Rangpur,Rangpur,Rangpur Municipality Market,4066,25.75,89.25,"meat, fish and eggs","Meat (chicken, broiler)",89,KG,actual,Retail,173.75
2025-09-15,Rangpur,Rangpur,Rangpur Municipality Market,4066,25.75,89.25,"meat, fish and eggs","Meat (chicken, broiler)",89,KG,actual,Retail,177.05
2025-10-15,Rangpur,Rangpur,Rangpur Municipality Market,4066,25.75,89.25,"meat, fish and eggs","Meat (chicken, broiler)",89,KG,actual,Retail,177.5
2025-12-15,Rangpur,Rangpur,Rangpur Municipality Market,4066,25.75,89.25,"meat, fish and eggs","Meat (chicken, broiler)",89,KG,actual,Retail,163.5
2026-02-15,Rangpur,Rangpur,Rangpur Municipality Market,4066,25.75,89.25,"meat, fish and eggs","Meat (chicken, broiler)",89,KG,actual,Retail,183.97
2026-03-15,Rangpur,Rangpur,Rangpur Municipality Market,4066,25.75,89.25,"meat, fish and eggs","Meat (chicken, broiler)",89,KG,actual,Retail,192.5
2026-04-15,Rangpur,Rangpur,Rangpur Municipality Market,4066,25.75,89.25,"meat, fish and eggs","Meat (chicken, broiler)",89,KG,actual,Retail,191.79
2026-05-15,Rangpur,Rangpur,Rangpur Municipality Market,4066,25.75,89.25,"meat, fish and eggs","Meat (chicken, broiler)",89,KG,actual,Retail,173.68
2026-06-15,Rangpur,Rangpur,Rangpur Municipality Market,4066,25.75,89.25,"meat, fish and eggs","Meat (chicken, broiler)",89,KG,actual,Retail,159.1
2026-07-15,Rangpur,Rangpur,Rangpur Municipality Market,4066,25.75,89.25,"meat, fish and eggs","Meat (chicken, broiler)",89,KG,actual,Retail,173.0
2020-08-15,Rangpur,Rangpur,Rangpur Municipality Market,4066,25.75,89.25,oil and fats,Oil (palm),62,L,aggregate,Retail,69.61
2020-09-15,Rangpur,Rangpur,Rangpur Municipality Market,4066,25.75,89.25,oil and fats,Oil (palm),62,L,aggregate,Retail,77.75
2020-10-15,Rangpur,Rangpur,Rangpur Municipality Market,4066,25.75,89.25,oil and fats,Oil (palm),62,L,aggregate,Retail,85.32
2020-11-15,Rangpur,Rangpur,Rangpur Municipality Market,4066,25.75,89.25,oil and fats,Oil (palm),62,L,aggregate,Retail,85.61
2020-12-15,Rangpur,Rangpur,Rangpur Municipality Market,4066,25.75,89.25,oil and fats,Oil (palm),62,L,aggregate,Retail,89.12
2021-01-15,Rangpur,Rangpur,Rangpur Municipality Market,4066,25.75,89.25,oil and fats,Oil (palm),62,L,aggregate,Retail,99.5
2021-02-15,Rangpur,Rangpur,Rangpur Municipality Market,4066,25.75,89.25,oil and fats,Oil (palm),62,L,aggregate,Retail,102.38
2021-03-15,Rangpur,Rangpur,Rangpur Municipality Market,4066,25.75,89.25,oil and fats,Oil (palm),62,L,aggregate,Retail,106.91
2021-04-15,Rangpur,Rangpur,Rangpur Municipality Market,4066,25.75,89.25,oil and fats,Oil (palm),62,L,aggregate,Retail,108.11
2021-06-15,Rangpur,Rangpur,Rangpur Municipality Market,4066,25.75,89.25,oil and fats,Oil (palm),62,L,aggregate,Retail,121.29
2021-07-15,Rangpur,Rangpur,Rangpur Municipality Market,4066,25.75,89.25,oil and fats,Oil (palm),62,L,aggregate,Retail,112.96
2021-08-15,Rangpur,Rangpur,Rangpur Municipality Market,4066,25.75,89.25,oil and fats,Oil (palm),62,L,aggregate,Retail,120.01
2021-09-15,Rangpur,Rangpur,Rangpur Municipality Market,4066,25.75,89.25,oil and fats,Oil (palm),62,L,aggregate,Retail,128.54
2021-10-15,Rangpur,Rangpur,Rangpur Municipality Market,4066,25.75,89.25,oil and fats,Oil (palm),62,L,aggregate,Retail,134.77
2021-11-15,Rangpur,Rangpur,Rangpur Municipality Market,4066,25.75,89.25,oil and fats,Oil (palm),62,L,aggregate,Retail,141.07
2021-12-15,Rangpur,Rangpur,Rangpur Municipality Market,4066,25.75,89.25,oil and fats,Oil (palm),62,L,aggregate,Retail,136.69
2022-01-15,Rangpur,Rangpur,Rangpur Municipality Market,4066,25.75,89.25,oil and fats,Oil (palm),62,L,aggregate,Retail,130.01
2022-02-15,Rangpur,Rangpur,Rangpur Municipality Market,4066,25.75,89.25,oil and fats,Oil (palm),62,L,aggregate,Retail,141.0
2022-03-15,Rangpur,Rangpur,Rangpur Municipality Market,4066,25.75,89.25,oil and fats,Oil (palm),62,L,aggregate,Retail,153.91
2022-05-15,Rangpur,Rangpur,Rangpur Municipality Market,4066,25.75,89.25,oil and fats,Oil (palm),62,L,aggregate,Retail,162.5
2022-06-15,Rangpur,Rangpur,Rangpur Municipality Market,4066,25.75,89.25,oil and fats,Oil (palm),62,L,aggregate,Retail,173.29
2022-07-15,Rangpur,Rangpur,Rangpur Municipality Market,4066,25.75,89.25,oil and fats,Oil (palm),62,L,aggregate,Retail,153.15
2022-08-15,Rangpur,Rangpur,Rangpur Municipality Market,4066,25.75,89.25,oil and fats,Oil (palm),62,L,aggregate,Retail,141.27
2022-09-15,Rangpur,Rangpur,Rangpur Municipality Market,4066,25.75,89.25,oil and fats,Oil (palm),62,L,aggregate,Retail,144.11
2022-10-15,Rangpur,Rangpur,Rangpur Municipality Market,4066,25.75,89.25,oil and fats,Oil (palm),62,L,aggregate,Retail,126.87
2022-11-15,Rangpur,Rangpur,Rangpur Municipality Market,4066,25.75,89.25,oil and fats,Oil (palm),62,L,aggregate,Retail,129.15
2022-12-15,Rangpur,Rangpur,Rangpur Municipality Market,4066,25.75,89.25,oil and fats,Oil (palm),62,L,aggregate,Retail,122.06
2023-01-15,Rangpur,Rangpur,Rangpur Municipality Market,4066,25.75,89.25,oil and fats,Oil (palm),62,L,aggregate,Retail,121.0
2023-02-15,Rangpur,Rangpur,Rangpur Municipality Market,4066,25.75,89.25,oil and fats,Oil (palm),62,L,aggregate,Retail,122.27
2023-03-15,Rangpur,Rangpur,Rangpur Municipality Market,4066,25.75,89.25,oil and fats,Oil (palm),62,L,aggregate,Retail,122.82
2023-05-15,Rangpur,Rangpur,Rangpur Municipality Market,4066,25.75,89.25,oil and fats,Oil (palm),62,L,aggregate,Retail,132.52
2023-06-15,Rangpur,Rangpur,Rangpur Municipality Market,4066,25.75,89.25,oil and fats,Oil (palm),62,L,aggregate,Retail,127.48
2023-07-15,Rangpur,Rangpur,Rangpur Municipality Market,4066,25.75,89.25,oil and fats,Oil (palm),62,L,aggregate,Retail,124.0
2023-08-15,Rangpur,Rangpur,Rangpur Municipality Market,4066,25.75,89.25,oil and fats,Oil (palm),62,L,aggregate,Retail,125.0
2023-09-15,Rangpur,Rangpur,Rangpur Municipality Market,4066,25.75,89.25,oil and fats,Oil (palm),62,L,aggregate,Retail,126.0
2023-10-15,Rangpur,Rangpur,Rangpur Municipality Market,4066,25.75,89.25,oil and fats,Oil (palm),62,L,aggregate,Retail,125.75
2023-11-15,Rangpur,Rangpur,Rangpur Municipality Market,4066,25.75,89.25,oil and fats,Oil (palm),62,L,aggregate,Retail,126.0
2024-01-15,Rangpur,Rangpur,Rangpur Municipality Market,4066,25.75,89.25,oil and fats,Oil (palm),62,L,aggregate,Retail,126.0
2024-02-15,Rangpur,Rangpur,Rangpur Municipality Market,4066,25.75,89.25,oil and fats,Oil (palm),62,L,aggregate,Retail,126.0
2024-03-15,Rangpur,Rangpur,Rangpur Municipality Market,4066,25.75,89.25,oil and fats,Oil (palm),62,L,aggregate,Retail,126.3
2024-05-15,Rangpur,Rangpur,Rangpur Municipality Market,4066,25.75,89.25,oil and fats,Oil (palm),62,L,aggregate,Retail,131.0
2024-06-15,Rangpur,Rangpur,Rangpur Municipality Market,4066,25.75,89.25,oil and fats,Oil (palm),62,L,aggregate,Retail,130.0
2024-07-15,Rangpur,Rangpur,Rangpur Municipality Market,4066,25.75,89.25,oil and fats,Oil (palm),62,L,aggregate,Retail,130.0
2024-08-15,Rangpur,Rangpur,Rangpur Municipality Market,4066,25.75,89.25,oil and fats,Oil (palm),62,L,aggregate,Retail,135.0
2024-09-15,Rangpur,Rangpur,Rangpur Municipality Market,4066,25.75,89.25,oil and fats,Oil (palm),62,L,actual,Retail,137.5
2024-10-15,Rangpur,Rangpur,Rangpur Municipality Market,4066,25.75,89.25,oil and fats,Oil (palm),62,L,actual,Retail,148.75
2024-11-15,Rangpur,Rangpur,Rangpur Municipality Market,4066,25.75,89.25,oil and fats,Oil (palm),62,L,actual,Retail,161.3
2024-12-15,Rangpur,Rangpur,Rangpur Municipality Market,4066,25.75,89.25,oil and fats,Oil (palm),62,L,actual,Retail,162.21
2025-01-15,Rangpur,Rangpur,Rangpur Municipality Market,4066,25.75,89.25,oil and fats,Oil (palm),62,L,actual,Retail,163.0
2025-02-15,Rangpur,Rangpur,Rangpur Municipality Market,4066,25.75,89.25,oil and fats,Oil (palm),62,L,actual,Retail,158.15
2025-03-15,Rangpur,Rangpur,Rangpur Municipality Market,4066,25.75,89.25,oil and fats,Oil (palm),62,L,actual,Retail,155.32
2025-05-15,Rangpur,Rangpur,Rangpur Municipality Market,4066,25.75,89.25,oil and fats,Oil (palm),62,L,actual,Retail,151.57
2025-06-15,Rangpur,Rangpur,Rangpur Municipality Market,4066,25.75,89.25,oil and fats,Oil (palm),62,L,actual,Retail,153.06
2025-07-15,Rangpur,Rangpur,Rangpur Municipality Market,4066,25.75,89.25,oil and fats,Oil (palm),62,L,actual,Retail,153.5
2025-08-15,Rangpur,Rangpur,Rangpur Municipality Market,4066,25.75,89.25,oil and fats,Oil (palm),62,L,actual,Retail,154.4
2025-09-15,Rangpur,Rangpur,Rangpur Municipality Market,4066,25.75,89.25,oil and fats,Oil (palm),62,L,actual,Retail,158.05
2025-10-15,Rangpur,Rangpur,Rangpur Municipality Market,4066,25.75,89.25,oil and fats,Oil (palm),62,L,actual,Retail,159.38
2025-12-15,Rangpur,Rangpur,Rangpur Municipality Market,4066,25.75,89.25,oil and fats,Oil (palm),62,L,actual,Retail,156.25
2026-01-15,Rangpur,Rangpur,Rangpur Municipality Market,4066,25.75,89.25,oil and fats,Oil (palm),62,L,actual,Retail,156.21
2026-02-15,Rangpur,Rangpur,Rangpur Municipality Market,4066,25.75,89.25,oil and fats,Oil (palm),62,L,actual,Retail,158.26
2026-04-15,Rangpur,Rangpur,Rangpur Municipality Market,4066,25.75,89.25,oil and fats,Oil (palm),62,L,actual,Retail,170.4
2026-05-15,Rangpur,Rangpur,Rangpur Municipality Market,4066,25.75,89.25,oil and fats,Oil (palm),62,L,actual,Retail,171.5
2026-06-15,Rangpur,Rangpur,Rangpur Municipality Market,4066,25.75,89.25,oil and fats,Oil (palm),62,L,actual,Retail,171.5
2026-07-15,Rangpur,Rangpur,Rangpur Municipality Market,4066,25.75,89.25,oil and fats,Oil (palm),62,L,actual,Retail,170.7
2024-09-15,Rangpur,Rangpur,Rangpur Municipality Market,4066,25.75,89.25,oil and fats,"Oil (soybean, fortified)",1282,L,actual,Retail,151.0
2024-10-15,Rangpur,Rangpur,Rangpur Municipality Market,4066,25.75,89.25,oil and fats,"Oil (soybean, fortified)",1282,L,actual,Retail,159.0
2024-11-15,Rangpur,Rangpur,Rangpur Municipality Market,4066,25.75,89.25,oil and fats,"Oil (soybean, fortified)",1282,L,actual,Retail,168.5
2024-12-15,Rangpur,Rangpur,Rangpur Municipality Market,4066,25.75,89.25,oil and fats,"Oil (soybean, fortified)",1282,L,actual,Retail,171.4
2025-01-15,Rangpur,Rangpur,Rangpur Municipality Market,4066,25.75,89.25,oil and fats,"Oil (soybean, fortified)",1282,L,actual,Retail,174.98
2025-02-15,Rangpur,Rangpur,Rangpur Municipality Market,4066,25.75,89.25,oil and fats,"Oil (soybean, fortified)",1282,L,actual,Retail,183.35
2025-03-15,Rangpur,Rangpur,Rangpur Municipality Market,4066,25.75,89.25,oil and fats,"Oil (soybean, fortified)",1282,L,actual,Retail,171.08
2025-04-15,Rangpur,Rangpur,Rangpur Municipality Market,4066,25.75,89.25,oil and fats,"Oil (soybean, fortified)",1282,L,actual,Retail,168.81
2025-05-15,Rangpur,Rangpur,Rangpur Municipality Market,4066,25.75,89.25,oil and fats,"Oil (soybean, fortified)",1282,L,actual,Retail,167.19
2025-06-15,Rangpur,Rangpur,Rangpur Municipality Market,4066,25.75,89.25,oil and fats,"Oil (soybean, fortified)",1282,L,actual,Retail,164.63
2025-07-15,Rangpur,Rangpur,Rangpur Municipality Market,4066,25.75,89.25,oil and fats,"Oil (soybean, fortified)",1282,L,actual,Retail,165.55
2025-08-15,Rangpur,Rangpur,Rangpur Municipality Market,4066,25.75,89.25,oil and fats,"Oil (soybean, fortified)",1282,L,actual,Retail,170.88
2025-09-15,Rangpur,Rangpur,Rangpur Municipality Market,4066,25.75,89.25,oil and fats,"Oil (soybean, fortified)",1282,L,actual,Retail,175.34
2025-10-15,Rangpur,Rangpur,Rangpur Municipality Market,4066,25.75,89.25,oil and fats,"Oil (soybean, fortified)",1282,L,actual,Retail,177.32
2025-12-15,Rangpur,Rangpur,Rangpur Municipality Market,4066,25.75,89.25,oil and fats,"Oil (soybean, fortified)",1282,L,actual,Retail,179.4
2026-02-15,Rangpur,Rangpur,Rangpur Municipality Market,4066,25.75,89.25,oil and fats,"Oil (soybean, fortified)",1282,L,actual,Retail,185.38
2026-03-15,Rangpur,Rangpur,Rangpur Municipality Market,4066,25.75,89.25,oil and fats,"Oil (soybean, fortified)",1282,L,actual,Retail,191.06
2026-04-15,Rangpur,Rangpur,Rangpur Municipality Market,4066,25.75,89.25,oil and fats,"Oil (soybean, fortified)",1282,L,actual,Retail,194.05
2026-05-15,Rangpur,Rangpur,Rangpur Municipality Market,4066,25.75,89.25,oil and fats,"Oil (soybean, fortified)",1282,L,actual,Retail,194.0
2026-06-15,Rangpur,Rangpur,Rangpur Municipality Market,4066,25.75,89.25,oil and fats,"Oil (soybean, fortified)",1282,L,actual,Retail,194.0
2026-07-15,Rangpur,Rangpur,Rangpur Municipality Market,4066,25.75,89.25,oil and fats,"Oil (soybean, fortified)",1282,L,actual,Retail,192.7
2024-09-15,Rangpur,Rangpur,Rangpur Municipality Market,4066,25.75,89.25,vegetables and fruits,"Onions (imported, China)",1108,KG,actual,Retail,97.5
2024-10-15,Rangpur,Rangpur,Rangpur Municipality Market,4066,25.75,89.25,vegetables and fruits,"Onions (imported, China)",1108,KG,actual,Retail,101.25
2024-11-15,Rangpur,Rangpur,Rangpur Municipality Market,4066,25.75,89.25,vegetables and fruits,"Onions (imported, China)",1108,KG,actual,Retail,105.0
2024-12-15,Rangpur,Rangpur,Rangpur Municipality Market,4066,25.75,89.25,vegetables and fruits,"Onions (imported, China)",1108,KG,actual,Retail,72.33
2025-01-15,Rangpur,Rangpur,Rangpur Municipality Market,4066,25.75,89.25,vegetables and fruits,"Onions (imported, China)",1108,KG,actual,Retail,48.43
2025-02-15,Rangpur,Rangpur,Rangpur Municipality Market,4066,25.75,89.25,vegetables and fruits,"Onions (imported, China)",1108,KG,actual,Retail,40.75
2025-03-15,Rangpur,Rangpur,Rangpur Municipality Market,4066,25.75,89.25,vegetables and fruits,"Onions (imported, China)",1108,KG,actual,Retail,32.45
2025-04-15,Rangpur,Rangpur,Rangpur Municipality Market,4066,25.75,89.25,vegetables and fruits,"Onions (imported, China)",1108,KG,actual,Retail,38.33
2025-08-15,Rangpur,Rangpur,Rangpur Municipality Market,4066,25.75,89.25,vegetables and fruits,"Onions (imported, China)",1108,KG,actual,Retail,66.17
2025-09-15,Rangpur,Rangpur,Rangpur Municipality Market,4066,25.75,89.25,vegetables and fruits,"Onions (imported, China)",1108,KG,actual,Retail,66.5
2025-12-15,Rangpur,Rangpur,Rangpur Municipality Market,4066,25.75,89.25,vegetables and fruits,"Onions (imported, China)",1108,KG,actual,Retail,60.63
2026-01-15,Rangpur,Rangpur,Rangpur Municipality Market,4066,25.75,89.25,vegetables and fruits,"Onions (imported, China)",1108,KG,actual,Retail,55.94
2024-09-15,Rangpur,Rangpur,Rangpur Municipality Market,4066,25.75,89.25,vegetables and fruits,Papaya (green),1114,KG,actual,Retail,27.5
2024-10-15,Rangpur,Rangpur,Rangpur Municipality Market,4066,25.75,89.25,vegetables and fruits,Papaya (green),1114,KG,actual,Retail,27.5
2024-11-15,Rangpur,Rangpur,Rangpur Municipality Market,4066,25.75,89.25,vegetables and fruits,Papaya (green),1114,KG,actual,Retail,27.5
2024-12-15,Rangpur,Rangpur,Rangpur Municipality Market,4066,25.75,89.25,vegetables and fruits,Papaya (green),1114,KG,actual,Retail,31.79
2025-01-15,Rangpur,Rangpur,Rangpur Municipality Market,4066,25.75,89.25,vegetables and fruits,Papaya (green),1114,KG,actual,Retail,33.93
2025-02-15,Rangpur,Rangpur,Rangpur Municipality Market,4066,25.75,89.25,vegetables and fruits,Papaya (green),1114,KG,actual,Retail,32.5
2025-03-15,Rangpur,Rangpur,Rangpur Municipality Market,4066,25.75,89.25,vegetables and fruits,Papaya (green),1114,KG,actual,Retail,29.61
2025-04-15,Rangpur,Rangpur,Rangpur Municipality Market,4066,25.75,89.25,vegetables and fruits,Papaya (green),1114,KG,actual,Retail,41.81
2025-05-15,Rangpur,Rangpur,Rangpur Municipality Market,4066,25.75,89.25,vegetables and fruits,Papaya (green),1114,KG,actual,Retail,58.1
2025-06-15,Rangpur,Rangpur,Rangpur Municipality Market,4066,25.75,89.25,vegetables and fruits,Papaya (green),1114,KG,actual,Retail,48.58
2025-07-15,Rangpur,Rangpur,Rangpur Municipality Market,4066,25.75,89.25,vegetables and fruits,Papaya (green),1114,KG,actual,Retail,27.95
2025-08-15,Rangpur,Rangpur,Rangpur Municipality Market,4066,25.75,89.25,vegetables and fruits,Papaya (green),1114,KG,actual,Retail,25.0
2025-09-15,Rangpur,Rangpur,Rangpur Municipality Market,4066,25.75,89.25,vegetables and fruits,Papaya (green),1114,KG,actual,Retail,20.68
2025-10-15,Rangpur,Rangpur,Rangpur Municipality Market,4066,25.75,89.25,vegetables and fruits,Papaya (green),1114,KG,actual,Retail,17.5
2025-12-15,Rangpur,Rangpur,Rangpur Municipality Market,4066,25.75,89.25,vegetables and fruits,Papaya (green),1114,KG,actual,Retail,22.5
2026-02-15,Rangpur,Rangpur,Rangpur Municipality Market,4066,25.75,89.25,vegetables and fruits,Papaya (green),1114,KG,actual,Retail,22.5
2026-03-15,Rangpur,Rangpur,Rangpur Municipality Market,4066,25.75,89.25,vegetables and fruits,Papaya (green),1114,KG,actual,Retail,25.44
2026-04-15,Rangpur,Rangpur,Rangpur Municipality Market,4066,25.75,89.25,vegetables and fruits,Papaya (green),1114,KG,actual,Retail,39.4
2026-05-15,Rangpur,Rangpur,Rangpur Municipality Market,4066,25.75,89.25,vegetables and fruits,Papaya (green),1114,KG,actual,Retail,50.74
2026-06-15,Rangpur,Rangpur,Rangpur Municipality Market,4066,25.75,89.25,vegetables and fruits,Papaya (green),1114,KG,actual,Retail,43.6
2026-07-15,Rangpur,Rangpur,Rangpur Municipality Market,4066,25.75,89.25,vegetables and fruits,Papaya (green),1114,KG,actual,Retail,36.8
2020-09-15,Rangpur,Rangpur,Rangpur Municipality Market,4066,25.75,89.25,cereals and tubers,Rice (coarse),60,KG,aggregate,Retail,39.5
2021-06-15,Rangpur,Rangpur,Rangpur Municipality Market,4066,25.75,89.25,cereals and tubers,Rice (coarse),60,KG,aggregate,Retail,44.38
2021-07-15,Rangpur,Rangpur,Rangpur Municipality Market,4066,25.75,89.25,cereals and tubers,Rice (coarse),60,KG,aggregate,Retail,43.51
2021-08-15,Rangpur,Rangpur,Rangpur Municipality Market,4066,25.75,89.25,cereals and tubers,Rice (coarse),60,KG,aggregate,Retail,43.38
2021-09-15,Rangpur,Rangpur,Rangpur Municipality Market,4066,25.75,89.25,cereals and tubers,Rice (coarse),60,KG,aggregate,Retail,42.5
2021-10-15,Rangpur,Rangpur,Rangpur Municipality Market,4066,25.75,89.25,cereals and tubers,Rice (coarse),60,KG,aggregate,Retail,40.74
2021-11-15,Rangpur,Rangpur,Rangpur Municipality Market,4066,25.75,89.25,cereals and tubers,Rice (coarse),60,KG,aggregate,Retail,41.52
2022-05-15,Rangpur,Rangpur,Rangpur Municipality Market,4066,25.75,89.25,cereals and tubers,Rice (coarse),60,KG,aggregate,Retail,46.4
2022-06-15,Rangpur,Rangpur,Rangpur Municipality Market,4066,25.75,89.25,cereals and tubers,Rice (coarse),60,KG,aggregate,Retail,45.76
2022-07-15,Rangpur,Rangpur,Rangpur Municipality Market,4066,25.75,89.25,cereals and tubers,Rice (coarse),60,KG,aggregate,Retail,44.99
2022-08-15,Rangpur,Rangpur,Rangpur Municipality Market,4066,25.75,89.25,cereals and tubers,Rice (coarse),60,KG,aggregate,Retail,48.14
2022-09-15,Rangpur,Rangpur,Rangpur Municipality Market,4066,25.75,89.25,cereals and tubers,Rice (coarse),60,KG,aggregate,Retail,48.98
2022-10-15,Rangpur,Rangpur,Rangpur Municipality Market,4066,25.75,89.25,cereals and tubers,Rice (coarse),60,KG,aggregate,Retail,49.22
2022-11-15,Rangpur,Rangpur,Rangpur Municipality Market,4066,25.75,89.25,cereals and tubers,Rice (coarse),60,KG,aggregate,Retail,49.62
2022-12-15,Rangpur,Rangpur,Rangpur Municipality Market,4066,25.75,89.25,cereals and tubers,Rice (coarse),60,KG,aggregate,Retail,49.5
2023-05-15,Rangpur,Rangpur,Rangpur Municipality Market,4066,25.75,89.25,cereals and tubers,Rice (coarse),60,KG,aggregate,Retail,43.0
2023-06-15,Rangpur,Rangpur,Rangpur Municipality Market,4066,25.75,89.25,cereals and tubers,Rice (coarse),60,KG,aggregate,Retail,43.0
2023-07-15,Rangpur,Rangpur,Rangpur Municipality Market,4066,25.75,89.25,cereals and tubers,Rice (coarse),60,KG,aggregate,Retail,43.0
2023-08-15,Rangpur,Rangpur,Rangpur Municipality Market,4066,25.75,89.25,cereals and tubers,Rice (coarse),60,KG,aggregate,Retail,45.5
2023-09-15,Rangpur,Rangpur,Rangpur Municipality Market,4066,25.75,89.25,cereals and tubers,Rice (coarse),60,KG,aggregate,Retail,44.5
2023-10-15,Rangpur,Rangpur,Rangpur Municipality Market,4066,25.75,89.25,cereals and tubers,Rice (coarse),60,KG,aggregate,Retail,46.0
2023-11-15,Rangpur,Rangpur,Rangpur Municipality Market,4066,25.75,89.25,cereals and tubers,Rice (coarse),60,KG,aggregate,Retail,43.0
2023-12-15,Rangpur,Rangpur,Rangpur Municipality Market,4066,25.75,89.25,cereals and tubers,Rice (coarse),60,KG,aggregate,Retail,45.0
2024-01-15,Rangpur,Rangpur,Rangpur Municipality Market,4066,25.75,89.25,cereals and tubers,Rice (coarse),60,KG,aggregate,Retail,46.3
2024-02-15,Rangpur,Rangpur,Rangpur Municipality Market,4066,25.75,89.25,cereals and tubers,Rice (coarse),60,KG,aggregate,Retail,44.5
2024-03-15,Rangpur,Rangpur,Rangpur Municipality Market,4066,25.75,89.25,cereals and tubers,Rice (coarse),60,KG,aggregate,Retail,47.3
2024-04-15,Rangpur,Rangpur,Rangpur Municipality Market,4066,25.75,89.25,cereals and tubers,Rice (coarse),60,KG,aggregate,Retail,47.3
2024-05-15,Rangpur,Rangpur,Rangpur Municipality Market,4066,25.75,89.25,cereals and tubers,Rice (coarse),60,KG,aggregate,Retail,49.0
2024-08-15,Rangpur,Rangpur,Rangpur Municipality Market,4066,25.75,89.25,cereals and tubers,Rice (coarse),60,KG,aggregate,Retail,51.3
2024-09-15,Rangpur,Rangpur,Rangpur Municipality Market,4066,25.75,89.25,cereals and tubers,Rice (coarse),60,KG,actual,Retail,53.0
2024-10-15,Rangpur,Rangpur,Rangpur Municipality Market,4066,25.75,89.25,cereals and tubers,Rice (coarse),60,KG,actual,Retail,47.75
2024-11-15,Rangpur,Rangpur,Rangpur Municipality Market,4066,25.75,89.25,cereals and tubers,Rice (coarse),60,KG,actual,Retail,54.0
2024-12-15,Rangpur,Rangpur,Rangpur Municipality Market,4066,25.75,89.25,cereals and tubers,Rice (coarse),60,KG,actual,Retail,51.53
2025-07-15,Rangpur,Rangpur,Rangpur Municipality Market,4066,25.75,89.25,cereals and tubers,Rice (coarse),60,KG,actual,Retail,54.5
2025-08-15,Rangpur,Rangpur,Rangpur Municipality Market,4066,25.75,89.25,cereals and tubers,Rice (coarse),60,KG,actual,Retail,54.48
2025-09-15,Rangpur,Rangpur,Rangpur Municipality Market,4066,25.75,89.25,cereals and tubers,Rice (coarse),60,KG,actual,Retail,52.86
2025-10-15,Rangpur,Rangpur,Rangpur Municipality Market,4066,25.75,89.25,cereals and tubers,Rice (coarse),60,KG,actual,Retail,49.52
2025-12-15,Rangpur,Rangpur,Rangpur Municipality Market,4066,25.75,89.25,cereals and tubers,Rice (coarse),60,KG,actual,Retail,49.0
2026-02-15,Rangpur,Rangpur,Rangpur Municipality Market,4066,25.75,89.25,cereals and tubers,Rice (coarse),60,KG,actual,Retail,47.0
2026-03-15,Rangpur,Rangpur,Rangpur Municipality Market,4066,25.75,89.25,cereals and tubers,Rice (coarse),60,KG,actual,Retail,47.0
2026-04-15,Rangpur,Rangpur,Rangpur Municipality Market,4066,25.75,89.25,cereals and tubers,Rice (coarse),60,KG,actual,Retail,47.0
2026-05-15,Rangpur,Rangpur,Rangpur Municipality Market,4066,25.75,89.25,cereals and tubers,Rice (coarse),60,KG,actual,Retail,46.5
2026-06-15,Rangpur,Rangpur,Rangpur Municipality Market,4066,25.75,89.25,cereals and tubers,Rice (coarse),60,KG,actual,Retail,46.5
2026-07-15,Rangpur,Rangpur,Rangpur Municipality Market,4066,25.75,89.25,cereals and tubers,Rice (coarse),60,KG,actual,Retail,46.5
2024-09-15,Rangpur,Rangpur,Rangpur Municipality Market,4066,25.75,89.25,vegetables and fruits,Snake gourd,675,KG,actual,Retail,35.0
2024-10-15,Rangpur,Rangpur,Rangpur Municipality Market,4066,25.75,89.25,vegetables and fruits,Snake gourd,675,KG,actual,Retail,35.0
2025-04-15,Rangpur,Rangpur,Rangpur Municipality Market,4066,25.75,89.25,vegetables and fruits,Snake gourd,675,KG,actual,Retail,42.5
2025-05-15,Rangpur,Rangpur,Rangpur Municipality Market,4066,25.75,89.25,vegetables and fruits,Snake gourd,675,KG,actual,Retail,32.26
2025-06-15,Rangpur,Rangpur,Rangpur Municipality Market,4066,25.75,89.25,vegetables and fruits,Snake gourd,675,KG,actual,Retail,29.88
2025-07-15,Rangpur,Rangpur,Rangpur Municipality Market,4066,25.75,89.25,vegetables and fruits,Snake gourd,675,KG,actual,Retail,27.95
2025-08-15,Rangpur,Rangpur,Rangpur Municipality Market,4066,25.75,89.25,vegetables and fruits,Snake gourd,675,KG,actual,Retail,34.5
2025-09-15,Rangpur,Rangpur,Rangpur Municipality Market,4066,25.75,89.25,vegetables and fruits,Snake gourd,675,KG,actual,Retail,48.41
2025-10-15,Rangpur,Rangpur,Rangpur Municipality Market,4066,25.75,89.25,vegetables and fruits,Snake gourd,675,KG,actual,Retail,46.25
2025-12-15,Rangpur,Rangpur,Rangpur Municipality Market,4066,25.75,89.25,vegetables and fruits,Snake gourd,675,KG,actual,Retail,42.5
2026-03-15,Rangpur,Rangpur,Rangpur Municipality Market,4066,25.75,89.25,vegetables and fruits,Snake gourd,675,KG,actual,Retail,47.5
2026-04-15,Rangpur,Rangpur,Rangpur Municipality Market,4066,25.75,89.25,vegetables and fruits,Snake gourd,675,KG,actual,Retail,53.57
2026-05-15,Rangpur,Rangpur,Rangpur Municipality Market,4066,25.75,89.25,vegetables and fruits,Snake gourd,675,KG,actual,Retail,51.32
2026-06-15,Rangpur,Rangpur,Rangpur Municipality Market,4066,25.75,89.25,vegetables and fruits,Snake gourd,675,KG,actual,Retail,39.8
2026-07-15,Rangpur,Rangpur,Rangpur Municipality Market,4066,25.75,89.25,vegetables and fruits,Snake gourd,675,KG,actual,Retail,43.0
2024-10-15,Rangpur,Rangpur,Rangpur Municipality Market,4066,25.75,89.25,vegetables and fruits,Spinach (malabar),1297,KG,actual,Retail,20.0
2024-10-15,Rangpur,Rangpur,Rangpur Municipality Market,4066,25.75,89.25,vegetables and fruits,Spinach (red),1296,KG,actual,Retail,25.0
2020-08-15,Rangpur,Rangpur,Rangpur Municipality Market,4066,25.75,89.25,cereals and tubers,Wheat flour,58,KG,aggregate,Retail,32.5
2020-09-15,Rangpur,Rangpur,Rangpur Municipality Market,4066,25.75,89.25,cereals and tubers,Wheat flour,58,KG,aggregate,Retail,31.87
2020-10-15,Rangpur,Rangpur,Rangpur Municipality Market,4066,25.75,89.25,cereals and tubers,Wheat flour,58,KG,aggregate,Retail,32.96
2020-11-15,Rangpur,Rangpur,Rangpur Municipality Market,4066,25.75,89.25,cereals and tubers,Wheat flour,58,KG,aggregate,Retail,32.99
2020-12-15,Rangpur,Rangpur,Rangpur Municipality Market,4066,25.75,89.25,cereals and tubers,Wheat flour,58,KG,aggregate,Retail,32.34
2021-01-15,Rangpur,Rangpur,Rangpur Municipality Market,4066,25.75,89.25,cereals and tubers,Wheat flour,58,KG,aggregate,Retail,33.5
2021-02-15,Rangpur,Rangpur,Rangpur Municipality Market,4066,25.75,89.25,cereals and tubers,Wheat flour,58,KG,aggregate,Retail,33.04
2021-03-15,Rangpur,Rangpur,Rangpur Municipality Market,4066,25.75,89.25,cereals and tubers,Wheat flour,58,KG,aggregate,Retail,33.47
2021-04-15,Rangpur,Rangpur,Rangpur Municipality Market,4066,25.75,89.25,cereals and tubers,Wheat flour,58,KG,aggregate,Retail,32.66
2021-05-15,Rangpur,Rangpur,Rangpur Municipality Market,4066,25.75,89.25,cereals and tubers,Wheat flour,58,KG,aggregate,Retail,32.37
2021-06-15,Rangpur,Rangpur,Rangpur Municipality Market,4066,25.75,89.25,cereals and tubers,Wheat flour,58,KG,aggregate,Retail,31.72
2021-07-15,Rangpur,Rangpur,Rangpur Municipality Market,4066,25.75,89.25,cereals and tubers,Wheat flour,58,KG,aggregate,Retail,33.53
2021-08-15,Rangpur,Rangpur,Rangpur Municipality Market,4066,25.75,89.25,cereals and tubers,Wheat flour,58,KG,aggregate,Retail,33.81
2021-09-15,Rangpur,Rangpur,Rangpur Municipality Market,4066,25.75,89.25,cereals and tubers,Wheat flour,58,KG,aggregate,Retail,32.78
2021-10-15,Rangpur,Rangpur,Rangpur Municipality Market,4066,25.75,89.25,cereals and tubers,Wheat flour,58,KG,aggregate,Retail,33.37
2021-11-15,Rangpur,Rangpur,Rangpur Municipality Market,4066,25.75,89.25,cereals and tubers,Wheat flour,58,KG,aggregate,Retail,34.9
2021-12-15,Rangpur,Rangpur,Rangpur Municipality Market,4066,25.75,89.25,cereals and tubers,Wheat flour,58,KG,aggregate,Retail,37.53
2022-01-15,Rangpur,Rangpur,Rangpur Municipality Market,4066,25.75,89.25,cereals and tubers,Wheat flour,58,KG,aggregate,Retail,40.72
2022-02-15,Rangpur,Rangpur,Rangpur Municipality Market,4066,25.75,89.25,cereals and tubers,Wheat flour,58,KG,aggregate,Retail,38.86
2022-03-15,Rangpur,Rangpur,Rangpur Municipality Market,4066,25.75,89.25,cereals and tubers,Wheat flour,58,KG,aggregate,Retail,37.73
2022-04-15,Rangpur,Rangpur,Rangpur Municipality Market,4066,25.75,89.25,cereals and tubers,Wheat flour,58,KG,aggregate,Retail,38.74
2022-05-15,Rangpur,Rangpur,Rangpur Municipality Market,4066,25.75,89.25,cereals and tubers,Wheat flour,58,KG,aggregate,Retail,41.94
2022-06-15,Rangpur,Rangpur,Rangpur Municipality Market,4066,25.75,89.25,cereals and tubers,Wheat flour,58,KG,aggregate,Retail,45.44
2022-07-15,Rangpur,Rangpur,Rangpur Municipality Market,4066,25.75,89.25,cereals and tubers,Wheat flour,58,KG,aggregate,Retail,44.88
2022-08-15,Rangpur,Rangpur,Rangpur Municipality Market,4066,25.75,89.25,cereals and tubers,Wheat flour,58,KG,aggregate,Retail,49.9
2022-09-15,Rangpur,Rangpur,Rangpur Municipality Market,4066,25.75,89.25,cereals and tubers,Wheat flour,58,KG,aggregate,Retail,52.47
2022-10-15,Rangpur,Rangpur,Rangpur Municipality Market,4066,25.75,89.25,cereals and tubers,Wheat flour,58,KG,aggregate,Retail,57.98
2022-11-15,Rangpur,Rangpur,Rangpur Municipality Market,4066,25.75,89.25,cereals and tubers,Wheat flour,58,KG,aggregate,Retail,63.5
2022-12-15,Rangpur,Rangpur,Rangpur Municipality Market,4066,25.75,89.25,cereals and tubers,Wheat flour,58,KG,aggregate,Retail,70.26
2023-01-15,Rangpur,Rangpur,Rangpur Municipality Market,4066,25.75,89.25,cereals and tubers,Wheat flour,58,KG,aggregate,Retail,64.85
2023-02-15,Rangpur,Rangpur,Rangpur Municipality Market,4066,25.75,89.25,cereals and tubers,Wheat flour,58,KG,aggregate,Retail,66.5
2023-03-15,Rangpur,Rangpur,Rangpur Municipality Market,4066,25.75,89.25,cereals and tubers,Wheat flour,58,KG,aggregate,Retail,65.05
2023-04-15,Rangpur,Rangpur,Rangpur Municipality Market,4066,25.75,89.25,cereals and tubers,Wheat flour,58,KG,aggregate,Retail,63.24
2023-05-15,Rangpur,Rangpur,Rangpur Municipality Market,4066,25.75,89.25,cereals and tubers,Wheat flour,58,KG,aggregate,Retail,61.32
2023-06-15,Rangpur,Rangpur,Rangpur Municipality Market,4066,25.75,89.25,cereals and tubers,Wheat flour,58,KG,aggregate,Retail,59.5
2023-07-15,Rangpur,Rangpur,Rangpur Municipality Market,4066,25.75,89.25,cereals and tubers,Wheat flour,58,KG,aggregate,Retail,59.0
2023-08-15,Rangpur,Rangpur,Rangpur Municipality Market,4066,25.75,89.25,cereals and tubers,Wheat flour,58,KG,aggregate,Retail,55.0
2023-09-15,Rangpur,Rangpur,Rangpur Municipality Market,4066,25.75,89.25,cereals and tubers,Wheat flour,58,KG,aggregate,Retail,54.75
2023-10-15,Rangpur,Rangpur,Rangpur Municipality Market,4066,25.75,89.25,cereals and tubers,Wheat flour,58,KG,aggregate,Retail,53.5
2023-11-15,Rangpur,Rangpur,Rangpur Municipality Market,4066,25.75,89.25,cereals and tubers,Wheat flour,58,KG,aggregate,Retail,53.5
2023-12-15,Rangpur,Rangpur,Rangpur Municipality Market,4066,25.75,89.25,cereals and tubers,Wheat flour,58,KG,aggregate,Retail,51.0
2024-01-15,Rangpur,Rangpur,Rangpur Municipality Market,4066,25.75,89.25,cereals and tubers,Wheat flour,58,KG,aggregate,Retail,52.3
2024-02-15,Rangpur,Rangpur,Rangpur Municipality Market,4066,25.75,89.25,cereals and tubers,Wheat flour,58,KG,aggregate,Retail,53.5
2024-03-15,Rangpur,Rangpur,Rangpur Municipality Market,4066,25.75,89.25,cereals and tubers,Wheat flour,58,KG,aggregate,Retail,53.5
2024-04-15,Rangpur,Rangpur,Rangpur Municipality Market,4066,25.75,89.25,cereals and tubers,Wheat flour,58,KG,aggregate,Retail,53.5
2024-05-15,Rangpur,Rangpur,Rangpur Municipality Market,4066,25.75,89.25,cereals and tubers,Wheat flour,58,KG,aggregate,Retail,53.5
2024-06-15,Rangpur,Rangpur,Rangpur Municipality Market,4066,25.75,89.25,cereals and tubers,Wheat flour,58,KG,aggregate,Retail,53.5
2024-07-15,Rangpur,Rangpur,Rangpur Municipality Market,4066,25.75,89.25,cereals and tubers,Wheat flour,58,KG,aggregate,Retail,52.3
2024-08-15,Rangpur,Rangpur,Rangpur Municipality Market,4066,25.75,89.25,cereals and tubers,Wheat flour,58,KG,aggregate,Retail,51.0
2024-09-15,Rangpur,Rangpur,Rangpur Municipality Market,4066,25.75,89.25,cereals and tubers,Wheat flour,58,KG,actual,Retail,53.5
2024-10-15,Rangpur,Rangpur,Rangpur Municipality Market,4066,25.75,89.25,cereals and tubers,Wheat flour,58,KG,actual,Retail,53.5
2024-11-15,Rangpur,Rangpur,Rangpur Municipality Market,4066,25.75,89.25,cereals and tubers,Wheat flour,58,KG,actual,Retail,53.5
2024-12-15,Rangpur,Rangpur,Rangpur Municipality Market,4066,25.75,89.25,cereals and tubers,Wheat flour,58,KG,actual,Retail,53.33
2025-01-15,Rangpur,Rangpur,Rangpur Municipality Market,4066,25.75,89.25,cereals and tubers,Wheat flour,58,KG,actual,Retail,53.45
2025-02-15,Rangpur,Rangpur,Rangpur Municipality Market,4066,25.75,89.25,cereals and tubers,Wheat flour,58,KG,actual,Retail,52.75
2025-03-15,Rangpur,Rangpur,Rangpur Municipality Market,4066,25.75,89.25,cereals and tubers,Wheat flour,58,KG,actual,Retail,52.5
2025-04-15,Rangpur,Rangpur,Rangpur Municipality Market,4066,25.75,89.25,cereals and tubers,Wheat flour,58,KG,actual,Retail,48.72
2025-05-15,Rangpur,Rangpur,Rangpur Municipality Market,4066,25.75,89.25,cereals and tubers,Wheat flour,58,KG,actual,Retail,45.36
2025-06-15,Rangpur,Rangpur,Rangpur Municipality Market,4066,25.75,89.25,cereals and tubers,Wheat flour,58,KG,actual,Retail,47.0
2025-07-15,Rangpur,Rangpur,Rangpur Municipality Market,4066,25.75,89.25,cereals and tubers,Wheat flour,58,KG,actual,Retail,47.55
2025-08-15,Rangpur,Rangpur,Rangpur Municipality Market,4066,25.75,89.25,cereals and tubers,Wheat flour,58,KG,actual,Retail,48.65
2025-09-15,Rangpur,Rangpur,Rangpur Municipality Market,4066,25.75,89.25,cereals and tubers,Wheat flour,58,KG,actual,Retail,50.14
2025-10-15,Rangpur,Rangpur,Rangpur Municipality Market,4066,25.75,89.25,cereals and tubers,Wheat flour,58,KG,actual,Retail,54.0
2025-12-15,Rangpur,Rangpur,Rangpur Municipality Market,4066,25.75,89.25,cereals and tubers,Wheat flour,58,KG,actual,Retail,53.85
2026-02-15,Rangpur,Rangpur,Rangpur Municipality Market,4066,25.75,89.25,cereals and tubers,Wheat flour,58,KG,actual,Retail,53.0
2026-03-15,Rangpur,Rangpur,Rangpur Municipality Market,4066,25.75,89.25,cereals and tubers,Wheat flour,58,KG,actual,Retail,53.0
2026-04-15,Rangpur,Rangpur,Rangpur Municipality Market,4066,25.75,89.25,cereals and tubers,Wheat flour,58,KG,actual,Retail,53.0
2026-05-15,Rangpur,Rangpur,Rangpur Municipality Market,4066,25.75,89.25,cereals and tubers,Wheat flour,58,KG,actual,Retail,53.0
2026-06-15,Rangpur,Rangpur,Rangpur Municipality Market,4066,25.75,89.25,cereals and tubers,Wheat flour,58,KG,actual,Retail,53.0
2026-07-15,Rangpur,Rangpur,Rangpur Municipality Market,4066,25.75,89.25,cereals and tubers,Wheat flour,58,KG,actual,Retail,53.2
2024-12-15,Rangpur,Rangpur,Rangpur Sadar,3033,25.75,89.25,vegetables and fruits,Chili (green),90,KG,actual,Retail,60.48
2024-12-15,Rangpur,Rangpur,Rangpur Sadar,3033,25.75,89.25,"meat, fish and eggs",Eggs (brown),1073,1 piece,actual,Retail,11.76
2024-12-15,Rangpur,Rangpur,Rangpur Sadar,3033,25.75,89.25,vegetables and fruits,Gourd (bottle),1276,KG,actual,Retail,28.69
2020-05-15,Rangpur,Rangpur,Rangpur Sadar,3033,25.75,89.25,pulses and nuts,Lentils (masur),61,KG,actual,Retail,86.8
2020-06-15,Rangpur,Rangpur,Rangpur Sadar,3033,25.75,89.25,pulses and nuts,Lentils (masur),61,KG,aggregate,Retail,76.28
2020-07-15,Rangpur,Rangpur,Rangpur Sadar,3033,25.75,89.25,pulses and nuts,Lentils (masur),61,KG,aggregate,Retail,82.91
2020-08-15,Rangpur,Rangpur,Rangpur Sadar,3033,25.75,89.25,pulses and nuts,Lentils (masur),61,KG,aggregate,Retail,74.03
2020-11-15,Rangpur,Rangpur,Rangpur Sadar,3033,25.75,89.25,pulses and nuts,Lentils (masur),61,KG,aggregate,Retail,92.5
2024-12-15,Rangpur,Rangpur,Rangpur Sadar,3033,25.75,89.25,pulses and nuts,Lentils (masur),61,KG,actual,Retail,105.14
2020-05-15,Rangpur,Rangpur,Rangpur Sadar,3033,25.75,89.25,oil and fats,Oil (palm),62,L,actual,Retail,71.9
2020-06-15,Rangpur,Rangpur,Rangpur Sadar,3033,25.75,89.25,oil and fats,Oil (palm),62,L,aggregate,Retail,69.72
2020-07-15,Rangpur,Rangpur,Rangpur Sadar,3033,25.75,89.25,oil and fats,Oil (palm),62,L,aggregate,Retail,69.39
2020-08-15,Rangpur,Rangpur,Rangpur Sadar,3033,25.75,89.25,oil and fats,Oil (palm),62,L,aggregate,Retail,70.27
2020-11-15,Rangpur,Rangpur,Rangpur Sadar,3033,25.75,89.25,oil and fats,Oil (palm),62,L,aggregate,Retail,87.0
2024-12-15,Rangpur,Rangpur,Rangpur Sadar,3033,25.75,89.25,vegetables and fruits,"Onions (imported, China)",1108,KG,actual,Retail,78.26
2024-12-15,Rangpur,Rangpur,Rangpur Sadar,3033,25.75,89.25,vegetables and fruits,Papaya (green),1114,KG,actual,Retail,27.5
2020-06-15,Rangpur,Rangpur,Rangpur Sadar,3033,25.75,89.25,cereals and tubers,Rice (coarse),60,KG,aggregate,Retail,36.83
2024-12-15,Rangpur,Rangpur,Rangpur Sadar,3033,25.75,89.25,miscellaneous food,Sugar,97,KG,actual,Retail,125.6
2020-05-15,Rangpur,Rangpur,Rangpur Sadar,3033,25.75,89.25,cereals and tubers,Wheat flour,58,KG,actual,Retail,33.9
2020-06-15,Rangpur,Rangpur,Rangpur Sadar,3033,25.75,89.25,cereals and tubers,Wheat flour,58,KG,aggregate,Retail,33.87
2020-07-15,Rangpur,Rangpur,Rangpur Sadar,3033,25.75,89.25,cereals and tubers,Wheat flour,58,KG,aggregate,Retail,33.13
2020-08-15,Rangpur,Rangpur,Rangpur Sadar,3033,25.75,89.25,cereals and tubers,Wheat flour,58,KG,aggregate,Retail,32.94
2020-11-15,Rangpur,Rangpur,Rangpur Sadar,3033,25.75,89.25,cereals and tubers,Wheat flour,58,KG,aggregate,Retail,34.5
2024-12-15,Rangpur,Rangpur,Rangpur Sadar,3033,25.75,89.25,cereals and tubers,Wheat flour,58,KG,actual,Retail,56.36
2024-09-15,Rajshahi,Sirajganj,Sirajgonj Sadar,4075,24.46,89.7,vegetables and fruits,Bananas (ripe),1210,1 piece,actual,Retail,3.75
2024-10-15,Rajshahi,Sirajganj,Sirajgonj Sadar,4075,24.46,89.7,vegetables and fruits,Bananas (ripe),1210,1 piece,actual,Retail,3.75
2024-11-15,Rajshahi,Sirajganj,Sirajgonj Sadar,4075,24.46,89.7,vegetables and fruits,Bananas (ripe),1210,1 piece,actual,Retail,3.8
2024-09-15,Rajshahi,Sirajganj,Sirajgonj Sadar,4075,24.46,89.7,vegetables and fruits,Chili (green),90,KG,actual,Retail,170.0
2024-10-15,Rajshahi,Sirajganj,Sirajgonj Sadar,4075,24.46,89.7,vegetables and fruits,Chili (green),90,KG,actual,Retail,212.5
2024-11-15,Rajshahi,Sirajganj,Sirajgonj Sadar,4075,24.46,89.7,vegetables and fruits,Chili (green),90,KG,actual,Retail,101.3
2024-12-15,Rajshahi,Sirajganj,Sirajgonj Sadar,4075,24.46,89.7,vegetables and fruits,Chili (green),90,KG,actual,Retail,70.0
2025-01-15,Rajshahi,Sirajganj,Sirajgonj Sadar,4075,24.46,89.7,vegetables and fruits,Chili (green),90,KG,actual,Retail,41.25
2025-02-15,Rajshahi,Sirajganj,Sirajgonj Sadar,4075,24.46,89.7,vegetables and fruits,Chili (green),90,KG,actual,Retail,37.5
2025-04-15,Rajshahi,Sirajganj,Sirajgonj Sadar,4075,24.46,89.7,vegetables and fruits,Chili (green),90,KG,actual,Retail,41.43
2025-05-15,Rajshahi,Sirajganj,Sirajgonj Sadar,4075,24.46,89.7,vegetables and fruits,Chili (green),90,KG,actual,Retail,45.0
2025-08-15,Rajshahi,Sirajganj,Sirajgonj Sadar,4075,24.46,89.7,vegetables and fruits,Chili (green),90,KG,actual,Retail,200.0
2025-10-15,Rajshahi,Sirajganj,Sirajgonj Sadar,4075,24.46,89.7,vegetables and fruits,Chili (green),90,KG,actual,Retail,148.33
2024-09-15,Rajshahi,Sirajganj,Sirajgonj Sadar,4075,24.46,89.7,"meat, fish and eggs",Eggs (brown),1073,1 piece,actual,Retail,12.5
2024-10-15,Rajshahi,Sirajganj,Sirajgonj Sadar,4075,24.46,89.7,"meat, fish and eggs",Eggs (brown),1073,1 piece,actual,Retail,13.19
2024-11-15,Rajshahi,Sirajganj,Sirajgonj Sadar,4075,24.46,89.7,"meat, fish and eggs",Eggs (brown),1073,1 piece,actual,Retail,12.3
2024-12-15,Rajshahi,Sirajganj,Sirajgonj Sadar,4075,24.46,89.7,"meat, fish and eggs",Eggs (brown),1073,1 piece,actual,Retail,11.38
2025-01-15,Rajshahi,Sirajganj,Sirajgonj Sadar,4075,24.46,89.7,"meat, fish and eggs",Eggs (brown),1073,1 piece,actual,Retail,11.12
2025-02-15,Rajshahi,Sirajganj,Sirajgonj Sadar,4075,24.46,89.7,"meat, fish and eggs",Eggs (brown),1073,1 piece,actual,Retail,10.75
2025-04-15,Rajshahi,Sirajganj,Sirajgonj Sadar,4075,24.46,89.7,"meat, fish and eggs",Eggs (brown),1073,1 piece,actual,Retail,9.68
2025-05-15,Rajshahi,Sirajganj,Sirajgonj Sadar,4075,24.46,89.7,"meat, fish and eggs",Eggs (brown),1073,1 piece,actual,Retail,10.75
2025-06-15,Rajshahi,Sirajganj,Sirajgonj Sadar,4075,24.46,89.7,"meat, fish and eggs",Eggs (brown),1073,1 piece,actual,Retail,9.75
2025-08-15,Rajshahi,Sirajganj,Sirajgonj Sadar,4075,24.46,89.7,"meat, fish and eggs",Eggs (brown),1073,1 piece,actual,Retail,11.88
2025-10-15,Rajshahi,Sirajganj,Sirajgonj Sadar,4075,24.46,89.7,"meat, fish and eggs",Eggs (brown),1073,1 piece,actual,Retail,11.25
2024-09-15,Rajshahi,Sirajganj,Sirajgonj Sadar,4075,24.46,89.7,"meat, fish and eggs","Fish (live, pangasius)",1080,KG,actual,Retail,200.0
2024-10-15,Rajshahi,Sirajganj,Sirajgonj Sadar,4075,24.46,89.7,"meat, fish and eggs","Fish (live, pangasius)",1080,KG,actual,Retail,200.0
2024-11-15,Rajshahi,Sirajganj,Sirajgonj Sadar,4075,24.46,89.7,"meat, fish and eggs","Fish (live, pangasius)",1080,KG,actual,Retail,200.0
2024-12-15,Rajshahi,Sirajganj,Sirajgonj Sadar,4075,24.46,89.7,"meat, fish and eggs","Fish (live, pangasius)",1080,KG,actual,Retail,325.0
2025-01-15,Rajshahi,Sirajganj,Sirajgonj Sadar,4075,24.46,89.7,"meat, fish and eggs","Fish (live, pangasius)",1080,KG,actual,Retail,325.0
2025-02-15,Rajshahi,Sirajganj,Sirajgonj Sadar,4075,24.46,89.7,"meat, fish and eggs","Fish (live, pangasius)",1080,KG,actual,Retail,325.0
2025-04-15,Rajshahi,Sirajganj,Sirajgonj Sadar,4075,24.46,89.7,"meat, fish and eggs","Fish (live, pangasius)",1080,KG,actual,Retail,325.0
2025-05-15,Rajshahi,Sirajganj,Sirajgonj Sadar,4075,24.46,89.7,"meat, fish and eggs","Fish (live, pangasius)",1080,KG,actual,Retail,325.0
2025-06-15,Rajshahi,Sirajganj,Sirajgonj Sadar,4075,24.46,89.7,"meat, fish and eggs","Fish (live, pangasius)",1080,KG,actual,Retail,325.0
2025-08-15,Rajshahi,Sirajganj,Sirajgonj Sadar,4075,24.46,89.7,"meat, fish and eggs","Fish (live, pangasius)",1080,KG,actual,Retail,325.0
2025-10-15,Rajshahi,Sirajganj,Sirajgonj Sadar,4075,24.46,89.7,"meat, fish and eggs","Fish (live, pangasius)",1080,KG,actual,Retail,325.0
2024-09-15,Rajshahi,Sirajganj,Sirajgonj Sadar,4075,24.46,89.7,vegetables and fruits,"Garlic (imported, China)",1082,KG,actual,Retail,220.0
2024-10-15,Rajshahi,Sirajganj,Sirajgonj Sadar,4075,24.46,89.7,vegetables and fruits,"Garlic (imported, China)",1082,KG,actual,Retail,230.0
2024-11-15,Rajshahi,Sirajganj,Sirajgonj Sadar,4075,24.46,89.7,vegetables and fruits,"Garlic (imported, China)",1082,KG,actual,Retail,235.0
2024-12-15,Rajshahi,Sirajganj,Sirajgonj Sadar,4075,24.46,89.7,vegetables and fruits,"Garlic (imported, China)",1082,KG,actual,Retail,235.0
2025-01-15,Rajshahi,Sirajganj,Sirajgonj Sadar,4075,24.46,89.7,vegetables and fruits,"Garlic (imported, China)",1082,KG,actual,Retail,220.0
2025-02-15,Rajshahi,Sirajganj,Sirajgonj Sadar,4075,24.46,89.7,vegetables and fruits,"Garlic (imported, China)",1082,KG,actual,Retail,235.0
2025-04-15,Rajshahi,Sirajganj,Sirajgonj Sadar,4075,24.46,89.7,vegetables and fruits,"Garlic (imported, China)",1082,KG,actual,Retail,209.29
2025-05-15,Rajshahi,Sirajganj,Sirajgonj Sadar,4075,24.46,89.7,vegetables and fruits,"Garlic (imported, China)",1082,KG,actual,Retail,205.0
2025-06-15,Rajshahi,Sirajganj,Sirajgonj Sadar,4075,24.46,89.7,vegetables and fruits,"Garlic (imported, China)",1082,KG,actual,Retail,165.0
2025-08-15,Rajshahi,Sirajganj,Sirajgonj Sadar,4075,24.46,89.7,vegetables and fruits,"Garlic (imported, China)",1082,KG,actual,Retail,165.0
2025-10-15,Rajshahi,Sirajganj,Sirajgonj Sadar,4075,24.46,89.7,vegetables and fruits,"Garlic (imported, China)",1082,KG,actual,Retail,135.0
2024-09-15,Rajshahi,Sirajganj,Sirajgonj Sadar,4075,24.46,89.7,vegetables and fruits,Gourd (bottle),1276,KG,actual,Retail,35.0
2024-10-15,Rajshahi,Sirajganj,Sirajgonj Sadar,4075,24.46,89.7,vegetables and fruits,Gourd (bottle),1276,KG,actual,Retail,47.5
2024-11-15,Rajshahi,Sirajganj,Sirajgonj Sadar,4075,24.46,89.7,vegetables and fruits,Gourd (bottle),1276,KG,actual,Retail,80.0
2024-12-15,Rajshahi,Sirajganj,Sirajgonj Sadar,4075,24.46,89.7,vegetables and fruits,Gourd (bottle),1276,KG,actual,Retail,27.5
2025-01-15,Rajshahi,Sirajganj,Sirajgonj Sadar,4075,24.46,89.7,vegetables and fruits,Gourd (bottle),1276,KG,actual,Retail,32.5
2025-02-15,Rajshahi,Sirajganj,Sirajgonj Sadar,4075,24.46,89.7,vegetables and fruits,Gourd (bottle),1276,KG,actual,Retail,37.5
2025-04-15,Rajshahi,Sirajganj,Sirajgonj Sadar,4075,24.46,89.7,vegetables and fruits,Gourd (bottle),1276,KG,actual,Retail,35.71
2025-05-15,Rajshahi,Sirajganj,Sirajgonj Sadar,4075,24.46,89.7,vegetables and fruits,Gourd (bottle),1276,KG,actual,Retail,35.0
2025-06-15,Rajshahi,Sirajganj,Sirajgonj Sadar,4075,24.46,89.7,vegetables and fruits,Gourd (bottle),1276,KG,actual,Retail,42.5
2025-08-15,Rajshahi,Sirajganj,Sirajgonj Sadar,4075,24.46,89.7,vegetables and fruits,Gourd (bottle),1276,KG,actual,Retail,45.0
2025-10-15,Rajshahi,Sirajganj,Sirajgonj Sadar,4075,24.46,89.7,vegetables and fruits,Gourd (bottle),1276,KG,actual,Retail,45.0
2020-07-15,Rajshahi,Sirajganj,Sirajgonj Sadar,4075,24.46,89.7,pulses and nuts,Lentils (masur),61,KG,aggregate,Retail,72.5
2020-08-15,Rajshahi,Sirajganj,Sirajgonj Sadar,4075,24.46,89.7,pulses and nuts,Lentils (masur),61,KG,aggregate,Retail,72.5
2020-09-15,Rajshahi,Sirajganj,Sirajgonj Sadar,4075,24.46,89.7,pulses and nuts,Lentils (masur),61,KG,aggregate,Retail,72.5
2020-10-15,Rajshahi,Sirajganj,Sirajgonj Sadar,4075,24.46,89.7,pulses and nuts,Lentils (masur),61,KG,aggregate,Retail,73.74
2020-11-15,Rajshahi,Sirajganj,Sirajgonj Sadar,4075,24.46,89.7,pulses and nuts,Lentils (masur),61,KG,aggregate,Retail,75.0
2020-12-15,Rajshahi,Sirajganj,Sirajgonj Sadar,4075,24.46,89.7,pulses and nuts,Lentils (masur),61,KG,aggregate,Retail,75.0
2021-01-15,Rajshahi,Sirajganj,Sirajgonj Sadar,4075,24.46,89.7,pulses and nuts,Lentils (masur),61,KG,aggregate,Retail,73.0
2021-02-15,Rajshahi,Sirajganj,Sirajgonj Sadar,4075,24.46,89.7,pulses and nuts,Lentils (masur),61,KG,aggregate,Retail,75.0
2021-03-15,Rajshahi,Sirajganj,Sirajgonj Sadar,4075,24.46,89.7,pulses and nuts,Lentils (masur),61,KG,aggregate,Retail,75.0
2021-04-15,Rajshahi,Sirajganj,Sirajgonj Sadar,4075,24.46,89.7,pulses and nuts,Lentils (masur),61,KG,aggregate,Retail,75.0
2021-05-15,Rajshahi,Sirajganj,Sirajgonj Sadar,4075,24.46,89.7,pulses and nuts,Lentils (masur),61,KG,aggregate,Retail,75.05
2021-06-15,Rajshahi,Sirajganj,Sirajgonj Sadar,4075,24.46,89.7,pulses and nuts,Lentils (masur),61,KG,aggregate,Retail,80.83
2021-07-15,Rajshahi,Sirajganj,Sirajgonj Sadar,4075,24.46,89.7,pulses and nuts,Lentils (masur),61,KG,aggregate,Retail,76.5
2021-08-15,Rajshahi,Sirajganj,Sirajgonj Sadar,4075,24.46,89.7,pulses and nuts,Lentils (masur),61,KG,aggregate,Retail,78.51
2021-09-15,Rajshahi,Sirajganj,Sirajgonj Sadar,4075,24.46,89.7,pulses and nuts,Lentils (masur),61,KG,aggregate,Retail,86.28
2021-10-15,Rajshahi,Sirajganj,Sirajgonj Sadar,4075,24.46,89.7,pulses and nuts,Lentils (masur),61,KG,aggregate,Retail,75.17
2021-11-15,Rajshahi,Sirajganj,Sirajgonj Sadar,4075,24.46,89.7,pulses and nuts,Lentils (masur),61,KG,aggregate,Retail,86.59
2021-12-15,Rajshahi,Sirajganj,Sirajgonj Sadar,4075,24.46,89.7,pulses and nuts,Lentils (masur),61,KG,aggregate,Retail,87.5
2022-01-15,Rajshahi,Sirajganj,Sirajgonj Sadar,4075,24.46,89.7,pulses and nuts,Lentils (masur),61,KG,aggregate,Retail,90.82
2022-02-15,Rajshahi,Sirajganj,Sirajgonj Sadar,4075,24.46,89.7,pulses and nuts,Lentils (masur),61,KG,aggregate,Retail,92.5
2022-03-15,Rajshahi,Sirajganj,Sirajgonj Sadar,4075,24.46,89.7,pulses and nuts,Lentils (masur),61,KG,aggregate,Retail,96.08
2022-04-15,Rajshahi,Sirajganj,Sirajgonj Sadar,4075,24.46,89.7,pulses and nuts,Lentils (masur),61,KG,aggregate,Retail,97.5
2022-05-15,Rajshahi,Sirajganj,Sirajgonj Sadar,4075,24.46,89.7,pulses and nuts,Lentils (masur),61,KG,aggregate,Retail,98.14
2022-06-15,Rajshahi,Sirajganj,Sirajgonj Sadar,4075,24.46,89.7,pulses and nuts,Lentils (masur),61,KG,aggregate,Retail,99.0
2022-07-15,Rajshahi,Sirajganj,Sirajgonj Sadar,4075,24.46,89.7,pulses and nuts,Lentils (masur),61,KG,aggregate,Retail,100.27
2022-08-15,Rajshahi,Sirajganj,Sirajgonj Sadar,4075,24.46,89.7,pulses and nuts,Lentils (masur),61,KG,aggregate,Retail,100.52
2022-09-15,Rajshahi,Sirajganj,Sirajgonj Sadar,4075,24.46,89.7,pulses and nuts,Lentils (masur),61,KG,aggregate,Retail,100.03
2022-10-15,Rajshahi,Sirajganj,Sirajgonj Sadar,4075,24.46,89.7,pulses and nuts,Lentils (masur),61,KG,aggregate,Retail,99.0
2022-12-15,Rajshahi,Sirajganj,Sirajgonj Sadar,4075,24.46,89.7,pulses and nuts,Lentils (masur),61,KG,aggregate,Retail,97.5
2023-01-15,Rajshahi,Sirajganj,Sirajgonj Sadar,4075,24.46,89.7,pulses and nuts,Lentils (masur),61,KG,aggregate,Retail,97.5
2023-02-15,Rajshahi,Sirajganj,Sirajgonj Sadar,4075,24.46,89.7,pulses and nuts,Lentils (masur),61,KG,aggregate,Retail,97.5
2023-03-15,Rajshahi,Sirajganj,Sirajgonj Sadar,4075,24.46,89.7,pulses and nuts,Lentils (masur),61,KG,aggregate,Retail,97.5
2023-04-15,Rajshahi,Sirajganj,Sirajgonj Sadar,4075,24.46,89.7,pulses and nuts,Lentils (masur),61,KG,aggregate,Retail,97.5
2023-05-15,Rajshahi,Sirajganj,Sirajgonj Sadar,4075,24.46,89.7,pulses and nuts,Lentils (masur),61,KG,aggregate,Retail,97.5
2023-06-15,Rajshahi,Sirajganj,Sirajgonj Sadar,4075,24.46,89.7,pulses and nuts,Lentils (masur),61,KG,aggregate,Retail,97.5
2023-07-15,Rajshahi,Sirajganj,Sirajgonj Sadar,4075,24.46,89.7,pulses and nuts,Lentils (masur),61,KG,aggregate,Retail,97.5
2023-08-15,Rajshahi,Sirajganj,Sirajgonj Sadar,4075,24.46,89.7,pulses and nuts,Lentils (masur),61,KG,aggregate,Retail,97.5
2023-09-15,Rajshahi,Sirajganj,Sirajgonj Sadar,4075,24.46,89.7,pulses and nuts,Lentils (masur),61,KG,aggregate,Retail,100.0
2023-10-15,Rajshahi,Sirajganj,Sirajgonj Sadar,4075,24.46,89.7,pulses and nuts,Lentils (masur),61,KG,aggregate,Retail,102.5
2023-11-15,Rajshahi,Sirajganj,Sirajgonj Sadar,4075,24.46,89.7,pulses and nuts,Lentils (masur),61,KG,aggregate,Retail,105.0
2023-12-15,Rajshahi,Sirajganj,Sirajgonj Sadar,4075,24.46,89.7,pulses and nuts,Lentils (masur),61,KG,aggregate,Retail,103.8
2024-01-15,Rajshahi,Sirajganj,Sirajgonj Sadar,4075,24.46,89.7,pulses and nuts,Lentils (masur),61,KG,aggregate,Retail,110.0
2024-02-15,Rajshahi,Sirajganj,Sirajgonj Sadar,4075,24.46,89.7,pulses and nuts,Lentils (masur),61,KG,aggregate,Retail,107.5
2024-03-15,Rajshahi,Sirajganj,Sirajgonj Sadar,4075,24.46,89.7,pulses and nuts,Lentils (masur),61,KG,aggregate,Retail,107.5
2024-04-15,Rajshahi,Sirajganj,Sirajgonj Sadar,4075,24.46,89.7,pulses and nuts,Lentils (masur),61,KG,aggregate,Retail,107.5
2024-05-15,Rajshahi,Sirajganj,Sirajgonj Sadar,4075,24.46,89.7,pulses and nuts,Lentils (masur),61,KG,aggregate,Retail,107.5
2024-06-15,Rajshahi,Sirajganj,Sirajgonj Sadar,4075,24.46,89.7,pulses and nuts,Lentils (masur),61,KG,aggregate,Retail,107.5
2024-07-15,Rajshahi,Sirajganj,Sirajgonj Sadar,4075,24.46,89.7,pulses and nuts,Lentils (masur),61,KG,aggregate,Retail,107.5
2024-08-15,Rajshahi,Sirajganj,Sirajgonj Sadar,4075,24.46,89.7,pulses and nuts,Lentils (masur),61,KG,aggregate,Retail,107.5
2024-09-15,Rajshahi,Sirajganj,Sirajgonj Sadar,4075,24.46,89.7,pulses and nuts,Lentils (masur),61,KG,actual,Retail,107.5
2024-10-15,Rajshahi,Sirajganj,Sirajgonj Sadar,4075,24.46,89.7,pulses and nuts,Lentils (masur),61,KG,actual,Retail,107.5
2024-11-15,Rajshahi,Sirajganj,Sirajgonj Sadar,4075,24.46,89.7,pulses and nuts,Lentils (masur),61,KG,actual,Retail,107.5
2024-12-15,Rajshahi,Sirajganj,Sirajgonj Sadar,4075,24.46,89.7,pulses and nuts,Lentils (masur),61,KG,actual,Retail,107.5
2025-01-15,Rajshahi,Sirajganj,Sirajgonj Sadar,4075,24.46,89.7,pulses and nuts,Lentils (masur),61,KG,actual,Retail,107.5
2025-02-15,Rajshahi,Sirajganj,Sirajgonj Sadar,4075,24.46,89.7,pulses and nuts,Lentils (masur),61,KG,actual,Retail,107.5
2025-04-15,Rajshahi,Sirajganj,Sirajgonj Sadar,4075,24.46,89.7,pulses and nuts,Lentils (masur),61,KG,actual,Retail,107.5
2025-05-15,Rajshahi,Sirajganj,Sirajgonj Sadar,4075,24.46,89.7,pulses and nuts,Lentils (masur),61,KG,actual,Retail,107.5
2025-06-15,Rajshahi,Sirajganj,Sirajgonj Sadar,4075,24.46,89.7,pulses and nuts,Lentils (masur),61,KG,actual,Retail,107.5
2025-08-15,Rajshahi,Sirajganj,Sirajgonj Sadar,4075,24.46,89.7,pulses and nuts,Lentils (masur),61,KG,actual,Retail,107.5
2025-10-15,Rajshahi,Sirajganj,Sirajgonj Sadar,4075,24.46,89.7,pulses and nuts,Lentils (masur),61,KG,actual,Retail,107.5
2024-09-15,Rajshahi,Sirajganj,Sirajgonj Sadar,4075,24.46,89.7,"meat, fish and eggs","Meat (chicken, broiler)",89,KG,actual,Retail,172.5
2024-10-15,Rajshahi,Sirajganj,Sirajgonj Sadar,4075,24.46,89.7,"meat, fish and eggs","Meat (chicken, broiler)",89,KG,actual,Retail,185.0
2024-11-15,Rajshahi,Sirajganj,Sirajgonj Sadar,4075,24.46,89.7,"meat, fish and eggs","Meat (chicken, broiler)",89,KG,actual,Retail,175.0
2020-07-15,Rajshahi,Sirajganj,Sirajgonj Sadar,4075,24.46,89.7,oil and fats,Oil (palm),62,L,aggregate,Retail,68.5
2020-08-15,Rajshahi,Sirajganj,Sirajgonj Sadar,4075,24.46,89.7,oil and fats,Oil (palm),62,L,aggregate,Retail,72.01
2020-09-15,Rajshahi,Sirajganj,Sirajgonj Sadar,4075,24.46,89.7,oil and fats,Oil (palm),62,L,aggregate,Retail,78.76
2020-10-15,Rajshahi,Sirajganj,Sirajgonj Sadar,4075,24.46,89.7,oil and fats,Oil (palm),62,L,aggregate,Retail,83.66
2020-11-15,Rajshahi,Sirajganj,Sirajgonj Sadar,4075,24.46,89.7,oil and fats,Oil (palm),62,L,aggregate,Retail,88.78
2020-12-15,Rajshahi,Sirajganj,Sirajgonj Sadar,4075,24.46,89.7,oil and fats,Oil (palm),62,L,aggregate,Retail,90.27
2021-01-15,Rajshahi,Sirajganj,Sirajgonj Sadar,4075,24.46,89.7,oil and fats,Oil (palm),62,L,aggregate,Retail,99.8
2021-02-15,Rajshahi,Sirajganj,Sirajgonj Sadar,4075,24.46,89.7,oil and fats,Oil (palm),62,L,aggregate,Retail,98.53
2021-03-15,Rajshahi,Sirajganj,Sirajgonj Sadar,4075,24.46,89.7,oil and fats,Oil (palm),62,L,aggregate,Retail,105.9
2021-04-15,Rajshahi,Sirajganj,Sirajgonj Sadar,4075,24.46,89.7,oil and fats,Oil (palm),62,L,aggregate,Retail,105.77
2021-05-15,Rajshahi,Sirajganj,Sirajgonj Sadar,4075,24.46,89.7,oil and fats,Oil (palm),62,L,aggregate,Retail,111.84
2021-06-15,Rajshahi,Sirajganj,Sirajgonj Sadar,4075,24.46,89.7,oil and fats,Oil (palm),62,L,aggregate,Retail,106.69
2021-07-15,Rajshahi,Sirajganj,Sirajgonj Sadar,4075,24.46,89.7,oil and fats,Oil (palm),62,L,aggregate,Retail,106.6
2021-08-15,Rajshahi,Sirajganj,Sirajgonj Sadar,4075,24.46,89.7,oil and fats,Oil (palm),62,L,aggregate,Retail,113.45
2021-09-15,Rajshahi,Sirajganj,Sirajgonj Sadar,4075,24.46,89.7,oil and fats,Oil (palm),62,L,aggregate,Retail,120.58
2021-10-15,Rajshahi,Sirajganj,Sirajgonj Sadar,4075,24.46,89.7,oil and fats,Oil (palm),62,L,aggregate,Retail,127.48
2021-11-15,Rajshahi,Sirajganj,Sirajgonj Sadar,4075,24.46,89.7,oil and fats,Oil (palm),62,L,aggregate,Retail,129.71
2021-12-15,Rajshahi,Sirajganj,Sirajgonj Sadar,4075,24.46,89.7,oil and fats,Oil (palm),62,L,aggregate,Retail,128.18
2022-01-15,Rajshahi,Sirajganj,Sirajgonj Sadar,4075,24.46,89.7,oil and fats,Oil (palm),62,L,aggregate,Retail,129.74
2022-02-15,Rajshahi,Sirajganj,Sirajgonj Sadar,4075,24.46,89.7,oil and fats,Oil (palm),62,L,aggregate,Retail,139.62
2022-03-15,Rajshahi,Sirajganj,Sirajgonj Sadar,4075,24.46,89.7,oil and fats,Oil (palm),62,L,aggregate,Retail,141.32
2022-04-15,Rajshahi,Sirajganj,Sirajgonj Sadar,4075,24.46,89.7,oil and fats,Oil (palm),62,L,aggregate,Retail,149.62
2022-05-15,Rajshahi,Sirajganj,Sirajgonj Sadar,4075,24.46,89.7,oil and fats,Oil (palm),62,L,aggregate,Retail,162.95
2022-06-15,Rajshahi,Sirajganj,Sirajgonj Sadar,4075,24.46,89.7,oil and fats,Oil (palm),62,L,aggregate,Retail,157.15
2022-07-15,Rajshahi,Sirajganj,Sirajgonj Sadar,4075,24.46,89.7,oil and fats,Oil (palm),62,L,aggregate,Retail,134.77
2022-08-15,Rajshahi,Sirajganj,Sirajgonj Sadar,4075,24.46,89.7,oil and fats,Oil (palm),62,L,aggregate,Retail,130.64
2022-09-15,Rajshahi,Sirajganj,Sirajgonj Sadar,4075,24.46,89.7,oil and fats,Oil (palm),62,L,aggregate,Retail,128.18
2022-10-15,Rajshahi,Sirajganj,Sirajgonj Sadar,4075,24.46,89.7,oil and fats,Oil (palm),62,L,aggregate,Retail,114.83
2022-11-15,Rajshahi,Sirajganj,Sirajgonj Sadar,4075,24.46,89.7,oil and fats,Oil (palm),62,L,aggregate,Retail,121.03
2022-12-15,Rajshahi,Sirajganj,Sirajgonj Sadar,4075,24.46,89.7,oil and fats,Oil (palm),62,L,aggregate,Retail,115.65
2023-01-15,Rajshahi,Sirajganj,Sirajgonj Sadar,4075,24.46,89.7,oil and fats,Oil (palm),62,L,aggregate,Retail,118.25
2023-02-15,Rajshahi,Sirajganj,Sirajgonj Sadar,4075,24.46,89.7,oil and fats,Oil (palm),62,L,aggregate,Retail,121.88
2023-03-15,Rajshahi,Sirajganj,Sirajgonj Sadar,4075,24.46,89.7,oil and fats,Oil (palm),62,L,aggregate,Retail,126.11
2023-04-15,Rajshahi,Sirajganj,Sirajgonj Sadar,4075,24.46,89.7,oil and fats,Oil (palm),62,L,aggregate,Retail,124.38
2023-05-15,Rajshahi,Sirajganj,Sirajgonj Sadar,4075,24.46,89.7,oil and fats,Oil (palm),62,L,aggregate,Retail,131.78
2023-06-15,Rajshahi,Sirajganj,Sirajgonj Sadar,4075,24.46,89.7,oil and fats,Oil (palm),62,L,aggregate,Retail,126.5
2023-07-15,Rajshahi,Sirajganj,Sirajgonj Sadar,4075,24.46,89.7,oil and fats,Oil (palm),62,L,aggregate,Retail,127.0
2023-08-15,Rajshahi,Sirajganj,Sirajgonj Sadar,4075,24.46,89.7,oil and fats,Oil (palm),62,L,aggregate,Retail,128.0
2023-09-15,Rajshahi,Sirajganj,Sirajgonj Sadar,4075,24.46,89.7,oil and fats,Oil (palm),62,L,aggregate,Retail,125.75
2023-10-15,Rajshahi,Sirajganj,Sirajgonj Sadar,4075,24.46,89.7,oil and fats,Oil (palm),62,L,aggregate,Retail,121.0
2023-11-15,Rajshahi,Sirajganj,Sirajgonj Sadar,4075,24.46,89.7,oil and fats,Oil (palm),62,L,aggregate,Retail,124.3
2023-12-15,Rajshahi,Sirajganj,Sirajgonj Sadar,4075,24.46,89.7,oil and fats,Oil (palm),62,L,aggregate,Retail,124.5
2024-01-15,Rajshahi,Sirajganj,Sirajgonj Sadar,4075,24.46,89.7,oil and fats,Oil (palm),62,L,aggregate,Retail,125.0
2024-02-15,Rajshahi,Sirajganj,Sirajgonj Sadar,4075,24.46,89.7,oil and fats,Oil (palm),62,L,aggregate,Retail,124.5
2024-03-15,Rajshahi,Sirajganj,Sirajgonj Sadar,4075,24.46,89.7,oil and fats,Oil (palm),62,L,aggregate,Retail,127.3
2024-04-15,Rajshahi,Sirajganj,Sirajgonj Sadar,4075,24.46,89.7,oil and fats,Oil (palm),62,L,aggregate,Retail,130.0
2024-05-15,Rajshahi,Sirajganj,Sirajgonj Sadar,4075,24.46,89.7,oil and fats,Oil (palm),62,L,aggregate,Retail,128.0
2024-06-15,Rajshahi,Sirajganj,Sirajgonj Sadar,4075,24.46,89.7,oil and fats,Oil (palm),62,L,aggregate,Retail,124.5
2024-07-15,Rajshahi,Sirajganj,Sirajgonj Sadar,4075,24.46,89.7,oil and fats,Oil (palm),62,L,aggregate,Retail,680.0
2024-08-15,Rajshahi,Sirajganj,Sirajgonj Sadar,4075,24.46,89.7,oil and fats,Oil (palm),62,L,aggregate,Retail,127.3
2024-09-15,Rajshahi,Sirajganj,Sirajgonj Sadar,4075,24.46,89.7,oil and fats,Oil (palm),62,L,actual,Retail,136.0
2024-10-15,Rajshahi,Sirajganj,Sirajgonj Sadar,4075,24.46,89.7,oil and fats,Oil (palm),62,L,actual,Retail,147.0
2024-11-15,Rajshahi,Sirajganj,Sirajgonj Sadar,4075,24.46,89.7,oil and fats,Oil (palm),62,L,actual,Retail,156.0
2024-12-15,Rajshahi,Sirajganj,Sirajgonj Sadar,4075,24.46,89.7,oil and fats,Oil (palm),62,L,actual,Retail,159.0
2025-01-15,Rajshahi,Sirajganj,Sirajgonj Sadar,4075,24.46,89.7,oil and fats,Oil (palm),62,L,actual,Retail,159.0
2025-02-15,Rajshahi,Sirajganj,Sirajgonj Sadar,4075,24.46,89.7,oil and fats,Oil (palm),62,L,actual,Retail,157.0
2025-04-15,Rajshahi,Sirajganj,Sirajgonj Sadar,4075,24.46,89.7,oil and fats,Oil (palm),62,L,actual,Retail,147.0
2025-05-15,Rajshahi,Sirajganj,Sirajgonj Sadar,4075,24.46,89.7,oil and fats,Oil (palm),62,L,actual,Retail,147.0
2025-06-15,Rajshahi,Sirajganj,Sirajgonj Sadar,4075,24.46,89.7,oil and fats,Oil (palm),62,L,actual,Retail,147.0
2025-08-15,Rajshahi,Sirajganj,Sirajgonj Sadar,4075,24.46,89.7,oil and fats,Oil (palm),62,L,actual,Retail,143.0
2025-10-15,Rajshahi,Sirajganj,Sirajgonj Sadar,4075,24.46,89.7,oil and fats,Oil (palm),62,L,actual,Retail,151.0
2026-01-15,Rajshahi,Sirajganj,Sirajgonj Sadar,4075,24.46,89.7,oil and fats,Oil (palm),62,L,actual,Retail,145.0
2024-09-15,Rajshahi,Sirajganj,Sirajgonj Sadar,4075,24.46,89.7,oil and fats,"Oil (soybean, fortified)",1282,L,actual,Retail,149.0
2024-10-15,Rajshahi,Sirajganj,Sirajgonj Sadar,4075,24.46,89.7,oil and fats,"Oil (soybean, fortified)",1282,L,actual,Retail,155.0
2024-11-15,Rajshahi,Sirajganj,Sirajgonj Sadar,4075,24.46,89.7,oil and fats,"Oil (soybean, fortified)",1282,L,actual,Retail,164.3
2024-12-15,Rajshahi,Sirajganj,Sirajgonj Sadar,4075,24.46,89.7,oil and fats,"Oil (soybean, fortified)",1282,L,actual,Retail,167.0
2025-01-15,Rajshahi,Sirajganj,Sirajgonj Sadar,4075,24.46,89.7,oil and fats,"Oil (soybean, fortified)",1282,L,actual,Retail,167.0
2025-02-15,Rajshahi,Sirajganj,Sirajgonj Sadar,4075,24.46,89.7,oil and fats,"Oil (soybean, fortified)",1282,L,actual,Retail,175.5
2025-04-15,Rajshahi,Sirajganj,Sirajgonj Sadar,4075,24.46,89.7,oil and fats,"Oil (soybean, fortified)",1282,L,actual,Retail,159.43
2025-05-15,Rajshahi,Sirajganj,Sirajgonj Sadar,4075,24.46,89.7,oil and fats,"Oil (soybean, fortified)",1282,L,actual,Retail,159.0
2025-06-15,Rajshahi,Sirajganj,Sirajgonj Sadar,4075,24.46,89.7,oil and fats,"Oil (soybean, fortified)",1282,L,actual,Retail,157.25
2025-08-15,Rajshahi,Sirajganj,Sirajgonj Sadar,4075,24.46,89.7,oil and fats,"Oil (soybean, fortified)",1282,L,actual,Retail,161.0
2025-10-15,Rajshahi,Sirajganj,Sirajgonj Sadar,4075,24.46,89.7,oil and fats,"Oil (soybean, fortified)",1282,L,actual,Retail,171.0
2024-11-15,Rajshahi,Sirajganj,Sirajgonj Sadar,4075,24.46,89.7,vegetables and fruits,"Onions (imported, China)",1108,KG,actual,Retail,107.5
2024-09-15,Rajshahi,Sirajganj,Sirajgonj Sadar,4075,24.46,89.7,vegetables and fruits,Papaya (green),1114,KG,actual,Retail,25.75
2024-10-15,Rajshahi,Sirajganj,Sirajgonj Sadar,4075,24.46,89.7,vegetables and fruits,Papaya (green),1114,KG,actual,Retail,27.5
2024-11-15,Rajshahi,Sirajganj,Sirajgonj Sadar,4075,24.46,89.7,vegetables and fruits,Papaya (green),1114,KG,actual,Retail,30.0
2024-12-15,Rajshahi,Sirajganj,Sirajgonj Sadar,4075,24.46,89.7,vegetables and fruits,Papaya (green),1114,KG,actual,Retail,37.5
2025-01-15,Rajshahi,Sirajganj,Sirajgonj Sadar,4075,24.46,89.7,vegetables and fruits,Papaya (green),1114,KG,actual,Retail,27.5
2025-02-15,Rajshahi,Sirajganj,Sirajgonj Sadar,4075,24.46,89.7,vegetables and fruits,Papaya (green),1114,KG,actual,Retail,27.5
2025-04-15,Rajshahi,Sirajganj,Sirajgonj Sadar,4075,24.46,89.7,vegetables and fruits,Papaya (green),1114,KG,actual,Retail,27.5
2025-05-15,Rajshahi,Sirajganj,Sirajgonj Sadar,4075,24.46,89.7,vegetables and fruits,Papaya (green),1114,KG,actual,Retail,45.0
2025-06-15,Rajshahi,Sirajganj,Sirajgonj Sadar,4075,24.46,89.7,vegetables and fruits,Papaya (green),1114,KG,actual,Retail,38.75
2025-08-15,Rajshahi,Sirajganj,Sirajgonj Sadar,4075,24.46,89.7,vegetables and fruits,Papaya (green),1114,KG,actual,Retail,22.5
2025-10-15,Rajshahi,Sirajganj,Sirajgonj Sadar,4075,24.46,89.7,vegetables and fruits,Papaya (green),1114,KG,actual,Retail,19.0
2020-07-15,Rajshahi,Sirajganj,Sirajgonj Sadar,4075,24.46,89.7,cereals and tubers,Rice (coarse),60,KG,aggregate,Retail,39.0
2020-08-15,Rajshahi,Sirajganj,Sirajgonj Sadar,4075,24.46,89.7,cereals and tubers,Rice (coarse),60,KG,aggregate,Retail,40.42
2020-09-15,Rajshahi,Sirajganj,Sirajgonj Sadar,4075,24.46,89.7,cereals and tubers,Rice (coarse),60,KG,aggregate,Retail,42.93
2020-10-15,Rajshahi,Sirajganj,Sirajgonj Sadar,4075,24.46,89.7,cereals and tubers,Rice (coarse),60,KG,aggregate,Retail,44.44
2020-11-15,Rajshahi,Sirajganj,Sirajgonj Sadar,4075,24.46,89.7,cereals and tubers,Rice (coarse),60,KG,aggregate,Retail,45.0
2020-12-15,Rajshahi,Sirajganj,Sirajgonj Sadar,4075,24.46,89.7,cereals and tubers,Rice (coarse),60,KG,aggregate,Retail,45.0
2021-01-15,Rajshahi,Sirajganj,Sirajgonj Sadar,4075,24.46,89.7,cereals and tubers,Rice (coarse),60,KG,aggregate,Retail,45.0
2021-02-15,Rajshahi,Sirajganj,Sirajgonj Sadar,4075,24.46,89.7,cereals and tubers,Rice (coarse),60,KG,aggregate,Retail,45.18
2021-03-15,Rajshahi,Sirajganj,Sirajgonj Sadar,4075,24.46,89.7,cereals and tubers,Rice (coarse),60,KG,aggregate,Retail,46.43
2021-04-15,Rajshahi,Sirajganj,Sirajgonj Sadar,4075,24.46,89.7,cereals and tubers,Rice (coarse),60,KG,aggregate,Retail,46.05
2021-05-15,Rajshahi,Sirajganj,Sirajgonj Sadar,4075,24.46,89.7,cereals and tubers,Rice (coarse),60,KG,aggregate,Retail,44.86
2021-06-15,Rajshahi,Sirajganj,Sirajgonj Sadar,4075,24.46,89.7,cereals and tubers,Rice (coarse),60,KG,aggregate,Retail,42.92
2021-07-15,Rajshahi,Sirajganj,Sirajgonj Sadar,4075,24.46,89.7,cereals and tubers,Rice (coarse),60,KG,aggregate,Retail,43.0
2021-08-15,Rajshahi,Sirajganj,Sirajgonj Sadar,4075,24.46,89.7,cereals and tubers,Rice (coarse),60,KG,aggregate,Retail,43.2
2021-09-15,Rajshahi,Sirajganj,Sirajgonj Sadar,4075,24.46,89.7,cereals and tubers,Rice (coarse),60,KG,aggregate,Retail,43.0
2021-10-15,Rajshahi,Sirajganj,Sirajgonj Sadar,4075,24.46,89.7,cereals and tubers,Rice (coarse),60,KG,aggregate,Retail,43.0
2021-11-15,Rajshahi,Sirajganj,Sirajgonj Sadar,4075,24.46,89.7,cereals and tubers,Rice (coarse),60,KG,aggregate,Retail,43.1
2021-12-15,Rajshahi,Sirajganj,Sirajgonj Sadar,4075,24.46,89.7,cereals and tubers,Rice (coarse),60,KG,aggregate,Retail,43.33
2022-01-15,Rajshahi,Sirajganj,Sirajgonj Sadar,4075,24.46,89.7,cereals and tubers,Rice (coarse),60,KG,aggregate,Retail,43.0
2022-02-15,Rajshahi,Sirajganj,Sirajgonj Sadar,4075,24.46,89.7,cereals and tubers,Rice (coarse),60,KG,aggregate,Retail,43.02
2022-03-15,Rajshahi,Sirajganj,Sirajgonj Sadar,4075,24.46,89.7,cereals and tubers,Rice (coarse),60,KG,aggregate,Retail,42.65
2022-04-15,Rajshahi,Sirajganj,Sirajgonj Sadar,4075,24.46,89.7,cereals and tubers,Rice (coarse),60,KG,aggregate,Retail,41.0
2022-05-15,Rajshahi,Sirajganj,Sirajgonj Sadar,4075,24.46,89.7,cereals and tubers,Rice (coarse),60,KG,aggregate,Retail,41.97
2022-06-15,Rajshahi,Sirajganj,Sirajgonj Sadar,4075,24.46,89.7,cereals and tubers,Rice (coarse),60,KG,aggregate,Retail,43.14
2022-08-15,Rajshahi,Sirajganj,Sirajgonj Sadar,4075,24.46,89.7,cereals and tubers,Rice (coarse),60,KG,aggregate,Retail,44.55
2022-09-15,Rajshahi,Sirajganj,Sirajgonj Sadar,4075,24.46,89.7,cereals and tubers,Rice (coarse),60,KG,aggregate,Retail,44.9
2022-10-15,Rajshahi,Sirajganj,Sirajgonj Sadar,4075,24.46,89.7,cereals and tubers,Rice (coarse),60,KG,aggregate,Retail,45.17
2022-11-15,Rajshahi,Sirajganj,Sirajgonj Sadar,4075,24.46,89.7,cereals and tubers,Rice (coarse),60,KG,aggregate,Retail,46.19
2022-12-15,Rajshahi,Sirajganj,Sirajgonj Sadar,4075,24.46,89.7,cereals and tubers,Rice (coarse),60,KG,aggregate,Retail,46.58
2023-01-15,Rajshahi,Sirajganj,Sirajgonj Sadar,4075,24.46,89.7,cereals and tubers,Rice (coarse),60,KG,aggregate,Retail,46.0
2023-02-15,Rajshahi,Sirajganj,Sirajgonj Sadar,4075,24.46,89.7,cereals and tubers,Rice (coarse),60,KG,aggregate,Retail,46.0
2023-03-15,Rajshahi,Sirajganj,Sirajgonj Sadar,4075,24.46,89.7,cereals and tubers,Rice (coarse),60,KG,aggregate,Retail,46.27
2023-04-15,Rajshahi,Sirajganj,Sirajgonj Sadar,4075,24.46,89.7,cereals and tubers,Rice (coarse),60,KG,aggregate,Retail,47.0
2023-05-15,Rajshahi,Sirajganj,Sirajgonj Sadar,4075,24.46,89.7,cereals and tubers,Rice (coarse),60,KG,aggregate,Retail,47.01
2023-06-15,Rajshahi,Sirajganj,Sirajgonj Sadar,4075,24.46,89.7,cereals and tubers,Rice (coarse),60,KG,aggregate,Retail,45.5
2023-07-15,Rajshahi,Sirajganj,Sirajgonj Sadar,4075,24.46,89.7,cereals and tubers,Rice (coarse),60,KG,aggregate,Retail,45.5
2023-08-15,Rajshahi,Sirajganj,Sirajgonj Sadar,4075,24.46,89.7,cereals and tubers,Rice (coarse),60,KG,aggregate,Retail,45.5
2023-09-15,Rajshahi,Sirajganj,Sirajgonj Sadar,4075,24.46,89.7,cereals and tubers,Rice (coarse),60,KG,aggregate,Retail,46.0
2023-10-15,Rajshahi,Sirajganj,Sirajgonj Sadar,4075,24.46,89.7,cereals and tubers,Rice (coarse),60,KG,aggregate,Retail,42.0
2023-11-15,Rajshahi,Sirajganj,Sirajgonj Sadar,4075,24.46,89.7,cereals and tubers,Rice (coarse),60,KG,aggregate,Retail,46.0
2023-12-15,Rajshahi,Sirajganj,Sirajgonj Sadar,4075,24.46,89.7,cereals and tubers,Rice (coarse),60,KG,aggregate,Retail,45.5
2024-01-15,Rajshahi,Sirajganj,Sirajgonj Sadar,4075,24.46,89.7,cereals and tubers,Rice (coarse),60,KG,aggregate,Retail,47.8
2024-02-15,Rajshahi,Sirajganj,Sirajgonj Sadar,4075,24.46,89.7,cereals and tubers,Rice (coarse),60,KG,aggregate,Retail,48.5
2024-03-15,Rajshahi,Sirajganj,Sirajgonj Sadar,4075,24.46,89.7,cereals and tubers,Rice (coarse),60,KG,aggregate,Retail,49.0
2024-04-15,Rajshahi,Sirajganj,Sirajgonj Sadar,4075,24.46,89.7,cereals and tubers,Rice (coarse),60,KG,aggregate,Retail,49.0
2024-05-15,Rajshahi,Sirajganj,Sirajgonj Sadar,4075,24.46,89.7,cereals and tubers,Rice (coarse),60,KG,aggregate,Retail,44.5
2024-06-15,Rajshahi,Sirajganj,Sirajgonj Sadar,4075,24.46,89.7,cereals and tubers,Rice (coarse),60,KG,aggregate,Retail,45.5
2024-07-15,Rajshahi,Sirajganj,Sirajgonj Sadar,4075,24.46,89.7,cereals and tubers,Rice (coarse),60,KG,aggregate,Retail,47.5
2024-08-15,Rajshahi,Sirajganj,Sirajgonj Sadar,4075,24.46,89.7,cereals and tubers,Rice (coarse),60,KG,aggregate,Retail,47.5
2024-09-15,Rajshahi,Sirajganj,Sirajgonj Sadar,4075,24.46,89.7,cereals and tubers,Rice (coarse),60,KG,actual,Retail,49.0
2024-10-15,Rajshahi,Sirajganj,Sirajgonj Sadar,4075,24.46,89.7,cereals and tubers,Rice (coarse),60,KG,actual,Retail,51.0
2024-11-15,Rajshahi,Sirajganj,Sirajgonj Sadar,4075,24.46,89.7,cereals and tubers,Rice (coarse),60,KG,actual,Retail,53.0
2024-09-15,Rajshahi,Sirajganj,Sirajgonj Sadar,4075,24.46,89.7,vegetables and fruits,Snake gourd,675,KG,actual,Retail,42.5
2024-10-15,Rajshahi,Sirajganj,Sirajgonj Sadar,4075,24.46,89.7,vegetables and fruits,Snake gourd,675,KG,actual,Retail,56.25
2024-11-15,Rajshahi,Sirajganj,Sirajgonj Sadar,4075,24.46,89.7,vegetables and fruits,Snake gourd,675,KG,actual,Retail,58.8
2024-09-15,Rajshahi,Sirajganj,Sirajgonj Sadar,4075,24.46,89.7,vegetables and fruits,Spinach (malabar),1297,KG,actual,Retail,22.5
2024-10-15,Rajshahi,Sirajganj,Sirajgonj Sadar,4075,24.46,89.7,vegetables and fruits,Spinach (malabar),1297,KG,actual,Retail,27.5
2024-11-15,Rajshahi,Sirajganj,Sirajgonj Sadar,4075,24.46,89.7,vegetables and fruits,Spinach (malabar),1297,KG,actual,Retail,27.5
2024-10-15,Rajshahi,Sirajganj,Sirajgonj Sadar,4075,24.46,89.7,vegetables and fruits,Spinach (red),1296,KG,actual,Retail,45.0
2024-11-15,Rajshahi,Sirajganj,Sirajgonj Sadar,4075,24.46,89.7,vegetables and fruits,Spinach (red),1296,KG,actual,Retail,45.0
2024-09-15,Rajshahi,Sirajganj,Sirajgonj Sadar,4075,24.46,89.7,miscellaneous food,Sugar,97,KG,actual,Retail,127.5
2024-10-15,Rajshahi,Sirajganj,Sirajgonj Sadar,4075,24.46,89.7,miscellaneous food,Sugar,97,KG,actual,Retail,127.5
2024-11-15,Rajshahi,Sirajganj,Sirajgonj Sadar,4075,24.46,89.7,miscellaneous food,Sugar,97,KG,actual,Retail,127.5
2024-12-15,Rajshahi,Sirajganj,Sirajgonj Sadar,4075,24.46,89.7,miscellaneous food,Sugar,97,KG,actual,Retail,127.5
2025-01-15,Rajshahi,Sirajganj,Sirajgonj Sadar,4075,24.46,89.7,miscellaneous food,Sugar,97,KG,actual,Retail,122.5
2025-02-15,Rajshahi,Sirajganj,Sirajgonj Sadar,4075,24.46,89.7,miscellaneous food,Sugar,97,KG,actual,Retail,122.5
2025-04-15,Rajshahi,Sirajganj,Sirajgonj Sadar,4075,24.46,89.7,miscellaneous food,Sugar,97,KG,actual,Retail,117.5
2025-05-15,Rajshahi,Sirajganj,Sirajgonj Sadar,4075,24.46,89.7,miscellaneous food,Sugar,97,KG,actual,Retail,117.5
2025-06-15,Rajshahi,Sirajganj,Sirajgonj Sadar,4075,24.46,89.7,miscellaneous food,Sugar,97,KG,actual,Retail,112.5
2025-08-15,Rajshahi,Sirajganj,Sirajgonj Sadar,4075,24.46,89.7,miscellaneous food,Sugar,97,KG,actual,Retail,107.5
2025-10-15,Rajshahi,Sirajganj,Sirajgonj Sadar,4075,24.46,89.7,miscellaneous food,Sugar,97,KG,actual,Retail,107.5
2020-07-15,Rajshahi,Sirajganj,Sirajgonj Sadar,4075,24.46,89.7,cereals and tubers,Wheat flour,58,KG,aggregate,Retail,33.0
2020-08-15,Rajshahi,Sirajganj,Sirajgonj Sadar,4075,24.46,89.7,cereals and tubers,Wheat flour,58,KG,aggregate,Retail,33.0
2020-09-15,Rajshahi,Sirajganj,Sirajgonj Sadar,4075,24.46,89.7,cereals and tubers,Wheat flour,58,KG,aggregate,Retail,33.0
2020-10-15,Rajshahi,Sirajganj,Sirajgonj Sadar,4075,24.46,89.7,cereals and tubers,Wheat flour,58,KG,aggregate,Retail,33.13
2020-11-15,Rajshahi,Sirajganj,Sirajgonj Sadar,4075,24.46,89.7,cereals and tubers,Wheat flour,58,KG,aggregate,Retail,33.99
2020-12-15,Rajshahi,Sirajganj,Sirajgonj Sadar,4075,24.46,89.7,cereals and tubers,Wheat flour,58,KG,aggregate,Retail,34.0
2021-01-15,Rajshahi,Sirajganj,Sirajgonj Sadar,4075,24.46,89.7,cereals and tubers,Wheat flour,58,KG,aggregate,Retail,34.0
2021-02-15,Rajshahi,Sirajganj,Sirajgonj Sadar,4075,24.46,89.7,cereals and tubers,Wheat flour,58,KG,aggregate,Retail,34.0
2021-03-15,Rajshahi,Sirajganj,Sirajgonj Sadar,4075,24.46,89.7,cereals and tubers,Wheat flour,58,KG,aggregate,Retail,34.0
2021-04-15,Rajshahi,Sirajganj,Sirajgonj Sadar,4075,24.46,89.7,cereals and tubers,Wheat flour,58,KG,aggregate,Retail,34.0
2021-05-15,Rajshahi,Sirajganj,Sirajgonj Sadar,4075,24.46,89.7,cereals and tubers,Wheat flour,58,KG,aggregate,Retail,34.0
2021-06-15,Rajshahi,Sirajganj,Sirajgonj Sadar,4075,24.46,89.7,cereals and tubers,Wheat flour,58,KG,aggregate,Retail,34.0
2021-07-15,Rajshahi,Sirajganj,Sirajgonj Sadar,4075,24.46,89.7,cereals and tubers,Wheat flour,58,KG,aggregate,Retail,34.0
2021-08-15,Rajshahi,Sirajganj,Sirajgonj Sadar,4075,24.46,89.7,cereals and tubers,Wheat flour,58,KG,aggregate,Retail,35.08
2021-09-15,Rajshahi,Sirajganj,Sirajgonj Sadar,4075,24.46,89.7,cereals and tubers,Wheat flour,58,KG,aggregate,Retail,37.5
2021-10-15,Rajshahi,Sirajganj,Sirajgonj Sadar,4075,24.46,89.7,cereals and tubers,Wheat flour,58,KG,aggregate,Retail,39.1
2021-11-15,Rajshahi,Sirajganj,Sirajgonj Sadar,4075,24.46,89.7,cereals and tubers,Wheat flour,58,KG,aggregate,Retail,38.91
2021-12-15,Rajshahi,Sirajganj,Sirajgonj Sadar,4075,24.46,89.7,cereals and tubers,Wheat flour,58,KG,aggregate,Retail,39.89
2022-01-15,Rajshahi,Sirajganj,Sirajgonj Sadar,4075,24.46,89.7,cereals and tubers,Wheat flour,58,KG,aggregate,Retail,42.0
2022-02-15,Rajshahi,Sirajganj,Sirajgonj Sadar,4075,24.46,89.7,cereals and tubers,Wheat flour,58,KG,aggregate,Retail,42.04
2022-03-15,Rajshahi,Sirajganj,Sirajgonj Sadar,4075,24.46,89.7,cereals and tubers,Wheat flour,58,KG,aggregate,Retail,42.78
2022-04-15,Rajshahi,Sirajganj,Sirajgonj Sadar,4075,24.46,89.7,cereals and tubers,Wheat flour,58,KG,aggregate,Retail,42.5
2022-05-15,Rajshahi,Sirajganj,Sirajgonj Sadar,4075,24.46,89.7,cereals and tubers,Wheat flour,58,KG,aggregate,Retail,45.13
2022-06-15,Rajshahi,Sirajganj,Sirajgonj Sadar,4075,24.46,89.7,cereals and tubers,Wheat flour,58,KG,aggregate,Retail,50.19
2022-07-15,Rajshahi,Sirajganj,Sirajgonj Sadar,4075,24.46,89.7,cereals and tubers,Wheat flour,58,KG,aggregate,Retail,51.82
2022-08-15,Rajshahi,Sirajganj,Sirajgonj Sadar,4075,24.46,89.7,cereals and tubers,Wheat flour,58,KG,aggregate,Retail,54.12
2022-09-15,Rajshahi,Sirajganj,Sirajgonj Sadar,4075,24.46,89.7,cereals and tubers,Wheat flour,58,KG,aggregate,Retail,54.41
2022-10-15,Rajshahi,Sirajganj,Sirajgonj Sadar,4075,24.46,89.7,cereals and tubers,Wheat flour,58,KG,aggregate,Retail,57.41
2022-11-15,Rajshahi,Sirajganj,Sirajgonj Sadar,4075,24.46,89.7,cereals and tubers,Wheat flour,58,KG,aggregate,Retail,66.2
2022-12-15,Rajshahi,Sirajganj,Sirajgonj Sadar,4075,24.46,89.7,cereals and tubers,Wheat flour,58,KG,aggregate,Retail,71.69
2023-01-15,Rajshahi,Sirajganj,Sirajgonj Sadar,4075,24.46,89.7,cereals and tubers,Wheat flour,58,KG,aggregate,Retail,70.73
2023-02-15,Rajshahi,Sirajganj,Sirajgonj Sadar,4075,24.46,89.7,cereals and tubers,Wheat flour,58,KG,aggregate,Retail,64.97
2023-03-15,Rajshahi,Sirajganj,Sirajgonj Sadar,4075,24.46,89.7,cereals and tubers,Wheat flour,58,KG,aggregate,Retail,64.52
2023-04-15,Rajshahi,Sirajganj,Sirajgonj Sadar,4075,24.46,89.7,cereals and tubers,Wheat flour,58,KG,aggregate,Retail,64.5
2023-05-15,Rajshahi,Sirajganj,Sirajgonj Sadar,4075,24.46,89.7,cereals and tubers,Wheat flour,58,KG,aggregate,Retail,64.5
2023-06-15,Rajshahi,Sirajganj,Sirajgonj Sadar,4075,24.46,89.7,cereals and tubers,Wheat flour,58,KG,aggregate,Retail,61.89
2023-07-15,Rajshahi,Sirajganj,Sirajgonj Sadar,4075,24.46,89.7,cereals and tubers,Wheat flour,58,KG,aggregate,Retail,57.5
2023-08-15,Rajshahi,Sirajganj,Sirajgonj Sadar,4075,24.46,89.7,cereals and tubers,Wheat flour,58,KG,aggregate,Retail,53.0
2023-09-15,Rajshahi,Sirajganj,Sirajgonj Sadar,4075,24.46,89.7,cereals and tubers,Wheat flour,58,KG,aggregate,Retail,52.5
2023-10-15,Rajshahi,Sirajganj,Sirajgonj Sadar,4075,24.46,89.7,cereals and tubers,Wheat flour,58,KG,aggregate,Retail,50.5
2023-11-15,Rajshahi,Sirajganj,Sirajgonj Sadar,4075,24.46,89.7,cereals and tubers,Wheat flour,58,KG,aggregate,Retail,52.0
2023-12-15,Rajshahi,Sirajganj,Sirajgonj Sadar,4075,24.46,89.7,cereals and tubers,Wheat flour,58,KG,aggregate,Retail,56.5
2024-01-15,Rajshahi,Sirajganj,Sirajgonj Sadar,4075,24.46,89.7,cereals and tubers,Wheat flour,58,KG,aggregate,Retail,56.5
2024-02-15,Rajshahi,Sirajganj,Sirajgonj Sadar,4075,24.46,89.7,cereals and tubers,Wheat flour,58,KG,aggregate,Retail,56.5
2024-03-15,Rajshahi,Sirajganj,Sirajgonj Sadar,4075,24.46,89.7,cereals and tubers,Wheat flour,58,KG,aggregate,Retail,55.5
2024-04-15,Rajshahi,Sirajganj,Sirajgonj Sadar,4075,24.46,89.7,cereals and tubers,Wheat flour,58,KG,aggregate,Retail,55.5
2024-05-15,Rajshahi,Sirajganj,Sirajgonj Sadar,4075,24.46,89.7,cereals and tubers,Wheat flour,58,KG,aggregate,Retail,51.5
2024-06-15,Rajshahi,Sirajganj,Sirajgonj Sadar,4075,24.46,89.7,cereals and tubers,Wheat flour,58,KG,aggregate,Retail,53.0
2024-07-15,Rajshahi,Sirajganj,Sirajgonj Sadar,4075,24.46,89.7,cereals and tubers,Wheat flour,58,KG,aggregate,Retail,49.0
2024-08-15,Rajshahi,Sirajganj,Sirajgonj Sadar,4075,24.46,89.7,cereals and tubers,Wheat flour,58,KG,aggregate,Retail,49.0
2024-09-15,Rajshahi,Sirajganj,Sirajgonj Sadar,4075,24.46,89.7,cereals and tubers,Wheat flour,58,KG,actual,Retail,49.0
2024-10-15,Rajshahi,Sirajganj,Sirajgonj Sadar,4075,24.46,89.7,cereals and tubers,Wheat flour,58,KG,actual,Retail,49.0
2024-11-15,Rajshahi,Sirajganj,Sirajgonj Sadar,4075,24.46,89.7,cereals and tubers,Wheat flour,58,KG,actual,Retail,49.0
2024-12-15,Rajshahi,Sirajganj,Sirajgonj Sadar,4075,24.46,89.7,cereals and tubers,Wheat flour,58,KG,actual,Retail,49.0
2025-01-15,Rajshahi,Sirajganj,Sirajgonj Sadar,4075,24.46,89.7,cereals and tubers,Wheat flour,58,KG,actual,Retail,49.0
2025-02-15,Rajshahi,Sirajganj,Sirajgonj Sadar,4075,24.46,89.7,cereals and tubers,Wheat flour,58,KG,actual,Retail,49.0
2025-04-15,Rajshahi,Sirajganj,Sirajgonj Sadar,4075,24.46,89.7,cereals and tubers,Wheat flour,58,KG,actual,Retail,49.0
2025-05-15,Rajshahi,Sirajganj,Sirajgonj Sadar,4075,24.46,89.7,cereals and tubers,Wheat flour,58,KG,actual,Retail,49.0
2025-06-15,Rajshahi,Sirajganj,Sirajgonj Sadar,4075,24.46,89.7,cereals and tubers,Wheat flour,58,KG,actual,Retail,49.0
2025-08-15,Rajshahi,Sirajganj,Sirajgonj Sadar,4075,24.46,89.7,cereals and tubers,Wheat flour,58,KG,actual,Retail,49.0
2025-10-15,Rajshahi,Sirajganj,Sirajgonj Sadar,4075,24.46,89.7,cereals and tubers,Wheat flour,58,KG,actual,Retail,53.5
2024-09-15,Sylhet,Sunamganj,Sunamgonj Sadar,4078,25.07,91.4,vegetables and fruits,Bananas (ripe),1210,1 piece,actual,Retail,5.62
2024-10-15,Sylhet,Sunamganj,Sunamgonj Sadar,4078,25.07,91.4,vegetables and fruits,Bananas (ripe),1210,1 piece,actual,Retail,5.62
2024-11-15,Sylhet,Sunamganj,Sunamgonj Sadar,4078,25.07,91.4,vegetables and fruits,Bananas (ripe),1210,1 piece,actual,Retail,5.9
2024-09-15,Sylhet,Sunamganj,Sunamgonj Sadar,4078,25.07,91.4,vegetables and fruits,Chili (green),90,KG,actual,Retail,227.5
2024-11-15,Sylhet,Sunamganj,Sunamgonj Sadar,4078,25.07,91.4,vegetables and fruits,Chili (green),90,KG,actual,Retail,125.0
2025-01-15,Sylhet,Sunamganj,Sunamgonj Sadar,4078,25.07,91.4,vegetables and fruits,Chili (green),90,KG,actual,Retail,49.55
2026-05-15,Sylhet,Sunamganj,Sunamgonj Sadar,4078,25.07,91.4,vegetables and fruits,Chili (green),90,KG,actual,Retail,104.71
2026-06-15,Sylhet,Sunamganj,Sunamgonj Sadar,4078,25.07,91.4,vegetables and fruits,Chili (green),90,KG,actual,Retail,111.9
2026-07-15,Sylhet,Sunamganj,Sunamgonj Sadar,4078,25.07,91.4,vegetables and fruits,Chili (green),90,KG,actual,Retail,186.6
2024-09-15,Sylhet,Sunamganj,Sunamgonj Sadar,4078,25.07,91.4,"meat, fish and eggs",Eggs (brown),1073,1 piece,actual,Retail,12.94
2024-10-15,Sylhet,Sunamganj,Sunamgonj Sadar,4078,25.07,91.4,"meat, fish and eggs",Eggs (brown),1073,1 piece,actual,Retail,13.31
2024-11-15,Sylhet,Sunamganj,Sunamgonj Sadar,4078,25.07,91.4,"meat, fish and eggs",Eggs (brown),1073,1 piece,actual,Retail,12.9
2024-12-15,Sylhet,Sunamganj,Sunamgonj Sadar,4078,25.07,91.4,"meat, fish and eggs",Eggs (brown),1073,1 piece,actual,Retail,12.53
2025-01-15,Sylhet,Sunamganj,Sunamgonj Sadar,4078,25.07,91.4,"meat, fish and eggs",Eggs (brown),1073,1 piece,actual,Retail,12.03
2025-02-15,Sylhet,Sunamganj,Sunamgonj Sadar,4078,25.07,91.4,"meat, fish and eggs",Eggs (brown),1073,1 piece,actual,Retail,11.66
2025-03-15,Sylhet,Sunamganj,Sunamgonj Sadar,4078,25.07,91.4,"meat, fish and eggs",Eggs (brown),1073,1 piece,actual,Retail,11.1
2025-04-15,Sylhet,Sunamganj,Sunamgonj Sadar,4078,25.07,91.4,"meat, fish and eggs",Eggs (brown),1073,1 piece,actual,Retail,10.86
2025-05-15,Sylhet,Sunamganj,Sunamgonj Sadar,4078,25.07,91.4,"meat, fish and eggs",Eggs (brown),1073,1 piece,actual,Retail,11.53
2026-05-15,Sylhet,Sunamganj,Sunamgonj Sadar,4078,25.07,91.4,"meat, fish and eggs",Eggs (brown),1073,1 piece,actual,Retail,11.03
2026-06-15,Sylhet,Sunamganj,Sunamgonj Sadar,4078,25.07,91.4,"meat, fish and eggs",Eggs (brown),1073,1 piece,actual,Retail,12.8
2026-07-15,Sylhet,Sunamganj,Sunamgonj Sadar,4078,25.07,91.4,"meat, fish and eggs",Eggs (brown),1073,1 piece,actual,Retail,11.9
2024-09-15,Sylhet,Sunamganj,Sunamgonj Sadar,4078,25.07,91.4,"meat, fish and eggs","Fish (live, pangasius)",1080,KG,actual,Retail,185.0
2024-10-15,Sylhet,Sunamganj,Sunamgonj Sadar,4078,25.07,91.4,"meat, fish and eggs","Fish (live, pangasius)",1080,KG,actual,Retail,152.5
2024-11-15,Sylhet,Sunamganj,Sunamgonj Sadar,4078,25.07,91.4,"meat, fish and eggs","Fish (live, pangasius)",1080,KG,actual,Retail,152.5
2024-12-15,Sylhet,Sunamganj,Sunamgonj Sadar,4078,25.07,91.4,"meat, fish and eggs","Fish (live, pangasius)",1080,KG,actual,Retail,288.89
2025-01-15,Sylhet,Sunamganj,Sunamgonj Sadar,4078,25.07,91.4,"meat, fish and eggs","Fish (live, pangasius)",1080,KG,actual,Retail,311.36
2025-02-15,Sylhet,Sunamganj,Sunamgonj Sadar,4078,25.07,91.4,"meat, fish and eggs","Fish (live, pangasius)",1080,KG,actual,Retail,283.68
2025-03-15,Sylhet,Sunamganj,Sunamgonj Sadar,4078,25.07,91.4,"meat, fish and eggs","Fish (live, pangasius)",1080,KG,actual,Retail,255.0
2025-04-15,Sylhet,Sunamganj,Sunamgonj Sadar,4078,25.07,91.4,"meat, fish and eggs","Fish (live, pangasius)",1080,KG,actual,Retail,229.17
2025-05-15,Sylhet,Sunamganj,Sunamgonj Sadar,4078,25.07,91.4,"meat, fish and eggs","Fish (live, pangasius)",1080,KG,actual,Retail,200.0
2026-05-15,Sylhet,Sunamganj,Sunamgonj Sadar,4078,25.07,91.4,"meat, fish and eggs","Fish (live, pangasius)",1080,KG,actual,Retail,190.29
2026-06-15,Sylhet,Sunamganj,Sunamgonj Sadar,4078,25.07,91.4,"meat, fish and eggs","Fish (live, pangasius)",1080,KG,actual,Retail,195.0
2026-07-15,Sylhet,Sunamganj,Sunamgonj Sadar,4078,25.07,91.4,"meat, fish and eggs","Fish (live, pangasius)",1080,KG,actual,Retail,197.1
2024-09-15,Sylhet,Sunamganj,Sunamgonj Sadar,4078,25.07,91.4,vegetables and fruits,"Garlic (imported, China)",1082,KG,actual,Retail,206.25
2024-10-15,Sylhet,Sunamganj,Sunamgonj Sadar,4078,25.07,91.4,vegetables and fruits,"Garlic (imported, China)",1082,KG,actual,Retail,223.75
2024-11-15,Sylhet,Sunamganj,Sunamgonj Sadar,4078,25.07,91.4,vegetables and fruits,"Garlic (imported, China)",1082,KG,actual,Retail,230.0
2024-12-15,Sylhet,Sunamganj,Sunamgonj Sadar,4078,25.07,91.4,vegetables and fruits,"Garlic (imported, China)",1082,KG,actual,Retail,221.67
2025-01-15,Sylhet,Sunamganj,Sunamgonj Sadar,4078,25.07,91.4,vegetables and fruits,"Garlic (imported, China)",1082,KG,actual,Retail,216.82
2025-02-15,Sylhet,Sunamganj,Sunamgonj Sadar,4078,25.07,91.4,vegetables and fruits,"Garlic (imported, China)",1082,KG,actual,Retail,225.26
2025-03-15,Sylhet,Sunamganj,Sunamgonj Sadar,4078,25.07,91.4,vegetables and fruits,"Garlic (imported, China)",1082,KG,actual,Retail,230.56
2025-04-15,Sylhet,Sunamganj,Sunamgonj Sadar,4078,25.07,91.4,vegetables and fruits,"Garlic (imported, China)",1082,KG,actual,Retail,220.0
2025-05-15,Sylhet,Sunamganj,Sunamgonj Sadar,4078,25.07,91.4,vegetables and fruits,"Garlic (imported, China)",1082,KG,actual,Retail,190.24
2026-05-15,Sylhet,Sunamganj,Sunamgonj Sadar,4078,25.07,91.4,vegetables and fruits,"Garlic (imported, China)",1082,KG,actual,Retail,156.18
2026-06-15,Sylhet,Sunamganj,Sunamgonj Sadar,4078,25.07,91.4,vegetables and fruits,"Garlic (imported, China)",1082,KG,actual,Retail,140.7
2026-07-15,Sylhet,Sunamganj,Sunamgonj Sadar,4078,25.07,91.4,vegetables and fruits,"Garlic (imported, China)",1082,KG,actual,Retail,136.4
2024-09-15,Sylhet,Sunamganj,Sunamgonj Sadar,4078,25.07,91.4,vegetables and fruits,Gourd (bottle),1276,KG,actual,Retail,63.75
2024-10-15,Sylhet,Sunamganj,Sunamgonj Sadar,4078,25.07,91.4,vegetables and fruits,Gourd (bottle),1276,KG,actual,Retail,82.5
2024-11-15,Sylhet,Sunamganj,Sunamgonj Sadar,4078,25.07,91.4,vegetables and fruits,Gourd (bottle),1276,KG,actual,Retail,51.3
2020-09-15,Sylhet,Sunamganj,Sunamgonj Sadar,4078,25.07,91.4,pulses and nuts,Lentils (masur),61,KG,aggregate,Retail,105.0
2020-10-15,Sylhet,Sunamganj,Sunamgonj Sadar,4078,25.07,91.4,pulses and nuts,Lentils (masur),61,KG,aggregate,Retail,105.0
2020-11-15,Sylhet,Sunamganj,Sunamgonj Sadar,4078,25.07,91.4,pulses and nuts,Lentils (masur),61,KG,aggregate,Retail,105.0
2020-12-15,Sylhet,Sunamganj,Sunamgonj Sadar,4078,25.07,91.4,pulses and nuts,Lentils (masur),61,KG,aggregate,Retail,105.0
2021-01-15,Sylhet,Sunamganj,Sunamgonj Sadar,4078,25.07,91.4,pulses and nuts,Lentils (masur),61,KG,aggregate,Retail,105.0
2021-02-15,Sylhet,Sunamganj,Sunamgonj Sadar,4078,25.07,91.4,pulses and nuts,Lentils (masur),61,KG,aggregate,Retail,105.0
2021-03-15,Sylhet,Sunamganj,Sunamgonj Sadar,4078,25.07,91.4,pulses and nuts,Lentils (masur),61,KG,aggregate,Retail,105.0
2021-04-15,Sylhet,Sunamganj,Sunamgonj Sadar,4078,25.07,91.4,pulses and nuts,Lentils (masur),61,KG,aggregate,Retail,105.0
2021-05-15,Sylhet,Sunamganj,Sunamgonj Sadar,4078,25.07,91.4,pulses and nuts,Lentils (masur),61,KG,aggregate,Retail,105.0
2021-06-15,Sylhet,Sunamganj,Sunamgonj Sadar,4078,25.07,91.4,pulses and nuts,Lentils (masur),61,KG,aggregate,Retail,105.0
2021-07-15,Sylhet,Sunamganj,Sunamgonj Sadar,4078,25.07,91.4,pulses and nuts,Lentils (masur),61,KG,aggregate,Retail,105.0
2021-08-15,Sylhet,Sunamganj,Sunamgonj Sadar,4078,25.07,91.4,pulses and nuts,Lentils (masur),61,KG,aggregate,Retail,105.0
2021-09-15,Sylhet,Sunamganj,Sunamgonj Sadar,4078,25.07,91.4,pulses and nuts,Lentils (masur),61,KG,aggregate,Retail,105.0
2021-10-15,Sylhet,Sunamganj,Sunamgonj Sadar,4078,25.07,91.4,pulses and nuts,Lentils (masur),61,KG,aggregate,Retail,105.0
2021-11-15,Sylhet,Sunamganj,Sunamgonj Sadar,4078,25.07,91.4,pulses and nuts,Lentils (masur),61,KG,aggregate,Retail,105.0
2021-12-15,Sylhet,Sunamganj,Sunamgonj Sadar,4078,25.07,91.4,pulses and nuts,Lentils (masur),61,KG,aggregate,Retail,98.56
2022-01-15,Sylhet,Sunamganj,Sunamgonj Sadar,4078,25.07,91.4,pulses and nuts,Lentils (masur),61,KG,aggregate,Retail,87.5
2022-02-15,Sylhet,Sunamganj,Sunamgonj Sadar,4078,25.07,91.4,pulses and nuts,Lentils (masur),61,KG,aggregate,Retail,87.5
2022-03-15,Sylhet,Sunamganj,Sunamgonj Sadar,4078,25.07,91.4,pulses and nuts,Lentils (masur),61,KG,aggregate,Retail,89.44
2022-04-15,Sylhet,Sunamganj,Sunamgonj Sadar,4078,25.07,91.4,pulses and nuts,Lentils (masur),61,KG,aggregate,Retail,102.5
2022-05-15,Sylhet,Sunamganj,Sunamgonj Sadar,4078,25.07,91.4,pulses and nuts,Lentils (masur),61,KG,aggregate,Retail,102.5
2022-06-15,Sylhet,Sunamganj,Sunamgonj Sadar,4078,25.07,91.4,pulses and nuts,Lentils (masur),61,KG,aggregate,Retail,102.5
2022-07-15,Sylhet,Sunamganj,Sunamgonj Sadar,4078,25.07,91.4,pulses and nuts,Lentils (masur),61,KG,aggregate,Retail,102.5
2022-08-15,Sylhet,Sunamganj,Sunamgonj Sadar,4078,25.07,91.4,pulses and nuts,Lentils (masur),61,KG,aggregate,Retail,102.69
2022-09-15,Sylhet,Sunamganj,Sunamgonj Sadar,4078,25.07,91.4,pulses and nuts,Lentils (masur),61,KG,aggregate,Retail,106.98
2022-10-15,Sylhet,Sunamganj,Sunamgonj Sadar,4078,25.07,91.4,pulses and nuts,Lentils (masur),61,KG,aggregate,Retail,107.5
2022-11-15,Sylhet,Sunamganj,Sunamgonj Sadar,4078,25.07,91.4,pulses and nuts,Lentils (masur),61,KG,aggregate,Retail,107.5
2022-12-15,Sylhet,Sunamganj,Sunamgonj Sadar,4078,25.07,91.4,pulses and nuts,Lentils (masur),61,KG,aggregate,Retail,107.5
2023-01-15,Sylhet,Sunamganj,Sunamgonj Sadar,4078,25.07,91.4,pulses and nuts,Lentils (masur),61,KG,aggregate,Retail,107.5
2023-02-15,Sylhet,Sunamganj,Sunamgonj Sadar,4078,25.07,91.4,pulses and nuts,Lentils (masur),61,KG,aggregate,Retail,107.5
2023-03-15,Sylhet,Sunamganj,Sunamgonj Sadar,4078,25.07,91.4,pulses and nuts,Lentils (masur),61,KG,aggregate,Retail,107.5
2023-04-15,Sylhet,Sunamganj,Sunamgonj Sadar,4078,25.07,91.4,pulses and nuts,Lentils (masur),61,KG,aggregate,Retail,112.63
2023-08-15,Sylhet,Sunamganj,Sunamgonj Sadar,4078,25.07,91.4,pulses and nuts,Lentils (masur),61,KG,aggregate,Retail,150.0
2023-09-15,Sylhet,Sunamganj,Sunamgonj Sadar,4078,25.07,91.4,pulses and nuts,Lentils (masur),61,KG,aggregate,Retail,146.5
2023-10-15,Sylhet,Sunamganj,Sunamgonj Sadar,4078,25.07,91.4,pulses and nuts,Lentils (masur),61,KG,aggregate,Retail,145.75
2023-11-15,Sylhet,Sunamganj,Sunamgonj Sadar,4078,25.07,91.4,pulses and nuts,Lentils (masur),61,KG,aggregate,Retail,133.8
2023-12-15,Sylhet,Sunamganj,Sunamgonj Sadar,4078,25.07,91.4,pulses and nuts,Lentils (masur),61,KG,aggregate,Retail,122.5
2024-01-15,Sylhet,Sunamganj,Sunamgonj Sadar,4078,25.07,91.4,pulses and nuts,Lentils (masur),61,KG,aggregate,Retail,131.3
2024-02-15,Sylhet,Sunamganj,Sunamgonj Sadar,4078,25.07,91.4,pulses and nuts,Lentils (masur),61,KG,aggregate,Retail,132.5
2024-03-15,Sylhet,Sunamganj,Sunamgonj Sadar,4078,25.07,91.4,pulses and nuts,Lentils (masur),61,KG,aggregate,Retail,129.8
2024-04-15,Sylhet,Sunamganj,Sunamgonj Sadar,4078,25.07,91.4,pulses and nuts,Lentils (masur),61,KG,aggregate,Retail,129.8
2024-05-15,Sylhet,Sunamganj,Sunamgonj Sadar,4078,25.07,91.4,pulses and nuts,Lentils (masur),61,KG,aggregate,Retail,132.5
2024-07-15,Sylhet,Sunamganj,Sunamgonj Sadar,4078,25.07,91.4,pulses and nuts,Lentils (masur),61,KG,aggregate,Retail,122.5
2024-08-15,Sylhet,Sunamganj,Sunamgonj Sadar,4078,25.07,91.4,pulses and nuts,Lentils (masur),61,KG,aggregate,Retail,122.5
2024-09-15,Sylhet,Sunamganj,Sunamgonj Sadar,4078,25.07,91.4,pulses and nuts,Lentils (masur),61,KG,actual,Retail,135.0
2024-10-15,Sylhet,Sunamganj,Sunamgonj Sadar,4078,25.07,91.4,pulses and nuts,Lentils (masur),61,KG,actual,Retail,138.75
2024-11-15,Sylhet,Sunamganj,Sunamgonj Sadar,4078,25.07,91.4,pulses and nuts,Lentils (masur),61,KG,actual,Retail,140.0
2024-12-15,Sylhet,Sunamganj,Sunamgonj Sadar,4078,25.07,91.4,pulses and nuts,Lentils (masur),61,KG,actual,Retail,123.61
2025-01-15,Sylhet,Sunamganj,Sunamgonj Sadar,4078,25.07,91.4,pulses and nuts,Lentils (masur),61,KG,actual,Retail,123.3
2025-02-15,Sylhet,Sunamganj,Sunamgonj Sadar,4078,25.07,91.4,pulses and nuts,Lentils (masur),61,KG,actual,Retail,122.63
2025-03-15,Sylhet,Sunamganj,Sunamgonj Sadar,4078,25.07,91.4,pulses and nuts,Lentils (masur),61,KG,actual,Retail,113.47
2025-04-15,Sylhet,Sunamganj,Sunamgonj Sadar,4078,25.07,91.4,pulses and nuts,Lentils (masur),61,KG,actual,Retail,112.22
2025-05-15,Sylhet,Sunamganj,Sunamgonj Sadar,4078,25.07,91.4,pulses and nuts,Lentils (masur),61,KG,actual,Retail,107.5
2026-05-15,Sylhet,Sunamganj,Sunamgonj Sadar,4078,25.07,91.4,pulses and nuts,Lentils (masur),61,KG,actual,Retail,106.62
2026-06-15,Sylhet,Sunamganj,Sunamgonj Sadar,4078,25.07,91.4,pulses and nuts,Lentils (masur),61,KG,actual,Retail,92.0
2026-07-15,Sylhet,Sunamganj,Sunamgonj Sadar,4078,25.07,91.4,pulses and nuts,Lentils (masur),61,KG,actual,Retail,87.5
2024-09-15,Sylhet,Sunamganj,Sunamgonj Sadar,4078,25.07,91.4,"meat, fish and eggs","Meat (chicken, broiler)",89,KG,actual,Retail,177.5
2024-10-15,Sylhet,Sunamganj,Sunamgonj Sadar,4078,25.07,91.4,"meat, fish and eggs","Meat (chicken, broiler)",89,KG,actual,Retail,193.75
2024-11-15,Sylhet,Sunamganj,Sunamgonj Sadar,4078,25.07,91.4,"meat, fish and eggs","Meat (chicken, broiler)",89,KG,actual,Retail,181.3
2024-12-15,Sylhet,Sunamganj,Sunamgonj Sadar,4078,25.07,91.4,"meat, fish and eggs","Meat (chicken, broiler)",89,KG,actual,Retail,194.86
2025-01-15,Sylhet,Sunamganj,Sunamgonj Sadar,4078,25.07,91.4,"meat, fish and eggs","Meat (chicken, broiler)",89,KG,actual,Retail,194.43
2025-02-15,Sylhet,Sunamganj,Sunamgonj Sadar,4078,25.07,91.4,"meat, fish and eggs","Meat (chicken, broiler)",89,KG,actual,Retail,197.24
2025-03-15,Sylhet,Sunamganj,Sunamgonj Sadar,4078,25.07,91.4,"meat, fish and eggs","Meat (chicken, broiler)",89,KG,actual,Retail,207.64
2025-04-15,Sylhet,Sunamganj,Sunamgonj Sadar,4078,25.07,91.4,"meat, fish and eggs","Meat (chicken, broiler)",89,KG,actual,Retail,192.78
2025-05-15,Sylhet,Sunamganj,Sunamgonj Sadar,4078,25.07,91.4,"meat, fish and eggs","Meat (chicken, broiler)",89,KG,actual,Retail,172.26
2026-05-15,Sylhet,Sunamganj,Sunamgonj Sadar,4078,25.07,91.4,"meat, fish and eggs","Meat (chicken, broiler)",89,KG,actual,Retail,176.91
2026-06-15,Sylhet,Sunamganj,Sunamgonj Sadar,4078,25.07,91.4,"meat, fish and eggs","Meat (chicken, broiler)",89,KG,actual,Retail,159.0
2026-07-15,Sylhet,Sunamganj,Sunamgonj Sadar,4078,25.07,91.4,"meat, fish and eggs","Meat (chicken, broiler)",89,KG,actual,Retail,183.8
2020-07-15,Sylhet,Sunamganj,Sunamgonj Sadar,4078,25.07,91.4,oil and fats,Oil (palm),62,L,aggregate,Retail,76.0
2020-08-15,Sylhet,Sunamganj,Sunamgonj Sadar,4078,25.07,91.4,oil and fats,Oil (palm),62,L,aggregate,Retail,76.0
2020-09-15,Sylhet,Sunamganj,Sunamgonj Sadar,4078,25.07,91.4,oil and fats,Oil (palm),62,L,aggregate,Retail,76.0
2020-10-15,Sylhet,Sunamganj,Sunamgonj Sadar,4078,25.07,91.4,oil and fats,Oil (palm),62,L,aggregate,Retail,77.72
2020-11-15,Sylhet,Sunamganj,Sunamgonj Sadar,4078,25.07,91.4,oil and fats,Oil (palm),62,L,aggregate,Retail,75.07
2020-12-15,Sylhet,Sunamganj,Sunamgonj Sadar,4078,25.07,91.4,oil and fats,Oil (palm),62,L,aggregate,Retail,75.0
2021-01-15,Sylhet,Sunamganj,Sunamgonj Sadar,4078,25.07,91.4,oil and fats,Oil (palm),62,L,aggregate,Retail,80.0
2021-02-15,Sylhet,Sunamganj,Sunamgonj Sadar,4078,25.07,91.4,oil and fats,Oil (palm),62,L,aggregate,Retail,101.12
2021-03-15,Sylhet,Sunamganj,Sunamgonj Sadar,4078,25.07,91.4,oil and fats,Oil (palm),62,L,aggregate,Retail,110.0
2021-04-15,Sylhet,Sunamganj,Sunamgonj Sadar,4078,25.07,91.4,oil and fats,Oil (palm),62,L,aggregate,Retail,110.0
2021-05-15,Sylhet,Sunamganj,Sunamgonj Sadar,4078,25.07,91.4,oil and fats,Oil (palm),62,L,aggregate,Retail,113.94
2021-06-15,Sylhet,Sunamganj,Sunamgonj Sadar,4078,25.07,91.4,oil and fats,Oil (palm),62,L,aggregate,Retail,120.0
2021-07-15,Sylhet,Sunamganj,Sunamgonj Sadar,4078,25.07,91.4,oil and fats,Oil (palm),62,L,aggregate,Retail,120.0
2021-08-15,Sylhet,Sunamganj,Sunamgonj Sadar,4078,25.07,91.4,oil and fats,Oil (palm),62,L,aggregate,Retail,120.0
2021-09-15,Sylhet,Sunamganj,Sunamgonj Sadar,4078,25.07,91.4,oil and fats,Oil (palm),62,L,aggregate,Retail,120.0
2021-10-15,Sylhet,Sunamganj,Sunamgonj Sadar,4078,25.07,91.4,oil and fats,Oil (palm),62,L,aggregate,Retail,122.85
2021-11-15,Sylhet,Sunamganj,Sunamgonj Sadar,4078,25.07,91.4,oil and fats,Oil (palm),62,L,aggregate,Retail,130.0
2021-12-15,Sylhet,Sunamganj,Sunamgonj Sadar,4078,25.07,91.4,oil and fats,Oil (palm),62,L,aggregate,Retail,130.0
2022-01-15,Sylhet,Sunamganj,Sunamgonj Sadar,4078,25.07,91.4,oil and fats,Oil (palm),62,L,aggregate,Retail,130.42
2022-02-15,Sylhet,Sunamganj,Sunamgonj Sadar,4078,25.07,91.4,oil and fats,Oil (palm),62,L,aggregate,Retail,132.5
2022-03-15,Sylhet,Sunamganj,Sunamgonj Sadar,4078,25.07,91.4,oil and fats,Oil (palm),62,L,aggregate,Retail,136.31
2022-04-15,Sylhet,Sunamganj,Sunamgonj Sadar,4078,25.07,91.4,oil and fats,Oil (palm),62,L,aggregate,Retail,139.75
2022-05-15,Sylhet,Sunamganj,Sunamgonj Sadar,4078,25.07,91.4,oil and fats,Oil (palm),62,L,aggregate,Retail,162.72
2022-06-15,Sylhet,Sunamganj,Sunamgonj Sadar,4078,25.07,91.4,oil and fats,Oil (palm),62,L,aggregate,Retail,174.0
2022-07-15,Sylhet,Sunamganj,Sunamgonj Sadar,4078,25.07,91.4,oil and fats,Oil (palm),62,L,aggregate,Retail,174.36
2022-08-15,Sylhet,Sunamganj,Sunamgonj Sadar,4078,25.07,91.4,oil and fats,Oil (palm),62,L,aggregate,Retail,175.0
2022-09-15,Sylhet,Sunamganj,Sunamgonj Sadar,4078,25.07,91.4,oil and fats,Oil (palm),62,L,aggregate,Retail,169.57
2022-10-15,Sylhet,Sunamganj,Sunamgonj Sadar,4078,25.07,91.4,oil and fats,Oil (palm),62,L,aggregate,Retail,145.63
2022-11-15,Sylhet,Sunamganj,Sunamgonj Sadar,4078,25.07,91.4,oil and fats,Oil (palm),62,L,aggregate,Retail,131.0
2022-12-15,Sylhet,Sunamganj,Sunamgonj Sadar,4078,25.07,91.4,oil and fats,Oil (palm),62,L,aggregate,Retail,129.39
2023-01-15,Sylhet,Sunamganj,Sunamgonj Sadar,4078,25.07,91.4,oil and fats,Oil (palm),62,L,aggregate,Retail,120.14
2023-02-15,Sylhet,Sunamganj,Sunamgonj Sadar,4078,25.07,91.4,oil and fats,Oil (palm),62,L,aggregate,Retail,120.91
2023-03-15,Sylhet,Sunamganj,Sunamgonj Sadar,4078,25.07,91.4,oil and fats,Oil (palm),62,L,aggregate,Retail,132.77
2023-04-15,Sylhet,Sunamganj,Sunamgonj Sadar,4078,25.07,91.4,oil and fats,Oil (palm),62,L,aggregate,Retail,132.5
2023-05-15,Sylhet,Sunamganj,Sunamgonj Sadar,4078,25.07,91.4,oil and fats,Oil (palm),62,L,aggregate,Retail,132.98
2023-06-15,Sylhet,Sunamganj,Sunamgonj Sadar,4078,25.07,91.4,oil and fats,Oil (palm),62,L,aggregate,Retail,137.5
2023-07-15,Sylhet,Sunamganj,Sunamgonj Sadar,4078,25.07,91.4,oil and fats,Oil (palm),62,L,aggregate,Retail,137.5
2023-08-15,Sylhet,Sunamganj,Sunamgonj Sadar,4078,25.07,91.4,oil and fats,Oil (palm),62,L,aggregate,Retail,135.0
2023-09-15,Sylhet,Sunamganj,Sunamgonj Sadar,4078,25.07,91.4,oil and fats,Oil (palm),62,L,aggregate,Retail,132.5
2023-10-15,Sylhet,Sunamganj,Sunamgonj Sadar,4078,25.07,91.4,oil and fats,Oil (palm),62,L,aggregate,Retail,132.5
2023-11-15,Sylhet,Sunamganj,Sunamgonj Sadar,4078,25.07,91.4,oil and fats,Oil (palm),62,L,aggregate,Retail,132.3
2023-12-15,Sylhet,Sunamganj,Sunamgonj Sadar,4078,25.07,91.4,oil and fats,Oil (palm),62,L,aggregate,Retail,133.5
2024-01-15,Sylhet,Sunamganj,Sunamgonj Sadar,4078,25.07,91.4,oil and fats,Oil (palm),62,L,aggregate,Retail,136.3
2024-02-15,Sylhet,Sunamganj,Sunamgonj Sadar,4078,25.07,91.4,oil and fats,Oil (palm),62,L,aggregate,Retail,135.3
2024-03-15,Sylhet,Sunamganj,Sunamgonj Sadar,4078,25.07,91.4,oil and fats,Oil (palm),62,L,aggregate,Retail,131.5
2024-04-15,Sylhet,Sunamganj,Sunamgonj Sadar,4078,25.07,91.4,oil and fats,Oil (palm),62,L,aggregate,Retail,131.5
2024-05-15,Sylhet,Sunamganj,Sunamgonj Sadar,4078,25.07,91.4,oil and fats,Oil (palm),62,L,aggregate,Retail,131.5
2024-06-15,Sylhet,Sunamganj,Sunamgonj Sadar,4078,25.07,91.4,oil and fats,Oil (palm),62,L,aggregate,Retail,131.5
2024-07-15,Sylhet,Sunamganj,Sunamgonj Sadar,4078,25.07,91.4,oil and fats,Oil (palm),62,L,aggregate,Retail,133.8
2024-08-15,Sylhet,Sunamganj,Sunamgonj Sadar,4078,25.07,91.4,oil and fats,Oil (palm),62,L,aggregate,Retail,136.0
2024-09-15,Sylhet,Sunamganj,Sunamgonj Sadar,4078,25.07,91.4,oil and fats,Oil (palm),62,L,actual,Retail,136.0
2024-10-15,Sylhet,Sunamganj,Sunamgonj Sadar,4078,25.07,91.4,oil and fats,Oil (palm),62,L,actual,Retail,136.0
2024-11-15,Sylhet,Sunamganj,Sunamgonj Sadar,4078,25.07,91.4,oil and fats,Oil (palm),62,L,actual,Retail,138.0
2024-12-15,Sylhet,Sunamganj,Sunamgonj Sadar,4078,25.07,91.4,oil and fats,Oil (palm),62,L,actual,Retail,149.33
2025-01-15,Sylhet,Sunamganj,Sunamgonj Sadar,4078,25.07,91.4,oil and fats,Oil (palm),62,L,actual,Retail,159.98
2025-02-15,Sylhet,Sunamganj,Sunamgonj Sadar,4078,25.07,91.4,oil and fats,Oil (palm),62,L,actual,Retail,157.16
2025-03-15,Sylhet,Sunamganj,Sunamgonj Sadar,4078,25.07,91.4,oil and fats,Oil (palm),62,L,actual,Retail,158.22
2025-04-15,Sylhet,Sunamganj,Sunamgonj Sadar,4078,25.07,91.4,oil and fats,Oil (palm),62,L,actual,Retail,162.5
2025-05-15,Sylhet,Sunamganj,Sunamgonj Sadar,4078,25.07,91.4,oil and fats,Oil (palm),62,L,actual,Retail,162.5
2026-05-15,Sylhet,Sunamganj,Sunamgonj Sadar,4078,25.07,91.4,oil and fats,Oil (palm),62,L,actual,Retail,168.5
2026-06-15,Sylhet,Sunamganj,Sunamgonj Sadar,4078,25.07,91.4,oil and fats,Oil (palm),62,L,actual,Retail,168.5
2026-07-15,Sylhet,Sunamganj,Sunamgonj Sadar,4078,25.07,91.4,oil and fats,Oil (palm),62,L,actual,Retail,168.5
2024-09-15,Sylhet,Sunamganj,Sunamgonj Sadar,4078,25.07,91.4,oil and fats,"Oil (soybean, fortified)",1282,L,actual,Retail,164.0
2024-10-15,Sylhet,Sunamganj,Sunamgonj Sadar,4078,25.07,91.4,oil and fats,"Oil (soybean, fortified)",1282,L,actual,Retail,165.25
2024-11-15,Sylhet,Sunamganj,Sunamgonj Sadar,4078,25.07,91.4,oil and fats,"Oil (soybean, fortified)",1282,L,actual,Retail,166.3
2024-12-15,Sylhet,Sunamganj,Sunamgonj Sadar,4078,25.07,91.4,oil and fats,"Oil (soybean, fortified)",1282,L,actual,Retail,149.5
2025-01-15,Sylhet,Sunamganj,Sunamgonj Sadar,4078,25.07,91.4,oil and fats,"Oil (soybean, fortified)",1282,L,actual,Retail,149.5
2025-02-15,Sylhet,Sunamganj,Sunamgonj Sadar,4078,25.07,91.4,oil and fats,"Oil (soybean, fortified)",1282,L,actual,Retail,149.5
2025-03-15,Sylhet,Sunamganj,Sunamgonj Sadar,4078,25.07,91.4,oil and fats,"Oil (soybean, fortified)",1282,L,actual,Retail,149.5
2025-04-15,Sylhet,Sunamganj,Sunamgonj Sadar,4078,25.07,91.4,oil and fats,"Oil (soybean, fortified)",1282,L,actual,Retail,149.5
2025-05-15,Sylhet,Sunamganj,Sunamgonj Sadar,4078,25.07,91.4,oil and fats,"Oil (soybean, fortified)",1282,L,actual,Retail,149.5
2026-05-15,Sylhet,Sunamganj,Sunamgonj Sadar,4078,25.07,91.4,oil and fats,"Oil (soybean, fortified)",1282,L,actual,Retail,149.5
2026-06-15,Sylhet,Sunamganj,Sunamgonj Sadar,4078,25.07,91.4,oil and fats,"Oil (soybean, fortified)",1282,L,actual,Retail,149.5
2026-07-15,Sylhet,Sunamganj,Sunamgonj Sadar,4078,25.07,91.4,oil and fats,"Oil (soybean, fortified)",1282,L,actual,Retail,149.5
2024-09-15,Sylhet,Sunamganj,Sunamgonj Sadar,4078,25.07,91.4,vegetables and fruits,"Onions (imported, China)",1108,KG,actual,Retail,104.25
2024-10-15,Sylhet,Sunamganj,Sunamgonj Sadar,4078,25.07,91.4,vegetables and fruits,"Onions (imported, China)",1108,KG,actual,Retail,105.0
2024-11-15,Sylhet,Sunamganj,Sunamgonj Sadar,4078,25.07,91.4,vegetables and fruits,"Onions (imported, China)",1108,KG,actual,Retail,108.0
2024-12-15,Sylhet,Sunamganj,Sunamgonj Sadar,4078,25.07,91.4,vegetables and fruits,"Onions (imported, China)",1108,KG,actual,Retail,81.97
2025-01-15,Sylhet,Sunamganj,Sunamgonj Sadar,4078,25.07,91.4,vegetables and fruits,"Onions (imported, China)",1108,KG,actual,Retail,58.0
2025-02-15,Sylhet,Sunamganj,Sunamgonj Sadar,4078,25.07,91.4,vegetables and fruits,"Onions (imported, China)",1108,KG,actual,Retail,54.5
2025-03-15,Sylhet,Sunamganj,Sunamgonj Sadar,4078,25.07,91.4,vegetables and fruits,"Onions (imported, China)",1108,KG,actual,Retail,54.5
2025-04-15,Sylhet,Sunamganj,Sunamgonj Sadar,4078,25.07,91.4,vegetables and fruits,"Onions (imported, China)",1108,KG,actual,Retail,50.83
2025-05-15,Sylhet,Sunamganj,Sunamgonj Sadar,4078,25.07,91.4,vegetables and fruits,"Onions (imported, China)",1108,KG,actual,Retail,49.0
2026-05-15,Sylhet,Sunamganj,Sunamgonj Sadar,4078,25.07,91.4,vegetables and fruits,"Onions (imported, China)",1108,KG,actual,Retail,29.0
2026-06-15,Sylhet,Sunamganj,Sunamgonj Sadar,4078,25.07,91.4,vegetables and fruits,"Onions (imported, China)",1108,KG,actual,Retail,29.0
2026-07-15,Sylhet,Sunamganj,Sunamgonj Sadar,4078,25.07,91.4,vegetables and fruits,"Onions (imported, China)",1108,KG,actual,Retail,29.0
2024-09-15,Sylhet,Sunamganj,Sunamgonj Sadar,4078,25.07,91.4,vegetables and fruits,Papaya (green),1114,KG,actual,Retail,32.5
2024-10-15,Sylhet,Sunamganj,Sunamgonj Sadar,4078,25.07,91.4,vegetables and fruits,Papaya (green),1114,KG,actual,Retail,36.25
2024-11-15,Sylhet,Sunamganj,Sunamgonj Sadar,4078,25.07,91.4,vegetables and fruits,Papaya (green),1114,KG,actual,Retail,46.3
2024-12-15,Sylhet,Sunamganj,Sunamgonj Sadar,4078,25.07,91.4,vegetables and fruits,Papaya (green),1114,KG,actual,Retail,54.86
2025-01-15,Sylhet,Sunamganj,Sunamgonj Sadar,4078,25.07,91.4,vegetables and fruits,Papaya (green),1114,KG,actual,Retail,49.09
2025-02-15,Sylhet,Sunamganj,Sunamgonj Sadar,4078,25.07,91.4,vegetables and fruits,Papaya (green),1114,KG,actual,Retail,40.55
2025-03-15,Sylhet,Sunamganj,Sunamgonj Sadar,4078,25.07,91.4,vegetables and fruits,Papaya (green),1114,KG,actual,Retail,44.31
2025-04-15,Sylhet,Sunamganj,Sunamgonj Sadar,4078,25.07,91.4,vegetables and fruits,Papaya (green),1114,KG,actual,Retail,60.28
2025-05-15,Sylhet,Sunamganj,Sunamgonj Sadar,4078,25.07,91.4,vegetables and fruits,Papaya (green),1114,KG,actual,Retail,56.07
2026-05-15,Sylhet,Sunamganj,Sunamgonj Sadar,4078,25.07,91.4,vegetables and fruits,Papaya (green),1114,KG,actual,Retail,53.53
2026-06-15,Sylhet,Sunamganj,Sunamgonj Sadar,4078,25.07,91.4,vegetables and fruits,Papaya (green),1114,KG,actual,Retail,50.4
2026-07-15,Sylhet,Sunamganj,Sunamgonj Sadar,4078,25.07,91.4,vegetables and fruits,Papaya (green),1114,KG,actual,Retail,41.9
2024-09-15,Sylhet,Sunamganj,Sunamgonj Sadar,4078,25.07,91.4,cereals and tubers,"Potatoes (Holland, white)",1295,KG,actual,Retail,56.0
2024-10-15,Sylhet,Sunamganj,Sunamgonj Sadar,4078,25.07,91.4,cereals and tubers,"Potatoes (Holland, white)",1295,KG,actual,Retail,56.75
2024-11-15,Sylhet,Sunamganj,Sunamgonj Sadar,4078,25.07,91.4,cereals and tubers,"Potatoes (Holland, white)",1295,KG,actual,Retail,65.8
2024-12-15,Sylhet,Sunamganj,Sunamgonj Sadar,4078,25.07,91.4,cereals and tubers,"Potatoes (Holland, white)",1295,KG,actual,Retail,64.86
2025-01-15,Sylhet,Sunamganj,Sunamgonj Sadar,4078,25.07,91.4,cereals and tubers,"Potatoes (Holland, white)",1295,KG,actual,Retail,59.0
2025-02-15,Sylhet,Sunamganj,Sunamgonj Sadar,4078,25.07,91.4,cereals and tubers,"Potatoes (Holland, white)",1295,KG,actual,Retail,59.0
2025-03-15,Sylhet,Sunamganj,Sunamgonj Sadar,4078,25.07,91.4,cereals and tubers,"Potatoes (Holland, white)",1295,KG,actual,Retail,59.0
2025-04-15,Sylhet,Sunamganj,Sunamgonj Sadar,4078,25.07,91.4,cereals and tubers,"Potatoes (Holland, white)",1295,KG,actual,Retail,56.89
2025-05-15,Sylhet,Sunamganj,Sunamgonj Sadar,4078,25.07,91.4,cereals and tubers,"Potatoes (Holland, white)",1295,KG,actual,Retail,21.21
2026-05-15,Sylhet,Sunamganj,Sunamgonj Sadar,4078,25.07,91.4,cereals and tubers,"Potatoes (Holland, white)",1295,KG,actual,Retail,14.0
2026-06-15,Sylhet,Sunamganj,Sunamgonj Sadar,4078,25.07,91.4,cereals and tubers,"Potatoes (Holland, white)",1295,KG,actual,Retail,14.0
2026-07-15,Sylhet,Sunamganj,Sunamgonj Sadar,4078,25.07,91.4,cereals and tubers,"Potatoes (Holland, white)",1295,KG,actual,Retail,44.4
2020-07-15,Sylhet,Sunamganj,Sunamgonj Sadar,4078,25.07,91.4,cereals and tubers,Rice (coarse),60,KG,aggregate,Retail,33.0
2020-08-15,Sylhet,Sunamganj,Sunamgonj Sadar,4078,25.07,91.4,cereals and tubers,Rice (coarse),60,KG,aggregate,Retail,35.63
2020-09-15,Sylhet,Sunamganj,Sunamgonj Sadar,4078,25.07,91.4,cereals and tubers,Rice (coarse),60,KG,aggregate,Retail,39.0
2021-05-15,Sylhet,Sunamganj,Sunamgonj Sadar,4078,25.07,91.4,cereals and tubers,Rice (coarse),60,KG,aggregate,Retail,36.0
2021-06-15,Sylhet,Sunamganj,Sunamgonj Sadar,4078,25.07,91.4,cereals and tubers,Rice (coarse),60,KG,aggregate,Retail,36.0
2021-07-15,Sylhet,Sunamganj,Sunamgonj Sadar,4078,25.07,91.4,cereals and tubers,Rice (coarse),60,KG,aggregate,Retail,36.0
2021-08-15,Sylhet,Sunamganj,Sunamgonj Sadar,4078,25.07,91.4,cereals and tubers,Rice (coarse),60,KG,aggregate,Retail,36.0
2021-09-15,Sylhet,Sunamganj,Sunamgonj Sadar,4078,25.07,91.4,cereals and tubers,Rice (coarse),60,KG,aggregate,Retail,36.0
2021-10-15,Sylhet,Sunamganj,Sunamgonj Sadar,4078,25.07,91.4,cereals and tubers,Rice (coarse),60,KG,aggregate,Retail,36.0
2021-11-15,Sylhet,Sunamganj,Sunamgonj Sadar,4078,25.07,91.4,cereals and tubers,Rice (coarse),60,KG,aggregate,Retail,36.0
2022-05-15,Sylhet,Sunamganj,Sunamgonj Sadar,4078,25.07,91.4,cereals and tubers,Rice (coarse),60,KG,aggregate,Retail,41.0
2022-06-15,Sylhet,Sunamganj,Sunamgonj Sadar,4078,25.07,91.4,cereals and tubers,Rice (coarse),60,KG,aggregate,Retail,41.16
2022-07-15,Sylhet,Sunamganj,Sunamgonj Sadar,4078,25.07,91.4,cereals and tubers,Rice (coarse),60,KG,aggregate,Retail,42.92
2022-08-15,Sylhet,Sunamganj,Sunamgonj Sadar,4078,25.07,91.4,cereals and tubers,Rice (coarse),60,KG,aggregate,Retail,43.08
2022-09-15,Sylhet,Sunamganj,Sunamgonj Sadar,4078,25.07,91.4,cereals and tubers,Rice (coarse),60,KG,aggregate,Retail,42.79
2022-10-15,Sylhet,Sunamganj,Sunamgonj Sadar,4078,25.07,91.4,cereals and tubers,Rice (coarse),60,KG,aggregate,Retail,41.03
2022-11-15,Sylhet,Sunamganj,Sunamgonj Sadar,4078,25.07,91.4,cereals and tubers,Rice (coarse),60,KG,aggregate,Retail,42.13
2022-12-15,Sylhet,Sunamganj,Sunamgonj Sadar,4078,25.07,91.4,cereals and tubers,Rice (coarse),60,KG,aggregate,Retail,43.0
2023-05-15,Sylhet,Sunamganj,Sunamgonj Sadar,4078,25.07,91.4,cereals and tubers,Rice (coarse),60,KG,aggregate,Retail,37.0
2023-06-15,Sylhet,Sunamganj,Sunamgonj Sadar,4078,25.07,91.4,cereals and tubers,Rice (coarse),60,KG,aggregate,Retail,37.89
2023-07-15,Sylhet,Sunamganj,Sunamgonj Sadar,4078,25.07,91.4,cereals and tubers,Rice (coarse),60,KG,aggregate,Retail,39.0
2023-08-15,Sylhet,Sunamganj,Sunamgonj Sadar,4078,25.07,91.4,cereals and tubers,Rice (coarse),60,KG,aggregate,Retail,43.5
2023-09-15,Sylhet,Sunamganj,Sunamgonj Sadar,4078,25.07,91.4,cereals and tubers,Rice (coarse),60,KG,aggregate,Retail,46.5
2023-11-15,Sylhet,Sunamganj,Sunamgonj Sadar,4078,25.07,91.4,cereals and tubers,Rice (coarse),60,KG,aggregate,Retail,43.8
2023-12-15,Sylhet,Sunamganj,Sunamgonj Sadar,4078,25.07,91.4,cereals and tubers,Rice (coarse),60,KG,aggregate,Retail,45.0
2024-01-15,Sylhet,Sunamganj,Sunamgonj Sadar,4078,25.07,91.4,cereals and tubers,Rice (coarse),60,KG,aggregate,Retail,45.8
2024-02-15,Sylhet,Sunamganj,Sunamgonj Sadar,4078,25.07,91.4,cereals and tubers,Rice (coarse),60,KG,aggregate,Retail,46.5
2024-03-15,Sylhet,Sunamganj,Sunamgonj Sadar,4078,25.07,91.4,cereals and tubers,Rice (coarse),60,KG,aggregate,Retail,48.75
2024-04-15,Sylhet,Sunamganj,Sunamgonj Sadar,4078,25.07,91.4,cereals and tubers,Rice (coarse),60,KG,aggregate,Retail,48.75
2024-05-15,Sylhet,Sunamganj,Sunamgonj Sadar,4078,25.07,91.4,cereals and tubers,Rice (coarse),60,KG,aggregate,Retail,49.0
2024-06-15,Sylhet,Sunamganj,Sunamgonj Sadar,4078,25.07,91.4,cereals and tubers,Rice (coarse),60,KG,aggregate,Retail,47.0
2024-07-15,Sylhet,Sunamganj,Sunamgonj Sadar,4078,25.07,91.4,cereals and tubers,Rice (coarse),60,KG,aggregate,Retail,46.8
2024-08-15,Sylhet,Sunamganj,Sunamgonj Sadar,4078,25.07,91.4,cereals and tubers,Rice (coarse),60,KG,aggregate,Retail,49.0
2024-09-15,Sylhet,Sunamganj,Sunamgonj Sadar,4078,25.07,91.4,cereals and tubers,Rice (coarse),60,KG,actual,Retail,46.75
2024-10-15,Sylhet,Sunamganj,Sunamgonj Sadar,4078,25.07,91.4,cereals and tubers,Rice (coarse),60,KG,actual,Retail,47.75
2024-11-15,Sylhet,Sunamganj,Sunamgonj Sadar,4078,25.07,91.4,cereals and tubers,Rice (coarse),60,KG,actual,Retail,47.5
2024-12-15,Sylhet,Sunamganj,Sunamgonj Sadar,4078,25.07,91.4,cereals and tubers,Rice (coarse),60,KG,actual,Retail,47.53
2025-01-15,Sylhet,Sunamganj,Sunamgonj Sadar,4078,25.07,91.4,cereals and tubers,Rice (coarse),60,KG,actual,Retail,48.52
2025-02-15,Sylhet,Sunamganj,Sunamgonj Sadar,4078,25.07,91.4,cereals and tubers,Rice (coarse),60,KG,actual,Retail,48.68
2025-03-15,Sylhet,Sunamganj,Sunamgonj Sadar,4078,25.07,91.4,cereals and tubers,Rice (coarse),60,KG,actual,Retail,49.0
2025-04-15,Sylhet,Sunamganj,Sunamgonj Sadar,4078,25.07,91.4,cereals and tubers,Rice (coarse),60,KG,actual,Retail,47.06
2025-05-15,Sylhet,Sunamganj,Sunamgonj Sadar,4078,25.07,91.4,cereals and tubers,Rice (coarse),60,KG,actual,Retail,45.5
2026-05-15,Sylhet,Sunamganj,Sunamgonj Sadar,4078,25.07,91.4,cereals and tubers,Rice (coarse),60,KG,actual,Retail,46.03
2026-06-15,Sylhet,Sunamganj,Sunamgonj Sadar,4078,25.07,91.4,cereals and tubers,Rice (coarse),60,KG,actual,Retail,46.5
2026-07-15,Sylhet,Sunamganj,Sunamgonj Sadar,4078,25.07,91.4,cereals and tubers,Rice (coarse),60,KG,actual,Retail,47.0
2024-09-15,Sylhet,Sunamganj,Sunamgonj Sadar,4078,25.07,91.4,vegetables and fruits,Snake gourd,675,KG,actual,Retail,50.0
2024-10-15,Sylhet,Sunamganj,Sunamgonj Sadar,4078,25.07,91.4,vegetables and fruits,Snake gourd,675,KG,actual,Retail,65.0
2024-11-15,Sylhet,Sunamganj,Sunamgonj Sadar,4078,25.07,91.4,vegetables and fruits,Snake gourd,675,KG,actual,Retail,46.3
2024-12-15,Sylhet,Sunamganj,Sunamgonj Sadar,4078,25.07,91.4,vegetables and fruits,Snake gourd,675,KG,actual,Retail,46.39
2025-01-15,Sylhet,Sunamganj,Sunamgonj Sadar,4078,25.07,91.4,vegetables and fruits,Snake gourd,675,KG,actual,Retail,47.5
2025-02-15,Sylhet,Sunamganj,Sunamgonj Sadar,4078,25.07,91.4,vegetables and fruits,Snake gourd,675,KG,actual,Retail,47.5
2025-03-15,Sylhet,Sunamganj,Sunamgonj Sadar,4078,25.07,91.4,vegetables and fruits,Snake gourd,675,KG,actual,Retail,49.72
2025-04-15,Sylhet,Sunamganj,Sunamgonj Sadar,4078,25.07,91.4,vegetables and fruits,Snake gourd,675,KG,actual,Retail,52.36
2025-05-15,Sylhet,Sunamganj,Sunamgonj Sadar,4078,25.07,91.4,vegetables and fruits,Snake gourd,675,KG,actual,Retail,42.74
2026-05-15,Sylhet,Sunamganj,Sunamgonj Sadar,4078,25.07,91.4,vegetables and fruits,Snake gourd,675,KG,actual,Retail,74.71
2026-06-15,Sylhet,Sunamganj,Sunamgonj Sadar,4078,25.07,91.4,vegetables and fruits,Snake gourd,675,KG,actual,Retail,67.8
2026-07-15,Sylhet,Sunamganj,Sunamgonj Sadar,4078,25.07,91.4,vegetables and fruits,Snake gourd,675,KG,actual,Retail,61.4
2024-09-15,Sylhet,Sunamganj,Sunamgonj Sadar,4078,25.07,91.4,vegetables and fruits,Spinach (malabar),1297,KG,actual,Retail,37.5
2024-10-15,Sylhet,Sunamganj,Sunamgonj Sadar,4078,25.07,91.4,vegetables and fruits,Spinach (malabar),1297,KG,actual,Retail,37.5
2024-11-15,Sylhet,Sunamganj,Sunamgonj Sadar,4078,25.07,91.4,vegetables and fruits,Spinach (malabar),1297,KG,actual,Retail,37.5
2024-12-15,Sylhet,Sunamganj,Sunamgonj Sadar,4078,25.07,91.4,vegetables and fruits,Spinach (malabar),1297,KG,actual,Retail,37.5
2025-01-15,Sylhet,Sunamganj,Sunamgonj Sadar,4078,25.07,91.4,vegetables and fruits,Spinach (malabar),1297,KG,actual,Retail,37.5
2025-02-15,Sylhet,Sunamganj,Sunamgonj Sadar,4078,25.07,91.4,vegetables and fruits,Spinach (malabar),1297,KG,actual,Retail,23.82
2025-03-15,Sylhet,Sunamganj,Sunamgonj Sadar,4078,25.07,91.4,vegetables and fruits,Spinach (malabar),1297,KG,actual,Retail,24.72
2025-04-15,Sylhet,Sunamganj,Sunamgonj Sadar,4078,25.07,91.4,vegetables and fruits,Spinach (malabar),1297,KG,actual,Retail,22.22
2025-05-15,Sylhet,Sunamganj,Sunamgonj Sadar,4078,25.07,91.4,vegetables and fruits,Spinach (malabar),1297,KG,actual,Retail,18.21
2026-05-15,Sylhet,Sunamganj,Sunamgonj Sadar,4078,25.07,91.4,vegetables and fruits,Spinach (malabar),1297,KG,actual,Retail,39.26
2026-06-15,Sylhet,Sunamganj,Sunamgonj Sadar,4078,25.07,91.4,vegetables and fruits,Spinach (malabar),1297,KG,actual,Retail,44.6
2026-07-15,Sylhet,Sunamganj,Sunamgonj Sadar,4078,25.07,91.4,vegetables and fruits,Spinach (malabar),1297,KG,actual,Retail,46.8
2024-11-15,Sylhet,Sunamganj,Sunamgonj Sadar,4078,25.07,91.4,vegetables and fruits,Spinach (red),1296,KG,actual,Retail,31.3
2024-12-15,Sylhet,Sunamganj,Sunamgonj Sadar,4078,25.07,91.4,vegetables and fruits,Spinach (red),1296,KG,actual,Retail,23.28
2025-01-15,Sylhet,Sunamganj,Sunamgonj Sadar,4078,25.07,91.4,vegetables and fruits,Spinach (red),1296,KG,actual,Retail,11.75
2025-02-15,Sylhet,Sunamganj,Sunamgonj Sadar,4078,25.07,91.4,vegetables and fruits,Spinach (red),1296,KG,actual,Retail,11.95
2025-03-15,Sylhet,Sunamganj,Sunamgonj Sadar,4078,25.07,91.4,vegetables and fruits,Spinach (red),1296,KG,actual,Retail,17.5
2025-04-15,Sylhet,Sunamganj,Sunamgonj Sadar,4078,25.07,91.4,vegetables and fruits,Spinach (red),1296,KG,actual,Retail,19.44
2025-05-15,Sylhet,Sunamganj,Sunamgonj Sadar,4078,25.07,91.4,vegetables and fruits,Spinach (red),1296,KG,actual,Retail,22.5
2026-05-15,Sylhet,Sunamganj,Sunamgonj Sadar,4078,25.07,91.4,vegetables and fruits,Spinach (red),1296,KG,actual,Retail,39.12
2026-06-15,Sylhet,Sunamganj,Sunamgonj Sadar,4078,25.07,91.4,vegetables and fruits,Spinach (red),1296,KG,actual,Retail,44.6
2026-07-15,Sylhet,Sunamganj,Sunamgonj Sadar,4078,25.07,91.4,vegetables and fruits,Spinach (red),1296,KG,actual,Retail,45.0
2024-09-15,Sylhet,Sunamganj,Sunamgonj Sadar,4078,25.07,91.4,miscellaneous food,Sugar,97,KG,actual,Retail,111.75
2024-10-15,Sylhet,Sunamganj,Sunamgonj Sadar,4078,25.07,91.4,miscellaneous food,Sugar,97,KG,actual,Retail,119.75
2024-11-15,Sylhet,Sunamganj,Sunamgonj Sadar,4078,25.07,91.4,miscellaneous food,Sugar,97,KG,actual,Retail,121.0
2024-12-15,Sylhet,Sunamganj,Sunamgonj Sadar,4078,25.07,91.4,miscellaneous food,Sugar,97,KG,actual,Retail,119.19
2025-01-15,Sylhet,Sunamganj,Sunamgonj Sadar,4078,25.07,91.4,miscellaneous food,Sugar,97,KG,actual,Retail,121.84
2025-02-15,Sylhet,Sunamganj,Sunamgonj Sadar,4078,25.07,91.4,miscellaneous food,Sugar,97,KG,actual,Retail,120.0
2025-03-15,Sylhet,Sunamganj,Sunamgonj Sadar,4078,25.07,91.4,miscellaneous food,Sugar,97,KG,actual,Retail,119.31
2025-04-15,Sylhet,Sunamganj,Sunamgonj Sadar,4078,25.07,91.4,miscellaneous food,Sugar,97,KG,actual,Retail,119.86
2025-05-15,Sylhet,Sunamganj,Sunamgonj Sadar,4078,25.07,91.4,miscellaneous food,Sugar,97,KG,actual,Retail,115.12
2026-05-15,Sylhet,Sunamganj,Sunamgonj Sadar,4078,25.07,91.4,miscellaneous food,Sugar,97,KG,actual,Retail,102.5
2026-06-15,Sylhet,Sunamganj,Sunamgonj Sadar,4078,25.07,91.4,miscellaneous food,Sugar,97,KG,actual,Retail,102.5
2026-07-15,Sylhet,Sunamganj,Sunamgonj Sadar,4078,25.07,91.4,miscellaneous food,Sugar,97,KG,actual,Retail,103.3
2020-09-15,Sylhet,Sunamganj,Sunamgonj Sadar,4078,25.07,91.4,cereals and tubers,Wheat flour,58,KG,aggregate,Retail,36.0
2020-10-15,Sylhet,Sunamganj,Sunamgonj Sadar,4078,25.07,91.4,cereals and tubers,Wheat flour,58,KG,aggregate,Retail,36.0
2020-11-15,Sylhet,Sunamganj,Sunamgonj Sadar,4078,25.07,91.4,cereals and tubers,Wheat flour,58,KG,aggregate,Retail,36.0
2020-12-15,Sylhet,Sunamganj,Sunamgonj Sadar,4078,25.07,91.4,cereals and tubers,Wheat flour,58,KG,aggregate,Retail,36.0
2021-01-15,Sylhet,Sunamganj,Sunamgonj Sadar,4078,25.07,91.4,cereals and tubers,Wheat flour,58,KG,aggregate,Retail,36.0
2021-02-15,Sylhet,Sunamganj,Sunamgonj Sadar,4078,25.07,91.4,cereals and tubers,Wheat flour,58,KG,aggregate,Retail,36.12
2021-03-15,Sylhet,Sunamganj,Sunamgonj Sadar,4078,25.07,91.4,cereals and tubers,Wheat flour,58,KG,aggregate,Retail,36.0
2021-04-15,Sylhet,Sunamganj,Sunamgonj Sadar,4078,25.07,91.4,cereals and tubers,Wheat flour,58,KG,aggregate,Retail,36.0
2021-05-15,Sylhet,Sunamganj,Sunamgonj Sadar,4078,25.07,91.4,cereals and tubers,Wheat flour,58,KG,aggregate,Retail,36.0
2021-06-15,Sylhet,Sunamganj,Sunamgonj Sadar,4078,25.07,91.4,cereals and tubers,Wheat flour,58,KG,aggregate,Retail,36.0
2021-07-15,Sylhet,Sunamganj,Sunamgonj Sadar,4078,25.07,91.4,cereals and tubers,Wheat flour,58,KG,aggregate,Retail,36.0
2021-08-15,Sylhet,Sunamganj,Sunamgonj Sadar,4078,25.07,91.4,cereals and tubers,Wheat flour,58,KG,aggregate,Retail,36.0
2021-09-15,Sylhet,Sunamganj,Sunamgonj Sadar,4078,25.07,91.4,cereals and tubers,Wheat flour,58,KG,aggregate,Retail,36.0
2021-10-15,Sylhet,Sunamganj,Sunamgonj Sadar,4078,25.07,91.4,cereals and tubers,Wheat flour,58,KG,aggregate,Retail,36.29
2021-11-15,Sylhet,Sunamganj,Sunamgonj Sadar,4078,25.07,91.4,cereals and tubers,Wheat flour,58,KG,aggregate,Retail,37.3
2021-12-15,Sylhet,Sunamganj,Sunamgonj Sadar,4078,25.07,91.4,cereals and tubers,Wheat flour,58,KG,aggregate,Retail,40.81
2022-01-15,Sylhet,Sunamganj,Sunamgonj Sadar,4078,25.07,91.4,cereals and tubers,Wheat flour,58,KG,aggregate,Retail,42.75
2022-02-15,Sylhet,Sunamganj,Sunamgonj Sadar,4078,25.07,91.4,cereals and tubers,Wheat flour,58,KG,aggregate,Retail,43.5
2022-03-15,Sylhet,Sunamganj,Sunamgonj Sadar,4078,25.07,91.4,cereals and tubers,Wheat flour,58,KG,aggregate,Retail,44.02
2022-04-15,Sylhet,Sunamganj,Sunamgonj Sadar,4078,25.07,91.4,cereals and tubers,Wheat flour,58,KG,aggregate,Retail,47.5
2022-05-15,Sylhet,Sunamganj,Sunamgonj Sadar,4078,25.07,91.4,cereals and tubers,Wheat flour,58,KG,aggregate,Retail,47.5
2022-06-15,Sylhet,Sunamganj,Sunamgonj Sadar,4078,25.07,91.4,cereals and tubers,Wheat flour,58,KG,aggregate,Retail,48.41
2022-07-15,Sylhet,Sunamganj,Sunamgonj Sadar,4078,25.07,91.4,cereals and tubers,Wheat flour,58,KG,aggregate,Retail,49.0
2022-08-15,Sylhet,Sunamganj,Sunamgonj Sadar,4078,25.07,91.4,cereals and tubers,Wheat flour,58,KG,aggregate,Retail,50.52
2022-09-15,Sylhet,Sunamganj,Sunamgonj Sadar,4078,25.07,91.4,cereals and tubers,Wheat flour,58,KG,aggregate,Retail,55.6
2022-10-15,Sylhet,Sunamganj,Sunamgonj Sadar,4078,25.07,91.4,cereals and tubers,Wheat flour,58,KG,aggregate,Retail,56.75
2022-11-15,Sylhet,Sunamganj,Sunamgonj Sadar,4078,25.07,91.4,cereals and tubers,Wheat flour,58,KG,aggregate,Retail,57.5
2022-12-15,Sylhet,Sunamganj,Sunamgonj Sadar,4078,25.07,91.4,cereals and tubers,Wheat flour,58,KG,aggregate,Retail,62.05
2023-01-15,Sylhet,Sunamganj,Sunamgonj Sadar,4078,25.07,91.4,cereals and tubers,Wheat flour,58,KG,aggregate,Retail,64.59
2023-02-15,Sylhet,Sunamganj,Sunamgonj Sadar,4078,25.07,91.4,cereals and tubers,Wheat flour,58,KG,aggregate,Retail,62.67
2023-03-15,Sylhet,Sunamganj,Sunamgonj Sadar,4078,25.07,91.4,cereals and tubers,Wheat flour,58,KG,aggregate,Retail,64.91
2023-04-15,Sylhet,Sunamganj,Sunamgonj Sadar,4078,25.07,91.4,cereals and tubers,Wheat flour,58,KG,aggregate,Retail,63.02
2023-05-15,Sylhet,Sunamganj,Sunamgonj Sadar,4078,25.07,91.4,cereals and tubers,Wheat flour,58,KG,aggregate,Retail,63.0
2023-06-15,Sylhet,Sunamganj,Sunamgonj Sadar,4078,25.07,91.4,cereals and tubers,Wheat flour,58,KG,aggregate,Retail,62.66
2023-07-15,Sylhet,Sunamganj,Sunamgonj Sadar,4078,25.07,91.4,cereals and tubers,Wheat flour,58,KG,aggregate,Retail,61.5
2023-08-15,Sylhet,Sunamganj,Sunamgonj Sadar,4078,25.07,91.4,cereals and tubers,Wheat flour,58,KG,aggregate,Retail,62.0
2023-09-15,Sylhet,Sunamganj,Sunamgonj Sadar,4078,25.07,91.4,cereals and tubers,Wheat flour,58,KG,aggregate,Retail,60.25
2023-10-15,Sylhet,Sunamganj,Sunamgonj Sadar,4078,25.07,91.4,cereals and tubers,Wheat flour,58,KG,aggregate,Retail,47.5
2023-11-15,Sylhet,Sunamganj,Sunamgonj Sadar,4078,25.07,91.4,cereals and tubers,Wheat flour,58,KG,aggregate,Retail,60.0
2023-12-15,Sylhet,Sunamganj,Sunamgonj Sadar,4078,25.07,91.4,cereals and tubers,Wheat flour,58,KG,aggregate,Retail,59.0
2024-01-15,Sylhet,Sunamganj,Sunamgonj Sadar,4078,25.07,91.4,cereals and tubers,Wheat flour,58,KG,aggregate,Retail,58.3
2024-02-15,Sylhet,Sunamganj,Sunamgonj Sadar,4078,25.07,91.4,cereals and tubers,Wheat flour,58,KG,aggregate,Retail,55.5
2024-03-15,Sylhet,Sunamganj,Sunamgonj Sadar,4078,25.07,91.4,cereals and tubers,Wheat flour,58,KG,aggregate,Retail,57.5
2024-04-15,Sylhet,Sunamganj,Sunamgonj Sadar,4078,25.07,91.4,cereals and tubers,Wheat flour,58,KG,aggregate,Retail,62.5
2024-05-15,Sylhet,Sunamganj,Sunamgonj Sadar,4078,25.07,91.4,cereals and tubers,Wheat flour,58,KG,aggregate,Retail,62.5
2024-06-15,Sylhet,Sunamganj,Sunamgonj Sadar,4078,25.07,91.4,cereals and tubers,Wheat flour,58,KG,aggregate,Retail,60.0
2024-07-15,Sylhet,Sunamganj,Sunamgonj Sadar,4078,25.07,91.4,cereals and tubers,Wheat flour,58,KG,aggregate,Retail,58.3
2024-08-15,Sylhet,Sunamganj,Sunamgonj Sadar,4078,25.07,91.4,cereals and tubers,Wheat flour,58,KG,aggregate,Retail,57.5
2024-09-15,Sylhet,Sunamganj,Sunamgonj Sadar,4078,25.07,91.4,cereals and tubers,Wheat flour,58,KG,actual,Retail,58.25
2024-10-15,Sylhet,Sunamganj,Sunamgonj Sadar,4078,25.07,91.4,cereals and tubers,Wheat flour,58,KG,actual,Retail,55.0
2024-11-15,Sylhet,Sunamganj,Sunamgonj Sadar,4078,25.07,91.4,cereals and tubers,Wheat flour,58,KG,actual,Retail,60.0
2024-12-15,Sylhet,Sunamganj,Sunamgonj Sadar,4078,25.07,91.4,cereals and tubers,Wheat flour,58,KG,actual,Retail,56.67
2025-01-15,Sylhet,Sunamganj,Sunamgonj Sadar,4078,25.07,91.4,cereals and tubers,Wheat flour,58,KG,actual,Retail,52.5
2025-02-15,Sylhet,Sunamganj,Sunamgonj Sadar,4078,25.07,91.4,cereals and tubers,Wheat flour,58,KG,actual,Retail,52.5
2025-03-15,Sylhet,Sunamganj,Sunamgonj Sadar,4078,25.07,91.4,cereals and tubers,Wheat flour,58,KG,actual,Retail,52.5
2025-04-15,Sylhet,Sunamganj,Sunamgonj Sadar,4078,25.07,91.4,cereals and tubers,Wheat flour,58,KG,actual,Retail,52.5
2025-05-15,Sylhet,Sunamganj,Sunamgonj Sadar,4078,25.07,91.4,cereals and tubers,Wheat flour,58,KG,actual,Retail,52.5
2026-05-15,Sylhet,Sunamganj,Sunamgonj Sadar,4078,25.07,91.4,cereals and tubers,Wheat flour,58,KG,actual,Retail,62.5
2026-06-15,Sylhet,Sunamganj,Sunamgonj Sadar,4078,25.07,91.4,cereals and tubers,Wheat flour,58,KG,actual,Retail,62.5
2026-07-15,Sylhet,Sunamganj,Sunamgonj Sadar,4078,25.07,91.4,cereals and tubers,Wheat flour,58,KG,actual,Retail,62.5
