crop,variety,alias,release_year,duration_days_min,duration_days_max,yield_t_ha_min,yield_t_ha_max,plant_height_cm,oil_pct,drought_tolerant,salt_tolerant,heat_tolerant,waterlogging_tolerant,cold_tolerant,fits_after_aman,short_duration,bijoy_name,description_bijoy,source
Barley,BARI Barley-1,,1994.0,108.0,112.0,2.2,2.5,85.0,,False,False,False,False,False,False,False,evwi evwj©-1,"1988 mv‡j CIMMYT †_‡K G RvZwU evsjv‡`‡k Avbv nq| cieZ©x Kv‡j wewfbœ cix¶v-wbix¶vi gva¨‡g 1994 mv‡j evwi evwj©-1 bv‡g G RvZwU Aby‡gv`b jvf K‡i| G Rv‡Zi D”PZv gvSvix (85-90 †mwg)| cvZvi is Mvp meyR I KvÐ k³| MvQ mn‡R by‡q c‡o bv| exR, kx‡l 6 mvwi‡Z Ae¯’vb K‡i| `vbv †Lvmvhy³| `vbvi is †mvbvjx| nvRvi `vbvi IRb 36-38 Mªvg| G †`‡ki AvenvIqvq Gi RxebKvj 108-112 w`b| G RvZwU‡Z †ivM I †cvKvi AvµgY Lye Kg| †mP Qvov Pvl Ki‡jI †n±icÖwZ 2.2-2.5 Ub djb cvIqv hvq| Z‡e GKwU †mP cÖ‡qv‡M djb e…w× cvq|","BARI Krishi Projukti Hatboi, 10th edition (Dec 2024), Akhond et al. (eds.) 2025"
Barley,BARI Barley-2,,1994.0,,,2.0,2.5,,,False,False,False,False,False,False,False,evwi evwj©-2,"Ôevwi evwj©-2Õ RvZwU 1994 mv‡j Aby‡gvw`Z nq| G Rv‡Zi MvQ gvSvix D”PZvm¤úbœ| exR 6 mvwi wewkó Ges †Lvmvhy³ KvÐ k³, d‡j mn‡R †n‡j c‡o bv| RvZwU †Mvov cPv I Sjmv‡bv †ivM cÖwZ‡iva ¶gZvm¤úbœ| G RvZwUi nvRvi ex‡Ri IRb 35-38 Mªvg Ges `vbv‡Z 12-14% Avwgl _v‡K| Ôevwi evwj©-2Õ †mPwenxb Pv‡l †n±icÖwZ 2.0-2.5 Ub Ges GKwU †mPmn Pv‡l 2.5-3.0 Ub djb cvIqv hvq|","BARI Krishi Projukti Hatboi, 10th edition (Dec 2024), Akhond et al. (eds.) 2025"
Barley,BARI Barley-3,,2001.0,95.0,100.0,2.2,2.5,,,False,False,False,False,False,False,False,evwi evwj©-3,"K¨vwj‡dvwb©qv †_‡K Avg`vwbK…Z jvBb †_‡K Kvivb-19 evQvB K‡i cÖwµqvi gva¨‡g cwi¶Y-wbix¶Y K‡i RvZwU 2001 mv‡j RvZxq exR †evW© KZ©…K Aby‡gvw`Z nq| MvQ LvU cÖK…wZi 75-85 †mwg| cvZv †gvghy³ 6 mvwi, †Lvmvgy³ `vbv, kxl 10-12 †mwg j¤^v| nvRvi `vbvi IRb 34-36 Mªvg| †ivMevjvB Kg, `vbv eo, 95-100 w`‡b dmj cwic° nq| Mo djb 2.20-2.50 Ub/‡n±i|","BARI Krishi Projukti Hatboi, 10th edition (Dec 2024), Akhond et al. (eds.) 2025"
Barley,BARI Barley-4,,2001.0,95.0,100.0,1.75,2.0,95.0,,False,True,False,False,False,False,False,evwi evwj©-4,"RvZwU 2001 mv‡j RvZxq exR †evW© KZ©…K Aby‡gvw`Z nq| evsjv‡`‡ki wewfbœ †Rjv †_‡K bgybv msMªn K‡i evQvB cÖwµqvi gva¨‡g cix¶v-wbix¶v K‡i RvZwU D™¢veb Kiv nq| jeYv³Zv mnbkxj, jeYv³ GjvKvq Mv‡Qi D”PZv 95-100 †mwg, 6 mvwi †Lvmvhy³ `vbv| kxl 8-10 †mwg| nvRvi `vbvi IRb 35-38 Mªvg| †ivMevjvB Kg, `vbv cwicyó I †mvbvjx e‡Y©i, 95-100 w`‡b dmj cwic° nq| Mo djb 1.75-2.00 Ub/†n±i|","BARI Krishi Projukti Hatboi, 10th edition (Dec 2024), Akhond et al. (eds.) 2025"
Barley,BARI Barley-5,,2005.0,95.0,98.0,2.5,3.0,95.0,,False,False,False,False,False,False,True,evwi evwj©-5,"Ôevwi evwj©-1Õ I Ô†ej-4Õ Gi g‡a¨ msKivq‡Yi gva¨‡g D™¢vweZ| RvZwU 2005 mv‡j RvZxq exR †evW© KZ©…K Aby‡gvw`Z nq| Mv‡Qi D”PZv 95-100 †mwg| AvMvg cwic°Zv wewkó| cvZvi is meyR| ex‡Ri is ev`vgx, exR 6 mvwi wewkó| kxl 10-12 †mwg ch©šÍ j¤^v nq| cÖwZ kx‡l 60-65 wU `vbv _v‡K| exR †Lvmvhy³| Rxeb Kvj 95-98 w`b| nvRvi `vbvi IRb 36-38 Mªvg| Dchy³ cwi‡e‡k Mo djb 2.50-3.00 Ub/†n±i| GwU evsjv‡`‡ki Kg Ee©i, Liv wcoxZ I Pi AÂ‡j Pvl Dc‡hvMx|","BARI Krishi Projukti Hatboi, 10th edition (Dec 2024), Akhond et al. (eds.) 2025"
Barley,BARI Barley-6,,2005.0,98.0,102.0,2.5,2.75,85.0,,False,False,False,False,False,False,False,evwi evwj©-6,"RvZwU 2005 mv‡j RvZxq exR †evW KZ©…K Aby‡gvw`Z nq| evwi evwj©-1 Ges B-6 Gi g‡a¨ msKivq‡Yi gva¨‡g D™¢vweZ| Mv‡Qi D”PZv 85-90 †mwg| cvZvi is meyR, k³ KvÐ wewkó, by‡q c‡o bv | kxl 10-12 †mwg chšÍ© j¤^v nq| exR 6 mvwi wewkó Ges †Lvmvgy³| cÖwZwU kx‡l 48-65 wU exR _v‡K| RxebKvj 98-102 w`b| nvRvi `vbvi IRb 35-38 Mªvg| †ivMevjvB Kg, `vbv eo I †mvbvjx e‡Y©i| Dchy³ cwi‡e‡k Mo djb 2.50-2.75 Ub/†n±i| jeYv³ GjvKvq Mo djb 2.5-2.75 Ub/‡n±i| ex‡Ri iO ev`vgx| GwU evsjv‡`‡ki Kg Ee©i, Liv wcoxZ I Pi AÂ‡j Pvl Dc‡hvMx|","BARI Krishi Projukti Hatboi, 10th edition (Dec 2024), Akhond et al. (eds.) 2025"
Barley,BARI Barley-7,,2015.0,95.0,105.0,2.0,2.5,50.0,,False,True,False,False,False,False,False,evwi evwj©-7,evsjv‡`k K…wl M‡elYv Bbw÷wUDU Gi Dw™¢` cÖRbb wefvM KZ©…K D™¢vweZ evwi evwj©-7 GKwU jeYv³Zv mnbkxj †Lvmvgy³ evwj©i RvZ| K¨vwj‡dvwb©qv †_‡K msM…nxZ Kvivb-351 Gi mv‡_ ICARDA E-21 Rv‡Zi msKivq‡Yi gva¨‡g Ges wewfbœ AvenvIqvq cix¶v-wbix¶vi gva¨‡g G RvZwU D™¢veb Kiv nq| †`‡ki wewfbœ jeYv³ GjvKvq gvV ch©v‡qi cix¶vq fvj djb †`qvq RvZwU RvZxq exR †evW© KZ©…K 2015 mv‡j evwi evwj©-7 bv‡g Aegy³ Kiv nq| jeYv³ GjvKvq G Rv‡Zi Mv‡Qi Mo D”PZv 50-65 †mwg| kxl †ei n‡Z 60-65 w`b Ges †evbv †_‡K cvKv chšÍ© 95-105 w`b jv‡M| RvZwUi kxl Qq mvwi wewkó I `vbv¸‡jv †Lvmvgy³| kx‡l `vbvi msL¨v 38-48 (cÖvq)| `vbvi iO ev`vgx I AvKv‡i gvSvix| nvRvi `vbvi IRb 30-40 Mªvg| RvZwU 08 wWGm/wg ch©šÍ jeYv³Zv mn¨ Ki‡Z cv‡i| †n±i cÖwZ djb 2.00-2.50 Ub/‡n±i (jeYv³ GjvKvq)|,"BARI Krishi Projukti Hatboi, 10th edition (Dec 2024), Akhond et al. (eds.) 2025"
Barley,BARI Barley-8,,2018.0,95.0,95.0,2.2,2.51,73.0,,False,True,False,False,False,False,False,evwi evwj©-8,"evsjv‡`k K…wl M‡elYv Bbw÷wUDU Gi Dw™¢` cÖRbb wefvM KZ©…K D™¢vweZ evwi evwj©-8 GKwU jeYv³Zv mnbkxj †Lvmvgy³ evwj©i RvZ| K¨vwj‡dvwbqv †_‡K msMÖnxZ Kvivb-19 Gi mv‡_ ICARDA, wmwiqv †_‡K msM„nxZ IEBON/96-163 Rv‡Zi msKivq‡Yi gva¨‡g Ges wewfbœ AvenvIqvq cix¶v-wbix¶vi gva¨‡g G RvZwU D™¢veb Kiv nq| †`‡ki wewfbœ jeYv³ GjvKvq gvV ch©v‡qi cix¶vq fvj djb †`qvq RvZwUi RvZxq exR †evW© KZ©…K 2018 mv‡j evwi evwj©-8 bv‡g Aegy³ Kiv nq| G Rv‡Zi Mv‡Qi Mo D”PZv 73 †mwg| †evbv †_‡K cvKv chšÍ© 95 w`b jv‡M| RvZwUi kxl Qq mvwi wewkó I `vbv ¸‡jv †Lvmv gy³| kxl M‡o 10.7 †mwg ch©šÍ j¤^v nq| cÖwZwU kx‡l `vbvi msL¨v 58| `vbvi iO ev`vgx I AvKv‡i gvSvix| nvRvi `vbvi IRb 34-38 Mªvg| RvZwU 4.8-10.0 wWGm/wg ch©šÍ jeYv³Zv mn¨ Ki‡Z cv‡i| †n±i cÖwZdjb 2.20-2.51 Ub/†n±i (jeYv³ GjvKvq)| Kg Ee©i, cÖwZK~j cÖvwšÍK Rwg †hgb †hgb jeYv³ GjvKvq (‡bvqvLvjx, cUyqvLvjx, mvZ¶xiv I Lyjbv) Ges PivÂ‡j Kg Li‡P GB RvZwU Pvl Dc‡hvMx|","BARI Krishi Projukti Hatboi, 10th edition (Dec 2024), Akhond et al. (eds.) 2025"
Barley,BARI Barley-9,,2018.0,97.0,99.0,2.2,2.2,100.0,,True,False,False,False,False,False,False,evwi evwj©-9,"evsjv‡`k K…wl M‡elYv Bbw÷wUDU Gi Dw™¢` cÖRbb wefvM KZ©…K D™¢vweZ evwi evwj©-9 GKwU Liv mnbkxj †Lvmvgy³ evwj©i RvZ| K¨vwj‡dvwb©qv †_‡K msMÖnxZ Kvivb-351 Gi mv‡_ ICARDA, wmwiqv †_‡K msMÖnxZ E-21 MRA Rv‡Zi msKivq‡Yi gva¨‡g Ges wewfbœ AvenvIqvq cix¶v-wbix¶vi gva¨‡g G RvZwU D™¢veb Kiv nq| †`‡ki wewfbœ Liv GjvKvq gvV ch©v‡qi cix¶vq fvj djb †`qvq RvZwUi RvZxq exR †evW© KZ©…K 2018 mv‡j evwi evwj©-9 bv‡g Aegy³ nq| RvZwUi Mo D”PZv 100 †mwg Ges cÖwZ Mv‡Q 3wU K‡i Kvh©Kwi Kywk Av‡Q| Liv GjvKvq RvZwUi `vbvi djb 2.2 Ub/†n±i Ges L‡oi djb 4.2 Ub/†n±i| RvZwUi kxl 8.9 †mwg j¤^v, kx‡l `vbv 6 mvwi wewkó nq Ges cÖwZ kx‡l M‡o 38wU K‡i `vbv Av‡Q| `vbv †Lvmvgy³ I Lo e‡Y©i Ges 1,000 `vbvi IRb 36 Mªvg| RvZwU 97 -99 w`‡b cwic° nq| evsjv‡`‡ki mKj GjvKv‡Z GB RvZwU Pvl Kiv hvq we‡klfv‡e Liv cÖeY GjvKvq Pvl Dc‡hvMx| RvZwU‡Z L‡oi cwigvY †ewk nq weavq Liv cÖeY GjvKvq †hLv‡b Mev`x cïi Lvev‡ii Afve i‡q‡Q †mLv‡b Pvl Dc‡hvMx|","BARI Krishi Projukti Hatboi, 10th edition (Dec 2024), Akhond et al. (eds.) 2025"
Barley,BARI Barley-10,,,,,,,90.0,,False,True,False,False,False,False,False,evwi evwj©-10,"Rjevqz cwieZ©‡bi avivevwnKZvq ˆewk¦K DòZv µgvš^‡q e„w×i d‡j jeYv³Zv I Livmn Ab¨vb¨ cÖvK…wZK `‚‡h©v‡Mi ZxeÖZv e„w×cv‡”Q| evwi evwj© 10 jeYv³Zv mnbkxj (10 wWGm/wg) RvZ, hv jeYv³Zv GjvKv †hgb, †ebvi‡cvZv, mvZ¶xiv, ei¸bv, cUzqvLvjx, Lyjbv‡Z Pvl Dc‡hvMx| ˆewkó¨  RvZwUi kxl Qq mvwi wewkó I `vbv †Lvmvgy³|  Mv‡Qi D”PZv 90-95 †m.wg.|  jeYv³Zv mnbkxj (10 wWGm/wg.)  jeYv³ Rwg‡Z M‡o 2.0-2.40 Ub/‡n±i djb w`‡Z m¶g Ges cwic° n‡Z 80-86 w`b mgq jv‡M |  cwic° n‡Z 95-105 w`b mgq jv‡M|  nvRvi `vbvi IRb 36-40 MÖvg|","BARI Krishi Projukti Hatboi, 10th edition (Dec 2024), Akhond et al. (eds.) 2025"
Blackgram,BARI Blackgram-1,,1990.0,65.0,70.0,1.4,1.5,32.0,,False,False,False,False,False,False,False,evwi gvm-1,1981 mv‡j fviZ †_‡K cvšÍ 30 bv‡g gvmKjvB‡qi GKwU AMÖeZx© jvBb Avbv nq| cieZ©x‡Z eû¯’vbxK cixÿvi gva¨‡g G RvZ D”P djbkxj wn‡m‡e we‡ewPZ nq Ges 1990 mv‡j K…lK ch©v‡q Pvlvev‡`i Rb¨ evwi gvm-1 bv‡g RvZxq exR †evW© KZ©„K Aby‡gv`b jvf K‡i| Mv‡Qi D”PZv 32-36 †mwg| G Rv‡Zi ex‡Ri is Kvj‡P ev`vgx| ex‡Ri AvKvi eo| nvRvi ex‡Ri IRb 38-43 Mªvg| RvZwU w`em wbi‡cÿ nIqvi d‡j Lwid-1 I Lwid-2 †gŠmy‡g Pvl Kiv hvq| Wvj ivbœv nIqvi mgq Kvj 30-35 wgwbU| Avwg‡li cwigvY 21-23%| RxebKvj 65-70w`b| djb †n±icÖwZ 1400-1500 †KwR| G RvZ nj‡` †gvRvBK fvBivm †ivM mnbkxj|,"BARI Krishi Projukti Hatboi, 10th edition (Dec 2024), Akhond et al. (eds.) 2025"
Blackgram,BARI Blackgram-2,kir,1996.0,65.0,70.0,,,33.0,,False,False,False,False,False,False,False,evwi gvm-2,"gvmKjvB‡qi G RvZwU 1987 mv‡j weGgG-2141 Ges weGgG-2140 AMÖeZ©x jvB‡bi g‡a¨ msKivqY Kiv nq| cieZ©x‡Z cÖv_wgK, AMÖMvgx I AÂjwfwËK cixÿvi gva¨‡g 1996 mv‡j G RvZwU †`‡k Pvlvev‡`i Rb¨ Aby‡gv`b †`qv nq| Mv‡Qi AvKvi ga¨g| Mv‡Qi D”PZv 33-35 †mwg| ¯’vbxq Rv‡Zi g‡Zv jZv‡bv nq bv| cÎ djK gvSvix miæ| cvKv d‡ji is Kvj‡P, dj Lvov, d‡ji Mv‡q ïs Av‡Q| ex‡Ri is Kvj‡P| ex‡Ri AvKvi ¯’vbxq Rv‡Zi †P‡q †ek eo| nvRvi ex‡Ri IRb 32-36 MÖvg| ivbœv nIqvi mgqKvj 30-35 wgwbU| Avwg‡li cwigvY 21-24%| RxebKvj 65-70 w`b| djb †n±icÖwZ 1400-1600‡KwR| RvZwU w`em wbi‡cÿ Ges nj‡` †gvRvBK fvBivm †ivM mnbkxj|","BARI Krishi Projukti Hatboi, 10th edition (Dec 2024), Akhond et al. (eds.) 2025"
Blackgram,BARI Blackgram-3,†ngšÍ,1996.0,65.0,70.0,1.5,1.6,35.0,,False,False,False,False,False,False,False,evwi gvm-3,gvmKjvB‡qi G RvZwU fviZ n‡Z msM„nxZ jvBb weGgG-2140 Ges weGgG-2038 Gi g‡a¨ msKivqY cÖwµqvq D™¢veb Kiv nq| cieZ©x‡Z AÂjwfwËK cixÿvi gva¨‡g 1996 mv‡j K…lK chv©‡q Pvlvev‡`i Rb¨ Aby‡gv`b Kiv nq| Mv‡Qi AvKvi ga¨g| Mv‡Qi D”PZv 35-38 †mwg| ¯’vbxq Rv‡Zi g‡Zv jZv‡bv nq bv| dj cvK‡j Kv‡jv nq| ïuwU‡Z Nb ïs Av‡Q| ex‡Ri is Kvj‡P| ex‡Ri AvKvi ¯’vbxq Rv‡Zi †P‡q eo| nvRvi ex‡Ri IRb 40-45 MÖvg| ivbœv nIqvi mgqKvj 30-37 wgwbU | Avwg‡li cwigvY 21-24%| RxebKvj 65-70 w`b| djb †n±icÖwZ 1500-1600 †KwR| G RvZ nj‡` †gvRvBK fvBivm †ivM mnbkxj|,"BARI Krishi Projukti Hatboi, 10th edition (Dec 2024), Akhond et al. (eds.) 2025"
Blackgram,BARI Blackgram-4,,2017.0,69.0,73.0,1.25,1.44,,,False,False,False,False,False,False,False,evwi gvm-4,"cÖ¯ÍvweZ jvBbwU Wvj M‡elYv †K‡›`ª 2007 mv‡j evwi gvm-2 I BBL 05016-Gi msKivq‡Yi gva¨‡g D™¢veb Kiv nq| cieZ©x‡Z F3 I F4 †Rbv‡ik‡b D³ †KŠwjK mvwiwU AMÖvwqZ Kiv nq| cieZ©x‡Z 2012 mv‡j Pure line wn‡m‡e jvBbwU‡K wbe©vPb Kiv nq| Gi ci 2013 †_‡K 2016 mvj ch©šÍ evsjv‡`‡ki Rq‡`ecyi, h‡kvi, Rvgvjcyi, gv`vixcyi, ewikvj, e‡i›`ª I cvebv AÂ‡j djb I Awf‡hvRb ¶gZv, †ivM evjvB I †cvKv-gvKo ms‡e`bkxjZv Ges ¸YMZ gvb g~j¨vqb Kiv nq| Zb¥‡a¨ GwU D”Pdjbkxj Ges †cvKv I †ivM cÖwZ‡ivax jvBb wn‡m‡e wbe©vPb Kiv nq| `xN©w`b cix¶vi ci jvBbwU GKwU m¤¢vebvgq jvBb wn‡m‡e wbe©vwPZ nIqvq RvZ wn‡m‡e gy³vq‡bi Rb¨ cÖ¯Íve Kiv nq Ges 2017 mv‡j RvZxq exR †evW© KZ©„K evwi gvm-4 wn‡m‡e Aegy³ Kiv nq| Rv‡Zi D‡jøL‡hvM¨ ˆewkó¨  MvQ Lv‡Uv AvK…wZi (42-46 †mwg)  cvZv meyR i‡Oi I KvÐ L‡qix wcM‡g‡›Ukbhy³  exR Kvj‡P ev`vgx e‡Y©i  cvDWvix wgjwWD I njy` †gvRvBK †ivM mnbkxj  Mv‡Q d‡ji msL¨v †ewk (28-31wU)  Zzjbvg~jK eo AvK…wZi exR (1000 ex‡Ri IRb 50.4-54.0 MÖvg)  RxebKvj: 69-73 w`b  djb: 1250-1440 †KwR/†n±i","BARI Krishi Projukti Hatboi, 10th edition (Dec 2024), Akhond et al. (eds.) 2025"
Chickpea,BARI Chickpea-3,e‡i›`ª,1993.0,,,1.8,2.0,,,False,False,False,False,False,False,False,evwi †Qvjv-3,"evwi †Qvjv-3 ev e‡i›`ª Rv‡Zi g~j †KŠwjK mvwiwU 1985 mv‡j ICRISAT n‡Z Avbv nq| cieZ©x‡Z evsjv‡`‡ki wewfbœ GjvKvq gvwU I AvenvIqv‡Z eû¯’vwbK cixÿvi gva¨‡g G RvZwU 1993 mv‡j Pvlvev‡`i Rb¨ RvZxq exR †evW© KZ©„K Aby‡gv`b jvf K‡i| G Rv‡Zi MvQ Lvov cÖK…wZi| is nvjKv meyR, cÎdjK †ek eo Ges WMv m‡ZR| m‡e©vcwi G RvZwU Mfxig~jx| ex‡Ri AvKvi †ek eo| nvRvi ex‡Ri IRb 185-195 MÖvg| Wvj ivbœv nIqvi mgqKvj 40-44 wgwbU| Avwg‡li cwigvY 23-26%| mwVK mg‡q eyb‡j cvK‡Z mgq jv‡M 115-123 w`b| G RvZwU ivRkvnxi e‡i›`ª AÂ‡j Avev‡`i Rb¨ Dc‡hvMx| djb †n±icÖwZ 1800-2000 †KwR cvIqv hvq|","BARI Krishi Projukti Hatboi, 10th edition (Dec 2024), Akhond et al. (eds.) 2025"
Chickpea,BARI Chickpea-4,†Rvovdzj,1996.0,120.0,125.0,1.9,2.0,50.0,,False,False,False,False,False,False,False,evwi †Qvjv-4,"G RvZwU 1985 mv‡j ICRISAT n‡Z bvmv©wii gva¨‡g msMÖn Kiv nq| cieZx©‡Z eû¯’vwbK cixÿvi gva¨‡g 1996 mv‡j RvZwU RvZxq exR †evW© KZ©„K K…lK ch©v‡q Avev‡`i Rb¨ evwi †Qvjv-4 bv‡g Aby‡gv`b Kiv nq| GK e„‡šÍ 2wU K‡i dzj I dj a‡i| MvQ gvSvwi Lvov Ges cvZv Mvp meyR| Kv‡Ð L‡qwi i‡Oi Qvc †`Lv hvq| ex‡Ri cvk¦© w`K mvgvb¨ †PÞv, Z¡K gm„Y| ex‡Ri is nvjKv ev`vgx| nvRvi ex‡Ri IRb 132-138 MÖvg| Mv‡Qi D”PZv 50-60 †mwg| Wvj ivbœv nIqvi mgqKvj 32-38 wgwbU| Avwg‡li cwigvY 18-21%| RxebKvj 120-125 w`b| djb †n±icÖwZ 1900-2000 †KwR| G RvZwU wdD‡Rwiqvg DBë †ivM mnbkxj ÿgZvm¤úbœ|","BARI Krishi Projukti Hatboi, 10th edition (Dec 2024), Akhond et al. (eds.) 2025"
Chickpea,BARI Chickpea-5,cvebvB,1996.0,125.0,130.0,1.8,2.0,45.0,,False,False,False,False,False,False,False,evwi †Qvjv- 5,"evsjv‡`‡ki wewfbœ GjvKv n‡Z Rvg©cøvRg msMÖn I Zv g~j¨vqb K‡i evwi †Qvjv-5 ev cvebvB RvZwU D™¢veb Kiv nq| cieZ©x‡Z eû¯’vwbK cixÿvi gva¨‡g 1996 mv‡j RvZxq exR †evW© KZ©„K RvZwU Pvlvev‡`i Rb¨ Aby‡gv`b †`qv nq| MvQ wKQyUv Qov‡bv cÖK…wZi| Mv‡Qi D”PZv 45-50 †mwg Ges is nvjKv meyR| Pviv Ae¯’vq Mv‡Qi Kv‡Ð †Kvb is _v‡K bv, wKš‘ cwic° Ae¯’vq Kv‡Ð nvjKv L‡qwi is cwijwÿZ nq| exR AvKv‡i †QvU, is a~mi ev`vgx Ges wnjvg Lye ¯úó| ex‡Ri cv‡k¦© wKQyUv †PÞv Ges Z¡K gm„Y| nvRvi ex‡Ri IRb 110-120 MÖvg| Wvj ivbœv nIqvi mgqKvj 35-40 wgwbU| Avwg‡li cwigvY 20-22%| G RvZ 125-130 w`‡b cv‡K| djb †n±icÖwZ 1800-2000 †KwR|","BARI Krishi Projukti Hatboi, 10th edition (Dec 2024), Akhond et al. (eds.) 2025"
Chickpea,BARI Chickpea-6,bvfviæb,1996.0,125.0,130.0,1.8,2.0,55.0,,False,False,False,False,False,False,False,evwi †Qvjv-6,"evwi †Qvjv-6 ev bvfviæb RvZwU 1985 mv‡j ICRISAT n‡Z AvšÍR©vwZK bvm©vwii gva¨‡g msMÖn Kiv nq| cieZ©x‡Z cÖv_wgK, AMÖeZ©x, AÂjwfwËK I eû¯’vwbK cixÿvi gva¨‡g 1996 mv‡j RvZwU K…lK ch©v‡q Avev‡`i Rb¨ RvZxq exR †evW© KZ©„K Aby‡gv`b †`qv nq| Mv‡Qi D”PZv 55-60 †mwg| cÎdjK gvSvix AvKv‡ii Ges is nvjKv meyR| Pviv Ae¯’vq Kv‡Ð †Kvb is †`Lv hvq bv, wKš‘ cwic° Ae¯’vq Kv‡Ð nvjKv L‡qwi is cwijwÿZ nq| ex‡Ri AvKvi wKQyUv †MvjvK…wZ, Z¡K gm„Y Ges is D¾¡j ev`vgx nj‡`| exR AvKv‡i †`wk Rv‡Zi †P‡q eo| nvRvi ex‡Ri IRb 155-165 MÖvg| G Rv‡Zi Wvj ivbœvi mgqKvj 32-37 wgwbU| G‡Z Avwg‡li cwigvY 19-21%| RxebKvj 125-130 w`b| djb †n±icÖwZ 1800-2000 †KwR| RvZwU bvex‡Z ecb K‡iI Ab¨vb¨ Rv‡Zi †P‡q AwaK djb cvIqv hvq|","BARI Krishi Projukti Hatboi, 10th edition (Dec 2024), Akhond et al. (eds.) 2025"
Chickpea,BARI Chickpea-7,,1998.0,,,2.2,2.5,55.0,,False,False,False,False,False,False,False,evwi †Qvjv-7,"1990 mv‡j AvšÍRv©wZK Bbw÷wUDU ICRISAT n‡Z AvšÍR©vwZK bvm©vwii (ICSN) gva¨‡g †Qvjvi wewfbœ cÖRvwZ msMÖn Kiv nq| msM„nxZ cÖRvwZ¸wj DBë †ivMvµvšÍ Rwg‡Z evQvB Kiv nq| ICCL-3272 bvgK GB cÖRvwZwU‡K DBë †ivM mnbkxj ÿgZvm¤úbœ wn‡m‡e wPwýZ Kiv nq| Ab¨vb¨ Rv‡Zi †P‡q D”Pdjbkxj cÖZxqgvb nIqvq RvZxq exR †evW© KZ©„K 1998 mv‡j evsjv‡`‡k Pv‡li Rb¨ GwU‡K ewi‡Qvjv-7 bv‡g Aby‡gv`b †`qv nq| Mv‡Qi D”PZv cÖvq 55-60 †mwg n‡q _v‡K Ges gvSvix we¯Í…Z| cÎdjK¸wj gvSvix AvKv‡ii Ges is nvjKv meyR| Pviv Ae¯’vq Kv‡Ð nvjKv wcM‡g›U cwijwÿZ nq| ex‡Ri AvKvi wKQyUv †MvjvK…wZ, Z¡K gm„Y, is D¾¡j ev`gx njy`| dzj Avm‡Z mgq jv‡M cÖvq 55-60 w`b Ges cvK‡Z mgq jv‡M 125-130 w`b| Z‡e bvex ec‡bi †ÿ‡Î AvbycvwZKnv‡i Gi RxebKvj K‡g Av‡m| †n±icÖwZ Mo djb 2200-2500 †KwR cvIqv hvq|","BARI Krishi Projukti Hatboi, 10th edition (Dec 2024), Akhond et al. (eds.) 2025"
Chickpea,BARI Chickpea-8,,1998.0,125.0,130.0,,,60.0,,False,False,False,False,False,False,False,evwi †Qvjv-8,"1990 mv‡j ICRISAT n‡Z Kveyjx Rv‡Zi †ek K‡qKwU jvBb msMÖn Kiv nq| msM„nxZ jvBb¸‡jvi g‡a¨ ICCL-88003 jvBbwU †ivM cªwZ‡ivax I D”P djbkxj cvIqv hvq| djb evwi †Qvjv-7 Rv‡Zi †P‡q Kg n‡jI wfbœ ai‡bi †Qvjv nIqvq I †ivM evjvB mnbkxj we‡ewPZ nIqvq 1998 mv‡j evsjv‡`‡k Pv‡li Rb¨ GwU‡K evwi †Qvjv-8 bv‡g Aby‡gv`b Kiv nq| G RvZwU Kveyjx RvZ wn‡m‡e e¨vcK cwiwPwZ jvf K‡i‡Q| GB Rv‡Zi Mv‡Qi D”PZv cÖvq 60-65 †mwg n‡q _v‡K Ges we¯Í…Z| cÎdjK¸‡jv eo AvKv‡ii Ges is meyR| Pviv Ae¯’v n‡Z cwic° Ae¯’v ch©šÍ KvÐ nvjKv meyR _v‡K| ex‡Ri AvKvi wKQyUv †MvjvK…wZi, gm„Y Ges is mv`v| exR AvKv‡i †`wk Rv‡Zi †P‡q A‡bK eo| 1000 ex‡Ri IRb cÖvq 220-240 MÖvg| GB Rv‡Z dz‡ji is mv`v Ges RxebKvj 125-130 w`b|","BARI Krishi Projukti Hatboi, 10th edition (Dec 2024), Akhond et al. (eds.) 2025"
Chickpea,BARI Chickpea-9,,2011.0,125.0,130.0,2.3,2.7,55.0,,False,False,False,False,False,False,False,evwi †Qvjv-9,"fvi‡Zi nvq`ªvev‡` Aew¯’Z AvšÍR©vwZK Bbw÷wUDU ICRISAT †_‡K msMªnK…Z msKivwqZ ICCV-95138 jvBbwU cÖv_wgK, AMÖMvgx I eû¯’vwbK cixÿvi gva¨‡g †ivMmnbkxj I D”P djbkxj we‡ewPZ nIqvq evwi †Qvjv-9 wn‡m‡e 2011 mv‡j RvZxq exR †evW© KZ©„K Aegy³ Kiv nq| jvBbwU evsjv‡`‡ki mKj †Rjvq Pvlvev‡`i Dc‡hvMx n‡jI e‡i›`ª GjvKv, cvebv, dwi`cyi, gv`vixcyi Ges ivRevox GjvKvq fvj djb †`q| RvZwU Gu‡Uj †`vAuvk †_‡K Gu‡Uj gvwU‡Z Pvl Kiv hvq| G Rv‡Zi Mv‡Qi D”PZv 55-60 †mwg| cÖwZ Mv‡Q cW msL¨v 55-60wU| 1000 ex‡Ri IRb 180-220 MÖvg| RxebKvj 125-130 w`b| djb †n±icÖwZ 2300-2700 †KwR|","BARI Krishi Projukti Hatboi, 10th edition (Dec 2024), Akhond et al. (eds.) 2025"
Chickpea,BARI Chickpea-10,,2017.0,112.0,121.0,1.8,2.03,,,True,False,True,False,False,False,True,evwi †Qvjv-10,"2011 mv‡j Wvj M‡elYv †K›`ª, Ck¦i`x, cvebvq ICRISAT, nvq`ªvev`, fviZ †_‡K Liv I Zvc mnbkxj I D”P djbkxj wn‡m‡e †Qvjvi wKQy Rvg©cøvRg wb‡q Avmv nq| D³ Rvg©cøvRg¸‡jv cici `yB eQi Wvj M‡elYv †K›`ª, cvebv‡Z g~j¨vqb Kiv nq| GwU D”P djbkxj nIqvq cieZ©x‡Z e‡i›`ª, ivRkvnx I h‡kvi AÂ‡j g~j¨vq‡bi Rb¨ cvVv‡bv nq| GwU Liv, †ivM mnbkxj I D”P djbkxj nIqvq 2013 †_‡K 2016 ch©šÍ evsjv‡`‡ki wewfbœ AÂ‡j djb I Awf‡hvRb ¶gZv, †ivM evjvB I †cvKv-gvKo ms‡e`bkxjZv Ges ¸YMZ gvb g~j¨vqb Kiv nq| `xN©w`b cix¶vi ci jvBbwU GKwU m¤¢vebvgq jvBb wn‡m‡e wbe©vwPZ nIqvq RvZ wn‡m‡e gy³vq‡bi Rb¨ cÖ¯Íve Kiv nq Ges 2017 mv‡j GwU Aegy³ Kiv nq| †Qvjvi bZzb I m¤¢vebvgq AvMvg (10-15 w`b) RvZ wn‡m‡e GwU †`‡k †Qvjv Wv‡ji djb e„w×i gva¨‡g †Qvjvi †mvbvjx AZxZ wdwi‡q Avb‡Z mnvqK f~wgKv ivL‡Z cvi‡e| Rv‡Zi D‡jøL‡hvM¨ ˆewkó¨  MvQ Lvov cÖK…wZi ZvB †ivM-evjvB AvµgY Kg  KvÐ L‡qix wcM‡g›Uhy³  exR PK&P‡K ev`vgx e‡Y©i  Liv I Zvc mnbkxj ZvB e‡i›`ª AÂ‡j Pv‡li e¨vcK m¤¢vebv i‡q‡Q  †Qvjvi me‡P‡q ÿwZKviK †ivM- eUªvBwUm †MÖ †gvì †ivM mnbkxj  †`wi‡Z ecb‡hvM¨ (wW‡m¤^‡ii gvSvgvSx ch©šÍ)  Mv‡Q d‡ji msL¨v Zzjbvg~jKfv‡e †ewk (67-72wU)  Zzjbvg~jKfv‡e ga¨g AvK…wZi exR (100 ex‡Ri IRb 21-23 MÖvg)  RxebKvj: 112-121 w`b  djb: †n±icÖwZ 1800-2030 †KwR","BARI Krishi Projukti Hatboi, 10th edition (Dec 2024), Akhond et al. (eds.) 2025"
Chickpea,BARI Chickpea-11,,2018.0,100.0,106.0,1.25,1.5,,,False,False,False,False,False,False,True,evwi †Qvjv-11,"2014 mv‡j AvšÍR©vwZK M‡elYv cÖwZôvb ICRISAT, nvq`ªvev`, fviZ †_‡K mycvi AvMvg (Super early) wk‡ivbv‡g †Qvjvi 8wU Rvg©cøvRg Wvj M‡elYv †K›`ª, Ck¦i`x, cvebv‡Z Avbv nq| AvwbZ 8wU jvBb Wvj M‡elYv †K›`ª, Ck¦i`x, cvebvi M‡elYv gv‡V 2014-15 I 2015-16 mv‡j g~j¨vqb Kiv nq Ges †mLvb †_‡K ICCX 060157-3 jvBbwU ¯^íKvjxb I m¤¢vebvgq jvBb wn‡m‡e cÖv_wgKfv‡e wbe©vPb Kiv nq| cieZ©x‡Z 2016-17 I 2017-18 mv‡j mv‡j evsjv‡`‡ki †Qvjv Drcv`bKvix cÖavb cÖavb AÂj †hgb- h‡kvi, ivRkvnx, gv`vixcyi, ewikvj, Rvgvjcyi, Rq‡`ecyi I cvebv AÂ‡j cÖv_wgK djb cixÿv I eû¯’vwbK djb cixÿvi gva¨‡g D³ AMÖeZ©x jvBbwUi (ICCX 060157-3) djb, Awf‡hvRb ¶gZv, †ivM evjvB, †cvKv-gvKo ms‡e`bkxjZv Ges ¸YMZ gvb g~j¨vqb Kiv nq| `xN©w`b cix¶vi ci jvBbwU GKwU m¤¢vebvgq ¯^íKvjxb jvBb wn‡m‡e wbe©vwPZ nIqvq RvZ wn‡m‡e gy³vq‡bi Rb¨ 2018 mv‡j RvZxq exR †ev‡W© cÖ¯Íve †cÖiY Kiv nq Ges 2018 mv‡ji AvM÷ gv‡m D³ jvBbwU evwi †Qvjv-11 bv‡g RvZ wnmv‡e Aegy³ nq | evwi †Qvjv-11 RvZwU AvMvg nIqvq †`‡ki GKwU wekvj AÂj †Qvjv Pvlvev‡`i AvIZvq Avm‡e Ges iwe †gŠmy‡gi †k‡li w`‡K AbvKvw•LZ So e„wói Kvi‡Y †Qvjvi dj‡bi †h e¨vcK ÿwZ nq Zv †_‡K cwiÎvb cvIqv m¤¢e n‡e| d‡j RvZxq ch©v‡q †Qvjvi Drcv`b e„w× cv‡e| G Rv‡Zi D‡jøL‡hvM¨ ˆewkó¨ n‡”Q cvZv I KvÐ nvjKv meyR i‡Oi, dzj †Mvjvcx i‡Oi| exR D¾¡j ev`vgx e‡Y©i Ges 100 ex‡Ri IRb 19.5-20.56 MÖvg| RxebKvj 100-106 w`b| ¯^í‡gqv`x nIhvq †Qvjvi ÿwZKviK †ivM eUªvBwUm †MÖ †gvì mnbkxj| Mo djb- 1250 - 1500 †KwR/†n±i| RvZwU AvMvg nIqvq iwe †gŠmy‡gi †k‡li w`‡K weiƒc AvenvIqv ïiæ nIqvi c~‡e©B dmj msMÖn Kiv m¤¢e|","BARI Krishi Projukti Hatboi, 10th edition (Dec 2024), Akhond et al. (eds.) 2025"
Chili,BARI Chili-1,,,,,,,,,False,False,False,False,False,False,False,evwi gwiP-1,"gmjv dmj 394 | K…wl cÖhyw³ nvZeB evwi ‡bwM Awbqb-1 Gi e¨envi: evwi †bwM Awbqb-1 Gi ¯^v`, MÜ I Svj mvaviY †cuqv‡Ri gZ n‡q _v‡K| Bnv KvuPv I ivbœv K‡i Dfq Ae¯’vqB LvIqv hvq| mv`v wmD‡Wv‡÷g KvuPv Ae¯’vq SuvSv‡jv nq wKš‘ ivbœv Ki‡j Bnvi ¯^v` my¯^v`y (Delicious) n‡q _v‡K| †cuqv‡Ri weKí wnmv‡e wewfbœ gvQ, gvsm, kvKmewR, wLPzwo ivbœvq e¨envi QvovI Bnv mvjv`, AvPvi, mm, myc, Ag‡jU, byWjm, wcRv, m¨vÛDBPmn wewfbœ dv÷ dz‡Wi DcKiY wn‡m‡e e¨envi Kiv nq (Hai, 2015 and)| Gi Mvp meyR cvZv I KvÛ mewR wn‡m‡eI LvIqv hvq| wmD‡Wv‡÷g Øviv ˆZix fZ©v LyeB my¯^v`y| †bwM Awbq‡bi mv`v wmD‡Wv‡÷gwU Av¸‡b Sjwm‡q (Grilled) †L‡ZI LyeB gRv`vi| cywó I Jlax ¸Yvejx: †bwM Awbq‡b Kv‡e©vnvB‡WªU, Avuk, cUvwkqvg, Kcvi, K¨vjwmqvg, g¨vM‡bwmqvg, dmdivm, Avqib, g¨v½vbxR, wR¼, wfUvwgb G, wfUvwgb we-1, wfUvwgb we-2, wfUvwgb we-3, wfUvwgb we-5, wfUvwgb we-6, wfUvwgb we-9, wfUvwgb-wm, wfUvwgb-B, wfUvwgb-†K BZ¨vw` cywó‡Z ficyi (Rvcv‡bi wkÿv, ms¯‹…wZ, µxov, weÁvb I cÖhyw³ gš¿Yvjq, 2015 Ges BDGmwWG, 2023)| RvZ I Pvl c×wZi Dci wfwË K‡i cywó Dcv`v‡bi cwigvY ZviZg¨ n‡Z cv‡i| †bwM Awbq‡b dzivwbIj, WvBwg_vBj UªvBmvjdvBW, A¨vjvBj wg_vBj UªvBmvjdvBW, wg_vBj †cÖvcvBj UªvBmvjdvBW BZ¨vw` myMwÜ _v‡K (Wang et al., 2023)| Allium fistulosum L.-‡Z A¨vjvBj mvjdvBW Ges wd‡bvwjK †hŠM d¬¨v‡fvbj †hgb- Quercetin, kaempferol, luteolin bvgK wcM‡g›U _v‡K (Miean and Mohamed, 2001), hv ü`‡ivM, K¨vÝvi cÖwZ‡ivax I Gw›UAw·‡W›U wn‡m‡e KvR K‡i _v‡K (Crystal et al., 2003)| Bnv nvBcvi‡Ubkb, Wvqv‡ewUKm, mvaviY VvÛvRwbZ †ivM, R¦i, gv_ve¨v_v, ÿZ, kix‡ii ¯’zjZv B","BARI Krishi Projukti Hatboi, 10th edition (Dec 2024), Akhond et al. (eds.) 2025"
Chili,BARI Chili-2,,2013.0,240.0,240.0,20.0,22.0,80.0,,False,False,False,False,False,False,False,evwi gwiP-2,"evsjv‡`‡k iwe I Lwid-1 †gŠmy‡g gwiP mnRjf¨ n‡jI Lwid-2 (RyjvB-A‡±vei) †gŠmy‡g evRv‡i gwi‡Pi ¯^íZv e¨vcKfv‡e cwijw¶Z nq| ZvB GB mg‡q gwi‡Pi `vg †ewk _v‡K| el©v I kxZ †gŠmy‡gi c~‡e© GB mgqwU‡Z gwi‡Pi Drcv`b Ae¨vnZ ivLvi D‡Ï‡k¨ AvÂwjK gmjv M‡elYv †K‡›`ªi weÁvbxM‡Yi wbijm cÖ‡Póvq 7wU gwi‡Pi Rvg©cøvRg †K‡›`ªi M‡elYv gv‡V 5-6 eQi hvPvB evQvB cÖwµqvi gva¨‡g C0445 Rvg©cøvRgwU wbe©vPb Kiv nq Ges gmjv M‡elYv †K‡›`ªi wewfbœ AvÂwjK I Dc‡K‡›`ª `yB eQi cix¶‡Yi gva¨‡g g~j¨vqb Kiv nq| cieZ©x‡Z GwU evwi gwiP-2 bv‡g RvZxq exR †evW© KZ…©K 2013 mv‡j gy³vwqZ nq| RvZwU †`‡k KuvPv gwi‡Pi †gvU Drcv`b e„w×‡Z D‡jøL‡hvM¨ f~wgKv ivL‡e| GwU GKwU MÖx®§Kvjxb Rv‡Zi gwiP| MvQ j¤^v I †Svcv‡jv| D”PZv 80-110 †mwg, Mv‡Qi cvZvi is nvjKv meyR| Mv‡Q cÖv_wgK kvLvi msL¨v 7wU, cÖwZ Mv‡Q gwi‡Pi msL¨v M‡o 450-500wU (M‡o IRb 1100 MÖvg)| cÖwZwU gwi‡Pi d‡ji ˆ`N¨© 7.0-7.5 I cÖ¯’ 0.7-1.0 †mwg, IRb M‡o 2.5 MÖvg| RvZwUi 1000 ex‡Ri IRb cÖvq 4.5 MÖvg| GB Rv‡Zi gwi‡Pi Z¡K cyiæ| KuvPv Ae¯’vq gwi‡Pi is nvjKv meyR Ges cvKv Ae¯’vq jvj i‡Oi n‡q _v‡K| KuvPv gwiP msMÖ‡ni ci 5-7 w`b ch©šÍ ¯^vfvweK Ae¯’vq e¨envi Dc‡hvMx _v†K| G Rv‡Zi gwi‡Pi RxebKvj cÖvÖq 240 w`b (gvP©-A‡±vei)| †n±icÖwZ djb 20-22 Ub (meyR Ae¯’vq)|","BARI Krishi Projukti Hatboi, 10th edition (Dec 2024), Akhond et al. (eds.) 2025"
Chili,BARI Chili-3,,,180.0,210.0,8.0,10.0,70.0,,False,False,False,False,False,False,False,evwi gwiP-3,"MvQ j¤^v, †Svcv‡jv I cÖPzi kvLv-cÖkvLv wewkó nq| kxZKv‡j Pvl Kiv hvq| Mv‡Qi D”PZv 70-80 †mwg| cÖwZ Mv‡Q M‡o cvKv gwi‡Pi msL¨v 60-70wU Ges Mo djb 180-200 MÖvg| gwi‡Pi is nvjKv meyR| 1,000 ex‡Ri IRb 4-4.5 MÖvg| RxebKvj 180-210 w`b| djb 8-10 Ub/†n. (cvKv gwiP) I ex‡Ri IRb 400-500 †KwR/‡n±i|","BARI Krishi Projukti Hatboi, 10th edition (Dec 2024), Akhond et al. (eds.) 2025"
Chili,BARI Chili-4,,,,,18.0,20.0,,,False,False,False,False,False,False,False,evwi gwiP-4,"MvQ j¤^v, †Svcv‡jv I cÖPzi kvLv-cÖkvLv wewkô| MvQ j¤^vq 80-100 †mwg Ges cvZvi is meyR| cÖwZwU gwi‡Pi d‡ji ‰`N¨© 10.0-12.0 †mwg, IRb M‡o 1.8-2.0 MÖvg| 1000 ex‡Ri IRb 4.5-5.0 MÖvg| cÖwZ Mv‡Q gwi‡Pi msL¨v 480-520 wU Ges IRb 1200-1400 MÖvg| GB Rv‡Zi Mv‡Qi gwi‡Pi Z¡K cvZjv| GwU kxZKv‡j Pvl Dc‡hvMx RvZ| GB RvZwU gv‡V 140-150 w`b ch©šÍ (b‡f¤^i- gvP©) _v‡K| ZzjbvgyjKfv‡e †ivM I †cvKvi AvµgY Kg nq| KwP Ae¯’vq dj meyR i‡Oi Ges cvKv Ae¯’vq PKP‡K jvj i‡Oi nq| †n±i cÖwZ meyR Ae¯’vq djb 18-20 Ub (KvPv gwiP), 4.5-5.0 Ub (ïKbv gwiP)|","BARI Krishi Projukti Hatboi, 10th edition (Dec 2024), Akhond et al. (eds.) 2025"
Chili,BARI Chili-5,,2022.0,,,,,,,False,False,False,False,False,False,False,evwi gwiP-5,"evsjv‡`k K…wl M‡elYv Bbw÷wUD‡Ui gmjv M‡elYv †K›`ª †_‡K D™¢vweZ evwi gwiP-5 RvZwU 2022 mv‡j wbewÜZ| kxZKv‡j Pvl Dc‡hvMx RvZ Ges Lwid-1 †gŠmyg ch©šÍ gwiP msMÖn Kiv hvq| MvQ j¤^vq 90-100 †mwg I cÖPzi kvLv cÖkvLv wewkó| cÖwZ Mv‡Q gwi‡Pi msL¨v 350-450 wU, gwi‡Pi ˆ`N©¨ 5-7 †mwg.| cÖwZ Mv‡Q gwi‡Pi IRb 400-450 MÖvg| 1000 ex‡Ri IRb 4.5-5.0 MÖvg|","BARI Krishi Projukti Hatboi, 10th edition (Dec 2024), Akhond et al. (eds.) 2025"
Chili,BARI Chili-6,,2023.0,250.0,280.0,11.0,13.0,85.0,,False,False,False,False,False,False,False,evwi gwiP-6,"evsjv‡`k K…wl M‡elbv Bbw÷wUD‡Ui gmjv M‡elYv †K›`ª †_‡K D™¢vweZ evwi gwiP-6 RvZwU 2023 mv‡j wbewÜZ| evwi gwiP-6 KvuPv Ae¯’vq Mvp Kvuj‡P, d‡ji Mv‡qi cv‡k© AvswkK ev mvgwMÖK (†gŠmyg †f‡`) Kvj‡P is _v‡K Ges cwic° Ae¯’vq D¾¡j, Mvp jvj is wewkó| KvÐ I cvZvi A¶ Kvj‡P is Øviv Ave„Z _v‡K| dz‡ji `j I cys‡Kki nvjKv †e¸wb i‡Oi| Mv‡Qi D”PZv 85-90 †mwg., †mvRv Ges nvjKv †Svcv‡jv| dj gvSvix j¤^v Ges cÖwZwU gwi‡Pi ˆ`N¨© 4-5 †mwg| cÖwZ Mv‡Q gwi‡Pi msL¨v 230-250 wU| LvIqvi Dc‡hvMx msMÖnKvj 150-230 w`b Ges ex‡Ri Rb¨ RxebKvj 250-280 w`b| gvSvwi w_ªcm Ges gvBU †cvKv mnbkxj| KvuPv gwi‡Pi djb †n±icÖwZ cÖvq 11-13 Ub AvaywbK c×wZ‡Z Lwid/MÖx®§Kvjxb gwiP Gi Drcv`b Kjv‡KŠkj Pv‡li †gŠmyg: Av‡MB ejv n‡q‡Q GwU GKwU MÖx®§Kvjxb Rv‡Zi gwiP| gvP©- GwcÖj gv‡m (ga¨ ‰PÎ †_‡K ga¨ ˆekvL) Rwg‡Z G gwi‡Pi Pviv †ivc‡Yi Dchy³ mgq| †g gv‡mi 2q mßvn ch©šÍ G Rv‡Zi gwi‡Pi Pviv Rwg‡Z †ivcY Kiv †h‡Z cv‡i| Pviv Drcv`b c×wZ: Pviv Drcv`b K‡i g~j Rwg‡Z †ivcY Kiv nq| G Rb¨ gvP© gv‡m exR Zjvq exR ecb Ki‡Z n‡e| Pvivi ¸Yv¸Y dj‡bi Dci e¨vcK cÖfve †d‡j| GKvi‡Y DËg Pviv Drcv`‡b we‡kl `„wó ivLv Avek¨K| A‡c¶vK…Z DuPz Rwg †hLv‡b cvwb †gv‡UI `uvovq bv, h‡_ó Av‡jv evZvm cvq, wbK‡U cvwb †m‡Pi Drm i‡q‡Q Ges Av‡k cv‡k †mvjv‡bmx cwiev‡ii †Kvb Dw™¢` bvB Giƒc Rwg exRZjv ˆZwii Rb¨ DËg| cÖwZwU exR Zjvi AvK…wZ 3wg × 1wg nIqv evÂYxq| G ai‡bi cÖwZwU exR Zjvq 15 MÖvg nv‡i exR mvwi‡Z ecb Ki‡Z n‡e| fvj Pvivi Rb¨ cÖ_‡g exRZjvi gvwU‡Z cÖ‡qvRbxq K‡¤úv÷ mvi Ges Kv‡Vi QvB wgwk‡q SziSziv K‡i wb‡Z nq| exR ec‡bi 5-6 NÈv c~‡e© cÖwZ †KwR ex‡R 2 MÖvg nv‡i †cÖv‡f· ev","BARI Krishi Projukti Hatboi, 10th edition (Dec 2024), Akhond et al. (eds.) 2025"
Cowpea (felon),BARI Cowpea (felon)-1,†ev¯Ívgx,,,,,,,,False,False,False,False,False,False,False,evwi †djb-1,,"BARI Krishi Projukti Hatboi, 10th edition (Dec 2024), Akhond et al. (eds.) 2025"
Cowpea (felon),BARI Cowpea (felon)-2,,1996.0,120.0,130.0,1.5,1.5,40.0,,False,False,False,False,False,False,False,evwi †djb-2,"AvšÍR©vwZK M‡elYv cÖwZôvb AvBAvBwUG (IITA) n‡Z †djb k‡m¨i Rvg©cøvRg msMÖn Kiv nq| msMÖnK…Z RvZ¸‡jvi Drcv`b ÿgZv, †ivMevjvB I †cvKvgvK‡oi AvµgY,km¨ cvKvi mgqKvj BZ¨vw` g~j¨vqb Kiv nq| RvZ D™¢ve‡bi avivevwnK G cÖ‡Póvi Ask wn‡m‡e †dj‡bi DbœZ RvZwU AvBAvBwUG (IITA) †_‡K msM„nxZ jvBb †_‡K ch©vqµwgK wbe©vP‡bi gva¨‡g D™¢veb Kiv n‡q‡Q (Station No. HAF-14)| cieZ©x‡Z †`‡ki wewfbœ¯’v‡b cÖv_wgK, AMÖeZ©x Ges eû¯’vwbK djb cixÿvi gva¨‡g GB RvZwU‡K D”P djbkxj RvZ wn‡m‡e wPwýZ Kiv nq| 1996 mv‡j RZxq exR †evW© GB RvZwU‡K evwYwR¨K wfwË‡Z Pvlvev‡`i Rb¨ Ôevwi †djb-2Õ bv‡g Aby‡gv`b †`q| Mv‡Qi WMv I cvZv meyR| MvQ mvavibZ Lvov _v‡K Z‡e gvwUi Ee©Zv †ewk n‡j jZv‡bv n‡q hvq| kvLv cÖkvLv ¸‡jv †ek †gvUv I k³| cÖwZ Mv‡Q 10-20wU ïwU a‡i Ges cªwZwU ïwU‡Z 12-16wU exR _v‡K| ex‡Ri Dc‡ii AveiY QvB i‡Oi| Mv‡Qi D”PZv 40-70 †mwg| †Mvov cPv I cvZvi `vM †ivM mnbkxj| Rxeb Kvj 120-130 w`b| 1000 ex‡Ri IRb 100-120 MÖvg| exR I †Lvmvi AbycvZ 3 t 1| Mo djb †n±icÖwZ 1500 †KwR| Avwg‡li cwigvY (%)-23.1|","BARI Krishi Projukti Hatboi, 10th edition (Dec 2024), Akhond et al. (eds.) 2025"
Field pea,BARI Field pea-1,,2013.0,95.0,100.0,1.2,1.5,,,False,False,False,False,False,False,False,evwi gUi-1,"RvZwU AvÂwjK Wvj M‡elYv †K›`ª, gv`vixcyi KZ©„K 2013 mv‡j D™¢vweZ n‡q‡Q| RvZwUi ˆewkó¨ KvÐ meyR I †MvjvKvi, cvZvi is meyR, MvQ 100 †mwg j¤^v nq, Mv‡Qi eo cÎ djK I †UwÛªj we`¨gvb, dzj mv`v, d‡ji is KvuPv Ae¯’vq meyR Ges cvZv Ae¯’vq a~mi, ex‡Ri iO meyR, RxebKvj 95-100 w`b, 1000 ex‡Ri IRb 78.33 MÖvg| †n±icÖwZ djb 1200-1500 †KwR|","BARI Krishi Projukti Hatboi, 10th edition (Dec 2024), Akhond et al. (eds.) 2025"
Field pea,BARI Field pea-2,,,,,,,,,False,False,False,False,False,False,False,evwi gUi-2,Wvj dmj K…wl cÖhyw³ nvZeB | 103 ecb c×wZ: wQwU‡q I mvwi Dfq c×wZ‡ZB ecb Kiv hvq| AvšÍtdmj ev wgkÖ dmj wn‡m‡e gyM Pvl Ki‡j mvaviYZ wQwU‡q ecb Kiv nq| Z‡e mvwi K‡i ecb KivB DËg| mvwi K‡i ecb Ki‡j AvšÍtcwiPh©vmn dj msMÖ‡ni myweav nq Ges ex‡Ri ¸Yv¸Ymn djbI †ewk nq| mvwi‡Z ec‡bi †ÿ‡Î mvwi †_‡K mvwii `~iZ¡ 30 †mwg ev 12 BwÂ ivL‡Z n‡e Ges MvQ †_‡K Mv‡Qi `~iZ¡ 7-8 †mwg| ex‡Ri nvi: gy‡Mi ex‡Ri cwigvY wbf©i K‡i ex‡Ri AvKvi Ges ecb c×wZi Dci| 15-18 †KwR/†n±i †QvU `vbvi †ÿ‡Î 1000 ex‡Ri IRb 25-32 MÖvg Ges 22-25 †KwR/†n. eo `vbvi †ÿ‡Î 40-52 MÖvg/1000 ex‡Ri IRb Ges wQwU‡q ec‡bi †ÿ‡Î ex‡Ri cwigvY mvgvb¨ †ewk w`‡Z n‡e| ec‡bi mgq: GjvKv‡f‡` gy‡Mi ecb mg‡qi ZviZg¨ †`Lv hvq| Lwid-1 †gŠmy‡g dvêyb gv‡mi 2q mßvn †_‡K †kl ch©šÍ (†deªæqvwii †kl fvM n‡Z gv‡P©i ga¨-fvM)| Lwid-2 †gŠmy‡g kªveY 3q mßvn-fv`ª 3q mßvn (AvM‡÷i wØZxq mßvn n‡Z †m‡Þ¤¦‡ii 1g mßvn ch©šÍ)| wej¤^ iwe †gŠmy‡g ewikvj GjvKvi Rb¨ ec‡bi DËg mgq gvN gvm (Rvbyqvwii 2q mßvn †_‡K †deªæqvwii ga¨ fvM)| mv‡ii cwigvY I cÖ‡qvM c×wZ: GKK dm‡ji Rb¨ Abye©i Rwg‡Z †n±icÖwZ mvi¸wj Rwg †kl Pv‡li mgq wb¤œiƒc nv‡i mvi e¨envi Ki‡Z n‡e| AšÍe©Z©xKvjxb cwiPhv©: ec‡bi 20-25 w`‡bi g‡a¨ GKevi AvMvQv `gb Kiv cÖ‡qvRb| AwZe„wói d‡j hv‡Z Rjve×Zv m„wó n‡Z bv cv‡i †m Rb¨ AwZwi³ cvwb †ei nIqvi e¨e¯’v ivL‡Z n‡e| GQvov Lwid-1 †gŠmy‡g e„wó bv n‡j mwVK mg‡q ec‡bi Rb¨ ec‡bi c~‡e© ev c‡i GKwU †mP cÖ‡qvRb| †mP w`‡j Pviv MRv‡bvi ci gvjwPs K‡i w`‡Z n‡e| GQvovI cÖ‡qvR‡b cieZx©‡Z gvwU‡Z i‡mi Afve n‡j 1-2 wU nvjKv †mP w`‡Z n‡e| dmj msMÖn: dj cwic° n‡q Kvj‡P eY© aviY Ki‡j dj msMÖn ,"BARI Krishi Projukti Hatboi, 10th edition (Dec 2024), Akhond et al. (eds.) 2025"
Field pea,BARI Field pea-3,,2017.0,101.0,105.0,,,,,False,False,False,False,False,True,False,evwi gUi-3,"cÖ¯ÍvweZ jvBbwU Wvj M‡elYv †K‡›`ªi msM„nxZ Rvg©cøvRg n‡Z msMÖn K‡i ACIAR cÖK‡íi gva¨‡g 2010 mvj n‡Z cyYivq g~j¨vqb Kiv nq| Avgb avb KvUvi ci ev Avgb av‡bi Rwg‡Z mv_x dmj wnmv‡e Rwg‡K Pvlvev‡`i AvIZvq G‡b gU‡ii Drcv`b evov‡bvi j‡¶¨ A‡bK¸‡jv jvBb 2015 mvj ch©šÍ wewfbœ AÂ‡j mv_x dmj wn‡m‡e g~j¨vqb Kiv nq| Zb¥‡a¨ GwU D”Pdjbkxj, K`©gv³ Rwg‡Z Pv‡lvc‡hvMx (mv_x dmj wn‡m‡e) Ges †ivM cÖwZ‡ivax jvBb wn‡m‡e wbe©vPb Kiv nq| GwU 2014 †_‡K 2016 mvj ch©šÍ mv‡j evsjv‡`‡ki h‡kvi, Rvgvjcyi, dwi`cyi I cvebv AÂ‡j djb I Awf‡hvRb ¶gZv, †ivM evjvB I †cvKv-gvKo ms‡e`bkxjZv Ges ¸YMZ gvb g~j¨vqb Ki nq| `xN©w`b cix¶vi ci jvBbwU GKwU m¤¢vebvgq jvBb wn‡m‡e wbe©vwPZ nIqvq RvZ wn‡m‡e gy³vq‡bi Rb¨ cÖ¯Íve Kiv nq Ges 2017 mv‡j GwU evwi gUi-3 wn‡m‡e Aegy³ Kiv nq| gU‡ii m¤¢vebvgq RvZ wnmv‡e Gi gva¨‡g †`‡ki GKwU wekvj cwZZ Rwg Pvlvev‡`i AvIZvq Avbv m¤¢e n‡e Ges †`‡ki Wv‡ji NvUwZ c~i‡Y mnvqK f~wgKv ivL‡Z cvi‡e| Rv‡Zi D‡jøL‡hvM¨ ˆewkó¨: MvQ Lvov cÖK…wZi I j¤^v| exR meyRvf mv`v e‡Y©i I Zzjbvg~jK eo| dz‡ji is mv`v| Pviv Ae¯’vq †Mvov cPv †ivM mnbkxj| cvDWvwi wgjwWD I iv÷ †ivM mnbkxj| ga¨g AvK…wZi exR (1000 ex‡Ri IRb 95-105 MÖvg)| Avgb av‡bi mv‡_ mv_x dmj wn‡m‡e LyeB Dc‡hvMx| RxebKvj 101-105 w`b djb| meyR d‡ji djb 5600-6000 ‡KwR/‡n±i| ex‡Ri djb 2010-2290‡KwR/‡n±i|","BARI Krishi Projukti Hatboi, 10th edition (Dec 2024), Akhond et al. (eds.) 2025"
Field pea,BARI Field pea-4,,,94.0,103.0,,,,,False,False,False,False,False,False,False,evwi gUi-4,"RvZwUi MvQ 93-159 †mwg ch©šÍ j¤^v n‡Z cv‡i| iwe †gŠmz‡g Pvl‡hvM¨, dzj †Mvjvcx iO‡qi| RxebKvj 94-103 w`b| cÖwZwU Mv‡Q 23-38 wU dj a‡i|exR Kvj‡P meyRvf e‡Y©i| 100 ex‡Ri IRb 9.67-15.27 MÖvg| RvZwUi KwP cvZv I mezR dj mwâ wn‡m‡e e¨envi‡hvM¨| RvZwU Avgb av‡bi mv‡_ mv_x dmj wn‡m‡e Pv‡lvc‡hvMx| Mo ex‡Ri djb : 1.60 n‡Z 2.30 Ub/‡n±i|","BARI Krishi Projukti Hatboi, 10th edition (Dec 2024), Akhond et al. (eds.) 2025"
Foxtail millet,BARI Foxtail millet-2,,2001.0,120.0,125.0,2.75,3.0,120.0,,False,False,False,False,False,False,False,evwi KvDb-2,"G RvZwU Kzwgjøv †Rjvi civKvw›` †_‡K msMªn Kiv nq| G RvZwU †`wk-we‡`wk Rv‡Zi mv‡_ Zyjbvg~jK g~j¨vq‡bi wfwË‡Z 2001 mv‡ji †m‡Þ¤^i gv‡m RvZxq exR †evW© KZ©…K evwi KvDb-2 bv‡g Aby‡gvw`Z nq| Mv‡Qi D”PZv 120 †mwg| KvÐ k³ I gReyZ nIqvq MvQ mn‡R †n‡j c‡o bv| cvZv meyR, PIov Ges j¤^v| kxl 20-25 †mwg j¤^v Ges †QvU ï‡qvhy³ nq| exR †MvjvKvi Ges wN‡q i‡Oi| nvRvi ex‡Ri IRb 2.55 MÖvg| G RvZwUi †n±icÖwZ djb 2.75-3.0 Ub (iwe †gŠmy‡g)| wZZvm Rv‡Zi †P‡q Mo djb cÖvq 20% †ewk| G RvZwUi RxebKvj 120-125 w`b| G RvZwU‡Z †ivM-evjvB ev †cvKv-gvK‡oi AvµgY †Zgb †`Lv hvq bv|","BARI Krishi Projukti Hatboi, 10th edition (Dec 2024), Akhond et al. (eds.) 2025"
Foxtail millet,BARI Foxtail millet-3,,2001.0,,,2.5,3.0,,,False,False,False,False,False,False,False,evwi KvDb-3,"KvD‡bi G RvZwU wgD‡Ukb weªwWs c×wZ‡Z D™¢vweZ| †`wk-we‡`wk KvD‡bi RvZmg~‡ni mv‡_ Ges c¨v‡i›U Gi mv‡_ Zyjbvg~jK g~j¨vq‡bi wfwË‡Z 2001 mv‡j RvZxq exR †evW© KZ©…K evwi KvDb-3 bv‡g Aby‡gvw`Z nq| GB RvZwU Lv‡Uv A_©vr M‡o 45-50 †mwg j¤^v nq, MvQ Le©vK…wZi nIqvq cÖej evZv‡m b~‡q c‡o bv| d‡j cvnv‡oi Xv‡j Pv‡li Rb¨ we‡kl Dc‡hvMx| GB RvZwUi kxl gvSvwi (M‡o 17 †mwg) Ges †QvU ïqvhy³ nq| exR AvKv‡i eo, †MvjvKvi Ges wN‡q i‡Oi| nvRvi ex‡Ri IRb 2.36 Mªvg| ¯’vbxq Rv‡Zi †P‡q djb kZKiv cÖvq 35 fvM †ewk| iwe †gŠmy‡g G RvZwUi djb †n±icÖwZ 2.5-3.0 Ub| RxeKvj 120-125 w`‡b| cvZvi AMªfvM myuPv‡jv nIqvq cvwLi AvµgYRwbZ ¶wZ A‡bK Kg nq| G RvZwU‡K †ivMevjvB ev †cvKvgvK‡oi AvµgY †Zgb GKUv †`Lv hvq bv|","BARI Krishi Projukti Hatboi, 10th edition (Dec 2024), Akhond et al. (eds.) 2025"
Foxtail millet,BARI Foxtail millet-4,,2019.0,108.0,108.0,3.53,3.53,105.0,,False,False,False,False,False,False,False,evwi KvDb-4,"GB RvZwU 2013-14 mv‡j ICRISAT (International Crops Research Institute for the Sami-Aried Tropics), fviZ n‡Z msM…nxZ Rvg©cøvRg mg~‡ni ga¨ n‡Z wbe©vPb Kiv nq| K‡qK eQi wewfbœ Rv‡Zi mv‡_ Zyjbvg~jK g~j¨vq‡bi wfwË‡Z 2019 mv‡j c«¯ÍvweZ †R‡bvUvBc ISE 375, RvZxq exR †evW© KZ©…K evwi KvDb-4 bv‡g Aby‡gvw`Z nq| G Rv‡Zi Mv‡Qi Mo D”PZv 105 †m.wg., hv evwi KvDb-2 Rv‡Zi †P‡q c«vq 23% Kg| KvÐ `…p, k³, gReyZ I A‡c¶vK…Z LvU nIqvq RvZwU mn‡R †n‡j c‡obv| Gi kxl Lvov (erect), †QvU ïuqvhy³, j¤^v I AuvUmvU (compact)| cvZv PIov, j¤^v I wKQyUv eµvKvi| `vbv †MvjvKvi eo I wN‡q i‡Oi| nvRvi `vbvi IRb 2.55 M«vg| RvZwUi Mo djb †n±icÖwZ 3.53 Ub (iwe †gŠmy‡g), hv evwi KvDb-2 Rv‡Zi †P‡q c«vq 16% †ewk| RvZwU `ªæZ ea©bkxj Ges 108 w`‡b cwic° nq| Lv`¨ I cvwbi Pvwn`v Kg nIqvq Liv c«eY I PivÂ‡jI Pvl Kiv hvq| G RvZwU‡Z †ivM-evjvB ev †cvKv-gvK‡oi AvµgY †Zgb †`Lv hvq bv|","BARI Krishi Projukti Hatboi, 10th edition (Dec 2024), Akhond et al. (eds.) 2025"
Garlic,BARI Garlic-1,,,,,,,,,False,False,False,False,False,False,False,evwi imyb-1,,"BARI Krishi Projukti Hatboi, 10th edition (Dec 2024), Akhond et al. (eds.) 2025"
Garlic,BARI Garlic-2,,,120.0,140.0,0.3,0.4,56.0,,False,False,False,False,False,False,False,evwi imyb-2,"imy‡bi G RvZwU evQvB cÖwµqvi gva¨‡g D™¢veb Kiv nq| Mv‡Qi D”PZv 56-58 †mwg| cÖwZ Mv‡Qi cvZvi msL¨v 9-10wU, cÖwZ K‡›` †Kvqvi ˆ`N¨© 2.5-3 †mwg, K‡›`i IRb 22-23 MÖvg| RvZwU fvBivm I Ab¨vb¨ †ivM cÖwZ‡iva ¶gZv Ges msi¶Y ¸Y fvj| †ivc‡Yi mgq Avwk¦‡bi †kl mßvn †_‡K KvwZ©‡Ki †kl| ex‡Ri nvi †n±icÖwZ 300-400 †KwR (†Kvqv)| 0.75-1.00 MÖvg imy‡bi †Kvqv exR wn‡m‡e e¨envi Ki‡j djb †ewk cvIqv hvq| RxebKvj 120-140 w`b| Z‡e AvenvIqv‡f‡` †Kvb †Kvb mgq Kg †ewk n‡Z cv‡i| djb †n±icÖwZ 8-9 Ub| RvZwU evsjv‡`‡ki me GjvKvq Pvl Kiv hvq|","BARI Krishi Projukti Hatboi, 10th edition (Dec 2024), Akhond et al. (eds.) 2025"
Garlic,BARI Garlic-3,,2016.0,135.0,140.0,10.5,11.31,71.0,,False,False,False,False,False,False,False,evwi imyb-3,"2016 mv‡j RvZxq exR †evW© KZ©„K Ôevwi imyb-3Õ bv‡g RvZwU Aby‡gvw`Z nq| evQvB cÖwµqvi gva¨‡g G RvZwU D™¢veb Kiv n‡q‡Q| Mv‡Qi D”PZv 71-72.39 †mwg| Mv‡Qi cvZvi is Mvp meyR| MvQ gvSvix ai‡bi, cÖwZ Mv‡Q cvZvi msL¨v 10-10.7wU| GwU kxZKvjxb RvZ| G Rv‡Zi RxebKvj 135-140 w`b| cÖwZ ev‡j¦i †Kvqvi msL¨v 23-24.45wU, †Kvqvi Mo ‰`N©¨ 2-2.52 †mwg, ev‡j¦i Mo IRb 11-12.43 MÖvg I ev‡j¦i Mo ˆ`N©¨ 3-3.39 †mwg| RvZwU fvBivm †ivM AvµgY mnbkxj Ges †cvKvgvKo Gi AvµgY Kg nq| Z‡e gv‡S gv‡S cvc©j eøP I cvZv Sjmv‡bv †ivM †`Lv w`‡Z cv‡i| RvZwUi †n±icÖwZ djb 10.5-11.31 Ub|","BARI Krishi Projukti Hatboi, 10th edition (Dec 2024), Akhond et al. (eds.) 2025"
Garlic,BARI Garlic-4,,2016.0,130.0,140.0,8.0,8.78,67.0,,False,False,False,False,False,False,False,evwi imyb-4,"2016 mv‡j RvZxq exR KZ…©K Ôevwi imyb-4Õ bv‡g RvZwU Aby‡gvw`Z nq| Mv‡Qi D”PZv 67-68.39 †mwg| Mv‡Qi cvZvi is meyR| MvQ gvSvix ai‡bi, cÖwZ Mv‡Q cvZvi msL¨v 7-8.63wU| GwU kxZKvjxb RvZ| G Rv‡Zi RxebKvj 130-140 w`b| cÖwZ ev‡j¦ †Kvqvi msL¨v 17-18.66wU, †Kvqvi Mo ‰`N©¨ 2-2.20 †mwg, ev‡j¦i Mo IRb 10-10.62 MÖvg I Mo ev‡j¦i ˆ`N©¨ 2-2.97 †mwg| RvZwU fvBivm ‡ivM AvµgY mnbkxj Ges †cvKvgvKo Gi AvµgY Kg nq| Z‡e KLbI KLbI cvc©j eøP I cvZv Sjmv‡bv †ivM †`Lv w`‡Z cv‡i| RvZwUi †n±icÖwZ djb 8.0-8.78 Ub|","BARI Krishi Projukti Hatboi, 10th edition (Dec 2024), Akhond et al. (eds.) 2025"
Garlic,BARI Garlic-5,,,140.0,150.0,9.0,10.0,,,False,False,False,False,False,False,False,evwi imyb-5,"evwi imyb-5 RvZwUi Mv‡Qi Mo D”PZv 65-75 †mw›UwgUvi| K‡›`i djb cÖvq 9-10 Ub/†n±i| cÖwZwU imy‡bi IRb cÖvq 22-25 MÖvg| cÖwZ imy‡b †Kvqvi msL¨v cÖvq 17-20 wU| †Kvqvi is nvjKv mv`v| ‡Kvqvi AvKvi eZ©gv‡b we`¨gvb Rv‡Zi Zzjbvq eo, hvi Mo IRb cÖvq 1.4-1.6 MÖvg| †Kvqvi AvKvi eo nIqvi d‡j K›` †_‡K †Kvqv c„_KxKiY mnR| G RvZwUi RxebKvj 140-150 w`b| imy‡bi SvuS LyeB †ewk Ges G RvZwU †ivMevjvB‡qi cÖwZ mnbkxj| gvV †_‡K imyb msMÖnKvjxb cvZv wKQzUv meyR _v‡K| MZ 13 wW‡m¤^i 2023 wLª: RvZxq exR †evW©, K…wl gšÎYvjq KZ…©K evwi imyb-5 bZzb RvZ wnmv‡e Aby‡gv`b †c‡q‡Q|","BARI Krishi Projukti Hatboi, 10th edition (Dec 2024), Akhond et al. (eds.) 2025"
Grasspea,BARI Grasspea-2,,1996.0,125.0,130.0,1.5,2.0,55.0,,False,False,False,False,False,False,False,evwi †Lmvix-2,evwi †Lmvix-2 RvZwU 1996 mv‡j mviv‡`‡k Avev‡`i Rb¨ RvZxq exR †evW© KZ©„K Aby‡gv`b jvf K‡i| cvZv ¯’vbxq Rv‡Zi Zyjbvq †ewk PIov| dz‡ji is bxj| Mv‡Qi D”PZv 55-60 †mwg| exR GKUy eo Ges is nvjKv a~mi| nvRvi ex‡Ri IRb 50-55 MÖvg| exR ecb †_‡K dmj cvKv ch©šÍ 125-130 w`b mgq jv‡M| IWv‡ci (ODAP) cwigvY 0.025%| djb †n±icÖwZ 1500-2000 †KwR|,"BARI Krishi Projukti Hatboi, 10th edition (Dec 2024), Akhond et al. (eds.) 2025"
Grasspea,BARI Grasspea-3,,2011.0,120.0,130.0,1.8,2.0,62.0,,False,False,False,False,False,False,False,evwi †Lmvix-3,"wmwiqvq Aew¯’Z AvšÍRv©wZK Bbw÷wUDU, BKvWv© (ICARDA) n‡Z msM„nxZ 22wU msKivwqZ jvBb eû¯’vwbK Awf‡hvRb cixÿvi gva¨‡g evsjv‡`‡ki wewfbœ gvwU I AvenvIqv‡Z cixÿv Kiv nq| G¸‡jvi g‡a¨ GKwU jvBb Sel-190 †ivM mnbkxj, D”Pdjbkxj Ges †ewk ev‡qv-gvm Drcv`b ÿgZvm¤úbœ nIqvq evwi †Lmvix-3 wn‡m‡e 2011 mv‡j Aegy³ Kiv nq| G RvZwU evsjv‡`‡ki cÖavb †Lmvix Avev`x GjvKvmg~‡ni GKK dmj Ges mv_x dmj wn‡m‡e Avgb av‡bi mv‡_ Pvl Kiv hvq| Gu‡Uj †`vAuvk, cwj ev cwj †`vAuvk gvwU RvZwU Pv‡li Rb¨ Dc‡hvMx| dzj eo I Mv‡Qi D”PZv 62-65 †mwg Ges cªwZ Mv‡Q cW msL¨v 35-37 wU, 1000 ex‡Ri IRb 53-58 Mªvg| djb †n±icÖwZ 1800-2000 †KwR Ges RxebKvj 120-130 w`b| IWvc (ODAP) Gi cwigvY 0.04%|","BARI Krishi Projukti Hatboi, 10th edition (Dec 2024), Akhond et al. (eds.) 2025"
Grasspea,BARI Grasspea-4,,2014.0,114.0,117.0,0.7,1.1,65.0,,False,False,False,False,False,False,False,evwi †Lmvix-4,"evsjv‡`‡ki wewfbœ AÂj n‡Z msM„nxZ Rvg©cøvRg n‡Z cÖv_wgK, AMÖMwZ I eû¯’vwbK cixÿvi gva¨‡g 2014 mv‡j RvZxq exR †evW© KZ©„K evwi †Lmvix-4 RvZwU AvÂwjK Wvj M‡elYv †K›`ª, gv`vixcyi n‡Z D™¢vweZ n‡q‡Q|  Mv‡Qi D”PZv 65-70 †mwg  cvZv nvjKv meyR Ges cÎvsk¸‡jv †ek †QvU nq|  cÎdjK eo, dzj mv`v I ex‡Ri is mv`v  cÖwZ Mv‡Q c‡Wi msL¨v 17-23 wU|  cW¸‡jv GKUz j¤^vK…wZi|  ex‡Ri IRb : 7.0-7.1 Mªvg (cÖwZ 100wU)  RxebKvj : 114-117 w`b  djb : 700-1100 †KwR/†n±i  WvDbx wgjwWD †ivM mnbkxj  ev‡ivgvm Drcv`bkxj weavq G RvZwU AwaK †Mv-Lv`¨ wnmv‡e LyeB Dc‡hvMx","BARI Krishi Projukti Hatboi, 10th edition (Dec 2024), Akhond et al. (eds.) 2025"
Grasspea,BARI Grasspea-5,,2018.0,121.0,125.0,1.47,1.7,,,False,False,False,False,False,False,False,evwi †Lmvix-5,"2010 mv‡j AvšÍR©vwZK K…wl M‡elYv cÖwZôvb ICARDA (International Center for Agricultural Research in the Dry Areas) Gi mn‡hvwMZvq wb¤œgvÎvi ODAP m¤úbœ 15wU Rvg©cøvRg ev jvBb msMÖn K‡i cÖv_wgKfv‡e Zv‡`i djb cixÿv Kiv nq| cieZ©x‡Z D”Pdjbkxj Ges Kg ODAP m¤úbœ Rvg©cøvRg¸‡jv‡K evQvB K‡i eû¯’vwbK cixÿv I wi‡j dmj wn‡m‡e g~j¨vqb Kiv nq| 2014 †_‡K 2018 mvj ch©šÍ evsjv‡`‡ki gv`vixcyi, mvZÿxiv I cvebv AÂ‡j djb I Awf‡hvRb ¶gZv, †ivM evjvB I †cvKv-gvKo ms‡e`bkxjZv Ges ¸YMZ gvb g~j¨vqb Kiv nq| Zb¥‡a¨ GwU D”Pdjbkxj Ges †ivM cÖwZ‡ivax jvBb wn‡m‡e wbe©vPb Kiv nq| `xN©w`b cix¶vi ci jvBbwU GKwU m¤¢vebvgq jvBb wn‡m‡e wbe©vwPZ nIqvq RvZ wn‡m‡e gy³vq‡bi Rb¨ cÖ¯Íve Kiv nq| RvZ wnmv‡e G jvBbwU wbe©vwPZ Kiv n‡j iwe †gŠmy‡g †Lmvix Avev`‡hvM¨ †`‡ki GKwU wekvj cwZZ Rwg Pvl Avev‡`i AvIZvq Avbv m¤¢e n‡e Ges †`‡ki Wv‡ji NvUwZ c~i‡Y mnvqK f~wgKv ivL‡Z cv‡i| ZvB GB RvZwU 2018 mv‡j RvZxq exR †evW© evwYwR¨Kfv‡e Pvlvev‡`i Rb¨ Aby‡gv`b †`q| MvQ j¤^v AvK…wZi (70-80 †mwg) Ges AwaK ev‡qvgvm wewkó| Gi dzj eo Ges Mvp bxj, exR gm„Y I a~mi e‡Y©i Ges G RvZwU †Mvov cPv Ges WvDwb wgjwWD †ivM mnbkxj| Mv‡Q d‡ji msL¨v †ewk (30-49 wU) I Zzjbvg~jK eo AvK…wZi exR (100 ex‡Ri IRb 5.3-5.8 MÖvg)| RxebKvj 121-125 w`b| Mo ex‡Ri djb-1.47-1.70 Ub/†n±i| Z‡e AbyK‚j AvenvIqv I h_vh_ hZœ wb‡j djb †n±icÖwZ 2 U‡bi AwaK n‡Z cv‡i| ODAP Gi cwigvY Lye Kg (0.04%)|","BARI Krishi Projukti Hatboi, 10th edition (Dec 2024), Akhond et al. (eds.) 2025"
Grasspea,BARI Grasspea-6,,2020.0,108.0,118.0,1.37,1.87,,,False,False,False,False,False,False,False,evwi †Lmvix-6,"AvšÍR©vwZK K…wl M‡elYv cÖwZôvb ICARDA (International Center for Agricultural Research in the Dry Areas) Gi mn‡hvMxZvq msMÖnK…Z Kg ODAP m¤úbœK‡qKwU jvB‡bi g‡a¨ 2000 mv‡j Wvj M‡elYv †K›`ª, Ck¦i`x‡Z msKivqY cÖwµqvi gva¨‡g wKQzjvBb D™¢vweZ nq| evwi †Lmvix-6 Gi †KŠwjK mvwi bs- BKX 0003-1 ‡hwUi F5 ‡Rbv‡ik‡b mvwi wbe©vwPZ nq| 2013 †_‡K 2018 mvj ch©šÍ evsjv‡`‡ki gv`vixcyi, ewikvj, MvRxcyi, mvZÿxiv, h‡kvi I cvebv AÂ‡j wewfbœ ‡K›`ªmn K…l‡Ki gv‡V djb I Awf‡hvRb ¶gZv, Avgb av‡bi mv‡_ mv_x dmj wn‡m‡e djb, †ivM evjvB I †cvKv-gvKo ms‡e`bkxjZv Ges ¸YMZ gvb g~j¨vqb Kiv nq| Zb¥‡a¨ GwU D”Pdjbkxj Ges †ivM-†cvKv cÖwZ‡ivax jvBb wn‡m‡e wbe©vPb Kiv nq| `xN©w`b cix¶vi ci jvBbwU GKwU m¤¢vebvgq jvBb wn‡m‡e wbe©vwPZ nIqvq 2020 mv‡j RvZxq exR †evW© KZ©„K evwi ‡Lmvix-6 wn‡m‡e mviv evsjv‡`‡k Pvlvev‡`i Rb¨ Aegy³ nq| Rv‡Zi D‡jøL‡hvM¨ ˆewkó¨: Avgb av‡bi mv‡_ mv_x dmj Ges GKK dmj, Dfq c×wZ‡ZB Pv‡lvc‡hvMx| AwaK ev‡qvgvm mg…× Zyjbvg~jK j¤^v AvK…wZi MvQ| RxebKvj 108-118 w`b| Kvj‡P a~mi i‡Oi eo AvK…wZi exR (1000 ex‡Ri IRb 62.2-68.1 M«vg)| ex‡R ODAP Gi cwigvY Lye Kg (<0.04%)| WvDbx wgjwWD †ivM mnbkxj| djb : 1.37-1.87 Ub/‡n±i, Z‡e AbyKzj AvenvIqv I h_vh_ hZœwb‡j djb †n±icÖwZ 2 Ub ch©šÍ n‡Z cv‡i|","BARI Krishi Projukti Hatboi, 10th edition (Dec 2024), Akhond et al. (eds.) 2025"
Groundnut,BARI Groundnut-5,,1999.0,135.0,145.0,2.7,3.1,35.0,51.0,False,False,False,False,False,False,False,evwi Pxbvev`vg-5,"ÔXvKv-1Õ RvZ †_‡K wgD‡Ukb K‡i ÔPxbvev`vg-5Õ D™¢veb Kiv nq Ges 1999 mv‡j Aby‡gvw`Z nq| Mv‡Qi D”PZv 35-40 †mwg| MvQ Lvov I ¸”QvKvi| cvZvi is nvjKv meyR| kvLv cÖkvLvq dzj nq| cÖwZ ev`v‡g ex‡Ri msL¨v 1-2wU| ev`v‡gi wkiv Dcwkiv Lye ¯úó, ex‡Ri AvKvi eo| 100 ex‡Ri IRb 48-50 MÖvg| ex‡Ri mywßKvj 10-15 w`b| ex‡R †Z‡ji cwigvY 51-52%| Avwg‡li cwigvY 25-27%| dm‡ji Rxeb Kvj iwe †gŠmy‡g 135-145 w`b Ges Lwid †gŠmy‡g 115-125 w`b| †n±icÖwZ djb iwe †gŠmy‡g 2.70-3.10 Ub Ges Lwid †gŠmy‡g 2.0-2.5 Ub|","BARI Krishi Projukti Hatboi, 10th edition (Dec 2024), Akhond et al. (eds.) 2025"
Groundnut,BARI Groundnut-6,,1999.0,140.0,150.0,2.5,2.8,35.0,50.0,False,False,False,False,False,False,False,evwi Pxbvev`vg-6,"wewfbœ we‡`wk cÖRvwZ n‡Z evQvB cÖwµqvi gva¨‡g Ôevwi Pxbvev`vg-6Õ RvZwU D™¢veb Kiv nq Ges 1999 mv‡j Aby‡gvw`Z nq| Mv‡Qi D”PZv 35-40 †mwg| MvQ Lvov I ¸”QvK…wZi nq| cvZvi is Mvp meyR| Pxbvev`v‡gi †Lvmvi DcwifvM gm„Y, cvZjv| wkiv, Dcwkiv A¯úó| ex‡Ri is nvjKv ev`vgx| 100 ex‡Ri IRb 50-55 Mªvg| ex‡R †Z‡ji cwigvY 50-52%| Avwg‡li cwigvY 25-26%| dm‡ji RxebKvj iwe †gŠmy‡g 140-150 w`b Ges Lwid †gŠmy‡g 120-130 w`b| †n±icÖwZ djb iwe †gŠmy‡g 2.5-2.8 Ub Ges Lwid †gŠmy‡g 2-2.4 Ub|","BARI Krishi Projukti Hatboi, 10th edition (Dec 2024), Akhond et al. (eds.) 2025"
Groundnut,BARI Groundnut-7,,2004.0,145.0,155.0,2.8,3.0,,,False,False,False,False,False,False,False,evwi Pxbvev`vg-7,wewfbœ cix¶v-wbix¶v I evQvB cÖwµqvq Ôevwi Pxbvev`vg-7Õ RvZwU G‡`‡k Pvlvev‡`i Rb¨ 2004 mv‡j RvZxq exR †evW© KZ„©K Aby‡gvw`Z nq| RxebKvj iwe †gŠmy‡g 145-155 w`b Ges Lwid †gŠmy‡g 130-140 w`b| djb iwe †gŠmy‡g cªwZ †n±‡i 2.8-3.0 Ub Ges Lwid †gŠmy‡g 1.8-2.0 Ub| ev`v‡gi †Lvmv gm„Y I wKQyUv mv`v‡U I big| ex‡Ri myßZv †bB| cvZvq `vM cov I gwiPv †ivM Zyjbvg~jKfv‡e Kg nq|,"BARI Krishi Projukti Hatboi, 10th edition (Dec 2024), Akhond et al. (eds.) 2025"
Groundnut,BARI Groundnut-8,,2006.0,140.0,150.0,2.5,2.5,35.0,,False,False,False,False,False,False,False,evwi Pxbvev`vg-8,"evsjv‡`k K…wl M‡elYv Bbw÷wUDU D™¢vweZ Ôevwi Pxbvev`vg-8Õ RvZwU 2006 mv‡j RvZxq exR †evW© KZ…©K Aby‡gvw`Z nq| RxebKvj iwe †gŠmy‡g 140-150 w`b Ges Lwid †gŠmy‡g 125-140 w`b| Mv‡Qi D”PZv 35-42 †mwg| cÖwZ Mv‡Q ev`v‡gi msL¨v 20-25wU| ev`vg¸‡jv ÔXvKv-1Õ Rv‡Zi g‡Zv †_vKvq †_vKvq R‡b¥| ex‡Ri AvKvi gvSvwi, ex‡Ri is jvj‡P| 100 ev`v‡gi (†Lvmv Qvov‡bv) IRb 55-60 Mªvg| kZKiv †mwjs nvi 65-70| djb cÖwZ †n±‡i 2.5 Ub|","BARI Krishi Projukti Hatboi, 10th edition (Dec 2024), Akhond et al. (eds.) 2025"
Groundnut,BARI Groundnut-9,,2010.0,,,2.5,2.8,40.0,,False,False,False,False,False,False,False,evwi Pxbvev`vg-9,"Ôevwi Pxbvev`vg-9Õ RvZwU ICRISAT, fviZ †_‡K msM„nxZ Rvg©cøvRg †_‡K evQvB c×wZi gva¨‡g D™¢veb Kiv nq Ges 2010 mv‡j RvZxq exR †evW© KZ…©K Aby‡gv`b jvf K‡i| RvZwU ¯ú¨vwbk †kªwYfy³| evsjv‡`‡ki me©Î iwe I Lwid †gŠmy‡g Pvlvev‡`i Dc‡hvMx| iwe †gŠmy‡g ga¨-A‡±vei †_‡K ga¨-b‡f¤^i ec‡bi Dchy³ mgq| Lwid-2 †gŠmy‡g RyjvB †_‡K AvM÷ gv‡m Pvl Kiv hvq| ecb mgq †_‡K cwic° ch©šÍ iwe †gŠmy‡g 140-150 w`b Ges Lwid †gŠmy‡g 120-130 w`b mgq jv‡M| Ôevwi Pxbvev`vg-9Õ RvZwU Ôevwi Pxbvev`vg-6Õ I Ôevwi Pxbvev`vg-7Õ A‡c¶v 5-7 w`b Av‡M cwic° nq| Mv‡Qi D”PZv gvSvwi ai‡bi (40-45 †mwg)| cÖwZwU MvQ †_‡K 20-22wU cyó ev`vg cvIqv hvq| ev`v‡gi †Lvmv wKQyUv Agm„Y I wkiv Dcwkiv¸‡jv ¯úó| ex‡Ri AvKvi gvSvwi Ges is nvjKv ev`vgx| 100 ex‡Ri IRb 45-47 MÖvg| RvZwUi cÖwZ †n±‡i djb 2.5-2.8 Ub|","BARI Krishi Projukti Hatboi, 10th edition (Dec 2024), Akhond et al. (eds.) 2025"
Groundnut,BARI Groundnut-10,Ddkx,2016.0,,,,,40.0,,True,False,False,False,False,False,False,evwi Pxbvev`vg-10,Ôevwi Pxbvev`vg-10Õ RvZwU AvšÍR©vwZK cÖwZôvb ICRISAT (International Crop Research Inistitute for the Semi Arid Tropic) †_‡K Rvg©cøvRg msMÖn K‡i fvj PvwiwÎK ˆewk‡ó¨i wKQz jvBb cÖv_wgKfv‡e evQvB cÖwµqvi gva¨‡g wbev©Pb Kiv nq| G jvBb¸‡jvi g‡a¨ ICGV-96346 jvBbwU D”P djb wewkó Ges gvSvwi †ivM mnbkxj e‡j cÖZxqgvb nq| jvBbwU ¯ú¨vwbm †Mv‡Îi Ges cÖv_wgK djb cixÿvq D³ †Mv‡Îi Ab¨vb¨ Rv‡Zi mv‡_ DbœZZi we‡ewPZ nq Ges AvÂwjK djb cixÿvqI m‡e©v”P djb cÖ`vb K‡i| GiB avivevwnKZvq 2016 mv‡j K…l‡Ki gv‡V jvBbwU RvZ wn‡m‡e Pvlvev‡`i Rb¨ Aby‡gv`b jvf K‡i| Mv‡Qi D”PZv gvSvwi ai‡bi (40-45 †mwg) cÖwZwU MvQ †_‡K 20-22wU cyó ev`vg cvIqv hvq| RvZwU evsjv‡`‡ki PivÂ‡ji Rwg‡Z Pvlvev‡`i Rb¨ LyeB Dchy³| ecb †_‡K dmj DVv‡bv ch©šÍ iwe †gŠm‡g 140-150 Ges Lwid †gŠm‡g 120-130 w`b mgq jv‡M| RvZwU ¯^ígvÎvq Liv I †ivM mnbkxj| jvBbwUi `vbvi AvKvi XvKv-1 Gi `vbv †_‡K eo| RvZwUi Mo Drcv`bkxjZv 2000-2200 †KwR/†n±i|,"BARI Krishi Projukti Hatboi, 10th edition (Dec 2024), Akhond et al. (eds.) 2025"
Groundnut,BARI Groundnut-12,,2023.0,140.0,155.0,,,30.0,,True,False,False,False,False,False,False,evwi Pxbvev`vg-12,"ICRISAT, fviZ †_‡K msM…nxZ Rvg©cvRg †_‡K evQvB c×wZ e¨envi K‡i cÖv_wgK ch©v‡q ICGV-07219 jvBbwU wbe©vPb Kiv nq| cieZ©x‡Z †`kxq Aby‡gvw`Z Rv‡Zi mv‡_ ch©‡e¶Y cix¶v, cÖv_wgK djb cix¶v, AvÂwjK djb cix¶v I K…l‡Ki gv‡V Awf‡hvRb (GWvcwUf) cix¶vq RvZwUi D”P Drcv`bkxjZv I DrK…óZv cÖgvwYZ nq| d‡j jvBbwU evwi Pxbvev`vg-12 bv‡g †`‡k me©Î Pvlvev‡`i Rb¨ 2023 mv‡j RvZxq exR †evW© KZ©…K Aby‡gvw`Z nq| RvZwU ¯ú¨vwbk †kÖYxfz³| RxebKvj 140-155 w`b| `vbvi AvKvi eo nIqvq †eKvix‡Z e¨envi Dc‡hvMx| 100 ev`v‡gi (†Lvmv Qvov) IRb 55-60 MÖvg| exR ¸‡jv wW¤^vK…wZ, gm…Y Ges mvgvb¨ j¤^v| ex‡Ri is jvj‡P ev`vgx e‡Y©i| cÖwZ d‡j 1-2wU exR _v‡K| Mv‡Qi D”PZv 30-45 †m.wg.| cÖwZMv‡Q 25-35 wU dj a‡i| kZKiv †kwjs nvi 70-75 fvM| RvZwU ¯^ígvÎvq Liv I †ivM mnbkxj| cvZvi is Mvp meyR e‡Y©i|","BARI Krishi Projukti Hatboi, 10th edition (Dec 2024), Akhond et al. (eds.) 2025"
Lentil,BARI Lentil-1,,1991.0,105.0,110.0,1.7,1.8,,,False,False,False,False,False,False,False,evwi gmyi-1,evwi gmyi-1 RvZ cvebv GjvKvi msM„nxZ Rvg©cøvRg †_‡K D™¢veb Kiv n‡q‡Q| 1991 mv‡j K…lK ch©v‡q Avev‡`i Rb¨ RvZxq exR †evW© KZ©„K G RvZwU Aby‡gv`b jvf K‡i| Mv‡Qi AvK…wZ ga¨g Ges DcwifvM jZv‡bv nq bv I WMv †ek m‡ZR| Mv‡Qi cvZv Mvp meyR| KvÐ nvjKv meyR| dz‡ji is mv`v| nvRvi ex‡Ri IRb 15-16 MÖvg| Wvj ivbœv nIqvi mgqKvj 10-12 wgwbU| Avwg‡li cwigvY 26-28%| G Rv‡Zi RxebKvj 105-110 w`b| †n±icÖwZ djb 1700-1800 †KwR|,"BARI Krishi Projukti Hatboi, 10th edition (Dec 2024), Akhond et al. (eds.) 2025"
Lentil,BARI Lentil-2,,1993.0,105.0,110.0,1.5,1.7,,,False,False,False,False,False,False,False,evwi gmyi-2,"BKvWv© (ICARDA) †_‡K 1984 mv‡j G jvBbwU evsjv‡`‡k Avbv nq| G jvBbwU wewfbœ GjvKvq cÖv_wgK, AMÖeZ©x I cieZx©‡Z eû¯’vwbK cixÿvi ci 1993 mv‡j mviv ‡`‡k Avev‡`i Rb¨ RvZwU Aegy³ Kiv nq| Mv‡Qi AvKvi ga¨g I Mv‡Qi DcwifvM mvgvb¨ jZv‡bv nq| cvZvq miæ AvKl©x _v‡K| Mv‡Qi cvZv Mvp meyR| KvÐ nvjKv meyR I dzj mv`v| nvRvi ex‡Ri IRb 12-13 MÖvg| ivbœv nIqvi mgqKvj 14-16 wgwbU| Avwg‡li cwigvY 27-29%| RvZwUi RxebKvj 105-110 w`b| †n±icÖwZ djb 1500-1700 †KwR|","BARI Krishi Projukti Hatboi, 10th edition (Dec 2024), Akhond et al. (eds.) 2025"
Lentil,BARI Lentil-3,,1996.0,100.0,105.0,1.5,1.7,,,False,False,False,False,False,False,False,evwi gmyi-3,evwigmyi-3 RvZwU GKwU msKi RvZ| GKwU ¯’vbxq RvZ Ges AMÖeZ©x jvB‡bi (weGjG· 79666) mv‡_ 1985 mv‡j msKivqY Kiv nq| cieZ©x‡Z eû¯’vwbK djb cixÿvi gva¨‡g evQvBK…Z G RvZwU 1996 mv‡j K…lK ch©v‡q evwYwR¨Kfv‡e Pvlvev‡`i Rb¨ Aby‡gv`b Kiv nq| Kv‡Ð wcM‡g‡›Ukb we`¨gvb| cvZvi is meyR| ex‡Ri is a~mi Ges ex‡R †QvU ‡QvU Kvj‡P `vM Av‡Q| ex‡Ri AvKvi ¯’vbxq RvZ A‡cÿv eo| nvRvi ex‡Ri IRb 22-25 MÖvg| Wvj ivbœv nIqvi mgqKvj 10-12 wgwbU| Avwg‡li cwigvY 24-26%| RxebKvj 100-105 w`b| djb †n±icÖwZ 1500-1700 †KwR|,"BARI Krishi Projukti Hatboi, 10th edition (Dec 2024), Akhond et al. (eds.) 2025"
Lentil,BARI Lentil-4,,1996.0,,,1.6,1.7,,,False,False,False,False,False,False,False,evwi gmyi-4,evwi gmyi-4 RvZwU 1985 mv‡j evwi gmyi-1 Ges BKvWv© †_‡K cÖvß Rv‡Zi mv‡_ msKivqY K‡i 1987 mv‡j evsjv‡`‡ki gvwU I AvenvIqv‡Z cixÿv Kiv nq| cieZx©‡Z djb I Ab¨vb¨ ¸Yvejx we‡ePbv K‡i G jvBbwU (AvBGjG· 87247) m‡šÍvlRbK nIqvq DbœZ RvZ wn‡m‡e Pvlvev‡`i Rb¨ 1996 mv‡j Aegy³ Kiv nq| Mv‡Qi is nvjKv meyR| cÎdjK AvKv‡i eo Ges cvZvi kx‡l© AvKlx© Av‡Q| dz‡ji is †e¸wb| ex‡Ri AvKvi ¯’vbxq RvZ n‡Z eo I †PÞv ai‡bi| ex‡Ri is jvj‡P ev`vwg| nvRvi ex‡Ri IRb 20-21 MÖvg| G RvZwU gwiPv I †÷gdvBwjqvg eøvBU †ivM mnbkxj| Wvj ivbœv nIqvi mgqKvj 11-13 wgwbU| Avwg‡li cwigvY 24-26%| djb †n±icÖwZ 1600-1700 †KwR|,"BARI Krishi Projukti Hatboi, 10th edition (Dec 2024), Akhond et al. (eds.) 2025"
Lentil,BARI Lentil-5,,2006.0,110.0,115.0,2.1,2.2,38.0,,False,False,False,False,False,False,True,evwi gmyi-5,"BKvWv©, wmwiqv n‡Z msKivwqZ jvBb †_‡K cÖvß GX-3 ccy‡jkb evsjv‡`‡ki gvwU I AvenvIqv‡Z cixÿv Kiv nq| cieZ©x‡Z djb I Ab¨vb¨ ¸Yvejx †hgb †ivM cÖwZ‡iva ÿgZv, AvMvg cwic°Zv BZ¨vw` we‡ePbv K‡i 13wU jvBb evQvB Kiv nq| evQvBK…Z G mg¯Í jvBb¸‡jv‡K †`‡ki wfbœ gmyi Drcv`b GjvKvq cÖv_wgK, AMÖeZ©x I eû¯’vwbK djb cixÿv Kiv nq| K…l‡Ki Rwg‡Z G jvBbwU (X-95S-136) djb m‡šÍvlRbK we‡ewPZ nIqvq DbœZRvZ wn‡m‡e wbev©Pb Kiv nq| G jvBbwU 2006 mv‡j evwi gmyi-5 bv‡g RvZxq exR †evW© KZ©„K evwYwR¨Kfv‡e Pvlvev‡`i Rb¨ Aby‡gvw`Z nq| cvZv I Mv‡Qi is meyR, cvZvi AMÖfv‡M †QvU AvKv‡ii †UwÛªj _v‡K| Mv‡Qi aib †Svcv‡jv, Mv‡Qi D”PZv 38 †mwg Ges dz‡ji is nvjKv †e¸bx, exR ¯’vbxq RvZ n‡Z eo I †PÞv ai‡bi| ex‡Ri is jvj‡P ev`vgx cwic°Zvi mgq 110-115 w`b| †n±icÖwZ Mo djb 2100-2200 †KwR| G RvZwU gwiPv I †÷gdvBwjqvg eøvBU †ivM mnbkxj|","BARI Krishi Projukti Hatboi, 10th edition (Dec 2024), Akhond et al. (eds.) 2025"
Lentil,BARI Lentil-6,,2006.0,110.0,115.0,2.2,2.3,35.0,,False,False,False,False,False,False,True,evwi gmyi-6,"2000 mv‡j BKvW©v wmwiqv n‡Z msM„nxZ msKivwqZ jvBb †_‡K cÖvß Gd-3 ccy‡jkb evsjv‡`‡ki gvwU I AvenvIqv‡Z cixÿv Kiv nq| cÖv_wgKfv‡e 58 wU GKK MvQ wbev©Pb Kiv nq| ciZ©x‡Z djb I Ab¨vb¨ ¸Yvejx †hgb †ivM cÖwZ‡iva ÿgZv, AvMvg cwic°Zv BZ¨vw` we‡ePbv K‡i 11wU jvBb evQvB Kiv nq| evQvBK…Z G mg¯Í jvBb¸‡jv‡K †`‡ki wewfbœ gmyi Drcv`b GjvKvq cÖv_wgK, AMÖeZ©x I eû¯’vwbK djb cixÿv Kiv nq| K…l‡Ki Rwg‡Z G jvBbwUi [X-95S-167(5)] djb m‡šÍvlRbK, †ivM mnbkxj, D”P gvÎvq Avqib I wRsK mg„× Ges †`‡ki me©Î Avev` Dc‡hvMx we‡ewPZ nIqvq DbœZRvZ wn‡m‡e wbev©Pb Kiv nq| G jvBbwU 2006 mv‡j evwi gmyi-6 bv‡g RZxq exR †evW© KZ„©K evwYwR¨Kfv‡e Pvlvev‡`i Rb¨ Aby‡gvw`Z nq| cvZvi is Mvp meyR,cvZvi AMÖfv‡M †UwÛªj _v‡K bv| Mv‡Qi aib †Svcv‡jv,D”PZv 35-40 †mwg| dz‡ji is †e¸bx, exR AvKv‡i ¯’vbxq RvZ n‡Z A‡bK eo I †PÞv ai‡bi| ex‡Ri is Mvp ev`vgx, †n±icÖwZ djb 2200-2300 †KwR| cwic°Zvi mgq 110-115 w`b| G RvZwU gwiPv I †÷gdvBwjqvg eøvBU †ivM mnbkxj|","BARI Krishi Projukti Hatboi, 10th edition (Dec 2024), Akhond et al. (eds.) 2025"
Lentil,BARI Lentil-7,,,110.0,115.0,1.8,2.3,32.0,,False,False,False,False,False,False,False,evwi gmyi-7,"BKvWv©, wmwiqv n‡Z msM„nxZ msKivwqZ X95S-16(4) jvBb †_‡K cÖvß Gd-3 ccy‡jkb evsjv‡`‡ki gvwU I AvenvIqvq cixÿv Kiv nq Ges cieZ©x‡Z djb, †ivM cÖwZ‡iva ÿgZv I cwic°Zv we‡ePbv K‡i evwi gmyi-7 wn‡m‡e Aegyw³i Rb¨ wbe©vPb Kiv nq| RvZwU evsjv‡`‡ki mKj GjvKvq Pvlvev‡`i Dc‡hvMx we‡kl K‡i gmyi Drcv`b GjvKv †hgb-cvebv, h‡kvi, Kywóqv,dwi`cyi, ivRkvnx, gv¸iv, wSbvB`n Ges gv`vixcy‡i RvZwU AwaK Drcv`bÿg| me ai‡bi gvwU‡ZB RvZwU Pvl Kiv †h‡Z cv‡i| Z‡e mywb®‹vwkZ †e‡j †`vAuvk gvwU‡Z fvj R‡b¥| Rwg‡Z cvwb R‡g bv _vK‡j Kuv`v gvwU‡ZI wi‡j dmj wnmv‡e Gi Pvl Kiv †h‡Z cv‡i| Mv‡Qi D”PZv 32-38 †mwg| cÖwZ Mv‡Q cW msL¨v 55-60wU| ex‡Ri is jvj‡P ev`vgx I nvjKv Kv‡jv †duvUvhy³| 1000 ex‡Ri IRb 22-23 MÖvg| RxebKvj 110-115w`b| djb †n±icÖwZ 1800-2300 †KwR|","BARI Krishi Projukti Hatboi, 10th edition (Dec 2024), Akhond et al. (eds.) 2025"
Lentil,BARI Lentil-8,,2015.0,110.0,115.0,2.1,2.2,,,False,False,False,False,False,False,False,evwi gmyi-8,"†KŠwjK mvwi bs AvBGjGj-5888 Ges AvBGjGj-6002| BKviWv (ICARDA), wmwiqv‡Z D³ †KŠwjK mvwi¸‡jv msKivq‡Yi d‡j wRsK I Avqib mg„× GjAvi-9-25 jvBbwU D™¢vweZ nq| 2007 mvj n‡Z AvšÍ©RvwZK ms¯’v BKvW©v KZ©…K cÖvß GjAvi-9-25 jvBbwU evsjv‡`‡ki gvwU I AvenvIqv‡Z cixÿv Kiv nq| GB jvBbwU D”Pdjbkxj Ges gwiPv I †÷gdvBwjqvg eøvBU (cvZv Sjmv‡bv) †ivM mnbkxj Ges m‡ev©cwi †`wi‡Z ecb‡hvM¨ nIqvq cÖv_wgKfv‡e jvBbwU‡K wbe©vPb Kiv nq| evQvBK…Z H jvBbwU‡K cÖv_wgK, AMÖewZ©, AÂjwfwËK I K…l‡Ki gv‡V gyj¨vqb cixÿvi ci RvZ wnmv‡e P~ovšÍfv‡e wbe©vPb Kiv nq Ges 2015 mv‡j RvZxq exR †evW© evwYwR¨Kfv‡e Pvlvev‡`i Rb¨ Aby‡gv`b †`q| G RvZwUi cvZv I KvÐ nvjKv meyR Ges cvZvq nvjKv †UªwÛªjhy³| MvQ †Svcv‡jv AvK…wZi Ges dz‡ji is †e¸bx| Mv‡Qi †Mvovq L‡qix wcM‡g›U we`¨gvb| exR †MvjvKvi, a~mi I nvjKv Kv‡jv †dvUv hy³| ‡ógdvBwjqvg eøvBU (cvZv Sjmv‡bv) †ivM mnbkxj| Avwg‡li cwigvY 24.0 - 24.9 %| wRsK Gi cwigvY 60 wcwcGg| Avqib Gi cwigvY 80 wcwcGg| 1000 wU ex‡Ri IRb 19-22 MÖvg| RxebKvj 110-115 w`b| djb †n±icÖwZ 2100-2200 †KwR| bvwe‡Z ecb †hvM¨ (b‡f¤^‡ii †kl mßvn ch©šÍ)|","BARI Krishi Projukti Hatboi, 10th edition (Dec 2024), Akhond et al. (eds.) 2025"
Lentil,BARI Lentil-9,,,,,,,,,False,False,False,False,False,False,False,evwi gmyi-9,Wvj dmj 78 | K…wl cÖhyw³ nvZeB †Lmvixi wi‡j dm‡ji †ÿ‡Î mv‡ii †Zgb cÖ‡qvRb nq bv| GKK dm‡ji Rb¨ Abye©i Rwg‡Z †n±icÖwZ ‡kl Pv‡li mgq Dc‡iv³ nv‡i mvi e¨envi Ki‡Z n‡e| Z‡e Mv‡Qi e„w× Kg n‡j MvQ MRv‡bi 25-30 w`b ci Dfq †ÿ‡ÎB Dc‡iv³ gvÎvq BDwiqv mvi weKvj †ejvq Dcwi cÖ‡qvM Ki‡Z n‡e| dmj msMÖn: exR ec‡bi 114-130 w`b (RvZ ‡f‡` w`‡bi cwieZ©b nq) ci ev dvêyb (ga¨-†deªæqvwi †_‡K ga¨-gvP©) gv‡m dmj msMÖn Ki‡Z nq| †Lmvixi dj †c‡K MvQ ïwK‡q †M‡j MvQ¸‡jv‡K †K‡U k³ gvwU‡Z ev gvwUi Dc‡i cwjw_b wewQw‡q A_ev cvKv †g‡S‡Z Qwo‡q †i‡L ïKv‡Z n‡e| Zvici †iŠ‡`ªv¾j w`‡b jvwV w`‡q wcwU‡q A_ev hvwš¿K Dcv‡q gvovB Ki‡Z n‡e| SvovB Kivi Rb¨ Kzjv ev ˆe`y¨wZK cvLv e¨envi Kiv DËg| Ab¨vb¨ cwiPh©v,"BARI Krishi Projukti Hatboi, 10th edition (Dec 2024), Akhond et al. (eds.) 2025"
Maize,BARI Maize-17,,,,,,,,,False,False,False,False,False,False,False,"evwi nvBweªW 
fyÆv-17",2019 iwe Lwid 12.44 9.91 145 112 evwi †ewe KY©-1 2013 iwe 1.27-1.30 85-100,"BARI Krishi Projukti Hatboi, 10th edition (Dec 2024), Akhond et al. (eds.) 2025"
Mungbean,BARI Mungbean-2,KvwšÍ,1987.0,65.0,70.0,0.9,1.1,40.0,,False,False,False,False,False,False,False,evwi gyM-2,"Rvg©cøvRg msMÖ‡ni AvIZvq msM„nxZ Rvg©cøvRg †_‡K evwi gyM-2 ev KvwšÍ RvZwU evQvB Kiv nq| 1987 mv‡j G RvZwU K…lK ch©v‡q Pvlvev‡`i Rb¨ RvZxq exR †evW© KZ©„K Aby‡gv`b jvf K‡i| Mv‡Qi D”PZv 40-45 †mwg| ex‡Ri is meyR| ex‡Ri Z¡K gm„Y| nvRvi ex‡Ri IRb 30-32 Mªvg| evwi gy‡Mi KvwšÍ RvZ w`em wbi‡cÿ nIqvq Lwid-1, Lwid-2 Ges iwe †gŠmy‡g Pvl Kiv hvq| ivbœv nIqvi mgqKvj 15-18 wgwbU| Avwg‡li cwigvY 20-24%| RxebKvj 65-70 w`b| djb †n±icÖwZ 900-1100 †KwR| RvZwU cvZvq `vM I njy` †gvRvBK †ivM mnbkxj|","BARI Krishi Projukti Hatboi, 10th edition (Dec 2024), Akhond et al. (eds.) 2025"
Mungbean,BARI Mungbean-3,cÖMwZ,1996.0,60.0,65.0,1.0,1.1,50.0,,False,False,False,False,False,False,False,evwi gyM-3,"evwi gyM-3 ev cÖMwZ RvZwU msKivq‡Yi gva¨‡g D™¢vweZ| G RvZwU 1996 mv‡j K…lK ch©v‡q Pvlvev‡`i Rb¨ Aby‡gv`b Kiv nq| Mv‡Qi D”PZv 50-55 †mwg| exR wKQzUv Agm„Y Ges ev`vgx e‡Y©i| nvRvi ex‡Ri IRb 28-29 MÖvg| ivbœv nIqvi mgqKvj 14-17 wgwbU| ex‡Ri is †mvbvjx e‡Y©i| RvZwU w`em wbi‡cÿ nIqvq Lwid-1, Lwid-2 I wej¤^ iwe †gŠmy‡g Avev` Kiv hvq| Avwg‡li cwigvY 19-21%| RxebKvj 60-65 w`b| djb †n±icÖwZ 1000-1100 †KwR| RvZwU cvZvq `vM I njy` †gvRvBK fvBivm †ivM mnbkxj|","BARI Krishi Projukti Hatboi, 10th edition (Dec 2024), Akhond et al. (eds.) 2025"
Mungbean,BARI Mungbean-4,iƒcmv,1996.0,65.0,70.0,1.2,1.4,50.0,,False,False,False,False,False,False,False,evwi gyM-4,"evwi gyM-4 ev iƒcmv msKivq‡Yi gva¨‡g D™¢vweZ| G RvZwU mviv †`‡k Pvlvev‡`i Rb¨ 1996 mv‡j Aby‡gv`b jvf K‡i| G RvZ w`em wbi‡cÿ nIqvq Lwid-1, Lwid-2 I wej¤^ iwe †gŠmy‡g ecb Kiv hvq| RvZwU †`‡ki `wÿYvÂ‡ji Rb¨ we‡klfv‡e Dc‡hvMx| Mv‡Qi D”PZv 50-55 †mwg| exR gm„Y I is meyR| nvRvi ex‡Ri IRb 28-32 Mªvg| Wvj ivbœv nIqvi mgqKvj 15-20 wgwbU| Avwg‡li cwigvY 21-24%| RxebKvj 65-70 w`b| djb †n±icÖwZ 1200-1400 †KwR| RvZwU cvZvq `vM I njy` †gvRvBK fvBivm †ivM mnbkxj|","BARI Krishi Projukti Hatboi, 10th edition (Dec 2024), Akhond et al. (eds.) 2025"
Mungbean,BARI Mungbean-5,ZvBIqvbx,1997.0,60.0,65.0,1.2,1.5,,,False,False,False,False,False,False,False,evwi gyM-5,"evwi gyM-5 (ZvBIqvbx) RvZwU 1997 mv‡j RvZxq exR †evW© KZ©„K K…lK ch©v‡q Pvlvev‡`i Rb¨ D”P djbkxj RvZ wn‡m‡e Aby‡gv`b jvf K‡i| Mv‡Qi cvZv, dj I exR AvKv‡i †ek eo| ex‡Ri is Mvp meyR| nvRvi ex‡Ri IRb 40-42 Mªvg| RvZwUi we‡kl ˆewkó¨ nj †h kZKiv 70-80 fvM dj GK mv‡_ cv‡K| Wvj ivbœv nIqvi mgqKvj 17-20 wgwbU| Avwg‡li cwigvY 20-22%| RvZwUi RxebKvj 60-65 w`b| djb †n±icÖwZ 1200-1500 †KwR| RvZwU cvZvq `vM I njy` †gvRvBK fvBivm †ivM mnbkxj|","BARI Krishi Projukti Hatboi, 10th edition (Dec 2024), Akhond et al. (eds.) 2025"
Mungbean,BARI Mungbean-6,,2003.0,58.0,60.0,1.5,1.6,40.0,,False,False,False,False,False,False,False,evwi gyM-6,"evsjv‡`‡k Mg KvUvi ci †_‡K †ivcv Avgb avb †ivc‡Yi c~e© ch©šÍ cÖvq AwaKvsk RwgB cwZZ _v‡K| G mg¯Í Rwg‡K Kv‡R jvMv‡bvi Rb¨ Dc‡hvMx gy‡Mi RvZ D™¢ve‡bi j‡ÿ 1998 mv‡j AVRDC †_‡K gyMWv‡ji A‡bK¸‡jv RvZ/jvBb msMÖn Kiv nq| cieZx©‡Z GB jvBb¸‡jv cÖv_wgK, AMÖMvgx, AÂjwfwËK I eû¯’vwbK cixÿv Kiv nq| 2003 mv‡j ÔevwigyM-6Õ RvZwU RvZxq exR †evW© KZ©„K K…lK ch©v‡q Pvlvev‡`i Rb¨ Aby‡gv`b cvq| Mv‡Qi D”PZv 40-45 †mwg| GKB mg‡q cÖvq kZKiv 80 fvM dj/ ïwU cwic° nq| cvZv I ex‡Ri is Mvp meyR Ges cvZv PIov| dzj Avmvi c‡i ˆ`wnK e„w× Kg| `vbvi AvKvi eo| cÖwZ 100 ex‡Ri IRb 5.1-5.2 Mªvg| Mg KvUvi ci GwcÖ‡ji 1g mßvn ch©šÍ ecb Kiv hvq| G Qvov Lwid-2 I wej¤^ iwe †gŠmy‡gI ecb Kiv hvq| njy` †gvRvBK fvBivm Ges cvZvq `vM †ivM mnbkxj| RxebKvj 58-60 w`b| †n±icÖwZ djb 1500-1600 †KwR|","BARI Krishi Projukti Hatboi, 10th edition (Dec 2024), Akhond et al. (eds.) 2025"
Mungbean,BARI Mungbean-7,,2015.0,60.0,62.0,1.7,1.9,55.0,,False,False,False,False,False,False,False,evwi gyM-7,"Wvj M‡elYv †K‡›`ªi msM„nxZ Rvg©cøvRg/µwms g¨v‡Uwiqvj (Crossing material) n‡Z BMX-97024-13 (VC-3960A-88 x VC-6173C) jvBbmn A‡bK¸‡jv Rvg©cøvRg msMÖn K‡i 2012 mvj n‡Z g~j¨vqb Kiv nq| Lwid-1 †gŠmy‡g Mg I Avgb av‡bi ga¨eZ©x cwZZ Rwg‡K Pvlvev‡`i AvIZvq G‡b Wvj dm‡ji Drcv`b evov‡bvi j‡ÿ¨ jvBb¸‡jv 2015 mvj ch©šÍ wewfbœ AÂ‡j g~j¨vqb Kiv nq| GQvovI, Lwid-2 I wej¤^ iwe †gŠmy‡gI g~j¨vqb Kiv nq| `xN©w`b cixÿvi ci jvBbwU (BMX-97024-13) D”Pdjbkxj I †ivM mnbkxj nIqvq GKwU m¤¢vebvgq jvBb wn‡m‡e wbe©vwPZ nq Ges RvZ wn‡m‡e gy³vq‡bi Rb¨ cÖ¯Íve Kiv nq| cieZ©x‡Z RvZxq exR †evW© KZ©„K 2015 mv‡j GB jvBbwU evwi gyM-7 wn‡m‡e Aegy³ nq| Mv‡Qi D”PZv 55-60 †m.wg.| cÖwZ Mv‡Q c‡Wi msL¨ 25-30 wU| ex‡Ri is meyR I `vbvi AvKvi eo| cÖwZ 1000 ex‡Ri IRb 49-51 MÖvg| cvZvq `vM I njy` †gvRvBK †ivM mnbkxj| me¸‡jv dj cÖvq GK mv‡_ cv‡K| RxebKvj 60-62 w`b| djb 1700-1900 †KwR/‡n±i|","BARI Krishi Projukti Hatboi, 10th edition (Dec 2024), Akhond et al. (eds.) 2025"
Mungbean,BARI Mungbean-8,,2015.0,60.0,62.0,1.6,1.7,55.0,,False,False,False,False,False,False,False,evwi gyM-8,"cÖ¯ÍvweZ jvBbwU evsjv‡`‡ki wewfbœ ¯’vb †_‡K msM„nxZ Rvg©cøvRg n‡Z msMÖn K‡i 2012 mvj n‡Z g~j¨vqb Kiv nq| Lwid-1 †gŠmy‡g Mg I Avgb av‡bi ga¨eZ©x cwZZ Rwg‡K Pvlvev‡`i AvIZvq G‡b Wvj dm‡ji Drcv`b evov‡bvi j‡ÿ¨ A‡bK¸‡jv ¯^íRxebKvjxb jvBb 2015 mvj ch©šÍ wewfbœ AÂ‡j g~j¨vqb Kiv nq| `xN©w`b cixÿvi ci jvBbwU (LM-101) D”Pdjbkxj I †ivM mnbkxj nIqvq GKwU m¤¢vebvgq jvBb wn‡m‡e wbev©wPZ nq Ges RvZ wn‡m‡e gy³vq‡bi Rb¨ cÖ¯Íve Kiv nq| cieZ©x‡Z G jvBbwU RvZxq exR †evW© KZ©„K 2015 mv‡j evwi gyM-8 wn‡m‡e Aegy³ nq| Mv‡Qi D”PZv 55-60 †m.wg.| ex‡Ri is †mvbvjx I `vbvi AvKvi †QvU| cÖwZ 1000 ex‡Ri IRb 30-32 MÖvg| mvi‡Kv¤úviv I njy` †gvRvBK †ivM mnbkxj, me¸‡jv dj cÖvq GK mv‡_ cv‡K| RxebKvj 60-62 w`b| †`wi‡Z ecb‡hvM¨| djb 1600-1700 †KwR/‡n±i|","BARI Krishi Projukti Hatboi, 10th edition (Dec 2024), Akhond et al. (eds.) 2025"
Mustard,BARI Mustard-11,,2001.0,105.0,110.0,2.0,2.5,120.0,,True,True,False,False,False,True,False,evwi mwilv-11,†`‡ki †fZ‡i I we‡`k †_‡K msM„nxZ Rvg©cøvRg n‡Z evQvB cÖwµqvi gva¨‡g G RvZwU D™¢vweZ nq Ges 2001 mv‡j Aby‡gv`b jvf K‡i| GwU eªvwmKv Rybwmqv cÖRvwZi AšÍfy©³| Mv‡Qi D”PZv 120-130 †mwg| Mv‡Q 3-5wU cÖv_wgK kvLv _v‡K| cvZv †euvUvhy³ I LmL‡m Ges meyR i‡Oi| kvLv¸‡jv gvwUi GKUy Dc‡i cÖavb KvÐ †_‡K †ei nq| cÖùzwUZ dzj Kzuwoi wb‡P _v‡K| dz‡ji is njy`| cÖwZ Mv‡Q d‡ji msL¨v 75-150wU| dj 2 K¶ wewkó| cÖwZ d‡j ex‡Ri msL¨v 12-15wU| ex‡Ri is wc½j| nvRvi ex‡Ri IRb 3.5-4.0 MÖvg| ex‡Ri IRb Ab¨vb¨ ivB mwilvi †P‡q †ewk| dmj 105-110 w`‡b cv‡K| cÖwZ †n±‡i 2.0-2.5 Ub djb cvIqv hvq| G RvZwU †`Šj‡Zi †P‡q 20-25% †ewk djb †`q| Avgb avb KvUvi ci G RvZwU bvwe RvZ wn‡m‡e Pvl Kiv hvq| RvZwU Liv Ges jeYv³Zv mnbkxj|,"BARI Krishi Projukti Hatboi, 10th edition (Dec 2024), Akhond et al. (eds.) 2025"
Mustard,BARI Mustard-12,,2002.0,85.0,90.0,1.45,1.65,65.0,43.0,False,False,False,False,False,False,False,evwi mwilv-12,G RvZwU µzwm‡dix cwiev‡ii eªvwmKv K¨v‡¤úw÷«m cÖRvwZi AšÍfy©³| evQvB cÖwµqvi gva¨‡g jvBbwU DbœZ wn‡m‡e we‡ewPZ nq Ges 2002 mv‡j Aby‡gv`b jvf K‡i| Mv‡Qi D”PZv 65-80 †mwg| MvQ Lv‡Uv| Mv‡Q 5-6wU cÖv_wgK kvLv _v‡K| m`¨ cÖùzwUZ dzj Kzuwomg~‡ni Dc‡i Ae¯’vb K‡i| dz‡ji cuvcwoi is nj‡`| cÖwZ Mv‡Q d‡ji msL¨v 70-100wU| dj 2 K¶ wewkó| cÖwZ d‡j ex‡Ri msL¨v 15-20wU| ex‡Ri is wc½j| nvRvi ex‡Ri IRb 2.6-3.2 MÖvg| ex‡R †Z‡ji cwigvY 43-44%| dmj 85-90 w`‡b cv‡K| cÖwZ †n±‡i 1.45-1.65 Ub djb cvIqv hvq| G RvZwU ÔUwi-7Õ Rv‡Zi †P‡q 15-20% †ewk djb †`q|,"BARI Krishi Projukti Hatboi, 10th edition (Dec 2024), Akhond et al. (eds.) 2025"
Mustard,BARI Mustard-13,,2004.0,90.0,95.0,2.2,2.8,80.0,42.0,False,False,False,False,False,False,False,evwi mwilv-13,evsjv‡`k K…wl M‡elYv Bbw÷wUDU myB‡W‡bi Dcmvjv wek¦we`¨vj‡qi mn‡hvwMZvq K…wÎg cÖRb‡bi gva¨‡g 1994 mv‡j evsjv‡`‡ki AvenvIqv Dc‡hvMx †bcvm cÖRvwZi K‡qKwU jvBb D™¢veb K‡i| b¨vc-198 jvBbwU AvÂwjK djb cix¶vq evwi mwilv-7 I evwi mwilv-8 Gi †P‡q †ewk djbkxj nIqvq jvBbwU wbe©vPb Kiv nq| b¨vc-198 jvBbwU 2004 mv‡ji gvP© gv‡m evsjv‡`‡k Pvlvev‡`i Rb¨ RvZxq exR †evW© KZ„©K Ôevwi mwilv-13Õ bv‡g Aby‡gv`b jvf K‡i| Mv‡Qi D”PZv 80-100 †mwg| cÖwZ Mv‡Q 5-6wU cÖv_wgK kvLv _v‡K| cvZv Mvp meyR i‡Oi gm„Y I †jvgnxb| cvZv †euvUvnxb Ges KvÐ‡K A‡a©K wN‡i iv‡L| gÄyix`‡Ð m`¨ cÖùzwUZ dzj Kzuwoi wb‡P Ae¯’vb K‡i| Mv‡Q `xN© w`b hver dzj a‡i| dz‡ji cuvcwoi is njy`| cÖwZ Mv‡Q d‡ji msL¨v 65-75wU| dj 2 K¶ wewkó| cÖwZ d‡j ex‡Ri msL¨v 28-30wU| ex‡Ri is wc½j| nvRvi ex‡Ri IRb 3.7-3.9 Mªvg| ex‡R †Z‡ji cwigvY kZKiv 42-43 fvM| †n±icÖwZ djb 2.20-2.80 Ub| dmj 90-95 w`‡b cv‡K|,"BARI Krishi Projukti Hatboi, 10th edition (Dec 2024), Akhond et al. (eds.) 2025"
Mustard,BARI Mustard-14,,2006.0,75.0,80.0,1.4,1.6,75.0,,False,False,False,False,False,True,False,evwi mwilv-14,Ôevwi mwilv-14Õ µwm‡dix cwiev‡ii eªvwmKv K¨v‡¤úw÷«R cÖRvwZi AšÍM©Z| ˆZjexR M‡elYv †K‡›`ªi gv‡V 1997 mv‡j Uwi-7 Gi mv‡_ †mvbvjx mwilvi msKivq‡Yi gva¨‡g jvBbwU D™¢veb Kiv nq| G jvBbwU 2006 mv‡j evwi mwilv-14 bv‡g RvZxq exR †evW© KZ„©K Aby‡gv`b jvf K‡i| D”PZv 75-85 †mwg| cvZv nvjKv meyR i‡Oi Ges gm„Y| cÖwZ Mv‡Q ïuwUi msL¨v 80-100wU| ïuwU hw`I †`L‡Z Pvi cÖ‡Kvô wewkó g‡b nq wKš‘ Avm‡j `yB cÖ‡Kvô wewkó| cÖ‡Z¨K ïwU‡Z ex‡Ri msL¨v 22-26wU| ex‡Ri is njy` e‡Y©i| nvRvi ex‡Ri IRb 3.5-3.8 MÖvg| w¯’wZKvj 75-80 w`b| djb †n±‡i 1.4-1.6 Ub| G RvZwU Uwi-7 Gi †P‡q 25-30% †ewk djb †`q| Avgb avb KvUvi ci ¯^í‡gqv`x RvZ wn‡m‡e Pvl K‡i †ev‡iv avb †ivcY Kiv m¤¢e|,"BARI Krishi Projukti Hatboi, 10th edition (Dec 2024), Akhond et al. (eds.) 2025"
Mustard,BARI Mustard-15,,2006.0,80.0,85.0,1.55,1.65,90.0,,False,False,False,False,False,True,False,evwi mwilv-15,Ôevwi mwilv-15Õ µzwm‡dix cwiev‡ii eªvwmKv K¨v‡¤úw÷«R cÖRvwZi AšÍM©Z| 2002 mv‡j e¸ovi Kvnvjy †_‡K Rvg©cøvRg msMÖn K‡i wewfbœ cix¶v wbix¶v †k‡l G jvBbwU 2006 mv‡j evwi mwilv-15 bv‡g RvZxq exR †evW© KZ„©K Pvlvev‡`i Rb¨ Aby‡gv`b jvf K‡i| D”PZv 90-100 †mwg| cÖwZ Mv‡Q ïuwUi msL¨v 70-80wU| ïuwU `yB cÖ‡Kvô wewkó| cÖ‡Z¨K ïuwU‡Z ex‡Ri msL¨v 20-22wU| ïuwU evwi mwilv-14 Gi Zyjbvq miæ I j¤¦v| ex‡Ri is njy` e‡Y©i| nvRvi ex‡Ri IRb 3.25-3.50 MÖvg| w¯’wZKvj 80-85 w`b| djb cÖwZ †n±‡i 1.55-1.65 Ub| G RvZwU ÔUwi-7Õ Gi †P‡q 30-35% †ewk djb †`q| Avgb avb KvUvi ci ¯^í‡gqv`x RvZ wn‡m‡e Pvl K‡i †ev‡iv avb †ivcY Kiv m¤¢e|,"BARI Krishi Projukti Hatboi, 10th edition (Dec 2024), Akhond et al. (eds.) 2025"
Mustard,BARI Mustard-16,,2009.0,105.0,115.0,2.0,2.5,175.0,,False,False,False,False,False,True,False,evwi mwilv-16,"BD‡ivwcqvb Kwgk‡bi A_©vbyK~‡j¨ cwiPvwjZ Z„Zxq we‡k¦i ÔDbœqbkxj †`k¸‡jvi Rb¨ AvšÍRv©wZK mn‡hvwMZvÕ cÖK‡íi AvIZvq cøv›U wimvP© B›Uvib¨vkbvj, w` †b`vij¨vÛ Gi KvwiMwi mnvqZvq 2001 mv‡j †ncø‡qW cÖhyw³i gva¨‡g ˆZjexR M‡elYv †K›`ª we‡RwWGBP-18 jvBbwU D™¢veb K‡i| D³ jvBbwU eªvwmKv Rybwmqv cÖRvwZi AšÍfy©³| jvBbwU D™¢ve‡bi ci ˆZjexR M‡elYv gv‡V AvÂwjK djb cix¶v Ges K…l‡Ki gv‡V fvj djvdj cÖ`k©b K‡i| D³ jvBbwU 2009 mv‡j Ôevwi mwilv-16Õ RvZ wn‡m‡e Aegy³ n‡q‡Q| D”PZv 175-195 †mwg| cÖwZ Mv‡Q ïuwUi msL¨v 180-200wU| ïuwU `yB K¶ wewkó| cÖ‡Z¨K ïuwU‡Z ex‡Ri msL¨v 9-11wU| ex‡Ri is wc½j e‡Y©i| nvRvi ex‡Ri IRb 4.7-4.9 MÖvg| w¯’wZKvj 105-115 w`b| djb (km¨`vbv) 2.0-2.5 Ub/†n±i| R¡vjvwb 3.0-3.5 Ub/†n±i| Avgb avb KvUvi ci †ev‡iv avb K‡i bv Giƒc Rwg‡Z GB RvZwU bvwe RvZ wn‡m‡e Pvl Kiv hvq| GB RvZwU Liv Ges jeYv³Zv mwnòz| GwU AjUvi‡bwiqv †ivM I A‡ivevswK ciRxex mnbkxj|","BARI Krishi Projukti Hatboi, 10th edition (Dec 2024), Akhond et al. (eds.) 2025"
Mustard,BARI Mustard-17,,2013.0,82.0,86.0,1.7,1.8,95.0,,False,False,False,False,False,False,False,evwi mwilv-17,"Ôevwi mwilv-17Õ RvZwU µwm‡dix cwiev‡ii eªvwmKv evcv cÖRvwZi AšÍfz©³| evwi mwilv-15 I †mvbvjx mwilv Gi g‡a¨ msKivq‡Yi gva¨‡g jvBbwU D™¢veb Kiv nq| D™¢ve‡bi ci ˆZjexR M‡elYv gv‡V, AvÂwjK djb cixÿvq Ges K…l‡Ki gv‡V cÖPwjZ Rv‡Zi Zyjbvq fvj djvdj cÖ`k©b K‡i| D³ jvBbwU 2013 mv‡j Ôevwi mwilv-17Õ RvZ wn‡m‡e RvZxq exR †evW© KZ…©K Aby‡gv`b jvf K‡i| Ôevwi mwilv-17Õ RvZwU ¯^í †gqv`x| w¯’wZKvj 82-86 w`b| Mv‡Qi D”PZv 95-97 †mwg| MvQ mn‡R X‡j c‡o bv| cÖwZ Mv‡Q ïuwUi msL¨v 60-65 Ges cÖwZ ïuwU‡Z ex‡Ri msL¨v 28-30| RvZwUi dz‡ji I ex‡Ri is njy`| ex‡Ri is njy` nIqvq cÖPwjZ ev`vgx i‡Oi ex‡Ri Zzjbvq 3-4% †Zj †ewk _v‡K| nvRvi ex‡Ri IRb 3.0-3.4 MÖvg| cÖwZ †n±‡i djb 1.7-1.8 Ub| G RvZwU Ôevwi mwilv-14Õ A‡cÿv 5-10% †ewk djb w`‡q _v‡K| RvZwU ¯^í †gqv`x nIqvq †ivcv Avgb-mwilv-†ev‡iv avb km¨ web¨v‡mi Rb¨ Dchy³ A_©vr Avgb avb KZ©‡bi ci D³ RvZwU Pvl K‡i †ev‡iv avb Pvl Kiv m¤¢e|","BARI Krishi Projukti Hatboi, 10th edition (Dec 2024), Akhond et al. (eds.) 2025"
Mustard,BARI Mustard-18,K¨v‡bvjv UvBc,2018.0,,,,,88.0,40.0,False,False,False,False,False,False,False,evwi mwilv-18,evwi mwilv-18 µywm‡dix cwiev‡ii e«vwmKv b¨vcvm cÖRvwZi AšÍM©Z GKwU mwilvi RvZ| G RvZwU evsjv‡`‡k D™¢vweZ cÖ_g ÒK¨v‡bvjvÓ ˆewk‡ó¨i RvZ| A‡÷«wjqvi BN-1404 jvBb AwaKZi wbe©vP‡bi gva¨‡g G RvZwU D™¢veb Kiv n‡q‡Q| G RvZwU 2018 mv‡j RvZxq exR †evW© KZ©…K wbeÜb Kiv nq| GB Rv‡Zi mwilvi Mv‡Qi D”PZv 88-126 †mwg (A‡c¶vK…Z Lv‡Uv)| ecb n‡Z KZ©b ch©šÍ mgqKvj 95-100 w`b| mgMÖ evsjv‡`‡k Pvl Dc‡hvMx G Rv‡Zi †Z‡j BiæwmK Gwm‡Wi cwigvY 1.06%| †hLv‡b eZ©gv‡b evsjv‡`‡k PvlK…Z Ab¨vb¨ DbœZ mwilvi Rv‡Z BiæwmK Gwm‡Wi cwigvY 35%-40%| cwigvY g‡Zv mvi I †mP cÖ‡qv‡M G RvZ 2.0-2.5 Ub/‡n±i (500-600 †KwR/GKi) ch©šÍ djb †`q| G Rv‡Z †Z‡ji cwigvY 40%-42%| cywói ¸Yv¸Y we‡ePbvq evwYwR¨Kfv‡e mwilv Pv‡li †¶‡Î D™¢vweZ G RvZ evsjv‡`‡k ¸iæZ¡c~Y© f~wgKv cvjb Ki‡e|,"BARI Krishi Projukti Hatboi, 10th edition (Dec 2024), Akhond et al. (eds.) 2025"
Mustard,BARI Mustard-19,jeYv³Zv mnbkxj RvZ,,90.0,105.0,1.7,2.5,,,True,True,False,False,False,False,False,evwi mwilv-19,"evwi mwilv-19 RvZwU Avgb avb-mwilv- cvU/Wvj RvZxq dmj/Ab¨vb¨ dmj km¨web¨v‡m Pv‡li Dc‡hvMx, hvi RxebKvj: 90-105 w`b, D”PZv: 120-130 †m. wg., cvZv: nvjKv meyR is‡qi, Agm„Y| †jvg Ges †euvUv hy³| kvLv: cÖv_wgK kvLvi msL¨v mvaviYZ: 3-5wU| kvLv¸wj gvwUi Dc‡i cÖavb KvÐ †_‡K †ei nq| kvLv †_‡K AkvLv †ei nq| dyj: cùzwUZ dyj Kyuwoi wb‡P _v‡K| dz‡ji iO njy`| ïwU: cÖwZ Mv‡Q ïwUi msL¨v 264-474wU| ïwU `yB K¶ wewkó| cÖ‡Z¨K ïwU‡Z ex‡Ri msL¨v 16-19wU| exR: ex‡Ri iO wc½j e‡Y©i| 1000 ex‡Ri IRb 2.5-3.5 MÖvg| ecb Kvj: 15 A‡±vei †_‡K 30 b‡f¤^i, djb: 1700-2500 †KwR/‡n:, jvKwo: 3.0-3.5 Ub/‡n:, jeYv³Zv: GB RvZwU jeYv³Zv mwnòz| MRv‡bvi 20 w`b ci †_‡K km¨-KZ©b ch©šÍ 10-12 †Wwmwm‡gb/wgUvi (ds/m) gvÎvi jeYv³Zv mn¨ K‡i djb w`‡Z m¶g| Liv: RvZwU Liv mwnòy| Aëvi‡bwiqv †ivM: Aëvi‡bwiqv †ivM mnbkxj|","BARI Krishi Projukti Hatboi, 10th edition (Dec 2024), Akhond et al. (eds.) 2025"
Mustard,BARI Mustard-20,,,80.0,85.0,1.7,2.0,85.0,,False,False,False,False,False,True,False,evwi mwilv-20,evwi mwilv-20 RvZwU ¯^í‡gqv`x DbœZ RvZ| RxebKvj 80-85 w`b| Avgb avb KvUvi ci ¯^í †gqv`x RvZ wn‡m‡e Pvl K‡i †ev‡iv av‡bi Avev` Kiv m¤¢e| Mv‡Qi D”PZv 85-110 †mwg| dz‡ji iO njy`| cÖwZ Mv‡Q ïwUi msL¨v 50-55 wU Ges cÖ‡Z¨K ïwU‡Z ex‡Ri msL¨v 28-34wU| ex‡Ri iO njy` e‡Y©i| njy` weavq ev`vgx i‡Oi ex‡Ri Zzjbvq kZKiv 3-4 fvM †Zj †ewk wb®‹vkb Kiv hvq| 1000 ex‡Ri IRb 3.5-3.8 MÖvg| djb cÖwZ †n±‡i 1700-2000 †KwR|,"BARI Krishi Projukti Hatboi, 10th edition (Dec 2024), Akhond et al. (eds.) 2025"
Mustard,BARI Mustard-21,,2024.0,95.0,110.0,1.5,2.5,140.0,43.0,False,False,False,False,False,False,False,evwi mwilv-21,"evwi mwilv-21 RvZwU 2024 mv‡j Aegy³ Kiv nq| hvi RxebKvj 95-110 w`b| RvZwU mwilv-cvU/Wvj RvZxq dmj/Ab¨vb¨ dmj￾Avgb avb km¨web¨v‡m Pv‡li Dc‡hvMx| D”PZv: 140-165 †mwg| cvZv nvjKv meyR is‡qi, Agm„Y †jvg Ges †evuUv hy³| cÖv_wgK kvLvi msL¨v mvaviYZ: 3-5wU| kvLv¸wj gvwUi Dc‡i cÖavb KvÐ †_‡K †ei nq| kvLv †_‡K cÖkvLv †ei nq| cÖùzwUZ dzj Kzuwoi wb‡P _v‡K| dz‡ji iO njy`| cÖwZ Mv‡Q ïwUi msL¨v 264-474 wU| ïwU `zB K¶ wewkó| cÖ‡Z¨K ïwU‡Z ex‡Ri msL¨v 16-19 wU| ex‡Ri iO njy` e‡Y©i| 1000 ex‡Ri IRb 2.5-3.0 MÖvg, ex‡R †Z‡ji cwigvY 43.0-44.5%| RvZwUi ecb Kvj 15 A‡±vei †_‡K 30 b‡f¤^i| †n±i cÖwZ djb 1500-2500 †KwR Ges jvKwo 2.5-3.3 Ub| RvZwU Aëvi‡bwiqv †ivM mnbkxj|","BARI Krishi Projukti Hatboi, 10th edition (Dec 2024), Akhond et al. (eds.) 2025"
Mustard,BARI Mustard-22,,2025.0,84.0,85.0,,,110.0,,False,False,False,False,False,False,False,evwi mwilv-22,evwi mwilv-22 RZvwU 2025 mv‡j Aegy³ Kiv nq| hvi RxebKvj 84-85 w`b| Mv‡Qi D”PZv 110-120 †mwg| cÖv_wgKfv‡e Mv‡Qi †Mvov 3-4wU kvLv _v‡K| cy®ú gÄzixi ˆ`N© 43-46 †mwg| cÖwZ wU Mv‡Q 125-135 wU dj a‡i| cÖwZ d‡j 28-35 wU exR _v‡K| ex‡Ri AvK…wZ †MvjvKvi Ges Kvj‡P ev`gx e‡Y©i nq|,"BARI Krishi Projukti Hatboi, 10th edition (Dec 2024), Akhond et al. (eds.) 2025"
Mustard,BARI Mustard-23,,2025.0,88.0,90.0,2.3,2.4,110.0,40.0,False,False,False,False,False,False,False,evwi mwilv-23,evwi mwilv-23 RvZwU 2025 mv‡j Aegy³ Kiv nq| hvi RxebKvj 88-90 w`b| Mv‡Qi D”PZv 110-117 †mwg| cÖv_wgKfv‡e Mv‡Qi †MvWv †_‡K 3-4 wU kvLv Ges cÖv_wgK kvLv †_‡K 5-6wU DckvLv †ei nq| cy®ú gÄzixi ˆ`N© 46-48 †mwg| cÖwZwU Mv‡Q 115-120 wU dj a‡i| d‡ji ˆ`N©¨ 6-7 †mwg | cÖwZ d‡j 28-35wU exR _v‡K| ex‡Ri AvK…wZ †MvjvKvi Ges Kvj‡P ev`gx e‡Y©i nq| B‡ivwmK Gwm‡Wi cwigvY kZKiv 0.302 fvM Ges †Z‡ji cwigvY kZKiv 40-44 fvM| ˆL‡j Glucosinolate cvIqv hvq kZKiv 10.09 gvB‡µv‡gvj| cvZvq Kv‡jv `vM cov †iv‡Mi AvµgY Kg nq| †n±i cÖwZ djb 2300-2400 †KwR|,"BARI Krishi Projukti Hatboi, 10th edition (Dec 2024), Akhond et al. (eds.) 2025"
Onion,BARI Onion-1,iwe,1996.0,,,12.0,16.0,50.0,,False,False,False,False,False,False,False,evwi †cuqvR-1,evQvBKi‡Yi gva¨‡g evwi †cuqvR-1 RvZwU D™¢veb Kiv nq| 1996 mv‡j RvZwU Pvlvev‡`i Rb¨ Aby‡gv`b jvf K‡i| RvZwUi K‡›`i AvKvi P¨vÞv I †MvjvKvi| MvQ D”PZvq 50-55 †mwg| RvZwUi K›` AwaK SuvShy³ Ges cÖwZ Mv‡Q 10-12wU cvZv nq| cÖwZ K‡›`i IRb cÖvq 30-40 MÖvg| †n±icÖwZ djb 12-16 Ub| †n±icÖwZ ex‡Ri djb 600-650 †KwR| Ôevwi †cuqvR-1Õ Rv‡Zi †cuqv‡Ri msi¶Y ¶gZv †ewk| RvZwU evsjv‡`‡ki AvenvIqvq exR Drcv`b Ki‡Z m¶g| Ôevwi †cuqvR-1Õ cvc©j eøP I †÷gdvBwjqvg †ivM cÖwZ‡iva ¶gZvm¤úbœ|,"BARI Krishi Projukti Hatboi, 10th edition (Dec 2024), Akhond et al. (eds.) 2025"
Onion,BARI Onion-2,Lwid,2000.0,,,18.0,22.0,35.0,,False,False,False,False,False,False,True,evwi †cuqvR-2,wewfbœ cix¶v-wbix¶vi ci evQvBKiY c×wZ‡Z Ôevwi †cuqvR-2Õ bv‡g RvZwU D™¢veb Kiv nq| GB RvZwU 2000 mv‡j RvZxq exR †evW© KZ„©K Aby‡gvw`Z nq| RvZwU we‡klfv‡e Lwid †gŠmy‡g A_©vr MÖxl¥Kv‡j Pv‡lvc‡hvMx ¯^í mg‡qi dmj| GwU †`L‡Z †MvjvKvi AvK…wZi Ges is jvj‡P e‡Y©i| Mv‡Qi D”PZv 35-45 †mwg Ges cÖwZwU K‡›`i Mo IRb 35-55 MÖvg n‡q _v‡K| AvMvg Pv‡li Rb¨ ga¨-†deªæqvwi †_‡K gv‡P©i cÖ_g mßvn ch©šÍ exR Zjvq exR ecb Kiv hvq Ges GwcÖj gv‡m 40-45 w`b eq‡mi Pviv gv‡V †ivcY Kiv hvq| bvex Pv‡li Rb¨ Ryb-RyjvB gv‡m exR Zjvq exR ecb Kiv nq| †n±icÖwZ djb 18-22 Ub|,"BARI Krishi Projukti Hatboi, 10th edition (Dec 2024), Akhond et al. (eds.) 2025"
Onion,BARI Onion-3,Lwid,2000.0,,,,,35.0,,False,False,False,False,False,False,True,evwi †cuqvR-3,wewfbœ cix¶v-wbix¶vi ci evQvBKiY c×wZ‡Z Ôevwi †cuqvR-3Õ RvZ D™¢veb Kiv nq| GB RvZwU 2000 mv‡j RvZxq exR †evW© KZ…©K Aby‡gvw`Z nq| GB RvZwU we‡klfv‡e Lwid †gŠmy‡g Pvl Dc‡hvMx I ¯^í mg‡qi dmj| GwU †`L‡Z †MvjvKvi AvK…wZi Ges is jvj‡P e‡Y©i| Mv‡Qi Mo D”PZv 35-50 †mwg Ges cÖwZwU K‡›`i Mo IRb 45-65 MÖvg| bvwe‡Z exR ec‡bi Rb¨ ga¨-Ryb †_‡K ga¨-RyjvB gvm Dchy³ mgq Ges ga¨-AvM÷ †_‡K ga¨-†m‡Þ¤^i gvm Pviv †ivc‡Yi Dchy³ mgq| AvMvg Pv‡l exR ec‡bi Dchy³ mgq n‡”Q ga¨-†deªæqvwi †_‡K gv‡P©i cÖ_g mßvn Ges GwcÖj gvm Pviv †ivc‡Yi Dchy³ mgq|,"BARI Krishi Projukti Hatboi, 10th edition (Dec 2024), Akhond et al. (eds.) 2025"
Onion,BARI Onion-4,iwe,2008.0,,,17.0,22.0,50.0,,False,False,False,False,False,False,False,evwi †cuqvR-4,"Ôevwi †cuqvR-4Õ RvZwU 2008 mv‡j gy³vwqZ GKwU D”P djbkxj kxZKvjxb †cuqvR| AvK…wZ †MvjvKvi, is a~mi jvj‡P e‡Y©i Ges SuvShy³| Mv‡Qi Mo D”PZv 50-60 †mwg Ges cÖwZwU Mv‡Q 10-12wU cvZv nq| cÖwZwU ev‡j¦i Mo IRb 60-70 MÖvg| †n±icÖwZ djb 17-22 Ub|","BARI Krishi Projukti Hatboi, 10th edition (Dec 2024), Akhond et al. (eds.) 2025"
Onion,BARI Onion-5,Lwid,,,,18.0,20.0,45.0,,False,False,False,False,False,False,False,evwi †cuqvR-5,Ôevwi †cuqvR-5Õ MÖx®§Kv‡j Pv‡li Dc‡hvMx ¯^í-mg‡qi dmj| GwU mviv eQie¨vcx Avev` Kiv †h‡Z cv‡i| AvK…wZ P¨vÞv †MvjvKvi Ges is jvj‡P e‡Y©i| Mv‡Qi Mo D”PZv 45-55 †mwg Ges cÖwZwU ev‡j¦i Mo IRb 55-70 MÖvg n‡q _v‡K| exR ecb †_‡K dmj D‡Ëvjb ch©šÍ cÖvq 95-110 w`b mgq jv‡M| †n±icÖwZ djb 18-20 Ub|,"BARI Krishi Projukti Hatboi, 10th edition (Dec 2024), Akhond et al. (eds.) 2025"
Onion,BARI Onion-6,,,,,16.0,20.0,30.0,,False,False,False,False,False,False,False,evwi †cuqvR-6,"D”Pdjbkxj kxZKvwjb RvZ, K›` ga¨gvK…wZi Ges a~mi jvj‡P e‡Y©i| ¯^v` SuvShy³, Mv‡Qi K‡›`i Mo AvKvi 5-10 †mwg  3-5 †mwg| Mv‡Qi Mo D”PZv 30-60 †mwg| cªwZ Mv‡Q cvZvi msL¨v 6-10wU| cªwZwU K‡›`i Mo IRb cªvq 30-50 Mªvg| djb †n±icªwZ 16-20 Ub| †ivcYKvj: A‡±vei-wW‡m¤^i Ges msMÖnKvj: gvP©-GwcÖj| evsjv‡`‡ki mKj mywb®‹vwkZ GjvKvq Pvl Kiv hvq|","BARI Krishi Projukti Hatboi, 10th edition (Dec 2024), Akhond et al. (eds.) 2025"
Onion,BARI Onion-7,,,,,18.0,20.0,,,False,False,False,False,False,False,False,evwi †cuqvR-7,"dm‡ji AvšÍtcwiPh©v: †cuqvR †ivcY Ges †m‡Pi ci Rwg‡Z cÖPzi AvMvQv Rb¥v‡Z cv‡i| AvMvQv Rwgi im I Ab¨vb¨ Lv`¨ Dcv`vb MÖnY K‡i †cuqv‡Ri e„w× e¨vnZ K‡i| GB Rb¨ 2-3 evi ev Z‡ZvwaK wbovbx w`‡q Rwg AvjMv I AvMvQvgy³ Kiv `iKvi| G‡Z K›` fv‡jvfv‡e MwVZ nq I djb ev‡o| †cuqv‡Ri mgMÖ RxebP‡µ †n±icÖwZ 300 wgwjwjUvi cvwbi cÖ‡qvRb nq| GRb¨ 8 †_‡K 10 evi †mP w`‡Z n‡e| Pviv gvwU‡Z cÖwZwôZ bv nIqv ch©šÍ Rwg‡Z Av`ª©Zvi Ae¯’vi Dci wfwË K‡i †mP w`‡Z n‡e| K›` MwVZ n‡q †M‡j †mP Kg jv‡M| †cuqvR cwic° n‡j dmj DVv‡bvi GK gvm c~‡e© †mP †`Iqv eÜ K‡i w`‡Z n‡e, bv Ki‡j †cuqv‡Ri ¸Yv¸Y I msiÿY ÿgZv n«vm cvq| dmj msMÖn: †cuqvR cwic° n‡j, Mv‡Qi meyR cvZv µgk nj‡` n‡q hvq Ges 50% cvZv Mjvi As‡k big n‡q by‡q c‡o| †ivc‡Yi 90 †_‡K 120 w`b ci kxZKvjxb †cuqvR †Zvjvi Dchy³ nq| djb: mwVK mg‡q exR †evbv I Pviv †ivcY, exR wnmv‡e K›` A_ev Av`k© Pviv wbe©vPb, mwVK RvZ, †mP I mvi cÖ‡qvM Ges gvwUi cÖK…wZ BZ¨vw`i Dci †cuqv‡Ri djb wbf©i K‡i| †mP I mvi cÖ‡qv‡M Pvl Ki‡j †n±icÖwZ 18-20 Ub djb cvIqv hvq| mivmwi exR ecb K‡i Pvl Kivi †P‡q †cuqv‡Ri Pviv †ivcY Ki‡j 20-25 kZvsk djb †ewk nq| msiÿY: Qvqvhy³ ¯’v‡b 8-10 †mw›UwgUvi DuPz K‡i 8-10 w`b ivL‡j †cuqvR ïwK‡q hvq| evQvB Ges †MÖwWs Kivi ci i¨vK, N‡ii wmwjs A_ev DuPz N‡i Av‡jv I evZvm PjvP‡ji myweav hy³ ïKbv †g‡S‡Z ev ˆZwiK…Z ev‡kui gvPvq †cuqvR Qwo‡q msiÿY Kiv hvq| msiÿYvMv‡ii †cuqvR gv‡S gv‡S D‡ë cv‡ë cixÿv K‡i cPv I A¼zwiZ †cuqvR †e‡Q †dj‡Z n‡e| MÖx®§/Lwid †cuqvR Drcv`b evsjv‡`k K…wl M‡elYv Bbw÷wUDU evwi †cuqvR-5 MÖx®§/Lwid †gŠmy‡g Avev‡`i Rb¨ gy³vwqZ K‡i‡Q| Gi","BARI Krishi Projukti Hatboi, 10th edition (Dec 2024), Akhond et al. (eds.) 2025"
Potato,BARI Potato-13,MÖv‡bvjv,1994.0,90.0,95.0,25.0,30.0,,,True,False,False,False,False,False,True,evwi Avjy-13,"†b`vij¨vÛ †_‡K MÖv‡bvjv (esk 333/60 × 267.04) RvZwU msMÖn K‡i evsjv‡`‡ki AvenvIqvq Pvlvev` Dc‡hvwMZv hvPvB evQvB cÖwµqvi gva¨‡g D™¢vweZ Ôevwi Avjy-13 (MÖv‡bvjv)Õ RvZ wn‡m‡e 1994 mv‡j Aby‡gv`b jvf K‡i| MvQ wKQyUv Qov‡bv cÖK…wZi| Kv‡Ði msL¨v †ewk I meyR| cÖ_‡g Mv‡Qi ea©b axi MwZ‡Z nq, Z‡e cieZx© chv©‡q mg¯Í Rwg Mv‡Q †X‡K hvq| Liv mn¨ Kivi ¶gZv Av‡Q| Avjy †Mvj-wW¤¦vKvi, gvSvix AvK…wZi, Z¡K Agm„Y nvjKv Zvgv‡U nj‡`, kvum is d¨vKv‡m nj‡` I †PvL AMfxi| A¼yi cÖ_‡g †MvjvKvi, c‡i Lv‡Uv Kv‡Ði g‡Zv, is Zvgv‡U †e¸wb I wKwÂr †ivgk nq| mywßKvj †ewk Ges mvaviY ZvcgvÎvq ex‡Ri myßZv 70-75 w`b| RxebKvj 90-95 w`b| DbœZ c×wZ‡Z Pvl Ki‡j †n±icÖwZ djb 25-30 Ub nq| bvex aŸmv †iv‡Mi Kvi‡b D™¢Z goK mnbkxj I Ab¨vb¨ fvBivm †ivM cÖwZ‡ivax| RvZwU we‡`‡k ißvwb‡hvM¨ wKš‘ AvMvg RvZ wn‡m‡e e¨vcK RbwcÖqZv AR©b K‡i‡Q| RvZwU mviv †`‡kB Pvl Kiv hvq| Avjyi mywßKvj †ewk nIqvq Avjy 4-5 gvm N‡i Abv‡q‡m msiÿY Kiv hvq|","BARI Krishi Projukti Hatboi, 10th edition (Dec 2024), Akhond et al. (eds.) 2025"
Potato,BARI Potato-25,Gm‡Uwi·,2005.0,90.0,95.0,25.0,30.0,,,False,False,False,False,False,False,False,evwi Avjy-25,"†b`vij¨vÛ †_‡K msM„nxZ Gm‡Uwi· (esk Cardinal × VSP Ve 70-9) RvZwU msMÖn K‡i evsjv‡`‡ki AvenvIqvq Pvlvev` Dc‡hvwMZv hvPvB evQvB cÖwµqvi gva¨‡g D™¢vweZ Ôevwi Avjy-25 (Gm‡Uwi·)Õ RvZ wn‡m‡e 2005 mv‡j evsjv‡`‡k Pvlvev‡`i Rb¨ Aby‡gvw`Z nq| MvQ Lvov I M‡o cÖwZ Mv‡Q 3-4 wU KvÐ _v‡K| cvZv eo, meyR I Qov‡bv, Mv‡Qi MVb I cvZvi web¨vm PgrKvi| Avjy wW¤¦vKvi †_‡K j¤¦vK…wZi, gvSvix †_‡K eo AvK…wZi, gm„Y jvj Z¡K, kvum d¨vKv‡m njy`, †PvL AMfxi| A¼yi †e¸bx e‡Y©i I †jvgk| RxebKvj 90-95w`b| djb †n±icÖwZ 25-30 Ub| cÖwµqvRvZKi‡Yi Dc‡hvMx Z‡e B‡Zvg‡a¨B Lvevi Avjy wn‡m‡eI RbwcÖqZv AR©b K‡i‡Q|","BARI Krishi Projukti Hatboi, 10th edition (Dec 2024), Akhond et al. (eds.) 2025"
Potato,BARI Potato-28,†jwW †iv‡mUv,2008.0,90.0,95.0,25.0,30.0,,,False,False,False,False,False,False,False,evwi Avjy-28,"†b`vij¨vÛ †_‡K msM„nxZ †jwW †iv‡mUv (esk Cardinal × VTW 62-33-3) RvZwU msMÖn K‡i evsjv‡`‡ki AvenvIqvq Pvlvev` Dc‡hvwMZv hvPvB evQvB cÖwµqvi gva¨‡g D™¢vweZ Ôevwi Avjy-28 (‡jwW †iv‡mUv)Õ RvZ wn‡m‡e 2008 mv‡j evsjv‡`‡k Pvlvev‡`i Rb¨ Aby‡gvw`Z nq| MvQ ga¨g D”PZvm¤úbœ Ges M‡o 4/5 wU KvÐ _v‡K| KvÐ k³ I Lvov AvswkK †njv‡bv, cvZv gvSvix I Mvp meyR| Avjy †MvjvKvi| Avjyi is jvj, Pvgov gm„Y| Avjyi kv‡mi is njy`vf mv`v| †PvL nvjKv Mfxi| †n±icÖwZ djb 25-30 Ub| RxebKvj 90-95 w`b| cÖwµqvRvZKi‡Yi Dc‡hvMx|","BARI Krishi Projukti Hatboi, 10th edition (Dec 2024), Akhond et al. (eds.) 2025"
Potato,BARI Potato-29,Kv‡iR,2008.0,90.0,95.0,25.0,30.0,,,False,False,False,False,False,False,False,evwi Avjy-29,"‡b`vij¨vÛ †_‡K msM„nxZ Kv‡iR (esk Lady Rosetta × HZ 81 H202) RvZwU msMÖn K‡i evsjv‡`‡ki AvenvIqvq Pvlvev` Dc‡hvwMZv hvPvB evQvB cÖwµqvi gva¨‡g D™¢vweZ Ôevwi Avjy-29 (Kv‡iR)Õ RvZ wn‡m‡e 2008 mv‡j evsjv‡`‡k Pvlvev‡`i Rb¨ Aby‡gvw`Z nq| MvQ ga¨g D”PZvm¤úbœ Ges M‡o 4/5 wU KvÐ _v‡K| KvÐ k³ I Lvov AvswkK †njv‡bv, cvZv gvSvix I Mvp meyR| 90-95 w`‡b Avjy cwic°Zv jvf K‡i| Avjy †Mvj †_‡K wW¤^vK„wZ| Avjyi is jvj, Pvgov gm„Y| Avjyi kv‡mi is njy`vf mv`v| †PvL nvjKv Mfxi| †n±icÖwZ djb 25-30 Ub| RxebKvj 90-95 w`b| cÖwµqvRvZKi‡Yi Dc‡hvMx|","BARI Krishi Projukti Hatboi, 10th edition (Dec 2024), Akhond et al. (eds.) 2025"
Potato,BARI Potato-34,jiv,2011.0,,,25.0,35.0,,,False,False,False,False,False,False,False,evwi Avjy-34,"Rvgv©bx †_‡K msM„nxZ jiv (esk Saskia × MPI 495402) RvZwU msMÖn K‡i evsjv‡`‡ki AvenvIqvq Pvlvev` Dc‡hvwMZv hvPvB evQvB cÖwµqvi gva¨‡g D™¢vweZ Ôevwi Avjy-34 (jiv)Õ RvZ wn‡m‡e 2011 mv‡j evsjv‡`‡k Pvlvev‡`i Rb¨ Aby‡gvw`Z nq| MvQ wKQzUv Qov‡bv, ga¨g D”PZvm¤úbœ Ges M‡o 4/5 wU KvÐ _v‡K| KvÐ k³ I bxj †e¸bx e‡Y©i wgkÖY †`Lv hvq | cÖvšÍxq cvZv GKK cvZvi mv‡_ mshy³ _v‡K| cÎ Kÿ meyR bxj e‡Y©i| cvZvq I Kv‡Ð nvjKv †ivgk †`Lv hvq| Avjy wW¤^vKvi I gvSvix AvK…wZi| Avjyi is jvj, Pvgov gm„Y| Avjyi kv‡mi is Mvp njy`| †PvL nvjKv AMfxi| mvaviY ZvcgvÎvq 55-60 w`‡b A¼zi (¯úÖvDU) †ei nq| A¼zi wW¤^vKvi, Aí G‡š’vmvqvwbb Av‡Q, AMÖfvM nvjKv †jvgk I G‡š’vmvqvwbb hy³| Avjy‡Z ï®‹ c`v‡_©i cwigvY 20.22 ± 1%| 90-95 w`‡b Avjy cwic°Zv jvf K‡i| Mo djb †n±icÖwZ 25-35 Ub| RvZwU cÖwµqvRvZKi‡Yi Dc‡hvMx|","BARI Krishi Projukti Hatboi, 10th edition (Dec 2024), Akhond et al. (eds.) 2025"
Potato,BARI Potato-35,,2012.0,,,30.0,45.0,,,False,False,False,False,False,False,False,evwi Avjy-35,"evsjv‡`‡k wbR¯^ msKivq‡Yi gva¨‡g D™¢vweZ {(esk Cardinal × Unknown) (4.5W)} RvZwU G‡`‡ki AvenvIqvq Pvlvev` Dc‡hvwMZv hvPvB evQvB cÖwµqvi gva¨‡g D™¢vweZ Ôevwi Avjy-35Õ RvZ wn‡m‡e 2012 mv‡j evsjv‡`‡k Pvlvev‡`i Rb¨ Aby‡gvw`Z nq| MvQ ga¨g D”PZv m¤úbœ Ges M‡o 4/5 wU KvÐ _v‡K| KvÐ meyR Ges G‡š’vmvqvwbb Gi we¯Í…wZ Kg, cvZv Kg †WD †Ljv‡bv Ges ga¨ wkivq G‡š’vmvqvwbb Kg| Avjy wW¤^vK…wZ I ga¨g AvKv‡ii| Avjyi is ev`vgx, Pvgov gm„Y| Avjyi kv‡mi is nvjKv wµg, †PvL AMfxi| mvaviY ZvcgvÎvq 50-55 w`‡b A¼zi (¯úÖvDU) †ei nq| A¼zi gvSvix Dc‡MvjvKvi, LyeB Kg G‡š’vmvqvwbb Av‡Q, †Mvovi w`K cvZjv †jvgk, AMªfvM †QvU AvKv‡ii| Avjy‡Z ï®‹ c`v‡_©i cwigvY 20.26±1%| 90-95 w`‡b Avjy cwic°Zv jvf K‡i| Mo djb †n±icÖwZ 30-45 Ub| G RvZwU cÖwµqvRvZKiY I Lvevi Dc‡hvMx|","BARI Krishi Projukti Hatboi, 10th edition (Dec 2024), Akhond et al. (eds.) 2025"
Potato,BARI Potato-36,,2012.0,,,30.0,40.0,,,False,False,False,False,False,False,False,evwi Avjy-36,"evsjv‡`‡k wbR¯^ msKivq‡Yi gva¨‡g D™¢vweZ {(esk Patronese × TPS 67 (9.26R)} RvZwU G‡`‡ki AvenvIqvq Pvlvev` Dc‡hvwMZv hvPvB evQvB cÖwµqvi gva¨‡g D™¢vweZ Ôevwi Avjy-36Õ RvZ wn‡m‡e 2012 mv‡j evsjv‡`‡k Pvlvev‡`i Rb¨ Aby‡gvw`Z nq| MvQ ga¨g D”PZvm¤úbœ Ges M‡o 4/5wU KvÐ _v‡K| KvÐ meyR Ges G‡š’vmvqvwbb Gi we¯Í…wZ †ewk| cvZv Lye Kg †XD †Ljv‡bv Ges ga¨ wkiv G‡š’vmvqvwbb hy³| Avjy wW¤^vK…wZ †_‡K j¤^vK…wZ I ga¨g AvKv‡ii| Avjyi is jvj| †PvL AMfxi| mvaviY ZvcgvÎvq 55-60 w`‡b A¼zi (¯úÖvDU) †ei nq| A¼zi †QvU Dc‡MvjvKvi, †Mvovi w`‡K cvZjv †jvgk, AMÖfv‡M LyeB Kg cwigv‡Y G‡š’vmvqvwbb Av‡Q Ges †jvg Abycw¯’Z| Avjy‡Z ï®‹ c`v‡_©i cwigvY 19.68±1%| 90-95 w`‡b Avjy cwic°Zv jvf K‡i| Mo djb †n±icÖwZ 30-40 Ub| G RvZwU cÖwµqvRvZKiY I Lvevi Dc‡hvMx|","BARI Krishi Projukti Hatboi, 10th edition (Dec 2024), Akhond et al. (eds.) 2025"
Potato,BARI Potato-40,,2012.0,,,35.0,55.0,,,False,False,False,False,False,False,False,evwi Avjy-40,"evsjv‡`‡k wbR¯^ msKivq‡Yi gva¨‡g D™¢vweZ {(esk 934 × TPS-67 (4.45W)} RvZwU G‡`‡ki AvenvIqvq Pvlvev` Dc‡hvwMZv hvPvB evQvB cÖwµqvi gva¨‡g D™¢vweZ Ôevwi Avjy-40Õ RvZ wn‡m‡e 2012 mv‡j evsjv‡`‡k Pvlvev‡`i Rb¨ Aby‡gvw`Z nq| MvQ gva¨g D”PZvm¤úbœ Ges M‡o 4/5 wU KvÐ _v‡K| KvÐ meyR Ges G‡š’vmvqvwbb Gi we¯Í…wZ Kg, cvZv Lye Kg †XD †Ljv‡bv Ges ga¨ wkivq G‡š’vmvqvwbb bvB| Avjy Lv‡Uv wW¤^vK…wZ †_‡K j¤^v wW¤^vK…wZ I ga¨g AvKv‡ii| Avjyi is njy`, Pvgov gm„Y| Avjyi kv‡mi is wµg| †PvL ga¨g AMfxi| mvaviY ZvcgvÎvq 40-45 w`‡b A¼zi (¯úÖvDU) †ei nq| A¼zi gvSvix Bm&†dwiK¨vj, †Mvovi w`K k³ cwigv‡Y †iW-fv‡qv‡jU G‡š’vmvqvwbb Av‡Q, †Mvovi w`K gvSvix †jvghy³, AMÖfvM gvSvix| Avjy‡Z ï®‹ c`v‡_©i cwigvY 20.22±1%| 90-95 w`‡b Avjy cwic°Zv jvf K‡i| Mo djb †n±icÖwZ 35-55 Ub| RvZwU cÖwµqvRvZKiY I Lvevi Dc‡hvMx|","BARI Krishi Projukti Hatboi, 10th edition (Dec 2024), Akhond et al. (eds.) 2025"
Potato,BARI Potato-41,,2012.0,,,38.0,54.0,,,False,False,False,False,False,False,False,evwi Avjy-41,"evsjv‡`‡k wbR¯^ msKivq‡Yi gva¨‡g D™¢vweZ {(esk Carlita × TPS-67 (5.183)} RvZwU G‡`‡ki AvenvIqvq Pvlvev` Dc‡hvwMZv hvPvB evQvB cÖwµqvi gva¨‡g D™¢vweZ Ôevwi Avjy-41Õ RvZ wn‡m‡e 2012 mv‡j evsjv‡`‡k Pvlvev‡`i Rb¨ Aby‡gvw`Z nq| MvQ gva¨g D”PZvm¤úbœ Ges M‡o 4/5wU KvÐ _v‡K| KvÐ meyR Ges G‡š’vmvqvwbb Gi we¯Í…wZ †ewk, cvZv eo Lye Kg †XD †Ljv‡bv Ges ga¨ wkivq G‡š’vmvqvwbb gva¨g cwigv‡Y we`¨gvb| Avjy †MvjvKvi †_‡K P¨vÞv †MvjvKvi AvKv‡ii| Avjyi is Mvp jvj, Pvgov gm„Y| Avjyi is Mvp jvj, Pvgov gm„Y| Avjyi kv‡mi is nvjKv njy`| †PvL ga¨g AMfxi| mvaviY ZvcgvÎvq 45-50 w`‡b A¼zi (¯úÖvDU) †ei nq| A¼zi gvSvix I‡fv‡qW (ovoid), †Mvovi w`K Lye `ye©j cwigv‡Y †iW-fv‡qv‡jU G‡š’vmvqvwbb Av‡Q, †Mvovi w`K gvSvix †jvghy³, AMÖfvM gvSvix| Avjy‡Z ï®‹ c`v‡_©i cwigvY 21.20±1%| 90-95 w`‡b Avjy cwic°Zv jvf K‡i| Mo djb †n±icÖwZ 38-54 Ub| G RvZwU cÖwµqvRvZKiY I Lvevi Dc‡hvMx|","BARI Krishi Projukti Hatboi, 10th edition (Dec 2024), Akhond et al. (eds.) 2025"
Potato,BARI Potato-46,,2013.0,,,30.0,40.0,,,False,False,False,False,False,False,False,evwi Avjy-46,"AvšÍR©vwZK Avjy †K›`ª, wjgv, †ciæ †_‡K msM„nxZ Gjwe-7 (esk CIP-393371.58) Rvg©cøvRg msMÖn K‡i evsjv‡`‡ki AvenvIqvq Pvlvev` Dc‡hvwMZv hvPvB evQvB cÖwµqvi gva¨‡g D™¢vweZ Ôevwi Avjy-46Õ RvZ wn‡m‡e 2013 mv‡j evsjv‡`‡k Pvlvev‡`i Rb¨ Aby‡gvw`Z nq| A¼zi gvSvix I‡fv‡qW (ovoid), †Mvovi w`K gvSvix cwigv‡Y †iW-fv‡qv‡jU G‡š’vmvqvwbb Av‡Q, †Mvovi w`K Nb k³ †jvghy³, AMÖfvM gvSvix| mvaviY ZvcgvÎvq 45 - 48 w`‡b A¼zi (¯úÖvDU) †ei nq| MvQ wKQzUv j¤^v ¯^fv‡ei Ges M‡o 3/5 wU KvÐ _v‡K| KvÐ meyR Ges G‡š’vmvqvwbb Gi we¯Í…wZ Kg, cvZv `ye©j †XD †Lvjv‡bv Ges ga¨ wkivq †Kvb G‡š’vmvqvwbb bvB| Avjy †MvjvK…wZ †_‡K Lv‡Uv wW¤^vK…wZ I gva¨g †_‡K eo AvKv‡ii| Avjyi is nvjKv njy`, Pvgov †gvUvgywU gm„Y| Avjyi kv‡mi is wµg| †PvL gvSvix Mfxi| ï®‹ c`v‡_©i cwigvY 19 ± 1%| 90-95 w`‡b Avjy cwic°Zv jvf K‡i| Mo djb †n±icÖwZ 30-40 Ub| G RvZwU bvwe aŸmv †ivM cÖwZ‡ivax Ges cÖwµqvRvZKiY I Lvevi Dc‡hvMx|","BARI Krishi Projukti Hatboi, 10th edition (Dec 2024), Akhond et al. (eds.) 2025"
Potato,BARI Potato-48,,2014.0,90.0,95.0,26.05,62.41,,,False,False,False,False,False,False,False,evwi Avjy-48,"evsjv‡`‡k wbR¯^ msKivq‡Yi gva¨‡g D™¢vweZ (esk MF-II × TPS-67) RvZwU G‡`‡ki AvenvIqvq Pvlvev` Dc‡hvwMZv hvPvB evQvB cÖwµqvi gva¨‡g D™¢vweZ Ôevwi Avjy-48Õ RvZ wn‡m‡e 2014 mv‡j evsjv‡`‡k Pvlvev‡`i Rb¨ Aby‡gvw`Z nq| MvQ ga¨g D”PZvm¤úbœ B›UviwgwW‡qU UvBc| 3-4 wU KvÐ _v‡K| KvÐ meyR wKš‘ †Mvovi w`‡K G‡š’vmvqvwb‡bi ga¨g we¯Í…wZ Av‡Q| ga¨g AvKv‡ii cvZv Kg †XD †Ljv‡bv Ges ga¨ wkivq G‡š’vmvqvwbb LyeB Kg we`¨gvb| Avjy Lv‡Uv wW¤^vK…wZ †_‡K wW¤^vK„wZ ga¨g AvKv‡ii| Avjyi is njy`, kv‡mi is nvjKv njy`| †PvL ga¨g AMfxi| ï®‹ c`v©_ 18.42 ± 1%| A¼zi †QvU AvKv‡ii eªW-wmwjwÛªK¨vj, †Mvovi w`K G‡š’vmvqvwb‡bi we¯Í…wZ ga¨g, †Mvovi w`K †ewk †jvghy³, AMÖfvM †QvU AvKv‡ii| mvaviY ZvcgvÎvq 50-55 w`‡b A¼zi (¯úÖvDU) †ei nq| RxebKvj 90-95 w`b| Mo djb †n±icÖwZ 26.05-62.41 Ub| G RvZwU mvavib ZvcgvÎvq 5-6 gvm msiÿY Kiv hvq Ges Lvevi Avjy wn‡m‡e Dc‡hvMx|","BARI Krishi Projukti Hatboi, 10th edition (Dec 2024), Akhond et al. (eds.) 2025"
Potato,BARI Potato-53,,2014.0,90.0,95.0,32.0,34.0,,,False,False,False,False,False,False,False,evwi Avjy-53,"AvšÍR©vwZK Avjy †K›`ª, wjgv, †ciæ †_‡K msM„nxZ Gjwe-6 (esk 387015.3 × 386316.14) Rvg©cøvRg msMÖn K‡i evsjv‡`‡ki AvenvIqvq Pvlvev` Dc‡hvwMZv hvPvB evQvB cÖwµqvi gva¨‡g D™¢vweZ Ôevwi Avjy-53Õ RvZ wn‡m‡e 2014 mv‡j evsjv‡`‡k Pvlvev‡`i Rb¨ Aby‡gvw`Z nq| MvQ wKQzUv j¤^v ¯^fv‡ei Ges M‡o 3/5 wU KvÐ _v‡K| KvÐ meyR Ges G‡š’vmvqvwbb Gi we¯Í…wZ Mvp Kg, cvZv Kg †XD †Lvjv‡bv Ges ga¨ wkivq G‡š’vmvqvwbb we¯Í…wZ ga¨g| Avjy †MvjvK…wZ †_‡K Lv‡Uv wW¤^vK…wZ I gva¨g AvKv‡ii| Avjyi is Mvp jvj, Pvgov †gvUvgywU gm„Y| Avjyi kv‡mi is nvjKv njy`| †PvL Mfxi| ï®‹ c`v©_ 20.42 ± 1%| A¼zi gvSvix I‡fv‡qW, †Mvovi w`K gvSvix cwigv‡Y †iW-fv‡qv‡jU G‡š’vmvqvwbb Av‡Q, †Mvovi w`K Nb k³ †jvghy³, AMÖfvM gvSvix wKwÂr †jvghy³| mvaviY ZvcgvÎvq 45- 48 w`‡b A¼zi (¯úÖvDU) †ei nq| RxebKvj 90-95 w`b | Mo djb †n±icÖwZ 32-34 Ub| G RvZwU bvwe aŸmv †ivM cÖwZ‡ivax Ges cÖwµqvRvZKiY I Lvevi Dc‡hvMx|","BARI Krishi Projukti Hatboi, 10th edition (Dec 2024), Akhond et al. (eds.) 2025"
Potato,BARI Potato-54,wgDwRKv,2014.0,,,,,,,False,False,False,False,False,False,False,evwi Avjy-54,"†b`vij¨vÛ †_‡K msM„nxZ wgDwRKv (esk CMK 1993-042-005 × Lady Christl) RvZwU msMÖn K‡i evsjv‡`‡ki AvenvIqvq Pvlvev` Dc‡hvwMZv hvPvB evQvB cÖwµqvi gva¨‡g D™¢vweZ Ôevwi Avjy-54Õ (wgDwRKv) RvZ wn‡m‡e 2014 mv‡j evsjv‡`‡k Pvlvev‡`i Rb¨ Aby‡gvw`Z nq| MvQ ga¨g D”PZvm¤úbœ B›UviwgwW‡qU UvBc Ges KvÐ meyR wKš‘ †Mvovi w`‡K G‡š’vmvqvwbb Gi we¯Í…wZ Kg| 3-6 wU KvÐ _v‡K| cvZv †QvU AvKv‡ii, Kg †XD †Ljv‡bv Ges ga¨ wkivq G‡š’vmvqvwb‡bi we¯Í…wZ LyeB Kg ev _v‡K bv| Avjy gvSvix AvKv‡ii, wW¤^vK…wZ †_‡K j¤^v wW¤^vK…wZi| Pvgovi is njy`, kuv‡mi is nvjKv njy`| AMfxi †PvL wewkó| ï®‹ c`v_© 18.18 ± 1%| A¼zi †QvU AvKv‡ii eªW-wmwjwÛªK¨vj, †Mvovi w`K G‡š’vmvqvwb‡bi we¯Í…wZ ga¨g, †Mvovi w`K gvSvix †jvghy³, AMÖfvM gvSvix | mvaviY ZvcgvÎvq 45-48 w`‡b A¼zi (¯úÖvDU) †ei nq| 90-95 w`‡b Avjy cwic°Zv jvf K‡i| Mo djb †n±icÖwZ 41.19 (25.59-57.51) Ub| G RvZwU Lvevi Dc‡hvMx|","BARI Krishi Projukti Hatboi, 10th edition (Dec 2024), Akhond et al. (eds.) 2025"
Potato,BARI Potato-56,,2014.0,90.0,95.0,29.64,45.01,,,False,False,False,False,False,False,False,evwi Avjy-56,"evsjv‡`‡k wbR¯^ msKivq‡Yi gva¨‡g D™¢vweZ {(esk G90) (8.46)} RvZwU G‡`‡ki AvenvIqvq Pvlvev` Dc‡hvwMZv hvPvB evQvB cÖwµqvi gva¨‡g D™¢vweZ Ôevwi Avjy-56Õ RvZ wn‡m‡e 2014 mv‡j evsjv‡`‡k Pvlvev‡`i Rb¨ Aby‡gvw`Z nq| MvQ ga¨g D”PZvm¤úbœ B›UviwgwW‡qU UvBc| 4-6 wU KvÐ _v‡K| KvÐ jvj-ev`vgx Ges G‡š’vmvqvwbb Gi we¯Í…wZ Lye †ewk| cvZv ga¨g AvK…wZi, Kg †XD †Ljv‡bv Ges ga¨ wkivq G‡š’vmvqvwbb Gi we¯Í…wZ Kg| Avjy Lv‡Uv wW¤^vK…wZ †_‡K ga¨g AvKv‡ii| Avjyi Pvgovi is jvj (†e¸bx), Pvgov gm„Y, kv‡mi is njy`| Mfxi †PvL wewkó| ï®‹ c`v©_ 19.15 ± 1%| A¼zi gvSvix I‡fv‡qW, †Mvovi w`K Lye †ewk cwigv‡Y †iW-fv‡qv‡jU G‡š’vmvqvwbb Av‡Q, †Mvovi w`K nvjKv †jvghy³, AMÖfvM gvSvix| mvaviY ZvcgvÎvq 50-55 w`‡b A¼zi (¯úÖvDU) †ei nq| RxebKvj 90-95 w`b| Mo djb †n±icÖwZ 29.64-45.01 Ub| G RvZwU Lvevi Avjy wn‡m‡e Dc‡hvMx I ¯‹¨ve †ivM cÖwZ‡ivax|","BARI Krishi Projukti Hatboi, 10th edition (Dec 2024), Akhond et al. (eds.) 2025"
Potato,BARI Potato-57,,2014.0,90.0,95.0,29.34,45.24,,,False,False,False,False,False,False,False,evwi Avjy-57,"evsjv‡`‡k wbR¯^ msKivq‡Yi gva¨‡g D™¢vweZ {(esk C90) (8.73)} RvZwU G‡`‡ki AvenvIqvq Pvlvev` Dc‡hvwMZv hvPvB evQvB cÖwµqvi gva¨‡g D™¢vweZ Ôevwi Avjy-57Õ RvZ wn‡m‡e 2014 mv‡j evsjv‡`‡k Pvlvev‡`i Rb¨ Aby‡gvw`Z nq| MvQ ga¨g D”PZvm¤úbœ B›UviwgwW‡qU UvBc Ges KvÐ meyR Ges G‡š’vmvqvwbb Gi we¯Í…wZ Kg| cvZv ga¨g AvK…wZi, Kg †XD †Ljv‡bv Ges ga¨ wkivq G‡š’vmvqvwbb Gi we¯Í…wZ Kg| Avjy j¤^v wW¤^vK…wZ I ga¨g †_‡K eo AvKv‡ii| Avjyi is njy`, Pvgov gm„Y, Avjyi kv‡mi is mv`v| †PvL ga¨g Mfxi| ï®‹ c`v_© 18.97 ± 1%| A¼zi gvSvix eªW-wmwjwÛªK¨vj, †Mvovi w`K G‡š’vmvqvwb‡bi we¯Í…wZ ga¨g, †Mvovi w`K nvjKv †jvghy³, AMÖfvM gvSvix| mvaviY ZvcgvÎvq 50-55 w`‡b A¼zi (¯úÖvDU) †ei nq| RxebKvj 90-95 w`b| Mo djb †n±icÖwZ 29.34-45.24 Ub| G RvZwU bvwe aŸmv †ivM cÖwZ‡ivax, cÖwµqvRvZKiY I Lvevi Dc‡hvMx|","BARI Krishi Projukti Hatboi, 10th edition (Dec 2024), Akhond et al. (eds.) 2025"
Potato,BARI Potato-62,,2015.0,90.0,95.0,35.78,56.32,,,False,False,False,False,False,False,False,evwi Avjy-62,"evsjv‡`‡k wbR¯^ msKivq‡Yi gva¨‡g D™¢vweZ {(esk Dura × TPS-67) (9.11)} RvZwU G‡`‡ki AvenvIqvq Pvlvev` Dc‡hvwMZv hvPvB evQvB cÖwµqvi gva¨‡g D™¢vweZ Ôevwi Avjy-62Õ RvZ wn‡m‡e 2015 mv‡j evsjv‡`‡k Pvlvev‡`i Rb¨ Aby‡gvw`Z nq| G RvZwU Lvevi Avjy wn‡m‡e B‡Zvg‡a¨ RbwcÖqZv AR©b K‡i‡Q| MvQ ga¨g D”PZvm¤úbœ B›UviwgwW‡qU UvBc Ges M‡o 4-7wU KvÐ _v‡K| MvQ wKQyUv Lvov cªK…wZi I kvLv cªkvLv Kg| KvÐ meyR gvSvix ai‡bi †gvUv Ges G‡š’vmvqvwbb Gi we¯Í…wZ ga¨g| cvZv gvSvix AvKv‡ii I Kg †XD †Ljv‡bv| cvZvq meyR i‡Oi AvwaK¨ gvSvix Ges ga¨ wkivq G‡š’vmvqvwbb Gi we¯Í…wZ Kg| cÎdjK ga¨g AvKv‡ii I gvSvix ai‡bi PIov cÎdj‡Ki Dc‡ii w`‡Ki gm„YZv gvSvix | ga¨ wkivq Dcc‡Îi msL¨v †ewk| kx‡l©i cÎdj‡K Dcc‡Îi msL¨v Kg| cv‡k¦©i cÎdj‡K gvSvix msL¨K eo AvKv‡ii DccÎ †`Lv hvq| Avjy wW¤^vK…wZ †_‡K j¤^v wW¤^vK…wZi I ga¨g †_‡K eo AvKv‡ii| Avjyi Pvgovi is njy`, Pvgovi gm„YZv gvSvix, kv‡mi is nvjKv njy`| AMfxi †PvL wewkó Ges †PvL Avjy‡Z mgfv‡e web¨¯Í _v‡K| ï®‹ c`v_© 17.33-20.80%| A¼zi gvSvix AvKv‡ii I KwbK¨vj AvK…wZi, †Mvovi w`‡K Lye †ewk cwigv‡Y †iW-fv‡qv‡jU G‡š’vmvqvwbb Av‡Q I nvjKv †jvghy³| AMÖfvM gvSvix, G‡š’vmvqvwbb Gi we¯Í…wZ †ewk Ges gvSvix †jvghy³| mvaviY ZvcgvÎvq 6 gv‡m A¼zi (¯úÖvDU) †ei nq| RxebKvj 90-95 w`b| Mo djb †n±icÖwZ 35.78-56.32 Ub| G RvZwU Lvevi Avjy wn‡m‡e Dc‡hvMx| mvaviY ZvcgvÎvq RvZwU 5-6 gvm msiÿY †hvM¨ Ges myßve¯’v we`¨gvb _vKvq RvZwU ißvwb‡hvM¨|","BARI Krishi Projukti Hatboi, 10th edition (Dec 2024), Akhond et al. (eds.) 2025"
Potato,BARI Potato-63,,2015.0,90.0,95.0,32.3,51.67,,,False,False,False,False,False,False,False,evwi Avjy-63,"evsjv‡`‡k wbR¯^ msKivq‡Yi gva¨‡g D™¢vweZ {(esk B25 × TPS-67) (9.125)} RvZwU G‡`‡ki AvenvIqvq Pvlvev` Dc‡hvwMZv hvPvB evQvB cÖwµqvi gva¨‡g D™¢vweZ Ôevwi Avjy-63Õ RvZ wn‡m‡e 2015 mv‡j evsjv‡`‡k Pvlvev‡`i Rb¨ Aby‡gvw`Z nq| MvQ ga¨g D”PZvm¤úbœ B›UviwgwW‡qU UvBc Ges M‡o 4-6 wU KvÐ _v‡K| MvQ wKQyUv Lvov cªK…wZi I kvLv cªkvLv Kg| KvÐ meyR gvSvix ai‡bi †gvUv Ges G‡š’vmvqvwbb Gi we¯Í…wZ ga¨g| cvZv gvSvix AvKv‡ii I ga¨g †XD †Ljv‡bv| cvZvq meyR i‡Oi AvwaK¨ gvSvix Ges ga¨ wkivq G‡š’vmvqvwbb Gi we¯Í…wZ ga¨g| cÎdjK ga¨g AvKv‡ii I gvSvix ai‡bi PIov cÎdj‡Ki Dc‡ii w`‡Ki gm„YZv gvSvix| ga¨ wkivq Dcc‡Îi msL¨v †ewk| kx‡l©i cÎdj‡K Dcc‡Îi msL¨v gvSvix| cv‡k¡©i cÎdj‡K gvSvix msL¨K eo AvKv‡ii DccÎ †`Lv hvq| Avjy †MvjvKvi †_‡K Lv‡Uv wW¤^vK…wZ I eo AvKv‡ii| Avjyi Pvgovi is Av‡c‡ji g‡Zv jvj, Pvgov gm„Y| Avjyi kv‡mi is njy`| †PvL ga¨g Mfxi Ges †PvL Avjy‡Z mgfv‡e web¨¯Í bq| ï®‹ c`v_© 19.22 (17.92-21.82%)| A¼zi gvSvix AvKv‡ii I I‡fv‡qW AvK…wZi, †Mvovi w`‡K Lye †ewk cwigv‡Y †iW-fv‡qv‡jU G‡š’vmvqvwbb Av‡Q I nvjKv †jvghy³| AMÖfvM gvSvix, G‡š’vmvqvwbb Gi we¯Í…wZ Lye †ewk Ges nvjKv †jvghy³| mvaviY ZvcgvÎvq 70-75 w`‡b A¼zi (¯úÖvDU) †ei nq| RxebKvj 90-95 w`b| Mo djb †n±icÖwZ 32.30-51.67 Ub| RvZwU cÖwµqvRvZKiY I Lvevi Avjy wn‡m‡e Dc‡hvMx|","BARI Krishi Projukti Hatboi, 10th edition (Dec 2024), Akhond et al. (eds.) 2025"
Potato,BARI Potato-66,cv‡gjv,2015.0,90.0,95.0,25.52,46.06,,,False,False,False,False,False,False,False,evwi Avjy-66,"d«vÝ †_‡K msM„nxZ cv‡gjv (esk Mondial × Carmine) RvZwU msMÖn K‡i evsjv‡`‡ki AvenvIqvq Pvlvev` Dc‡hvwMZv hvPvB evQvB cÖwµqvi gva¨‡g D™¢vweZ Ôevwi Avjy-66 (cv‡gjv)Õ RvZ wn‡m‡e 2015 mv‡j evsjv‡`‡k Pvlvev‡`i Rb¨ Aby‡gvw`Z nq| MvQ ga¨g D”PZvm¤úbœ B›UviwgwW‡qU UvBc Ges M‡o 4-8wU KvÐ _v‡K| MvQ wKQyUv Lvov cªK…wZi I kvLv cªkvLv Kg| KvÐ meyR gvSvix ai‡bi †gvUv Ges G‡š’vmvqvwbb Gi we¯Í…wZ Lye †ewk| cvZv gvSvix AvKv‡ii I Lye Kg †XD †Ljv‡bv| cvZvq meyR i‡Oi AvwaK¨ gvSvix Ges ga¨ wkivq G‡š’vmvqvwbb Gi we¯Í…wZ †ewk| cÎdjK ga¨g AvKv‡ii I gvSvix ai‡bi PIov Ges cÎdj‡Ki Dc‡ii w`‡Ki gm„YZv gvSvix| ga¨ wkivq Dcc‡Îi msL¨v gvSvix| kx‡l©i cÎdj‡K Dcc‡Îi msL¨v LyeB Kg| cv‡k¡©i cÎdj‡K LyeB Kg msL¨K gvSvix AvKv‡ii DccÎ †`Lv hvq| Avjy wW¤^vK…wZ †_‡K j¤¦v wW¤^vK…wZi I ga¨g AvKv‡ii| Avjyi Pvgov gm„Y I is jvj, kuv‡mi is nvjKv njy`| AMfxi †PvL wewkó Ges †PvL Avjy‡Z mgfv‡e web¨¯Í| ï®‹ c`v_© 19.47% (17.30-21.55%)| A¼zi gvSvix AvKv‡ii I eªW-wmwjwÛªK¨vj AvK…wZi, †Mvovi w`‡K Lye †ewk cwigv‡Y †iW-fv‡qv‡jU G‡š’vmvqvwbb Av‡Q I †ek †jvg †`Lv hvq| AMÖfvM gvSvix, G‡š’vmvqvwbb Gi we¯Í…wZ †ewk Ges gvSvix †jvghy³| mvaviY ZvcgvÎvq 90-95 w`‡b A¼zi (¯úÖvDU) †ei nq| RxebKvj 90-95 w`‡b Avjy cwic°Zv jvf K‡i| Mo djb †n±icÖwZ 25.52-46.06 Ub| RvZwU Lvevi Dc‡hvMx|","BARI Krishi Projukti Hatboi, 10th edition (Dec 2024), Akhond et al. (eds.) 2025"
Potato,BARI Potato-68,AvUjvbwUK,2015.0,85.0,90.0,19.15,45.51,,,False,False,False,False,False,False,False,evwi Avjy-68,"BD.Gm.G †_‡K msM„nxZ AvUjvbwUK (esk Wauseon × Lenape) RvZwU msMÖn K‡i evsjv‡`‡ki AvenvIqvq Pvlvev` Dc‡hvwMZv hvPvB evQvB cÖwµqvi gva¨‡g D™¢vweZ Ôevwi Avjy-68Õ (AvUjvbwUK) RvZ wn‡m‡e 2015 mv‡j evsjv‡`‡k Pvlvev‡`i Rb¨ Aby‡gvw`Z nq| MvQ ga¨g D”PZvm¤úbœ B›UviwgwW‡qU UvBc Ges M‡o 4-6wU KvÐ _v‡K| MvQ wKQyUv Lvov cªK…wZi I kvLv cªkvLv ga¨g| KvÐ meyR gvSvix ai‡bi †gvUv Ges G‡š’vmvqvwbb Gi we¯Í…wZ Kg| cvZv gvSvix AvKv‡ii I LyeB Kg †XD †Ljv‡bv| cvZvq meyR i‡Oi AvwaK¨ gvSvix Ges ga¨ wkivq G‡š’vmvqvwbb Gi we¯Í…wZ LyeB Kg| cÎdjK ga¨g AvKv‡ii I gvSvix ai‡bi PIov Ges cÎdj‡Ki Dc‡ii w`‡Ki gm„YZv gvSvix| ga¨ wkivq Dcc‡Îi msL¨v gvSvix| kx‡l©i cÎdj‡K Dcc‡Îi msL¨v gvSvix| cv‡k¡©i cÎdj‡K LyeB Kg msL¨K gvSvix AvKv‡ii DccÎ †`Lv hvq| Avjy †MvjvKvi (Pvcv) I ga¨g AvKv‡ii| Avjyi Pvgovi gm„YZv gvSvix is njy`, kuv‡mi is mv`v Ges †Pv‡Li MfxiZv ga¨g| †PvL Avjy‡Z mgfv‡e web¨¯Í bq| ï®‹ c`v_© 18.27-22.57%| A¼zi gvSvix AvKv‡ii I I‡fv‡qW AvK…wZi, †Mvovi w`‡K †ewk cwigv‡Y †iW-fv‡qv‡jU G‡š’vmvqvwbb Av‡Q I gvSvix †jvghy³| AMÖfvM eo, G‡š’vmvqvwbb Gi we¯Í…wZ Kg Ges gvSvix †jvghy³| mvaviY ZvcgvÎvq 70-75 w`‡b A¼zi (¯úÖvDU) †ei nq| RxebKvj 85-90w`‡b Avjy cwic°Zv jvf K‡i| Mo djb †n±icÖwZ 19.15-45.51 Ub| RvZwU cÖwµqvRvZKiY Dc‡hvMx|","BARI Krishi Projukti Hatboi, 10th edition (Dec 2024), Akhond et al. (eds.) 2025"
Potato,BARI Potato-72,,2016.0,85.0,90.0,,,,,False,True,True,False,False,False,False,evwi Avjy-72,"AvšÍR©vwZK Avjy †K›`ª, wjgv, †ciæ †_‡K msM„nxZ ((esk 391925.2 × C92.030) (wmAvBwc-139)} Rvg©cøvRg msMÖn K‡i evsjv‡`‡ki AvenvIqvq Pvlvev` Dc‡hvwMZv hvPvB evQvB cÖwµqvi gva¨‡g D™¢vweZ Ôevwi Avjy-72Õ RvZ wn‡m‡e 2016 mv‡j evsjv‡`‡k Pvlvev‡`i Rb¨ Aby‡gvw`Z nq| MvQ ga¨g D”PZvm¤úbœ I B›UviwgwW‡qU UvBc| KvÐ meyR-†e¸bx Ges G‡š’vmvqvwbb Gi we¯Í…wZ Lye †ewk| ga¨ wkivq G‡š’vmvqvwbb Gi we¯Í…wZ Kg| cvZv Mvp meyR Ges gvSvix AvKv‡ii| ga¨ wkivq I KwP cÎdj‡Ki wKbvivq G‡š’vmvqvwbb Gi we¯Í…wZ †bB| Avjy Lv‡Uv wW¤^vK…wZ Ges gvSvix †_‡K eo AvKv‡ii| Avjyi is jvj, Pvgov gm„Y| Avjyi kv‡mi is njy`| †PvL AMfxi| ï®‹ c`v_© 18.75 ± 0.11%| A¼zi gvSvix eªW-wmwjwÛªK¨vj, †Mvovi w`‡K †ewk cwigv‡Y †iW-fv‡qv‡jU G‡š’vmvqvwbb Av‡Q, †Mvovi w`‡K `ye©j †jvghy³, AMÖfvM gvSvix I †jvggy³| mvaviY ZvcgvÎvq 70-75 w`‡b A¼zi (¯úÖvDU) †ei nq| RxebKvj 85-90 w`‡b Avjy cwic°Zv jvf K‡i| Mo djb †n±icÖwZ 21.85 (11.32-37.53) Ub| G RvZwU Zvc I jeYv³Zv mnbkxj Ges Lvevi Dc‡hvMx|","BARI Krishi Projukti Hatboi, 10th edition (Dec 2024), Akhond et al. (eds.) 2025"
Potato,BARI Potato-73,,2016.0,85.0,90.0,,,,,False,False,True,False,False,False,False,evwi Avjy-73,"AvšÍR©vwZK Avjy †K›`ª, wjgv, †ciæ †_‡K msM„nxZ {(esk 391925.2 × C92.030) (wmAvBwc-127)} Rvg©cøvRg msMÖn K‡i evsjv‡`‡ki AvenvIqvq Pvlvev` Dc‡hvwMZv hvPvB evQvB cÖwµqvi gva¨‡g D™¢vweZ Ôevwi Avjy-73Õ RvZ wn‡m‡e 2016 mv‡j evsjv‡`‡k Pvlvev‡`i Rb¨ Aby‡gvw`Z nq| MvQ ga¨g D”PZvm¤úbœ B›UviwgwW‡qU UvBc Ges M‡o 4/6wU KvÐ _v‡K| KvÐ meyR Ges G‡Z mvgvb¨ G‡š’vmvqvwbb Gi we¯Í…wZ Av‡Q| cvZv Mvp meyR I gvSvix AvKv‡ii Ges Kg †XD †Ljv‡bv| ga¨ wkivq I kxl© gyKz‡ji KwP cÎdj‡Ki wKbvivq G‡š’vmvqvwbb Gi we¯Í…wZ †bB, Z‡e †euvUvq Dcwifv‡M mvgvb¨ G‡š’vmvqvwbb Gi we¯Í…wZ Av‡Q| Avjy wW¤^vK…wZ †_‡K j¤¦v‡U ai‡bi I ga¨g AvKv‡ii| Avjyi is mv`v (µxg), Pvgov gm„Y| Avjyi kv‡mi is µxg| †PvL nvjKv Mfxi| ï®‹ c`v_© 18.85 ± 0.41%| A¼zi gvSvix eªW-wmwjwÛªK¨vj, †Mvovi w`‡K gvSvix cwigv‡Y †iW-fv‡qv‡jU G‡š’vmvqvwbb Av‡Q Ges gvSvix †jvghy³, AMÖfvM gvSvix I `ye©j G‡š’vmvqvwbb Av‡Q Ges Lye `ye©j †jvghy³| mvaviY ZvcgvÎvq 70-75 w`‡b A¼zi (¯úÖvDU) †ei nq| RxebKvj 85-90 w`‡b Avjy cwic°Zv jvf K‡i| Mo djb †n±icÖwZ 21.85 (11.32-37.53) Ub| G RvZwU Zvc mnbkxj Ges Lvevi Dc‡hvMx|","BARI Krishi Projukti Hatboi, 10th edition (Dec 2024), Akhond et al. (eds.) 2025"
Potato,BARI Potato-74,evi‡m‡jvbv,2017.0,90.0,95.0,,,,,False,False,False,False,False,False,True,evwi Avjy-74,"†b`vij¨vÛ †_‡K msM„nxZ evi‡m‡jvbv (esk Mondial × Felsina) RvZwU msMÖn K‡i evsjv‡`‡ki AvenvIqvq Pvlvev` Dc‡hvwMZv hvPvB evQvB cÖwµqvi gva¨‡g D™¢vweZ Ôevwi Avjy-74Õ (evi‡m‡jvbv) RvZ wn‡m‡e 2017 mv‡j evsjv‡`‡k Pvlvev‡`i Rb¨ Aby‡gvw`Z nq| MvQ ga¨g D”PZvm¤úbœ B›UviwgwW‡qU UvBc Ges M‡o 4-5wU KvÐ _v‡K| MvQ wKQyUv Lvov cªK…wZi I kvLv cªkvLv LyeB Kg| KvÐ meyR gvSvix ai‡bi †gvUv Ges G‡š’vmvqvwbb Gi we¯Í…wZ gvSvix| cvZv gvSvix AvKv‡ii I Kg †XD †Ljv‡bv| cvZv gvSvix meyR Ges ga¨ wkivq G‡š’vmvqvwbb Gi we¯Í…wZ LyeB Kg| cÎdjK eo AvKv‡ii I PIov Ges cÎdj‡Ki Dc‡ii w`‡Ki gm„YZv gvSvix| ga¨ wkivq Dcc‡Îi msL¨v gvSvix| kx‡l©i cÎdj‡K Dcc‡Îi msL¨v gvSvix| cv‡k¡©i cÎdj‡K gvSvix AvKv‡ii Kg msL¨K DccÎ †`Lv hvq| Avjy wW¤^vK…wZ †_‡K j¤¦v wW¤^vK…wZ I eo AvKv‡ii| Avjyi Pvgovi gm„YZv gvSvix I is njy`, kuv‡mi is µxg| †PvL AMfxi I †PvL Avjy‡Z mgfv‡e web¨¯Í| ï®‹ c`v_© 17.65 (16.36-19.26)%| A¼zi gvSvix AvKv‡ii I KwbK¨vj AvK…wZi, †Mvovi w`‡K †ewk cwigv‡Y †iW-fv‡qv‡jU G‡š’vmvqvwbb Av‡Q I †ewk †jvghy³| AMÖfvM †QvU, G‡š’vmvqvwbb Gi we¯Í…wZ Kg Ges Kg †jvghy³| mvaviY ZvcgvÎvq 70-75 w`‡b A¼zi (¯úÖvDU) †ei nq| RxebKvj 90-95 w`‡b Avjy cwic°Zv jvf K‡i| Mo djb †n±icÖwZ 46.61 (37.38-67.51) Ub| Ab¨ Rv‡Zi Zzjbvq 65 w`‡b djb {27.13 (22.40-40.63) Ub/†n±i} AvMvg RvZ wn‡m‡e RvZwU LyeB fvj|","BARI Krishi Projukti Hatboi, 10th edition (Dec 2024), Akhond et al. (eds.) 2025"
Potato,BARI Potato-75,g‡›UKv‡j©v,2017.0,70.0,75.0,,,,,False,False,False,False,False,False,False,evwi Avjy-75,"†b`vij¨vÛ †_‡K msM„nxZ g‡›UKv‡j©v (esk Mul 91-13 × Bu 93-136) RvZwU msMÖn K‡i evsjv‡`‡ki AvenvIqvq Pvlvev` Dc‡hvwMZv hvPvB evQvB cÖwµqvi gva¨‡g D™¢vweZ Ôevwi Avjy-75 (g‡ÈKv‡j©v)Õ RvZ wn‡m‡e 2017 mv‡j evsjv‡`‡k Pvlvev‡`i Rb¨ Aby‡gvw`Z nq| MvQ ga¨g D”PZvm¤úbœ B›UviwgwW‡qU UvBc Ges M‡o 4-7wU KvÐ _v‡K| MvQ wKQyUv Lvov cªK…wZi I kvLv cªkvLv LyeB Kg| KvÐ meyR gvSvix ai‡bi †gvUv Ges G‡š’vmvqvwbb Gi we¯Í…wZ †ewk| cvZv gvSvix AvKv‡ii I Kg †XD †Ljv‡bv| cvZv gvSvix meyR Ges ga¨ wkivq G‡š’vmvqvwbb Gi we¯Í…wZ LyeB Kg| cÎdjK gvSvix ai‡bi I gvSvix PIov Ges cÎdj‡Ki Dc‡ii w`‡Ki gm„YZv gvSvix| ga¨ wkivq Dcc‡Îi msL¨v gvSvix| kx‡l©i cÎdj‡K Dcc‡Îi msL¨v Kg| cv‡k¡©i cÎdj‡K gvSvix AvKv‡ii Kg msL¨K DccÎ †`Lv hvq| Avjy Lv‡Uv wW¤^vK…wZ I gvSvix AvKv‡ii| Avjyi Pvgovi gm„YZv gvSvix I is jvj, kuv‡mi is mv`v| †PvL AMfxi I †PvL Avjy‡Z mgfv‡e web¨¯Í| ï®‹ c`v_© 17.81(16.37-19.07)%| A¼zi gvSvix AvKv‡ii I eªW-wmwjwÛªK¨vj AvK…wZi, †Mvovi w`‡K †ewk cwigv‡Y †iW-fv‡qv‡jU G‡š’vmvqvwbb Av‡Q I Lye †ewk †jvghy³| AMÖfvM eo, G‡š’vmvqvwbb Gi we¯Í…wZ gvSvix Ges Lye †ewk †jvghy³| mvaviY ZvcgvÎvq 70-75 w`‡b A¼zi (¯úÖvDU) †ei nq| RxebKvj 70-75w`‡b Avjy cwic°Zv jvf K‡i| Mo djb †n±icÖwZ 37.25 (23.62-53.23) Ub| RvZwU me‡P‡q Kg mg‡q cwic° nq Ges Lvevi Avjy wnmv‡e fvj |","BARI Krishi Projukti Hatboi, 10th edition (Dec 2024), Akhond et al. (eds.) 2025"
Potato,BARI Potato-76,Kviæ‡mv,2017.0,90.0,95.0,,,,,False,False,False,False,False,False,False,evwi Avjy-76,"†b`vij¨vÛ †_‡K msM„nxZ Kviæ‡mv (esk SA 2952/72 × SA 92-352-6) RvZwU msMÖn K‡i evsjv‡`‡ki AvenvIqvq Pvlvev` Dc‡hvwMZv hvPvB evQvB cÖwµqvi gva¨‡g D™¢vweZ Ôevwi Avjy-76 (Kviæ‡mv)Õ RvZ wn‡m‡e 2017 mv‡j evsjv‡`‡k Pvlvev‡`i Rb¨ Aby‡gvw`Z nq| MvQ ga¨g D”PZvm¤úbœ B›UviwgwW‡qU UvBcGes M‡o 4-7wU KvÐ _v‡K| MvQ wKQyUv Lvov cªK…wZi I kvLv-cÖkvLv gvSvix| KvÐ meyR gvSvix ai‡bi †gvUv Ges G‡š’vmvqvwbb Gi we¯Í…wZ LyeB Kg| cvZv gvSvix AvKv‡ii I Kg †XD †Ljv‡bv| cvZv gvSvix meyR Ges ga¨ wkivq G‡š’vmvqvwbb Gi we¯Í…wZ LyeB Kg| cÎdjK gvSvix AvKv‡ii I PIov gvSvix Ges cÎdj‡Ki Dc‡ii w`‡Ki gm„YZv gvSvix| ga¨ wkivq Dcc‡Îi msL¨v gvSvix| kx‡l©i cÎdj‡K Dcc‡Îi msL¨v LyeB Kg| cv‡k¡©i cÎdj‡K gvSvix AvKv‡ii LyeB Kg msL¨K DccÎ †`Lv hvq| Avjy Lv‡Uv wW¤^vK…wZ, †MvjvKvi I gvSvix AvKv‡ii| Avjyi Pvgovi gm„YZv gvSvix I is njy`, kuv‡mi is nvjKv njy`| †PvL MfxiZv gvSvix I †PvL Avjy‡Z mgfv‡e web¨¯Í bq| ï®‹ c`v_© 20.54 (18.36-22.40)%| A¼zi gvSvix AvKv‡ii I eªW-wmwjwÛªK¨vj AvK…wZi, †Mvovi w`‡K Kg cwigv‡Y †iW-fv‡qv‡jU G‡š’vmvqvwbb Av‡Q I Kg †jvghy³| AMÖfvM gvSvix, G‡š’vmvqvwbb Gi we¯Í…wZ Kg Ges Kg †jvghy³| mvaviY ZvcgvÎvq 70-75 w`‡b A¼zi (¯úÖvDU) †ei nq| RxebKvj 90-95w`‡b Avjy cwic°Zv jvf K‡i| Mo djb †n±icÖwZ 35.99 (27.74-44.40) Ub| RvZwU cÖwµqvRvZKi‡Yi Dc‡hvMx|","BARI Krishi Projukti Hatboi, 10th edition (Dec 2024), Akhond et al. (eds.) 2025"
Potato,BARI Potato-77,mv‡c©v wgiv,2017.0,90.0,95.0,,,,,False,False,False,False,False,False,False,evwi Avjy-77,"†WbgvK© †_‡K msM„nxZ mv‡c©v wgiv (esk 76 PO 1214268 × D187) RvZwU msMÖn K‡i evsjv‡`‡ki AvenvIqvq Pvlvev` Dc‡hvwMZv hvPvB evQvB cÖwµqvi gva¨‡g D™¢vweZ Ôevwi Avjy-77Õ (mv‡c©v wgiv) RvZ wn‡m‡e 2017 mv‡j evsjv‡`‡k Pvlvev‡`i Rb¨ Aby‡gvw`Z nq| MvQ ga¨g D”PZvm¤úbœ wjwd UvBc Ges M‡o 4-6wU KvÐ _v‡K| MvQ wKQyUv Lvov cªK…wZi I kvLv cªkvLv LyeB Kg| KvÐ meyR gvSvix ai‡bi †gvUv Ges G‡š’vmvqvwbb Gi we¯Í…wZ †ewk| cvZv gvSvix AvKv‡ii I Kg †XD †Ljv‡bv| cvZv gvSvix meyR Ges ga¨ wkivq G‡š’vmvqvwbb Gi we¯Í…wZ gvSvix| cÎdjK eo AvKv‡ii I PIov Ges cÎdj‡Ki Dc‡ii w`‡Ki gm„YZv gvSvix| ga¨ wkivq Dcc‡Îi msL¨v gvSvix| cÎdj‡K Dcc‡Îi msL¨v LyeB Kg| Avjy j¤¦v wW¤^vK…wZ I eo AvKv‡ii| Avjyi Pvgov gm„Y I is jvj, kuv‡mi is nvjKv njy`| †PvL AMfxi I †PvL Avjy‡Z mgfv‡e web¨¯Í| ï®‹ c`v_© 19.72 (17.68-20.76)%| A¼zi gvSvix AvKv‡ii I eªW-wmwjwÛªK¨vj AvK…wZi, †Mvovi w`‡K Lye †ewk cwigv‡Y †iW-fv‡qv‡jU G‡š’vmvqvwbb Av‡Q I Kg †jvghy³| AMÖfvM gvSvix, G‡š’vmvqvwbb Gi we¯Í…wZ †ewk Ges Kg †jvghy³| mvaviY ZvcgvÎvq 70-75 w`‡b A¼zi (¯úÖvDU) †ei nq| RxebKvj 90-95 w`‡b Avjy cwic°Zv jvf K‡i| Mo djb †n±icÖwZ 33.40 (27.95-42.47) Ub| G RvZwU bvwe aŸmv †ivM cÖwZ‡ivax Ges Lvevi Avjy wnmv‡e fvj|","BARI Krishi Projukti Hatboi, 10th edition (Dec 2024), Akhond et al. (eds.) 2025"
Potato,BARI Potato-78,,,,,,,,,False,False,False,False,False,False,False,evwi Avjy-78,,"BARI Krishi Projukti Hatboi, 10th edition (Dec 2024), Akhond et al. (eds.) 2025"
Potato,BARI Potato-79,wmAvBwc-126,,85.0,90.0,,,,,False,False,False,False,False,False,False,evwi Avjy-79,"AvšÍR©vwZK Avjy †K›`ª, wjgv, †ciæ †_‡K msM„nxZ (esk: 387521.3 × APHRODITE) RvZwU hvPvB eQvB K‡i 2017 Aby‡gvw`Z nq| MvQ ga¨g D”PZvm¤úbœ Ges M‡o 4/6wU KvÐ _v‡K| KvÐ meyR, mej Ges AwaK G‡š’vmvqvwbb Gi we¯Í…wZ Av‡Q| cvZv Kg †XD †Ljv‡bv Ges ga¨ wkivq G‡š’vmvqvwbb Gi ga¨g we¯Í…wZ Av‡Q| Avjy j¤^v‡U ga¨g-eo AvKv‡ii| Avjyi is jvj, Pvgov nvjKv Agm„Y| Avjyi kv‡mi is µxg| †PvL AMfxi| ï®‹ c`v©_ 18.85%| A¼zi gvSvwi KwbK¨vj, †Mvovi w`K AwaK cwigv‡Y †iW-fv‡qv‡jU G‡š’vmvqvwbb Av‡Q Ges AwaK †jvghy³| A¼z‡iv`Mg mvaviY ZvcgvÎvq 100- 105 w`‡b A¼zi (¯úÖvDU) †ei nq| Rxeb Kvj 85-90 w`b| Mo djb †n±i cÖwZ 42.92 (35.23-54.49) Ub| RvZwU Lvevi Dc‡hvMx|","BARI Krishi Projukti Hatboi, 10th edition (Dec 2024), Akhond et al. (eds.) 2025"
Potato,BARI Potato-80,,,,,,,,,False,False,False,False,False,False,False,evwi Avjy-80,,"BARI Krishi Projukti Hatboi, 10th edition (Dec 2024), Akhond et al. (eds.) 2025"
Potato,BARI Potato-81,,,,,,,,,False,False,False,False,False,False,False,evwi Avjy-81,,"BARI Krishi Projukti Hatboi, 10th edition (Dec 2024), Akhond et al. (eds.) 2025"
Potato,BARI Potato-82,,,,,,,,,False,False,False,False,False,False,False,evwi Avjy-82,,"BARI Krishi Projukti Hatboi, 10th edition (Dec 2024), Akhond et al. (eds.) 2025"
Potato,BARI Potato-83,wm‡gMv,,,,30.78,30.78,,,False,False,False,False,False,False,True,evwi Avjy-83,"MvQ ga¨g D”PZvm¤úbœ B›UviwgwW‡qU UvBc| MvQ wKQyUv Lvov cÖK…wZi I kvLv cÖkvLv Kg| KvÐ meyR gvSvwi ai‡bi †gvUv Ges G‡š’vmvqvwbb Gi we¯Í…wZ Kg| cvZv gvSvwi AvKv‡ii I Kg †XD †Ljv‡bv| cvZv meyR Ges ga¨ wkivq G‡š’vmvqvwbb Gi we¯Í…wZ †bB| cÎdjK gvSvwi AvKv‡ii PIov I gvSvwi ai‡bi Ges cÎdj‡Ki Dc‡ii w`‡Ki gm…YZv gvSvwi ai‡bi| ga¨ wkivq Dcc‡Îi msL¨v †ewk| kx‡l©i cÎdj‡K Dcc‡Îi msL¨v gvSvwi| cv‡k¦©i cÎdj‡K eo AvKv‡ii gvSvwi msL¨K DccÎ †`Lv hvq| 90-95 w`‡b Avjy cwic°Zv jvf K‡i| Avjy wW¤^vK…wZ I gvSvwi AvKv‡ii| Avjyi Pvgovi gm…YZv gvSvwi I kvu‡mi is nvjKv njy`| †PvL AMfxi I †PvL Avjy‡Z mgfv‡e web¨¯Í| AvMvg RvZ (65 w`‡b Mo djb 30.78 Ub/†n±i), D”P djbkxj {44.63 (38.18-50.52) Ub/†n±i}, †L‡Z my¯^v`y, Avjy njy` Pvgovi wW¤^vK…wZ, eo AvKv‡ii Avjyi cwigvY (70.05% >40wg.wg. Gi †ewk) Ges mywßKvj †ewk (70-75 w`b)| RvZwU mvaviY ZvcgvÎvq 2 gvm Gi †ewk mgq msi¶Y Kiv hvq| ï®‹ c`©v_- 18.63 (16.86-20.02)%| GB RvZwU ißvwb Dc‡hvMx|","BARI Krishi Projukti Hatboi, 10th edition (Dec 2024), Akhond et al. (eds.) 2025"
Potato,BARI Potato-84,,,,,,,,,False,False,False,False,False,False,False,evwi Avjy-84,,"BARI Krishi Projukti Hatboi, 10th edition (Dec 2024), Akhond et al. (eds.) 2025"
Potato,BARI Potato-85,†m‡fb †dvi †m‡fb,,,,31.2,31.2,,,False,False,False,False,False,False,True,evwi Avjy-85,"MvQ ga¨g D”PZvm¤úbœ B›UviwgwW‡qU UvBc| MvQ wKQyUv Lvov cÖK…wZi I kvLv cÖkvLv Kg| KvÐ meyR gvSvwi ai‡bi †gvUv Ges G‡š’vmvqvwbb Gi we¯Í…wZ LyeB Kg| cvZv gvSvwi AvKv‡ii I LyeB Kg †XD †Ljv‡bv| cvZv Mvp meyR Ges ga¨ wkivq G‡š’vmvqvwbb Gi we¯Í…wZ †bB| cÎdjK gvSvwi AvKv‡ii PIov I gvSvwi ai‡bi Ges cÎdj‡Ki Dc‡ii w`K gm…Y| ga¨ wkivq Dcc‡Îi msL¨v gvSvwi| kx‡l©i cÎdj‡K Dcc‡Îi msL¨v Kg| cv‡k¦©i cÎdj‡K gvSvwi AvKv‡ii Kg msL¨K DccÎ †`Lvhvq| 90-95 w`‡b Avjy cwic°Zv jvf K‡i| Avjy wW¤^vK…wZ I eo AvKv‡ii| Avjyi Pvgov gm…Y I is njy`, kvu‡mi is mv`v| †PvL AMfxi I †PvL Avjy‡Z mgfv‡e web¨¯Í| ï®‹ c`©v_- 17.80 (14.64-19.72)%| Avjy wW¤^vK…wZi| AvMvg RvZ (65 w`‡b Mo djb 31.20 Ub/†n±i), D”P djbkxj {46.15 (38.94-54.45) Ub/†n±i}| G RvZwU Lvevi Avjy wnmv‡e Dc‡hvMx|","BARI Krishi Projukti Hatboi, 10th edition (Dec 2024), Akhond et al. (eds.) 2025"
Potato,BARI Potato-86,,,,,33.68,33.68,,,False,False,False,False,False,False,True,evwi Avjy-86,"MvQ ga¨g D”PZvm¤úbœ †÷g UvBc| MvQ wKQyUv Lvov cÖK…wZi I kvLv cÖkvLv Kg| KvÐ meyR gvSvwi ai‡bi †gvUv Ges G‡š’vmvqvwbb Gi we¯Í…wZ †ewk| cvZv gvSvwi AvKv‡ii I Kg †XD †Ljv‡bv| cvZv Mvp meyR Ges ga¨ wkivq G‡š’vmvqvwbb Gi we¯Í…wZ †ewk| cÎdjK gvSvwi AvKv‡ii Ges cÎdj‡Ki Dc‡ii w`K gm„Y| ga¨ wkivq Dcc‡Îi msL¨v gvSvwi| kx‡l©i cÎdj‡K Dcc‡Îi msL¨v LyeB Kg| cv‡k¦©i cÎdj‡K ga¨g AvKv‡ii gvSvwi msL¨K DccÎ †`Lv hvq| 90-95 w`‡b Avjy cwic°Zv jvf K‡i| Avjy j¤^v wW¤^vK…wZ I gvSvwi AvKv‡ii| Avjyi Pvgov gm…Y I is jvj kvu‡mi is nvjKv njy`| †PvL AMfxi I †PvL Avjy‡Z mgfv‡e web¨¯Í| AvMvg RvZ (65 w`‡b Mo djb 33.68 Ub/†n±i), D”P djbkxj {49.15 (34.84-60.72) Ub/†n±i}, Avjy jvj Pvgovi j¤^v wW¤^vK…wZ eo AvKv‡ii Avjyi cwigvY (62.98% >40 wg.wg. Gi †ewk) Ges mywßKvj †ewk (80-85 w`b)| RvZwU mvaviY ZvcgvÎvq 2 gvm Gi †ewk mgq msi¶Y Kiv hvq| ï®‹ c`©v_- 18.08 (17.09-18.78)%| GB RvZwU ißvwb Dc‡hvMx|","BARI Krishi Projukti Hatboi, 10th edition (Dec 2024), Akhond et al. (eds.) 2025"
Potato,BARI Potato-87,,,,,,,,,False,False,False,False,False,False,False,evwi Avjy-87,,"BARI Krishi Projukti Hatboi, 10th edition (Dec 2024), Akhond et al. (eds.) 2025"
Potato,BARI Potato-88,,,,,36.85,36.85,,,False,False,False,False,False,False,True,evwi Avjy-88,"MvQ ga¨g D”PZvm¤úbœ B›UviwgwW‡qU UvBc| MvQ wKQyUv Lvov cÖK…wZi I kvLv cÖkvLv Kg| KvÐ meyR gvSvwi ai‡bi †gvUv Ges G‡š’vmvqvwbb Gi we¯Í…wZ Kg| cvZv gvSvwi AvKv‡ii I LyeB Kg †XD †Ljv‡bv| cvZv gvSvwi ai‡bi meyR Ges ga¨ wkivq G‡š’vmvqvwbb Gi we¯Í…wZ Kg| cÎdjK gvSvwi AvKv‡ii I PIov ai‡bi Ges cÎdj‡Ki Dc‡ii w`‡Ki gm…YZv gvSvwi|ga¨ wkivq Dcc‡Îi msL¨v gvSvwi| kx‡l©i cÎdj‡K Dcc‡Îi msL¨v LyeB Kg| cv‡k¦©i cÎdj‡K gvSvwi AvKv‡ii LyeB Kg msL¨K DccÎ †`Lv hvq| 90-95 w`‡b Avjy cwic°Zv jvf K‡i| Avjy j¤^v wW¤^vK…wZ,wW¤^vK…wZ I gvSvwi AvKv‡ii| Avjyi Pvgovi gm…YZv gvSvwi I is jvj kvu‡mi is njy`| †PvL AMfxi I †PvL Avjy‡Z mgfv‡e web¨¯Í| AvMvg RvZ (65 w`‡b Mo djb 36.85 Ub/†n±i), D”P djbkxj {48.17 (32.27-62.09) Ub/†n±i}, Avjy jvj Pvgovi I j¤^v wW¤^vK…wZ Ges †ivM I †cvKvgvK‡oi cÖ‡Kvc Kg| ï®‹ c`©v_- 19.30 (17.63-21.29)%| G RvZwU Lvevi Avjy wnmv‡e Dc‡hvMx|","BARI Krishi Projukti Hatboi, 10th edition (Dec 2024), Akhond et al. (eds.) 2025"
Potato,BARI Potato-89,diUvm,,,,30.53,30.53,,,False,False,False,False,False,False,True,evwi Avjy-89,"MvQ ga¨g D”PZv m¤úbœ B›UviwgwW‡qU UvBc| MvQ wKQyUv Lvov cÖK…wZi I kvLv cÖkvLv Kg| KvÐ meyR gvSvwi ai‡bi †gvUv Ges G‡š’vmvqvwbb Gi we¯Í…wZ LyeB Kg| cvZv gvSvwi AvKv‡ii I Kg †XD †Ljv‡bv| cvZv meyR Ges ga¨ wkivq G‡š’vmvqvwbb Gi we¯Í…wZ †bB| cÎdjK gvSvwi AvKv‡ii PIov I gvSvwi ai‡bi Ges cÎdj‡Ki Dc‡ii w`‡Ki gm…YZv gvSvwi ai‡bi| ga¨ wkivq Dcc‡Îi msL¨v LyeB Kg| kx‡l©i cÎdj‡K Dcc‡Îi msL¨v LyeB Kg| cv‡k¦©i cÎdj‡K gvSvwi AvKv‡ii LyeB Kg msL¨K DccÎ †`Lv hvq| 90-95 w`‡b Avjy cwic°Zv jvf K‡i| Avjy wW¤^vK…wZ I gvSvwi AvKv‡ii| Avjyi Pvgovi gm…YZv gvSvwi I is njy`,kvu‡mi is nvjKv njy`| †PvL AMfxi I †PvL Avjy‡Z mgfv‡e web¨¯Í| AvMvg RvZ (65 w`‡b Mo djb 30.53 Ub/†n±i), D”P djbkxj {42.93 (34.80-50.63) Ub/†n±i}, Avjy njy` Pvgovi wW¤^vK…wZ I eo AvKv‡ii Avjyi cwigvY (67.26% >40 wg.wg. Gi †ewk) Ges mywßKvj †ewk (70-75 w`b)| RvZwU mvaviY ZvcgvÎvq 2 gvm Gi †ewk mgq msi¶Y Kiv hvq| ï®‹ c`©v_- 18.33 (17.55-19.58)%| RvZwU ißvwb Dc‡hvMx|","BARI Krishi Projukti Hatboi, 10th edition (Dec 2024), Akhond et al. (eds.) 2025"
Potato,BARI Potato-90,,,,,,,,,False,False,False,False,False,False,False,evwi Avjy-90,,"BARI Krishi Projukti Hatboi, 10th edition (Dec 2024), Akhond et al. (eds.) 2025"
Potato,BARI Potato-91,,,,,,,,,False,False,False,False,False,False,False,evwi Avjy-91,,"BARI Krishi Projukti Hatboi, 10th edition (Dec 2024), Akhond et al. (eds.) 2025"
Potato,BARI Potato-92,,,,,34.95,41.05,,,False,False,False,False,False,False,False,evwi Avjy-92,"Avjy wW¤^vK…wZ †_‡K gvSvwi wW¤^vK…wZ AvKv‡ii| Avjyi Pvgovi gm„YZv gvSvwi I iO njy` (jvj i‡Oi †kW Av‡Q), kvu‡mi iO njy`| †PvL AMfxi, jvj e‡Y©i I †PvL¸‡jv Avjy‡Z mgfv‡e web¨¯Í| Avjyi AvKvi AvK…wZ‡Z wfbœZv †ewk| ï®‹ c`v_: 18.10-19.93%, A¼y‡iv`&Mg: mvaviY ZvcgvÎvq 70- 75 w`‡b A¼yi (¯úªvDU) †ei nq| djb: Mo djb †n±icÖwZ 34.95-41.05 Ub| we‡kl ˆewkó¨: Lvevi I ißvwb Avjy wn‡m‡e Dc‡hvMx|","BARI Krishi Projukti Hatboi, 10th edition (Dec 2024), Akhond et al. (eds.) 2025"
Potato,BARI Potato-93,,,80.0,85.0,,,,,False,False,False,False,False,False,False,evwi Avjy-93,"Avjy wW¤^vK…wZ †_‡K j¤^v wW¤^vK…wZ I eo AvKv‡ii| Avjyi Pvgov gm„Y I iO jvj kvu‡mi is µxg| †PvL gvSvwi Mfxi I †PvL Avjy‡Z mgfv‡e web¨¯Í| ï®‹ c`v_©: 17.37-21.67%, A¼y‡iv`&Mg: mvaviY ZvcgvÎvq 80- 90 w`‡b A¼yi (¯úªvDU) †ei nq|Rxeb Kvj: 80-85 w`b, djb: Mo djb †n±icÖwZ 41.81(27.68-49.26) Ub| we‡kl ˆewkó¨: Lvevi I ißvwb Avjy wnmv‡e Dc‡hvMx|","BARI Krishi Projukti Hatboi, 10th edition (Dec 2024), Akhond et al. (eds.) 2025"
Potato,BARI Potato-94,mvb‡iW,,,,27.68,49.26,,,False,False,False,False,False,False,False,evwi Avjy-94,"Avjy wW¤^vK…wZ, Lv‡Uv wW¤^vK…wZ I gvSvwi AvKv‡ii| Avjyi Pvgov Agm„Y I iO Mvp jvj, kvu‡mi iO µxg| †PvL gvSvwi Mfxi Ges †PvL Avjy‡Z mgfv‡e web¨¯Í| ï®‹ c`v_©: 14.93-19.91%, A¼y‡iv`&Mg: mvaviY ZvcgvÎvq 45-50 w`‡b A¼yi (¯úªvDU) †ei nq| djb: Mo djb †n±icÖwZ 27.68-49.26 Ub| we‡kl ˆewkó¨: Lvevi Avjy wnmv‡e Dc‡hvMx|","BARI Krishi Projukti Hatboi, 10th edition (Dec 2024), Akhond et al. (eds.) 2025"
Potato,BARI Potato-95,,,,,32.55,47.17,,,False,False,False,False,False,False,False,evwi Avjy-95,"Avjy LvU wW¤^vK…wZ n‡Z wW¤^vK…wZ| Avjyi Pvgov gm„Y I iO jvj, kvu‡mi iO nvjKv njy`| †Pv‡Li MfxiZv AMfxi I †PvL Avjy‡Z mgfv‡e web¨¯Í| ï®‹ c`v_©: 18.47-21.33%| A¼y‡iv`&Mg: mvaviY ZvcgvÎvq 85-90 w`‡b A¼yi (¯úªvDU) †ei nq| djb: Mo djb †n±icÖwZ 32.55-47.17 Ub| we‡kl ˆewkó¨: Lvevi I ißvwb Avjy wnmv‡e Dc‡hvMx|","BARI Krishi Projukti Hatboi, 10th edition (Dec 2024), Akhond et al. (eds.) 2025"
Potato,BARI Potato-96,,,,,31.27,54.31,,,False,False,False,False,False,False,False,evwi Avjy-96,"Avjy wW¤^vK…wZ n‡Z j¤^v wW¤^vK…wZ| Avjyi Pvgov gm„Y I iO njy`, kvu‡mi iO nvjKv njy`| †Pv‡Li MfxiZv AMfxi I †PvL Avjy‡Z mgfv‡e web¨¯Í| ï®‹ c`v_©: 17.33-20.98%, A¼y‡iv`&Mg: mvaviY ZvcgvÎvq 65-70 w`‡b A¼yi (¯úªvDU) †ei nq| djb: Mo djb †n±icÖwZ 31.27-54.31 Ub| we‡kl ˆewkó¨: Lvevi I ißvwb Avjy wnmv‡e|","BARI Krishi Projukti Hatboi, 10th edition (Dec 2024), Akhond et al. (eds.) 2025"
Potato,BARI Potato-97,Avjfvi‡÷vb iv‡mU,,,,30.0,51.92,,,False,False,False,False,False,False,False,evwi Avjy-97,"Avjy j¤^v wW¤^vK…wZ I gvSvwi AvKv‡ii| Avjyi Pvgov gm„Y I iO njy`, kvu‡mi iO nvjKv njy`| †Pv‡Li MfxiZv ga¨g I †PvL Avjy‡Z mgfv‡e web¨¯Í| ï®‹ c`v_©: 17.77-24.33%, A¼y‡iv`&Mg: mvaviY ZvcgvÎvq 100-105 w`‡b A¼yi (¯úªvDU) †ei nq| djb: Mo djb †n±icÖwZ 30-51.92 Ub, we‡kl ˆewkó¨: Lvevi, ißvwb I cÖwµqvRvZKi‡Yi wnmv‡e Dc‡hvMx|","BARI Krishi Projukti Hatboi, 10th edition (Dec 2024), Akhond et al. (eds.) 2025"
Potato,BARI Potato-98,A¨vwi‡Rvbv,,,,27.19,55.63,,,False,False,False,False,False,False,False,evwi Avjy-98,"Avjy j¤^v wW¤^vK…wZ I gvSvwi AvKv‡ii| Avjyi Pvgov gm„Y I iO njy`, kvu‡mi iO wµg| †PvL AMfxi I †PvL Avjy‡Z mgfv‡e web¨¯Í| ï®‹ c`v_©: 14.40-21%| A¼y‡iv`&Mg: mvaviY ZvcgvÎvq 85-90 w`‡b A¼yi (¯úªvDU) †ei nq| djb: Mo djb †n±icÖwZ 27.19-55.63 Ub| we‡kl ˆewkó¨: Lvevi I ißvwb wnmv‡e Dc‡hvMx|","BARI Krishi Projukti Hatboi, 10th edition (Dec 2024), Akhond et al. (eds.) 2025"
Potato,BARI Potato-99,GBP‡RWwW 1249,,,,34.57,54.94,,,False,False,False,False,False,False,False,evwi Avjy-99,"Avjy j¤^v wW¤^vK…wZ I gvSvwi AvKv‡ii| Avjyi Pvgov gm„Y I iO njy`, kvu‡mi iO wµg| †PvL AMfxi I †PvL Avjy‡Z mgfv‡e web¨¯Í| ï®‹ c`v_©: 17.60-19.44%| A¼y‡iv`&Mg: mvaviY ZvcgvÎvq 40-45 w`‡b A¼yi (¯úªvDU) †ei nq| djb: Mo djb †n±icÖwZ 34.57-54.94 Ub| we‡kl ˆewkó¨: Lvevi Avjy wnmv‡e Dc‡hvMx|","BARI Krishi Projukti Hatboi, 10th edition (Dec 2024), Akhond et al. (eds.) 2025"
Potato,BARI Potato-100,,,85.0,90.0,,,,,False,False,False,False,False,False,False,evwi Avjy-100,"K›`vj dmj 24 | K…wl cÖhyw³ nvZeB MvQ ga¨g D”PZv m¤úbœ B›UviwgwW‡qU UvBc Ges M‡o 4/6wU KvÐ _v‡K| KvÐ Mvp meyR Ges G‡š’vmvqvwbb Gi we¯Í…wZ †bB| cvZv Mvp meyR Ges gvSvwi AvKv‡ii| cvZv Kg †XD †Ljv‡bv Ges ga¨ wkivq G‡š’vmvqvwbb Gi we¯Í…wZ nvjKv/‡bB| Avjy †MvjvKvi Ges gvSvwi AvKv‡ii| Avjyi is jvj, Pvgov gm„Y| Avjyi kv‡mi is njy`| †PvL nvjKv Mfxi| ï®‹ c`v©_ : 18.75%| A¼zi gvSvwi I‡fv‡qW, †Mvovi w`‡K †ewk cwigv‡Y †iW-fv‡qv‡jU G‡š’vmvqvwbb Av‡Q, †Mvovi w`K gvSvwi †jvghy³, AMÖfvM gvSvwi| mvaviY ZvcgvÎvq 100-105 w`‡b A¼zi (¯úÖvDU) †ei nq| Rxeb Kvj 85-90 w`b| Mo djb †n±i cÖwZ 46.38 (33.98-61.35) Ub| RvZwU Lvevi Dc‡hvMx|","BARI Krishi Projukti Hatboi, 10th edition (Dec 2024), Akhond et al. (eds.) 2025"
Potato,BARI Potato-101,eø¨vK‡ewi,,,,45.82,45.82,,,False,False,False,False,False,False,False,evwi Avjy-101,"RvZwU wPc&m cÖwµqvRvZKiY Avjy wnmv‡e we‡kl Dc‡hvwM| MvQ ga¨g D”PZvm¤úbœ B›UviwgwW‡qU UvBc Ges M‡o 4-5 wU KvÐ _v‡K| MvQ wKQzUv Lvov cÖK…wZi I kvLv cÖkvLv †ewk| Kv‡Ð G‡š’vmvqvwbb Gi we¯Í…wZ †ewk| 90-95 w`‡b Avjy cwic°Zv jvf K‡i| Avjy gvSvwi †_‡K eo AvKv‡ii †MvjvK…wZ| Avjyi †PvL Mfxi I †PvL Avjy‡Z mgfv‡e web¨¯Í bq| A¼yi gvSvix AvKv‡ii I KwbK¨vj AvK…wZi, †Mvovi w`‡K †ewk cwigv‡Y G‡š’vmvqvwbb Av‡Q I †ekx †jvghy³| AMÖfvM gvSvix, G‡š’vmvqvwbb Gi we¯Í…wZ gvSvwi Ges Kg †jvghy³| ï®‹ c`v_© 20% Gi Dc‡i hv AbyK‚j cwi‡e‡k 21% ch©šÍ ch©šÍ nq| Avjyi Pvgov gm„Y I is †e¸wb, kuv‡mi is ‡e¸wb । Lvevi Avjz‡Z G†š’vmvqvwbb Gi cwigvY †ekx _v‡K (91.84 wgwjMÖvg/100 MÖvg)| mzwßKvj : 60-65 w`b| †n±icÖwZ Mo djb 45.82 Ub hv AbyK‚j cwi‡e‡k evsjv‡`‡ki AvenvIqvq m‡e©v”P 50 Ub ch©šÍ nq|","BARI Krishi Projukti Hatboi, 10th edition (Dec 2024), Akhond et al. (eds.) 2025"
Potato,BARI Potato-102,,,85.0,90.0,,,,,False,False,False,False,False,False,False,evwi Avjy-102,"K›`vj dmj K…wl cÖhyw³ nvZeB | 25 MvQ ga¨g D”PZv m¤úbœ B›UviwgwW‡qU UvBc Ges M‡o 4/6wU KvÐ _v‡K| KvÐ Mvp meyR Ges G‡š’vmvqvwbb Gi we¯Í…wZ †bB| cvZv Mvp meyR Ges gvSvwi AvKv‡ii| cvZv Kg †XD †Ljv‡bv Ges ga¨ wkivq G‡š’vmvqvwbb Gi we¯Í…wZ nvjKv/‡bB| Avjy †MvjvKvi Ges gvSvwi AvKv‡ii| Avjyi is jvj, Pvgov gm„Y| Avjyi kv‡mi is njy`| †PvL nvjKv Mfxi| ï®‹ c`v©_ : 18.75%| A¼zi gvSvwi I‡fv‡qW, †Mvovi w`‡K †ewk cwigv‡Y †iW-fv‡qv‡jU G‡š’vmvqvwbb Av‡Q, †Mvovi w`K gvSvwi †jvghy³, AMÖfvM gvSvwi| mvaviY ZvcgvÎvq 100-105 w`‡b A¼zi (¯úÖvDU) †ei nq| Rxeb Kvj 85-90 w`b| Mo djb †n±i cÖwZ 46.38 (33.98-61.35) Ub| RvZwU Lvevi Dc‡hvMx|","BARI Krishi Projukti Hatboi, 10th edition (Dec 2024), Akhond et al. (eds.) 2025"
Potato,BARI Potato-103,,,,,42.88,42.88,,,False,False,False,False,False,False,False,evwi Avjy-103,"RvZwU cÖwµqvRvZKiY I ißvwb Avjy wnmv‡e Dc‡hvwM| MvQ ga¨g D”PZvm¤úbœ B›UviwgwW†qU UvBc Ges M‡o 4-6wU KvÐ _v‡K| MvQ wKQzUv Lvov cÖK…wZi I kvLv cÖkvLv Kg| Kv‡Ð G‡š’vmvqvwbb Gi we¯Í…wZ gvSvwi| 90-95 w`†b Avjy cwic°Zv jvf K‡i| Avjy gvSvwi †_‡K eo Ges AvKv‡i wW¤^vK…wZi †_‡K j¤^v wW¤^vK…wZi| Avjyi Pvgov gm„Y I is njz`, kuv‡mi is wµg, †PvL AMfxi I †PvL Avjy‡Z mgfv‡e web¨¯Í| ï®‹ c`v_© 20% Gi Dc‡i hv AbyK‚j cwi‡e‡k 22% ch©šÍ ch©šÍ nq| mywßKvj 70-72 w`b| mviv‡`‡k Pvl Dc‡hvMx| RvZwUi †n±icÖwZ Mo djb 42.88 Ub|","BARI Krishi Projukti Hatboi, 10th edition (Dec 2024), Akhond et al. (eds.) 2025"
Potato,BARI Potato-104,,,85.0,90.0,42.3,42.3,,,False,False,False,False,False,False,True,evwi Avjy-104,"RvZwUi ißvwb Dc‡hvwMZv i‡q‡Q| AvMvg D‡Ëvjb Kiv hvq Ges Lvevi Avjy wn‡m‡e fvj Dc‡hvwMZv i‡q‡Q| MvQ ga¨g D”PZv m¤úbœ B›UviwgwW‡qU UvBc Ges M‡o 3-5wU KvÐ _v†K| MvQ wKQzUv Lvov cÖK…wZi I kvLv cÖkvLv Kg| Kv‡Ð G‡š’vmvqvwbb Gi we¯Í…wZ Kg| 90-95 w`‡b Avjy cwic°Zv jvf K‡i| Avjy eo AvKv‡ii I j¤^v wW¤^vK…wZi| Avjyi Pvgovi gm„YZv gvSvwi, is njz`, kuv‡mi is wµg, †PvL AMfxi Avjy‡Z mgfv‡e web¨¯Í| ï®‹ c`©v_ 18.08%| mywßKvj 70-72 w`b| mviv‡`‡k Pvl Dc‡hvMx| RvZwUi †n±icÖwZ Mo djb 42.30 Ub| Avjyi Drcv`b cÖhyw³ exR Avjy, Lvevi Avjy, AvMvg Avjy, cÖwµqvRvZKi‡Yi Rb¨ Avjy I ißvwbi †hvM¨ Avjy Drcv`‡bi Rb¨ wKQzUv wfbœ wfbœ c×wZi Drcv`b †KŠkj e¨envi Kiv `iKvi| wb‡¤œ Avjy Drcv`‡bi c×wZ avivevwnK fv‡e ewY©Z n‡jv| Rwg wbe©vPb: Avjy dmj †h †Kvb gvwU‡Z n‡Z cv‡i| Z‡e †e‡j †`v-Auvk †_‡K †`v-Auvk gvwU Avjy Pv‡li Rb¨ DËg| DuPz †_‡K gvSvix DuPz Rwg †hLv‡b †mP I wb®‹vk‡bi mye¨e¯’v Av‡Q †m mKj Rwg wbe©vPb Ki‡Z n‡e| RwgwU Aek¨B †iŠ`ª D¾¡j n‡Z n‡e| RwgwU‡Z Aek¨B GKevi avb Pvl Ki‡Z n‡e| AvMvg avb Avev` Kiv Rwg †hLv‡b avb KvUvi ciB Avjyi Avev` Kiv m¤¢e †m mKj Rwg wbe©vPb Kiv me‡P‡q fvj| RvZ wbe©vPb: K›`vj dmj M‡elYv †K›`ª, weGAviAvB G ch©šÍ Avjyi †gvU 104wU RvZ (hvi g‡a¨ evwi Avjy wn‡m‡e 93wU) Aegy³ Ki‡Q| gy³vwqZ RvZ¸‡jvi g‡a¨ i‡q‡Q Lvevi Avjy, cÖwµqvRvZKi‡Yi Dc‡hvMx Avjy, ißvwb‡hvM¨ Avjy, †ivMcÖwZ‡ivax, AvMvg Avjy I mvaviY ZvcgvÎvq msi¶Y Kiv hvq Ggb Avjyi RvZ| G‡`i ga¨ †_‡K cÖ‡qvRb/Pvwn`v †gvZv‡eK RvZ wbe©vPb Ki‡Z n‡e| K›`vj dmj K…wl cÖhyw³ nvZeB | 15 MvQ ga¨g D”PZv m¤úbœ B›UviwgwW‡qU UvBc Ges M‡o 4/6wU KvÐ _v‡K| KvÐ","BARI Krishi Projukti Hatboi, 10th edition (Dec 2024), Akhond et al. (eds.) 2025"
Proso millet,BARI Proso millet-2,,,,,,,82.0,,False,False,False,False,False,False,False,evwi wPbv-2,"wPbv evsjv‡`‡ki GKwU AcÖavb `vbv dmj| `xN©w`b a‡i G †`‡k wPbvi Pvl Kiv n‡”Q| wPbv GKwU eûgyLx km¨ hv Avgiv `vbv km¨, cvwL Lv`¨ I wgwó RvZxq Lv`¨ ˆZix‡Z e¨eüZ nq| Mv‡Qi D”PZv 82-84 †m.wg. | kxl 18-21.6 †m.wg.| exR wW¤^vK…wZ, D¾¡j ev`vwg Kvj‡P is Gi Ges exR †_‡K Qvov‡bv Pvj njy` e‡Y©i| nvRvi `vbvi IRb 5-5.5 MÖvg|evsjv‡`‡ki mKj GjvKv‡Z GB RvZwU Pvl Kiv hvq|","BARI Krishi Projukti Hatboi, 10th edition (Dec 2024), Akhond et al. (eds.) 2025"
Sesame,BARI Sesame-2,,2001.0,90.0,100.0,1.2,1.3,100.0,,False,False,False,False,False,False,True,evwi wZj-2,¯’vbxq Ges we‡`k †_‡K wZ‡ji wewfbœ Rvg©cøvRg msMÖn K‡i evQvB cÖwµqvi gva¨‡g Ôevwi wZj-2Õ RvZwU D™¢vweZ nq Ges 2001 mv‡j Aby‡gvw`Z nq| Mv‡Qi D”PZv 100-120 †mwg| cvZv nvjKv meyR i‡Oi| wb‡Pi cvZv¸‡jv A‡c¶vK…Z PIov Ges µgvš^‡q Dc‡ii cvZv miæ I ekv©K…wZi nq| Kv‡Ði Dcwifv‡Mi kvLv-cÖkvLvi cÖwZwU cÎK‡¶ GKwU K‡i NÈvK…wZi dzj †dv‡U| dz‡ji cuvcwoi is †Mvjvwc| cÖwZ Mv‡Q d‡ji msL¨v 60-70wU| cÖwZ d‡j ex‡Ri msL¨v 60-70wU| ex‡Ri Z¡K Kvj‡P i‡Oi| G RvZwU AvMvg ec‡bi (gvN/dvêyb) Rb¨ Dc‡hvMx| RvZwUi RxebKvj 90-100 w`b| †n±icÖwZ djb 1.20-1.30 Ub|,"BARI Krishi Projukti Hatboi, 10th edition (Dec 2024), Akhond et al. (eds.) 2025"
Sesame,BARI Sesame-3,,2001.0,,,1.2,1.4,100.0,,False,False,False,False,False,False,False,evwi wZj-3,"¯’vbxqfv‡e msM„nxZ wZ‡ji wewfbœ Rvg©cøvR‡gi ga¨ †_‡K evQvB c×wZi gva¨‡g G RvZwU D™¢vweZ nq| G RvZwU 2001 mv‡j Pvlvev‡`i Rb¨ Aby‡gv`b jvf K‡i| Mv‡Qi D”PZv 100-110 †mwg| KvÐ, kvLv I cÖkvLv †jvgnxb| cvZv Mvp meyR I LmL‡m| cÖwZ Mv‡Q 3-5wU cÖv_wgK kvLv _v‡K| kvLv¸‡jv cÖavb Kv‡Ði GKUy Dc‡i Rb¥vq| cÖwZwU kvLvq 2-3wU cÖkvLv Rb¥vq| dz‡ji is nvjKv †Mvjvcx| cÖwZ Mv‡Q d‡ji msL¨v 60-65 wU| dj 4 cÖ‡Kvô wewkó Ges cÖwZ d‡j ex‡Ri msL¨v 50-55wU| ex‡Ri Z¡K Mvp jvj‡P i‡Oi| dmj †evbv †_‡K KvUv ch©šÍ 90-100 w`b mgq jv‡M| †n±icÖwZ djb 1.20-1.40 Ub|","BARI Krishi Projukti Hatboi, 10th edition (Dec 2024), Akhond et al. (eds.) 2025"
Sesame,BARI Sesame-4,,2009.0,,,1.4,1.5,90.0,,False,False,False,False,False,False,False,evwi wZj-4,Af¨šÍixYfv‡e msM„nxZ wZ‡ji Rvg©cøvRg †_‡K evQvB c×wZ e¨envi K‡i G RvZwU D™¢vweZ n‡q‡Q| RvZwU 2009 mv‡j Aegy³ Kiv nq| RvZwU evsjv‡`‡ki me©Î Lwid †gŠmy‡g Pvlvev‡`i Dc‡hvMx| Lwid †gŠmy‡g (ga¨-†deªæqvwi †_‡K ga¨-GwcÖj) ec‡bi Dchy³ mgq| RvZwU ecb mgq †_‡K cwic° n‡Z 90-95 w`b mgq jv‡M| Mv‡Qi D”PZv 90-120 †mwg| cÖwZ Mv‡Q ïuwUi msL¨v 85-90wU| AwaKvsk ïuwUB 8 cÖ‡Kvô wewkó Ges cÖwZ ïuwU‡Z Ôevwi wZj-2Õ I Ôevwi wZj-3Õ Gi Zyjbvq 20-40% †ewk exR _v‡K| ex‡Ri Z¡K Mvp jvj‡P e‡Y©i| RvZwU †cvKvgvKo I †ivMevjvB‡qi AvµgY mwnòz| RvZwUi †n±icÖwZ djb 1.4-1.5 Ub hv Ôevwi wZj-2Õ I Ôevwi wZj-3Õ Gi †P‡q 8-10% †ewk|,"BARI Krishi Projukti Hatboi, 10th edition (Dec 2024), Akhond et al. (eds.) 2025"
Sesame,BARI Sesame-5,,2021.0,80.0,90.0,1.5,1.7,95.0,,False,False,False,False,False,False,False,evwi wZj-5,"evwi wZj-5 RvZwU 2021 mv‡j Aegy³ Kiv nq| hvi D”PZv 95-100 †mwg| cvZv nvjKv meyR| MvQ kvLv-cÖkvLv wenxb| GµwcUvj cy®ú web¨vm| NÉvK…wZ cy‡®úi is nvjKv †Mvjvwc| cÖwZ Mv‡Q ïwUi msL¨v 70-75wU| Pvi cÖ‡Kvô wewkó¨ Ges cÖwZ ïwU‡Z ex‡Ri msL¨v 75-80wU| exRvib wµwg mv`v, cvZjv I big| RxebKvj 80-90 w`b| gv‡Ni gvSvgvwS †_‡K dvêyb gvm ch©šÍ (ga¨ †deªæqvwi n‡Z gvP©) ecb Kiv hvq| †n±i cÖwZ djb 1500-1700 †KwR|","BARI Krishi Projukti Hatboi, 10th edition (Dec 2024), Akhond et al. (eds.) 2025"
Sesame,BARI Sesame-6,Kv‡jv wZj,2021.0,90.0,100.0,1.5,1.8,75.0,,False,False,False,False,False,False,False,evwi wZj-6,"evwi wZj-6 RvZwU 2021 mv‡j Aegy³ Kiv nq| hvi D”PZv 75-100 †mwg| cvZvi iO gvSvix meyR| 3-5 kvLv hy³| G‡µvwcUvj cy®ú web¨vm| NÉvK…wZ cy‡®úi iO nvjKv †Mvjvcx| cÖwZ Mv‡Q ïwUi msL¨v 30-80wU| ïwU¸‡jv gvSvix ai‡Yi j¤^v cÖwZ ïwU‡Z ex‡Ri msL¨v 50-80wU| exRveiY Mvp Kvj e‡Y©i hv RvZwU‡K Ab¨ RvZ n‡Z Avjv`v K‡i‡Q| RxebKvj 90-100 w`b| Lwid-1 †gŠmy‡g ga¨ †deªæqvwi n‡Z gvP©, Lwid-2 †gŠmy‡g ga¨ AvMó n‡Z ga¨ †m‡Þ¤^i ecb Kiv hvq| †n±i cÖwZ djb 1500-1800 †KwR|","BARI Krishi Projukti Hatboi, 10th edition (Dec 2024), Akhond et al. (eds.) 2025"
Soybean,BARI Soybean-5,,2002.0,90.0,100.0,1.6,2.0,40.0,,False,False,False,False,False,False,False,evwi mqvweb-5,ZvBIqvb †_‡K msM„nxZ Rvg©cøvRg ga¨ Ô†ibmgÕ bv‡gi jvBbwU cÖv_wgK I AvÂwjK djb cix¶vq m‡eŸ©vP djb †`q| G RvZwU 2002 mv‡j Ôevwi mqvweb-5Õ bv‡g RvZxq exR †evW© KZ„©K Aby‡gvw`Z nq| G RvZwU evsjv‡`‡k me †gŠmy‡gB Pvl Kiv hvq| Mv‡Qi D”PZv 40-60 †mwg| cÖwZ Mv‡Q d‡ji msL¨v 25-35wU| ïuwU‡Z ex‡Ri msL¨v 2-3wU| ex‡Ri AvKvi †mvnv‡Mi †P‡q mvgvb¨ †QvU Ges Ôevsjv‡`k mqvweb-4Õ Gi ex‡Ri †P‡q eo| ex‡Ri is µxg Ges 100 ex‡Ri IRb 9-14 Mªvg| RvZwUi RxebKvj 90-100 w`b| †n±icÖwZ djb 1.6-2.0 Ub|,"BARI Krishi Projukti Hatboi, 10th edition (Dec 2024), Akhond et al. (eds.) 2025"
Soybean,BARI Soybean-6,,2009.0,,,1.8,2.1,50.0,,False,False,False,False,False,False,False,evwi mqvweb-6,we‡`k n‡Z msM„nxZ mqvwe‡bi wewfbœ Rvg©cøvRg †_‡K evQvB c×wZ e¨envi K‡i G RvZwU D™¢vweZ n‡q‡Q| G RvZwU 2009 mv‡j Aegy³ Kiv nq| RvZwU evsjv‡`‡ki me©Î iwe I Lwid-2 †gŠmy‡g Pvlvev‡`i Dc‡hvMx| iwe †gŠmy‡g ga¨-wW‡m¤¦i †_‡K ga¨-Rvbyqvwi Ges Lwid-2 †gŠmy‡g RyjvB gv‡m ec‡bi Dchy³ mgq| RvZwU ecb mgq †_‡K cwic° n‡Z 100-110 w`b mgq jv‡M| Mv‡Qi D”PZv 50-55 †mwg| cÖwZ Mv‡Q ïuwUi msL¨v 50-55wU| ïuwUi ˆ`N©¨ 3.0-3.5 †mwg| AwaKvsk ïuwU‡Z 2-3wU exR _v‡K| ex‡Ri Z¡K µxg e‡Y©i| Ôevwi mqvweb-6Õ RvZwU‡Z 20-21% ˆZj Ges 42-44% †cÖvwUb _v‡K| RvZwU‡Z †gvRvBK fvBivm AvµgY Kg nq| RvZwUi †n±icÖwZ djb 1.80-2.10 Ub hv Ô†mvnvMÕ I Ôevwi mqvweb-5Õ Gi Zyjbvq 10-15% †ewk|,"BARI Krishi Projukti Hatboi, 10th edition (Dec 2024), Akhond et al. (eds.) 2025"
Soybean,BARI Soybean-7,,,115.0,120.0,,,,,False,False,False,False,False,False,False,evwi mqvweb-7,"RvZwU Lv‡Uv (18-23 †mwg), Lvov I Liv mwnòz| dz‡ji is mv`v, cvZvi is Mvp meyR| ïwUi msL¨v 15-20wU, ïwUi ˆ`N¨© 3.2-3.5, ïwU‡Z ex‡Ri msL¨v 2-3wU| ex‡Ri AvKvi eo, 100 ex‡Ri IRb 12-14 MÖvg| RvZwU R¨vwmW, w_ªcm Ges cvZvi nj‡` †gvRvBK fvBivm †ivM mnbkxj| Rxeb Kvj 115-120 w`b|","BARI Krishi Projukti Hatboi, 10th edition (Dec 2024), Akhond et al. (eds.) 2025"
Sunflower,BARI Sunflower-2,,2004.0,95.0,100.0,2.0,2.3,125.0,42.0,False,False,False,False,False,False,False,evwi m~h©gyLx-2,GmwU-2250 nvBweªW †_‡K ¯^-civMvqb I wbev©Pb cÖwµqvi gva¨‡g GmwU-2250 wm jvBbwU evQvB Kiv nq| G jvBbwU 2004 mv‡ji gvP© gv‡m Ôevwi m~h©gyLx-2Õ bv‡g evsjv‡`‡k Pvlvev‡`i Rb¨ Aby‡gvw`Z nq| G Rv‡Zi Mv‡Qi D”PZv 125-140 †mwg I e¨vm 2.0-2.4 †mwg| cwic° cy¯úhyMex ev gv_vi e¨vm 15-18 †mwg| ex‡Ri is Kv‡jv| cÖwZ gv_vq ex‡Ri msL¨v 350-450wU| ex‡R †Z‡ji cwigvY kZKiv 42-44 fvM| dm‡ji RxebKvj iwe †gŠmy‡g 95-100 w`b Ges Lwid †gŠmy‡g 85-90 w`b| †n±icÖwZ djb iwe †gŠmy‡g 2.0-2.30 Ub Ges Lwid †gŠmy‡g 1.5-1.8 Ub|,"BARI Krishi Projukti Hatboi, 10th edition (Dec 2024), Akhond et al. (eds.) 2025"
Sunflower,BARI Sunflower-3,,,90.0,105.0,,,75.0,38.0,False,False,False,False,False,False,False,evwi m~h©gyLx-3,"mbv³Kvix ˆewkó¨ : Mv‡Qi D”PZv 75-80 †mwg| 1,000 ex‡Ri IRb 65-87 MÖvg| cÖwZ gv_vq ex‡Ri msL¨v 410-829 wU| ex‡R †Z‡ji cwigvY kZKiv 38-40 fvM| RxebKvj: 90-105 w`b| Dc‡hvMx GjvKv : evsjv‡`‡ki me©Î| ec‡bi mgq : iwe †gŠmyg: AMÖvnqY gvm (ga¨ b‡f¤^i - ga¨ wW‡m¤^i ch©šÍ)| exR/Pvivi nvi : cÖwZ †n±‡i 12-15 †KwR exR cÖ‡qvRb| ecb/‡ivcY `~iZ¡ : m~h©gyLx mvwi‡Z ecb Ki‡Z nq| mvwi‡Z ecb Ki‡j mvwi †_‡K mvwii `~iZ¡ 50 †mwg Ges MvQ †_‡K Mv‡Qi `~iZ¡ 25 †mwg ivL‡Z nq| gvovB‡qi mgq : kZKiv 80-90 fvM exR cwic° n‡j dmj KvUvi Dchy³ mgq| djb (Ub/‡n±i) : 1.5-2.0 †ivM evjvB : G RvZwU‡Z cvZv Sjmv‡bv I X‡j cov ev g~j cuPv †iv‡Mi cÖv`yf©ve Lye GKUv †`Lv hvq bv|","BARI Krishi Projukti Hatboi, 10th edition (Dec 2024), Akhond et al. (eds.) 2025"
Sweet potato,BARI Sweet potato-2,Kgjv my›`ix,1985.0,135.0,140.0,40.0,45.0,,,False,False,False,False,False,False,False,evwi wgwóAvjy-2,"1980 mv‡j Gkxq mewR M‡elYv I Dbœqb †K›`ª, ZvBIqvb †_‡K jvBbwU G‡b Ab¨vb¨ Rvg©cøvR‡gi mv‡_ evsjv‡`‡ki wewfbœ AÂ‡j cixÿv wbixÿvi gva¨‡g Dc‡hvwMZv hvPvB K‡i 1985 mv‡j RvZwU Kgjv my›`ix bv‡g Aby‡gvw`Z nq| G Rv‡Zi KvÐ meyR, cvZv KwP Ae¯’vq †e¸bx, Kv‡Ði AMÖfvM †e¸bx I cvZv meyR| K›`g~j jvj, kuvm Kgjv e‡Y©i| K›`g~‡ji AvK„wZ Dc e„ËvKvi nq| K›`g~‡ji IRb 180-220 MÖvg| kuvm big| cÖwZ 100 MÖvg kuv‡m cÖvq 7,500 Av.BD. wfUvwgb ÔGÕ Av‡Q| G Rv‡Zi Kv‡Ði AMÖfvM †e¸bx I cvZvi D‡ëv w`‡Ki wkiv eY©nxb| RxebKvj 135-140 w`b| DbœZ c×wZ‡Z Pvl Ki‡j †n±icÖwZ 40-45 Ub djb n‡q _v‡K| evsjv‡`‡ki me AÂ‡j G Avjyi Pvl Kiv hvq|","BARI Krishi Projukti Hatboi, 10th edition (Dec 2024), Akhond et al. (eds.) 2025"
Sweet potato,BARI Sweet potato-4,,1994.0,120.0,130.0,40.0,45.0,,,False,False,False,False,False,False,True,evwi wgwóAvjy -4,"Kgjv my›`ix, Z…wß, †`ŠjZcyix I Gm wc-029 Gi mv‡_ Db¥y³ civMvq‡bi gva¨‡g D™¢vweZ †K¬vb †_‡K evQvB K‡i RvZwU Ôevwi wgwóAvjy-4Õ bv‡g 1994 mv‡j Aby‡gv`b jvf K‡i| K›`g~j I kuvm wN e‡Y©i| K›`g~‡ji IRb 175-195 MÖvg I AvK„wZ Dc e„ËvKvi| cÖwZ MÖvg kuv‡m cÖvq 1050 Av.BD. wfUvwgb ÔGÕ Av‡Q| RxebKvj 120-130 w`b| DbœZ c×w‡Z Pvl Ki‡j †n±icÖwZ djb nq 40-45 Ub| DBwf‡ji AvµgY Kg nq| evsjv‡`‡ki me AÂ‡jB we‡kl K‡i h‡kvi I Lyjbvq G RvZwU AvMvg Pvl Kiv hvq| evwi wgwóAvjy-4 GKwU D”P djbkxj, K¨v‡ivwUb mg„× I gvSvix ï®‹ kuvmhy³ RvZ| G Rv‡Zi KvÐ meyR, Kv‡Ði AMÖfvM †e¸bx, cvZv meyR, KwP cvZv †e¸bx|","BARI Krishi Projukti Hatboi, 10th edition (Dec 2024), Akhond et al. (eds.) 2025"
Sweet potato,BARI Sweet potato-5,,1994.0,120.0,130.0,35.0,44.0,,,False,False,False,False,False,False,True,evwi wgwóAvjy -5,"Kgjv my›`ix, Z…wß, †`ŠjZcyix I Gm wc-029 Gi mv‡_ Db¥y³ civMvq‡Yi gva¨‡g D™¢vweZ †K¬vb †_‡K evQvB K‡i RvZwU Ôevwi wgwóAvjy-5Õ bv‡g 1994 mv‡j Aby‡gv`b jvf K‡i| K›`g~j j¤^v‡U Dc e„ËvKvi, eY© wN‡q, kuvm njy`vf| K›`g~‡ji IRb 180-220 MÖvg| cÖwZ 100 MÖvg kuv‡m cÖvq 1000 Av.BD. wfUvwgb ÔGÕ Av‡Q| RxebKvj 120-130 w`b| DbœZ c×wZ‡Z Pvl Ki‡j †n±icÖwZ djb nq 35-44 Ub| DBwf‡ji AvµgY Kg nq| we‡kl K‡i h‡kvi I Lyjbvq G RvZwU AvMvg Pvl Kiv hvq| evwi wgwóAvjy-5 GKwU D”P djbkxj, K¨v‡ivwUb mg„× I ï®‹ kuvmhy³ RvZ| G Rv‡Zi KvÐ I Kv‡Ði AMÖfvM meyR I KvÐ †ivgk nq| cvZv meyR I mvgvb¨ LuvR KvUv| evsjv‡`‡ki me AÂ‡jB G Avjyi Pvl Kiv hvq|","BARI Krishi Projukti Hatboi, 10th edition (Dec 2024), Akhond et al. (eds.) 2025"
Sweet potato,BARI Sweet potato-8,,2008.0,120.0,135.0,40.0,45.0,,,False,False,False,False,False,False,False,evwi wgwóAvjy -8,"AvšÍR©vwZK Avjy M‡elYv †K‡›`ªi gva¨‡g 2002 mv‡j K‡qKwU wgwóAvjyi jvBb msMÖn Kiv nq| evsjv‡`‡ki wewfbœ AÂ‡j cixÿv-wbixÿv Kivi ci wmAvBwc-440025 jvBbwU LyeB cÖwZkÖæwZkxj cÖZxqgvb nIqvq 2008 mv‡j D³ jvBbwU Ôevwi wgwó Avjy-8Õ bv‡g RvZxq exR †evW© KZ…©K Aby‡gvw`Z nq| G Rv‡Zi jZv I cvZvi eY© meyR| K›`g~‡ji Pvgovi eY© jvj, kuv‡mi eY© njy`| K›`g~‡ji Mo IRb 160 MÖvg| ï®‹ e¯‘i cwigvY kZKiv 35.3 fvM| cÖwZ 100 MÖv‡g 650 Av.BD wfUvwgb ÔGÕ i‡q‡Q| RxebKvj 120-135 w`b| DbœZ c×wZ‡Z Pvl Ki‡j †n±icÖwZ 40-45 Ub djb cvIqv hvq| evsjv‡`‡ki me AÂ‡j G Rv‡Zi Pvl Kiv hvq| G RvZwU Liv mwnòz| G Rv‡Z DBwf‡ji AvµgY Kg nq|","BARI Krishi Projukti Hatboi, 10th edition (Dec 2024), Akhond et al. (eds.) 2025"
Sweet potato,BARI Sweet potato-11,,2013.0,120.0,130.0,35.0,40.0,,,False,False,False,False,False,False,False,evwi wgwóAvjy-11,"evwi wgwóAvjy-7 wmAvBwc￾440025 Ges wmAvBwc￾440075-2 Gi mv‡_ 2006 mv‡j Db¥y³ civMvq‡Yi gva¨‡g D™¢vweZ †K¬vb Gmwc-613 †K evQvB K‡i Ges evsjv‡`‡ki wewfbœ AÂ‡j cixÿv-wbixÿv Kivi ci G RvZwU Ôevwi wgwóAvjy-11Õ bv‡g 2013 mv‡j RvZxq exR †evW© KZ…©K Aby‡gvw`Z nq| jZvi KvÐ †e¸bx I cvZv meyR| K›`g~‡ji Pvgov jvj I kuvm nvjKv njy`, K›`g~‡ji Mo IRb 180-200 MÖvg, ï®‹ e¯‘i cwigvY 35.44%, wfUvwgb-G 500 Av.G/100 MÖvg| RxebKvj 120-130 w`b| mvavib Ae¯’vq Gi djb †n±icÖwZ cÖvq 35-40 Ub| evsjv‡`‡ki me AÂ‡j G Rv‡Zi Pvl Kiv hvq| RvZwU‡Z DBwf‡ji AvµgY Kg nq|","BARI Krishi Projukti Hatboi, 10th edition (Dec 2024), Akhond et al. (eds.) 2025"
Sweet potato,BARI Sweet potato-12,,2013.0,,,35.0,40.0,,,False,False,False,False,False,False,False,evwi wgwóAvjy-12,"AvšÍR©vwZK Avjy M‡elYv †K‡›`ªi gva¨‡g 2006 mv‡j K‡qKwU wgwóAvjyi jvBb msMÖn Kiv nq| evsjv‡`‡ki wewfbœ AÂ‡j cixÿv-wbixÿv Kivi ci wmAvBwc-440001 jvBbwU cÖwZkÖæwZkxj cÖZxqgvb nIqvq D³ jvBbwU Ôevwi wgwóAvjy-12Õ bv‡g 2013 mv‡j RvZxq exR †evW© KZ…©K Aby‡gvw`Z nq| jZvi KvÐ I cvZv meyR| K›`g~‡ji Pvgov njy` I kuvm Kgjv i‡Oi, K›`g~‡ji Mo IRb 160-180 MÖvg, ï®‹ e¯‘i cwigvY 29.46%, wfUvwgb-G 5800 Av.G/100 MÖvg| mvavib Ae¯’vq Gi djb †n±icÖwZ cÖvq 35-40 Ub| evsjv‡`‡ki me AÂ‡j G Rv‡Zi Pvl Kiv hvq| RvZwU‡Z DBwf‡ji AvµgY Kg nq|","BARI Krishi Projukti Hatboi, 10th edition (Dec 2024), Akhond et al. (eds.) 2025"
Sweet potato,BARI Sweet potato-13,,2013.0,,,35.0,40.0,,,False,False,False,False,False,False,False,evwi wgwóAvjy-13,"AvšÍR©vwZK Avjy M‡elYv †K‡›`ªi gva¨‡g 2006 mv‡j K‡qKwU wgwóAvjyi jvBb msMÖn Kiv nq| evsjv‡`‡ki wewfbœ AÂ‡j cixÿv-wbixÿv Kivi ci wmAvBwc-440014 jvBbwU cÖwZkÖæwZkxj cÖZxqgvb nIqvq D³ jvBbwU Ôevwi wgwóAvjy-13Õ bv‡g 2013 mv‡j RvZxq exR †evW© KZ…©K Aby‡gvw`Z nq| jZvi KvÐ I cvZv meyR Ges LuvRKvUv, K›`g~‡ji Pvgov Mvp njy` I kuvm Kgjv i‡Oi, K›`g~‡ji Mo IRb 160-180 MÖvg, ï®‹ e¯‘i cwigvY 28.93%, wfUvwgb-G 13,200 Av.G/100 MÖvg| mvavib Ae¯’vq Gi djb †n±icÖwZ cÖvq 35-40 Ub| evsjv‡`‡ki me AÂ‡j G Rv‡Zi Pvl Kiv hvq| RvZwU‡Z DBwf‡ji AvµgY Kg nq|","BARI Krishi Projukti Hatboi, 10th edition (Dec 2024), Akhond et al. (eds.) 2025"
Sweet potato,BARI Sweet potato-14,,,,,,,,,False,False,False,False,False,False,False,evwi wgwóAvjy-14,"K›`vj dmj M‡elYv †K‡›`ª AvšÍR©vwZK Avjy M‡elYv †K›`ª n‡Z wKQz DbœZ jvBb cvIqv hvq hv K›`vj dmj M‡elYv †K›`ª n‡Z g~j¨vwqZ n‡q‡Q| Gi g‡a¨ Ôevwi wgwóAvjy-14Õ (CIP-441132) RvZwU LyeB cÖwZkÖæwZkxj wn‡m‡e cÖgvwYZ n‡q‡Q| wb¤œ ewY©Z RvZwUi Dw™¢`ZvwË¡K weeiY I Pvlvev` c×wZ ms‡ÿ‡c †`qv n‡jv| KvÐ ga¨g cyiæ Ges meyR e‡Y©i| cvZv LuvR KvUv, ga¨ wkiv ch©šÍ †cuŠQvq| KwP I eq®‹ cvZvi eY© meyR wKš‘ wKbviv †e¸bx| cvZvi Dëv w`‡Ki wkiv †e¸bx e‡Y©i | Kv‡Ði AMÖfvM wKQzUv †ivgk| K›`g~j jg¦v‡U I AwbqwgZ| K›`g~‡ji eY© nvjKv †Mvjvcx I kvum Kgjv e‡Y©i, kuv‡mi ï¯‹ c`v‡_©i cwigvY 24.12±1 %| AvšÍR©vwZK Avjy M‡elYv †K›`ª KZ„©K cÖ`Ë Kvjvi PvU© Abyhvqx cÖwZ 100 MÖvg kvu‡m weUv K¨v‡ivwU‡bi cwigvb 4.92 wgwjMÖvg (cÖvq)|","BARI Krishi Projukti Hatboi, 10th edition (Dec 2024), Akhond et al. (eds.) 2025"
Sweet potato,BARI Sweet potato-15,,,,,,,,,False,False,False,False,False,False,False,evwi wgwóAvjy-15,"Ôevwi wgwóAvjy-15Õ (CIP-440267.2) RvZwU LyeB cÖwZkÖæwZkxj wn‡m‡e cÖgvwYZ n‡q‡Q| wb¤œ ewY©Z RvZwUi Dw™¢`ZvwË¡K weeiY I Pvlvev` c×wZ ms‡ÿ‡c †`qv n‡jv| KvÐ ga¨g cyiæ Ges meyR e‡Y©i| cvZv LuvR KvUv bq| KwP I eq®‹ cvZvi eY© meyR | cvZvi Dëv w`‡Ki wkiv †e¸bx e‡Y©i | Kv‡Ði AMÖfvM wKQzUv †ivgk| K›`g~j jg¦v‡U I AwbqwgZ| K›`g~‡ji eY© nvjKv †Mvjvcx I kvum Kgjv e‡Y©i, kuv‡mi ï®‹ c`v‡_©i cwigvY 22.39±1%| AvšÍR©vwZK Avjy M‡elYv †K›`ª KZ„©K cª`Ë Kvjvi PvU© Abyhvqx cªwZ 100 MÖvg kvu‡m weUv K¨v‡ivwU‡bi cwigvY 4.41 wgwjMÖvg (cÖvq) |","BARI Krishi Projukti Hatboi, 10th edition (Dec 2024), Akhond et al. (eds.) 2025"
Sweet potato,BARI Sweet potato-16,,,,,,,,,False,False,False,False,False,False,False,evwi wgwóAvjy-16,K›`vj dmj K…wl cÖhyw³ nvZeB | 41,"BARI Krishi Projukti Hatboi, 10th edition (Dec 2024), Akhond et al. (eds.) 2025"
Sweet potato,BARI Sweet potato-17,,2021.0,120.0,130.0,22.0,25.0,,,False,False,False,False,False,False,False,evwi wgwóAvjy-17,"B‡›`v‡bwkqv †_‡K msM„nxZ Antho SP-01 RvZwU msMÖn K‡i evsjv‡`‡ki AvenvIqvq Pvlvev` Dc‡hvwMZv hvPvB evQvB cÖwµqvi gva¨‡g D™¢vweZ Ôevwi wgwóAvjy-17Õ RvZ wn‡m‡e 2021 mv‡j evsjv‡`‡k Pvlvev‡`i Rb¨ Aby‡gvw`Z nq| KvÐ ga¨g cyiæ Ges mezR e‡Y©i| cvZv LvuRKvUv (Lobed)| KwP I eq®‹ cvZvi eY© meyR|K›`g~‡ji AvK…wZ j¤^v‡U I AwbqwgZ| K‡›`i Pvgovi is †e¸bx Ges kvu‡mi is Mvp †e¸bx, kvu‡mi ï¯‹ c`v‡_©i cwigvY 30±1%|cÖwZ 100 MÖvg kvu‡m G‡š’vmvqvwb‡bi cwigvY 35.30 wgwjMÖvg (cÖvq)| Rxeb Kvj 120-130 w`b| †n±i cÖwZ djb cÖvq 22-25 Ub|","BARI Krishi Projukti Hatboi, 10th edition (Dec 2024), Akhond et al. (eds.) 2025"
Sweet potato,BARI Sweet potato-18,,2024.0,120.0,130.0,43.0,45.0,,,False,False,False,False,False,False,False,evwi wgwóAvjy-18,"†gvRvw¤^K †_‡K msM„nxZ Moz 1.15 jvBbwU msMÖn K‡i evsjv‡`‡ki AvenvIqvq Pvlvev` Dc‡hvwMZv hvPvB evQvB cÖwµqvi gva¨‡g D™¢vweZ Ôevwi wgwóAvjy-18Õ RvZ wn‡m‡e 2024 mv‡j evsjv‡`‡k Pvlvev‡`i Rb¨ Aby‡gvw`Z nq| cvZvi Dëv w`‡Ki wkiv mv`v‡U e‡Y©i wKš‘ Dc‡ii c„‡ói wkivi Dr‡m †ek wKQz Ask ch©šÍ †e¸bx i‡Oi| K›`g~j j¤^v‡U I AwbqwgZ| K›`g‚‡ji Pvgov jvj I kvum Kgjv e‡Y©i, kvu‡mi ï®‹ c`v‡_©i cwigvY 23.45±1%| cÖwZ 100 MÖvg kvu‡m weUvK¨v‡ivwU‡bi cwigvY 8.87 wgwjMÖvg cÖvq| RxebKvj 120-130 w`b| †n±i cÖwZ Mo djb cÖvq 43-45 Ub|","BARI Krishi Projukti Hatboi, 10th edition (Dec 2024), Akhond et al. (eds.) 2025"
