crop_group,crop_en,crop_bn,page,field,label_bn,text_bn
tuber,potato,আলু,25,other,আলুর উৎপাদন প্রযুক্তি,"বীজ আলু, খাবার আলু, আগাম আলু, প্রক্রিয়াজাতকরণের জন্য আলু ও রপ্তানির যোগ্য আলু উৎপাদনের জন্য কিছুটা ভিন্ন ভিন্ন পদ্ধতির উৎপাদন কৌশল ব্যবহার করা দরকার। নিম্নে আলু উৎপাদনের পদ্ধতি ধারাবাহিক ভাবে বর্ণিত হলো।"
tuber,potato,আলু,25,land_preparation,জমি নির্বাচন,আলু ফসল যে কোন মাটিতে হতে পারে। তবে বেলে দো-আঁশ থেকে দো-আঁশ মাটি আলু চাষের জন্য উত্তম। উঁচু থেকে মাঝারী উঁচু জমি যেখানে সেচ ও নিষ্কাশনের সুব্যবস্থা আছে সে সকল জমি নির্বাচন করতে হবে। জমিটি অবশ্যই রৌদ্র উজ্জ্বল হতে হবে। জমিটিতে অবশ্যই একবার ধান চাষ করতে হবে। আগাম ধান আবাদ করা জমি যেখানে ধান কাটার পরই আলুর আবাদ করা সম্ভব সে সকল জমি নির্বাচন করা সবচেয়ে ভাল।
tuber,potato,আলু,25,other,জাত নির্বাচন,"কন্দাল ফসল গবেষণা কেন্দ্র, বিএআরআই এ পর্যন্ত আলুর মোট 104টি জাত (যার মধ্যে বারি আলু হিসেবে 93টি) অবমুক্ত করছে। মুক্তায়িত জাতগুলোর মধ্যে রয়েছে খাবার আলু, প্রক্রিয়াজাতকরণের উপযোগী আলু, রপ্তানিযোগ্য আলু, রোগপ্রতিরোধী, আগাম আলু ও সাধারণ তাপমাত্রায় সংরক্ষণ করা যায় এমন আলুর জাত। এদের মধ্য থেকে প্রয়োজন/চাহিদা মোতাবেক জাত নির্বাচন করতে হবে।"
tuber,potato,আলু,25,land_preparation,জমি তৈরি,মাটিতে “জোঁ” আসার পর গরুর লাঙ্গল বা যন্ত্র চালিত কর্ষণ যস্ত্র পাওয়ার টিলার/ট্রাক্টর দ্বারা গভীরভাবে আড়াআড়ি চাষ ও মই দিয়ে মাটি ঝুরঝুরে করে প্রস্তুত করতে হবে। আড়াআড়িভাবে কমপক্ষে 4টি চাষ দিতে হবে। লক্ষ্য রাখতে হবে যেন জমিতে বড় মাটির ঢেলা না থাকে এবং মাটি ঝুরঝুরে অবস্থায় আসে। কারণ বড় মাটির ঢেলা আলুর সঠিক বৃদ্ধিতে বাধাগ্রস্থ করে এবং অনেক সময় অসম ও বিকৃত আকার তৈরি করে। জমি তৈরির সময় খেয়াল রাখতে হবে যাতে জমিতে সুষম সেচ প্রদান করা যায়। সেজন্য জমির উপরিভাগ সমতল করতে হবে।
tuber,potato,আলু,25,harvest,আলু বীজ সংগ্রহ ও পরিচর্যা,কোল্ড স্টোরেজ থেকে বীজ আলু বের করার পর 48 ঘণ্টা প্রি হিটিং রুমে রাখতে হবে। বীজ আলু বাড়ীতে আনার 24 ঘণ্টার মধ্যে বস্তা খুলে ছড়িয়ে আবহাওয়ার সাথে খাপ খাওয়ানোর জন্য স্বাভাবিকভাবে বাতাস চলাচল করে এমন ছায়াযুক্ত স্থানে রাখতে হবে। কারণ বীজ কোল্ড স্টোরেজ থেকে বের করে বস্তা বন্ধ অবস্থায় রাখলে ঘেমে পচে যাওয়ার সম্ভাবনা থাকে।
tuber,potato,আলু,25,other,বীজ শোধন,কোল্ড স্টোরেজে রাখার আগে বীজ শোধন না হয়ে থাকলে অঙ্কুর গজানোর পূর্বে বীজ আলু দাঁদ বা স্ক্যাব এবং ব্ল্যাক স্কার্ফ রোগ প্রতিরোধের জন্য 3% বরিক এসিড দিয়ে শোধন করে নিতে হয় (1 লিটার পানি + 30 গ্রাম হারে বরিক এসিড মিশিয়ে বীজ আলু 10-15 মিনিট চুবিয়ে পরে ছায়ায় শুকাতে হবে)। পলিথিন সিটের উপর আলু ছড়িয়ে স্প্রে করেও কাজটি করা যায়। তবে খেয়াল রাখতে হবে যেন আলুর সকল অংশ ভিজে যায়।
tuber,potato,আলু,25,seed_rate,বীজের পরিমাণ,সাধারণত হেক্টরপ্রতি 1.5-2.0 টন বীজ আলু প্রয়োজন ।
tuber,potato,আলু,25,other,বীজ তৈরি,"অঙ্কুর গজানোর পর 1ম কুঁড়িটি ভেঙ্গে নিতে হবে। কারণ 1ম কুঁড়ি ভেঙ্গে দেয়ার পর অন্যান্য কুঁড়ি সমান ভাবে বৃদ্ধির সুযোগ পায়। আলু ফসলের জন্য 30-40 গ্রাম ওজনের আস্ত আলু বীজ হিসেবে ব্যবহার করা উত্তম। কেটেও বীজ লাগানো যেতে পারে। লক্ষ্য রাখতে হবে যেন প্রতিটি কর্তিত অংশে কমপক্ষে 2টি চোখ থাকে। বীজ লাগানোর 2-3 দিন পূর্বে আলু কেটে ছায়াযুক্ত স্থানে আর্দ্র আবহাওয়ায় রেখে দিলে কাটা অংশের উপর একটা প্রলেপ পড়ে ফলে মাটি বাহিত রোগ জীবাণু সহজে বীজে প্রবেশ করতে পারবে না। অন্যভাবে পরিষ্কার ছাই মেখেও কাজটি করা যেতে পারে। সেক্ষেত্রে এক কেজি পরিষ্কার ছাই এর সাথে 100-200 গ্রাম ফার্নাজসাইড (ছত্রাকনাশক) ডাইমেন এম-45 মিশিয়ে দিতে হবে। এতে আলু পচন অনেকাংশে রোধ করা সম্ভব। আলু কাটার সময় প্রতিটি আলু কাটার পর সাবান পানি দ্বারা ছুরি বা বটি পরিষ্কার করা উচিত যাতে রোগ জীবাণু এক বীজ থেকে অন্য বীজে না ছড়ায়। বীজ আলু আড়াআড়ি ভাবে না কেটে লম্বালম্বিভাবে কাটতে হবে, খেয়াল রাখতে হবে যাতে প্রতিটি অংশে কমপক্ষে দুটি চোখ বা কুঁড়ি থাকে।"
tuber,potato,আলু,25,sowing_time,রোপণ সময়,বাংলাদেশে বর্তমানে 15 কার্তিক থেকে 15 অগ্রহায়ণ (নভেম্বর মাস) আলু লাগানোর উপযুক্ত সময়। তবে এর আগে এবং পরেও আলু লাগানো সম্ভব। সেক্ষেত্রে কা•িক্ষত ফলন ও মান অনেক ক্ষেত্রে নাও হতে পারে।
tuber,potato,আলু,25,sowing_method,রোপণ পদ্ধতি,গবেষণা ফলাফলের ভিত্তিতে প্রচলিত বর্তমান পদ্ধতিতে সারি থেকে সারি দূরত্ব 60 সেমি। বীজ থেকে বীজের দূরত্ব আস্ত আলু বীজের জন্য 25 সে.মি. এবং কাটা আলুর জন্য 10-15 সে.মি.।
tuber,potato,আলু,25,fertilizer,সারের পরিমাণ,"দেশের বিভিন্ন স্থানের মাটির ঊর্বরতা বিভিন্ন রকমের এজন্য সারের চাহিদা সকল জমির জন্য সমান নয়। বাংলাদেশ কৃষি গবষেণা কাউন্সিল, ফার্মগেট, ঢাকা কর্তৃক প্রকাশিত “সার সুপারিশ গাইড” অনুযায়ী বিভিন্ন অঞ্চলের জন্য প্রয়োজনীয় সার ব্যবহার করতে হবে। কারণ জমিতে খাদ্য উপাদানের অভাব হলে আলু গাছে ভাইরাস রোগের লক্ষণ শনাক্ত করতে অসুবিধা হয়। এছাড়া কা•িক্ষত ফলনও পাওয়া যাবে না। কন্দাল ফসল গবেষণা কেন্দ্র, বিএআরআই নিম্নলিখিত সারের সুপারিশ করেছে। স্থান ভেদে তা বিএআরসি এর সার সুপারিশ গাইডের সাথে মিল রেখে কম/বেশি করে ব্যবহার করতে হবে।"
tuber,potato,আলু,25,fertilizer,সারের নাম সারের পরিমাণ,
tuber,potato,আলু,25,other,কেজি/হেক্টরে কেজি/বিঘা কেজি/শতক,"ইউরিয়া 325-350 কেজি 44.78-48.23 1.32-1.42 টিএসপি 200-220 কেজি 27.56-30.32 0.81-0.89 এমপি 250-300 কেজি 34.43-41.32 1.02-1.22 জিপসাম 100-120 কেজি 13.78-16.54 0.40-0.49 জিংক সালফেট 8-10 কেজি 1.10-1.38 0.032-0.040 বোরিক এসিড (প্রয়োজনবোধে) 6-9 কেজি 0.83-1.24 0.024-0.037 গোবর 10 টন 1,378.00 41.00"
tuber,potato,আলু,25,fertilizer_method,সার প্রয়োগ পদ্ধতি,"গোবর ও জিংক সালফেট শেষ চাষের সময় জমিতে মিশিয়ে দিতে হবে। অর্ধেক ইউরিয়া, সম্পূর্ণ টিএসপি, এমপি, জিপসাম ও বোরন সার রোপণের সময় সারির দুই পার্শ্বে বা জমিতে মিশিয়ে দিতে হবে। বাকি ইউরিয়া রোপণের 30-35 দিন পর অর্থাৎ দ্বিতীয়বার মাটি তোলার সময় উপরি প্রয়োগ করতে হবে। তবে ভালো পদ্ধতিতে বীজ রোপণ লাইনের উভয় পার্শে 10-12 সেমি দূরে লাইন টেনে সার দেওয়া ভালো। এতে সারের সঠিক প্রয়োগ হয়। সার প্রয়োগের পর সাথে সাথে সার ও বীজ মাটি দিয়ে ভেলি তুলে ঢেকে দিতে হবে।"
tuber,potato,আলু,25,fertilizer,সার প্রয়োগের নালা এবং বীজ আলু রোপণের সারির নক্সা নিম্নে দেখানো হল,
tuber,potato,আলু,25,irrigation,সেচ প্রয়োগ,"বীজ রোপণের পর জমিতে পরিমিত রস না থাকলে সেচ দেওয়া উত্তম, তবে খেয়াল রাখতে হবে ক্ষেতে কোনভাবেই পানি না দাঁড়ায়। লক্ষ্য রাখতে হবে যেন পানিতে ভেলির 2/3 অংশ পর্যন্ত ডুবে যায়। এছাড়াও 2-3টি সেচ প্রয়োগ করা প্রয়োজন হতে পারে (20-25 দিনের মধ্যে স্টোলন বের হওয়ার সময়। 40-45 দিনের মধ্যে গুটি বের হওয়া পর্যন্ত এবং পরে আলু বৃদ্ধির সময়)। জমি থেকে আলু উঠানোর 7-10 দিন পূর্বে মাটি ভেদে সেচ প্রয়োগ বন্ধ রাখতে হবে। উল্লেখ্য যে, দাঁদ রোগ নিয়ন্ত্রণের জন্য আলু রোপণের পর 30-50 দিনের সময়ে জমিতে কোন অবস্থায় রসের ঘাটতি এবং 60-65 দিনের পর রসের আধিক্য হতে দেয়া যাবে না।"
tuber,potato,আলু,25,intercultural,অন্তর্বর্তীকালীন পরিচর্যা,"আলুর জমি সর্বদা আগাছামুক্ত রাখা উচিত। আলু লাগানোর 30-35 দিনের মধ্যে আগাছা পরিষ্কার করে দুই সারির মধ্যবর্তী স্থান কুপিয়ে উপরি সার প্রয়োগ করতে হবে। সার মিশ্রিত মাটি গাছের গোড়ায় তুলে দিতে হবে। তবে খেয়াল রাখতে হবে, কোপানোর সময় যাতে আলু শিকড় বা স্টোলন না কাটে এবং মাটি দেওয়ার সময় গাছের পাতা মাটি চাপা না পড়ে। 55-60 দিন পর প্রয়োজন হলে পূণরায় আগাছা পরিষ্কার করে মাটি তুলে দিতে হবে। এছাড়াও পরবর্তীতে কোন কারণে আলু মাটির উপরে উন্মুক্ত হলে তা দেখার সাথে সাথে মাটি তুলে ঢেকে দিতে হবে।"
tuber,potato,আলু,25,fertilizer,সার নালা,
tuber,potato,আলু,25,fertilizer,সার নালা,
tuber,potato,আলু,25,fertilizer,সার নালা,
tuber,potato,আলু,25,fertilizer,সার নালা,
tuber,potato,আলু,25,other,40 সে.মি.,প্রয়োজনমতো রোগবালাই ও পোকামাকড় দমন করতে হবে। রোগাক্রান্ত গাছ তুলে ফেলে জমি থেকে দূরে মাটির নিচে পুঁতে ফেলতে হবে। এতে ক্ষেতে আলুর মড়ক রোগসহ বিভিন্ন রোগ নিয়ন্ত্রণে রাখা যায়।
tuber,potato,আলু,25,pest_disease,রোগিং,"মানসম্পন্ন বীজ আলু উৎপাদনে রোগিং একটি অত্যন্ত গুরুত্বপূর্ণ বিষয়। সঠিকভাবে রোগিং করা না হলে বীজ আলুর গুণাগুণ কমে যায়। এ জন্য গাছের বয়স 30-35 দিন থেকে শুরু করে ফসল সংগ্রহ পর্যন্ত নিয়মিত আলুর জমিতে বিভিন্ন জাতের মিশ্রিত গাছ, অস্বাভাবিক এবং রোগাক্রান্ত গাছ তুলে ফেলতে হবে ভাইরাস রোগের ক্ষেত্রে অত্যন্ত সতর্কতার সাথে আলু গাছ মাটির নিচে আলুসহ উঠিয়ে অন্যত্র মাটির নিচে পুঁতে ফেলতে হবে। সকালে এবং বিকালে রোগিং এর জন্য উপযুক্ত সময়। সূর্যের বিপরীত দিকে মুখ করে রোগিং করতে হবে যেন পাতায় সকল লক্ষণ স্পষ্ট বুঝা যায়। লক্ষ্য রাখতে হবে যেন রোগাক্রান্ত গাছ কোনক্রমেই কোন সুস্থ গাছের সঙ্গে না লাগে এবং শ্রমিকের হাতের স্পর্শ দ্বারাও যেন সুস্থ গাছ রোগ সংক্রমণ না হয়। বীজ ফসলের ক্ষেতে বীজ আলু মাটি ভেদ করে উঠে আসার পর থেকে হাম পুলিং পর্যন্ত 4/5 দিন অন্তর অন্তর ফসলের মাঠে যেয়ে রোগিং করতে হবে। রোগমুক্ত মানসম্পন্ন আলু উৎপাদন করায় রপ্তানিযোগ্য আলু উৎপাদনের ক্ষেত্রেও এ পদ্ধতি অনুসরণ করা দরকার।"
tuber,potato,আলু,25,other,হমপুলিং (,Haulm pulling
tuber,potato,আলু,25,other,) বা গাছ উপড়ে ফেলা,হমপুলিং হলো গাছ টেনে উপড়ে ফেলা। হমপুলিং এর 7-10 দিন পূর্ব হতে সেচ বন্ধ করতে হবে। তবে বেলে মাটি হলে 5-7 দিন পূর্বে সেচ বন্ধ করা ভালো। বেশিদিন পূর্বে সেচ বন্ধ করলে বেলে মাটির আলুতে হিট ইনজুরি হওয়ার সম্ভাবনা রয়েছে। হমপুলিং করার সময় মাটিতে পর্যাপ্ত রস থাকলে গাছ ক্ষেত থেকে সরিয়ে ফেলতে হবে। যদি পর্যাপ্ত রস না থাকে তবে গাছ দ্বারা পিলি ঢেকে দিতে হবে। যাতে হিট ইনজুরি হওয়ার সম্ভাবনা কমে যাবে। ফসল কর্তন (Crop Cutting) করে আলুর আকার ও ফলন দেখে হামপুলিং এর তারিখ নির্ধারণ করতে হবে।
tuber,potato,আলু,25,soil_climate,মাঠে মাটির নিচে কিউরিং,হামপুলিং এর পর মাটি ও আলুর অবস্থার উপর নির্ভর করে 7-10 দিন পর্যন্ত মাটি নিচে রেখে আলুর ত্বক শক্ত করতে হবে। আলুর ত্বক শক্ত হয়েছে কিনা তা দেখার জন্য আলু তুলে বৃদ্ধাঙ্গুলি দ্বারা আলুর ত্বকে চাপ দিতে হবে। চামড়া না উঠলে বুঝা যাবে কিউরিং হয়েছে। অথবা চটের বস্তায় 2/3 কেজি নমুনা আলু উঠিয়ে ঝাকুনি দিতে হবে। যদি ছাল না উঠে তবে বুঝা যাবে কিউরিং হয়েছে। বীজআলু মাটির নিচে থাকা অবস্থায় প্রয়োজনে লাইনে মাটি দিয়ে আলু ঢেকে দিতে হবে যেন সূর্যালোকে আলুতে সবুজায়ন ও হিট ইনজুরি না হতে পারে।
tuber,potato,আলু,25,harvest,আলু উঠানো/সংগ্রহ,"শুষ্ক, উজ্জ্বল ও ভালো আবহাওয়াতে আলু উত্তোলন করতে হবে। এক সারির পর এক সারি কোদাল বা লাঙ্গল দিয়ে আলু উঠাতে হবে। লক্ষ্য রাখতে হবে যেন আলু আঘাতপ্রাপ্ত না হয়। আলু উঠানোর পর প্রখর রৌদ্রে রাখা যাবে না। মাঠে প্রাথমিক বাছাইয়ের মাধ্যমে কাটা, ফাটা, আংশিক পচা আলু বাতিল হিসাবে পৃথক করতে হবে যেন ভাল আলুর গাদার সাথে মিশ্রিত হতে না পারে। মাঠে বস্তায় অথবা চট দ্বারা আবৃত ঝুড়িতে ভরে সতর্কতার সাথে অস্থায়ী শেডে পরিবহন করে আনতে হবে। লক্ষ্য রাখতে হবে যেন আলুর বস্তা বা ঝুড়ি আছড়িয়ে ফেলে আলু ফাটিয়ে বা আলুর ছাল উঠিয়ে থেতলিয়ে ফেলা না হয়।"
tuber,potato,আলু,25,other,অস্থায়ী শেড নির্মাণ ও অস্থায়ী শেডে কিউরিং,আলু উৎপাদন মাঠ বা ব্লকের কাছাকাছি ছায়াযুক্ত ঠাণ্ডা ও সহজে বাতাস চলাচল করে এমন উপযোগী করে অস্থায়ী শেড তৈরি করতে হবে। মাঠ থেকে কেবল মাত্র প্রাথমিক বাছাইকৃত আলু শেডের মেঝেতে বিছিয়ে রাখতে হবে যেন আলুর স্তুপ 45 সে.মি. এর বেশি উঁচু না হয়। এ অবস্থায় কমপক্ষে 3-5 দিন কিউরিং করতে হবে।
tuber,potato,আলু,25,other,সর্টিং-গ্রেডিং,"আলু সংরক্ষণ করার জন্য অবশ্যই ভালোভাবে বাছাই করা দরকার। বাছাই ভাল হলে সংরক্ষণ/ রপ্তানিযোগ্য আলুর মান ভাল হবে। রোগাক্রান্ত, আঘাতপ্রাপ্ত, আংশিক কাটা, ফাটা, অসম আকৃতির ও অতীব সবুজায়নকৃত আলু সঠিকভাবে বাছাই করে পরে বস্তাবন্দী করতে হবে। বাছাইকৃত আলুতে দু-একটি রোগাক্রান্ত বা খারাপ আলু থাকলে অবশিষ্ট আলুর মান ক্ষতিগ্রস্থ হবে এবং আলু রপ্তানির সময় জাহাজেই পচে নষ্ট হবে।"
tuber,potato,আলু,25,other,আলু সংরক্ষণ,সর্টিং-গ্রেডিং করার পর আলু নির্দিষ্ট সাইজের বস্তায় (80/50 কেজি) করে কোল্ড স্টোরেজে সংরক্ষণ করতে হবে। বীজ আলু অবশ্যই কোল্ড স্টোরেজে সংরক্ষণ করতে হবে। তবে কিছু পরিমাণ খাবার আলু কন্দাল ফসল গবেষণা কেন্দ্র কর্তৃক উদ্ভাবিত পদ্ধতিতে জাত ভেদে 3-5 মাস সংরক্ষণ করা যেতে পারে।
tuber,potato,আলু,25,pest_disease,আলুর ক্ষতিকর প্রধান রোগ এবং সমন্বিত দমন ব্যবস্থাপনা,"আলু বীজ জমিতে বপন থেকে সংগ্রহ ও সংরক্ষণ পর্যন্ত বিভিন্ন ধাপে বিভিন্ন প্রকারের ক্ষতিকর রোগ দ্বারা আলু গাছ ও বীজ আলু আক্রান্ত হয়। আলুর ক্ষতিকর প্রধান রোগের মধ্যে নাবি ধ্বসা, ঢলে পড়া, দাঁদ, স্কাব বা ষ্টেম ক্যাঙ্কার, ব্লাক লেগ এবং বিভিন্ন প্রকার ভাইরাস রোগ হলো অন্যতম। এ সমস্ত রোগ দমনে সময়োপযোগী ব্যবস্থা গ্রহণ না করলে কৃষক পর্যায়ে আলুর লাভজনক উৎপাদন ব্যহত হয়। এসব রোগের লক্ষণ এবং সমন্বিত দমন ব্যবস্থাপনা সংক্ষেপে বর্ণনা করা হলো।"
tuber,potato,আলু,25,other,আলুর মড়ক বা নাবি ধ্বসা,(Late blight)
tuber,potato,আলু,25,pest_disease,রোগ,
tuber,potato,আলু,25,pest_disease,লক্ষণ,"আলুর মড়ক রোগ বাংলাদেশের আলু উৎপাদনের প্রধান অন্তরায়। ফাইটোপথোরা ইনফেসট্যান্স (Phytophthora infestans) নামক ছত্রাকের আক্রমণে এ রোগ হয়ে থাকে। এ রোগের আক্রমণে প্রথমে পাতায় ছোপ ছোপ ভেজা হালকা সবুজ গোলাকার বা এলোমেলো দাগ দেখা দেয়, যা দ্রুত কালো হয়ে পচে যায়। গাছের কাণ্ড এবং টিউবারেও এ রোগের আক্রমণ দেখা যায়। সকাল বেলা মাঠে গেলে পাতার নিচে সাদা সাদা পাউডারের মত ছত্রাক দেখা যায়। তীব্র আক্রমণে সম্পূর্ণ জমির ফসল নষ্ট হয়ে যায়। নিম্ন তাপমাত্রা এবং কুয়াশাযুক্ত আবহাওয়ায় আক্রান্ত গাছ, দ্রুত লতাপাতা ও কাণ্ডসহ পচে যায় এবং 2-3 দিনের মধ্যেই মাঠের সমস্ত গাছই মরে যেতে পারে। আক্রান্ত টিউবারের গায়ে ও ভিতরের অংশে গাঢ় বাদামী থেকে কালচে দাগ পড়ে।"
tuber,potato,আলু,25,pest_disease,অনুক‚ল আবহাওয়া ও রোগের,
tuber,potato,আলু,25,other,উৎস,"ঠাণ্ডা ও ভেজা আবহাওয়া এ রোগ বিস্তারের জন্য অনুক‚ল। যদি রাতে নিম্ন তাপমাত্রা ও উচ্চ জলীয় বাষ্প এবং তার সাথে গুঁড়ি গুঁড়ি বৃষ্টি, কুয়াশা এবং পাতায় শিশির জমে থাকে তাহলে এ রোগ কয়েক দিনের মধ্যে মহামারী রূপ ধারণ করে। ডিসেম্বরের মাঝামাঝী থেকে ফেব্রুয়ারি মাসের যে কোন সময় এ রোগ আলু গাছে দেখা দিতে পারে। এ রোগের প্রধান উৎস হল আক্রান্ত বীজ। সাধারণত এক হেক্টর জমিতে একটি রোগাক্রান্ত বীজ আলু থাকলেই সেটা অনুকূল পরিবেশে ঐ পরিমাণ জমির ফসল নষ্ট করে ফেলতে পারে। বাতাস, বৃষ্টিপাত, সেচের পানি ইত্যাদির সাহায্যে এ রোগের জীবাণু আক্রান্ত গাছ থেকে সুস্থ গাছে বিস্তার লাভ করে। বিকল্প পোষক যেমন টমেটো গাছ থেকেও এ রোগ বিস্তার লাভ করতে পারে। হিমাগারে রাখা আলুতে এই রোগের জীবাণু সুপ্ত অবস্থায় থাকে এবং গাছ গজানোর 45-50 দিন পর অনুকূল পরিবেশে এই রোগের সূচনা হতে পারে।"
tuber,potato,আলু,25,pest_disease,সমন্বিত দমন ব্যবস্থাপনা," রোগ প্রতিরোধী বা সহনশীল জাত ব্যবহার করা যেতে পারে।  রোগমুক্ত বীজ ব্যবহার করতে হবে।  আক্রান্ত জমিতে সেচ বন্ধ করে দিতে হবে।  সারিতে ভালোভাবে মাটি উঁচু করে দিতে হবে।  আগাম জাতের আলু চাষ করতে হবে এবং আগে সংগ্রহ করতে হবে ।  নিম্ন তাপমাত্রা, কুয়াশাচ্ছন্ন আবহাওয়া ও বৃষ্টির পূর্বাভাস পাওয়ার সাথে সাথে রোগ প্রতিরোধের জন্য 7-10 দিন অন্তর অন্তর ম্যানকোজেব গোত্রের ছত্রাকনাশক যেমন- ডাইথেন এম-45/ইন্ডোফিল ইত্যাদি প্রতি লিটার পানিতে 2 গ্রাম হারে স্প্রে করতে হবে।  জমিতে রোগ দেখা দেওয়া মাত্রই 7 দিন অন্তর অন্তর নিম্নের যে কোন একটি ছত্রাকনাশক বা ছত্রাকনাশকের মিশ্রণ স্প্রে করতে হবে। • সিকিউর (2 গ্রাম/লিটার) অথবা • এক্রোভেট এম জেড (2 গ্রাম/লিটার) অথবা • মেলোডি ডুও 4 গ্রাম + সিকিউর 2 গ্রাম (প্রতি লিটার পানিতে) অথবা • এক্রোভেট এম জেড 2 গ্রাম + সিকিউর 1 গ্রাম (প্রতি লিটার পানিতে) অথবা • মেলোডি ডুও 1 গ্রাম + এক্রোভেট এম জেড 2 গ্রাম (প্রতি লিটার পানিতে) এখানে উল্লেখ্য যে রোগের প্রাদুর্ভাব বেশি হলে আরো ঘন ঘন ঔষধ ছিটানোর প্রয়োজন পড়তে পারে। ভেজা অবস্থায় জমিতে ছত্রাকনাশক না দেয়াই ভাল। আর যদি দিতেই হয় তাহলে প্রতি লিটার পানিতে 2-3 গ্রাম সাবানের গুড়া পাউডার যোগ করে নিতে হবে। ছত্রাকনাশক ভালভাবে ছিটাতে হবে যাতে পাতার নিচে ও উপরে ভালভাবে ভিজে যায়। এ ক্ষেত্রে সাধারন স্প্রেয়ারের পরির্বতে পাওয়ার স্প্রেয়ার ভাল ফল দেয়।  মাটি ভেজা অবস্থায় কিংবা বৃষ্টির পর পর আলু না তুলে শুকনা অবস্থায় মাটিতে ‘জো’ এলে আলু তুলতে হবে।  হিমাগারে আলু রাখার আগে অত্যন্ত সতর্কতার সাথে বীজ বাছাই করতে হবে, যাতে কোনভাবে রোগাক্রান্ত আলু সুস্থ বীজের সাথে না থাকে।  রোগাক্রান্ত গাছ দিয়ে আলুর স্তুপ বা সংগৃহীত আলু ঢেঁকে রাখা যাবে না।  আলুর মৌসুমে নিয়মিত মাঠ পরিদর্শন করতে হবে।  মেটালেক্সিল গোত্রের ছত্রাকনাশকের বিরুদ্ধে ফাইটোপথোরা ইনফেসট্যান্স এর নতুন রেস তৈরি হওয়ায় এখন থেকে ঐ গোত্রের ছত্রাকনাশক ব্যবহার করা যাবে না।  আক্রান্ত জমি হতে বীজ আলু সংগ্রহ করা যাবে না।"
tuber,potato,আলু,25,other,বাধ্যতামূলক। তাছাড়াও বাতাসের অনুকূলে সব সময় স্প্রে করতে হবে।,কুয়াশাচ্ছন্ন আবহাওয়া
tuber,potato,আলু,25,pest_disease,ব্যাকটেরিয়া জনিত ঢলে পড়া রোগ,(Bacterial wilt)
tuber,potato,আলু,25,pest_disease,লক্ষণ,"ব্যাকটেরিয়া জনিত ঢলে পড়া রোগ আলুর আর একটি মারাত্মক সমস্যা। র‍্যালসটোনিয়া সোলানেসিয়ারাম (Ralstonia solanacearum) নামক ব্যাকটেরিয়ার আক্রমণে এ রোগ হয়ে থাকে। এ রোগে গাছ সাধারণত সবুজ অবস্থায়ই ঢলে পড়ে। গাছের একটি শাখা বা এক অংশও ঢলে পড়তে পারে। কাণ্ডের নিম্নাংশ ও শিকড় অক্ষত থাকে। কাণ্ডের ভিতরে পরিবহন কলায় বাদামী বর্ণের উপস্থিতি, ঢলে পড়া রোগের আর একটি গুরুত্বপূর্ণ লক্ষণ যা কাণ্ড চিরলে স্পষ্ট দেখা যায়। আক্রান্ত গাছের কাণ্ড কেটে পরিষ্কার পানিতে খাড়া করে রাখলে কিছুক্ষণ পর দুধের মতো সাদা উজ (Ooze) বের হয় । সংগৃহীত আলুর চোখে সাদা পুঁজের মতো দেখা যায় এবং আলু অল্প দিনের মধ্যেই পচে যায়। বীজ আলুর ক্ষেত্রে একরপ্রতি যদি 1টি গাছ আক্রান্ত হয় তাহলে সেই মাঠ হতে বীজ আলু কখনই সংগ্রহ করা যাবে না।"
tuber,potato,আলু,25,soil_climate,অনুক‚ল আবহাওয়া,আলুর ঢলে পড়া রোগ প্রধানত তাপমাত্রা ও আপেক্ষিক আর্দরতা দ্বারা প্রভাবিত হয়। সাধারনত 28-30° সে তাপমাত্রা এ রোগের জন্য সবচেয়ে অনুকূল। তবে নিম্ন তাপমাত্রায় আলুর কাণ্ডে ও টিউবারে এই জীবাণু সুপ্ত অবস্থায় থাকে। বাতাসের আপেক্ষিক আর্দ্রতা 80-90% এ রোগের বৃদ্ধির জন্য খুবই সহায়ক।
tuber,potato,আলু,25,pest_disease,রোগের উৎস ও বিস্তার,"এই ব্যাকটেরিয়া মাটিতে কিংবা আক্রান্ত আলুতে বেঁচে থাকে। এ ছাড়াও ফসলের পরিত্যক্ত অংশ ও বিকল্প পোষকেও বেঁচে থাকতে পারে। মাটিতে বৃষ্টি ও সেচের পানি, কৃষি যন্ত্রপাতি, কৃষকের পায়ের মাটি, চারা সংলগ্ন মাটি ইত্যাদি দিয়েও এই জীবাণুর বিস্তার হতে পারে। এই জীবাণু মাটিতে 30 সেমি থেকে 75 সেমি গভীরতা পর্যন্ত স্বতন্ত্রভাবে বা শস্যাবশেষের মধ্যে বেঁচে থাকে। সাধারণত আলু গাছের শিকড়ে জীবাণুর আক্রমণের সূচনা হয়ে থাকে। অনেক সময় আলুতে এ রোগের লক্ষণ সুপ্ত অবস্থায় থাকে এবং বাহির থেকে আক্রমণের কোন লক্ষণ বুঝা যায় না।"
tuber,potato,আলু,25,pest_disease,সমন্বিত দমন ব্যবস্থাপনা,"এই রোগ দমন করা বেশ কষ্টসাধ্য, কেননা এই জীবাণু মাটিতে দীর্ঘদিন বেঁচে থাকতে পারে এবং যার অনেক বিকল্প পোষক আছে। তবে নিম্নলিখিত ব্যবস্থাদি অবলম্বন করলে ব্যাকটেরিয়া জনিত ঢলে পড়া রোগ অনেকাংশে কমানো যায়। প্রত্যায়িত অথবা রোগমুক্ত এলাকা থেকে সুস্থ ও রোগমুক্ত বীজ সংগ্রহ করতে হবে। বীজ আলু চাষের ক্ষেত্রে কাটা বীজ লাগানো পরিহার করতে হবে। আলু লাগানোর সময় জমিতে সর্বশেষ চাষের পূর্বে প্রতি হেক্টরে 20-25 কেজি হারে ষ্ট্যাপল ব্লিচিং পাউডার প্রয়োগ করতে হবে। বপনের পর যত শীঘ্র সম্ভব গাছের গোড়ায় মাটি তুলে দিতে হবে। পরিমিত মাত্রায় সেচ প্রয়োগ করতে হবে। আক্রান্ত গাছ আলুসহ আশেপাশের মাটি দ্রুত অন্যত্র সরিয়ে নষ্ট করে ফেলতে হবে। আক্রান্ত জায়গায় ব্লিচিং পাউডার প্রয়োগ করতে হবে। সেচের প্রয়োজন হলে আক্রান্ত অংশ বাদ দিয়ে সেচ দিতে হবে। আশে পাশের গাছও এভাবে বাছাই করতে হবে। আক্রান্ত জমিতে পরবর্তীতে আলু, টমেটো, বেগুন, মরিচ, তামাক ইত্যাদি জাতীয় ফসল চাষ করা যাবে না। গম, ধান, ভুট্টা, কাউন, বার্লি, সরগাম, পেঁয়াজ, রসুন, কপি, গাজর ইত্যাদি ফসল দিয়ে শস্য পর্যায় অবলম্বন করতে হবে। বীজ আলু জমিতে ভুট্টা দ্বারা আন্ত:ফসল চাষ করলে ব্যাকটেরিয়ার আক্রমণ কম হয়। গ্রীষ্মকালে কয়েকবার জমি চাষ করে প্রখর রৌদ্রে মাটি শুকিয়ে নিতে হবে এতে মাটিতে অবস্থিত রোগ জীবাণু অনেক কমে যায়। এ রোগ দেখা মাত্র আক্রান্ত জমিতে সেচ প্রদান, নিড়ানী দেওয়া, মালচিং ইত্যাদি বন্ধ করতে হবে। আলু লাগানোর পূর্বে জমিতে ধান থাকলে সে ধানের নাড়া শুকিয়ে মাটিতে বিছিয়ে পুড়ে ফেলতে হবে। এতে মাটির রোগ জীবাণু অনেকাংশে কমে যায়।  যে জমি সব সময় ভেজা বা স্যাঁত স্যাঁতে থাকে সে জমিতে বীজ আলু কখনই চাষ করা যাবে না। কারণ ভেজা জমিতে ব্যাকটেরিয়ার উপদ্রব বেশি হয়।"
tuber,potato,আলু,25,other,আলুর দাঁদ (,Scab
tuber,potato,আলু,25,pest_disease,) রোগ,
tuber,potato,আলু,25,pest_disease,লক্ষণ,আলুর দাঁদ রোগ বর্তমানে আলুর একটি মারাত্মক রোগ হিসেবে আবির্ভূত হয়েছে। এই রোগে আক্রান্ত আলু কখনই বীজ আলু হিসেবে ব্যবহার করা যাবে না। ষ্ট্রেপ্টোমাইসিস ষ্কেবিজ (Sterptomycis scabies) নামক জীবাণুর আক্রমণে এ রোগ হয়ে থাকে। দাঁদ রোগে আলুর টিউবারের উপরে উঁচু অমসৃণ বিভিন্ন আকারের বাদামী খস্খসে দাগ পড়ে। আক্রমণ বেশি হলে পুরো টিউবারই দাগে ভরে যায় এবং অনেক সময় দাগগুলো দেবে যায়। রোগের আক্রমণ সাধারণত ত্বকেই সীমাবদ্ধ থাকে।
tuber,potato,আলু,25,pest_disease,অনুকূল আবহাওয়া ও রোগের উৎস,"উচ্চ তাপমাত্রা এবং উচ্চ আর্দ্রতা এ রোগ বিস্তারে সহায়ক। এ রোগটি বীজ ও মাটি বাহিত। কোন পোষক গাছ ছাড়াই এ রোগের জীবাণু মাটিতে পাঁচ (5) বছরের অধিক কাল পর্যন্ত বেঁচে থাকতে পারে। সাধারণত গাছে টিউবার আসার সময় কম পক্ষে 30 দিন পর্যন্ত যদি জমিতে পর্যাপ্ত রস না থাকে অথবা আলু গাছের বয়স 65 দিন পর যদি জমিতে অতিরিক্ত রস থাকে তাহলে এ রোগটি বেশি হয়। বিভিন্ন প্রকার ফসল যেমন মূলা, গাজর, শালগমে এই রোগের জীবাণু বহুদিন বেঁচে থাকে।"
tuber,potato,আলু,25,pest_disease,সমন্বিত দমন ব্যবস্থাপনা, রোগমুক্ত বীজ ব্যবহার করতে হবে।  বীজ আলু বোল্ড স্টোরেজ হতে সংগ্রহের পরে স্প্রাউটিং এর পূর্বে প্রোভেক্স-200 (0.2%) বা ডাইথেন এম-45 (0.2% দিয়ে বীজ শোধন করে বপন করতে হবে।  সেচের তারতম্যের কারণে অনেক সময় দাঁদ রোগের সূচনা হয়। দাঁদ রোগ নিয়ন্ত্রণের জন্য আলু লাগানের 30-35 দিন পর্যন্ত কোন অবস্থাতেই মাটিতে রসের যেন ঘাটতি না হয় সেদিকে লক্ষ্য রাখতে হবে। আলুর টিউবার ধারণের সময় 35-55 দিন পর্যন্ত পর্যাপ্ত সেচের ব্যবস্থা করতে হবে। আলু উত্তোলনের আগে মাটিতে বেশি রস থাকলে আলু দাঁদ রোগে আক্রান্ত হতে পারে। গাছের বয়স 70 দিনের পর সেচ বন্ধ করতে হবে। বীজ আলু চাষের পূর্বে জমিতে সবুজ সার চাষ করতে হবে। শস্য পর্যায়ে জমিতে গম বা ডাল জাতীয় ফসল চাষ করতে হবে। সুষম সার (জৈব ও অজৈব) ব্যবহার করতে হবে।
tuber,potato,আলু,25,other,আলুর স্টেম ক্যাঙ্কার (,Stem canker
tuber,potato,আলু,25,pest_disease,) বা স্কার্ফ রোগ,
tuber,potato,আলু,25,pest_disease,লক্ষণ,"আলুর স্কার্ফ রোগও আলুর একটি ক্ষতিকারক রোগ। রাইজোকটনিয়া (Rhizoctonia spp.) প্রজাতির ছত্রাক দ্বারা এ রোগ হয়ে থাকে। কৃষক পর্যায়ে একে রাইজোকটনিয়া রোগ বলে। এ রোগের প্রধান লক্ষণ হলো কাণ্ডের সাথে ছোট ছোট সবুজ টিউবার দেখা যায়। বড় গাছের গোড়ার দিকে কাণ্ডে লম্বা কালো বর্ণের দাগ বা ক্ষতের সৃষ্টি হয়। অনেক ক্ষেত্রে গাছে বেশি শাখা প্রশাখা দেখা দেয় এবং পাতা ভাইরাসের মত হালকা মোড়ানো দেখা যায়। গাছের কাণ্ড তুলনামূলকভাবে শক্ত হয়ে যায়, কাণ্ডের গিঁট মোটা হয়ে যায় ও কাণ্ড সহজেই মট করে ভেঙে যায়। আক্রান্ত আলুতে কালো কালো উঁচ ুদাগ পড়ে এবং বীজ হিসেবে ব্যবহারের অনুপযোগী হয়ে পড়ে।"
tuber,potato,আলু,25,pest_disease,অনুকূল আবহাওয়া ও রোগের উৎস,উচ্চ তাপমাত্রা এবং জমির উচ্চ আর্দ্রতা এ রোগ বিস্তারে সহায়ক। এ রোগটি বীজ ও মাটি বাহিত এবং প্রাথমিক উৎস আক্রান্ত বীজ।
tuber,potato,আলু,25,pest_disease,দমন ব্যবস্থাপনা, প্রত্যায়িত অথবা রোগমুক্ত বীজ ব্যবহার করতে হবে।  ভালোভাবে অঙ্কুরিত বীজ আলু রোপণ করতে হবে। শস্য পর্যায় অবলম্বন করতে হবে।  বীজ আলু মাটির বেশি গভীরে রোপণ পরিহার করতে হবে।  প্রতি লিটার পানিতে 2 গ্রাম প্রোভেক্স 200 অথবা অটোস্টিন প্রতি লিটার পানিতে 2 গ্রাম মিশিয়ে বীজ শোধন করে বপন করলে ভাল ফল পাওয়া যায়।  রোগের আক্রমণ বেশি হলে অটোস্টিন প্রতি লিটার পানিতে 1 গ্রাম হারে গাছের গোড়ার মাটি ভিজিয়ে স্প্রে করতে হবে। কখনও জমিতে অতিরিক্ত পানি দেয়া যাবে না।
tuber,potato,আলু,25,other,আলুর কালো পা (,Black leg
tuber,potato,আলু,25,pest_disease,লক্ষণ,আলুর কালো পা বীজ আলুর একটি প্রধান রোগ। আরউইনিয়া কেরোটোভোরা (Erwinia carotovora) নামক ব্যাকটেরিয়ার আক্রমণে এ রোগ হয়ে থাকে। মাঠে ও সংরক্ষিত আলুতে এ রোগ দেখা দেয়। মাঠে গাছের গোড়ায় কালো দাগ পড়ে বলে কালো পা এবং সংরক্ষণাগারে টিউবার আক্রান্ত হলে নরম পচা রোগ বলে। আক্রান্ত গাছের কাণ্ডের গোড়ার দিকে বাদামী থেকে কালো রঙের দাগ পড়ে এবং যা সহজেই সুস্থ অংশ থেকে আলাদা করা যায়। আক্রান্ত ডাল তুলে নাকের কাছে ধরলে এক ধরনের পচা আলুর মতো গন্ধ পাওয়া যায়। আক্রান্ত গাছের আলু পচে যায়।
tuber,potato,আলু,25,pest_disease,অনুকূল আবহাওয়া ও রোগের উৎস,উচ্চ তাপমাত্রা এবং জমির উচ্চ আর্দ্রতা এ রোগ বিস্তারে সহায়ক। এ রোগটি বীজ ও মাটি বাহিত।
tuber,potato,আলু,25,pest_disease,সমন্বিত দমন ব্যবস্থাপনা, প্রত্যায়িত অথবা রোগমুক্ত বীজ সংগ্রহ করতে হবে।  অতিরিক্ত সেচ পরিহার করতে হবে।  উচ্চ তাপ এড়ানোর জন্য আগাম চাষ করতে হবে।  ভালভাবে বাছাই করে হিমাগারে আলু সংরক্ষণ করতে হবে।  আলু লাগানোর সময় জমিতে সর্বশেষ চাষের পূর্বে প্রতি হেক্টরে 20-25 কেজি হারে স্টেপল ব্লিচিং পাউডার জমিতে প্রয়োগ করতে হবে। বপনের পর যত শীঘ্র সম্ভব গাছের গোড়ায় মাটি তুলে দিতে হবে।  স্টেপল ব্লিচিং পাউডার প্রতি লিটার পানিতে 3 গ্রাম অথবা বোরিক এসিড প্রতি লিটার হালকা গরম পানিতে 30 গ্রাম দ্রবণে টিউবার শোধন করে বীজ আলু সংরক্ষণ করতে হবে। রোগ দেখা মাত্র পানি সেচ বন্ধ করতে হবে। আলুর কালো পা রোগে আক্রান্ত গাছ আলুসহ আশেপাশের মাটি দ্রুত অন্যত্র সরিয়ে নষ্ট করে ফেলতে হবে। আক্রান্ত জায়গায় ব্লিচিং পাউডার প্রয়োগ করতে হবে। সেচের প্রয়োজন হলে আক্রান্ত অংশ বাদ দিয়ে সেচ দিতে হবে। আশে পাশের গাছও এভাবে বাছাই করতে হবে ।
tuber,potato,আলু,25,pest_disease,আলুর শুকনো পচা রোগ,ফিউজেরিয়াম (Fusarium sp.) প্রজাতির ছত্রাকের আক্রমণে এ রোগ হয়ে থাকে। আলুর গায়ে কিছুটা গভীর বাদামী চক্রাকার দাগ পড়ে। আলুর ভিতরে গর্ত হয়ে যায়। প্রথম পচন যদিও ভিজা থাকে পরে তা শুকিয়ে শক্ত হয়ে যায়। আক্রান্ত অংশে গোলাকার ভাঁজ এবং কখনো কখনো ঘোলাটে সাদা ছত্রাক জালিকা দেখা যায়।
tuber,potato,আলু,25,pest_disease,প্রতিকার,"আলু বাছাই করে এবং যথাযথ কিউরিং করে আলু গুদামজাত করতে হবে।  যান্ত্রিকভাবে ক্ষতিগ্রস্থ টিউবার ব্যবহার করা যাবে না। আগাম বপন করা এবং আগাম সংরক্ষণ করা। বস্তা, ঝুড়ি ও গুদামঘর ইত্যাদি 5% ফরমালিন দিয়ে শোধন করতে হবে।"
tuber,potato,আলু,25,pest_disease,ভিতরের কালো দাগ,"ভিতরের কালো দাগ সাধারনত হিমাগারে অক্সিজেন এর অভাব হলে এ রোগ দেখা দেয় এবং আলুর গুণাগুণ সম্পূর্ণ নষ্ট হয়ে যায়। বীজ হিমাগারে 2.2-3.5°c তাপমাত্রা সবসময় বহাল রাখতে হবে। হিমাগারে বাতাস চলাচল স্বাভাবিক রাখতে হবে। তাছাড়া, আলুর বস্তা প্রতি মাসে অন্তত একবার উল্টাতে হবে ।"
tuber,potato,আলু,25,pest_disease,ভিতরে ফাঁপা রোগ,এ রোগে আলুর ভিতরের অংশ ফাঁপা হয়ে যায়। জমিতে সাধারনত পানির অভাব হলে হঠাৎ সেচ প্রয়োগের ফলে টিউবার অতিরিক্ত বড় আকার ধারণ করলে এ রোগ হতে পারে।
tuber,potato,আলু,25,pest_disease,প্রতিকার, নিয়মিত সেচ প্রয়োগে এ রোগ থেকে রক্ষা পাওয়া যায়।  জমির মাটির নমুনা পরীক্ষা করে মাইক্রো নিউট্রিয়েন্ট এর ঘাটতি পূরণ করা যেতে পারে।
tuber,potato,আলু,25,pest_disease,আলুর ভাইরাস রোগ,"(Viral Diseases of Potato) আলুর ভাইরাস রোগ আলুর ফলন কম হওয়ার অন্যতম কারণ। আমাদের দেশের কৃষকরা এই রোগ সম্পর্কে সচেতন নয় বিধায় ভাইরাস আক্রান্ত আলু বছরের পর বছর ব্যবহার করে। ফলে কৃষক দ্বারা উৎপাদিত আলুর ফলন অত্যন্ত কম। আলুর ভাইরাস রোগসমূহের মধ্যে আলুর পাতা মোড়ানো (PLRV), আলুর ভাইরাস ওয়াই (PVY), আলুর ভাইরাস এক্র (PVX) এবং আলুর ভাইরাস এস (PVS) এ দেশের জন্য প্রধান। এই সমস্ত ভাইরাস এককভাবে অথবা যৌথভাবে আলু গাছ আক্রমণ করে। সাধারণভাবে ভাইরাস আক্রান্ত আলু গাছ আকারে ছোট, পাতা কোঁকড়ানো, হলুদ অথবা মোজাইকের রং হয় এবং খসখসে হয় যা সহজেই নিবিড় পর্যবেক্ষণ করলে কৃষক সুস্থ গাছ থেকে ভাইরাস আক্রান্ত আলু গাছ আলাদা করতে পারবে। ভাইরাস রোগে আক্রান্ত হলে আলুর আকার ছোট হয় এবং আলুর উৎপাদন মারাত্মকভাবে হ্রাস পায়। ভাইরাসসমূহ জাব পোকা এবং স্পর্শের মাধ্যমে গাছ থেকে গাছে ছড়ায়। বাংলাদেশের আবহাওয়া আলুর এই ভাইরাস রোগসমূহের বাহক জাব পোকা (Aphids) বংশ বিস্তারের জন্য অত্যন্ত উপযোগী। রোগমুক্ত বীজ আলু উৎপাদনের জন্য আলুর ভাইরাস রোগসমূহ চেনা কৃষকের জন্য অত্যন্ত গুরুত্বপূর্ণ। নিচে প্রধান কয়েকটি ভাইরাস রোগের লক্ষণ ও দমন সন্বন্ধে আলোচনা করা হলো।"
tuber,potato,আলু,25,pest_disease,আলুর পাতা মোড়ানো ভাইরাস (,Potato Leaf Roll Virus
tuber,potato,আলু,25,pest_disease,লক্ষণ,"জাব পোকার মাধ্যমে আলুর এই ভাইরাস গাছ থেকে গাছে ছড়ায় । এ রোগের প্রধান লক্ষণ হলো আক্রান্ত গাছের পাতা উর্ধ্বমুখী হয়ে উপরের দিকে গুটিয়ে যায়। দ্বিতীয় পর্যায়ের আক্রমণ হলে নিচের পাতা খসখসে, খাড়া ও উপরের দিকে গুটানো হয়। কখনও কখনও পাতার কিনারা শুকিয়ে যায়। গাছের বৃদ্ধি বন্ধ হয়ে যায় ফলে গাছ খাট ও খাড়া হয়ে দাঁড়িয়ে থাকে । এ রোগে আক্রান্ত হলে শতকরা 40-80% উৎপাদন হ্রাস পায় এবং আলুর আকার ছোট হয়।"
tuber,potato,আলু,25,pest_disease,অনুকূল আবহাওয়া ও রোগের উৎস,"এ রোগটি আক্রান্ত বীজ আলু ও জাব পোকার সাহায্যে ছড়ায়। সাধারণত জানুয়ারি মাসের শেষের দিকে জাব পোকার দ্রুত বংশ বৃদ্ধির সাথে সাথে এ রোগটি দ্রুত বিস্তার লাভ করে। ধুতুরা, ফোসকা বেগুন ইত্যাদি এ রোগের বিকল্প পোষক হিসেবে কাজ করে।"
tuber,potato,আলু,25,pest_disease,আলুর পোকামাকড়,
tuber,potato,আলু,25,pest_disease,কাটুই পোকা,"কাটুই পোকার কীড়া বেশ শক্তিশালী, 40-50 মিমি লম্বা। পোকার উপর পিঠ কালচে বাদামী বর্ণের, পার্শ্বদেশ কালো রেখাযুক্ত এবং বর্ণ ধূসর সবুজ। শরীর নরম ও তৈলাক্ত। এই পোকার কীড়া দিনের বেলা মাটির নিচে লুকিয়ে থাকে এবং রাতের বেলা চারা গাছ কেটে দেয়। এই পোকা আলুতে ছিদ্র করে আলু ফসলের ক্ষতি করে থাকে।"
tuber,potato,আলু,25,pest_disease,প্রতিকার,আক্রান্ত কাটা আলু গাছ দেখে তার কাছাকাছি মাটি উল্টে পাল্টে কীড়া খুঁজে সংগ্রহ করে মেরে ফেলা উচিত।  কাটুই পোকার উপদ্রব খুব বেশি হলে সেক্স ফেরোমন ট্রাপ + ফুরাডান 5জি (কার্বোফুরান) @ 20 কেজি/হেক্টর জমি তৈরির সময় এবং শেষ সেচের পূর্বে প্রয়োগ করে এই পোকার আক্রমণ কমানো সম্ভব।  এছাড়া প্রতি লিটার পানির সাথে ক্লোরোপাইরিফস 20 ইসি জাতীয় কীটনাশক (ক্লোরোপাইরিফস) 5 মিলি হারে মিশিয়ে গাছের গোড়া ও মাটিতে স্প্রে করে ভিজিয়ে দিতে হবে। আলু লাগানোর 30-40 দিন পর স্প্রে করতে হবে।  কাটুই পোকার কীড়া দমনের জন্য বিষটোপ ব্যবহারে ভালো ফল পাওয়া যায়। 1 কেজি ধানের কুড়া এবং ক্লোরোপাইরিফস 5 এমএল মিশিয়ে বিষটোপ তৈরি করা হয়।
tuber,potato,আলু,25,pest_disease,আলুর সুতলী পোকা,"আলুর সুতলী পোকার মথ আকারে ছোট, ঝালরযুক্ত ও সরু ডানা বিশিষ্ট ধূসর বাদমী বর্ণের হয়। পূর্ণাঙ্গ কীড়া সাদাটে বা হাল্কা গোলাপী বর্ণের এবং 15-20 মিমি লম্বা হয়ে থাকে। কীড়া আলুর মধ্যে লম্বা সুড়ঙ্গ করে আলুর ক্ষতি করে থাকে। বাংলাদেশে বসতবাড়িতে সংরক্ষিত আলু এ পোকার দ্বারা ক্ষতিগ্রস্ত হয়।"
tuber,potato,আলু,25,pest_disease,প্রতিকার,
tuber,potato,আলু,25,pest_disease,জমিতে সুতলী পোকা দমন ব্যবস্থাপনা," আলুর জমিকে সর্বদা আবর্জনামুক্ত রাখতে হবে।  আলুর সুতলী পোকা দমনে সেক্স ফেরোমন ট্রাপ এর সাথে মাটি উঠানোর (Hilling up) মাধ্যমে এই পোকা দমন করা যায়। সেক্স ফেরোমন ট্রাপ + মাটি উঠানো (সর্বশেষ মাটি উঠানো অবশ্যই আলু সংগ্রহের কমপক্ষে 60 দিন পূর্বে করতে হবে)।  মাঠ থেকে তোলার পর আলু উন্মুক্ত অবস্থায় রাখা যাবে না, কারণ স্ত্রী মথ রাত্রি বেলায় উন্মুক্ত আলুর গায়ে ডিম পাড়ে। তাই মাঠ থেকে আলু তোলার পর মশারি অথবা পাতলা কাপড় দিয়ে ঢেঁকে দিতে হবে।"
tuber,sweet potato,মিষ্টি আলু,41,land_preparation,জমি নির্বাচন ও তার প্রস্তুতি,"সুনিষ্কাশিত, উঁচু ও রৌদ্রজ্জ্বলসম্পন্ন জমি মিষ্টিআলু চাষের জন্য নির্বাচন করা প্রয়োজন। বেলে দোআঁশ মাটি উত্তম তবে ভাল ব্যবস্থাপনার মাধ্যমে সব ধরনের মাটিতে মিষ্টিআলুর চাষ করা যায়। মাটির অম্লতা (pH) 5.6 থেকে 6.0 হলে ভাল। মিষ্টিআলুর জন্য মাটির উপরের 30 সেমি পর্যন্ত গভীর করে চাষ দিয়ে মাটি ঝুরঝুরা করা প্রয়োজন। মিষ্টিআলু চাষের জন্য এঁটেল মাটি ভাল নয়। এঁটেল মাটিতে চাষ করলে কন্দ চিকন, লম্বা বা অনিয়মিত আকারের হয় ফলে বাজার মূল্য দারুণভাবে কমে যায়।"
tuber,sweet potato,মিষ্টি আলু,41,sowing_method,বংশবিস্তারের জন্য লতা প্রস্তুতি,"মিষ্টিআলু সাধারণত লতার কাটিং এর মাধ্যমে বংশবিস্তার করা হয়। রোগ জীবাণু মুক্ত সুস্থ, সবল, পরিপক্ক লতা হতে কাটিং প্রস্তুত করা হয়। লতার কাটিং এর দৈর্ঘয 25-30 সেমি (প্রায় 1 ফুট) হওয়া উচিত যাতে 2-3 টি পর্ব বিদ্যমান থাকে। মিষ্টিআলুর লতার প্রথম কাটিং সর্বোত্তম ও ফলন বেশি দেয়।"
tuber,sweet potato,মিষ্টি আলু,41,sowing_time,রোপণের সময়,অক্টোবরের মাঝামাঝী থেকে নভেম্বর মাস পর্যন্ত (কার্তিক থেকে মধ্য অগ্রহায়ণ) মিষ্টিআলুর লতা রোপণ করা যায়।
tuber,sweet potato,মিষ্টি আলু,41,seed_rate,রোপণ পদ্ধতি ও চারার সংখ্যা,"মিষ্টিআলুর লতার কাটিং সমতল বেডে বা উঁচু ভেলি পদ্ধতিতে রোপণ করা যায়। তবে উঁচু ভেলি পদ্ধতিতে ফলন বেশি হয়। সাধারণত চরাঞ্চলে এবং সেচবিহীনভাবে চাষ করলে সমতল জমিতে ফারো করে লতার কাটিং লাগানো হয়। সারি থেকে সারির দূরত্ব 60 সেমি, (2ফুট) এবং চারা থেকে চারার দূরত্ব 30 সেমি (1 ফুট)। লতার অগ্রভাগ মাটির উপরে রেখে দুই থেকে তিনটি পর্ব সমান্তরাল ভাবে মাটির 4 থেকে 8 সেমি নিচে পুঁতে দিতে হবে। এ পদ্ধতিতে রোপণ করলে প্রতি হেক্টর জমির জন্য প্রায় 56 হাজার লতার প্রয়োজন হয়। জমিতে পর্যাপ্ত রস না থাকলে লতা লাগানোর পর পরই সেচ দিতে হবে এবং চারা ভালভাবে না লাগা পর্যন্ত প্রয়োজনানুসারে 1-2 দিন পর পর সেচ দেয়া উচিত।"
tuber,sweet potato,মিষ্টি আলু,41,fertilizer,সারের মাত্রা ও প্রয়োগ পদ্ধতি,"কৃষক ভাইয়েরা মিষ্টিআলুতে সাধারণত সার দিতে চান না। তবে সর্বোচ্চ ফলনের জন্য সুষম সার সঠিক পদ্ধতিতে প্রয়োগ করা অত্যাবশ্যক। সারের পরিমাণ নির্ভর করে মূলত মাটির প্রকৃত ও প্রকার ফসলের জাত, সেচ ব্যবস্থাপনা ইত্যাদির উপর মিষ্টিআলুর জন্য সারের মাত্রা সারণী-1 এ উল্লেখ করা হলো।"
tuber,sweet potato,মিষ্টি আলু,41,fertilizer,সারণী-1 মিষ্টিআলুর জন্য সারের মাত্রা,"সারের নাম সারের পরিমাণ কেজি/হেক্টর কেজি/বিঘা কেজি/শতক ইউরিয়া 250-280 34.4-38.6 0.14-0.16 টি এস পি 140-170 19.3-23.4 0.08-0.10 এমও পি 230-260 31.7-35.5 0.13-0.15 জিপসাম 60-80 8.26-11.0 0.03-0.05 জিংক সালফেট* 10-12 1.38-1.65 0.006-0.007 ম্যাগনেসিয়াম সালফেট* 90-120 12.4-16.5 0.15-0.17 বরিক এসিড* 6-8 0.83-1.10 0.003-0.004 গোবর 10,000 1377 5.59 *জিপসাম, জিংক সালফেট ও বরিক এসিড এলাকাভেদে প্রয়োজন হয়। সম্পূর্ণ গোবর বা খামারজাত সার, টিএসপি, জিপসাম, জিংক সালফেট ও বরিক এসিড এবং অর্থেক ইউরিয়া ও এমপি সার শেষ চাষের সময় জমিতে প্রয়োগ করতে হবে। বাকি অর্থেক ইউরিয়া ও এমপি রোপণের 35-40 দিনের মধ্যে সারির পার্শ্বে (সারি থেকে উভয় দিকে 10 সেমি দূরে) ফারো তৈরি করে প্রয়োগ করা উত্তম। সারের উপরি প্রয়োগের পর পরই গাছের গোড়ায় অল্প পরিমাণে মাটি উঠিয়ে দিয়ে সেচ দেওয়া প্রয়োজন। চরাঞ্চলে বা সেচবিহীনভাবে চাষ করলে উপরোক্ত রাসায়নিক সার শতকরা 10-12 ভাগ কমিয়ে একসঙ্গে জমি প্রস্তুতির শেষ পর্যায়ে প্রয়োগ করতে হবে।"
tuber,sweet potato,মিষ্টি আলু,41,irrigation,পানি সেচ ও নিষ্কাশন,"মিষ্টিআলুর গাছ মাটিতে লেগে গেলে 30 দিন, 60 দিন ও 90 দিন পর 3 বার সেচ দেয়া উচিত। অতিরিক্ত বৃষ্টি হলে পানি নিষ্কাশনের যথোপযুক্ত ব্যবস্থা গ্রহণ করতে হবে। সময়মতো পানি সেচ মিষ্টিআলুর ফলন এবং বাজার জাতকরণের উপযোগী কন্দমূলের সংখ্যা, ওজন ও গুণাগুণ বৃদ্ধি করে।"
tuber,sweet potato,মিষ্টি আলু,41,intercultural,আগাছা ব্যবস্থাপনা,মিষ্টিআলু দ্রুত বর্ধনশীল ফসল এবং এটি দ্রুত মাটিকে ঢেকে ফেলে ও আগাছাকে অবদমিত করে। তবুও গাছের বৃদ্ধির প্রাথমিক পর্যায়ে আগাছা দমন করা জরুরি। ভাল ফলনের জন্য চারা রোপণের পর এবং সারির উপরি প্রয়োগের আগে কমপক্ষে একবার আগাছা দমন করা অত্যাবশ্যক।
tuber,sweet potato,মিষ্টি আলু,41,other,লতা নাড়ানো,চারা রোপণের 50-60 দিন পর থেকে মাসে অন্তত একবার লতা নেড়ে চেড়ে দিতে হবে। এতে মিষ্টিআলুর পর্ব থেকে শিকড় গজানো তথা বাজারজাত অনুপযোগী কন্দমূল উৎপাদন এড়ানো সম্ভব হয় এবং ফলশ্রুতিতে কন্দের আকার ও ফলন বৃদ্ধি পায়।
tuber,sweet potato,মিষ্টি আলু,41,pest_disease,পোকা ও দমন ব্যবস্থাপনা,মিষ্টিআলুর উইভিল বিশ্বব্যাপী পরিচিত একটি ক্ষতিকর পোকা। এটি জমিতে এবং গুদামজাত কন্দমূলে আক্রমণ করে ফলশ্রুতিতে মিষ্টিআলু খাওয়ার অনুপযোগী হয়ে পড়ে।
tuber,sweet potato,মিষ্টি আলু,41,pest_disease,দমন ব্যবস্থাপনা,"পোকার আক্রমণমুক্ত সুস্থ্য, সবল মিষ্টিআলুর লতা বা কাণ্ডের অগ্রভাগ (30 সেমি) জমিতে লাগানো উচিত। মিষ্টিআলুর লতা এডমায়ার দ্রবণে (0.5 মিলিলিটার/লিটার পানি) 20 মিনিট ডুবিয়ে রেখে পরে রোপণ করতে হবে। ফেরোমোন ফাঁদ পেতে পুরুষ উইভিল মেরে ফেলা সম্ভব। এত করে নতুন উইভিলের জন্ম হতে পারে না এবং আস্তে আস্তে উইভিলের সংখ্যা কমে যাবে। গাছের গোড়ায় সময়মতো মাটি উঠিয়ে দিতে হবে। উইভিল আক্রান্ত লতা ও কন্দমূল পুড়িয়ে ফেলতে হবে অথবা গর্ত করে মাটিতে পুঁতে রাখতে হবে। হেক্টরপ্রতি 15 কেজি হারে ডায়াজিনন 14জি/কারবোফুরান 5জি/ প্রয়োগ করে হাল্কা সেচ দিতে হবে।"
tuber,sweet potato,মিষ্টি আলু,41,harvest,কন্দমূল উত্তোলন ও ফলন,চারা রোপণের 120 থেকে 140 দিন পর কন্দমূল উত্তোলন উপযোগী হয় তবে 160 দিনের বেশি রাখলে শাঁস আঁশযুক্ত হয়। মাটির সাধারন ‘জো’ অবস্থায় কোদাল দ্বারা কুপিয়ে মিষ্টিআলু উত্তোলন করা হয়। উত্তম ব্যবস্থাপনায় উচ্চফলনশীল মিষ্টিআলুর জাতগুলোর ফলন 35-40 টন/হেক্টর হয়ে থাকে।
tuber,sweet potato,মিষ্টি আলু,41,other,মিষ্টিআলু সংরক্ষণ,"মিষ্টিআলুর সংরক্ষণ গুণ খুব একটা আশাপ্রদ নয়। বাংলাদেশে মিষ্টিআলু সংগ্রহকালীন সময় মার্চ-এপ্রিল মাসে (মধ্য ফাল্গুন থেকে মধ্য বৈশাখ) তাপমাত্রা ও আর্দ্রতা দ্রুত বৃদ্ধি পায়, ফলে উইভিলের আক্রমণ বৃদ্ধি পায় এবং কন্দমূল সহজেই নষ্ট হয়। মিষ্টিআলু সংরক্ষণের পূর্বে কিছু সতর্কতামূলক ব্যবস্থা গ্রহণ করতে হয়। যেমন: 1. মিষ্টিআলু সংগ্রহের সময় মাটি সাধারণ ‘জো’ অবস্থায় অর্থাৎ মাটি যেন কাদাময় না থাকে। 2. ফসল সংগ্রহের পূর্বে লতা টান দিয়ে না ছিড়ে কাঁচি দ্বারা কেটে আলাদা করতে হবে। 3. সংগ্রহের পর মিষ্টিআলু 7-10 দিন ছায়ায় ছড়িয়ে রেখে কিউরিং করে নিতে হবে। 4. রোগাক্রান্ত কাটা বা থেতলানো এবং উইভিল আক্রান্ত মিষ্টিআলু দ্রুত বাছাই করে আলাদা করে ফেলতে হবে। 5. কন্দমূলের ত্বক যাতে আঘাতপ্রাপ্ত না হয় সেজন্য ফসল সংগ্রহ থেকে সংরক্ষণ পর্যন্ত সকল কার্যক্রম সতর্ক দৃষ্টি রাখতে হবে। এরপর কিউরিংকৃত বাছাই করা নিখুঁত মিষ্টিআলু উত্তম বায়ু চলাচলযুক্ত ঘরে শুকনা বালি বিছিয়ে তার উপর একস্তর মিষ্টিআলু (75 সেমি) আবার বালুর স্তর (10 সেমি) এভাবে 5-6টি স্তরে সংরক্ষণ করা হয়। বায়ু চলাচলযুক্ত ঘর যেখানে তাপমাত্রা 16-180 সে. থাকে সেখানে মিষ্টিআলু 5-6 মাস সংরক্ষণ করা যায়।"
tuber,sweet potato,মিষ্টি আলু,41,other,ব্যবহার,"রুপান্তরিত কন্দমূল এবং লতার কচি ডগা মানুষের ভক্ষণযোগ্য অংশ। বাংলাদেশের বিভিন্ন জেলায় মিষ্টিআলুর কচি ডগা সবজি হিসেবে খাওয়া হয়। এটি একটি উপাদেয় ও পুষ্টিকর সবজি। মিষ্টিআলুর কন্দ সাধারনত পুড়িয়ে বা সিদ্ধ করে খাওয়া হয়। মিষ্টিআলুর পেকটিন হতে জ্যাম, জেলি ও মারমালেট প্রস্তুত করা যায়। এছাড়া স্টার্চ/শর্করা, সিরাপ, অ্যালকোহল এবং বেকিং ও কনফেকশনারী শিল্পে এটির বহুল ব্যবহারের সম্ভাবনা আছে। এ ছাড়াও উন্নত মানের চিপস ও ফ্রেঞ্চ ফ্রাই তৈরি করা সম্ভব। অপরিনত কন্দমূল এবং লতা গোখাদ্য হিসাবে ব্যবহৃত হয়। কমলা রঙের মিষ্টিআলু সিদ্ধ করলে কিছুটা নরম হয়। সিদ্ধ মিষ্টিআলু দুধের সাথে মিশিয়ে বা পায়েশ তৈরি করে খাওয়ানো যায়। এছাড়া মিষ্টিআলু টুকরা টুকরা করে খিচুড়ী রান্না করে বা ময়দার সাথে মিশিয়ে রুটি তৈরি করেও শিশুদের খাওয়ানো সম্ভব। সুতরাং ভিটামিন-এ সমৃদ্ধ মিষ্টিআলু আমাদের ভিটামিন-এ চাহিদা পূরণে এবং এর বহুমুখী ব্যবহার কৃষি অর্থনীতিতে বৈচিত্রময় ভূমিকা রাখতে পারে।"
tuber,sweet potato,মিষ্টি আলু,41,intercultural,মিষ্টিআলুর অন্যান্য পরিচর্যা,
tuber,sweet potato,মিষ্টি আলু,41,pest_disease,মিষ্টিআলুর উইভিল পোকা,পূর্ণ বয়স্ক উইভিল প্রায় 6 মিমি লম্বা এবং 1.4 মিমি চওড়া হয়ে থাকে। এ পোকার মাথার শুঁড়ের মতো একটি মুখাংশ আছে। মাথা এবং শাখার উপরিভাগ গাঢ় নীল রঙের চোখ ও পা উজ্জ্বল লাল-কমলা বর্ণের। কীড়া কন্দমূলের ভিতরে আঁকাবাঁকা সুড়ঙ্গ করে ক্ষতিকরে থাকে। উইভিল আক্রান্ত কন্দমূল খাওয়ার অযোগ্য হয়ে পড়ে।
tuber,sweet potato,মিষ্টি আলু,41,pest_disease,প্রতিকার," মিষ্টিআলুর লতা বা কাণ্ডের অগ্রভাগ (30 সে.মি.) জমিতে লাগানো উচিত। লতার অগ্রভাগে সাধারণত মিষ্টিআলুর উইভিলের ডিম থাকে না।  মিষ্টিআলুর উইভিল পোকা দমনে সেক্স ফেরোমন ট্রাপ এর সাথে মাটি উঠানো (Earthing up) এবং কার্বোফুরান 5 জি প্রয়োগের মাধ্যমে এই পোকা দমন করা যায়। সেক্স ফেরোমন ট্রাপ + মাটি উঠানো (মাটি উঠানো কমপক্ষে তিন বার-30, 60, 90 দিনে করতে হবে) + কার্বোফুরান 5 জি (মিষ্টিআলুর লতা লাগানোর 60 দিন পর প্রয়োগ করে সেচ দিতে হবে)।  মিষ্টিআলু সংরক্ষণের সময় উইভিল আক্রমণমুক্ত কন্দমূল শুকনা বালি দিয়ে ঢেকে রাখতে হবে। মেঝেতে প্রথমে 10 সেমি পুরু একটি শুকনা বালির স্তর সাজানো যেতে পারে। এরপর 75 সেমি পুরু পর্যন্ত মিষ্টিআলুর স্তর সাজাতে হবে। মিষ্টিআলুর উপরে আবার 10 সেমি পুরু বালির স্তর দিয়ে ঢেঁকে দিতে হবে।"
tuber,sweet potato,মিষ্টি আলু,41,pest_disease,মিষ্টিআলুর বিভিন্ন রোগ ও তার দমন ব্যবস্থাপনা,"মিষ্টিআলু বাংলাদেশের শর্করা সমৃদ্ধ খাদ্য ফসলের অন্যতম হলেও, পূর্বে এটি অবহেলিত ছিল। তবে বর্তমানে পুষ্টিমানের বিবেচনায় এটি, এ দেশে ধান, গম, আলুর পরই অবস্থান করছে। এতে প্রচুর শর্করা, খনিজ ও ভিটামিন বিশেষ করে ভিটামিন এ রয়েছে। এ সকল কারণে এর চাষ দিন দিন বৃদ্ধি পাচ্ছে। নিম্নে মিষ্টিআলুর বিভিন্ন রোগের লক্ষণ সহ এদের প্রতিকার দেয়া হল"
tuber,sweet potato,মিষ্টি আলু,41,pest_disease,নরম পচা রোগ,(Soft Rot) এ রোগটি রাইজোপাস রট নামেও পরিচিত। এ রোগটি প্রধানত সংরক্ষিত মিষ্টিআলুতে দেখা যায়। এটি সংরক্ষিত অবস্থায় মিষ্টিআলুর সবচেয়ে মারাত্মক রোগ।
tuber,sweet potato,মিষ্টি আলু,41,pest_disease,রোগের কারণ,রাইজোপাস নিগরিকান্স (Rhizopus spp.) নামক এক ধরনের ছত্রাক দ্বারা এ রোগটি হয়ে থাকে।
tuber,sweet potato,মিষ্টি আলু,41,pest_disease,রোগের লক্ষণ,"আক্রান্ত আলু, দুপ্রান্ত হতে দ্রুত নরম ও আর্দ্র হয়ে পচে যায় যা গাজন এর গন্ধ ছড়াতে থাকে।  আক্রান্ত আলুর উপরিভাগে মাইসেলিয়ামের পুরু স্তর দেখা যায়। এছাড়া প্যাথোজেনের কাল বর্ণের ফ্রুটিং বডিও দেখা যায়।"
tuber,sweet potato,মিষ্টি আলু,41,pest_disease,রোগ দমন ব্যবস্থাপনা," জমি হতে টিউবার উত্তোলন, পরিবহন, সংরক্ষণ প্রভৃতির সময়ে খেয়াল রাখতে হবে যাতে টিউবার আঘাত প্রাপ্ত না হয়। সংরক্ষণের পূর্বে টিউবার ভাল করে কিউরিং করতে হবে। এ রোগ কমানোর জন্য কাটা, ছেড়া থেতলানো টিউবার বেছে শুধু নিখুঁত টিউবার সংরক্ষণ করতে হবে।"
tuber,sweet potato,মিষ্টি আলু,41,pest_disease,কালচে রোগ বা বাক রট/চারকোল রট (,Charcol rot
tuber,sweet potato,মিষ্টি আলু,41,other,),এ রোগটি প্রধানত সংরক্ষিত মিষ্টিআলুতে দেখা যায়।
tuber,sweet potato,মিষ্টি আলু,41,pest_disease,রোগের কারণ,ম্যাকরোফোমিনা ফ্যাজিওলিনা / ডিপোডিয়া নাটালেনসিস (Macrophomina phaseolina/ Diplodia natalensis) নামক ছত্রাক দ্বারা এ রোগ হয়ে থাকে।
tuber,sweet potato,মিষ্টি আলু,41,pest_disease,রোগের লক্ষণ,এ রোগের আক্রমণে আক্রান্ত গাছ ধীরে ধীরে কাল হয়ে যায়। গুদামজাত অবস্থায় টিউবারেও এ রোগ দেখা যায়। টিউবারে এ রোগের আক্রমণে কাল দাগ পড়ে। পরবর্তীতে পচন শুরু হয়ে পুরো টিউবারটি পচে নষ্ট হয়ে যায়।
tuber,sweet potato,মিষ্টি আলু,41,pest_disease,রোগ দমন ব্যবস্থাপনা,"সংরক্ষিত টিউবারকে এ রোগের আক্রমণ হতে রক্ষা করতে টিউবারকে সংরক্ষণের পূর্বে ভালভাবে কিউরিং করে নিতে হবে। এ রোগ কমানোর জন্য কাটা, ছেড়া, থেতলানো টিউবার বেছে শুধু নিখুঁত টিউবার সংরক্ষণ করতে হবে। ফসল উঠানোর পর প্রতি লিটার পানিতে 1 মিলি ডায়থেন এম-45 অথবা রিডোমিল গোল্ড প্রয়োগ করে তা টিউবারে স্প্রে করে এ রোগ দমন করা যায়।"
tuber,sweet potato,মিষ্টি আলু,41,pest_disease,ফিদারী মোটল ভাইরাস রোগ,এটি এক প্রকার ভাইরাস রোগ। এ রোগের ফলে ফলন মারাত্মক হ্রাস পায়।
tuber,sweet potato,মিষ্টি আলু,41,pest_disease,রোগের কারণ,এই ভাইরাসের নাম মিষ্টিআলুর ফিদারি মোটল ভাইরাস। জাব পোকা দ্বারা এ ভাইরাসটি অসুস্থ গাছ হতে সুস্থ গাছে ছড়িয়ে পড়ে।
tuber,sweet potato,মিষ্টি আলু,41,pest_disease,রোগের লক্ষণ,"মিষ্টিআলুর পাতায় হালকা থেকে গাঢ় মোটল দাগ পড়ে। গাছের আকার ছোট হয়ে যায়। মিষ্টিআলুর রাসেট ক্রাক, ভেইন ক্লিয়ারিং, ভেইন ফিদারিং এবং ক্লোরোটিক স্পট এ রোগের অন্যতম লক্ষণ।"
tuber,sweet potato,মিষ্টি আলু,41,pest_disease,রোগ দমন ব্যবস্থাপনা,রোগ মুক্ত লতা লাগানো। পরিষ্কার পরিচ্ছন্ন চাষাবাদ করলে রোগের প্রকোপ কমানো যায়। জাব পোকা দমনের মাধ্যমে এ রোগের বিস্তার রোধের জন্য এডমায়ার নামক কীটনাশক 0.1% হারে প্রতি 15 দিন পর পর 2-3 বার স্প্রে করা।
tuber,sweet potato,মিষ্টি আলু,41,pest_disease,পাতা কোকড়ানো বা লিফ কার্ল ভাইরাস,এটি এক ধরনের ভাইরাস রোগ। এ রোগের আক্রমণে ফলন মারাত্মক ক্ষতিগ্রস্থ হয়। এ রোগটি সাদা মাছি পোকা দ্বারা ছড়ায়।
tuber,sweet potato,মিষ্টি আলু,41,pest_disease,রোগের লক্ষণ, এ রোগে মিষ্টিআলুর পাতা খুব ছোট হয়ে যায়।  মিষ্টিআলুর পাতা উর্ধ্বমুখী হয়ে কুকড়িয়ে যায়।
tuber,sweet potato,মিষ্টি আলু,41,pest_disease,রোগ দমন ব্যবস্থাপনা, রোগমুক্ত লতা লাগানো।  পরিষ্কার পরিচ্ছন্ন চাষাবাদ করা।  এডমায়ার নামক কীটনাশক 0.1% হারে প্রতি 15 দিন পর পর স্প্রে করে সাদা মাছি পোকা দমনের মাধ্যমে এ রোগের বিস্তার রোধ করা।
tuber,yam,মেটেআলু,49,other,গাছ,একক (Simple) পাতা ফেদাড়ী এবং গোড়ার দিকে পাতা Alternate ও উপরের দিকের পাতা কাণ্ডের দুই পাশের একই স্থান থেকে উৎপত্তি হয় (Opposite)। পরিপক্ক পাতায় লোব ফাঁকা থাকে তবে কচি পাতায় লোব একটি আরেকটির উপরে দেখা যায়। বোটার গোড়ায় গোলাপী রঙ থাকে। কাণ্ড বাম থেকে ডান দিকে পেঁচানো। চারটি নরম রিহম থাকে। কাণ্ডের দৈর্ঘ্য 483 সে.মি. (5 মাস 14 দিন বয়সে) যা সবুজ ও লোমহীন। গিট থেকে গিটের দূরুত্ব 20 সে.মি. (মাটি থেকে 1 মিটার এর মধ্যে)।
tuber,yam,মেটেআলু,49,soil_climate,জলবায়ু ও মাটি,মেটেআলুর জন্য সুনিষ্কাশিত গভীর বেলে দোঁয়াশ মাটি সর্বোত্তম। মাটিতে উত্তম pH হচ্ছে 5.0-7.0।
tuber,yam,মেটেআলু,49,other,চাষাবাদ পদ্ধতি,চাষের গভীরতা 20 সেমি (8'') বা তার বেশী হলে কন্দের সঠিক বৃদ্ধির জন্য ভাল। মেটেআলুর বীজ রোপণের তিনটি পদ্ধতি রয়েছে। যথা
tuber,yam,মেটেআলু,49,other,1) ঢিবি পদ্ধতি (,Mound planting
tuber,yam,মেটেআলু,49,other,),"এটি মাটির সমতল ছোট আকারের গর্ত করে উপরের মাটির সাথে জৈব পদার্থ যোগ করে 50-60 সেমি (20-24'') উঁচু স্তুপ তৈরি করা হয়। স্তুপ থেকে স্তুপের দূরত্ব 1-1.2 মিটার (40-48'')। এই স্তুপ কন্দের সঠিক বৃদ্ধি, সহজে সংগ্রহ ও উচ্চ ফলন দিতে সহায়তা করে। প্রত্যেক স্তুপের মাঝখানে অঙ্কুরিত বীজ কন্দ রোপণ করা হয়।"
tuber,yam,মেটেআলু,49,other,2) উঁচু ভেলী পদ্ধতি (,Ridge planting
tuber,yam,মেটেআলু,49,other,),সাধারণত এঁটেল মাটিতে এই পদ্ধতি অনুসরণ করা হয়। উত্তম রুপে চাষ করা জমিতে 1 মিটার প্রস্থের উঁচু ভেলী তৈরি করা হয়। বীজ কন্দ উঁচু ভেলীতে রোপণ করা হয়। অন্যান্য পদ্ধতির তুলনায় এই পদ্ধতিতে ফলন বেশী হয়।
tuber,yam,মেটেআলু,49,other,3) সমতল পদ্ধতি (,Flat planting
tuber,yam,মেটেআলু,49,other,),হালকা বেলে মাটিতে এই পদ্ধতি অনুসরণ করা হয়। জমিতে সাধারণভাবে চাষ দিয়ে প্রস্তুত করে নির্দিষ্ট দূরত্বে সারি করে বীজ কন্দ রোপণ করা হয়।
tuber,yam,মেটেআলু,49,sowing_time,রোপণের সময়,মধ্য ফেব্রুয়ারি থেকে মে মাস (ফাল্গুন থেকে মধ্য জ্যৈষ্ঠ) পর্যন্ত মেটেআলু রোপণ করা যায়।
tuber,yam,মেটেআলু,49,spacing,রোপণ দূরত্ব ও গভীরতা,বীজ কন্দ মাটির উপরিতল হতে 10-15 সেমি (4″-6″) গভীরে ও 1.2 মি. × 1.2 মি. (4′ × 4′) বা 1.2 মি × 0.9 মি (4′ × 3′) দূরত্বে রোপণ করা হয়।
tuber,yam,মেটেআলু,49,other,বীজ প্রস্তুতি,"খাদ্যোপযোগী মেটেআলুর ছোট আকারের কন্দ, কন্দের কাটা টুকরা বা সেট এবং বুলবিল বীজ হিসাবে ব্যবহৃত হয়। ছোট আকারের কন্দ (250 গ্রাম-1 কেজি) পুরোটাই রোপণ করা হয়। বড় আকারের কন্দ কেটে টুকরা করে অঙ্কুরোদগমের জন্য রেখে দেওয়া হয়।"
tuber,yam,মেটেআলু,49,seed_rate,বীজের হার,2-2.5 টন/হেক্টর।
tuber,yam,মেটেআলু,49,fertilizer,সারের মাত্রা ও প্রয়োগ পদ্ধতি,"মেটেআলুতে জৈব সারের ব্যাপক প্রভাব রয়েছে। হেক্টরপ্রতি 20 টন গোবর বা খামারজাত সার ও 2 টন ছাই, 260 কেজি ইউরিয়া, 300 কেজি টিএসপি এবং 160 কেজি এমপি সার প্রয়োগ করতে হবে। গোবর বা খামার জাত সার, ছাই ও টিএসপি সারের সবটুকু এবং অর্ধেক এমপি সার মাদা তৈরির সময় মাদার মাটির সাথে ভালভাবে মিশিয়ে দিতে হবে। ইউরিয়া অর্ধেক এবং অবশিষ্ট এমপি সারের অর্ধেক বীজ রোপণের 35-40 দিন পর এবং অর্ধেক ইউরিয়া ও অবশিষ্ট এমপি সার বীজ রোপনের 70-80 দিনের মধ্যে উপরি প্রয়োগ করতে হবে।"
tuber,yam,মেটেআলু,49,intercultural,আশ্রয়দাতা/খুঁটি দেওয়া,মেটেআলু লতানো উদ্ভিদ বিধায় বাউনি দেয়া গুরুত্বপূর্ণ। (1) একক খুঁটি (2) পিরামিডীয় খুঁটি (3) মাচা পদ্ধতি।
tuber,yam,মেটেআলু,49,irrigation,সেচ ও নিষ্কাশন,বীজ রোপণ ও বৃদ্ধির প্রাথমিক পর্যায়ে মার্চ থেকে মে (মধ্য ফাল্গুন থেকে মধ্য জ্যৈষ্ঠ) পর্যন্ত মাটির আর্দ্রতা বুঝে 2/3 টি হালকা সেচ দিলে ফলন ভাল হয় এবং পানি নিষ্কাশনের সুবন্দোবস্ত করতে হবে।
tuber,yam,মেটেআলু,49,pest_disease,রোগ ও পোকা দমন ব্যবস্থাপনা,
tuber,yam,মেটেআলু,49,other,অ্যানথ্রাকনোজ,এ রোগের ফলে পাতায় বৃত্তাকার বাদামী দাগ ও তার চারপাশে হলুদাভ বলয় দেখা যায়। পরবর্তীতে আক্রান্ত বৃত্তাকার অংশ ছিদ্রযুক্ত হয়ে যায়। অতিরিক্ত আক্রমণে গাছের বৃদ্ধি ও ফলন কমে যায়। প্রতিকার: 1. রোগমুক্ত ভাল বীজ ব্যবহার করতে হবে। 2. অতিরিক্ত আক্রমণে টিল্ট (0.5 মিলি/লিটার) প্রয়োগ করতে হবে।
tuber,yam,মেটেআলু,49,pest_disease,বিছা পোকা,(Hairy caterpillar)
tuber,yam,মেটেআলু,49,other,,"পোকার লার্ভা গাছের পাতায় আক্রমণ করে সবুজ অংশ খেয়ে ফেলে। এরা প্রাথমিক অবস্থায় এরা দলবদ্ধ ভাবে পাতায় অবস্থান করে, পরবর্তীতে আলাদা হয়ে সমস্ত গাছে ছড়িয়ে পড়ে।"
tuber,yam,মেটেআলু,49,pest_disease,ব্যবস্থাপনা,আলোর ফাঁদ দিয়ে মথকে আকৃষ্ট করে ধরে মারা যায়। আক্রমণের মাত্রা বেশী হলে ক্যারাটে 2.5 ইসি (1 মিলি/লিটার) অথবা ক্লোরোপাইরিফস (2 মিলি/লিটার) স্প্রে করা যেতে পারে।
tuber,yam,মেটেআলু,49,pest_disease,জুন বিটল,(June beetle)
tuber,yam,মেটেআলু,49,other,,"এ পোকা কচি পাতায় আক্রমণ করে ছিদ্রযুক্ত করে ফেলে। পোকাগুলি দিনের বেলায় পার্শ্ববর্তী গাছে লুকিয়ে থাকে, সন্ধ্যার পর গাছে আক্রমণ করে।"
tuber,yam,মেটেআলু,49,pest_disease,ব্যবস্থাপনা,সন্ধ্যার পর পোকা সংগ্রহ করে মের ফেলতে হবে। আক্রমণ বেশি হলে ক্যারাটে 2.5 ইসি (1 মিলি/লিটার) অথবা ক্লোরোপাইরিফস (2 মিলি/লিটার) প্রয়োগ করা যেতে পারে। বিকেল বেলা স্প্রে করা উত্তম।
tuber,yam,মেটেআলু,49,pest_disease,পাতা মোড়ানো পোকা,(Leaf roller)
tuber,yam,মেটেআলু,49,other,,পোকার লার্ভা পাতা মুড়িয়ে ভিতরের অংশ খায়। লার্ভাগুলি মোড়ানো পাতার ভিতরে অবস্থান করে। এদের আক্রমণ মারাত্মক নয়।
tuber,yam,মেটেআলু,49,other,তাসক মথ,(Tussok moth)
tuber,yam,মেটেআলু,49,other,,"পোকার লার্ভা গাছের পাতা খেয়ে ফেলে, পাতায় অসম ছিদ্র দেখা যায়। লার্ভাগুলি সুন্দর আকারের হয়।"
tuber,yam,মেটেআলু,49,pest_disease,ব্যবস্থাপনা,মোড়ানো পাতার ভিতর হতে লার্ভা সংগ্রহ করে মেরে ফেলতে হবে। আক্রমণ কম হওয়ায় কীটনাশক প্রয়োগের প্রয়োজন নেই।
tuber,yam,মেটেআলু,49,harvest,ফসল সংগ্রহ,যখন অধিকাংশ পাতা হলুদ বর্ণ ধারণ করে অথবা লতা সম্পূর্ণরূপে শুকিয়ে যায় তখন মেটেআলু উত্তোলনের উত্তম সময়। মেটেআলুর জীবন কাল 8 থেকে 11 মাস।
tuber,yam,মেটেআলু,49,yield,ফলন,মেটে আলুর ফলন প্রজাতি ও উৎপাদন ব্যবস্থাপনার উপর দারুনভাবে নির্ভরশীল। জাতটির কন্দের গড় ফলন 117.8 টন/হেক্টর।
tuber,yam,মেটেআলু,49,other,সংরক্ষণ,মেটে আলু সাধারণ তাপমাত্রা অর্থাৎ 30 ডিগ্রি সে. তাপমাত্রায় সহজেই 6 মাস পর্যন্ত সংরক্ষণ করা যায়। ঠাণ্ডা ও উত্তম বায়ু চলাচলযুক্ত ঘরে 1-2 স্তরে 2-3 ইঞ্চি বালুর স্তর দিয়ে বিছিয়ে সহজেই সংরক্ষণ করা যায়।
tuber,water taro (panikochu),কচু,54,soil_climate,মাটি,পলি দোআঁশ ও এঁটেল মাটি পানি কচু চাষের উপযোগী।
tuber,water taro (panikochu),কচু,54,sowing_time,রোপণের সময়,আগাম ফসলের জন্য কার্তিক-অগ্রহায়ণ (মধ্য অক্টোবর থেকে মধ্য ডিসেম্বর) ও নাবী ফসলের জন্য মধ্য মাঘ-ফাল্গুন (ফেব্রুয়ারি-মধ্য মার্চ) মাসে লাগানো যায়। তবে বাণিজ্যিকভাবে চাষাবাদের জন্য পৌষ মাস (মধ্য ডিসেম্বর থেকে মধ্য-জানুয়ারি) চারা রোপণের সর্বোত্তম সময়।
tuber,water taro (panikochu),কচু,54,seed_rate,বীজ হার,কচু চাষে প্রয়োজন প্রতি হেক্টরে 37-38 হাজার চারা।
tuber,water taro (panikochu),কচু,54,sowing_method,রোপণ পদ্ধতি,সারি পদ্ধতিতে চারা লাগানো হয়।
tuber,water taro (panikochu),কচু,54,spacing,বীজ রোপণের দূরত্ব,উন্নত জাতের কচুর জমিতে সারি থেকে সারির দূরত্ব 60 সেমি এবং গাছ থেকে গাছের দূরত্ব 45 সেমি রাখতে হবে।
tuber,water taro (panikochu),কচু,54,fertilizer,সারের পরিমাণ,"সারের নাম সারের পরিমাণ কেজি/হেক্টর কেজি/বিঘা কেজি/শতক গোবর 10,000-15,000 1377-2066 5.59-8.50 ইউরিয়া 300 - 350 41.32-48.21 0.17-0.20 টিএসপি 150 - 200 20.66-27.55 0.08-0.11 এমওপি 300-340 40.48-45.88 1.2-1.4 জিপসাম 100 - 130 13.77-17.91 0.06-0.07 জিংক সালফেট* 10 - 16 1.38-2.2 0.01 বরিক এসিড* 10 - 12 1.38-1.65 0.01 *এলাকাভেদে প্রয়োজন হয়"
tuber,water taro (panikochu),কচু,54,fertilizer_method,সার প্রয়োগ পদ্ধতি,"গোবর বা কম্পোস্ট, টিএসপি, জিপসাম, জিংক সালফেট, বরিক এসিড এবং অর্ধেক এমওপি সার জমি তৈরির সময় শেষ চাষের আগে প্রয়োগ করতে হবে। চারা রোপণের 1.5-2 মাস সময়ে অর্ধেক এমওপি এবং ইউরিয়ার এক ষষ্ঠাংশ ছিটিয়ে দিতে হবে। বাকি পাঁচ ভাগ ইউরিয়া সার সমান কিস্তিতে 15 দিন পর পর জমিতে প্রয়োগ করতে হবে।"
tuber,water taro (panikochu),কচু,54,intercultural,অন্তর্বর্তীকালীন পরিচর্যা,পানি কচুর গোড়ায় দাঁড়ানো পানির গভীরতা 8-10 সেমি এর বেশি হলে ফলন কমে যায় এবং দাঁড়ানো পানি মাঝে মাঝে নাড়িয়ে দিতে হবে। বর্ষাকালে জমি থেকে 8-10 সেমি এর বেশি পানি সরিয়ে ফেলতে হবে।
tuber,water taro (panikochu),কচু,54,pest_disease,আগাছা দমন,পানি কচুর জমি সব সময়ই আগাছামুক্ত রাখতে হবে। চারা লাগানোর পর থেকে 3 মাস পর্যন্ত জমিতে অধিক আগাছা জন্মাতে পারে। এ সময় জমি আগাছামুক্ত রাখা খুবই প্রয়োজন।
tuber,water taro (panikochu),কচু,54,irrigation,সেচ ও পানি নিষ্কাশন,পানি কচু চাষের জন্য দীর্ঘ জলাবদ্ধতা ভাল নয়। এ জন্য মাঝে মাঝে দাঁড়ানো পানি নেড়ে চেড়ে দেয়া আবশ্যক। পানি কচুর জন্য দাঁড়ানো পানির গভীরতা 8-10 সেমি এর বেশি হওয়া উচিত নয়।
tuber,water taro (panikochu),কচু,54,intercultural,অন্যান্য পরিচর্যা,
tuber,water taro (panikochu),কচু,54,pest_disease,"পোকামাকড়, রোগবালাই এবং এর প্রতিকার",পানি কচুতে কয়েকটি পোকা ও রোগবালাই এর আক্রমণ হতে পারে। সে বিষয়ে বিস্তারিত আলোচন করা হলো।
tuber,water taro (panikochu),কচু,54,pest_disease,পোকামাকড়,
tuber,water taro (panikochu),কচু,54,pest_disease,লেদা পোকা বা প্রডেনিয়া ক্যাটারপিলার,পূর্ণবয়স্ক মথের পাখার বিস্তৃতি 2.5 সেমি। পূর্ণবয়স্ক মথ গাছের পাতার নিচে গুচ্ছাকারে ডিম পাড়ে। কীড়া প্রাথমিক পর্যায়ে সবুজ বর্ণের হয় এবং মাথার রং কালো হয়। একটি পূর্ণবয়স্ক কীড়া 2.5 সেমি লম্বা হয়। প্রাথমিকভাবে এরা গুচ্ছাকারে থাকলেও পরবর্তীতে সারা মাঠে ছড়িয়ে পড়ে।
tuber,water taro (panikochu),কচু,54,pest_disease,প্রতিকার, ডিম সংগ্রহ করে নষ্ট করা এবং হাত দ্বারা কীড়া আক্রান্ত পাতা সংগ্রহ করে ধ্বংস করা।  ফেরোমোন ফাঁদ পেতে পুরুষ পোকা মেরা ফেলা সম্বব। এতে করে নতুন পোকার জন্ম হতে পারে না এবং আস্তে আস্তে পোকার সংখ্যা কমে যাবে। এছাড়াও ফেরোমন ফাঁদের সাথে বায়োপেস্টিসাইড GmGbwcwf (SNPV) প্রয়োগ করলে সহজে পোকা দমন করা যায়।  আক্রমণ তীব্র হলে কুইনালফস গ্রুপের কীটনাশক (দেবীকুইন 25ইসি/কিনালাক্র 25ইসি/ করোলাক্র 25ইসি) প্রতি লিটার পানিতে 1 মিলি লিটার পরিমাণ মিশিয়ে স্প্রে করে এ পোকা দমন করা যায়।
tuber,water taro (panikochu),কচু,54,pest_disease,কচুর লাল মাকড়,কচুর পাতার নিচের দিকে লাল রঙের ক্ষুদ্র মাকড়ের আক্রমণ দেখা যায়। এদেরকে খালি চোখে দেখা যায় না। পূর্ণ বয়স্ক এবং নিম্ফ উভয়ই গাছের ক্ষতি করে থাকে।  প্রতি লিটার পানিতে 1.5 মি.লি. এবামেকটিন (ভার্র্টিমেক 1.8 ইসি) পানির সাথে মিশিয়ে 10 দিন পর পর পাতার উভয় পৃষ্ঠে স্প্রে করলে লাল মাকড় দমন করা যায়।  পাইরিথ্রয়েড জাতীয় কীটনাশক ব্যবহার যথাসম্ভব পরিহার করতে হবে। কারণ পাইরিথ্রয়েড জাতীয় কীটনাশক অতিরিক্ত ব্যবহারে জমিতে পরভোজী মাকড়ের সংখ্যা কমে যায় এবং ফলশ্রুতিতে ক্ষতিকারক মাকড়ের আক্রমণ বৃদ্ধি পায়।
tuber,water taro (panikochu),কচু,54,pest_disease,কচুর জাব পোকা,জাব পোকা (Aphis gossypii) রস শোষণ করে এবং ভাইরাস রোগ ছড়িয়ে ফসলে ক্ষতি করে। এই পোকা পাতার রস শোষণ করে এবং ক্লোরোফিলের পরিমাণ হ্রাস করে। ফলে গাছের খাদ্য উৎপাদন ক্ষমতা কমে যায় ফলশ্রুতিতে ফলন ও কমে যায়।
tuber,water taro (panikochu),কচু,54,pest_disease,প্রতিকার, হাইডাফ্লোপ্রিড (এডমায়ার 100 এসপি) 0.5 মি.লি. হারে প্রতি লিটার পানিতে মিশিয়ে 10 দিন পর পর 2-3 বার স্প্রে করতে হবে।
tuber,water taro (panikochu),কচু,54,pest_disease,কচুর বিভিন্ন রোগ ও তার দমন ব্যবস্থাপনা,"কচু বাংলাদেশের একটি প্রধান সবজি। এতে প্রচুর পরিমাণ শ্বেতসার, ক্যালসিয়াম, লৌহ, ফসফরাস এবং ভিটামিন এ ও সি রয়েছে। এছাড়া এর স্টার্চ কণা ছোট বলে শিশু খাদ্য হিসেবে সহজেই ব্যবহার করা যায়। কচু সাধারণত খরিফ মৌসুমে চাষ করা হয়। এটি খরিফ মৌসুমের শতকরা প্রায় 26 ভাগ দখল করে থাকে। বর্ষার শেষ ভাগে বাজারে সবজির ঘাটতি দেখা যায়। এ সময় কচুই সবজির ঘাটতি অনেকটা পূরণ করে থাকে। বাংলাদেশের মাটি ও আবহাওয়া কচু চাষের জন্য অত্যন্ত উপযোগী। অন্যান্য ফসলের ন্যায় কচুও নানা রোগ বালাই দ্বারা আক্রান্ত হয়ে থাকে, যার ফলে এর ফলন হ্রাস পায়। নিচে কচুর বিভিন্ন রোগ ও তার দমন ব্যবস্থা নিয়ে আলোচনা করা হল।"
tuber,water taro (panikochu),কচু,54,pest_disease,পাতা ঝলসানো রোগ,"কচুর রোগের মধ্যে পাতা ঝলসানো রোগ অন্যতম। পৃথিবীতে এ রোগ ট্যারো লিফ ব্লাাইট (Taro Leaf Blight), ফাইটোফথোরা লিফ ব্লাাইট (Phytophthora leaf blight) ইত্যাদি নামে পরিচিত। ধারণা করা হয় দক্ষিণ পূর্ব এশিয়াতে এ রোগ প্রথম দেখা দেয় যা পরবর্তীতে প্রশান্ত মহাসাগরীয় বিভিন্ন দ্বীপপুঞ্জ ও ওশেনিয়া অঞ্চলে ছড়িয়ে পড়ে। তবে আমাদের দেশে এ রোগ, কচুর পাতা ঝলসানো রোগ নামে পরিচিত। আক্রান্ত বীজ ও আক্রান্ত গাছের অংশবিশেষ স্থানান্তরের মাধ্যমে এ রোগ, আক্রান্ত স্থান হতে রোগমুক্ত স্থানে বিস্তার লাভ করে। এ রোগের আক্রমণে ফসলের মারাত্মক ক্ষতি হয়। এ রোগ ফসলের পাতা, করম (Corm) ও অন্যান্য দেহতাত্ত্বিক অংশে হয়ে থাকে। এ রোগের আক্রমণে পাতা ও করম (Corm) পচে যায়। এক প্রতিবেদনে দেখা যায় এ রোগের আক্রমণে মাঠে 30-40% পর্যন্ত ফলন হ্রাস পেয়ে থাকে। এমনকি সংরক্ষিত করমে এ রোগের আক্রমণে পচন দেখা যায়। ফিলিপিনে এক গবেষণায় দেখা যায়, এ রোগের আক্রমণে সহনশীল জাতগুলাতে 24.4% ও রোগপ্রবণ জাতে 36.5% ক্ষতি হয়। উচ্চ তাপমাত্রা ও আর্দ্রতা, ঘন করে গাছ লাগানো এ রোগের আক্রমণকে ত্বরান্বিত করে। অতিরিক্ত র্আদ্র আবহাওয়ায়, আক্রান্ত পাতা অথবা কিউটিকলে প্রচুর পরিমাণে এ রোগের জীবাণু উৎপাদিত হয়। যা বৃষ্টির মাধ্যমে পুরো জমিতে ছড়িয়ে পড়ে। এদেশে জুলাই-সেপ্টেম্বর মাসে এ রোগের আক্রমণ বেশি দেখা যায়। এই রোগের স্পোরাঞ্জিয়া (Sporangia) অঙ্কুরিত (Germination) হওয়া ও জুস্পোর চলাচলের জন্য মুক্ত পানির প্রয়োজন। গাছের পাতা কত সময় ভেজা থাকে, তার উপরে এ জীবাণুর আক্রমণ নির্ভর করে। তাপমাত্রা 24-270 সে. এবং বাতাসে জলীয় বাষ্পের পরিমাণ শতকরা প্রায় 100 ভাগের কাছাকাছি হলে 6-8 ঘণ্টার মধ্যে জুস্পোর স্পোরাঞ্জিয়া থেকে বের হয়ে গাছের পাতায় আক্রমণ করে থাকে। দিনের তাপমাত্রা 25-280 সে. এবং রাতের তাপমাত্রা 20-220 সে. ও আপেক্ষিক আর্দ্রতা যথাক্রমে শতকরা 65 ও 100 ভাগ এ রোগের বিস্তারের জন্য সবচেয়ে উপযোগী।"
tuber,water taro (panikochu),কচু,54,pest_disease,রোগের জীবাণু,"ফাইটোফথোরা কলোকোসিয়া (Phytophthora colocasiae) নামক ছত্রাকের আক্রমণে এ রোগ হয়। অণুবীক্ষণ যন্ত্রের সাহায্যে এ ছত্রাকটির মাইসেলিয়াম বর্ণহীন, শাখাযুক্ত ও প্রস্থ প্রাচীর বিহীন (Coenocytic)।"
tuber,water taro (panikochu),কচু,54,pest_disease,রোগের লক্ষণ," আক্রান্ত পাতায় প্রথমে ছোট কাল দাগ দেখা যায় যা দ্রুত বৃদ্ধি পেয়ে হলুদ প্রান্তযুক্ত বাদামী বর্ণে পরিণত হয়। আক্রান্ত স্থানে চক্রাকার (Concentric) জোনের সৃষ্টি হয় এবং তা হতে হলুদ বর্ণের উজ (ooze) বের হয়ে আসে, যা পরর্বতীতে শুকিয়ে গাঢ় র্পাপল (Purple) বর্ণ ধারণ করে।  কিছু কিছু রোগাক্রান্ত টিস্যু সাদা বর্ণের স্পোরাঞ্জিয়া বেষ্টিত থাকে। পরবর্তীতে দাগগুলো বৃদ্ধি পায় এবং অনেকগুলো দাগ একত্রিত হয়ে (সাধারণত পাতার প্রান্ত বরাবর) পুরো পাতায় ছড়িয়ে যায়। আক্রান্ত পাতায় অনিয়মিত আকার ও আকৃতির দাগ দেখা যায়।  মাঝে মাঝে এ রোগের আক্রমণের ফলে পেটিউলে ছোপ ছোপ ভেজা দাগ দেখা যায়। পরবর্তীতে সম্পূর্ণ গাছ ও পাতা পুড়ে যায়। সংরক্ষিত করমে এ রোগের আক্রমণে ধুসর বাদামী হতে কালচে নীল রঙের দাগ দেখা যায়। এ দাগগুলো দ্রুত বৃদ্ধি পেয়ে একত্রিত হয়ে সমস্ত করম পচে যায় ।"
tuber,water taro (panikochu),কচু,54,pest_disease,রোগ দমন ব্যবস্থাপনা," এ রোগের অন্যতম উৎস হল আক্রান্ত বীজ। বীজে সাধারণত ছত্রাকটির মাইসেলিয়াম থাকে, তাই রোগ দমনের জন্য রোগমুক্ত এলাকা থেকে সুস্থ বীজ সংগ্রহ করতে হবে।  গাছের রোগাক্রান্ত পাতা ছেটে ফেলা এবং ফসল সংগ্রহের পর জমিতে পড়ে থাকা করম ও পাতা ধ্বংস করতে হবে।  জমিতে রোগ দেখা মাত্রই ডাইমেথোমর্ফ+মেনকোজেব গ্রুপের ছত্রাকনাশক (এক্রোবেট এম জেড) অথবা ফেনামিডন + মেনকোজেব গ্রুপের ছত্রাকনাশক (যেমন: সিকিউর 600 ডব্লিউজি) অথবা মেটালেক্সিল + মেনকোজেব গ্রুপের ছত্রাকনাশক (যেমন: রিডোমিল গোল্ড) অথবা মেনকোজেব গ্রুপের ছত্রাকনাশক (ইন্ডোফিল এম-45) প্রতি লিটার পানিতে 2 গ্রাম হারে মিশিয়ে গাছের পাতার উপরে ও নিচে ভিজিয়ে 7-10 দিন পর পর 3-4 বার স্প্রে করতে হবে।"
tuber,water taro (panikochu),কচু,54,pest_disease,পাতায় দাগ পড়া বা লিফ স্পট রোগ,এটি একটি ছত্রাক জনিত রোগ। বাংলদেশে কচুর জমিতে সাধারনত এ রোগ সহজেই চোখে পড়ে।
tuber,water taro (panikochu),কচু,54,pest_disease,রোগের জীবাণু,কোলেটোট্রিকাম (Colletotrichum) গনের অন্র্তভুক্ত কোলেটোট্রিকাম ক্যাপসিসি (Colletotrichum capsicii)/ কোলেটোট্রিকাম লিন্ডেমুথিয়ানাম (Colletotrichum lindemuthianum) নামক ছত্রাক দ্বারা এ রোগ হয়ে থাকে।
tuber,water taro (panikochu),কচু,54,pest_disease,রোগের লক্ষণ," এ রোগের আক্রমণে কচু পাতায় শুকনো ছোট ও মাঝারী আকারের দাগ পড়ে।  আক্রমণ বেশি হলে সম্পূর্ণ গাছই পুড়ে যেতে পারে, ফলে ফসলের উৎপাদন ব্যাপকভাবে হ্রাস পায়।"
tuber,water taro (panikochu),কচু,54,pest_disease,রোগ দমন ব্যবস্থাপনা, রোগমুক্ত স্থান হতে সুস্থ সবল চারা/করম সংগ্রহ করা।  জমিতে রোগ দেখা দিলে প্রোপিকোনাজল গ্রুপের ছত্রাকনাশক (যেমন: টিল্ট 250 ইসি) অথবা এজোক্সিস্ট্রোবিন (20%)+ ডাইফেনোকোনাজল (12.5%) গ্রুপের ছত্রাকনাশক (যেমন: এমিস্টার টপ) প্রতি লিটার পানিতে 0.5 মিলি হারে মিশিয়ে গাছের পাতার ওপরে ও নীচে ভিজিয়ে 7-10 দিন পর পর 3-4 বার স্প্রে করতে হবে।  অলটারনেরিয়া পাতায় দাগ রোগ দেখা দিলে ইপ্রোডিয়ন গ্রুপের ছত্রাকনাশক যেমন: রোভরাল 2 গ্রাম প্রতি লিটার পানিতে মিশিয়ে 10-12 দিন পর পর 2-3 বার স্প্রে করতে হবে।  পরিষ্কার চাষাবাদ ও শস্য পর্যায় অবলম্বন করে এ রোগ কমানো যাবে।
tuber,tannia (Xanthosoma),সাহেবীকচু,58,other,পুষ্টিমান,"বারি সাহেবীকচু-1 এর বিভিন্ন অংশের (কাণ্ড, পাতা, পাতার বোঁটা প্রভৃতি) পুষ্টি উপাদানের ভিন্নতা রয়েছে। তবে এ জাতটির কন্দ উচ্চ পুষ্টিমান সসৃদ্ধ সবজি হিসেবে বিবেচিত। গবেষণায় দেখা গেছে এটি উত্তম রন্ধনগুণ সম্পন্ন অর্থাৎ কন্দ সিদ্ধ করলে তাড়াতাড়ি সমানভাবে নরম হয় ও গলা চুলকানীমুক্ত (Free from acriditz)। কন্দে শুষ্ক পদার্থের পরিমাণ 17.79% এবং আর্দ্রতা 82.21%। খনিজ উপাদানের মধ্যে ক্যালসিয়াম 1.70% পিপিএম, ফসফরাস 0.95% পিপিএম এবং আয়রন 94.20% পিপিএম বিদ্যমান। অদ্যদিকে ভিটামিন সি 5.88 মি.গ্রা./100 গ্রাম, বিটা-ক্যারোটিন 57.93 মি.গ্রা./গ্রাম, মোট দ্রবিভ‚ত কঠিন পদার্থ 9.58%, স্টার্চ 74.36%, আঁশ 6.54% এবং আমিষ 9.03%।"
tuber,tannia (Xanthosoma),সাহেবীকচু,58,soil_climate,উপযোগী এলাকা,জাতটি বরিশাল অঞ্চলে ব্যাপকভাবে চাষাবাদ হয়। তবে সারাদেশে পানি জমে না এমন দোঁ-আশ মাটিতে চাষ করা সম্ভব। বিশেষ করে বসত বাড়ীর আশে পাশের পতিত জমিতে চাষ করে পুষ্টিগুণ সমৃদ্ধ সবজির চাহিদা অনেকাংশে পূরণ করা যায়।
tuber,tannia (Xanthosoma),সাহেবীকচু,58,soil_climate,মাটি ও জলবায়ু,"সাহেবীকচু সাধারণতঃ উঁচু ও সমতল ভ‚মির ফসল। জৈব পদার্থ সমৃদ্ধ বেলে দোঁ-আশ মাটি সাহেবী/মৌলবী কচু চাষের জন্য অধিক উপযোগী। এই কচু 2/1 দিন স্বল্প জলাবদ্ধতা সহ্য করতে পারলেও অধিক জলাবদ্ধতা মোটেও সহ্য করতে পারে না। আংশিক ছায়াযুক্ত স্থান সাহেবী কচুর জন্য উত্তম, প্রখর রোদে এর ফলন ও গুণগতমান হ্রাস পায়। অন্যান্য কচু ফসলের মত সাহেবী কচু ও ঊষ্ণ ও আর্দ্র জলবায়ুতে জন্মায়। বার্ষিক গড় তাপমাত্রা 230 সে থেকে 310 সে এবং বার্ষিক গড় বৃষ্টিপাত 1500 মিমি থেকে 2500 মিমি সাহেবীকচুর জন্য উত্তম। তাপমাত্রা 100 সে এর নিচে নেমে গেলে গাছের বৃদ্ধি বাঁধাগ্রস্থ হয়। ফসলটি তিন মাস পর্যন্ত খরা সহ্য করতে পারে।"
tuber,tannia (Xanthosoma),সাহেবীকচু,58,other,চাষের স্থান,"মাঠ ছাড়াও বসতবাড়ীর আশেপাশে, পানের বরজের পার্শ্বে, ক্ষেতের আইল, পুকুর/খালের পাড়, উঁচু পতিত জমি, ফল বাগানের নিচে প্রভৃতি স্থানে সাহেবীকচু স্বল্প পরিচর্যায় সফল ভাবে করা যায়।"
tuber,tannia (Xanthosoma),সাহেবীকচু,58,sowing_method,বংশবিস্তারকারী উপকরণ,"সাহেবীকচুর বংশবিস্তারের উপকরণ হিসেবে সাধারণতঃ গাছের গোড়ার চারা বা সাকার (ঝঁপশবৎ) ব্যবহৃত হয়। তবে 8-10 সেমি কান্ড বা রাইজোম সহ গাছের উপরের ডগা (ঝযড়ড়ঃ ঃরঢ়ং) ও প্যাঁচানো কচি পাতা (Rolled up zoung leaves), 2-3 টি কুঁড়ি/চোখ সহ কান্ডের কর্তিত অংশ (ঝবপঃরড়হ ড়ভ ংঃবস যধারহম 2-3 নঁফং/বুবং) বংশ বিস্তারকারী উপকরণ হিসেবে ব্যবহার করা যেতে পারে।"
tuber,tannia (Xanthosoma),সাহেবীকচু,58,sowing_time,রোপন সময়,সেপ্টেম্বর-অক্টোবর (মধ্য ভাদ্র থেকে মধ্য কার্তিক) চারা (সাকার) লাগানোর উপযুক্ত সময়। উপযুক্ত ব্যবস্থাপনায় সারা বছর চারা রোপণ করা সম্ভব।
tuber,tannia (Xanthosoma),সাহেবীকচু,58,sowing_method,রোপন দ‚রত্ব,সারি থেকে সারির দ‚রত্ব 1.5 মিটার (5 ফুট) এবং সারিতে গাছ থেকে গাছের দ‚রত্ব 1 মিটার (3 ফুট 3 ইঞ্চি)।
tuber,tannia (Xanthosoma),সাহেবীকচু,58,sowing_method,চারার (বীজ) হার,প্রতি হেক্টরে 6666 টি (বিঘা প্রতি 890 টি) চারা লাগাতে হয়।
tuber,tannia (Xanthosoma),সাহেবীকচু,58,fertilizer,সারের মাত্রা ও প্রয়োগ পদ্ধতি,সারের নাম সারের পরিমাণ (গাছ প্রতি) 1-2 বছর 3-4 বছর গোবর 8 কেজি 10 কেজি ইউরিয়া 100 গ্রাম 120 গ্রাম ডিএপি 140 গ্রাম 160 গ্রাম এমওপি 140 গ্রাম 160 গ্রাম জিপসাম 12 গ্রাম 15 গ্রাম বোরণ 3 গ্রাম 3 গ্রাম
tuber,tannia (Xanthosoma),সাহেবীকচু,58,fertilizer_method,সার প্রয়োগ পদ্ধতি,মাঠে বিদ্যমান গাছের ক্ষেত্রে সম্পুর্ণ সার সমান দুই কিস্তিতে গাছের গোড়ার চারিদিকে রিং পদ্ধতিতে বর্ষার আগে এপ্রিল/মে ও পরে সেপ্টেম্বর/অক্টোবর প্রয়োগ করতে হবে।
tuber,tannia (Xanthosoma),সাহেবীকচু,58,intercultural,আন্তঃপরিচর্যা,"ভাল ফলনের জন্য ফসলের ক্ষেতে বিভিন্ন আন্তঃপরিচর্যা যেমন-আগাছা দমন, মালচিং বা গাছের গোড়ায় মাটি তোলা, পুরানো পাতা অপসারণ, পানি সেচ ও নিষ্কাশন প্রভৃতি কাজগুলো প্রয়োজন অনুযায়ী ও সময়মতো করা উচিত।"
tuber,tannia (Xanthosoma),সাহেবীকচু,58,pest_disease,আগাছা দমন,সাহেবীকচু একটি দীর্ঘ মেয়াদী ফসল (2-5 বছর)। তাই গ্রীষ্ম ও বর্ষাকালের উষ্ণ ও আর্দ্র আবহাওয়ায় জমিতে প্রচুর পরিমাণে আগাছা জন্মে। পুরো উৎপাদন মৌসুমে প্রয়োজন অনুযায়ী আগাছা পরিস্কার করতে হবে। প্রতিবার উপরি প্রয়োগের আগে অবশ্যই আগাছা পরিস্কার করতে হবে। চারা লাগানোর দুই মাস পর হতে প্রতি মাসে অন্তত একবার আগাছা পরিষ্কার করতে হবে।
tuber,tannia (Xanthosoma),সাহেবীকচু,58,intercultural,গাছের গোড়ায় মাটি তোলা বা মালচিং,চারা রোপণের 40-45 এবং 90-100 দিন পর দুই সারির মাঝের মাটি কুপিয়ে ঝুরঝুরে করে গাছের গোড়ায় তুলে (মালচিং) দিতে হবে। এতে গাছটির গোড়ায় পানি জমে জলাবদ্ধতা সৃষ্টি হবে না। ফলে রোগবালাই ও পোকামাকড় বিশেষ করে গাছের গোড়া পঁচা রোগ এবং কেঁচো ও শামুকের আক্রমণ কম হয়। অন্যদিকে ঝড়-বৃষ্টিতে গাছ সহজে হেলে পড়ে না।
tuber,tannia (Xanthosoma),সাহেবীকচু,58,other,গাছের পুরানো ও শুকনো পাতা অপসারণ,"প্রতি দুই মাস পর পর গাছের পুরানো ও শুকনো পাতা অপসারণ করতে হবে। পুরানো ও শুকনো পাতা গাছের সুস্থ অঙ্গের (কান্ড, পাতা প্রভৃতি) সংস্পর্শে আসলে তা পঁচে পোকা-মাকড় ও রোগ-বালাইয়ের আক্রমণের উপযুক্ত পরিবেশ সৃষ্টি করে। তাই পরিচ্ছন্ন চাষাবাদ পদ্ধতি অবলম্বন করলে ফসলে পোকা-মাকড় ও রোগ-বালাইয়ের আক্রমন কম হয়।"
tuber,tannia (Xanthosoma),সাহেবীকচু,58,irrigation,সেচ প্রদান ও পানি নিষ্কাশন,মাটির আর্দ্রতার উপর ভিত্তি করে বৃদ্ধির প্রাথমিক পর্যায়ে এবং শুকনো মৌসুমে (জানুয়ারি-মার্চ) 2-3 টি সেচের প্রয়োজন হতে পারে। বর্ষাকালে ফসলে সেচ দেয়ার প্রয়োজন হয় না। এ সময় ক্ষেতে যাতে অতিরিক্ত পানি না জমে সেজন্য নিষ্কাশনের ব্যবস্থা করতে হবে। তবে সাহেবীকচু প্রায় তিন মাস পর্যন্ত শুষ্ক আবহাওয়া এবং দুই সপ্তাহ পর্যন্ত জলাবদ্ধতা সহ্য করতে পারে।
tuber,tannia (Xanthosoma),সাহেবীকচু,58,other,সাহেবীকচুর সাথে আন্তঃ/সাথি ফসলের চাষ,"সাহেবীকচুর চারা রোপণের প্রাথমিক অবস্থায় বিশেষ করে প্রথম বছরে গাছের তেমন অঙ্গজ বৃদ্ধি হয় না। ফলে পাশাপাশি দুইটি সারি ও গাছের মাঝখানে অনেক স্থান ফাঁকা থাকে। এ সমস্ত ফাঁকা স্থানে সারা বছরব্যাপী খুব সহজেই বিভিন্ন সবজি/মসলা ফসল যেমন-লালশাক, ডাটা শাক, গীমাকলমি, মরিচ, ধনে পাতা প্রভৃতি আবাদ করা যায়। এতে জমির সুষ্ঠু ব্যবহারের মাধ্যমে ফসলের উৎপাদনশীলতা বৃদ্ধি পায়। পাশাপাশি সাহেবীকচুর সাথে আন্তঃ/সাথি ফসলের চাষ করলে জমিতে আগাছা, পোকা-মাকড় ও রোগবালাই এর উপদ্রব কম হয়। জাতটিতে রোগের তেমন কোন প্রাদুর্ভাব দেখা যায়নি। তবে মাঝে মাঝে এ জাতে পাতা পোড়া/ঝলসানো ও গোড়া পঁচা রোগের আক্রমণ দেখা দিতে পারে। কচুর এ জাতে মাঠ পর্যায়ে উলেখযোগ্য কোন পোকা-মাকড় দেখা যায় না বললেই চলে। তবে সাহেবীকচুর বড় শত্রু কেঁচো ও শামুক।"
tuber,tannia (Xanthosoma),সাহেবীকচু,58,pest_disease,কেঁচো ও শামুক এর আক্রমণ,স্যাঁতস্যাঁতে পরিবেশে সাহেবীকচুতে কেঁচো ও শামুক আক্রমণ করে থাকে। জমি নিরবিচ্ছিন্নভাবে জলাবদ্ধ থাকলে এবং স্যাঁতস্যাঁতে পরিবেশে এদের উপদ্রুব বাড়ে।
tuber,tannia (Xanthosoma),সাহেবীকচু,58,pest_disease,ক্ষতির ধরন,কেঁচো কচুর কন্দ নষ্ট করে এবং শামুক পাতা খেয়ে ফেলে।
tuber,tannia (Xanthosoma),সাহেবীকচু,58,pest_disease,প্রতিকার,জমিতে পানি নিষ্কাশনের সঠিক ব্যবস্থা নিলে এবং শুকনো ও মরা পাতাগুলো নিয়মিত ছেটে ফেললে কেঁচোর আক্রমণ রোধ করা যায়। কেঁচো কচুর রাইজোম নষ্ট করে এবং শামুক পাতা খেয়ে ফেলে। এছাড়া জমি তৈরির সময় ফিনাইল পাইরাজল গ্রুপের রিজেন্ট 3 জিআর � 10 কেজি/হেক্টর নামক কীটনাশক ব্যবহার করলে কেঁচোর আক্রমণ রোধ করা যায়। এছাড়া গর্ত তৈরির সময় এবং পরবর্তীতে গাছ প্রতি ফারটেরা 2.5 গ্রাম হারে ব্যবহার করলে কেঁচোর আক্রমন রোধ করা যায়। শামুকের আক্রমণ রোধ করার জন্য মেটালডিহাইড (20%) দ্রবণ ব্যবহার করা যেতে পারে।
tuber,tannia (Xanthosoma),সাহেবীকচু,58,harvest,ফসল সংগ্রহ,মধ্যম বয়ষ্ক পাতা যেকোন সময় (চবৎড়ফরপধষষু) খাবার উপযোগী। রাইজোম 2 বছর হতে 5 বছর পযর্ন্ত যেকোন সময় সংগ্রহ করা যাবে। তবে সাধারণত কৃষক অক্টোবর - ডিসেম্বর মাসে রাইজোম সংগ্রহ করে।
tuber,tannia (Xanthosoma),সাহেবীকচু,58,other,রাইজোমের গড় ওজন,"প্রতি রাইজোমের গড় ওজন 25-35 কেজি (3 বছর পর), 50-60 কেজি ( 5 বছর পর)।"
tuber,tannia (Xanthosoma),সাহেবীকচু,58,yield,গড় ফলন,60-90 টন/হেক্টর
tuber,tannia (Xanthosoma),সাহেবীকচু,58,other,সাহেবীকচুর ফসল,"প্রতিটি কন্দের ওজন গড়ে প্রায় 22 কেজি যা 3 বছরে 35 কেজি এবং 5 বছরে 60 কেজি পর্যন্ত হতে পারে। ভালভাবে পরিচর্যা করলে জাতটির কন্দের ফলন দ্বিতীয় বছরে প্রায় 90 টন, তৃতীয় বছরে 120 টন, চতুর্থ বছরে 150 টন এবং পঞ্চম বছরে 180 টন/হেক্টর ফলন পাওয়া যায়। অনুরুপভাবে কন্দের ফলনের সাথে সাথে গাছের ভক্ষণযোগ্য অন্যান্য অংশ যেমন-পাতা, ডগা এবং সাহেবীকচুর সাথে আন্তঃ/সাথি ফসল হিসেবে বিভিন্ন সবজির ফলনও পাওয়া যায় (সারণি-1)। বেশি বয়সের (চারা বা তদ‚র্ধ্ব বছর) কন্দের গুণগত মান (স্বাদ, গন্ধ, সিদ্ধ হওয়া প্রভৃতি) কিছুটা হ্রাস পায় এবং বাজারম‚ল্য কমে যায়, সে কারণে চারা রোপণের 2-3 বছরের মধ্যেই ফসল সংগ্রহ করা উত্তম।"
tuber,tannia (Xanthosoma),সাহেবীকচু,58,yield,"সারণি 1 : বারি সাহেবীকচু-1 এর কন্দ, পাতা, পাতার ডগা এবং আন্তঃ/সাথি ফসলের ফলন",গাছের বয়স রাইজমের ফলন পাতার ফলন পাতার ডগার ফলন আন্তঃ/সাথি ফসল হিসেবে (টন/হে.) (টন/হে.) (টন/হে.) সবজির ফলন (টন/হে.) 2 বছর 80-90 8-10 7.0-8.0 14-16 3 বছর 100-120 8-10 7.0-8.5 3-4 4 বছর 130-150 8-11 7.5-8.8 2-2.5 5 বছর 160-180 8-11 8.0-9.0 1.5-2.0
tuber,tannia (Xanthosoma),সাহেবীকচু,58,other,কন্দ সংরক্ষণ পদ্ধতি,"সাহেবীকচু সাধারণ চারা রোপণের দুই বছর পর সংগ্রহ উপযোগী হয়। সংরক্ষণ করতে হলে বর্ষার পর সেপ্টেম্বর-অক্টোবর মাসে (মধ্য ভাদ্র-মধ্য কার্তিক) সতর্কতার সাথে পরিপক্ক কন্দ সংগ্রহ করতে হবে যাতে কোন প্রকার আঘাতপ্রাপ্ত বা ক্ষতিগ্রস্থ না হয়। অপরিপক্ক কন্দ সংগ্রহ করলে অথবা ক্ষত থাকলে বেশি দিন সংরক্ষণ করা যায় না। কন্দ ভাল করে পরিস্কার করে ঠান্ডা, ছাঁয়াযুক্ত এবং বাতাস চলাচলের সুবিধাযুক্ত স্থানে তৈরিকৃত মাঁচায় সংরক্ষণ করতে হবে। এভাবে কন্দ প্রায় 2 মাস সংরক্ষণ করা যায়।"
tuber,taro (mukhikochu),মুখীকচু,62,soil_climate,মাটি,দোআঁশ মাটি মুখীকচুর জন্য উত্তম। বর্ষাকালে পানি দাঁড়ায় না এমন জমি নির্বাচন করতে হবে।
tuber,taro (mukhikochu),মুখীকচু,62,sowing_time,রোপণের সময়,মধ্য-মাঘ থেকে মধ্য-ফাল্গুন (ফেব্রুয়ারি)।
tuber,taro (mukhikochu),মুখীকচু,62,sowing_method,রোপণ পদ্ধতি,
tuber,taro (mukhikochu),মুখীকচু,62,other,একক সারি পদ্ধতি,সারি থেকে সারির দূরত্ব 60 সেমি এবং গাছ থেকে গাছের দূরত্ব 35 সেমি।
tuber,taro (mukhikochu),মুখীকচু,62,other,ডাবল সারি পদ্ধতি,এ পদ্ধতিতে 75 সেমি × 60 সেমি দূরত্ব বেশি উপযোগী বলে প্রমাণিত হয়েছে। 75 সেমি দূরে দূরে লম্বালম্বি দাগ টানতে হয়। এই দাগের উভয় পাশে 10 সেমি দূর দিয়ে 60 সেমি পর পর বীজ লাগিয়ে যেতে হয়। এতে দুই সারির মধ্যে দূরত্ব 55 সেমি এবং এক সারির দুই লাইনের মধ্যে দূরত্ব হয় 20 সেমি। এই পদ্ধতিতে বীজ লাগালে ফলন প্রায় 40-50% বেড়ে যায়। দুই সারির 3টি বীজ সমদ্বিবাহু ত্রিভ‚জ উৎপন্ন করবে।
tuber,taro (mukhikochu),মুখীকচু,62,seed_rate,বীজের হার,মুখীর ছড়া 450-600 কেজি/হেক্টর (15-20 গ্রাম ওজনের মুখী)।
tuber,taro (mukhikochu),মুখীকচু,62,fertilizer_method,সার প্রয়োগ পদ্ধতি,"সম্পূর্ণ গোবর বা খামারজাত সার, টিএসপি, জিপসাম, জিংক সালফেট ও বরিক এসিড এবং অর্ধেক ইউরিয়া ও এমওপি জমি প্রস্তুতির শেষ চাষের সময় ছিটিয়ে প্রয়োগ করতে হবে। বাকি অর্ধেক এমওপি চারা গজানোর 20-25 দিন পর এবং বাকি ইউরিয়া সমান দুই কিস্তিতে বীজ গজানোর 20-25 দিন এবং 40-50 দিন এর মধ্যে পার্শ্ব প্রয়োগ পদ্ধতিতে উপরি প্রয়োগ করতে হবে। সারের নাম সারের পরিমাণ কেজি/হেক্টর কেজি/বিঘা কেজি/শতক গোবর 10,000 1377 5.59 ইউরিয়া 250-330 34.44-45.45 0.14-0.18 টিএসপি 150-200 20.66-27.55 0.08-0.11 এমওপি 250-350 34.44-48.21 0.14-0.20 জিপসাম 100 - 130 13.77-17.91 0.06-0.07 জিংক সালফেট* 10 - 16 1.38-2.2 0.01 বরিক এসিড* 10-12 1.38-1.65 0.01 *এলাকাভেদে প্রয়োজন হয় মুখীকচুর চাষে নিম্নলিখিত হারে সার ব্যবহার করতে হয়।"
tuber,taro (mukhikochu),মুখীকচু,62,pest_disease,আগাছা দমন,মুখীকচু 6 থেকে 9 মাসের ফসল। গ্রীষ্ম ও বর্ষাকালের উষ্ণ ও আর্দ্র আবহাওয়ায় জমিতে প্রচুর আগাছা জন্মে। মুখীকচুর পুরো উৎপাদন মৌসুমে 4-6 বার আগাছা দমনের প্রয়োজন হয়। বিশেষ করে সারের উপরি প্রয়োগের আগে আগাছা দমন অত্যাবশ্যক। নচেৎ উপরি প্রয়োগের সার ফসলের চেয়ে আগাছাই বেশি গ্রহণ করে বৃদ্ধিপ্রাপ্ত হবে এবং মুখীর ফলন দারুণভাবে হ্রাস করবে। অঙ্কুরোদ্গম পূর্ব আগাছানাশক ম্যাগনাম গোল্ড (Pre-emergence herbicide Magnum Gold) বীজ রোপণের পরপর বা পরের দিন প্রতি লিটার পানিতে 5 মিলি ঔষধ মিশিয়ে স্প্রে করতে হবে। চারা লাগানোর দুই মাস পর হতে এক মাস অন্তর অন্তর চার বার নিড়ানী দ্বারা আগাছা দমন করতে হবে।
tuber,taro (mukhikochu),মুখীকচু,62,irrigation,সেচ নিষ্কাশন ব্যবস্থাপনা,মুখীকচু খরা মৌসুমে লাগানো হলে বীজ অঙ্কুরোদগমের জন্য তো বটেই প্রাথমিক বৃদ্ধি পর্যায়ে মাটির প্রকারভেদে 10-20 দিন পর পর সেচ দেয়া প্রয়োজন হয়। বর্ষাকালে সেচ দেওয়ার দরকার পড়ে না তবে অতিরিক্ত বৃষ্টির পানি দ্রুত নিষ্কাশনের সুব্যবস্থা গ্রহণ করতে হবে। মনে রাখতে হবে মুখীকচুর উচ্চ ফলনের জন্য প্রয়োজনীয় সেচ ও নিষ্কাশন ব্যবস্থা যথাসময়ে গ্রহণ করতে হবে।
tuber,taro (mukhikochu),মুখীকচু,62,pest_disease,রোগ ও পোকামাকড় দমন ব্যবস্থাপনা,পানি কচুর অনুরূপ।
tuber,taro (mukhikochu),মুখীকচু,62,intercultural,অন্তর্বর্তীকালীন পরিচর্যা,
tuber,taro (mukhikochu),মুখীকচু,62,intercultural,গাছের গোড়ায় মাটি তোলা,রোপণের 40-45 দিন পর এবং 90-100 দিন পর দুই সারির মাঝের মাটি কুপিয়ে ঝুরঝুরে করে কচু গাছের গোড়ায় উঠিয়ে দিতে হবে।
tuber,taro (mukhikochu),মুখীকচু,62,harvest,ফসল সংগ্রহ,বীজ রোপণের ছয় মাস পর আগাম ফসল সেপ্টেম্বর (মধ্য-ভাদ্র) মাস থেকে মুখী সংগ্রহের উপযোগী হয় এবং ঐ সময় গাছের পাতা হলুদ বর্ণ ধারণ করতে থাকে এবং ধীরে ধীরে মারা যায়। কোদাল দিয়ে মাটি খুঁড়ে মুখী সংগ্রহ করা হয়।
tuber,taro (mukhikochu),মুখীকচু,62,yield,ফলন,উচ্চ ফলনশীল বিলাসী জাতে গড় ফলন হেক্টরপ্রতি 30-35 টন। মোট ফলনের 75- 85% মুখী (Corm) এবং বাকিটা গুঁড়িকন্দ (Cormel)।
tuber,elephant foot yam,ওলকচু,64,land_preparation,জমি নির্বাচন ও তৈরি,"সু-নিষ্কাশিত এঁটেল দো-আঁশ, বেলে দো - আঁশ মাটি উপযোগী। অতিরিক্ত এঁটেল ও বেলে মাটিতে চাষ না করাই ভাল। মাটির ‘জো’ থাকা অবস্থায় মাটির প্রকারভেদে 3-4 টি আড়াআড়ি চাষ ও মই দিয়ে মাটি ঝুরঝুরে করে নিয়ে ভাল করে মই দিয়ে মাটি চেপে দিতে হবে।"
tuber,elephant foot yam,ওলকচু,64,other,বীজ তৈরি,সাধারণত বিভিন্ন আকারের মুখী এক/দুই বছর আবাদ করার পর যে গুঁড়িকন্দ তৈরি হয় তাই বাণিজ্যিকভাবে উৎপাদনের জন্য বীজ হিসেবে ব্যবহার করা হয়। এক্ষেত্রে ছোট আকারের গুঁড়ি কন্দগুলিকে এক বছর রোপণ করে বীজ তৈরি করতে হয়।
tuber,elephant foot yam,ওলকচু,64,sowing_time,বীজ বপনের সময়,মধ্য -মাঘ থেকে মধ্য-ফাল্গুন (ফেব্রুয়ারি) মাস বীজ বপনের উপযুক্ত সময়। প্রয়োজনে মধ্য-চৈত্র থেকে মধ্য-বৈশাখ (এপ্রিল) মাসেও লাগানো যায় তবে এরপরে রোপণ করলে ফলন কমে যায়।
tuber,elephant foot yam,ওলকচু,64,spacing,বীজ বপনের দূরত্ব,অন্যান্য ফসলের মত ওলকচুর জন্য কোন একক দূরত্ব নির্ধারণ করা সম্ভব নয়। বীজের আকারের অসমতার জন্য বিভিন্ন আকারের বীজ বিভিন্ন দূরত্বে বপণ করতে হবে। স্বাভাবিক ও বাণিজ্যিক উৎপদনের জন্য বীজ বপনের দূরত্ব।
tuber,elephant foot yam,ওলকচু,64,spacing,বীজের আকার (গ্রাম) বপনের দূরত্ব(সেমি),
tuber,elephant foot yam,ওলকচু,64,other,স্বাভাবিক বাণিজ্যিক স্বাভাবিক বাণিজ্যিক,50 400 -600 50 সেমি × 40 সেমি 60 সেমি × 50 সেমি 50 -200 600 -800 60 সেমি × 45 সেমি 60 সেমি × 60 সেমি 200 -400 800 -1000 60 সেমি × 50 সেমি 75 সেমি × 60 সেমি
tuber,elephant foot yam,ওলকচু,64,sowing_method,বীজ বপনের পদ্ধতি,মুখী ও ছোট গুঁড়ি বপনের জন্য আলুর মত নির্দেশিত পদ্ধতি অনুসরণ করতে হবে। লাঙ্গল দিয়ে লাইন তৈরি করে নির্দিষ্ট দূরত্বে বীজ বসিয়ে মাটি তুলে দিতে হবে বাণিজ্যিক উৎপাদনের জন্য নিদিষ্ট দূরত্বে গর্ত তৈরি করতে হবে। গর্তের আকার বীজের ব্যাসের চেয়ে একটু বড় হবে। গভীরতা হবে ব্যাসের তিন গুণ। তবে কন্দের ভিন্নতার উপর গত্রের আকার আকৃতি ভিন্ন হয়।
tuber,elephant foot yam,ওলকচু,64,intercultural,ফসলের পরিচর্যা,
tuber,elephant foot yam,ওলকচু,64,fertilizer,সার প্রয়োগ,আশানুরূপ ফলন পেতে হলে নিম্নলিখিত হারে সার প্রয়োগ করতে হবে। সম্পূর্ণ গোবর এবং ইউরিয়া ছাড়া অন্যান্য সারের অর্ধেক জমি তৈরির সময় প্রয়োগ করতে হবে। বাকি অর্ধেক বীজ বপনের গর্তে বা লাইনে প্রয়োগ করতে হবে। ইউরিয়া সমান বা 2 কিস্তিতে প্রয়োগ করতে হবে। রোপণের 80-85 দিন পর ভালভাবে আগাছা পরিষ্কার করে প্রথমবার এবং 110-115 দিন পর দ্বিতীয়বার প্রয়োগ করতে হবে।
tuber,elephant foot yam,ওলকচু,64,intercultural,পরিচর্যা,"বীজ লাগানোর পরে যদি মাটির ‘জো’ না থাকে এবং বৃষ্টিপাত না হয় তবে সেচ দিতে হবে। দুই সারি বা প্রতি সারির পার্শ্ব দিয়ে হালকা নালা তৈরি করে দিতে হবে যাতে সহজেই বৃষ্টির পানি চলে যেতে পারে। ধান, গমের খড় বা কচুরিপানা দ্বারা আচ্ছাদন (মাল্চ) দিলে ফলন অনেক গুন বৃদ্ধি করা যায় এবং সহজেই আগাছা দমন করা যায়। গবেষণায় দেখা গেছে, বিভিন্ন আচ্ছাদন ব্যবহার করে শতকরা 70-75 ভাগ ফলন বৃদ্ধি করা সম্ভব। জমি সব সময় আগাছামুক্ত রাখতে হবে।"
tuber,elephant foot yam,ওলকচু,64,pest_disease,কীট পতঙ্গ ও রোগ বালাইয়ের প্রতিকার,"ওলকচুর ক্ষেত্রে কীট পতঙ্গ ও রোগ বালাইয়ের তেমন কোন সমস্যা নেই। তবে মাঝে মাঝে লিফ বাইট (পাতা ও ডগা পচা রোগ), কলার রট প্রভৃতি রোগ দেখা দেয়।"
tuber,elephant foot yam,ওলকচু,64,other,লিফ বাইট,এ রোগে পাতা বেশি আক্রান্ত হয়। কোন কোন ক্ষেত্রে কাণ্ডতে ও লিফ বাইট রোগের লক্ষণ দেখা যায়। এ রোগের প্রতিকারের জন্য প্রতি লিটার পানিতে 2.0 গ্রাম ডায়থেন এম-45 বা রিডোমিল এম জেড বা এক্রোবেট এম জেড ছত্রাকনাশক 15 দিন পর পর 3 বার প্রয়োগ করতে হবে।
tuber,elephant foot yam,ওলকচু,64,other,কলার রট,এ রোগ শস্যের বৃদ্ধির শেষের দিকে দেখা যায়। এ রোগে মাটির সংযুক্ত স্থান আক্রান্ত হয়। কলার রট রোগে আক্রান্ত গাছ মাটি থেকে সরিয়ে ফেলতে হবে এবং শস্য পর্যায় অবলম্বন করতে হবে। আক্রান্ত গাছে ভিটাভ্যাক্স-200 প্রতি লিটার পানিতে 2 গ্রাম মিশিয়ে সিঞ্চন যন্ত্রের সাহায্যে প্রয়োগ করতে হবে।
tuber,elephant foot yam,ওলকচু,64,harvest,ফসল সংগ্রহ,একটি কন্দ থেকে 2-4 টি পর্যন্ত ভূয়া কাণ্ড বের হতে দেখা যায়। একটি নতুন ভূয়া কাণ্ড বের হওয়ার পর পুরানটি মারা যায়। ক্ষেতে যখন শতকরা 80 ভাগ গাছ হলুদ হয়ে যায় তখন ফসল পরিপক্ক হবে এবং তখন থেকে ফসল সংগ্রহ করা যাবে। বীজের জন্য ক্ষেতের গাছ সম্পূর্ণ রূপে শুকিয়ে মারা যাওয়ার পর সংগ্রহ করতে হবে। বাজার মূল্য এবং বাজারের চাহিদা মোতাবেক ঠিকমতো বৃদ্ধিপ্রাপ্ত হলে সংগ্রহ করতে হবে। অপরিপক্ক ওলও সংগ্রহ করা যেতে পারে।
tuber,elephant foot yam,ওলকচু,64,seed_storage,বীজ সংরক্ষণ,"ওলের গুড়িকন্দ, ক্ষুদ্রাকার গুঁড়িকন্দ ও মুখী বীজ হিসেবে ব্যবহার করা হয়। বীজ তোলার সময় যদি ভিজা থাকে তবে তা হালকা রোদে শুকিয়ে শীতল স্থানে সংরক্ষণ করতে হয়। দীর্ঘ দিন সংরক্ষণ করতে হলে ছায়াযুক্ত মাটিতে সমানভাবে গর্ত করে তার ভেতর ওল পাশাপাশি সাজিয়ে 15-20 সেমি বালি মিশ্রিত মাটি দিয়ে ঢেকে রাখতে হবে। বীজ যে জমিতে থাকে যদি অন্য কাজে প্রয়োজন না হয় তবে জমিতেই রেখে দেওয়া যায়। সেক্ষেত্রে লাগানোর 30-35 দিন পূর্বে বীজ উঠিয়ে পুণরায় রোপণ করতে হবে।"
tuber,elephant foot yam,ওলকচু,64,fertilizer,সারের নাম সারের পরিমাণ/হেক্টর,গোবর বা আবর্জনা পচা সার 20 টন ইউরিয়া 325 কেজি টিএসপি 210 কেজি এমপি 175 কেজি
tuber,cassava,কাসাভা,67,other,গাছ,"কাসাভা বহুবর্ষজীবী গুল্মজাতীয় উদ্ভিদ। কাসাভা গাছ দেখতে অনেকটা শিমুল গাছের মত বলে বাংলাদেশের অনেক এলাকায় এটি শিমুল আলু হিসাবে বেশী পরিচিত তাছাড়া কাসাবা, শিমলা আলু ইত্যাদি নামেও ডাকা হয়। স্টেম কাটিংয়ের মাধ্যমে কাসাভার বংশবিস্তার করা হয়। শীর্ষস্হ (Apical) পাতা বেগুনী (Purple), পরিপক্ক পাতা ঘন সবুজ (Dark green), পত্রবৃন্ত লালচে সবুজ (Raddish-green) এবং দ্বিমুখী শাখাবিন্যাস।"
tuber,cassava,কাসাভা,67,soil_climate,জলবায়ু ও মাটি,অতিরিক্ত বেলে ও এঁটেল মাটি বাদ দিয়ে সব ধরনের মাটিতেই কাসাভা চাষ করা যায়। রোপণের পদ্ধতির উপর মাটি নির্বাচন অনেকাংশে নির্ভরশীল। পাহাড়ী এলাকার পতিত ঢালু জমিতেও কাসাভার চাষ করা যায়। তবে সু-নিষ্কাশিত দো-আঁশ থেকে বেলে দো-আঁশ মাটি কাসাভার চাষের উপযোগী।
tuber,cassava,কাসাভা,67,other,চাষাবাদ পদ্ধতি,জমিতে সাধারনত: তিনটি বিন্যাসে (Orientation) চারা বা কাটিং রোপণ করা হয়।
tuber,cassava,কাসাভা,67,other,1) উলম্ব (,Vertical
tuber,cassava,কাসাভা,67,other,)বিন্যাস,এ বিন্যাসে স্টেম কাটিং উলম্বভাবে কান্ডের 2-3 অংশ মাটির নিচে রেখে রোপন করতে হয়। এই বিন্যাস সাধারনত: বালি মাটিতে রোপণ করার ক্ষেত্রে অনুরসণ করা হয়।
tuber,cassava,কাসাভা,67,other,2) কৌনিক (,Angle
tuber,cassava,কাসাভা,67,other,)বিন্যাস,এ বিন্যাসে স্টেম কাটিংকে 45 ডিগ্রী কোনে কাণ্ডের 2/3 অংশ মাটির নিচে রেখে রোপণ করতে হয়। সাধারনত: মধ্যম উর্বর মাটিতে এ বিন্যাস পদ্ধতিতে কাসাভা রোপণ করা হয়ে থাকে আমাদের দেশে এ পদ্ধতিটি বেশি জনপ্রিয়।
tuber,cassava,কাসাভা,67,other,3) আনুভুমিক (,Horizontal
tuber,cassava,কাসাভা,67,other,) বিন্যাস,বিন্যাস স্টেম কাটিংকে আনুভুমিকভাবে মাটি 5-10 সে:মি: গভীরে রেখে মাটি দ্বারা ঢেকে দেয়া হয়। উন্নত উর্বর মাটিতে এ বিন্যাস পদ্ধতি অবলম্বন করা হয়। তবে এতে প্রচুর কন্দ হলেও আকারে ছোট হয়।
tuber,cassava,কাসাভা,67,sowing_time,রোপণের সময়,সেচ সুবিধা থাকলে বছরের যে কোন সময় কাসাভা রোপণ করা যায়। তবে ফেব্রুয়ারি থেকে এপ্রিল (ফাল্গুন-বৈশাখ) মাস পর্যন্ত কাসাভা লাগানোর উপযুক্ত সময়।
tuber,cassava,কাসাভা,67,spacing,"রোপণ দূরত্ব, গভীরতা",অধিক শাখা-প্রশাখাযুক্ত জাতের কাসাভার ক্ষেত্রে রোপণ দূরত্ব 90 × 90 সে.মি. এবং কম শাখা-প্রশাখা যুক্ত জাতের ক্ষেত্রের রোপণ দূরত্ব 75 × 75 সে.মি. হলে ভাল ফলন হবে।
tuber,cassava,কাসাভা,67,other,বীজ প্রস্তুতি বা স্টেম কাটিং প্রস্তুতি,"কাণ্ড থেকে কাটিং সংগ্রহ করার পর রোপণ করতে দেরি করা উচিত নয়। তবে কাণ্ড থেকে কাটিং সংগ্রহ করার পর কাটিংগুলিকে একত্রিত করে পলিথিন ব্যাগে মুড়িয়ে ছায়াযুক্ত স্থানে 3 থেকে 5 দিন রেখে দিলে স্প্রাউটিং তাড়াতাড়ি হয়। কাটিংকে রোপণের পূর্বে এ ধরনের ব্যবস্থাপনার আওতায় আনলে গাছের সতেজতা, প্রতিক‚ল পরিবেশে টিকে থাকার ক্ষমতা এবং সাথে সাথে ফলনও বৃদ্ধি পায়।"
tuber,cassava,কাসাভা,67,seed_rate,বীজের হার,"রোপণ দূরত্ব 90 × 90 সেমি হলে 1 হেক্টর জমির জন্য চারা বা কাটিং প্রয়োজন হবে 12,500টি এবং রোপণ দূরত্ব 75 × 75 সে. হলে 1 হেক্টর জমির জন্য চারা বা কাটিং প্রয়োজন হবে 18,000টি।"
tuber,cassava,কাসাভা,67,fertilizer,সারের মাত্রা ও প্রয়োগ পদ্ধতি,ভাল ফসল পেতে হলে নিম্নলিখিত হারে সার প্রয়োগ করতে হবে। সম্পূর্ণ গোবর সার (10.15 টন) ও টিএসপি (125 কেজি) শেষ জমি চাষের সময় ভালভাবে মাটির সাথে মিশিয়ে দিতে হয়। অত:পর রোপণের 60 দিন পর থেকে প্রতি মাসে 1 বার ইউরিয়া (150 কেজি) ও এমপি (200 কেজি) সার সমান চার কিস্তিতে প্রতিটি গাছের গোড়ার চারদিকে 10 সেমি দূরে বৃত্তাকারে 5 সেমি গর্ত করে প্রয়োগ করতে হবে।
tuber,cassava,কাসাভা,67,irrigation,পানি ব্যবস্থাপনা,বন্যা বা বৃষ্টির পানি যাতে জমিতে না জমতে পারে সে জন্য নিষ্কাশনের সু-ব্যবস্থা থাকতে হবে। বৃষ্টির পানি সহজে চলে যাবার জন্য দুই সারি বা প্রতি সারির পার্শ্ব দিয়ে নালা তৈরি করে দিতে হবে। কাসাভা খরা সহ্যকারী গাছ হলেও প্রয়োজনীয় সেচের ব্যবস্থা থাকলে ফলন অনেক বৃদ্ধি পায়।
tuber,cassava,কাসাভা,67,intercultural,আগাছা ব্যব্যস্থাপনা,অন্যান্য ফসলের মত আগাছা কাসাভার ফলন কমিয়ে দিতে পারে তাই জমি সব সময় আগাছা মুক্ত রাখতে হবে। তাছাড়া আগাছা ভাইরাসের ভেক্টরের আবসস্থল হিসাবে কাজ করে।
tuber,cassava,কাসাভা,67,pest_disease,রোগ ও পোকা দমন ব্যবস্থাপনা,কাসাভাতে রোগ ও পোকা মাকড়ের তেমন কোন সমস্যা নেই। কখনও এনথ্রাকনোজ দেখা দিলে টিল্ট (0.5 মিলি/লিটার) প্রয়োগ করতে হবে। সর্পিল সাদা মাছি (Spiraling whiteflz) এবং ছাতরা পোকা (Mealz bug) পোকার আক্রমণ হতে পারে সেক্ষেত্রে অধিক আক্রান্ত পাতা কেটে ডিম ও পোকা সহ ধ্বংস করতে হবে। আক্রমণের মাত্রা বেশি হলে এসিমটামিপ্রিড (তুন্দ্রা 20 এসপি বা পাটিনাম 20 এসপি) প্রতি লিটার পানিতে 1 গ্রাম এবং জৈব বালাইনাশক ফিজিমাইট বা বয়োক্লিন (1 মিলি/লিটার) 15 দিন পর পর পর্যায়ক্রমে প্রয়োগ করতে হবে।
tuber,cassava,কাসাভা,67,harvest,ফসল সংগ্রহ,চারা রোপণের 7 মাস পর থেকে কাসাভা গাছ থেকে কন্দ সংগ্রহ করা যায়। সঠিকভাবে পরিচর্যা করলে কন্দের ফলন হেক্টরপ্রতি 40-60 টন সহজেই পাওয়া সম্ভব। কাসাভার সবচেয়ে বড় সুবিধা হল কন্দ গাছের সাথে সংরক্ষিত থাকে এবং প্রয়োজনমত সংগ্রহ করা যায় তবে 9-10 মাসের পর থেকে তিতা হয়ে যায়।
tuber,cassava,কাসাভা,67,yield,ফলন,জাতটির কন্দের গড় ফলন 54.31 টন/হেক্টর।
tuber,cassava,কাসাভা,67,other,সংরক্ষণ,কাসাভার সবচেয়ে বড় সুবিধা হল কন্দ গাছের সাথে সংরক্ষিত থাকে এবং প্রয়োজনমত সংগ্রহ করা যায় তবে 9-10 মাসের পর থেকে তিতা হয়ে যায়।
pulse,grass pea,খেসারী,72,soil_climate,মাটি,সুনিষ্কাশিত দোআঁশ/পলি দোআঁশ এবং এঁটেল দোআঁশ মাটিতে খেসারী ভাল জন্মে।
pulse,grass pea,খেসারী,72,land_preparation,জমি তৈরি,একক ফসল হিসেবে আবাদের ক্ষেত্রে জমিতে সুনিষ্কাশিত ও উপর্যুক্ত রস থাকলে 2-3 টি গভীর চাষ ও মই দিয়ে ঝুরঝুরে করে নিতে হবে। খেসারী প্রধানত আমন ধানের জমিতে সাথী ফসল (রিলে ক্রপ) হিসেবে আবাদ করা হয়। সেক্ষেত্রে জমি চাষের প্রয়োজন হয় না।
pulse,grass pea,খেসারী,72,sowing_time,বপনের সময়,রিলে ফসলের ক্ষেত্রে আমন ধানের পরিপক্কতাকাল এবং জমির রসের পরিমাণের উপর খেসারীর বীজ বপনের সময় অনেকটা নির্ভর করে। তবে আমন ধান কাটার 10-15 দিন পূর্বে জমি থেকে পানি নেমে যায়ার সাথে সাথে বীজ বপন করলে ভালো ফলন পাওয়া যায়। এক্ষেত্রে কার্তিক মাসের দ্বিতীয় সপ্তাহ থেকে শেষ সপ্তাহ (অক্টোবর মাসের শেষ সপ্তাহ থেকে মধ্য নভেম্বর) পর্যন্ত বীজ বপন করতে হয়।
pulse,grass pea,খেসারী,72,sowing_method,বপন পদ্ধতি,"ছিটানো ও সারি দুই পদ্ধতিতেই খেসারীর বীজ বপন করা যায়। সারিতে বীজ বপন করলে অন্তর্বর্তীকালীন পরিচর্যা যেমন আগাছা দমন, রোগ ও পোকামাকড় ব্যবস্থাপনা সহজেই করা যায়। তবে সারিতে বপনের ক্ষেত্রে সারি থেকে সারির দূরত্ব 40 সেমি বা 16 ইঞ্চি রাখতে হবে এবং সারির মধ্যে অবিরাম বীজ বপন করতে হবে।"
pulse,grass pea,খেসারী,72,seed_rate,বীজের হার,সারিতে বপন করলে বিঘাপ্রতি 7-8 কেজি (53-60 কেজি/হেক্টর) এবং রিলে বা ছিটিয়ে বপন করলে বীজের পরিমাণ কিছু বেশি দিতে হবে।
pulse,grass pea,খেসারী,72,fertilizer,সারের পরিমাণ ও প্রয়োগ পদ্ধতি,
pulse,grass pea,খেসারী,72,fertilizer,সারের নাম সারের পরিমাণ/হেক্টর(কেজি) সারের পরিমাণ/বিঘা(কেজি),ইউরিয়া 30-35 4-5 টিএসপি 53-60 7-8 এমওপি 40-45 5-6 জিপসাম 40-45 5.0-6.0 বোরন (প্রয়োজনবোধে) 7-10 1-1.5 অণুজীব সার (প্রয়োজনবোধে) সুপারিশমতো সুপারিশমতো খেসারীর রিলে ফসলের ক্ষেত্রে সারের তেমন প্রয়োজন হয় না। একক ফসলের জন্য অনুর্বর জমিতে হেক্টরপ্রতি শেষ চাষের সময় উপরোক্ত হারে সার ব্যবহার করতে হবে। তবে গাছের বৃদ্ধি কম হলে গাছ গজানের 25-30 দিন পর উভয় ক্ষেত্রেই উপরোক্ত মাত্রায় ইউরিয়া সার বিকাল বেলায় উপরি প্রয়োগ করতে হবে।
pulse,grass pea,খেসারী,72,harvest,ফসল সংগ্রহ,বীজ বপনের 114-130 দিন (জাত ভেদে দিনের পরিবর্তন হয়) পর বা ফাল্গুন (মধ্য-ফেব্রুয়ারি থেকে মধ্য-মার্চ) মাসে ফসল সংগ্রহ করতে হয়। খেসারীর ফল পেকে গাছ শুকিয়ে গেলে গাছগুলোকে কেটে শক্ত মাটিতে বা মাটির উপরে পলিথিন বিছিেিয় অথবা পাকা মেঝেতে ছড়িয়ে রেখে শুকাতে হবে। তারপর রৌদ্রোজ্জল দিনে লাঠি দিয়ে পিটিয়ে অথবা যান্ত্রিক উপায়ে মাড়াই করতে হবে। ঝাড়াই করার জন্য কুলা বা বৈদ্যুতিক পাখা ব্যবহার করা উত্তম।
pulse,grass pea,খেসারী,72,intercultural,অন্যান্য পরিচর্যা,
pulse,grass pea,খেসারী,72,pest_disease,খেসারীর ডাউনি মিলডিউ রোগ দমন,পেরোনোসপোরা ভিসি নামক ছত্রাক এ রোগ ঘটায়। রোগাক্রান্ত খেসারী গাছের পাতা কিছুটা হলদে হয়ে যায়। পাতার নিচে লক্ষ্য করলে ছত্রাকের অবস্থান খালি চোখেই দেখা যায়। রোগের মাত্রা বেশি হলে পাতা কুঁচকে ও ঝলসে যায়। এ ছত্রাকের জীবাণু মাটিতে 1-2 বৎসর বেঁচে থাকতে পারে।
pulse,grass pea,খেসারী,72,pest_disease,প্রতিকার," সঠিক সময়ে (কার্তিক মাসের দ্বিতীয় সপ্তাহ থেকে শেষ সপ্তাহ পর্যন্ত) বীজ বপন করতে হবে।  রোগ সহনশীল জাত, যেমন- বারি খেসারী-2, বারি খেসারী-3, বারি খেসারী-4 এবং বারি খেসারী-5 চাষ করতে হবে।  টিল্ট-250 ইসি (0.5 মিলি প্রতি লিটার পানিতে মিশিয়ে) বা থিওভিট 80 WP 2 গ্রাম প্রতি লিটার পানিতে মিশিয়ে 10 দিন অন্তর 2 বার স্প্রে করে এ রোগ দমন করা যায়।"
pulse,grass pea,খেসারী,72,pest_disease,জাবপোকা,"খেসারীতে মাঝে মাঝে জাব পোকার আক্রমণ লক্ষ্য করা যায়। এদের আক্রমণে গাছ খর্বাকৃতি হয়, ফুল ও ফল ধারণ বাধাগ্রস্থ হয়, বীজের দানা অপুষ্ট ও আকারে ছোট হয়। আক্রমণের মাত্রা বেশি হলে ডাইমেথয়েট গ্রুপের যেমন: টাফগর 40 ইসি প্রতি লিটার পানিতে 2 মিলি লিটার ঔষধ মিশিয়ে ব্যবহার করলে এই পোকা দমন করা যায়।"
pulse,lentil,মসুর,77,soil_climate,মাটি,সুনিষ্কাশিত দোআঁশ/বেলে দোআঁশ/এঁটেল দোআঁশ মাটি মসুর চাষের জন্য উত্তম।
pulse,lentil,মসুর,77,land_preparation,জমি তৈরি,একক ফসল হিসেবে আবাদের ক্ষেত্রে জমিতে সুনিষ্কাশিত ও উপর্যুক্ত রস থাকলে 3-4 টি গভীর চাষ ও মই দিয়ে মাটি ঝুরঝুরে করে নিতে হবে। মসুর আমন ধান কাটার পূর্বে রিলে ফসল হিসেবে আবাদ করা হলে চাষের প্রয়োজন হয়না।
pulse,lentil,মসুর,77,sowing_time,বপনের সময়,কা•িক্ষত ফলনের জন্য সঠিক সময়ে বীজ বপন করা প্রয়োজন। অক্টোবরের শেষ সপ্তাহ থেকে নভেম্বরের 2য় সপ্তাহ পর্যন্ত (কার্তিকের 2য় সপ্তাহ - কার্তিকের শেষ সপ্তাহ পর্যন্ত) বীজ বপনের উত্তম সময়। গবেষণায় দেখা যায় বপনের সময় প্রতি 10 দিন বাড়ার সাথে সাথে ফলন 20 ভাগ হারে কমতে থাকে। তবে বারি মসুর-8 নভেম্বরের শেষ সপ্তাহ পর্যন্ত বোনা যেতে পারে। সেক্ষেত্রে ফলন কিছুটা কমলেও রোগের কারণে ব্যাপক ক্ষতি হওয়ার আশংকা কম।
pulse,lentil,মসুর,77,other,বীজ শোধন,ডাল জাতীয় ফসল বীজ বপনের পূর্বে শোধন করলে মাটি ও বীজ বাহিত অনেক জীবাণুর আক্রমণ হতে রক্ষা পাওয়া যায়। তাই মসুর বীজ বপনের পুর্বে অবশ্যই প্রোভেক্স-200 ডব্লিউ পি (কার্বোজিন+থিরাম) 2.5 গ্রাম হারে প্রতি কেজি বীজে মিশিয়ে শোধন করলে শুরুতে গোড়া পচা রোগের প্রকোপ কমে যায়।
pulse,lentil,মসুর,77,sowing_method,বপন পদ্ধতি,"ছিটানো ও সারি এই দুই পদ্ধতিতে মসুরের বীজ বপন করা যায়। সারিতে বীজ বপন করলে গাছ সমানভাবে বৃদ্ধি পায়। এছাড়া বিভিন্ন রকম অন্তর্বর্তীকালীন পরিচর্যা যেমন- আগাছা দমন, রোগ ও পোকা দমন, সেচ ও নিষ্কাশন ব্যবস্থাপনা এবং পরিশেষে ফসল সংগ্রহ সহজ হয়। তাই সারি থেকে সারির দূরত্ব 25 সেন্টিমিটার দেয়া ভালো।"
pulse,lentil,মসুর,77,seed_rate,বীজের হার,বীজের হার 30-35 কেজি/হেক্টর। ছিটিয়ে বপনের ক্ষেত্রে বীজের পরিমাণ সামান্য বেশি দিতে হয়। তবে বারি মসুর-3 এর বেলায় হেক্টরপ্রতি 35-40কেজি বীজ ব্যবহার করতে হবে। তবে আমন ধানের সাথে সাথী ফসল (রিলে ক্রপ) হিসাবে আবাদ করলে 50-60 কেজি/ হেক্টর বীজ প্রয়োজন হয়। বারি মসুর-9 জাতের ক্ষেত্রে বীজ হার 70-75 কেজি/হেক্টর।
pulse,lentil,মসুর,77,fertilizer,সারের পরিমাণ ও প্রয়োগ পদ্ধতি,যে জমিতে পূর্বে মসুর চাষ করা হয় নাই সেখানে প্রতি কেজি বীজের জন্য 50 গ্রাম হারে অনুমোদিত অণুজীব সার বীজের সাথে মিশিয়ে বপন করতে হবে। ইনোকুলাম ব্যবহার করলে সাধারণত ইউরিয়া সার ব্যবহার করতে হয় না। একক ফসলের জন্য অনুর্বর জমিতে হেক্টরপ্রতি নিম্নলিখিত সারগুলি জমি শেষ চাষের সময় ব্যবহার করতে হবে।
pulse,lentil,মসুর,77,intercultural,অন্তর্বর্তীকালীন পরিচর্যা,জমিতে আগাছা থাকলে বপনের 25-30 দিনের মধ্যে নিড়ানী দ্বারা একবার আগাছা দমন করা প্রয়োজন। অতিবৃষ্টির ফলে জমিতে যাতে জলাবদ্ধতা সৃষ্টি না হয় সেজন্য পানি নিষ্কাশনের ব্যবস্থা করতে হবে। তবে মাটিতে রসের অভাবে গাছের বৃদ্ধি ব্যাহত হলে গাছ গজানোর 30-40 দিনের মধ্যে একবার হালকা সেচ দিতে হবে।
pulse,lentil,মসুর,77,harvest,ফসল সংগ্রহ,বীজ বপনের 110-115 দিন পর মসুর সংগ্রহ করা যায়। বারি মসুর-9 জাতটি স্বল্প জীবনকাল হওয়ায় 85-90 দিন পর মসুর সংগ্রহ করা যায়। গাছসহ ফল পেকে বাদামী বর্ণ ধারন করলে ফসল সংগ্রহ করা যায়।
pulse,lentil,মসুর,77,intercultural,অন্যান্য পরিচর্যা,
pulse,lentil,মসুর,77,pest_disease,স্টেমফাইলিয়াম ব্লাইট (পাতা ঝলসানো রোগ),স্টেমফাইলিয়াম ব্লাইট বাংলাদেশে বর্তমানে মসুরের সবচেয়ে ক্ষতিকর রোগ। 1986 সালে এ রোগ সর্ব প্রথম শনাক্ত করা হয়। এর পর থেকে ঢাকা জেলাসহ দেশের পশ্চিম ও দক্ষিণ পশ্চিমাঞ্চলীয় জেলাগুলোতে এর প্রকোপ ব্যাপক হারে বৃদ্ধি পেয়েছে। সাধারণভাবে সমগ্র বাংলাদেশে এর আক্রমণ লক্ষ করা গেছে। স্টেমফাইলিয়াম বোট্রায়সাম (Stemphylium botryosum) নামক একটি ছত্রাক জাতীয় জীবাণু এ রোগের কারণ। এ রোগের রোগচক্র খুব বিস্তারিতভাবে পরীক্ষা নিরীক্ষা ও পর্যবেক্ষণ করা না গেলেও এটা নিশ্চিত যে জীবাণু ছত্রাকটি বায়ু প্রবাহ দ্বারা পরিবাহিত হয়। বীজের মাধ্যমে অভ্যন্তরীণ বা বাহ্যিকভাবে পরিবাহিত হওয়ারও কোন নিদর্শন বা প্রমাণ পাওয়া যায়নি। তবে আক্রান্ত ফসলের অবশিষ্টাংশ থেকে এ রোগ ছড়ায় এ রোগের আক্রমণের ফলে শতকরা 80 ভাগ পর্যন্ত ফলন কমে যেতে পারে বলে গবেষণার ফলাফল থেকে জানা যায়।
pulse,lentil,মসুর,77,pest_disease,রোগের লক্ষণ,রোগের প্রাথমিক অবস্থায় পাতার উপর হালকা বাদামী বা শুকনা খড়ের রঙের পিনের মাথা বরাবর সাইজের ছোট ছোট দাগ দেখা যায়। এই দাগগুলো আকারে দ্রুত বৃদ্ধি পেতে থাকে এবং 3 থেকে 4 দিনের মধ্যেই সম্পূর্ণ পাতাটি
pulse,lentil,মসুর,77,fertilizer,সারের নাম সারের পরিমাণ/হেক্টর(কেজি) সারের পরিমাণ/বিঘা (কেজি),ইউরিয়া 40-45 5-6 টিএসপি 80-90 11-13 এমওপি 40-45 5-6 জিপসাম 50-55 7-8 বোরন (প্রয়োজনবোধে) 7-10 1-1.5 অণুজীব সার (প্রয়োজনবোধে) সুপারিশমতো সুপারিশমতো আক্রান্ত হয়ে ঝরে পড়ে। ধীরে ধীরে নতুন নতুন শাখার অগ্রভাগও আক্রান্ত হয় এবং শুকিয়ে মরে যায়। আক্রমণের প্রকোপ বেশি হলে সমগ্র ফসলের মাঠটি ঝলসানো রং ধারণ করে। তবে ফলগুলি তখনও সবুজ থেকে যায়।
pulse,lentil,মসুর,77,pest_disease,দমন ব্যবস্থাপনা,"এ ক্ষতিকর রোগটি দমনের জন্য বাংলাদেশ কৃষি গবেষণা ইনস্টিটিউটের ডাল গবেষণা কেন্দ্রের উদ্ভিদ রোগতত্ত্ববিদগণ বিভিন্ন প্রকার গবেষণা ও অনেক পরীক্ষা সম্পন্ন করেছেন। এসব পরীক্ষার ফলাফল থেকে জানা যায় রোভরাল-50 ডব্লিউ পি অথবা ফলিক‚র 250 ইসি অথবা দুটি ঔষুধের মিশ্রণ 0.2% হারে পানিতে মিশিয়ে 7 দিন অন্তর অন্তর তিন থেকে চারবার হালকা রোদ্রোজ্জ্বল সকালে (9-10 টা) স্প্রে করলে এই রোগের অনিষ্ট থেকে ফসল রক্ষা করা যায়। এছাড়া বাংলাদেশ কৃষি গবেষণা ইনস্টিটিউট কর্তৃক উদ্ভাবিত মসুরের উন্নত জাত বারি মসুর-8 এ, এ রোগের প্রতিরোধ ক্ষমতা রয়েছে। উক্ত জাতটি আবাদ করলে এ রোগের আক্রমণ থেকে ফসলকে রক্ষা করে ক্ষতির মাত্রা বহুলাংশে কমানো যায়।"
pulse,lentil,মসুর,77,pest_disease,গোড়া পচা রোগ,গোড়া পচা মসুরের একটি ক্ষতিকর রোগ। মসুর আবাদকারী অন্যান্য দেশের মতো বাংলাদেশেও এ রোগের যথেষ্ট প্রকোপ রয়েছে। গোড়া পচা রোগটি মূলত একটি চারা আক্রমণকারী রোগ। যা সাধারণত এক মাস বা তার চেয়ে কম বয়সের চারাকে আক্রমণ করে। এই রোগটি স্ক্লোরোশিয়াম রল্ফছি (Sclerotium rolfsii) নামক ছত্রাকের আক্রমণের কারণেই হয়ে থাকে। এই ছত্রাক জীবাণু প্রধানত মাটিতেই অবস্থান করে।
pulse,lentil,মসুর,77,pest_disease,রোগের লক্ষণ,অতি অল্প বয়সে আক্রান্ত হলে চারা হঠাৎ নেতিয়ে পড়ে মারা যায় এবং নেতিয়ে পড়া চারা শুকিয়ে খড়ের রং ধারণ করে এবং পরিশেষে তা অদৃশ্য হয়ে যায়। বয়স্ক চারা আক্রান্ত হলে আক্রান্ত অংশে সুতার মত ছত্রাকের মাইসিলিয়াম এবং সরিষার বীজের মত স্ক্লোরোশিয়াম লক্ষ্য করা যায়। গাছের মূল এবং শিকড় আক্রান্ত হলে প্রাথমিক অবস্থায় গাছের আকার বামুন বা খর্বাকৃতির হয় এবং পরিশেষে গাছ ঢলে পড়ে মারা যায়।
pulse,lentil,মসুর,77,pest_disease,দমন ব্যবস্থাপনা,গবেষণার ফলাফল থেকে জানা যায় যে সাধারণত যে সকল জমির মাটিতে বপনের প্রারম্ভে স্বাভাবিক অবস্থার (জো অবস্থা) চেয়ে বেশি রস থাকে সেই সকল জমিতে গোড়া পচা রোগের প্রাদুর্ভাব বেশি হয়। সুতরাং বপনের সময় জমিতে যাতে অতিরিক্ত রস না থাকে সেদিকে লক্ষ্য রাখতে হবে। এছাড়া বিভিন্ন ছত্রাক নাশক দিয়ে বীজ শোধন করেও এ রোগ দমনের প্রচেষ্ট নেয়া যায়। এ সমস্ত ছত্রাক নাশকের মধ্যে প্রোভেক্স-200 ডব্লিউ @ 2.5-3.0 গ্রাম প্রতি কেজি বীজের সাথে মিশিয়ে বীজ শোধন করলে এ রোগের প্রকোপ উল্লেখযোগ্য হারে হ্রাস পায়।এছাড়া রোগ দেখা দেয়ার সাথে সাথে অটোস্টিন-50 ডব্লিউ পি নামক ঔষধ 0.2 গ্রাম/লিটার পানির সাথে মিশিয়ে 7 হতে 10 দিন পর পর 2-3 বার গাছের গোড়া ভিজিয়ে স্প্রে করলে এরোগ অনেকাংশে দমন করা যায়। এভাবে দমন করা সম্ভব না হলে পরবর্তী বছর শস্য পর্যায় অবলম্বন করতে হবে।
pulse,lentil,মসুর,77,pest_disease,মরিচা রোগ,মরিচা রোগ “ইউরোমাইসিস ফেবেই (Uromyces fabae) নামক এক প্রকার ছত্রাক জাতীয় জীবাণুর আক্রমণে হয়ে থাকে। মসুরের বেশি ক্ষতিকর রোগসমূহের অন্যতম। তবে রোগের কারণে ক্ষতির পরিমাণ ফসলের অবস্থার উপর নির্ভর করে। যদি ফুল আসার সাথে সাথে আক্রমণ শুরু হয় তা হলে ক্ষতির পরিমাণ হয় অনেক বেশি। পক্ষান্তরে ফল পরিপক্কতার পরে আক্রান্ত হলে কম ক্ষতি হয়। কিন্তু আক্রমণের মাত্রা কম বেশি হওয়া নির্ভর করে আবহাওয়া এবং জমিতে গাছের ঝোপের পরিমাণের উপর। ঘন ঝোপ (Dense canopy) যুক্ত জমিতে যেখানে ঝোপের অভ্যন্তরে বাতাসের আপেক্ষিক আর্দ্রতা শতকরা 85-90 ভাগ থাকে এবং বায়ুমন্ডলের তাপমাত্রা 20-220 সেলসিয়াস সে স্থান এ রোগের আক্রমণের জন্য খুবই উপযোগী। রোগের আক্রমণকারী ছত্রাক মসুর গাছেই তার জীবনচক্র পরিপূর্ণ করে। বীজের সাথে মিশ্রিত আক্রান্ত গাছের অংশ বিশেষের সহিত জীবাণু পরবর্তী বৎসর প্রাথমিক আক্রমণের উৎস হিসাবে বাহিত হয়ে থাকে।
pulse,lentil,মসুর,77,pest_disease,রোগের লক্ষণ,"সাধারণত জমির যে অংশ গাছের ঘনত্ব বেশি এবং বৃদ্ধি বেশি সে অংশে সর্ব প্রথম রোগের আক্রমণ শুরু হয়। পাতা কাণ্ড, শাখা-প্রশাখা এবং ফলের উপর হলুদ বা মরিচা রঙের ফোস্কা পড়া দাগ দেখা দেয়। পরে এই ফোস্কাগুলি গাঢ় বাদামী বা কাল রং ধারণ করে। আক্রমণের প্রকোপ বেশি হলে পাতা ঝরে যায় এবং পরিপক্ক হওয়ার আগেই গাছগুলো শুকিয়ে যায়। দূর থেকে তাকালে ফসল ধূসর বর্ণের দেখায়। সাধারণত দেশের দক্ষিণাংশে জানুয়ারি মাস শেষ হওয়ার পূর্বে এবং উত্তরাংশে ফেব্রুয়ারি মাসের প্রথমার্ধে এ রোগের আক্রমণ শুরু হয়।"
pulse,lentil,মসুর,77,pest_disease,ব্যবস্থাপনা,"বারি মসুর-6, বারি মসুর-7 এবং বারি মসুর-8 জাতটি মরিচা রোগের প্রতিরোধ ক্ষমতাসম্পন্ন। যা সাধারণত 110-115 দিনের মধ্যে পাকে। এ জাতটি যদি দক্ষিণাঞ্চলীয় জেলাগুলোতে অক্টোবর মাসের শেষ সপ্তাহে এবং উত্তরাঞ্চলীয় জেলাগুলোতে নভেম্বর মাসের প্রথম সপ্তাহের মধ্যে বপন করা যায় তাহলে এরোগের আক্রমণ থেকে ফসলকে বাঁচানো যায়। স্বাভাবিক ঊর্বর জমিতে জৈব সার কিংবা নাইট্রোজেন সার দেওয়া থেকে বিরত থাকতে হবে। আক্রান্ত গাছের অংশ বিশেষের সাথে এ রোগের জীবাণু বাহিত হয় বিধায় বীজ ভালোভাবে পরিষ্কার করে নিলে আক্রমণের প্রাথমিক উৎস নির্মূল করা যায়। এছাড়া রোগ দেখা দেয়ার সাথে সাথে টিল্ট-250 ইসি প্রতি 10 লিটার পানিতে 5 মিলি হারে পানিতে মিশিয়ে 7 হতে 10 দিন পর পর 2-3 বার স্প্রে করলে এ রোগ দমন করা যায়।"
pulse,lentil,মসুর,77,pest_disease,ঢলে পড়া রোগ,"ঢলে পড়া বা নেতিয়ে পড়া মসুরের একটি ক্ষতিকর রোগ। মসুর আবাদকারী অন্যান্য দেশের মত বাংলাদেশেও এ রোগের যথেষ্ট প্রকোপ রয়েছে। বাংলাদেশে এ রোগটি সর্ব প্রথম শনাক্ত করা হয় 1977সালে। বাংলাদেশ কৃষি বিশ্ববিদ্যালয়, ময়মনসিংহ এর খামারে এবং বিশ্ববিদ্যালয়ের পার্শ্ববর্তী ময়মনসিংহ জেলার বিভিন্ন থানার কৃষকের মাঠে এরোগের আক্রমণ লক্ষ্য করা যায়। আক্রান্ত গাছের নমুনা ল্যাবরেটরিতে বিশ্লেষণ করে জানা যায় যে, এটি একটি ছত্রাকজনিত রোগ এবং আক্রমণকারী ছত্রাক হল “ফিউসারিয়াম অক্সিস্পোরাম (Fusarium oxysporum f. sp. lentis) নামক একটি জীবাণু। এই ছত্রাক জীবাণু প্রধানত মাটিতেই অবস্থান করে তবে কখনও এটি বীজের মাধ্যমে বিস্তার ঘটায় বলেও জানা যায়। এরোগের কারণে ফসলের শতকরা কতভাগ ক্ষতি হতে পারে ইহার পরিমাণ বাংলাদেশের অবস্থায় নির্ণয় করা হয় নাই।"
pulse,lentil,মসুর,77,pest_disease,রোগের লক্ষণ,চারা গজিয়ে উপরে উঠার আগে ও পরে উভয় অবস্থায়ই রোগের লক্ষণ শনাক্ত করা যায়। পূর্বেই বলা হয়েছে যে এ রোগের জীবাণু ছত্রাক বীজের মাধ্যমে বাহিত হয়ে বিস্তার লাভ করতে পারে। আক্রান্ত বীজ অঙ্কুরিত হলে অঙ্কুর বাদামী রং ধারণ করে এবং চারা মাটির উপরে বের হওয়ার পূর্বেই মারা যায়। চারা অবস্থায় মাটিতে থাকা জীবাণু দ্বারা আক্রান্ত হলে চারার বৃদ্ধি থেমে যায় এবং গাছের নিচের দিক থেকে ক্রমশ উপরের দিকে পাতা হলুদ রং ধারণ করে বেকে যায়। চারার আগা নেতিয়ে পড়ে এবং চারা মারা যায়। বয়স্ক গাছ আক্রান্ত হলেও মোটামুটি একই ধরনের লক্ষণ প্রকাশ পায়। এছাড়াও আক্রান্ত গাছের শিকড় হলুদাভ বাদামী থেকে গাঢ় বাদামী রং ধারণ করে। তবে আক্রান্ত শিকড়ের উপর ফুটরট বা গোড়া পচা রোগের অনুরূপ কোন ছত্রাকের সাদা মাইসেলিয়াম দেখা যায় না। কম বয়সের চারার শিকড়ের অগ্রভাগ আক্রান্ত হলে শিকড়ের নিচের অংশ নষ্ট হয়ে যায়। মাটিতে উপযুক্ত পরিমাণ রস থাকলে আক্রান্ত শিকড়ের উপরের অংশে গুচ্ছ আকারের নতুন শিকড় গজায়। ঢলে পড়া রোগ আক্রান্ত গাছের শিকড় বা মূল লম্বালম্বিভাবে চিরলে লম্বা কালো বা গাঢ় বাদামী রঙের ডোরা দাগ দেখা যায়।
pulse,lentil,মসুর,77,pest_disease,দমন ব্যবস্থা,এরোগের দমন ব্যবস্থা উদ্ভাবনের ক্ষেত্রে গোড়া পচা রোগের অনুরূপ পদক্ষেপ নেওয়া যায়। রাসায়নিক পদ্ধতিতে বিভিন্ন ছত্রাকনাশক ব্যবহার করে এ রোগ দমনের চেষ্টা করা যেতে পারে। অটোস্টিন এবং থিরাম নামক ঔষধ একত্রে (1ঃ1 অনুপাতে) শুকনা বীজের সাথে 0.25% হারে মিশিয়ে বীজ শোধন করলে এ রোগ উল্লেখযোগ্য হারে কম হয়। আবাদ কৌশলে বা ব্যবস্থাপনায় পরিবর্তন এনেও এ রোগ দমনের চেষ্টা করা যায়। উপযুক্ত সময়ে বপন করে যেমন দেশের মধ্য দক্ষিণাঞ্চলে অক্টোবর মাসের শেষ সপ্তাহে এবং উত্তারাঞ্চলে নভেম্বর মাসের প্রথম সপ্তাহে বপন করলে এরোগের আক্রমণ উল্লেখযোগ্য হারে কম হতে দেখা যায়। এছাড়া বপনের সময় জমির মাটিতে যাতে “জো” অবস্থার চেয়ে বেশি রস না থাকে সেদিকে খেয়াল রাখতে হবে। কারণ মাটিতে অতিরিক্ত রস থাকা অবস্থায় বপন করলে এ রোগের প্রকোপ বৃদ্ধি পায়। এছাড়া রোগ দেখা দেয়ার সাথে সাথে অটোস্টিন 2 গ্রাম/প্রতি লিটার পানিতে মিশিয়ে 7 হতে 10 দিন পর পর 2-3 বার স্প্রে করলে এ রোগ দমন করা যায়। এসব ব্যবহারের পরেও যদি এ রোগের আক্রমণ থাকে তাহলে পরবর্তী বছর শস্য পর্যায় অবলম্বন করতে হবে।
pulse,lentil,মসুর,77,pest_disease,মসুরের জাবপোকা,"জাবপোকা মসুরের পাতা, কাণ্ড, পুষ্পমঞ্জুরী ও ফলে আক্রমণ করে থাকে এবং সেখান থেকে রস চুষে খায়। মারাত্মক আক্রমণে গাছের বৃদ্ধি কমে যায় এবং ফলন ব্যাহত হয়। মারাত্মক আক্রমণে ডায়মেথয়েট জাতীয় কীটনাশক (যেমন- টাফগর 40 ইসি বা অন্য নামের) প্রতি লিটার পানিতে 2 মিলি হারে মিশিয়ে স্প্রে করতে হবে।"
pulse,chickpea,ছোলা,85,soil_climate,মাটি,এঁটেল ও এঁটেল দোআঁশ মাটিতে ছোলা ভালো জন্মে।
pulse,chickpea,ছোলা,85,other,শস্য পরিক্রমা,"বাংলাদেশে প্রধানত আউশ/পাট-পতিত-ছোলা, রোপা আউশ-রোপা আমন- ছোলা, আমন-ছোলা-পতিত ফসল ধারায় ছোলার চাষ হয়ে থাকে। এছাড়া একক ফসলের পাশাপাশি মিশ্র বা সাথী ফসল অথবা আন্তঃফসল হিসেবে তিসি, ধনিয়া, বার্লি, গম, ইক্ষু বা ভুট্টার সাথে ছোলা চাষ করে লাভবান হওয়া যায়।"
pulse,chickpea,ছোলা,85,land_preparation,জমি তৈরি,2-3 টি আড়াআড়ি চাষ ও মই দিয়ে জমি গভীর করে ভালোভাবে চাষ করতে হবে। জমিতে বেশি বড় ঢেলা না থাকে সে দিকে লক্ষ্য রাখতে হবে। তবে ছোলা চাষের জন্য মাটি একেবারে ঝুরঝুর করা যাবে না।
pulse,chickpea,ছোলা,85,sowing_method,বপন পদ্ধতি,"ছিটিয়ে ও সারি করে বীজ বপন করা যায়। সারি করে বপন করলে গাছ পর্যবেক্ষণ, বাছাই এবং মাঠের অন্তর্বর্তীকালীন পরিচর্যা সহজ হয়। সারিতে বপনের ক্ষেত্রে সারি থেকে সারির দূরত্ব 40-50 সেমি বা 16-20 ইঞ্চি রাখতে হবে এবং গাছ থেকে গাছের দূরত্ব 10-12 সেমি।"
pulse,chickpea,ছোলা,85,seed_rate,বীজের হার,"বীজের হার 35 কেজি/হেক্টর, ছিটিয়ে বপনের ক্ষেত্রে বীজের পরিমাণ কিছু বেশি অর্থাৎ 40 কেজি/হেক্টর দিতে হয়।"
pulse,chickpea,ছোলা,85,other,বীজ শোধন,ডাল জাতীয় ফসল বীজ বপনের পূর্বে শোধন করলে মাটি ও বীজ বাহিত অনেক জীবাণুর আক্রমণ হতে রক্ষা পাওয়া যায়। তাই বীজ বপনের পুর্বে অবশ্যই প্রোভেক্স-200 ডব্লিউ পি (কার্বোজিন+থিরাম) 2.5-3.0 গ্রাম হারে প্রতি কেজি বীজে মিশিয়ে শোধন করলে শুরুতে গোড়া পচা রোগের প্রকোপ কমে যায়।
pulse,chickpea,ছোলা,85,fertilizer,সারের পরিমাণ ও প্রয়োগ পদ্ধতি,বি: দ্র: জমি খুব ঊর্বর হলে ছোলা চাষে সার প্রয়োগের প্রয়োজন নেই।
pulse,chickpea,ছোলা,85,sowing_time,বপন সময়,নভেম্বর 3য় সপ্তাহ থেকে ডিসেম্বর 1ম সপ্তাহ উত্তম সময়। তবে বরেন্দ্র অঞ্চলের জন্য কার্তিক মাসের দ্বিতীয় সপ্তাহ থেকে শেষ সপ্তাহে (অক্টোবর শেষ সপ্তাহ থেকে নভেম্বরের 2য় সপ্তাহ) বীজ বপন করতে হবে।
pulse,chickpea,ছোলা,85,other,রগিং,"জাতের বিশুদ্ধতা সংরক্ষণের জন্য মূল গাছের সাথে সামঞ্জস্য নয় এরুপ অবাঞ্চিত গাছ বৃদ্ধির কয়েক পর্যায়ে (যেমনসজিব বৃদ্ধি পর্যায়ে, ফুল আসার সময় ও পরিপক্কতার সময়) সমূলে উপড়িয়ে ফেলতে হবে।"
pulse,chickpea,ছোলা,85,intercultural,অন্তর্বর্তীকালীন পরিচর্যা,"বপনের 30-35 দিনের মধ্যে একবার আগাছা দমন করা প্রয়োজন। অতি বৃষ্টির ফলে যাতে জলাবদ্ধতা সৃষ্টি না হয় সে জন্য অতিরিক্ত পানি নিষ্কাশনের ব্যবস্থা রাখতে হবে। জমিতে পর্যাপ্ত রস না থাকলে বপনের পর হাল্কা সেচ দিতে হবে। বরেন্দ্র অঞ্চলে গাছ গজানোর 25-30 দিনে মধ্যে 1 বার হালকা সেচ দিলে ভালো ফলন পাওয়া যায়। তবে এসময় বৃষ্টি হলে সার, সেচ দেওয়ার কোন প্রয়োজন নেই। সেচ বা বৃষ্টির পানি জমি হতে বের হওয়ার জন্য পর্যাপ্ত নালা থাকা আবশ্যক।"
pulse,chickpea,ছোলা,85,pest_disease,রোগ ও পোকা ব্যবস্থাপনা,
pulse,chickpea,ছোলা,85,pest_disease,ছোলার উইল্ট রোগ দমন,"ফিউজেরিয়াম অক্সিসপোরাম নামক ছত্রাক দ্বারা এ রোগ হয়। সাধারণত মাটির তাপমাত্রা বৃদ্ধি পেলে ও যথেষ্ট পরিমাণ আর্দরতা থাকলে এ রোগের ব্যাপকতা বৃদ্ধি পায়। চারা অবস্থায় এ রোগে আক্রান্ত গাছ মারা যায় এবং পাতার রঙের কোন পরিবর্তন হয় না। আক্রান্ত গাছের পাতা হলুদ হয়ে যায়, ঢলে পড়ে ও শুকিয়ে যায়। লম্বালম্বিভাবে কাটলে কাণ্ডের মাঝখানের অংশ কালো দেখা যায়। ঢলে পড়া রোগ দেখা দিলে আক্রান্ত জমিতে পরবর্তী বৎসর ছোলা না বুনে দুই বা তিন বৎসরের জন্য শস্য পর্যায় অনুসরণ করা প্রয়োজন।"
pulse,chickpea,ছোলা,85,pest_disease,প্রতিকার," বীজ শোধক ঔষধ দিয়ে বপনের পূর্বে বীজ শোধন করলে ছোলার উইল্ট রোগ দমন করা যায়, প্রোভেক্স-200 ডব্লিউ পি প্রতি কেজি বীজের জন্য 2.5-3.0 গ্রাম হারে মিশিয়ে বীজ শোধন করতে হবে।  মাঠে ঢলে পড়া রোগ দেখা দিলে কার্বেন্ডাজিম (অটোস্টিন ডি এফ অথবা নোইন) + প্রোভেক্স-200 ডব্লিউ পি 1 গ্রাম হারে প্রতি লিটার পানিতে মিশিয়ে বিকালে গাছের গোড়ায় ভালোভাবে স্প্রে করতে হবে।  রোগ প্রতিরোধী জাত, যেমন- বারি ছোলা-5, বারি ছোলা-9, বারি ছোলা-10 এবং বারি ছোলা-11 এর চাষ করতে হবে। নিম্নরূপ হারে সার ব্যবহার করতে হবে।"
pulse,chickpea,ছোলা,85,fertilizer,সারের নাম সারের পরিমাণ/হেক্টর (কেজি) সারের পরিমাণ/বিঘা (কেজি),টিএসপি 80-90 11-12 এমওপি 40-45 5-6 জিপসাম 50-55 7-8 বোরন (প্রয়োজনবোধে) 7-10 1-1.5 অণুজীব সার (প্রয়োজনবোধে) সুপারিশমতো সুপারিশমতো  ফসলের পরিত্যক্ত অংশ পুড়িয়ে ফেলতে হবে।  পর্যাপ্ত পরিমাণে জৈব সার ব্যবহার করতে হবে।
pulse,chickpea,ছোলা,85,pest_disease,গোড়া পচা রোগ দমন,স্ক্লেরোশিয়াম রলফসি নামক ছত্রাক দ্বারা এ রোগ হয়। চারা গাছে এ রোগ বেশি দেখা যায়। আক্রান্ত গাছ হলদে হয়ে যায় এবং শিকড় ও কাণ্ডের সংযোগ স্থলে কালো দাগ পড়ে। গাছ টান দিলে সহজেই উঠে আসে। আক্রান্ত স্থানে গাছের গোড়ায় ছত্রাকের জালিকা ও সরিষার দানার মত স্ক্লেরোশিয়া গুটি দেখা যায়।
pulse,chickpea,ছোলা,85,pest_disease,প্রতিকার," প্রোভেক্স-200 ডব্লিউ পি প্রতি কেজি বীজের জন্য 2.5-3.0 গ্রাম হারে মিশিয়ে বীজ শোধন করতে হবে  মাঠে ঢলে পড়া রোগ দেখা দিলে কার্বেন্ডাজিম অটোস্টিন + প্রোভেক্স-200 ডব্লিউ পি 1 গ্রাম হারে প্রতি লিটার পানিতে মিশিয়ে বিকালে গাছের গোড়ায় ভালোভাবে স্প্রে করতে হবে।  ফসলের পরিত্যক্ত অংশ পুড়িয়ে ফেলতে হবে।  রোগ সহনশীল জাত, যেমন- বারি ছোলা-5, বারি ছোলা-9 এবং বারি ছোলা-10 এর চাষ করতে হবে।  সুষম হারে সার প্রয়োগ করতে হবে। ফসলের পরিত্যক্ত অংশ পুড়িয়ে ফেলতে হবে।"
pulse,chickpea,ছোলা,85,pest_disease,ছোলার বট্রাইটিস গ্রে মোল্ড রোগ,"বট্রাইটিস প্রজাতির ছত্রাক দ্বারা এ রোগ ঘটে থাকে। ছোলার বৃদ্ধি অবস্থায় কিংবা ফল আসার শুরুতেই এ রোগের আক্রমণ লক্ষ্য করা যায়। ফুল আসার পর থেকে ফল পাকার পূর্ব পর্যন্ত যেকোন সময়ে ভারি বৃষ্টি হলে, বাতাসে আর্দরতা শতকরা 95 ভাগ বা বেশি থাকলে এবং জমিতে গাছ বেশি ঘন হলে এ রোগের ব্যাপকতা লাভ করে। এ রোগের লক্ষণ কাণ্ড, পাতা, ফুল ও ফলে প্রকাশ পায়। আক্রমণের 5-7 দিনের মধ্যেই গাছের ভিতরের পাতাগুলো হলুদ রং ধারণ করে। অনুকূল আবহাওয়া চলতে থাকলে আক্রান্ত হলুদ পাতাগুলো ক্রমশ: শুকিয়ে যেতে থাকে। শুকনো পাতা বিশিষ্ট এ রোগ আক্রান্ত গাছ রোদ্রোজ্জ্বল দুপুরে ঝাকুনি দিলে আক্রান্ত পাতার স্পোর ধুলার মত উড়তে থাকে। আক্রান্ত স্থানে ধূসর রঙের ছত্রাকের উপস্থিতি দেখা যায়। ফলের মধ্যে আক্রান্ত হলে সাদা বর্ণের মাইসেলিয়াম দেখা যায় এবং আক্রান্ত ফলগুলো পরিপুষ্ট না হওয়ার কারণে বীজগুলো কুচ্কানো আকৃতির হয়।"
pulse,chickpea,ছোলা,85,pest_disease,প্রতিকার, গাছ ঘন হয়ে থাকলে পাতলা করে দিতে হবে। ফসলের পরিত্যক্ত অংশ পুড়িয়ে ফেলতে হবে।  অ্যাক্রোবেট এম জেড 2 এমএল প্রতি লিটার পানিতে অথবা অটোস্টিন 2.0 গ্রাম প্রতি লিটার পানিতে মিশিয়ে 7-10 দিন অন্তর 2-3 বার স্প্রে করতে হবে।  রোগ প্রতিরোধী জাত বারি ছোলা-10 অথবা বারি ছোলা-11 এর চাষ করতে হবে।  অটোস্টিন অথবা থিরাম প্রতি কেজি বীজে 2.5-3.0 গ্রাম হারে মিশিয়ে শোধন করতে হবে।
pulse,chickpea,ছোলা,85,pest_disease,ছোলার ফলছেদক পোকা ব্যবস্থাপনা,"ফলছেদক পোকার আক্রমণে অনুকূল আবহাওয়ায় ছোলার ফলন শতকরা 80 ভাগেরও বেশি কমে যেতে পারে। ছোলার গাছে ফুল আসা শুরু করলে স্ত্রী মথ পাতায় 2-6টি করে ডিম পাড়ে। ডিম থেকে কীড় বের হয়ে পাতা, ডগা ও ফুল খেয়ে থাকে। গাছে ফল ধরা শুরু করলে ফলের ভিতর ছিদ্র করে ঢুকে বর্ধনশীল বীজ খেয়ে ফেলে। এদের মারাত্মক আক্রমণে ফলন দারুনভাবে ব্যহত হতে পারে। ফলছেদক পোকার আক্রমণ নিয়ন্ত্রণ করার জন্য- (ক) উপযুক্ত সময়ে (নভেম্বরের মাঝামাঝী) এবং সঠিক হারে বীজ বপন করতে হবে। (খ) ক্ষেতে পতঙ্গভূক পাখি বসার ব্যবস্থা করার জন্য বাঁশের কঞ্চি/গাছের ডালপালা পুঁতে দেয়া যেতে পারে। (গ) ছোলার মধ্যে আন্তঃফসল যেমন- ধনিয়া, গম, সরিষা, তিসি ইত্যাদি ফসলের চাষ করে পোকার আক্রমণ কমানো যেতে পারে। (ঘ) আক্রমণ মারাত্মক হওয়ার সম্ভাবনা থাকলে থায়ামিথক্সাম+ক্লোরানট্রানিলিপ্রোল এর মিশ্রণ কীটনাশক (যেমনভিরতাকো 40 ডব্লিউ জি বা অন্য নামের) প্রতি লিটার পানিতে 0.15 গ্রাম হারে মিশিয়ে 7-10 দিন পরপর স্প্রে করতে হবে।"
pulse,chickpea,ছোলা,85,harvest,ফসল সংগ্রহ,গাছের ফল যখন শুষ্ক খড়ের মত রং দেখা যাবে তখন অর্থাৎ চৈত্রের প্রথম সপ্তাহ থেকে মধ্য-চৈত্র (মধ্য- মার্চের শেষ) এর মধ্যে ফসল সংগ্রহ করতে হবে।
pulse,black gram,মাসকলাই,90,soil_climate,মাটি,উঁচু থেকে মাঝারী উচুঁ ও সুনিষ্কাশিত দোআঁশ বা বেলে দোআঁশ মাটি মাসকলাই উৎপাদনের জন্য বেশি উপযোগী।
pulse,black gram,মাসকলাই,90,land_preparation,জমি তৈরি,2-3টি আড়াআড়ি চাষ ও প্রয়োজনীয় মই দিয়ে মাটি ভালোভাবে তৈরি করতে হবে।
pulse,black gram,মাসকলাই,90,sowing_method,বপন পদ্ধতি,ছিটিয়ে এবং সারি করে বপন করা যায়। সারিতে বপনের ক্ষেত্রে সারি থেকে সারির দূরত্ব 30 সেমি রাখতে হবে। খরিফ-2 মৌসুমে ছিটিয়ে বোনা যায়। বিশেষ করে খরিফ-2 মৌসুমে আউশ ধানের জমিতে সাথী ফসল হিসাবেও চাষ করা যায়।
pulse,black gram,মাসকলাই,90,seed_rate,বীজের হার,প্রতি হেক্টরে 30-35 কেজি। ছিটিয়ে বপনের ক্ষেত্রে বীজের পরিমাণ কিছু বেশি দিতে হবে।
pulse,black gram,মাসকলাই,90,sowing_time,বপনের সময়,এলাকা ভেদে বপন সময়ের তারতম্য দেখা যায়। খরিফ-1 মৌসুমে ফাল্গুন 2য় সপ্তাহ থেকে ফাল্গুন শেষ সপ্তাহ (ফেব্রুয়ারি শেষ হতে মধ্য-মার্চ) এবং খরিফ-2 মৌসুমে শ্রাবণ মাসের 3য় সপ্তাহ থেকে 15ই ভাদ্র (আগস্টের 2য় সপ্তাহ থেকে সেপ্টেম্বর 1ম সপ্তাহ)।
pulse,black gram,মাসকলাই,90,fertilizer,সারের পরিমাণ ও প্রয়োগ পদ্ধতি,অনুর্বর জমিতে হেক্টরপ্রতি নিম্নরুপ সার প্রয়োগ করতে হয়। সমস্ত সার শেষ চাষের সময় জমিতে প্রয়োগ করতে হয়।
pulse,black gram,মাসকলাই,90,intercultural,অন্তবর্তীকালিন পরিচর্যা,বপনের 20-25 দিনের মধ্যে একবার আগাছা দমন করা প্রয়োজন। বৃষ্টিপাতের ফলে যাতে জলাবদ্ধতার সৃষ্টি হতে না পারে সে জন্য পানি নিষ্কাশনের ব্যবস্থা করতে হবে।
pulse,black gram,মাসকলাই,90,pest_disease,রোগ ব্যবস্থাপনা,
pulse,black gram,মাসকলাই,90,other,মাসকলাই,মাসকলাই চাষাবাদের ক্ষেত্রে কৃষকগণ যে সকল সমস্যার সম্মুখীন হন তার মধ্যে রোগ-বালাই এবং পোকা-মাকড় এর আক্রমণ অন্যতম। বাংলাদেশে এ পর্যন্ত মাসকলাইয়ের মোট 20টি রোগ সনাক্ত করা হয়েছে। যার মধ্যে মাঠ পর্যায়ে ফসলে 17টি এবং গুদামজাত শস্যে 3টি রোগ সনাক্ত করা হয়েছে। এগুলোর মধ্যে মাঠ পর্যায়ে 4টি এবং গুদামজাত অবস্থায় 2টি রোগ বেশি ক্ষতিকর। নিম্নে প্রধান প্রধান রোগসমূহের ব্যবস্থাপনা আলোচনা করা হল।
pulse,black gram,মাসকলাই,90,pest_disease,হলুদ মোজাইক,"হলুদ মোজাইক মাসকলাইয়ের সবচেয়ে মারাত্মক ভাইরাসজনিত রোগ। দক্ষিণ পূর্ব এশিয়ার প্রায় সব কটি দেশেই মাসকলাইয়ের জমিতে এ রোগের আক্রমণ লক্ষ্য করা যায়। তবে মুগের তুলনায় এর প্রকোপ কিছুটা কম হয়। চারা অবস্থা থেকে শুরু করে পূর্ণ বয়স্ক গাছ পর্যন্ত ফসলের যেকোন অবস্থায়ই এ রোগের আক্রমণ হতে পারে। তবে আক্রমণ যত কম বয়সে হয় ক্ষতির পরিমাণ তত বেশি হয়। গবেষণার ফলাফল থেকে জানা যায় এ রোগের আক্রমণ আট সপ্তাহ বয়সের মাসকলাই ক্ষেতে তেমন কোন ক্ষতি হয় না। পক্ষান্তরে সাত, ছয়, পাঁচ এবং চার সপ্তাহ বয়সের ফসলে যথাক্রমে"
pulse,black gram,মাসকলাই,90,fertilizer,সারের নাম সারের পরিমাণ/হেক্টর (কেজি) সারের পরিমাণ/বিঘা (কেজি),"ইউরিয়া 40-45 5-6 টিএসপি 80-90 10-13 এমওপি 40 -45 5-6 জিপসাম 50-55 7-8 বোরন (প্রয়োজনবোধে) 7-10 1-1.5 অণুজীব সার (প্রয়োজনবোধে) সুপারিশমতো সুপারিশমতো শতকরা 20, 38, 60 ও 85 ভাগ ফলন কমে যেতে পারে। এমনকি এক থেকে দুই সপ্তাহ বয়সের মাসকলাই ফসল আক্রান্ত হলে প্রায় শতকরা 100 ভাগ ফলন বিনষ্ট হতে পারে (Yang, 1987)। এই রোগের আক্রমণকারী ভাইরাস সাদা মাছি (White Fly) দ্বারা বিস্তার লাভ করে।"
pulse,black gram,মাসকলাই,90,pest_disease,রোগের লক্ষণ,"আক্রান্ত পাতার উপর চমকা ও গাঢ় সবুজ এবং হলুদ রং এর মিশ্রণ যুক্ত নানা বর্ণের বিন্যাস এ রোগের প্রধান লক্ষণ। জাতভেদে এ রোগের লক্ষণের কিছুটা তারতম্য হলেও এরূপ হলুদ হয়ে যাওয়া সর্বাবস্থায় দেখা যায়। আক্রান্ত গাছ খর্বাকৃতির হয়। আক্রমণের মাত্রা বেশি হলে পাতা, ফুল ও ফল কুঁকড়ে যায় এবং ফলের আকার ছোট হয়। বীজ অপুষ্ট ও কুঁকড়ানো হয়। প্রতিটি ফলে বীজের সংখ্যা হ্রাস পায়। মারাত্মকভাবে আক্রান্ত গাছে ফুল ফল মোটেই ধরে না বা খুবই কম ধরে থাকে।"
pulse,black gram,মাসকলাই,90,pest_disease,ব্যবস্থাপনা,"এরোগটির ব্যবস্থাপনা খুবই কষ্টসাধ্য। তবে বাংলাদেশ কৃষি গবেষণা ইনস্টিটিউট কর্তৃক উদ্ভাবিত মাসকলাইয়ের উন্নত জাতসমূহের (বারি মাস-1, বারি মাস-2,বারি মাস-3 এবং বারি মাস-4) এ রোগ সহ্য ক্ষমতা রয়েছে। খরিফ মৌসুমে বপনকৃত ফসলে, খরিফ-2 মৌসুমে বপনকৃত ফসলের তুলনায় এ রোগের আক্রমণ উল্লেখযোগ্য হারে কম হতে দেখা যায়। ফসলের প্রাথমিক পর্যায়ে হলুদ মোজাইক আক্রান্ত গাছ মাঠে দেখার সাথে সাথে গাছ উপড়ে ফেলে দিতে হবে। তাছাড়া রোগ বিস্তারকারী সাদা মাছি কীটনাশকের মাধ্যমে দমন করেও রোগ বিস্তার রোধ করা যায়।"
pulse,black gram,মাসকলাই,90,pest_disease,পাতার সারকোস্পোরা দাগ,সারকোস্পোরা দাগ মাসকলাই পাতার একটি অতি ক্ষতিকর রোগ। আবহাওয়ার তারতম্যের উপর ভিত্তি করে এ রোগের প্রকোপ কম বেশি হয়ে থাকে। রোগের অনুকূল আবহাওয়ায় পাতার দাগের কারণে ফসলের যথেষ্ট ক্ষতি হয়ে থাকে। এরোগ “সারকোস্পোরা ক্রোয়েন্টা” বা “সারকোস্পোরা কেনেসেন্স” নামক ছত্রাকের আক্রমণের কারণে হয়ে থাকে। জীবাণু ছত্রাক আক্রান্ত ফসলের পরিত্যক্ত আবর্জনার মাধ্যমে বেঁচে থাকতে পারে। গাছের আক্রান্ত অংশ বীজের সাথে মিশে পরবর্তী মৌসুমে আক্রমণের প্রাথমিক উৎস হিসাবে কাজ করতে পারে।
pulse,black gram,মাসকলাই,90,pest_disease,রোগের লক্ষণ,রোগের লক্ষণ প্রথমে পাতার উপর ছোট ছোট পানিতে ভেজা আলপিনের মাথার সমান দাগের আকারে প্রকাশ পায়। পরে এই দাগগুলি বাদামী বা লালচে বাদামী রং ধারণ করে ক্রমশ আকারে বড় হতে থাকে। দাগগুলি প্রায় 1.5 সেমি ব্যাস বিশিষ্ট হয়। একাধিক দাগ এক সাথে মিশে বড় দাগের সৃষ্টি হতে পারে। ফসলের জাত ভেদে দাগগুলি বিভিন্ন ধরনের হতে দেখা যায়। কোন কোন জাতের দাগগুলি চারিদিকে বাদামী রং বলয়যুক্ত এবং কেন্দ্রের কিছুটা অংশ সাদা হয়। আবার কোন কোন জাতে দাগের বেশির ভাগ অংশই সাদাটে হয়। সাধারণত দাগগুলো কোন নির্দিষ্ট আকার বা আকৃতির হয় না। খুব বেশি মাত্রায় আক্রান্ত হলে গাছের পাতা ঝরে যায়।
pulse,black gram,মাসকলাই,90,pest_disease,ব্যবস্থাপনা,"রোগের জীবাণু ফসলের আক্রান্ত অংশে বেঁচে থাকতে পারে বিধায় আক্রান্ত ফসলের আবর্জনা যাতে ভালোভাবে পচে যায় সে ব্যবস্থা করতে হবে অথবা পুড়িয়ে ফেলতে হবে। বাংলাদেশ কৃষি গবেষণা ইনস্টিটিউট কর্তৃক উদ্ভবিত মাসকলাইয়ের উন্নত জাতসমূহের (বারি মাস-1, বারি মাস-2, বারি মাস-3 এবং বারি মাস-4) এ রোগের আক্রমণ কম হয়। এছাড়া রোগ দেখা দেয়ার সাথে সাথে অটোস্টিন-50 ডব্লিউ পি নামক ঔষধ প্রতি লিটার পানিতে 2.0 গ্রাম মিশিয়ে 7-10 দিন অন্তর 2/3 বার স্প্রে করলে এরোগ দমন করা যায়।"
pulse,black gram,মাসকলাই,90,pest_disease,পাউডারী মিলডিউ,"পাউডারী মিলডিউ মাসকলাইয়ের একটি প্রধান রোগ। বাংলাদেশ ছাড়া ভারত এবং দক্ষিণ-পূর্ব এশিয়ার অন্যান্য দেশের মাসকলাইতে এ রোগ আক্রমণ করে থাকে। বাংলাদেশে এ রোগটি খরিফ-2 মৌসুমে বেশি আক্রমণ করে। বিশেষত দেরিতে বোনা ফসলের বেশি ক্ষতি করে থাকে। গবেষণার ফলাফল থেকে জানা যায় যে, এ রোগের আক্রমণের কারণে মাসকলাইয়ের খরিফ-2 মৌসুমে 42% এবং খরিফ-1 মৌসুমে 17% পর্যন্ত ক্ষতি করে থাকে। যা একটি ছত্রাকজনিত রোগ। এরোগের জীবাণু ছত্রাক ইরাইছিফি পলিগনি (Erysiphe polygoni) বা অয়ডিয়াম এসপি (Oidium sp) প্রধানত বায়ু প্রবাহের মাধ্যমে একস্থান থেকে অন্য স্থানে বাহিত হয়।"
pulse,black gram,মাসকলাই,90,pest_disease,রোগের লক্ষণ,এ রোগ সর্ব প্রথম পাতার উপরে ছোট ছোট সাদা হালকা পাউডারী দাগের আকারে প্রকাশ পায়। ধীরে ধীরে এ দাগ থেকে আরও অসংখ্য অনুরূপ পাউডারী দাগের সৃষ্টি হয় এবং পাতার উপরের পুরো অংশ আক্রান্ত হয়ে সাদা পাউডারের মত হয়ে যায়। পরে পাতা থেকে কাণ্ড ও ফল-ফুল প্রভৃতি অংশেও আক্রমণ বিস্তার লাভ করে। পাতার উপরের সাদা পাউডার ক্রমে ছাই রং ধারণ করে এবং পরিশেষে তা কাল বা গাঢ় বাদামী রঙের পাউডারে পরিণত হয়। পাতার সবুজ রং পরিবর্তিত হয়ে ছাই রঙে পরিণত হয়।
pulse,black gram,মাসকলাই,90,pest_disease,ব্যবস্থাপনা,রোগ সহনশীল কোন জাতের সন্ধান এখনও পাওয়া যায়নি। তবে সময়মত বপন করলে এ রোগের আক্রমণে ক্ষতির পরিমাণ কম হয়। এছাড়া ছত্রাকনাশক ব্যবহার করেও এ রোগ দমন করা যায়। টিল্ট-250 ইসি/0.5 মিলি অথবা থিউভিট 80 ডব্লিউ পি 2.0 গ্রাম প্রতি লিটার পানিতে মিশিয়ে রোগের আক্রমণের শুরু থেকে 7 হতে 10 দিন পর পর 2-3 বার স্প্রে করলে এ রোগ দমন করা যায়। বাংলাদেশ কৃষি গবেষণা ইনস্টিটিউট কর্তৃক উদ্ভাবিত মাসকলাইয়ের উন্নত জাতসমূহে এ রোগের আক্রমণ কম পরিলক্ষিত হয়।
pulse,black gram,মাসকলাই,90,pest_disease,পাতা পচা রোগ,সাস্প্রতিকালে মাকলাইয়ে এ রোগের প্রকোপ বৃদ্ধি পেয়েছে। ইহা একটি ছত্রাকজনিত রোগ। এ রোগটি সর্ব প্রথম যশোর এবং ঈশ্বরদী আঞ্চলিক কৃষি গবেষণা কেন্দ্রসমূহের গবেষণা খামারে লক্ষ্য করা যায় এবং আক্রমণকারী ছত্রাককে শনাক্ত করা হয়। পরবর্তীতে বাংলাদেশের বিভিন্ন স্থানে কৃষকের জমিতেও এ রোগের আক্রমণ পরিলক্ষিত হয়। বর্তমানে এই রোগ একটা প্রধান রোগ হিসেবে আবির্ভূত হয়েছে।
pulse,black gram,মাসকলাই,90,pest_disease,রোগের লক্ষণ,এ রোগের আক্রমণের শুরুতে পাতার উপর পানিতে ভেজা দাগের সৃষ্টি হয়। উষ্ণ ও মেঘলা আবহাওয়ায় দাগের আকার বৃদ্ধি পেয়ে পাতার প্রায় সম্পূর্ণ অংশই আক্রান্ত হয়ে পড়ে। রৌদ্রোজ্জ্বল দিনে আক্রান্ত পাতাগুলো শুকিয়ে বাদামী রং ধারণ করে। শুকনা আক্রান্ত অংশে ছত্রাকের সাদা মাইসিলিয়াম দেখা যায় এবং পরে বিভিন্ন আকারে স্ক্লেরোশিয়াম তৈরি হয়। স্ক্লেরোশিয়ামগুলো প্রথমে সাদা রঙের থাকে এবং পুরোমাত্রায় পরিপক্কতা আসলে তুলার বীজের মতো গাঢ় বাদামী বা কাল রং ধারণ করে।
pulse,black gram,মাসকলাই,90,pest_disease,রোগ বিস্তার,এ রোগের আক্রমণকারী ছত্রাক (Selerotinia sclerotiorum) মাটিতে থাকে। আক্রান্ত গাছের উপর ইহা ছত্রাকের স্ক্লেরোশিয়াম তৈরি করে। স্ক্লেরোশিয়াম মাটির সাথে মিশে মাটিতে থেকে যায়। উপযুক্ত আবহাওয়ায় অঙ্কুরিত হয়ে এসকোকার্প তৈরি করে। পরিপক্ক এসকোকার্প বিষ্ফোরিত হয়ে এসকোস্পোর নিক্ষেপ করে যা শস্যকে আক্রমণ করে।
pulse,black gram,মাসকলাই,90,pest_disease,ব্যবস্থাপনা,এরোগের দমন ব্যবস্থা উদ্ভাবনের উপর বাংলাদেশে খুব বেশি গবেষণা হয়নি। রোগ দমনের জন্য জমিতে আক্রান্ত ফসলের আবর্জনা এবং স্ক্লেরোশিয়াসমূহ পরিপক্ক হয়ে পড়ে যাওয়ার পূর্বে পরিষ্কার করা দরকার। আক্রমণ দেখা দেয়ার প্রাথমিক পর্যায়ে এ রোগের দমন ব্যবস্থা হিসাবে আক্রান্ত গাছের অংশ পরিস্কার করলে ভাল ফল পাওয়া যায়। এছাড়া রেখা দেখা দেওয়ার সাথে সাথে রোভরাল নামক ছত্রাক নাশক 2.0 গ্রাম প্রতি লিটার পানিতে মিশিয়ে 10-12 দিন পর পর 3-4 স্প্রে করলে রোগের প্রকোপ কমানো যায়।
pulse,black gram,মাসকলাই,90,pest_disease,জাবপোকা,
pulse,black gram,মাসকলাই,90,pest_disease,পোকা ব্যবস্থাপনা,"জাবপোকা সাধারণত দলবদ্ধভাবে পাতা, ডগা, ফুল ও ফল থেকে রস চুষে খায়। এদের আক্রমণে গাছ খর্বাকৃতি হয়, ফুল ও ফল ধারণ বাধাগ্রস্থ হয়, বীজের দানা অপুষ্ট ও আকারে ছোট হয়। জাবপোকার আক্রমণ দেখা গেলে ডাইমেথয়েট গ্রুপের (যেমন- টাফগর-40 ইসি) প্রতি লিটার পানিতে 2 মিলি/লিটার হারে মিশিয়ে স্প্রে করে সহজেই জাবপোকা দমন করা যায়।"
pulse,mung bean,মুগ,95,soil_climate,মাটি,"বেলে দোআঁশ ও পলি দোআঁশ মাটি, উঁচু-মাঝারী উঁচু এবং সুনিষ্কাশিত জমি মুগ আবাদের জন্য উপযোগী।"
pulse,mung bean,মুগ,95,land_preparation,জমি তৈরি,2-3টি আড়াআড়ি চাষ ও প্রয়োজনীয় মই দিয়ে মাটি ভালোভাবে তৈরি করতে হবে।
pulse,mung bean,মুগ,95,sowing_method,বপন পদ্ধতি,ছিটিয়ে ও সারি উভয় পদ্ধতিতেই বপন করা যায়। আন্তঃফসল বা মিশ্র ফসল হিসেবে মুগ চাষ করলে সাধারণত ছিটিয়ে বপন করা হয়। তবে সারি করে বপন করাই উত্তম। সারি করে বপন করলে আন্তঃপরিচর্যাসহ ফল সংগ্রহের সুবিধা হয় এবং বীজের গুণাগুণসহ ফলনও বেশি হয়। সারিতে বপনের ক্ষেত্রে সারি থেকে সারির দূরত্ব 30 সেমি বা 12 ইঞ্চি রাখতে হবে এবং গাছ থেকে গাছের দূরত্ব 7-8 সেমি।
pulse,mung bean,মুগ,95,seed_rate,বীজের হার,মুগের বীজের পরিমাণ নির্ভর করে বীজের আকার এবং বপন পদ্ধতির উপর। 15-18 কেজি/হেক্টর ছোট দানার ক্ষেত্রে 1000 বীজের ওজন 25-32 গ্রাম এবং 22-25 কেজি/হে. বড় দানার ক্ষেত্রে 40-52 গ্রাম/1000 বীজের ওজন এবং ছিটিয়ে বপনের ক্ষেত্রে বীজের পরিমাণ সামান্য বেশি দিতে হবে।
pulse,mung bean,মুগ,95,sowing_time,বপনের সময়,এলাকাভেদে মুগের বপন সময়ের তারতম্য দেখা যায়। খরিফ-1 মৌসুমে ফাল্গুন মাসের 2য় সপ্তাহ থেকে শেষ পর্যন্ত (ফেব্রুয়ারির শেষ ভাগ হতে মার্চের মধ্য-ভাগ)। খরিফ-2 মৌসুমে শ্রাবণ 3য় সপ্তাহ-ভাদ্র 3য় সপ্তাহ (আগস্টের দ্বিতীয় সপ্তাহ হতে সেপ্টেম্বরের 1ম সপ্তাহ পর্যন্ত)। বিলম্ব রবি মৌসুমে বরিশাল এলাকার জন্য বপনের উত্তম সময় মাঘ মাস (জানুয়ারির 2য় সপ্তাহ থেকে ফেব্রুয়ারির মধ্য ভাগ)।
pulse,mung bean,মুগ,95,fertilizer,সারের পরিমাণ ও প্রয়োগ পদ্ধতি,একক ফসলের জন্য অনুর্বর জমিতে হেক্টরপ্রতি সারগুলি জমি শেষ চাষের সময় নিম্নরূপ হারে সার ব্যবহার করতে হবে।
pulse,mung bean,মুগ,95,intercultural,অন্তর্বর্তীকালীন পরিচর্যা,বপনের 20-25 দিনের মধ্যে একবার আগাছা দমন করা প্রয়োজন। অতিবৃষ্টির ফলে যাতে জলাবদ্ধতা সৃষ্টি হতে না পারে সে জন্য অতিরিক্ত পানি বের হওয়ার ব্যবস্থা রাখতে হবে। এছাড়া খরিফ-1 মৌসুমে বৃষ্টি না হলে সঠিক সময়ে বপনের জন্য বপনের পূর্বে বা পরে একটি সেচ প্রয়োজন। সেচ দিলে চারা গজানোর পর মালচিং করে দিতে হবে। এছাড়াও প্রয়োজনে পরবর্তীতে মাটিতে রসের অভাব হলে 1-2 টি হালকা সেচ দিতে হবে।
pulse,mung bean,মুগ,95,harvest,ফসল সংগ্রহ,ফল পরিপক্ক হয়ে কালচে বর্ণ ধারণ করলে ফল সংগ্রহ করতে হয়। আর খরিফ-2 মৌসুমে বপন করলে ফসল পেকে গেলে গাছসহ একেবারে কেটে আনতে হয়।
pulse,mung bean,মুগ,95,pest_disease,রোগ ও পোকা ব্যবস্থাপনা,
pulse,mung bean,মুগ,95,other,মুগ,মুগ ডালের চাষাবাদের ক্ষেত্রে কৃষকগণ যেসকল সমস্যার সম্মুখীন হন তার মধ্যে রোগ-বালাই এবং পোকা-মাকড় এর আক্রমণ অন্যতম। পৃথিবীর বিভিন্ন দেশে এ যাবৎ এ ফসলের 28টি রোগ সনাক্ত করা হয়েছে। বাংলাদেশে মাঠে দাড়ানো ফসল আক্রমণকারী 16টি রোগ এবং গুদামজাত অবস্থায় আক্রমণকারী 3টি রোগ সনাক্ত করা হয়েছে (Bakr; 1993) তন্মধ্যে মাঠ পর্যায়ে 4টি এবং গুদামজাত অবস্থায় 2টি বেশি ক্ষতিকর রোগ রয়েছে।
pulse,mung bean,মুগ,95,pest_disease,হলুদ মোজাইক,"হলুদ মোজাইক মুগের সবচেয়ে মারাত্মক ভাইরাসজনিত রোগ। মুগ আবাদী দক্ষিণ পূর্ব এশিয়ার প্রায় সব কটি দেশেই। এ রোগের আক্রমণ লক্ষ্য করা যায়। তবে মুগের তুলনায় এর প্রকোপ কিছুটা কম হয়। চারা অবস্থা থেকে শুরু করে পূর্ণ বয়স্ক গাছ পর্যন্ত ফসলের যেকোন অবস্থায়ই এ রোগের আক্রমণ হতে পারে। তবে আক্রমণ যত কম বয়সে হয় ক্ষতির পরিমাণ তত বেশি হয়। গবেষণার ফলাফল থেকে জানা যায় এ রোগের আক্রমণ আট সপ্তাহ বয়সের মুগ ক্ষেতে তেমন কোন ক্ষতি করে না পক্ষান্তরে সাত, ছয়, পাঁচ এবং চার"
pulse,mung bean,মুগ,95,fertilizer,সারের নাম সারের পরিমাণ/হেক্টর (কেজি) সারের পরিমাণ/বিঘা (কেজি),"ইউরিয়া 40-45 5-6 টিএসপি 80-90 10-13 এমওপি 40-45 5-6 জিপসাম 50-55 7-8 বোরন (প্রয়োজনবোধে) 7-10 1-1.5 অণুজীব সার (প্রয়োজনবোধে) সুপারিশমতো সুপারিশমতো সপ্তাহ বয়সের ফসলে যথাক্রমে শতকরা 20, 38, 60 ও 85 ভাগ ফসল কমে যেতে পারে। এমনকি এক থেকে দুই সপ্তাহ বয়সের মুগ ফসল আক্রান্ত হলে প্রায় শতকরা 100 ভাগ ফলন বিনষ্ট হতে পারে। এই রোগের আক্রমণকারী ভাইরাস সাদা মাছি (White Fly) দ্বারা বিস্তার লাভ করে।"
pulse,mung bean,মুগ,95,pest_disease,রোগের লক্ষণ,আক্রান্ত পাতার উপর চাকা ও গাঢ় সবুজ এবং হলুদ রঙের মিশ্রণ যুক্ত নানা বর্ণের বিন্যাস এ রোগের প্রধান লক্ষণ। জাত ভেদে এ রোগের লক্ষণের কিছুটা তারতম্য হলেও এরূপ হলুদ হয়ে যাওয়া সর্বাবস্থায় দেখা যায়। আক্রান্ত গাছ খর্বাকৃতির হয়। আক্রমণের মাত্রা বেশি হলে পাতা ফুল ও ফল কুকড়ে যায় এবং ফলের আকার ছোট হয়। প্রতিটি ফলে বীজের সংখ্যা হ্রাস পায়। মারাত্মকভাবে আক্রান্ত গাছে ফুল ফল মোটেই ধরে না বা খুবই কম ধরে থাকে।
pulse,mung bean,মুগ,95,pest_disease,ব্যবস্থাপনা,"এ রোগটির ব্যবস্থাপনা খুবই কষ্টসাধ্য। তবে ডাল গবেষণা কেন্দ্র কর্তৃক উদ্ভাবিত মুগের জাত বারি মুগ-6, বারি মুগ-7 এবং বারি মুগ- 8 রোগটির প্রতি সহনশীল। খরিফ-1 মৌসুমে বপনকৃত ফসলে খরিফ-2 মৌসুমে বপনকৃত ফসলের তুলনায় এরোগের আক্রমণ উল্লেখযোগ্য হারে কম হতে দেখা যায়।"
pulse,mung bean,মুগ,95,pest_disease,পাতার সারকোস্পোরা দাগ,সারকোস্পোরা দাগ মুগের পাতার একটি খুবই অনিষ্টকারী রোগ। এই রোগ অনুকূল আবহাওয়ায় মুগের যথেষ্ট ক্ষতি করে থাকে। এ রোগ “সারকোস্পোরা ক্রোয়েন্টা” বা “সারকোস্পোরা কেনেসেন্স” নামক ছত্রাকের আক্রমণের কারণে হয়ে থাকে। জীবাণু ছত্রাক আক্রান্ত ফসলের পরিত্যক্ত আবর্জনার মাধ্যমে বেঁচে থাকতে পারে।
pulse,mung bean,মুগ,95,pest_disease,রোগের লক্ষণ,রোগের লক্ষণ প্রথমে পাতার উপর ছোট ছোট পানিতে ভেজা আলপিনের মাথার সমান দাগের আকারে প্রকাশ পায়। পরে এই দাগগুলি বাদামী বা লালচে বাদামী রং ধারণ করে ক্রমশ আকারে বড় হতে থাকে। প্রায়ই 0.5 সেমি ব্যস বিশিষ্ট হয়। একাধিক দাগ এক সাথে মিশে বড় দাগের সৃষ্টি হতে পারে। ফসলের জাত ভেদে দাগগুলি বিভিন্ন ধরনের হতে দেখা যায়। কোন কোন জাতের দাগগুলি চারিদিকে বাদামী রং বলয়যুক্ত এবং কেন্দ্রের কিছুটা অংশ সাদা হয়। আবার কোন কোন জাতে দাগের বেশির ভাগ অংশই সাদাটে হয়। সাধারণত দাগগুলো কোন নির্দিষ্ট আকার বা আকৃতির হয় না। খুব বেশি মাত্রায় আক্রান্ত হলে গাছের পাতা ঝরে যায়।
pulse,mung bean,মুগ,95,pest_disease,ব্যবস্থাপনা,"রোগের জীবাণু ফসলের আক্রান্ত অংশে বেঁচে থাকতে পারে বিধায় আক্রান্ত ফসলের আবর্জনা যাতে ভালোভাবে পচে যায় সে ব্যবস্থা করতে হবে। অথবা পুড়িয়ে ফেলতে হবে। বাংলাদেশ কৃষি গবেষণা ইনস্টিটিউট কর্তৃক উদ্ভাবিত বারিমুগ-5 ও বারিমুগ-6, বারি মুগ-7 এবং বারি মুগ-8 এ রোগে কম আক্রান্ত হয়। এছাড়া রোগ দেখা দেয়ার সাথে সাথে অটোস্টিন-50 ডব্লিউ পি নামক ঔষধ প্রতি লিটার পানিতে 2.0 গ্রাম হারে মিশিয়ে 7-10 দিন অন্তর অন্তর 2-3 বার স্প্রে করলে এ রোগ দমন করা যায়।"
pulse,mung bean,মুগ,95,pest_disease,পাউডারী মিলডিউ,"পাউডারী মিলডিউ মুগ ও মাসকলাই উভয় ফসলকেই আক্রমণ করে। বাংলাদেশে এ রোগটি খরিফ-2 আবাদ মৌসুমে বেশি আক্রমণ করে। বিশেষত দেরিতে বোনা ফসলের বেশি ক্ষতি করে থাকে। গবেষণার ফলাফল থেকে জানা যায়া যে, এ রোগের আক্রমণের কারণে খরিফ-2 মৌসুমে 42% এবং খরিফ-1 মৌসুমে 17% পর্যন্ত ক্ষতি করে থাকে। ইহা একটি ছত্রাকজনিত রোগ। এ রোগের জীবাণু ছত্রাক ইরাইছিফি পলিগনি বা অয়ডিয়াম এসপি প্রধানত বায়ু প্রবাহের মাধ্যমে একস্থান থেকে অন্য স্থানে বাহিত হয়।"
pulse,mung bean,মুগ,95,pest_disease,রোগের লক্ষণ,এ রোগ সর্ব প্রথম পাতার উপরে ছোট ছোট সাদা হালকা পাউডারী দাগের আকারে প্রকাশ পায়। ধীরে ধীরে দাগ থেকে আরও অসংখ্য অনুরূপ পাউডারী দাগের সৃষ্টি হয় এবং পাতার উপরের পুরো অংশ আক্রান্ত হয়ে যায়। পরে পাতা থেকে কাণ্ড ও ফল-ফুল প্রভৃতি অংশেও আক্রমণ বিস্তার লাভ করে। পাতার উপরের সাদা পাউডার ক্রমে ছাই রং ধারণ করে এবং পরিশেষে তা কাল বা গাঢ় বাদামী রঙের পাউডারে পরিণত হয়। পাতার সবুজ রং ও পরিবর্তিত হয়ে ছাই রঙে পরিণত হয়।
pulse,mung bean,মুগ,95,pest_disease,ব্যবস্থাপনা,এ রোগের প্রতিরোধী কোন জাতের সন্ধান এখনও পাওয়া যায়নি। তবে সময়মতো বপন করলে রোগের আক্রমণে ক্ষতির পরিমাণ কম হয়। এছাড়া ছত্রাকনাশক ব্যবহার করেও এ রোগ দমন করা যায়। টিল্ট-250 ইসি 0.5 মিলি অথবা থিউভিট 2.0 গ্রাম প্রতি লিটার পানিতে মিশিয়ে রোগের আক্রমণের শুরু থেকে 7 হতে 10 দিন পর পর 2-3 বার স্প্রে করলে এ রোগ দমন করা যায়।
pulse,mung bean,মুগ,95,pest_disease,পাতা পচা রোগ,সাস্প্রতিকালে মুগ ফসলে এ রোগের প্রকোপ বৃদ্ধি পেয়েছে। ইহা একটি ছত্রাকজনিত রোগ। এ রোগটি সর্ব প্রথম যশোর এবং ঈশ্বরদী ডাল গবেষণা কেন্দ্রসমূহের গবেষণা খামারে লক্ষ্য করা গিয়েছিল এবং তার আক্রমণকারী ছত্রাককে সনাক্ত করা হয়েছিল। পরবর্তীতে বাংলাদেশের বিভিন্ন স্থানে কৃষকের জমিতেও তার আক্রমণ পরিলক্ষিত হয়। বর্তমানে এই রোগ একটা প্রধান রোগ হিসেবে আবির্ভূত হয়েছে।
pulse,mung bean,মুগ,95,pest_disease,রোগের লক্ষণ,এ রোগের আক্রমণের শুরুতে পাতার উপর পানিতে ভেজা দাগের সৃষ্টি হয়। উষ্ণ ও মেঘলা আবহাওয়ায় দাগের আকার বৃদ্ধি পেয়ে পাতার প্রায় সম্পূর্ণ অংশই আক্রান্ত হয়ে পড়ে। রৌদ্রোজ্জ্বল দিনে আক্রান্ত পাতাগুলো শুকিয়ে বাদামী রং ধারণ করে। শুকনা আক্রান্ত অংশে ছত্রাকের সাদা মাইসিলিয়াম দেখা যায় এবং পরে বিভিন্ন আকারে স্ক্লেরোশিয়াম তৈরি হয়। স্ক্লেরোশিয়ামগুলো প্রথমে সাদা রঙের থাকে এবং পুরোমাত্রায় পরিপক্কতা আসলে তুলার বীজের মত গাঢ় বাদামী বা কাল রং ধারণ করে।
pulse,mung bean,মুগ,95,pest_disease,রোগ বিস্তার,এ রোগের আক্রমণকারী ছত্রাক (Sclrotinia sclerotiorum) মাটিতে থাকে। আক্রান্ত গাছের উপর ছত্রাকের স্ক্লেরোশিয়াম তৈরি করে। স্ক্লেরোশিয়াম মাটির সাথে মিশে মাটিতে থেকে যায়। উপযুক্ত আবহাওয়ায় ইহা অঙ্কুরিত হয়ে এসকোকার্প তৈরি করে। পরিপক্ক এসকোকার্প বিষ্ফোরিত হয়ে এসকোস্পোর নিক্ষেপ করে যা শস্যকে আক্রমণ করে।
pulse,mung bean,মুগ,95,pest_disease,ব্যবস্থাপনা,রোগ দমনের জন্য জমিতে আক্রান্ত ফসলের আবর্জনা এবং স্ক্লেরোশিয়াসমূহ পরিপক্ক হয়ে পড়ে যাওয়ার পূর্বে পরিষ্কার করা দরকার। ফলিকুর 250 ইসি 2.0 মিলি প্রতি লিটার পানিতে মিশিয়ে রোগের আক্রমণের শুরু থেকে 7 হতে 10 দিন পর পর 2-3 বার স্প্রে করলে এ রোগ দমন করা যায়।
pulse,mung bean,মুগ,95,pest_disease,পোকা-মাকড়,
pulse,mung bean,মুগ,95,other,ফ্লি-বিটেল,দুই পাতা নিয়ে চারা বের হওয়া মাত্র ফ্লি-বিটল অসম গোলাকার ছিদ্র করে পাতা খেয়ে ফেলে। অনেক সময় চারার বর্ধনশীল কুশিটিও খেয়ে ফেললে চারাটি আর বাড়তে পারে না। এছাড়াও এরা গাছের বৃদ্ধিপর্যায়ে পাতা খেয়ে ঝাঝরা করে ফেলে। এতে গাছের বৃদ্ধি ব্যাহত হয় এবং ফল ধারণ কমে যায়। মারাত্মক আক্রমণে আইসোপ্রোকার্ব জাতীয় কীটনাশক (যেমন- মিপসিন 75 ডব্লিও পি বা অন্য নামের) প্রতি লিটার পানিতে 2 গ্রাম হারে মিশিয়ে স্প্রে করতে হবে।
pulse,mung bean,মুগ,95,pest_disease,চারার থ্রিপস,গরম ও শুষ্ক আবহাওয়ায় চারায় প্রথম তিনপত্রকের পাতা বের হলেই থ্রিপসের আক্রমণ পরিলক্ষিত হয়। এর ফলে পাতা উপরের দিকে কুঁকড়ে যায়। গাছ খর্বাকৃতির হয়ে বৃদ্ধি মারাত্মকভাবে ব্যাহত হতে পারে। আক্রমণ দেখা দেয়া মাত্র ক্লোরফিনাপির (যেমন- ইন্ট্রিপিড 10 এসসি) প্রতি লিটার পানিতে 1 মিলি লিটার হারে মিশিয়ে 7 দিন পরপর 1-2 বার স্প্রে করতে হবে।
pulse,mung bean,মুগ,95,pest_disease,পাতা মোড়ানো পোকা,মুগ গাছ সক্রিয় বর্ধনশীল অবস্থায় পাতা মোড়ানো পোকা দ্বারা আক্রান্ত হতে পারে। এ পোকা পাতাকে মুড়িয়ে ভিতরে বসে পাতার সবুজ অংশ খেয়ে ফেলে। এতে বৃদ্ধি ব্যাহত হয় এবং ফুল ও ফল ধারণ কমে যায়। প্রথমত মোড়ানো পাতাগুলো কীড়াসহ সংগ্রহ করে কীড়া ধ্বংস করতে হবে। দ্বিতীয়ত আক্রান্ত ক্ষেতে ল্যাম্বডা সাইহ্যালোথ্রিন (যেমন- ক্যারাটে 2.5 ইসি বা অন্য নামের) প্রতি লিটার পানিতে 1 মিলি লিটার হারে মিশিয়ে স্প্রে করতে হবে।
pulse,mung bean,মুগ,95,pest_disease,ফুলের থ্রিপস,গাছে ফুল ধরা শুরু করলেই ফুলে থ্রিপসের আক্রমণ হয়ে থাকে। এপ্রিল মে মাসে গরম ও শুষ্ক আবহাওয়ায় এদের আক্রমণ হয়। দুই/চারটি ফুটন্ত ফুল হাতের তালুতে ঝারা দিলেই ছোট ছোট কালো থ্রিপস পোকা দেখা যায়। এদের মারাত্মক আক্রমণে ফুল ঝরে পড়ে এবং ফল ধারণ ব্যাহত হয়। গাছে ফুল আসলেই পোকার আক্রমণ বুঝে ইমিডাক্লোপ্রিড জাতীয় কীটনাশক (যেমন- ইমিটাফ 20 এসএল বা অন্য নামের) প্রতি লিটার পানিতে 0.5 মিলি হারে মিশিয়ে 7 দিন পরপর 2-3 বার স্প্রে করতে হবে।
pulse,mung bean,মুগ,95,pest_disease,ফুল ও ফল ছেদক পোকা,গাছে ফুল ধরার সময় থেকে ফল পরিপক্ক হওয়ার পূর্ব পর্যন্ত এ পোকার আক্রমণ হয়ে থাকে। প্রথমে এরা ফুল খেয়ে তাকে মুড়িয়ে এবং জড়িয়ে নষ্ট করে ফেলে। পরে ফল ছিদ্র করে বীজ খেয়ে ফেলে। এতে ফলন মারাত্মকভাবে ব্যাহত হতে পারে। আক্রমণের ব্যাপকতা বেশি মনে হলে থায়ামিথক্সাম+ ক্লোরানট্রানিলিপ্রোল এর মিশ্রণ (যেমন- ভিরতাকো 40 ডব্লিউ জি) প্রতি লিটার পানিতে 0.15 গ্রাম হারে মিশিয়ে স্প্রে করতে হবে।
pulse,mung bean,মুগ,95,pest_disease,শুসরী পোকা,"মুগ গুদামে সংরক্ষণকালে শুসরী পোকার আক্রমণে বীজ নষ্ট হয়ে যেতে পারে। মাঠে ফসল পরিপক্ক অবস্থায় এদের আক্রমণ (ডিম পাড়া) শুরু হয়ে থাকে এবং মাড়াই, ঝাড়াই, শুকানো ও ঠাণ্ডাকরণ ইত্যাদি কাজের মধ্যেও আক্রমণ চলতে থাকে। বীজের গায়ে পেড়ে দেয়া ডিম ফুটে কীড়া বের হয়ে বীজ দানাকে খেয়ে নষ্ট করে ফেলে। এতে বীজ খাওয়ার অনুপোযুক্ত হয়ে যায় ও অঙ্কুরোদ্গম ক্ষমতা নষ্ট হয়ে যায়। গুদামে বীজ সংরক্ষণের আগে বীজকে উত্তমরুপে কট্কটে করে শুকিয়ে বায়ুরোধী পাত্রে (যেমন- পলিব্যাগসহ ছালার বস্তা, ধাতব বা প্লাস্টিক ড্রামে) সংরক্ষণ করতে হবে এবং প্রতি 50-100 কেজি বীজের জন্য 1টি এ্যালুমিনিয়াম ফসফাইড ট্যাবলেট (ফসটক্সিন ট্যাবলেট) ন্যাকড়ার পুটলিতে বেঁধে ব্যবহার করলে দীর্ঘ সময় বীজ ভাল থাকবে।"
pulse,cowpea,ফেলন,101,soil_climate,মাটি,বেলে দোআঁশ থেকে এঁটেল দোআঁশ মাটিতে ফেলনের চাষ করা যায়। জমি উঁচু ও মাঝারী উঁচু এবং সুনিষ্কাশিত হওয়া বাঞ্ছনীয়।
pulse,cowpea,ফেলন,101,land_preparation,জমি তৈরি,2-3 টি চাষ ও মই দিয়ে জমি ঝুরঝুরা করতে হবে।
pulse,cowpea,ফেলন,101,sowing_method,বপন পদ্ধতি,বীজ ছিটিয়ে ও সারিতে বপন করা হয়। সারিতে বপন করলে সারি থেকে সারির দূরত্ব 40 সেমি এবং গাছ থেকে গাছ 10 সেমি রাখতে হবে।
pulse,cowpea,ফেলন,101,sowing_time,বপনের সময়,নভেম্বরের শেষ সপ্তাহ হতে মধ্য-ডিসেম্বর পর্যন্ত।
pulse,cowpea,ফেলন,101,seed_rate,বীজের হার,40-50কেজি/হেক্টর।
pulse,cowpea,ফেলন,101,fertilizer,সারের পরিমাণ,জমিতে নিম্নরূপ সার ব্যবহার করতে হয়। সারের নাম সারের পরিমাণ/হেক্টর ইউরিয়া 30-40 কেজি টিএসপি 80-90 কেজি এমপি 40-45 কেজি অণুজীব সার 50 গ্রাম/প্রতি কেজি বীজের জন্য
pulse,cowpea,ফেলন,101,fertilizer_method,সার প্রয়োগ পদ্ধতি,শেষ চাষের সময় সমুদয় সার ব্যবহার করতে হবে।
pulse,cowpea,ফেলন,101,intercultural,অন্তর্বর্তীকালীন পরিচর্যা,বপনের 30-40 দিনের মধ্যে একবার আগাছা দমন করা প্রয়োজন। সাধারণত ফেলনের জমিতে সেচের প্রয়োজন হয় না। তবে গাছে শিম আসার সময় একটি হালকা সেচ দিতে পারলে ভালো ফলন হয়। কিন্তু এসময় বৃষ্টি হলে সেচের প্রয়োজন নাই।
pulse,cowpea,ফেলন,101,harvest,ফসল সংগ্রহ,চৈত্র মাসের শেষ সপ্তাহ হতে বৈশাখ মাসের শুরু (এপ্রিলের প্রথম হতে দ্বিতীয় সপ্তাহ)।
pulse,cowpea,ফেলন,101,intercultural,অন্যান্য পরিচর্যা,
pulse,cowpea,ফেলন,101,pest_disease,ফিউজিরিয়াম উইল্ট রোগ দমন,"ফিউজেরিয়াম অক্সিসপোরাম নামক ছত্রাক দ্বারা এ রোগ হয়। সাধারণত মাটির তাপমাত্রা বৃদ্ধি পেলে ও যথেষ্ট পরিমাণ আর্দরতা থাকলে এ রোগের ব্যাপকতা বৃদ্ধি পায়। চারা অবস্থায় এ রোগে আক্রান্ত গাছ মারা যায় এবং পাতার রঙের কোন পরিবর্তন হয় না। আক্রান্ত গাছের পাতা হলুদ হয়ে যায়, ঢলে পড়ে ও শুকিয়ে এবং টান দিলে সহজেই উঠে আসে। লম্বালম্বিভাবে কাটলে কাণ্ডের মাঝখানের অংশ কালো দেখা যায়। ঢলে পড়া রোগ দেখা দিলে আক্রান্ত জমিতে পরবর্তী বৎসর ফেলন না বুনে দুই বা তিন বৎসরের জন্য শস্য পর্যায় অনুসরণ করা প্রয়োজন।"
pulse,cowpea,ফেলন,101,pest_disease,প্রতিকার," বীজ শোধক ঔষধ দিয়ে বীজ শোধন করলে ফেলনের উইল্ট রোগ দমন করা যায়, প্রোভেক্স 200 ডব্লিউ পি প্রতি কেজি বীজের জন্য 2.5-3.0 গ্রাম হারে মিশিয়ে বীজ শোধন করতে হবে।  মাঠে ঢলে পড়া রোগ দেখা দিলে কার্বেন্ডাজিম (অটোস্টিন ডি এফ অথবা নোইন) + প্রোভেক্স-200 ডব্লিউ পি) 1 গ্রাম হারে প্রতি লিটার পানিতে মিশিয়ে বিকালে গাছের গোড়ায় ভালভাবে স্প্রে করতে হবে।  ফসলের পরিত্যক্ত অংশ পুড়িয়ে ফেলতে হবে।  পর্যাপ্ত পরিমাণে জৈব সার ব্যবহার করতে হবে।"
pulse,cowpea,ফেলন,101,pest_disease,হলুদ মোজাইক,চারা অবস্থা থেকে শুরু করে পূর্ণ বয়স্ক গাছ পর্যন্ত ফসলের যেকোন অবস্থায়ই এ রোগের আক্রমণ হতে পারে। তবে আক্রমণ যত কম বয়সে হয় ক্ষতির পরিমাণ তত বেশি হয়। এই রোগের আক্রমণকারী ভাইরাস সাদা মাছি (White Fly) দ্বারা বিস্তার লাভ করে।
pulse,cowpea,ফেলন,101,pest_disease,রোগের লক্ষণ,আক্রান্ত পাতার উপর চমকা ও গাঢ় সবুজ এবং হলুদ রঙের মিশ্রণ যুক্ত নানা বর্ণের বিন্যাস এ রোগের প্রধান লক্ষণ। জাত ভেদে এ রোগের লক্ষণের কিছুটা তারতম্য হলেও এরূপ হলুদ হয়ে যাওয়া সর্বাবস্থায় দেখা যায়। আক্রান্ত গাছ খর্বাকৃতির হয়। আক্রমণের মাত্রা বেশি হলে পাতা ফুল ও ফল কুঁকড়ে যায় এবং ফলের আকার ছোট হয়। বীজ অপুষ্ট ও কুঁকড়ানো হয়। প্রতিটি ফলে বীজের সংখ্যা হ্রাস পায়। মারাত্মকভাবে আক্রান্ত গাছে ফুল ফল মোটেই ধরে না বা খুবই কম ধরে থাকে।
pulse,cowpea,ফেলন,101,pest_disease,ব্যবস্থাপনা,এ রোগটির ব্যবস্থাপনা খুবই কষ্টসাধ্য। এ পর্যন্ত বাংলাদেশে এই রোগের সম্পূর্ণ প্রতিরোধী কোন জাতের সন্ধান পাওয়া যায় নাই। তবে ফসলের প্রাথমিক পর্যায়ে হলুদ মোজাইক আক্রান্ত গাছ মাঠে দেখার সাথে সাথে উপড়ে ফেলে দিতে হবে। তাছাড়া রোগ বিস্তারকারী সাদা মাছি কীটনাশকের মাধ্যমে দমন করেও রোগ বিস্তার রোধ করা যায়।
pulse,field pea,মটর,104,soil_climate,মাটি ও জলবায়ু,প্রায় সব ধরনের মাটিতেই মটর চাষ করা যায়। তবে দোআঁশ থেকে এঁটেল দোআঁশ মাটিতে ভালো হয়। মাটির পিএইচ সাধারণত 6.0-7.5 হলে চাষের জন্য ভালো। এটি চাষে 13-180 সে. তাপমাত্রা প্রয়োজন। বাৎসরিক গড় বৃষ্টিপাত 600-1000 মি.মি.হলে ভালো হয়। অতিবৃষ্টি মটরের জন্য ক্ষতিকর।
pulse,field pea,মটর,104,other,ফসল বিন্যাস,আউশ/পাট-পতিত-মটর ও রোপা আমন-মটর-মুগ-রোপা আউশ
pulse,field pea,মটর,104,sowing_time,বপনের সময়,রিলে ফসলের ক্ষেত্রে আমন ধান কাটার 10-15 দিন পূর্বে মাটির রস থাকা অবস্থায় বীজ বপন করতে হবে। কার্তিক মাসের মধ্যে দুই সপ্তাহ মটরের বীজ বপন করা উত্তম।
pulse,field pea,মটর,104,land_preparation,জমি চাষ,একক ফসল হিসেবে আবাদের ক্ষেত্রে 2-3 টি চাষ ও মই দিতে হবে।
pulse,field pea,মটর,104,seed_rate,বীজ প্রাইমিং ও বীজ হার,জমিতে আর্দ্রতা কম থাকলে বীজকে 8-10 ঘণ্টা পানিতে ভিজিয়ে রেখে বীজের গায়ের পানি শুকিয়ে বীজ বপন করলে সহজেই বীজ অঙ্কুরিত হয়।
pulse,field pea,মটর,104,other,বীজেরপরিমাণ,"জাতভেদে বীজের আকার আকৃতি এবং বপন পদ্ধতির উপর বীজের পরিমাণ নির্ভর করে এখানে উল্লেখ্য যে, বারি মটর-2 বড় দানার হওয়ায় সাথী ফসল হিসাবে চাষের উপযোগিতা নেই।"
pulse,field pea,মটর,104,other,বীজ শোধন,বীজ বপনের পূর্বে বীজ শোধন করলে মাটি ও বীজ বাহিত অনেক জীবাণুর আক্রমণ হতে রক্ষা পাওয়া যায়। মাটি ও বীজ বাহিত অনেক জীবাণুর সংক্রমণ হতে রক্ষার জন্য মটর বীজ বপনের পূর্বে অবশ্যই প্রোভেক্স 200 ডব্লিউ পি (কার্বোক্সিন+থিরাম) 2.5-3.0 গ্রাম প্রতি কেজি বীজে মিশিয়ে শোধন করতে হবে।
pulse,field pea,মটর,104,sowing_method,বপন পদ্ধতি,সারিতে ও ছিটিয়ে বপন করা যায়। সারিতে বপন করতে হলে রিলে ফসল হিসাবে চাষ করা যাবে না। রিলে ফসল হিসেবে ছিটিয়ে বপন করতে হয়। তবে পর্যাপ্ত রস থাকতে হবে। সারিতে বপন করতে হলে জমি তৈরির পরে 40 সেমি দূরত্বে সারি করে 5-6 সেমি পরপর বীজ বপন করতে হবে। তবে সারতে মটর-2 এর ক্ষেত্রে সারি থেকে সারির দূরত্ব 20 সেমি।
pulse,field pea,মটর,104,fertilizer,সারের পরিমাণ,জমি ঊর্বর হলে সারের পরিমাণ কম লাগবে। কিন্তু অনুর্বর এবং অধিক ফলন পেতে হলে হেক্টরপ্রতি নিম্ন হারে সার প্রয়োগ করতে হবে।
pulse,field pea,মটর,104,intercultural,অন্তর্বর্তীকালীন পরিচর্যা,মটর চাষ করতে তেমন সেচের প্রয়োজন হয় না। তবে বপনের পূর্বে পর্যাপ্ত রস না থাকলে অঙ্কুরোদগম নিশ্চিত করতে হালকা সেচ দিতে হবে। মটর চাষে তেমন আগাছা পরিষ্কার করা লাগে না। চাষ দিয়ে বপন করতে 20-25 দিন পরে একটা নিড়ানী দিলে পরে আর আগাছা দমন করা প্রয়োজন হয় না।
pulse,field pea,মটর,104,seed_rate,জাতেরনাম বপন পদ্ধতি বীজের পরিমাণ (কেজি/হেক্টর),বারি মটর-1 চাষ করে 65-70 আমন ধানের সাথে সাথী ফসল হিসাবে 70-75 বারি মটর-2 চাষ করে 225-230 বারি মটর-3 চাষ করে 80-90 আমন ধানের সাথে সাথী ফসল হিসাবে 90-100 বারি মটর-4 চাষ করে 80-90 আমন ধানের সাথে সাথী ফসল হিসাবে 90-100 সারের নাম সারের পরিমাণ/হেক্টর (কেজি) সারের পরিমাণ/বিঘা (কেজি) ইউরিয়া 30-40 4 -5 টিএসপি 80-90 11 -13 এমওপি 40 -45 5-6 জিপসাম 50 -55 7 -8 বোরন 7 -10 1-1.5 অণুজীব সার সুপারিশমতো সুপারিশমতো (প্রয়োজনবোধে) (প্রয়োজনবোধে)
pulse,field pea,মটর,104,harvest,ফসল সংগ্রহ ও কর্তন,"সবজি হিসাবে সবুজ ফল 60-70 দিনের মধ্যেই (বারি মটর-2) এবং বারি মটর-3 এর ক্ষেত্রে 80-95 দিনের মধ্যে সংগ্রহ করা যায়। ডাল হিসেবে সংগ্রহ করতে চাইলে পরিপক্ক অবস্থায় (জাত ভেদে) যখন শতকরা 80 ভাগ গাছ শুকনো খড়ের মত রং ধারণ করে তখন গাছসহ কেটে সংগ্রহ করতে হবে। সব ফল পেকে যাওয়ার আগেই কাটতে হবে, তা না হলে ফল ফেটে বীজ ঝরে যাবে। সকালের দিকে ফসল সংগ্রহের উপযুক্ত সময় কারণ এই সময় কুয়াশা দ্বারা ফল ভিজে নরম হয়, যার ফলে ফল ফেটে বীজ ঝরে পড়ার সম্ভাবনা কম থাকে।"
pulse,field pea,মটর,104,other,"মাড়াই, ঝাড়াই ও সংরক্ষণ","ফসল সংগ্রহ করার পর রৌদ্রে শুকিয়ে বীজ 8-9% আর্দ্রতায় (যাতে দাঁত দিয়ে কাটলে কট্ কট্ শব্দ হয়) বায়ু নিরোধ পাত্রে গুদামজাত করতে হবে। দেশি পদ্ধতিতে মাটির পাত্রে, টিনে বা ড্রামে এমনভাবে সংরক্ষণ করতে হবে যাতে বাতাস/কীট-পতঙ্গ ঢুকতে না পারে। পলিথিন/পলিথিনযুক্ত বস্তায়ও বীজ সংরক্ষণ করা যায়। তবে সব ক্ষেত্রেই বীজের পাত্র/বস্তা মেঝে থেকে উঁচুতে রাখতে হবে। বেশি পরিমাণ বীজ গুদামজাত করতে হলে প্রতি 100 কেজি বীজের জন্য 2 টি ফসটক্সিন ট্যাবলেট ব্যবহার করে ডালের শুঁসড়ী পোকা নিয়ন্ত্রণ করা যায়।"
pulse,field pea,মটর,104,pest_disease,রোগ ও পোকা ব্যবস্থাপনা,
pulse,field pea,মটর,104,pest_disease,পাউডারী মিলডিউ,"Erysiphe polygoni নামক ছত্রাক দ্বারা এই রোগ সৃষ্টি হয়। এ রোগের আক্রমণ হলে পাতায় সাদা পাউডারের মত ছোট ছোট দাগ দেখা যায়। ধীরে ধীরে এ দাগ কাণ্ড, ফুল ও ফলে বিস্তার লাভ করে। রোগের আক্রমণ বেশি হলে সমস্ত গাছ আক্রান্ত হয় ও মারা যায়।"
pulse,field pea,মটর,104,pest_disease,রোগের প্রতিকার, সালফার জাতীয় বালাইনাশক থিওভিট 80 ডব্লিউ পি অথবা কমুলাস ডি এফ জাতীয় ঔষুধ প্রতি লিটার পানিতে 2 গ্রাম হারে 7-10 দিন পর পর 2-3 বার স্প্রে করলে এ রোগের আক্রমণ প্রতিহত করা যায়।
pulse,field pea,মটর,104,pest_disease,মরিচা রোগ (,Rust
pulse,field pea,মটর,104,other,),"Uromyces fabae নামক ছত্রাকের আক্রমণে মরিচা রোগ হয়ে থাকে। পাতার নিচের দিকে, কাণ্ডে ও ফলের উপর মরিচা রঙের ছোট ছোট দাগ দেখা যায় এবং ফল পাকার পুর্বেই গাছ শুকিয়ে খড়ের মত রং ধারণ করে। উচ্চ আপেক্ষিক আর্দরতা, কুয়াশাচ্ছন্ন বা মেঘাচ্ছন্ন আবহাওয়া এবং রাতের তাপমাত্রা 20-22 ডিগ্রি সেলসিয়াস হলে এ রোগ সহজেই বিস্তার লাভ করে।"
pulse,field pea,মটর,104,pest_disease,রোগের প্রতিকার,আক্রান্ত জমিতে প্রোপিকোনাজোল (টিল্ট 250ইসি) অথবা হেক্সাকোনাজোল (ফলিকুর 250 ইসি বা কনটাফ 5 ইসি) প্রতি লিটার পানিতে 1 মিলি মিশেয়ে 7-10 দিন পর পর 2-3 টি স্প্রে করে এ রোগ দমন করা যায়
pulse,field pea,মটর,104,pest_disease,বিছাপোকা,"বিছাপোকার ছোট কীড়াগুলো প্রাথমিক অবস্থায় পাতার উল্টোপাশে গাদাগাদি করে অবস্থান করে ডিম পাড়ে এবং পাতার সবুজ অংশ খেয়ে ঝাঝরা করে ফেলে, এতে করে পাতা জালের মত হয়ে শুকিয়ে যায়। কীড়াযুক্ত পাতা সংগ্রহ করে কীড়া ধ্বংস করতে হবে এবং প্রয়োজনে সাইপারমেথ্রিন জাতীয় কীটনাশক (যেমন- রিপকর্ড 10 ইসি বা অন্য নামের) প্রতি লিটার পানিতে 1 মিলি লিটার হারে মিশিয়ে স্প্রে করতে হবে।"
pulse,field pea,মটর,104,intercultural,গুদামজাত ডালের পরিচর্যা,পূর্ণবয়স্ক পোকা ও কীড়া উভয়ই গুদামজাত ডালের ক্ষতি করে। এ পোকার কীড়া ডালের দানার খোসা ছিদ্র করে ভিতরে ঢুকে শাঁস খেতে থাকে। ফলে দানা হাল্কা হয়ে যায়। এতে বীজের অঙ্কুরোদ্গম ক্ষমতা নষ্ট হয় এবং খাওয়ার অনুপযুক্ত হয়ে পড়ে।
pulse,field pea,মটর,104,pest_disease,প্রতিকার, গুদামজাতকরণের পূর্বে দানা ভালভাবে পরিষ্কার করতে হবে। ডালের দানা শুকিয়ে জলীয় বাষ্পের পরিমাণ কমিয়ে 8-9% এর নিচে আনতে হবে। বীজের জন্য টনপ্রতি 300 গ্রাম ম্যালাথিয়ন বা সেভিন 10% গুড়া মিশিয়ে পোকার আক্রমণ প্রতিরোধ করা যায়। ফসটক্সিন ট্যাবলেট 2টি বড়িপ্রতি 100 কেজি গুদামজাত ডালে ব্যবহার করতে হবে। এ বড়ি আবদ্ধ পরিবেশে ব্যবহার করতে হবে।
pulse,field pea,মটর,104,other,(ক) সংরক্ষণের জন্য ডাল শুকানোর পদ্ধতি,1। ডালবীজ সব সময়ই পরিষ্কার ও শক্ত খোলায় অথবা প্লাষ্টিকের শিটে পাতলা করে ছড়িয়ে দিয়ে শুকাতে হবে। 2। কোন সময় বৃষ্টি হলে বীজ পুণরায় শুকিয়ে নিতে হবে। 3। সংরক্ষণের জন্য আর্দ্রতা কমিয়ে 8-9% এ আনতে হবে। 4। শুকানো ডাল দাঁতের নিচে রেখে কামড় দিলে যদি ‘কট’ শব্দ হয় তবেই বুঝা যাবে বীজ সংরণ করার উপযোগী হয়েছে।
pulse,field pea,মটর,104,other,(খ) সংরক্ষণ পাত্রে ডাল ভরা ও রক্ষণাবেক্ষণ পদ্ধতি,"1। শুকানো ডাল বীজ সংরক্ষণ পাত্রে ভরে ভালভাবে মুখ বদ্ধ করতে হবে। 2। শুকানোর পর ডাল বীজ ঠাণ্ডা করে তারপর সংরক্ষণ পাত্রে ভরতে হবে। 3। আলকাতরার প্রলেপযুক্ত উন্নত মাটির বা টিনের পাত্রের মুখ তুষ মিশ্রিত কাদা মাটি দিয়ে ভালোভাবে বন্ধ করতে হবে যাতে পোকা বা আর্দ্রতা ভিতরে প্রবেশ করতে না পারে। 4। সংরক্ষণ পাত্র ঠাণ্ডা জায়গায় ইট, কাঠ বা মাচার উপরে রাখতে হবে। 5। সংরক্ষণ পাত্রের চার পাশে সব সময় পরিষ্কার রাখতে হবে যাতে পোকা ও ইঁদুরের আক্রমণ না হয়। 6। যদি কোন কারণে পাত্র ভেঙ্গে অথবা ফেটে যায় তবে ডাল বীজ আবার শুকিয়ে অন্য পাত্রে একই নিয়মে সংরক্ষণ করতে হবে।"
pulse,field pea,মটর,104,other,পলিথিনযুক্ত ছালার বস্তা ব্যবহার,ডাল বীজ সংরক্ষণে পলিথিনযুক্ত ছালার বস্তা খুবই উপযোগী। পুরু পলিথিন ব্যাগ পাটের বস্তার ভিতরে ভরে এ ধরনের বস্তা তৈরি করা হয়। বস্তার মধ্যে ডাল বীজ ভরে প্রথমে পলিথিনের মুখটি মুড়িয়ে বন্ধ করে দেওয়া হয়। পরে ছালার ব্যাগের মুখ রশি দিয়ে শক্ত করে বেঁধে দেওয়া হয়। বস্তার ভিতরে পলিথিন থাকায় বাইরের বাতাস বা আর্দ্রতা ভিতরে প্রবেশ করতে পারে না। এতে বীজ সংরক্ষণকালে দ্বিতীয়বার শুকানোর প্রয়োজন হয় না। প্রতি 100 কেজি ডাল বীজের জন্য একটি বস্তার খরচ পড়ে মাত্র 100-150 টাকা। এ ধরনের ছালার বস্তা 2-3 বৎসর ব্যবহার করা যায়। প্রয়োজনে বস্তার ভিতরের পলিথিন ব্যাগ পরিবর্তন করে তা পুণরায় ব্যবহার করা যায়।
pulse,field pea,মটর,104,soil_climate,পলিথিনযুক্ত মাটির পাত্র ব্যবহার,উন্নত পাত্রের ভিতরে পুরু পলিথিন ব্যাগ প্রবেশ করিয়ে ডাল সংরক্ষণের ব্যবস্থা করা যায়। ডাল ফসলের বীজ পলিথিন ব্যাগের মধ্যে রেখে পলিথিনের মুখ মোমবাতির শিখায় পুড়িয়ে সীল করে দেওয়া হয়। পরে পাত্রের মুখ তুষ মিশ্রিত কাদামাটি দিয়ে বন্ধ করে দেওয়া হয়। পাত্রের ভিতরে পলিথিন থাকায় বাইরের বাতাস বা আর্দ্রতা ভিতরে প্রবেশ করতে পারে না। এ ধরনের পাত্রে ডাল বীজ এক বৎসর পর্যন্ত ভালো থাকে। সংরক্ষণকালে দ্বিতীয়বার শুকানোর প্রয়োজন পড়ে না। প্রতি 40 কেজি ডাল বীজের জন্য সংরক্ষণ খরচ পড়ে মাত্র 35-40 টাকা। এ ধরনের পাত্র 3-4 বৎসর ব্যবহার করা যায়। শুধু প্রয়োজনে পলিথিন ব্যাগটি পরিবর্তন করতে হয়।
pulse,field pea,মটর,104,other,টিনের উন্নত পাত্র ব্যবহার,সাধারণত এমএস শিট দ্বারা এ ধরনের পাত্র তৈরি করা হয়। পাত্রের মুখ বন্ধ করার জন্য গোলাকার ঢাকনার চারদিকে সিল করার ব্যবস্থা থাকে। ফলে সিলিং পদার্থ বা তুষ মিশ্রিত কাদামাটি দিয়ে বন্ধ করলে বাইরের বাতাস বা আর্দ্রতা ভিতরে প্রবেশ করতে পারে না। এ ধরনের পাত্রে ডাল এক বৎসরেরও বেশি সময় ভালোভাবে সংরক্ষণ করা যায়। সংরক্ষণের জন্য এ ধরনের পাত্রের খরচ পড়ে 150-160 টাকা। এ পাত্র 10-12 বৎসর পর্যন্ত ব্যবহার করা যায়।
pulse,pigeon pea,অড়হর,108,soil_climate,আবহাওয়া ও জলবায়ু,"অড়হর একটি গরম আবহাওয়ার ফসল। তবে ইহা নানা ধরনের আবহাওয়া সহ্য করতে পারে। সাধারণত 25-35 ডিগ্রি সেলসিয়াস তাপমাত্রা অড়হর চাষের জন্য আদর্শ। অঙ্কুরোদগমের সময় 30-35 ডিগ্রি সেলসিয়াস তাপমাত্রা এবং গাছের অঙ্গজ বৃদ্ধি পর্যায়ে আর্দ্র এবং উষ্ণ আবহাওয়া হলে ভাল হয়। তারপর ধীরে ধীরে শুষ্ক আবহাওয়ার প্রয়োজন হয় বিশেষ করে ফুল ও শুঁটির বিকাশের পর্যায়ে (15-18 ডিগ্রি সেলসিয়াস) এবং পরিপক্কতার সময় এটির উচ্চ তাপমাত্রার প্রয়োজন হয় (35-40 ডিগ্রি সেলসিয়াস) । অড়হর জন্মানোর জন্য প্রয়োজনীয় গড় বৃষ্টিপাত 600 থেকে 650 মিমি। খরা সহনশীলতা এর একটি বড় গুণ। একবার স্থাপিত হলে খরা পরিস্থিতির মধ্যেও অল্প সেচের মাধ্যমে দীর্ঘ সময়ের জন্য বেঁচে থাকতে পারে। কিন্তু ফুল ফোটার সময় মেঘলা আবহাওয়া, অতিরিক্ত বৃষ্টি এবং ঘন কুয়াশায় পরাগায়ন ব্যাহত হয়, ফলে ফসলের ফলন কমে যায়।"
pulse,pigeon pea,অড়হর,108,other,ফসল বিন্যাস,"অড়হরের চাষ এককভাবে বা আদা, হলুদ বা অন্য ফসলের সাথে আন্তঃফসল, সাথীফসল ও মিশ্রফসল হিসাবে চাষ করা যায়। এটি পতিত জমি, জমির আইলে, সবজি ক্ষেতের পাশে খুব সহজে চাষ করা যায়। এছাড়াও বাড়ির আঙ্গিনায় / বসতবাড়ির আশেপাশে, ছাদ বাগানে ও মহাসড়ক/রেললাইনের ধারে অথবা গ্রামীণ রাস্তার দুই পাশে অড়হরের চাষ করা যায়। এটি বহু বর্ষজীবি গাছ হলেও সাধারণত বর্ষষজীবি ফসল হিসাবে অধিক চাষ হয়। পরবর্তি বছর অর্থ্যাৎ মুড়ি ফসল (Ratoon Crop) হিসাবে গাছকে রাখা হলে দ্বিতীয় বার ফসল পাওয়া সম্ভব।"
pulse,pigeon pea,অড়হর,108,land_preparation,জমি নির্বাচন,"পানি জমে না এমন উঁচু ও মাঝারি উঁচু জমি অড়হর চাষের জন্য নির্বাচন করা শ্রেয়। প্রায় সব ধরনের মাটিতে অড়হর চাষ করা যায়, এমনকি লাল পাহাড়ী মাটিতেও চাষ করা সম্ভব। তবে মাটির পিএইচ মাত্রা 5.5 থেকে 7.5 সহ প‚র্ণ রোদ, ঊর্বর এবং সুনিষ্কাশিত দোআঁশ মাটি অড়হর চাষের জন্য সবচেয়ে উপযোগি। কিন্তু লবণাক্ত, ক্ষারযুক্ত এবং জলাবদ্ধ মাটি অড়হর চাষের জন্য উপযোগি নয়।"
pulse,pigeon pea,অড়হর,108,land_preparation,জমি তৈরি,"অড়হরের জন্য খুব উত্তমরূপে জমি তৈরির তেমন দরকার হয় না। সাধারণত 1 থেকে 2 বার চাষ ও মই দিতে হয়। জমি তৈরির সময় জমিকে ভালভাবে সমান করা উচিত। বৃষ্টির পানি নিষ্কাশনের জন্য মাঝে মাঝে নালার ব্যবস্থা রাখা আবশ্যক, যেগুলি প্রয়োজনে সেচের নালা হিসাবে ব্যবহার করা যাবে।"
pulse,pigeon pea,অড়হর,108,fertilizer,সার প্রয়োগ,"অড়হর ফসলে তেমন একটা সারের প্রয়োজন হয় না। তবে অনুর্বর জমিতে হেক্টরপ্রতি 40-45 কেজি ইউরিয়া, 80-90 কেজি টিএসপি, 30-40 কেজি এমওপি, 50-55 কেজি জিপসাম, 7-10 কেজি বোরাক্স/বরিক এসিড এবং 1-2 টন জৈব সার শেষ চাষের সময় অথবা গর্তে প্রয়োগ করে মাটিতে মিশানোর পর বীজ বপন করলে ভাল ফলন পাওয়া যায়।"
pulse,pigeon pea,অড়হর,108,sowing_time,বপনের সময় ও বপন পদ্ধতি,"কা•িক্ষত ফলনের জন্য সঠিক সময়ে বীজ বপন করতে হবে । এপ্রিল মাসের 2য় সপ্তাহ থেকে মে মাসের শেষ সপ্তাহ পর্যন্ত (বৈশাখ-জ্যৈষ্ঠ মাসের 2য় সপ্তাহ পর্যন্ত) বীজ বপনের উত্তম সময়, এতে ভাল ফলন পাওয়া যায়। তবে এটি অন্যান্য মাসেও বপন করা যাবে, এতে ফলনের পরিমাণ কমে যাবে । অড়হরের গাছ 2-3 মিটার লম্বা, ঝোঁপালো ও ডালপালা যুক্ত হয় বলে সারি করে বপন করতে হবে । ভালভাবে গাছের বৃদ্ধির জন্য সারি থেকে সারির দ‚রত্ব 2 থেকে 2.5 মিটার এবং গাছ হতে গাছের দ‚রত্ব 2 মিটার করে রাখতে হবে । এক্ষেত্রে বীজ ছোট ছোট গর্ত করে এবং উঁচু আইলে খুপী (Dibbling) পদ্ধতিতে অড়হরের বীজ বপন করতে হবে। গাছের সংখা ঠিক রাখার জন্য প্রতি গর্তে 2-3 টি বীজ বপন করতে হবে । গাছ কিছুটা বড় হলে একটি সবল গাছ রেখে অন্য চারাগুলি তুলে ফেলতে হবে । অথবা পলিব্যগে চারা করে 20-25 দিন পর রোপণ করা যেতে পারে ।"
pulse,pigeon pea,অড়হর,108,seed_rate,বীজের হার,"বীজ হার সাধারনত বীজ গজানো ক্ষমতার উপর নির্ভর করে । ভাল অঙ্কুরোদ্গম ক্ষমতা (90% বা তার বেশি) সম্পন্ন বীজ হলে, সারিতে বপন করলে প্রতি হেক্টরে 1 কেজি বীজের প্রয়োজন হবে ।"
pulse,pigeon pea,অড়হর,108,irrigation,সেচ ও নিষ্কাশন,"বীজ বপনের সময় জমিতে পরিমিত মাত্রায় রস না থাকলে বীজ বপনের পরপরই হালকা সেচ দিতে হবে অথবা বীজ বপনের পূর্বেই সেচ দিয়ে ‘জো’ অবস্থায় এনে বীজ বপন করতে হবে। অড়হর প্রধানত বৃষ্টি নির্ভর ফসল হওয়ায় গাছ বড় হলে সেচ দেয়ার প্রয়োজন হয় না। তবে অনেক সময় উঁচু জমিতে ফুল আসার সময় এবং শুঁটি বৃদ্ধির সময় প্রচণ্ড খরা পরিস্থিতি থাকলে প্রয়োজনে সেচ দেয়া উচিত। এটি পানি সহ্য করতে পারে না বিধায় পানি নিস্কাশনের জন্য অবশ্যই নালার ব্যবস্থা থাকতে হবে, অন্যথায় সেচের বা বৃষ্টির পানি জমে থাকলে শিকড় পচে গাছ মারা যেতে পারে।"
pulse,pigeon pea,অড়হর,108,intercultural,আন্ত:পরিচর্যা,প্রাথমিক পর্যায়ে অড়হরের বৃদ্ধি ধীরে হয় এবং গাছও বেশ দূর্বল থাকে। তাই এই অবস্থায় আগাছার সাথে প্রতিযোগিতায় টিকে থাকতে পারে না। এ জন্য গাছের গোড়া 30-45 দিন পর্যন্ত নিড়ানি দিয়ে আগাছা মুক্ত রাখতে হবে। গাছ বড় হলে আগাছা তেমন সমস্যা করতে পারে না। তবে আগাছার প্রকোপ বেশি হলে কাঁচি দিয়ে কেটে ছোট করে দিতে হবে অথবা গ্লাইফোসেট/ প্যারাকোয়াট জাতীয় আগাছানাশক সাবধানে দুই সারির মাঝে স্প্রে করতে হবে যাতে গাছে না লাগে । এছাড়া ছোট অবস্থায় গাছকে খুটি দিয়ে বেধে দিতে হবে যাতে গাছ ঝড়-বৃষ্টিতে হেলে না পড়ে।
pulse,pigeon pea,অড়হর,108,harvest,"ফসল সংগ্রহ, কর্তন ও সংরক্ষণ",বীজ বপনের 250-260 দিন পর (ফেব্রুয়ারি মাসের 2য় সপ্তাহ) অড়হর পরিপক্ক হয়। তবে কাঁচা পড সব্জি হিসাবে ব্যাবহারের জন্য বীজ পরিপক্ক হওয়ার 30-40 দিন প‚র্বে হাত দিয়ে তুলে পড সংগ্রহ করা যায়। পড/ শুঁটি পরিপক্ক হওয়ার পর পডসহ পুষ্পস্তবক কেটে অথবা গোড়া থেকে গাছ কেটে আঁটি বেঁধে তা শক্ত মাটিতে বা মাটির উপরে পলিথিন বিছিয়ে অথবা পাকা মেঝেতে ছড়িয়ে অথবা খাড়াভাবে দাঁড় করিয়ে রৌদ্রে রেখে ভাল করে শুকাতে হবে। এরপর লাঠি দিয়ে পিটিয়ে বা যান্ত্রিক উপায়ে মাড়াই ও ঝাড়াই করে বীজ পরিষ্কার করে নিতে হবে। বীজ সংগ্রহ করার পর রৌদ্রে শুকিয়ে বীজ 8-9% আর্দ্রতায় বায়ু নিরোধ পাত্রে গুদামজাত করতে হবে। বেশি পরিমাণ বীজ গুদামজাত করতে হলে প্রতি 100 কেজি বীজের জন্য 2টা ফসটক্সিন ট্যাবলেট ব্যবহার করে ডালের শুঁসড়ী পোকা নিয়ন্ত্রণ করা যায়।
pulse,pigeon pea,অড়হর,108,yield,ফলন,অড়হর জাতের বীজের ফলন প্রতি হেক্টরে 1.5-1.8 টন । তবে অনুকুল আবহাওয়া ও যথাযথ যত্ন নিলে ফলন হেক্টর প্রতি 2 টন পর্যন্ত পাওয়া যেতে পারে।
oilseed,mustard,সরিষা,115,soil_climate,মাটি,সরিষা বেলে দোআঁশ ও দোআঁশ মাটিতে ভালো জন্মে।
oilseed,mustard,সরিষা,115,land_preparation,জমি তৈরি,জমির প্রকারভেদে 4-5টি আড়াআড়ি চাষ ও মই দিয়ে মাটি ঝুরঝুরে করে জমি তৈরি করতে হবে। জমির চারপাশে নালার ব্যবস্থা করলে পরবর্তীকালে সেচ দিতে এবং পানি নিকাশে সুবিধা হয়।
oilseed,mustard,সরিষা,115,sowing_method,বপন পদ্ধতি,"সরিষা বীজ সাধারণত ছিটিয়ে বোনা হয়। সারি করে বুনলে সার, সেচ ও নিড়ানী দিতে সুবিধা হয়। সারি থেকে সারির দূরত্ব 30 সেমি রাখতে হবে। বপনের সময় জমিতে বীজের অঙ্কুরোদগমের উপযোগী রস থাকতে হবে।"
oilseed,mustard,সরিষা,115,sowing_time,বপন সময়,বিভিন্ন অঞ্চলের তারতম্য এবং জমির ‘জো’ অবস্থা অনুসারে কার্তিক মাসের 1ম সপ্তাহ থেকে শেষ সপ্তাহ পর্যন্ত (মধ্য-অক্টোবর থেকে মধ্য-নভেম্বর) বপনের উপযুক্ত সময়।
oilseed,mustard,সরিষা,115,fertilizer,সারের পরিমাণ,"জাত, মাটি ও মাটিতে রসের তারতম্য অনুসারে সার দিতে হয়। সারের পরিমাণ (কেজি/হেক্টর) নিম্নরূপ: সারের নাম সারের পরিমাণ ইউরিয়া 250-300 টিএসপি 170-180 এমওপি 85-100 জিপসাম 150-180 জিংক সালফেট 5-7 বরিক এসিড (প্রয়োজনবোধে) 10 পচা গোবর 8-10 টন"
oilseed,mustard,সরিষা,115,fertilizer_method,সার প্রয়োগ পদ্ধতি,ইউরিয়া সার অর্ধেক ও অন্যান্য সার বপনের আগে এবং বাকি অর্ধেক ইউরিয়া গাছে ফুল আসার সময় উপরি প্রয়োগ করতে হয়। সার উপরি প্রয়োগের সময় মাটিতে রস থাকা দরকার।
oilseed,mustard,সরিষা,115,seed_rate,বীজের হার,প্রতি হেক্টরে 6-7 কেজি বীজ লাগে। রাই ও দৌলত সরিষার জন্য প্রতি হেক্টরে 7-8 কেজি বীজের প্রয়োজন।
oilseed,mustard,সরিষা,115,intercultural,অন্তর্বর্তীকালীন পরিচর্যা,বীজ বপনের 10-12 দিন পর এক বার এবং ফুল আসার আগে 20-25 দিন দ্বিতীয় বার নিড়ানী দিতে হয়।
oilseed,mustard,সরিষা,115,irrigation,সেচ প্রয়োগ,উফশী জাতসমূহে পানি সেচ দিলে ফলন বেশি হয়। বীজ বপনের 20-25 দিনের মধ্যে (গাছে ফুল আসার আগে) প্রথম সেচ এবং 50-55 দিনের মধ্যে (ফল ধরার সময়) দ্বিতীয় সেচ দিতে হবে। বপনের সময় মাটিতে রস কম থাকলে একটি হালকা সেচ দিতে হয়।
oilseed,mustard,সরিষা,115,harvest,ফসল সংগ্রহ,টরি জাতীয় সরিষা 70-90 দিন এবং রাই জাতীয় সরিষা 90-120 দিনের মধ্যে সংগ্রহ করা যায়।
oilseed,mustard,সরিষা,115,seed_storage,বীজ সংরক্ষণ,"মাড়াই করার পর রোদে শুকানো বীজ গরম অবস্থায় সংরক্ষণ করলে বীজের অঙ্কুরোদগম ক্ষমতা নষ্ট হওয়ার সম্ভাবনা থাকে। তাই রোদে শুকানো বীজ ঠাণ্ডা করে প্লাস্টিকের পাত্রে, টিনে বা ড্রামে রেখে মুখ এমনভাবে বন্ধ করতে হবে যেন পাত্রের ভিতরে বায়ু প্রবেশ করতে না পারে। সংরক্ষণের জন্য বীজ ভর্তি পাত্র মাটির সংস্পর্শে রাখা বাঞ্ছনীয়। বীজসহ পাত্র আর্দ্রতা কম এমন ঘরের শীতল স্থানে রাখলে 1 বছর এমনকি 2 বছর পর্যন্ত বীজের অঙ্কুরোদগম ক্ষমতা বজায় থাকে।"
oilseed,mustard,সরিষা,115,intercultural,অন্যান্য পরিচর্যা,
oilseed,mustard,সরিষা,115,pest_disease,সরিষার পাতা ঝলসানো রোগ দমন,"অলটারনেরিয়া ব্রাসিসি নামক ছত্রাক দ্বারা এ রোগের সৃষ্টি হয়। প্রাথমিক অবস্থায় সরিষা গাছের নিচে বয়স্ক পাতায় এ রোগের লক্ষণ পরিলক্ষিত হয়। পরবর্তীকালে এ ছত্রাকের আক্রমণে গাছের পাতা, কাণ্ড ও ফলে চক্রাকার কালচে দাগের সৃষ্টি হয়। আক্রমণের মাত্রা বেশি হলে পাতা ঝলসে যায়। ফলে সরিষার ফলন খুব কমে যায়।"
oilseed,mustard,সরিষা,115,pest_disease,প্রতিকার, রোগ প্রতিরোধ ক্ষমতাসম্পন্ন জাতের সরিষার চাষ করতে হবে।  রোগমুক্ত বীজ বপন করতে হবে।  বীজ বপনের পূর্বে প্রোভেক্স-200 ডাব্লিউপি ছত্রাকনাশক দিয়ে (2-3 গ্রাম ছত্রাক নাশক/কেজি বীজ) বীজ শোধন করে বপন করতে হবে।  এ রোগ দেখা দেওয়ার সাথে সাথে রোভরাল-50 ডাব্লিউপি 0.2% হারে (প্রতি লিটার পানির সাথে 2 গ্রাম) পানিতে মিশিয়ে 10-12 দিন পর পর 3-4 বার স্প্রে করতে হবে।
oilseed,mustard,সরিষা,115,pest_disease,পরজীবী উদ্ভিদজনিত রোগ দমন,"সরিষার পরজীবী উদ্ভিদের মধ্যে অরোবাংকিই প্রধান। সরিষা গাছের শিকড়ের সাথে এ পরজীবী উদ্ভিদ সংযোগ স্থাপন করে খাদ্য সংগ্রহ করে বেঁচে থাকে। এর ফলে পরজীবী আক্রান্ত সরিষার গাছ দুর্বল হয়, বৃদ্ধি কমে যায় এবং ফলন হ্রাস পায়। অরোবাংকি এক প্রকার সপুষ্পক পরজীবী উদ্ভিদ এবং এর বংশবৃদ্ধি সরিষা গাছের উপর নির্ভরশীল। অরোবাংকির বীজ মাটিতেই অবস্থান করে। মাটি, ফসলের পরিত্যক্ত অংশ, সেচের পানি প্রভৃতির মাধ্যমে অরোবাংকির উৎপত্তি ও বিস্তার ঘটে। বারবার একই জমিতে সরিষা পরিবারের ফসল চাষ করলে এ পরজীবীর বিস্তার ঘটে।"
oilseed,mustard,সরিষা,115,pest_disease,প্রতিকার," ফুল আসার পূর্বে পরজীবী উদ্ভিদ জমি হতে তুলে ধ্বংস করে ফেলতে হবে।  পরিমিত হারে টিএসপি সার ব্যবহার করতে হবে।  পূর্বে এ রোগ আক্রান্ত জমি গভীরভাবে চাষ করতে হবে।  আগাছানাশক যেমন 2, 4-ডি ছিটিয়ে পরজীবী উদ্ভিদ দমন করতে হবে।"
oilseed,mustard,সরিষা,115,pest_disease,সরিষার কাণ্ড পচা রোগ দমন,এটি বীজ ও মাটি বাহিত রোগ। বাড়ন্ত গাছে ফুল ধরার সময় আক্রমণ বেশি দেখা যায়। আক্রমণের স্থলে সাদা তুলার মতো মাইসেলিয়াম দেখা যায়। ফলে গাছ পচে মারা যায়। আক্রান্ত গাছের কাণ্ড চিরলে কালো রঙের স্কেলেরোশিয়া দেখা যায়। তাপমাত্রা (15-180 সে.) ও আর্দরতা (80-90%) আবহাওয়ায় এ রোগের আক্রমণ বেশি হয়ে থাকে।
oilseed,mustard,সরিষা,115,pest_disease,প্রতিকার,"   বপনের পূর্বে প্রোভেক্স-200 এর মাধ্যমে বীজ শোধন করতে হবে (2.5 গ্রাম/কেজি বীজ)। রোগ দেখা দেয়ার সাথে সাথে রোভরাল 2.0 গ্রাম/লিটার পানিতে মিশিয়ে 3 বার (বৃদ্ধি পর্যায়ে, ফুল ও পড ধরার পর্যায়) প্রয়োগ করলে সরিষার কাণ্ড পচা রোগ দমন হয়।"
oilseed,mustard,সরিষা,115,pest_disease,সরিষার জাব পোকার সমন্বিত ব্যবস্থাপনা,"জাব পোকা সরিষার পাতা, কাণ্ড, পুষ্পমঞ্জুরী, ফুল ও ফল থেকে রস চুসে খায়। ফলে গাছ দুর্বল হয়ে বৃদ্ধি ব্যাহত হয়। পাতা কুকড়ে যায়, ফুল ও ফল ধারণ বাঁধাগ্রস্ত হয়। আক্রান্ত ফল কুচকে ছোট হয়ে যায়। সাধারণত ডিসেম্বর ও জানুয়ারি মাসে গাছে ফুল ও ফল আসার সময় আক্রমণ বেশি হয়ে থাকে। এদের আক্রমণে শতকরা 30-80 ভাগ ফলন কমে যায়।"
oilseed,mustard,সরিষা,115,pest_disease,সমন্বিত ব্যবস্থাপনা, স্বল্প মেয়াদী জাত নভেম্বরের প্রথম সপ্তাহের মধ্যে বপন করা।  আক্রমণ দেখা মাত্র 50 গ্রাম নিম বীজ ভেঙ্গে 1 লিটার পানিতে 12 ঘণ্টা ভিজিয়ে 2-3 গ্রাম গুঁড়া সাবান মিশিয়ে ছেকে 7 দিন অন্তর 2 বার ছিটাতে হবে।  আক্রমণ বেশি হলে ম্যালাথিয়ন 57 ইসি 2 মিলি বা এডমায়ার 200 এম এল 0.5 মিলি প্রতি লিটার পানিতে মিশিয়ে বিকাল 3 টার পর 10 দিন অন্তর 2 বার ছিটাতে হবে।
oilseed,mustard,সরিষা,115,pest_disease,সাধারণ কাটুই পোকা,"সাধারণ কাটুই পোকা বিগত কয়েক বছর ধরে সিরাজগঞ্জের চলনবিল এলাকায় এবং দেশের উত্তর পশ্চিম অঞ্চলের জেলাসমূহে সরিষার ফসলে ব্যাপকভাবে আক্রমণ করে প্রচুর ক্ষতিসাধন করছে। এ পোকা তেল, ডাল জাতীয় শস্য, সবজি ইত্যাদির চারা অবস্থায় গোড়া কেটে ও পাতা খেয়ে প্রচুর ক্ষতি করে।"
oilseed,mustard,সরিষা,115,pest_disease,ক্ষতির ধরন,"এদের কীড়া সরিষার গাছের চারা অবস্থা থেকে শুরু করে পরিপক্ক অবস্থা পর্যন্ত পাতা, কাণ্ড, ফুল ও ফল পেটুকের মতো খেয়ে মারাত্মক ক্ষতি করে। দিনে মাটির নিচে লুকিয়ে থাকে, রাতে লক্ষ লক্ষ কীড়া দলবদ্ধভাবে ফসলে আক্রমণ করে খেয়ে ক্ষতি করে। সাধারণত চারা অবস্থায় ও গাছের বৃদ্ধি পর্যায়ে এদের আক্রমণ বেশি দেখা যায়। ডিসেম্বর-জানুয়ারি হতে ফেব্রুয়ারি মাস পর্যন্ত গাছের অঙ্গজ বৃদ্ধি থেকে শুরু করে পরিপক্ক অবস্থা পর্যন্ত সরিষা গাছে আক্রমণ হয়ে থাকে।"
oilseed,mustard,সরিষা,115,pest_disease,সমন্বিত ব্যবস্থাপনা, আলোর ফাঁদ দ্বারা মথ ধরে মারা যায়।  প্রাথমিক অবস্থায় এ পোকার কীড়া দলবদ্ধভাবে একটি গাছের পাতায় সীমাবদ্ধ থাকে। তখন হাত দ্বারা পাতাসহ কীড়া সংগ্রহ করে মেরে দমন করা যায়।  আক্রান্ত ক্ষেতে বিঘাপ্রতি 8/10টি ডাল পুঁতে দিলে পোকাভোজী পাখি কীড়া খেয়ে পোকা দমন করতে পারে।  আক্রমণ বেশি হলে রিপকার্ড- 10 ইসি বা ডারসবান-20 ইসি 2 মিলি প্রতি লিটার পানিতে মিশিয়ে আক্রান্ত ক্ষেতে 10 দিন অন্তর 2 বার স্প্রে করে পোকা দমন করা যায়।  ফসল বপনের পর ফাঁদ (Sex pheromone) ব্যবহার করলে প্রচুর সংখ্যক পুরুষ পোকা আকৃষ্ট হয়ে ফাঁদে পড়ে মারা যায়।
oilseed,sesame,তিল,120,soil_climate,মাটি,পানি জমে থাকে না এমন ধরনের মাটিতে তিলের চাষ করা যায়। উঁচু বেলে দোআঁশ বা দোআঁশ মাটি তিল চাষের জন্য বেশি উপযোগী।
oilseed,sesame,তিল,120,land_preparation,জমি তৈরি,তিল চাষের জন্য মাটি আড়াআড়ি চাষ ও মই দিয়ে ভালোভাবে ঝুরঝুরে করে নিতে হয়।
oilseed,sesame,তিল,120,sowing_time,বপনের সময়,"তিল খরিফ মৌসুমে চাষ করা যায়। খরিফ-1 মৌসুমে অর্থাৎ ফাল্গুন-চৈত্র মাসে (মধ্যে-ফেব্রুয়ারি হতে মধ্যে-এপ্রিল), খরিফ-2 মৌসুমে অর্থাৎ ভাদ্র মাসে (মধ্য-অগস্ট হতে মধ্য-সেপ্টেম্বর) তিলের বীজ বপনের উত্তম সময়।"
oilseed,sesame,তিল,120,sowing_method,বপন পদ্ধতি,তিলের বীজ সাধারণত ছিটিয়ে বপন করা হয়। তবে সারিতে বপন করলে অন্তর্বর্তীকালীন পরিচর্যা করতে সুবিধা হয়। সারিতে বপন করলে সারি থেকে সারির দূরত্ব 30 সেমি ও গাছ থেকে গাছের দূরত্ব 5 সেমি রাখতে হবে।
oilseed,sesame,তিল,120,seed_rate,বীজের হার,প্রতি হেক্টরে 7.0-8.0 কেজি।
oilseed,sesame,তিল,120,fertilizer,সারের পরিমাণ,তিলের জমিতে নিম্নরূপ হারে সার প্রয়োগ করতে হবে: সারের নাম সারের পরিমাণ/হেক্টর ইউরিয়া 100-125 কেজি টিএসপি 130-150 কেজি এমওপি 40-50 কেজি জিপসাম 100-110 কেজি জিংক সালফেট (প্রয়োজনে) 0-5 কেজি বরিক এসিড (প্রয়োজনে) 8-10 কেজি BARI Til-5
oilseed,sesame,তিল,120,fertilizer_method,সার প্রয়োগ পদ্ধতি,ইউরিয়া সারের অর্ধেক ও বাকি সব সার জমি শেষ চাষের সময় ছিটিয়ে মাটির সাথে ভালভাবে মিশিয়ে দিতে হবে। বাকি ইউরিয়া বীজ বপনের 25-30 দিন পর ফুল আসার সময় উপরি প্রয়োগ করতে হবে।
oilseed,sesame,তিল,120,irrigation,সেচ প্রয়োগ ও পানি নিষ্কাশন,জমিতে রসের অভাব হলে বীজ বোনার সময় হালকা সেচ দিয়ে বীজ বপন করতে হয়। জমিতে রস না থাকলে 55-60 দিন পর ফল ধরার সময় আর একবার সেচ দেওয়া যেতে পারে।
oilseed,sesame,তিল,120,harvest,ফসল সংগ্রহ,তিল ফসল সংগ্রহ করতে 85-90 দিন সময় লাগে।
oilseed,groundnut,চীনাবাদাম,125,soil_climate,মাটি,"বেলে দো- আঁশ মাটি, ক্যালসিয়াম ও জৈব পদার্থ সমৃদ্ধ মাটি চীনাবাদাম উৎপাদনের জন্য উপযুক্ত। চীনা বাদাম জলাবদ্ধতা সহ্য করতে পারে না বিধায় জল নিষ্কাশনের সুব্যবস্থা থাকা বাঞ্চনীয়। বেলে দো-আঁশ মাটিতে সহজে শিকড় ও পেগ প্রবেশ করতে পারে বিধায় চীনাবাদাম অধিক ফলন দেয়। এ ফসল পিএইচ 6.0-6.5 এ ভাল হয়।"
oilseed,groundnut,চীনাবাদাম,125,land_preparation,জমি তৈরি,জমিতে 3-4 টি চাষ ও মই দিয়ে মাটি ঝুরঝুর করে নিতে হবে। শেষ চাষের সময় মই দিয়ে সমান করে জমির চার পাশে নালার ব্যবস্থা করতে হবে যাতে পরবর্তীতে সেচ ও অতিরিক্ত বৃষ্টির কারণে পানি নিষ্কাশনে সুবিধা হয়।
oilseed,groundnut,চীনাবাদাম,125,sowing_time,বপনের সময়,"চীনাবাদাম রবি ও খরিফ উভয় মৌসুমে আবাদ করা যায়। রবি মৌসুমে কার্তিক অগ্রহায়ণ, খরিফ-1 মৌসুমে ফাল্গুন-চৈত্র ও খরিফ-2 মৌসুমে শ্রাবণ-ভাদ্র মাসে বপন করতে হয়। তবে দেবীগঞ্জ, লক্ষীপুর, নোয়াখালী ও চট্টগ্রাম অঞ্চলে এ ফসল জানুয়ারিতে বপন করা হয়। রবি মৌসুমে কার্তিক মাসের প্রথম সপ্তাহে বপন করলে ফলন ভাল পাওয়া যায় এবং জীবনকাল প্রায় 15-20 দিন কমে আসে।"
oilseed,groundnut,চীনাবাদাম,125,seed_rate,বীজের হার,"বারি চীনাবাদাম-8 চাষে হেক্টরপ্রতি 100 কেজি বা একর প্রতি 40 কেজি খোসাসহ বীজের প্রয়োজন হয়। প্রতি হেক্টরে গাছের সংখ্যা 1,10,000-1,20,000 থাকা দরকার।"
oilseed,groundnut,চীনাবাদাম,125,sowing_method,বপন পদ্ধতি,বীজ বপনের আগে খোসা হতে বীজ আলাদা করে নিতে হবে। বীজ ও খোসার অনুপাত 7ঃ3 অর্থাৎ 10 কেজি খোসাসহ বাদামের 7 কেজি বীজ পাওয়া যায়। বীজ সারিতে বুনতে হয়। সারি থেকে সারির দুরত্ব 30 সেমি এবং গাছ হতে গাছের দুরত্ব 15 সেমি। বীজ 2.5 থেকে 3.0 সেমি মাটির গভীরে বপন করতে হয়। প্রতি গর্তে একটি করে পুষ্ট বীজ বপন করতে হয়।
oilseed,groundnut,চীনাবাদাম,125,fertilizer,সারের পরিমাণ,চীনাবাদামের জমিতে নিচে উল্লিখিত হারে সার ব্যবহার করলে ভালো ফলন পাওয়া যায়। সারের নাম হেক্টরপ্রতি (কেজি) একরপ্রতি (কেজি) বিঘাপ্রতি (কেজি) ইউরিয়া 25 10 3.5 টিএসপি 160 64 12 এমওপি 85 34 16 জিপসাম 300 120 40 বরিক এসিড(প্রয়োজনে) 10 4 1.4
oilseed,groundnut,চীনাবাদাম,125,fertilizer_method,সার প্রয়োগ পদ্ধতি,অর্ধেক ইউরিয়া এবং অন্যান্য সারের সবটুকু শেষ চাষের আগে জমিতে ছিটিয়ে প্রয়োগ করতে হয় এবং বাকি ইউরিয়া উপরি প্রয়োগ হিসাবে চারা গজানোর 40-50 দিন পর গাছে ফুল আসার সময় প্রয়োগ করতে হয়। তবে প্রতি কেজি বীজে 70 গ্রাম অণুজীব সার ব্যবহার করা যেতে পারে। অণুজীব সার ব্যবহার করলে সাধারণত ইউরিয়া সার ব্যবহার করতে হয় না।
oilseed,groundnut,চীনাবাদাম,125,intercultural,অন্তর্বর্তীকালীন পরিচর্যা,
oilseed,groundnut,চীনাবাদাম,125,pest_disease,আগাছা দমন,চীনাবাদামের ফলন ভাল পাওয়ার জন্য প্রাথমিক পর্যায়ে গাছ বৃদ্ধির সময় জমি আগাছামুক্ত রাখতে হবে। চারা গজানোর পর প্রয়োজনবোধে দুই বার (1ম বার 14-20 দিন পর এবং 2য় বার 35-40 দিন পর) জমি আগাছামুক্ত রাখতে হবে। ফুল আসার পর গাছে বাদাম ধরার সময় গোড়ায় হালাকাভাবে মাটি তুলে দিলে বাদামের ফলন ভাল হয়।
oilseed,groundnut,চীনাবাদাম,125,irrigation,সেচ,বপন করার 18-20 দিন পর 1 বার এবং শুঁটি হওয়ার 50-55 দিন পর 2য় বার সেচ দিতে হবে।
oilseed,groundnut,চীনাবাদাম,125,seed_storage,ফসল সংগ্রহ ও বীজ সংরক্ষণ,"চীনাবাদাম গাছের শতকরা 75-80 ভাগ বাদাম যখন পরিপক্ক হয় তখন উঠানোর সঠিক সময়। এ সময় গাছের নিচের পাতাগুলো হলুদ রং ধারণ করে এবং ঝরে পড়তে শুরু করে। বাদামের খোসার শিরা উপশিরাগুলো সুস্পষ্ট দেখা যায়। বাদামের খোসা ভাঙ্গার পর খোসার ভেতরে কালচে বর্ণের দাগ দেখা যায় এবং বীজের উপরের আবরণ বাদামী রং ধারণ করে। খোসা সহ পরিপক্ক পুষ্ট বাদাম উজ্জ্বল রোদে 1ম ও 2য় দিন দৈনিক 4 ঘণ্টা, তৃতীয় দিন থেকে দৈনিক 8 ঘণ্টা উজ্জ্বল রোদে মোট 7-8 দিন শুকাতে হয়। এভাবে বীজের আর্দ্রতা 8-9 শতাংশে নেমে আসবে। বাদাম শুকানোর সময় সরাসরি সিমেন্টের মেঝেতে না রেখে চট বা ত্রিপল এর উপর রোদে শুকাতে হয়। রোদে শুকানোর পরে বাদাম ঠাণ্ডা করে গুদামজাত করতে হয়। বাদাম বীজ সংরক্ষণের জন্য পলিথিন আচ্ছাদিত বা সিনথেটিক ব্যাগ, চটের বস্তা, কেরোসিন টিন বা ড্রাম, পিলিথিন ব্যাগ ইত্যাদি ব্যবহার করা যায়। বাদাম বীজসহ চটের বস্তা কাঠের বা বাঁশের মাচায় রেখে দিতে হয়। পলিথিন ব্যাগ, টিনের ড্রাম, কেরোসিন টিন প্রভৃতিতে বীজ সংরক্ষণ করলে বীজের মান বা গুণাগুণ এক বৎসরের অধিক সময় অক্ষুন্ন থাকে।"
oilseed,groundnut,চীনাবাদাম,125,intercultural,অন্যান্য পরিচর্যা,
oilseed,groundnut,চীনাবাদাম,125,pest_disease,পাতার দাগ রোগ,সারকম্পোরা এরাচিডিকোলা ও ফেরোওপসিস পারসোনেটা নামক দুইটি ছত্রাক দ্বারা এ রোগ হয়। এ ছত্রাকের আক্রমণে সবুজ পাতার উপরিভাগে প্রথম থেকেই হলুদ বর্ণের বৃত্তাকার রেখা দ্বারা ঘেরা গাঢ় বাদামী রঙের দাগের আবির্ভাব হয়। দাগগুলো নানা আকারের হয় এবং পাতার উপর ইতস্তত ছড়িয়ে থাকে। এ রোগের আক্রমণের ফলে গাছের পাতা শুকিয়ে তাড়াতাড়ি ঝরে যায়। ফলে গাছের পাতায় খাদ্য তৈরিতে ব্যাঘাত ঘটে এবং গাছের গোড়ায় বাদাম পুষ্ট হতে পারে না। বাদাম অপরিপক্ক অবস্থায় থাকে। ফলে বাদামের ফলন 10-15% কম হয়।
oilseed,groundnut,চীনাবাদাম,125,pest_disease,রোগের উৎপত্তি ও বিস্তার,রোগটি মাটি বাহিত। গাছের অবশিষ্টাংশ যা মাটিতে পড়ে থাকে তা থেকে কনিডিয়ার মাধ্যমে প্রাথমিকভাবে গাছকে আক্রান্ত করে। কনিডিয়া বাতাস ও বৃষ্টির পানির মাধ্যমে এক স্থান হতে অন্য স্থানে ছড়িয়ে থাকে। অপেক্ষাকৃত উষ্ণ ও আর্দ্র আবহাওয়া এবং প্রবল বায়ু প্রবাহ এ রোগ বৃদ্ধির সহায়ক।
oilseed,groundnut,চীনাবাদাম,125,pest_disease,প্রতিকার,
oilseed,groundnut,চীনাবাদাম,125,pest_disease,রোগ প্রতিরোধী জাত,ঝিঙ্গাবাদাম ও বারি চীনাবাদাম-7 জাত দুইটি পাতার দাগ রোগ সহনশীল। এ দুইটি জাতের চাষাবাদের মাধ্যমে রোগের আক্রমণ এড়ানো যায় এবং অধিক ফলন পাওয়া যায়। 
oilseed,groundnut,চীনাবাদাম,125,pest_disease,ছত্রাকনাশক প্রয়োগ,এ রোগ দেখা দেয়ার সাথে সাথে গাছে অটোস্টিন (1 গ্রাম হারে)/ কন্টাফ (0.5 মিলি হারে (1মিলি হারে) প্রতি লিটার পানিতে মিশিয়ে 15 দিন অন্তর 3 বার ছিটালে এ রোগের অনিষ্ট থেকে ফসলকে রক্ষা করা যায়। 
oilseed,groundnut,চীনাবাদাম,125,land_preparation,জমি পরিষ্কারকরণ,যেহেতু জমিতে আক্রান্ত গাছে পরিত্যক্ত অংশের মাধ্যমে এ রোগ ছড়ায় সেহেতু মৌসুমের শেষে আক্রান্ত গাছসমূহ এবং আগাছা পুড়ে ফেলে বা নষ্ট করে রোগের বিস্তার রোধ করা যায়। 
oilseed,groundnut,চীনাবাদাম,125,other,শস্য পর্যায়ক্রম,একই জমিতে প্রতি বছর চীনাবাদামের চাষ না করে অন্য ফসল দিয়ে শস্য পর্যায়ক্রম গ্রহণ করলে উপর্যুক্ত পোষকের অভাবে অনেক জীবাণু মারা যায় ফলে রোগের প্রাদুর্ভাব কম হয়।
oilseed,groundnut,চীনাবাদাম,125,pest_disease,রাস্ট বা মরিচা রোগ,"পাকসিনিয়া এরাচিডিস নামক ছত্রাকের কারণে এ রোগ হয়ে থাকে। সাধারণত বয়স্ক গাছে এ রোগের আক্রমণ বেশি দেখা যায়। প্রাথমিক অবস্থায় পাতার নিম্ন পৃষ্ঠে লাল, লোহার মরিচা পড়ার ন্যায় সামান্য স্ফীত ছোট বিন্দুর মত অসংখ্য দাগ দেখা যায়। দাগগুলো ধীরে ধীরে বাড়তে থাকে। এ রোগের কারণে চীনাবাদামের ফলন প্রায় 50% পর্যন্ত কম হতে পারে।"
oilseed,groundnut,চীনাবাদাম,125,pest_disease,রোগের উৎপত্তি ও বিস্তার,"ফসল কাটার পর এ রোগের ছত্রাক আগাছা, আর্বজনা এবং ফসলের পরিত্যক্ত অংশে আশ্রয় নেয়। বিকল্প পোষক হতে বায়ুর মাধ্যমে এ রোগ সুস্থ্য গাছে ছড়ায় এবং আর্দ্র আবহাওয়ায় বিস্তার লাভ করে।"
oilseed,groundnut,চীনাবাদাম,125,pest_disease,প্রতিকার,
oilseed,groundnut,চীনাবাদাম,125,pest_disease,রোগ প্রতিরোধী জাত,ঝিঙ্গা বাদাম জাতটি রাস্ট বা মরিচা রোগ প্রতিরোধী। এ জাতের চাষ করে রোগের আক্রমণ থেকে রক্ষা পাওয়া যায়। 
oilseed,groundnut,চীনাবাদাম,125,pest_disease,ছত্রাকনাশক প্রয়োগ,এ রোগ দেখা দেয়ার সাথে সাথে টিল্ট/ কন্টাফ/ক্রীজল শতকরা 0.05 ভাগ হারে (প্রতি লিটার পানির সাথে 0.5 মিলি ছত্রাকনাশক) মিশিয়ে 12-15 দিন অন্তর 3 বার ছিটালে এ রোগের প্রকোপ কমে যায়। 
oilseed,groundnut,চীনাবাদাম,125,land_preparation,জমি পরিষ্কারকরণ,পূর্ববর্তী ফসল থেকে স্বেচ্ছায় গজানো গাছ. আগাছা এবং আবর্জনা পুড়ে ফেলে এ রোগের উৎস নষ্ট করা যায়।
oilseed,groundnut,চীনাবাদাম,125,pest_disease,গোড়া পচা/কাণ্ড পচা রোগ,স্কেলেরোশিয়াম রলফসি নামক মাটিতে বসবাসকারী এক প্রকার ছত্রাকের কারণে এ রোগ হয়। ইহা সরিষা দানার মতো স্কেলেরোশিয়া উৎপন্ন করে। মাইসেলিয়াম একত্রীভুত হয়ে মাইসেলিয়াম গুচ্ছ তৈরি করে যা শক্ত হয়ে স্কেলেরোশিয়াম উৎপন্ন হয়। গাছের গোড়ায় বা মাটির ছত্রাকের সাদা মাইসেলিয়াম এবং সরিষার দানার মতো ছত্রাক গুটিকা (স্কেলেরোশিয়া) লক্ষ্য করা যায়। এ রোগের কারণে গাছের মূল শিকড় আক্রান্ত হলে গোড়া পচে যায় ও গাছ সম্পূর্ণ ঢলে পড়ে এবং পরবর্তীতে খাদ্য ও পানি চলাচলের প্রতিবন্ধকতার কারণে গাছ মরে যায়। এ রোগের কারণে 25-30% এর উপর ফলনের ক্ষতি হতে পারে।
oilseed,groundnut,চীনাবাদাম,125,pest_disease,রোগের প্রতিকার,
oilseed,groundnut,চীনাবাদাম,125,other,গভীর চাষ,জমি তৈরির সময় গভীর চাষের মাধ্যমে মাটি আলগা করে 3-4 দিন রোদে শুকিয়ে রোগের উৎস নষ্ট করে আক্রমণ কমানো যায়। 
oilseed,groundnut,চীনাবাদাম,125,sowing_method,বীজ বপন,বীজ বপনের 15-20 দিন পূর্বে মুরগির বিষ্ঠা 5 টন/হেক্টর বা সরিষার খৈল 1 টন/হেক্টর প্রয়োগ এবং প্রোভেক্স-200 ডাব্লিউপি ছত্রাক নাশক (2.5 গ্রাম ছত্রাক নাশক /কোজি বীজ) দ্বারা বীজ শোধন করে বপন করে বাদামের গোড়া পচা রোগ দমন করা যায়। 
oilseed,groundnut,চীনাবাদাম,125,land_preparation,জমি পরিষ্কারকরণ,"পূর্ববর্তী ফসলের পরিত্যক্ত অংশ, আগাছা এবং আবর্জনা পুড়িয়ে নষ্ট করে রোগের বিস্তার রোধ করা যায়। "
oilseed,groundnut,চীনাবাদাম,125,other,শস্য পর্যায়,জমিতে পর্যায়ক্রমিকভাবে শস্য চাষ করলে উপযুক্ত পোষকের অভাবে রোগ জীবাণু মরে যায়। ফলে এ রোগের প্রাদুর্ভাব অনেকাংশে কমানো সম্ভব।
oilseed,groundnut,চীনাবাদাম,125,pest_disease,চীনাবাদামের ক্ষতিকর পোকামাকড় ও তাদের দমন ব্যবস্থা,
oilseed,groundnut,চীনাবাদাম,125,pest_disease,জ্যাসিড বা পাতা শোষক পোকা দমন,"বাচ্চা ও পরিণত অবস্থায় এরা প্রচুর সংখ্যায় গাছের কচি পাতা ও নরম কাণ্ড থেকে রস চুষে খায় এবং খাওয়ার সময় এক প্রকার বিষাক্ত পদার্থ নিঃসৃত করে ফলে পাতার অগ্রভাগ বাদামী বর্ণ ধারণ করে। আক্রান্ত পাতা কুঁচকে যায় ফলে গাছের বৃদ্ধি ব্যাহত হয়, ফুল ও ফল ধারণ বাধাগ্রস্থ হয়।"
oilseed,groundnut,চীনাবাদাম,125,pest_disease,আক্রমণের সময় ও ফসলের আক্রান্ত ধাপ,শুষ্ক মৌসুমে বিশেষ করে মার্চ হতে জুন মাস পর্যন্ত গাছের চারা থেকে পরিপক্ক অবস্থা পর্যন্ত এদের আক্রমণ বেশি হয়ে থাকে। তবে অঙ্গজবৃদ্ধি ও ফুল ধারণের সময় আক্রমণের মাত্রা বেশি হয়। শুষ্ক ও গরম আবহাওয়ায় (30-380 সে.) এদের আক্রমণ বেশি হয়।
oilseed,groundnut,চীনাবাদাম,125,pest_disease,সমন্বিত ব্যবস্থাপনা," 50 গ্রাম নিম বীজ ভেঙ্গে 1 লিটার পানিতে 12 ঘণ্টা ভিজিয়ে 2-3 গ্রাম ডিটারজেন্ট বা গুঁড়া সাবান মিশিয়ে ছেকে 15 দিন অন্তর 3 বার ছিটিয়ে পোকা দমন করা যায়।  হাত জাল দিয়ে পোকা ধরে মেরে পোকার সংখ্যা কমানো যায়। চীনাবাদামের সাথে রসুন, পিঁয়াজ বা ধনিয়া আন্তঃফসল হিসেবে চাষ করে পোকার আক্রমণ শতকরা 20-25 ভাগ কমানো যায় ।  নিম পাতার নির্যাস (10%) আক্রান্ত ক্ষেতে 15 দিন অন্তর 2 বার স্প্রে করলে আক্রমণ কমে যায়।  আক্রমণ বেশি হলে রিপকর্ড 10 ইসি 1 মিলি বা এডমায়ার 0.5 মিলি./প্রতি লিটার পানিতে মিশিয়ে 10 দিন অন্তর 3 বার (বপনের 65, 75, 85 দিন পর) স্প্রে করা যেতে পারে।"
oilseed,groundnut,চীনাবাদাম,125,pest_disease,উইপোকা ও পিঁপড়া দমন,উঁইপোকা দলবদ্ধভাবে বাদাম গাছের শিকড় কেটে দেয়। শিকড়ের ভিতর গর্ত করে খায়। ফলে অচিরেই গাছ শুকিয়ে মারা যেতে থাকে। তাছাড়া এরা মাটির নিচের বাদাম ছিদ্র করে বীজ খায়। ফলে বাদাম পচে যায়। তাছাড়া পিঁপড়া বাদাম বপন করার পর বীজ খেয়ে ক্ষতি করে থাকে। এদের আক্রমণে শতকরা 10-12 ভাগ ফসলের ক্ষতি হয়।
oilseed,groundnut,চীনাবাদাম,125,pest_disease,আক্রমণের সময় ও ফসলের আক্রান্ত ধাপ,জানুয়ারি থেকে মে মাস পর্যন্ত অর্থাৎ বীজ বপন করার পর থেকে পরিপক্ক অবস্থা পর্যন্ত এদের আক্রমণ হয়ে থাকে।
oilseed,groundnut,চীনাবাদাম,125,pest_disease,সমন্বিত ব্যবস্থাপনা," প্রতি কেজি বীজের সাথে 1 চা চামচ বা 5 মিলি কেরোসিন বা নিম তেল ভালভাবে মিশিয়ে বপন করলে পিঁপড়া, উইপোকা ও মাটিতে বসবাসকারী অন্যান্য পোকার আক্রমণ কমানো যায়। সেভিন 85 ডব্লিউপি 2-3 গ্রাম 1 কেজি বীজের সাথে মিশিয়ে বপন করলে উইপোকা, পিঁপড়া ও মাটিতে বসবাসকারী অন্যান্য পোকার আক্রমণ শতকরা 80 ভাগ কমে যায়। আক্রান্ত জমিতে পানির সাথে কেরোসিন মিশিয়ে সেচ দিলে বা ডারসবান 20 ইসি বা পাইরিফস 50 ইসি 2 মি.লি. প্রতি লিটার পানিতে মিশিয়ে স্প্রে করলে ভাল ফল পাওয়া যায়।"
oilseed,sunflower,সূর্যমুখী,130,land_preparation,জমি তৈরি,সূর্যমুখীর জমি গভীরভাবে চাষ হওয়া প্রয়োজন। জমি 4-5 বার আড়াআড়ি চাষ ও মই দিয়ে মাটি ঝুরঝুরে করে নিতে হবে।
oilseed,sunflower,সূর্যমুখী,130,sowing_time,বপনের সময়,সূর্যমুখী সারা বছর চাষ করা যায়। তবে অগ্রহায়ণ মাসে (মধ্য-নভেম্বর থেকে মধ্য-ডিসেম্বর) চাষ করলে ভাল ফলন পাওয়া যায়। দেশের উত্তর ও পশ্চিমাঞ্চলে তাপমাত্রা 15 সে. এর নিচে হলে 10-12 দিন পরে বীজ বপন করা উচিত। খরিফ-1 মৌসুমে অর্থাৎ জ্যৈষ্ঠ (মধ্য-এপ্রিল থেকে মধ্য-মে) মাসেও এর চাষ করা যায়।
oilseed,sunflower,সূর্যমুখী,130,seed_rate,বপন পদ্ধতি ও বীজের হার,সূর্যমুখীর বীজ সারিতে বুনতে হয়। সারি থেকে সারির দূরত্ব 50 সেমি এবং সারিতে গাছ থেকে গাছের দূরত্ব 25 সেমি রাখতে হয়। এভাবে বীজ বপন করলে হেক্টরপ্রতি 8-10 কেজি বীজের প্রয়োজন হয়। বারি সূর্যমুখী-2 এর জন্য হেক্টরপ্রতি 12-15 কেজি বীজের প্রয়োজন হয়।
oilseed,sunflower,সূর্যমুখী,130,fertilizer,সারের পরিমাণ,"সূর্যমুখীতে নিম্নরূপ পরিমাণে সার ব্যবহার করলে ভাল ফলন পাওয়া যায়। সারের নাম সারের পরিমাণ/হেক্টর ইউরিয়া 180-200 কেজি টিএসপি 150-200 কেজি এমওপি 120-150 কেজি জিপসাম 120-170 কেজি জিংক সালফেট 8-10 কেজি বরিক এসিড* 10-12 কেজি ম্যাগনেসিয়াম সালফেট* 80-100 কেজি * রংপুর, দিনাজপুর, পঞ্চগড়, ঠাকুরগাঁও, বগুড়া, জয়পুরহাট, নওগাঁ ও রাজশাহী এলাকার জন্য প্রয়োজন।"
oilseed,sunflower,সূর্যমুখী,130,fertilizer,‘বারি সূর্যমুখী-2’ চাষের জন্য নিম্নবর্ণিত হারে সার প্রয়োগ করলে ভাল ফলন পাওয়া যায়।,"সারের নাম বিঘাপ্রতি (কেজি) একরপ্রতি (কেজি) হেক্টরপ্রতি (কেজি) ইউরিয়া 25-27 75-80 180-200 টিএসপি 23-25 68-72 160-180 এমওপি 20-25 63-67 150-170 জিপসাম 20-25 63-67 150-170 জিংক সালফেট 1.35 4 8-10 বরিক এসিড* 1.35 4 10-12 ম্যাগনেসিয়াম সালফেট * 10.5-13.5 32.5-40.5 80-100 গোবর (টন) 1.1-1.3 3.2-4.0 8-10 * রংপুর, দিনাজপুর, পঞ্চগড়, ঠাকুরগাঁও, বগুড়া, জয়পুরহাট, নওগাঁ ও রাজশাহী অঞ্চলের জন্য প্রয়োজন।"
oilseed,sunflower,সূর্যমুখী,130,fertilizer_method,সার প্রয়োগ পদ্ধতি,ইউরিয়া সারের অর্ধেক এবং বাকি সব সার শেষ চাষের সময় জমিতে ছিটিয়ে মাটির সাথে মিশিয়ে দিতে হবে। বাকি অর্ধেক ইউরিয়া 2 ভাগ করে প্রথম ভাগ চারা গজানোর 20-25 দিন পর এবং দ্বিতীয় ভাগ 40-45 দিন পর ফুল ফোটার পূর্বে প্রয়োগ করতে হবে।
oilseed,sunflower,সূর্যমুখী,130,other,বীজ শোধন,মাটি ও বীজ থেকে সৃষ্ট বিভিন্ন রোগ প্রতিরোধের জন্য বীজ শোধন একান্ত প্রয়োজন। বীজ শোধনের ফলে প্রধানত বীজ বাহিত রোগ দমন হয়। ফলে জমিতে আশানুরূপ গাছের সংখ্যা পাওয়া যায় এবং ফলন ভাল হয়। ভিটাভেক্স-200 ছত্রাক নিবারক দ্বারা বীজ শোধন করা হয়। প্রতি কেজি সূর্যমুখী বীজের জন্য মাত্র 3 (তিন) গ্রাম ভিটাভেক্স-200 প্রয়োজন। একটি বড় প্লাস্টিকের ঢাকনাযুক্ত পাত্রে সূর্যমুখীর বীজ নিয়ে পরিমাণমতো ঔষধ মিশিয়ে পাত্রের মুখ বদ্ধ করে ভালভাবে ঝাঁকিয়ে 1 দিন রেখে দেয়ার পর বীজ জমিতে বপন করতে হবে।
oilseed,sunflower,সূর্যমুখী,130,other,গাছ পাতলাকরণ,অতিরিক্ত গাছ থাকলে চারা গজানোর 15-20 দিন পর প্রতি হিলে/গোছায় 1টি করে সুস্থ-সবল গাছ রেখে বাকি গাছগুলো উঠিয়ে ফেলতে হবে।
oilseed,sunflower,সূর্যমুখী,130,pest_disease,আগাছা দমন,চারা গজানোর 20-25 দিন পর প্রথম এবং চারা গাজানোর 45-50 দিন পর দ্বিতীয় বার নিড়ানী দিতে হয়।
oilseed,sunflower,সূর্যমুখী,130,irrigation,সেচ প্রয়োগ,"সূর্যমুখী ফসলের ফলন বেশি পেতে হলে কয়েকবার পানি সেচ দিতে হবে। প্রথম সেচ বীজ বপনের 30 দিন পর (গাছে ফুল আসার আগে), দ্বিতীয় সেচ বীজ বপনের 50 দিন পর (পুষ্পস্তবক তৈরির সময়) এবং তৃতীয় সেচ বীজ বপনের 70 দিন পরে (বীজ পুষ্ট হবার আগে) দিতে হবে।"
oilseed,sunflower,সূর্যমুখী,130,harvest,ফসল সংগ্রহ,বপন থেকে পরিপক্ক হওয়া পর্যন্ত 90 থেকে 110 দিন সময় লাগে।
oilseed,sunflower,সূর্যমুখী,130,intercultural,অন্যান্য পরিচর্যা,
oilseed,sunflower,সূর্যমুখী,130,pest_disease,পাতা ঝলসানো রোগ ও তার প্রতিকার,আমাদের দেশে সূর্যমুখীর রোগের মধ্যে পাতা ঝলসানো রোগটি বিশেষভাবে উল্লেখযোগ্য। অলটারনেরিয়া হেলিয়ান্থি নামক ছত্রাকের আক্রমণে সূর্যমুখীর এ রোগটি হয়ে থাকে। প্রথমে পাতায় ধূসর বা গাঢ় বাদামী বর্ণের অসম আকৃতির দাগ পড়ে। পরে দাগ মিশে গিয়ে বড় দাগের সৃষ্টি করে। অবশেষে সম্পূর্ণ পাতা ঝলসে যায়।
oilseed,sunflower,সূর্যমুখী,130,pest_disease,প্রতিকার, রোগ সহনশীল বারি সূর্যমুখী-2 জাত চাষ করতে হবে।  রোগ দেখা দেওয়ার সাথে সাথে রোভরাল-50 ডাব্লিউপি (2% হারে) পানির সাথে মিশিয়ে 10 দিন পর পর 2-3 বার পাতায় প্রয়োগ করলে রোগের প্রকোপ কমে যায়।  ফসল কাটার পর গাছের পরিত্যক্ত অংশ নষ্ট করলে বা পুড়িয়ে ফেললে এ রোগের উৎস নষ্ট হয়ে যায়।
oilseed,sunflower,সূর্যমুখী,130,pest_disease,শিকড় পচা রোগ ও তার প্রতিকার,সূর্যমুখীর সাধারণত স্কেলেরোশিয়াম রলফসি নামক ছত্রাকের কারণে এ রোগ হয়ে থাকে। আক্রান্ত গাছের গোড়া সাদা তুলার মতো ছত্রাকের মাইসেলিয়াম এবং গোলাকার সরিষার দানারমতো স্কেলেরোশিয়াম দেখা যায়। প্রথমে গাছ কিছুটা নেতিয়ে পড়ে। কয়েক দিনের মধ্যে সমস্ত গাছ ঢলে পড়ে এবং শুকিয়ে মারা যায়।
oilseed,sunflower,সূর্যমুখী,130,pest_disease,প্রতিকার, প্রোভেক্স-200 ডাব্লিউপি @ 3 গ্রাম প্রতি কেজি বীজের সাথে মিশিয়ে এর সাহায্যে বীজ শোধনের মাধ্যমে এ রোগের বিস্তার রোধ করা যায়।  জমির পানি নিষ্কাশন ব্যবস্থা উন্নত করতে হবে কারণ ভেজা সঁ্যাতসঁ্যাতে জমিতে রোগের প্রকোপ বেশি হয়।।  পর্যায়ক্রমিকভাবে ফসলের চাষ করলে উপযুক্ত পোষক গাছের অভাবে পূর্ববর্তী আক্রমণকারী রোগের বিস্তার রোধ করা যায়।
oilseed,sunflower,সূর্যমুখী,130,pest_disease,বিছাপোকার আক্রমণ ও তার প্রতিকার,"লালচে কমলা রঙের বিছাপোকার ছোট ছোট কীড়াগুলো একত্রে দলবদ্ধভাবে সূর্যমুখীর নিচের সবুজ অংশ খেয়ে জালিকা সৃষ্টি করে। পরে বয়স্ক কীড়া পাতা, ফুল ও নরম কাণ্ড পেটুকের মতো খেয়ে ক্ষতি করে। ফলে গাছের বৃদ্ধি ব্যাহত হয়, ফুল ও ফল ধারণ বাধাগ্রস্ত হয় এবং ফলন কমে যায়। জানুয়ারি ও ফেব্রুয়ারি মাসে গাছের অংগজ বৃদ্ধির সময় থেকে অর্ধ পরিপক্ক অবস্থা পর্যন্ত এদের আক্রমণ হয়ে থাকে।"
oilseed,sunflower,সূর্যমুখী,130,pest_disease,সমন্বিত ব্যবস্থাপনা, দমন পদ্ধতি তিলের বিছাপোকার অনুরূপ। তবে এ ক্ষেত্রে প্রথমে 2/1টি পাতায় বিছাপোকার দলবদ্ধ অবস্থান দেখা মাত্রই হাত দ্বারা পাতাসহ কীড়া সংগ্রহ করে ধ্বংস করতে হবে।  আক্রমণ খুব বেশি হলে নাইট্রো (সাইপারমেথ্রিন+ক্লোরোপাইরিপাস) 505 ইসি 2 মিলি প্রতি লিটার পানিতে মিশিয়ে আক্রান্ত ক্ষেতে 10 দিন অন্তর 2 বার ছিটায়ে পোকা দমন করা যায়।
oilseed,sunflower,সূর্যমুখী,130,harvest,ফসল কাটা ও শুকানো,সূর্যমুখী বপনের 65-70 দিন পরে ফুলের বীজ পুষ্ট হওয়া শুরু হয়। সূর্যমুখী কাটার সময় হলে গাছের পাতা হলুদ হয়ে আসে এবং পুস্পস্তবক (মাথা) সহ গাছগুলো নুয়ে পড়ে। বীজগুলো কালো রং এবং দানাগুলো পুষ্ট ও শক্ত হয়। মৌসুম অনুসারে ফসল পরিপক্ক হতে 90-100 দিন সময় লাগে।
oilseed,sunflower,সূর্যমুখী,130,seed_storage,বীজ সংরক্ষণ বা গুদামজাতকরণ,সূর্যমুখী বীজ পরের মৌসুমে লাগানোর জন্য গুদামজাত করা প্রয়োজন হয়। বীজ সংরক্ষণের পূর্বে অপরিপক্ক এবং ভাঙ্গা বীজ বেছে ফেলতে হবে। মোটা পলিথিন ব্যাগ বা কেরোসিন টিন বা টিনের ড্রামে বীজ সংরক্ষণ করা উত্তম। ভেতরে পলিথিন দিয়ে চটের বস্তায় ভালভাবে শুকানো বীজ প্রতি 30 কেজির জন্য 250 গ্রাম ক্যালসিয়াম ক্লোরাইডসহ সংরক্ষণ করলে 7-8 মাস পরেও বীজের শতকরা 80 ভাগ অঙ্কুরোদগম ক্ষমতা বজায় থাকে। বর্ষাকালে এক থেকে দু’বার বীজ পুনরায় রোদে শুকিয়ে নেয়া ভালো।
oilseed,sunflower,সূর্যমুখী,130,other,তৈল নিষ্কাশন,ঘানিতে 25% এবং এক্সপেলারে 30-35% তেল নিষ্কাশন সম্ভব।
oilseed,soybean,সয়াবিন,134,soil_climate,মাটি,"সয়াবিন দোআঁশ, বেলে দোআঁশ ও এঁটেল দোআঁশ মাটিতে চাষের জন্য উপযোগী। খরিফ বা বর্ষা মৌসুমে জমি অবশ্যই উঁচু ও পানি নিকাশ সম্পন্ন হতে হবে। রবি মৌসুমে মাঝারী নিচু জমিতেও চাষ করা যায়।"
oilseed,soybean,সয়াবিন,134,land_preparation,জমি তৈরি,মাটির প্রকারভেদে জমিতে 4-5টি আড়াআড়ি চাষ ও মই দিয়ে মাটি ভালভাবে ঝুরঝুরে ও আগাছামুক্ত করে বীজ বপন করতে হবে।
oilseed,soybean,সয়াবিন,134,sowing_time,বপন সময়,বাংলাদেশে শীত (রবি) ও বর্ষা (খরিফ) উভয় মৌসুমেই সয়াবিন বপন করা যায়। পৌষ মাসে (মধ্য-ডিসেম্বর থেকে মধ্য-জানুয়ারি) বপন করা উত্তম। বর্ষা মৌসুমে শ্রাবণ থেকে মধ্য-ভাদ্র পর্যন্ত (মধ্য-জুলাই থেকে মধ্য-আগস্ট) বপন করা উত্তম।
oilseed,soybean,সয়াবিন,134,sowing_method,বপন পদ্ধতি,সয়াবিন সারিতে বপন করা উত্তম। তবে কলাই বা মুগ ডালের মতো ছিটিয়েও বপন করা যায়। সারিতে বপন করলে সারি থেকে সারির দূরত্ব রবি মৌসুমে 30 সেমি এবং খরিফ মৌসুমে 40 সেমি রাখতে হয়। গাছ থেকে গাছের দূরত্ব 5-6 সেমি রাখতে হয়।
oilseed,soybean,সয়াবিন,134,fertilizer,সারের পরিমাণ,সয়াবিনের জমিতে প্রয়োগের জন্য সার সুপারিশ নিম্নরূপ: সারের নাম সারের পরিমাণ/হেক্টর ইউরিয়া 50-60 কেজি টিএসপি 150-175 কেজি এমওপি 100-120 কেজি জিপসাম 80-115 কেজি বোরন (প্রয়োজন বোধে) 8-10 কেজি
oilseed,soybean,সয়াবিন,134,fertilizer_method,সার প্রয়োগ পদ্ধতি,সবটুকু সার ছিটিয়ে শেষ চাষের সময় জমিতে ভালোভাবে মিশিয়ে দিতে হবে।
oilseed,soybean,সয়াবিন,134,fertilizer,অণুজীব সার প্রয়োগ,এক কেজি বীজের মধ্যে 65-75 গ্রাম অণুজীব সার ছিটিয়ে দিয়ে ভালভাবে নাড়াচাড়া করতে হবে। এই বীজ সাথে সাথে বপন করতে হবে। অণুজীব সার ব্যবহার করলে সাধারণত ইউরিয়া সার প্রয়োগ করতে হয় না।
oilseed,soybean,সয়াবিন,134,irrigation,পানি সেচ,প্রথম সেচ বীজ বপনের 20-25 দিনের মধ্যে (ফুল ধরার পূর্বে) এবং দ্বিতীয় সেচ বীজ বপনের 55-60 দিনের মধ্যে (শুঁটি গঠনের সময়) দিতে হবে।
oilseed,soybean,সয়াবিন,134,intercultural,অন্তর্বর্তীকালীন পরিচর্যা,চারা গজানোর 20-25 দিন পর আগাছা দমন করতে হবে। গাছ খুব ঘন থাকলে পাতলা করে দিতে হবে। প্রতি বর্গমিটারে রবি মৌসুমে 50-60টি এবং খরিফ মৌসুমে 40-50টি চারা রাখা উত্তম।
oilseed,soybean,সয়াবিন,134,harvest,পরিপক্কতা ও ফসল সংগ্রহ,সয়াবিন বীজ বপন থেকে ফসল কাটা পর্যন্ত 90-120 দিন সময় লাগে। ফসল পরিপক্ক হলে শুঁটিসহ গাছ হলদে হয়ে আসে এবং পাতা ঝরে পড়তে শুরু করে। এ সময় গাছ কেটে ফসল সংগ্রহ করতে হয়।
oilseed,soybean,সয়াবিন,134,intercultural,অন্যান্য পরিচর্যা,চারা গজানোর 15 দিনের মধ্যে সূর্যমুখীর চারা প্রতি গর্তে 1টি করে এবং সয়াবিনের চারা 5 সেমি পর পর একটি করে রেখে বাকিগুলো তুলে ফেলতে হবে। প্রয়োজনবোধে 1-2 বার নিড়ানী ও সেচ দিতে হবে। ‘জো’ আসার সাথে সাথে সারির মাঝে কোদাল দিয়ে মাটি কুপিয়ে আলগা করে দিতে হবে। ছত্রাকের আক্রমণ থেকে রক্ষা পেতে হলে বপনের পূর্বে প্রোভেক্স-200 নামক ঔষধ দিয়ে বীজ শোধন করতে হবে। বিছা পোকার আক্রমণ দেখা দিলে নাইট্রো 505 ইসি প্রতি 1 লিটার পানিতে 2 মিলি হিসেবে মিশিয়ে স্প্রে মেশিনের মাধ্যমে ছিটিয়ে দিতে হবে।
oilseed,soybean,সয়াবিন,134,pest_disease,সয়াবিনের ক্ষতিকর পোকা দমন,"বাংলাদেশে সয়াবিনের 30টি ক্ষতিকর পোকা সনাক্ত করা হয়েছে। এদের মধ্যে বিছাপোক, সাধারণ কাটুইপোকা, পাতা মোড়ানো পোকা, কাণ্ডের মাছি পোকা প্রধান। নিচে এদের ক্ষতির প্রকৃতি ও দমন ব্যবস্থাপনা সম্পর্কে বর্ণনা করা হলো। সয়াবিনের বিছাপোকা ও সাধারণ কাটুইপোকার বৈশিষ্ট্য, ক্ষতির ধরন ও দমন ব্যবস্থাপনা চীনাবাদামের পোকার অনুরূপ।"
oilseed,soybean,সয়াবিন,134,pest_disease,পাতা মোড়ানো পোকা,"এ পোকার মথ হলদে বাদামী বর্ণের। এদের পাখায় ছোট ছোট কালো দাগ থাকে। এদের কীড়া লম্বা, সবুজ বর্ণের গায়ে কালো ফোটা ফোটা দাগ থাকে এবং মাথা হালকা লালচে বর্ণের।"
oilseed,soybean,সয়াবিন,134,pest_disease,ক্ষতির প্রকৃতি,"এ পোকার কীড়া গাছের অগ্রভাগের এবং পার্শ্বের কচি ও অর্ধকচি পাতা গুটিয়ে বা মুড়িয়ে ভিতরে বসে খায়। ফলে গাছের বৃদ্ধি ব্যাহত হয়, ফুল ফল ধারণ বাধাগ্রস্ত হয় এবং ফলন কমে যায়। একটি গাছে 4-5টি মুড়ানো পাতাসহ কীড়া থাকতে পারে।"
oilseed,soybean,সয়াবিন,134,pest_disease,আক্রমণের সময় ও ফসলের আক্রান্ত ধাপ,ফেব্রুয়ারি-এপ্রিল মাস পর্যন্ত অর্থাৎ পাছের অঙ্গজ বৃদ্ধির সময় থেকে পরিপক্ক অবস্থা পর্যন্ত এদের আক্রমণ হয়ে থাকে। বর্ষা বা খরিফ-2 মৌসুমে এদের আক্রমণ বেশি হয়ে থাকে।
oilseed,soybean,সয়াবিন,134,pest_disease,সমন্বিত ব্যবস্থাপনা," মোড়ানো পাতাসহ কীড়া সংগ্রহ করে মেরে ফেলতে হবে।  প্রতি বিঘায় 8-10টি কাঠি পুঁতে পাখি বসার সুযোগ করলে পোকাভোজী পাখি কীড়া খেয়ে কমাতে পারে।  প্রতিরোধী জাত যেমন সোহাগ এবং ‘বারি সয়াবিন-6’ চাষ করলে আক্রমণ কিছুটা কম হয়।  সময়মতো আগাছা দমন, পাতলাকরণ ও পরিষ্কার পরিছন্ন চাষাবাদ করলে পোকার আক্রমণ কমে যায়।  আক্রমণ বেশি হলে সুমিথিয়ন 57 ইসি বা সেভিন 20 ইসি 2 মিলি বা পারফেকথিয়ন 40 ইসি প্রতি লিটার পানিতে মিশিয়ে আক্রান্ত জমিতে 10 দিনের ব্যবধানে 2 বার স্প্রে করলে পোকার আক্রমণ কমে যায়।"
oilseed,niger,গর্জন তিল,136,soil_climate,মাটি,"অধিকাংশ মাটিতেই গর্জন তিল চাষ করা যায়, তবে দোআঁশ ও বেলে দোআঁশ মাটি সবচেয়ে ভাল।"
oilseed,niger,গর্জন তিল,136,land_preparation,জমি তৈরি,4-5টি চাষ ও মই দিয়ে ভালভাবে জমি তৈরি করতে হয়। চর এলাকায় কম চাষে অথবা বিনা চাষে আবাদ করা হয়।
oilseed,niger,গর্জন তিল,136,sowing_time,বপনের সময়,কার্তিক মাস (মধ্য-অক্টোবর হতে মধ্য-নভেম্বর)।
oilseed,niger,গর্জন তিল,136,sowing_method,বপন পদ্ধতি,সারিতে বপন করলে সারির দূরত্ব 30 সেমি রাখতে হবে। ছিটিয়েও বীজ বপন করা যায়।
oilseed,niger,গর্জন তিল,136,fertilizer,সারের পরিমাণ,নিম্নরূপ হারে সার ব্যবহার করলে অধিক ফলন পাওয়া যায়। সারের নাম সারের পরিমাণ/হেক্টর ইউরিয়া 70-80 কেজি টিএসপি 110-130 কেজি এমওপি 45-55 কেজি
oilseed,niger,গর্জন তিল,136,fertilizer_method,সার প্রয়োগ পদ্ধতি,ইউরিয়া সার অর্ধেক ও বাকি অন্য সব সার শেষ চাষের সময় জমিতে ভালভাবে মিশিয়ে দিতে হবে। বাকি অর্ধেক ইউরিয়া বীজ বপনের 25-30 দিন পর কুঁড়ি আসার সময় উপরি প্রয়োগ করতে হবে।
oilseed,niger,গর্জন তিল,136,intercultural,পরিচর্যা,জমি আগাছামুক্ত রাখতে হবে। জমিতে রস কম হলে পানি সেচ দিতে হবে।
oilseed,niger,গর্জন তিল,136,harvest,ফসল সংগ্রহ,ফসল পরিপক্ক হওয়ার সময় পাতা হলদে হয়ে গাছ শুকিয়ে যায়।
oilseed,niger,গর্জন তিল,136,intercultural,অন্যান্য পরিচর্যা,তিলের সারিতে 3 সেমি পর পর 1 টি গাছ এবং চীনাবাদামের সারিতে 10 সেমি পর পর 1 টি করে গাছ রেখে অতিরিক্ত গাছ তুলে ফেলতে হবে। বৃষ্টি না হলে 1/2 বার সেচ দিতে হবে এবং অতিরিক্ত পানি দ্রুত নিষ্কাশনের জন্য নালার ব্যবস্থা রাখতে হবে।
oilseed,niger,গর্জন তিল,136,pest_disease,পোকা ও রোগ দমন,"তিলের গোড়া পচা রোগ হলে জমি থেকে অতিরিক্ত পানি নিষ্কাশনের ব্যবস্থা করতে হবে। অটোস্টিন, ক্যাপটান বা ভিটাভেক্স-200 ছত্রাকনাশক দ্বারা প্রতি কেজি শুকনা বীজে 2-3 গ্রাম ঔষধ মিশিয়ে বীজ শোধন করতে হবে। তিলে বিছা পোকা দমনের জন্য রিপকর্ড 10 ইসি 1 মিলি প্রতি লিটার পানিতে মিশিয়ে স্প্রে করতে হবে।"
oilseed,linseed,তিসি,138,soil_climate,মাটি,এঁটেল মাটি তিসি চাষের জন্য সবচেয়ে উপযোগী। পলি দোআঁশ ও এঁটেল দোআঁশ মাটিতেও তিসির চাষ করা যায়।
oilseed,linseed,তিসি,138,land_preparation,জমি তৈরি,তিসির বীজ ছোট বলে জমিতে 4-5টি আড়াআড়ি চাষ ও 2-3টি মই দিয়ে মসৃণভাবে জমি তৈরি করতে হয়।
oilseed,linseed,তিসি,138,sowing_time,বপনের সময়,কার্তিক (মধ্য-অক্টোবর হতে মধ্য-নভেম্বর)।
oilseed,linseed,তিসি,138,seed_rate,বীজের হার,7-8 কেজি/হেক্টর।
oilseed,linseed,তিসি,138,sowing_method,বপন পদ্ধতি,তিসি সাধারণত ছিটিয়ে বপন করতে হয়। তবে সারিতে বপন করা ভাল। সারি থেকে সারির দূরত্ব 30 সেমি রাখতে হয়।
oilseed,linseed,তিসি,138,fertilizer,সারের পরিমাণ,সাধারণত তিসি বিনা সারে চাষ করা হয়। তবে ভাল ফলন পেতে হলে নিম্নরূপ হারে সার প্রয়োগ করা যায়। সারের নাম সারের পরিমাণ/হেক্টর ইউরিয়া 70-80 কেজি টিএসপি 110-130 কেজি এমওপি 40-50 কেজি
oilseed,linseed,তিসি,138,fertilizer_method,সার প্রয়োগ পদ্ধতি,ইউরিয়া সার অর্ধেক ও বাকি অন্যসব সার শেষ চাষের সময় জমিতে মিশিয়ে দিতে হবে। বাকি অর্ধেক ইউরিয়া বীজ বপনের 25-30 দিন পর প্রয়োগ করতে হবে।
oilseed,linseed,তিসি,138,intercultural,পরিচর্যা,জমি আগাছামুক্ত রাখতে হবে। প্রয়োজনমতো 1-2 বার সেচ দিলে ফলন ভালো হয়।
oilseed,linseed,তিসি,138,harvest,ফসল সংগ্রহ,ফসল পরিপক্ক হওয়ার সময় গাছ ও ফল সোনালী বা কিছুটা তামাটে রং ধারণ করে। এমন হলে ফসল কেটে মাড়াই করে এবং রোদে শুকিয়ে ফসল সংগ্রহ করতে হয়।
vegetable,tomato,টমেটো,142,soil_climate,জলবায়ু ও মাটি,টমেটো এদেশে শীতকালীন ফসল। উচ্চ তাপমাত্রা এবং বাতাসের আর্দ্রতা টমেটো গাছে রোগ বিস্তারের অনুকূল পরিবেশ সৃষ্টি করে। আবার উচ্চ তাপমাত্রা ও শুষ্ক আবহাওয়ায় ফুল ঝরে পড়ে। রাতের তাপমাত্রা 230 সে. এর নিচে থাকলে তা গাছে ফুল ও ফল ধারণের জন্য বেশি উপযোগী। গড় তাপমাত্রা 20-250 সে. টমেটোর ভাল ফলনের জন্য সবচেয়ে উপযোগী। আলো-বাতাস যুক্ত ঊর্বর দোআঁশ মাটি টমেটো চাষের জন্য সবচেয়ে ভাল। তবে উপযুক্ত পরিচর্যায় বেলে দোআঁশ থেকে এঁটেল দোআঁশ সব মাটিতেই টমেটো ভাল জন্মে। মাটির পিএইচ (pH) 6 - 7 হলে ভাল হয়। মাটির অম্লতা বেশি অর্থাৎ pH কম (6 এর নীচে) হলে জমিতে চুন প্রয়োগ করা উচিত।
vegetable,tomato,টমেটো,142,land_preparation,জমি তৈরি,টমেটোর ভাল ফলন অনেকাংশেই জমি তৈরির উপর নির্ভর করে। তাই 4-5 বার চাষ ও মই দিয়ে মাটি ঝুরঝুরে করে নিতে হবে। মাটির প্রকৃতি ও স্থানভেদে 1 মিটার চওড়া ও 15-20 সেমি উঁচু বেড তৈরি করতে হবে। দুটি বেডের মাঝে 30 সেমি চওড়া নালা করতে হবে যাতে পানি সেচ ও নিষ্কাশনের সুবিধা হয়।
vegetable,tomato,টমেটো,142,sowing_method,চারা রোপণ, চারার বয়স 25-30 দিন অথবা 4-6 পাতা বিশিষ্ট হলে জমিতে রোপণ করতে হবে।  এক মিটার চওড়া বেডে দুই সারি করে চারা লাগাতে হবে। এক্ষেত্রে সারি থেকে সারির দূরত্ব 60 সেমি এবং সারির উপরে চারা থেকে চারা 40 সেমি দূরত্বে লাগাতে হবে।  বীজতলা থেকে চারা অত্যন্ত যত্ন সহকারে তুলতে হবে যেন চারার শিকড় ক্ষতিগ্রস্ত না হয়। এ জন্য চারা তোলার আগে বীজতলার মাটি ভিজিয়ে নিতে হবে। বিকেলের পড়ন্ত রোদে চারা রোপণ করাই উত্তম এবং লাগানোর পর গোড়ায় হালকা সেচ প্রদান করতে হবে।
vegetable,tomato,টমেটো,142,fertilizer,সার প্রয়োগ (কেজি / শতাংশে),
vegetable,tomato,টমেটো,142,intercultural,পরবর্তী পরিচর্যা,
vegetable,tomato,টমেটো,142,irrigation,সেচ ও নিষ্কাশন,চারা রোপণের 3-4 দিন পর পর্যন্ত হালকা সেচ ও পরবর্তীতে প্রতি কিস্তি সার প্রয়োগের পর জমিতে সেচ দিতে হয়। গ্রীষ্ম মৌসুমে টমেটো চাষের জন্য ঘন ঘন সেচের প্রয়োজন হয়। বর্ষা মৌসুমে তেমন একটা সেচের প্রয়োজন হয় না। টমেটো গাছ জলাবদ্ধতা সহ্য করতে পারে না। সেচ অথবা বৃষ্টির অতিরিক্ত পানি দ্রুত নিষ্কাশনের জন্য নালা পরিমিত চওড়া (30-40 সেমি) এবং এক দিকে মৃদু ঢালু হওয়া বাঞ্চণীয়। 
vegetable,tomato,টমেটো,142,intercultural,মালচিং,প্রতিটি সেচের পরে মাটির উপরিভাগের চটা ভেঙ্গে দিতে হবে যাতে মাটিতে পর্যাপ্ত বাতাস চলাচল করতে পারে। 
vegetable,tomato,টমেটো,142,pest_disease,আগাছা দমন,টমেটোর জমিকে প্রয়োজনীয় নিড়ানী দিয়ে আগছামুক্ত রাখতে হবে। 
vegetable,tomato,টমেটো,142,fertilizer,সার উপরি প্রয়োগ,সময়মতো বর্ণিত মাত্রায় প্রয়োজনীয় সার উপরি প্রয়োগ করতে হবে। 
vegetable,tomato,টমেটো,142,intercultural,বিশেষ পরিচর্যা,1ম ফুলের গোছার ঠিক নিচের কুশিটি ছাড়া সব পার্শ্ব কুশি ছাঁটাই করতে হবে। গাছে বাঁশের খুঁটি দিয়ে ঠেকনা দিতে হবে।
vegetable,tomato,টমেটো,142,other,গ্রীষ্ম ও বর্ষায় চাষ পদ্ধতি," গ্রীষ্ম ও বর্ষাকালে টমেটো চাষ করার জন্য বারি হাইব্রিড টমেটো-3, বারি হাইব্রিড টমেটো-4, বারি হাইব্রিড টমেটো-8, বারি হাইব্রিড টমেটো-10 এবং বারি হাইব্রিড টমেটো-11 জাতসমূহ হরমোন প্রয়োগ ছাড়া চাষের জন্য অনুমোদন করা হয়েছে। তবে হরমোন প্রয়োগ করলে ফলন ভাল হয়।  পলিথিনের ছাউনিতে এসব জাতের আবাদ করতে হয়। 230 সেমি চওড়া (মাঝে 30 সেমি নালা সহ) 2টি বেডে লম্বালম্বিভাবে একটি করে ছাউনির ব্যবস্থা করতে হবে। এ ক্ষেত্রে ছাউনির দুপাশে উচ্চতা 135 সেমি ও মাঝখানের উচ্চতা 180 সেমি হয়ে থাকে।  চারা লাগানোর পূর্বেই জমিতে নৌকার ছইয়ের আকৃতি করে ছাউনি দিতে হয়। ছাউনির জন্য বাঁশ, স্বচছ পলিথিন, নাইলনের দড়ি ও পাটের সুতলি প্রয়োজন। পলিথিন যাতে বাতাসে উড়ে না যায় সেজন্য ছাউনির উপর দিয়ে উভয় পার্শ্ব থেকে আড়াআড়ি ভাবে দড়ি প্যাচানো হয়ে থাকে।  পাশাপাশি দুই ছাউনির মাঝে 50 সেমি চওড়া নালা রাখতে হবে যাতে ছাউনি থেকে নির্গত বৃষ্টির পানি নিষ্কাশনসহ বিভিন্ন পরিচর্যা করতে সুবিধা হয়। জমি থেকে বেডের উচ্চতা 20-25 সেমি হতে হবে। প্রতিটি ছাউনিতে 2টি বেডে 4টি সারি থাকবে। 25-30 দিন বয়সের চারা প্রতি বেডে 2 সারি করে রোপণ করতে হবে।"
vegetable,tomato,টমেটো,142,fertilizer,সার পরিমাণ রোপণের 7 দিন,
vegetable,tomato,টমেটো,142,sowing_method,চারা রোপণের,
vegetable,tomato,টমেটো,142,sowing_method,চারা রোপণের,
vegetable,tomato,টমেটো,142,sowing_method,চারা রোপণের,
vegetable,tomato,টমেটো,142,sowing_method,চারা রোপণের,
vegetable,tomato,টমেটো,142,other,80-95 দিন পর,গোবর/কম্পোস্ট 10000 কেজি সব - - - - ভার্মিকম্পোস্ট 2000 কেজি সব - - - - ইউরিয়া 300 কেজি - 75 কেজি 75 কেজি 75 কেজি 75 কেজি টিএসপি 350 কেজি সব - - - - এমওপি 280 কেজি 70 কেজি 70 কেজি 70 কেজি 70 কেজি - জিপসাম 100 কেজি সব - - - - বোরিক এসিড 5 কেজি সব - - - - জিঙ্ক সালফেট 5 কেজি সব - - - - ম্যাগনেসিয়াম 5 কেজি সব - - - - অক্সাইড
vegetable,summer hybrid tomato,বারি হাইব্রিড টমেটো-4 (গ্রীষ্মকালীন),145,soil_climate,জলবায়ু ও মাটি,"টমেটো এ দেশে শীতকালীন ফসল তবে কিছু কিছু জাত গ্রীষ্মকালেও চাষ করা যায়। উচ্চ তাপমাত্রা ও শুষ্ক আবহাওয়ায় টমেটোর ফুল ঝরে পড়ে। টমেটোর ভাল ফলনের জন্য তাপমাত্রা 20-250 সে. উত্তম। সুনিষ্কাশিত দোআঁশ মাটি টমেটো চাষের জন্য সবচেয়ে উপযোগী। বারি হাইব্রিড টমেটো-5, বারি হাইব্রিড টমেটো-9 শীতকালে এবং বারি হাইব্রিড টমেটো-4, বারি হাইব্রিড টমেটে-8, বারি হাইব্রিড টমেটো-10 ও বারি হাইব্রিড টমেটো-11 বাংলাদেশে গ্রীষ্মকালে চাষ উপযোগী।"
vegetable,summer hybrid tomato,বারি হাইব্রিড টমেটো-4 (গ্রীষ্মকালীন),145,sowing_time,বীজ বপনের সময়,শীতকালে অক্টোবর-নভেম্বর (আশ্বিন-কার্তিক) এবং গ্রীষ্মকালে এপ্রিল-জুন (বৈশাখ-আষাঢ়)
vegetable,summer hybrid tomato,বারি হাইব্রিড টমেটো-4 (গ্রীষ্মকালীন),145,land_preparation,জমি তৈরি,টমেটোর ভাল ফলন অনেকাংশে জমি তৈরির ওপর নির্ভর করে। তাই 4-5 বার চাষ ও মই দিয়ে মাটি ঝুরঝুরে করে নিতে হবে। মাটির প্রকৃতি ও স্থান এবং রোপণকাল ভেদে 20-30 সেমি চওড়া নালা রাখতে হবে। এত অতিরিক্ত বৃষ্টিপাতজনিত পানি দ্রুত নিষ্কাশিত হতে পারে এবং প্রয়োজনে সেচ দেয়ার সুবিধা হয়। কম বৃষ্টিপাত এলাকায় বা বর্ষার আগে ও শীতের আগে খোলা মাঠে চাষের ক্ষেত্রে এইভাবে জমি তৈরি করতে হবে।
vegetable,summer hybrid tomato,বারি হাইব্রিড টমেটো-4 (গ্রীষ্মকালীন),145,other,পলিথিন ছাউনি,ভরা বর্ষা মৌসুমে লাগানো চারার স্বাভাবিক বৃদ্ধি ও পরবর্তী সময় ভাল ফলনের নিশ্চয়তার জন্য বেডে বা মিড়িতে নৌকার ছইয়ের আকৃতি করে স্বচ্ছ পলিথিন দিয়ে ছাউনি দিতে হবে। 230 সেমি চওড়া (মাঝে 30 সেমি নালাসহ) দুটি মিড়িতে লম্বালম্বিভাবে 1টি করে ছাউনির ব্যবস্থা করা যেতে পারে। এ ক্ষেত্রে ছাউনির উচ্চতা হবে দুপাশে 4.5 ফুট বা 135 সেমি ও মাঝখানে 6 ফুট বা 180 সেমি দু’টি ছাউনির মাঝে অন্তত 50 সেমি চওড়া নালা রাখতে হবে যাতে করে ছাউনি থেকে নির্গত বৃষ্টির পানি নিষ্কাশনসহ বিভিন্ন পরিচর্যা করতে সুবিধা হয়। পলিথিন ছাউনি লম্বায় জমির আকার আকৃতির ওপর নির্ভর করে কমবেশি হতে পারে কিন্তু চওড়া (বাজারে প্রাপ্ত পলিথিনের সর্বোচ্চ চওড়া অনুযায়ী) 2.3 মিটার হওয়া বাঞ্ছনীয়। ছাউনি 20 মিটার লম্বা হলে প্রতি হেক্টরে এ ধরনের প্রায় 170টি ছাউনি প্রয়োজন হতে পারে।
vegetable,summer hybrid tomato,বারি হাইব্রিড টমেটো-4 (গ্রীষ্মকালীন),145,other,বীজ শোধন,কেজিপ্রতি 2 গ্রাম ভিটাভেক্স/অটোস্টিন দিয়ে টমেটোর বীজ শোধন করতে হবে। বীজ শোধন করলে বীজবাহিত রোগ হতে রক্ষা পাওয়া যায়।
vegetable,summer hybrid tomato,বারি হাইব্রিড টমেটো-4 (গ্রীষ্মকালীন),145,sowing_method,চারা উৎপাদন,সুস্থ ও সবল চারা উৎপাদনের জন্য প্রথমে 9-10 গ্রাম পরিপক্ক ও রোগমুক্ত বীজ ঘন করে 3 মি.× 1মি. আকারের বীজতলায় বুনতে হবে। এই হিসেবে প্রতি হেক্টরে 200 গ্রাম (1 গ্রাম প্রতি শতাংশ) বীজ বুনতে হয়। গজানোর 8-10 দিন পর চারা দ্বিতীয় বীজতলায় 4 × 4 সেমি দূরত্বে স্থানান্তর করতে হবে। এক হেক্টর জমিতে টমেটো চাষের জন্য এইরূপ 22টি বীজতলার প্রয়োজন হয়।
vegetable,summer hybrid tomato,বারি হাইব্রিড টমেটো-4 (গ্রীষ্মকালীন),145,fertilizer,সার প্রয়োগ,ভাল ফলন পাওয়ার জন্য জমিতে সুষম সার প্রয়োগ করা প্রয়োজন। সারের মাত্রা জমির ঊর্বরতার ওপর নির্ভরশীল। মধ্যম ঊর্বর জমিতে প্রতি হেক্টরে নিম্নোক্ত হারে সার প্রয়োগ করা হয়।
vegetable,summer hybrid tomato,বারি হাইব্রিড টমেটো-4 (গ্রীষ্মকালীন),145,fertilizer,সারের প্রয়োগ (কেজি/শতাংশ),"শেষ চাষের সময় সবটুকু গোবর/কম্পোস্ট, টিএসপি, জিপসাম, জিংক সালফেট, বরিক এসিড এবং অর্ধেক এমপি সার জমিতে ভালভাবে ছিটিয়ে মাটির সাথে মিশিয়ে দিতে হবে। বাকি অর্ধেক এমপি সার দুই কিস্তেতে চারা লাগানোর 25 দিন ও 40 দিন পর উপরি প্রয়োগ করতে হবে। ইউরিয়া সার তিন কিস্তিতে চারা লাগানোর 10, 25 ও 40 দিন পর উপরি প্রয়োগ করতে হবে। উপরি প্রয়োগকৃত ইউরিয়া এবং এমপি সার গাছের গোড়ায় 10-15 সেমি দূরে মাটির সঙ্গে ভাল করে মিশিয়ে দিতে হবে।"
vegetable,summer hybrid tomato,বারি হাইব্রিড টমেটো-4 (গ্রীষ্মকালীন),145,sowing_method,চারা রোপণ,চারার বয়স 30-35 দিন হলে বীজতলা থেকে উঠিয়ে মূল জমিতে রোপণ করতে হবে। এক মিটার চওড়া বেডে দুই সারি করে চারা লাগাতে হবে। এক্ষেত্রে সারি থেকে সারির দূরত্ব 60 সেমি এবং সারিতে চারা থেকে চারার দূরত্ব হবে 40 সেমি। বীজতলা থেকে চারা অত্যন্ত যত্ন সহকারে তুলতে হবে যেন চারার শিকড় ক্ষতিগ্রস্ত না হয়। বিকেলের পড়ন্ত রোদে চারা রোপণ করাই উত্তম। লাগানোর পর গোড়ায় হালকা সেচ প্রদান করতে হবে।
vegetable,summer hybrid tomato,বারি হাইব্রিড টমেটো-4 (গ্রীষ্মকালীন),145,intercultural,অন্তর্বর্তীকালীন পরিচর্যা,
vegetable,summer hybrid tomato,বারি হাইব্রিড টমেটো-4 (গ্রীষ্মকালীন),145,irrigation,সেচ ও নিষ্কাশন,চারা রোপণের পর 3-4 দিন পর্যন্ত হালকা সেচ ও পরবর্তী সময় প্রতি কিস্তি সার প্রয়োগের পর জমিতে সেচ দিতে হয়। টমেটো গাছ জলাবদ্ধতা সহ্য করতে পারে না। সেচ অথবা বৃষ্টির অতিরিক্ত পানি দ্রুত নিষ্কাশনের জন্য 30-40 সেমি চওড়া নালা এবং এক দিকে সামান্য ঢালু হওয়া বাঞ্ছনীয়।
vegetable,summer hybrid tomato,বারি হাইব্রিড টমেটো-4 (গ্রীষ্মকালীন),145,intercultural,নিড়ানী দেয়া,প্রতিটি সেচের পরে মাটির উপরিভাগের চটা ভেঙ্গে দিতে হবে যাতে মাটিতে পর্যাপ্ত বাতাস চলাচল করতে পারে।
vegetable,summer hybrid tomato,বারি হাইব্রিড টমেটো-4 (গ্রীষ্মকালীন),145,pest_disease,আগাছা দমন,টমেটোর জমিকে প্রয়োজনীয় নিড়ানী দিয়ে আগাছা মুক্ত রাখতে হবে।
vegetable,summer hybrid tomato,বারি হাইব্রিড টমেটো-4 (গ্রীষ্মকালীন),145,intercultural,বিশেষ পরিচর্যা,1ম পুষ্পমঞ্জুরীর ঠিক নিচের কুশিটি ছাড়া নিচের সব পার্শ্বকুশি ছাঁটাই করতে হবে। গাছে বাঁশের খুঁটি দিয়ে ঠেকনা দিতে হবে।
vegetable,summer hybrid tomato,বারি হাইব্রিড টমেটো-4 (গ্রীষ্মকালীন),145,harvest,ফল সংগ্রহ,ফলের নিচের ফুল ঝরে যাওয়ার পর যে দাগ থাকে ঐ স্থান থেকে লালচে ভাব শুরু হলেই বাজারজাতকরণের জন্য ফল সংগ্রহ করতে হবে। এরূপ ফল সংগ্রহ করলে অনেকদিন পর্যন্ত সংরক্ষণ করা যায়।
vegetable,summer hybrid tomato,বারি হাইব্রিড টমেটো-4 (গ্রীষ্মকালীন),145,fertilizer,সার মোট শেষ চাষের 1ম কিস্তি উপরি প্রয়োগ 3য় কিস্তি,
vegetable,summer hybrid tomato,বারি হাইব্রিড টমেটো-4 (গ্রীষ্মকালীন),145,other,পরিমাণ (কেজি/শতাংশ) সময় দেয় 2য় কিস্তি,"গোবর/কম্পোস্ট 20 20 - ইউরিয়া 0.79 - 0.27 0.27 0.27 টিএসপি 0.73 0.73 - - - এমওপি 0.37 0.19 - 0.10 0.10 জিপসাম 0.38 0.38 - - - জিংক সালফেট 0.05 0.05 - - - বরিক এসিড 0.03 0.03 - - - উৎস: FRG-2018, BARC) ; 1 শতাংশ = 40.0 বর্গ মিটার।"
vegetable,brinjal,বেগুন,150,soil_climate,মাটি ও জলবায়ু,আমাদের দেশের সব রকমের মাটিতে বেগুন চাষ করা যায় এবং ভাল ফলনও দিয়ে থাকে। তবে পানি নিষ্কাশনের সুব্যবস্থা থাকা আবশ্যক। দোআঁশ বা বেলে দোআঁশ মাটিই এর চাষের জন্য সর্বোৎকৃষ্ট। বেগুনের জন্য দীর্ঘ লম্বা সময়ব্যাপী নিম্ম তাপমাত্রা (15-250 সে.) সবচেয়ে উপযোগী। উচ্চ তাপমাত্রায় বেগুনের ফুল ও ফল উৎপাদন বিঘ্নিত হয় এবং এসময় অনিষ্টকারী পোকার আক্রমণ বেশি হয়। সে জন্য গ্রীষ্ম ও বর্ষা মৌসুমে এর উৎপাদন তত ভাল হয় না। তাই শীতকালই বেগুন চাষের উপযুক্ত সময়। তবে কিছু উচ্চ তাপমাত্রা সহিষ্ণুজাত গ্রীষ্মকালে ভাল ফলন দিয়ে থাকে। বারি বেগুন-8 এবং বারি বেগুন-10 গ্রীষ্মকালে চাষের উপযোগী।
vegetable,brinjal,বেগুন,150,seed_rate,বীজের হার,অঙ্কুরোদ্গমের হার 80% বিবেচনায় বীজের পরিমাণ 200-250 গ্রাম/হেক্টর
vegetable,brinjal,বেগুন,150,other,বীজ বাছাই,"বেগুনের বীজ বপনের পূর্বে ভালোভাবে পরীক্ষা করে নেয়া প্রয়োজন। ভাল ও বিশুদ্ধ বীজের অভাবে নির্দিষ্ট জাতের গুণাগুণ সম্পন্ন বেগুনের উচ্চ ফলন আশা করা যায় না। তাই অপুষ্ট, ভাঙ্গা ও অন্য শষ্যের বীজ থাকলে তা বাছাই করা জরুরি।"
vegetable,brinjal,বেগুন,150,other,বীজ শোধন,"বীজতলায় বপনের পূর্বে বেগুনের বীজকে রাসায়নিক ঔষধ (প্রতি কেজি বীজে 2 গ্রাম ভিটাভেক্স-200 বা ক্যাপটান) ব্যবহার করে ভালোভাবে ঝাকিয়ে বীজ শোধন করা। বীজ শোধনের ফলে বেগুনের এ্যানথ্রাকনোজ, লিফস্পট, ব্লাইট ইত্যাদি রোগ ও বপন পরবর্তী সংক্রামণ রোধ সম্ভব হয়।"
vegetable,brinjal,বেগুন,150,intercultural,বীজতলা তৈরি ও পরিচর্যা," দোআঁশ মাটি, বালি ও পচা গোবর সার বা কম্পোস্ট মিশিয়ে বীজতলার মাটি তৈরি করতে হয়।  বীজতলা সাধারণত এক মিটার চওড়া ও তিন মিটার লম্বা হবে। জমির অবস্থা ভেদে দৈর্ঘ্য বাড়ানো কমানো যেতে পারে।  বীজতলায় সারিতে বীজ বপন করা উত্তম। সারিতে বপনের জন্য 5 সেমি দূরত্বে ক্ষুদ্র নালা/সারি তৈরি করে তাতে বীজ ফেলে মাটি দিয়ে ঢেকে দিতে হবে।  চারা গজানোর পর থেকে 10-12 দিন পর্যন্ত হালকা ছায়া দ্বারা যেমন- চাটাই দ্বারা ঢেকে অতিরিক্ত সূর্যতাপ থেকে চারা রক্ষা করা প্রয়োজন।  মূল জমিতে চারা লাগানোর পূর্বে বীজতলা থেকে তুলে 10-12 দিনের চারা দ্বিতীয় বীজতলায় দ্বিতীয় বীজতলায় 5 সে. x 4 সে. দূরে লাগাতেহয়। স্থানান্তরিত করা হলে চারার শিকড় বিস্তৃত ও শক্ত হয়, চারা অধিক সবল ও তেজী হয়।  চারা লাগানোর পর হালকা পানি দিতে হবে এবং বৃষ্টির পানি ও প্রখর রোদ থেকে রক্ষার জন্য পলিথিন বা চাটাই দ্বারা ঢেকে দিতে হবে।"
vegetable,brinjal,বেগুন,150,sowing_time,বীজতলায় বীজ বপনের সময়,"সেপ্টেম্বর-অক্টোবর (শীতকালে), মার্চ (গ্রীষ্মকালে)"
vegetable,brinjal,বেগুন,150,sowing_method,চারার বয়স, চারার বয়স 25-30 দিন অথবা 4-6 পাতা বিশিষ্ট হলে জমিতে রোপণ করতে হবে।  বীজতলা থেকে চারা অত্যন্ত যত্ন সহকারে তুলতে হবে যেন চারার শিকড় ক্ষতিগ্রস্ত না হয়। এ জন্য চারা তোলার আগে বীজতলার মাটি ভিজিয়ে নিতে হবে। চারা রোপণ করার পর গোড়ায় হালকা সেচ প্রদান করতে হবে।
vegetable,brinjal,বেগুন,150,seed_rate,চারার সংখ্যা,"চারার সংখ্যা অনেকাংশেই জমিতে রোপণ দূরত্বের উপর নির্ভর করে। রোপণ দূরত্ব 120×70 সেমি হলে হেক্টর প্রতি 11,900 টি চারার প্রয়োজন হয়।"
vegetable,brinjal,বেগুন,150,spacing,চারা রোপণ দূরত্ব,"রোপণের দূরত্ব নির্ভর করে জাতের উপর। ছড়ানো জাতের জন্য বেশি দূরত্ব প্রয়োজন হয়, খাড়া জাতের জন্য কম দূরত্ব প্রয়োজন হয়। সাধারনত 70 সেমি প্রশস্ত বেডে এক সারিতে চারা রোপণ করা হয়। দুইটি বেডের মাঝে 50 সেমি প্রশস্ত নালা থাকে। সারিতে গাছ থেকে গাছের দূরত্ব হবে 70 সেমি।"
vegetable,brinjal,বেগুন,150,land_preparation,জমি তৈরি,4-5টি চাষ দিয়ে এমন ভাবে জমি তৈরি করতে হয় যাতে জমিতে মাটির ঢেলা না থাকে। বেডে চারা রোপণই উত্তম।
vegetable,brinjal,বেগুন,150,land_preparation,জমির নকশা,বেডের আকার প্রস্থ : 70 সেমি দৈর্ঘ্য : জমির দৈর্ঘের উপর নির্ভর করবে নালার আকার প্রস্থ : 50 সেমি গভীরতা : 20 সেমি সুতরাং রোপণ দূরত্ব : 120×70 সেমি
vegetable,brinjal,বেগুন,150,fertilizer,সারের মাত্রা,"জমি তৈরির নকশা ♣ ♣ ♣ ♣ ♣ 70 সেমি 20 সেমি 70সেমি 50সেমি সার পরিমাণ (কেজি/ হেক্টর) শেষ চাষের সময় (কেজি) গর্তে প্রয়োগ (কেজি) চারা লাগানোর 15 দিন পর ফুল ধরা আরম্ভ হলে ফল ধরা আরম্ভ হলে ফল আহরণের সময় ফল আহরণের সময় গোবর/ কম্পোস্ট 10,000 5,000 5,000 - - - - - ইউরিয়া - - 60 কেজি 60 কেজি 60 কেজি 60 কেজি 60 কেজি টিএসপি 250 125 125 - - - এমওপি 200 - 50 45.0 কেজি 52.5 কেজি 52.5 কেজি - - জিপসাম 100 সব - - - - - - বোরিক এসিড (বোরন) 10 সব - - - - - - 300 সূত্র- FRG-2018/BARC"
vegetable,brinjal,বেগুন,150,fertilizer_method,সার প্রয়োগ পদ্ধতি," শেষ চাষের সময় অর্ধেক গোবর বা কম্পোস্ট, টিএসপি এবং সবটুকু জিপসাম ও বোরিক এসিড সার জমিতে সমানভাবে ছিটিয়ে মাটির সাথে ভালভাবে মিশিয়ে দিতে হবে।  বাকি অর্ধেক গোবর বা কম্পোস্ট, টিএসপি এবং 35-42.5 কেজি এমপি সার চারা  লাগানার  7দিন  পূর্বে গর্তে মাটির সাথে ভালভাবে মিশিয়ে দিতে হবে।  সম্পূর্ণ ইউরিয়া (5টি কিস্তিতে) ও বাকি এমপি সার (প্রথম 3টি কিস্তিতে) যথাক্রমে চারা লাগানো 15 দিন পর, ফুল ধরা আরম্ভ হলে, ফল ধরা আরম্ভ হলে, ফল আহরণের সময় 2 বার সমভাবে প্রয়োগ করতে হবে।"
vegetable,brinjal,বেগুন,150,intercultural,খুঁটি দেওয়া ও পার্শ্ব কুশি ছাঁটাই করা,গাছে বাঁশের খুঁটি দিয়ে ঠেকনা দিতে হবে। গাছে 1ম ফুলের ঠিক নিচের কুশিটি ছাড়া সব পার্শ্ব কুশি ছাঁটাই করতে হবে।
vegetable,brinjal,বেগুন,150,intercultural,আগাছা ব্যবস্থাপনা,জমিকে প্রয়োজনীয় নিড়ানী দিয়ে আগছামুক্ত রাখতে হবে। প্রতিটি সেচের পরে মাটির উপরিভাগের চটা ভেঙ্গে দিতে হবে যাতে মাটিতে পর্যাপ্ত বাতাস চলাচল করতে পারে। প্রয়োজনীয় নিড়ানী দিলে মাটিত শিকড়ের বৃদ্ধি ভাল হয়।
vegetable,brinjal,বেগুন,150,irrigation,সেচ,চারা রোপণের 3-4 দিন পর পর্যন্ত হালকা সেচ ও পরবর্তীতে প্রতি কিস্তি সার প্রয়োগের পর জমিতে সেচ দিতে হয়। গ্রীষ্ম ও শীত মৌসুমে চাষের জন্য ঘন ঘন সেচের প্রয়োজন হয়। বর্ষা মৌসুমে তেমন একটা সেচের প্রয়োজন হয় না। বেগুন গাছ জলাবদ্ধতা সহ্য করতে পারে না। বেডের দুপাশের নালা দিয়ে জমিতে সেচ দেয়া সুবিধাজনক। খরিফ মৌসুমে জমিতে পানি যাতে না জমে সেজন্য পানি নিষ্কাশনের জন্য জমির চারপাশে নালা রাখতে হবে।
vegetable,brinjal,বেগুন,150,pest_disease,পোকামাকড় দমন ব্যবস্থাপনা,"বিভিন্ন প্রকার পোকা ও মাকড় প্রত্যক্ষ ও পরোক্ষভাবে বেগুন উৎপাদনে প্রভাব বিস্তার করে। এদের মধ্যে সাদামাছি, এফিড, থ্রিপস, পাতার হপার পোকা, কাঁটালে পোকা এবং মাকড় অন্যতম।"
vegetable,brinjal,বেগুন,150,pest_disease,বেগুনের ডগা ও ফল ছিদ্রকারী পোকা দমন ব্যবস্থাপনা,কচি ডগা ঢলে পড়ে ও শুকিয়ে যায়। বেগুনের বোঁটার নিচে ছোট ছিদ্র দেখা যায়। আক্রান্ত ফলের ভিতরটা ফাঁপা ও পোকার বিষ্ঠায় পরিপূর্ণ থাকে।
vegetable,brinjal,বেগুন,150,pest_disease,পোকা আক্রান্ত ডগা ও ফল ধ্বংস করা,কীড়া সমেত আক্রান্ত ডগা কেটে ধ্বংস করা।
vegetable,brinjal,বেগুন,150,other,সেক্স ফেরোমন ফাঁদের ব্যবহার,সেক্স ফেরোমন ফাঁদের ব্যবহার করে পোকার বংশবৃদ্ধি অনেকটা কমিয়ে আনা সম্ভব।
vegetable,brinjal,বেগুন,150,pest_disease,পরজীবি ও পরভোজী পোকা ব্যবহার করা,"ডগা ও ফল ছিদ্রকারী পোকার পরজীবি পোকা যেমন- ট্রাথালা ফ্লেভোঅরবিটালিস ও পরভোজী পোকা যেমন- ম্যনটিড, এয়ার-উইগ, পিঁপড়া, লেডি বার্ড বিটেল, মাকড়সা ইত্যাদি বিশেষভাবে উল্লেখযোগ্য। বেগুনের জমিতে এরা প্রচুর পরিমাণে ডগা ও ফলছিদ্রকারী পোকাই কেবল ধ্বংস করে না সাথে সাথে অন্যান্য ক্ষতিকারক পোকা যেমন- জ্যসিড, সাদা মাছি ইত্যাদির সংখ্যা স্থিতিশীল পর্যায়ে রাখতে সাহায্য করে।"
vegetable,brinjal,বেগুন,150,other,বিষাক্ত কীটনাশকের প্রয়োগ বন্ধ বা সীমিত ব্যবহার,একান্ত প্রয়োজনে কেবলমাত্র পরিমিত মাত্রায় নির্দিষ্ট ক্ষমতাসম্পন্ন রাসায়নিক কীটনাশক অথবা স্থানীয়ভাবে সুপারিশকৃত জৈব কীটনাশক (ট্রেসার প্রতি লিটার পানিতে 0.5 মিলি) ব্যবহার করা যেতে পারে।
vegetable,brinjal,বেগুন,150,pest_disease,সাদা মাছি দমন ব্যবস্থাপনা, বীজতলার চারা সূ² নেটের দ্বারা ঢেকে দিতে হবে। এর ফলে চারাগুলি সাদামাছির আক্রমণ থেকে মুক্ত থাকবে।  ফসলের অবশিষ্টাংশ নষ্ট করে ফেলতে হবে এবং আগাছা পরিষ্কার করতে হবে। নিম বীজ ভিজানো পানি (প্রতি লিটার পানিতে 50 গ্রাম আধ ভাঙ্গা নিম বীজ 12 ঘণ্টা ভিজিয়ে রাখতে হবে) প্রয়োগ করতে হবে।  আঠালো হলুদ ফাঁদ (Yellow Sticky Trap) ব্যবহার করতে হবে।  আক্রমণের শুরুতে বায়োনিম প্লাস (Azadiractin) @ 1মিলি/ লিটার পানিতে মিশিয়ে আক্রান্ত পাতায় স্প্রে করতে হবে।  আক্রমণের শুরুতে Difenthiuron গ্রুপ এর কীটনাশক @ 1 মিলি/ লিটার পানিতে মিশিয়ে আক্রান্ত পাতায় স্প্রে করতে হবে অথবা আক্রমণের শুরুতে Chlorfenapyr গ্রুপ এর কীটনাশক প্রতি লিটার পানিতে 1 মিলি মিশিয়ে পাতায় স্প্রে করতে হবে।
vegetable,brinjal,বেগুন,150,pest_disease,থ্রিপস দমন ব্যবস্থাপনা," সঠিকভাবে সেচ প্রদান করতে হবে। কারণ, পোকার রস শোষণের ফলে ক্রমান্বয়ে গাছের কোষ থেকে পানি বের হয়ে পানি শূন্যতার সৃষ্টি হয়। সেচ বা জমি ভিজিয়ে দিলে মাটিতে বিদ্যমান থ্রিপসের প্রিপিউপা ও পউপা মারা যায়।  মাঠে অনাকা•িক্ষত গাছ তুলে ফেলতে হবে এবং আগাছা দমন করতে হবে।  ফসলের ক্ষেতে সাদা আঠালো ফাঁদ ব্যবহার করতে হবে।  আক্রমণের শুরুতে সাকসেস 2.5 এস সি (Spinosad) প্রতি লিটার পানিতে 1.2 মিলি মিশিয়ে পাতায় স্প্রে করতে হবে অথবা আক্রমণের শুরুতে ইনটিপ্রিড 10 এস সি (Chlorfenapyr) প্রতি লিটার পানিতে 1 মিলি মিশিয়ে পাতায় স্প্রে করতে হবে।"
vegetable,brinjal,বেগুন,150,pest_disease,জাব পোকা দমন ব্যবস্থাপনা, সংগ্রহের পর ফসলের অবশিষ্টাংশ নষ্ট করা।  আঠালো হলুদ ফাঁদ (Yellow Sticky Trap) ব্যবহার করতে হবে।  বায়োনিম প্লাস (Azadiractin)@ 1 মিলি/ লিটার পানিতে মিশিয়ে আক্রান্ত পাতায় স্প্রে করতে হবে।  সুমিথিয়ন 50 ইসি বা ম্যালাথিয়ন 57 ইসি বা ফাসটাক 2 ইসি প্রতি লিটার পানিতে 1 মিলি অথবা এসাটাফ 75 ডব্লিউপি প্রতি লিটার পানিতে 1 গ্রাম বা এডমায়ার 200 এসএল প্রতি লিটার পানিতে 0.5 মিলি মিশিয়ে পাতায় স্প্রে করতে হবে।
vegetable,brinjal,বেগুন,150,pest_disease,পাতার হপার পোকা দমন ব্যবস্থাপনা, ফসলের অবশিষ্টাংশ নষ্ট করা এবং আগাছা পরিষ্কার।  ডিটারজেন্ট মিশ্রিত পানি (5 গ্রাম/ লিটার) পাতার নিচের দিকে স্প্রে।  আক্রমণের শুরুতে বায়োনিম প্লাস (Azadiractin)@ 1মিলি/ লিটার পানিতে মিশিয়ে আক্রান্ত পাতায় স্প্রে করতে হবে।  আক্রমণের শুরুতে (Difenthiuron) গ্রুপ এর কীটনাশক @ 1মিলি/ লিটার অথবা ইনটিপ্রিড 10 এস সি (Chlorfenapyr) প্রতি লিটার পানিতে 1মিলি মিশিয়ে আক্রান্ত পাতায় স্প্রে করতে হবে।
vegetable,brinjal,বেগুন,150,pest_disease,কাঁটালে পোকা দমন ব্যবস্থাপনা," আক্রমণের প্রাথমিক অবস্থায় ডিমের গাদা, লার্ভা, পিউপা ও পূর্ণবয়স্ক পোকা হাত দ্বারা ধ্বংস করতে হবে।  ক্ষেত পরিষ্কার পরিচ্ছন্ন রাখতে হবে।  জমি, জমির আইল, সেচ নালা আগাছা মুক্ত রাখতে হবে।  আক্রান্ত ফসলে উপরি সেচ প্রয়োগ করতে হবে। ধুলাবালি থাকলে এদের আক্রমণ বেড়ে যায়। ভারী বৃষ্টিপাতে মাইটের আক্রমণ কমে যায়।  মাকড় নাশক Abamectin (ভার্টিমেক 1.8 ইসি অথবা Abom 1.8 ইসি অথবা Ambush 1.8 ইসি) প্রতি লিটার পানিতে 2.5 মিলি অথবা Propargite (Sumite or Omite 57 ইসি) প্রতি লিটার পানিতে 2 মিলি মিশিয়ে স্প্রে করতে হবে।"
vegetable,Bt brinjal,বিটি বেগুন,155,soil_climate,জলবায়ু ও মাটি,আমাদের দেশের সব রকমের মাটিতে বেগুন চাষ করা যায় এবং ভাল ফলনও দিয়ে থাকে। তবে পানি নিষ্কাশনের সুব্যবস্থা থাকা আবশ্যক। বেলে দোআঁশ বা দোআঁশ মাটিই এর চাষের জন্য সর্বোৎকৃষ্ট। বেগুনের জন্য 150 থেকে 200 সে. তাপমাত্রা সবচেয়ে উপযোগী। উচ্চ তাপমাত্রায় বেগুনের ফুল ও ফল উৎপাদন বিঘ্নিত হয় এবং এসময় অনিষ্টকারী পোকার আক্রমণ বেশি হয়।
vegetable,Bt brinjal,বিটি বেগুন,155,sowing_method,চারা উৎপাদন পদ্ধতি,"শীতকালীন চাষের জন্য শ্রাবণের মাঝামাঝি থেকে আশ্বিন মাস পর্যন্ত চারা উৎপাদনের জন্য বীজতলায় বীজ বপন করা যায়। বেগুন চাষের জন্য চারা উৎপাদন একটি গুরুত্বপূর্ণ কাজ। আমাদের দেশে চাষী ভাইয়েরা সাধারণত সরাসরি বীজতলায় বীজ বপন করেন। দ্বিতীয় বীজতলায় স্থানান্তর করেন না। এতে বীজের পরিমাণ বেশি লাগে উপরন্তু চারার স্বাস্থ্য ভাল হয় না। প্রথমে বীজতলায় ঘন করে বীজ ফেলতে হয়। বীজ গজানোর 10-12 দিন পর গজানো চারা দ্বিতীয় বীজতলায় স্থানান্তর করতে হয়। এতে চারা সুস্থ ও সবল হয় এবং ফলন ভাল হয়। বীজতলায় মাটি সমপরিমাণ বালি, কমপোস্ট ও মাটি মিশিয়ে ঝুর ঝুর করে তৈরি করতে হয়। প্রতি হেক্টরের জন্য 200-255 গ্রাম বীজের প্রয়োজন হয়।"
vegetable,Bt brinjal,বিটি বেগুন,155,sowing_method,বীজ বপন,"বীজতলায় সারি করে বা ছিটিয়ে বীজ বপন করা যায়, তবে সারিতে বপন করা উত্তম। সারিতে বপনের জন্য প্রথমে নির্দিষ্ট দূরত্বে (5 সেমি) কাঠি বা টাইন দিয়ে ক্ষুদ্র নালা তৈরি করে তাতে বীজ ফেলে মাটি দিয়ে ঢেকে দিতে হবে। ছোট বীজের বেলায় বীজের দ্বিগুণ পরিমাণ শুকনো ও পরিষ্কার বালু বা মিহি মাটি বীজের সাথে ভালভাবে মিশিয়ে মাটিতে বীজ বপন করতে হয়। শুকনো মাটিতে বীজ বপন করে সেচ দেয়া উচিত নয়, এতে মাটিতে চটা বেঁধে চারা গজাতে ও বাতাস চলাচলে অসুবিধা সৃষ্টি করতে পারে। যেসমস্ত বীজের আবরণ শক্ত, সহজে পানি প্রবেশ করে না, সেগুলোকে সাধারণত বোনার পূর্বে ভিজিয়ে নেয়া হয়।"
vegetable,Bt brinjal,বিটি বেগুন,155,other,বীজতলায় আচ্ছাদন,আবহাওয়া এবং পারিপার্শ্বিক অবস্থার ওপর ভিত্তি করে বীজতলার উপরে আচ্ছাদনের ব্যবস্থা করতে হবে যেন বৃষ্টির পানি ও অতিরিক্ত সূর্যতাপ থেকে বীজতলাকে রক্ষা করা যায়। আচ্ছাদন বিভিন্নভাবে করা যায়। তবে কম খরচে বাঁশের ফালি করে বীজতলায় প্রস্থ বরাবর 50 সেমি পর পর পুঁতে নৌকার ‘ছৈ’ এর আকারে বৃষ্টির সময় পলিথিন দিয়ে এবং প্রখর রোদে চাটাই দিয়ে রক্ষা করা যায়।
vegetable,Bt brinjal,বিটি বেগুন,155,sowing_method,চারার যত্ন,"চারা গজানোর পর থেকে 10-12 দিন পর্যন্ত হালকা ছায়া দ্বারা অতিরিক্ত সূর্যতাপ থেকে চারা রক্ষা করা প্রয়োজন। পানি সেচ একটি গুরুত্বপূর্ণ পরিচর্যা তবে বীজতলার মাটি দীর্ঘসময় বেশি ভেজা থাকলে অঙ্কুরিত চারা রোগাক্রান্ত হওয়ার সম্ভাবনা বৃদ্ধি পায়। চারার শিকড় যথেষ্ট বৃদ্ধি পেলে রোদ কোন ক্ষতি করতে পারে না, তখন এটি বরং উপকারী। চরা গজানোর 10-12 দিন পর বীজতলায় প্রয়োজন মতো দূরত্ব ও পরিমাণ মত চারা রেখে অতিরিক্ত চারাগুলি যত্ন সহকারে উঠিয়ে দ্বিতীয় বীজতলায় সারি করে রোপণ করলে মূল্যবান বীজের সাশ্রয় হবে।"
vegetable,Bt brinjal,বিটি বেগুন,155,sowing_method,দ্বিতীয় বীজলায় চারা স্থানান্তরকরণ,"জমিতে চারা লাগানোর পূর্বে মূল বীজতলা থেকে তুলে দ্বিতীয় বীজতলায় সবজি চারা রোপণের পদ্ধতি অনেক দেশেই চালু আছে। এ পদ্ধতিকে দ্বিতীয় সবজির চারা স্থানান্তরকরণ পদ্ধতি বলে। দেখা গেছে, 10-12 দিনের চারা দ্বিতীয় বীজতলায় স্থানান্তরিত করা হলে কপি গোত্রের সবজি ও টমেটো চারার শিকড় বিস্তৃত ও শক্ত হয়, চারা অধিক সবল ও তেজী হয়। চারা উঠানোর আগে বীজতলায় পানি দিয়ে এরপর সূচালো কাঠি দিয়ে শিকড়সহ চারা উঠাতে হয়। উঠানো চারা সাথে সাথে দ্বিতীয় বীজতলায় লাগাতে হয়। বাঁশের সূচালো কাঠি বা কাঠের তৈরি সূচালো ফ্রেম দ্বারা সরু গর্ত করে চারা গাছ লাগানো হয়। লাগানোর পর হালকা পানি দিতে হবে এবং বৃষ্টির পানি ও রোদ থেকে রক্ষার জন্য পলিথিন ও চাটাই দ্বারা ঢেকে দিতে হবে।"
vegetable,Bt brinjal,বিটি বেগুন,155,pest_disease,বীজতলায় চারার রোগ দমন,"বীজতলায় বপনকৃত বীজ গজানোর পূর্বে বীজ এবং পরে কচি চারা রোগাক্রান্ত হতে পারে। অঙ্কুরোদ্গমরত বীজ আক্রান্ত হলে তা থেকে আদৌ চারা গজায় না। গজানোর পর রোগের আক্রমণ হলে চারার কাণ্ড মাটি সংলগ্ন স্থানে পচে গিয়ে নেতিয়ে পড়ে। একটু বড় হওয়ার পর আক্রান্ত হলে চারা সাধারণত মরে না, কিন্তু এদের শিকড় দুর্বল হয়ে যায়। চারা এভাবে নষ্ট হওয়াকে বলে ড্যাম্পিং-অফ। বিভিন্ন ছত্রাক এর জন্য দায়ী। ড্যাম্পিং অফ রোগ বাংলাদেশে চারা উৎপাদনের এক বড় সমস্যা। বীজতলায় মাটি সব সময় ভেজা থাকলে এবং মাটিতে বাতাস চলাচলের ব্যাঘাত হলে এ রোগ বেশি হয়। এ জন্য বীজতলায় মাটি সুনিষ্কাশিত রাখা রোগ দমনের প্রধান উপায়। প্রতিষেধক হিসেবে মাটিতে কপার অক্সিক্লোরাইড বা ডায়থেন এম-45 বা রিডোমিল গোল্ড এক থেকে দুই গ্রাম প্রতিলিটার পানিতে মিশিয়ে বীজতলার মাটি ভালকরে ভিজিয়ে কয়েকদিন পর বীজ বপন করতে হবে। প্রোভেক্স 2.5 গ্রাম প্রতি কেজি বীজে মিশিয়ে বীজ বপন করবেন।"
vegetable,Bt brinjal,বিটি বেগুন,155,sowing_method,চারার কষ্ট সহিষ্ণুতা বর্ধন,"রোপণের পর মাঠের প্রতিক‚ল পরিবেশ যেমন- ঠাণ্ডা আবহাওয়া বা উচ্চ তাপমাত্রা, পানির স্বল্পতা, শুষ্ক বাতাস এবং রোপণের ধকল ও রোপণকালীন সময়ে চারার সৃষ্ট ক্ষত ইত্যাদি যাতে সহজেই কাটিয়ে উঠতে পারে সেজন্য বীজতলায় থাকাকালীন চারাকে কষ্ট সহিষ্ণু করে তোলা হয়। যে কোন উপায়ে চারার বৃদ্ধি সাময়িকভাবে কমিয়ে যেমনবীজতলায় ক্রমান্বয়ে পানি সেচের পরিমাণ কমিয়ে বা দুই সেচের মাঝে সময়ের ব্যবধান বাড়িয়ে চারাকে কষ্ট সহিষ্ণু করে তোলা যায়। কষ্ট সহিষ্ণুতা বর্ধনকালে চারায় শ্বেতসার (কার্বোহাইড্রেট) জমা হয় এবং রোপণের পর এই শ্বেতসার দ্রুত নূতন শিকড় উৎপাদনে সহায়তা করে। ফলে সহজেই চারা রোপণজনিত আঘাত সয়ে উঠতে পারে।"
vegetable,Bt brinjal,বিটি বেগুন,155,sowing_method,চারা উৎপাদনের বিকল্প পদ্ধতি,"প্রতিকূল আবহাওয়ায় বীজতলায় চারা উৎপাদনের জন্য বিকল্প পদ্ধতি হিসেবে সবজির চারা কাঠের বা প্লাস্টিকের ট্রে, পলিথিনের ব্যাগে, মাটির টবে, গামলায়, থালায়, কলার খোলে উৎপাদন করা যায়।"
vegetable,Bt brinjal,বিটি বেগুন,155,land_preparation,বিটি বেগুন চাষকৃত জমির নকশা,বিটি বেগুন চাষ অন্য সাধারণ বেগুন চাষের ন্যায়। তবে বিটি বেগুন চাষের জমি চার পার্শ্বে 1-2 সারি সাধারণ বেগুনের চারা উদ্বাস্ত ফসল হিসেবে রোপণ করতে হয়। নিম্নে প্রায় 1 বিঘা জমিতে বিটি বেগুন চাষের নমুনা নকশা দেয়া হলো।
vegetable,Bt brinjal,বিটি বেগুন,155,fertilizer,সারের পরিমাণ ও প্রয়োগ,"বেগুন এমন একটি ফসল সার প্রয়োগ ব্যতীত যার সন্তোষজনক উৎপাদন চিন্তা করা যায় না। মাটি থেকে যা প্রচুর পরিমাণ খাদ্যোপাদান শোষণ করে। বৃদ্ধির প্রাথমিক পর্যায়ে খাদ্যের অভাব হলে গাছ দ্রুত বাড়ে না এবং পরবর্তী পর্যায়ে খাদ্যের স্বল্পতা ফলনের ওপর বিরূপ প্রতিক্রিয়া সৃষ্টি করে। তাই বেগুন চাষের জন্য হেক্টরপ্রতি নিম্নোক্ত পরিমাণ সার ব্যবহারের সুপারিশ করা হয়। সার পরিমাণ (কেজি/ হেক্টর) শেষ চাষের সময় (কেজি) গর্তে প্রয়োগ (কেজি) চারা লাগানোর 15 দিন পর ফুল ধরা আরম্ভ হলে ফল ধরা আরম্ভ হলে ফল আহরণের সময় ফল আহরণের সময় গোবর/ কম্পোস্ট 10,000 5,000 5,000 - - - - - ইউরিয়া - - 60 কেজি 60 কেজি 60 কেজি 60 কেজি 60 কেজি টিএসপি 250 125 125 - - - এমওপি 200 - 50 45.0 কেজি 52.5 কেজি 52.5 কেজি - - জিপসাম 100 সব - - - - - - বোরিক এসিড (বোরন) 10 সব - - - - - - 300 সূত্র- FRG-2018/BARC বেডের আকার প্রস্থ: 70 সেমি দৈর্ঘয: জমির দৈর্ঘের ওপর নির্ভর করবে দূরত্ব 100 x 80 সেমি নালার আকার প্রস্থ: 30 সেমি গভীরতা: 20 সেমি"
vegetable,Bt brinjal,বিটি বেগুন,155,fertilizer,সারের মাত্রা,
vegetable,Bt brinjal,বিটি বেগুন,155,fertilizer_method,সার প্রয়োগ পদ্ধতি," শেষ চাষের সময় অর্ধেক গোবর বা কম্পোস্ট, টিএসপি এবং সবটুকু জিপসাম ও বোরিক এসিড সার জমিতে সমানভাবে ছিটিয়ে মাটির সাথে ভালভাবে মিশিয়ে দিতে হবে।  বাকি অর্ধেক গোবর বা কম্পোস্ট, টিএসপি এবং 35-42.5 কেজি এমপি সার চারা  লাগানার  7দিন  পূর্বে গর্তে মাটির সাথে ভালভাবে মিশিয়ে দিতে হবে।  সম্পূর্ণ ইউরিয়া (5টি কিস্তিতে) ও বাকি এমপি সার (প্রথম 3টি কিস্তিতে) যথাক্রমে চারা লাগানো 15 দিন পর, ফুল ধরা আরম্ভ হলে, ফল ধরা আরম্ভ হলে, ফল আহরণের সময় 2 বার সমভাবে প্রয়োগ করতে হবে।"
vegetable,Bt brinjal,বিটি বেগুন,155,sowing_method,চারা রোপণ,30-35 দিন বয়সের চারা রোপণ করা উত্তম। এ সময় প্রতিটি চারার 5-6টি পাতা হয়ে থাকে। অনিবার্য কারণে বেগুনের চারা 2 মাস বয়স পর্যন্ত রোপণ করা চলে। রোপণের দূরত্ব নির্ভর করে জাত ও মাটির ঊর্বরতার ওপর। সাধারণত 70 সেমি প্রশস্ত বেডে এক সারিতে চারা রোপণ করা হয়। দুটি বেডের মাঝে 30 সেমি প্রশস্ত নালা থাকে। সারিতে গাছ থেকে গাছের দূরত্ব 70-80 সেমি রাখতে হয়।
vegetable,Bt brinjal,বিটি বেগুন,155,irrigation,সেচ ব্যবস্থা,"বেডের দু’পাশের নালা দিয়ে জমিতে সেচ দেয়া সুবিধাজনক। নালায় সেচের পানি বেশিক্ষণ ধরে রাখা যাবে না, গাছের গোড়া পর্যন্ত মাটি ভিজে গেলে নালার পানি ছেড়ে দিতে হবে। খরিফ মৌসুমে জমিতে পানি যাতে না জমে সেজন্য পানি নিষ্কাশনের জন্য জমির চারপাশে নালা রাখতে হবে।"
vegetable,Bt brinjal,বিটি বেগুন,155,harvest,ফসল সংগ্রহ,চারা লাগানোর 50-60 দিন পরই বেগুন তোলার সময় হয়। 7-10 দিন পরপর গাছ থেকে ধারাল ছুরির সাহায্যে বেগুন কাটা ভাল।
vegetable,Bt brinjal,বিটি বেগুন,155,yield,ফলন,30-70 টন/হেক্টর।
vegetable,Bt brinjal,বিটি বেগুন,155,pest_disease,পোকামাকড়,বিটি বেগুন ডগা ও ফল ছিদ্রকার পোকা প্রতিরোধী।
vegetable,Bt brinjal,বিটি বেগুন,155,pest_disease,পোকা মাকড় ও রোগবালাই দমন ব্যবস্থাপনা,
vegetable,Bt brinjal,বিটি বেগুন,155,pest_disease,পাতার হপার পোকা,
vegetable,Bt brinjal,বিটি বেগুন,155,pest_disease,ক্ষতির লক্ষণ,আক্রান্ত বেগুনের পাতা কিনারা বরাবর উপরের দিকে বেঁকে যায়। পাতার কিনারে হলুদাভ হয়ে যায় অথবা গুছে যাওয়ার মত মনে হয়। পাতার বৃদ্ধি ব্যাহত হয় বলে পাতা ছোট থেকে যায় এবং মোজাইক ধরনের হলুদ রং পরিলক্ষিত হয়। আক্রান্ত গাছে ফল ধরার সংখ্যা মারাত্মকভাবে কমে যেতে পারে। পাতার হপার পোকা প্রকৃত পক্ষে সারা বছরই বংশ বৃদ্ধি করে থাকে তবে শুষ্ক মৌসুমে এদের সংখ্যা দ্রুত বৃদ্ধি পায়। এই পোকা পাতার নিচের দিকে ক্ষুদ্র ক্ষুদ্র ডিম পাড়ে। প্রাপ্ত বয়স হওয়ার পূর্ব পর্যন্ত ক্ষুদ্র নিম্ফসমূহ পাতার নিচ দিক থেকে রস চুষে খায়। এদর জীবনকাল 5-7 সপ্তাহ এবং একই মৌসুমে একাধিক প্রজন্ম হয়ে থাকে।
vegetable,Bt brinjal,বিটি বেগুন,155,pest_disease,দমন ব্যবস্থাপনা," প্রতিরোধী জাত যেমন, বারি বেগুন-6 বা বিএল 114 চাষ করা।  নিমতেল 5 মিলি + 5 গ্রাম ট্রিকস্ প্রতি লিটার পানিতে মিশিয়ে পাতার নিচের দিকে স্প্রে করা।  এক কেজি আধা ভাঙ্গা নিমবীজ 20 লিটার পানিতে 12 ঘণ্টা ভিজিয়ে রেখে উক্ত পানি পাতার নিচের দিকে স্প্রে করা।  পাঁচ গ্রাম পরিমাণ গুঁড়া সাবান প্রতি লিটার পানিতে মিশিয়ে পাতার নিচের দিকে স্প্রে করা।  আক্রমণের হার অত্যন্ত বেশি হলে ম্যালথিয়ন 57 ইসি জাতীয় কীটনাশক (প্রতিলিটার পানিতে 2 মিলি পরিমাণ) স্প্রে করা অথবা এডমায়ার 100 এমএল (প্রতিলিটার পানিতে 0.25 মিলি পরিমাণ) মিশিয়ে স্প্রে করা।"
vegetable,Bt brinjal,বিটি বেগুন,155,pest_disease,ইপিল্যাকনা বিটল,
vegetable,Bt brinjal,বিটি বেগুন,155,pest_disease,ক্ষতির লক্ষণ,"এই পোকা পাতার শিরাগুলোর মাঝের অংশ খেয়ে ফেলে। মধ্য শিরা বাদে পাতার সমস্ত অংশ খেয়ে ঝাঝরা করে ফেলতে পারে এবং ফলের উপরি ভাগের কিছু অংশ খেয়ে ফেলতে পারে অথবা ছোট ছিদ্র করতে পারে। প্রাপ্ত বয়স্ক ও কীড়া প্রায়শই একই সাথে দেখা যায়। প্রাপ্ত বয়স্ক পোকা সাধারণ লেডি বিটল এর মত দেখা যায় কিন্তু লেডি বিটল পোকা গাছ বা গাছের পোকা খায় না। ইপিল্যাকনা বিটল ডিম্বাকার এবং পিঠে কাল ফোটাযুক্ত বাদামী রঙের। কীড়ার রং ফ্যাকাশে হলুদ এবং পিঠের উপরিভাগে ও পাশে শাখা প্রশাখাবিশিষ্ট ছোট ছোট কাঁটা দ্বারা আবৃত থাকে। প্রাপ্ত বয়স্ক স্ত্রী ইপিল্যাকনা বিটল বেশির ভাগ সময়ে পাতার নিচের দিকে সিগার আকৃতির হলুদ রঙের ডিম পাড়ে। ডিম ফুটে কাটাযুক্ত হলুদ কীড়া বের হয়ে পাতার নিচের অংশ খাওয়া শুরু করে। ইপিল্যাকনা বিটলের কীড়া 4টি ধাপ অতিক্রম করে পূর্ণতা প্রাপ্ত হয়, পূর্ণাঙ্গ কীড়া 6 মিমি লম্বা হয়ে থাকে। কালচে রঙের পিউপাসমূহ পাতা অথবা কাণ্ডে থাকতে দেখা যায়। ইপিল্যাকনা বিটলের জীবনচক্র 15-20 দিনের মধ্যে সম্পন্ন হয়ে থাকে এবং একই মৌসুমে কয়েক প্রজন্ম হয়ে থাকে।"
vegetable,Bt brinjal,বিটি বেগুন,155,pest_disease,দমন ব্যবস্থাপনা, পোকাসহ আক্রান্ত পাতা সংগ্রহ করে পোকা মেরে ফেলা।  নিমতেল 5 মিলি + 5 গ্রাম ট্রিকস প্রতিলিটার পানিতে মিশিয়ে রেখে উক্ত পানি স্প্রে করা।  এক কেজি আধা ভাঙ্গা নিমবীজ 10 লিটার পানিতে 12 ঘণ্টা ভিজিয়ে রেখে উক্ত পানি স্প্রে করা।  আক্রমণের হার অত্যন্ত বেশি হলে ম্যালাথিয়ন 57 ইসি জাতীয় কীটনাশক (প্রতিলিটার পানিতে 2 মিলি পরিমাণ) স্প্রে করা।
vegetable,Bt brinjal,বিটি বেগুন,155,pest_disease,লাল মাকড়,
vegetable,Bt brinjal,বিটি বেগুন,155,pest_disease,ক্ষতির লক্ষণ,লাল মাকড় আক্রান্ত বেগুনের পাতায় হলুদাভ ছোপ ছোপ দাগের সৃষ্টি হয়। যখন এই ধরনের আক্রমণ পাতার নিচের দিকে মাঝখানে বেশি হয তখন প্রায় সব ক্ষেত্রেই পাতা কুঁকড়ে যেতে দেখা যায়। ব্যাপক আক্রমণের ফলে সম্পূর্ণ পাতা হলুদ ও বাদামী রং ধারণ করে এবং শেষ পর্যন্ত পাতা ঝরে পড়ে। লাল মাকড় পাতার নিচের পৃষ্ঠদেশে অত্যন্ত ক্ষুদ্র ক্ষুদ্র ডিম পাড়ে যা খালি চোখে দেখা যায় না। এই ডিম থেকে কমলা রঙের বাচ্চা বের হয়ে পাতার নিচের পৃষ্ঠদেশে খেতে থাকে। এক সপ্তাহের মধ্যেই বাচ্চাগুলো গাঢ় কমলা বা লাল রঙের পূর্ণ মাকড়ে পরিণত হয় যা দেখতে ক্ষুদ্র মাকড়সার মত। এদের পাতার নিচের পৃষ্ঠদেশে চলাফেরা করতে দেখা যায়।
vegetable,Bt brinjal,বিটি বেগুন,155,pest_disease,দমন ব্যবস্থাপনা," নিমতেল 5 মিলি + 5 গ্রাম ট্রিকস্ প্রতিলিটার পানিতে মিশিয়ে পাতার নিচের দিকে স্প্রে করা।  এক কেজি আধা ভাঙ্গা নিমবীজ 10 লিটার পানিতে 12 ঘণ্টা ভিজিয়ে রেখে উক্ত পানি পাতার নিচের দিকে স্প্রে করা।  আক্রমণ তীব্র হলে প্রতিলিটার পানির সাথে মাকড়নাশক (যেমন- ওমাইট 57 তরল 1 মিলিলিটার হারে) পাতা ভিজিয়ে স্প্রে করে মাকড়ের আক্রমণ প্রতিহিত করা সম্ভব। মাকড়নাশক পাওয়া না গেলে সালফার জাতীয় ছত্রাকনাশক (কুমুলাক্স ইত্যাদি) স্প্রে করে মাকড়ের আক্রমণ কমানো সম্ভব। লক্ষ্য রাখতে হবে, মাকড়ের সাথে অন্য পোকার আক্রমণ দেখা দিলে প্রথমে মাকড়নাশক ব্যবহার করে অতঃপর কীটনাশক প্রয়োগ করতে হবে।"
vegetable,Bt brinjal,বিটি বেগুন,155,pest_disease,কাণ্ড ও ফল পচা রোগ দমন ব্যবস্থাপনা," Phomopsis vexans নামক ছত্রাক দ্বারা এ রোগ হয়। সুস্থ ও রোগমুক্ত বীজ ব্যবহার করা।  সেচ বা বৃষ্টির পর গাছের গোড়ার মাটি আলগা করা।  প্রতিকেজি বীজে 2 গ্রাম ভিটাভেক্স 200 দিয়ে শোধন করা; 500 সে. তাপমাত্রার গরম পানিতে 15 মিনিট রেখে বীজ শোধন করা।  রোগ কাণ্ডে দেখা দিলে গাছের গোড়াসহ মাটি প্রতিলিটার পানিতে 2 গ্রাম পরিমাণ অটোস্টিন/নোইন গুলিয়ে ভালভাবে ভিজিয়ে দিতে হবে। বীজ বেগুনে রোগ দেখামাত্র ছত্রাকনাশক স্প্রে করা।  রোগ হয় এরূপ জমিতে কমপক্ষে 3 বছর শস্য পর্যায় অনুসরণ করা।  ফসল সংগ্রহের পর মুড়ি গাছ না রেখে সমস্ত গাছ, ডালপালা, পাতা ইত্যাদি একত্র করে পুড়িয়ে ফেলা।"
vegetable,Bt brinjal,বিটি বেগুন,155,pest_disease,ঢলেপড়া রোগ দমন ব্যবস্থাপনা," আক্রান্ত গাছ দেখলেই প্রাথমিকভাবে তা তুলে ধ্বংস করা।  রোগ প্রতিরোধী যেমন- বারি বেগুন-8, বারি বেগুন-10 প্রভৃতি জাতের চাষ করা।  বন বেগুন যথা টরভাম বা সিসিম্ব্রিফলিয়ামের সাথে জোড় কলম করা।  রোগ প্রতিরোধী বারি বেগুন-8 জাতকেও রুট স্টক হিসেবে ব্যবহার করে জোড় কলম করা যায়।"
vegetable,Bt brinjal,বিটি বেগুন,155,pest_disease,গুচ্ছপাতা রোগ দমন ব্যবস্থাপনা, Phytoplasma দ্বারা এ রোগ হয়। আক্রান্ত গাছ দেখলেই প্রাথমিকভাবে তা তুলে ধবংস করা।  ক্ষেতের আগাছা পরিষ্কার করা।  ক্ষেতে জ্যাসিড পোকার উপস্থিতি দেখা দিলে কীটনাশক প্রয়োগ করে তা দমন করা।
vegetable,sweet pepper,মিষ্টিমরিচ,161,harvest,ফসল তোলা,"মিষ্টিমরিচ সাধারণত পরিপক্ক সবুজ অবস্থায় এবং বারি মিষ্টিমরিচ-1 পরিপূর্ণ লাল রং হলেও বারি মিষ্টিমরিচ-2 পরিপূর্ণ হলুদ, লালচে হলদে হওয়ার পূর্বেই মাঠ থেকে উঠানো হয়। সাধারণত সপ্তাহে একবার গাছ থেকে ফল সংগ্রহ করা হয়ে থাকে। ফল সংগ্রহের পর ঠাণ্ডা অথচ ছায়া যুক্ত স্থানে বাজার জাতকরণের পূর্ব পর্যন্ত সংরক্ষণ করতে হবে। উল্লেখ যে, ফসল সংগ্রহের সময় প্রতিটি ফলে সামান্য পরিমাণে বোঁটা রেখে দিতে হবে।"
vegetable,sweet pepper,মিষ্টিমরিচ,161,yield,ফলন,15-25 টন/হেক্টর।
vegetable,radish,মুলা,163,soil_climate,মাটি,দোআঁশ ও বেলে দোআঁশ মাটি মুলা চাষের জন্য সবচেয়ে ভাল। অধিক পরিমাণ জৈব সার ও প্রয়োজনীয় রাসায়নিক সার ব্যবহার করে অধিকাংশ উঁচু জমির মাটিতে এর চাষ করা যায়।
vegetable,radish,মুলা,163,seed_rate,বীজের হার ও বীজ বপন,আশ্বিন থেকে কার্তিক মাস (মধ্য-সেপ্টেম্বর থেকে মধ্য-নভেম্বর) মুলার বীজ বপন করা যায়। হেক্টরপ্রতি 2.5-3.0 কেজি বীজের প্রয়োজন হয়। সাধারণত মুলার বীজ ছিটিয়ে বপন করা হয়। কিন্তু বীজ সারিতে বপন করা ভাল। এতে বীজের পরিমাণ কম লাগে এবং পরবর্তী পরিচর্যা করা সহজ হয়।
vegetable,radish,মুলা,163,fertilizer,সার প্রয়োগ,মুলার জমিতে নিম্নরূপ হারে সার প্রয়োগ করতে হবে।
vegetable,radish,মুলা,163,fertilizer_method,সার প্রয়োগ পদ্ধতি,শেষ চাষের সময় সবটুকু গোবর বা কম্পোস্ট সারের এক তৃতীয়ংশ সমানভাবে ছিটিয়ে মাটির সাথে মিশিয়ে দিতে হবে। বাকি ইউরিয়া ও এমপি সার সমান অংশে যথাক্রমে বীজ বপনের তৃতীয় ও পঞ্চম সপ্তাহে 2 কিস্তিতে প্রয়োগ করতে হবে।
vegetable,radish,মুলা,163,intercultural,অন্তর্বর্তীকালীন পরিচর্যা,বীজ বপনের 7-10 দিনের মধ্যে 30 সেমি দূরত্বে একটি ভাল গাছ রেখে বাকি গাছ উঠিয়ে ফেলতে হবে। মাটিতে রস কম থাকলে বপনের 7-10 দিনের মধ্যেই একটি সেচ দিতে হয়। সাধারণত 2 সপ্তাহ পর পর 2-3 বার সেচ দিলে মুলার ফলন ভাল হয়। গাছের স্বাভাবিক বৃদ্ধির জন্য জমি আগাছামুক্ত রাখতে হবে। এজন্য নিড়ানি দিয়ে আগাছা পরিষ্কার করে মাটির চটা ভেঙ্গে দিতে হবে।
vegetable,radish,মুলা,163,intercultural,অন্যান্য পরিচর্যা,"শীতকালীন সবজিসমূহের মধ্যে মুলা বাংলাদেশে একটি অন্যতম সবজি। দেশে মুলা উৎপাদনের জন্য বিদেশি বীজের উপর নির্ভর করতে হয়। বাংলাদেশে আবাদকৃত বিদেশি মুলার জাত দ্বিবর্ষজীবী এবং স্থানীয় আবহাওয়ায় মাঠ পর্যায়ে এদের বীজ উৎপাদন হয় না। স্থানীয় আবহাওয়ায় বীজ উৎপাদনে সক্ষম ‘বারি মুলা- 1,2,3,4 নামে 4 টি এক বর্ষজীবী মুলার জাত উদ্ভাবন করা হয়েছে।"
vegetable,radish,মুলা,163,other,"মুলার মূল ও পাতা কর্তন পদ্ধতি, বীজ উৎপাদন","মুলার বয়স 40-45 দিন হলে জমি থেকে সমস্ত মুলা উঠিয়ে জাতের বিশুদ্ধতা, আকৃতি ইত্যাদি বিবেচনা করে বাছাই করতে হবে। বাছাইকৃত মুলার মূলের এক চতুর্থাংশ ও পাতার দুই তৃতীয়াংশ কেটে ফেলতে হবে। মূলের কাটা অংশ ডায়থেন এম-45 (2 গ্রাম প্রতি লিটার পানিতে মিশিয়ে) এর দ্রবণে ডুবিয়ে নিতে হবে। পরে প্রস্তুত করা বেডে সারি পদ্ধতিতে (60 × 45 সেমি) কর্তনকৃত মুলা গর্তে স্থাপন করে পাতার নিচ পর্যন্ত মাটি দিয়ে ঢেকে দিতে হবে। এ পদ্ধতিতে পূণরায় রোপণকৃত গাছ থেকে অধিক পরিমাণে বীজ পাওয়া যায়। বীজ-ফসলের জমিতে সর্বদা রস থাকতে হবে। গাছে ফুল আসার পর হেক্টরপ্রতি 100 কেজি ইউরিয়া ও 200 কেজি এমপি সার বেডে ছিটিয়ে ভালভাবে মিশিয়ে দিতে হবে। প্রতিক‚ল আবহাওয়ায় বীজ-ফসল যাতে মাটিতে পড়ে না যায় সেজন্য ঠেকনা দিতে হবে। মুলার বীজ ফসলে জাব পোকা দেখা দেওয়া মাত্র ম্যালাথিয়ন 2 মিলি প্রতি লিটার পানিতে মিশিয়ে প্রয়োগ করতে হবে। বীজ বপনের পর 4-5 মাসের মধ্যেই বীজ সংগ্রহের উপযুক্ত হয়।"
vegetable,radish,মুলা,163,fertilizer,বোরন সার প্রয়োগ,সুষম সারসহ মুলার জমিতে প্রতি হেক্টরে 10-15 কেজি বরিক এসিড/বোরাক্স প্রয়োগ করে মুলার বীজের ফলন বড়ানো যায়।
vegetable,hyacinth bean,শিম,166,soil_climate,মাটি ও জলবায়ু,"সব ধরনের মাটিতেই শিম জন্মে। তবে সুনিষ্কাশিত দোআঁশ ও বেলে দোআঁশ মাটি ভাল ফলনের জন্য উপযুক্ত। ফসলের অঙ্গজ বৃদ্ধি ও প্রজনন পর্যায়ের জন্য তাপমাত্রা ও দিবস দৈর্ঘয যথেষ্ট প্রভাব ফেলে। এ সবজির অঙ্গজ বৃদ্ধির জন্য উষ্ণ ও আর্দ্র জলবায়ু এবং দীর্ঘ দিবস প্রয়োজন। আবার প্রজনন ধাপের জন্য নিম্ন তাপমাত্রাসহ হ্রস্ব দিবস প্রয়োজন। লক্ষ্য করা যায় যে, শিম যখনই বপন করা হউক না কেন শীতের প্রভাব না পড়লে পুষ্পায়ন ঘটে না। তবে গ্রীষ্মকালীন জাতগুলো তাপ ও দিবস নিরপেক্ষ হওয়ায় বছরের যে কোন সময় বপন/রোপণ করলে পুষ্পায়ন ঘটে।"
vegetable,hyacinth bean,শিম,166,other,জীবনকাল : আগাম জাত,130- 160 দিন (বীজ সংগ্রহ পর্যন্ত)।
vegetable,hyacinth bean,শিম,166,other,নাবী জাত,150- 200 দিন (বীজ সংগ্রহ পর্যন্ত)।
vegetable,hyacinth bean,শিম,166,sowing_time,বীজ বপনের সময়,আষাঢ় মাসের মাঝামাঝী থেকে বীজ বপন করা যেতে পারে। তবে আগাম ফসলের জন্য জ্যৈষ্ঠের মাঝামাঝী থেকে আষাঢ়ের মাঝামাঝী (জুন মাস) বীজ বপন করা উত্তম। গ্রীষ্মকালীন জাতগুলো বছরের যে কোন সময় বপন করা যায়। বপনের সময় দূরত্ব এবং বপন পদ্ধতির উপর বীজের হার নির্ভর করে।
vegetable,hyacinth bean,শিম,166,seed_rate,বীজের হার,"প্রতি হেক্টরে 7.5 কেজি, একরে 3.0 কেজি এবং শতকে 30 গ্রাম বীজ প্রয়োজন।"
vegetable,hyacinth bean,শিম,166,land_preparation,জমি তৈরি,জমি 4-5টি চাষ দিয়ে ঢেলা ভেঙ্গে খুব পরিপাটি করে তৈরি করতে হয়। এর পর সমতল জমিতে সঠিক দূরত্বে উঁচু মাদা তৈরি করে বীজ বপন বা চারা রোপণ করা যায়। তবে সেচ ও পানি নিকাশের সুবিধা এবং পরবর্তী পরিচর্যার সুবিধার জন্য মিড়ি তৈরি করে মিড়িতে বীজ বপন করা সবচেয়ে ভাল। মিড়ি 15 থেকে 25 সেমি উঁচু এবং 2.5 মিটার প্রশ্বস্ত হবে। জমির প্রকৃতি এবং কাজের সুবিধা বিবেচনা করে মিড়ির দৈর্ঘয ঠিক করতে হয়। সেচ ও পানি নিকাশের সুবিধার জন্য পাশাপাশি দুটি মিড়ির মাঝখানে 50 সেমি প্রশ্বস্ত 15 থেকে 25 সেমি গভীর পিলি রাখতে হয়। 2.5 মিটার প্রশ্বস্ত মিড়ির উভয় পার্শ্বে 50 সেমি করে বাদ দিয়ে 1.5 মিটার দূরত্বে মিড়ির লম্বালম্বি দু’টি লাইন টেনে নিতে হবে। মিড়ির 2 লাইন বা সারিতে 1.5 মিটার দূরে দূরে 30×30×30 সেমি সাইজের মাদাতে প্রয়োজনীয় সার প্রয়োগ করে তৈরি করে ফেলতে হবে। এতে সারি থেকে সারির দূরত্ব 1.5 মিটার এবং সারিতে গাছ থেকে গাছের দূরত্ব হল 1.5 মিটার। তাছাড়া 2টি মিড়ির মধ্যে 50 সেমি প্রশ্বস্ত পিলি থাকায় পাশাপাশি দু’টি মিড়ির নিকটতম সারি দুটির দূরত্ব হল 1.5 মিটার। তবে আজকাল 1 মিটার প্রস্থ বেডে ও একক সারি পদ্ধতিতে 1.0-1.5 মিটার দূরত্বে বীজ বপন/চারা রোপণ করা যায়। উভয় পদ্ধতিতে একক আয়তনের জমিতে সমসংখ্যক গাছ সংকুলান হয়। তবে দ্বিতীয় পদ্ধতিতে গাছের পরিচর্যা ও ফসল উত্তোলন কার্যক্রম পরিচালনা সুবিধাজনক।
vegetable,hyacinth bean,শিম,166,fertilizer,সারের পরিমাণ ও প্রয়োগ পদ্ধতি,শিম ডাল জাতীয় শস্য। এতে সারের পরিমাণ বিশেষ করে নাইট্রোজেন সারের পরিমাণ কম লাগে। শিম চাষে হেক্টরপ্রতি সার প্রয়োগের পরিমাণ ও প্রয়োগ পদ্ধতি।
vegetable,hyacinth bean,শিম,166,fertilizer_method,সার প্রয়োগ পদ্ধতি,শেষ চাষের সময় সম্পূর্ণ গোবর সার এবং জিপসাম ও বরিক এসিড সবটুকু ছিটিয়ে জমিতে প্রয়োগ করে চাষ দিয়ে মাটির সাথে ভালভাবে মিশিয়ে দিতে হবে। বীজ বপন বা চারা রোপণের 4-5 দিন আগেই ইউরিয়া ও এমপি (পটাশ) সারের অর্ধেক এবং টিএসপি সারের সবটুকু একত্রে ছিটিয়ে প্রয়োগ করে মাদার মাটির সাথে (10 সেমি গভীর পর্যন্ত) কোদালের দ্বারা হালকাভাবে কুপিয়ে ভালভাবে মিশিয়ে দিতে হবে। বপন/রোপণের 30 দিন পর বাকি অর্ধেক ইউরিয়া ও এমপি সার মাদায় উপরি প্রয়োগ করতে হবে।
vegetable,hyacinth bean,শিম,166,intercultural,অন্তর্বর্তীকালীন পরিচর্যা, বপনকৃত বীজ থেকে চারা বের হওয়ার পর 8-10 দিনের মধ্যেই প্রতিটি মাদায় একটি সুস্থ সবল চারা রেখে বাকিগুলি উঠিয়ে ফেলতে হবে।  দেশি শিমের জমি সর্বদা আগাছামুক্ত রাখতে হবে।  গাছ 25-30 সেমি উঁচু হলেই বাউনী দিতে হবে এবং মাচা তৈরি করে শিম গাছকে তুলে দিতে হবে। তবে চারা গাছ মাচায় উঠা পর্যন্ত গোড়ার দিকে যেন না পেচাতে পারে সেদিকে লক্ষ্য রাখতে হবে। গোড়া পেচাতে (Coiling) না দিলে গাছের বৃদ্ধি ও ফলন প্রায় 10-15% বেশি হয়।  মাটির রস যাচাই করে 10-15 দিন পর পর সেচ দিতে হবে।  পুরাতন পাতা ও ফুল বিহীন ডগা/শাখা কেটে ফেলতে হবে।
vegetable,hyacinth bean,শিম,166,harvest,ফসল সংগ্রহ ও ফলন,জাতভেদে বীজ বপনের 95-145 দিন পর শিমের শুঁটি (পড) গাছ থেকে তুলে বাজারজাত করা যেতে পারে। ফুল ফোঁটার 25 থেকে 30 দিনের মধ্যে শিম তোলার সবচেয়ে উপযুক্ত সময়। 5-7 দিন অন্তর অন্তর গাছ থেকে শিম তুললে মোট 13-14 বার গুণগত মানসম্পন্ন শুঁটি (পড) সংগ্রহ করা যায় এবং এতে হেক্টরপ্রতি প্রায় 15-20 মে. টন শিম পাওয়া যায়। সারের নাম মোট শেষ চাষের বপন/চারা গর্তে উপরি পরিমাণ সময় প্রয়োগ রোপণের প্রয়োগ (বপনের/ সময় গর্তে প্রয়োগ রোপণের 30 দিন পর) গোবর 10 টন সব - - ইউরিয়া 25 কেজি - 12.5 12.5 টিএসপি 90 কেজি - সব - এমওপি 60 কেজি - 30 30 জিপসাম 60 কেজি সব - - (সালফার সার) বোরিক এসিড 5 কেজি সব - - (বোরন সার)
vegetable,bush bean,ঝাড় শিম,169,soil_climate,আবহাওয়া ও মাটি,বেলে-দোআঁশ বা দোআঁশ মাটিতে (pH 5.4-7.5) ও অপেক্ষাকৃত নিম্ন তাপমাত্রায় (10-250 সে.) এ শিম ভাল জন্মে। বাংলাদেশে শীতকালে এ ফসলটি ভালভাবে উৎপাদন করা যায়। এটি দিবস নিরপেক্ষ হলেও খরা ও অতিরিক্ত বৃষ্টিপাত সহ্য করতে পারে না।
vegetable,bush bean,ঝাড় শিম,169,sowing_method,বপন পদ্ধতি,সরাসরি জমিতে লাইন করে বীজ বুনতে হয়। 25-30 সেমি দূরত্বের সারিতে 10-15 সেমি দূরে দূরে বীজ লাগাতে হয়।
vegetable,bush bean,ঝাড় শিম,169,sowing_time,বপনের সময়,আমাদের দেশে নভেম্বর মাস ঝাড় শিমের বীজ বপনের জন্য সবচেয়ে উত্তম সময়। তবে সুনিষ্কাশিত জমি হলে অক্টোবর মাসে ঝাড়শিম-3 রোপণ করতে পারলে আগাম খাইস্যা শিমের দাম ভাল পাওয়া যায়।
vegetable,bush bean,ঝাড় শিম,169,fertilizer,সারের পরিমাণ,
vegetable,bush bean,ঝাড় শিম,169,fertilizer_method,সার প্রয়োগ পদ্ধতি,"জমি তৈরির সময় সমুদয় গোবর, টিএসপি, এমপি ও অর্ধেক ইউরিয়া প্রয়োগ করতে হয়। বাকি ইউরিয়া 15 দিন ও 30 দিন পর 2 বারে উপরি প্রয়োগ করা হয়।"
vegetable,bush bean,ঝাড় শিম,169,seed_rate,বীজের হার,120-125 কেজি/হেক্টর।
vegetable,bush bean,ঝাড় শিম,169,intercultural,অন্তর্বর্তীকালীন পরিচর্যা,"ফসলে ঠিকমত সার প্রয়োগ, আগাছা দমন, পানি সেচ ও নিকাশের ব্যবস্থা করতে হবে।"
vegetable,bush bean,ঝাড় শিম,169,pest_disease,রোগবালাই,বড় ধরনের কোন পোকা এবং রোগের প্রাদুর্ভাব নেই। জমিতে চারা অবস্থায় ফুটরট রোগ কোন কোন সময় দেখা যায়। বীজ বপনের পূর্বে শোধন করে এবং চারা গাছে স্প্রে করে এ রোগ দমন করা যায়। প্রোভেক্স 200 প্রতি কেজি বীজে 3 গ্রাম হারে মিশিয়ে বপন করলে রোগের প্রাদুর্ভাব কমে যায়। আবার চারা অবস্থায় রোগ দেখা দিলে অটোস্টিন প্রতি লিটার পানিতে 2 গ্রাম হারে মিশিয়ে চারার গোড়ার মাটি ভিজিয়ে প্রয়োগ করলে উপকার পাওয়া যায়। সারের নাম সারের পরিমাণ/হেক্টর ইউরিয়া 200-250 কেজি টিএসপি 200-250 কেজি এমওপি 150-180 কেজি গোবর 5 টন
vegetable,winged bean,কামরাঙ্গা শিম,170,soil_climate,আবহাওয়া ও মাটি,বেলে-দোআঁশ বা দোআঁশ মাটিতে (pH 5.4-7.5) ও অপেক্ষাকৃত নিম্ন তাপমাত্রায় (10-250 সে.) এ শিম ভাল জন্মে। বাংলাদেশে শীতকালে এ ফসলটি ভালভাবে উৎপাদন করা যায়। এটি দিবস নিরপেক্ষ হলেও খরা ও অতিরিক্ত বৃষ্টিপাত সহ্য করতে পারে না।
vegetable,winged bean,কামরাঙ্গা শিম,170,sowing_method,বপন পদ্ধতি,সরাসরি জমিতে লাইন করে বীজ বুনতে হয়। 25-30 সেমি দূরত্বের সারিতে 10-15 সেমি দূরে দূরে বীজ লাগাতে হয়।
vegetable,winged bean,কামরাঙ্গা শিম,170,sowing_time,বপনের সময়,আমাদের দেশে নভেম্বর মাস ঝাড় শিমের বীজ বপনের জন্য সবচেয়ে উত্তম সময়। তবে সুনিষ্কাশিত জমি হলে অক্টোবর মাসে ঝাড়শিম-3 রোপণ করতে পারলে আগাম খাইস্যা শিমের দাম ভাল পাওয়া যায়।
vegetable,winged bean,কামরাঙ্গা শিম,170,fertilizer,সারের পরিমাণ,
vegetable,winged bean,কামরাঙ্গা শিম,170,fertilizer_method,সার প্রয়োগ পদ্ধতি,"জমি তৈরির সময় সমুদয় গোবর, টিএসপি, এমপি ও অর্ধেক ইউরিয়া প্রয়োগ করতে হয়। বাকি ইউরিয়া 15 দিন ও 30 দিন পর 2 বারে উপরি প্রয়োগ করা হয়।"
vegetable,winged bean,কামরাঙ্গা শিম,170,seed_rate,বীজের হার,120-125 কেজি/হেক্টর।
vegetable,winged bean,কামরাঙ্গা শিম,170,intercultural,অন্তর্বর্তীকালীন পরিচর্যা,"ফসলে ঠিকমত সার প্রয়োগ, আগাছা দমন, পানি সেচ ও নিকাশের ব্যবস্থা করতে হবে।"
vegetable,winged bean,কামরাঙ্গা শিম,170,pest_disease,রোগবালাই,বড় ধরনের কোন পোকা এবং রোগের প্রাদুর্ভাব নেই। জমিতে চারা অবস্থায় ফুটরট রোগ কোন কোন সময় দেখা যায়। বীজ বপনের পূর্বে শোধন করে এবং চারা গাছে স্প্রে করে এ রোগ দমন করা যায়। প্রোভেক্স 200 প্রতি কেজি বীজে 3 গ্রাম হারে মিশিয়ে বপন করলে রোগের প্রাদুর্ভাব কমে যায়। আবার চারা অবস্থায় রোগ দেখা দিলে অটোস্টিন প্রতি লিটার পানিতে 2 গ্রাম হারে মিশিয়ে চারার গোড়ার মাটি ভিজিয়ে প্রয়োগ করলে উপকার পাওয়া যায়। সারের নাম সারের পরিমাণ/হেক্টর ইউরিয়া 200-250 কেজি টিএসপি 200-250 কেজি এমওপি 150-180 কেজি গোবর 5 টন
vegetable,yardlong bean,বরবটি,171,soil_climate,জলবায়ু ও মাটি,"বরবটি অপেক্ষাকৃত উচ্চ তাপমাত্রায় ভাল জন্মে। সাধারণভাবে 20-300 সে. তাপমাত্রা গাছের বৃদ্ধির জন্য সবচেয়ে উপযোগী। বাংলাদেশে বছরের যে কোন সময় বরবটি জন্মানো সম্ভব, তবে শীতকালে গাছের বৃদ্ধির হার কমে আসে। যে কোন রকম মাটিতে বরবটির চাষ করা যায়, তবে দো-আঁশ মাটি অধিকতর উপযোগী, কারণ বর্ষাকালে এ জাতীয় মাটির ব্যবস্থাপনা সহজ। মাটির pH 5.5-7.5 হলে ভালো হয়।"
vegetable,yardlong bean,বরবটি,171,sowing_time,উৎপাদন মৌসুম,বরবটি খরিফ মৌসুমে জন্মানো হয়। মার্চ - এপ্রিল মাস বপনের উপযুক্ত সময়।
vegetable,yardlong bean,বরবটি,171,sowing_method,বপনপদ্ধতি,"বেশি পরিমাণ জমিতে এর চাষ করতে হলে বাউনীর ধরন অনুযায়ী মাদায় অথবা সারিতে বীজ বুনতে হবে। বাউনীর জন্য মাচা ব্যবহার করলে উভয় পদ্ধতি (মাদা অথবা সারি) ব্যবহার্য, কিন্তু ইংরেজী V অক্ষরের উল্টা আকারে খাড়া বাউনী দিলে সারিতে বীজ বুনতে হবে। পাশাপাশি মাদার দূরত্ব হবে কম বেশি 1.5-2.0 মিটার। এ পদ্ধতিতে হেক্টর প্রতি বীজ লাগবে 2.5-3.0 কেজি। সারি পদ্ধতিতে (60 সেমি x 30 সেমি)। হেক্টর প্রতি বীজ লাগবে 20-25 কেজি আর এক মিটার ব্যবধানে 1.2 মিটার প্রশস্ত বেড তৈরি করে জোড়াসারি (দূরত্ব 60 সেমি) করে সারিতে 20-25 সেমি দূরে দূরে বীজ লাগানো যেতে পারে। এ ক্ষেত্রে হেক্টর প্রতি বীজের হার 18-20 কেজি। বারি বরবটি-2 জাতের জন্য কোনো বাউনীর প্রয়োজন হয় না। এ জাতটি খাটো জাতের বিধায় সারি পদ্ধতিতে গাছোর রোপণ দূরত্ব 30 সেমি x 20 সেমি।"
vegetable,yardlong bean,বরবটি,171,fertilizer,সার প্রয়োগ,
vegetable,yardlong bean,বরবটি,171,fertilizer,সারের পরিমাণ (কেজি/হেক্টর),
vegetable,yardlong bean,বরবটি,171,fertilizer_method,সার প্রয়োগ পদ্ধতি, শেষ চাষের সময় সম্পূর্ণ গোবর ও টিএসপি এবং অর্ধেক এমওপি সমান ভাবে ছিটিয়ে মাটির সাথে ভালো ভাবে মিাশয়ে দিতে হবে।  সম্পূর্ণ ইউরিয়া ও বাকি অর্ধেক এমওপি সার 2কিস্তিতে চারা লাগানোর 15 এবং 35 দিন পর সমভাবে গাছের গোড়ায় 10-15 সেমি দূরে মাটির সাথে ভালো ভাবে মিশিয়ে দিতে হবে।
vegetable,yardlong bean,বরবটি,171,fertilizer,সার মোট সারের পরিমাণ জমি তৈরির সময় দেয় বীজ রোপণের 15 দিন পর বীজ রোপণের 35 দিন পর,"গোবর 10,000 কেজি সব - - ইউরিয়া 50 কেজি - 25 কেজি 25 কেজি টিএসপি 150 কেজি সব - - এমওপি 150 কেজি 50 কেজি 50 কেজি 50 কেজি"
vegetable,yardlong bean,বরবটি,171,intercultural,পরিচর্যা,বরবটিতে বাউনী দেয়া প্রধান পরিচর্যা। গাছ 30 সে.মি. উচু হওয়ার আগেই বাউনী দেয়া শেষ করতে হবে । এর লতা যতো মুক্তভাবে বাইতে পারে ফলন ততো বেশি হয়। উল্টা V পদ্ধতিতে দেয়া বাউনির খুটির উচ্চতা হবে 2.5 মিটার। শুষ্ক মৌসুমে প্রয়োজন অনুযায়ী সেচ দিতে হবে।
vegetable,yardlong bean,বরবটি,171,harvest,ফসলসংগ্রহ ও ফলন,বরবটি কেবল শুঁটি (পড) এর জন্য জন্মানো হয়। বীজ বোনার 60-70দিন পর থেকে বরবটির শুঁটি সংগ্রহ করা যায়। দু-তিন মাস ফল দিয়ে গাছ মার যায়। পূর্ণ আকার প্রাপ্ত হয়েছে কিন্তু খোসা আঁশময় হয়নি এমন পর্যায়ে শুঁটি সংগ্রহ করলে ফলন ও গুন ভাল হয়। 2-3 দিন অন্তর শুঁটি সংগ্রহ করা যেতে পারে। হেক্টরপ্রতি ফলন 12-20 টন।
vegetable,yardlong bean,বরবটি,171,pest_disease,রোগ ও পোকামাকড় ব্যবস্থাপনা,
vegetable,yardlong bean,বরবটি,171,pest_disease,রোগ ব্যবস্থাপনা,
vegetable,yardlong bean,বরবটি,171,pest_disease,1। এ্যানথ্রাকনোজ রোগ,
vegetable,yardlong bean,বরবটি,171,other,কারণ,Colletotrichum lindemuthianum
vegetable,yardlong bean,বরবটি,171,pest_disease,রোগের লক্ষণ,"পাতার উপর কৌনিক আকৃতির লালচে বাদামী থেকে কালো দাবানো ক্ষত সৃষ্টি হয়। আর্দর অবস্থায় দাগের কেন্দ্র/ মাঝ বরাবর ছত্রাকের গোলাপী রঙের স্পোরের স্তর দেখা যায়। পরে এ দাগগুলোতে একটু উঁচু ক্ষত দেখা যায়। সংক্রমণ গুরুতর হলে পড কুচকিয়ে যায় এবং ঝরে পড়ে। আক্রান্ত বীজ বপন করলে, বীজপত্র এবং চারা গাছগুলোর কাণ্ডে একটা-দুটো দাবানো গাঢ় বাদামী থেকে কালো বর্ণের দাগ দেখা যায়। এ দাগগুলোর মাঝখানটা ছাই রঙের হয়। জীবাণু ফসলের অবশিষ্টাংশ ও বীজে বেঁচে থাকে। মাঠে এ রোগটি বৃষ্টি ও বাতাস দ্বারা ছড়িয়ে পড়ে।"
vegetable,yardlong bean,বরবটি,171,pest_disease,রোপের প্রতিকার, রোগমুক্ত পড (শুঁটি) থেকে বীজ সংগ্রহ করে ব্যবহার করতে হবে।  কার্বেন্ডিজম গ্রুপের ছত্রাকনাশক যেমন অটোস্টিন বা নোইন এর 2 গ্রাম প্রতি লিটার পানিতে দ্রবীভূত করে সে দ্রবণে বীজ 30-40 মিনিট ভিজিয়ে শোধন করা। ভেজা বীজ বপনের পূর্বে ছায়ায় শুকিয়ে নিতে হবে।  ফসল সংগ্রহ শেষে ফসলের অবশিষ্টিাংশ একত্রিত করে পুড়িয়ে ধ্বংশ করে ফেলতে হবে।  অনুমোদিত ছত্রাকনাশক অটোস্টিন/ নোইন বা ডায়থেন এম-45 প্রতি লিটার পানিতে 2 গ্রাম মিশিয়ে 7-10 দিন পর পর 3-4 বার আক্রমণের শুরু হওয়া মাত্রই প্রয়োগ করতে হবে।  অথবা ছত্রাকনাশক প্রপিকোনাজোল (টিল্ট 250 ইসি) প্রতিলিটার পানিতে 1 মিলি মিশিয়ে 7-10 দিন পর পর 3-4 বার স্প্রে করতে হবে।  যে সব ফসল (যেমন ভুট্টা) এ রোগ দ্বারা আক্রান্ত হয় না তাদের সাথে এ ফসলের 2-3 বছর শস্য পর্যায় অবলম্বন করতে হবে ।
vegetable,yardlong bean,বরবটি,171,pest_disease,2। পাউডারী মিলডিউ,
vegetable,yardlong bean,বরবটি,171,pest_disease,রোগের লক্ষণ,"Erysiphe polygoni নামক ছত্রাক দ্বারা এই রোগ সৃষ্টি হয়। এ রোগের আক্রমণ হলে পাতায় সাদা পাউডারের মত ছোট ছোট দাগ দেখা যায়। ধীরে ধীরে এ দাগ কান্ড, ফুল ও ফলে বিস্তার লাভ করে। রোগের আক্রমণ বেশি হলে সমস্ত গাছ আক্রান্ত হয় ও মারা যায়।"
vegetable,yardlong bean,বরবটি,171,pest_disease,রোগের প্রতিকার, শুটি সংগ্রহ করার পর ফসলের অবশিষ্টাংশ পুড়িয়ে ধ্বংস করে ফেলতে হবে।  রোগ প্রতিরোধী/সহনশীল জাত ব্যবহার করতে হবে।  অত্যধিক সেচ দেয়া থেকে বিরত থাকতে হবে।  সালফার জাতীয় বালাইনাশক থিওভিট 80 ডব্লিউ পি অথবা কুমুলাস ডি এফ জাতীয় ঔষুধ প্রতি লিটার পানিতে 2 গ্রাম হারে 5-7 দিন পর পর 2-3 বার স্প্রে করতে হবে।
vegetable,yardlong bean,বরবটি,171,pest_disease,রোগের কারণ/জীবাণু,Peronospora viciae নামক ছত্রাকের আক্রমণে ডাউনি মিল্ডিউ রোগ হয়ে থাকে।
vegetable,yardlong bean,বরবটি,171,pest_disease,রোগের লক্ষণ,"বীজে সংক্রমণ থাকলে মাঠে মাটি ফুঁড়ে বেরোনোর সময় চারাগাছ আক্রান্ত হয়ে মারা যায়। আক্রান্ত গাছ হালকা সবুজ বর্ণের হয়। পাতার দাগগুলো ছোট, কৌনিক আকৃতির ও হলুদ রঙের হয় এবং দাগগুলো পাতার উপরের পৃষ্ঠে শিরার কাছাকাছি সীমাবদ্ধ থাকে। আদ্র আবহাওয়ায় সৃষ্ট দাগের নিচের দিকে ধুসর থেকে পার্পল রঙের ঝুলে থাকা (downy) কিছু বৃদ্ধি দৃষ্টি গোচর হয়। রোগের প্রকোপ বাড়ার সাথে সাথে পাতার আক্রান্ত স্থান বাদামী ধুসর বর্ণের হয়, শুকিয়ে যায় এবং পুর্ণতা প্রাপ্তি হওয়ার আগেই ঝরে পড়ে। পড (শুঁটি) আক্রান্ত হলে ক্ষতস্থানে বৃহতাকৃতির বাদামী ব্লচ দেখা যায়। জীবাণুটি বীজ ও মাটি বাহিত। আদ্র আবহাওয়ায় রোগ দ্রুত ছড়িয়ে পড়ে। মাঠে এ রোগটি বৃষ্টি ও বাতাস দ্বারা বিস্তার লাভ করে।"
vegetable,yardlong bean,বরবটি,171,pest_disease,রোগের প্রতিকার, ফসলের মাঠ পরিষ্কার-পরিচ্ছন্ন রাখতে হবে।  শুঁটি সংগ্রহ করার পর ফসলের অবশিষ্টাংশ পুড়িয়ে ধ্বংস করে ফেলতে হবে।  লিগুমিনোসি বহির্ভূত ফসলের সাথে বরবটির 2-3 বছর শস্য পর্যায় অবলম্বন করতে হবে।  রোগ প্রতিরোধী/সহনশীল জাত ব্যবহার করতে হবে।  প্রাত কেজি বীজের সাথে 2.5-3.0 গ্রাম ক্যাপটান বা ডায়থেন এম-45 উত্তমরূপে মিশিঢে শোধন করা।  কার্বেন্ডিজম গ্রুপের ছত্রাকনাশক যেমন অটোস্টিন বা নোইন এর 2 গ্রাম প্রতি লিটার পানিতে দ্রবীভূত করে সে দ্রবণে বীজ 30-40 মিনিট ভিজিয়েও বীজ শোধন করে নেয়া যায়। ভেজা বীজ বপনের পূর্বে ছায়ায় শুকিয়ে নিতে হবে।  অত্যধিক সেচ দেয়া থেকে বিরত থাকতে হবে।  গ্রীষ্মে জমি গভীরভাবে চাষ দিতে হবে এবং আগাছাসমূহ দূর করতে হবে। ।  রিডোমিল গোল্ড অথবা টেবুকোনাজোল (ফলিকুর 250 ইসি) প্রতি লিটার পানিতে 1 মিলি মিশিয়ে 7-10 দিন পর পর 2-3 টি স্প্রে করে এ রোগ দমন করা যায়।
vegetable,yardlong bean,বরবটি,171,pest_disease,4। মরিচা রোগ,
vegetable,yardlong bean,বরবটি,171,pest_disease,রোগের লক্ষণ,"Uromyces fabae নামক ছত্রাকের আক্রমণে মরিচা রোগ হয়ে থাকে। পাতার নিচের দিকে, কাণ্ডে ও ফলের উপর মরিচা রঙের ছোট ছোট দাগ দেখা যায় এবং ফল পাকার পূর্বেই গাছ শুকিয়ে খড়ের মত রং ধারণ করে। উচ্চ আপেক্ষিক আর্দ্রতা, কুয়াশাচ্ছন্ন বা মেঘাচ্ছন্ন আবহাওয়া এবং রাতের তাপমাত্রা 20-22 ডিগ্রি সেলসিয়াস হলে এ রোগ সহজেই বিস্তার লাভ করে।"
vegetable,yardlong bean,বরবটি,171,pest_disease,রোগের প্রতিকার, লিগুমিনোসি বহির্ভূত ফসলের (যেমন ভুট্টা) সাথে বরবটির 2-3 বছর শস্য পর্যায় অবলম্বন করতে হবে।  রোগ প্রতিরোধী/সহনশীল জাত ব্যবহার করতে হবে।  অধিক নাইট্রোজেন সার দেয়া থেকে বিরত থাকতে হবে এবং যথেষ্ট পরিমাণে পটাশিযাম সার প্রয়োগ করতে হবে।  আক্রান্ত ফসলে প্রোপিকোনাজোল (টিল্ট 250ইসি) অথবা টেবুকোনাজোল (ফলিকুর 250 ইসি) প্রতি লিটার পানিতে 1 মিলি মিশিয়ে 7-10 দিন পর পর 2-3 টি স্প্রে করে এ রোগ দমন করা যায়। স্প্রে করার সময় খেয়াল রাখতে হবে যেন স্প্রে দ্রবণ ভালোভাবে পাতার নীচের দিকে পড়ে।
vegetable,yardlong bean,বরবটি,171,pest_disease,5। সাধারণ মোজেইক রোগ,
vegetable,yardlong bean,বরবটি,171,pest_disease,রোগের কারণ,ভাইরাস
vegetable,yardlong bean,বরবটি,171,pest_disease,রোগের লক্ষণ,"বয়স্ক গাছের পাতায় হলুদ-সবুজ ছোপ ছোপ মোজাইকের মত দাগ দেখা যায়। দাগগুলো অসম আকারের এবং দ্রুত বড় হয়। আক্রান্ত পাতা ছোট, বিকৃত ও উপরের দিকে কোকড়ানো, বিবর্ণ হয়ে যায়। পাতা চিকন ও ছোট হয়। শিরা-উপশিরাও হলুদ হয়ে যায়। প্রথমদিকে আক্রাস্ত হলে গাছগুলো খর্বাকৃতি হলুদ বর্ণের হয়। আক্রান্ত গাছে সাধারণত ফল (পড) ধরে না। ধরলে পড ছোট হয়। আক্রান্ত পডে ছোট ছোট গাঢ় সবুজ দাগ দেখা যায় এবং এগুলো দেরিতে পাকে।"
vegetable,yardlong bean,বরবটি,171,pest_disease,দমন ব্যবস্থাপনা, রোগের প্রাথমিক অবস্থায় আক্রান্ত গাছ দেখলেই তা তুলে ধ্বংস করতে হবে এবং ক্ষেতের আগাছা পরিষ্কার রাখত হবে।  রোগাক্রান্ত গাছ থেকে কোন বীজ সংগ্রহ ও ব্যবহার না করা।  ক্ষেতে বাহক পোকার উপস্থিতি দেখা দিলে একান্তর ভাবে দুটো অন্তর্বাহী ছত্রাকনাশক যেমন ইমিডাক্লোরোপিড প্রতি লিটার পানিতে 0.5 মি.লি. অথবা ডায়াজিনন (সেভিয়ন) প্রতি লিটার পানিতে 1.5 মি.লি.মিশিয়ে 10-15 দিন পর পর স্প্রে করতে হবে।  ভ্ট্টুার সাথে আন্ত:ফসল হিসেবে বরবটির চাষ করা।
vegetable,yardlong bean,বরবটি,171,pest_disease,পোকামাকড় দমন ব্যবস্থাপনা,
vegetable,yardlong bean,বরবটি,171,pest_disease,1। জাব পোকা,
vegetable,yardlong bean,বরবটি,171,pest_disease,ক্ষতির ধরন,"নিম্ফ ও পূর্ণবয়স্ক পোকা উভয়েরই ছিদ্র ও শোষণ উপযোগী মুখোপাঙ্গ রয়েছে। অসংখ্য পোকা দলবদ্ধভাবে কচি ডগা, পাতার নীচের পৃষ্ঠ, পাতার বোটা, ফুল এবং পডে আক্রমণ করে এবং সেগুলো খেকে রস চুষে খায়। সামান্য আক্রান্ত পাতা হলুদ বর্ণ ধারন করে। গুরুতরভাবে আক্রান্ত পাতা খর্বাকৃতির হয়, কুচকিয়ে যায় এবং উপরের দিকে মুড়িয়ে যায়, দেরীতে ফুল আসে, পড কুচকিয়ে যায় এবং ফলন মারাত্মক ভাবে কমে যায়। গুরুতর ভাবে আক্রান্ত গাছ মারা যায়। জাব পোকা ভাইরাস রোগের বাহক বিসাবে কাজ করে। অসংখ্য পোকা একত্রিত হয়ে আক্রান্ত স্থানে, বিশেষ করে পাতায় মধুরমত একধরনের রস নিসৃত করে এবং এখানে সুটি মোল্ড জন্মায়। এর ফলে গাছের সালোকসংশ্লেষন ক্ষমতা অনেকাংশে কমে যায়। ফলশ্রুতিতে শুঁটি (পড) এর ফলন মারাত্মকভাবে কমে যায়।"
vegetable,yardlong bean,বরবটি,171,pest_disease,দমন ব্যবস্থাপনা, আক্রান্ত পাতা ও ডগার জাব পোকা হাত দিয়ে পিষে মেরে ফেলতে হবে।  নিম বীজের দ্রবণ কেজি পরিমাণ অর্ধভাঙ্গা নিমবীজ 10 লিটার পানিতে 12 ঘন্টা ভিজিয়ে রাখতে হবে) বা সাবান গুলা পানি (প্রতি 10 লিটার পানিতে 2 চা চামচ গুঁড়া সাবান মেশাতে হবে) স্প্রে করেও এ পোকার আক্রমণ অনেকাংশে কমানো যায়।  লেডীবার্ড বিটলের পূর্ণাঙ্গ পোকা ও কীড়া এবং সিরফিড ফ্লাই-এর কীড়া জাব পোকা খেয়ে প্রাকৃতিকভাবে দমন করে। সুতরাং উপরোক্ত বন্ধু পোকাসমূহ সংরক্ষণ করলে এ পোকার আক্রমণ অনেকাংশে কম হয়।  আক্রমণের মাত্রা বেশি হলে ম্যালাথিয়ন 57 ইসি অথবা ডাইমেথোয়েট (যেমন টাফগর) এর 2 মি.লি. প্রতি লিটার পানিতে মিশিয়ে স্প্রে করতে হবে।
vegetable,yardlong bean,বরবটি,171,pest_disease,2। ফল ছিদ্রকারী পোকা,
vegetable,yardlong bean,বরবটি,171,pest_disease,ক্ষতির ধরন,"এ পোকা ফুল এবং ফল আসার সময় গাছের ক্ষতি করে থাকে। প্রথমে শীর্ষ ডগাতে আক্রমণ শুরু হয়, পরবর্তীতে পুস্পমঞ্জুরীর ফুল ও পডে আক্রমণ করে। লার্ভা এক ফুল থেকে আরেক ফুলে, দ্বিতীয় ফুল থেকে তৃতীয় ফুল এভাবে একটা লার্ভা 4 টা থেকে 6 টা ফুল ক্ষতিগ্রস্ত করে। আক্রমণের তীব্রতার অনুক্রম যথাক্রমে ফুল, ফুলের কুঁড়ি, শুঁটি (পড) এবং তারপরে পাতা। পূর্ণবয়স্ক লার্ভা, বিশেষ করে তৃতীয় ইনস্টার থেকে পড, পডের বোটা এবং মাঝেমাঝে কাণ্ডকে ক্ষতি করে। প্রথম ইনস্টার লার্ভা পড ও পাতার চেয়ে ফুলকে ভক্ষণ করতে পছন্দ করে। লার্ভা ফুলের কুঁড়ি, ফুল, শুঁটি (পড) খেয়ে জালের মত করে ফেলে।"
vegetable,yardlong bean,বরবটি,171,pest_disease,দমন ব্যবস্থাপনা, পোকা সহ আক্রান্ত ফল হাতে বাছাই করে মেরে ফেলতে হবে।  এক কেজি আধা ভাঙ্গা নিম বীজ 10 লিটার পানিতে 12 ঘণ্টা ভিজিয়ে রেখে উক্ত পানি স্প্রে করতে হবে।  আক্রমণের হার অত্যন্ত বেশী হলে সাইপারমেথ্রিন 40 ইসি জাতীয় কীটনাশক প্রতি লিটার পানিতে 1 মিলি মিশিয়ে 7-10 দিন পর পর 3-4 বার স্প্রে করতে হবে।
vegetable,yardlong bean,বরবটি,171,other,3। কালো পিপড়া,"প্রায়শই দেখ যায়, বড় কালো পিপড়ার আক্রমণে ফল ধারণ ব্যাহত হয়। এ পিপড়া দমন করে ফলন বাড়ানো যায়। এ পিপড়ার দমনের জন্য প্রতি লিটার পানিতে 2 গ্রাম সেভিন 80 ডব্লিউ পি পাওডার মিশিয়ে 7-10 দিন পর পর 2-3 বার স্প্রে করতে হবে।"
vegetable,garden pea,মটরশুঁটি,176,soil_climate,জলবায়ু ও মাটি,"মটর শীতল ও আংশিক আর্দ্র জলবায়ুর উপযোগী ফসল। 100 -180 সে. তাপমাত্রায় এটি সবচেয়ে ভাল জন্মে, 200 সে. এর উপরে তাপমাত্রা যতো বৃদ্ধি পায় ফলনও ততো কমে আসে এবং অপক্ক বীজের গুণ ততো খারাপ হয়। 300 সে. এর উপরে মটরের চাষ প্রায় অসম্ভব। মটরের জন্য দো-আশঁ মাটি সবচেয়ে ভাল। এঁটেল মাটিতে প্রায়শই রোগে চারা গাছ নষ্ট হতে দেখা যায়। মাটি অবশ্যই সুনিষ্কাশিত হতে হবে। অম্লক্ষারত্ব (pH) 5.5 থেকে 6.5 হওয়া বাঞ্ছনীয়।"
vegetable,garden pea,মটরশুঁটি,176,sowing_time,চাষের মৌসুম,"বাংলাদেশের মটর চাষের উপযোগী জলবায়ুর স্থায়িত্ব মাত্র চার মাস, নভেম্বর থেকে ফেব্রুয়ারি। নভেম্বর মাসই বীজ বোনার উৎকৃষ্ট সময়। অক্টোবরেও বীজ বোনা যেতে পারে, তবে প্রায়শই নাবি বৃষ্টিপাতের কারণে এ সময় জমি তৈরি সম্ভব হয় না। ফেব্রুয়ারির শেষ দিকে তাপমাত্র দ্রুত বৃদ্ধি পায়, এ সময় ফল না দিয়েই ফুল ঝরে পড়ে এবং গাছ পাউডারী মিলডিউ রোগে আক্রান্ত হয়। তাই ফলন পেতে হলে মৌসুমের শুরুতেই আগাম জাত লাগানো উচিত।"
vegetable,garden pea,মটরশুঁটি,176,sowing_method,জমি তৈরি ও বীজ বপন,"মটরের গাছ চারা অবস্থায় খুব দূর্বল থাকে, এ জন্য ভাল ফলন পেতে হলে মিহি করে জমি প্রস্তুত করা উচিত। কোন কোন সময় মটরের বপনকৃত বীজ পাখি এবং ছত্রাক দ্বারা ক্ষতিগ্রস্ত হয়। এজন্য বীজ কীটনাশক ও ছত্রাকনাশক দ্বারা শোধন করে লাগালে ফসলের নিশ্চয়তা বৃদ্ধি পায়। মটরে বীজ বপনের দূরত্ব গাছের উচ্চতা অনুযায়ী নির্ণয় করা হয়। খাট জাত 30 সেমি. এবং উঁচু জাত 50 সেমি. ব্যবধানে সারি করে লাগানো যেতে পারে। সারিতে খাটো এনং উঁচু জাত যথাক্রমে 15 ও 20 সে.মি.দূরত্বে বীজ বুনতে হবে। বপনের পদ্ধতি ও দূরত্ব অনুযায়ী প্রতি হেক্টরে 70-80 কেজি বীজ লাগে।"
vegetable,garden pea,মটরশুঁটি,176,fertilizer,সারের পরিমাণ (কেজি/হেক্টর),
vegetable,garden pea,মটরশুঁটি,176,fertilizer_method,সার প্রয়োগ পদ্ধতি,• শেষ চাষের সময় সম্পূর্ণ গোবর ও টিএসপি এবং অর্ধেক ইউরিয়া ও অর্ধেক এমওপি সমানভাবে ছিটিয়ে মাটির সাথে ভালো ভাবে মিাশয়ে দিতে হবে। • বাকিগোবর ও টিএসপি সার চারা লাগানোর 7 দিন পূর্বে গর্তে মাটির সাথে ভালোভাবে মিাশয়ে দিতে হবে। • বাকি অর্ধেক ইউরিয়া ও এমওপি সার 2 কিস্তিতে বীজ বপনের 20 ও 40 দিন পর সমভাবে গাছের গোড়ায় মাটির সাথে ভালোভাবে মিশিয়ে দিতে হবে।
vegetable,garden pea,মটরশুঁটি,176,intercultural,পরিচর্যা,মটরের গাছ শুয়ে পড়লে ফলন কমে যায় এবং মাটির সংস্পর্শে পাতা ও শুঁটি সহজেই রোগাক্রান্ত হয়। ভাল ফলন পেতে হলে গাছ যাতে সোজা অবস্থায় থাকে সেজন্য বাউনী দেয়া প্রয়োজন। সারি বরাবর কিছু দূরে দূরে খুঁটি পুঁতে সুতলী দিয়ে সেগুলো যুক্ত করে কম খরচে বাউনী তৈরী করা যায়।
vegetable,garden pea,মটরশুঁটি,176,harvest,ফসল সংগ্রহ ও ফলন,বীজ বোনার 35-40 দিন পর আগাম জাতে এবং 50-60 দিন পর নাবি জাতের গাছে ফুল আসে। ফুল ফোটার 20-25 দিন পর অপক্ক বীজের জন্য শুঁটি সংগ্রহ করা যায়। পূর্ণ আকার প্রাপ্ত হয়েছে কিন্তু শক্ত হয়নি এমন পর্যায়ে সংগৃহীত বীজের গুণ সবচেয়ে ভাল হয়। জাত ও ফসলের যত্ন অনুযায়ী প্রতি হেক্টওে 3-5 টন শুঁটি পাওয়া যায়। শুঁটির ওজনের 35-40% বীজ।
vegetable,garden pea,মটরশুঁটি,176,fertilizer,সার মোট সারের পরিমান শেষ চাষের সময় প্রয়োগ বীজ বপনের 20 দিন পর,
vegetable,garden pea,মটরশুঁটি,176,sowing_method,বীজ বপনের 40 দিন পর,
vegetable,garden pea,মটরশুঁটি,176,other,উপরি প্রয়োগ,গোবর 10-12 টন সম্পূর্ণ - - ইউরিয়া 100 কেজি 50 কেজি 25 কেজি 25 কেজি টিএসপি 150 কেজি সম্পূর্ণ - এমওপি 100 কেজি 50 কেজি 25 কেজি 25 কেজি
vegetable,garden pea,মটরশুঁটি,176,pest_disease,রোগ-বালাই দমন ব্যবস্থাপনা,
vegetable,garden pea,মটরশুঁটি,176,pest_disease,1। পাউডারী মিলডিউ,
vegetable,garden pea,মটরশুঁটি,176,pest_disease,রোগের লক্ষণ,"Erysiphe pisi নামক ছত্রাক দ্বারা এই রোগ সৃষ্টি হয়। এ রোগের আক্রমণ হলে পাতায় সাদা পাউডারের মত ছোট ছোট দাগ দেখা যায়। ধীরে ধীরে এ দাগ কাণ্ড, ফুল ও ফলে বিস্তার লাভ করে। রোগের আক্রমণ বেশি হলে সমস্ত গাছ আক্রান্ত হয় ও মারা যায়।"
vegetable,garden pea,মটরশুঁটি,176,pest_disease,রোগের প্রতিকার,• শুটি সংগ্রহ করার পর ফসলের অবশিষ্টাংশ পুড়িয়ে ধ্বংস করে ফেলতে হবে। • রোগ প্রতিরোধী/সহনশীল জাত ব্যবহার করতে হবে। • অত্যধিক সেচ দেয়া থেকে বিরত থাকতে হবে। • সালফার জাতীয় বালাইনাশক থিওভিট 80 ডব্লিউ পি অথবা কমুলাস ডি এফ জাতীয় ঔষুধ প্রতি লিটার পানিতে 2 গ্রাম হারে 5-7 দিন পর পর 2-3 বার স্প্রে করলে এ রোগের আক্রমণ প্রতিহত করা যায়।
vegetable,garden pea,মটরশুঁটি,176,pest_disease,2। মরিচা রোগ,
vegetable,garden pea,মটরশুঁটি,176,pest_disease,রোগের লক্ষণ,"Uromyces fabae নামক ছত্রাকের আক্রমণে মরিচা রোগ হয়ে থাকে। পাতার নিচের দিকে, কাণ্ডে ও ফলের উপর মরিচা রঙের ছোট ছোট দাগ দেখা যায় এবং ফল পাকার পূর্বেই গাছ শুকিয়ে খড়ের মত রং ধারণ করে। উচ্চ আপেক্ষিক আর্দ্রতা, কুয়াশাচ্ছন্ন বা মেঘাচ্ছন্ন আবহাওয়া এবং রাতের তাপমাত্রা 20-22 ডিগ্রি সেলসিয়াস হলে এ রোগ সহজেই বিস্তার লাভ করে।"
vegetable,garden pea,মটরশুঁটি,176,pest_disease,রোগের প্রতিকার,• দেরীতে বীজ বপন না করে মধ্য অক্টোবর থেকে মধ্য নভেম্বরের মধ্যে বীজ বপন করতে হবে। • লিগুমিনোসি বহির্ভূত ফসলের সাথে মটরশুটির 2-3 বছর শস্য পর্যায় অবলম্বন করতে হবে। • রোগ প্রতিরোধী/সহনশীল জাত ব্যবহার করতে হবে। • অধিক নাইট্রোজেন সার দেয়া থেকে বিরত থাকতে হবে। • আক্রান্ত ফসলে প্রোপিকোনাজোল (টিল্ট 250ইসি) অথবা টেবুকোনাজোল (ফলিকুর 250 ইসি প্রতি লিটার পানিতে 1 মিলি মিশিয়ে 7-10 দিন পর পর 2-3 টি স্প্রে করে এ রোগ দমন করা যায়। স্প্রে করার সময় খেয়াল রাখতে হবে যেন স্প্রে দ্রবন ভালোভাবে পাতার নীচের দিকে পড়ে।
vegetable,garden pea,মটরশুঁটি,176,pest_disease,রোগের লক্ষণ,"Peronospora pisi নামক ছত্রাকের আক্রমণে ডাউনি মিল্ডিউ রোগ হয়ে থাকে। ফুল আসার আগে পাতার নীচের পৃষ্ঠে ঝুলন্ত কিছুর বৃদ্ধি দেখা যায়। রোগের প্রকোপ বাড়ার সাথে সাথে পাতার আক্রান্ত স্থান বাদামী ধুসর বর্ণের হয়, শুকিয়ে যায় এবং পুর্ণতাপ্রাপ্তি হওয়ার আগেই ঝরে পড়ে। যদি তরুণ বর্ধিষ্ণু কাণ্ড আক্রান্ত হয় তবে এটি কুচকিয়ে যায় এবং এর বৃদ্ধি বন্ধ হয়ে য্ায় এবং পরবর্তীতে গাছ খর্বাকৃতির হয়। এ রোগ দ্বারা শুটি তখনই আক্রান্ত হয় যখন শুটিগুলো কচি এবং চ্যাপ্টা থাকে। ক্ষত স্থান ফ্যাকাশে সবুজ বর্ণের ও কমরবশী ডিম্বাকৃতির হয়, শুটির পার্শ্ব বরাবর স্পষ্ট দাগ দেখা যায় অথবা শুটিতে এ্যাবড়োথেবড়ো লম্বাটে লেশন তৈরি হয়। লেশনগুলো ক্রমান্বয়ে উজ্জ্বল হলুদ বর্ণের হয়।"
vegetable,garden pea,মটরশুঁটি,176,pest_disease,রোগের প্রতিকার,• ফসলের মাঠ পরিস্কার-পরিচ্ছন্ন রাখতে হবে। • শুটি সংগ্রহ করার পর ফসলের অবশিষ্টাংশ পুড়িয়ে ধ্বংস করে ফেলতে হবে। • লিগুমিনোসি বহিভূত ফসলের সাথে মটরশুটির 2-3 বছর শস্য পর্যায় অবলম্বন করতে হবে। • রোগ প্রতিরোধী/সহনশীল জাত ব্যবহার করতে হবে। • অত্যধিক সেচ দেয়া থেকে বিরত থাকতে হবে। • গ্রীষ্মে জমি গভীরভাবে চাষ দিতে হবে এবং আগাছাসমূহ দূর করতে হবে। । • রিডোমিল গোল্ড অথবা হেক্সাকোনাজোল (ফলিকুর 250 ইসি) প্রতি লিটার পানিতে 1 মিলি মিশিয়ে 7-10-15 দিন পর পর 2-3 টি স্প্রে করে এ রোগ দমন করা যায়।
vegetable,garden pea,মটরশুঁটি,176,pest_disease,পোকামাকড় দমন ব্যবস্থাপনা,
vegetable,garden pea,মটরশুঁটি,176,pest_disease,জাব পোকা দমন ব্যবস্থা,প্রাথমিক অবস্থায় আক্রান্ত পাতা ও ডগার জাব পোকা হাত দিয়ে পিষে মেরে ফেলা যায়। কীটনাশক ম্যালাথিয়ন 57 ইসি অথবা ডাইমেথোয়েট (যেমন টাফগর) এর 2 মিলি প্রতি লিটার পানিতে.মিশিয়ে স্প্রে করতে হবে।
vegetable,garden pea,মটরশুঁটি,176,pest_disease,ফলছিদ্রকারী পোকা দমন ব্যবস্থা,পোকা সহ আক্রান্ত ফল হাতে বাছাই করে মেরে ফেলতে হবে। এক কেজি আধা ভাঙ্গা নিম বীজ 10 লিটার পানিতে 12 ঘন্টা ভিজিয়ে রেখে উক্ত পানি স্প্রে করতে হবে। আক্রমনের হার অত্যন্ত বেশী হলে সাইপারমেথ্রিন 40 ইসি জাতীয় কীটনাশক প্রতি লিটার পানিতে 1 মি. লি.মিশিয়ে 7-10 দিন পর পর 3-4 বার স্প্রে করতে হবে।
vegetable,lettuce,লেটুস,178,other,উৎপাদন প্রযুক্তি,"সালাদ হিসেবে ব্যবহার্য যত সবজি আছে তার মধ্যে লেটুসের স্থান উপরে। শীত প্রধান অঞ্চলে এটি দৈনন্দিন খাদ্য তালিকার অংশ। টাটকা অবস্থায় খাওয়া হয় বলে লেটুসের খাদ্য প্রাণ নষ্ট হয় না, পুষ্টির দিক থেকে লেটুস একটি উৎকৃষ্ট সবজি।"
vegetable,lettuce,লেটুস,178,soil_climate,জলবায়ু ও মাটি,"লেটুস জন্মানোর উপযোগী পারিবেশ অবস্থার সীমানা বেশ বিস্তৃত এবং জাত অনুযায়ী ভিন্ন ভিন্ন। অধিকাংশ জাত 15-250 সে. তাপমাত্রায় ভাল জন্মে। উচ্চতর তাপমাত্রায় পাতা সংখ্যায় কম ও তিক্ত হয়। 250 সে. এর উপরে গাছ দ্রুত ফুল উৎপাদন করে। ইউরোপে শীতকালে কাঁচঘরে (Green house) লেটুস জন্মাতে হয়। তাপমাত্রা অধিক প্রখর হলে পাতা পুড়ে (Trip burn) যায়। লেটুসের জন্য সুনিষ্কাশিত দোআঁশ মাটি সবচেয়ে উপযোগী (অনুকূল অম্লতা 5.8-6.6)। বাংলাদেশে কেবল রবি মৌসুমে, বিশেষভাবে নভেম্বর থেকে ফেব্রুয়ারি পর্যন্ত লেটুসের চাষ করা সম্ভব।"
vegetable,lettuce,লেটুস,178,other,জীবনকাল,50-55 দিন।
vegetable,lettuce,লেটুস,178,sowing_method,চারা উৎপাদন ও বয়স,বীজ তলায় 5×5 সেমি দূরত্বে বীজ বপন করে চারা উৎপাদন করা হয়। লেটুসের বীজ আলোক সংবেদনশীল। এর বীজ ফটোব্লাস্টিক (Photoblastic)। মাঠে লেটুসের বীজের অঙ্কুরোদগম হার অনেক সময় কম হয়। 10 পিপিএম GA3 দ্রবণে বীজ 12 ঘণ্টা ভিজিয়ে বপন করলে কা•িক্ষত অঙ্কুরোদ্ম হার পাওয়া যায়। 20-22 দিনের চারা বীজ তলায় উৎপাদন করে মূল জমিতে রোপণ করতে হয়।
vegetable,lettuce,লেটুস,178,sowing_method,বীজ বপন পদ্ধতি,"বীজ সরাসরি ছিটিয়ে বা চারা রোপণ করে লেটুসের চাষ করা যায়। জাতভেদে 40-45 সেমি দূরত্বে সারি করে একটু ঘনভাবে বীজ বোনা যায়। পরবর্তী সময় দুটি গাছের মধ্যে 25-30 সেমি ব্যবধান থাকে। বৃষ্টির মৌসুম শেষ না হলে এ পদ্ধতি ঝুঁকিপূর্ণ। আগাম মৌসুমে বৃহদাকার জাত চাষ করতে হলে চারা রোপণ উত্তম। এ পদ্ধতিতে হেক্টরপ্রতি 200 গ্রাম বীজ 3×1 মিটারের 25 টি বেডে বুনতে হবে। চারার বয়স 30-40 দিন হলে চারা 40-45×25 সেমি দূরত্বে রোপণ করা হয়। বর্তমানে বাংলাদেশে অতি সীমিত আকারে লেটুসের চাষ হয়। এদেশে ক্রিস্পহেড, বাটার হেড ও ঢিলে পাতা শ্রেণির লেটুস জন্মানো হয়।"
vegetable,lettuce,লেটুস,178,fertilizer,সারের মাত্রা ও প্রয়োগ পদ্ধতি,"লেটুসের জন্য হেক্টরপ্রতি 10 টন গোবর, 200 কেজি ইউরিয়া, 75 কেজি টিএসপি এবং 100 কেজি এমওপি সুপারিশ করা হয়। স্বল্পমেয়াদি ফসল বিধায় সব সার ফসল লাগানোর পূর্বে মাটির সাথে মিশিয়ে দেয়া হয়। তবে পরিস্থিতিভেদে ইউরিয়া এক অংশ উপরি প্রয়োগ করতে হয়। ফসলে নিয়মিত সেচ দিতে হবে।"
vegetable,lettuce,লেটুস,178,harvest,ফসল সংগ্রহ,"লেটুসের ফসল সংগ্রহের সুনির্দিষ্ট সময় নেই, মাথা বাঁধার পর সংগ্রহ করতে হবে। ঢিলে পাতা জাত একবারে অথবা নিচের দিক থেকে ক্রমান্বয়ে পাতা সংগ্রহ করা যেতে পারে।"
vegetable,lettuce,লেটুস,178,yield,ফলন,হেক্টরপ্রতি 20-35 টন। বারি লেটুস-1
vegetable,stem amaranth,ডাঁটা,180,soil_climate,জলবায়ু ও মাটি,ডাঁটা উষ্ণ ও আদ্র জলবায়ুর উপযোগী ফসল। 20-300 সেঃ তাপমাক্রায় এটি সবচেয়ে ভালো জন্মে। গাছের দ্রুত বৃদ্ধি ও উচ্চ ফলনের জন্য পূর্ণ আলো প্রয়োজন। ডাঁটার জন্য উর্বর ও গভীর মাটি প্রয়োজন। সুনিষ্কাশিত অথচ সঁ্যাতস্যাতে থাকে এমন মাটিতে এটি সবচেয়ে ভলো জন্মে।
vegetable,stem amaranth,ডাঁটা,180,other,শাক হিসেবে,বীজ বপনের 40-45 দিন পর্যন্ত।
vegetable,stem amaranth,ডাঁটা,180,other,ডাঁটা,বীজ বপনের 60-65 দিন পর্যন্ত।
vegetable,stem amaranth,ডাঁটা,180,other,বীজ ফসলের জন্য,বীজ বপনের 125-140 দিন পর্যন্ত।
vegetable,stem amaranth,ডাঁটা,180,sowing_time,বপন সময়,ফেব্রুয়ারী থেকে জুন মাস বীজ বপনের জন্য উপযুক্ত সময়। তবে সেচের ব্যবস্হা থাকলে ডাঁটার বীজ সারা বছরই বপন করা যায়।
vegetable,stem amaranth,ডাঁটা,180,seed_rate,বীজের হার,সারিতে বপনের জন্য ঃ 1.0-1.5 কেজি/হেক্টর (4-6 গ্রাম/শতাংশ) ছিটিয়ে বপনের জন্য ঃ 2-3 কেজি/হেক্টর (8-12 গ্রাম/শতাংশ)
vegetable,stem amaranth,ডাঁটা,180,land_preparation,জমি তৈরী,"জমি গভীর ভাবে চাষ দিয়ে বড় ঢেলা ভেঙ্গে মাটি ঝুরঝুরে করতে হবে এবং শেষ চাষের সময় নির্ধারিত মাত্রায় গোবর, টিএসপি ও এমপি সার মিশিয়ে দিতে হবে। সারিতে বীজ বপন করলে নিম্নরূপে বেড প্রস্তুত করতে হবে।"
vegetable,stem amaranth,ডাঁটা,180,other,বেডের প্রস্থ,1 মি বেডের দৈর্ঘ্য : জমির দৈর্ঘেয অনুযায়ী সারি থেকে সারির দূরত্ব : 25 সেমি নালার আকার : প্রস্থ 30 সেমি; গভীরতা 15 সেমি
vegetable,stem amaranth,ডাঁটা,180,sowing_method,বীজ বপন, সারিতে (25 সেমি দূরে দূরে) কাঠির সাহায্যে 1.0-1.5 সেমি গভীর লাইন টানতে হবে। লাইনে বীজ বপন করে হাত দিয়ে গর্ত বন্ধ করে দিতে হবে।  বীজ ছিটিয়ে বপন করলে বীজের সাথে সমপরিমান ছাই বা পাতলা বালি মিশিয়ে নিলে সমভাবে বীজ পড়বে। বপনের পর হালকা ভাবে মই দিয়ে বীজ ঢেকে দিতে হবে।  বীজ বপনের পর ঝাঝরি দিয়ে হালকা করে কয়েক দিন পানি দিতে হবে। তাহলে বীজ দ্রুত এবং সমান ভাবে গজাবে।
vegetable,stem amaranth,ডাঁটা,180,fertilizer,সার প্রয়োগ,
vegetable,stem amaranth,ডাঁটা,180,intercultural,পরবর্তী পরিচর্যা," গাছের স্বাভাবিক বৃদ্ধির জন্য জমিকে আগাছামুক্ত রাখা আবশ্যক।  প্রয়োজন মত জমিতে সেচ দিতে হবে, নাহলে কান্ড দ্রুত আঁশযুক্ত হয়ে ডাটার গুনগুন ও ফলন কমে যাবে।  মাটির চটা ভেঙ্গে মাটি ঝুরঝুরে করে দিলে গাছ দ্রুত বৃদ্ধি পায় এবং গোড়া পচা রোগ রোধ হয়।  চারা গজানোর 7 দিন পর হতে পর্যায়ক্রমে গাছ পাতলাকরণের কাজ করতে হবে। জাতভেদে 5-10 সেমি অস্তর গাছ রেখে বাকি চারা তুলে শাক হিসেবে ব্যবহ্নত হতে পারে।  ডাটা যেহেতু দ্রুত বর্ধনশীল ফসল তাই সঠিক সময়ে ইউরিয়া সার উপরি প্রয়োগ করে পানি সেচ দিতে হবে।"
vegetable,stem amaranth,ডাঁটা,180,harvest,ফসল সংগ্রহ,ডাঁটার কাণ্ডের মাঝামাঝি ভাঙ্গার চেষ্টা করলে যদি সহজে ভেঙ্গে যায় তাহলে বুঝতে হবে ডাটা আঁশমুক্ত আছে। এ অবস্থাই ডাটা সংগ্রহের উপযুক্ত সময় । সাধারনত বীজ বপনের 55-60 দিনের মধ্যে সংগ্রহ করতে হবে।
vegetable,stem amaranth,ডাঁটা,180,yield,ফলন,শাক হিসাবে হেক্টরপ্রতি 10-15 টন (40-60 কেজি/শতাংশ) এবং ডাটা হিসাবে হেক্টরপ্রতি 45-50 টন (180-200 কেজি/শতাংশ) ।
vegetable,stem amaranth,ডাঁটা,180,other,বীজ উৎপাদন," ডাটা একটি পরপরাগী উদ্ভিদ। সে কারণে জাতের বৈশিষ্ট্য অক্ষূন্ন রাখার জন্য দুইটি জাতের মধ্যে প্রজনন বীজের ক্ষেত্রে 1000 মিটার আর ভিত্তি বীজের জন্য 500 মিটার পৃথকীকরণ দূরত্ব বজায় রাখা উচিৎ।  বীজ উৎপাদনের ক্ষেত্রে ডাটা সারিতে বপন করা উচিৎ। সারি থেকে সারি 40 সে.মি. এবং গাছ থেকে গাছের দুরত্ব 20-30 সে. মি. রাখা যেতে পারে।  বীজ ফসলের জন্য হেক্টর প্রতি অতিরিক্ত 50 কেজি (200 গ্রাম শতাংশে) ইউরিয়া, 35 কেজি (150 গ্রাম শতাংশে) টিএসপি, এবং 30 কেজি (125 গ্রাম শতাংশে) এমওপি সার প্রয়োগ করলে ভাল বীজের ফলন পাওয়া যায়।  গাছে ফুল আসার পর বীজ পাকতে কমপক্ষে এক মাস সময় লাগে। ফুল গুচ্ছের এক অংশে অঙুল দিয়ে ঘষা দিলে যদি কালো বীজ বাহির হয়ে আসে তাহলে বীজ ফসল সংগ্রহ করা যেতে পারে। বীজ সংগ্রহের পর ভালো করে রৌদ্রে শুকাতে হবে এবং পরিস্কার করে শুকনা পাত্রে সংরক্ষণ করতে হবে।"
vegetable,stem amaranth,ডাঁটা,180,yield,বীজের ফলন,হেক্টর প্রতি 500-800 কেজি।
vegetable,stem amaranth,ডাঁটা,180,fertilizer,সারের নাম,
vegetable,stem amaranth,ডাঁটা,180,land_preparation,জমি তৈরির,
vegetable,stem amaranth,ডাঁটা,180,sowing_method,(চারা লাগানোর 10,
vegetable,stem amaranth,ডাঁটা,180,sowing_method,(চারা লাগানোর 25,
vegetable,stem amaranth,ডাঁটা,180,other,/বিঘা),কিচেন কম্পোষ্ট 3.0 টন
vegetable,stem amaranth,ডাঁটা,180,other,401.0,201.0 200.0 - - ভার্মিকম্পোষ্ট 1.50 টন
vegetable,stem amaranth,ডাঁটা,180,other,200.0,100.0 100.0 - - ইউরিয়া 188.0 কেজি 25.0 - - 12.50 12.50 টিএসপি 112.0 কেজি 15.0 - 15.0 - - এমওপি 112.0 কেজি 15.0 - 15.0 - - জিপসাম 56.0 কেজি 7.50 -- 7.50 - -
vegetable,stem amaranth,ডাঁটা,180,pest_disease,পোকামাকড় ব্যবস্থাপনা,
vegetable,stem amaranth,ডাঁটা,180,other,1।,জাব পোকা
vegetable,stem amaranth,ডাঁটা,180,pest_disease,ক্ষতির লক্ষণ," প্রাপ্ত ও অপ্রাপ্ত বয়স্ক জাব পোকা দলবদ্ধ ভাবে গাছের নতুন ডগা বা পাতার রস চুষে খেয়ে থাকে। ফলে পাতা বিকৃত হয়ে যায়, বৃদ্ধি ব্যহত হয় ও প্রায়শ নীচের দিকে কোঁকড়ানো দেখা য়ায়।  মেঘলা, কুয়াশাচ্ছন্ন এবং ঠাণ্ডা আবহাওয়ায় এদের বংশ বৃদ্ধি বেশী হয়। প্রচুর পরিমাণে বৃষ্টি হলে এদের সংখ্যা কমে যায়।"
vegetable,stem amaranth,ডাঁটা,180,pest_disease,দমন ব্যবস্থাপনা, প্রাথমিক অবস্থায় আক্রান্ত পাতা ও ডগার জাব পোকা হাত দিয়ে পিষে মেরে ফেলতে হবে।  নিম বীজের দ্রবন (1 কেজি পরিমাণ অর্ধভাঙ্গা নিম বীজ 10 লিটার পানিতে 12 ঘণ্টা ভিজিয়ে রাখতে হবে) স্প্রে করেও পোকার আক্রমণ অনেকাংশে কমানো যায়।  আক্রমণের মাত্রা বেশী হলে স্বল্পমেয়াদী বিষ ক্রিয়া সম্পন্ন কীটনাশক ম্যালাথিয়ন 57 ইসি (ফাইফানন/সাইফানন) (প্রতি লিটার পানিতে 2 মি. লি. হারে) অথবা ডাইমেথয়েট (টাফগর) (প্রতি লিটার পানিতে 1 মি.লি. হারে) মিশিয়ে স্প্রে করতে হবে।
vegetable,stem amaranth,ডাঁটা,180,pest_disease,রোগবালাই ব্যবস্থাপনা,1। মরিচা রোগ
vegetable,stem amaranth,ডাঁটা,180,pest_disease,রোগের লক্ষণ,"পাতার নীচের দিকে সাদা থেকে হালকা হলুদাভাব একটু উচু ধরনের দাগ দেখা যায়। দাগের চারিদিকের টিস্যু (কোষগুলো) পুড়ে যাওয়ার মত হয়, পরে সেগুলো লালচে বা মরিচা রং ধারণ করে এবং পাতাগুলি মরে যায়।"
vegetable,stem amaranth,ডাঁটা,180,pest_disease,দমন ব্যবস্থাপনা, রোগমুক্ত ভাল বীজ ব্যবহার করতে হবে।  বীজ ফসলে আক্রমণের শুরুতেই প্রয়োগ করতে হবে। অনুমোদিত ছত্রাকনাশক অটোস্টিন/ নোইন প্রতি লিটার পানিতে 2 গ্রাম মিশিয়ে 7-10 দিন অন্তর 2-3 বার স্প্রে করতে হবে।  ডাইথেন এম-45 নামক ছত্রাকনাশক প্রতি লিটার পানিতে 1.5 গ্রাম মিশিয়ে 15 দিন অন্তর 2-3 বার স্প্রে করতে হবে। স্প্রে করার এক সপ্তাহ পর ফসল সংগ্রহ করা যাবে।  বীজ-ফসলে অব্যশই ছত্রাকনাশক প্রপিকোনাজোল (টিল্ট 250 ইসি) বা হেক্সাকোনাজোল (ফলিকুর 250 ইসি) প্রতি লিটার পানিতে 1 মি.লি. মিশিয়ে 7-10 দিন অন্তর 3-4 বার স্প্রে করে ক্ষেত রোগমুক্ত রাখতে হবে। 2। এনথ্রাকনোজ
vegetable,stem amaranth,ডাঁটা,180,pest_disease,রোগের লক্ষণ,
vegetable,stem amaranth,ডাঁটা,180,pest_disease,এ রোগের আক্রমণে গাছের আক্রান্ত অংশ যেমন পাতা ও কাণ্ড ক্রমশ উপর হতে মরতে থাকে । একে,
vegetable,stem amaranth,ডাঁটা,180,other,ডাইব্যাক বলে।, পাতায় গোলাকৃতি দাগ দেখা যায়। আক্রান্ত অংশ খুলে পড়ে ও পাতা ছিদ্রযুক্ত হয়।  কাণ্ডে লম্বাটে কালো দাগ দেখা যায়।  বীজের পরিপুষ্টতা হ্রাস পায় এবং গজানোর ক্ষমতাও কমে যায়।
vegetable,stem amaranth,ডাঁটা,180,pest_disease,দমন ব্যবস্থাপনা, এ রোগটি বীজবাহিত তাই রোগমুক্ত ভাল বীজ ব্যবহার করলে রোগ হওয়ার সম্ভাবনা অনেকাংশে কমে যায়।  গাছের পরিত্যক্ত অংশ ও আগাছা একত্রিত করে ধ্বংশ করে ফেলতে হবে।  কার্বেণ্ডাজিম গ্রুপের ছত্রাকনাশক যেমন অটোষ্টিন বা নোইন এর 2 গ্রাম প্রতিলিটার পানিতে দ্রবীভূত করে সে দ্রবনে বীজ 30 মিনিট ভিজিয়ে শোধন কর্।া ভেজা বীজ বপনের পূর্বে ছায়ায় শুকিয়ে নিতে হবে।  আক্রমণ বেশী হলে প্রতিলিটার পানিতে 0.5 মি.লি. প্রপিকোনাজোল (টিল্ট 250 ইসি) মিশিয়ে 7-10 দিন অন্তর 3-4 বার স্প্রে করে ক্ষেত রোগমুক্ত রাখতে হবে। 3। ডাঁটার ঢলে পড়া রোগ
vegetable,stem amaranth,ডাঁটা,180,pest_disease,রোগের লক্ষণ, ছত্রাক গাছের নীচের দিকে মাটি সংলগ্ন স্থানে বা মাটির কাছাকাছি কাণ্ডে আক্রমণ করে এবং গাড় বাদামী ও দাবানো ক্যাংকার সৃষ্টি করে।  ক্রমে এই ক্যাংকারজনিত দাগ কাণ্ডের চতুর্দিক বেষ্টন করে ফেলে।  রোগের অনুূকূল অবস্থায় 4-5 দিনের মধ্যে চারা নেতিয়ে পড়ে এবং পরবর্তীতে পঁচে মারা যায়।  মাঠে বীজ গজানোর হার কম হয়। অনেক সময় মাটির নীচে অঙ্কুিরত বীজের ভ্রূণমূল ও ভ্রূণকাণ্ড রোগে আক্রান্ত হয়ে মারা যায় এবং চারা মাটি ভেদ করে উপরে উঠতে ব্যর্থ হয়।
vegetable,stem amaranth,ডাঁটা,180,pest_disease,দমন ব্যবস্থাপনা,
vegetable,stem amaranth,ডাঁটা,180,sowing_method,খুব গভীরে এবং ঘন করে বীজ বপন করা থেকে দূরে থাকতে হবে।,
vegetable,stem amaranth,ডাঁটা,180,sowing_method,চারায় বা গাছে বেশী পানি দেয়া বন্ধ রাখতে হবে।, কার্বেন্ডিজম গ্রুপের ছত্রাকনাশক যেমন অটোস্টিন এর 2 গ্রাম প্রতিলিটার পানিতে দ্রবীভূত করে সে দ্রবণে বীজ 30 মিনিট ভিজিয়ে শোধন কর্।া ভেজা বীজ ছায়ায় শুকিয়ে নিয়ে বপন করতে হবে।  রোগ দেখা দেওয়ার সাথে সাথে প্রতি লিটার পানিতে 0.5 মি.লি. প্রপিকোনাজোল (টিল্ট 250 ইসি) মিশিয়ে 7-10 দিন পর পর 3-4 বার স্প্রে করতে হবে। 4। পাতার দাগ রোগ
vegetable,stem amaranth,ডাঁটা,180,pest_disease,রোগের লক্ষণ,এ রোগের আক্রমণ হলে পাতায় ছোপ ছোপ দাগের সৃষ্টি হয়। দাগগুলো গোলাকার থেকে তির্যকাকৃতির হয়। দাগের মাঝখান হালকা ধুসর বর্ণের হয় এবং দাগের চারিদিকে গাড় বাদামি বর্ণের বলয় সৃষ্টি হয়। রোগের মারাত্মক আক্রমণ হলে ছোট ছোট দাগগুলো একত্রিত হয়ে বড় দাগের সৃষ্টি করে এবং এতে সবজীর মান কমে যায়।
vegetable,stem amaranth,ডাঁটা,180,pest_disease,দমন ব্যবস্থাপনা, ফসলের মাঠ পরিষ্কার পরিচ্ছন্ন কাখতে হবে এবং ফসল সংগ্রহের পর ফসলের অবশিষ্টাংশ একত্রিত করে পুড়িয়ে ফেলতে হবে।  রোগমুক্ত ফুল গুচ্ছ থেকে নীরোগ বীজ সংগ্রহ করতে হবে।  এ রোগের আক্রমণ বেশী হলে প্রতি লিটার পানিতে 1 মি.লি. প্রপিকোনাজোল (টিল্ট 250 ইসি) বা 2 গ্রাম ম্যানকোজেব (ডায়থেন এম-45) মিশিয়ে 7-10 দিন পর পর 2-3 বার স্প্রে করে দমন করা যায়।
vegetable,cauliflower,ফুলকপি,184,soil_climate,জলবায়ু ও মাটি,সেচ ও পানি নিকাশের সুবিধা আছে এমন জমি ফুলকপি চাষের জন্য উপযুক্ত। অবশ্য প্রয়োজনীয় পরিচর্যায় সব রকমের মাটিতেই ফুলকপির চাষ করা সম্ভব। আগাম ফসলের জন্য দোআঁশ মাটি নির্বাচন করা যেতে পারে। তবে ফুলকপির সফল চাষের জন্য মাটিতে যথেষ্ট জৈব সার থাকা দরকার এবং মাটির অম্লতা (pH) 6.0 থেকে 6.5 হলে ভাল হয়। ফুলকপির বৃদ্ধির জন্য ঠাণ্ডা ও আর্দ্র জলবায়ু উত্তম। ফুলকপি চাষের জন্য সবচেয়ে অনুকূল মাসিক গড় তাপমাত্রা 15-220 সে.।
vegetable,cauliflower,ফুলকপি,184,seed_rate,বীজ বপনের সময় এবং বীজের পরিমাণ,আগাম জাতের ফুলকপির বীজ বপনের উপযুক্ত সময় আগস্ট মাস (মধ্য শ্রাবণ থেকে মধ্য ভাদ্র)। মাঝারি জাতের ফুলকপির বীজ বপন করতে হয় সেপ্টেম্বর মাসে (মধ্য আশ্বিন)। আর নাবি জাতের বীজ অক্টোবর মাস (মধ্য আশ্বিন থেকে মধ্য কার্তিক)। হেক্টরপ্রতি ফুলকপি চাষের জন্য বীজের প্রয়োজন হয় 200-250 গ্রাম।
vegetable,cauliflower,ফুলকপি,184,sowing_method,চারা উৎপাদন,"ফুলকপি চাষের জন্য চারা উৎপাদন অত্যন্ত গুরুত্বপূর্ণ। আমাদের দেশে সাধারণত ফুলকপির বীজ সরাসরি বীজতলায় বপন করা হয়। চারাগুলি দ্বিতীয় বীজতলায় স্থানান্তর করা হয় না। এতে বীজের পরিমাণ বেশি লাগে। উপরন্তু চারার স্বাস্থ্য ভাল হয় না। অথচ ভাল ফসল পেতে হলে সুস্থ সবল চারা লাগাতে হয়। তাই প্রাথমিকভাবে বীজতলায় ঘন করে বীজ ফেলতে হয়। বীজ গজানোর 10-12 দিন পর গজানো চারা দ্বিতীয় বীজতলায় স্থানান্তর করতে হয়। প্রতিটি বীজতলার আকার পাশে 1 মিটার এবং লম্বায় 3 মিটার হওয়া বাঞ্ছনীয়। এতে অন্তর্বর্তীকালীন পরিচর্যা করতে সুবিধা হয়। এক হেক্টর জমির চারা উৎপাদন করতে 20টি বীজতলার প্রয়োজন হয়। বীজতলার মাটি সমপরিমাণ বালি, মাটি ও কম্পোস্ট মিশিয়ে ঝুরঝুরে করে তৈরি করতে হয়। দ্বিতীয় বীজতলায় চারা স্থানান্তরের 7/8 দিন পূর্বে প্রতিটি বীজতলায় 150 গ্রাম টিএসপি, 100 গ্রাম ইউরিয়া ও 100 গ্রাম এমপি মিশিয়ে প্রয়োগ করতে হয়। পরবর্তীতে চারা বৃদ্ধির হার কম হলে প্রতিটি বীজতলায় 80-100 গ্রাম ইউরিয়া ছিটিয়ে দিতে হবে।"
vegetable,cauliflower,ফুলকপি,184,land_preparation,জমি তৈরি,সারা দিন রোদ পায় এমন জমি ফুলকপি চাষের জন্য নির্বাচন করা উচিত। গভীর চাষ দিয়ে জমি তৈরি করতে হবে। এরপর দু’সারিতে চারা রোপণের জন্য 1 মি. চওড়া 15 থেকে 20 সেমি উঁচু মিড়ি (বেড) তৈরি করতে হবে। সেচ ও পানি নিকাশের সুবিধার জন্য মিড়িতে চারা রোপণ করাই ভাল। মিড়ির দৈর্ঘয জমির আকৃতি এবং কাজের সুবিধা বিবেচনা করে যত ইচ্ছা করা যেতে পারে। পাশাপাশি দুই মিড়ির মাঝখানে 30 সেমি প্রশস্ত এবং 15-20 সেমি গভীর পিলি (নালা) থাকবে। পিলির মাটি তুলেই মিড়ি তৈরি করা হয়। সেচ দেয়া এবং পানি নিকাশের জন্য নালা অত্যন্ত জরুরি।
vegetable,cauliflower,ফুলকপি,184,fertilizer,সারের পরিমাণ ও প্রয়োগ পদ্ধতি,ফুলকপির একরপ্রতি ফলন যথেষ্ট ভালো। তাই জমিতে সারের কমতি হলে গাছের বৃদ্ধি আশানুরুপ হয় না এবং পরবর্তীতে ফলন কমে যায়। তাই ফুলকপির জমিতে জৈব এবং রাসায়নিক উভয় প্রকারের সার প্রয়োগ করা উচিত। ফুলকপি চাষের জমি সাধারণত নিন্মোক্ত হারে সার প্রয়োগের সুপারিশ করা হয়।
vegetable,cauliflower,ফুলকপি,184,fertilizer,হেক্টরপ্রতি সারের পরিমাণ ও প্রয়োগ পদ্ধতি,
vegetable,cauliflower,ফুলকপি,184,sowing_method,চারা রোপণ,বীজ বপণের 30-35 দিনের মধ্যেই চারা জমিতে রোপণের উপযুক্ত হয়। এসময় প্রতিটি চারায় 5-6টি প্রকৃত পাতা হয়ে থাকে। জমির উর্বরতা এবং গাছের বৃদ্ধির উপর রোপণের দূরত্ব নির্ভর করে। ফুলকপির চারা দু’সারি পদ্ধতিতে রোপণ করা হয়। সাধারণত এক মিটার প্রশস্ত মিড়িতে 60 সেমি দূরত্বে দু’সারিতে 45 সেমি দূরে দূরে চারা রোপণ করা হয়। রোপণের জন্য চারা একদিন পূর্বে নার্সারি বীজতলা ভালভাবে ভিজিয়ে নিতে হবে। এতে চারা উঠানো সহজ হয় এবং চারার শিকড় ক্ষতিগ্রস্ত হয় না। ঠাণ্ডার দিনে বা বিকালেই চারা উঠানো এবং রোপণ করা উচিত। কারণ রাতের বেলা চারা ধকল সামলিয়ে উঠতে পারে। রোপণের পরপরই গোড়ায় সেচ দিলে ক্ষতিগ্রস্ত হয় না বরং চারা কম মারা যায়। তবে কিছু সংখ্যক চারা নষ্ট হয়ে থাকে। রোপণের 7 খেকে 10 দিনের মধ্যেই অতিরিক্ত চারা রোপণ করে খালি জায়গাগুলি পূরণ করতে হবে।
vegetable,cauliflower,ফুলকপি,184,intercultural,পরবর্তী পরিচর্যা,রোপণের পর প্রথম 4-5 দিন পরপরই সেচ দিতে হবে। পরবর্তীতে 8-10 দিন অন্তর বা প্রয়োজন অনুযায়ী সেচ দিলেই চলবে। সেচ পরবর্তী জমিতে ‘জো’ আসলে ফুলকপির স্বাভাবিক বৃদ্ধির জন্য চটা ভেঙ্গে দিতে হবে এবং জমি আগাছামুক্ত রাখতে হবে। সারের উপরি প্রয়োগ যথাসময়ে করতে হবে। উল্লেখ্য সারের উপরি প্রয়োগের পর অবশ্যই সেচ দিতে হবে। পানি সেচ ও নিকাশের জন্য নালা সবসময় পরিষ্কার রাখতে হবে।
vegetable,cauliflower,ফুলকপি,184,harvest,ফসল সংগ্রহ,"রোপণের পর গাছে যখন 12 থেকে 15টি পাতা হয় তখনই প্রপুস্প মঞ্জুরী দেখা যায়। নাবি জাতসমূহে বা যে সমস্ত জাত দ্বি-বর্ষজীবী সে ক্ষেত্রে 25-30 পাতা হওয়ার পর প্রপুস্প মঞ্জুরী দেখা যায়। এরপর প্রপুস্পমঞ্জুরী পূর্ণ আকার ধারণ করতে আরও 15 দিন সময় লাগে। জাতভেদে রোপণের 40-45 দিন পর প্রপুস্পমঞ্জুরী দেখা যায় এবং 80-90 দিন পর সংগ্রহের উপযুক্ত হয়। অবশ্য নাবি জাতে বিশেষ করে যেগুলি দ্বি-বর্ষজীবী সে গুলো আরও অনেক বেশি সময় নিয়ে থাকে। ফুলকপির প্রপুস্পমঞ্জুরী একটি নির্দিষ্ট আকার লাভ করার পর দৃঢ়, ঠাসা এবং আকর্ষণীয় অবস্থায় সংগ্রহ করা ভাল। পাতা যাতে ফুলকপির প্রপুস্পমঞ্জুরীকে আঘাত থেকে রক্ষা করতে পারে সেজন্য পাতাসহ ফুলকপি আহরণ বা সংগ্রহ করতে হয়।"
vegetable,cauliflower,ফুলকপি,184,yield,ফলন,উপযুক্ত পরিচর্যার মাধ্যমে হেক্টরপ্রতি 25 থেকে 35 টন ফুলকপি পাওয়া যায়। সারের নাম মোট পরিমাণ শেষ চাষের সময় প্রয়োগ চারা রোপণের পূর্বেগর্তেপ্রয়োগ প্রথম কিস্তি(রোপণের 15 দিন পর) দ্বিতীয় কিস্তি(রোপণের 35 দিন পর) গোবর 10 টন 5 টন 5 টন - - ইউরিয়া 150 কেজি - - 75 কেজি 75 কেজি টিএসপি 150 কেজি 75 কেজি 75 কেজি - - এমওপি 120 কেজি - - 60 কেজি 60 কেজি জিপসাম 100 কেজি 100 কেজি - - বোরিক এসিড 10 কেজি 10 কেজি - - -
vegetable,cauliflower,ফুলকপি,184,other,ফুলকপির বীজ উৎপাদন,যে সব ফুলকপির জাত এদেশীয় আবহাওয়ায় উৎপাদন অনুকূল সেসব জাতের বীজ উৎপাদন করা সম্ভব। তবে ফুলকপি পরপরাগায়িত ফসল। এর বীজ উৎপাদনের জন্য অন্য জাত থেকে কমপক্ষে 1000 মিটার প্রাথকীকরণ দূরত্ব বজায় রাখতে হবে। সাধারণত নির্বাচিত সবচেয়ে ভাল ফুলকপিগুলি সংগ্রহ না করে মাঠেই রাখা যেতে পারে। সেখানেই প্রপুষ্প মঞ্জুরীগুলি ফুলে পরিণত হবে এবং মার্চ/এপ্রিল মাসে অর্থাৎ চৈত্র মাসেই বীজ সংগ্রহের উপযুক্ত হয়। এ পদ্ধতিতেই সবচেয়ে বেশি বীজ পাওয়া যায়। যেহেতু নির্বাচিত গাছগুলি ক্ষেতে দূরে দূরে থাকে এগুলি পরিচর্যা ব্যয়সাধ্য হয়ে পড়ে। তাছাড়া জমিও পড়ে থাকে। এসব বিষয় বিবেচনা করে বীজের জন্য নির্বাচিত গাছগুলি পুষ্পমঞ্জুরীসহ উঠিয়ে যথাযথ সার এবং যত্নসহকারে তৈরি একটি জায়গায় 75 সেমি × 75 সেমি দূরত্বে রোপণ করা যেতে পারে। স্থানান্তরের সময়ে প্রপুষ্পমঞ্জুরীর মধ্যবর্তী অংশ কেটে ফেলতে হয়। এতে বীজের মান উন্নত হয়। মৌমাছি যাতে ভিড়তে পারে সে ব্যবস্থা নিতে হবে এবং এসময় কোন কীটনাশক ছিঠানো ঠিক হবে না।
vegetable,cabbage,বাঁধাকপি,186,soil_climate,জলবায়ু ও মাটি,প্রায় সব ধরনের মাটিতে বাঁধাকপি জন্মানো যায়। তবে দোআঁশ ও পলি দোআঁশ মাটি উত্তম।
vegetable,cabbage,বাঁধাকপি,186,sowing_method,জমি তৈরি ও চারা রোপণ,গভীর চাষ দিয়ে মাটির ঢেলা ভেঙ্গে আগাছা পরিষ্কার করে ভালভাবে বাঁধাকপির জন্য জমি তৈরি করতে হয়।
vegetable,red amaranth,লালশাক,189,soil_climate,মাটি,প্রায় সব ধরনের মাটিতেই সার বছর ‘বারি লালশাক-1’ এর চাষ করা যায়। তবে শীত মৌসুমে লালশাকের ফলন বেশি হয়। গ্রীষ্ম মৌসুমে পানি নিষ্কাশনের সুবিধাযুক্ত জমিতে লালাশাক চাষ করা যায়। দোআঁশ বা বেলে দোআঁশ মাটি লালশাকের জন্য উত্তম।
vegetable,red amaranth,লালশাক,189,land_preparation,জমি তৈরি,জমি খুব ভালভাবে চাষ ও মই দিয়ে তৈরি করতে হবে। মাটি ও জমির প্রকার ভেদে 4টি চাষ ও মই দিতে হয়।
vegetable,red amaranth,লালশাক,189,sowing_method,বীজ বপন,লালশাক বীজ ছিটিয়ে ও সারিতে বপন করা যায়। তবে সারিতে বপন করা সুবিধাজনক। সারি থেকে সারির দূরত্ব 20 সেমি দিতে হবে। একটি কাঠির সাহায্যে 1.5-2.0 সেমি গভীর লাইন টেনে বীজ বুনে মাটি সমান করে দিতে হবে।
vegetable,red amaranth,লালশাক,189,sowing_time,বপনের সময়,সারা বছরই এ জাতের লালশাক চাষ করা যায়।
vegetable,red amaranth,লালশাক,189,seed_rate,বীজের হার,হেক্টরপ্রতি 2.0-2.5 কেজি।
vegetable,red amaranth,লালশাক,189,intercultural,অন্তর্বর্তীকালীন পরিচর্যা,বীজ গজানোর 1 সপ্তাহ পর প্রত্যেক সারিতে প্রতি 5 সেমি অন্তর গাছ রেখে অন্যান্য গাছ তুলে ফেলতে হবে। নিড়ানি দিয়ে জমি আগাছামুক্ত রাখতে হবে। জমির উপরিভাগে মাটিতে চটা হলে নিড়ানি দেওয়ার সময় তা ভেঙ্গে দিতে হবে।
vegetable,spinach,পালংশাক,190,other,উৎপাদন প্রযুক্তি,"বাংলাদেশের মাটি ও আবহাওয়া পালংশাক একটি কষ্ট সহিঞ্চু উদ্ভিদ। জৈব পদার্থ সমৃদ্ধ দো-আঁশ মাটিতে পালং শাক ভালো জন্মে। গাছের দৈহিক বৃদ্ধির জন্য 15-250 সে. তাপমাত্রা সবচেয়ে উপযোগী। এ উদ্ভিদ দ্বি-বর্ষজীবী, শীতের আবেশ না পেলে ফুল ধারণ করে না। উচ্চ তাপমাত্রায়ও পাতা ভক্ষণযোগ্য হয়। তবে উচ্চ তাপমাত্রায় জন্মানো শাক স্বাদে ভাল হয় না। খরিফের শেষ ভাগ থেকে পুরো রবি মৌসুমব্যাপী জন্মানো যায়। আগাম হিসেবে আগষ্ট মাস থেকে বোনা যেতে পারে। তবে অক্টোবর থেকে জানুয়ারি মাসের মধ্যে বপন করলেও ভাল ফলন পাওয়া যায়।"
vegetable,spinach,পালংশাক,190,sowing_time,উৎপাদন মৌসুম,এটি শীতকালীন পাতা জাতীয় ফসল
vegetable,spinach,পালংশাক,190,sowing_time,বপনের সময়,অক্টোবর থেকে নভেম্বর মাসে বীজ বপন করতে হয়। সারের পমিাণ ও প্রয়োগ পদ্ধতি (হেক্টর ও শতাংশপ্রতি)
vegetable,spinach,পালংশাক,190,yield,ফলন,35 টন/হেক্টর
vegetable,spinach,পালংশাক,190,fertilizer,সার,
vegetable,spinach,পালংশাক,190,fertilizer,মোট সারের পরিমাণ জমি তৈরির সময় + শেষ,
vegetable,spinach,পালংশাক,190,sowing_time,চাষের সময়,
vegetable,spinach,পালংশাক,190,sowing_method,চারা রোপণের,
vegetable,spinach,পালংশাক,190,sowing_method,চারা রোপণের,
vegetable,spinach,পালংশাক,190,sowing_method,চারা রোপণের 45 দিন,
vegetable,spinach,পালংশাক,190,other,হেক্টরে শতাংশে হেক্টরে শতাংশে হেক্টরে শতাংশে হেক্টরে শতাংশে হেক্টরে শতাংশে,গোবর 10 টন 40 কেজি 5+5 টন 20+20 কেজি - - - - - - ইউরিয়া 180 কেজি 700 গ্রাম 75 কেজি 250 গ্রাম 36 কেজি 150 গ্রাম 36 কেজি 150 গ্রাম 36 কেজি 150 গ্রাম টিএসপি 125 কেজি 500 গ্রাম 125 কেজি 500 গ্রাম - - - - - - এমওপি 125 কেজি 500 গ্রাম 50 কেজি 200 গ্রাম 25 কেজি 100 গ্রাম 25 কেজি 100 গ্রাম 25 কেজি 100 গ্রাম
vegetable,pak choi and Chinese cabbage,বাটিশাক ও চীনাশাক,191,other,বারি চীনাশাক-1,"বাছাই প্রক্রিয়ার মাধ্যমে উদ্ভাবিত চীনাশাক জাতটি 1984 সালে অনুমোদন করা হয়। এটি একটি দ্রুত বর্ধনশীল সবুজ পাতাজাতীয় সবজি। সরিষা গোত্রীয় এই সবজির জাতটি এদেশে সারা বৎসর উৎপাদন করা যায়। হালকা সবুজ পাতা অবস্থায় শাক হিসেবে খাওয়া যায়। চীনাশাক ভিটামিন ‘এ’ সমৃদ্ধ। বাংলাদেশের আবহাওয়ায় জাতটি পর্যাপ্ত পরিমাণ বীজ উৎপাদন করতে সক্ষম। বীজ লাগানোর 40-45 দিনের মধ্যেই শাক হিসেবে উঠানো যায়। সবজি হিসেবে গ্রীষ্মকালে এবং বীজ উৎপাদনের জন্য শীতকালে বীজ বপন করতে হয়। বীজ উৎপাদনের জন্য 90-105 দিন সময় লাগে। উন্নত পদ্ধতিতে চাষ করে হেক্টরপ্রতি 25-30 টন সবুজ পাতা এবং 700-750 কেজি বীজ পায়া যায়। স্বল্পকালীন, উচ্চ ফলনশীল এবং সারা বছর উৎপাদনযোগ্য এ সবজির চাষ বেশ লাভজনক।"
vegetable,pak choi and Chinese cabbage,বাটিশাক ও চীনাশাক,191,other,বারি বাটিশাক-1,"বিদেশ থেকে সংগৃহীত জার্মপ্লাজম থেকে নির্বাচন প্রক্রিয়ার মাধ্যমে বারি বাটিশাক-1 নামে এ জাতটি 1984 সালে অনুমোদন করা হয়। প্রতি গাছে 20-25টি পাতা থাকে। পাতার দৈর্ঘয 22-25 সেমি এবং প্রস্থ 18-20 সেমি। পাতা ও পাতার বোঁটা নরম। পাতার রং গাঢ় সবুজ ও বোঁটার রং সাদা। স্বল্পকালীন, উচ্চ ফলনশীল এবং সারা বছর চাষোপযোগী। এ জাত স্থানীয় আবহাওয়ায় বীজ উৎপাদন করতে পারে। জীবনকাল শাকের জন্য 40-50 দিন এবং বীজের জন্য 110-20 দিন। উন্নত পদ্ধতিতে চাষ করলে 45-55 টন শাক এবং 700-800 কেজি বীজ পাওয়া যায়। দেশের প্রায় সর্বত্র সারা বছরই এ জাতের সবজি চাষ করা যায়।"
vegetable,pak choi and Chinese cabbage,বাটিশাক ও চীনাশাক,191,soil_climate,মাটি,প্রায় সব ধরনের মাটিতেই বাটিশাক ও চীনাশাক চাষ করা যায়। তবে বেলে মাটি ও বেলে দোআাঁশ মাটিতে এ ফসল ভাল জন্মে।
vegetable,pak choi and Chinese cabbage,বাটিশাক ও চীনাশাক,191,land_preparation,জমি তৈরি,তিন থেকে চারবার উত্তমরূপে জমি চাষ করে 1 মিটার প্রশস্ত বেড তৈরি করতে পারলে ভাল হয়। জমিতে সেচ দেওয়া ও অতিরিক্ত পানি নিষ্কাশনের ব্যবস্থা করতে হবে।
vegetable,pak choi and Chinese cabbage,বাটিশাক ও চীনাশাক,191,sowing_time,বীজ বপনের সময়,সারা বছরই বাটিশাক ও চীনাশাক চাষ করা যায়। বীজ উৎপাদনের জন্য শীতকালে চাষ করতে হয়।
vegetable,pak choi and Chinese cabbage,বাটিশাক ও চীনাশাক,191,fertilizer,সারের পরিমাণ,বাটিশাক ও চীনাশাকের জমিতে নিম্নরূপ হারে সার প্রয়োগ করতে হবে।
vegetable,pak choi and Chinese cabbage,বাটিশাক ও চীনাশাক,191,other,উৎপাদন পদ্ধতি,বীজতলায় চারা তৈরি করে অথবা সরাসরি জমিতে বীজ বপন করে চাষ করা যায়। সরাসরি বীজ বপনের ক্ষেত্রে একটু ঘন করে বীজ বপন করতে হবে। চারা কিছুটা বড় হলে খাওয়া যায়। সব শেষে 20-25 সেমি দূরত্বে একটি করে চারা রেখে দেওয়া হয়। 40-45 দিনের মধ্যেই গাছ সংগ্রহের সময় হয়।
vegetable,pak choi and Chinese cabbage,বাটিশাক ও চীনাশাক,191,intercultural,অন্তর্বর্তীকালীন পরিচর্যা,সাফল্যজনকভাবে বাটিশাক ও চীনাশাকের চাষ করতে হলে পরিমিত সেচ জরুরি। প্রয়োজনমত নিড়ানী দিয়ে আগাছামুক্ত রাখতে হবে। সারের নাম সারের পরিমাণ/হেক্টর ইউরিয়া 200-250 কেজি টিএসপি 100-150 কেজি এমওপি 150-200 কেজি গোবর 10-12 টন
vegetable,Malabar spinach,পুঁইশাক,192,other,উৎপাদন প্রযুক্তি,পুঁইশাক বছরের যে কোন সময় (তীব্র শীত ছাড়া) চাষ করা যায় তবে মার্চ-এপ্রিল মাসে বীজ বপন বা চারা রোপণের উপযুক্ত সময়। বপন বা চারা রোপণের পর প্রায় পরবর্তী সাত আট মাস যাবৎ সংগ্রহ করে খাওয়া যায়। দীর্ঘ সময় পর্যায়ক্রমিক সংগ্রহ করা যায় বলে বসতবাড়ীতে এর চাষ খুব সমাদৃত।
vegetable,Malabar spinach,পুঁইশাক,192,soil_climate,মাটি ও জলবায়ু,সব ধরনের মাটিতেই পুঁইশাক জন্মে তবে সুনিষ্কাশিত দোআঁশ ও বেলে দোআঁশ মাটি ভাল ফলনের জন্য উপযুক্ত। ফসলের অঙ্গজ বৃদ্ধি ও প্রজনন পর্যায়ের জন্য তাপমাত্রা যথেষ্ট প্রভাব ফেলে। এ সব্জির অঙ্গজ বৃদ্ধির জন্য উষ্ণ ও আর্দ্র জলবায়ু প্রয়োজন। আবার প্রজনন ধাপের জন্য নিম্ন তাপমাত্রা সম্বলিত জলবায়ু অত্যাবশ্যক। কারণ পুঁইশাক যখনই বপন করা হউক না কেন শীতের প্রভাব না পেলে পুস্পায়ন ঘটে না। তাই নভেম্বর-ডিসেম্বর মাসে ফুল আসতে দেখা যায়।
vegetable,Malabar spinach,পুঁইশাক,192,other,জাত,বাংলাদেশ কৃষি গবেষণা ইনষ্টিটিউট এর সব্জি বিজ্ঞানীগণ নিরলস প্রচেষ্টার মাধ্যমে পুঁইশাকের দুটি জাত উদ্ভাবন করেছেন। এ জাত দুটি বারি পুঁইশাক 1 (চিত্রা) এবং বারি পুঁইশাক 2 নামে যথাক্রমে 1999 ও 2005 সালে জাতীয় বীজ বোর্ড কর্তৃক অনুমোদন পুর্বক দেশের সর্বত্র চাষের জন্য সুপারিশ করা হয়েছে। জাত দুইটির বৈশিষ্ট ও চাষ পদ্ধতি নিম্নে উল্লেখ করা হলো। ফলন 45-50 টন/হেক্টর।
vegetable,Malabar spinach,পুঁইশাক,192,other,বারি পুঁই শাক-1,"চারা অবস্থায় পুরো গাছটাই সবুজ। বয়ো:বৃদ্ধির সাথে সাথে কাণ্ড এবং পাতার শিরা হালকা বেগুনী বর্ন ধারন করে। পাতা মধ্যম আকারের, নরম ও সবুজ বর্ণের হয়। অধিক প্রশাখা যুক্ত, ঘন ঘন সংগ্রহপোযোগী উচ্চফলনশীল জাত।"
vegetable,Malabar spinach,পুঁইশাক,192,other,বারি পুঁইশাক -2 (চিত্র) ঃ,চারা অবস্থায় সবুজ থাকে। বয়ো:বৃদ্ধির সাথে সাথে কান্ড কিছুটা বেগুনী হয়। বারি পুঁই শাক -1 এর চেয়ে পাতা প্রসস্ত ও পুরু এবং কান্ডও তুলনামুলক ভাবে মোটা। বার বার কান্ড ও পাতা সংগ্রহোপোযোগী উচ্চফলনশীল জাত।
vegetable,Malabar spinach,পুঁইশাক,192,other,জীবন কাল,• একক গাছ সংগ্রহের ক্ষেত্রে বপন থেকে 35-40 দিন (সরাসরি মাঠে বপনকৃত) । • ঘন ঘন কাণ্ড কর্তন পূর্বক সংগ্রহের ক্ষেত্রে (মাচায়) বপন থেকে 70-180 দিন। • ঘন ঘন কাণ্ড কর্তন পূর্বক সংগ্রহের ক্ষেত্রে (বেডে/মাঠে) বপন থেকে 50-160 দিন। • বীজ উৎপাদনের ক্ষেত্রে বপন থেকে 190-210 দিন।
vegetable,Malabar spinach,পুঁইশাক,192,sowing_time,বীজ বপনের সময়,সব্জি উৎপাদনের জন্য ফেব্রুয়ারী থেকে মে মাস পর্যন্ত এবং বীজ উৎপাদনের জন্য মে-জুন মাসে বীজ বপন করা যায়।
vegetable,Malabar spinach,পুঁইশাক,192,seed_rate,বীজের হার,চারা তৈরির ক্ষেত্রে 2.0-2.5 কেজি/হেক্টর এবং সরাসরি বপন পদ্ধতিতে 3.0-3.5 কেজি/হেক্টর।
vegetable,Malabar spinach,পুঁইশাক,192,sowing_method,চারা উৎপাদন,"চারা-বীজ তলায় বা পলিব্যাগে তৈরি করে নেয়া যায়। তবে বাণিজ্যিক ভাবে চারা উৎপাদনের জন্য বীজতলায় চারা তৈরি করে নেয়া উত্তম। এ ক্ষেত্রে 1.0 মিটার প্রশস্থ এবং 3.0 মিটার লম্বা বেডে বীজ থেকে বীজ ও সারি থেকে সারিতে 5.0 সেমি দূরত্বে দুটি করে বীজ বপন করতে হয়। পলিব্যাগে চারা করলে 6 সে.মি.×7 সে.মি সাইজের পলিব্যাগে 2 টি করে বীজ 1 ইঞ্চি (2.5 সে.মি.) গভীরে বপন করতে হয় (সাধারণত 100 বর্গ মিটার বীজ তলার চারা 1 হেক্টর জমিতে রোপণ করা যায়)। উল্লেখ্য যে, চারা উৎপাদনের সময় নিয়মিত পানি সেচ দিতে হবে। বীজতলার মাটি শক্ত হয়ে গেলে মাটির চটা ভেঙ্গে দিতে হবে তাতে চারা মরে যাওয়ার বা রোগ হওয়ার প্রবণতা হ্রাস পাবে। চারার বয়স যখন 20-25 দিন হয় তখন মূল জমিতে চারা রোপণ করা যায় বা মাচায় উৎপাদনের জন্য মাদায় রোপণ করা যায়।"
vegetable,Malabar spinach,পুঁইশাক,192,fertilizer,জমি তৈরি ও সার প্রয়োগ,জমি খুব ভালভাবে চাষও মই দিয়ে তৈরি করতে হবে। মাটি ও জমির প্রকার ভেদে গভীরভাবে 4-6 টি চাষ ও মই দেয়ার প্রয়োজন হতে পারে। শেষ চাষের সময় অনুমোদিত মাত্রার সার প্রয়োগের পর বীজ বপন/চারা রোপনের জন্য বেড তৈরি করতে হবে যা নিম্নরূপঃ
vegetable,Malabar spinach,পুঁইশাক,192,fertilizer,সারের পরিমাণ,
vegetable,Malabar spinach,পুঁইশাক,192,fertilizer_method,সার প্রয়োগ পদ্ধতি,জমি প্রস্তুতের সময় অর্ধেক গোবর সার প্রয়োগ করতে হবে। বাকি অর্ধেক গোবর এবং সম্পুর্ণ টিএসপি সার গর্তে প্রয়োগ করতে হবে। একক গাছ সংগ্রহের ক্ষেত্রে ইউরিয়া ও এমওপি সার সমান 2 ভাগে ভাগ করে চারা লাগানোর 7-10 দিন পর 1ম কিস্তি এবং 25 দিন পর 2য় কিস্তি প্রয়োগ করতে হবে। ঘন ঘন কাণ্ড কর্তন পূর্বক সংগ্রহের ক্ষেত্রে প্রত্যেকবার ডগা কর্তনের পর পরিমানমত ইউরিয়া ও এমওপি সার প্রয়োগ করতে হবে। আর যদি মাচায় চাষ করে 7-8 মাস ব্যাপী ফসল সংগ্রহ করা হয় সে ক্ষেত্রে প্রতিবারই ডগা কাটার পর অল্প পরিমাণ ইউরিয়া ও এমপি সার প্রয়োগ করতে হবে। পুঁই শাকের ডগা প্রথমবার কর্তনের পর (রোপন বা চারা লাগানোর 30-35 দিন পর) 15-20 দিন পরপর 7-8 বার সংগ্রহ করা যায়।
vegetable,Malabar spinach,পুঁইশাক,192,fertilizer,সারের নাম পরিমান/হেক্টর,গোবর 10-12 টন ইউরিয়া 165-185 কেজি টিএসপি 110 -120 কেজি এমওপি 110 -120 কেজি
vegetable,Malabar spinach,পুঁইশাক,192,sowing_method,সরাসরি বীজ বপন/চারা রোপণের জন্য বেড তৈরি,বেডের প্রস্থ : 1 মিটার দৈর্ঘয : জমির দৈর্ঘয অনুযায়ী উচ্চতা : 10-15 সেমি নালার প্রস্থ : 30 সেমি গভীরতা : 20 সেমি বীজ বপন /রোপণ দূরত্ব : সারি থেকে সারি : 45 সেমি গাছ থেকে গাছ : 30-45 সেমি প্রতি বেডে সারি সংখ্যা : 2 টি বীজ বপণের গভীরতা : 2 সেমি চারা রোপণের গভীরতা : 3 সেমি প্রতি গর্তে বীজের সংখ্যা : 2 টি শেষে গর্তে চারার সংখ্যা : 1 টি (সূস্থ সবল চারা) যেহেতু পুঁই শাকের বীজ সরাসরি বপন অথবা 25-30 দিনের চারা রোপণ করা সম্ভব বলে উপরোক্ত বর্ণনা ও নকশা অনুযায়ী বপন/রোপণ করা সম্ভব। আবার একক গাছ উৎপাদন পদ্ধতির সব্জি উৎপাদনের ক্ষেত্রে বেডে সারি থেকে সারি এবং গাছ থেকে গাছের দূরত্ব 15 সেমি রেখে বীজ সরাসরি বপন করা হয়। এক্ষত্রে গাছ 15 সেমি থেকে 22 সে.মি. লম্বা হলেই মূলসহ গাছ উঠিয়ে বাজারজাত করা যায়। অন্যদিকে অনেক ক্ষেত্রেই কোথাও কোথাও পূঁইশাক মাচাতে চাষের প্রবনতা লক্ষ্য করা যায়। যেখানে মূলত এ শাকের পাতা ও বীজ সব্জি হিসেবে ব্যবহার করে থাকে।
vegetable,Malabar spinach,পুঁইশাক,192,irrigation,সেচ প্রয়োগ,"বেড ও নালা পদ্ধতিতে পূঁইশাকের জমিতে সেচ দেয়া সুবিধাজনক। বীজ গজানোর পর থেকে 10 দিন পর পর সেচ দেয়া উচিৎ। যদি খরার প্রবণতা লক্ষ্য করা যায় তাহলে নিয়মিত ভাবে 7-10 দিন পর পর সেচ দিতে হয়। না হলে পূঁইশাকের পাতা আঁশ যুক্ত হয়ে যায় ফলে গুনগতমান, ফলন ও বাজার মূল্য কমতে থাকে।"
vegetable,Malabar spinach,পুঁইশাক,192,pest_disease,আগাছা দমন গাছের গোড়ায় মাটি দেয়া ও ডগা কাটা,"প্রয়োজন ও সময়মত আগাছা দমন করা আবশ্যক এবং প্রয়োজনে গাছের গোড়ায় মাটি দিতে হবে। সারের উপরি প্রয়োগ, আগাছা দমন, গাছের গোড়ায় মাটি দেয়ার কাজ করা যেতে পারে। ঘন ঘন ডগা সংগ্রহের ক্ষেত্রে পুঁইশাকের ডগা অবশ্যই কেটে (Pincing) দিতে হবে। রোপণ বা চারা লাগানোর পর গাছ যখন 25-30 সেমি লম্বা হয় তখন গাছের মাথার দিক থেকে ডগা কেটে দিলে গাছের শাখা প্রশাখা বেশী হয়। পূই শাক মাচায় তুলে দিলে মাচা 1.5 মিটার উচু করলেই চলবে। তবে বীজ উৎপাদন করতে চাইলে নিচের পুরানো পাতাগুলি অবশ্যই কেটে ফেলতে হবে। পরিশেষে বেশী ফলন পাওয়ার জন্য ফসল কাটার পর অনুমোদিত মাত্রায় ইউরিয়া এবং এমপি সার উপরি প্রয়োগ করে একটি হালকা সেচ দিতে হবে।"
vegetable,Malabar spinach,পুঁইশাক,192,pest_disease,"অনিষ্টকারী পোকামাকড়, রোগ বালাই এবং দমন ব্যবস্থাপনা",পূঁইশাকে তেমন উল্লেখযোগ্য পোকা মাকড়ের আক্রমণ ও রোগ বালাই লক্ষ্য করা যায় না। তবে পাতায় দাগ পড়া রোগ (Cercospora leaf spot) ও কান্ড গোড়া পচা রোগের আক্রমণ দেখা যেতে পারে। প্রথমোক্ত রোগে পাতায় দাগ পড়ে ফলে শাকের গুনগত মান ও বাজার মূল্য কমে যায়। আর শেষোক্ত রোগের কারণে পূঁইশাকের গোড়া পচে যায় ফলে গাছ মরে যেতে পারে।
vegetable,Malabar spinach,পুঁইশাক,192,pest_disease,পুঁই শাকের পাতার দাগ (,Cercospora leaf spot)
vegetable,Malabar spinach,পুঁইশাক,192,pest_disease,রোগ,
vegetable,Malabar spinach,পুঁইশাক,192,pest_disease,রোগের কারণ,Cercospora beticola ছত্রাক
vegetable,Malabar spinach,পুঁইশাক,192,pest_disease,রোগের লক্ষণ,"পাতায় গোলাকার থেকে ডিম্বাকার দাগ পড়ে। দাগের প্রান্তরেখা পারপল থেকে বাদামী বর্ণের বা লালচে রঙের হয়। দাগের মাঝখানটা ধুসর বর্ণের হয়। শেষে দাগের স্থানে পাতায় ছিদ্র বা গর্ত তৈরি হয়। এ রোগের কারণে পাতা বিবর্ণ হয়ে পড়ে, পাতার গঠন নষ্ট হয়ে যায় । ফলে গাছ দুর্বল হয়ে পড়ে এবং সালোকসংশ্লেষণ বাধাগ্রস্ত হয়। অনেক সময় আক্রান্ত পাতা বৃদ্ধি না পেয়ে গাছ থেকে খষে পড়ে এবং ফসলের ফলন মাারাত্বকভাবে বিঘ্নিত হয় এবং বাজারমূল্য কমে যায়।"
vegetable,Malabar spinach,পুঁইশাক,192,pest_disease,রোগের উপযোগী পরিবেশ,"Cercospora জীবাণুটি মাটি ও বীজ বাহিত। এ জীবাণুটি ফসলের অবশিষ্টাংশ এবং মাটিতে এক বছর বেঁচে থাকে। স্পোরগুলো বায়ু দ্বারা এক গাছ থেকে আরেক গাছে, এক যায়গা থেকে আরেক যায়গায় ছড়িয়ে পড়ে। দীর্ঘক্ষণ বৃষ্টি হলে, উচ্চ আদ্রতা এবং উচ্চ তাপমাত্রা (25 থেকে 35 ডিগ্রি সেন্টিগ্রেড) থাকলে রোগের দ্রুত বিস্তার ঘটে।"
vegetable,Malabar spinach,পুঁইশাক,192,pest_disease,রোগ দমন ব্যাবস্থাপনা,1। রোগাক্রান্ত ফসলের অবশিষ্টাংশ পুড়িয়ে ফেলা এবং আগাছাসহ বিকল্প পোষক উদ্ভিদকে ধ্বংস করে ফেল। 2। নিবন্ধিত অথবা রোগমুক্ত গাছ থেকে বীজ সংগ্রহ করে ব্যবহার করা। 3। বীজ 50 ডিগ্রি সেন্টিগ্রেড তাপমাত্রর গরম পানিতে 20 মিনিট ডুবিয়ে শোধন করা বা কার্বান্ডিজম গ্রুপের ছত্রাকনাশক যেমন অটোস্টিন বা নোইন এর 2 গ্রাম প্রতিলিটার পানিতে দ্রবীভুত করে সে দ্রবনে বীজ 30-40 মিনিট ভিজিয়ে শোধন করা। 4। যে সব ফসল এ ছত্রাক দ্বারা আক্রান্ত হয় না সেসব ফসলের (Chenopodiaceae গোত্র বহির্ভূত) সাথে 2-3 বছর পর্যন্ত পুঁই শাকের শস্য পর্যায অবলম্বন করা। 5। ফসলে সেচ দেওয়ার পরে খেয়াল রাখতে হবে যেমন গাছের পাতা যেন দীর্ঘক্ষণ বিশেষ করে সারারাত্র ভেজা না থাকে। দিনের পূর্বাহ্নে সেচ কার্য সম্পন্ন করা যাতে রৌদ্রের তাপে গাছের পাতার পানি শুকিয়ে যায়।
vegetable,Malabar spinach,পুঁইশাক,192,pest_disease,কাণ্ড গোড়া পচা রোগ,
vegetable,Malabar spinach,পুঁইশাক,192,pest_disease,রোগের কারণ,Sclerotium rolfsii ছত্রাক
vegetable,Malabar spinach,পুঁইশাক,192,pest_disease,রোগের লক্ষণ,মাটির (ভূপৃষ্ঠের) সাথে লেগে থাকা অংশে বা মাটির কাছাকাছি চারার বা গাছের কাণ্ডে প্রথমে ক্ষুদ্রাকৃতি পানি ভেজা দাগ পড়ে। দাগটি লেশনে পরিনত হয়ে কাণ্ডের চারিদিক বেষ্টন করে ফেলে। আক্রান্ত স্থানের কোষ/টিস্যু পচে যায়। পরবর্তীতে গাছটি ঢলে পড়ে এবং মারা যায়। পচা স্থানে মাইসেলিয়াম ও স্ক্লেরোশিয়া জন্মে।
vegetable,Malabar spinach,পুঁইশাক,192,pest_disease,রোগের উপযোগী পরিবেশ,জীবাণুটি ও রোগের বিস্তারে তাপমাত্রা ও আর্দ্রতা (moisture) গুরূত্বপূণ ভূমিকা রাখে। জীবাণুটি ও রোগের বিস্তারের জন্য আদর্শ তাপমাত্রা হচ্ছে 27 ডিগ্রি থেকে 35 ডিগ্রি সেন্টিগ্রেড। স্যাতসেতে মাটিতে জীবণিুটির হাইফার বৃদ্ধি ও স্ক্লেরোশিয়ার অঙ্কুরোদগম সহজে ঘটে। উচ্চ বায়ুমণ্ডলীয় আর্দ্রতা (Humidity) (80-90%) রোগটির বিস্তারে উত্তম সহায়ক ভূমিকা পালন করে। মাটি স্যাতসেতে হলে ও উচ্চ বায়ুমণ্ডলীয় আর্দ্রতা বিরাজ করলে 27-30 ডিগ্রি সেন্টিগ্রেড তাপমাত্রায় পোষক দেহে জীবাণুটির অনুপ্রবেশ ও সংক্রমণ অতি সহজে এবং দ্রুত ঘটে। প্রতিকূল পরিবেশে ছত্রাকটি আক্রান্ত গাছ বা ফসল অবশিণ্টাংশে স্ক্লেরোশিয়া বা মাইসেলিয়াম এর মাধ্যমে বেঁচে থাকে। মাটিতে স্ক্লেরোশিয়া 3-4 বছর পর্ঙন্ত জীবিত থাকে।
vegetable,Malabar spinach,পুঁইশাক,192,pest_disease,রোগ দমন ব্যাবস্থাপনা,1। জমি গভীরভাবে এবং উত্তমরূপে চাষ করতে হবে। মাটির 20-30 সে.মি. গভীরে স্ক্লেরোশিয়া 30-45 দিনের বেশী বাঁচতে পারে না। 2। প্রতি হেক্টরে 2.0-2.5 টন হারে চুন প্রয়োগের মাধ্যমে মাটির পিএইচ 6.5 তে রাখতে হবে; এ পিএইচ মাত্রায় ছত্রাকের দ্রুত বৃদ্ধি ঘটতে পারে না। 2। রোগ দেখা দেওয়া মাত্র আক্রান্ত গাছ শিকড়সহ তুলে ধ্বংশ করে ফেলতে হবে। 3। ফসল সংগ্রহের পর রোগাক্রান্ত ফসলের অবশিষ্টাংশ পুড়িয়ে ফেলতে হবে। 4। পানি নিষ্কাশনের ভালো ব্যবস্থা থাকতে হবে। 5। রোগের লক্ষণ দেখা দিলে নোইন বা অটোস্টিন প্রতি লিটার পানির সাথে 2 গ্রাম মিশিয়ে 7-10 দিন পর পর 2-3 বার মাটিসহ গাছের গোড়া ভিজিয়ে দিতে হবে।
vegetable,Malabar spinach,পুঁইশাক,192,other,পাতা খেকো ক্যাটারপিলার,লক্ষণ: ক্যাটারপিলার পাতা খেয়ে ছিদ্র করে ফেলে। পাতার ক্লোরোফিল নষ্ট হয় এবং গাছের সালোকসংশ্লেষণ ক্ষমতা কমে যায়। ফলে গাছের ফলন কমে যায়।
vegetable,Malabar spinach,পুঁইশাক,192,pest_disease,দমন ব্যাবস্থাপনা,1। পোকার লার্ভাসহ আক্রান্ত পাতা হাত দ্বারা তুলে লার্ভা ও পূর্ণবয়স্ক পোকা মেরে ফেলতে হগবে। 2। আক্রমণ বেশী হলে সেভিন 80 ডব্লিউপি (কার্বারিল) এর 2 গ্রাম প্রতিলিটার পানিতে মিশিয়ে 15 দিন অস্তর অন্তর 2-3 বার স্প্রে করতে হবে। ম্যালাথিয়ন কীটনাশক 2 মি.লি. প্রতিলিটার পানিতে মিশিয়ে 15 দিন অস্তর 2-3 বার স্প্রে করে এ পোকা দমন করা যায়।
vegetable,Malabar spinach,পুঁইশাক,192,harvest,ফসল সংগ্রহ,শাঁক হিসেবে সংগ্রহের জন্য 10-12 টি পাতাসহ কচি ডগা প্রথমবার কর্তনের 15-20 দিন পর পর কেটে অথবা 30-35 দিন বয়সের সম্পূর্ণ গাছ সংগ্রহ করা যেতে পারে।
vegetable,Malabar spinach,পুঁইশাক,192,yield,ফলন,50-60 টন/হেক্টর
vegetable,Malabar spinach,পুঁইশাক,192,other,বীজ উৎপাদন,পূঁইশাক একটি খাটো দিবসের উদ্ভিদ। আমাদের দেশে নভেম্বর মাসে ফুল ও ফল ধারা শুরু হয়। পূঁইশাক যেহেতু একটি অতি মাত্রায় পরপরাগায়িত সব্জি ফসল তাই জাতের বংশগত বৈশিষ্ট অপরিবর্তিত রাখতে অবশ্যই ভিত্তি বীজের জনা 500 মিটার আর প্রজনন বীজের জন্য 1000 মিটার পৃথকীকরণ দূরত্ব বজায় রাখতে হবে। পাশাপাশি বীজ ফসলের জন্য ভালভাবে নিচের পুরানো পাতাগুলি ছেটে দিয়ে যথাযথ সেচ দিতে হবে ও ছত্রাক নাশক অটোস্টিন (2 গ্রাম প্রতি লিটার পানিতে মিশিয়ে) স্প্রে করতে হবে। বীজ উৎপাদনের জন্য পুঁইশাকের চারা অ্েক্টাবর মাসে লাগাতে হয়। এ বীজের ফসলে সবজির উদ্দেশ্যে লাগানো ফসলের (একক গাছ সংগ্রহের ক্ষেত্রে) মতই সারের মাত্রা ও প্রয়োগ বিধী অনুসরণ করতে হবে। সবজির উদ্দেশ্যে লাগানো ফসল থেকেও বীজ সংগ্রহ করা যেতে পারে। তখন সেপ্টেম্বর মাসের পর ডগা সংগ্রহ থেকে বিরত খাকতে হবে এবং বীজ ফসলের জণ্য অতিরিক্ত টিএসপি ও এমওপি সারের প্রতিটি 20 কেজি/হেক্টর এবং বোরিক এসিড 10 কেজি/হেক্টর হারে প্রয়োগ করতে হবে।
vegetable,Malabar spinach,পুঁইশাক,192,harvest,বীজ সংগ্রহ ও সংরক্ষণ,গাঢ় কালচে খয়েরী রং এর ফল সংগ্রহ করা হয়। তখন এর শাখাগুলি হলুদাভ রং ধারণ করে এবং শুকিয়ে আসতে থাকে। বীজ সহ প্রায় 40-45 সেমি লম্বা শাখা কেটে সংগ্রহ করে হাত দ্বারা ঘষা দিয়ে এর উপরোস্থ রসালো পিচ্ছিল আবরণ সরাতে হবে। সাধারণত 12-15 দিন বিরতিতে 6-7 বার একটি গাছ থেকে বীজ সংগ্রহ করা যেতে পারে। অতঃপর বীজগুলো থ্রেসিং ফ্লোরে ত্রিপলের উপর বিছিয়ে ভালভাবে রোদ্রে শুকিয়ে এবং ধুলাবালি ও গাছের বিভিন্ন অংশ পরিষ্কার করে 10% আর্দ্রতায় বায়ুরোধী পাত্রে অপেক্ষাকৃত ঠাণ্ডা স্থানে সংরক্ষণ করতে হবে। বীজ উৎপাদনের যথাযথ নিয়ম অনুসরণ করলে প্রতি হেক্টরে 700-800 কেজি বীজ এমনকী 1.5 টন পর্যন্ত সংগ্রহ করা সম্ভব।
vegetable,green amaranth,সবুজ ডাঁটা শাক,197,other,উৎপাদন প্রযুক্তি,"ডাটাশাক জনপ্রিয় পুষ্টিকর পাতা জাতীয় সবজি। এ সবজিগুলোতে উল্লেখযোগ্য পরিমাণে ভিটামিন ’এ’, ’বি’ ও ’সি’ এবং ক্যালসিয়াম বিদ্যমান। এ সবজিগুলো কোষ্টকাঠিন্য, দৃষ্টিহীনতা দূরীকরণে এবং শারীরিক ও মানসিক গঠনে বিশেষ ভূমিকা পালন করে।"
vegetable,green amaranth,সবুজ ডাঁটা শাক,197,soil_climate,জলবায়ু ও মাটি,ডাঁটাশাক সারা বছরই চাষ করা যায়। ডাটাশাক খরিফ মৌসুমে চাষ করলে ভাল্ েফলন পাওয়া যায়। সব ধরনের মাটিতেই এ ডাটাশাক চাষ করা যায় তবে দোআঁশ বা বেলে দোঁআশ মাটি এবং পানি নিষ্কাশনের সুবিধাযুক্ত উর্বর জমি উত্তম।
vegetable,green amaranth,সবুজ ডাঁটা শাক,197,other,বারি ডাটা শাক- 1,"এ জাতের ডাটার কাণ্ড ও পাতা হালকা বেগুনী রঙের, নরম, কম আঁশযুক্ত এবং দ্রুত বর্ধনশীল। বীজ বপনের 30 -35 দিনের মধ্যেই শাক খাওয়ার উপযোগী হয়।"
vegetable,green amaranth,সবুজ ডাঁটা শাক,197,other,বারি ডাটা শাক - 2,"এ জাতের ডাটার পাতা ও কাণ্ড সবুজ। পাতাগুলি বেশ প্রশ্বস্ত, দ্রতবর্ধনশীল ও ঝোঁপালো প্রকৃতির। বীজ বপনের 20-25 দিন পর থেকেই শাক খাওয়ার উপযোগী হয়। শাক খেতে নরম ও সুস্বাদু। গাছের উচ্চতা 15-25সে.মি. এবং পাতার সংখ্যা 12-16 টি হলেই শাক খাওয়ার উপযোগী হয়।"
vegetable,green amaranth,সবুজ ডাঁটা শাক,197,seed_rate,বীজ বপনের সময় এবং বীজের হার,ডাঁটাশাক সারা বছর চাষ করা যায় তবে খরিফ মৌসুমে বপন করলে উৎকৃষ্ট মানের শাক পাওয়া যায়। ডাটা শাকের বীজ হার 8-10 গ্রাম/শতাংশ।
vegetable,green amaranth,সবুজ ডাঁটা শাক,197,land_preparation,জমি তৈরি,জমি গভীরভাবে 5-6 টি চাষ ও মই দিয়ে ভালভাবে তৈরী করতে হবে। বীজতলার ন্যায় 1 মিটার প্রশ্বস্ত বেড তৈরী করতে হবে। প্রত্যেকটি বেডের উভয় পার্শ্বে পানিসেচ ও নিষ্কাশনের জন্য 30 সে.মি. প্রশস্ত নালা রাখতে হবে। বেডের দৈর্ঘ্য হবে জমির দৈর্ঘয অনুযায়ী। বেডের উভয় কিনারে 10 সে.মি. ছেড়ে দিয়ে লম্বালম্বি 20 সে.মি. দুরত্বে বীজ বপনের জন্য কাঠির সাহায্যে 1.5 - 2.0 সেমি গভীর লাইন টেনে বীজ বপনের জন্য জমি তৈরী করতে হবে।
vegetable,green amaranth,সবুজ ডাঁটা শাক,197,fertilizer,সারের পরিমাণ ও প্রয়োগ পদ্ধতি,ডাটাশাক দ্রুত বর্ধনশীল এবং স্বল্পকালীন ফসল। তাই সঠিক সময়ে সঠিক পরিমাণ সার সঠিকভাবে প্রয়োগ অত্যাবশ্যক। ডাঁটাশাকের ক্ষেত্রে প্রতি শতাংশে নিম্নলিখিত হারে সার প্রয়োগ করতে হবে।
vegetable,green amaranth,সবুজ ডাঁটা শাক,197,fertilizer,সারের নাম সারের মোট পরিমাণ শেষ চাষের সমর্য়জমিতে,
vegetable,green amaranth,সবুজ ডাঁটা শাক,197,sowing_method,বীজ বপনের 15 ও 20 দিন পর,
vegetable,green amaranth,সবুজ ডাঁটা শাক,197,other,উপরি প্রয়োগ,গোবর/কম্পোস্ট 40 কেজি সম্পূর্ণ - ইউরিয়া 800 গ্রাম 400 গ্রাম 400 গ্রাম টিএসপি 500 গ্রাম 500 গ্রাম - এমওপি 600 গ্রাম 600 গ্রাম -
vegetable,water spinach,গীমাকলমি,199,soil_climate,মাটি,পানি নিষ্কাশনের সুবিধাযুক্ত সব রকমের ঊর্বর জমি গিমাকলমী চাষের উপযোগী। তবে দোআঁশ বা পলি মাটি বেশি উপযোগী। মাটি ও জমির প্রকাভেদে 5-6টি চাষ ও মই দেওয়া প্রয়োজন এবং জমি গভীর করে চাষ করতে হবে।
vegetable,water spinach,গীমাকলমি,199,sowing_time,বপনের সময়,বছরের যে কোন সময়েই চাষ করা যেতে পারে। চৈত্র মাস (মধ্য-মার্চ থেকে মধ্য-এপ্রিল) থেকে শুরু করে শ্রাবণ মাস (মধ্য-জুলাই থেকে মধ্য-আগস্ট) পর্যন্ত লাগানো যেতে পারে।
vegetable,water spinach,গীমাকলমি,199,fertilizer,সারের পরিমাণ,গিমাকলমীর জমিতে নিম্নরূপ হারে সার প্রয়োগ করতে হয়।
vegetable,water spinach,গীমাকলমি,199,fertilizer_method,সার প্রয়োগ পদ্ধতি,"ইউরিয়া সার 3 কিস্তিতে যথাক্রমে 1ম, 2য় ও 3য় বার ফসল কাটার পর প্রয়োগ করতে হবে।"
vegetable,water spinach,গীমাকলমি,199,irrigation,পানি সেচ,বর্ষাকালে সাধারণত পানি সেচের প্রয়োজন হয় না। তবে এক নাগাড়ে বৃষ্টি না হলে 10-15 দিন অন্তর অন্তর পানি সেচ দেওয়া আবশ্যক।
vegetable,water spinach,গীমাকলমি,199,intercultural,অন্তর্বর্তীকালীন পরিচর্যা,চারা গজানোর পর প্রত্যেক বেডে অর্থাৎ প্রতি 15 সেমি অন্তর 1টি করে চারা রাখতে হয়। জমি আগাছামুক্ত রাখতে হবে।
vegetable,okra,ঢেঁড়স,200,soil_climate,জলবায়ু ও মাটি,ঢেঁড়সের জন্য অপেক্ষাকৃত উচ্চ তাপমাত্রা প্রয়োজন। শুষ্ক ও আর্দ্র উভয় অবস্থায় ঢেঁড়স জন্মানো যায়। সাধারণত খরিফ মৌসুমেই এর চাষ হয়ে থাকে। দোআঁশ মাটি ঢেঁড়সের জন্য সর্বোৎকৃষ্ট। প্রচুর জৈব সার প্রয়োগ করতে পারলে বেলে ধরনের মাটিতেও এর চাষ করা যায়। মাটি সুনিষ্কাশিত হওয়া প্রয়োজন।
vegetable,okra,ঢেঁড়স,200,sowing_time,বীজ বপনের সময় ও পরিমাণ,বাংলাদেশে সাধারণত ফেব্রুয়ারি থেকে জুলাই মাস পর্যন্ত ঢেঁড়স লাগানো হয়। তবে বছরের অন্যান্য সময়ও সীমিতভাবে এর চাষ হয়ে থাকে। প্রতি হেক্টরে বপনের জন্য 4-5 কেজি (12-20 গ্রাম/শতাংশ) বীজের প্রয়োজন হয়।
vegetable,okra,ঢেঁড়স,200,land_preparation,জমি নির্বাচন ও তৈরি,সেচ ও পানি নিষ্কাশনের ব্যবস্থাসহ উচু জমি নির্বাচন করে 5/6 বার চাষ ও মই দিয়ে জমি তৈরি করতে হবে। মাঠে সরাসরি বীজ বপনের জন্য এক মিটার প্রস্থ বেড তৈরি করতে হবে। পাশাপাশি দুটি বেডের মাঝখানে 30 সেমি প্রশস্থ নালা রাখতে হবে। বেড সাধারণত 15-20 সেমি উঁচু হবে।
vegetable,okra,ঢেঁড়স,200,fertilizer,সারের পরিমাণ ও প্রয়োগ পদ্ধতি (হেক্টর প্রতি),
vegetable,okra,ঢেঁড়স,200,spacing,বীজ বপনের পদ্ধতি ও দূরত্ব,আগাম ফসলের জন্য বীজ ঘন করে বপন করতে হয়। এক্ষেত্রে সারি থেকে সারি 45 সেমি এবং সারিতে 30 সেমি পর পর লাইনে 30 সেমি অন্তর বীজ বপন করা হয়। সঠিক মৌসুমের চাষের জন্য অর্থাৎ বৈশাখ মাস থেকে (15 এপ্রিলের পর) এক মিটার প্রশস্থ বেডে 60 × 40 সেমি দুরত্বে দু’সারিতে বীজ বপন করেত হবে। বীজ মাটির 2-3 সেমি গভীরে বুনতে হয়। এক সাথে 2টি বীজ বপন করা ভাল। বীজ বপনের পূর্বে 24 ঘণ্টা পানিতে ভিজিয়ে নিলে অঙ্কুরোদ্গম ভাল হয়। বপনের পর প্রয়োজনীয় পানি সেচ আবশ্যক। চারা গজানোর 7 দিন পর সুস্থ সবল 1টি গাছ রেখে অতিরিক্ত গাছ তুলে ফেলতে হবে।
vegetable,okra,ঢেঁড়স,200,intercultural,অন্যান্য পরিচর্যা,"সময়মত নিড়ানী দিয়ে আগাছা সবসময় পরিষ্কার করে সাথে সাথে মাটির চটা ভেঙ্গে দিতে হবে। খরা হলে প্রয়োজন অনুযায়ী সেচ দিতে হবে। ঢেঁড়স গাছে বীজ বপনের চার সপ্তাহ পরে একবার, ফুল আসার সময় একবার এবং ফুল আসার একমাস পর আরোও একবার মোট তিনবার 100 পিপিএম জিবারেলিক এসিড অথবা 400 পিপিএম সিসিসি (ক্লোরফেলিন ক্লোরাইড) উদ্ভিদ বৃদ্ধি নিয়ন্ত্রক মিশ্রণ করলে 20-25 % ফলন বৃদ্ধি পায়। সার মোট পরিমাণ শেষ চাষের সময় দেয় উপরি প্রয়োগ 1ম কিস্তি (বীজ বপনের 30 দিন পর) 2য় কিস্তি(বীজ বপনের 50 দিন পর) 3য় কিস্তি(বীজ বপনের 80 দিন পর) গোবর/কম্পোষ্ট 10 টন সব - - - ইউরিয়া 150 কেজি 75 কেজি 25 কেজি 25 কেজি 25 কেজি টিএসপি 100 কেজি সব - - - এমওপি 150 কেজি 75 কেজি 25 কেজি 25 কেজি 25 কেজি"
vegetable,cucurbits (general),কুমড়াজাতীয় সবজি,202,soil_climate,মাটি ও আবহাওয়া,"মিষ্টি কুমড়ার জন্য প্রায় 160-170 দিনের মত উষ্ণ, প্রচুর সূর্যালোক এবং নিম্ন আর্দরতা উত্তম।চাষকালীন সময়ে অনুক‚ল তাপমাত্রা হলো 20-250 সে.।চাষকালীন সময়ে উচ্চ তাপমাত্রা ও লম্বা দিন হলে পুরুষ ফুলের সংখ্যা বেড়ে যায় এবং স্ত্রী ফুলরে সংখ্যা কমে যায়।জৈব পদার্থ সমৃদ্ধ দোআঁশ বা এঁটেল দোআঁশ মাটি এর চাষাবাদের জন্য উত্তম তবে চরাঞ্চলে পলি মাটিতে মিষ্টি কুমড়ার ভালো ফলন হয়।"
vegetable,cucurbits (general),কুমড়াজাতীয় সবজি,202,seed_rate,বীজের হার,প্রতি হেক্টরে 5-6 কেজি (প্রতি শতাংশে 20-25 গ্রাম) বীজের প্রয়োজন হয়।
vegetable,cucurbits (general),কুমড়াজাতীয় সবজি,202,sowing_method,বীজ বপন ও চারা উৎপাদন,শীতকালে চাষের জন্য অক্টোবর - ডিসেম্বর এবং গ্রীষ্মকালে চাষের জন্য ফেব্রুয়ারি-মে মাসে বীজ বপন করা যায়। চারা নার্সারিতে পলিব্যাগে উৎপাদন করে নিলে ভাল হয়। বীজ বপনের জন্য 8 × 10 সেমি বা তার থেকে কিছুটা বড় আকারের পলিব্যাগ ব্যবহার করা যায়। প্রথমে অর্ধেক মাটি ও অর্ধেক গোবর মিশিয়ে মাটি তৈরি করে পলিব্যাগে ভরতে হবে। সহজ অঙ্কুরোদ্গমের জন্য পরিষ্কার পানিতে 15-20 ঘণ্টা অথবা শতকরা এক ভাগ পটাশিয়াম নাইট্রেট দ্রবণে বীজ এক রাত্রি ভিজিয়ে অতঃপর পলিব্যাগে বপন করতে হবে। প্রতি ব্যাগে একটি করে বীজ বুনতে হবে। বীজের আকারের দ্বিগুন মাটির গভীরে বীজ পুঁতে দিতে হবে। বীজ সরাসরি মাদায়ও বপন করা হয়। সেক্ষেত্রে সার প্রয়োগ ও মাদা তৈরির 4-5 দিন পর প্রতি মাদায় 2-3টি করে বীজ বপন করা যেতে পারে।
vegetable,cucurbits (general),কুমড়াজাতীয় সবজি,202,sowing_method,বীজতলায় চারার পরিচর্যা,নার্সারিতে চারার প্রয়োজনীয় পরিচর্যা নিশ্চিত করতে হবে। শীতকালে চারা উৎপাদনের ক্ষেত্রে বীজ গজানোর পূর্ব পর্যন্ত প্রতি রাতে প্লাস্টিক দিয়ে পলিব্যাগ ঢেকে রাখতে হবে এবং দিনে খোলা রাখতে হবে। চারায় প্রয়োজন অনুসারে পানি দিতে হবে তবে সাবধান থাকতে হবে যাতে চারার গায়ে পানি না পড়ে। পলিব্যাগের মাটি চটা বাঁধলে তা ভেঙ্গে দিতে হবে। চারাগাছে ‘রেড পামাকিন বিটল’ পোকার ব্যাপক আক্রমণ হয়। এটি দমনের ব্যবস্থা নিতে হবে। চারার বয়স 16-17 দিন হলে তা মাঠে প্রস্তুত মাদায় লাগাতে হবে।
vegetable,cucurbits (general),কুমড়াজাতীয় সবজি,202,land_preparation,জমি নির্বাচন এবং তৈরি,সেচ ও নিকাশের উত্তম সুবিধাযুক্ত এবং পর্যাপ্ত সূর্যালোক পায় এমন জমি নির্বাচন করতে হবে। জমিকে প্রথমে ভালভাবে চাষ ও মই দিয়ে এমনভাবে তৈরি করতে হবে যেন জমিতে কোন ঢিলা এবং আগাছা না থাকে। গাছের শিকড়ের যাথযথ বৃদ্ধির জন্য উত্তমরূপে গর্ত (মাদা) তৈরি করতে হবে।
vegetable,cucurbits (general),কুমড়াজাতীয় সবজি,202,other,বেড তৈরি,বেডের উচচতা 15-20 সেমি ও প্রস্থ 2.5 মি এবং লম্বা জমির দৈর্ঘয অনুসারে সুবিধামতো নিতে হবে। এভাবে পরপর বেড তৈরি করতে হবে। পাশাপাশি দুইটি বেডের মাঝখানে 60 সেমি প্রশস্ত সেচ ও নিকাশ নালা থাকবে।
vegetable,cucurbits (general),কুমড়াজাতীয় সবজি,202,other,মাদা তৈরি,"মাদার ব্যাস 50-55 সেমি, গভীরতা 50-55 সেমি এবং তলদেশ 45-50 সেমি প্রশস্ত হবে । 60 সেমি প্রশস্ত সেচ ও নিকাশ নালা সংলগ্ন বেডের কিনারা হইতে 50 সেমি বাদ দিয়ে মাদার কেন্দ্র ধরে 2 মিটার অন্তর অন্তর এক সারিতে মাদা তৈরি করতে হবে। প্রতি বেডে এক সারিতে চারা লাগাতে হবে। সারির অপর পার্শ্বে 2 মিটার খালি জায়গায় লতা বাইবার সুযোগ পাবে।"
vegetable,cucurbits (general),কুমড়াজাতীয় সবজি,202,fertilizer,সারের মাত্রা ও প্রয়োগ প্রদ্ধতি (প্রতি শতকে 6 টি মাদা হিসেবে),মাদায় চারা রোপণের পূর্বে সার দেয়ার পর পানি দিয়ে মাদার মাটি ভালভাবে ভিজিয়ে দিতে হবে। অতঃপর মাটিতে “জো” এলে 7-10 দিন পর চারা রোপণ করতে হবে।
vegetable,cucurbits (general),কুমড়াজাতীয় সবজি,202,sowing_method,চারার বয়স,বীজ গজানোর পর 16-17 দিন বয়সের চারা মাঠে লাগানোর জন্য উত্তম।
vegetable,cucurbits (general),কুমড়াজাতীয় সবজি,202,sowing_method,চারা রোপণ,"মাঠে প্রস্তুত মাদাগুলোর মাটি ভালোভাবে ওলট-পালট করে, এক কোপ দিয়ে চারা লাগানোর জন্য জায়গা করে নিতে হবে। অতঃপর পলিব্যাগের ভাঁজ বরাবর ব্লেড দিয়ে কেটে পলিব্যাগ সরিয়ে মাটির দলাসহ চারাটি উক্ত জায়গায় লাগিয়ে চারপাশে মাটি দিয়ে ভরাট করে দিতে হবে। চারা লাগানোর পর গর্তে পানি দিতে হবে। পলিব্যাগ সরানোর সময় এবং চারা রোপণের সময় সাবধান থাকতে হবে যাতে চারার শিকড় ক্ষতিগ্রস্ত না হয় এবং মাটির দলা না ভাংগে। নতুবা শিকড়ের ক্ষতস্থান দিয়ে ঢলে পড়া রোগের (ফিউজারিয়াম উইল্ট) জীবাণু ঢুকবে এবং শিকড় ক্ষতিগ্রস্ত হলে গাছের বৃদ্ধি দেরিতে শুরু হবে।"
vegetable,cucurbits (general),কুমড়াজাতীয় সবজি,202,intercultural,পরবর্তী পরিচর্যা,সেচ দেওয়া: মিষ্টি কুমড়া ফসল পানির প্রতি খুবই সংবেদনশীল। কাজেই সেচ নালা দিয়ে প্রয়োজন অনুসারে নিয়মিত সেচ দিতে হবে। জমিতে কখনও সমস্ত জমি ভিজিয়ে প্লাবন সেচ দেয়া যাবে না। শুধুমাত্র সেচ নালায় পানি দিয়ে আট্কে রাখলে গাছ পানি টেনে নিবে। প্রয়োজনে সেচ নালা হতে ছোট কোন পাত্র দিয়ে কিছু পানি গাছের গোড়ায় সেচে দেওয়া যায়। শুষ্ক মৌসুমে 5-7 দিন অন্তর সেচ দেয়ার প্রয়োজন পড়ে।  মালচিং: প্রত্যেক সেচের পর হালকা মালচ্ করে গাছের গোড়ার মাটির চটা ভেঙ্গে দিতে হবে।  আগাছা দমন: আগাছা অনেক রোগের আবাস স্থল। এছাড়াও আগাছা খাদ্যোপাদান ও রস শোষণ করে নেয়। কাজেই চারা লাগানো থেকে শুরু করে ফল সংগ্রহ পর্যন্ত জমি সবসময়ই আগাছা মুক্ত রাখতে হবে।  সার উপরি প্রয়োগ: চারা রোপণের পর মাদা প্রতি সারের উপরি প্রয়োগের যে মাত্রা উল্লেখ করা আছে তা গাছের গোড়ার কাছাকাছি প্রয়োগ করতে হবে।
vegetable,cucurbits (general),কুমড়াজাতীয় সবজি,202,intercultural,বিশেষ পরিচর্যা,গাছের গোড়ার দিকে 40-45 সেমি পর্যন্ত শোষক শাখা (ডালপালা) গুলো ধারালো ব্লেড দিয়ে কেটে অপসারণ করতে হবে। পরাগায়ন প্রধাণত মৌমাছির দ্বারা সম্পন্ন হয়। প্রাকৃতিক পরাগায়নের মাধ্যমে বেশি ফল ধরার জন্য হেক্টরপ্রতি 2-3 টি মৌমাছির কলোনী স্থাপন করা যেতে পারে। হাত দিয়ে কৃত্রিম পরাগায়ন করেও ফলন বৃদ্ধি করা সম্ভব।
vegetable,cucurbits (general),কুমড়াজাতীয় সবজি,202,harvest,ফসল তোলা (পরিপক্কতা সনাক্তকরণ),
vegetable,cucurbits (general),কুমড়াজাতীয় সবজি,202,harvest,মিষ্টি কুমড়ার কাঁচা ফলের ভক্ষণযোগ্য পরিপক্কতা,কাঁচা ফল পরাগায়ণের 20-25 দিনের মধ্যে সংগ্রহ করতে হবে। তখনও ফলে সবুজ রঙ থাকবে এবং ফল মসৃণ ও উজ্জ্বল দেখাবে। নখ দিয়ে ফলের গায়ে চাপ দিলে নখ সহজেই ভিতরে ঢুকে যাবে। সারের নাম মোট সারের পরিমাণ জমি তৈরির সময় মাদা প্রতি হেক্টরপ্রতি শতাংশপ্রতি শতাংশপ্রতি চারা রোপণের 7-10 দিন পূর্বে চারা রোপণের 10-15 দিন পর চারা রোপণের 30-35 দিন পর চারা রোপণের 50-55 দিন পর চারা রোপণের 70-75 দিন পর পচা গোবর 10 টন 40কেজি 10 কেজি 5 কেজি - - - - টিএসপি 175কেজি 700 গ্রাম 350 গ্রাম 60 গ্রাম - - - - ইউরিয়া 175 কেজি 700 গ্রাম - - 30 গ্রাম 30 গ্রাম 30 গ্রাম 30 গ্রাম এমওপি 150 কেজি 600 গ্রাম 200 গ্রাম 50 গ্রাম 25 গ্রাম - - - জিপসাম 100 কেজি 400 গ্রাম 400 গ্রাম - - - - - জিংক সালফেট 12.5 কেজি 50 গ্রাম 50 গ্রাম - - - - - বোরাক্স 10 কেজি 40 গ্রাম 40 গ্রাম - - - - - ম্যাগনেসিয়াম সালফেট 60 কেজি 240 গ্রাম - 40 গ্রাম - - - -
vegetable,cucurbits (general),কুমড়াজাতীয় সবজি,202,harvest,পাকা ফল সংগ্রহ ও সংরক্ষণযোগ্য পরিপক্কতা,নিম্নলিখিত বিষয়গুলো অনুসরণ করে মিষ্টিকুমড়ার পূর্ণ পরিপক্কতা নির্ধারণ করা হয়ঃ ফলের রঙ হলুদ অথবা হলুদ-কমলা অথবা খড়ের রং ধারণ করবে। ফলের বোঁটা খড়ের রঙ ধারণ করবে। গাছের ডগা শুকাতে শুরু করবে।
vegetable,cucurbits (general),কুমড়াজাতীয় সবজি,202,harvest,পাকা ফল সংগ্রহকালে বিশেষ সতর্কতা,পাকা ফল সংগ্রহের দুই তিন সপ্তাহ পূর্বে সেচ দেওয়া সম্পূর্ণ বন্ধ করতে হবে। এতে ফলের সংরক্ষণকাল বৃদ্ধি হবে।
vegetable,cucurbits (general),কুমড়াজাতীয় সবজি,202,pest_disease,পোকা মাকড় ও রোগবালাই দমন ব্যবস্থাপনা,"ফলের মাছি পোকা মিষ্টিকুমড়ার জন্য একটি মারাত্মক পোকা। স্ত্রী মাছি কচি ফলে ডিম পাড়ে। ডিম ফুটে কীড়াগুলো ফলের শাস খায়, ফল পচে যায় এবং অকালে ঝরে পড়ে এক্ষেত্রে পরিষ্কার পরিচ্ছন্ন চাষাবাদ আক্রান্ত ও পচা ফল জমিতে না ফেলে তা মাটিতে পুতে ফেলতে হবে। সেক্স ফেরোমন ও বিষটোপ ফাঁদ যৌথভাবে জমিতে ব্যবহার করতে হবে। বর্তমানে বিভিন্ন কীটনাশক এর দোকানে সেক্স ফেরোমন ফাঁদ সহজেই পাওয়া যায়। বিষটোপের জন্য থেতলানো 100 গ্রাম পাঁকা/আদা পাঁকা মিষ্টিকুমড়ার সাথে সামান্য একটু সেভিন পাউডার মিশিয়ে ব্যবহার করা যেতে পারে। বিষটোপ 3/4 দিন পরপর পরিবর্তন করতে হবে । এছাড়াও পামকিন বিটল নামক আরেকটি পোকা মিষ্টিকুমড়ার চারা গাছের খুব ক্ষতি সাধন করে থাকে। অনেক ক্ষেত্রে এই পোকার কীড়া গাছের গোড়ায় বাস করে এবং শিকড়ের ক্ষতি করে বড় গাছ মেরে ফেলতে পারে। সেক্ষেত্রে পূর্ণাঙ্গ পোকা হাত দিয়ে ধরে মেরে ফেলতে হবে। যদি তাতে কাজ না হয় তবে 2 গ্রাম সেভিন প্রতি লিটার পানিতে মিশিয়ে চারা গাছে স্প্রে করতে হবে। কীড়া দমনের জন্য প্রতি গাছের গোড়ায় 2-5 গ্রাম বাসুডিন/সানফুরান মাটিতে দিয়ে সেচ দিতে হবে। মিষ্টিকুমড়াতে সবচেয়ে যে রোগটি বেশী দেখা যায় তা হলো সাদা গুড়া রোগ বা পাউডারী মিলডিউ। এক্ষেত্রে পাতার উভয় পাশে প্রথমে সাদা সাদা পাউডার বা গুঁড়া দেখা যায়, ধীরে ধীরে এ দাগগুলো বড় ও বাদামি হয়ে পাতা শুকিয়ে যায় এবং ফল ঝরে যেতে পারে । এ রোগ আক্রান্ত পাতা ও গাছ সংগ্রহ করে পুড়িয়ে ফেলে এবং প্রতি 10 লিটার পানিতে 20 গ্রাম থিওভিট বা সালফোলাক্স/ কুমুলাস অথবা 10 গ্রাম ক্যালিক্সিন 15 দিন পর পর 2 বার স্প্রে করে এ রোগ নিয়ন্ত্রণ করা যেতে পারে । বর্তমানে মিষ্টিকুমড়াতে আরো একটি বড় সমস্যা দেখা যাচ্ছে তা হলো ভাইরাস রোগ। এই রোগে আক্রান্ত পাতা সবুজ ও হলুদের ছোপ ছোপ দাগ দেখা যায় এবং কচি পাতা আস্তে আস্তে কুকড়িয়ে যেতে থাকে। এই ভাইরাস রোগ কোন প্রকার ঔষধ দিয়ে নিয়ন্ত্রন করা যায় না। সেক্ষেত্রে একমাত্র পথ হলো ভাইরাস আক্রান্ত গাছ জমিতে দেখা মাত্রই তা জমি থেকে তুলে ফেলে দিতে হবে এবং ভাইরাস মুক্ত গাছ হতে বীজ সংগ্রহ করতে হবে। তবেই কেবল মাত্র এ রোগ হতে রক্ষা পাওয়া সম্ভব। চরাঞ্চলে কৃষক ভাইয়েরা উপরোক্ত নিয়ম মেনে মিষ্টিকুমাড়া আবাদ করলে আর্ধিক ভাবে অনেক লাভবান হতে পারেন। তবে এক্ষেত্রে একটি বিশেষ দিক খেয়াল রাখতে হবে তা হলো হাইব্রিড জাতসমূহ ব্যবহার করলে কোন অবস্থাতেই তার বীজ পরবর্তী বছর ব্যবহারের জন্য সংরক্ষণ করা যাবে না। প্রতি বছর নতুন ভাবে বীজ সংগ্রহ করে তা লাগাতে হবে, তবেই কেবল মাত্র ফলন ঠিক থাকবে।"
vegetable,bottle gourd,লাউ,206,soil_climate,জলবায়ু ও মাটি,"বেশি শীতও না, আবার বেশি গরমও না এমন আবহাওয়া লাউ চাষের জন্য উত্তম। বাংলাদেশের শীতকালটা লাউ চাষের জন্য বেশি উপযোগী। তবে বাংলাদেশের কোন কোন অঞ্চলের তাপমাত্রা শীতকালে কখনও কখনও 100 সে. এর নিচে চলে যায় যা লাউ চাষের জন্য মারাত্মক হুমকি স্বরূপ। লাউয়ের ভালো ফলনের জন্য সবচেয়ে অনুকূল তাপমাত্রা হলো দিনের বেলায় 25-280 সে. এবং রাতের বেলায় 18-200 সে.। মেঘলা আবহাওয়ায় লাউয়ের ফলন উল্লেখযোগ্যভাবে হ্রাস পায়। জৈব পদার্থ সমৃদ্ধ দোআঁশ বা এঁটেল দোআঁশ মাটি লাউ চাষের জন্য উত্তম।"
vegetable,bottle gourd,লাউ,206,seed_rate,বীজের হার,হেক্টরপ্রতি 2-3 কেজি (শতাংশ প্রতি 8-10 গ্রাম) বীজের প্রয়োজন হয়।
vegetable,bottle gourd,লাউ,206,other,বীজ শোধন,বীজ বাহিত রোগ প্রতিরোধ এবং সবল-সতেজ চারা উৎপাদনের জন্য বীজ শোধন জরুরি। কেজি প্রতি দুই গ্রাম ভিটাভেক্স/ক্যাপটান ব্যবহার করে বীজ শোধন করা যায়।
vegetable,bottle gourd,লাউ,206,sowing_method,বীজ বপন ও চারা উৎপাদন, শীতকালে চাষের জন্য আগস্ট - অক্টোবর এবং গ্রীষ্মকালে চাষের জন্য ফেব্রুয়ারি-মে মাসে বীজ বপন করা যায়।  লাউ চাষের জন্য চারা নার্সারিতে পলিব্যাগে উৎপাদন করে নিলে ভাল হয়।  বীজ বপনের জন্য 8 × 10 সেমি বা তার থেকে কিছুটা বড় আকারের পলিব্যাগ ব্যবহার করা যায়।  প্রথমে অর্ধেক মাটি ও অর্ধেক গোবর মিশিয়ে মাটি তৈরি করে পলিব্যাগে ভরতে হবে।  সহজ অঙ্কুরোদ্গমের জন্য পরিষ্কার পানিতে 15-20 ঘণ্টা অথবা বীজ এক রাত্রি ভিজিয়ে অতঃপর পলিব্যাগে বপন করতে হবে।  প্রতি ব্যাগে একটি করে বীজ বুনতে হবে। বীজের আকারের দ্বিগুন মাটির গভীরে বীজ পুঁতে দিতে হবে। বীজ সরাসরি মাদায়ও বপন করা হয়। সেক্ষেত্রে সার প্রয়োগ ও মাদা তৈরির 4-5 দিন পর প্রতি মাদায় 2-3টি করে বীজ বপন করা যেতে পারে।
vegetable,bottle gourd,লাউ,206,sowing_method,বীজতলায় চারার পরিচর্যা, নার্সারিতে চারার প্রয়োজনীয় পরিচর্যা নিশ্চিত করতে হবে। বেশি শীতে বীজ গজানোর সমস্যা হয়। এজন্য শীতকালে চারা উৎপাদনের ক্ষেত্রে বীজ গজানোর পূর্ব পর্যন্ত প্রতি রাতে প্লাস্টিক দিয়ে পলিব্যাগ ঢেকে রাখতে হবে এবং দিনে খোলা রাখতে হবে। চারায় প্রয়োজন অনুসারে পানি দিতে হবে তবে সাবধান থাকতে হবে যাতে চারার গায়ে পানি না পড়ে।  পলিব্যাগের মাটি চটা বাঁধলে তা ভেঙ্গে দিতে হবে।  লাউয়ের চারাগাছে ‘রেড পামাকিন বিটল’ নামে এক ধরনের লালচে পোকার ব্যাপক আক্রমণ হয়। এটি দমনের ব্যবস্থা নিতে হবে।  চারার বয়স 15-16 দিন হলে তা মাঠে প্রস্তুত গর্তে লাগাতে হবে।
vegetable,bottle gourd,লাউ,206,land_preparation,জমি নির্বাচন এবং তৈরি, সেচ ও নিকাশের উত্তম সুবিধাযুক্ত এবং পর্যাপ্ত সূর্যালোক পায় এমন জমি নির্বাচন করতে হবে।  জমিকে প্রথমে ভালভাবে চাষ ও মই দিয়ে এমনভাবে তৈরি করতে হবে যেন জমিতে কোন ঢিলা এবং আগাছা না থাকে।  লাউ গাছের শিকড়ের যাথযথ বৃদ্ধির জন্য উত্তমরূপে গর্ত (মাদা) তৈরি করতে হবে।
vegetable,bottle gourd,লাউ,206,spacing,বেড তৈরি এবং বেড থেকে বেডের দূরত্ব, বেডের উচচতা হবে 15-20 সেমি। বেডের প্রস্থ হবে 2.5 মিটার এবং লম্বা জমির দৈর্ঘয অনুসারে সুবিধামতো নিতে হবে। এভাবে পরপর বেড তৈরি করতে হবে।  এরূপ পাশাপাশি দুইটি বেডের মাঝখানে 60 সেমি ব্যাসের সেচ নালা থাকবে এবং প্রতি দুবেড অন্তর 30 সেমি প্রশস্ত শুধু নিকাশ নালা থাকবে।
vegetable,bottle gourd,লাউ,206,spacing,মাদা তৈরি এবং বেডে মাদা হইতে মাদার দূরত্ব," মাদার আকার হবে ব্যাস 50-55 সেমি, গভীর 50-55 সেমি এবং তলদেশ 45-50 সেমি।  বেডের যে দিকে 60 সেমি প্রশস্ত সেচ ও নিকাশ নালা থাকবে সেদিকে বেডের কিনারা হইতে 60 সেমি বাদ দিয়ে মাদার কেন্দ্র ধরে 2 মিটার অন্তর অন্তর এক সারিতে মাদা তৈরি করতে হবে।  একটি বেডের যে কিনারা থেকে 60 সেমি বাদ দেয়া হবে, উহার পাশ্ববর্তী বেডের ঠিক একই কিনারা থেকে 60 সেমি বাদ দিয়ে মাদার কেন্দ্র ধরে অনুরূপ নিয়মে মাদা করতে হবে।"
vegetable,bottle gourd,লাউ,206,fertilizer,সারের পরিমাণ ও প্রয়োগ পদ্ধতি,"অর্ধেক গোবর সার, টিএসপি এমওপি এবং সবটুকু জিপসাম, দস্তা, বোরাক্স ও ম্যাগনেসিয়াম সালফেট জমি তৈরির সময় প্রয়োগ করতে হবে। অবশিষ্ট গোবর এবং টিএসপি চারা লাগানোর 7 দিন পূর্বে গর্তে প্রয়োগ করতে হবে। উপরি প্রয়োগে ইউরিয়া এবং অবশিষ্ট এমপি সার সমান 4 কিস্তিতে গাছের গোড়ায় 10-15 সেমি দূরে মাদারমাটির সঙ্গে ভালো ভাবে মিশিয়ে দিতে হবে।"
vegetable,bottle gourd,লাউ,206,sowing_method,চারার বয়স,বীজ গজানোর পর 15-16 দিন বয়সের চারা মাঠে লাগানোর জন্য উত্তম।
vegetable,bottle gourd,লাউ,206,sowing_method,চারা রোপণ," মাঠে প্রস্তুত মাদাগুলোর মাটি ভালোভাবে ওলট-পালট করে, এক কোপ দিয়ে চারা লাগানোর জন্য জায়গা করে নিতে হবে। অতঃপর পলিব্যাগের ভাঁজ বরাবর ব্লেড দিয়ে কেটে পলিব্যাগ সরিয়ে মাটির দলাসহ চারাটি উক্ত জায়গায় লাগিয়ে চারপাশে মাটি দিয়ে ভরাট করে দিতে হবে।  চারা লাগানোর পর গর্তে পানি দিতে হবে।  পলিব্যাগ সরানোর সময় এবং চারা রোপণের সময় সাবধান থাকতে হবে যাতে চারার শিকড় ক্ষতিগ্রস্ত না হয় এবং মাটির দলা না ভাংগে। নতুবা শিকড়ের ক্ষতস্থান দিয়ে ঢলে পড়া রোগের (ফিউজারিয়াম উইল্ট) জীবাণু ঢুকবে এবং শিকড় ক্ষতিগ্রস্ত হলে গাছের বৃদ্ধি দেরিতে শুরু হবে।"
vegetable,bottle gourd,লাউ,206,intercultural,পরবর্তী পরিচর্যা,
vegetable,bottle gourd,লাউ,206,irrigation,সেচ দেওয়া,লাউ ফসল পানির প্রতি খুবই সংবেদনশীল। কাজেই সেচ নালা দিয়ে প্রয়োজন অনুসারে নিয়মিত সেচ দিতে হবে। লাউয়ের জমিতে কখনও সমস্ত জমি ভিজিয়ে প্লাবন সেচ দেয়া যাবে না। শুধুমাত্র সেচ নালায় পানি দিয়ে আটকে রাখলে গাছ পানি টেনে নিবে। প্রয়োজনে সেচ নালা হতে ছোট কোন পাত্র দিয়ে কিছু পানি গাছের গোড়ায় সেচে দেওয়া যায়। শুষ্ক মৌসুমে লাউ ফসলে 5-7 দিন অন্তর সেচ দেয়ার প্রয়োজন পড়ে। 
vegetable,bottle gourd,লাউ,206,other,বাউনি দেওয়া,"লাউয়ের কা•িক্ষত ফলন পেতে হলে অবশ্যই মাচায় চাষ করতে হবে। লাউ মাটিতে চাষ করলে ফলের একদিক বিবর্ণ হয়ে বাজারমূল্য কমে যায়, ফলে পচন ধরে এবং প্রাকৃতিক পরাগায়ন কমে যায়। ফলে ফলনও কমে যায়। "
vegetable,bottle gourd,লাউ,206,intercultural,মালচিং,প্রত্যেক সেচের পর হালকা মালচ্ করে গাছের গোড়ার মাটির চটা ভেঙ্গে দিতে হবে। 
vegetable,bottle gourd,লাউ,206,pest_disease,আগাছা দমন,কিছু নির্দিষ্ট প্রজাতির ঘাস লাউতে ‘বোট্ল্ গোর্ড মোজাইক ভাইরাস’ নামে যে রোগ হয় তার আবাস স্থল। এছাড়াও গাছের গোড়ায় আগাছা থাকলে তা খাদ্যোপাদান ও রস শোষণ করে নেয়। কাজেই চারা লাগানো থেকে শুরু করে ফল সংগ্রহ পর্যন্ত জমি সবসময়ই আগাছা মুক্ত রাখতে হবে। 
vegetable,bottle gourd,লাউ,206,fertilizer,সার উপরি প্রয়োগ,চারা রোপণের পর মাদা প্রতি সারের উপরি প্রয়োগের যে মাত্রা উল্লেখ করা আছে তা গাছের গোড়ার কাছাকাছি প্রয়োগ করতে হবে।
vegetable,bottle gourd,লাউ,206,fertilizer,সার সারের,
vegetable,bottle gourd,লাউ,206,other,পরিমাণ,(হেক্টরপ্রতি)
vegetable,bottle gourd,লাউ,206,land_preparation,জমি তৈরির,
vegetable,bottle gourd,লাউ,206,sowing_method,চারা রোপণের 7,
vegetable,bottle gourd,লাউ,206,other,দিন,পূর্বে
vegetable,bottle gourd,লাউ,206,sowing_method,চারা রোপণের,
vegetable,bottle gourd,লাউ,206,sowing_method,চারা রোপণের,
vegetable,bottle gourd,লাউ,206,sowing_method,চারা রোপণের,
vegetable,bottle gourd,লাউ,206,sowing_method,চারা রোপণের,
vegetable,bottle gourd,লাউ,206,other,75 দিন পর,গোবর 10 টন 5 টন 5 টন - - - - ইউরিয়া 150 কেজি - - 37.5 কেজি 37.5 কেজি 37.5 কেজি 37.5 কেজি টিএসপি 175 কেজি 87.5 কেজি 87.5 কেজি - - - - এমপি 150 কেজি 50 কেজি - 25 কেজি 25 কেজি 25 কেজি 25 কেজি জিপসাম 100 কেজি সব - - - - - জিংক 12 কেজি সব - - - - - বরিক এসিড 10 কেজি সব - - - - - ম্যাগনেসিয়াম সালফেট 40 কেজি সব - - - - -
vegetable,snake gourd,চিচিঙ্গা,209,sowing_time,উৎপাদন মৌসুম,এদেশে চিচিঙ্গা প্রধানত খরিফ মৌসুমেই চাষ হয়ে থাকে। ফেব্রুয়ারি থেকে জুন মাসের মধ্যে যে কোন সময় চিচিঙ্গার বীজ বোনা যেতে পারে।
vegetable,snake gourd,চিচিঙ্গা,209,seed_rate,বীজের হার,চিচিঙ্গার জন্য হেক্টরপ্রতি 4-5 কেজি (16-20 গ্রাম/শতাংশ) বীজের প্রয়োজন হয়।
vegetable,snake gourd,চিচিঙ্গা,209,sowing_method,জমি তৈরি ও বপন পদ্ধতি,খরিফ মৌসুমে চাষ হয় বলে চিচিঙ্গার জন্য এমন স্থান নির্বাচন করতে হবে যেখানে পানি জমার সম্ভাবনা নেই। বসতবাড়িতে চাষ করতে হলে দু-চারটি মাদায় বীজ বুনে গাছ বেয়ে উঠতে পারে এমন ব্যবস্থা করলেই হয়। বাণিজ্যিকভাবে চাষের জন্য প্রথমে সম্পূর্ণ জমি 4-5 বার চাষ ও মই দিয়ে প্রস্তুত করে নিতে হয় যাতে শিকড় সহজেই ছড়াতে পারে। জমি বড় হলে নির্দিষ্ট দূরত্বে নালা কেটে লম্বায় কয়েক ভাগে ভাগ কর নিতে হয়। বেডের প্রস্থ হবে 1.0 মিটার এবং দু-বেডের মাঝে 30 সেমি নালা থাকবে। চিচিঙ্গার বীজ সরাসরি মাদায় বোনা যেতে পারে। এক্ষেত্রে প্রতি মাদায় কমপক্ষে 2টি বীজ বপন করতে হবে। তাছাড়া পলিব্যাগে (10×12 সেমি) 15-20 দিন বয়সের চারা উৎপাদন করে নেওয়া যেতে পারে। চিচিঙ্গার জন্য 1.5 মিটার দূরত্বে মাদা তৈরি করতে হবে। চারা গজানোর পর একের অধিক গাছ তুলে ফেলে দিতে হবে। বীজের ত্বক শক্ত ও পুরু বিধায় বোনার পূর্বে বীজ 24 ঘণ্টা পানিতে ভিজিয়ে নিলে বীজ তাড়াতাড়ি অঙ্কুরিত হয়। মাদায় বীজ বুনতে বা চারা রোপণ করতে হলে অন্তত 10 দিন আগে মাদায় নির্ধারিত সার প্রয়োগ করে তৈরি করে নিতে হবে। মাদার আয়তন হবে 40×40×40 সেমি।
vegetable,snake gourd,চিচিঙ্গা,209,fertilizer,সারের পরিমাণ ও প্রয়োগ পদ্ধতি,চিচিঙ্গার জমিতে নিম্ন বর্ণিত হারে সার প্রয়োগ করতে হবে। (প্রতি শতকে 20টি মাদা হিসেবে) মাদায় চারা রোপণের পূর্বে সার দেয়ার পর পানি দিয়ে মাদার মাটি ভালভাবে ভিজিয়ে দিতে হবে। অতঃপর মাটিতে ‘জো’ এলে 7-10 দিন পর চারা রোপণ করতে হবে।
vegetable,snake gourd,চিচিঙ্গা,209,intercultural,অন্তর্বর্তীকালীন পরিচর্যা,"সময়মতো নিড়ানি দিয়ে আগাছা সমসময় পরিষ্কার করে সাথে সাথে মাটির চটা ভেঙ্গে দিতে হবে। খরা হলে প্রয়োজন অনুযায়ী সেচ দিতে হবে। পানির অভাব হলে গাছের বৃদ্ধির বিভিন্ন অবস্থায় এর লক্ষণ প্রকাশ পায় যেমন প্রাথমিক অবস্থায় চারার বৃদ্ধি বন্ধ হয়ে যাওয়া, পরবর্তীকালে ফুল ঝরে যাওয়া, ফলের বৃদ্ধি বন্ধ হওয়া ও ঝরে যাওয়া ইত্যাদি। চিচিঙ্গার বীজ উৎপাদনের সময় খেয়াল রাখতে হবে ফল পরিপক্ক হওয়া শুরু হলে সেচ দেয়া বন্ধ করে দিতে হবে। বাউনি দেয়া চিচিঙ্গার প্রধান পরিচর্যা। চারা 20-25 সেমি উঁচু হতেই 1.0-1.5 মিটার উঁচু মাচা তৈরি করতে হবে এবং বাউনীর ব্যবস্থা করতে হবে। বাউনি দিলে ফলন বেশি ও ফলের গুণগত মান ভাল হয়। গাছের গোড়া থেকে ডালপালা বের হলে সেগুলো কেটে দিতে হয় এতে গোড়া পরিষ্কার থাকে, রোগবালাই ও পোকামাকড়ের উৎপাত কম হয়। জুন-জুলাই মাস থেকে বৃষ্টি শুরু হওয়ার পর আর সেচের প্রয়োজন হয় না। জমির পানি নিকাশ নিশ্চিত করার জন্য বেড ও নিকাশ নালা সর্বদা পরিষ্কার করে রাখতে হবে।"
vegetable,snake gourd,চিচিঙ্গা,209,harvest,ফসল সংগ্রহ ও ফলন,চারা গজানোর 60-70 দিন পর চিচিঙ্গার গাছ ফল দিতে থাকে। স্ত্রী ফুলের পরাগায়নের 10-13 দিনের মধ্যে ফল খাওয়ার উপযুক্ত হয়। কচি ও খাওয়ার উপযোগী পুষ্ট অবস্থায় 2-3 দিন পর পর ফল সংগ্রহ করতে হয়। ফল আহরণ একবার শুরু হলে তা দুই আড়াই মাস পর্যন্ত অব্যাহত থাকে। উন্নত পদ্ধতিতে চাষাবাদ করলে চিচিঙ্গার হেক্টরপ্রতি ফলন 25-30 টন (100-120 কেজি/শতাংশ) পাওয়া যায়।
vegetable,snake gourd,চিচিঙ্গা,209,pest_disease,অন্যান্য পরিচর্যা পোকামাকড় ও প্রতিকার,
vegetable,snake gourd,চিচিঙ্গা,209,pest_disease,ফলের মাছি পোকা,
vegetable,snake gourd,চিচিঙ্গা,209,pest_disease,ক্ষতির ধরন,"স্ত্রী মাছি কচি ফলে ডিম পাড়ে। ডিম ফুটে কীড়াগুলো ফলের শাঁস খায়, ফল পচে যায় এবং অকালে ঝরে পড়ে।"
vegetable,snake gourd,চিচিঙ্গা,209,pest_disease,প্রতিকার,পরিষ্কার পরিচ্ছন্ন চাষাবাদ এবং আক্রান্ত অংশ সংগ্রহ করে ধ্বংস করতে হবে। সেক্স ফেরোমন ও বিষটোপ ফাঁদের যৌথ ব্যবহার করে পোকা ভালোভাবে দমন করা যায়। বিষটোপের জন্য থেতলানো 100 গ্রাম পাকা মিষ্টি কুমড়ার সাথে 0.25 গ্রাম সেভিন 85 পাউডার মিশিয়ে ব্যবহার করতে হয়। বিষটোপ 3-4 দিন পরপর পরিবর্তন করতে হয়। পচা গোবর 10 টন 40 কেজি 20 কেজি 1 কেজি - - - - টিএসপি 175 কেজি 700 গ্রাম 350 গ্রাম 18 গ্রাম - - - - ইউরিয়া 175 কেজি 700 গ্রাম - - 10 গ্রাম 10 গ্রাম 10 গ্রাম 5 গ্রাম এমপি 150 কেজি 600 গ্রাম 200 গ্রাম 10 গ্রাম 10 গ্রাম - - - জিপসাম 100 কেজি 400 গ্রাম 400 গ্রাম - - - - - দস্তা সার 12.5 কেজি 50 গ্রাম 50 গ্রাম - - - - - বোরাক্স 10 কেজি 40 গ্রাম 40 গ্রাম - - - - - ম্যাগনেসিয়াম 60 কেজি 240 গ্রাম 240 গ্রাম 12 গ্রাম - - - - সালফেট চারা রোপণের 70-75 দিন পর সারের নাম মোট পরিমাণ (হেক্টরপ্রতি) মোট পরিমাণ (শতাংশ প্রতি) জমি তৈরির সময় (শতাংশ প্রতি) চারা রোপণের 7-10 দিন পূর্বে চারা রোপণের 10-15 দিন পর চারা রোপণের 30-35 দিন পর চারা রোপণের 50-55 দিন পর মাদাপ্রতি
vegetable,snake gourd,চিচিঙ্গা,209,pest_disease,পামকিন বিটল,
vegetable,snake gourd,চিচিঙ্গা,209,pest_disease,ক্ষতির ধরন,"পূর্ণাঙ্গ পোকা চারা গাছের পাতায় ছিদ্র করে খায়। কীড়া গাছের গোড়ায় মাটিতে বাস করে এবং গাছের শিকড়ের ক্ষতি করে, বড় গাছ মেরে ফেলতে পারে।"
vegetable,snake gourd,চিচিঙ্গা,209,pest_disease,প্রতিকার,আক্রান্ত গাছ থেকে পূর্ণাঙ্গ পোকা হাতে ধরে মেরে ফেলা। চারা অবস্থায় 20-25 দিন চারা মশারির জাল দিয়ে ঢেকে রাখা। প্রতি লিটার পানিতে 2 গ্রাম সেভিন/কার্বারিল-85 ডব্লিউপি মিশিয়ে স্প্রে করতে হবে। কীড়া দমনের জন্য প্রতি গাছের গোড়ায় 2-5 গ্রাম বাসুডিন/ডায়াজিনন-10 জি মিশিয়ে সেচ দিতে হবে।
vegetable,snake gourd,চিচিঙ্গা,209,pest_disease,এপিল্যাকনা বিটল,
vegetable,snake gourd,চিচিঙ্গা,209,pest_disease,ক্ষতির ধরন,"পাতায় সবুজ অংশ খেয়ে ফেলে এবং আক্রান্ত পাতাগুলো বিবর্ণের মত দেখায়, পাতা শুকিয়ে ঝরে পড়ে এবং গাছ পাতাশূন্য হতে পারে।"
vegetable,snake gourd,চিচিঙ্গা,209,pest_disease,প্রতিকার,প্রতি লিটার পানিতে 2.0 গ্রাম কার্বারিল-85/সেভিন ডব্লিউপি অথবা 2 মিলি সুমিথিয়ন/ফলিথিয়ন-50 ইসি মিশিয়ে স্প্রে করতে হবে।
vegetable,snake gourd,চিচিঙ্গা,209,pest_disease,জাব পোকা,
vegetable,snake gourd,চিচিঙ্গা,209,pest_disease,ক্ষতির ধরন,"জাব পোকা দলবদ্ধভাবে পাতার রস চুষে খায়। ফলে বাড়ন্ত ডগা ও পাতা হলুদ বর্ণ ধারণ করে, পাতা বিকৃত হয়ে বৃদ্ধি ব্যাহত হয় এবং পাতা নিচের দিকে কুঁকড়িয়ে যায়।"
vegetable,snake gourd,চিচিঙ্গা,209,pest_disease,প্রতিকার,আক্রান্ত পাতা ও ডগার জাব পোকা হাত দিয়ে পিষে মেরে ফেলতে হবে। নিম বীজের দ্রবণ (কেজি পরিমাণ অর্ধভাঙ্গা নিমবীজ 10 লিটার পানিতে 12 ঘণ্টা ভিজিয়ে রাখতে হবে) বা সাবান গুলা পানি (প্রতি 10 লিটার পানিতে 2 চা চামচ গুঁড়া সাবান মেশাতে হবে) স্প্রে করেও এ পোকার আক্রমণ অনেকাংশে কমানো যায়। লেডীবার্ড বিটলের পূর্ণাঙ্গ পোকা ও কীড়া এবং সিরফিড্ ফ্লাই-এর কীড়া জাব পোকা খেয়ে প্রাকৃতিকভাবে দমন করে। সুতরাং উপরোক্ত বন্ধু পোকাসমূহ সংরক্ষণ করলে এ পোকার আক্রমণ অনেকাংশে কম হয়। আক্রমণের মাত্রা বেশি হলে ম্যালাথিয়ন 57 ইসি প্রতি লিটার পানিতে 2 মিলি হারে অথবা পিরিমর 50 ডিপি প্রতি লিটার পানিতে 1 গ্রাম হারে মিশিয়ে স্প্রে করতে হবে।
vegetable,snake gourd,চিচিঙ্গা,209,pest_disease,রোগবালাই,
vegetable,snake gourd,চিচিঙ্গা,209,pest_disease,পাউডারী মিলডিউ বা গাদা গুঁড়া রোগ,
vegetable,snake gourd,চিচিঙ্গা,209,pest_disease,লক্ষণ,পাতার উভয় পাশে প্রথমে সাদা সাদা পাউডার বা গুঁড়া দেখা যায়। ধীরে ধীরে এ দাগগুলো বড় হয়। ফলে গাছ বেশ দুর্বল হয়ে পড়ে। তাছাড়া দাগগুলো বাদামী হয়ে শুকিয়ে যায়। কোন একটি লতার পাতায় আক্রমণ বেশি হলে ধীরে ধীরে সেই লতা ও পরে পুরো গাছই মরে যেতে পারে। ফল ঝরে যেতে পারে। যদি আগাম চাষ হয় তবে এ রোগের লক্ষণ বেশি দেখা যায়।
vegetable,snake gourd,চিচিঙ্গা,209,pest_disease,প্রতিকার,এ রোগের প্রতিকারের জন্য আক্রান্ত পাতা ও গাছ সংগ্রহ করে পুড়িয়ে ফেলতে হবে। তাছাড়া 2 গ্রাম থিয়োভিট 80 ডব্লিউপি অথবা টিল্ট 250 ইসি অথবা সালফোলাক্স/কুমুলাস 0.5 মিলি অথবা 1 গ্রাম ক্যালিক্সিন প্রতি লিটার পানিতে মিশিয়ে 7-10 দিন অন্তর স্প্রে করে এ রোগ নিয়ন্ত্রণ করা যায়।
vegetable,snake gourd,চিচিঙ্গা,209,pest_disease,অ্যানথ্রাকনোজ বা ফলপচা,
vegetable,snake gourd,চিচিঙ্গা,209,pest_disease,লক্ষণ,পাতায় গোলাকৃতি দাগ দেখা যায়। বৃষ্টিতে পাতার পচন লক্ষ করা যায়। প্রথমে ছোট কালো দাগ যার মধ্যাংশ ছত্রাকের জালি ও অণুজীব দ্বারা ঢাকা থাকে। আক্রান্ত ফলের বীজও ছত্রাক দ্বারা আক্রান্ত হয়। বীজের অঙ্কুরোদ্গম ক্ষমতা কমে যায়।
vegetable,snake gourd,চিচিঙ্গা,209,pest_disease,প্রতিকার,রোগমুক্ত ভাল বীজ ব্যবহার করতে হবে। ঝরণা দিয়ে গাছে পানি বা সেচ দেওয়া যাবে না। অনুমোদিত ছত্রাকনাশক অটোস্টিন/নোইন বা একোনাজল আক্রমণের শুরুতেই 1 মিলি প্রতি লিটার পানিতে মিশিয়ে 7-10 দিন অন্তর স্প্রে করে এ রোগ নিয়ন্ত্রণ করা যায়। চিচিঙ্গার বীজ-ফলে অব্যশই ছত্রাকনাশক প্রয়োগ করে বীজ রোগমুক্ত রাখতে হবে।
vegetable,snake gourd,চিচিঙ্গা,209,pest_disease,মোজাইক ভাইরাস,
vegetable,snake gourd,চিচিঙ্গা,209,pest_disease,লক্ষণ,পাতায় হলদে ছোপ ছোপ দেখা দেয় ও পাতা কুকড়ে যায়। ফলে ফলন বহুলাংশে কমে যায়।
vegetable,snake gourd,চিচিঙ্গা,209,pest_disease,প্রতিকার,ভাইরাস দেখা মাত্র আক্রান্ত গাছ ধ্বংস করে ফেলতে হবে।
vegetable,bitter gourd,করলা,213,soil_climate,জলবায়ু ও মাটি,"উচ্চ আর্দ্র আবহাওয়ায় করলা ভাল জন্মে। পরিবেশগত ভাবে এটি একটি কষ্ট সহিষ্ণু উদ্ভিদ। মোটামুটি শুষ্ক আবহাওয়ায় এটি জন্মানো যায়, তবে বৃষ্টিপাত-এর জন্য খুব ক্ষতিকর নয়। তবে জলাবদ্ধতা সহ্য করতে পারে না। অতিরিক্ত বৃষ্টিপাতে পরাগায়ণ বিঘ্নিত হতে পারে। তাই শীতের দু’ এক মাস বাদ দিলে বাংলাদেশে বছরের যেকোন সময় করলা জন্মানো যায়।"
vegetable,bitter gourd,করলা,213,sowing_time,উৎপাদন মৌসুম,"বছরের যে কোন সময় করলার চাষ সম্ভব হলেও এদেশে প্রধানত খরিফ মৌসুমেই করলার চাষ হয়ে থাকে। ফেব্রুয়ারি থেকে মে মাসের মধ্যে যে কোন সময় করলার বীজ বোনা যেতে পারে। কেউ কেউ জানুয়ারি মাসেও বীজ বুনে থাকেন কিন্ত এ সময় তাপমাত্রা কম থাকায় গাছ দ্রুত বাড়তে পারে না, ফলে আগাম ফসল উৎপাদনে তেমন সুবিধা হয় না। পর্যাপ্ত সেচের ব্যবস্থা করতে পারলে আশাব্যাঞ্জক ফলন পাওয়া যায়।"
vegetable,bitter gourd,করলা,213,seed_rate,বীজের হার,করলার জন্য হেক্টরপ্রতি 6-7 কেজি বীজের প্রয়োজন হয়।
vegetable,bitter gourd,করলা,213,sowing_method,জমি তৈরি ও বপন পদ্ধতি,খরিফ মৌসুমে করলার জন্য এমন স্থান নির্বাচন করতে হবে যেখানে পানি জমার সম্ভাবনা নেই। বসতবাড়িতে করলার চাষ করতে হলে দু’চারটি মাদায় বীজ বুনে গাছ বেয়ে উঠতে পারে এমন ব্যবস্থা করতে হবে। বাণিজ্যিকভাবে চাষের জন্য প্রথমে সম্পূর্ণ জমি 4-5 বার চাষ ও মই দিয়ে প্রস্তুত করে নিতে হয় যাতে শিকড় সহজেই ছাড়াতে পারে। জমি বড় হলে নির্দিষ্ট দূরত্বে নালা কেটে লম্বায় কয়েক ভাগে ভাগ করে নিতে হয়। বেড়ের প্রশস্ততা হবে 1.0 মিটার এবং দু’ বেডের মাঝে 60 সেমি নালা থাকবে। করলার বীজ সরাসরি মাদায় বোনা যেতে পারে। এক্ষেত্রে প্রতি মাদায় কমপক্ষে 2টি বীজ বপন করতে হবে অথবা পলিব্যাগে (10-15 সেমি) 15-20 দিন বয়সের চারা উৎপাদন করে নেওয়া যেতে পারে।
vegetable,ash gourd,চালকুমড়া,215,soil_climate,জলবায়ু ও মাটি,চালকুমড়ার জন্য উষ্ণ ও আদ্র জলবায়ু প্রয়োজন। সুনিস্কাাশিত যে কোন ধরনের মাটিতে চালকুমড়া চাষ করা যায়।
vegetable,ash gourd,চালকুমড়া,215,sowing_time,উৎপাদন মৌসুম,ফেব্রুয়ারি থেকে মে মাসের মধ্যে যে কোন সময় চাল কুমড়ার বীজ বোনা যেতে পারে।
vegetable,ash gourd,চালকুমড়া,215,seed_rate,বীজের হার,হেক্টরপ্রতি 700-800 গ্রাম (3.0-3.5 গ্রাম/শতাংশ) ।
vegetable,ash gourd,চালকুমড়া,215,land_preparation,জমি তৈরি ও বপণ পদ্ধতি," খরিফ মৌসুমে চাষ হয় বলে চালকুমড়ার জন্য এমন স্থান নির্বাচন করতে হবে যেখানে পানি জমার সম্ভাবনা নেই।  বসতবাড়িতে চাষ করতে হলে সুবিধাজনক স্থানে দু-চারটি মাদায় বীজ বুনে গাছ মাচা, ঘরের চাল কিংবা কোনো বৃক্ষের উপর তুলে দেয়া যেতে পারে।  বাণিজ্যিকভাবে চাষের জন্য প্রথমে সম্পূর্ণ জামি 4-5 বার চাষ ও মই দিয়ে প্রস্তুত করে নিতে হয় যাতে শিকড় সহজেই ছড়াতে পারে। জমি বড় হলে নির্দিষ্ট দূরত্বে নালা কেটে লম্বায় কয়েক ভাগে ভাগ করে নিতে হয়।  সারি থেকে সারির দূরত্ব 2.5 মিটার এবং চারা থেকে চারার দূরত্ব হবে 2.0 মিটার। পলিব্যাগে (8 × 10 সে.মি.) 15-18 দিন বয়সের চারা উৎপাদন করে নেয়া যেতে পারে।  চালকুমড়ার বীজ সরাসরি মাদায় বোনা যেতে পারে। মাদা থেকে মাদার দূরত্ব হবে 2.0 মিটার। এক্ষেত্রে প্রতি মিটার মাদায় কমপক্ষে 4-5 টি বীজ বপন করতে হবে।  চারা গজানোর পর মাদায় 2 টি গাছ রেখে অতিরিক্ত গাছ তুলে ফেলে দিতে হবে।  মাদায় বীজ বুনতে বা চারা রোপণ করতে হলে অন্তত 10 দিন আগে মাদায় নির্ধারিত সার প্রয়োগ করে তৈরি করে নিতে হবে। মাদার আয়তন হবে 40 × 40 × 40 সেমি।"
vegetable,ash gourd,চালকুমড়া,215,fertilizer,সারের পরিমাণ (কেজি/হেক্টর),
vegetable,ash gourd,চালকুমড়া,215,fertilizer_method,সার প্রয়োগ পদ্ধতি," শেষ চাষের সময় অর্ধেক গোবর, টিএসপি ও এমওপি এবং সম্পূর্ণ জিপসাম, জিংক সালফেট এবং বোরাক্স সার সমানভাবে ছিটিয়ে মাটির সাথে ভালোভাবে মিাশয়ে দিতে হবে।  বাকি অর্ধেক গোবর ও টিএসপি সার চারা লাগানোর 7 দিন পূর্বে গর্তে মাটির সাথে ভালোভাবে মিাশয়ে দিতে হবে।  সম্পূর্ণ ইউরিয়া ও বাকি অর্ধেক এমওপি সার 4 কিস্তিতে চারা লাগানোর 15, 35, 55 ও 75 দিন পর সমভাবে গাছের গোড়ায় 10-15 সে.মি. দূরে মাটির সাথে ভালোভাবে মিশিয়ে দিতে হবে।"
vegetable,ash gourd,চালকুমড়া,215,intercultural,অন্তর্বর্তীকালীন পরিচর্যা," সময়মতো নিড়াািন দিয়ে আগাছা সবসময় পরিস্কার করে সাথে সাথে মাটির চটা ভেঙ্গে দিতে হবে।  খরা হলে প্রয়োজন অনুযায়ী সেচ দিতে হবে। পানির অভাব হলে গাছের বৃদ্ধি ভালো হয় না। পানির অভাব হলে প্রাথমিক অবস্থায় চারার বৃদ্ধি বন্ধ হয়ে যায়, পরবর্তীকালে ফুল ঝরে যায়, ফলের বৃদ্ধি বন্ধ হয়ে ঝরে যায় ইত্যাদি।"
vegetable,ash gourd,চালকুমড়া,215,fertilizer,সার,
vegetable,ash gourd,চালকুমড়া,215,fertilizer,মোট সারের,
vegetable,ash gourd,চালকুমড়া,215,land_preparation,জমি ও মাদা,
vegetable,ash gourd,চালকুমড়া,215,sowing_method,চারা রোপণের,
vegetable,ash gourd,চালকুমড়া,215,sowing_method,চারা রোপণের,
vegetable,ash gourd,চালকুমড়া,215,sowing_method,চারা রোপণের,
vegetable,ash gourd,চালকুমড়া,215,sowing_method,চারা রোপণের,
vegetable,ash gourd,চালকুমড়া,215,other,75 দিন পর,"গোবর 10,000 কেজি সব - - - ইউরিয়া 175 কেজি - 43.75 কেজি 43.75 কেজি 43.75 কেজি 43.75 কেজি টিএসপি 175 কেজি সব - - - এমওপি 150 কেজি 50 কেজি 25 কেজি 25 কেজি 25 কেজি 25 কেজি জিপসাম 90 কেজি সব - - - জিংক সালফেট 12 কেজি সব - - - বোরাক্স 10 কেজি সব - - -"
vegetable,squash,স্কোয়াশ,218,soil_climate,মাটি ও আবহাওয়া,"স্কোয়াশের জন্য উষ্ণ, প্রচুর সূর্যালোক এবং নিম্ন আর্দরতা উত্তম। চাষকালীন সময়ে অনূকুল তাপমাত্রা হলো 20-250 সে। চাষকালীন সময়ে উচ্চ তাপমাত্রা ও লম্বা দিন হলে পুরুষ ফুলের সংখ্যা বেড়ে যায় এবং স্ত্রী ফুলের সংখ্যা কমে যায়। জৈব পদার্থ সমৃদ্ধ দোআঁশ বা এঁটেল দোআঁশ মাটি এর চাষাবাদের জন্য উত্তম তবে চরাঞ্চলে পলিমাটিতে স্কোয়াশের ভালো ফলন হয়।"
vegetable,squash,স্কোয়াশ,218,other,বীজেরহার,প্রতি হেক্টরে 2-4 কেজি বীজের প্রয়োজন হয়।
vegetable,squash,স্কোয়াশ,218,sowing_method,বীজ বপন ও চারা উৎপাদন,শীতকালে চাষের জন্য অক্টোবর - ডিসেম্বর মাসে বীজ বপন করা যায়। চারা নার্সারিতে পলিব্যাগে উৎপাদন করে নিলে ভাল হয়। বীজ বপনের জন্য 8 × 10 সেমি বা তার থেকে কিছুটা বড় আকারের পলিব্যাগ ব্যবহার করা যায়। প্রথমে অর্ধেক মাটি ও অর্ধেক গোবর মিশিয়ে মাটি তৈরি করে পলিব্যাগে ভরতে হবে। সহজ অঙ্কুরোদ্গমের জন্য পরিষ্কার পানিতে 15-20 ঘণ্টা ভিজিয়ে অতঃপর পলিব্যাগে বপন করতে হবে। প্রতিব্যাগে দুইটি করে বীজ বপন করতে হবে। বীজের আকারের দ্বিগুণ মাটির গভীরে বীজ পুঁতে দিতে হবে। বীজ সরাসরি মাদায়ও বপন করা হয়। সেক্ষেত্রে সার প্রয়োগ ও মাদা তৈরির 4-5 দিন পর প্রতি মাদায় 2-3টি করে বীজ বপন করা যেতে পারে। চারা গজানোর 10-12 দিন পর 1টি সুস্থ ও সবল চারা রেখে বাকিগুলো উঠিয়ে ফেলতে হবে। চারার বয়স 16-17 দিন হলে তা মাঠে প্রস্তুত মাদায় লাগাতে হবে। পটল একটি লতানো উদ্ভিদ। বাঁশের কাঠির সাহায্যে চারা গাছকে মাচায় তুলে দেয়া
vegetable,squash,স্কোয়াশ,218,other,বেড তৈরি,বেডের উচচতা 15-20 সেমি ও প্রস্থ 1-1.25 মি এবং লম্বা জমির দৈর্ঘয অনুসারে সুবিধামতো নিতে হবে। এভাবে পরপর বেড তৈরি করতে হবে। পাশাপাশি দুইটি বেডের মাঝ খানে 70 সেমি প্রশস্ত সেচ ও নিকাশ নালা থাকবে।
vegetable,squash,স্কোয়াশ,218,other,মাদা তৈরি,"মাদার ব্যাস 50-55 সেমি, গভীরতা 50-55 সেমি এবং তলদেশ 45-50 সেমি প্রশস্ত হবে । 60 সেমি প্রশস্ত সেচ ও নিকাশ নালা সংলগ্ন বেডের কিনারা হইতে 50 সেমি বাদ দিয়ে মাদার কেন্দ্র ধরে 2 মিটার অন্তর অন্তর এক সারিতে মাদা তৈরি করতে হবে। প্রতি বেডে এক সারিতে চারা লাগাতে হবে।"
vegetable,squash,স্কোয়াশ,218,fertilizer,সারের মাত্রা ও প্রয়োগ প্রদ্ধতি (প্রতি শতাংশে 6টি মাদা),
vegetable,squash,স্কোয়াশ,218,sowing_method,চারার বয়স,বীজ গজানোর পর 16-17 দিন বয়সের চারা মাঠে লাগানোর জন্য উত্তম।
vegetable,squash,স্কোয়াশ,218,sowing_method,চারা রোপণ,"মাঠে প্রস্তুত মাদাগুলোর মাটি ভালোভাবে ওলট-পালট করে, কোদালের এক কোপ দিয়ে চারা লাগানোর জন্য জায়গা করে নিতে হবে। অতঃপর পলিব্যাগের ভাঁজ বরাবর ব্লেড দিয়ে কেটে পলিব্যাগ সরিয়ে মাটির দলাসহ চারাটি উক্ত জায়গায় লাগিয়ে চারপাশে মাটি দিয়ে ভরাট করে দিতে হবে। চারা লাগানোর পর গর্তে পানি দিতে হবে। পলিব্যাগ সরানোর সময় এবং চারা রোপণের সময় সাবধান থাকতে হবে যাতে চারার শিকড় ক্ষতিগ্রস্ত না হয় এবং মাটির দলা না ভাঙ্গে। নতুবা শিকড়ের ক্ষতস্থান দিয়ে ঢলে পড়া রোগের (ফিউজেরিয়াম উইল্ট) জীবাণু ঢুকবে এবং শিকড় ক্ষতিগ্রস্ত হলে গাছের বৃদ্ধি দেরিতে শুরু হবে।"
vegetable,squash,স্কোয়াশ,218,intercultural,পরবর্তী পরিচর্যা,
vegetable,squash,স্কোয়াশ,218,irrigation,সেচ দেওয়া,স্কোয়াশ ফসল পানির প্রতি খুবই সংবেদনশীল। কাজেই সেচ নালা দিয়ে প্রয়োজন অনুসারে নিয়মিত সেচ দিতে হবে। জমিতে কখনও সমস্ত জমি ভিজিয়ে প্লাবন সেচ দেয়া যাবে না। শুধুমাত্র সেচ নালায় পানি দিয়ে আট্কে রাখলে গাছ পানি টেনে নিবে। প্রয়োজনে সেচ নালা হতে ছোট কোন পাত্র দিয়ে কিছু পানি গাছের গোড়ায় সেচে দেওয়া যায়। শুষ্ক মৌসুমে 5-7 দিন অন্তর সেচ দেয়ার প্রয়োজন পড়ে।
vegetable,squash,স্কোয়াশ,218,intercultural,মালচিং,প্রত্যেক সেচের পর হালকা মালচ্ করে গাছের গোড়ার মাটির চটা ভেঙ্গে দিতে হবে। আগাছা অনেক রোগের আবাসস্থল। এছাড়াও আগাছা খাদ্যোপাদান ও রস শোষণ করে নেয়। কাজেই চারা লাগানো থেকে শুরু করে ফল সংগ্রহ পর্যন্ত জমি সবসময়ই আগাছা মুক্ত রাখতে হবে।
vegetable,squash,স্কোয়াশ,218,intercultural,বিশেষ পরিচর্যা,"সাধারণত স্কোয়াশ উৎপাদনের জন্য 16-250 সে. তাপমাত্রা ও শুষ্ক পরিবেশ সবচেয়ে উপযোগী। রাতের তাপমাত্রা 17-210 সে. এর কম বা বেশি হলে গাছের বৃদ্ধি ব্যহত হয়, ফুল ঝরে পড়ে ও ফলন কমে যায়, কোন কোন ক্ষেত্রে একেবারেই ফলন হয়না। অক্টোবর মাসে বীজ বপন করে নভেম্বরে লাগালে দেখা যায় যে নভেম্বরের শেষ সপ্তাহ হতে জানুয়ারি পর্যন্ত রাতের তাপমাত্রা অনেক কমে যায়, ফলে গাছের দৈহিক বৃদ্ধি ব্যহত হয়। এজন্য গাছের স্বাভাবিক বৃদ্ধির জন্য পলিথিন ছাউনি বা গ্লাস হাউসে গাছ লাগালে রাতে ভিতরের তাপমাত্রা বাহির অপেক্ষা বেশি থাকে।"
vegetable,squash,স্কোয়াশ,218,harvest,ফসল তোলা (পরিপক্কতা সনাক্তকরণ),ফল পরাগায়ণের 10-15 দিনের মধ্যে সংগ্রহ করতে হবে। তখনও ফলে সবুজ রঙ থাকবে এবং ফল মসৃণ ও উজ্জ্বল দেখাবে। নখ দিয়ে ফলের গায়ে চাপ দিলে নোখ সহজেই ভিতরে ঢুকে যাবে। সারের নাম মোট সারের পরিমাণ জমি তৈরির সময় মাদা প্রতি হেক্টরপ্রতি শতাংশ প্রতি শতাংশ প্রতি চারা রোপণের 7-10 দিন পূর্বে চারা রোপণের 10-15 দিন পর চারা রোপণের 30-35 দিন পর চারা রোপণের 50-55 দিন পর চারা রোপণের 70-75 দিন পর পচা গোবর 10 টন 40 কেজি 10 কেজি 5 কেজি - - - - টিএসপি 175 কেজি 700 গ্রাম 350 গ্রাম 60 গ্রাম - - - - ইউরিয়া 175 কেজি 700 গ্রাম - - 30 গ্রাম 30 গ্রাম 30 গ্রাম 30 গ্রাম এমওপি 150 কেজি 600 গ্রাম 200 গ্রাম 50 গ্রাম 25 গ্রাম - - - জিপসাম 100 কেজি 400 গ্রাম 400 গ্রাম - - - - - দস্তা সার 12.5 কেজি 50 গ্রাম 50 গ্রাম - - - - - বোরাক্স 10 কেজি 40 গ্রাম 40 গ্রাম - - - - - ম্যাগনেসিয়াম সালফেট 40 কেজি 160 গ্রাম - 25 গ্রাম - - - -
vegetable,sponge gourd,ধুন্দুল,220,soil_climate,জলবায়ু ও মাটি,"দীঘ সময়ব্যাপী উষ্ণ ও আদ্র আবহাওয়ায় ধুন্দুল ভালো জন্মে। পরিবেশগত ভাবে এটি একটি কষ্ট সহিষ্ণু উদ্ভিদ। এরা খরা ও জলাবদ্ধতা সহ্য করতে পারে। অতিরিক্ত বৃষ্টিতে পরাগায়ন বিঘ্নিত হয় ফলে, ফলন কমে যায়। শীতকালের 2/3 মাস ছাড়া বাংলাদেশে প্রায় সারা বছরেই ধুন্দুল চাষ করা সম্ভব।"
vegetable,sponge gourd,ধুন্দুল,220,sowing_time,উৎপাদন মৌসুম,বছরের যে কোন সময় ধুন্দুলের চাষ সম্ভব হলেও এদেশে প্রধানত খরিফ মৌসুমেই ধুন্দুলের চাষ করা হয়ে থাকে। ফেব্রুয়ারী হতে মে মাসের মধ্যে যে কোন সময় পর্যন্ত ধুন্দুলের বীজ বপন করা যায়।
vegetable,sponge gourd,ধুন্দুল,220,seed_rate,বীজ হার,ধুন্দুলের জন্য হেক্টরপ্রতি 3-4 কেজি এবং শতাংশ প্রতি 12-15 গ্রাম বীজের প্রয়োজন হয়।
vegetable,sponge gourd,ধুন্দুল,220,sowing_method,জমি তৈরি ও বপন পদ্ধতি,"বাণিজ্যিক ভাবে ধুন্দুল চাষের জন্য উঁচু, পানি জমে থাকে না এমন জমি নির্বাচন করতে হবে। প্রথমে সম্পূর্ন জমিকে 4-5 বার চাষ ও মই দিয়ে জমি উপযুক্ত করে নিতে হবে। সম্পূর্ণ জমিতে 1.2 মি. চওড়া ও 10-15 সেমি উঁচু করে বেড করে নিতে হবে। বেডের দৈর্ঘয জমির দৈর্ঘেযর উপর নির্ভর করবে এবং এক বেড হতে অন্য বেডের মাঝখানে কমপক্ষে 60 সে. মি. এর নালা রাখতে হবে। এর পর বেডের মধ্যে 3-3.5 মি. পর পর মাদা তৈরি করতে হবে। উক্ত মাদাতে সরাসরি 2/3 টি বীজ বপন করা যেতে পারে অথবা পলিব্যাগে চারা তৈরি করে 10-15 দিন বয়সের চারা মাদাতে লাগানো যেতে পারে।"
vegetable,sponge gourd,ধুন্দুল,220,fertilizer,সারের পরিমান ও প্রয়োগ পদ্ধতি,ধুন্দুলের জমিতে হেক্টর ও শতাংশ প্রতি নিম্নবর্ণিত হারে সার প্রয়োগ করতে হবে।
vegetable,sponge gourd,ধুন্দুল,220,fertilizer,সার,
vegetable,sponge gourd,ধুন্দুল,220,fertilizer,সারের পরিমাণ জমিতে গর্ত,
vegetable,sponge gourd,ধুন্দুল,220,other,হেক্টরে শতাংশে হেক্টরে শতাংশে হেক্টরে শতাংশে হেক্টরে শতাংশে হেক্টরে শতাংশে হেক্টরে শতাংশে,"গোবর 10 টন 40 কেজি - 40 কেজি ইউরিয়া 185 কেজি 740 গ্রাম - 58 কেজি 232 গ্রাম 55 কেজি 220 গ্রাম 50 কেজি 200 গ্রাম 22 কেজি 88 গ্রাম টিএসপি 175 কেজি 700 গ্রাম 350 গ্রাম - - মাদায় চারা রোপণের পূর্বে, সার দেয়ার পর পানি দিয়ে মাদার মাটি ভালভাবে ভিজিয়ে দিতে হবে। অতঃপর মাটিতে ’জো’ এলে 7-10 দিন পর চারা রোপণ করতে হবে।"
vegetable,sponge gourd,ধুন্দুল,220,intercultural,পরবর্তী পরিচর্যা,
vegetable,sponge gourd,ধুন্দুল,220,irrigation,সেচ দেওয়া,ধুন্দুল গ্রীষ্মকালে চাষ করা হয়। গ্রীষ্মকালে মাঝে মাঝে বৃষ্টি হয় বলে তখন সবসময় পানি সেচের প্রয়োজন নাও হতে পারে। কিন্তু ফেব্রুয়ারির শেষ সময় থেকে মে মাস পর্যন্ত খুব শুস্ক আবহাওয়া বিরাজ করে। তখন অনেক সময় কোন বৃষ্টিই থাকে না। উক্ত সময়ে 5-6 দিন অন্তর নিয়মিত পানি সেচের প্রয়োজন হয়।
vegetable,sponge gourd,ধুন্দুল,220,other,বাউনি দেওয়া,ধুন্দুলের কাঙ্খিত ফলন পেতে হলে অবশ্যই মাচায় বা কঞ্চিতে চাষ করতে হবে। ধুন্দুল কঞ্চিতে/মাচায় চাষ করলে প্রাকৃতিক পরাগায়ন বেশি হওয়ায় ফলন ভাল হয়।
vegetable,sponge gourd,ধুন্দুল,220,intercultural,মালচিং,সেচের পর জমিতে চটা বাধে। চটা বাঁধালে গাছের শিকড়াঞ্চলে বাতাস চলাচল ব্যাহত হয়। কাজেই প্রত্যেক সেচের পর হালকা মালচ করে গাছের গোড়ার মাটির চটা ভেঙ্গে দিতে হবে।
vegetable,sponge gourd,ধুন্দুল,220,pest_disease,আগাছা দমন,চারা লাগানো থেকে শুরু করে ফল সংগ্রহ পর্যন্ত জমি সবসময়ই আগাছা মুক্ত রাখতে হবে। এছাড়াও গাছের গোড়ায় আগাছা থাকলে তা খাদ্যেপাদান ও রস শোষণ করে নেয়। ফলে কাঙ্খিত ফলন পাওয়া যায় না।
vegetable,sponge gourd,ধুন্দুল,220,fertilizer,সার উপরি প্রয়োগ,চারা রোপনের পর গাছ প্রতি সারের উপরি প্রয়োগের যে মাত্রা উল্লেখ করা আছে তা প্রয়োগ করতে হবে।
vegetable,sponge gourd,ধুন্দুল,220,intercultural,বিশেষ পরিচর্যা,সময়মতো গাছের গোড়ায় শোষক শাখা অপসারণ করলে ফলন বৃদ্ধি পাবে।
vegetable,sponge gourd,ধুন্দুল,220,other,ফল ধারণ বৃদ্ধিতে কৃত্রিম পরাগায়ণ,ধুন্দুল এর পরাগায়ণ প্রধানত মৌমাছির দ্বারা সম্পন্ন হয়। প্রাকৃতিক পরাগায়নের মাধ্যমে বেশি ফল ধারনের জন্য হেক্টরপ্রতি তিনটি মৌমাছির স্থাপন করা যেতে পারে। এছাড়াও কৃত্রিম পরাগায়ন করে ধুন্দুলের ফলন শতকরা 20-25 ভাগ পর্যন্ত বৃদ্ধি করা সম্ভব।
vegetable,sponge gourd,ধুন্দুল,220,harvest,ফসল তোলা (ভক্ষণযোগ্য পরিপক্কতা সনাক্তকরণ),ভাল ব্যবস্থাপনা নিশ্চিত করতে পারলে 2.5-3 মাসব্যাপি ফল সংগ্রহ করা যায়। ফলের ভক্ষণযোগ্য পরিপক্কতা নিম্নরুপ  ধ্ন্দুুলের ফল পরাগায়নের 8-10 দিন পর সংগ্রহের উপযোগী হয়। ফল মসৃণ ও উজ্জ্বল দেখায়।
vegetable,sponge gourd,ধুন্দুল,220,yield,ফলন,হেক্টরপ্রতি 45-46 টন ।
vegetable,sponge gourd,ধুন্দুল,220,fertilizer,সার,
vegetable,sponge gourd,ধুন্দুল,220,fertilizer,সারের পরিমাণ জমিতে গর্ত,
vegetable,sponge gourd,ধুন্দুল,220,other,হেক্টরে শতাংশে হেক্টরে শতাংশে হেক্টরে শতাংশে হেক্টরে শতাংশে হেক্টরে শতাংশে হেক্টরে শতাংশে,এমপি 175 কেজি 700 গ্রাম 75 কেজি 300 গ্রাম 25 কেজি 100 গ্রাম 25 কেজি 100 গ্রাম 25 কেজি 100 গ্রাম 25 কেজি 100 গ্রাম জিপসাম 99 কেজি 400 গ্রাম - 400 গ্রাম - - - - - - - - জিঙ্ক সালফেট 12কেজি 50 গ্রাম - 50 গ্রাম - - - - - - - - বোরাক্স/ বরিক এসিড - 40 গ্রাম - 40 গ্রাম - - - - - - - - ম্যাগনেসি য়াম সালফেট 60 কেজি 240 গ্রাম - 240 গ্রাম - - - - - - - -
vegetable,hybrid sponge gourd,হাইব্রিড ধুন্দুল,222,soil_climate,মাটি,সব রকম মাটিতে ধুন্দুল চাষ করা যেতে পারে তবে জৈব পদার্থ সমৃদ্ধ দোআঁশ ও বেলে দোআঁশ মাটিতে এটি ভালো জন্মে।
vegetable,hybrid sponge gourd,হাইব্রিড ধুন্দুল,222,land_preparation,জমি নির্বাচন ও তৈরি,"বাণিজ্যিকভাবে চাষের জন্য প্রথমে সম্পূর্ণ জমি 4-5 বার চাষ ও মই দিয়ে মাটি ঝুরঝুরে করে নিতে হয়, যাতে শিকড় সহজেই ছড়াতে পারে। ধুন্দুলের জন্য 15-20 সেমি উঁচু এবং 1.2মি. প্রশস্থ বেডে সারিতে 2.5মি. দূরত্বে মাদা তৈরি করতে হবে। মাদার আয়তন হবে 45 x 45 x 45 সেমি। গর্তের কেন্দ্র বেডের নিচের দিকের সেচ নালার কিনারা থেকে 45 সেমি ভিতরের দিকে এবং বেডের শুরু থেকে 50 সেমি ভিতরে হবে। দুইটি বেডের মাঝখানে পর্যাযক্রমে 70 সেমি সেচ বা নিকাশ নালা হবে। মাদার বীজ বুনতে বা চারা রোপণ করতে হলে অন্তত 8-10 দিন আগে মাদায় নির্ধারিত সার প্রয়োগ করে মাদা তৈরি করে নিতে হবে।"
vegetable,hybrid sponge gourd,হাইব্রিড ধুন্দুল,222,sowing_time,উৎপাদন মৌসুম,বছরের যে কোন সময় ধুন্দুলের চাষ সম্ভব হলেও এদেশে প্রধানত খরিফ মৌসুমেই ধুন্দুলের চাষ করা হয়ে থাকে। ফেব্রুয়ারী হতে মে মাসের মধ্যে যে কোন সময় পর্যন্ত ধুন্দুলের বীজ বপন করা যায়।শীতকালের 2 মাস ছাড়া বাংলাদেশে প্রায় সারা বছরেই ধুন্দুল চাষ করা সম্ভব।
vegetable,hybrid sponge gourd,হাইব্রিড ধুন্দুল,222,seed_rate,বীজের হার,জমিতে সরাসরি বীজ বপন করলে প্রতি হেক্টরে 3 - 3.5 কেজি বীজ অর্থাৎ শতাংশ প্রতি 12-15 গ্রাম বীজের প্রয়োজন হয়। নাসারিতে চারা উৎপাদন করে লাগালে 2- 2.5 কেজি বীজের প্রয়োজন হয়।
vegetable,hybrid sponge gourd,হাইব্রিড ধুন্দুল,222,sowing_method,বীজ বপন বা চারা রোপণ,"মাদায় বীজ বুনতে বা চারা রোপণ করতে হলে অন্তত 8-10 দিন আগে মাদায় নির্ধারিত সার প্রয়োগ করে মাদা তৈরি করে নিতে হবে । মাদায় চারা রোপনের পূর্বে, সার দেয়ার পর পানি দিয়ে মাদার মাটি ভালভাবে ভিজিয়ে দিতে হবে। অতঃপর মাটিতে ‘জো’ এলে 7-10 দিন পর চারা রোপণ করতে হবে।"
vegetable,hybrid sponge gourd,হাইব্রিড ধুন্দুল,222,fertilizer,সারের পরিমান ও প্রয়োগ পদ্ধতি,ধুন্দুলের জমিতে হেক্টর ও শতাংশ প্রতি নিম্নবর্নিত হারে সার প্রয়োগ করতে হবে।
vegetable,hybrid sponge gourd,হাইব্রিড ধুন্দুল,222,irrigation,পানি সেচ ও নিকাশঃ,"গাছের শারীরিক বৃদ্ধি, ফুল ফোটা এবং ফল ধরার সময় পর্যাপ্ত পরিমাণে পানির প্রয়োজন প্েত। শুকনা মৌসুমে 5-6 দিন পর পর এবং গ্রীষ্মকালীন সময়ে প্রয়োজন মতো সেচ দিতে হবে।"
vegetable,hybrid sponge gourd,হাইব্রিড ধুন্দুল,222,intercultural,আন্তঃ পরিচর্যাঃ,প্রতিটি সেচের পরে মাটিতে “জো” আসলে মাটির চটা ভেঙে দিতে হবে। গাছের গ্তোার দিকের 8-10 নোড পর্যন্ত পার্শ্ব শাখা ও কুশিগুলো ক্রমান্বয়ে অপসারণ করে দিতে হবে। ভালোমানের ফল সংগ্রহ করতে হলে গাছে বাউনির দিতে হবে।
vegetable,hybrid sponge gourd,হাইব্রিড ধুন্দুল,222,pest_disease,আগাছা দমন,ফল সংগ্রহের শেষ পর্যায় পর্যন্ত জমি আগাছা মুক্ত রাখতে হবে । প্রথম দিকে গাছের গোড়ার কাছাকাছি 2-4 ইঞ্চি গভীরতা পর্যন্ত কোদাল বা ঐ জাতীয় বস্তু দ্বারা আগাছা দমন করতে হয। পরবর্তীতে গাছের গোড়া থেকে কিছুটা দূরে আরও হালকা গভীরতায় কোদাল দিযে আগাছা দূর করতে হবে।
vegetable,hybrid sponge gourd,হাইব্রিড ধুন্দুল,222,harvest,ফসল সংগ্রহ ও ফলন,চারা গজানোর 55-60 দিন পর থেকে গাছ ফল দিতে থাকে। পরাগায়ণের 8-11 দিনের মধ্যে ফল খাওযার উপযুক্ত হয। এ সমযে ফল উজ্জ্বল দেখাবে এবং নির্দিষ্ট সাইজের হবে। প্রতি 2 দিন অন্তর অন্তর ভক্ষণ উপযোগী ফল সংগ্রহ করা যায। ফল আহরণ একবার শুরু হলে তা 4 মাস পর্যন্ত অব্যাহত থাকে। ভক্ষণ যোগ্য ফল যত বেশি তোলা যাবে গাছ প্রতি ফলের সংখ্যা তত বৃদ্ধি পাবে।
vegetable,hybrid sponge gourd,হাইব্রিড ধুন্দুল,222,yield,ফলন,55- 60 টন/হেক্টর।
vegetable,hybrid sponge gourd,হাইব্রিড ধুন্দুল,222,pest_disease,রোগবালাই ও প্রতিকার,পাউডারী মিলডিউ
vegetable,hybrid sponge gourd,হাইব্রিড ধুন্দুল,222,other,ঃ,পাতার উভয় পাশে প্রথমে সাদা সাদা পাউডার বা গুঁ্তা দেখা যায়। ধীরে ধীরে এ দাগগুলাে ব্ত ও বাদামী হয়ে শুকিয়ে যায়। আক্রমণের মাত্রা বেশি হলে লতাসহ পুেরা গাছ মারা যায় ও ফল ঝরে যায়।
vegetable,hybrid sponge gourd,হাইব্রিড ধুন্দুল,222,pest_disease,প্রতিকার,প্রতি লিটার পানিতে থিওভিট 2 গ্রাম অথবা টিল্ট 250 ইসি 0.5 মিলি হারে মিশিয়ে ভালভাবে স্প্রেকরতে হবে। গাছে মুকুল আসার পর কিন্তু ফুল ফোটার পূর্বে 1ম বার স্প্রে করতে হবে প্রতিরোধমূলক ব্যবস্থা হিসেবে। যদি প্রয়োজন হয় তবে আরো 2টি স্প্রে 15 দিন অন্তর ফুল সম্পূর্ণ ফোটার পর এবং গুটি বাধার পর দিতে হবে।
vegetable,hybrid sponge gourd,হাইব্রিড ধুন্দুল,222,pest_disease,ডাউনী মিলডিউ,ডাউনি মিলডিউ রোগ হলে গাছের পাতা ধূসর রং ধারণ করে পাতায় সাদা সাদা পাউডার দেখা যায়।
vegetable,hybrid sponge gourd,হাইব্রিড ধুন্দুল,222,pest_disease,প্রতিকার,পাউডারী মিলডিউ রোগ দমনের অনুরূপ।
vegetable,hybrid sponge gourd,হাইব্রিড ধুন্দুল,222,pest_disease,পোকামাকড় দমন ব্যবস্থাপনা,
vegetable,hybrid sponge gourd,হাইব্রিড ধুন্দুল,222,pest_disease,ফলের মাছি পোকা,ফলের মাছি পোকার আক্রমণের ফলে প্রায় 50-70 ভাগ ফল নষ্ট হয়ে যেতে পারে যা কীটনাশক ব্যবহার করে ভালোভাবে দমন করা যায় না।
vegetable,hybrid sponge gourd,হাইব্রিড ধুন্দুল,222,pest_disease,দমন ব্যবস্থা 1,পরিষ্কার-পরিচ্ছন্ন চাষাবাদ: মাছি পোকার ক্তীা আক্রান্ত ফল দ্রুত পচে যায় এবং গাছ হতে মাটিতে ঝ্েত প্েত। পোকা আক্রান্ত ফল কোনক্রমেই জমির আশেপাশে ফেলে রাখা উচিত নয। কারণ উক্ত ফলে লুকিয়ে থাকা পরিপূর্ণ
vegetable,hybrid sponge gourd,হাইব্রিড ধুন্দুল,222,fertilizer,সার সারের পরিমাণ জমিতে গর্ততৈরির সময় 20দিন পর/মাদা 40 দিন পর/মাদা 40 দিন পর/মাদা 75 দিন পর/মাদা,হেক্টরে শতাংশে হেক্টরে শতাংশে হেক্টরে শতাংশে হেক্টরে শতাংশে হেক্টরে শতাংশে হেক্টরে শতাংশে গোবর 10 টন 40 কেজি - 40 কেজি ইউরিয়া 185কেজি 740 গ্রাম - 58 কেজি 232 গ্রাম 55 কেজি 220 গ্রাম 50 কেজি 200 গ্রাম 22 কেজি 88 গ্রাম টিএসপি 175 কেজি 700 গ্রাম 350 গ্রাম - - এমপি 175 কেজি 700 গ্রাম 75 কেজি 300 গ্রাম 25 কেজি 100 গ্রাম 25কেজি 100 গ্রাম 25কেজি 100 গ্রাম 25 কেজি 100 গ্রাম জিপসাম 99 কেজি 400 গ্রাম - 400 গ্রাম - - - - - - - - জিঙ্ক সালফেট 12কেজি 50 গ্রাম - 50 গ্রাম - - - - - - - - বোরাক্স/বরিক এসিড - 40 গ্রাম - 40 গ্রাম - - - - - - - - ম্যাগনেসিয়াম সালফেট 12কেজি 50 গ্রাম - 50 গ্রাম - - - - - - - -
vegetable,ridge gourd,ঝিঙ্গা,225,soil_climate,জলবায়ু ও মাটি,দীর্ঘ সময়ব্যাপী উষ্ণ ও আর্দ্র আবহাওয়া এবং প্রচুর সূর্যালোক থাকে এমন এলাকা ঝিঙ্গা চাষের জন্য উত্তম। সুনিষ্কাশিত উচ্চ জৈব পদার্থ সমৃদ্ধ দোঁআশ মাটি ঝিঙ্গার সফল চাষের জন্য উত্তম।
vegetable,ridge gourd,ঝিঙ্গা,225,sowing_time,বীজ বপনের সময়,ফেব্রুয়ারি থেকে মার্চ মাস পর্যন্ত বীজ বপনের উপযুক্ত সময়।
vegetable,ridge gourd,ঝিঙ্গা,225,seed_rate,বীজ হার,হেক্টরপ্রতি 3-4 কেজি বা শতাংশ প্রতি 12-15 গ্রাম বীজের প্রয়োজন হয়।
vegetable,ridge gourd,ঝিঙ্গা,225,land_preparation,জমি নির্বাচন এবং তৈরি,ঝিঙ্গা চাষে সেচ ও নিকাশের উত্তম সুবিধাযুক্ত এবং পর্যাপ্ত সূর্যালোক পায় এমন জমি নির্বাচন করতে হবে। গাছের শিকড় বৃদ্ধির জন্য জমি এবং গর্ত উত্তমরূপে তৈরি করতে হয়। এ জন্য জমিকে প্রথমে ভাল ভাবে চাষ ও মই দিয়ে এমনভাবে তৈরি করতে হবে যেন জমিতে কোন বড় ঢিলা এবং আগাছা না থাকে।
vegetable,ridge gourd,ঝিঙ্গা,225,other,বেড তৈরি,"বেডের উচ্চতা 15-20 সেমি, প্রস্থ 1.2 মিটার এবং লম্বা জমির দৈর্ঘয অনুসারে সুবিধামত নিতে হবে। এভাবে পরপর বেড তৈরি করতে হবে। এরূপ পাশাপাশি দুইটি বেডের মাঝখানে 60 সেমি ব্যাসের সেচ ও নিকাশ নালা থাকবে এবং ফসল পরিচর্যার সুবিধার্থে প্রতি দুবেড পর পর 30 সেমি প্রশস্ত নালা থাকবে।"
vegetable,ridge gourd,ঝিঙ্গা,225,sowing_method,মাদা তৈরি ও চারা রোপণ,"মাদার ব্যাস 50 সেমি, গভীরতা 50 সেমি এবং তলদেশ 50 সেমি হবে। 60 সেমি প্রশস্ত সেচ ও নিকাশ নালা সংলগ্ন উভয় বেডের কিনারা হইতে 60 সেমি বাদ দিয়ে মাদার কেন্দ্র ধরে 2 মিটার অন্তর অন্তর এক সারিতে মাদা তৈরি করতে হবে। প্রতি বেডে এক সারিতে 16-17 দিন বয়সের চারা লাগাতে হবে। চারাগুলো রোপণের আগের দিন বিকালে পানি দিয়ে ভালোভাবে ভিজিয়ে দিতে হবে। পরের দিন বিকালে চারা রোপণ করতে হবে। মাদাগুলোর মাটি ভালোভাবে ওলট-পালট করে, এক কোপ দিয়ে চারা লাগানোর জন্য জায়গা করে নিতে হবে। পলিব্যাগের ভাঁজ বরাবর বেড দিয়ে কেটে পলিব্যাগ সরিয়ে মাটির দলাসহ চারাটি নির্দিষ্ট জায়গায় লাগিয়ে চারপাশে মাটি দিয়ে ভরাট করে দিতে হবে। চারা লাগানোর পর গর্তে পানি দিতে হবে। সারের পরিমাণ ও প্রয়োগ পদ্ধতি (প্রতি শতকে 12টি মাদা হিসাবে) মাদায় চারা রোপণের পূর্বে সার দেয়ার পর পানি দিয়ে মাদার মাটি ভালভাবে ভিজিয়ে দিতে হবে। অতঃপর মাটিতে “জো” এলে 7-10 দিন পর চারা রোপণ করতে হবে।"
vegetable,ridge gourd,ঝিঙ্গা,225,intercultural,পরবর্তী পরিচর্যা,
vegetable,ridge gourd,ঝিঙ্গা,225,irrigation,সেচ দেওয়া,ঝিঙ্গা গ্রীষ্মকালে চাষ করা হয়। গ্রীষ্মকালে মাঝে মাঝে বৃষ্টি হয় বলে তখন সবসময় পানি সেচের প্রয়োজন নাও হতে পারে। কিন্তু ফেব্রুয়ারির শেষ সময় থেকে মে মাস পর্যন্ত খুব শুষ্ক আবহাওয়া বিরাজ করে। তখন অনেক সময় কোন বৃষ্টিই থাকে না। উক্ত সময়ে 5-6 দিন অন্তর নিয়মিত পানি সেচের প্রয়োজন হয়। 
vegetable,ridge gourd,ঝিঙ্গা,225,other,বাউনি দেওয়া,"ঝিঙ্গার কা•িক্ষত ফলন পেতে হলে অবশ্যই মাচায় চাষ করতে হবে। ঝিঙ্গা মাটিতে চাষ করলে ফলের একদিক বিবর্ণ হয়ে বাজারমূল্য কমে যায়, ফলে পচন ধরে এবং প্রাকৃতিক পরাগায়ন কম হওয়ায় ফলন হ্রাস পায়। "
vegetable,ridge gourd,ঝিঙ্গা,225,intercultural,মালচিং,সেচের পর জমিতে চটা বাঁধে। চটা বাঁধলে গাছের শিকড়াঞ্চলে বাতাস চলাচল ব্যাহত হয়। কাজেই প্রত্যেক সেচের পর হালকা মালচ্ করে গাছের গোড়ার মাটির চটা ভেঙ্গে দিতে হবে। 
vegetable,ridge gourd,ঝিঙ্গা,225,pest_disease,আগাছা দমন,চারা লাগানো থেকে শুরু করে ফল সংগ্রহ পর্যন্ত জমি সবসময়ই আগাছা মুক্ত রাখতে হবে। এছাড়াও গাছের গোড়ায় আগাছা থাকলে তা খাদ্যোপাদান ও রস শোষণ করে নেয়। ফলে কা•িক্ষত ফলন পাওয়া যায় না। 
vegetable,ridge gourd,ঝিঙ্গা,225,fertilizer,সার উপরি প্রয়োগ,চারা রোপণের পর গাছ প্রতি সারের উপরি প্রয়োগের যে মাত্রা উলেখ করা আছে তা প্রয়োগ করতে হবে।
vegetable,ridge gourd,ঝিঙ্গা,225,intercultural,বিশেষ পরিচর্যা,সময়মতো গাছের গোড়ায় শোষক শাখা অপসারণ করলে ফলন বৃদ্ধি পাবে।
vegetable,ridge gourd,ঝিঙ্গা,225,other,ফল ধারণ বৃদ্ধিতে কৃত্রিম পরাগায়ণ,ঝিঙ্গার পরাগায়ণ প্রধানত মৌমাছির দ্বারা সম্পন্ন হয়। প্রাকৃতিক পরাগায়ণের মাধ্যমে বেশি ফল ধরার জন্য হেক্টর প্রতি তিনটি মৌমাছির কলোনী স্থাপন করা প্রয়োজন। এছাড়াও কৃত্রিম পরাগায়ণ করে ঝিঙ্গার ফলন শতকরা 20-25 ভাগ পর্যন্ত বৃদ্ধি করা সম্ভব।
vegetable,ridge gourd,ঝিঙ্গা,225,harvest,ফসল তোলা (ভক্ষণযোগ্য পরিপক্কতা সনাক্তকরণ),ভাল ব্যবস্থাপনা নিশ্চিত করতে পারলে 2-3 মাসব্যাপী ফল সংগ্রহ করা যায়। ফলের ভক্ষণযোগ্য পরিপক্কতা নিম্নরূপে যাচাই করা হয়-  ঝিঙ্গার ফল পরাগায়ণের 8-10 দিন পর সংগ্রহের উপযোগী হয়।  ফল মসৃণ ও উজ্জ্বল দেখাবে।
vegetable,drumstick (moringa),সজিনা,227,soil_climate,মাটি ও জলবায়ূ,সজিনা অবগ্রীষ্মমন্ডলীয় অঞ্চলের একটি উদ্ভিদ তবে উষ্ণ অঞ্চলেও জন্মে। প্রায় সব ধরণের মাটিতে সজিনা চাষ করা যায়। তবে উচু ও সুনিষ্কাশিত বেলে দোয়াশ থেকে দোয়াশ মাটি সজিনা চাষের জন্য সর্বোত্তম। সজিনা নিরপেক্ষ থেকে হালকা অম্লীয় মাটিতে ভাল হয় (PH 6.3-7.0)। এটি পাহাড়ী এলাকাসহ বাংলাদেশের সর্বত্র চাষযোগ্য। সজিনা গাছ রোদ্রজ্জ্বল পরিবেশে ভাল জন্মে কিন্তু জলাবদ্ধতা সহ্য করতে পারে না।
vegetable,drumstick (moringa),সজিনা,227,sowing_method,বংশ বিস্তার,"বীজ বা কলমের মাধ্যমে (শাখা কলম, দাবা কলম, গ্রাফটিং) সজিনার বংশ বিস্তার করা হয়।"
vegetable,drumstick (moringa),সজিনা,227,land_preparation,জমি তৈরি,"ভালভাবে চাষ ও মই দিয়ে জমি সমতল ও আগাছা মুক্ত করে নিতে হবে। চারা রোপনের জন্য বর্গাকার বা আয়তকার পদ্ধতি ব্যবহার করা যেতে পারে। চারা রোপণের জন্য 80 × 80 × 80 সেমি. গর্ত করে 5 কেজি জৈব সার, 200 গ্রাম ইউরিয়া, 250 গ্রাম টিএসপি, 150 গ্রাম এমওপি এবং 25 গ্রাম বোরিক এসিড সার প্রতি গর্তে প্রয়োগ করতে হবে। বৃষ্টি মৌসুমের প্রারম্ভে অর্থাৎ ফাল্গুন-জেষ্ঠ্য মাস (মার্চ-মে) চারা লাগানোর উপযুক্ত সময়। ‘বারি সজিনা-1’ জাতের সজিনা 3.5×3.5 মিটার দূরত্বে লাগানো উত্তম। শাখা কলমের ক্ষেত্রে 120 সেমি. লম্বা এবং 15 সেমি. প্রস্থ শাখা লাগানোই উত্তম। চারা রোপনের পর হালকা সেচ এর ব্যবস্থা করতে হবে।"
vegetable,drumstick (moringa),সজিনা,227,fertilizer,সার প্রয়োগ,সজিনাতে বছরে 3 বার সার প্রয়োগ করা উচিত। মাটিতে জো অবস্থায় সার প্রয়োগ করতে হয়। গাছের বৃদ্ধির সাথে সারের পরিমাণ বৃদ্ধি করতে হবে। সার গাছের বয়স (বছর) 1-2 3-5 6 বছরের উর্ধে গোবর (কেজি) 10 15 20 ইউরিয়া (গ্রাম) 200 300 350 টিএসপি (গ্রাম) 250 350 400 এমওপি (গ্রাম) 150 250 300 জিপসাম (গ্রাম) 15 50 60 জিংক সালফেট (গ্রাম) 4 6 8 বরিক এসিড (গ্রাম) 4 8 10
vegetable,drumstick (moringa),সজিনা,227,fertilizer_method,সার প্রয়োগ পদ্ধতি,"জৈব এবং অজৈব সার গাছের গোড়া হতে 1 মিটার দূরে প্রয়োগ করে মাটির সাথে মিশিয়ে দিতে হবে। উল্লেখিত সার 3 ভাগে এবং 3 কিস্তিতে প্রয়োগ করতে হবে। 1ম কিস্তি বর্ষার প্রারম্ভে মে-জুন), দ্বিতীয় কিস্তি বর্ষার শেষে (সেপ্টেম্বর-অক্টোবর) প্রয়োগ করতে হবে এবং তৃতীয় কিস্তি ফেব্রুয়ারি মাসে প্রয়োগ করতে হবে।"
vegetable,drumstick (moringa),সজিনা,227,irrigation,সেচ প্রয়োগ,গাছের বৃদ্ধির জন্য শুকনা মৌসুমে সেচ প্রয়োগ করা উত্তম। ফলন্ত গাছের বেলায় ফুল ফোটার শেষ পর্যায়ে এবং পড/ফল গঠন হওয়ার পর সেচ দিতে হবে। গাছে সার প্রয়োগের পর হালকা সেচ প্রয়োগে সুফল পাওয়া যায়।
vegetable,drumstick (moringa),সজিনা,227,intercultural,আন্তঃ পরিচর্যা,"গাছের গোড়া সব সময় আগাছা মুক্ত রাখতে হবে। 1-2 বছর পর্যন্ত গাছে কোন ফল না রাখাই উত্তম। তাই এ সময়ে ফুল ধারণ করলেও ফুল ফেলে দেয়া হলে গাছের বৃদ্ধি ভাল হয়। গাছের উচ্চতা 3 ফিট না হওয়া অবধি পার্শ্ব ডাল ছাটাই করা উত্তম। মরা, রোগ-পোকা আক্রান্ত ডাল ছাটাই করতে হবে।"
vegetable,drumstick (moringa),সজিনা,227,pest_disease,রোগ বালাই ও পোকা মাকড়,সজিনার এ জাতটিতে রোগ ও পোকা মাকড় আক্রমণ অত্যন্ত কম।
vegetable,drumstick (moringa),সজিনা,227,harvest,ফল সংগ্রহের সময়,এ জাতে প্রায় সারা বছরই সজিনা উৎপন্ন হয় তবে ডিসেম্বর থেকে ফেব্রুয়ারি মাসে খুবই কম ফল হয়। বছরে প্রায় 3-6 (এপ্রিল-নভেম্বর) বার ফল সংগ্রহ করা যায়।
vegetable,drumstick (moringa),সজিনা,227,yield,ফলন,পাঁচ বছর বয়সী প্রতিটি গাছে গড় ফলের সংখ্যা 1450 টি এবং ফলন 44 কেজি/গাছ/বছর এবং 40 টন/হেক্টর/বছর। বয়স বাড়ার সাথে সাথে গড় ফলন বাড়ে।
vegetable,hybrid cucumber,হাইব্রিড শসা,228,sowing_time,বপন সময় ও সংগ্রহের সময়,ফেব্রুয়ারি হতে অক্টোবর মাসের মধ্যে যে কোন সময় পর্যন্ত বীজ বপন করা যায়। চারা গজানোর 35-40 দিন পর গাছ ফল দিতে থাকে। পরাগায়নের 7-8 দিনের মধ্যে ফল খাওয়ার উপযুক্ত হয়।এ সময়ে ফল উজ্জ্বল দেখাবে এবং নির্দিষ্ট সাইজের হবে। প্রতি 2 দিন অন্তর অন্তর ভক্ষণ উপযোগী ফল সংগ্রহ করা যায়। ফল আহরণ একবার শুরু হলে তা 1 মাস পর্যন্ত অব্যাহত থাকে।
vegetable,hybrid cucumber,হাইব্রিড শসা,228,pest_disease,রোগবালাই,
vegetable,hybrid cucumber,হাইব্রিড শসা,228,pest_disease,পাউডারী মিলডিউ,পাতার উভয় পাশে প্রথমে সাদা সাদা পাউডার বা গুঁড়া দেখা যায়। ধীরে ধীরে এ দাগগুলো বড় ও বাদামী হয়ে শুকিয়ে যায়। আক্রমনের মাত্রা বেশি হলে লতাসহ পুরো গাছ মারা যায় ও ফল ঝরে যায়।
vegetable,hybrid cucumber,হাইব্রিড শসা,228,pest_disease,রোগবালাই দমন ব্যবস্থাপনা,
vegetable,hybrid cucumber,হাইব্রিড শসা,228,pest_disease,প্রতিকার,প্রতি লিটার পানিতে থিওভিট 2 গ্রাম অথবা টিল্ট 250 ইসি 0.5 মিলি হারে মিশিয়ে ভালভাবে স্প্রে করতে হবে।
vegetable,hybrid cucumber,হাইব্রিড শসা,228,pest_disease,পোকামাকড়,
vegetable,hybrid cucumber,হাইব্রিড শসা,228,pest_disease,ফলের মাছি পোকা,ফলের মাছি পোকার আক্রমণের ফলে প্রায় 50-70 ভাগ ফল নষ্ট হয়ে যেতে পারে যা কীটনাশক ব্যবহার করে ভালোভাবে দমন করা যায় না।
vegetable,hybrid cucumber,হাইব্রিড শসা,228,pest_disease,পাম্পকিন বিটল,পূর্ণ বযস্ক পোকা চারা গাছের পাতায় ফুটো করে এবং পাতার কিনারা থেকে খেতে খেতে সম্প‚র্ণ পাতা খেয়ে ফেলে এবং বয়স্ক গাছের পাতার শিরা উপশিরাগুলো রেখে পাতার সম্প‚র্ণ সবুজ অংশ খেয়ে ফেলে। এ পোকা ফুল ও কচি ফলেও আক্রমণ করে। এদের কীড়া শিকড় বা মাটির নিচে থাকা কান্ড ছিদ্র করে ফলে গাছ ঢলে পড়ে এবং পরিশেষে শুকিয়ে যায়। এর আক্রমণে অনেক সময় সম্প‚র্ণ চারা গাছ মরে যায় বলে এসব ফসলের বীজ একাধিকবার বুনতে হয়।
vegetable,hybrid cucumber,হাইব্রিড শসা,228,pest_disease,পোকামাকড় দমন ব্যবস্থাপনা,
vegetable,hybrid cucumber,হাইব্রিড শসা,228,pest_disease,ফলের মাছি পোকা,পরিষ্কার পরিছন্ন চাষাবাদ: মাছি পোকা আক্রান্ত ফলসম‚হ সংগ্রহ করে ধ্বংস করে ফেললে মাছি পোকার বংশবৃদ্ধি অনেকটা কমিয়ে আনা সম্ভব। সেক্স ফেরোমন ও বিষটোপ ফাঁদের যৌথ ব্যবহার: সেক্স ফেরোমন ব্যবহার করে প্রচুর পরিমাণে মাছি পোকার পুরুষ পোকা আকৃষ্ট করা সম্ভব। ফেরোমন 50-60 দিন পর্যন্ত কার্যকরী থাকে বলে ব্যবহারের 60 দিন পর প্রয়োজনানুসারে পুরাতন ফেরোমন পরিবর্তন করে নতুন ফেরোমন ব্যবহার করতে হবে। বিষটোপ ফাঁদে প‚র্ণবয়স্ক স্ত্রী ও পুরুষ মাছি পোকা আকৃষ্ট হয় এবং ফাঁদে পড়ে মারা যায়। সেক্স ফেরোমন ও বিষটোপ ফাঁদ কুমড়া জাতীয় ফসলের জমিতে ক্রমনুসারে 12 মি: দ‚রে দ‚রে স্থাাপন করতে হবে।
vegetable,hybrid cucumber,হাইব্রিড শসা,228,pest_disease,পাম্পকিন বিটল,"চারা অবস্থাায় আক্রান্ত হলে হাত দিয়ে প‚র্ণবয়স্ক পোকা ধরে মেরে ফেলা। চারা বের হওয়ার পর থেকে 20-25 দিন পর্যন্ত মশারির জাল দিয়ে চারাগুলো ঢেকে রাখা। জৈব বালাইনাশক যেমন বায়োমাক্স এম, বায়োক্লিন 5% এসএল অথবা ফিজিমাইট 10% (@ 1মিলি/ লি: পানি), আক্রান্ত পাতায় 10-12 দিন অন্তর 3-4 বার স্প্রে করতে হবে। আক্রমণের মাত্রা বেশি হলে সেভিন (@2 গ্রাম/লি:) অথবা কোরাজেন 0.5 মিলি/লি: পানি 10-12 দিন অন্তর প্রয়োগ করা যেতে পারে।"
vegetable,hybrid cucumber,হাইব্রিড শসা,228,fertilizer,সার ব্যবস্থাপনা,
vegetable,hybrid cucumber,হাইব্রিড শসা,228,other,বৃদ্ধি নিয়ন্ত্রক দ্রব্য ব্যবহার করে গ্রীষ্মকালীন লাউ উৎপাদন,"লাউ Cucurbitaceae গোত্রভুক্ত বাংলাদেশের একটি গুরুত্ত্বপূর্ণ ও জনপ্রিয় সবজি। এর বৈজ্ঞানিক নাম Lagenaria sciceraria L. উৎপাদনের পরিমাণে কুমড়া পরিবারের সবজিসমুহের মধ্যে লাউয়ের স্থান দ্বিতীয়। শীতকালে এ সবজির চাষাবাদ বেশী হলেও বর্তমানে গ্রীষ্মকালেও এর উৎপাদন যথেষ্ট। গ্রীষ্মকালীন লাউ এর জাত উদ্ভাবনের কারণে এ মৌসুমে লাউয়ের উৎপাদন বেড়েছে। বারি লাউ-4 একটি জনপ্রিয় গ্রীষ্মকালীন জাত। মানবপুষ্টি ও স্বাস্থের উপকারী দিক থেকে লাউয়ের জুড়ি নেই। সবজিটিতে পানির পরিমাণ 92-96%, সম্পৃক্ত চর্বি ও কোলষ্টেরলের পরিমাণ খুবই কম, খাবারউপযোগী আঁশের পরিমাণ বেশি। এতে ভিটামিন সি, রিবোফ্লাবিন, থায়ামিন, জিংক, আয়রন, ম্যাগনেসিয়াম ও ম্যাঙ্গানিজ যথেষ্ট পরিমাণে আছে। আশ সমৃদ্ধতার কারনে সবজিটি নিয়মিত খেলে কোষ্ঠকাঠিন্য ও পেটের গুড়গুড়ভাব দূর হয়। সবজিটিতে সোডিয়াম, পটাশিয়াম ও অন্যান্য অপরিহার্য খনিজ থাকার কারনে এটি খাবার ফলে মানুষের উচ্চরক্তচাপ নিয়ন্ত্রনে থাকে। লাউয়ের ক্যালরি মান খুব কম বিধায় ইহা শিশুদের, যাদের হজমশক্তি কম এবং যারা এইমাত্র অসুস্থতা থেকে সেরে উঠেছেন তাদের জন্য একটি উত্তম সবজি। ডায়াবেটিস রোগীদের জন্যও ইহা অন্যতম একটি ভাল সবজি।"
vegetable,hybrid cucumber,হাইব্রিড শসা,228,other,বৃদ্ধি নিয়ন্ত্রক দ্রব্যাদির প্রভাব,"উদ্ভিদ শারীরতাত্বিক প্রক্রিয়া পরিবর্তন ও নিয়ন্ত্রনে উদ্ভিদ বৃদ্ধিনিয়ন্ত্রক দ্রব্যাদির (Plant Growth Regulators) ভ’মিকা সর্বজন বিদিত। সাধারণত গ্রীষ্মকালের চেয়ে শীতকালে লাউয়ের ফলন বেশি হয়। গ্রীষ্মকালের লম্বা দিবা দৈর্ঘয ও প্রখর আলো লাউয়ের পুরুষ ফুলের সংখ্যা বাড়িয়ে দেয়, পরিণতিতে স্ত্রী ফুলের সংখ্যা কমে যায়। স্ত্রী ফুলের সংখ্যা কমে যাওয়ার ফলে ফলের সংখ্যা কমে যায় এবং ফলশ্রুতিতে হেক্টরপ্রতি ফলন কমে য়ায়। বৃদ্ধিনিয়ন্ত্রক দ্রব ব্যাবহার করলে পুরুষ ফুলের সংখ্যা কমে যায় এবং স্ত্রী ফুলের সংখ্যা বৃদ্ধি পায়। বৃদ্ধিনিয়ন্ত্রক দ্রব ব্যাবহারে শীতকালের মত অনুকুল আাহাওয়া লাউয়ের জন্য সৃষ্টি হয়। সার সারের পরিমাণ জমিতে গর্ত তৈরির সময় 15 দিন পর/মাদা 30 দিন পর/মাদা 45 দিন পর/মাদা হেক্টরে হেক্টরে হেক্টরে হেক্টরে হেক্টরে গোবর 10 টন - - - - ইউরিয়া 165 কেজি - 45 কেজি 60 কেজি 60 কেজি টিএসপি 160 কেজি সব - - - এমপি 140 কেজি 65 কেজি 25 কেজি 25কেজি 25কেজি জিপসাম 80 কেজি সব - - - জিঙ্ক সালফেট 5 কেজি সব - - - বোরাক্স/ বরিক এসিড 5 কেজি সব - - - ম্যাগনেসিয়াম সালফেট 5কেজি সব"
vegetable,hybrid cucumber,হাইব্রিড শসা,228,sowing_time,উৎপাদন মৌসুম,গ্রীষ্মে বীজ বপনের সময় ফেব্রুয়ারী-মার্চ। সবচেয়ে উপযোগী সময় হচ্ছে ফেব্রুয়ারি মাসের প্রথম সপ্তাহ।
vegetable,hybrid cucumber,হাইব্রিড শসা,228,sowing_method,জমি তৈরি ও বীজ বপন,"প্রথমে জমি ভালভাবে চাষ ও মই দিয়ে জমি প্রস্তুত করতে হবে। তারপর নির্দিষ্ট দূরত্বে মাদা তৈরি করতে হবে, মাদা 15 সে.মি. উঁচু হওয়া বাঞ্ছনীয়। পাশাপামি দুটো মাদার মধ্যে দ’ুমিটার দূরত্ব রাখতে হবে। বপনের পূর্বে বীজ 24 ঘন্টা পানিতে ভিজিয়ে রাখলে অঙ্কুরোদ্গম তরান্বিত হয়। বীজ সরাসরি মাদায় বপন করা যায়। প্রতি মাদায় 5-6 টি বীজ লাগাতে হয়। পরে মাদা প্রতি 2 টি চারা রেখে দিতে হয়। আবার বীজ পলিব্যাগে অথবা প্লাস্টিক পটে তৈরি করে নেয়া যায়। 2-3 পাতা বিশিষ্ট চারা (16-18 দিন) মাঠে প্রতি মাদায় 2 টি করে লাগাতে হয়।"
vegetable,hybrid cucumber,হাইব্রিড শসা,228,other,"বৃদ্ধিনিয়ন্ত্রক দ্রব্য, তার মাত্রা ও প্রয়োগ",ম্যালেয়িক হাইড্রাজাইড (MH) ও সাইকোসেল (CCC) গ্রীষ্মকালীন লাউয়ের ফলন বৃদ্ধির জন্য খুবই কার্যকরী বৃদ্ধিনিয়ন্ত্রক দ্রব্য। MH 50-150 ppm এবং CCC 300-500 ppm এর যে কোনো একটি নিদিষ্ট মাত্রায় নিদিষ্ট বয়সের চারায় স্প্রে করতে হবে। লাউয়ের চারা 16-18 দিন পরে 2 পাতা বিশিষ্ট হলে ম্যালেয়িক হাইড্রাজাইড বা সাইকোসেল প্রয়োগ করতে হবে। পরে চার থেকে ছয় দিন পরে একই হরে ঐ বৃদ্ধিনিয়ন্ত্রক দ্রব চারার পাতায় প্রয়োগ করতে হবে। চারায় পাতার সংখ্যা 4 টার বেশী হলে কাঙ্খিত ফলন পাওয়া যায় না।
vegetable,hybrid cucumber,হাইব্রিড শসা,228,fertilizer,সারের পরিমান ও প্রয়োগ পদ্ধতি,"সারের নাম পরিমান (প্রতি হেক্টর) গোবর/কম্পোস্ট 10 টন ইউরিয়া 175 কেজি ট্রিপল সুপার ফসফেট (টিএসপি) 150 কেজি মিউরিয়েট অব পটাশ (এমপি) 175 কেজি জিপসাম 110 কেজি জিংকসালফেট 12 কেজি বোরিক এসিড 10 কেজি অর্ধেক গোবর/কম্পোস্ট এবং জিপসাম, জিংকসালফেট ও বোরিক এসিড এর সবটুকু এবং টিএসপি ও এমপি এ দুটি সার 30 কেজি/হেক্টর হারে জমি চাষ দেয়ার সময় মাটির সাথে ভাল করে মিশিয়ে দিতে হবে। বাকি অর্ধেক গোবরের সবটুকু এবং টিএসপি ও এমপি এ দুটি সার 15 কেজি/হেক্টর হারে মাদায় প্রয়োগ করতে হবে। বাকি টিএসপি ও এমপি চারা গজানোর 5 সপ্তাহ পর অথবা চারা লাগানোর 20 দিন পর থেকে সমান 4-5 কিস্তিতে 20 দিন পর পর মাদা (চারা)’র চারপাশে মাটির সাথে মিশিয়ে প্রয়োগ করতে হবে।"
vegetable,hybrid cucumber,হাইব্রিড শসা,228,intercultural,অন্যান্য পরিচর্যা,সেচ ও বাউনী দেয়া লাউয়ের প্রধান পরিচর্যা। ফসলটির পানির চাহিদা বেশি হওয়ায় গ্রীষ্ম মৌসুমে মাটির প্রয়োজন অনুসারে 7-10 দিন পর পর প্লাবন সেচ দিতে হবে। মৌসুমে 10-12 বার সেচের প্রয়োজন হতে পারে। বাধাহীনভাবে বাইতে না পারলে লাউয়ের গাছে ফলনশীলতার পূর্ণ বিকাশ ঘটে না। তাই লাউয়ে বাউনী দেয়া প্রয়োজন। বাঁশ ও কঞ্চির সাহায্যে অথবা অন্য উপায়েও বাউনী দেয়া যেতে পারে।
vegetable,hybrid cucumber,হাইব্রিড শসা,228,pest_disease,পোকামাকড় ও রোগবালাই দমন,"লাউ গাছ চারা অবস্থায় রেড পামকিন বীটল ও এপিলাকনা বীটল দ্বারা আক্রান্ত হয়। এ পোকাদ্বয় দমনের জন্য সেভিন 2 গ্রাম 1 লিটার পানিতে মিশিয়ে গাছে 7 দিন পর পর 2-3 বার স্প্রে করতে হবে। লাউ গাছ পাউডারি মিল্ডিউ রোগ দ্বারা আক্রান্ত হলে থিওভিট 2 গ্রাম 1 লিটার পানিতে মিশিয়ে 15 দিন পর পর 3-4 বার স্প্রে করতে হবে। অজকাল লাউয়ে গামোসিস (গামি স্টেম ব্লাইট) রোগ দেখা যাচ্ছে। এ রোগটি Didymella bryoniae প্যাথোজেন দ্বারা হয়। এ রোগে আক্রান্ত হলে লাউয়ের গোড়ার দিকে কান্ড ফেটে যায় এবং কান্ড থেকে কষ ঝরে। এ রোগ দমনের জন্য বোর্দোপেস্ট (1 ভাগ তুঁতে, 1 ভাগ চুন ও পরিমাণ মত পানি দিয়ে তৈরি) আক্রান্ত স্থানে তুলার সাহায্যে কান্ড পেচিয়ে দিতে হবে অথবা ব্রাসের সাহায্যে বোর্দোপেস্ট অক্রান্ত স্থানে ভালভাবে লাগিয়ে দিতে হবে। গাছের শাখা-প্রশা এবং পাতাও এ রোগ দ্বারা আক্রান্ত হতে দেখা যায়। Didymella bryoniae এর সাথে অন্যান্য প্যাথোজেন ফাইটোফথোরা (Phytophthora) ও আক্রমণ করে থাকে। সবগুলো প্যাথোজেন মিলে রোগের একটি জটিল অবস্থা তৈরি করে। কয়েক দিন ধরে বৃষ্টি হলে মারাত্মক অবস্থার সৃষ্টি হয়। এ রোগ দমনের জন্য প্রথমে সিকিউর (2%) আক্রান্ত গাছে স্প্রে করতে হবে। এক দিন পরে রিডোমিল গোল্ড (2 %) স্প্রে করতে হবে। সাত দিন পরে আবার একইভাবে সিকিউর (2%) ও রিডোমিল গোল্ড (2 %) স্প্রে করতে হবে। এভাবে 3-4 বার স্প্রে করতে হবে।"
vegetable,hybrid cucumber,হাইব্রিড শসা,228,yield,ফলনের ওপর বৃদ্ধিনিয়ন্ত্রক দ্রব্যের প্রভাব,বৃদ্ধিনিয়ন্ত্রক দ্রব ব্যাবহার করলে পুরুষ ফুলের সংখ্যা কমে যায় এবং স্ত্রী ফুলের সংখ্যা বৃদ্ধি পায়। ফলশ্রুতিতে গাছপ্রতি ফলের সংখ্যা বৃদ্ধি পায় এবং লাউয়ের ফলন বাড়ে। গ্রীষ্মকালে প্রতি লাউ গাছে 6-7 টির বেশি ফল ধরে না। কিন্তু বৃদ্ধিনিয়ন্ত্রক দ্রব্য সঠিকভাবে প্রয়োগ করলে প্রতি লাউ গাছ থেকে 12-14 টি ফল পাওয়া সম্ভব। এতে ফলন প্রায় 45-50% বৃদ্ধি পায়।
vegetable,hybrid cucumber,হাইব্রিড শসা,228,other,খরচ ও নিট মুনাফাঃ,প্রতি হেক্টরে প্রায় 2.5 লক্ষ টাকা খরচ করে নিট মুনাফা প্রায় 8 লক্ষ টাকা অর্জন করা যায়। হেক্টর প্রতি বৃদ্ধিনিয়ন্ত্রক দ্রব্যের জন্য খরচ হয় 2000.00- 2500.0 টাকা। প্রতি শতাংশে 1000.00 টাকা খরচ করে 3000.00 টাকা আয় করা সম্ভব।
vegetable,hybrid cucumber,হাইব্রিড শসা,228,other,বৃদ্ধি নিয়ন্ত্রক রাসায়নিক দ্রব্য ব্যবহার করে বাঁধাকপি উৎপাদন,"বাঁধাকপি Brassicaceae পরিবরের একটি গুরুত্তপূর্ণ পাতা জাতীয় সবজি। বিশ্বের সর্বপ্রধান পাঁচাট সবজির মধ্যে এটি অন্যতম। এর বৈজ্ঞানিক নাম Brassica oleracea var. capitata L. মানবপুষ্টি ও স্বাস্থের উপকারী দিক থেকে বঁধাকপির জুড়ি মেলা ভার। সবজিটিতে পানির পরিমাণ 93%, সম্পৃক্ত চর্বি ও খারাপ এলডিএল (LDL) কোলষ্টেরলের পরিমাণ খুবই কম, খাবারউপযোগী আঁশের পরিমাণ বেশি। সবজিটিতে ভিটামিন ’এ’, ভিটামিন ’সি’, রিবোফ্লাভিন, থায়ামিন, ভিটামিন বি6, ভিটামিন ’কে’, বায়োটিন, ফলিক এসিড, পটাশিয়াম, ক্যালসিয়াম, ম্যাগনেসিয়াম এবং ম্যাঙ্গানিজ যথেষ্ট পরিমানে আছে। এতে ক্যান্সার প্রতিরোধী ফাইটোকেমিক্যাল যেমন-গ্লুকোসিনোলেট, ইনডোল-3-কার্বিনল, সালফোরাফেন, ডাইইনডোল মিথেন ও আইসোথায়োসায়ানেট থাকার কারণে এটা খেলে দেহে যকৃতের ক্যান্সার, বার GA3 স্প্রে করা হচ্ছে। প্রস্টেট ক্যান্সার, স্তন ক্যান্সার, ফুসফুস ক্যান্সার ও কোলন ক্যান্সার বাসা বাধতে পারে না। সবজিটিতে পটাসিয়াম ও অন্যান্য প্রধান খনিজ লবনের উপস্থিতি ও আঁশ সমৃদ্ধতার কারণে এটা খেলে মানব দেহের হাড় মজবুত হয় এবং কোষ্ঠকাঠিন্যতা দূর হয়, রক্তে কোলেস্টেরোলের পরিমান কমে যায় এবং উচ্চরক্তচাপ নিয়ন্ত্রনে থাকে। বাঁধাকপি অ্যামাইনোএসিড ’গ্লুটামিন’ সমৃদ্ধ। গ্লুটামিন মানব শরীরে পেপটিক আলসার তৈরিতে বাঁধা প্রদান করে।"
vegetable,hybrid cucumber,হাইব্রিড শসা,228,other,ফসল,বাঁধাকপি
vegetable,hybrid cucumber,হাইব্রিড শসা,228,other,জাত,"অ্যাটলাস-70, কেকে-ক্রস, কেওয়াই-ক্রস, কৃষিবিদ বাইব্রিড-1"
vegetable,hybrid cucumber,হাইব্রিড শসা,228,sowing_time,বীজ বপনের সময়,অক্টোবরের প্রথম সপ্তাহ থেকে অক্টোবরের শেষ সপ্তাহ
vegetable,hybrid cucumber,হাইব্রিড শসা,228,sowing_time,চারা রোপণের সময়,নভেম্বরের প্রথম সপ্তাহ থেকে নভেম্বরের শেষ সপ্তাহ
vegetable,hybrid cucumber,হাইব্রিড শসা,228,sowing_method,রোপণ পদ্ধতি,সাধারণত 30-35 দিনের চারা 60 সেমি × 40 সেমি দূরত্বে রোপণ করতে হয়।
vegetable,hybrid cucumber,হাইব্রিড শসা,228,other,প্রয়োগকৃত হরমোনের মাত্রা,জিবারেলিক এসিড 50-75 পিপিএম ; ন্যাপথ্যালিন এসিটিক এসিড 60 পিপিএম
vegetable,hybrid cucumber,হাইব্রিড শসা,228,other,হরমোন প্রয়োগ পদ্ধতি,চারা লাগানোর 25 দিন পরে একবার এবং প্রথম স্প্রে করার 20 দিন পরে অরেকবার জিবারেলিক এসিড বা ন্যাপথ্যালিন এসিটিক এসিড নির্দিষ্ট মাত্রায় প্রয়োগ করতে হয়। জিবারেলিক এসিড বা ন্যাপথ্যালিন এসিটিক এসিড-এর দ্রবলের মধ্যে টুইন-20 বা ট্রিক্স 0.05% হারে মিশিয়ে নিলে দ্রবণের পাতায় হরমোন লেগে থাকার সক্ষমতা বৃদ্ধি পায়।
vegetable,hybrid cucumber,হাইব্রিড শসা,228,fertilizer,সারের মাত্রা /হেক্টর,ইউরিয়া 300 কেজি টিএসপি 200 কেজি এমওপি 250 কেজি জিপসাম 150 কেজি বরিক এসিড 10 কেজি জিংকসালফেট 12 কেজি গোবর/কম্পোস্ট 5 টন হরমোন স্প্রে ব্যাতিত (কন্ট্রোল)। 75 পিপিএম GA3 স্প্রে। 50 পিপিএম GA3
vegetable,hybrid cucumber,হাইব্রিড শসা,228,fertilizer_method,সার প্রয়োগ পদ্ধতি,"জমি তৈরির সময় অর্ধেক গোবর/ কম্পোস্ট, সমুদয় টিএসপি, জিপসাম, বরিক এসিড ও সমুদয় জিংক সালফেট সার প্রয়োগ করতে হবে। বাকি অর্ধেক গোবর/ কম্পোস্ট চারা রোপণের 1 সপ্তাহ পূর্বে মাদায় দিয়ে মিশিয়ে রাখতে হবে। এরপর চারা রোপণ করে চারার গোড়ায় পানি দিতে হবে। ইউরিয়া ও এমওপি সার সমান 2 কিস্তিতে উপরিপ্রয়োগ করতে হবে। চারা লাগানোর 15 দিন পর 1ম কিস্তি এবং তার এক মাস পর 2য় কিস্তি উপরি প্রয়োগ করতে হবে।"
vegetable,hybrid cucumber,হাইব্রিড শসা,228,intercultural,অন্যান্য অর্ন্তবর্তীকালীন পরিচর্যা,আগাছা পরিষ্কার করতে হবে। জমির প্রয়োজন অনুসারে সেচ প্রয়োগ করতে হবে। চারা লাগানোর পর চারার পোড়ায় ঝাঝরি দিয়ে বেশ কয়েকদিন পানি দিতে হবে। চারা মাটিতে সেট না হওয়া পর্যন্ত এভাবে পানি দিতে হবে। বাঁধাকিপতে শুস্ক মৌসুমে ঘন ঘন সেচ দিতে হয়। মাটির প্রকৃতিভেদে 5-6 টি প্লাবন সেচের প্রয়োজন হয়।
vegetable,hybrid cucumber,হাইব্রিড শসা,228,yield,প্রযুক্তি ব্যবহারে সম্ভাব্য ফলন,80-85 টন/হেক্টর। হরমোন প্রয়োগের ফলে হেক্টর প্রতি 15-20% বেশী ফলন পাওয়া সম্ভব।
vegetable,hybrid cucumber,হাইব্রিড শসা,228,harvest,ফসল সংগ্রহ,চারা রোপণের 70-85 দিন পর মাথা দৃঢ় হয়ে আসলে কপি সংগ্রহ করা যায়। কোনো কোনো জাতের মাথা পরিণত হওয়ার সময় ফেটে যায়। এসব জাত সংগ্রহে দেরী করা উচিৎ নয়।
vegetable,hybrid cucumber,হাইব্রিড শসা,228,other,খরচ ও নিট মুনাফা,প্রতি হেক্টরে প্রায় 1.30 থেকে 1.35 লক্ষ টাকা খরচ করে নিট মুনাফা প্রায় 3.0 থেকে 4.0 লক্ষ টাকা আয় করা যায়। হেক্টর প্রতি বৃদ্ধিনিয়ন্ত্রক রাসায়নিক দ্রব্যের জন্য খরচ হয় 8000.00 থেকে 9000.0 টাকা। প্রতি শতাংশে বৃদ্ধি নিয়ন্ত্রব রাসায়নিক দ্রব্যসহ 500.00 থেকে 600.00 টাকা খরচ করে 1200.00 থেকে 1500.00 টাকা আয় করা সম্ভব।
vegetable,hybrid cucumber,হাইব্রিড শসা,228,other,হরমোন প্রয়োগে বারি ব্রোকালি -1 এর বীজ উৎপাদন,"ব্রোকলি Brassicaceae পরিবরের একটি সুস্বাদু সবজি। এটি উদ্ভিদতাত্বিক দিক থেকে ফুলকপির কাছাকাছি ও বর্ষজীবি ফসল। এর বৈজ্ঞানিক নাম Brassica oleracea var. italica. এটি কপি গোত্রের অন্যান্য সবজি থেকে পুষ্টিকরও বটে। সবজিটি ভিটামিন ’এ’, ভিটামিন ’সি’ ও ভিটামিন ’ই’ এবং পটাশিয়াম সমৃদ্ধ। এটা খেলে দেহে যকৃতের ক্যান্সার, প্রস্টেট ক্যান্সার, স্তন ক্যান্সার, ফুসফুস ক্যান্সার ও কোলন ক্যান্সার বাসা বাধতে পারে না। এটা খেলে মানব দেহের হাড় মজবুত হয় এবং কোষ্ঠকাঠিন্যতা দূর হয়, রক্তে কোলেস্টেরোলের পরিমান কমে যায় এবং উচ্চরক্তচাপ নিয়ন্ত্রণে থাকে। ফসল রোপণ থেকে বীজ সংগ্রহ পর্যন্ত প্রায় 135-140 দিন সময় লাগে। বারি ব্রোকলি-1 একটি মুক্ত পরাগায়িত জাত। উি দ্ভদ শারীরতাত্ত্বিক প্রত্রিয়া পরিবর্তন ও নিয়ন্ত্রনে হরমোনের ভূমিকা সর্বজনবিদিত। প্রতিকূল পরিবেশ হরমোনের কার্যকারিতা অধিক। বাংলাদেশে মুক্ত পরাগায়নের মাধ্যমে বারি ব্রোকলি-1 সবজিটির বীজ উৎপাদন করা য়ায়। ব্রকলির বীজ সেট হওয়ার সময় তাপমাত্রা বেশী থাকে। তাই সিলিকুয়া/পড এ ভালভাবে বীজ সেট হয় না। বীজ সেট হলেও ভালভাবে পুষ্ট হয় না। গাছে প্রথম ফুল ধরনের সময় জিবারেলিক এসিড (GA3 ) 60 পিপিএম হারে 7 দিন পর পর দুইবার স্প্রে করলে সিলিকুয়া/পড এর সংখ্যা বেড়ে যায়, বীজ ভালভাবে সেট হয় ও পুষ্ট হয়। 1000 বীজের ওজন বেড়ে যায়। ফলশ্রুতিতে হেক্টর প্রতি বীজের ফলন বৃদ্ধি পায়। জিবারেলিক এসিড বীজ উৎপাদনের অনুকুল পরিবেশ তৈরি করে বলে বীজের ফলন বেড়ে যায়।"
vegetable,hybrid cucumber,হাইব্রিড শসা,228,other,বিষয় বিবরণ,"ফসল ব্রোকলি জাত বারি ব্রোকলি-1 বীজ বপণের সময় সেপ্টেম্বরের দ্বিতীয় সপ্তাহ - অক্টোবরের প্রথম সপ্তাহ চারা রোপণের সময় অক্টোবরের দ্বিতীয় সপ্তাহ - নভেম্বরের প্রথম সপ্তাহ রোপণ পদ্ধতি সাধারণত 25-30 দিনের চারা 60 সেমি × 40 সেমি দূরত্বে রোপণ করতে হয়। প্রয়োগকৃত হরমোনের মাত্রা জিবারেলিক এসিড 60 পিপিএম । হরমোন প্রয়োগ পদ্ধতি সাধারণত চারা লাগানোর 85-90 দিনের মধ্যে ব্রোকলি গাছে ফুল আসতে শুরু করে। প্রথম ফুল আসলে নির্দিষ্ট মাত্রায় হরমোন প্রয়োগ করতে হয়। তারপর 7 দিন পর পর আরো দু’বার ব্রোকলি গাছে হরমোন প্রয়োগ করতে হবে। সারের মাত্রা /হেক্টর) ইউরিয়া 350 কেজি টিএসপি 150 কেজি এমওপি 250 কেজি জিঙ্ক সালফেট 10 কেজি বরিক এসিড 12 কেজি গোবর/কম্পোস্ট 10 টন সার প্রয়োগ পদ্ধতি জমি তৈরির সময় অর্ধেক গোবর/ কম্পোস্ট, সমুদয় টিএসপি ও সমুদয় বরিক এসিড সার প্রয়োগ করতে হবে। বাকি অর্ধেক গোবর/ কম্পোস্ট চারা রোপণের 1 সপ্তাহ পূর্বে মাদায় দিয়ে মিশিয়ে রাখতে হবে। এরপর চারা রোপণ করে চারার গোড়ায় পানি দিতে হবে। ইউরিয়া ও এমওপি সার সমান 3 কিস্তিতে প্রয়োগ করতে হবে। চারা লাগানোর 15 দিন পর 1ম কিস্তি, 30-35 দিন পর 2য় কিস্তি এবং 80-85 দিন পর 3য় কিস্তিতে উপরি প্রয়োগ করতে হবে। চারা লাগানোর 80 দিন পর সারের অতিরিক্ত মাত্রা হিসেবে হ্ক্টেরপ্রতি ইউরিয়া 110 কেজি, এমওপি 100 কেজি এবং টিএসপি 50 কেজি সার প্রয়োগ করতে হবে। উৎপাদন (GA3 উৎপাদন (60 পিপিএম GA3 অন্যান্য অন্তর্বর্তীকালীন পরিচর্যা আগাছা পরিষ্কার করতে হবে। জমির প্রয়োজন অনুসারে সেচ প্রয়োগ করতে হবে। চারা লাগানোর পর চারার পোড়ায় ঝাঝরি দিয়ে বেশ কয়েকদিন পানি দিতে হবে। চারা মাটিতে সেট না হওয়া পর্যন্ত এভাবে পানি দিতে হবে। এরপর 7 দিন পর পর প্লাবন সেচ দিতে হবে। পাতায় দাগ রোগ (Alternaria leaf spot) দেখা দিলে দেরী না করে 15 দিন পর পর ছত্রাকনাশক রোভরাল (2%) গাছে স্প্রে হরতে হবে। গাছে ফুল আসলে 15 দিন পর পর ছত্রাকনাশক রোভরাল (2%) এর স্প্রে চালিয়ে যেতে হবে। প্রযুক্তি ব্যবহারে সম্ভাব্য ফলন 550-600 কেজি/হেক্টর। হরমোন প্রয়োগের ফলে হেক্টর প্রতি 20-25% বেশী বীজের ফলন পাওয়া সম্ভব। ফসল সংগ্রহ চারা রোপণের 135-140 দিন পর সিলিকুয়া/পড (80-85%) বাদামী রং ধারণ করলে গাছ কেটে লাঠির কোমল আঘাতে বীজ গাছ থেকে আলাদা করতে হবে। পরে বীজ রৌদ্রে শুকায়ে সংরক্ষণ করতে হবে। হরমোন বাবদ খরচ প্রতি শতাংশে হরমোন বাবদ খরচ-100.00 টাকা; স্প্রে করার জন্য প্রতি শতাংশে খরচ -1000.00 টাকা প্রতি শতাংশে নিট লাভ 8,000/- - 10,000.00 টাকা ––––––––––––––  ––––––––––––––"
fruit,mango,আম,242,soil_climate,মাটি,"গভীর, সুনিষ্কাশিত, ঊর্বর দোআঁশ মাটি আম চাষের জন্য উত্তম। উঁচু ও মাঝারী উঁচু জমি নির্বাচন করতে হবে।"
fruit,mango,আম,242,land_preparation,জমি তৈরি,চাষ ও মই দিয়ে সমতল এবং আগাছামুক্ত করে নিতে হবে।
fruit,mango,আম,242,sowing_method,রোপণ পদ্ধতি,"সমতল ভূমিতে বর্গাকার বা আয়তাকার এবং পাহাড়ি ভূমিতে কন্টুর পদ্ধতিতে চাষ করা যায়। এক বছর বয়স্ক সুস্থ, সবল ও রোগমুক্ত কলমের চারা রোপণ করতে হবে।"
fruit,mango,আম,242,sowing_time,চারা রোপণের সময়,জ্যৈষ্ঠ-আষাঢ় (মধ্য-মে থেকে মধ্য-জুলাই) এবং ভাদ্র-আশ্বিন মাস (মধ্য-আগস্ট থেকে মধ্য-অক্টোবর)।
fruit,mango,আম,242,spacing,চারা রোপণের দূরত্ব,8 মিটার।
fruit,mango,আম,242,other,গর্ত তৈরি,গর্তের আকার 1 মি. × 1 মি. × 1 মি.।
fruit,mango,আম,242,fertilizer,সারের পরিমাণ,
fruit,mango,আম,242,sowing_method,চারা রোপণ,"গর্ত ভর্তির 10-15 দিন পর চারার গোড়ায় মাটির বলসহ গর্তের মাঝখানে সোজাভাবে লাগাতে হবে। চারা রোপণের পর পানি, খুঁটি ও বেড়ার ব্যবস্থা করতে হবে।"
fruit,mango,আম,242,fertilizer,সার প্রয়োগ,চারা রোপণের পর গাছের সুষ্ঠু বৃদ্ধির জন্য নিয়মিত সার প্রয়োগ করা আবশ্যক। গাছো বয়স বৃদ্ধির সাথে সাথে সারের পরিমাণও বাড়াতে হবে। বয়স ভিত্তিতে গাছপ্রতি সারের পরিমাণ নিম্নে দেখানো হলো।
fruit,mango,আম,242,fertilizer,সারের নাম প্রতি গর্তে সারের পরিমাণ,জৈব সার 20-30 কেজি টিএসপি 450-550 গ্রাম এমওপি 200-300 গ্রাম জিপসাম 200-230 গ্রাম জিংক সালফেট 40-60 গ্রাম
fruit,mango,আম,242,fertilizer,সারের নাম,
fruit,mango,আম,242,other,1-4 5-7 8-10 11-15 16-20 20-এর উর্দ্ধে,গোবর (কেজি) 26 35 44 52 70 87 ইউরিয়া (গ্রাম) 437 875 1312 1750 2625 3500 টিএসপি (গ্রাম) 437 437 875 875 1312 1750 এমওপি (গ্রাম) 175 350 437 700 875 1400 জিপসাম (গ্রাম) 175 350 437 612 700 875 জিংক সালফেট (গ্রাম) 17 17 26 26 35 44 বরিক এসিড (গ্রাম) 35 35 52 52 70 87
fruit,mango,আম,242,fertilizer_method,প্রয়োগ পদ্ধতি,"বয়স ভেদে নির্ধারিত সম্পূর্ণ পরিমাণ গোবর, টিএসপি, জিপসাম, জিংক সালফেট এবং বোরিক এসিড এবং অর্ধেক ইউরিয়া ও অর্ধেক এমওপি সার সেপ্টেম্বর মাসের মাঝামাঝি থেকে শেষ সময়ে প্রয়োগ করতে হবে। অবশিষ্ট ইউরিয়া ও এমওপি সার সমান দুই ভাগ করে এক ভাগ মার্চ মাসের মাঝামাঝি সময়ে যখন ফল মটর দানার মতো হয় তখন এবং অবশিষ্ট ইউরিয়া ও এমওপি সার ফল সংগ্রহের 1 মাস পূর্বে প্রয়োগ করতে হবে। এখানে উল্লেখ্য যে, গাছের চারিদিকে গোড়া থেকে কমপক্ষে 1 থেকে 1.5 মি. দূরে হালকাভাবে কুপিয়ে মাটির সাথে মিশিয়ে সার প্রয়োগ করতে হবে। গাছের বয়স বেশি হলে এই দূরত্ব বাড়তে পারে। সার প্রয়োগের পর হালকা সেচ দিতে হবে। এছাড়াও ইউরিয়া 2% (প্রতি 1 লিটার পানিতে 20 গ্রাম) দ্রবণ ফলের মটরদানা আকৃতি অবস্থায় একবার এবং মার্বেল আকৃতি অবস্থায় আর একবার প্রয়োগে অধিক ফলন এবং গুণগত মানসম্পন্ন ফলন পাওয়া যায়।"
fruit,mango,আম,242,irrigation,সেচ প্রয়োগ,চারা গাছের দ্রুত বৃদ্ধির জন্য ঘন ঘন সেচ দিতে হবে। ফলন্ত গাছের বেলায় মুকুল বের হওয়ার 3 মাস আগে থেকে সেচ প্রদান বন্ধ রাখতে হবে। আমের মুকুল ফোটার শেষ পর্যায়ে 1 বার এবং ফল মটর দানার আকৃতি ধারণ পর্যায়ে আবার 1 বার বেসিন পদ্ধতিতে সেচ প্রয়োগ করতে হবে।
fruit,mango,আম,242,intercultural,ডাল ছাঁটাইকরণ,"গাছের প্রধান কাণ্ডটি যাতে সোজাভাবে 1 থেকে 1.5 মিটার ওঠে সেদিকে লক্ষ্য রেখে গাছের গোড়ার অপ্রয়োজনীয় শাখা কেটে ফেলতে হবে। প্রতি বছর বর্ষার শেষে মরা, রোগাক্রান্ত ও দুর্বল ডালপালা কেটে দিতে হয়।"
fruit,mango,আম,242,other,গাছের মুকুল ভাঙ্গন,কলম গাছের বয়স 2 বছর পূর্ণ না হওয়া পর্যন্ত মুকুল ভেঙ্গে দিতে হবে।
fruit,mango,আম,242,harvest,ফল সংগ্রহ,গাছে কিছু সংখ্যক আমের বোঁটার নিচের ত্বক যখন সামান্য হলুদাভ রং ধারণ করে অথবা আধাপাকা আম গাছ থেকে পড়া আরম্ভ করে তখন আম সংগ্রহ করার উপযুক্ত সময়। গাছ ঝাকী দিয়ে আম না পেড়ে ছোট গাছের ক্ষেত্রে হাত দিয়ে এবং বড় গাছের ক্ষেত্রে জালিযুক্ত বাঁশের সাহায্যে আম সংগ্রহ করা ভালো।
fruit,mango,আম,242,intercultural,অন্যান্য পরিচর্যা,
fruit,mango,আম,242,pest_disease,আমের হপার পোকা ও এ্যানথ্রাকনোজ রোগ দমন,শোষক পোকা (হপার) এবং এ্যানথ্রাকনোজ রোগ আমের প্রধান শত্রু। বিভিন্ন পর্যায়ে এরা আমের ক্ষতি করে থাকে। তবে মুকুল অবস্থায় ক্ষতির মাত্রা সবচেয়ে বেশি। সঠিক দমন ব্যবস্থা গ্রহণ না করা হলে শতভাগ ফসল বিনষ্ট হতে পারে। মুকুল আসার সময় শোষক পোকা (হপার) এবং এ্যানথ্রাকনোজ রোগের আক্রমণে ফুল ঝরে যায়।
fruit,mango,আম,242,pest_disease,প্রতিকার,"পরাগায়ন নিশ্চিত করতে হবে। আমের মুকুল এসেছে কিন্তু ফুল ফোঁটার পূর্বেই অর্থাৎ পুষ্পমঞ্জরীর দৈর্ঘ্য 5-10 সেমি হয় তখন প্রতি লিটার পানিতে সাইপারমেথ্রিন (রিপকর্ড/সিমবুশ) 10 ইসি 1 মিলি এবং টিল্ট 250 ইসি 0.5 মিলি হারে মিশিয়ে একবার এবং তার একমাস পর আম মটর দানার আকৃতি হলে আরেকবার গাছের পাতা, মুকুল ও ডালপালা ভালভাবে ভিজিয়ে স্প্রে করতে হবে।"
fruit,mango,আম,242,pest_disease,আমের ভোমরা পোকা দমন,আমের ভোমরা পোকার কীড়া আমের গায়ে ছিদ্র করে ভিতরে ঢুকে শাঁস খায়। সাধারণত কচি আমে ছিদ্র করে এরা ভিতরে ঢুকে এবং ফল বড় হওয়ার সাথে সাথে ছিদ্রটি বন্ধ হয়ে যায়। এজন্য বাইরে থেকে আমটি ভাল মনে হলেও ভিতরে কীড়া পাওয়া যায়। একবার কোন গাছে এ পোকার আক্রমণ হলে প্রতি বছরই সে গাছটি আক্রান্ত হয়ে থাকে। ক্রমে ক্রমে পার্শ্ববর্তী গাছসমূহে তা ছড়িয়ে পড়ে। সাধারণত কলমের আম গাছে এ পোকার আক্রমণ কম হয়।
fruit,mango,আম,242,pest_disease,প্রতিকার," মুকুল আসার পূর্বে পৌষ-মাঘ মাসে সম্পূর্ণ বাগান বা প্রতিটি আম গাছের চারদিকে 4 মিটারের মধ্যে সকল আগাছা পরিষ্কার করে ভালভাবে মাটি কুপিয়ে ওলট-পালট করে দিলে মাটিতে থাকা উইভিলগুলো ধ্বংস হয়।  আম সংগ্রহের পর গাছের সমস্ত পরগাছা ও পরজীবী উদ্ভিদ ধ্বংস করতে হবে।  ফলের মার্বেল অবস্থায় প্রতি লিটার পানিতে 1 মিলি হারে সাইপারমেথ্রিন (রিপকর্ড/সিমবুস) 10 ইসি মিশিয়ে গাছের কাণ্ড, ডাল ও পাতা ভালভাবে ভিজিয়ে 10-15 দিন অন্তর 2-3 বার স্প্রে করতে হবে।"
fruit,mango,আম,242,other,অনুন্নত আম গাছকে উন্নত জাতে রূপান্তর,টপ ওয়ার্কিং এর মাধ্যমে অনুন্নত আম গাছকে সহজেই উন্নত জাতে রূপান্তরিত করা যায়। এ জন্য ফেব্রুয়ারি-মার্চ মাসে অনুন্নত আম গাছের সমস্ত প্রশাখা কেটে দিতে হবে। জুন-জুলাই মাসে কর্তিত প্রশাখা থেকে উৎপন্ন ডালসমূহে ভিনিয়ার/ক্লেফট পদ্ধতিতে উন্নত জাতের কলম করতে হবে। কলমের নিচ থেকে কুশি বের হলে সেগুলো নিয়মিত অপসারণ করতে হবে। এভাবে 2-3 বছরের মধ্যে অনুন্নত আম গাছটি উন্নত জাতে রূপান্তরিত হবে।
fruit,mango,আম,242,other,গরম পানিতে আম শোধন,গাছ থেকে আম সংগ্রহের পর পরই আম 52-550 সে. তাপমাত্রায় গরম পানিতে 5-7 মিনিট ডুবিয়ে শোধনের মাধ্যমে বোঁটা পচা ও এ্যানথ্রাকনোজ রোগ দমন করে আমের সংরক্ষণকাল অতিরিক্ত এক সপ্তাহ বাড়ানো যায় এবং সংগ্রহোত্তর অপচয় রোধ করা সম্ভব। গরম পানিতে আম শোধনের একটি যন্ত্রও (হট ওয়াটার ট্রিটমেন্ট প্ল্যান্ট) উদ্ভাবন করা হয়েছে। এ যন্ত্রের সাহায্যে পানির তাপমাত্রা ও শোধনের সময় ঠিক রেখে প্রতি ঘণ্টায় 1 টন আম শোধন করা যায়। উচ্চ ক্ষমতাসম্পন্ন হওয়ায় প্রতি কেজি আমের শোধন খরচ 40-50 পয়সা।
fruit,mango,আম,242,other,"নিরাপদ, বিষমুক্ত, স্বাস্থ্যসম্মত ও রপ্তানিযোগ্য আম উৎপাদনে ফ্রুট ব্যাগিং প্রযুক্তি","গুণগত মানসম্পন্ন, নিরাপদ ও বিষমুক্ত ফল উৎপাদনের লক্ষ্যে বাংলাদেশ কৃষি গবেষণা ইনস্টিটিউটের আঞ্চলিক উদ্যানতত্ত্ব গবেষণা কেন্দ্র, চাঁপাইনবাবগঞ্জ দীর্ঘদিন যাবৎ গবেষণা কার্যক্রম পরিচালনা করে আসছিল। এরই ধারাবাহিকতায় অত্র কেন্দ্র হতে ফ্রুট ব্যাগিং প্রযুক্তিটি উদ্ভাবন করা হয়েছে। এই প্রযুক্তিটি বাংলাদেশে একটি নতুন ও সম্ভাবনাময় প্রযুক্তি হিসেবে মাঠপর্যায়ে ব্যাপক পরিচিতি লাভ করেছে। যে সময়ে আমরা চিন্তিত ও আতংকিত ছিলাম ফল বাগানে বালাইনাশকের অতিরিক্ত ব্যবহার নিয়ে এ সময়েই আম বিজ্ঞানীরা উদ্ভাবন করলেন নতুন এই প্রযুক্তির, যা শুধু সাশ্রয়ীই নয় পরিবেশ বান্ধবও বটে। প্রকৃতপক্ষে মাঠ পর্যায়ে বাণিজ্যিকভাবে আম উৎপাদন করতে গিয়ে চাষীদের বিভিন্ন সমস্যায় পড়তে হয়। এর মধ্যে উল্লেখযোগ্য হলো রোগ, পোকামাকড় ও প্রাকৃতিক কারণে সৃষ্ট সমস্যা। ফ্রুট ব্যাগিং প্রযুক্তির মাধ্যমে সহজেই সকল সমস্যাগুলোকে সমাধান করে ভালোমানের আম উৎপাদন করা যায়। ফ্রুট ব্যাগিং বলতে ফল গাছে থাকা অবস্থায় বিশেষ ধরনের কাগজের তৈরি ব্যাগ দ্বারা ফলকে আবৃত করাকে বুঝায় এবং এর পর থেকে ফল সংগ্রহ করা পযন্ত গাছেই লাগানো থাকবে ব্যাগটি। এই ব্যাগ বিভিন্ন ফলের জন্য বিভিন্ন রং এবং আকারের হয়ে থাকে। তবে আমের জন্য দুই ধরনের ব্যাগ ব্যবহৃত হয়ে থাকে। রঙিন আমের জন্য সাদা রঙের ব্যাগ এবং অন্য সকল আমের জন্য দুই আস্তরের বাদামী ব্যাগ। বর্তমানে আমচাষীরা দুই স্তরের বাদামি ব্যাগ বাণিজ্যিকভাবে আম উৎপাদনের জন্য ব্যবহার করছেন এবং লাভবান হচ্ছেন। তবে আগাম জাতসমূহে এক স্তরের সাদা রঙের ব্যাগ ব্যবহার করা যেতে পারে। ব্যাগিং প্রযুক্তি ব্যবহার করে উৎপাদিত ফলসমূহ নিরাপদ, স্বাস্থ্যসম্মত ও রপ্তানি উপযোগী।"
fruit,mango,আম,242,other,ব্যাগিং করার উপযুক্ত সময়,"আমের প্রাকৃতিকভাবে ঝরা বন্ধ হলেই ব্যাগিং শুরু করতে হবে। বারি আম-1, গোপালভোগ, খিরসাপাত, ল্যাংড়া, বারি আম-2, বারি আম-6 এবং বারি আম-7 জাতের ক্ষেত্রে ব্যাগিং করা হয় 40-55 দিন বয়সে। এই সময়ে আম জাতভেদে মার্বেল আকারের বা এর চেয়ে বড় হয়ে থাকে। তবে বারি আম-3, 4, 8, ফজলি, হাড়িভাঙ্গা, আশ্বিনা এবং গৌড়মতি আমের ক্ষেত্রে গুটির বয়স 65 দিন হলেও ব্যাগিং করা যাবে। ব্যাগিং করার পূর্বে অবশ্যই কীটনাশক ও ছত্রাকনাশক নির্দেশিত মাত্রায় ভালভাবে মিশিয়ে শুধুমাত্র ফলে স্প্রে করতে হবে। ফল ভেজা অবস্থায় ব্যাগিং করা ঠিক নয়। আমের ক্ষেত্রে কমপক্ষে তিনটি স্প্রে দেওয়ার পরামর্শ দেওয়া হয়ে থাকে। যেমন প্রথমবার আম গাছে মুকুল আসার আনুমানিক 15-20 দিন পূর্বে, দ্বিতীয়বার মুকুল আসার পর অর্থাৎ আমের মুকুল যখন 10-15 সেমি লম্বা হবে কিন্তু ফুল ফুটবেনা এবং আম যখন মটর দানারমতো হবে তখন তৃতীয়বার। সুতরাং এর পরপরই আমে স্প্রে করে ব্যাগিং করার পরামর্শ দেওয়া হয়। ব্যাগিং করার পূর্বেই মরা মুকুল বা পুষ্পমঞ্জরীর অংশবিশেষ, পত্র, উপপত্র অথবা এমন কিছু যা ফলের ক্ষতি করতে পারে সেগুলো ছিড়ে ফেলতে হবে। যে সকল এলাকায় আম বাণিজ্যিকভাবে চাষাবাদ হয় না বা শুধুমাত্র পারিবারিক চাহিদা পূরণে আম গাছ লাগানো হয়েছে এবং এই সমস্ত গাছে সময়মত স্প্রে করা হয় না বা সেই ধরনের প্রচলন এখনও এলাকায় চালু হয়নি ফলে প্রতি বছরই তাদের গাছে আম ধরে কিন্তু পোকা ও রোগের কারণে অধিকাংশ আম নষ্ট হয়ে যায়। এসব আমগাছে এই প্রযুক্তিটি সবচেয়ে কার্যকর। এছাড়াও যে সকল এলাকায় বৃষ্টিপাত বেশি হয় এবং আম দেরিতে পাকে সে সকল আমের জাতগুলো বিবর্ণ বা কারো রং ধারণ করতে দেখা যায় এবং মাছি পোকার আক্রমণ দেখা যায়। কোন কোন ক্ষেত্রে দেখা যায় নাবীজাত আশ্বিনাতে 100 ভাগ আমের মাছি পোকার আক্রমণে নষ্ট হয়ে যায়। যে সমস্ত বাগানে ঘন করে আম লাগানো হয়েছে এবং বর্তমানে গাছের ভিতরে সূর্যের আলো পৌছায়না সে সকল গাছে আমের মাছি পোকা সবচেয়ে বেশি ক্ষতি করে থাকে। এখন পর্যন্ত বাংলাদেশে মাছি পোকা দমনের জন্য যত ধরনের ব্যবস্থা গ্রহণ করা হয়েছে বা প্রচলিত আছে কোনটিতেই এই মাছি পোকাকে শতভাগ দমন করা সম্ভব নয় বরং আক্রমণের হার কিছুটা কমিয়ে রাখা যায়। ফ্রুট ব্যাগিং প্রযুক্তির মাধ্যমে শতভাগ রোগ ও পোকামাকড় দমন করা যায়। আম রপ্তানির জন্য ভাল মানসম্পন্ন, রঙিন ও রোগ ও পোকামাকড়ের আক্রমণ মুক্ত আম প্রয়োজন। কিন্তু প্রচলিত পদ্ধতিতে এই তিন বৈশিষ্ট্যের সমন্বয় ঘটানো সম্ভব নয়। বিভিন্ন আম রপ্তানিকার দেশে বহুল পরিচিত ও ব্যবহৃত পদ্ধতি হচ্ছে ফ্রুট ব্যাগিং প্রযুক্তি। এই প্রযুক্তি দ্বারা সবচেয়ে কম পরিমাণে বালাইনাশক ব্যবহার করে 100% রোগ ও পোকামাকড় মুক্ত আম উৎপাদন করা সম্ভব। এছাড়াও ব্যাগিং করা আম সংগ্রহের পর 10-14 দিন পর্যন্ত ঘরে রেখে খাওয়া যায়। সেই সাথে রঙিন, ভাল মানসম্পন্ন নিরাপদ আমও পাওয়া যায়। ব্যাগিং প্রযুক্তি হতে ভাল ফলাফল পাওয়ার জন্য কয়েকটি বিষয়ের প্রতি অবশ্যই নজর দিতে হবে; নির্দিষ্ট সময়ে ব্যাগিং করতে হবে। ব্যাগিং করার পূর্বে আমগুলোকে কীটনাশক ও ছত্রাকনাশক একত্রে মিশিয়ে শুধুমাত্র ফলে স্প্রে করতে হবে। ব্যাগিং করার কমপক্ষে 2-3 ঘণ্টা পূর্বে স্প্রে করতে হবে । তবে স্প্রে করার পরের দিনও ব্যাগিং করা যাবে যদি বৃষ্টিপাত না হয়। ফল ভেজা অবস্থায় ব্যাগিং করা উচিৎ নয়। সঠিক নিয়মকানুন ও পদ্ধতি অনুসরণ করে যে সকল চাষীগণ ব্যাগিং করছেন তারা বেশ ভালো অর্থনৈতিকভাবে লাভবান হচ্ছেন। নিরাপদ, বিষমুক্ত, স্বাস্থ্যসম্মত ও রপ্তানিযোগ্য আম উৎপাদনের জন্য ফ্রুট ব্যাগিং প্রযুক্তিটি একটি সহজ, সাশ্রয়ী ও লাভজনক প্রযুক্তি হিসেবে মাঠ পর্যায়ে ব্যাপক পরিচিতি লাভ করেছে। সারেরনাম গাছের বয়স (বছর) 1-4 5-7 8-10 11-15 16-20 20-এর উর্দ্ধে গোবর (কেজি) 26.25 35 43.75 52.50 70 87.50 ইউরিয়া (গ্রাম) 438 875 1312 1750 2625 3500 টিএসপি (গ্রাম) 438 438 875 875 1312 1750 এমওপি(গ্রাম) 175 350 438 700 875 1400 জিপসাম (গ্রাম) 175 350 438 612.50 700 875 জিংক সালফেট (গ্রাম) 17.50 17.50 26.25 26.25 35 43.75 বোরিক এসিড (গ্রাম) 35 35 52.50 52.50 70 87.50"
fruit,mango,আম,242,pest_disease,আমের ফুল ও ফল ঝরা রোধে টেকসই ব্যবস্থাপনা,"গাছের বয়স অনুসারে তিন কিস্তিতে নির্দেশিত মাত্রার সার প্রয়োগঃ প্রথম কিস্তি (সম্পূর্ণ জৈব সার, টিএসপি, জিপসাম, জিংক সালফেট এবং বোরিক এসিড এবং অর্ধেক ইউরিয়া ও অর্ধেক এমওপি সার) 15-30 সেপ্টেম্বর এর মধ্যে প্রয়োগ করতে হবে। অবশিষ্ট ইউরিয়া ও এমওপি সার সমান দুই ভাগ করে এক ভাগ (দ্বিতীয় কিস্তি) মার্চ মাসের শেষ সময়ে যখন ফল মটর দানার মত হয় তখন এবং অবশিষ্ট ইউরিয়া ও এমওপি সার এপ্রিলের শেষ সপ্তাহ থেকে মে মাসের প্রথম সপ্তাহ পর্যন্ত সময়ের মধ্যে অথবা আম সংগ্রহের এক মাস পূর্বে প্রয়োগ করতে হবে। এখানে উল্লেখ্য যে, গাছের চারিদিকে গোড়া থেকে কমপক্ষে 1 থেকে 1.5 মি. দূরে হালকাভাবে কুপিয়ে মাটির সাথে মিশিয়ে সার প্রয়োগ করতে হবে। গাছের বয়স বেশি হলে এই দূরত্ব বাড়তে পারে। সার প্রয়োগের পর হালকা সেচ দিতে হবে।"
fruit,mango,আম,242,fertilizer,গাছের বয়স অনুসারে সারের মাত্রা,"গাছে সম্পূর্ণরূপে ফুল প্রষ্ফুটিত (Full bloom) হবার পর থেকে শুরু করে, 15 দিন অন্তর আম গাছে 4 বার সেচ দিতে হবে। আমের হপার পোকা দমনের জন্য ইমিডাক্লোপ্রিড গ্রুপ এর কীটনাশক; কনফিডর 70 ডব্লিউজি, প্রতি লিটার পানিতে 0.2 গ্রাম এবং এ্যানথ্রাকনোজ রোগ দমনের জন্য ম্যানকোজেব গ্রুপ এর ছত্রাকনাশক; ইন্ডোফিল এম-45 প্রতি লিটার পানিতে 2 গ্রাম, এক সাথে মিশিয়ে, 2 বার; মুকুল বের হবার পর কিন্তু ফুল ফোটার আগে 1 বার এবং ফল মটর দানাকৃতি অবস্থায় আরেকবার প্রয়োগ করতে হবে। ইউরিয়া 2% (প্রতি 1 লিটার পানিতে 20 গ্রাম) দ্রবন ফলের মটরদানা আকৃতি অবস্থায একবার এবং মার্বেল আকৃতি অবস্থায় আর একবার প্রয়োগে অধিক এবং গুণগত মানসম্পন্ন ফলন পাওয়া যায়।"
fruit,mango,আম,242,other,বারি উদ্ভাবিত স্যাটেলাইট-ভিত্তিক আম বাগান ম্যাপিং প্রযুক্তি,"আম বাংলাদেশের অন্যতম প্রধান জনপ্রিয় এবং গুরুত্বপূর্ণ ফল। আম উৎপাদনে বাংলাদেশ বিশ্বে অষ্টম। বিগত এক দশকে, দেশে আম উৎপাদন এলাকা ক্রমাগত বৃদ্ধি পেয়েছে। সম্প্রতি, সীমিত আকারে বিদেশে উন্নতমানের আম রপ্তানি শুরু হয়েছে। দেশ ও বিদেশের বাজারের চাহিদা অনুযায়ী উন্নতমানের আম ও আমজাত পণ্যের টেকসই শিল্পায়নের সঠিক পরিকল্পণা করতে হলে আম উৎপাদনের এলাকা, উৎপাদনের সময় ও সম্ভাব্য ফলন সম্পর্কে সঠিক ধারণা থাকা আবশ্যক। বর্তমানে আম উৎপাদনের এলাকা সনাক্তকরণের জন্য মনুষ্যভিত্তিক আনুমানিক পরিসংখ্যান সংকলনের পদ্ধতি প্রচলিত রয়েছে, যা সময়, ব্যয় ও শ্রমঘন এবং অপেক্ষাকৃত কম নির্ভরযোগ্য। অপরপক্ষে, সাম্প্রতিককালে বেশ কিছু কৃত্রিম ভূ-উপগ্রহ থেকে ধারনকৃত উচ্চ রেজুলেশনের ভূচিত্র এবং তাদের স্বল্প সময়ে কম্পিউটারে প্রক্রিয়াকরণ পদ্ধতি সহজলভ্য হয়েছে। এমতাবস্থায়, বাংলাদেশ সরকারের আইসিটি বিভাগের অর্থায়নে বাংলাদেশ কৃষি গবেষণা ইনস্টিটিউট, গুগল আর্থ ইঞ্জিনে বিনামূল্যে প্রাপ্ত বিভিন্ন কৃত্রিম উপগ্রহের ভূ-চিত্রের সংগ্রহভান্ডার ও সুপার কম্পিউটিং সুবিধা নিয়ে মেশিন লার্নিং এলগরিদম ব্যবহার করে বিশ্লেষণপূর্বক বৃহত্তর রাজশাহী অঞ্চলে বর্তমান ও পূর্ববর্তি বিভিন্ন বছরের জন্য আম উৎপাদনের এলাকা নির্ণয় এবং তাদের অবস্থানের ডিজিটাল মানচিত্রায়ন প্রযুক্তি উদ্ভাবন করেছে। প্রস্তুতকৃত মানচিত্রসমূহের অনন্য বৈশিষ্ট্যসমূহ হল এগুলোর ডিজিটাল ভার্সন ডাইনামিক, ইন্টার‍্যাক্টিভ, অনলাইনে এক্সেসিবল ও মোবাইল ডিভাইসের সাহায্যে একেবারে মাঠপর্যায়ে যাচাইযোগ্য। সময়ের সাথে সাথে বিভিন্ন ব্যবহারকারী ও অংশীজনের মতামতের ভিত্তিতে আমবাগানের এই অনলাইন ম্যাপিং ব্যবস্থা আরো নিখুঁত ও অন্যান্য এলাকা বা ফসলের জন্য বিস্তৃত করা সম্ভব। এই প্রযুক্তি দেশে ও বিদেশের আমের বাজারের চাহিদা অনুযায়ী উন্নত মানের নিরাপদ আম ও আমজাত পন্যের সরবরাহ ও টেকসই শিল্পায়নের সঠিক পরিকল্পণার জন্য সহায়ক হবে। এই প্রযুক্তির সুবিধা https://geomango.hmrcweb.com/mango-area/ ওয়েবসাইট থেকে অনলাইনে যুক্ত কোন কম্পিউটার বা মোবাইল ডিভাইসে ব্যবহার করা যাবে।"
fruit,jackfruit,কাঁঠাল,249,land_preparation,জমি ও মাটি,"কাঁঠাল গাছ জলাবদ্ধতা সহ্য করতে পারে না। পানি দাঁড়ায় না এমন উঁচু ও মাঝারী উঁচু সুনিষ্কাশিত ঊর্বর জমি কাঁঠালের জন্য উপযোগী। দোআঁশ, বেলে দোআঁশ ও এঁটেল মাটিতেও এর চাষ করা যায়। অম্লীয় মাটিতে কাঁঠাল গাছের বৃদ্ধি ভাল হয়।"
fruit,jackfruit,কাঁঠাল,249,sowing_method,বংশ বিস্তার,"সাধারণত কাঁঠালের বীজ থেকেই চারা তৈরি করা হয়। যদিও এতে গাছের মাতৃ বৈশিষ্ট্য হুবহু বজায় থাকে না তথাপি ফলনে বিশেষ তারতম্য দেখা যায় না। ভাল পাকা কাঁঠাল থেকে পুষ্ট বড় বীজ বের করে ছাই মাখিয়ে 2/3 দিন ছায়ায় শুকিয়ে বীজতলায় বপন করলে 20-25 দিনে চারা গজাবে। দশ থেকে বার মাসের চারা সতর্কতার সাথে তুলে মূল জমিতে রোপণ করতে হবে। এছাড়া অঙ্গজ অংশ বিস্তার পদ্ধতি, যেমন- ফাটল কলম (Cleft grafting), চারা কলম (Epicotyle grafting) এবং টিস্যু কালচার পদ্ধতি উল্লেখযোগ্য।"
fruit,jackfruit,কাঁঠাল,249,sowing_time,চারা রোপণের সময়,চারা বা কলম রোপণের সময় মধ্য-জ্যৈষ্ঠ থেকে মধ্য শ্রাবণ (জুন-আগস্ট) মাস।
fruit,jackfruit,কাঁঠাল,249,spacing,চারা রোপণের দূরত্ব,গাছ ও সারির দূরত্ব হবে 8 × 8 মিটার। হেক্টরপ্রতি গাছের সংখ্যা 100টি। চারা কলম রোপণের 10-15 দিন পূর্বে 1 × 1 × 1 মিটার গর্ত তৈরি করে নিম্নরূপ হারে সার প্রয়োগ করে গর্তের মাটির সাথে ভালভাবে মিশিয়ে গর্ত ভরাট করতে হবে।
fruit,jackfruit,কাঁঠাল,249,fertilizer,গর্তে সারের পরিমাণ,
fruit,jackfruit,কাঁঠাল,249,sowing_method,চারা রোপণ ও পরিচর্যা,গর্ত ভর্তির 10-15 দিন পর নির্বাচিত চারা সোজাভাবে গর্তের মাঝখানে লাগিয়ে চারার চারদিকের মাটি হাত দিয়ে চেপে ভালোভাবে বসিয়ে দিতে হবে এবং খুঁটি দিয়ে বেঁধে দিতে হবে। প্রয়োজনমতো পানি সেচ ও বেড়ার ব্যবস্থা করতে হবে।
fruit,jackfruit,কাঁঠাল,249,intercultural,ডাল ছাঁটাইকরণ,"ছোট অবস্থায় চারা/কলম লাগানোর পর অপ্রয়োজনীয় ছোট ছোট শাখা প্রশাখা কেটে দিলে কাণ্ড তৈরিতে সহায়ক হয়। বড় গাছের মরা ডাল, ছোট ছোট শাখা প্রশাখা এবং পূর্ববর্তী বছরের ফলের বোঁটার অবশিষ্ট অংশ প্রুনিং করে দিলে ফলন বৃদ্ধিতে সহায়ক হয়। বড় ডাল কাটা গাছের জন্য ক্ষতিকর।"
fruit,jackfruit,কাঁঠাল,249,fertilizer,কাঁঠাল গাছে সার প্রয়োগ,চারা রোপণের পর গাছের সুষ্ঠু বৃদ্ধির জন্য নিয়মিত সার প্রয়োগ করা আবশ্যক। গাছ বৃদ্ধির সাথে সাথে সারের পরিমাণও বাড়াতে হবে। বয়স ভিত্তিতে গাছ প্রতি সারের পরিমাণ নিম্নে দেখানো হলো। কাঁঠাল গাছের বয়স ভিত্তিক সারের পরিমাণ সারের নাম গর্তপ্রতি সারের পরিমাণ গোবর/কম্পোস্ট 20-30 কেজি টিএসপি 400-500 গ্রাম এমওপি 240-260 গ্রাম
fruit,jackfruit,কাঁঠাল,249,fertilizer_method,প্রয়োগ পদ্ধতি,"চারা রোপণের পর থেকে তিন বছর পর্যন্ত গোবর, টিএসপি, জিপসাম, দস্তা সারকে বছরে একবার ব্যবহার করে এবং মোট ইউরিয়া এবং এমওপি সারকে ছয় ভাগে ভাগ করে দুই মাস পর পর প্রয়োগ করলে গাছের দ্রুত বৃদ্ধি হয়ে থাকে। ফলন্ত গাছে তিনবার সার প্রয়োগ করা উচিৎ। প্রথম কিস্তিতে গোবর, টিএসপি, জিপসাম, দস্তা ইত্যাদি সার পূর্ণ মাত্রায় এবং 50% ইউরিয়া ও এমওপি সার সেপ্টেম্বর/অক্টোবর মাসে; দ্বিতীয় কিস্তিতে 25% ইউরিয়া ও এমওপি সার ফলধারণের পর মার্চ মাসে এবং তৃতীয় কিস্তিতে 25% ইউরিয়া ও এমওপি ফল ধারণের 60 দিন পর মে মাসে প্রয়োগ করতে হবে। প্রথম পুরুষ ও স্ত্রী পুষ্পমঞ্জরী দেখা দেয়ার সময় 0.2% হারে বোরন স্প্রে করলে সুষম আকারের মান সম্পন্ন ফল পাওয়া যায়।"
fruit,jackfruit,কাঁঠাল,249,irrigation,পানি সেচ ও নিষ্কাশন,"ডিসেম্বর থেকে মে মাস পর্যন্ত শুকনো মৌসুমে 15 দিন অন্তর পরিবর্তিত বেসিন পদ্ধতিতে পানি সেচ দিলে কচি ফল ঝরা কমে, ফলন ও ফলের গুণগতমান বৃদ্ধি পায়। কাঁঠাল গাছ জলাবদ্ধতার প্রতি অত্যন্ত সংবেদনশীল। স্বল্প সময়ের জলাবদ্ধতায় গাছ মারা যায়। এজন্য বর্ষা মৌসুমে বৃষ্টির পানি দ্রুত নিষ্কাশনের সুব্যবস্থা করা আবশ্যক।"
fruit,jackfruit,কাঁঠাল,249,other,ফল ব্যাগিং,গাছে ফল প্রতিষ্ঠিত হওয়ার পর নিচের দিকে খোলা পলিথিন/কাগজের ব্যাগ দ্বারা ঢেকে দিলে ফল ছিদ্রকারী পোকা ও নরম পচা রোগের আক্রমণ থেকে রক্ষা পাওয়া যায় এবং ফলের রং ও আকার আকর্ষণীয় হয়।
fruit,jackfruit,কাঁঠাল,249,intercultural,অন্যান্য পরিচর্যা,
fruit,jackfruit,কাঁঠাল,249,pest_disease,নরম পচা রোগ,রাইজোপাস আর্টোকারপস নামক ছত্রাকের আক্রমণে কাঁঠালের মুচি বা ফল পচা রোগ হয়ে থাকে। এ রোগের আক্রমণে কচি ফলের গায়ে বাদামী রঙের দাগের সৃষ্টি হয় এবং শেষ পর্যন্ত আক্রান্ত ফল গাছ হতে ঝরে পড়ে। গাছের পরিত্যক্ত অংশে এ রোগের জীবাণু বেঁচে থাকে এবং বাতাসের মাধ্যমে বিস্তার লাভ করে।
fruit,jackfruit,কাঁঠাল,249,pest_disease,প্রতিকার, মুচি ধরার আগে ও পরে 10 দিন পর পর 2/3 বার ব্যাভিস্টিন/ইন্ডোফিল এম-45 প্রতি লিটার পানিতে 2 গ্রাম হারে মিশিয়ে স্প্রে করতে হবে অথবা ফলিকুর নামক ছত্রাকনাশক 0.05% হারে বা ইন্ডোফিল এম-45/রিডোমিল এম জেড-75 প্রতি লিটার পানিতে 2 গ্রাম হারে মিশিয়ে গাছে ফুল আসার পর হতে 15 দিন অন্তর অন্তর 3 বার স্প্রে করতে হবে। গাছের নিচে ঝরে পড়া পুরুষ ও স্ত্রী পুষ্পমঞ্জরী সংগ্রহ করে পুড়িয়ে ফেলতে হবে।
fruit,jackfruit,কাঁঠাল,249,other,গামোসিস,"এ রোগের প্রভাবে গাছের বাকলে ফাটল ধরে ও ফাটলের স্থান থেকে অবিরত রস ঝরে। কাঠ বেরিয়ে আসে, ক্ষতস্থানে গর্ত হতে থাকে ও পচন ধরে। চারা গাছ সংবেদনশীল বিধায় ধীরে ধীরে মারা যায়। গাছের বয়স জৈব সার ইউরিয়া টিএসপি এমওপি জিপসাম (কেজি) (গ্রাম) (গ্রাম) (গ্রাম) (গ্রাম) 1-3 বছর 20 400 400 350 80 4-6 বছর 25 600 550 450 100 7-10 বছর 30 800 700 550 130 11-15 বছর 40 1000 900 650 160 15 বছরের উর্দ্ধে 40-50 1200 1600 1250 300"
fruit,jackfruit,কাঁঠাল,249,pest_disease,প্রতিকার, ক্ষতস্থান বাটাল বা ধারালো ছুরি দিয়ে চেছে (স্কুপিং) উক্তস্থানে বর্দোপেস্ট/আলকাতরা লেপন করতে হবে। প্রথমবার দেয়ার পর পরবর্তী দুমাসে আরো দুবার লেপন করা প্রয়োজন।
fruit,jackfruit,কাঁঠাল,249,pest_disease,কাণ্ড ছিদ্রকারী পোকা,কাণ্ড ছিদ্রকারী পোকা কাঁঠালের অন্যতম প্রধান শত্রু। এ পোকার কীড়া কাণ্ড ছিদ্র করে গাছের অভ্যন্তরে ঢুকে এবং কাণ্ডের কেন্দ্র বরাবর খেতে খেতে উপরের দিকে উঠতে থাকে। সময়মতো দমন করা না গেলে আক্রান্ত ডাল বা সম্পূর্ণ গাছ মারা যায়।
fruit,jackfruit,কাঁঠাল,249,pest_disease,প্রতিকার," ছিদ্রের ভিতর চিকন রড ঢুকিয়ে পোকার কীড়া মেরে ফেলতে হবে।  চিকন রড দিয়ে ছিদ্র পরিষ্কার করে এর অভ্যন্তরে কেরোসিন, পেট্রোল বা উদ্বায়ী কীটনাশক সিরিঞ্জের মাধ্যমে ঢুকিয়ে কাদা বা মোম দিয়ে ছিদ্রপথ বন্ধ করে দিলে অভ্যন্তরে ধুয়া সৃষ্টি হয় এবং পোকা মারা যায়।"
fruit,jackfruit,কাঁঠাল,249,pest_disease,ফল ছিদ্রকারী পোকা,এ পোকা কাঁঠালের আর একটি অত্যন্ত ক্ষতিকর পোকা। এ পোকার কীড়া বাড়ন্ত ফলের গা ছিদ্র করে ভিতরে ঢুকে এবং শাঁস খেতে থাকে। আক্রান্ত ফল বেঁকে বা ফেটে যায় এবং বৃষ্টির পানি ঢুকে ফল পচে নষ্ট হয়ে যায়।
fruit,jackfruit,কাঁঠাল,249,pest_disease,প্রতিকার, আক্রান্ত পুষ্পমঞ্জরী ও ফল সংগ্রহ করে পুড়িয়ে ফেলতে হবে।  ফুল আসার সময় সুমিথিয়ন বা ডায়াজিনন 60 ইসি প্রতি লিটার পানিতে 2 মিলি হারে মিশিয়ে 10 দিন অন্তর 2/3 বার স্প্রে করলে সুফল পাওয়া যায়। বাড়ন্ত ফল নিচের দিকে খোলা পলিথিনের ব্যাগ দ্বারা ঢেকে দিতে হবে। বাগান সর্বদা পরিষ্কার পরিচ্ছন্ন রাখতে হবে।
fruit,jackfruit,কাঁঠাল,249,other,কাঁঠাল গাছের উপর গোলমরিচ উৎপাদন প্রযুক্তি,পার্বত্য এলাকায় গোলমরিচ উৎপাদন একটি লাভজনক চাষ। বারি গোলমরিচ-1 জাতের গোলমরিচ সহজেই পাহাড়ি অঞ্চলে চাষ করা যায়। বর্ষা মৌসুমে গোলমরিচের 3-4 টি গিটসহ 30- 45 সেমি লম্বা শাখা কাটিং চারা হিসেবে লাগাতে হবে। এক্ষেত্রে শাখা কাটিংগুলো এক বছর বয ়সের হওয়া উত্তম। শাখা কাটিং গুলো বড় কাঁঠাল গাছের পাশ্বে গর্ত তৈরি করে প্রতি গর্তে 2-3 টি শাখা কাটিং লাগাতে হবে। অন্যান্য গাছের পার্শ্বেও শাখা কাটিং লাগানো যায় তবে গোলমরিচ গাছ বড় হওয়ার জন্য কাঁঠাল গাছ সহায়ক বৃক্ষ হিসেবে ব্যবহার করলে অধিক ফলন পাওয়া যায় । এক্ষেত্রে গোলমরিচের গুণাগুণও ভালো থাকে। গোলমরিচ চাষে কাঁঠাল গাছকে সহায়ক বৃক্ষ হিসেবে ব্যবহার করে অধিক উৎপাদন পাওয়া যায় বিধায় কাঁঠাল গাছ সহায়ক বৃক্ষ হিসেবে ব্যবহার করা একটি লাভজনক প্রযুক্তি।
fruit,banana,কলা,253,soil_climate,মাটি,পর্যাপ্ত রোদযুক্ত ও পানি নিষ্কাশনের সুব্যবস্থা সম্পন্ন উঁচু জমি কলা চাষের জন্য উপযুক্ত। ঊর্বর দোআঁশ মাটি কলা চাষের জন্য উত্তম।
fruit,banana,কলা,253,land_preparation,জমি তৈরি ও গর্ত খনন,জমি ভালভাবে গভীর করে চাষ করতে হয়। দেড় থেকে দুই মিটার দূরে দূরে 60 × 60 × 60 সেমি আকারের গর্ত খনন করতে হয়। চারা রোপণের মাসখানেক আগেই গর্ত খনন করতে হয়। গর্তে গোবর ও টিএসপি সার মাটির সাথে মিশিয়ে গর্ত বন্ধ করে রাখতে হবে।
fruit,banana,কলা,253,sowing_time,রোপণের সময়,কলার চারা বছরে 3 মৌসুমে রোপণ করা যায়।
fruit,banana,কলা,253,sowing_method,প্রথম রোপণ,আশ্বিন-কার্তিক (মধ্য-সেপ্টেম্বর থেকে মধ্য-নভেম্বর)।
fruit,banana,কলা,253,sowing_method,দ্বিতীয় রোপণ,মাঘ-ফাল্গুন (মধ্য-জানুয়ারি থেকে মধ্য-মার্চ)।
fruit,banana,কলা,253,sowing_method,তৃতীয় রোপণ,চৈত্র-বৈশাখ (মধ্য-মার্চ থেকে মধ্য-মে)।
fruit,banana,কলা,253,sowing_method,চারা রোপণ,"রোপণের জন্য অসি তেউড় (Sword sucker) উত্তম। অসি তেউড়ের পাতা সরু, সুচালো। অনেকটা তলোয়ারের মত, গুড়ি বড় ও শক্তিশালী এবং কাণ্ড ক্রমশ গোড়া থেকে উপরের দিকে সরু হয়। তিন মাস বয়স্ক সুস্থ সবল তেউড় রোগমুক্ত বাগান থেকে সংগ্রহ করতে হয়। সাধারণত খাটো জাতের গাছের 35-45 সেমি ও লম্বা জাতের গাছের 50-60 সেমি দৈর্ঘেযর তেউড় ব্যবহার করা হয়। এ ছাড়া টিস্যু কালচার চারা ব্যবহার করা হলে বাড়তি কিছু সুবিধা পাওয়া যায়। বারি কলা-4"
fruit,banana,কলা,253,fertilizer,কলা গাছে সার প্রয়োগ,চারা রোপণের পর গাছের সুষ্ঠু বৃদ্ধির জন্য নিয়মিত সার প্রয়োগ করা আবশ্যক। বয়স ভিত্তিতে গাছ প্রতি সারের পরিমাণ নিম্নে দেখানো হলো।
fruit,banana,কলা,253,fertilizer_method,প্রয়োগ পদ্ধতি,"সম্পূর্ণ পরিমাণ গোবর, টিএসপি, জিপসাম, জিংক সালফেট এবং বোরিক এসিড এবং অর্ধেক এমওপি সার গর্ত তৈরির সময় মাটির সাথে প্রয়োগ করতে হবে। ইউরিয়া ও বাকি অর্ধেক এমওপি সার চারা রোপণের 2 মাস পর থেকে 2 মাস পর পর 3 বারে এবং ফুল আসার পর আরও একবার গাছের চর্তুদিকে মাটির সাথে মিশিয়ে দিতে হয়। সার দেয়ার সময় জমি হালকাভাবে কোপাতে হবে যাতে শিকড় কেটে না যায়। জমির আর্দ্রতা কম থাকলে সার দেয়ার পর পানি সেচ দেয়া একান্ত প্রয়োজন।"
fruit,banana,কলা,253,intercultural,পরিচর্যা,"চারা রোপণের সময় মাটিতে পর্যাপ্ত আর্দ্রতা না থাকলে তখনই সেচ দেওয়া উচিত। এ ছাড়া, শুষ্ক মৌসুমে 15-20 দিন অন্তর সেচ দেওয়া দরকার। বর্ষার সময় কলা বাগানে যাতে পানি জমতে না পারে তার জন্য নালা থাকা আবশ্যক। মোচা আসার পূর্ব পর্যন্ত গাছের গোড়ায় কোন তেউড় রাখা উচিত নয়। মোচা আসার পর গাছপ্রতি মাত্র একটি তেউড় বাড়তে দেয়া ভাল।"
fruit,banana,কলা,253,harvest,ফসল সংগ্রহ,ঋতুভেদে রোপণের 10-13 মাসের মধ্যে সাধারণত সব জাতের কলাই পরিপক্ক হয়ে থাকে। বাণিজ্যিক ভিত্তিতে চাষ করলে কলার গায়ের শিরাগুলো তিন-চতুর্থাংশ পুরো হলেই কাটতে হয়। তাছাড়াও কলার অগ্রভাগের পুষ্পাংশ শুকিয়ে গেলে বুঝতে হবে কলা পুষ্ট হয়েছে। সাধারণত মোচা আসার পর ফল পুষ্ট হতে 2.5 - 4 মাস সময় লাগে। কলা কাটানোর পর কাঁদি শক্ত জায়গায় বা মাটিতে রাখলে কলার গায়ে কালো দাগ পড়ে এবং কলা পাকার সময় দাগওয়ালা অংশ তাড়াতাড়ি পচে যায়।
fruit,banana,কলা,253,intercultural,অন্যান্য পরিচর্যা,
fruit,banana,কলা,253,pest_disease,কলার পানামা রোগ ব্যবস্থাপনা,এটি একটি ছত্রাকজনিত মারাত্মক রোগ। এ রোগের আক্রমণে প্রথমে বয়স্ক পাতার কিনারা হলুদ হয়ে যায় এবং পরে কচি পাতাও হলুদ রং ধারণ করে। পরবর্তী সময় পাতা বোঁটার কাছে ভেঙ্গে গাছের চতুর্দিকে ঝুলে থাকে এবং মরে যায়। কিন্তু সবচেয়ে কচি পাতাটি গাছের মাথায় খাড়া হয়ে দাঁড়িয়ে থাকে। অবশেষে গাছ মরে যায়। কোন কোন সময় গাছ লম্বালম্বিভাবে ফেটেও যায়। অভ্যন্তরীণ লক্ষণ হিসেবে ভাসকুলার বান্ডেল হলদে-বাদামী রং ধারণ করে।
fruit,banana,কলা,253,pest_disease,প্রতিকার, আক্রান্ত গাছ গোড়াসহ উঠিয়ে পুড়িয়ে ফেলতে হবে।  আক্রান্ত গাছের তেউড় রোপণ করা যাবে না। সারের নাম গাছ প্রতি সারের পরিমাণ গোবর 10 কেজি ইউরিয়া 500 গ্রাম টিএসপি 400 গ্রাম এমওপি 600 গ্রাম জিপসাম 200 গ্রাম জিংক সালফেট 1.5 গ্রাম বোরিক এসিড 2.0 গ্রাম  রোগ প্রতিরোধী জাতের চাষ করতে হবে।  আক্রান্ত জমিতে 3-4 বছর কলা চাষ করা যাবে না।
fruit,banana,কলা,253,pest_disease,কলার সিগাটোকা রোগ দমন,এ রোগের আক্রমণে প্রাথমিকভাবে 3য় বা 4র্থ পাতায় ছোট ছোট হলুদ দাগ দেখা যায়। ক্রমশ দাগগুলো বড় হয় ও বাদামী রং ধারণ করে। এভাবে একাধিক দাগ মিলে বড় দাগের সৃষ্টি করে এবং তখন পাতা পুড়ে যাওয়ার মত দেখায়।
fruit,banana,কলা,253,pest_disease,প্রতিকার, আক্রান্ত পাতা কেটে পুড়িয়ে ফেলতে হবে।  প্রতি লিটার পানিতে 0.5 মিলি টিল্ট 250 ইসি অথবা 1 গ্রাম অটোস্টিন মিশিয়ে 15 দিন পর পর 2-3 বার গাছে স্প্রে করতে হবে।
fruit,banana,কলা,253,pest_disease,কলার বানচি-টপ ভাইরাস রোগ ব্যবস্থাপনা,"এ রোগের আক্রমণে গাছের বৃদ্ধি হ্রাস পায় এবং পাতা গুচ্ছাকারে বের হয়। পাতা আকারে খাটো, অপ্রশস্ত এবং উপরের দিকে খাড়া থাকে। কচি পাতার কিনারা উপরের দিকে বাঁকানো এবং সামান্য হলুদ রঙের হয়। অনেক সময় পাতার মধ্য শিরা ও বোঁটায় ঘন সবুজ দাগ দেখা যায়। পাতার শিরার মধ্যে ঘন সবুজ দাগ পড়ে।"
fruit,banana,কলা,253,pest_disease,প্রতিকার, আক্রান্ত গাছ গোড়াসহ উঠিয়ে পুড়িয়ে ফেলতে হবে।  জীবাণু বহনকারী ‘জাব পোকা’ কীটনাশক যেমন ম্যালাথিওন (2 মিলি 1 লিটার পানিতে দ্রবীভ‚ত করে) গ্রুপের ঔষধ দ্বারা দমন করতে হবে।
fruit,banana,কলা,253,pest_disease,কলার পাতা ও ফলের বিটল পোকা,কলার পাতা ও ফলের বিটল পোকা কলার কচি পাতায় হাটাহাটি করে এবং সবুজ অংশ নষ্ট করে। ফলে সেখানে অসংখ্য দাগের সৃষ্টি হয়। অতিরিক্ত আক্রমণে গাছ দুর্বল হয়ে যায়। কলা বের হওয়ার সময় হলে পোকা মোচার মধ্যে ঢুকে কচি কলার উপর হাঁটাহাটি করে এবং রস চুষে খায়। ফলে কলার গায়ে বসন্ত রোগের দাগের মত দাগ হয়। এসব দাগের কারণে কলার বাজার মূল্য কমে যায়।
fruit,banana,কলা,253,pest_disease,প্রতিকার, পোকা-আক্রান্ত মাঠে বার বার কলা চাষ করা যাবে না।  কলার মোচা বের হওয়ার সময় ছিদ্রবিশিষ্ট পলিথিন/কাগজের ব্যাগ ব্যবহার করে এ পোকার আক্রমণ থেকে রক্ষা পাওয়া যায়।  প্রতি 1 লিটার পানিতে 1 গ্রাম সেভিন 85 ডব্লিউ পি মিশিয়ে 15 দিন পর পর 2 বার গাছের পাতার উপরে ছিটাতে হবে। ম্যালাথিয়ন বা ডায়াজিনন 60 ইসি 2 মিলি হারে ব্যবহার করতে হবে।
fruit,papaya,পেঁপে,256,soil_climate,মাটি,"সুনিষ্কাশিত, উঁচু ও মাঝারী উঁচু জমি নির্বাচন করতে হবে। উপযুক্ত পরিচর্যার দ্বারা প্রায় সব ধরনের মাটিতেই পেঁপের চাষ করা যায়। তবে উচ্চ জৈব পদার্থ সমৃদ্ধ বেলে দোআঁশ মাটি উত্তম।"
fruit,papaya,পেঁপে,256,seed_rate,বীজের হার,দুই মিটার দূরে দূরে সারি করে প্রতি সারিতে 2 মিটার দূরত্বে চারা রোপণ করলে 1 হেক্টর জমিতে 2500 গাছের জন্য 7500 চারার প্রয়োজন হয়। সদ্য সংগৃহীত বীজ হলে 140-160 গ্রাম বীজ দিয়ে প্রয়োজনীয় চারা তৈরি করা যায়।
fruit,papaya,পেঁপে,256,sowing_method,চারা তৈরি,"বীজ থেকে বংশ বিস্তার করা হয়। পলিথিন ব্যাগে চারা তৈরি করলে রোপণের পর চারা দ্রুত বৃদ্ধি পায়। 15 × 10 সেমি আকারের ব্যাগে সমপরিমাণ বালি, মাটি ও পচা গোবরের মিশ্রণ ভর্তি করে ব্যাগের তলায় 2-3টি ছিদ্র করতে হবে। তারপর এতে সদ্য সংগৃহীত বীজ হলে 1টি এবং পুরাতন হলে 2-3টি বীজ বপন কতে হবে। একটি ব্যাগে একের অধিক চারা রাখা উচিত নয়। 20-25 দিন বয়সের চারায় 1-2% ইউরিয়া স্প্রে করলে চারার বৃদ্ধি ভাল হয়।"
fruit,papaya,পেঁপে,256,land_preparation,জমি নির্বাচন ও তৈরি,পেঁপে গাছ জলাবদ্ধতা সহ্য করতে পারে না। তাই পেঁপের জন্য নির্বাচিত জমি হতে হবে জলাবদ্ধতামুক্ত এবং সেচ সুবিধাযুক্ত। জমি বার বার চাষ ও মই দিয়ে উত্তম রূপে তৈরি করতে হবে। দ্রুত পানি নিষ্কাশনের সুবিধার্থে বেড পদ্ধতি অবলম্বন করা উত্তম। পাশাপাশি দুটি বেডের মাঝে 30 সেমি চওড়া এবং 20-25 সেমি গভীর নালা থাকবে। নালাসহ প্রতিটি বেড 2 মিটার চওড়া এবং জমি অনুযায়ী লম্বা হবে।
fruit,papaya,পেঁপে,256,other,গর্ত তৈরি,"চারা রোপণের 15-20 দিন পূর্বে বেডের মাঝ বরাবর 2 মিটার দূরত্বে 60 × 60 × 45 সেমি আকারের গর্ত তৈরি করতে হবে। গর্ত প্রতি 15 কেজি পচা গোবর, 500 গ্রাম টিএসপি, 250 গ্রাম জিপসাম, 20 গ্রাম বরিক এসিড এবং 20 গ্রাম জিংক সালফেট সার প্রয়োগ করে মাটির সাথে ভালভাবে মেশাতে হবে। সার মিশ্রিত মাটি দ্বারা গর্ত পূরণ করে সেচ দিতে হবে।"
fruit,papaya,পেঁপে,256,sowing_time,বীজ বপন ও চারা রোপণের সময়,আশ্বিন (সেপ্টেম্বর-অক্টোবর) এবং পৌষ (ডিসেম্বর-জানুয়ারি) মাস পেঁপের বীজ বপনের উত্তম সময়। বপনের 40-50 দিন পর চারা রোপণের উপযোগী হয়।
fruit,papaya,পেঁপে,256,sowing_method,চারা রোপণ,চারা লাগানোর পূর্বে গর্তের মাটি ওলট-পালট করে নিতে হয়। প্রতি গর্তে 30 সেমি দূরত্বে ত্রিভুজ আকারে 3টি করে চারা রোপণ করতে হয়। বীজ তলায় উৎপাদিত চারার উন্মুক্ত পাতাসমূহ রোপণের পূর্বে ফেলে দিলে রোপণকৃত চারার মৃত্যু হার কমবে এবং চারা দ্রুত প্রতিষ্ঠিত হবে। পলিব্যাগে উৎপাদিত চারার ক্ষেত্রে পলিব্যাগটি খুব সাবধানে অপসারণ করতে হবে যাতে মাটির বলটি ভেঙ্গে না যায়। পড়ন্ত বিকাল চারা রোপণের সর্বোত্তম সময়। রোপণের সময় লক্ষ্য রাখতে হবে চারার গোড়া যেন বীজতলা বা পলিব্যাগে মাটির যতটা গভীরে ছিল তার চেয়ে গভীরে না যায়।
fruit,papaya,পেঁপে,256,fertilizer,গাছে সার প্রয়োগ,ভাল ফলন পেতে হলে পেঁপেতে সময়মতো সার প্রয়োগ করতে হবে। উপরি হিসেবে গাছপ্রতি 450-500 গ্রাম ইউরিয়া এবং 450-500 গ্রাম এমওপি সার প্রয়োগ করতে হবে। চারা রোপণের এক মাস পর হতে প্রতি মাসে গাছপ্রতি 50 গ্রাম ইউরিয়া ও 50 গ্রাম এমওপি সার প্রয়োগ করতে হবে। গাছে ফুল আসার পর এই মাত্রা দ্বিগুন করতে হবে। মাটিতে রস না থাকলে পানি সেচের ব্যবস্থা করা আবশ্যক।
fruit,papaya,পেঁপে,256,intercultural,পরিচর্যা,পেঁপের জমি সব সময় আগাছামুক্ত রাখতে হবে। বর্ষা মৌসুমে আগাছা দমন করতে গিয়ে মাটি যাতে বেশি আলগা হয়ে না যায় সেদিকে সতর্ক দৃষ্টি রাখতে হবে।
fruit,papaya,পেঁপে,256,irrigation,পানি সেচ ও নিকাশ,শুষ্ক মৌসুমে প্রয়োজন অনুযায়ী পানি সেচ দিতে হবে। সেচে ও বৃষ্টির পানি যাতে জমিতে জমে না থাকে সে জন্য পানি নিষ্কাশনের সুব্যবস্থা করতে হবে।
fruit,papaya,পেঁপে,256,other,অতিরিক্ত গাছ অপসারণ,চারা লাগানোর 3-4 মাস পর গাছে ফুল আসলে প্রতি গর্তে একটি করে সুস্থ সবল স্ত্রী গাছ রেখে বাকিগুলো তুলে/কেটে ফেলতে হবে। তবে সুষ্ঠু পরাগায়ন ও ফল ধারণের জন্য বাগানের বিভিন্ন স্থানে কমপক্ষে শতকরা 5টি পুরুষ গাছ থাকা অপরিহার্য।
fruit,papaya,পেঁপে,256,other,ফল পাতলাকরণ,পেঁপের অধিকাংশ জাতের ক্ষেত্রে একটি পত্রকক্ষ থেকে একাধিক ফুল আসে এবং ফল ধরে। ফল কিছুটা বড় হওয়ার পর প্রতি পত্রকক্ষে সবচেয়ে ভাল ফলটি রেখে বাকিগুলো ছিঁড়ে ফেলতে হবে। দ্বিতীয় বা তার পরবর্তী বছরে যে পেঁপে হয় সেগুলো খুব ঠাসাঠাসি অবস্থায় থাকে। ফলে ঠিকমতো বাড়তে পারে না এবং এদের আকৃতি নষ্ট হয়ে যায়। এক্ষেত্রে ছোট ফলগুলো ছাঁটাই করতে হবে।
fruit,pineapple,আনারস,258,land_preparation,মাটি ও জমি তৈরি,দোআঁশ ও বেলে দোআঁশ মাটি বেশ উপযোগী। ভালভাবে চাষ ও মই দিয়ে মাটি ঝুরঝুরে ও জমি সমতল করতে হবে যাতে বৃষ্টির পানি কোন স্থানে জমে না থাকতে পারে। জমি থেকে 15 সেমি উঁচু এবং 1 মিটার প্রশস্ত বেড তৈরি করতে হবে। এক বেড থেকে অপর বেডের মাঝে 40-50 সেমি নালা রাখতে হবে।
fruit,pineapple,আনারস,258,sowing_method,চারা রোপণ,মধ্য-আশ্বিন থেকে মধ্য-অগ্রহায়ণ (অক্টোবর থেকে নভেম্বর মাস) আনারসের চারা লাগানোর উপযুক্ত সময়। তাছাড়া সেচের সুবিধা থাকলে মধ্য-মাঘ থেকে মধ্য-ফাল্গুন (ফেব্রুয়ারি মাস) পর্যন্ত চারা লাগানো যায়। 1 মিটার প্রশস্ত বেডে দুই সারিতে চারা রোপণ করতে হবে। সারি থেকে সারির দূরত্ব 50 সেমি এবং চারা থেকে চারার দূরত্ব 30-40 সেমি রাখতে হবে।
fruit,pineapple,আনারস,258,fertilizer,সারের পরিমাণ,
fruit,pineapple,আনারস,258,fertilizer_method,সার প্রয়োগ পদ্ধতি,"গোবর, জিপসাম ও টিএসপি সার বেড তৈরির সময় মাটির সাথে মিশিয়ে দিতে হবে। ইউরিয়া ও পটাশ সার চারা রোপণের 4-5 মাস পর থেকে শুরু করে 5 কিস্তিতে প্রয়োগ করতে হবে। সার বেডে ছিটিয়ে ভালভাবে মাটির সাথে মিশিয়ে দিতে হবে।"
fruit,pineapple,আনারস,258,intercultural,পরিচর্যা,শুষ্ক মৌসুমে আনারস ক্ষেতে সেচ দেওয়া খুবই প্রয়োজন। বর্ষা মৌসুমে অতি বৃষ্টির সময় গাছের গোড়ায় যাতে পানি জমে না থাকে সে জন্য নালা কেটে পানি নিকাশের ব্যবস্থা করতে হবে। চারা বেশি লম্বা হলে 30 সেমি পরিমাণ রেখে আগার পাতা সমান করে কেটে দিতে হবে। আনারসের জমি সর্বদা আগাছামুক্ত রাখা প্রয়োজন।
fruit,pineapple,আনারস,258,harvest,ফল সংগ্রহ,সাধারণত চারা রোপণের 15-16 মাস পর মধ্য-মাঘ থেকে মধ্য-চৈত্র (ফেব্রুয়ারি-মার্চ) মাসে আনারস গাছে ফুল আসে এবং মধ্য-জ্যৈষ্ঠ থেকে মধ্য-ভাদ্র (জুন থেকে আগস্ট) মাসে আনারস পাকে।
fruit,pineapple,আনারস,258,yield,ফলন,প্রতি হেক্টর জমিতে হানিকুইন আনারস 25-30 টন এবং জায়েন্ট কিউ 30-40 টন হয়।
fruit,guava,পেয়ারা,260,soil_climate,জলবায়ু ও মাটি,"পেয়ারা উষ্ণ ও আর্দ্র জলবায়ুর ফল। প্রায় সব ধরণের মাটিতেই পেয়ারার চাষ করা যায়, তবে জৈবপদার্থ সমৃদ্ধ দোআঁশ মাটি থেকে ভারী এঁটেল মাটি যেখানে পানি নিষ্কাশনের বিশেষ সুবিধা আছে সেখানে পেয়ারা ভাল জন্মে। 4.5-8.2 অম্লক্ষারত্বের মাটিতে পেয়ারা ভালো হয়।"
fruit,guava,পেয়ারা,260,sowing_method,বংশ বিস্তার,বীজ দ্বারা বংশ বিস্তার করা সবচেয়ে সহজ। অঙ্গজ পদ্ধতিতে বংশ বিস্তার করলে সে গাছের পেয়ারা মাতৃ গাছের পেয়ারা হতে পার্থক্য হয় না। তাই ফল উৎপাদনের জন্য বীজের চারা এবং বীজ উৎপাদনের জন্য (মাতৃ গাছ) অঙ্গজ পদ্ধতিতে বংশ বিস্তার করাই উত্তম। অঙ্গজ পদ্ধতির মধ্যে গুটি কলমই বহুল প্রচলিত।
fruit,guava,পেয়ারা,260,sowing_method,গর্ত তৈরি ও চারা/কলম রোপণ,"এক বছর বয়সের চারা বা কলম সাধারণত 4 মিটার দূরে দূরে লাগানো হয়। মে থেকে সেপ্টেম্বর মাস পেয়ারার চারা/কলম লাগানোর উপযুক্ত সময়। তবে পানি সেচের সুব্যবস্থা থাকলে সারা বছরই পেয়ারার চারা/কলম রোপণ করা চলে। চারা লাগাবার জন্য 60 × 60 × 45 সেমি আকারের গর্ত করে প্রতি গর্তে 10-15 কেজি পচা গোবর অথবা আবর্জনা পচা সার, 250 গ্রাম টিএসপি, 250 গ্রাম এমওপি সার প্রয়োগ করে মাটির সঙ্গে ভাল করে মিশিয়ে গর্ত ভর্তি করে 10-15 দিন রেখে দিতে হবে। চারা/কলম রোপণের পূর্বে গর্তের মাটি পুনরায় ওলট-পালট করে এর ঠিক মাঝখানে খাড়াভাবে চারাটি লাগিয়ে চারার চারদিকের মাটি হাত দিয়ে চেপে ভালভাবে বসিয়ে দিতে হয়। চারা রোপণের পর শক্ত খুঁিট পুঁতে খুঁটির সাথে চারাটি বেঁধে দিতে হবে যাতে বাতাসে চারার কোন ক্ষতি না হয়। প্রয়োজনবোধে বেড়ার ব্যবস্থা করতে হবে। চারা রোপণের পরপরই পানি সেচের ব্যবস্থা করতে হবে।"
fruit,guava,পেয়ারা,260,fertilizer,গাছে সার প্রয়োগ,"প্রতিবছর ফেব্রুয়ারি, মে ও সেপ্টেম্বর মাসে তিন কিস্তিতে গাছে সার প্রয়োগ করতে হবে। সার একেবারে গাছের গোড়ায় না দিয়ে যতদূর পর্যন্ত গাছের ডালপালা বিস্তার লাভ করে সে এলাকার মাটির সাথে ভালভাবে মিশিয়ে দিতে হবে। নিচের ছকে বিভিন্ন বয়সের গাছপ্রতি সারের পরিমাণ দেখানো হলো। সার প্রয়োগের পর ও খরার সময় বিশেষ করে গাছে গুটি আসার সময় পানি সেচ অত্যাবশ্যক। গাছের গোড়া থেকে মাঝে মাঝে আগাছা পরিষ্কার করা ও গোড়ার মাটি ভেঙ্গে দেয়া দরকার।"
fruit,guava,পেয়ারা,260,irrigation,সেচ ব্যবস্থাপনা,পেয়ারার চারা রোপণের সময় যদি গর্তের মাটি শুকনো থাকে তাহলে চারা গাছের গোড়ায় মাঝে মাঝে পানি দিতে হবে। বৃদ্ধির প্রাথমিক অবস্থায় পেয়ারা গাছে বছরে 8-10 বার পানি সেচের প্রয়োজন। ফলন্ত গাছে শুষ্ক মৌসুমে অর্থাৎ ডিসেম্বর থেকে এপ্রিল পর্যন্ত প্রতি 10-15 দিন পর পর পানি সেচের ব্যবস্থা করলে ফল ঝরা হ্রাস পাবে এবং সাথে সাথে বড় আকারের ফল ও বেশি ফলন পাওয়া যায়। গোড়ায় পানি জমে গেলে ও ঠিকমত নিষ্কাশন না হলে গাছ মরে যেতে পারে।
fruit,guava,পেয়ারা,260,pest_disease,বিশেষ ব্যবস্থাপনা,
fruit,guava,পেয়ারা,260,intercultural,অঙ্গ ছাঁটাই,"অঙ্গ ছাঁটাই বলতে মরা, রোগাক্রান্ত ও অপ্রয়োজনীয় ডালপালা ছাঁটাই করা বুঝায়। রোপণকৃত চারা বা কলমের সুন্দর কাঠামো দেওয়ার নিমিত্ত মাটি থেকে 1.0-1.5 মিটার উপরে বিভিন্ন দিকে ছড়ানো 4-5টি ডাল রেখে গোড়ার দিকের সমস্ত ডাল ছাঁটাই করতে হবে। বয়স্ক গাছের ফল সংগ্রহের পর সেপ্টেম্বর-অক্টোবর মাসে অঙ্গ ছাঁটাই করা হয়। অঙ্গ ছাঁটাই করলে গাছে নতুন ডালপালা গজায় এবং তাতে প্রচুর ফল ধরে।"
fruit,guava,পেয়ারা,260,other,ডাল নুয়ে দেয়া,পেয়ারার খাড়া ডালে নতুন শাখা ও ফল কম হয়। এজন্য খাড়া ডাল ওজন অথবা টানার সাহায্যে নুয়ে দিলে প্রচুর সংখ্যক নতুন শাখা গজায়। এতে ফলন ও ফলের গুণগত মান বৃদ্ধি পায়।
fruit,guava,পেয়ারা,260,other,ফল পাতলাকরণ,"গাছে প্রতি বছর প্রচুর সংখ্যক ফল আসে। ফল আকারে বেশ বড় হওয়ায় গাছের পক্ষে সব ফল ধারণ করা সম্ভব নয়। ফলের ভারে গাছের ডালপালা ভেঙ্গে যায় এবং ফল আকারে ছোট ও নিম্নমানের হয়। এমতাবস্থায়, গাছকে দীর্ঘদিন ফলবান রাখতে ও মানসম্পন্ন ফল পেতে হলে ফল ছোট থাকা অবস্থায় (মার্বেল অবস্থা) 50-60% ফল পাতলা করা দরকার। কলমের গাছ প্রথম বছর থেকে ফল দিতে শুরু করে। গাছের বৃদ্ধির জন্য 1ম বছর ফল না রাখাই ভাল, দ্বিতীয় বছর অল্প সংখ্যক ফল রাখা যেতে পারে। এভাবে পর্যায়ক্রমে গাছের অবস্থা বিবেচনা করে ফল রাখতে হবে। পরিকল্পিত উপায়ে ফুল বা ফল ছাঁটাই করে প্রায় সারাবছর ‘কাজী পেয়ারা’ ও ‘বারি পেয়ারা-2’ জাতের গাছে ফল পাওয়া সম্ভব।"
fruit,guava,পেয়ারা,260,other,ফল ঢেকে দেওয়া (,"Fruit bagging): পেয়ারা ছোট অবস্থায় ব্যাগিং করলে রোগ, পোকা, পাখি, বাদুর, কাঠবিড়ালী ইত্যাদির আক্রমণ থেকে রক্ষা পায়। ব্যাগিং করা ফল অপেক্ষাকৃত বড় আকারের এবং আকর্ষণীয় হয়। ব্যাগিং সাদা কাগজ বা ছোট ছিদ্রযুক্ত পলিথিন দিয়ে করা যেতে পারে। ব্যাগিং করলে সূর্যের আলট্রাভায়োলেট রশ্মি লাগে না বিধায় ফলে কোষ বিভাজন বেশি হয় এবং ফল আকারে বড় হয়। ব্যাগিং করার পূর্বে অবশ্যই প্রতি লিটার পানির সাথে 0.5 মিলি হারে টিল্ট 250 ইসি এবং রিপকর্ড 10 ইসি প্রতি লিটার পানিতে 1 মিলি হারে মিশিয়ে সমস্ত ফল ভালভাবে ভিজিয়ে স্প্রে করতে হবে। সারের নাম গাছের বয়স 1-2 বছর 3-5 বছর 6 বছর বা তদুর্দ্ধ গোবর (কেজি) 10-15 20-30 40 ইউরিয়া (গ্রাম) 150-200 250-400 500 টিএসপি (গ্রাম) 150-200 250-400 500 এম পি (গ্রাম) 150-200 250-400 500"
fruit,guava,পেয়ারা,260,intercultural,অন্যান্য পরিচর্যা,
fruit,guava,পেয়ারা,260,pest_disease,পেয়ারার এ্যানথ্রাকনোজ রোগ দমন,"পেয়ারা গাছের পাতা, কাণ্ড, শাখা-প্রশাখা এ রোগে আক্রান্ত হয়ে থাকে। কলিটোট্রিকাম গ্লয়োসপিরিডিস নামক ছত্রাক পেয়ারার এ্যানথ্রাকনোজ রোগের কারণ। প্রথমে পেয়ারার গায়ে ছোট ছোট রঙের দাগ দেখা যায়। দাগগুলো ক্রমান্বয়ে বড় হয়ে পেয়ারার গায়ে ক্ষতের সৃষ্টি করে। আক্রান্ত ফল পরিপক্ক হলে অনেক সময় ফেটে যায়। তাছাড়া এ রোগে আক্রান্ত ফলের শাঁস শক্ত হয়ে যায়। গাছের পরিত্যক্ত শাখা-প্রশাখা, ফল এবং পাতায় এ রোগের জীবাণু বেঁচে থাকে। বাতাস ও বৃষ্টির মাধ্যমে পেয়ারার এ্যানথ্রাকনোজ রোগ ছড়ায়।"
fruit,guava,পেয়ারা,260,pest_disease,প্রতিকার, গাছের নিচে ঝরে পড়া পাতা ও ফল সংগ্রহ করে পুড়িয়ে ফেলতে হবে।  গাছে ফল ধরার পর নোইন প্রতি লিটার পানিতে 2 গ্রাম অথবা টিল্ট-250 ইসি প্রতি লিটার পানিতে 0.5 মিলি হারে মিশিয়ে 15 দিন অন্তর অন্তর 3-4 বার ভালভাবে স্প্রে করে এ রোগ দমন করা যায়।
fruit,guava,পেয়ারা,260,pest_disease,উইল্ট বা ঢলে পড়া রোগ দমন,ফিউজেরিয়াম নামক মাটি বাহিত ছত্রাকের আক্রমণে এ সমস্যা হয়। প্রথমে পাতা হলুদ হয়ে আসে এবং পরে শুকিয়ে যায়। এভাবে পাতার পর শাখা-প্রশাখা এবং ধীরে ধীরে সমস্ত গাছই 8-10 দিনের মধ্যে নেতিয়ে মারা যায়।
fruit,guava,পেয়ারা,260,pest_disease,প্রতিকার, এ রোগের কোন প্রতিকার নেই। তাই একে প্রতিরোধের ব্যবস্থা করতে হবে।  মাঠে/বাগানে পানি নিষ্কাশনের সুব্যবস্থা করতে হবে।  রোগ প্রতিরোধ ক্ষমতা সম্পন্ন আদিজোড় যেমন- এল 49 ও পলি-পেয়ারার সাথে কলম করে এ রোগের আক্রমণ প্রতিরোধ করা যায়।  বাগানের মাটিতে অম্লত্বের পরিমাণ কমানোর জন্য চুন প্রয়োগ করতে হবে।
fruit,guava,পেয়ারা,260,pest_disease,সাদা মাছি পোকা দমন,সাধারণত শীতকালে এদের আক্রমণে পাতায় সাদা সাদা তুলার মত দাগ দেখা যায়। এরা পাতার রস শুঁষে গাছকে দুর্বল করে। রস শোষণের সময় পাতায় মধু সদৃশ বিষ্ঠা ত্যাগ করে যার উপর স্যুটিমোল্ড নামক ছত্রাক জন্মে। এতে পাতার খাদ্য উৎপাদন ক্ষমতা হ্রাস পায়।
fruit,guava,পেয়ারা,260,pest_disease,প্রতিকার, আক্রান্ত পাতা ও ডগা ছাঁটাই করে ধ্বংস করতে হবে।  ইমিডা ক্লোপ্রিড গ্রুপের কীটনাশক (ইমিটাফ বা অন্য নামের) প্রতি লিটার পানিতে 0.5 মিলি হারে মিশিয়ে 10 দিন অন্তর 2-3 বার স্প্রে করতে হবে।
fruit,jujube,কুল,264,soil_climate,জলবায়ু ও মাটি,উষ্ণ ও শুষ্ক জলবায়ু কুল চাষের জন্য সর্বোত্তম। এতে কুলের ফলন ও গুণগতমান দুই-ই ভাল হয়। তবে কুলের পরিবেশ উপযোগিতা ব্যাপক বিধায় আর্দর ও ঠাণ্ডা আবহাওয়ায় সফলভাবে এর চাষ করা সম্ভব। উঁচু সুনিষ্কাশিত বেলে দোআঁশ অথবা দোআঁশ মাটি কুল চাষের জন্য সবচেয়ে উপযোগী। তবে সব ধরনের মাটিতেই কুলের চাষ করা যায়। অন্যান্য প্রধান ফল ও ফসলের জন্য উপযোগী নয় এ ধরনের অনুর্বর জমিতে এমনকি উপক‚লীয় লবণাক্ত জমিতেও সন্তোষজনকভাবে কুলের চাষ করা সম্ভব।
fruit,jujube,কুল,264,sowing_method,বংশবিস্তার,"দু’ভাবে বংশবিস্তার করা যায়, বীজ থেকে এবং কলম তৈরি করে। কলমের চারা উত্তম কারণ এতে বংশগত গুণাগুণ অক্ষুণ্ন থাকে। বীজ থেকে চারা পেতে হলে বীজকে ভিজা গরম বালির ভেতর দেড় থেকে দুই মাস রেখে দিলে চারা তাড়াতাড়ি গজাবে, না হলে 6-8 সপ্তাহ সময় লেগে যাবে। অন্যদিকে, কলমের চারা পেতে হলে নির্বাচিত স্থানে বীজ বপন ও চারা তৈরি করে তার উপর ‘বাডিং’ এর মাধ্যমে কলম করে নেয়াই শ্রেয়। বলয় (Ring), তালি (Patch) অথবা T-বাডিং যে কোন পদ্ধতিতেই বাডিং করা যায়। তালি, চোখ কলম অপেক্ষা সহজ। বাডিং করার জন্য চারার রুটস্টক বয়স 3 মাস থেকে 1 বছর পর্যন্ত হতে পারে। মধ্য-চৈত্র থেকে বৈশাখ (এপ্রিল-মে) বাডিং করার উপযুক্ত সময়। এক্ষেত্রে সায়ন (Scion) সংগ্রহের উদ্দেশে নির্বাচিত জাত এবং রুটস্টক উভয়েরই পুরানো ডাল-পালা ফাল্গুন থেকে মধ্য চৈত্র (ফেব্রুয়ারি-মার্চ) মাসে ছাঁটাই করে দিতে হয়। অতঃপর নতুন শাখাকে বাডিং-এর কাজে লাগাতে হয়।"
fruit,jujube,কুল,264,sowing_method,জমি তৈরি ও চারা রোপণ,"বাগান আকারে গাছ লাগাতে হলে গভীরভাবে চাষ দিয়ে জমি তৈরি করা উচিত। এতে দীর্ঘজীবী আগাছা দমন হবে। বাড়ির আশে-পাশে, পুকুর পাড়ে কিংবা রাস্তার ধারে গাছ লাগালে চাষ না দিয়ে সরাসরি গর্ত করে কুলের চারা লাগানো যায়। চারা লাগানোর জন্য 5-6 মিটার দূরত্বে 1 × 1 × 1 মিটির আকারের গর্ত তৈরি করতে হবে। চারা রোপণের 10-15 দিন পূর্বে প্রতি গর্তে 25 কেজি পচা গোবর, 250 গ্রাম টিএসপি, 250 গ্রাম এমওপি এবং 250 গ্রাম জিপসাম সার প্রয়োগ করে মাটির সাথে মিশিয়ে গর্ত বন্ধ করে রাখতে হবে। জ্যৈষ্ঠ-আষাঢ় ও ভাদ্র-আশ্বিন মাস চারা রোপণের উপযুক্ত সময়। চারা রোপণের পূর্বে গর্তের মাটি কোদাল দিয়ে ওলট-পালট করে নিতে হবে। রোপণের পর চারাটিকে একটি শক্ত খুঁটির সাথে বেঁধে দিতে হবে এবং গোড়ায় পানি দিতে হবে ।"
fruit,jujube,কুল,264,fertilizer,সার প্রয়োগ,"সুষ্ঠু বৃদ্ধি ও অধিক ফলনশীলতার জন্য গাছে নিয়মিত সার প্রয়োগ অপরিহার্য। সারের মাত্রা নির্ভর করে গাছের বয়স ও মাটির ঊর্বরতার উপর। বিভিন্ন বয়সের গাছে সারের মাত্রা। এছাড়া, অঞ্চলভিত্তিক যেসব সারের অধিক ঘাটতি রয়েছে সে সব সারও প্রয়োগ করতে হবে। উল্লিখিত সার সমান দুই কিস্তিতে জ্যৈষ্ঠ এবং আশ্বিন মাসে প্রয়োগ করতে হবে। সার মাটির সাথে ভালভাবে মেশাতে হবে এবং প্রয়োজনে সেচ দিতে হবে। বাড়ির আঙ্গিনা, পুকুর বা রাস্তার ধারে লাগানো গাছে শাবল দ্বারা গর্ত করে তাতে সার প্রয়োগ করা যেতে পারে। গাছের গোড়া থেকে কতটুকু দূরে এবং কতদূর পর্যন্ত সার প্রয়োগ করা যাবে তা নির্ভর করে গাছের বয়সের উপর। সাধারণত পূর্ণ বয়স্ক গাছের গোড়া থেকে 1-1.5 মিটার দূর থেকে শুরু করে 3.5 মিটার পর্যন্ত সার প্রয়োগ করা হয়।"
fruit,jujube,কুল,264,irrigation,পানি সেচ ও পরিচর্যা,শুষ্ক মৌসুমে বিশেষত চারা গাছে এবং বয়স্ক গাছে ফলের বাড়ন্ত অবস্থায় অগ্রহায়ণ-পৌষ মাসে সেচ দিলে ফলন ও ফলের গুণগত মান বৃদ্ধি পায়। চাষ দিয়ে বা কোদাল দিয়ে কুপিয়ে কুল বাগানের আগাছা নিয়ন্ত্রণ করতে হবে।
fruit,jujube,কুল,264,intercultural,ডালপালা ছাঁটাই,"নতুন রোপণকৃত বা কলমকৃত গাছে আদিজোড় হতে উৎপাদিত কুঁশি ভেঙ্গে দিতে হবে। গাছটির অবকাঠামো মজবুত করার লক্ষ্যে গোড়া থেকে 1 মিটার উঁচু পর্যন্ত কোন ডালপালা রাখা চলবে না। এক থেকে দেড় মিটার উপরে বিভিন্ন দিকে ছড়ানো 4-5টি শাখা রাখতে হবে যাতে গাছটির সুন্দর একটি কাঠামো তৈরি হয়। কুল গাছে সাধারণত চলতি বছরের নতুন গজানো প্রশাখায় ভাল ফল ধরে। এজন্য প্রতিবছর ফল আহরণের পরপরই ডাল ছাঁটাই আবশ্যক। চারা রোপণের বা কুঁড়ি সংযোজনের পর 3/4 বছর মধ্যম ছাঁটাই অর্থাৎ শুধুমাত্র প্রশাখা এবং শাখার মাথার দিক থেকে 50-60 সেমি পরিমাণ ছাঁটাই করতে হবে। গাছ কাঙ্ক্ষিত আকারে আসার পর এক বছর বয়সী ডাল গোড়ার দিকে 20-30 সেমি পরিমাণ রেখে সম্পূর্ণ ডাল ছেঁটে দিতে হবে। এছাড়া মরা, দুর্বল, রোগাক্রান্ত এবং এলোমেলোভাবে বিন্যস্ত ডালও ছেঁটে দিতে হবে।"
fruit,jujube,কুল,264,harvest,ফল সংগ্রহ,জাত অনুসারে মধ্য-পৌষ থেকে মধ্য-চৈত্র (জানুয়ারি থেকে মার্চ) মাসের মধ্যে ফল পাওয়া যায়। সঠিক পরিপক্ক অবস্থায় ফল সংগ্রহ করা খুবই গুরত্বপূর্ণ। অপরিপক্ক ফল আহরণ করা হলে তা কখনই কাঙ্ক্ষিত মানসম্পন্ন হবে না। অতিরিক্ত পাকা ফল নরম এবং মলিন বর্ণের হয়ে যায়। এতে ফলের সংরক্ষণ গুণ কমে যায় এবং ফল দ্রুত নষ্ট হয়ে যায়। ফল যখন হালকা হলুদ বা সোনালী বর্ণ ধারণ করবে এবং এর গন্ধ ও স্বাদ কাঙ্ক্ষিত অবস্থায় পৌঁছবে তখন কুল সংগ্রহ করতে হবে। সংগ্রহকালে যাতে ফলের গায়ে ক্ষত না হয় এবং ফল ফেটে না যায় সেদিকে সতর্ক দৃষ্টি রাখতে হবে। সকাল বা বিকেলের ঠাণ্ডা আবহাওয়া ফল আহরণের জন্য অধিক উপযোগী।
fruit,jujube,কুল,264,intercultural,অন্যান্য পরিচর্যা,
fruit,jujube,কুল,264,pest_disease,কুল গাছের পাউডারী মিলডিউ রোগ দমন,"কুলের পাউডারী মিলডিউ একটি মারাত্মক রোগ। এই রোগের আক্রমণে ফলন হ্রাস পায়। অয়ডিয়াম প্রজাতির ছত্রাক দ্বারা এ রোগ হয়ে থাকে। গাছের পাতা, ফুল ও কচি ফল পাউডারী মিলডিউ রোগে আক্রান্ত হয়। আক্রান্ত ফুল ও ফল গাছ হতে ঝরে পড়ে। গাছের পরিত্যক্ত অংশ এবং অন্যান্য পোষক উদ্ভিদে এ রোগের জীবণু বেঁচে থাকে এবং বাতাসের মাধ্যমে বিস্তার লাভ করে। উষ্ণ ও ভেজা আবহাওয়ায় বিশেষ করে মেঘাচ্ছন্ন অবস্থায় এ রোগ দ্রুত বিস্তার লাভ করে।"
fruit,jujube,কুল,264,pest_disease,প্রতিকার,"গাছে ফুল দেখা দেয়ার পর থিওভিট, কুমুলাস ডিএফ নামক ছত্রাক নামক প্রতি লিটার পানিতে 2 গ্রাম অথবা টিল্ট 250 ইসি প্রতি লিটার পানিতে 0.5 মিলি মিশিয়ে 10- 15 দিন পর পর 2-3 বার স্প্রে করতে হবে। গাছের বয়স গাছপ্রতি সারের পরিমাণ গোবর (কেজি) ইউরিয়া (গ্রাম) টিএসপি (গ্রাম) এমওপি (গ্রাম) 1-2 বছর 10 300 250 250 3-4 বছর 15 500 400 400 5-6 বছর 20 750 700 700 7-8 বছর 25 1000 850 850 9 বা তদুর্ধ্ব 30 1250 1000 1000"
fruit,litchi,লিচু,267,soil_climate,মাটি,"গভীর, নিকাশযুক্ত, ঊর্বর বেলে অথবা দোআঁশ মাটি লিচু চাষের জন্য উত্তম।"
fruit,litchi,লিচু,267,land_preparation,জমি তৈরি,উঁচু ও মাঝারী উঁচু জমি নির্বাচন করতে হবে। চাষ ও মই দিয়ে জমি সমতল এবং আগাছামুক্ত করে নিতে হবে।
fruit,litchi,লিচু,267,sowing_method,রোপণ প্রণালী,সমতল ভূমিতে- বর্গাকার ও পাহাড়ী ভূমিতে- কন্টুর পদ্ধতি।
fruit,litchi,লিচু,267,sowing_method,চারা নির্বাচন,এক থেকে দুই বছর বয়স্ক সুস্থ ও সবল গুটি কলমের চারা বাছাই করতে হবে।
fruit,litchi,লিচু,267,sowing_time,চারা রোপণের সময়,জ্যৈষ্ঠ-আষাঢ় (মধ্য-মে থেকে মধ্য-জুলাই) এবং ভাদ্র-আশ্বিন (মধ্য-আগস্ট থেকে মধ্য-অক্টোবর) মাস।
fruit,litchi,লিচু,267,spacing,চারা রোপণের দূরত্ব,8 মিটার।
fruit,litchi,লিচু,267,other,গর্ত তৈরি,গর্তের আকার 1 × 1 × 1 মিটার।
fruit,litchi,লিচু,267,fertilizer,গর্তে সারের পরিমাণ,চারা রোপণের 10-15 দিন পূর্বে গর্ত তৈরি করে প্রতি গর্তে নিম্নরূপ সার প্রয়োগ করতে হবে। গর্তে কিছুটা পুরাতন লিচু বাগানের মাটি মিশিয়ে দিলে চারার অভিযোজন দ্রুত বৃদ্ধি হবে।
fruit,litchi,লিচু,267,fertilizer,সারের নাম সারর পরিমাণ/গর্ত,টিএসপি 500 গ্রাম এমওপি 400 গ্রাম জিপসাম 200-300 গ্রাম জিংক সালফেট 40-60 গ্রাম জৈব/গোবর 20-25 কেজি
fruit,litchi,লিচু,267,sowing_method,চারা রোপণ,"গর্ত ভর্তির 10-15 দিন পর চারাটি গোড়ার মাটির বলসহ গর্তের মাঝখানে সোজাভাবে লাগাতে হবে। চারা রোপণের পর পানি, খুঁটি ও বেড়ার ব্যবস্থা করতে হবে।"
fruit,litchi,লিচু,267,fertilizer,গাছে সার প্রয়োগ,"গাছের যথাযথ বৃদ্ধি ও কাঙ্ক্ষিত ফলনের জন্য সার প্রয়োগ করা আবশ্যক। গাছের বয়স বৃদ্ধির সাথে সাথে সারের পরিমাণও বাড়াতে হবে। বিভিন্ন বয়সের গাছের জন্য প্রয়োজনীয় সারের পরিমাণ নিচের ছকে দেয়া হল: উল্লিখিত সার সমান তিন কিস্তিতে প্রয়োগ করতে হবে। প্রথম কিস্তি বর্ষার শুরুতে (ফল আহরণের পর), দ্বিতীয় কিস্তি বর্ষার শেষে (আশ্বিন-কার্তিক মাসে) এবং শেষ কিস্তি গাছে ফুল আসার পর প্রয়োগ করতে হবে।"
fruit,litchi,লিচু,267,irrigation,পানি সেচ ও নিকাশ,"চারা গাছের বৃদ্ধির জন্য শুকনো মৌসুমে 10-15 দিন পর পর সেচ দিতে হবে। ফলন্ত গাছের বেলায় সম্পূর্ণ ফুল ফোঁটা পর্যায়ে একবার, ফল মটর দানার মত হলে একবার এবং এর 15 দিন পর আর একবার মোট তিনবার সেচের ব্যবস্থা করতে হবে। সার প্রয়োগের পর সেচ দেয়া একান্ত দরকার। অপরদিকে, বর্ষার সময় যাতে গাছের গোড়ায় পানি জমে না থাকে তার জন্য পানি নিকাশের ব্যবস্থা নিতে হবে।"
fruit,litchi,লিচু,267,intercultural,ডাল ছাঁটাইকরণ,পূর্ণ বয়স্ক গাছে পর্যাপ্ত আলো বাতাস প্রবেশের জন্য ফল সংগ্রহের পর অপ্রয়োজনীয় ডালপালা কেটে ফেলতে হবে। ফল সংগ্রহের সময় লিচুর মাকড় আক্রান্ত ডাল ভেঙ্গে পুড়িয়ে ফেলতে হবে।
fruit,litchi,লিচু,267,other,গাছের মুকুল ভাঙ্গন,কলমের গাছের বয়স 3 বছর পূর্ণ না হওয়া পর্যন্ত মুকুল ভেঙ্গে দিতে হবে।
fruit,litchi,লিচু,267,harvest,ফল সংগ্রহ,"ফল পাকার সময় খোসা আকর্ষণীয় খয়েরী, লাল বা সবুজ মিশ্রিত লাল রং ধারণ করে ও খোসার কাটাগুলি চ্যাপ্টা হয়ে সমান হয়ে যায়। মঞ্জরীর গোড়া থেকে পাতাসহ ডাল ভেঙ্গে থোকায় থোকায় লিচু সংগ্রহ করা হয়। বৃষ্টির পর পরই গাছ থেকে ফল সংগ্রহ করা উচিত নয়। কারণ এতে ফল পচে যাওয়ার সম্ভাবনা থাকে। ফল সংগ্রহের সময় ফলবান ও ফল বিহীন বিশেষ করে লিচু মাকড়াক্রান্ত পাতাসহ ডাল ভেঙ্গে দিতে হয়। যথাযথ পরিচর্যা পেলে লিচু গাছ 100 বছর পর্যন্ত লাভজনক ফল দিতে পারে। একটি পূর্ণ বয়স্ক লিচু গাছ থেকে বছরে 5000-10000 (100-150 কেজি) লিচু সংগ্রহ করা যায়।"
fruit,litchi,লিচু,267,other,অন্যান্য প্রযুক্তি,লিচু রপ্তানির জন্য এর গুণগতমান ভালো হওয়া দরকার। সেজন্য উৎপাদন এবং শস্য সংগ্রহোত্তর প্রযুক্তি যথাযথ ব্যবহার করা দরকার। নিচে রপ্তানির জন্য উৎপাদন ও শস্য সংগ্রহোত্তর প্রযুক্তি দেয়া হলো।
fruit,litchi,লিচু,267,other,লিচু উৎপাদন প্রযুক্তি,বোরন ও দস্তার অভাব থাকলে অন্যান্য অনুমোদিত সারের সাথে প্রতিটি গাছে 20 গ্রাম জিঙ্ক সালফেট এবং 10 গ্রাম বরিক এসিড (লিচুর আঁটি শক্ত হওয়ার পর্যায়ে) গাছের গোড়ায় মাটির সাথে মিশিয়ে দিতে হবে। ফেব্রুয়ারি থেকে মে মাস পর্যন্ত নিয়মিত রিং বেসিন পদ্ধতিতে গাছের গোড়ায় সেচ দিতে হবে। লিচুর পোকা দমনের জন্য ফল মটর দানার আকার হলে নাইলনের তৈরি জাল দিয়ে লিচুর গোছা বেঁধে দিতে হবে অথবা প্রতিটি থোকা ব্যাগিং করতে হবে।
fruit,litchi,লিচু,267,harvest,সংগ্রহোত্তর প্রযুক্তি,লিচু পাকার পর পাতা ও বোঁটাসহ সম্ভব হলে কাচি বা সিকেচার দিয়ে কেটে সংগ্রহ করে একটি ছায়াযুক্ত স্থানে রাখতে হবে। নষ্ট ও কাঁচা লিচু বাদ দিয়ে ভালো মানের ফল গোছা আকারে ঝুড়িতে যথেষ্ট পরিমাণ পাতা দিয়ে রাখতে হবে। এরপর যত তাড়াতাড়ি সম্ভব কোল্ড স্টোরেজের প্যাকিং কক্ষে আনতে হবে। সারের নাম গাছের বয়স (বছর) 1-4 5-10 11-20 20 এর উর্ধ্বে গোবর (কেজি) 10 20 30 50 ইউরিয়া (গ্রাম) 300 800 1200 2000 টি এস পি (গ্রাম) 400 1200 2000 3000 এমওপি (গ্রাম) 300 800 1200 1500 জিপসাম (গ্রাম) 100 200 250 300 জিংক সালফেট (গ্রাম) 10 20 30 50 এখানে আর একবার ফল বাছাই করতে হবে। ফলের সাথে 5 থেকে 10 মিলিমিটার বোঁটা রেখে ছিদ্রযুক্ত পলিইথাইলিন ব্যাগে করোগেটেড ফাইবার কার্টুনে ভরে 15 ডিগ্রি সেন্টিগ্রেড তাপমাত্রা ও 95% আপেক্ষিক আর্দ্রতায় 24 ঘণ্টা রাখতে হবে। এভাবে 1 কেজি লিচুর জন্য 4টি ব্যাগের প্রয়োজন। তারপর কার্টুনগুলো ঠাণ্ডাযুক্ত গাড়িতে করে রপ্তানির জন্য বিমানবন্দরে পাঠাতে হবে।
fruit,litchi,লিচু,267,intercultural,অন্যান্য পরিচর্যা,
fruit,litchi,লিচু,267,pest_disease,ফল ছিদ্রকারী পোকা,"ফল ছিদ্রকারী পোকা লিচুর অন্যতম প্রধান শত্রু। ফলের বাড়ন্ত অবস্থায় পূর্ণ বয়স্ক পোকা ফলের বোঁটার কাছে খোসার নিচে ডিম পাড়ে। ডিম থেকে কীড়া বের হয়ে বোঁটার নিকট দিয়ে ফলের ভিতরে ঢুকে বীজ খেতে থাকে। এতে অনেক অপরিপক্ক ও পরিপক্ক ফল ঝরে যায়। এছাড়া, বীজ খাওয়ার ফলে করাতের গুড়ার মত পদার্থ উৎপন্ন হয় এবং বোঁটার কাছে জমে থাকে। এতে ফল খাওয়ার অনুপযোগী হয়ে পড়ে এবং বাজার মূল্য হ্রাস পায়।"
fruit,litchi,লিচু,267,pest_disease,দমন ব্যবস্থা,বাগান পরিষ্কার পরিচ্ছন্ন রাখতে হবে। আক্রান্ত ফল বাগান থেকে কুড়িয়ে মাটির গভীরে পুঁতে ফেলতে হবে। এ পোকা দমনের জন্য রিপকর্ড/সিমবুশ/সুমিসাইডিন/ ডেসিস প্রতি লিটার পানিতে 1 মিলি হারে মিশিয়ে ফলের মার্বেল অবস্থা থেকে শুরু করে 15 দিন পর পর 2-3 বার স্প্রে করতে হবে। তবে মনে রাখতে হবে ফল সংগ্রহের অন্তত 15 দিন পূর্বে শেষ স্প্রে করতে হবে।
fruit,litchi,লিচু,267,pest_disease,লিচুর মাইট বা মাকড়,"লিচু গাছের পাতা, ফুল ও ফলে এর আক্রমণ দেখা যায়। আক্রান্ত পাতা কুঁকড়িয়ে যায় এবং এর নিচের দিকে লাল মখমলের মত হয়ে যায় এবং দুর্বল হয়ে মরে যায়। আক্রান্ত ডালে ফুল, ফল বা নতুন পাতা হয় না এবং আক্রান্ত ফুলে ফল হয় না।"
fruit,litchi,লিচু,267,pest_disease,দমন ব্যবস্থা,ফল সংগ্রহের সময় মাকড় আক্রান্ত পাতা ডালসহ ভেঙ্গে পুড়িয়ে ফেলতে হবে। মাকড় নাশক ভার্টিমেক প্রতি লিটার পানিতে 2 মিলি পরিমাণ মিশিয়ে নতুন পাতায় 15 দিন পর পর 2-3 বার স্প্রে করলে ভাল ফল পাওয়া যায়।
fruit,litchi,লিচু,267,other,বাদুর,লিচুর প্রধান শত্রু বাদুর। এরা পরিপক্ক ফলে আক্রমণ করে। ফল বৃদ্ধিপ্রাপ্ত অবস্থায় এক রাতের অসাবধানতায় এরা সমস্ত ফল বিনষ্ট করে ফেলতে পারে। মেঘলা রাতে বাদুরের উপদ্রব ব্যাপকভাবে বৃদ্ধি পায়।
fruit,litchi,লিচু,267,pest_disease,দমন ব্যবস্থা,বাদুর তাড়ানোর জন্য রাতে পাহারার ব্যবস্থা করতে হবে। সমস্ত গাছ জালের সাহায্যে ঢেকে দিয়েও বাদুরের আক্রমণ রোধ করা যায়। বাগানে গাছের উপর দিয়ে শক্ত ও চিকন সুতা বা তার টাঙ্গিয়ে রাখলে বাদুরের চলাচল বাঁধাগ্রস্ত হয়।
fruit,coconut,নারিকেল,270,soil_climate,মাটি,নারিকেল গাছের জন্য নিকাশযুক্ত দোআঁশ থেকে বেলে দোআঁশ মাটি উত্তম।
fruit,coconut,নারিকেল,270,sowing_time,রোপণের সময়,মধ্য-জ্যৈষ্ঠ থেকে মধ্য-আশ্বিন (জুন থেকে সেপ্টেম্বর) মাস।
fruit,coconut,নারিকেল,270,spacing,রোপণের দূরত্ব,6 × 6 মিটার হিসেবে হেক্টরপ্রতি 278টি চারার প্রয়োজন হয়।
fruit,coconut,নারিকেল,270,other,গর্তের পরিমাপ,1 × 1 × 1 মিটার।
fruit,coconut,নারিকেল,270,fertilizer,সারের পরিমাণ,নিম্নরূপ হারে গর্তে সার প্রয়োগ করতে হয়
fruit,coconut,নারিকেল,270,sowing_method,চারা রোপণ ও পরিচর্যা,গর্তের মাঝখানে নারিকেল চারা এমনভাবে রোপণ করতে হবে যাতে নারিকেলের খোসা সংলগ্ন চারার গোড়ার অংশ মাটির উপরে থাকে। চারা রোপণের সময় মাটি নিচের দিকে ভালভাবে চাপ দিতে হয় যাতে চারাটি শক্তভাবে দাঁড়িয়ে থাকতে পারে। রোপণের পর চারায় খুঁটি ও বেড়ার ব্যবস্থা করতে হবে এবং পানি দিতে হবে।
fruit,coconut,নারিকেল,270,fertilizer,গাছে সার প্রয়োগ,"নারিকেল গাছে প্রচুর সারের প্রয়োজন হয়। গাছের বয়স বাড়ার সাথে সাথে সারের পরিমাণও বাড়াতে হয়। অন্যান্য সারের তুলনায় নারিকেল গাছে পটাশ জাতীয় সারের মাত্রা বেশি লাগে। এ সারের অভাবে ফল দেরিতে আসে, ফুল ঝরে যায় ও রোগের প্রকোপ বাড়ে। প্রতি বছর নিম্নলিখিত হারে সার প্রয়োগ করতে হবে। দুই কিস্তিতে সার প্রয়োগ করতে হবে। প্রথম কিস্তিতে অর্ধেক সার মধ্য-বৈশাখ থেকে মধ্য-জ্যৈষ্ঠ (মে) মাসে এবং দ্বিতীয় কিস্তিতে বাকি অর্ধেক সার মধ্য ভাদ্র থেকে মধ্য আশ্বিন (সেপ্টেম্বর) মাসে গাছের গোড়া থেকে চতুর্দিকে 1.0 মিটার জায়গা বাদ দিয়ে 1.0-2.5 মিটার দূর পর্যন্ত মাটিতে 20 -30 সেমি গভীরে প্রয়োগ করতে হবে। সার দেয়ার পর মাটি কুপিয়ে দিতে হবে। এ সময় মাটিতে রস কম থাকলে অবশ্যই সেচ দেয়া প্রয়োজন। বেশি বৃষ্টিপাত বা বেশি শুষ্কতার সময় সার প্রয়োগ ঠিক হবে না।"
fruit,coconut,নারিকেল,270,irrigation,পানি সেচ ও নিষ্কাশন,নারিকেল ফসলের উপর সেচ ও নিষ্কাশনের ভূমিকা গুরুত্বপূর্ণ। পরীক্ষালব্ধ ফলাফল থেকে দেখা গেছে যে সঠিকভাবে সেচ দিলে ফলন 75% পর্যন্ত বেড়ে যায়। শুষ্ক মৌসুমে 10-15 দিন পর পর এবং গাছে সার প্রয়োগের পর পানি সেচ দিতে হবে। বেসিন এবং প্লাবন এ দুই পদ্ধতির সাহায্যে সেচ প্রদান করা যায়। তবে প্লাবন পদ্ধতিতে ফলন ভাল হয়। বর্ষা মৌসুমে গাছের গোড়ায় যেন পানি দাঁড়াতে না পারে তার জন্য পানি নিষ্কাশনের ব্যবস্থা করা দরকার।
fruit,coconut,নারিকেল,270,other,গাছ পরিষ্কার করা বা ঝুড়ানো,নারিকেল গাছের তাজা পাতা কাটা সম্পূর্ণ নিষিদ্ধ। গাছের পাতা হলুদ হয়ে শুকিয়ে স্বাভাবিকভাবেই ঝরে পড়বে। তবে গাছের মাথায় অতিরিক্ত ময়লা-আবর্জনা জমলে বা গণ্ডার পোকায় আক্রান্ত হলে তা অবশ্যই পরিষ্কার করতে হবে। আমাদের দেশে নারিকেল উৎপাদিত এলাকায় বছরে একবার নারিকেল গাছ পরিষ্কার করার প্রচলন রয়েছে এবং অনেকেই তা আবশ্যক মনে করেন। প্রকৃতপক্ষে অনভিজ্ঞ লোক দ্বারা গাছ পরিষ্কার করা হলে তা ক্ষতিগ্রস্ত হওয়ার সম্ভাবনা থাকে।
fruit,coconut,নারিকেল,270,harvest,ফল সংগ্রহ,ফুল ফোটার 11-12 মাস পর ফল সংগ্রহের উপযোগী হয়। ডাব হিসেবে খাওয়ার জন্য 5-7 মাস বয়সী ফল সংগ্রহ করা হয়। সারা বছরই কম বেশি নারিকেল সংগ্রহ করা যায়। তবে বছরে দু’বার (ফাল্গুন-জ্যৈষ্ঠ) এবং (ভাদ্র-কার্তিক) মাসে বেশির ভাগ গাছ থেকে নারিকেল সংগ্রহ করা হয়। নারিকেল পরিপক্ক হলে বাদামী রং ধারণ করে এবং ঝাঁকি দিলে পানি নড়ে।
fruit,coconut,নারিকেল,270,fertilizer,সারের নাম সারের পরিমাণ/গর্ত,টিএসপি 250 গ্রাম এমওপি 400 গ্রাম গোবর 20-30 কেজি জিংক সালফেট 100 গ্রাম বোরিক এসিড 50 গ্রাম
fruit,coconut,নারিকেল,270,fertilizer,সারের নাম গাছের বয়স (বছর),
fruit,coconut,নারিকেল,270,other,1-4 5-7 8-10 11-15 16-20 20 এর উর্ধ্বে,গোবর (কেজি) 10 15 20 25 30 40 ইউরিয়া (গ্রাম) 200 400 800 1000 1200 1500 টিএসপি (গ্রাম) 100 200 400 500 600 750 এমওপি(গ্রাম) 400 800 1500 2000 2500 3000 জিপসাম (গ্রাম) 100 200 250 350 400 500 জিংক সালফেট(গ্রাম) 40 60 80 100 150 200 বোরিক এসিড (গ্রাম) 10 15 20 30 40 50
fruit,mandarin,কমলা,272,sowing_method,চারা উৎপাদন,"যৌন ও অযৌন উভয় পদ্ধতিতেই কমলার বংশ বিস্তার করা যায়। কমলার বীজ থেকে চারা উৎপাদন করা যেতে পারে। কমলার বীজ থেকে একাধিক চারা পাওয়া যায়, যার মধ্যে একটি যৌন ও বাকিগুলো অযৌন। তুলনামূলকভাবে সতেজ ও মোটা চারাসমূহ অযৌন চারা বা নিউসেলার চারা হিসেবে পরিচিত। গুটি কলম, চোখ বারি কমলা-2 কলম ও জোড় কলম এর মাধ্যমে অযৌন চারা উৎপাদন করা যায়। কমলা উৎপাদনের জন্য রোগ প্রতিরোধী আদিজোড়ের উপর কলমকৃত অযৌন চারা উত্তম।"
fruit,mandarin,কমলা,272,land_preparation,জমি তৈরি,জমির আগাছা পরিষ্কার করতে হবে। সমতল ভূমিতে আড়াআড়ি চাষ ও মই দিয়ে এবং পাহাড়ি অঞ্চলে কোদালের সাহায্যে জমি তৈরি করতে হবে। জমি তৈরির পর উভয় দিকে 4-5 মিটার দূরত্বে 60 × 60 × 60 সেমি আকারে গর্ত তৈরি করতে হবে। গর্তের মাটি তুলে পাশে রেখে দিতে হবে। বর্ষার পূর্বে গর্ত মাটি দিয়ে ভর্তি করে রাখতে হবে। কমলা চাষের নির্বাচিত জমি পাহাড়ি হলে সেখানে 30-50 মিটার দূরত্বে 2-4টি বড় গাছ রাখা যেতে পারে। তবে বড় গাছ কাটলে শিকড়সহ তুলে ফেলতে হবে। তারপর পাহাড়ের ঢাল অনুসারে নকশা তৈরি করে নিতে হবে।
fruit,mandarin,কমলা,272,other,মাদা তৈরি,"চারা রোপণের 15-20 দিন পূর্বে উভয় দিকে 4-5 মিটার দূরত্বে 75 সেমি × 75 সেমি × 75 সেমি মাপের গর্ত করতে হবে। প্রতি গর্তে 15 কেজি পচা গোবর, 3-5 কেজি ছাই, 250 গ্রাম টিএসপি, 250 গ্রাম এমওপি এবং 250 গ্রাম চুন গর্তের উপরের মাটির সাথে ভালভাবে মিশিয়ে গর্ত ভরাট করতে হবে। গর্ত ভরাট করার 10-15 দিন পর চারা রোপণ করতে হবে।"
fruit,mandarin,কমলা,272,sowing_time,চারা রোপণ পদ্ধতি ও সময়,সমতল ভূমিতে বর্গাকার কিংবা ষড়ভুজাকার এবং পাহাড়ী জমিতে কন্টুর পদ্ধতিতে কলম রোপণ করতে হবে। চারা কলম রোপণের পর হালকা ও অস্থায়ী ছায়ার ব্যবস্থা করতে পারলে ভাল। বর্ষার শুরুতে অর্থাৎ বৈশাখ (মে-জুন) মাস কমলার চারা লাগানোর উপযুক্ত সময়। তবে সেচের ব্যবস্থা থাকলে যেকোন মৌসুমে কমলার চারা লাগানো যায়।
fruit,mandarin,কমলা,272,sowing_method,চারা রোপণ ও পরিচর্যা,সুস্থ সতেজ 1.0-1.5 বছর বয়সের চারা/কলম সংগ্রহ করে গর্তের মাঝখানে এমনভাবে রোপণ করতে হবে যেন চারার গোড়ার মাটির বলটি ভেঙ্গে না যায়। চারা রোপণের পর গাছের গোঁড়ার মাটি ভালভাবে চেপে দিয়ে হালকা সেচ দিতে হবে। রোপণের পর চারা যাতে হেলে না পড়ে সে জন্য শক্ত খুটি দিয়ে বেঁধে দিতে হবে।
fruit,mandarin,কমলা,272,fertilizer,গাছে সার প্রয়োগ,"গাছের যথাযথ বৃদ্ধির জন্য সময়মতো, সঠিক পরিমাণে এবং সঠিক পদ্ধতিতে সার প্রয়োগ করতে হবে। গাছের বয়স বৃদ্ধির সাথে সাথে সারের পরিমাণ বাড়াতে হবে। বয়সভেদে গাছপ্রতি সারের পরিমাণ নিম্নে দেওয়া হল। উপরোল্লিখিত সারের অর্ধেক ফল সংগ্রহের পর অর্থাৎ ডিসেম্বর মাসে এবং বাকি অর্ধেক ফল মার্বেল আকার ধারণ করার পর অর্থাৎ এপ্রিল মাসে প্রয়োগ করতে হবে। ফলবান গাছের ডালপালা যে পর্যন্ত বিস্তৃত হয়েছে তার নিচের জমি কোদাল দিয়ে হালকা করে কুপিয়ে সার প্রয়োগ করতে হবে। সাধারণত গাছের গোড়ার 30 সেমি এলাকায় কোন সক্রিয় শিকড় থাকে না, তাই সার প্রয়োগের সময় এই পরিমাণ স্থানে সার প্রয়োগ করা উচিত নয়।"
fruit,mandarin,কমলা,272,irrigation,পানি সেচ ও নিষ্কাশন,বয়স্ক গাছে খরা মৌসুমে 2-3টি সেচ দিলে কমলার ফলন ও গুণগত মান বৃদ্ধি পায়। ফলের বাড়ন্ত অবস্থায় সেচ দিলে ফলের আকার বড় ও রসযুক্ত হয়। গাছের গোড়ায় পানি জমলে মাটি বাহিত রোগের প্রকোপ বৃদ্ধি পায়। তাই অতিরিক্ত পানি নালার মাধ্যমে নিষ্কাশন করে দিতে হবে।
fruit,mandarin,কমলা,272,intercultural,ডালপালা ছাঁটাইকরণ,কমলা গাছের জন্য ডাল ছাঁটাই অপরিহার্য। গাছ লাগানোর পর ফল ধরার পূর্ব পর্যন্ত ধীরে ধীরে ডাল ছেঁটে গাছকে নির্দিষ্ট আকার দিতে হবে যাতে গাছ চারিদিকে ছড়াতে পারে। কারণ পার্শ্ব ডালগুলিতে ফল বেশি
fruit,mandarin,কমলা,272,fertilizer,গাছের বয়স (বছর) গোবর সার (কেজি) ইউরিয়া (গ্রাম) টিএসপি (গ্রাম) এমওপি (গ্রাম),1-2 10 200 100 150 3-4 15 300 150 200 5-10 20 500 400 300 10 এর অধিক 30 650 500 500 ধরে। কাণ্ডের এক মিটার উচ্চতা পর্যন্ত সব ডাল ছাঁটাই করতে হবে। ডাল ছাঁটাই করার পর ডালের কাটা অংশে বোর্দোপেস্টের প্রলেপ দিতে হবে।
fruit,mandarin,কমলা,272,pest_disease,আগাছা দমন,আগাছা কমলা গাছের বেশ ক্ষতি করে। গাছের গোড়ায় যাতে আগাছা জন্মাতে না পারে সেদিকে খেয়াল রাখতে হবে। গাছের উপরে পরগাছা ও লতাজাতীয় আগাছা থাকলে তা দূর করতে হবে।
fruit,mandarin,কমলা,272,harvest,ফল সংগ্রহ ও সংগ্রহোত্তর পরিচর্যা,ফল ভালভাবে পাকার পর অর্থাৎ কমলা বর্ণ ধারণ করলে সংগ্রহ করতে হবে। এতে ফলের মিষ্টতা বৃদ্ধি পায়। গাছ হতে ফল সংগ্রহ করার সময় লক্ষ্য রাখতে হবে ফলগুলোতে যাতে আঘাত না লাগে। তাজা ফল হিমাগারে সংরক্ষণ করলে 100 সে. তাপামাত্রায় ও 80-90% আপেক্ষিক আর্দ্রতায় 2 মাস পর্যন্ত এবং 5.60 সে. তাপমাত্রায় 3 মাস পর্যন্ত সংরক্ষণ করা যায়। তাজা ফল সংগ্রহের পর 13 শতাংশ তরল মোমের আবরণ দিয়ে সাধারণ তাপমাত্রায়ও 25 দিন পর্যন্ত সংরক্ষণ করা সম্ভব।
fruit,mandarin,কমলা,272,intercultural,অন্যান্য পরিচর্যা,
fruit,mandarin,কমলা,272,pest_disease,লিফ মাইনার পোকা,এটি লেবু জাতীয় ফসলের অন্যতম মারাত্মক শত্রু। সাধারণত গ্রীষ্ম ও শরৎকালে গাছে নতুন পাতা গজালে এ পোকার আক্রমণ লক্ষ্য করা যায়। এ পোকার কীড়াগুলো পাতার উপত্বকের ঠিক নিচের সবুজ অংশ খেয়ে আকা-বাঁকা সুড়ঙ্গের মত সৃষ্টি করে। পরবর্তী সময়ে পাতার কিনারার দিক মুড়ে পুত্তলীতে পরিণত হয়। আক্রমণের মাত্রা তীব্র হলে গাছের পাতা কুঁকড়ে যায় ও বিবর্ণ হয়ে শুকিয়ে ঝরে পড়ে। আক্রান্ত পাতায় ক্যাঙ্কার রোগ হয়। গাছ দুর্বল হয়ে যায় ও গাছের বৃদ্ধি ব্যাহত হয়।
fruit,mandarin,কমলা,272,pest_disease,প্রতিকার, পরিচ্ছন্ন চাষাবাদ করতে হবে। প্রাথমিক অবস্থায় লার্ভাসহ আক্রান্ত পাতা সংগ্রহ করে পুড়িয়ে ফেলতে হবে।  প্রতি লিটার পানিতে 0.25 মিলি এডমায়ার 200 এমএল বা 2 মিলি কিনালাক্স 25 ইসি মিশিয়ে 10-15 দিন পর পর 3-4 বার কচি পাতায় স্প্রে করতে হবে।
fruit,mandarin,কমলা,272,pest_disease,ফলের মাছি পোকা,পূর্ণাঙ্গ পোকা আধা পাকা ফলের ভিতরে ডিম পাড়ে। ডিম ফুটে লার্ভা বা কীড়া বের হয়ে ফলের শাঁস খেতে থাকে। পরবর্তী সময়ে আক্রান্ত স্থানে ছত্রাক ও ব্যাকটেরিয়া জন্মে। আক্রান্ত ফল পচে যায় এবং খাওয়ার অনুপযোগী হয়ে পড়ে।
fruit,mandarin,কমলা,272,pest_disease,প্রতিকার,আক্রান্ত ফল সংগ্রহ করে পুড়িয়ে ফেলতে হবে বা মাটির গভীরে পুঁতে ফেলতে হবে। ফল পরিপক্ক হওয়ার সাথে সাথে ফল সংগ্রহ করতে হবে। সেক্স ফেরোমন ফাঁদ দ্বারা পূর্ণাঙ্গ পুরুষ পোকা মারা যেতে পারে। আগস্ট মাস থেকে ফল সংগ্রহের পূর্ব পর্যন্ত বাগানে 10 মিটার অন্তর এ ফাঁদ ব্যবহার করতে হবে। ফ্রুট ব্যাগিং করে এ পোকাটি শতভাগ দমন করা যায়।
fruit,mandarin,কমলা,272,other,ড্যাম্পিং অফ,লেবুজাতীয় ফলের নার্সারির জন্য এটি একটি মারাত্মক রোগ। বীজ গজানোর পূর্বে বা পরে উভয় সময়েই এ রোগের আক্রমণ হতে পারে। এ রোগের আক্রমণে চারা গোড়ার দিকে পচে যায় এবং চারা মরে যায়। বর্ষা মৌসুমে এ রোগের প্রাদুর্ভাব বেশি হয়।
fruit,mandarin,কমলা,272,pest_disease,প্রতিকার,বীজতলায় প্রয়োজনের অতিরিক্ত সেচ দেয়া যাবে না এবং দ্রুত পানি নিকাশের ব্যবস্থা করতে হবে। বীজতলায় ঘন করে চারা লাগানো যাবে না।
fruit,mandarin,কমলা,272,other,গ্রিনিং,"কমলা ও মাল্টা জাতীয় গাছের গ্রিনিং একটি মারাত্মক ব্যাক্টেরিয়াজনিত রোগ। সাধারণত রোগাক্রান্ত গাছের পাতা দস্তার অভাবজনিত লক্ষণের ন্যায় হলদে রং ধারণ করে। পাতার শিরা দুর্বল হওয়া, পাতা কিছুটা কোঁকড়ানো ও পাতার সংখ্যা কমে আসা, গাছ ওপর থেকে নিচের দিকে মরতে থাকা ও ফলের সংখ্যা কমে যাওয়া হলো এ রোগের প্রধান লক্ষণ। এ রোগ সাইলিডবাগ নামক এক প্রকার পোকা দ্বারা সংক্রমিত হয়। রোগাক্রান্ত গাছ থেকে ডাল নিয়ে জোড় কলম, শাখা কলম বা গুটি কলম করলে নতুন গাছেও এ রোগ দেখা দেয়।"
fruit,mandarin,কমলা,272,pest_disease,প্রতিকার,মে থেকে অক্টোবর পর্যন্ত প্রতি মাসে একবার সুমিথিয়ন 50 ইসি প্রয়োগ করে এ রোগ বিস্তারকারী সাইলিডবাগ দমন করতে হবে। আক্রান্ত গাছ উঠিয়ে পুড়িয়ে ফেলতে হবে। বাগানের সঠিক ব্যবস্থাপনার মাধ্যমে গাছকে সুস্থ ও সবল রাখতে হবে।
fruit,mandarin,কমলা,272,other,গামোসিস,ফাইটোফথোরা নামক ছত্রাকের আক্রমণে এ রোগ হয়। রোগাক্রান্ত গাছের কাণ্ড ও ডাল বাদামী বর্ণ ধারণ করে। আক্রান্ত ডালে লম্বালম্বি ফাটল দেখা দেয় এবং ফাটল থেকে আঠা বের হতে থাকে। আক্রান্ত ডালের পাতা হলুদ হয়ে যায় এবং ডাল উপর দিক থেকে মরতে থাকে। কাণ্ড বা ডালের সম্পূর্ণ বাকল রিং আকারে নষ্ট হয়ে গাছ মারা যায়। মাটিতে অতিরিক্ত পানি জমে গেলে এ রোগের প্রাদুর্ভাব বেশি হয়। গাছের শিকড় ও গোড়ার বাকল ফেটে ক্ষতের সৃষ্টি হলে ক্ষতস্থানের ভিতর দিয়ে এ রোগের জীবাণু প্রবেশ করে।
fruit,mandarin,কমলা,272,pest_disease,প্রতিকার,"রোগ প্রতিরোধ ক্ষমতাসম্পন্ন আদিজোড়/রুট স্টক যেমন- রংপুর লাইম, রাফ লেমন, ক্লিওপেট্রা ম্যান্ডারিন, কাটা জামির প্রভৃতি ব্যবহার করতে হবে। পানি নিষ্কাশনের সুব্যবস্থা করা এবং গাছকে সবল ও সতেজ রাখা। মাটি সঁ্যাত সঁ্যাতে হতে না দেয়া এবং প্রয়োজনের অতিরিক্ত পানি সেচ না দেয়া। আক্রান্ত স্থান ছুঁরি দ্বারা চেছে বোর্দোপেস্ট এর প্রলেপ দেয়া (100 গ্রাম তুঁতে ও 100 গ্রাম চুন আলাদা পাত্রে গুলিয়ে পরিমিত পানিতে মিশিয়ে বোর্দোপেস্ট তৈরি করতে হবে)।"
fruit,mandarin,কমলা,272,other,ক্যাঙ্কার,"এটি একটি ব্যাকটেরিয়াজনিত রোগ। কমলা ও অন্যান্য লেবু জাতীয় ফলের কচি বাড়ন্ত কুঁড়ি, পাতা ও ফলে এ রোগের আক্রমণ বেশি হয়। আক্রান্ত পাতার উভয় পাশে খসখসে ক্ষতের সৃষ্টি হয়। ক্ষত অংশের চতুর্দিকে গোলাকার হলুদ কিনারা দেখা যায়। পাতা হলুদ হয়ে ঝরে পড়ে এবং আক্রান্ত ডগা উপর দিক থেকে মরতে থাকে। ফলের উপর আক্রমণ বেশি হলে ফল ফেটে যায় ও ঝরে পড়ে। ঘন ঘন বৃষ্টি হলে এ রোগের প্রকোপ বৃদ্ধি পায়। অতিরিক্ত বাতাস জনিত কারণে ও লিফ মাইনার পোকার আক্রমণে গাছের ফল ও পাতায় যে ক্ষতের সৃষ্টি হয় তার ভিতর দিয়ে জীবাণু প্রবেশ করে এ রোগের সৃষ্টি করে।"
fruit,mandarin,কমলা,272,pest_disease,প্রতিকার,বৃষ্টির মৌসুম আরম্ভ হওয়ার পূর্বেই বর্দোমিক্সার বা কুপ্রাভিট 50 ডব্লিউপি অথবা কপার অক্সিক্লোরাইড প্রয়োগ করতে হবে এবং সমগ্র বর্ষা মৌসুমে প্রতি মাসে একবার উল্লিখিত ছত্রাকনাশকগুলোর যে কোন একটি স্প্রে করতে হবে। আক্রান্ত ফল ও পাতা কেটে ফেলতে হবে এবং বাগানে জমে থাকা আবর্জনা পুড়িয়ে ফেলতে হবে। লিফ মাইনার নামক পোকা দমনের ব্যবস্থা নিতে হবে। যে অঞ্চলে বাতাস বেশি হয় সেখানকার বাগানের চারদিকে বাতাস প্রতিরোধক গাছ লাগাতে হবে।
fruit,mandarin,কমলা,272,pest_disease,ডাইব্যাক বা আগা মরা রোগ,কমলা গাছের জন্য এটি অত্যন্ত জটিল এবং মারাত্মক রোগ। বিভিন্ন প্রকার ছত্রাক দ্বারা এ রোগ হয়ে থাকে। সাধারণত রোগাক্রান্ত দুর্বল গাছ এবং মাটিতে রস ও খাদ্যোপাদানের স্বল্পতার জন্য এ রোগের প্রকোপ বৃদ্ধি পায়। আক্রান্ত গাছের পাতা ঝরে যায় ও আগা থেকে ডালপালা শুকিয়ে নিচের দিকে আসতে থাকে এবং আস্তে আস্তে পুরো গাছটিই মরে যায়।
fruit,mandarin,কমলা,272,pest_disease,প্রতিকার,পরিচর্যার মাধ্যমে গাছকে সবল ও সতেজ রাখা যায়। মরা ডাল 2.5 সেমি সবুজ অংশসহ কেটে ফেলা এবং কর্তিত অংশে বর্দোপেস্ট লাগাতে হবে। বছরে 1/2 বার গাছে কুপ্রাভিট 50 ডব্লিউপি অথবা কপার অক্সিক্লোরাইড প্রতি লিটার পানিতে 2 গ্রাম হারে মিশিয়ে স্প্রে করা প্রয়োজন।
fruit,mandarin,কমলা,272,other,ফলের খোসা মোটা ও রস কম,"জাতগত বৈশিষ্ট্যের কারণে, দস্তা বা ফসফরাসের ঘাটতি হলে এবং পরিপক্ক হওয়ার পূর্বেই ফল সংগ্রহ করা হলে এ সমস্যা হয়।"
fruit,mandarin,কমলা,272,pest_disease,প্রতিকার,সুষম সার প্রয়োগ করতে হবে। প্রতি লিটার পানিতে 2 গ্রাম জিঙ্ক অক্সাইড অথবা 5 গ্রাম জিঙ্ক সালফেট মিশিয়ে 10-15 দিন পর পর 3-4 বার পাতায় ও ফলে স্প্রে করতে হবে। অনুমোদিত জাতের চাষ করতে হবে।
fruit,sweet orange (malta),মাল্টা,278,land_preparation,জমি নির্বাচন ও তৈরি,সারাদিন রোদ পড়ে এবং বৃষ্টির পানি জমে না এমন উঁচু বা মাঝারী-উঁচু জমি মাল্টা চাষের জন্য নির্বাচন করতে হবে। নির্বাচিত জমিটি পর্যায়ক্রমিক চাষ ও মই দিয়ে জমি সমান করে নিতে হবে। জমি থেকে আগাছা পরিষ্কার করতে হবে এবং আশে পাশে উঁচু গাছ থাকলে তার ডালপালা ছেঁটে দিতে হবে।
fruit,sweet orange (malta),মাল্টা,278,sowing_method,রোপণ পদ্ধতি,সমতল ভূমিতে বর্গাকার বা ষড়ভুজী পদ্ধতিতে এবং পাহাড়ী এলাকায় কন্টুর পদ্ধতিতে চারা/কলম রোপণ করা হয়। সাধারণত মধ্য-বৈশাখ থেকে মধ্য-ভাদ্র (মে থেকে আগস্ট) মাসের মধ্যে মাল্টা চারা লাগানো উত্তম। তবে পানি সেচ নিশ্চিত করা গেলে বছরের অন্যান্য সময়ও চারা লাগানো যেতে পারে।
fruit,sweet orange (malta),মাল্টা,278,other,মাদা তৈরি,"চারা রোপণের 15-20 দিন পূর্বে উভয় দিকে 4.0 মিটার দূরত্বে 75 × 75 × 75 সেমি মাপের গর্ত করতে হবে। প্রতি গর্তে 15 কেজি কম্পোস্ট বা পচা গোবর, 3-5 কেজি ছাই, 250 গ্রাম টিএসপি, 250 গ্রাম এমওপি সার এবং 250 গ্রাম চুন গর্তের উপরের মাটির সাথে ভালভাবে মিশিয়ে গর্ত ভরাট করতে হবে। গর্ত ভরাট করার 10-15 দিন পর চারা রোপণ করতে হবে।"
fruit,sweet orange (malta),মাল্টা,278,sowing_method,চারা/কলম রোপণ,গর্তে সার প্রয়োগের 10-15 দিন পর নির্বাচিত চারা/কলমটি গর্তের মাঝখানে সোজাভাবে রোপণ করতে হবে। রোপণের পর খুঁটি দিয়ে চারা/কলমটি খুঁটির সাথে বেঁধে দিতে হবে। অতঃপর প্রয়োজনমতো পানি ও বেড়ার ব্যবস্থা করতে হবে।
fruit,sweet orange (malta),মাল্টা,278,fertilizer,সার প্রয়োগ,গাছের যথাযথ বৃদ্ধির জন্য সময়মতো সঠিক পরিমাণে এবং সঠিক পদ্ধতিতে সুষম সার প্রয়োগ করতে হবে। গাছের বয়স বৃদ্ধির সাথে সাথে সারের পরিমাণ বাড়াতে হবে। বয়স ভেদে গাছপ্রতি সারের পরিমাণ নিচে দেওয়া হলো। প্রতিবছর মধ্য-ফাল্গুন থেকে মধ্য-চৈত্র (মার্চ) বর্ষার পূর্বে মধ্য-বৈশাখ থেকে মধ্য-জ্যৈষ্ঠ (মে) এবং বর্ষার পর মধ্য-ভাদ্র থেকে মধ্য-আশ্বিন (সেপ্টেম্বর) মাসে তিন কিস্তিতে সার প্রয়োগ করা যেতে পারে। তবে সেচের ব্যবস্থা না থাকলে বর্ষার আগে ও পরে দুই কিস্তিতে সার প্রয়োগ করা ভাল।
fruit,sweet orange (malta),মাল্টা,278,fertilizer,গাছের বয়স গোবর সার ইউরিয়া টিএসপি এমওপি জিংক সালফেট বরিক এসিড,
fruit,sweet orange (malta),মাল্টা,278,other,(বছর) (কেজি) (গ্রাম) (গ্রাম) (গ্রাম) (গ্রাম) (গ্রাম),1-2 10-12 200-300 100-150 100-150 10 5 3-4 12-15 300-450 150-200 150-200 15 8 5-7 15-18 450-600 200-300 200-250 20 10 8-10 18-20 600-700 300-450 250-300 25 12 10 এর অধিক 20-25 750 500 450 30 15
fruit,sweet orange (malta),মাল্টা,278,pest_disease,আগাছা দমন,বর্ষার শেষে সার প্রয়োগের পর গাছের গোড়া থেকে একটু দূরে বিভিন্ন লতাপাতা বা খড় দ্বারা বৃত্তাকারে মালচ করে দিলে আগাছা দমনসহ শুষ্ক মৌসুমে আর্দ্রতা সংরক্ষিত হয়। সাধারণত বর্ষার শুরুতে ও বর্ষার শেষে সম্পূর্ণ বাগানে হালকা চাষ দিয়ে আগাছা পরিষ্কার করলে ভাল ফল পাওয়া যায়।
fruit,sweet orange (malta),মাল্টা,278,irrigation,সেচ প্রয়োগ,ভাল ফলনের জন্য খরার সময় বা শুষ্ক মৌসুমে নিয়মিত সেচ দেয়া একান্ত দরকার। বর্ষার সময় গাছের গোড়ায় যাতে পানি না জমে সে জন্য দ্রুত পানি নিষ্কাশনের ব্যবস্থা করতে হবে।
fruit,sweet orange (malta),মাল্টা,278,intercultural,ডাল ছাঁটাইকরণ,"মাল্টা গাছের জন্য ডাল ছাঁটাই অপরিহার্য। গাছ লাগানোর পর ফল ধরার পূর্ব পর্যন্ত ধীরে ধীরে ডাল ছেঁটে গাছকে নির্দিষ্ট আকার দিতে হবে যাতে গাছ চারিদিকে ছড়াতে পারে। কারণ পার্শ্ব ডালগুলিতে ফল বেশি ধরে। কাণ্ডের এক মিটার উচ্চতা পর্যন্ত সব ডাল ছাঁটাই করতে হবে। ডাল ছাঁটাই করার পর ডালের কাটা অংশে বোর্দোপেস্টের প্রলেপ দিতে হবে। এছাড়া পানি তেউড় বা Water sucker উৎপন্ন হওয়ামাত্র কেটে ফেলতে হবে। মরা, শুকনা এবং রোগ ও পোকামাকড় আক্রান্ত ডালপালা কেটে পরিষ্কার রাখতে হবে।"
fruit,sweet orange (malta),মাল্টা,278,other,ফল পাতলাকরণ ও ব্যাগিং,"বারি মাল্টা-1 এর গাছে প্রতিবছর প্রচুর সংখ্যক ফল আসে। সমস্ত ফল রাখা হলে ফল আকারে ছোট ও নিম্নমানের হয়। এজন্য প্রতি পুষ্পমঞ্জরীতে সুস্থ ও সতেজ দেখে দু’টি করে ফল রেখে বাকিগুলো ছোট থাকা অবস্থায়ই (মার্বেল অবস্থা) ছাঁটাই করা দরকার। কলমের গাছ প্রথম বা দ্বিতীয় বছর থেকে ফল দিতে শুরু করে। গাছের বৃদ্ধির জন্য 1ম বছর ফল না রাখাই ভাল, দ্বিতীয় বছর অল্প সংখ্যক ফল রাখা যেতে পারে। এভাবে পর্যায়ক্রমে গাছের অবস্থা বিবেচনা করে ফল রাখতে হবে। ফলের বর্ণ সবুজ হওয়ায় পাখি ও পোকার আক্রমণ কম হয়। তবে পরিপক্কতার পূর্বে ব্যাগিং করলে অবাঞ্ছিত পোকা মাকড়ের আক্রমণ রোধ করা যায়।"
fruit,sweet orange (malta),মাল্টা,278,harvest,ফল সংগ্রহ,"ফল পূর্ণতা প্রাপ্তির সাথে সাথে ফলের গাঢ় সবুজ বর্ণ হালকা সবুজ বা ফ্যাকাশে সবুজ হতে থাকে। বারি মাল্টা-1 সেপ্টেম্বর, অক্টোবর মাসে আহরণ করা হয়। পরিপক্ক ফল হাত অথবা জালিয্ক্তু বাঁশের কোটার সাহায্যে সংগ্রহ করা হয়। ফল সংগ্রহের পর আঘাতপ্রাপ্ত ও নষ্ট হওয়া ফলগুলো আলাদা করতে হবে। ভালোমানের ফলগুলো প্রয়োজনে গ্রেডিং করে পরিষ্কার কাপড় দিয়ে মুছে ঠাণ্ডা জায়গায় সংরক্ষণ করতে হবে।"
fruit,jara lemon,জারা লেবু,282,soil_climate,মাটি,লেবু হালকা দোআঁশ ও নিষ্কাশন সম্পন্ন মধ্যম অম্লীয় মাটিতে ভাল হয়।
fruit,jara lemon,জারা লেবু,282,other,মাদা তৈরি,"চারা রোপণ করার 15-20 দিন পূর্বে 2.5 × 2.5 বা 3 × 3 মিটার দূরত্বে 60 × 60 × 60 সেমি আকারের গর্ত করতে হবে। গর্তের উপরের মাটির সাথে 10-15 কেজি জৈব সার, 200 গ্রাম টিএসপি ও 200 গ্রাম এমওপি সার ভালভাবে মিশিয়ে গর্ত ভরাট করে তাতে পানি দিতে হবে। এই হিসেবে প্রতি হেক্টর জমিতে 1,111-1,600টি চারা দরকার হয়।"
fruit,jara lemon,জারা লেবু,282,sowing_method,রোপণ পদ্ধতি,লেবুর চারা সারি করে বা বর্গাকার প্রণালীতে লাগালে বাগানে আন্তঃপরিচর্যা ও ফল সংগ্রহ সহজ হয়। পাহাড়ী ঢালু জমিতে আড়াআড়ি ভাবে লাইন বা সারি করে চারা লাগালে মাটি ক্ষয় কম হয়।
fruit,jara lemon,জারা লেবু,282,sowing_time,রোপণ সময়,মে থেকে অক্টোবর মাস পর্যন্ত চারা লাগানোর উত্তম সময় তবে যদি সেচ সুবিধা থাকে তাহলে সারা বছরই চারা লাগানো যায়।
fruit,jara lemon,জারা লেবু,282,sowing_method,চারা/কলম রোপণ ও পরিচর্যা,মাদা তৈরি করার 15-20 দিন পর চারা বা কলম লাগাতে হয়। চারা গর্তের ঠিক মাঝখানে খাড়াভাবে লাগাতে হবে এবং চারার চারদিকের মাটি হাত দিয়ে চেপে ভালভাবে বসিয়ে দিতে হয়। তারপর চারাটি খুঁটির সাথে বেঁধে দিতে হবে এবং চারার গোড়ায় ঝাঝঁরি দিয়ে পানি দিতে হবে। প্রয়োজনে প্রতিটি চারায় পৃথকভাবে বেড়ার ব্যবস্থা করতে হবে।
fruit,jara lemon,জারা লেবু,282,fertilizer,গাছে সার প্রয়োগ,চারা লাগানোর পর ভাল ফলন পেতে হলে নিয়মিতভাবে সময়মতো সার প্রয়োগ করতে হবে। নিম্নে বয়স অনুপাতে গাছপ্রতি সারের পরিমাণ দেওয়া হল।
fruit,jara lemon,জারা লেবু,282,fertilizer_method,সার প্রয়োগ পদ্ধতি,"উল্লিখিত সার সমান তিন কিস্তিতে গাছের গোড়া হতে কিছু দূরে ছিটিয়ে কোদাল দ্বারা কুপিয়ে বা চাষ দিয়ে মাটির সাথে ভালভাবে মিশিয়ে দিতে হবে। পাহাড়ের ঢালে ডিবলিং পদ্ধতি অনুসরণ করতে হবে। প্রথম কিস্তি বর্ষার প্রারম্ভে (বৈশাখ-জ্যৈষ্ঠ), দ্বিতীয় কিস্তি মধ্য-ভাদ্র থেকে মধ্য-কার্তিক (সেপ্টেম্বর-অক্টোবর) মাসে এবং তৃতীয় কিস্তি মাঘ-ফাল্গুন (ফেব্রুয়ারি) মাসে প্রয়োগ করতে হবে।"
fruit,jara lemon,জারা লেবু,282,intercultural,অঙ্গ ছাঁটাই,"গাছের গোড়ার দিকে জল-শোষক শাখা বের হলেই কেটে ফেলতে হবে। এছাড়া, গাছের ভিতরের দিকে যে সব ডালাপালা সূর্যালোক পায় না সেসব দুর্বল ও রোগাক্রান্ত শাখা প্রশাখা নিয়মিত ছাঁটাই করে দিতে হবে। মধ্য-ভাদ্র গাছের বয়স (বছর) সারের নাম ও পরিমাণ পঁচা গোবর (কেজি) ইউরিয়া (গ্রাম) টিএসপি (গ্রাম) এমওপি (গ্রাম) জিপসাম (গ্রাম) জিংক (গ্রাম) বোরণ (গ্রাম) 1-2 25 250 250 250 100 25 50 3-5 30 500 400 250 150 30 60 6 এবং তদুর্ধ 40 500 400 400 200 40 75 থেকে মধ্য-কার্তিক (সেপ্টেম্বর-অক্টোবর) ছাঁটাই করার উপযুক্ত সময়। ছাঁটাই করার পর কর্তিত স্থানে বর্দোপেস্টের প্রলেপ দিতে হবে যাতে ছত্রাক আক্রমণ করতে না পারে।"
fruit,jara lemon,জারা লেবু,282,irrigation,পানি সেচ ও নিষ্কাশন,খরা মৌসুমে 2-3 বার সেচ প্রয়োগ করা দরকার। জলাবদ্ধতা সহ্য করতে পারে না বিধায় বর্ষা মৌসুমে বৃষ্টিপাতের সময় গাছের গোড়ায় যাতে পানি না জমে সেজন্য নালা করে পানি নিষ্কাশনের ব্যবস্থা করতে হয়।
fruit,jara lemon,জারা লেবু,282,intercultural,অন্যান্য পরিচর্যা,
fruit,jara lemon,জারা লেবু,282,pest_disease,লেবুর প্রজাপতি পোকা,এ পোকার কীড়া পাতা খেয়ে ফেলে। এজন্য ফলন ও গাছের বৃদ্ধি ব্যবহত হয়।
fruit,jara lemon,জারা লেবু,282,pest_disease,প্রতিকার, ডিম ও কীড়াযুক্ত পাতা সংগ্রহ করে মাটির নিচে পুঁতে বা পুড়িয়ে ফেলতে হবে।  সুমিথিয়ন 50 ইসি/লিবাসিড 5 ইসি 2 মিলি প্রতি লিটার পানিতে মিশিয়ে 10-15 দিন পরপর 2-3 বার প্রয়োগ করতে হবে।
fruit,lime (kagzi),কাগজীলেবু,284,soil_climate,জলবায়ু ও মাটি,"কাগজী লেবু উষ্ণ ও অবগ্রীষ্মমন্ডলীয় অঞ্চলের ফসল। সাধারণত উষ্ণ ও আর্দর জলবায়ুতে কাগজী লেবু ভাল জন্মে। গভীর দোআঁশ মাটি কাগজী লেবু চাষের জন্য সর্বোত্তম। তবে কাগজী লেবু গাছ রৌদ্রজ্জ্বল পরিবেশে ও সুনিষ্কাশন সম্পন্ন মধ্যম অম্লীয় মাটিতে ভাল হয়। এটি পাহাড়ী এলাকাসহ বাংলাদেশের সর্বত্র চাষযোগ্য। অতিরিক্ত আর্দ্র পরিবেশ কাগজী লেবুর জন্য ক্ষতিকর। সাধারণভাবে 250 থেকে 300 সে. তাপমাত্রায় এটির দৈহিক বৃদ্ধি সবচেয়ে ভাল হয়, 130 সে., এর নিচে এবং 400 সে. এর উপরে গাছের বৃদ্ধি ও ফলন ব্যাহত হয়।"
fruit,lime (kagzi),কাগজীলেবু,284,land_preparation,জমি নির্বাচন ও তৈরি,"রোদযুক্ত সুনিষ্কাশিত উঁচু জমি অথবা পুকুর, রাস্তা বা পাহাড়ের ঢাল লেবু চাষের জন্য উত্তম। বাণিজ্যিকভাবে চাষ করতে হলে জমি গভীরভাবে চাষ দিয়ে আগাছা ভাল ভাবে পরিস্কার করে জমি তৈরি করতে হয়। পাহাড়ী ঢালু জমিতে ঢালের অবস্থান বুঝে আগাছা পরিস্কার করার পর নির্দিষ্ট দুরত্বে গর্ত করে প্রয়োজনীয় সার প্রয়োগ করতে হবে। এখানে সমতল ভূমির মতো জমি চাষ দেয়ার প্রয়োজন নেই। চারা রোপণ করার 15-20 দিন পূর্বে 3 মিটার × 3 মিটার দূরত্বে 80 সে.মি. × 80 সে.মি. × 80 সে.মি. আকারের গর্ত করতে হবে। গর্তের উপরের মাটির সাথে 15-20 কেজি গোবর অথবা জৈব সার, 300 গ্রাম টিএসপি, 250 গ্রাম এমওপি, 200 গ্রাম জিপসাম ও 30 গ্রাম বোরিক এসিড ভালভাবে মিশিয়ে গর্ত ভরাট করে তাতে পানি দিতে হবে। তবে মাটি অধিক অম্লীয় হলে হেক্টর প্রতি 1 টন অথবা গর্ত প্রতি 1.5 কেজি ডলোচুন প্রয়োগ করতে হবে। উল্লিখিত রোপণ দূরত্ব হিসাবে প্রতি হেক্টর জমিতে প্রায় 1100 টি চারা দরকার।"
fruit,lime (kagzi),কাগজীলেবু,284,sowing_time,রোপণ পদ্ধতি ও রোপণ সময়,কাগজী লেবুর চারা সারি করে বা বর্গাকার প্রণালীতে লাগালে বাগানে আন্তঃপরিচর্যা ও ফল সংগ্রহ সহজ হয়। পাহাড়ী ঢালু জমিতে ঢালের আড়াআড়ি সারি করে চারা লাগালে মাটি ক্ষয় কম হয়। জুন থেকে আগস্ট মাস পর্যন্ত চারা লাগানোর উত্তম সময় তবে সেচ সুবিধা থাকেলে সারা বছর চারা লাগানো যায়।
fruit,lime (kagzi),কাগজীলেবু,284,sowing_method,চারা/কলম রোপণ ও পরিচর্যা,মাদা তৈরি করার 15-20 দিন পর চারা বা কলম লাগাতে হয়। চারা গর্তের ঠিক মাঝখানে খাড়াভাবে লাগাতে হবে এবং চারার চারদিকের মাটি হাত দিয়ে চেপে ভালভাবে বসিয়ে দিতে হয়। তারপর চারাটি খুঁটির সাথে বেঁধে দিতে হবে এবং চারার গোড়ায় ঝাঁঝরি দিয়ে পানি দিতে হবে। প্রয়োজনে প্রতিটি চারায় পৃথকভাবে বেড়ার ব্যবস্থা করতে হবে।
fruit,lime (kagzi),কাগজীলেবু,284,fertilizer,গাছে সার প্রয়োগ,চারা লাগানোর পর ভাল ফলন পেতে হলে নিয়মিতভাবে সময়মতো সার প্রয়োগ করতে হবে। নিম্নে বয়স অনুপাতে গাছ প্রতি সারের পরিমাণ দেওয়া হল।
fruit,lime (kagzi),কাগজীলেবু,284,fertilizer,গাছেরবয়স (বছর) সারের নাম ও পরিমাণ,উল্লিখিত সার সমান তিন কিস্তিতে গাছের গোড়া হতে 60 সেমি দূরে ছিটিয়ে কোদাল দ্বারা কুপিয়ে মাটির সাথে ভালভাবে মিশিয়ে দিতে হবে। পাহাড়ের ঢালে সার প্রয়োগের
fruit,lime (kagzi),কাগজীলেবু,284,other,ে,"ক্ষত্রে ডিবলিং পদ্ধতি অনুসরণ করতে হবে। প্রথম কিস্তি মাঘ-ফাল্গুন (ফেব্রুয়ারি) মাসে যখন ফল ধরা শুরু হয়, দ্বিতীয় কিস্তি বর্ষার প্রারম্ভে বৈশাখ থেকে জ্যৈষ্ঠ (মে-জুন) মাসে, এবং তৃতীয় কিস্তি মধ্য ভাদ্র থেকে মধ্য কার্তিক (সেপ্টেম্বর-অক্টোবর) মাসে প্রয়োগ করতে হবে। প্রতিবার সার প্রয়োগের পর পরই একটু হালকা পানি সেচ দিতে হবে যাতে করে সার মাটির সাথে মিশে যেতে পারে।"
fruit,lime (kagzi),কাগজীলেবু,284,pest_disease,আগাছা দমন,গাছের পর্যাপ্ত বৃদ্ধি ও ফলনের জন্য সবসময় জমি পরিষ্কার বা আগাছামুক্ত রাখতে হবে। বিশেষ করে গাছের গোড়া থেকে চারদিকে 1 মিটার পর্যন্ত জায়গা সবসময় আগাছামুক্ত রাখতে হবে।
fruit,lime (kagzi),কাগজীলেবু,284,irrigation,পানি ও সেচ নিষ্কাশন,চারা রোপণের পর ঝরণা দ্বারা বেশ কিছু দিন পর্যন্ত পানি সেচ দিতে হবে। সর্বোচ্চ ফলনের জন্য ফুল আসা ও ফলের বিকাশের সময় মাটিতে পর্যাপ্ত আর্দ্রতা থাকা আবশ্যক। এ জন্য খরা মৌসুমে কাগজী লেবু বাগানে
fruit,lime (kagzi),কাগজীলেবু,284,fertilizer,সারের নাম ও পরিমাণ,
fruit,lime (kagzi),কাগজীলেবু,284,pest_disease,পচা গোবর,
fruit,lime (kagzi),কাগজীলেবু,284,fertilizer,বোরন সার,
fruit,lime (kagzi),কাগজীলেবু,284,other,(গ্রাম),1-2 15 200 200 200 20 5 5 3-5 20 400 300 300 50 8 10 6 এবং তদুর্ধ 25 500 400 400 70 10 15 সেচ দেওয়া প্রয়োজন। বর্ষাকালে গাছের গোড়ায় যাতে পানি জমতে না পারে সেজন্য বৃষ্টি ও সেচের অতিরিক্ত পানি দ্রুত নিষ্কাশনের ব্যবস্থা করতে হবে।
fruit,lime (kagzi),কাগজীলেবু,284,intercultural,ডাল ছাঁটাইকরণ,গাছের গোড়ার দিকে জল-শোষক শাখা বের হলেই কেটে ফেলতে হবে। এছাড়া গাছের ভিতরের দিকে যে সব ডালাপালা সূর্যালোক পায়না সেসব দুর্বল ও রোগাক্রান্ত শাখা প্রশাখা নিয়মিত ছাটাই করে দিতে হবে। সেপ্টেম্বর-অক্টোবর মাস ছাঁটাই করার উপযুক্ত সময়। ছাঁটাই করার পর কর্তিত স্থানে বোর্দোপেস্টের প্রলেপ দিতে হবে যাতে ছত্রাক আক্রমণ করতে না পারে।
fruit,lime (kagzi),কাগজীলেবু,284,pest_disease,অনিষ্টকারী পোকামাকড় - রোগ বালাই ও দমন ব্যবস্থা,
fruit,lime (kagzi),কাগজীলেবু,284,pest_disease,পাতার সুড়ঙ্গ পোকা (সাইট্রাস লিফমাইনার),এ পোকার ক্ষুদ্র কীড়া পাতার উপত্বকের ঠিক নিচে আঁকাবাঁকা সুড়ঙ্গ তৈরি করে পাতায় ক্ষতের সৃষ্টি করে এবং পাতার সবুজ অংশ খেয়ে ফেলে। এতে করে পাতা কুঁকড়ে বিবর্ণ হয়ে শুকিয়ে ঝরে যায় এবং গাছের বৃদ্ধি বন্ধ হয়ে যায়। এ পোকা ক্যাংকার রোগ ছড়ায়।
fruit,lime (kagzi),কাগজীলেবু,284,pest_disease,দমন ব্যবস্থা,গাছে নতুন পাতা গজানোর সময় অথবা যখনই এ পোকার আক্রমণ দেখা যাবে তখন ইমিটাফ 20 এসএল প্রতি লিটার পানিতে 0.5 মিলি হারে মিশিয়ে 10-15 দিন অন্তর 2-3 বার স্প্রে করতে হবে।
fruit,lime (kagzi),কাগজীলেবু,284,other,সাইলিড বাগ,সাইলিড বাগ সকল প্রকার লেবু জাতীয় ফসলের একটি প্রধান সমস্যা। পূর্ণবয়স্ক সাইলিড বাগ সাধারণত 450 কোণে পাতার উপর বসে পাতার রস চুষে খায় এবং পাতার উল্টো পাশে ডিম পাড়ে। সাইলিড বাগ দ্বারা প্রধানত লেবু জাতীয় ফসলের গ্রীনিং রোগ ছড়ায়।
fruit,lime (kagzi),কাগজীলেবু,284,pest_disease,দমন ব্যবস্থা,এ পোকার আক্রমণ দেখা গেলে সাথে সাথেই ইমিডাক্লোপ্রিড গ্রুপের যেকোন কীটনাশক যেমন ইমিটাফ 20 এসএল প্রতি লিটার পানিতে 0.5 মিলি হারে মিশিয়ে 15 দিন অন্তর 2-3 বার স্প্রে করতে হবে।
fruit,lime (kagzi),কাগজীলেবু,284,pest_disease,লেবুর প্রজাপতি পোকা,এ পোকার কীড়া পাতা খেয়ে ফেলে। এজন্য ফলন ও গাছের বৃদ্ধি ব্যাহত হয়।
fruit,lime (kagzi),কাগজীলেবু,284,pest_disease,দমন ব্যবস্থা,ডিম ও কীড়াযুক্ত পাতা সংগ্রহ করে মাটির নিচে পুঁতে বা পুড়ে ফেলতে হবে। সুমিথিয়ন 50 ইসি অথবা লিবাসিড 5 ইসি প্রতি লিটার পানিতে 2 মিলি হারে মিশিয়ে 10-15 দিন পরপর 2-3 বার স্প্রে করতে হবে।
fruit,lime (kagzi),কাগজীলেবু,284,pest_disease,পাতা মোড়ানো পোকা,আগস্ট থেকে মার্চ মাস পর্যন্ত এ পোকার আক্রমণ বেশি দেখা যায়। বয়স্ক ও চারা উভয় প্রকার গাছই এ পোকা দ্বারা আক্রান্ত হয়। পোকার কীড়াগুলি চারা ও বয়স্ক গাছের কঁচি পাতা মুড়িয়ে তার ভিতর অবস্থান করে এবং পাতা খেয়ে ক্ষতি সাধন করে।
fruit,lime (kagzi),কাগজীলেবু,284,pest_disease,দমন ব্যবস্থা,এ পোকার আক্রমণ বেশি হলে সুমিথিয়ন 50 ইসি. প্রতি লিটার পানিতে 1 মিলি মিশিয়ে 10-15 দিন পরপর 1-2 বার গাছে স্প্রে করতে হবে। এছাড়া ফেব্রুয়ারি থেকে এপ্রিল মাসে প্রধানত গাছের নতুন কুঁড়ি এবং পাতায় জাব পোকার আক্রমণ দেখা যেতে পারে। এতে করে আক্রান্ত নতুন কুঁড়ি এবং পাতা কুঁকড়ে গিয়ে গাছের ক্ষতি হয়। এক্ষেত্রে আক্রমণ বেশি হলে ইমিটাফ 20 এসএল 0.5 মিলি হারে প্রতি লিটার পানিতে মিশিয়ে 10-15 দিন অন্তর 2-3 বার স্প্রে করতে হবে।
fruit,lime (kagzi),কাগজীলেবু,284,other,আগা মরা (ডাইব্যাক),আক্রান্ত গাছের পাতা ঝরে যায় ও আগা থেকে ডালপালা শুকিয়ে নিচের দিকে আসতে থাকে এবং আস্তে আস্তে সম্পূর্ণ গাছটিই মরে যায়।
fruit,lime (kagzi),কাগজীলেবু,284,pest_disease,প্রতিকার,পরিচর্যার মাধ্যমে গাছকে সবল ও সতেজ রাখতে হবে। আক্রান্ত ডালের 2.5 সেমি সবুজ অংশসহ কেটে কর্তিত অংশে বর্দোপেস্ট লাগাতে হবে। আক্রান্ত গাছে বছরে দু’একবার কপার সমৃদ্ধ ছত্রাকনাশক যেমন কুপ্রাভিট-50 ডব্লিউ পি অথবা কপার অক্সিক্লোরাইড প্রতি লিটার পানিতে 2 গ্রাম হারে মিশিয়ে স্প্রে করতে হবে।
fruit,lime (kagzi),কাগজীলেবু,284,other,গামোসিস,"এ রোগের আক্রমণে গাছের কাণ্ড, ডাল বাদামি রং এর হয়ে যায় ও ডালে লম্বালম্বি ফাটল দেখা দেয় এবং ফাটল থেকে আঠা বা কস বের হতে থাকে।"
fruit,lime (kagzi),কাগজীলেবু,284,pest_disease,প্রতিকার,"আক্রান্ত ডাল কেটে ফেলে অথবা আক্রান্ত অংশ চেচে ফেলে আলকাতরা অথবা বর্দোপেস্ট (100 গ্রাম কপার সালফেট বা তুঁতে, 100 গ্রাম চুন 1 লিটার পানিতে গুলিয়ে তৈরি করতে হবে) লাগাতে হবে। পানি নিষ্কাশনের সুব্যবস্থা করতে হবে এবং সেচের পানি যাতে গাছের গোড়ায় জমে না থাকে ও গাছের গোড়ার বাকল স্পর্শ করতে না পারে সেদিকে খেয়াল রাখতে হবে।"
fruit,lime (kagzi),কাগজীলেবু,284,other,ক্যাংকার,"এ রোগের আক্রমণে কচি পাতা, শাখা ও ফলে ধূসর বা বাদামি রংয়ের গুটি বসন্তের মত দাগ পড়ে। লিফ মাইনার পোকার দ্বারা এ রোগ সংক্রমিত হয় এবং ঘন ঘন বৃষ্টি হলে এ রোগের প্রকোপ বৃদ্ধি পায়।"
fruit,lime (kagzi),কাগজীলেবু,284,pest_disease,প্রতিকার,আক্রান্ত ডগা ও শাখা ছাঁটাই করতে হবে এবং কাটা অংশে আলকাতরা অথবা বর্দোপেস্ট এর প্রলেপ দিতে হবে। বর্ষা মৌসুমের শুরু থেকে শেষ পর্যন্ত কপার জাতীয় ছত্রাকনাশক যেমন কুপ্রাভিট-50 ডব্লিউ পি অথবা কপার অক্সিক্লোরাইড প্রতি লিটার পানিতে 2 গ্রাম হারে মিশিয়ে 15 দিন অন্তর স্প্রে করতে হবে। এছাড়া যেহেতু লিফ মাইনার পোকার দ্বারা এ রোগ ছড়ায় সেহেতু ক্ষত সৃষ্টিকারী এই লিফ মাইনার পোকা দমন করার জন্য ইমিটাফ 20 এসএল প্রতি লিটার পানিতে 0.5 মি. লি. হারে মিশিয়ে 15 দিন অন্তর 2-3 বার স্প্রে করে করতে হবে।
fruit,lime (kagzi),কাগজীলেবু,284,harvest,ফল সংগ্রহ ও সংগ্রহোত্তর পরিচর্যা,সারা বছরই কাগজী লেবু উৎপন্ন হয় তবে কাগজী লেবুর ফুল আসার প্রধান মৌসুম হল জানুয়ারি থেকে ফেব্রুয়ারি মাস এবং তা থেকে এপ্রিল হতে সেপ্টেম্বর মাস পর্যন্ত ফল আহরণ করা হয়। আবার অনেক সময় জুন-জুলাই মাসেও কিছু ফুল আসে এবং তা থেকে সেপ্টেম্বর হতে নভেম্বর মাস পর্যন্ত ফল আহরণ করা যায়। ফলের ত্বক তুলনামূলকভাবে মসৃণ ও ফলের রং গাঢ় সবুজ হতে কিছুটা হালকা হয়ে আসলে ফল সংগ্রহ করতে হবে। ফল সংগ্রহ করার পর প্রথমে বাছাই এর মাধ্যমে ভাল ও ত্রুটিপূর্ণ (বাজারজাতকরণের অনুপযোগী) ফলগুলো আলাদা করা হয়। তারপর ভাল ফলগুলো গ্রেডিং এর মাধ্যমে বিভিন্ন আকার অনুপাতে ভাগ করে বাজারজাত করা হয়।
fruit,sweet lime,মিষ্টিলেবু,287,land_preparation,জমি নির্বাচন ও তৈরি,সারাদিন রোদ পড়ে এবং বৃষ্টির পানি জমে না এমন উঁচু বা মাঝারী উঁচু জমি মিষ্টিলেবু চাষের জন্য নির্বাচন করতে হবে। নির্বাচিত জমিটি পর্যায়ক্রমিক চাষ ও মই দিয়ে জমি সমান করে নিতে হবে। জমি থেকে আগাছা পরিষ্কার করতে হবে এবং আশে পাশে উঁচু গাছ থাকলে তার ডালপালা ছেঁটে দিতে হবে।
fruit,sweet lime,মিষ্টিলেবু,287,sowing_time,রোপণ পদ্ধতি ও সময়,সমতল ভূমিতে বর্গাকার বা ষড়ভুজী পদ্ধতিতে এবং পাহাড়ী এলাকায় কন্টুর পদ্ধতিতে চারা/কলম রোপণ করা হয়। সাধারণত মধ্য-বৈশাখ থেকে মধ্য-ভাদ্র (মে-আগস্ট) মাসের মধ্যে মিষ্টিলেবুর চারা লাগানো উত্তম। তবে পানি সেচ নিশ্চিত করা গেলে বছরের অন্যান্য সময়ও কলম লাগানো যেতে পারে।
fruit,sweet lime,মিষ্টিলেবু,287,sowing_method,চারা/কলম রোপণ ও পরিচর্যা,গর্তে সার প্রয়োগের 10-15 দিন পর নির্বাচিত কলমটি গর্তের মাঝখানে সোজাভাবে রোপণ করতে হবে। রোপণের পরপর খুটি দিয়ে কলমটি খুটির সাথে বেঁধে দিতে হবে। অতঃপর প্রয়োজনমতো পানি ও বেড়ার ব্যবস্থা করতে হবে।
fruit,sweet lime,মিষ্টিলেবু,287,fertilizer,গাছে সার প্রয়োগ,"গাছের যথাযথ বৃদ্ধির জন্য সময়মত, সঠিক পরিমাণে এবং সঠিক পদ্ধতিতে সার প্রয়োগ করতে হবে। গাছের বয়স বৃদ্ধির সাথে সাথে সারের পরিমাণ বাড়াতে হবে। বয়সভেদে গাছপ্রতি সারের পরিমাণ নিম্নে দেওয়া হলো। প্রতিবছর মধ্য-ফাল্গুন থেকে মধ্য-চৈত্র (মার্চ), বর্ষার পূর্বে মধ্য-বৈশাখ থেকে মধ্য-জ্যৈষ্ঠ (মে) এবং বর্ষার পর মধ্য-ভাদ্র থেকে মধ্য-আশ্বিন (সেপ্টেম্বর) মাসে তিন কিস্তিতে সার প্রয়োগ করা যেতে পারে। তবে সেচের ব্যবস্থা না থাকলে বর্ষার আগে ও পরে দুই কিস্তিতে সার প্রয়োগ করা ভালো।"
fruit,sweet lime,মিষ্টিলেবু,287,pest_disease,আগাছা দমন ও মালচ প্রয়োগ,বর্ষার শেষে সার প্রয়োগের পর গাছের গোড়া থেকে একটু দূরে বিভিন্ন লতাপাতা বা খড় দ্বারা বৃত্তাকারে মালচ করে দিলে আগাছা দমনসহ শুষ্ক মৌসুমে আর্দ্রতা সংরক্ষিত হয়। সাধারণত বর্ষার শুরুতে ও বর্ষার শেষে সম্পূর্ণ বাগানে হালকা চাষ দিয়ে আগাছা পরিষ্কার করলে ভাল ফল পাওয়া যায়।
fruit,sweet lime,মিষ্টিলেবু,287,irrigation,পানি সেচ ও নিষ্কাশন,ভাল ফলনের জন্য খরার সময় বা শুষ্ক মৌসুমে নিয়মিত সেচ দেয়া একান্ত দরকার। বর্ষার সময় গাছের গোড়ায় যাতে পানি না জমে সে জন্য দ্রুত পানি নিষ্কাশনের ব্যবস্থা করতে হবে।
fruit,sweet lime,মিষ্টিলেবু,287,intercultural,ডাল ছাঁটাইকরণ,মিষ্টিলেবু গাছের জন্য ডাল ছাঁটাই অপরিহার্য। গাছ লাগানের পর ফল ধরার পূর্ব পর্যন্ত ধীরে ধীরে ডাল ছেঁটে গাছকে নির্দিষ্ট আকার দিতে হবে যাতে গাছ চারদিকে ছড়াতে পারে। কারণ পার্শব ডালগুলিতে ফল বেশি ধরে।
fruit,sweet lime,মিষ্টিলেবু,287,fertilizer,গাছের বয়স গোবর সার ইউরিয়া টিএসপি এমওপি জিংক সালফেট বোরিক এসিড,
fruit,sweet lime,মিষ্টিলেবু,287,other,(বছর) (কেজি) (গ্রাম) (গ্রাম) (গ্রাম) (গ্রাম) (গ্রাম),"1-2 10-12 200-300 100-150 100-150 10 10 3-4 12-15 300-450 150-200 150-200 15 12 5-7 15-18 450-600 200-300 200-250 20 15 8-10 18-20 600-700 300-450 250-300 25 18 10 20-25 750 500 450 30 22 এর অধিক কাণ্ডের 1 মিটার উচ্চতা পর্যন্ত সব ডাল ছাঁটাই করতে হবে। ডাল ছাঁটাই করার পর ডালের কাটা অংশে বর্দোপেস্টের প্রলেপ দিতে হবে। এছাড়া, পানি তেউড় বা Water sucker উৎপন্ন হওয়ামাত্র কেটে ফেলতে হবে। মরা, শুকনা এবং রোগ ও পোকামাকড় আক্রান্ত ডালপালা কেটে পরিষ্কার রাখতে হবে।"
fruit,sweet lime,মিষ্টিলেবু,287,other,ফল পাতলাকরণ ও ব্যাগিং,"‘বারি মিষ্টিলেবু-1’ এর গাছে প্রতিবছর প্রচুর সংখ্যক ফল আসে। সমস্ত ফল রাখা হলে ফল আকারে ছোট ও নিম্ন মানের হয়। এজন্য প্রতি পুষ্প মঞ্জরীতে সুস্থ ও সতেজ দেখে দু’টি করে ফল রেখে বাকিগুলো ছোট থাকা অবস্থায়ই (মার্বেল অবস্থা) ছাঁটাই করা দরকার। কলমের গাছ প্রথম বা দ্বিতীয় বছর থেকে ফল দিতে শুরু করে। গাছের বৃদ্ধির জন্য 1ম বছর ফল না রাখাই ভাল, দ্বিতীয় বছর অল্প সংখ্যক ফল রাখা যেতে পারে। এভাবে পর্যায়ক্রমে গাছের অবস্থা বিবেচনা করে ফল রাখতে হবে। ফলের বর্ণ সবুজ হওয়ায় পাখি ও পোকার আক্রমণ কম হয়। তবে পরিপক্কতার পূর্বে ব্যাগিং করলে অবাঞ্ছিত পোকামাকড়ের আক্রমণ রোধ করা যায়।"
fruit,pomelo,বাতাবিলেবু,290,soil_climate,মাটি,"সুনিষ্কাশিত গভীর, হালকা, দোআঁশ মাটি লেবু চাষের জন্য উত্তম। মধ্যম অম্লীয় মাটিতে বাতাবিলেবু ভাল জন্মে।"
fruit,pomelo,বাতাবিলেবু,290,land_preparation,জমি নির্বাচন ও তৈরি,পানি নিষ্কাশনের সুব্যবস্থা সম্পন্ন উঁচু ও মাঝারী উঁচু জমি বাতাবিলেবু চাষের জন্য উত্তম। জমি নির্বাচনের পর জমি চাষ দিয়ে আগাছামুক্ত করে চারা রোপণের জন্য গর্ত তৈরি করা প্রয়োজন।
fruit,pomelo,বাতাবিলেবু,290,other,কলম তৈরি ও নির্বাচন,পার্শ্বকলম ও গুটি কলমের মাধ্যমে বাতাবিলেবুর কলম তৈরি করা যায়। সাধারণত 8-10 মাস বয়সের বাতাবিলেবুর চারা বাডিং ও গ্রাফটিংয়ের জন্য আদিজোড় হিসেবে ব্যবহার করা হয়। রোপণের জন্য সোজা ও দ্রুত বৃদ্ধি সম্পন্ন কলম নির্বাচন করতে হবে।
fruit,pomelo,বাতাবিলেবু,290,sowing_time,রোপণের সময়,মধ্য জ্যৈষ্ঠ-মধ্য আশ্বিন (জুন-সেপ্টেম্বর) মাস চারা রোপণের উপযুক্ত সময়। তবে অধিক বৃষ্টিপাতের সময় কলম রোপণ না করাই ভাল। সেচ সুবিধা থাকলে সারা বছরই বাতাবিলেবুর চারা/কলম রোপণ করা চলে।
fruit,pomelo,বাতাবিলেবু,290,other,গর্ত তৈরি,"কলম রোপণের 15-20 দিন পূর্বে 6 × 6 মিটার দূরত্বে 60 × 60 × 50 সেমি আকারের গর্ত করে কয়েকদিন উন্মুক্ত অবস্থায় রেখে দিতে হয়। কলম রোপণের 10-15 দিন পূর্বে গর্তপ্রতি 15-20 কেজি পচা গোবর, 300 গ্রাম টিএসপি, 250-300 গ্রাম এমওপি ও 200 গ্রাম জিপসাম সার গর্তের মাটির সাথে ভালভাবে মিশিয়ে গর্ত বন্ধ করে রেখে দিতে হবে। মাটিতে রসের পরিমাণ কম থাকলে পানি সেচের ব্যবস্থা করতে হবে।"
fruit,pomelo,বাতাবিলেবু,290,sowing_method,কলম রোপণ,"গর্তে সার প্রয়োগের 15-20 দিন পর গোড়ার মাটিসহ নির্ধারিত কলমটি গর্তের মাঝখানে সোজাভাবে রোপণ করা হয়। রোপণের পর হালকা পানি সেচ, খুঁটি ও বেড়ার ব্যবস্থা করতে হবে।"
fruit,pomelo,বাতাবিলেবু,290,fertilizer,গাছে সার প্রয়োগ,বয়সভেদে গাছপ্রতি সারের পরিমাণ
fruit,pomelo,বাতাবিলেবু,290,fertilizer,সার গাছের বয়স,
fruit,pomelo,বাতাবিলেবু,290,other,1-2 বছর 3-4 বছর 5-10 বছর 10 বছরের উর্ধ্বে,গোবর (কেজি) 7-10 10-15 20-25 25-30 ইউরিয়া (গ্রাম) 175-225 270-300 500-600 600-700 টিএসপি (গ্রাম) 80-90 140-170 400-450 450-500 এমওপি (গ্রাম) 140-160 400-500 500-550 600-680
fruit,pomelo,বাতাবিলেবু,290,fertilizer_method,সার প্রয়োগ পদ্ধতি,"সার একেবারে গাছের গোড়ায় না দিয়ে যত দ‚র পর্যন্ত ডালপালা বিস্তার লাভ করে সে এলাকায় মাটির সাথে ভালভাবে মিশিয়ে দিতে হয়। উল্লিখিত সার 3 কিস্তিতে ফাল্গুন (ফেব্রুয়ারি), মধ্য-বৈশাখ থেকে মধ্য-জ্যৈষ্ঠ (মে) ও মধ্য আশ্বিন থেকে মধ্য-কার্তিক (অক্টোবর) মাসে প্রয়োগ করতে হবে।"
fruit,pomelo,বাতাবিলেবু,290,irrigation,পানি সেচ ও নিকাশ,ফুল আসা ও ফল ধরার সময় পানির অভাব হলে ফল ঝরে পড়া ও সূর্য পোড়া দাগ দেখা যায়। তাই শুষ্ক মৌসুমে 21 দিন পর পর 2-3টি সেচ দিলে ভাল ফলন পাওয়া যায়। বর্ষার সময় গাছের গোড়ায় যাতে পানি জমতে না পারে সে জন্য পানি নিকাশের ব্যবস্থা করতে হবে।
fruit,pomelo,বাতাবিলেবু,290,intercultural,অঙ্গ ছাঁটাই,"নতুন রোপণকৃত গাছে আদিজোড় হতে উৎপাদিত কুশি ভেঙ্গে দিতে হবে। গাছটির অবকাঠামো মজবুত করার লক্ষ্যে গোড়া থেকে 1 মিটার উঁচু পর্যন্ত কোন ডালপালা রাখা চলবে না। এক থেকে 1.5 মিটার উপরে বিভিন্ন দিকে ছড়ানো 4-5টি শাখা রাখতে হবে যাতে গাছটির সুন্দর একটি কাঠামো তৈরি হয়। প্রতি বছর ফল সংগ্রহের পর মরা, পোকা-মাকড় ও রোগাক্রান্ত ডাল ছাঁটাই করতে হয়। ডাল ছাঁটাইয়ের পর কর্তিত স্থানে অবশ্যই বর্দোপেস্টের প্রলেপ দিতে হবে। 100 গ্রাম তঁতে ও 100 গ্রাম চুন পরিমাণমত পানির সাথে ছিটিয়ে বর্দোপেস্ট তৈরি করতে হয়।"
fruit,pomelo,বাতাবিলেবু,290,harvest,ফল সংগ্রহ,ফল কিছুটা হলদে বর্ণ ধারণ করলে মধ্য-ভাদ্র থেকে মধ্য-কার্তিক (সেপ্টেম্বর থেকে নভেম্বর) ফল সংগ্রহ করা যায়। বাতাবিলেবু পাকার পরও দীর্ঘ দিন গাছে সংরক্ষণ (Tree storage) করা যায়।
fruit,satkara (Citrus macroptera),সাতকরা,291,soil_climate,জলবায়ু ও মাটি,"যথেষ্ট বৃষ্টিপাত হয় এমন আর্দ্র ও উঁচু পাহাড়ী অঞ্চলে সাতকরা ভাল জন্মে। ঊর্বর, গভীর সুনিষ্কাশিত এবং মৃদু অম্লভাবাপন্ন বেলে দোআঁশ মাটি সাতকরা চাষের জন্য উত্তম। এঁটেল মাটির পানি নিষ্কাশন ক্ষমতা কম হওয়ায় সাতকরা চাষের অনুপযোগী। সাতকরা উৎপাদনের জন্য বার্ষিক 1500-2500 মিলি মিটার বৃষ্টিপাত এবং 25-300 সে. গড় তাপমাত্রা উপযোগী। সাতকরা চাষের জন্য মাটির অম্লত্ব মান (pH) 5.5-6.0।"
fruit,satkara (Citrus macroptera),সাতকরা,291,sowing_method,বংশ বিস্তার,বীজ এবং অঙ্গজ দুই ভাবেই সাতকরার বংশ বিস্তার হয়। অঙ্গজ উপায়ে জোড় কলম (ভিনিয়ার ও ক্লেফট গ্রাফটিং) ও কুঁড়ি সংযোজন (টি-বাডিং) পদ্ধতি ব্যবহার করা হয়।
fruit,satkara (Citrus macroptera),সাতকরা,291,land_preparation,জমি নির্বাচন ও তৈরি,"সাতকরার জন্য ঊর্বর, গভীর, সুনিষ্কাশিত এবং মৃদু অম্লভাবাপন্ন বেলে দোআঁশ মাটি সম্বলিত উঁচু জমি নির্বাচন করতে হবে। তৈরির পূর্বে জমি হতে আগাছা ও অন্যান্য অপ্রয়োজনীয় গাছপালা অপসারণ করতে হবে। সমতল ভূমিতে আড়াআড়ি চাষ ও মই দিয়ে এবং পাহাড়ি অঞ্চলে কোদালের সাহায্যে জমি তৈরি করতে হবে। পার্বত্য অঞ্চলে পাহাড়ের ঢালে ধাপ বা অর্ধচন্দ্রাকৃতি আকারের বেড তৈরি করে সাতকরার চারা লাগাতে হবে।"
fruit,satkara (Citrus macroptera),সাতকরা,291,sowing_method,"গর্ত তৈরি, চারা/কলম রোপণ ও পরিচর্যা","রোপণের 15-20 দিন পূর্বে উভয় দিকে 5-6 মিটার দূরত্বে 75 × 75 × 75 সেমি মাপের গর্ত করতে হবে। প্রতি গর্তে 15 কেজি কম্পোস্ট বা পচা গোবর, 3-5 কেজি ছাই, 500 গ্রাম টিএসপি, 250 গ্রাম এমওপি এবং 250 গ্রাম চুন গর্তের উপরের মাটির সাথে ভালভাবে মিশিয়ে গর্ত ভরাট করে পানি দিতে হবে। গর্ত ভর্তি করার 10-15 দিন পর গর্তের মাঝখানে 1 বছর বয়সের নির্বাচিত চারাটি সোজাভাবে লাগিয়ে গোড়ার মাটি সামান্য চেপে দিতে হয় এবং লাগানোর পরপরই খুঁটি ও পানি দেয়ার ব্যবস্থা করতে হয়। বৈশাখ-জ্যৈষ্ঠ এবং ভাদ্র-আশ্বিন মাস সাতকরার চারা/কলম রোপণের উপযুক্ত সময়।"
fruit,satkara (Citrus macroptera),সাতকরা,291,intercultural,ডাল ছাঁটাই,"নতুন রোপণকৃত গাছে আদিজোড় হতে উৎপাদিত কুঁশি ভেঙ্গে দিতে হবে। গাছটির অবকাঠামো মজবুত করার লক্ষ্যে গোড়া থেকে 1 মিটার উঁচু পর্যন্ত কোন ডালপালা রাখা চলবে না। এক থেকে দেড় মিটার উপরে বিভিন্ন দিকে ছড়ানো 4-5টি শাখা রাখতে হবে যাতে গাছটির সুন্দর একটি কাঠামো তৈরি হয়। প্রতি বছর ফল সংগ্রহের পর মরা, পোকা-মাকড় ও রোগাক্রান্ত ডাল ছাঁটাই করতে হয়। ডাল ছাঁটাইয়ের পর কর্তিত স্থানে অবশ্যই বোর্দোপেস্টের প্রলেপ দিতে হবে।"
fruit,satkara (Citrus macroptera),সাতকরা,291,fertilizer,সার প্রয়োগ,"গাছের যথাযথ বৃদ্ধির জন্য সময়মতো, সঠিক পরিমাণে এবং সঠিক পদ্ধতিতে সার প্রয়োগ করতে হবে। সাতকরার জন্য প্রতি বছর পচা গোবর, ইউরিয়া, টিএসপি এবং এমওপি সার প্রয়োগ করতে হবে। গাছের বয়স বৃদ্ধির সাথে সাথে সারের পরিমাণ বাড়াতে হবে। বয়সভেদে গাছপ্রতি সারের পরিমাণ নিম্নে দেয়া হলো: সার একেবারে গাছের গোড়ায় না দিয়ে যত দ‚র পর্যন্ত গাছের ডালপালা বিস্তার লাভ করে সে এলাকায় মাটির সাথে ভালভাবে মিশিয়ে দিতে হয়। উল্লিখিত সার 3 কিস্তিতে ফাল্গুন (ফেব্রুয়ারি), মধ্য বৈশাখ থেকে মধ্য-জ্যৈষ্ঠ (মে) ও মধ্য-আশ্বিন থেকে মধ্য-কার্তিক (অক্টোবর) মাসে প্রয়োগ করতে হয়।"
fruit,satkara (Citrus macroptera),সাতকরা,291,pest_disease,আগাছা দমন,"গাছের স্বাভাবিক বৃদ্ধির জন্য জমিকে আগাছামুক্ত রাখা দরকার, বর্ষার শুরুতে ও বর্ষার শেষে হালকাভাবে কোদাল দ্বারা কুপিয়ে বা চাষ দিয়ে আগাছা দমনের ব্যবস্থা করতে হবে।"
fruit,satkara (Citrus macroptera),সাতকরা,291,irrigation,সেচ ও নিষ্কাশন,বয়স্ক গাছে খরা মৌসুমে 2-3টি সেচ দিলে সাতকরার ফলন ও গুণগত মান বৃদ্ধি পায়। গাছের গোড়ায় পানি জমলে মাটি বাহিত রোগের প্রকোপ বৃদ্ধি পায়। তাই অতিরিক্ত পানি নালার মাধ্যমে নিষ্কাশন করে দিতে হবে।
fruit,satkara (Citrus macroptera),সাতকরা,291,harvest,ফল সংগ্রহ,পরিপক্ক হলে সাতকরা হালকা সবুজ বর্ণ ধারণ করে এবং এর খোসা তুলনামূলকভাবে মসৃণ হয়ে আসে। গাছ হতে ফল সংগ্রহ করার সময় লক্ষ্য রাখতে হবে ফলগুলোতে যাতে আঘাত না লাগে। সার গাছের বয়স 1-2 বছর 3-4 বছর 5-10 বছর 10 বছরের উর্ধ্বে গোবর (কেজি) 7-10 10-15 20-25 25-30 ইউরিয়া (গ্রাম) 175-225 270-300 500-600 600-700 টিএসপি (গ্রাম) 80-90 140-170 400-450 450-500 এমওপি (গ্রাম) 140-160 400-500 500-550 600-680
fruit,hog plum,আমড়া,294,soil_climate,মাটি ও জলবায়ু,"গভীর, সুনিষ্কাশিত, ঊর্বর দোআঁশ মাটি আমড়া চাষের জন্য উত্তম। আমড়া চাষে উঁচু ও মাঝারী উঁচু জমি নির্বাচন করতে হবে। গ্রীষ্ম মন্ডলীয় জলবায়ুতে আমড়া ভাল হয়। বাংলাদেশের মাটি ও জলবায়ু আমড়া চাষের জন্য বিশেষভাবে উপযোগী।"
fruit,hog plum,আমড়া,294,sowing_method,বংশবিস্তার,বীজ বা কলমের মাধ্যমে আমড়ার বংশবিস্তার করা হয়। পরিপক্ক আমড়া বীজ থেকে শাঁস ছাড়িয়ে নিয়ে বালিতে রোপণ করতে হয়। চারা গজানোর পর ছোট অবস্থায় চারাগুলো তুলে কম্পোস্ট ও ভিটি বালি মিশ্রিত অন্য টবে স্থানান্তর করতে হয়। একটি বীজ থেকে এক বা একাধিক চারা হতে পারে। কম্পোস্ট ও ভিটিবালি মিশ্রিত টবে একবারে বীজ লাগিয়েও এই চারা উৎপাদন করা যায়। তবে এক্ষেত্রে চারার অঙ্কুরোদগম ক্ষমতা কমে যায়। বীজের চারাতেও বংশগত গুণাগুণ ঠিক থাকে। কলমের মাধ্যমেও আমড়ার বংশবিস্তার হয়ে থাকে। তবে এ ক্ষেত্রে দেশি আমড়ার চারা রুটস্টক হিসেবে ব্যবহার করে ক্লেফট পদ্ধতিতে আমড়ার কলম করা হয়।
fruit,hog plum,আমড়া,294,land_preparation,জমি তৈরি,"ভালভাবে চাষ ও মই দিয়ে জমি সমতল ও আগাছমুক্ত করে নিতে হবে। চারা রোপণের জন্য সমতল ভূমিতে বর্গাকার, আয়তাকার বা কুইনকান্স এবং পাহাড়ি জমিতে কন্টুর বা ম্যাথ পদ্ধতি ব্যবহার করা যেতে পারে। আমড়া চারা রোপণের জন্য 60 × 60 × 60 সেমি গর্ত করে 20 কেজি জৈব সার, 200 গ্রাম টিএসপি এবং 50 গ্রাম জিপসাম সার প্রয়োগ করতে হবে। বৃষ্টির মৌসুমের প্রারম্ভে অর্থাৎ বৈশাখ-জ্যৈষ্ঠ মাস (এপ্রিল-মে) চারা লাগানোর উপযুক্ত সময়। তবে অন্য সময়ও চারা লাগানো যায়। বারি আমড়া-1 জাতের আমড়া বামন আকৃতির হওয়ায় 4-5 মিটার দূরত্বে লাগানো উত্তম। গর্ত তৈরির 15-30 দিন পর চারার গোড়ার বলসহ গর্তের মাঝখানে সোজাভাবে লাগাতে হবে। চারা রোপণের পর হালকা সেচ, খুঁটি ও বেড়ার ব্যবস্থা করতে হবে।"
fruit,hog plum,আমড়া,294,fertilizer,সার প্রয়োগ,আমড়া গাছে বছরে 2 বার সার প্রয়োগ করা উচিত। প্রথম কিস্তি বর্ষার প্রারম্ভে (এপ্রিল-মে) এবং 2য় কিস্তি বর্ষার শেষে মধ্য-শ্রাবণ থেকে মধ্য-ভাদ্র (আগস্ট-সেপ্টেম্বর) দিতে হবে। মাটিতে ‘জো’ অবস্থায় সার প্রয়োগ করতে হয়। গাছের বৃদ্ধির সাথে সারের পরিমাণ বৃদ্ধি করতে হবে।
fruit,hog plum,আমড়া,294,fertilizer_method,সার প্রয়োগ পদ্ধতি,"দুই-তিন মাস অন্তর 4 কিস্তিতে (বৈশাখ, আষাঢ়, আশ্বিন ও অগ্রহায়ণ) উপরোক্ত সার প্রয়োগ করতে হবে। বারি আমড়া-2 এর ক্ষেত্রে সারের পরিমাণ দ্বিগুণ হবে এবং বছরে দুই কিস্তিতে (বৈশাখ ও অগ্রহায়ণ) সার প্রয়োগ করতে হবে।"
fruit,hog plum,আমড়া,294,irrigation,সেচ প্রয়োগ,"গাছের বৃদ্ধির জন্য শুকনা মৌসুমে সেচ প্রয়োগ করা উত্তম। ফলন্ত গাছের বেলায় আমড়ার ফুল ফোঁটার শেষ পর্যায়ে এবং মটর দানার সময়ে একবার, স্প্রিংকলার বা বেসিন পদ্ধতিতে সেচ প্রয়োগ করতে হবে। গাছে সার প্রয়োগের পর হালকা সেচ প্রয়োগ করা হলে সুফল পাওয়া যায়।"
fruit,hog plum,আমড়া,294,intercultural,ফুল ও ফল ছাঁটাই,1-2 বছর পর্যন্ত গাছে কোন ফল না রাখাই উত্তম। তাই এ সময় ফুল ধারণ করলেও ফুল ফেলে দেয়া হলে গাছের বৃদ্ধি ভাল হয়। 2 বছর পর গাছে প্রচুর পরিমাণ ফল হয়। বারি আমড়া-1 এর গাছে ফলের আধিক্য থাকে বলে 20-30% ফল ছাঁটাই করে ফেলা উচিত। এতে গাছের অন্যান্য ফলের বৃদ্ধি বেশি হয় এবং ফলের গুণগত মানও উন্নত হয়। গাছের বয়স জৈব সার ইউরিয়া টিএসপি এমওপি জিপসাম (কেজি) (গ্রাম) (গ্রাম) (গ্রাম) (গ্রাম) 1-2 বছর 5-10 100 150 100 50 3-4 বছর 10-15 150 200 150 60 5-6 বছর 15-20 200 250 200 75 7-10 বছর 20-25 250 300 250 90 10 বছর তদুর্ধ্ব 25-30 300 350 300 100
fruit,hog plum,আমড়া,294,harvest,ফল সংগ্রহ,খাওয়ার জন্য পুষ্ট ফল গাছ থেকে সংগ্রহ করা হয়। ফল পুষ্ট হলে আমড়ার রং সবুজ এবং গায়ে হালকা বাদামী প্যাচ সৃষ্টি হয়। চারা তৈরির জন্য আমড়া গাছে পাকিয়ে নেয়াই উত্তম। পাকা হালকা হলুদ রং ধারণ করে। পুষ্ট ফলের বীজ থেকেও চারা তৈরি করা যায়।
fruit,hog plum,আমড়া,294,intercultural,অন্যান্য পরিচর্যা,
fruit,hog plum,আমড়া,294,pest_disease,হগপ্লাম বিটল পোকা দমন,এ পোকা কচি পাতা খেয়ে গাছকে পত্রশূণ্য করে ফেলে। ফলে গাছ দুর্বল হয়ে যায় এবং ফলন কমে যায়। এ পোকার গায়ে লালচে ফোঁটারমতো দাগ দেখা যায়। এপ্রিল-আগস্ট পর্যন্ত এ পোকার প্রাদুর্ভাব বেশি থাকে।
fruit,hog plum,আমড়া,294,pest_disease,প্রতিকার, পোকার সংখ্যা কম হলে হাত দিয়ে ধরে মেরে ফেলা যায়।  কীড়া অবস্থায় গুচ্ছাকারে থাকার সময় পাতাসহ সংগ্রহ করে ধ্বংস করতে হবে।  আক্রমণের মাত্রা বেশি হলে সুমিথিয়ন 50 ইসি অথবা রগর 40 ইসি প্রতি লিটার পানিতে 2 মিলি হারে মিশিয়ে স্প্রে করে এই পোকা দমন করা যায়।
fruit,wax apple,জামরুল,296,sowing_method,চারা তৈরি,সাধারণত শাখা কলম ও গুটি কলমের মাধ্যমে জামরুলের বংশ বিস্তার করা হয়।
fruit,wax apple,জামরুল,296,sowing_method,চারা রোপণ,"মধ্য-জ্যৈষ্ঠ থেকে মধ্য-আষাঢ় (জুন) মাসে 1 × 1 × 1 মিটার গর্ত করে তা 3 সপ্তাহ উন্মুক্ত রাখতে হবে। তার পর 10-15 কেজি পচা গোবর, 250 গ্রাম টিএসপি এবং 250 গ্রাম এমওপির মিশ্রণ প্রতি গর্তে প্রয়োগ করতে হবে এবং কমপক্ষে এক সপ্তাহ পর চারা লাগাতে হবে। সাধারণত বাড়ির আঙ্গিনায় 1/2টি জামরুলের চারা লাগানো হয়। চারা 5-6 মিটার দূরে লাগাতে হবে।"
fruit,wax apple,জামরুল,296,fertilizer,সারের পরিমাণ,বয়স বাড়ার সাথে সাথে প্রতিটি গাছের জন্য সারের পরিমাণ নিম্নরূপ হবে।
fruit,wax apple,জামরুল,296,fertilizer,সার প্রয়োগ,সবটুকু সার দুই ভাগ করে মধ্য-বৈশাখ থেকে মধ্য-আষাঢ় (মে-জুন) ও মধ্য-ভাদ্র থেকে মধ্য-কার্তিক (সেপ্টেম্বর-অক্টোবর) মাসে 2 বার প্রয়োগ করতে হবে। গাছের চতুর্দিকে বৃত্তাকার নালা করে নালায় সার প্রয়োগ করতে হবে। সার প্রয়োগের পর নালা মাটি দিয়ে ভরাট করতে হবে।
fruit,wax apple,জামরুল,296,intercultural,পরিচর্যা,বছরে দুই বার গাছের গোড়ার মাটি হালকাভাবে কুপিয়ে দিতে হবে। কলমের গাছের নিচের দিকের কিছু শাখা-প্রশাখা কেটে দিতে হবে। খরা মৌসুমে গাছে 2-3 বার সেচ দেওয়া ভাল। গাছের বয়স জৈব সার (কেজি) ইউরিয়া (গ্রাম) টিএসপি (গ্রাম) এমওপি (গ্রাম) 1-3 15-20 200-250 200-250 200-250 4-7 45-60 600-750 600-750 600-750 7-10 70-80 800-1000 800-1000 800-1000
fruit,sapodilla,সফেদা,298,land_preparation,জমি নির্বাচন,উঁচু নিকাশযুক্ত বেলে দোআঁশ ও দোআাঁশ মাটি সফেদা চাষের জন্য বেশি উপযোগী। তবে অন্যান্য উঁচু জমিতেও চাষ করা যায়।
fruit,sapodilla,সফেদা,298,other,কলম উৎপাদন,গ্রাফটিং এর মাধ্যমে সফেদার কলম তৈরি করে নিতে হবে। ‘খিরণী’ গাছের বীজ থেকে উৎপাদিত চারাকে সফেদার ‘রুটস্টক’ হিসেবে ব্যবহার করা হয়।
fruit,sapodilla,সফেদা,298,sowing_method,কলম রোপণ,বাগান আকারে চাষের জন্য 6 × 6 মিটার হিসেবে রোপণের দূরত্ব বজায় রাখতে হবে। এ হিসেবে হেক্টরপ্রতি চারা লাগবে 278টি। চারা লাগানোর 10-15 দিন আগে নিয়ম অনুযায়ী গর্ত তৈরি করে নির্ধারিত হারে সার প্রয়োগ করতে হবে।
fruit,sapodilla,সফেদা,298,fertilizer,সারের পরিমাণ,কলম লাগানোর 10-15 দিন আগে গর্তে সার ও মাটি মিশিয়ে রাখতে হবে। লাগানোর পরে চারায় প্রথম 2-3 দিন প্রয়োজনমতো পানি দিতে হবে এবং খুঁটি ও বেড়ার ব্যবস্থা করতে হবে।
fruit,sapodilla,সফেদা,298,fertilizer,সার প্রয়োগ,গাছের বয়স অনুসারে সারের পরিমাণ
fruit,sapodilla,সফেদা,298,fertilizer_method,প্রয়োগ পদ্ধতি,"উল্লিখিত পরিমাণ সার সমান তিন কিস্তিতে যথাক্রমে মার্চ, জুন ও সেপ্টেম্বর বা অক্টোবর মাসে প্রয়োগ করতে হবে। গোবর বা কম্পোস্ট সার মার্চ ও সেপ্টেম্বরে দুই কিস্তিতে দেয়া যেতে পারে। প্রয়োজনে সার প্রয়োগের পর হালকা সেচ দিতে হবে।"
fruit,sapodilla,সফেদা,298,irrigation,পানি সেচ,সফেদা গাছ খরা সহ্য করতে পারে। তবে বেশি খরার সময় প্রয়োজনীয় সেচ দিলে ফলন ভাল হয়।
fruit,sapodilla,সফেদা,298,fertilizer,সারের নাম সারের পরিমাণ/গর্ত,টিএসপি 250-300 গ্রাম এমওপি 240-250 গ্রাম গোবর 10-15 কেজি সারের নাম গাছের বয়স 1-3 বছর 4-7 বছর 8-10 বছর 11-15 বছর 15 বছর এর ঊর্ধ্বে গোবর/কম্পোস্ট (কেজি) 20 25 30 40 50 ইউরিয়া (গ্রাম) 100-200 300-500 600-700 800-900 1000 টিএসপি (গ্রাম) 200 300 500 700 800 এমপি (গ্রাম) 150 300-500 600-700 800-900 1000 জিপসাম (গ্রাম) 50 100 200 300 400
fruit,carambola,কামরাঙ্গা,299,land_preparation,জমি নির্বাচন ও তৈরি,বর্ষায় পানি দাঁড়ায় না এমন উঁচু এবং মাঝারী উঁচু জমি কামরাঙ্গার জন্য নির্বাচন করতে হবে। উন্মুক্ত বা আংশিক ছায়াযুক্ত স্থানে কামরাঙ্গা চাষ করা যায়। বাগান আকারে চাষ করতে হলে নির্বাচিত জমি ভাল করে চাষ ও মই দিয়ে সমতল এবং আগাছামুক্ত করতে হবে।
fruit,carambola,কামরাঙ্গা,299,sowing_method,রোপণ পদ্ধতি,সমতল ভূমিতে বর্গাকার বা আয়তাকার এবং পাহাড়ী ভূমিতে কন্টুর পদ্ধতিতে চারা রোপণ করা হয়।
fruit,carambola,কামরাঙ্গা,299,sowing_time,রোপণের সময়,চারা বা কলম রোপণের উপযুক্ত সময় মধ্য-জ্যৈষ্ঠ থেকে মধ্য-ভাদ্র (জুন-সেপ্টেম্বর) মাস। তবে সেচ সুবিধা থাকলে আশ্বিন- কার্তিক (অক্টোবর) মাস পর্যন্ত চারা/কলম রোপণ করা যেতে পারে।
fruit,carambola,কামরাঙ্গা,299,other,গর্ত তৈরি,"রোপণের 15-20 দিন পূর্বে 7 × 7 মিটার দূরত্বে 1 × 1 × 1 মিটার আকারের গর্ত করতে হবে। গর্তের উপরের মাটির সাথে 10-15 কেজি জৈব সার, 250 গ্রাম টিএসপি, 250 গ্রাম এমওপি ও 100 গ্রাম জিপসাম সার ভালভাবে মিশিয়ে গর্ত ভরাট করে পরিমাণমতো পানি দিতে হবে এবং এ অবস্থায় 10-15 দিন রেখে দিতে হবে।"
fruit,carambola,কামরাঙ্গা,299,sowing_method,রোপণ পদ্ধতি,গর্তের মাঝখানে চারা বসিয়ে গোড়ার মাটি একটু উঁচু করে দিতে হবে। চারা লাগানোর পর একটা শক্ত কাঠির সঙ্গে বেঁধে দিতে হবে। তারপর সেচ দিতে হবে।
fruit,carambola,কামরাঙ্গা,299,fertilizer,সার প্রয়োগ,উল্লিখিত সার 2 কিস্তিতে প্রথমবার বর্ষার আগে ও দ্বিতীয়বার বর্ষার শেষের দিকে প্রয়োগ করতে হবে। সার প্রয়োগের পর প্রয়োজনে পানি সেচ দিতে হবে।
fruit,carambola,কামরাঙ্গা,299,irrigation,সেচ প্রয়োগ,চারা রোপণের পর 1 মাস নিয়মিত সেচ প্রদান করতে হবে। শুষ্ক মৌসুমে এবং ফল ধরার পর প্রতি 15 দিন অন্তর 2-3 বার সেচ দিলে ফল ঝরার মাত্রা কমে এবং ফলন বৃদ্ধি পায়। বর্ষা মৌসুমে বাগানে পানি নিষ্কাশনের ব্যবস্থা করতে হবে।
fruit,carambola,কামরাঙ্গা,299,intercultural,ডাল ছাঁটাইকরণ,"রোপণকৃত চারা/কলমকে সুন্দর কাঠামো দেয়ার জন্য এর গোড়ার দিকের ডাল ছাঁটাই করতে হবে। প্রধান কাণ্ডটিতে মাটি থেকে কমপক্ষে 1 মিটারের মধ্যে কোন ডাল রাখা চলবে না। এ ছাড়া শীতকালীন ফল সংগ্রহের পর মচকানো, মরা, রোগাক্রান্ত, পোকা আক্রান্ত ও অন্যান্য অপ্রয়োজনীয় ডালপালা ছাঁটাই করতে হবে।"
fruit,carambola,কামরাঙ্গা,299,harvest,ফল সংগ্রহ,"পুষ্ট, রং উজ্জ্বল ও হালকা হলুদ হলেই ফল সংগ্রহ করতে হয়। গাছে ঝাকি দিয়ে ফল আহরণ করা যাবে না এবং আহরণ কালে ফল যাতে মাটিতে না পড়ে এবং কোনভাবে আঘাতপ্রাপ্ত না হয় সেদিকে সতর্ক নজর রাখতে হবে। বৃষ্টির পরপরই ফল সংগ্রহ করা ঠিক নয়। হাত দিয়ে বা জাল লাগানো কোটার সাহায্যে খুব সাবধানে ফল সংগ্রহ করতে হবে। সংগৃহীত ফল সরাসরি রোদে না রেখে ছায়ায় রাখতে হবে। সারের নাম গাছের বয়স বয়সভেদে গাছপ্রতি সারের পরিমাণ 1-3 বছর 4-6 বছর 7 - 10 বছর 10 বছরের ঊর্ধ্বে জৈব সার (কেজি) 10-15 15-20 20-30 30-40 ইউরিয়া (গ্রাম) 300-400 400-600 600-800 800-1000 টিএসপি (গ্রাম) 250-300 300-400 400-500 500-600 এমওপি (গ্রাম) 250-300 300-400 400-450 450-500"
fruit,tikoi (Garcinia),তৈকর,301,soil_climate,মাটি,বেলে দোআঁশ থেকে পলি দোআঁশ মাটি তৈকর চাষের জন্য উত্তম। সিলেটের পাহাড়ি অঞ্চলের নিকাশযুক্ত অম্লীয় মাটি তৈকর উৎপাদনের জন্য সর্বোত্তম।
fruit,tikoi (Garcinia),তৈকর,301,other,গর্ত তৈরি,"চারা রোপণের 15-20 দিন পূর্বে 6 × 6 মিটার দূরত্বে 1 × 1 × 1 মিটার আকারের গর্ত করতে হবে। গর্তের উপরের মাটির সাথে 15-20 কেজি জৈব সার, 250 গ্রাম টিএসপি, 250 গ্রাম এমওপি ও 100 গ্রাম জিপসাম সার ভালোভাবে মিশিয়ে গর্ত ভরাট করে তাতে পানি দিতে হবে। হেক্টরপ্রতি 278টি চারা বা গুটির প্রয়োজন হবে।"
fruit,tikoi (Garcinia),তৈকর,301,sowing_method,চারা রোপণ,"গর্ত তৈরির কমপক্ষে 15 দিন পর চারা রোপণ করতে হবে। চারাটি গর্তে সোজা করে লাগাতে হবে। লাগানোর পর ঝর্ণা দিয়ে পানি সেচ, খুঁটি ও বেড়া দিতে হবে।"
fruit,tikoi (Garcinia),তৈকর,301,fertilizer,সার প্রয়োগ,"গাছের যথাযথ বৃদ্ধির জন্য সময়মতো, সঠিক পরিমাণে এবং সঠিক পদ্ধতিতে সার প্রয়োগ করতে হবে। গাছের বয়স বৃদ্ধির সাথে সাথে সারের পরিমাণ বাড়াতে হবে। বয়সভেদে গাছপ্রতি সারের পরিমাণ নিম্নে দেওয়া হল: গাছের বয়স (বছর) গোবর সার (কেজি) ইউরিয়া (গ্রাম) টিএসপি (গ্রাম) এমওপি (গ্রাম) 1-2 5-10 200-300 200-300 200-300 3-4 10-15 300-450 300-450 300-450 5-10 20-25 450-600 450-600 450-600 10-15 25-30 600-750 600-750 600-750 15 এর অধিক 30-40 1000 1000 1000 উল্লিখিত সার প্রতি বছর সমান তিন কিস্তিতে বর্ষার আগে ও বর্ষার পরে এবং শীতের পরে গাছে প্রয়োগ করতে হবে। গাছের ডালপালা যে পর্যন্ত বিস্তৃত হয়েছে তার নিচের জমি কোদাল দিয়ে হালকা করে কুপিয়ে সার প্রয়োগ করতে হবে। সাধারণত গাছের গোড়ার এক মিটার এলাকায় কোন সক্রিয় শিকড় থাকে না, তাই সার প্রয়োগের সময় এই এলাকায় সার প্রয়োগ করা উচিত নয়। পাহাড়ী অঞ্চলে ডিবলিং পদ্ধতিতে সার প্রয়োগ করা হলে ভ‚মি ক্ষয় হ্রাস পাবে।"
fruit,tikoi (Garcinia),তৈকর,301,irrigation,সেচ প্রয়োগ,"শুকনা মৌসুমে 15 দিন অন্তর পানি সেচ দেয়া উত্তম। পাহাড়ী অঞ্চলে বর্ষার শেষে মালচিং করা যেতে পারে। এতে মাটির পানি ধারণ ক্ষমতা বৃদ্ধি পায়। মনে রাখতে হবে, সার প্রয়োগের পর পানি সেচ অত্যন্ত জরুরি । জমিতে ‘জো’ না থাকলে ফুল আসার পর ও ফল মটর দানার সময় গাছে অবশ্যই পানি সেচ দিতে হবে।"
fruit,tikoi (Garcinia),তৈকর,301,harvest,ফল সংগ্রহ,বছরে সাধারণত 2 বার ফল সংগ্রহ করা হয়। পরিপক্ক অবস্থায় ফলের রং হলদে হয়।
fruit,Burmese grape (latkan),লটকন,302,soil_climate,মাটি,সুনিষ্কাশিত প্রায় সব ধরনের মাটিতেই লটকনের চাষ করা যায়। তবে বেলে দোআঁশ মাটি লটকন চাষের জন্য সবচেয়ে উপযোগী। লটকন গাছ স্যাঁত স্যাঁতে ও আংশিক ছায়াযুক্ত পরিবেশে ভাল জন্মে কিন্তু জলাবধদ্ধতা সহ্য করতে পারে না।
fruit,Burmese grape (latkan),লটকন,302,land_preparation,জমি তৈরি,চাষ ও মই দিয়ে জমি সমতল এবং আগাছামুক্ত করে নিতে হবে।
fruit,Burmese grape (latkan),লটকন,302,other,গর্ত তৈরি,"চারা রোপণের 15-20 দিন পূর্বে 7 × 7 মিটার দূরত্বে 1 × 1 × 1 মিটার আকারের গর্ত করতে হবে। প্রতি গর্তে 15-20 কেজি জৈব সার, 500 গ্রাম টিএসপি ও 250 গ্রাম এমওপি সার প্রয়োগ করে মাটির সঙ্গে ভালভাবে মিশিয়ে গর্ত ভরাট করতে হবে। মাটি শুকনা হলে গর্তে পানি দিয়ে মাটি ভিজিয়ে দিতে হবে। এভাবে 10-15 দিন গর্ত ভরাট করে রেখে দিতে হবে। তারপর ভালভাবে আবার কুপিয়ে চারা/কলম লাগাতে হবে।"
fruit,Burmese grape (latkan),লটকন,302,sowing_method,চারা তৈরি,লটকন গাছ ভিন্নবাসী (Dioecious) ধরনের সেক্স (Sex) দেখা যায় অর্থাৎ একটা গাছে কেবল পুরুষ ফুল উৎপন্ন হয় এবং আলাদা একটি গাছে স্ত্রী ফুল উৎপন্ন হয় অর্থাৎ এ গাছ থেকে ফল উৎপন্ন হয়। সে গাছে ফল ধরে সে গাছ থেকে কলমের মাধ্যমে বেশি চারা তৈরি করে নিতে হয়। পুরষ গাছ থেকে কলমের মাধ্যমে চারা তৈরি করে নিতে হয়। বাগানে শতকরা 50% পুরুষ গাছ লাগাতে হয়।
fruit,Burmese grape (latkan),লটকন,302,sowing_method,চারা রোপণ,গর্ত করার 10-15 দিন পর নির্বাচিত চারা গর্তের মাঝখানে সোজাভাবে লাগাতে হবে। চারা লাগানোর পরপরই পানি ও খুঁটি দিতে হবে। প্রয়োজনে বেড়ার ব্যবস্থা করতে হবে।
fruit,Burmese grape (latkan),লটকন,302,sowing_time,রোপণের সময়,বৈশাখ-জ্যৈষ্ট (এপ্রিল-মে) মাস চারা রোপণের উপযুক্ত সময়। তবে বর্ষার শেষের দিকে অর্থাৎ ভাদ্র-আশ্বিন (সেপ্টেম্বর) মাসেও গাছ রোপণ করা যেতে পারে।
fruit,Burmese grape (latkan),লটকন,302,fertilizer,সার প্রয়োগ,"প্রত্যাশিত ফলন ও গুণগত মানসম্পন্ন ফল পেতে হলে লটকন গাছে নিয়মিত সার প্রয়োগ করতে হবে। গাছের বয়স বৃদ্ধির সাথে সাথে সারের পরিমাণও বাড়াতে হবে। বিভিন্ন বয়সের গাছের জন্য প্রয়োজনীয় সারের পরিমাণ নিচের ছকে দেয়া হল: গাছের গোড়ার 0.5-1.0 মিটার দূর থেকে যতটুকু জায়গায় দুপুর বেলা ছায়া পড়ে ততটুকু জায়গায় সার ছিটিয়ে কোদাল দিয়ে কুপিয়ে অথবা চাষ দিয়ে মাটির সাথে ভালভাবে মিশিয়ে দিতে হবে। মাটিতে রস কম থাকলে সার প্রয়োগের পরপরই পানি সেচের ব্যবস্থা করতে হবে। উল্লিখিত সার সমান তিন কিস্তিতে (1ম কিস্তি ফল সংগ্রহের পরপর, 2য় কিস্তি বর্ষার শেষে এবং 3য় কিস্তি শীতের শেষে) প্রয়োগ করা যেতে পারে।"
fruit,Burmese grape (latkan),লটকন,302,irrigation,সেচ প্রয়োগ,চারা রোপণের প্রথমদিকে ঘন ঘন সেচ দেয়া দরকার। ফল ধরার পর শুকনো মৌসুমে শীতের শেষে গাছে ফুল আসার পর 2/1টি সেচ দিতে পারলে ফলের আকার বড় হয় ও ফলন বাড়ে।
fruit,Burmese grape (latkan),লটকন,302,intercultural,ডাল ছাঁটাই,গাছের মরা ডাল এবং রোগ ও পোকা আক্রান্ত ডাল ছাঁটাই করে দিতে হবে।
fruit,Burmese grape (latkan),লটকন,302,harvest,ফল সংগ্রহ,শীতের শেষে গাছে ফুল আসে এবং জুলাই-আগস্ট মাসে ফল পাকে। ফলের রং হালকা হলুদ থেকে ধূসর বর্ণ ধারণ করলে ফল সংগ্রহের উপযুক্ত সময়।
fruit,Burmese grape (latkan),লটকন,302,yield,ফলন,কলমের গাছে সাধারণত 4 বৎসর বয়স থেকে ফল আসা শুরু হয় এবং সাধারণত 20-25 বছরের গাছে সর্বোচ্চ ফলন হয়ে থাকে। অবস্থাভেদে গাছের বয়সের উপর ভিত্তি করে গাছপ্রতি 4 কেজি থেকে 120/130 কেজি পর্যন্ত ফলন হয়ে থাকে। সারের নাম গাছের বয়স (বছর) 1-4 5-10 11-15 15 এর উর্ধ্বে গোবর (কেজি) 10 20 30 30-40 ইউরিয়া (গ্রাম) 300 500 800 1000 টিএসপি (গ্রাম) 200 300 400 500 এমওপি (গ্রাম) 200 300 400 500 জিপসাম (গ্রাম) 100 200 250 300
fruit,Indian gooseberry,আমলকি,305,land_preparation,জমি তৈরি,আমলকির জন্য সুনিষ্কাশিত এবং মাঝারী বা উঁচু জমি নির্বাচন করতে হবে। বাগান আকারে চাষ করতে হলে নির্বাচিত জমি ভাল করে চাষ ও মই দিয়ে সমতল এবং আগাছামুক্ত করতে হবে।
fruit,Indian gooseberry,আমলকি,305,sowing_time,রোপণের সময়,বর্ষার শুরুতে অর্থাৎ বৈশাখ-জ্যৈষ্ঠ মাস গাছ রোপণের উপযুক্ত সময়। তবে বর্ষার শেষে অর্থাৎ ভাদ্র-আশ্বিন মাসে গাছ লাগানো যায়। অতিরিক্ত বর্ষায় চারা রোপণ না করাই ভাল।
fruit,Indian gooseberry,আমলকি,305,other,গর্ত তৈরি,"রোপণের 15-20 দিন পূর্বে 7 × 7 মিটার দূরত্বে 1 × 1 × 1 মিটার আকারের গর্ত করতে হবে। গর্তের উপরের মাটির সাথে 10-15 কেজি জৈব সার, 500 গ্রাম টিএসপি, 250 গ্রাম এমওপি ও 200 গ্রাম জিপসাম সার ভালভাবে মিশিয়ে গর্ত ভরাট করে তাতে পানি দিতে হবে।"
fruit,Indian gooseberry,আমলকি,305,sowing_method,রোপণ পদ্ধতি ও চারা রোপণ,"সমতল ভূমিতে বর্গাকার বা আয়তকার কিংবা ত্রিভুজাকার প্রণালীতে আমলকির চারা লাগানো যেতে পারে। কিন্তু উঁচু নিচু পাহাড়ী এলাকায় কন্টুর রোপণ প্রণালী অবলম্বন করতে হবে। গর্ত ভর্তি করার 10-15 দিন পর গর্তের মাঝখানে নির্বাচিত চারাটা সোজাভাবে লাগিয়ে তারপর চারদিকে মাটি দিয়ে চেপে দিতে হবে এবং লাগানোর পর পরই বাঁশের খুঁটি, বেড়া ও পানি সেচ দেয়ার ব্যবস্থা করতে হবে।"
fruit,Indian gooseberry,আমলকি,305,fertilizer,সার প্রয়োগ,আমলকি গাছে আশানুরূপ গুণগত মানসম্পন্ন ফল পেতে চাইলে নিয়মিত সার প্রয়োগ করতে হবে। গাছের বয়স বাড়ার সাথে সাথে সারের পরিমাণও বাড়াতে হবে। নিম্নের ছকে বয়স ভিত্তিক সারের পরিমাণ দেয়া হলো: উল্লিখিত সার সমান দুই ভাগ করে বর্ষার প্রারম্ভে ও শেষে গাছের গোড়া থেকে কিছুটা দূরে যতটুকু জায়গায় দুপুর বেলা ছায়া পড়ে ততটুকু জায়গায় ছিটিয়ে কোদাল দিয়ে কুপিয়ে বা চাষ দিয়ে মাটির সাথে ভালভাবে মিশিয়ে দিতে হবে। সার প্রয়োগের পরে প্রয়োজনে পানি সেচের ব্যবস্থা করতে হবে।
fruit,Indian gooseberry,আমলকি,305,pest_disease,আগাছা দমন,আমলকি বাগান সবসময় আগাছামুক্ত রাখতে হবে। গাছের তলায় বা চারিদিকে যাতে আগাছা জন্মাতে না পারে সেজন্য বর্ষার শুরুতে এবং শেষে জমিতে চাষ দিতে হবে অথবা কোদাল দ্বারা কুপিয়ে দিতে হবে।
fruit,Indian gooseberry,আমলকি,305,irrigation,সেচ প্রয়োগ,চারা রোপণের প্রথমদিকে প্রয়োজনমতো সেচ দেয়া দরকার। এছাড়া খরা বা শুকনো মৌসুমে পানি সেচ দেয়া ভালো।
fruit,Indian gooseberry,আমলকি,305,intercultural,ডাল ছাঁটাইকরণ,"চারা বা কলম রোপণের পর গাছকে সুন্দর একটি কাঠামো দেয়ার জন্য গোড়ার দিকের সমস্ত ডালপালা ছাঁটাই করে দিতে হবে। এছাড়া বর্ষার শেষে গাছের মরা, রোগাক্রান্ত, ভাঙ্গা ও দুর্বল ডাল পালা ছাঁটাই করতে হবে।"
fruit,Indian gooseberry,আমলকি,305,harvest,ফল সংগ্রহ,"ডালপালায় ঝাকুনি দিয়ে ফল মাটিতে ফেললে ফল আঘাত প্রাপ্ত হয়ে দ্রুত নষ্ট হয়ে যায়। তবে গাছের নিচে জাল ধরে শাখায় ঝাকুনি দিয়েও ফল সংগ্রহ করা যায়। সমস্ত ফল একসাথে পরিপক্ক হয় না। তাই 2/1 দিন পরপর ফল সংগ্রহ করতে হয়। সংগ্রহের সাথে সাথেই ফল বাজারজাত করতে হবে, কেননা সময় অতিবাহিত হওয়ার সাথে সাথে সংগৃহীত ফলে ভিটামিন ‘সি’ এর পরিমাণ কমতে থাকে।"
fruit,Indian gooseberry,আমলকি,305,intercultural,অন্যান্য পরিচর্যা,
fruit,Indian gooseberry,আমলকি,305,pest_disease,মরিচা রোগ,এ রোগের আক্রমণে পাতা ও ফলে মরিচা দাগ পড়ে। এতে গাছের ফলন ক্ষমতা হ্রাস পায় এবং ফলের গুণগতমান বিনষ্ট হয় ও বাজার মূল্য কমে যায়।
fruit,Indian gooseberry,আমলকি,305,pest_disease,প্রতিকার,ইন্ডোফিল এম-45 প্রতি লিটার পানিতে 2 গ্রাম মিশিয়ে স্প্রে করলে এ রোগ দমন করা যায়। গাছের বয়স জৈব সার ইউরিয়া টিএসপি এমওপি জিপসাম (কেজি) (গ্রাম) (গ্রাম) (গ্রাম) (গ্রাম) 1-2 বছর 5-10 200 100 100 50 3-5 বছর 10-15 300-500 200-300 200-300 100 6-10 বছর 15-20 400-700 300-500 300-500 200 11-15 বছর 20-25 800-1000 500-800 500-800 400 15 বছর এর ঊর্দ্ধে 30-40 1500 1000 1000 500
fruit,longan,আঁশফল,306,land_preparation,জমি নির্বাচন,আঁশফল চাষের জন্য দোআঁশ মাটি উত্তম।
fruit,longan,আঁশফল,306,sowing_method,চারা উৎপাদন,গ্রাফটিং ও গুটি কলমের মাধ্যমে চারা তৈরি করা যায়।
fruit,longan,আঁশফল,306,other,গর্ত তৈরি,"চারা রোপণের 15-20 দিন পূর্বে 5 × 5 মিটার দূরত্বে 1 × 1 × 1 মিটার আকারের গর্ত করতে হবে। গর্তের উপরের মাটির সাথে 15-20 কেজি জৈব সার, 250 গ্রাম টিএসপি ও 250 গ্রাম এমওপি সার ভালভাবে মিশিয়ে গর্ত ভরাট করে তাতে পানি দিতে হবে।"
fruit,longan,আঁশফল,306,sowing_method,চারা রোপণ,বাগানে রোপণের দূরত্ব 5 × 5 মিটার রাখতে হবে। এ হিসেবে হেক্টরপ্রতি চারা লাগবে 400টি।
fruit,longan,আঁশফল,306,fertilizer,সারের পরিমাণ,গুণগত মানসম্পন্ন উচ্চ ফলন পেতে হলে আঁশফলে নিয়মিত সার প্রয়োগ অত্যন্ত জরুরি। গাছের বয়স বাড়ার সাথে সারের পরিমাণও বাড়াতে হবে। নিম্নের ছকে গাছের বয়স ভিত্তিক সারের পরিমাণ দেয়া হলো। উল্লিখিত সার তিন কিস্তিতে প্রয়োগ করতে হবে। 1ম বার ফাল্গুন-চৈত্র মাসে মুকুল আসার পর 2য় বার জ্যৈষ্ঠ-আষাঢ় মাসে বীজের রং ধারণ পর্যায়ে এবং শ্রাবণ-ভাদ্র মাসে ফল সংগ্রহের পর 3য় বার সার প্রয়োগ করতে হয়।
fruit,longan,আঁশফল,306,irrigation,সেচ প্রয়োগ,খরার সময় পানি সেচের প্রয়োজন হয়। অতিবৃষ্টির সময় পানি নিকাশের ব্যবস্থা করতে হবে।
fruit,rambutan,রাম্বুতান,308,soil_climate,জলবায়ু ও মাটি,"রাম্বুতান উষ্ণ ও আর্দ্র জলবায়ু পছন্দ করে। রাম্বুতান ফলের গাছ 22-350 সে. তাপমাত্রা ও 2000 থেকে 3000 মিমি বার্ষিক বৃষ্টিপাত পছন্দ করে। এঁটেল দোঁআশ মাটি রাম্বুতান চাষের জন্য সবচেয়ে বেশি উপযোগী। তবে ঊর্বর, সুনিষ্কাশিত পলিমাটি ও দোআঁশ মাটিতেও রাম্বুতান সাফল্যজনকভাবে চাষ করা যায়। সুনিষ্কাশিত উচ্চ জৈব পদার্থ সম্বলিত মাটিতে গাছের মূলের বৃদ্ধি ও বিকাশ ভাল হয়। মাটির অম্ল/ক্ষারত্ব (pH 5.0-6.5) রাম্বুতানের জন্য সবচেয়ে উপযোগী। রাম্বুতান স্বল্পমেয়াদী জলাবদ্ধতা সহ্য করতে পারলেও দীর্ঘস্থায়ী জলাবদ্ধতায় গাছ মারা যায়।"
fruit,rambutan,রাম্বুতান,308,sowing_method,বংশ বিস্তার,অঙ্গজ উপায়ে অথবা বীজের মাধ্যমে রাম্বুতানের বংশ বিস্তার হয়ে থাকলেও মাতৃ গুণাগুণ বজায় রাখার জন্য অঙ্গজ উপায়ে বংশ বিস্তার উত্তম। কুঁড়ি সংযোজন ও গুটিকলম পদ্ধতিতে রাম্বুতানের বংশ বিস্তার করা হয়। 1-2 বৎসর বয়সী শাখা থেকে সুপ্ত কুঁড়ি সংগ্রহ করে 8-12 মাস বয়সের রুটস্টক সংযোজন করলে ভাল ফল পাওয়া যায়। এছাড়া গুটি কলম পদ্ধতিতে সফলতার হার বেশি এবং শ্রমসাধ্য। 1000-1500 পিপিএম ঘনত্বের আইবিএ (IBA) ব্যবহার করে গুটি কলমের মাধ্যমেও সফলভাবে রাম্বুতানের বংশ বিস্তার করা যায়।
fruit,rambutan,রাম্বুতান,308,land_preparation,জমি তৈরি,রাম্বুতানের জন্য সুনিষ্কাশিত উঁচু ও মাঝারী উঁচু ঊর্বর জমি নির্বাচন করতে হবে। পর্যায়ক্রমিক কয়েকটি চাষ ও মই দিয়ে জমি সমান করে নিতে হবে। মাদা তৈরির পূর্বে জমি থেকে বহুবর্ষজীবী আগাছা বিশেষ করে উলুঘাস সমূলে অপসারণ করতে হবে।
fruit,rambutan,রাম্বুতান,308,sowing_method,রোপণ পদ্ধতি,সমতল ভূমিতে বর্গাকার কিংবা ষড়ভুজাকার এবং পাহাড়ী জমিতে কন্টুর পদ্ধতিতে কলম রোপণ করতে হবে। কলম রোপণের পর হালকা ও অস্থায়ী ছায়ার ব্যবস্থা করতে পারলে ভালো।
fruit,rambutan,রাম্বুতান,308,sowing_time,রোপণের সময়,মধ্য-সেপ্টেম্বর থেকে মধ্য-অক্টোবর কলম রোপণের উপযুক্ত সময়।
fruit,rambutan,রাম্বুতান,308,other,মাদা তৈরি,"উভয় দিকে 8-10 মিটার দূরত্বে 1 × 1 × 1 মিটার আকারের গর্ত করে উন্মুক্ত অবস্থায় রাখতে হবে। কলম রোপণের 10-15 দিন পূর্বে প্রতি গর্তে 25-30 কেজি পচা গোবর, 500 গ্রাম টিএসপি, 300 গ্রাম এমওপি, 200 গ্রাম জিপসাম ও 50 গ্রাম জিংক সালফেট সার গর্তের মাটির সাথে ভালভাবে মিশিয়ে গর্ত ভরাট করে রেখে দিতে হবে। মাটিতে রসের অভাব থাকলে পানি সেচ দিতে হবে।"
fruit,rambutan,রাম্বুতান,308,sowing_method,চারা রোপণ,গর্ত ভর্তির 10-15 দিন পর নির্বাচিত চারাটি সোজাভাবে গর্তের মাঝখানে লাগিয়ে কলমের চারদিকের মাটি হাত দিয়ে চেপে ভালভাবে বসিয়ে দিতে হবে এবং খুঁটি দিয়ে বেঁধে দিতে হবে যাতে বাতাসে চারার গোড়া নড়ে না যায়। রোপণের পরপরই পানি সেচ দিতে হবে। এরপর নিয়মিত পানি সেচ ও প্রয়োজনে বেড়ার ব্যবস্থা করতে হবে।
fruit,rambutan,রাম্বুতান,308,fertilizer,সার প্রয়োগ,"বয়স বাড়ার সাথে সাথে গাছের যথাযথ বৃদ্ধি ও কাঙ্ক্ষিত ফলনের জন্য সার প্রয়োগ করা আবশ্যক। বিভিন্ন বয়সের গাছের জন্য প্রয়োজনীয় সারের পরিমাণ নিম্নরূপ: উল্লিখিত সার সমান তিন কিস্তিতে প্রয়োগ করতে হবে। প্রথম কিস্তি ফল আহরণের পর (ভাদ্র মাসে), দ্বিতীয় কিস্তি শীতের প্রারম্ভে (কার্তিক মাসে) এবং শেষ কিস্তি গাছে ফল আসার পর (বৈশাখ-জ্যৈষ্ঠ মাসে) প্রয়োগ করতে হবে। প্রয়োজনে সার প্রয়োগের পর সেচ প্রদান করতে হবে।"
fruit,rambutan,রাম্বুতান,308,pest_disease,আগাছা দমন,গাছের স্বাভাবিক বৃদ্ধির জন্য জমিকে আগাছামুক্ত রাখা প্রয়োজন। বর্ষার শুরুতে ও বর্ষার শেষে কোদাল দ্বারা কুপিয়ে বা চাষ দিয়ে আগাছা দমনের ব্যবস্থা করতে হবে। গাছের বয়স গাছপ্রতি সারের পরিমাণ গোবর সার (কেজি) ইউরিয়া (গ্রাম) টিএসপি (গ্রাম) এমওপি (গ্রাম) 1-2 বছর 10-15 200 250 150 2-4 বছর 15-20 300 450 300 5-7 বছর 20-25 450 750 450 8-10 বছর 25-30 750 1200 600 10-15 বছর 30-40 1200 1500 750 15 বছরের উর্ধ্বে 40-50 1500 2000 1000
fruit,rambutan,রাম্বুতান,308,irrigation,পানি সেচ ও নিষ্কাশন,"রাম্বুতান গাছ খরা সংবেদনশীল। চারার বৃদ্ধির জন্য শুকনো মৌসুমে 10-15 দিন পরপর সেচ দিতে হবে। ফলন্ত গাছের বেলায় সম্পূর্ণ ফুল ফোটা পর্যায়ে একবার, ফল মটর দানার মতো হলে একবার এবং এর 15 দিন পর আরও একবার মোট তিনবার সেচের ব্যবস্থা করতে হবে। সার প্রয়োগের পর সেচ দেয়া ভাল। বর্ষার সময় যাতে গাছের গোড়ায় পানি না জমে তার জন্য নিষ্কাশনের ব্যবস্থা করতে হবে। এ ছাড়া ফুল আসার 6-8 সপ্তাহ আগে সামান্য পানির কষ্ট দিলে আগাম ও অধিক ফুল ফুটতে দেখা যায়।"
fruit,rambutan,রাম্বুতান,308,intercultural,ডাল ও মুকুল ছাঁটাইকরণ,"রাম্বুতান গাছকে সধারণত লম্বা ও খাড়াভাবে বাড়তে দেখা যায়। তাই প্রথম দিকেই গাছের সঠিকভাবে প্রুনিং করা জরুরি। ফল সংগ্রহের পরপর ফলের বোটা গোড়া থেকে কেটে দিতে হবে তাতে গাছের নতুন কুঁড়িগুলো দ্রুত বৃদ্ধি পাবে। মৃত, রোগাক্রান্ত এবং লকলকে ডালপালাগুলো নিয়মিত অপসারণ করতে হবে। কলমের ক্ষেত্রে গাছের স্বাভাবিক বৃদ্ধির জন্য প্রথম 3-4 বছর পর্যন্ত মুকুল আসলে তা কেটে দিতে হবে।"
fruit,rambutan,রাম্বুতান,308,harvest,ফল সংগ্রহ,সাধারণত ফল ও স্পাইনলেটের রং লালচে বর্ণ ধারণ করলে ফল সংগ্রহ করতে হবে। অপরিপক্ক ফলে মিষ্টতা ও অন্যান্য গুণাবলী পরিপক্ক ফলের তুলনায় অনেক কম থাকে। ভাল বাজার মূল্য পাওয়ার জন্য ফল লালচে খয়েরী বর্ণ ধারণ করার 10-12 দিনের মধ্যে সংগ্রহ করা ভাল। গাছে ফল অতিরিক্ত পাকিয়ে সংগ্রহ করলে এরিল শুকিয়ে শক্ত হয় এবং ফলের সুগন্ধ ও স্বাদ কমে যায়।
fruit,strawberry,স্ট্রবেরি,310,soil_climate,মাটি ও আবহাওয়া,স্ট্রবেরি মূলত মৃদু শীত প্রধান অঞ্চলের ফসল। কিন্তু গ্রীষ্মায়িত জাত কিছুটা তাপ সহিষ্ণু। দিন ও রাতে যথাক্রমে 20-260 ও 12-160 সে. তাপমাত্রা গ্রীষ্মায়িত জাতসমূহের জন্য প্রয়োজন। ফুল ও ফল আসার সময় শুষ্ক আবহাওয়া আবশ্যক। বাংলাদেশের আবহাওয়ায় রবি মৌসুম স্ট্রবেরি চাষের উপযোগী। বৃষ্টির পানি জমে না এ ধরনের ঊর্বর দোআঁশ থেকে বেলে-দোআঁশ মাটি স্ট্রবেরি চাষের জন্য উত্তম।
fruit,strawberry,স্ট্রবেরি,310,sowing_method,চারা উৎপাদন,স্ট্রবেরি রানারের মাধ্যমে বংশ বিস্তার করে থাকে। তাই পূর্ববর্তী বছরের গাছ নষ্ট না করে জমি থেকে তুলে জৈব পদার্থ সমৃদ্ধ হালকা ছায়াযুক্ত স্থানে রোপণ করতে হবে। উক্ত গাছ হতে উৎপন্ন রানারে যখন শিকড় বের হবে তখন তা কেটে 50 ভাগ গোবর ও 50 ভাগ পলিমাটিযুক্ত পলিথিন ব্যাগে লাগাতে হবে এবং হালকা ছায়াযুক্ত নার্সারিতে সংরক্ষণ করতে হবে। অতিরিক্ত বৃষ্টির হাত হতে চারাকে রক্ষার জন্য বৃষ্টির মৌসুমে চারার উপর পলিথিনের ছাউনি দিতে হবে। রানারের মাধ্যমে বংশ বিস্তার করা হলে স্ট্রবেরির ফলন ক্ষমতা ধীরে ধীরে হ্রাস পেতে থাকে। তাই জাতের ফলন ক্ষমতা অক্ষুন্ন রাখার জন্য টিস্যু কালচারের মাধ্যমে উৎপাদিত চারা ব্যবহার করা উত্তম।
fruit,strawberry,স্ট্রবেরি,310,sowing_method,জমি তৈরি ও চারা রোপণ,স্ট্রবেরি উৎপাদনের জন্য কয়েকবার চাষ ও মই দিয়ে উত্তমরূপে জমি তৈরি করতে হবে। চারা রোপণের জন্য বেড পদ্ধতি অনুসরণ করতে হবে। এ জন্য 1 মিটার প্রশস্ত এবং 15-20 সেমি উঁচু বেড তৈরি করতে হবে। দুটি বেডের মাঝে 40-50 সেমি নালা রাখতে হবে। প্রতি বেডে 50-60 সেমি দূরত্বে দুই সারিতে 30-40 সেমি দূরে দূরে চারা রোপণ করতে হবে। বাংলাদেশের আবহাওয়ায় আশ্বিন মাস (মধ্য-সেপ্টেম্বর থেকে মধ্য-অক্টোবর) স্ট্রবেরির চারা রোপণের উপযুক্ত সময়। তবে নভেম্বর-ডিসেম্বর মাস পর্যন্ত চারা রোপণ করা যায়।
fruit,strawberry,স্ট্রবেরি,310,fertilizer,সার প্রয়োগ,"গুণগত মানসম্পন্ন উচ্চফলন পেতে হলে স্ট্রবেরির জমিতে হেক্টরপ্রতি নিম্নলিখিত পরিমাণ সার প্রয়োগ করতে হবে। শেষ চাষের সময় সম্পূর্ণ গোবর, টিএসপি, জিপসাম ও অর্ধেক পরিমাণ এমওপি সার জমিতে ছিটিয়ে মাটির সাথে ভালভাবে মিশিয়ে দিতে হবে। ইউরিয়া ও অবশিষ্ট এমওপি সার চারা রোপণের 15 দিন পর থেকে 15-20 দিন অন্তর 4-5 কিস্তিতে উপরি প্রয়োগ করতে হবে।"
fruit,strawberry,স্ট্রবেরি,310,irrigation,সেচ ও নিষ্কাশন,জমিতে রসের অভাব দেখা দিলে প্রয়োজন মতো পানি সেচ দিতে হবে। স্ট্রবেরি জলাবদ্ধতা মোটেই সহ্য করতে পারে না। তাই বৃষ্টি বা সেচের অতিরিক্ত পানি দ্রুত নিষ্কাশনের ব্যবস্থা করতে হবে।
fruit,strawberry,স্ট্রবেরি,310,intercultural,অন্তর্বর্তীকালীন পরিচর্যা,সরাসরি মাটির সংস্পর্শে এলে স্ট্রবেরির ফল পচে নষ্ট হয়ে যায়। এ জন্য চারা রোপণের 20-25 দিন পর স্ট্রবেরির বেড খড় বা কাল পলিথিন দিয়ে ঢেকে দিতে হবে। খড়ে যাতে উঁই পোকার আক্রমণ না হয় সেদিকে লক্ষ্য রাখতে হবে। প্রতি লিটার পানির সাথে 3 মিলি ডার্সবান-20 ইসি ও 2 গ্রাম অটোস্টিন ডিএফ মিশিয়ে ঐ দ্রবণে খড় শোধন করে নিলে তাতে উঁই পোকার আক্রমণ হয় না এবং দীর্ঘ দিন তা অবিকৃত থাকে। জমি সবসময় সারের নাম হেক্টরপ্রতি পরিমাণ পচা গোবর 30 (টন) ইউরিয়া 250 (কেজি) টিএসপি 200 (কেজি) এমওপি 220 (কেজি) জিপসাম 150 (কেজি) আগাছামুক্ত রাখতে হবে। গাছের গোড়া হতে নিয়মিতভাবে রানার বের হয়। উক্ত রানারসমূহ 10/15 দিন পর পর কেটে ফেলতে হবে। রানার কেটে না ফেললে গাছের উৎপাদন হ্রাস পায়।
fruit,strawberry,স্ট্রবেরি,310,harvest,ফল সংগ্রহ,ভাদ্র মাসের মাঝামাঝী (অক্টোবরের শুরু) সময়ে রোপণকৃত বারি স্ট্রবেরি-1 এর ফল সংগ্রহ পৌষ মাসে শুরু হয়ে ফাল্গুন মাস পর্যন্ত চলে। ফল পেকে লাল বর্ণ ধারণ করলে ফল সংগ্রহ করতে হয়। স্ট্রবেরির সংরক্ষণ কাল খুবই কম বিধায় ফল সংগ্রহের পর পরই তা টিস্যু পেপার দিয়ে মুড়িয়ে প্লাস্টিকের ঝুড়ি বা ডিমের ট্রেতে এমনভাবে সংরক্ষণ করতে হবে যাতে ফল গাদাগাদি অবস্থায় না থাকে। ফল সংগ্রহের পর যত তাড়াতাড়ি সম্ভব বাজারজাত করতে হবে। স্ট্রবেরির সংরক্ষণ গুণ ও পরিবহন সহিষ্ণুতা কম হওয়ায় বড় বড় শহরের কাছাকাছি এর চাষ করা উত্তম। হেক্টরপ্রতি 35-40 হাজার চারা রোপণ করা যায়। প্রতি গাছে 250-300 গ্রাম হিসেবে ‘বারি স্ট্রবেরি-1’ এর ফলন হেক্টরপ্রতি 10-12 টন।
fruit,strawberry,স্ট্রবেরি,310,other,মাতৃগাছ রক্ষণাবেক্ষণ,স্ট্রবেরি গাছ প্রখর সৌর-তাপ এবং ভারী বর্ষণ সহ্য করতে পারে না। এজন্য মার্চ-এপ্রিল মাসে হালকা ছায়ার ব্যবস্থা করতে হবে। নতুবা ফল আহরণের পর মাতৃ গাছ তুলে টবে রোপণ করে ছায়ায় রাখতে হবে। ফল আহরণ শেষ হওয়ার পর সুস্থ-সবল গাছ তুলে পলিথিন ছাউনির নিচে রোপণ করলে মাতৃ গাছকে খরতাপ ও ভারী বর্ষণের ক্ষতি থেকে রক্ষা করা য়ায়। মাতৃ গাছ থেকে উৎপাদিত রানার পরবর্তী সময়ে চারা হিসেবে ব্যবহার করা হয়।
fruit,strawberry,স্ট্রবেরি,310,intercultural,অন্যান্য পরিচর্যা,
fruit,strawberry,স্ট্রবেরি,310,pest_disease,পাতায় দাগ পড়া রোগ,কোন কোন সময় ছত্রাকজনিত রোগের পাতায় বাদামী রঙের দাগ পরিলক্ষিত হয়। এ রোগের আক্রমণ হলে ফলন এবং ফলের গুণগত মান হ্রাস পায়।
fruit,strawberry,স্ট্রবেরি,310,pest_disease,প্রতিকার,সিকিউর নামক ছত্রাকনাশক প্রতি লিটার পানির সাথে 2 গ্রাম হারে মিশিয়ে 10-15 দিন পরপর 2-3 বার স্প্রে করে সুফল পাওয়া যায়।
fruit,strawberry,স্ট্রবেরি,310,pest_disease,ফল পচা রোগ,এ রোগের আক্রমণে ফলের গায়ে জলে ভেজা বাদামী বা কালো দাগের সৃষ্টি হয়। দাগ দ্রুত বৃদ্ধি পায় এবং ফল খাওয়ার অনুপযোগী হয়ে যায়।
fruit,strawberry,স্ট্রবেরি,310,pest_disease,প্রতিকার,ফল পরিপক্ক হওয়ার পূর্বে নোইন 50 ডব্লিওপি অথবা অটোস্টিন নামক ছত্রাকনাশক প্রতি লিটার পানির সাথে 2 গ্রাম হারে মিশিয়ে 8-10 দিন অন্তর 2-3 বার স্প্রে করতে হবে।
fruit,strawberry,স্ট্রবেরি,310,pest_disease,ভার্টিসিলিয়াম উইল্ট রোগ,এ রোগে আক্রান্ত গাছ হঠাৎ করে দুর্বল ও বিবর্ণ হয়ে পড়ে। আক্রমণ বেশি হলে গাছ বাদামী বর্ণ ধারণ করে এবং মারা যায়। সাধারণত জলাবদ্ধতাসম্পন্ন জমিতে এ রোগের আক্রমণ বেশি হয়।
fruit,strawberry,স্ট্রবেরি,310,pest_disease,প্রতিকার,জমি শুষ্ক রাখতে হবে। পলিথিন মাল্চ ব্যবহার করলে তা তুলে ফেলতে হবে। কপার জাতীয় ছত্রাকনাশক যেমন- বোর্দোমিক্সার (1:1:10) 8-10 দিন পরপর 2-3 বার গাছের গোড়া ও মাটি ভালভাবে ভিজিয়ে স্প্রে করতে হবে।
fruit,velvet apple,বিলাতি গাব,313,soil_climate,জলবায়ু ও মাটি,"গ্রীষ্ম ও অব-গ্রীষ্ম মণ্ডলের উষ্ণ ও আর্দর আবহাওয়া বিলাতি গাব চাষের জন্য উপযোগী। প্রায় সব ধরনের মাটিতে বিলাতি গাব গাছ সহজেই হতে পারে, তবে ঊর্বর মাটিতে বিলাতি গাব ভাল হয়। অনুর্বর মাটিতেও বিলাতি গাব ভাল ফলন দিতে সক্ষম। বিলাতি গাব গাছ অত্যন্ত কষ্ট সহিঞ্চু এবং অনেকটা বিনা যত্নেই ভাল ফলন দিয়ে থাকে। এরা যেমন খরা সহ্য করতে পারে তেমনি গোড়ায় দীর্ঘদিন পানি জমে থাকলেও ক্ষতিগ্রস্ত হয় না।"
fruit,velvet apple,বিলাতি গাব,313,sowing_method,বংশ বিস্তার,বীজের মাধ্যমে সাধারণত বিলাতি গাবের বংশ বিস্তার করা হয়ে থাকে। বীজাবরণ বেশ শক্ত বিধায় পরিপক্ক ফল থেকে বীজ সংগ্রহ করে 24-30 ঘণ্টা পানিতে ভিজিয়ে নিলে অঙ্কুরোদ্গম ত্বরান্বিত হয়। বীজ দ্বারা বংশ বিস্তার করা হলে মাতৃগাছের গুণাগুণ অক্ষুণ্ন থকে না বিধায় অযৌন পদ্ধতিতে বংশ বিস্তার করা উত্তম। অঙ্গজ উপায়ে গুটি কলম এবং এক বছর বয়স্ক বিলাতি গাবের চারার উপর ভিনিয়ার/ক্লেফট পদ্ধতিতে সহজেই বিলাতি গাবের কলম করা যায়। বৈশাখ থেকে আষাঢ় মাস কলম করার উপযুক্ত সময়।
fruit,velvet apple,বিলাতি গাব,313,sowing_method,রোপণ পদ্ধতি,সমতল ভূমিতে বর্গাকার বা ষড়ভুজ প্রণালীতে চারা লাগানো যেতে পারে। কিন্তু উঁচু নিচু পাহাড়ে কন্টুর রোপণ প্রণালী অনুসরণ করতে হবে। মে থেকে অক্টোবর মাস পর্যন্ত বিলাতি গাবের চারা রোপণ করা যায়।
fruit,velvet apple,বিলাতি গাব,313,other,মাদা তৈরি,"চারা রোপণের 15-20 দিন পূর্বে উভয় দিকে 6.0 মিটার দূরত্বে 1 × 1 × 1 মিটার মাপের গর্ত করতে হবে। প্রতি গর্তে 15-20 কেজি কম্পোস্ট বা পচা গোবর, 3-5 কেজি ছাই, 200 গ্রাম টিএসপি এবং 250 গ্রাম এমওপি সার প্রয়োগ করে গর্তের উপরের মাটির সাথে ভালভাবে মিশিয়ে গর্ত ভরাট করতে হবে। গর্ত ভরাট করার 10-15 দিন পর চারা রোপণ করতে হবে।"
fruit,velvet apple,বিলাতি গাব,313,sowing_method,রোপণ পদ্ধতি,"এক বছর বয়সী সুস্থ, সবল ও রোগমুক্ত চারা/কলম রোপণের জন্য নির্বাচন করতে হবে। গর্তে সার প্রয়োগের 10-15 দিন পর নির্বাচিত চারা/কলমটি গর্তের মাঝখানে সোজাভাবে লাগিয়ে তারপর চারদিকে মাটি দিয়ে চারার গোড়ায় মাটি সামান্য চেপে দিতে হবে। রোপণের পরপর খুঁটি দিয়ে চারা/কলমটি খুটির সাথে বেঁধে দিতে হবে। অতঃপর প্রয়োজনমতো পানি ও বেড়ার ব্যবস্থা করতে হবে।"
fruit,velvet apple,বিলাতি গাব,313,fertilizer,সার প্রয়োগ,গাছের বয়স বৃদ্ধির সাথে সাথে সারের চাহিদাও বাড়তে থাকে। প্রতিটি গাছের জন্য সারের পরিমাণ নিম্নে দেয়া হলো: সবটুকু সার তিন ভাগ করে বৈশাখ-জ্যৈষ্ঠ ও ভাদ্র-আশ্বিন ও মাঘ-ফাল্গুন মাসে প্রয়োগ করতে হবে। প্রতিবার সার দেয়ার পর প্রয়োজনে পানি দিতে হবে।
fruit,velvet apple,বিলাতি গাব,313,irrigation,সেচ প্রয়োগ,"চারা রোপণের প্রথমদিকে প্রয়োজনমতো সেচ দেয়া দরকার। খরা বা শুকনো মৌসুমে পানি সেচ দিলে ফল ঝরা কমে, ফলন বৃদ্ধি পায় এবং ফলের আকার ও অন্যান্য গুণাগুণ ভাল হয়। সার গাছের বয়স 1-3 বছর 4-7 বছর 8-10 বছর 10 বছর এর উর্ধ্বে গোবর/কম্পোস্ট 10-15 15-20 20-25 25-30 সার (কেজি) ইউরিয়া (গ্রাম) 200-300 300-450 500-800 1000 টিএসপি (গ্রাম) 150-200 200-300 300-400 500 এমওপি (গ্রাম) 150-200 200-300 300-400 500"
fruit,velvet apple,বিলাতি গাব,313,intercultural,ডাল ছাঁটাইকরণ,"চারা অবস্থায় গাছকে সুন্দর কাঠামো দেয়ার জন্য অপ্রয়োজনীয় ডালপালা ছাঁটাই করে রাখতে হবে। ছাঁটাইয়ের মাধ্যমে গাছের মরা, রোগাক্রান্ত ও পোকামাকড় আক্রান্ত ডালপালা কেটে পরিষ্কার করতে হবে।"
fruit,velvet apple,বিলাতি গাব,313,harvest,ফল সংগ্রহ,শীতের শেষে গাছে ফুল আসে এবং বর্ষার শেষভাগে শ্রাবণ-ভাদ্র মাসে ফল পাকে। ফল পূর্ণতা প্রাপ্তির সাথে সাথে হালকা লাল থেকে উজ্জ্বল বর্ণ ধারণ করে। পরিপক্ক ফল হাত দিয়ে কিংবা জালিযুক্ত বাঁশের কোটা দিয়ে সংগ্রহ করতে হয়।
fruit,wood apple,কদবেল,315,land_preparation,জমি নির্বাচন ও তৈরি,"পূর্ণ রৌদ্রযুক্ত স্থানে কদবেলের চাষ করা উচিত। কদবেল চাষের জন্য বর্ষার পানি জমে না এমন জমি নির্বাচন করতে হবে। এর শিকড় মাটির খুব বেশি গভীরে প্রবেশ করে না তাই জমিতে পানির তল খুব বেশি নিচে থাকা ক্ষতিকর। বাগান আকারে কদবেল আবাদের জন্য সমস্ত আগাছা, মোথা ও পুরাতন গাছের গুঁড়ি উপড়ে ফেলতে হবে। উত্তমরূপে চাষ ও মই দিয়ে জমি তৈরি করার পর নির্দিষ্ট স্থানে চারা রোপণের জন্য গর্ত তৈরি করতে হবে।"
fruit,wood apple,কদবেল,315,spacing,"রোপণ পদ্ধতি, রোপণের সময় ও দূরত্ব",কদবেল গাছ বাগান আকারে করতে চাইলে বর্গাকার পদ্ধতি অনুসরণ করা ভাল। উঁচু নিচু পাহাড়ী এলাকায় কন্টুর রোপণ প্রণালী অবলম্বন করা যেতে পারে। বর্ষার প্রারম্ভে অর্থাৎ বৈশাখ-আষাঢ় (মে- জুলাই) মাস কদবেলের চারা রোপণের উপযুক্ত সময়। অতিরিক্ত বর্ষায় চারা রোপণ না করা ভাল। তবে বর্ষার শেষের দিকে ভাদ্র-আশ্বিন মাসেও গাছ লাগানো চলে। বাগান আকারে কদবেলের চাষ করতে চাইলে 6 মিটার × 6 মিটার দূরত্বে এক বছর বয়সী চারা/কলম রোপণ করা উচিত।
fruit,wood apple,কদবেল,315,other,মাদা তৈরি,"চারা/কলম রোপণের 15-20 দিন পূর্বে 1 মিটার × 1 মিটার × 1 মিটার আকারের গর্ত তৈরি করতে হবে। প্রতি গর্তে 10-15 কেজি গোবর সার, 250 গ্রাম টিএসপি ও 250 গ্রাম এমওপি সার গর্তের মাটির সাথে ভালভাবে মিশিয়ে গর্ত ভরাট করে সেচ দিতে হবে। মাটিতে সার মিশানোর পূর্বে সম্ভব হলে গর্তের মধ্যে কিছু খড়কুটো ও কাঠের গুঁড়া দিয়ে পুড়িয়ে নিলে উইপোকা ও রোগ জীবাণুর আক্রমণ রোধ হবে।"
fruit,wood apple,কদবেল,315,sowing_method,চারা/কলম রোপণ ও পরিচর্যা,গর্তে সার প্রয়োগের 10-15 দিন পর গর্তের মাঝখানে ঠিক খাড়াভাবে চারা রোপণ করতে হবে। চারা রোপণের সময় মাটি নিচের দিকে ভালভাবে চাপ দিতে হয় যাতে চারাটি শক্তভাবে দাড়িয়ে থাকতে পারে। চারাটি একটি বা দুটি খুঁটির সাথে বেঁধে দিতে হবে। গরু ছাগলের উপদ্রব থেকে চারাকে রক্ষার জন্য বেড়ার ব্যবস্থা করতে হবে। চারা রোপণের পর প্রয়োজনীয় সেচের ব্যবস্থা নিতে হবে। এমতাবস্থায় মালচিং দিলে খুবই ভাল হয়।
fruit,wood apple,কদবেল,315,intercultural,ডাল ছাঁটাইকরণ,সাধারণভাবে কদবেলের চারা/কলমের মধ্যে ছোট অবস্থায় ঝোপালো হওয়ার প্রবণতা লক্ষ্য করা যায়। রোপণের পর গোড়ার দিকে 1.0-1.5 মিটার পর্যন্ত সমস্ত ডাল ছাঁটাই করতে হবে। এর ওপর থেকে চতুর্দিকে ছড়ানো 4-5টি ডাল রেখে দিতে হবে যাতে গাছটির একটি সুন্দর কাঠামো তৈরি হয়। ফল সংগ্রহ শেষ হলে গাছের ছোট ছোট ডালপালা ছেটে দেয়া দরকার।
fruit,wood apple,কদবেল,315,fertilizer,গাছে সার প্রয়োগ,"গাছের যথাযথ বৃদ্ধি ও কা•িক্ষত ফলনের জন্য সার প্রয়োগ করা আবশ্যক। গাছের বয়স বৃদ্ধির সাথে সাথে সারের পরিমাণও বাড়াতে হবে। বিভিন্ন বয়সের গাছের জন্য প্রয়োজনীয় সারের পরিমাণ নিচের ছকে দেয়া হল: উল্লিখিত সার সমান তিন কিস্তিতে প্রয়োগ করতে হবে। প্রথম কিস্তি বর্ষার প্রারম্ভে (বৈশাখ-জ্যৈষ্ঠ মাসে), দ্বিতীয় কিস্তি বর্ষার শেষে (ফল আহরণের পর) এবং শেষ কিস্তি শীতের শেষে (মাঘ-ফাল্গুন মাসে) প্রয়োগ করতে হবে। সারগুলো সারের নাম গাছের বয়স (বছর) 1 - 4 5 -10 11 -15 15 এর উর্দ্ধে গোবর (কেজি) 10 -15 15 - 20 20 -30 30 - 40 ইউরিয়া (গ্রাম) 150 -300 450 -600 600 - 750 1000 টিএসপি (গ্রাম) 150 - 200 200 -300 300 - 450 500 এমওপি (গ্রাম) 150 - 200 200 -300 300 - 450 500 জিপসাম (গ্রাম) 100 200 250 300 একত্রে মিশিয়ে গাছের চারদিকে (গোড়া থেকে 0.5-1.0 মিটার জায়গা ছেড়ে দিয়ে শাখা-প্রশাখা বিস্তৃত এলাকা পর্যন্ত) ছিটিয়ে দিতে হবে। এরপর সার ছিটানো জায়গার মাটি কুপিয়ে সারগুলো মাটির সাথে ভালভাবে মিশিয়ে দিতে হবে। মাটিতে প্রয়োজনীয় পরিমাণ রস না থাকলে সার প্রয়োগের পর অবশ্যই সেচ দিতে হবে।"
fruit,wood apple,কদবেল,315,irrigation,সেচ প্রয়োগ,চারা রোপণের পর ঘন ঘন সেচ দেয়া দরকার। খরা বা শুকনো মৌসুমে পানি সেচ দিলে ভাল ফলন পাওয়া যায়।
fruit,wood apple,কদবেল,315,harvest,ফল সংগ্রহ,ফেব্রুয়ারি থেকে এপ্রিল মাসে গাছে ফুল আসে এবং শীতের প্রারম্ভে অর্থাৎ অক্টোবর-নভেম্বর মাসে ফল পাকতে শুরু করে। আমাদের দেশে সাধারণত অপরিপক্ক ফল আহরণ করে কয়েকদিন রোদে রেখে পাকানো হয়। এতে ফলের কা•িক্ষত স্বাদ ও গন্ধ পাওয়া যায় না এবং অনেক ফল নষ্ট হয়। ফল পরিপক্ক হলে এর ত্বক ধুসর মলিন বর্ণ ধারণ করে এবং ফলের বোঁটা আলগা হয়ে যায়। সামান্য ঝাকুনিতেই ফল ঝরে পড়ে। গাছে ঝাকি দিয়ে ফল আহরণ করা উচিৎ নয়। এতে অনেক ফল বিবর্ণ হয়ে যায় এবং ফেটে নষ্ট হয়।
fruit,bael,বেল,316,other,উৎপাদন প্রযুক্তি,"ক্রেফট গ্রাফটিং বা ফাটল কলমের সাহায্যে কলমের চারা তৈরি করা হয়। সাধারণত মে মাসের মাঝামাঝী সময়ে 60 সেন্টিমিটার দৈর্ঘয, প্রস্থ ও গভীরতায় গর্ত করতে হবে। গর্ত করার সময় গর্তের উপরের অর্ধেক অংশের মাটি এক পার্শ্বে এবং নিচের অংশের মাটি অন্য পার্শ্বে রাখতে হবে। গর্ত থেকে মাটি উঠানোর 10 দিন পর্যন্ত গর্তটিকে রৌদ্রে শুকাতে হয়। এরপর প্রতি গর্তে 10 কেজি গোবর সার ও 150 গ্রাম টিএসপি উপরের অংশের মাটির সাথে মিশিয়ে মাটি উলট-পালট করে গর্ত ভরাট করতে হবে। গর্ত ভরাটের সময় উপরের অর্ধেক অংশের মাটি দিয়ে গর্ত ভরাট না করা হলে প্রয়োজনে পার্শ্ব থেকে উপরের মাটি গর্তে দিতে হবে। তবে গর্তের নিচের অংশের মাটি দিয়ে গর্ত ভরাট না করা উত্তম। কলমের চারাটি জুন-জুলাই মাসে নির্ধারিত গর্তে রোপণ করতে হবে। রোপণের পর কলমের চারাটি সোজা করে খুঁটির সাথে বেঁেধ দিতে হবে এবং বৃষ্টি না হলে সেচের ব্যবস্থা করতে হবে। কলমের চারা সংগ্রহ করে সারি থেকে সারি ও চারা থেকে চারা 5 মিটার দূরত্বে গর্ত করে রোপণ করা হয়। গাছের বয়স বৃদ্ধির সাথে সাথে সারের পরিমাণও বৃদ্ধি করতে হবে। গাছের বয়স 1-2 বছর হলে পচা গোবর সার/আবর্জনা পচা সার 15 কেজি, ইউরিয়া সার 250 গ্রাম, টিএসপি সার 200 গ্রাম, এমওপি সার 150 গ্রাম, জিপসাম 100 গ্রাম, জিংক সালফেট 20 গ্রাম এবং বোরিক এসিড বা পাউডার 15 গ্রাম প্রতিটি গাছের জন্য বছরে একবার প্রয়োগ করতে হবে। কারণ ফল সংগ্রহ করার পরপরই গাছে নতুন পাতা আসবে এবং ফুল আসা শুরু করবে। গ্রাফটিং এর গাছ সাধারণত 4-5 বছর পর ফল দিয়ে থাকে।"
fruit,bael,বেল,316,pest_disease,পোকা-মাকড় ও রোগবালাই দমন ব্যবস্থাপনা,"বারি বেল-1 এ পোকা মাকড়ের উপদ্রব কম। জাতটি চাষাবাদে তেমন কোন বালাইনাশকের প্রয়োজন পড়ে না। তবে লেপিডোপটেরা পোকা বেলের পাতা খায়। নতুন পাতা বের হলে সাইপারমেথ্রিন, কার্বারিল, ইমিডাকোপ্রিড গ্রুপের কীটনাশক নির্দেশিত মাত্রায় মাত্র একবার ব্যবহার করলে পোকাটির আক্রমণ থেকে বেলের পাতাকে রক্ষা করা যাবে।"
fruit,Indian olive,জলপাই,317,land_preparation,জমি নির্বাচন ও তৈরি,বন্যার পানি দাঁড়ায় না এমন ধরনের উঁচু বা মাঝারী উঁচু জমি জলপাইয়ের জন্য নির্বাচন করতে হবে। বাগান আকারে চাষ করার ক্ষেত্রে চাষ ও মই দিয়ে ভালভাবে জমি তৈরি করতে হবে। দীর্ঘজীবী আগাছা বিশেষ করে উলু ঘাস সমূলে অপসারণ করতে হবে।
fruit,Indian olive,জলপাই,317,sowing_time,চারা রোপণের সময়,মে-অক্টোবর মাস চারা রোপণের উপযুক্ত সময়। তবে পানি সেচের সুব্যবস্থা থাকলে সারা বছরই চারা রোপণ করা যেতে পারে।
fruit,Indian olive,জলপাই,317,other,গর্ত তৈরি,"কলম রোপণের অন্তত 15-20 দিন পূর্বে 7 মিটার × 7 মিটার দূরত্বে 1 মিটার × 1 মিটার × 1 মিটার আকারের গর্ত করে উন্মুক্ত অবস্থায় রাখতে হবে। কলম রোপণের 10-15 দিন পূর্বে গর্তপ্রতি 15-20 কেজি পচা গোবর, 300-400 গ্রাম টিএসপি, 250-300 গ্রাম এমওপি, 200 গ্রাম জিপসাম ও 50 গ্রাম জিংক সালফেট সার গর্তের মাটির সাথে ভালভাবে মিশিয়ে গর্ত বন্ধ করে রেখে দিতে হবে। মাটিতে রসের পরিমাণ কম থাকলে পানি সেচের ব্যবস্থা করতে হবে।"
fruit,Indian olive,জলপাই,317,sowing_method,চারা রোপণ ও পরিচর্যা,গর্ত ভর্তির 10-15 দিন পর নির্বাচিত চারাটি গর্তের ঠিক মাঝখানে এমনভাবে বসাতে হবে যেন চারার গোড়া ঠিক খাড়া থাকে এবং কোনভাবে আঘাত পাবার সম্ভাবনা না থাকে। চারা রোপণের পরপর পানি দিতে হবে এবং খুঁটি ও বেড়ার ব্যবস্থা করতে হবে। তারপর 1-2 দিন অন্তর পানি দেয়ার ব্যবস্থা করতে হবে।
fruit,Indian olive,জলপাই,317,fertilizer,বেল গাছে সার প্রয়োগ,গাছের যথাযথ বৃদ্ধি ও কা•িক্ষত ফলনের জন্য সার প্রয়োগ করা আবশ্যক। গাছের বয়স বৃদ্ধির সাথে সাথে সারের পরিমাণও বাড়াতে হবে। বিভিন্ন বয়সের গাছের জন্য প্রয়োজনীয় সারের পরিমাণ নিচের ছকে দেয়া হলো:
fruit,Indian olive,জলপাই,317,fertilizer,সারের নাম,
fruit,Indian olive,জলপাই,317,other,গাছের বয়স (বছর),"1-4 5-10 11-15 15 এর উর্দ্ধে গোবর (কেজি) 10-15 15-20 20-30 30-40 ইউরিয়া (গ্রাম) 300 750 1000 1200 টিএসপি (গ্রাম) 300 450 900 1200 এমওপি (গ্রাম) 300 450 600 750 জিপসাম (গ্রাম) 100 200 250 300 উল্লিখিত সার সমান তিন কিস্তিতে প্রয়োগ করতে হবে। প্রথম কিস্তি চৈত্র–বৈশাখ মাসে (ফল আহরণের পর), দ্বিতীয় কিস্তি ফল বাড়ন্ত পর্যায়ে (আষাঢ়–শ্রাবন মাসে) এবং শেষ কিস্তি আশ্বিন-কার্তিক মাসে প্রয়োগ করতে হবে। সারগুলো একত্রে মিশিয়ে গাছের চারদিকে গোড়া থেকে 0.5-1.0 মিটার জায়গা ছেড়ে দিয়ে শাখা-প্রশাখা বিস্তৃত এলাকা পর্যন্ত ছিটিয়ে দিতে হবে। এরপর সার ছিটানো জায়গার মাটি কুপিয়ে সারগুলো মাটির সাথে ভালভাবে মিশিয়ে দিতে হবে। মাটিতে প্রয়োজনীয় পরিমাণ রস না থাকলে সার প্রয়োগের পর অবশ্যই সেচ দিতে হবে।"
fruit,Indian olive,জলপাই,317,irrigation,সেচ প্রয়োগ ও পানি নিষ্কাশন,"যেহেতু জলপাই গাছ শুকনো আবহাওয়া ও খরা সহ্য করতে পারে, সেজন্য বৃষ্টিপাতের পরিমাণ, মাটি ও গাছের বয়সের উপর ভিত্তি করে সেচের ব্যবস্থা করতে হবে। শীতকালে 4-5 সপ্তাহ ও গরমকালে 2-3 সপ্তাহ পর পর সেচ দিলে ভাল হয়। ফল ধরনের পর কমপক্ষে দুবার সেচ দিতে হবে। বর্ষা মৌসুমে গাছের গোড়ায় যাতে জলবদ্ধতা না হয় সে জন্য দ্রুত পানি নিষ্কশনের সুব্যবস্থা থাকতে হবে।"
fruit,Indian olive,জলপাই,317,other,বোরনের অভাব,বোরনের অভাবে ফলের গায়ে দাদের মত খসখসে দাগ পড়ে। এত ফলের উজ্জ্বলতা নষ্ট হয় এবং বাজার মূল্য হ্রাস পায়।
fruit,Indian olive,জলপাই,317,pest_disease,প্রতিকার,বর্ষার শেষের দিকে সার প্রয়োগের সময় গাছপ্রতি 50 গ্রাম হারে বরিক এসিড বা 100 গ্রাম হারে বোরাক্স প্রয়োগ করতে হবে। ফলন্ত গাছে 0.2% হারে বোরিক এসিড স্প্রে করলেও উপকার পাওয়া যায়।
fruit,Indian olive,জলপাই,317,harvest,ফল সংগ্রহ,বর্ষার প্রারম্ভে এপ্রিল-মে মাসে গাছে ফুল আসে এবং শীতের পূর্বে নভেম্বর-ডিসেম্বর মাসে ফল পরিপক্ক হয়। পাকার পরও ফল সবুজ থাকে। তাই ফলের আকার বৃদ্ধির উপর ভিত্তি করে ফল সংগ্রহ করতে হবে। ডালপালায় ঝাকুনি দিয়ে ফল মাটিতে ফেললে ফল আঘাতপ্রাপ্ত হয়ে দ্রুত নষ্ট হয়ে যায়। তবে গাছের নিচে জাল ধরে শাখায় ঝাকুনি দিয়েও ফল সংগ্রহ করা যায়। ভাল যত্ন নিলে পূর্ণ বয়স্ক গাছ থেকে প্রতি বছর 200-250 কেজি ফল পাওয়া যায়।
fruit,pear,নাশপাতি,321,soil_climate,জলবায়ু ও মাটি,"সাধারণভাবে নাশপাতিকে শীতপ্রধান অঞ্চলের ফল হিসেবে গণ্য করা হয়। যেকোন ধরনের সুনিষ্কাশিত মাটিতে নাশপাতি চাষ করা যায়। তবে ঊর্বর, সুনিষ্কাশিত দোআঁশ মাটি উত্তম। নাশপাতি চাষের জন্য সূর্যালোক প্রয়োজন। শুষ্ক গরম বায়ু নাশপাতির জন্য ক্ষতিকর। মাটির পিএইচ মান 5.5-7.5 উত্তম। নাশপাতি গাছ লবণাক্ততা সহ্য করতে পারে না।"
fruit,pear,নাশপাতি,321,sowing_method,বংশ বিস্তার,স্টেম কাটিং বা শাখা কর্তন ও গুটি কলমের মাধ্যমে নাশপাতির বংশ বিস্তার করা যায়। বর্ষাকাল কলম করার উপযুক্ত সময়। এক বছর বয়স্ক পেন্সিল আকৃতির ডাল কলমের জন্য নির্বাচন করা হয়। ছিদ্রযুক্ত পলিথিনে কলম স্থাপন করে নার্সারিতে ঝাঝরী দিয়ে পানি দেয়াসহ প্রয়োজনীয় পরিচর্যা করলে এক বছরের মধ্যে চারা রোপণের উপযোগী হয়।
fruit,pear,নাশপাতি,321,land_preparation,জমি তৈরি,"সুনিষ্কাশিত উঁচু জমি যেখানে কখনই পানি দাঁড়ায় না নাশপাতির জন্য এরকম জমি উত্তম। পাহাড়ের হালকা ঢালু জমিতে নাশপাতি ভাল জন্মে। জমি গভীরভাবে চাষ দিয়ে আগাছা ভালভাবে পরিষ্কার করে জমি তৈরি করতে হয়। চারা রোপণ করার জন্য 75 × 75 × 75 সেমি আকারের গর্ত করে প্রতি গর্তে 15 কেজি পচা গোবর, 250 গ্রাম টিএসপি, 200 গ্রাম এমওপি ও 20 গ্রাম বরিক এসিড মিশ্রিত করে 15/20 দিন রেখে দিয়ে তারপর চারা লাগাতে হবে।"
fruit,pear,নাশপাতি,321,sowing_method,রোপণ ও পরিচর্যা,সাধারণত সমতল ভ‚মিতে বর্গাকার এবং পাহাড়ের ঢালে কন্টুর রোপণ পদ্ধতি অনুসরণ করা হয়। জুন থেকে অক্টোবর মাস পর্যস্ত চারা লাগানোর উত্তম সময়। তবে সেচ সুবিধা থাকলে সারা বছরই চারা লাগানো যায়। সারি থেকে সারি এবং চারা থেকে চারার দূরত্ব 4 মিটার। এ হিসেবে প্রতি হেক্টর জমিতে 625টি চারা দরকার হয়। মাদা তৈরি করার পর তাতে 15-20 দিন পর চারা বা কলম লাগাতে হয়। গর্তের ঠিক মাঝখানে চারা লাগাতে হবে তারপর খুঁটি দিয়ে চারাটি বেঁধে দিতে হবে যাতে হেলে না পড়ে। চারা লাগানোর পর চারার গোড়ায় ঝাঝরী দিয়ে পানি দিতে হবে। প্রয়োজনে বেড়ার ব্যবস্থা করতে হবে।
fruit,pear,নাশপাতি,321,fertilizer,সার প্রয়োগ,বয়স অনুপাতে গাছপ্রতি সারের পরিমাণ নিচে দেয়া হলো। উল্লিখিত সার সমান দুই ভাগ করে বর্ষার আগে একভাগ ও বর্ষার পর বাকি একভাগ প্রয়োগ করতে হবে। সার প্রয়োগ করার সময় ঠিক মধ্য দুপুরে গাছের ছায়া গোড়ার চারদিকে যতটুকু জায়গায় বিস্তৃত হয় এবং গাছের গোড়া থেকে 0.5 থেকে 1.0 মিটার জায়গা খালি রেখে সেই পরিমাণ জায়গায় ছিটিয়ে কোদাল দিয়ে হালকা করে মাটির সাথে মিশিয়ে দিতে হবে। পাহাড়ের ঢাল বেশি হলে ঢালের উপরের দিকে গাছের গোড়া থেকে 40 সেমি দূরে 1 মিটার এর মধ্যে চোখা মাথা খুঁটির সাহায্যে গর্ত করে সার প্রয়োগ করে গর্তের মুখ মাটি দিয়ে বন্ধ করে দিতে হবে। সার প্রয়োগ করার পর প্রয়োজনে সেচ দিতে হবে।
fruit,pear,নাশপাতি,321,pest_disease,আগাছা দমন,গাছের পর্যাপ্ত বৃদ্ধি ও ফলনের জন্য সবসময় জমি পরিষ্কার বা আগাছামুক্ত রাখতে হবে। বিশেষ করে গাছের গোড়া থেকে চারদিকে 1 মিটার পর্যন্ত জায়গা সবসময় আগাছামুক্ত রাখতে হবে।
fruit,pear,নাশপাতি,321,pest_disease,গাছের বয়স পচা গোবর ইউরিয়া টিএসপি এমওপি বরিক এসিড,
fruit,pear,নাশপাতি,321,other,(কেজি) (গ্রাম) (গ্রাম) (গ্রাম) (গ্রাম),1-2 বছর 10 200 250 200 20 3-5 বছর 15 500 400 400 30 6-9 বছর 20 750 500 600 40 10 বছর ও তদুর্ধ্ব 30 1000 750 800 40
fruit,pear,নাশপাতি,321,irrigation,সেচ ও নিষ্কাশন,চারা রোপণের পর ঝরনা দিয়ে বেশ কিছু দিন পর্যস্ত সেচ দিতে হয়। সর্বোচ্চ ফলনের জন্য ফুল আসা ও ফলের বিকাশের সময় মাটিতে পর্যাপ্ত আর্দ্রতা থাকা আবশ্যক। এ জন্য খরা মৌসুমে সেচ দেয়া প্রয়োজন। বর্ষাকালে গাছের গোড়ায় যাতে পানি জমতে না পারে সে জন্য নিষ্কাশনের ব্যবস্থা করতে হবে।
fruit,pear,নাশপাতি,321,intercultural,ডাল ছাঁটাইকরণ,গাছের উচ্চতা 40-50 সেমি হলে ডগা ভেঙ্গে দিতে হবে। পরের বছর পার্শ্ব শাখা 20-25 সেমি রেখে কেটে দিতে হবে। গাছের গোড়ার দিকে জল/শোষক শাখা বের হলে কেটে ফেলতে হবে। গাছ বড় হলে ডালগুলো ভূমির দিকে বাঁকা করে দিলে বেশি ফলন পাওয়া যায়।
fruit,pear,নাশপাতি,321,other,ডাল নুয়ে দেয়া,নাশপাতির খাড়া ডালে নতুন শাখা ও ফল কম হয়। এ জন্য খাড়া ডাল ওজন অথবা টানার সাহায্যে নুয়ে দিলে প্রচুর সংখ্যক নতুন শাখা গজায়। এতে ফলন ও ফলের গুণগত মান বৃদ্ধি পায়।
fruit,pear,নাশপাতি,321,harvest,ফল সংগ্রহ ও ফলন,মার্চ-এপ্রিল মাসে গাছে ফুল আসে। জুলাই মাসের শেষ পক্ষে ফল সংগ্রহের উপযুক্ত সময়। ফল অতি সাবধানে সংগ্রহ করা প্রয়োজন যাতে মাটিতে না পড়ে। কারণ আঘাতপ্রাপ্ত ফল সংরক্ষণ করা যায় না। ফল সংগ্রহের পর সংরক্ষণের জন্য ভালভাবে বাছাই করা দরকার যাতে কোনরূপ ত্রুটিযুক্ত ফল না থাকে। তারপর কাগজ বা কাঠের বাক্সে করে বাজারজাত করা উত্তম। এভাবে 10-12 দিন পর্যস্ত ফল সংরক্ষণ করা যায়। গাছের বয়স ও আকারভেদে নাশপাতির ফলনে তারতম্য ঘটে। একটি পূর্ণ বয়স্ক গাছ থেকে 20 - 40 কেজি পর্যস্ত ফল সংগ্রহ করা যায়।
fruit,passion fruit,প্যাশন ফল,322,soil_climate,জলবায়ু ও মাটি,"সাধারণভাবে প্যাশন ফলকে উষ্ণ ও অব-উষ্ণ অঞ্চলের ফল হিসেবে গণ্য করা হয়। অধিক উষ্ণতা ও শৈত্য কোনটাই এ ফলের জন্য ভাল নয়। বৃষ্টিপাত ফুলের পরাগায়ণে বিঘ্ন সৃষ্টি করে। যে কোন ধরনের সুনিষ্কাশিত মাটিতে প্যাশন ফলের চাষ করা যায়। তবে ঊর্বর, সুনিষ্কাশিত দোআঁশ মাটি উত্তম। প্যাশন ফল জলাবদ্ধতা মোটেই সহ্য করতে পারে না। মাটির অম্ল-ক্ষারত্ব (pH) 5.5-7.5 উত্তম। ক্ষারত্ব 5.5 এর নিচে হলে চুন প্রয়োগ করা অত্যাবশ্যক। প্যাশন ফল লবণাক্ততা সহ্য করতে পারে না।"
fruit,passion fruit,প্যাশন ফল,322,sowing_method,বংশবিস্তার,বীজ দ্বারা সহজেই প্যাশন ফলের বংশবিস্তার করা যায়। তবে বীজ থেকে উৎপাদিত চারায় মাতৃ গাছের বৈশিষ্ট্য অক্ষুণ্ন থাকে না বিধায় অঙ্গজ পদ্ধতিতে বংশ বিস্তার করা উত্তম। স্টেম কাটিং বা শাখা কর্তনের মাধ্যমে প্যাশন ফলের অঙ্গজ বংশ বিস্তার করা যায়। এক থেকে দেড় বছর বয়সী শাখা নির্বাচন করে তা থেকে 20-30 সেমি লম্বা করে কেটে একেকটি শাখা কলম তৈরি করা হয় যাতে অস্তত 2-3টি পর্বসন্ধি (নোড) থাকে। কাটিং এর নিচের পর্ব হতে 1-2 সেমি নিচে তেরসা কাট দিয়ে এর নিচের পর্বসহ একেকটি কাটিং পৃথক পৃথক পলিব্যাগের মাটিতে 450 কোণ করে পুঁতে চারা তৈরি করা হয়। কাটিং দ্বারা চারা তৈরির উপযুক্ত সময় হচ্ছে জুন-আগস্ট মাস।
fruit,passion fruit,প্যাশন ফল,322,land_preparation,জমি তৈরি,"সুনিষ্কাশিত উঁচু জমিতে যেখানে কখনই পানি দাঁড়ায় না প্যাশন ফলের জন্য এরকম জমি উত্তম। জমি গভীরভাবে চাষ দিয়ে আগাছা ভালভাবে পরিষ্কার করে জমি তৈরি করতে হয়। চারা রোপণ করার জন্য 45 × 45 × 45 সেমি গর্ত করে প্রতি গর্তে 10 কেজি জৈব সার, 200 গ্রাম টিএসপি, 200 গ্রাম এমওপি সার মিশ্রিত করে 15/20 দিন রেখে দিয়ে তারপর চারা লাগাতে হবে।"
fruit,passion fruit,প্যাশন ফল,322,sowing_method,চারা/কলম রোপণ ও পরিচর্যা,বাণিজ্যিকভাবে প্যাশন ফল সারি করে লাগাতে হয়। সাধারণত জুন থেকে আগস্ট মাস পর্যস্ত চারা লাগানোর উত্তম সময় তবে যদি সেচ সুবিধা থাকে তাহলে সারা বছর চারা লাগানো যায়। সারি থেকে সারি এবং চারা থেকে চারার দূরত্ব 4 মিটার। এই হিসেবে প্রতিহেক্টর জমিতে 625টি চারা/কলম দরকার হয়। মাদা তৈরির 15-20 দিন পর চারা বা কলম গর্তের ঠিক মাঝখানে লাগাতে হয়। রোপণের পর হাত দিয়ে আলতোভাবে মাটি চারার গোড়ার চারদিকে বসিয়ে দিতে হবে। তারপর খুঁটি দিয়ে চারাটি খুঁটির সাথে বেঁধে দিতে হবে যাতে হেলে না পড়ে। চারা লাগানোর পরপরই চারার গোড়ায় পানি দিতে হবে এবং বেড়ার ব্যবস্থা করতে হবে।
fruit,passion fruit,প্যাশন ফল,322,fertilizer,সার প্রয়োগ,"নিচে বয়স অনুপাতে গাছপ্রতি সারের পরিমাণ দেওয়া হলো। উল্লিখিত সার সমান 3 কিস্তিতে শীতের শেষে (ফেব্রুয়ারি), বর্ষার আগে (এপ্রিল-মে) ও বর্ষার শেষে (সেপ্টেম্বর-অক্টোবর) গাছের গোড়া থেকে সামান্য দূরে প্রয়োগ করে হালকা করে কুপিয়ে মাটির সাথে ভালভাবে মিশিয়ে দিতে হবে।"
fruit,passion fruit,প্যাশন ফল,322,pest_disease,আগাছা দমন,গাছের পর্যাপ্ত বৃদ্ধি ও ফলনের জন্য সবসময় জমি পরিষ্কার বা আগাছামুক্ত রাখতে হবে। বিশেষ করে গাছের গোড়া থেকে চারদিকে এক মিটার পর্যস্ত জায়গা সবসময় আগাছামুক্ত রাখতে হবে।
fruit,passion fruit,প্যাশন ফল,322,irrigation,সেচ ও নিষ্কাশন,চারা রোপণের পর বেশ কিছু দিন পর্যন্ত নিয়মিত সেচ দিতে হয়। সর্বোচ্চ ফলনের জন্য ফুল আসা ও ফলের বিকাশের সময় মাটিতে পর্যাপ্ত আর্দ্রতা থাকা আবশ্যক। এ জন্য খরা মৌসুমে প্যাশন ফলে সেচ দেওয়া প্রয়োজন। বর্ষাকালে গাছের গোড়ায় যাতে পানি জমতে না পারে সেজন্য নিষ্কাশনের সুবন্দোবস্ত করতে হবে।
fruit,passion fruit,প্যাশন ফল,322,intercultural,ডাল ছাঁটাইকরণ,গাছের গোড়া থেকে 1.5- 2.0 মিটার পর্যস্ত কোন ডালপালা রাখা হয় না তাই এ সমস্ত ডালা সব সময় কেটে দেওয়া ভাল। যেহেতু নতুন শাখায় বেশি ফুল ও ফল উৎপন্ন হয় তাই প্রতি বছর নিয়মিত কিছু শাখা প্রশাখা কেটে দিলে ভাল ফলন পাওয়া যায়। মাঝে মাঝে পুরাতন ও মরা ডাল কেটে দিতে হয়। শীতকালই ডাল ছাঁটাইকরণের উপযুক্ত সময়।
fruit,passion fruit,প্যাশন ফল,322,intercultural,মাচা তৈরি,লতা জাতীয় গাছ হওয়ায় প্যাশন ফলে মাচা দেয়া আবশ্যক। প্যাশন ফল বাণিজ্যিকভাবে চাষের জন্য বিভিন্ন ধরনের মাচা তৈরি করা হয়ে থাকে। জিআই তার দিয়ে স্থায়ীভাবে মাচা তৈরি করা যায়। তবে অস্থায়ীভাবে বাঁশ দ্বারাও মাচা তৈরি করা যায়। চারা লাগানোর পর যখন চারা বাড়তে শুরু করে অর্থাৎ 3-4 মাস পর মাচা তৈরি করতে হয় যাতে গাছের লতা সহজেই মাচায় উঠতে পারে। মাচার উচ্চতা 1.5 মিটার হলে ভাল হয় যাতে সহজে ফল আহরণ করা যায় ও অন্যান্য পরিচর্যা করতে সুবিধা হয়। প্রতি 1/2 সারিতে 1টি করে মাচা তৈরি করা যায়।
fruit,passion fruit,প্যাশন ফল,322,harvest,ফল সংগ্রহ,প্যাশন ফলে ফুল আসার প্রধান মৌসুম হল মার্চ মাস এবং তা থেকে জুলাই-আগস্ট মাসে ফল আহরণ করা হয়। আবার অনেক সময় আগস্ট মাসেও কিছু ফুল আসে তা থেকে ডিসেম্বর-জানুয়ারি মাসে ফল আহরণ করা যায়। ফল গাছের বয়স গোবর ইউরিয়া টিএসপি এমওপি (কেজি) (গ্রাম) (গ্রাম) (গ্রাম) 1-2 বছর 6 150 150 150 3-5 বছর 8 300 300 300 6-9 বছর 10 450 450 450 10 বছর ও তদুর্ধ্ব 15 600 450 600 সংগ্রহ করার পর প্রথমে সর্টিং এর মাধ্যমে ভাল ও ত্রুটিপূর্ণ (বাজারজাতকরণের অনুপযোগী) ফলগুলো আলাদা করা হয়। তারপর ভাল ফলগুলো গ্রেডিং এর মাধ্যমে বিভিন্ন সাইজ অনুপাতে ভাগ করে বাজারজাত করা হয়।
fruit,passion fruit,প্যাশন ফল,322,intercultural,অন্যান্য পরিচর্যা,
fruit,passion fruit,প্যাশন ফল,322,pest_disease,মাছি পোকা দমন,ফলের মাছি পোকা বা ফ্রুট ফ্লাই অনেক সময় কচি ফলের গায়ে ছিদ্র করে ডিম পাড়ে এবং তাতে ফল কুচকে যায় ও অপরিপক্ক অবস্থায় ফল ঝরে পড়ে। সেক্স ফেরোমন ফাদ ব্যবহার করে মাছি পোকা সাফল্যজনক ভাবে দমন করা যায়। ফলে ব্যাগিং করেও মাছি পোকা দমন করা যায়।
fruit,passion fruit,প্যাশন ফল,322,other,উডিনেস (,Woodiness
fruit,passion fruit,প্যাশন ফল,322,pest_disease,) রোগ দমন,অনেক সময় উডিনেস (Woodiness) নামক একটি রোগ নাশপাতি গাছে দেখা যায় যা কিউকাম্বার মোজাইক ভাইরাস দ্বারা সংক্রমিত হয়। এ রোগ আক্রান্ত পাতা বিবর্ণ হয়ে আকারে ছোট হয়। ফলের খোসা মোটা ও শক্ত হয় এবং অল্প পাল্প উৎপন্ন হয়। জাব পোকা (Aphid) দ্বারা এ রোগ ছড়ায়। এ রোগের প্রতিকারের জন্য বাহক পোকা দমন করতে হয়।
fruit,tamarind,তেঁতুল,324,other,উৎপাদন প্রযুক্তি,"তেঁতুল আমাদের দেশে অত্যন্ত সুপরিচিত একটি ফল হলেও মিষ্টি তেঁতুল ততোটাই অপরিচিত। তেঁতুলের নাম শোনা মাত্রই সবার কাছে একটি টক স্বাদের ফলের কথা মনে পড়ে যায়। কিন্তু এই তেঁতুলটি সম্পূর্ণ মিষ্টি স্বাদযুক্ত একটি ফল। 2009 সালে পাহাড়ী কৃষি গবেষণা কেন্দ্র, খাগড়াছড়ি ‘বারি তেঁতুল-1’ নামে একটি মিষ্টি তেঁতুলের জাত উদ্ভাবন করেছে। এই মিষ্টি তেঁতুলের উৎপত্তিস্থল থাইল্যান্ড। 1999 সালে প্রথম খাগড়াছড়িতে এর গাছ লাগানো হয় এবং 2007 সালে এটি প্রথম ফল দেয়। মিষ্টি তেঁতুল লিগিউমিনোসী (Leguminosae) পরিবারভুক্ত উদ্ভিদ। খাদ্যমানের দিক থেকেও এটি একটি অত্যন্ত সুস্বাদু ও পুষ্টিমান সমৃদ্ধ ফল। প্রতি 100 গ্রাম মিষ্টি তেঁতুলে 70 গ্রাম ক্যালরি, 14.7 গ্রাম কার্বোহাইড্রেট, 867 আই.ইউ ভিটামিন ‘এ’, 429 মি. গ্রাম ক্যালসিয়াম, 44 মি. গ্রাম ভিটামিন ‘সি’, 2.3 গ্রাম প্রোটিন ও 6.3 গ্রাম আঁশ পাওয়া পায়। তদুপরি মিষ্টি তেঁতুলে রোগবালাই ও পোকার আক্রমণ তুলনামূলকভাবে অনেক কম এবং এর চাষাবাদ সহজ হওয়ায় বাংলাদেশে বিশেষ করে পার্বত্য অঞ্চলে এর চাষাবাদের ব্যাপক সম্ভাবনা রয়েছে। মিষ্টি তেঁতুলের বাজার মূল্য ও চাহিদা খুব বেশি। তাই বাংলাদেশে এর চাষাবাদ ও প্রচার ব্যাপকভাবে বৃদ্ধি করা দরকার।"
fruit,tamarind,তেঁতুল,324,soil_climate,জলবায়ু ও মাটি,"মিষ্টি তেঁতুল মৃদু উষ্ণমণ্ডলীয় অঞ্চলে ভাল জন্মে। তবে সুনিষ্কাশনের ব্যবস্থা থাকলে ভারী বৃষ্টিপাতযুক্ত স্থানেও হয়। উঁচু, ঊর্বর, গভীর সুনিষ্কাশিত এবং মৃদু অম্লভাবাপন্ন বেলে দোআঁশ মাটিতে ভাল হয়। মিষ্টি তেঁতুলের জন্য সর্বোচ্চ 46 ডিগ্রি সে. তাপমাত্রা এবং বাৎসরিক 500-1500 মি.মি. বৃষ্টিপাতের প্রয়োজন। মিষ্টি তেঁতুল সমুদ্র সমতল থেকে প্রায় 1,000 মি. উচ্চতা পর্যন্ত জন্মে। সাধারণত এ গাছ মৃদু অম্ল ও ক্ষারযুক্ত মাটি সহ্য করতে পারে। কিন্তু বেলে দোআঁশ মাটিতেও ভাল হয়।"
fruit,tamarind,তেঁতুল,324,sowing_method,বংশবিস্তার,বীজ এবং অঙ্গজ দুই ভাবেই মিষ্টি তেঁতুলের বংশবিস্তার করা সম্ভব।
fruit,tamarind,তেঁতুল,324,other,বীজ দ্বারা,পরিপক্ক বীজ বীজতলায় চারা তৈরি করে বংশ বিস্তার করা যায়। এক্ষেত্রে বীজ গজানোর জন্য এক সপ্তাহ সময় লাগে। মিষ্টি তেঁতুলের বীজ ভালভাবে শুকিয়ে রাখলে কয়েক মাস পর্যন্ত এর সজীবতা বজায় থাকে। কিন্তু বংশ বিস্তারের জন্য সংগৃহীত বীজ একটি উৎকৃষ্ট মানসম্পন্ন গাছ থেকে নির্বাচিত হওয়া উচিত। বীজ থেকে প্রাপ্ত গাছের গুণাগুণ মাতৃগাছের মত না হওয়ায় এবং ফলন দেরিতে হওয়ায় এ পদ্ধতি অনেক ক্ষেত্রেই পরিহার করা হয়। বীজ থেকে প্রাপ্ত গাছ 7-8 বছরে ফল দেয়।
fruit,tamarind,তেঁতুল,324,sowing_method,অঙ্গজ বংশবিস্তার,"মিষ্টি তেঁতুলের ক্ষেত্রে অঙ্গজ উপায়ে বংশবিস্তার করে ভাল ফল পাওয়া সম্ভব। অঙ্গজ উপায়ে উৎপাদিত গাছে মাতৃগাছের গুণাগুণ বজায় থাকে। এক্ষেত্রে গুটি কলম ও গ্রাফটিং এর মাধ্যমে ভাল ফল পাওয়া যায়। এরকম গাছ থেকে 3-4 বছরের মধ্যেই ফল পাওয়া সম্ভব। কিন্তু এই সব পদ্ধতির ক্ষেত্রে গাছের কাণ্ডটি নির্বাচনের পূর্বে খুব ভাল করে খেয়াল করতে হবে যে, তা যেন রোগ ও পোকামাকড়ের আক্রমণ থেকে মুক্ত হয়।"
fruit,tamarind,তেঁতুল,324,other,লেয়ারিং,"(Layering): বর্ষাকাল গুটি কলম করার উপযুক্ত সময়। এক বছর বয়স্ক পেন্সিল আকৃতির ডাল গুটি কলমের জন্য নির্বাচন করা হয়। শাখার অগ্রভাগ থেকে 30-40 সেমি দূরে পর্বসন্ধি থেকে 1 সেমি নিচে 3-4 সেমি জায়গা জুড়ে শাখার চতুর্দিকের বাকল তুলে ফেলা হয়। তারপর ক্ষতস্থানে লালচে স্তর (ক্যাম্বিয়াম) চাকু দ্বারা ভালভাবে চেঁছে তুলে ফেলা হয়। ক্যাম্বিয়াম স্তর না তুলে ফেলা হলে এতে শিকড় গজায় না। এরপর ক্ষতস্থানের অগ্রবর্তী নিকটতম পর্বসন্ধিসহ ক্ষতস্থানটিকে শিকড় মাধ্যম (অর্ধেক মাটি, অর্ধেক গোবর ও পানির মিশ্রণে তৈরি পেস্টের মতো) দ্বারা আবৃত করে সাদা পলিথিন কাগজ দ্বারা পেঁচিয়ে চিকন সুতলি দ্বারা বেঁধে দিতে হবে। এ কলম করার 4-8 সপ্তাহের মধ্যে এতে শিকড় গজায়। শিকড় গজানোর পর গুটির 1-2 সেমি নিচে 2-3 ধাপে কলমটিকে কেটে মাতৃগাছ থেকে বিচ্ছিন্ন করতে হবে। কিছু পাতা ফেলে দিয়ে ছিদ্রযুক্ত পলিথিনে কলম স্থাপন করে নার্সারিতে ঝাঁঝড়ি দিয়ে পানি দেয়াসহ প্রয়োজনীয় পরিচর্যা করলে এক বছরের মধ্যে চারা রোপণের উপযোগী হয়।"
fruit,tamarind,তেঁতুল,324,other,গ্রাফটিং,গ্রাফটিং বলতে বুঝায় একটি কা•িক্ষত গাছের একটি কাণ্ড বা মুকুল কেটে নিয়ে অপর একটি গাছে (রুটস্টক) প্রতিস্থাপন করা। তারপর প্রতিস্থাপিত কাণ্ডটি অথবা মুকুলটি রুটস্টকের সাথে সফলভাবে জোড়া লেগে গেলেই গ্রাফটিং সফলভাবে শেষ হয়েছে বলে ধরে নেয়া হয়। গ্রাফটিং করার সময় সাধারণত একটি অধিক কা•িক্ষত বৈশিষ্ট্য সম্পন্ন গাছ থেকে কাণ্ড বা কুঁড়ি সংগ্রহ করে অপর একটি সাধারণ রুটস্টকে সংযোজন করা হয়। গ্রাফটিং ফল ধারণের সময় কমিয়ে আনে এবং রোগ প্রতিরোধ ক্ষমতা বৃদ্ধি করে।
fruit,tamarind,তেঁতুল,324,other,গ্রাফটিং এ ব্যবহৃত যন্ত্রপাতিসমূহ হলো, একটি পরিষ্কার ও ধারালো কাঁচি  পলিথিন ট্যাপ (1.5-2 সেমি চওড়া ও মোটামুটি 30-40 সেমি লম্বা যা একটি সাধারণ পরিষ্কার প্লাস্টিক ব্যাগ থেকে কেটে সংগ্রহ করেও কাজ চালানো সম্ভব যদি বাডিং ট্যাপ না থাকে।
fruit,tamarind,তেঁতুল,324,other,ক্লেফট গ্রাফটিং বা ফাটল জোড়কলম,বসন্ত ও শরৎকাল এ কলম করার সবচেয়ে উপযোগী সময়। বিশেষত বসন্তের শুরুতে যখন গাছের সুপ্ততা ভেঙ্গে আসতে থাকে তখনই এ কলম করা হয়। এ কলম তৈরির জন্য সাধারণত 2.5-10 সেমি ও ব্যাসের আদিজোড় নির্বাচন করা হয়ে থাকে। নির্বাচিত আদিজোড়ের মসৃণ শাখাবিহীন স্থানে ধারালো ছুরি দ্বরা আনুভূমিকভাবে কেটে সেখানে লম্বাভাবে 5-7.5 সেমি গভীর করে ফাটাতে হয়। লক্ষ্য রাখতে হয় যেন ফাটানো কাজটি খাড়াভাবে হয়। উপজোড় প্রস্তুতের জন্য সাধারণত 2-3টি কুঁড়িযুক্ত 7.5-10 সেমি দীর্ঘ উপজোড় শাখা নির্বাচন হয়। নির্বাচিত উপজোড়ের নিচের প্রান্তে তির্যক কর্তনের মাধ্যমে একটি গোজের মত তৈরি করা হয়। অপেক্ষাকৃত বড় আদিজোড় অর্থাৎ 2.5 সেমি ব্যাসের চেয়ে বেশি ব্যসযুক্ত আদিজোড়ের জন্য একটি উপজোড় গোজের পরিবর্তে দুটি গোজ ব্যবহার করা হয়ে থাকে। প্রতিটি গোজকেই ফাটলের যে কোন একপাশে বা কিনারে স্থাপন করা হয়। যদি এ ফাটলের মধ্যে উপজোড় গোজ শক্ত বা আঁটোসাঁটো হয়ে না বসে তবে সংযোগস্থান শক্ত করে বেঁধে আটোঁসাঁটো করা হয় এবং সংযোগ স্থান গ্রাফটিং মোম দ্বারা এমনভাবে আবৃত করা হয় যাতে ভিতরে কোন পানি ঢুকতে না পারে। এছাড়া সমস্ত কলমটিকে একটি পলিথিন দ্বারা আবৃত রাখলেও কলমের মধ্যে সহজে পানি ঢুকতে পারে না।
fruit,tamarind,তেঁতুল,324,sowing_time,চারা রোপণের সময়,চারা রোপণ জুন-নভেম্বর মাসে করতে হবে। অতঃপর চারা প্রতিষ্ঠার জন্য নিয়মিত পানি সেচ দিতে হবে। তবে আষাঢ়-ভাদ্র (মধ্য জুন-মধ্য সেপ্টেম্বর) মাস চারা রোপণের উপযুক্ত সময়।
fruit,tamarind,তেঁতুল,324,land_preparation,জমি প্রস্তুত ও গর্ত তৈরি,গর্ত তৈরির পূর্বে জায়গাটির আগাছা ও অন্যান্য অপ্রয়োজনীয় গাছপালা অপসারণ করতে হবে। তারপর কোদালের সাহায্যে গর্ত তৈরি করতে হবে। গর্তের আকার হতে হবে 1 মি. × 1 মি. × 1 মি.।
fruit,tamarind,তেঁতুল,324,fertilizer,গর্তে সার প্রয়োগ,উল্লিখিত সার গর্তের মাটির সাথে ভালভাবে মিশিয়ে গর্ত ভরাট করে 10-15 দিন রেখে দিতে হবে। মাটিতে রসের পরিমাণ কম থাকলে পানি সেচের ব্যবস্থা করতে হবে।
fruit,tamarind,তেঁতুল,324,spacing,চারা রোপণের দূরত্ব,10 মি. × 10 মি.।
fruit,tamarind,তেঁতুল,324,sowing_method,চারা রোপণ,সুস্থ সতেজ এক বছর বয়সী চারা গর্তের মাঝখানে এমনভাবে রোপণ করতে হবে যেন চারার গোড়াটি মাটির বল ভেঙ্গে না যায়। চারা রোপণের পর গাছের গোড়ার মাটি ভালভাবে চেপে দিয়ে হালকা সেচ দিতে হবে। রোপণের পর চারা যাতে হেলে না পড়ে সে জন্য শক্ত কাঠি দিয়ে বেঁধে দিতে হবে এবং চারায় বেড়ার ব্যবস্থা করতে হবে।
fruit,tamarind,তেঁতুল,324,intercultural,আগাছা ব্যবস্থাপনা,চারা অবস্থায় গাছের চারদিকের আগাছা অবশ্যই পরিষ্কার করা উচিত। অন্তত চার বছর পর্যন্ত আগাছা ব্যবস্থাপনা করা উচিত যাতে গাছের বৃদ্ধি ব্যহত না হয়। বাণিজ্যিকভাবে যে সব বাগান করা হয় বিশেষ করে সেসব ক্ষেত্রে যদি আন্তঃফসল হিসেবে কোন গাছ না থাকে তাহলে আগাছা দমন অত্যন্ত জরুরি। এতে বাগানের মাটিতে সঠিক পরিমাণে আর্দ্রতা ধরে রাখা সম্ভব।
fruit,tamarind,তেঁতুল,324,other,আন্তঃফসল,"গাছ লাগানোর প্রথম চার বছর পর্যন্ত বাগানে আন্তঃফসল করা যায়। এ ক্ষেত্রে আন্তঃফসল হিসেবে সাধারণত বাদাম, শাকসবজি, বরবটি, মুগডাল, ফেলন, স্বল্পমেয়াদী দানা জাতীয় শস্য, আদা ও হলুদ চাষ করা যেতে পারে।"
fruit,tamarind,তেঁতুল,324,irrigation,পানি সেচ ও নিষ্কাশন,মিষ্টি তেঁতুল একটি খরা সহনশীল গাছ। প্রাপ্ত বয়স্ক বা প্রতিষ্ঠিত তেঁতুল গাছে পানি প্রয়োগের তেমন একটা প্রয়োজন হয় না। কিন্তু চারা অবস্থায় মাটির আর্দ্রতার বিশেষ প্রয়োজন হয় বলে ভালভাবে চারা প্রতিষ্ঠার জন্য নার্সারিতে প্রতি 2 সপ্তাহ অন্তর অন্তর পানি দিতে হয়। পানি সব সময় বিকেলে দিতে হয়। কিন্তু মাত্রাতিরিক্ত পানি সেচ দিলে গাছের গোড়ায় পানি আটকে চারা মারাও যেতে পারে। এ ক্ষেত্রে পানি নিষ্কাশনের জন্য নালা করতে হবে যাতে অতিরিক্ত পানি নালার মাধ্যমে নিষ্কাশন করা যায়।
fruit,tamarind,তেঁতুল,324,intercultural,পরবর্তী পরিচর্যা,
fruit,tamarind,তেঁতুল,324,intercultural,ছাঁটাইকরণ,চারা গাছের ডাল ছাঁটাই অপরিহার্য। গাছ লাগানোর পর থেকে ফল ধরার পূর্ব পর্যন্ত ধীরে ধীরে ডাল ছেঁটে গাছকে নির্দিষ্ট আকার দিতে হবে যাতে গাছ চারিদিকে ছড়াতে না পারে। তারপর নির্দিষ্ট আকার প্রাপ্তির পর থেকে শুধুমাত্র শুকনা ও মরা পাতা এবং ডাল কাটতে হবে।
fruit,tamarind,তেঁতুল,324,pest_disease,রোগ ও পোকার আক্রমণ,মিষ্টি তেঁতুল গাছে রোগ ও পোকামাকড়ের তেমন উপদ্রব লক্ষ্য করা যায় না। তবে মাঝে মাঝে ফল ছিদ্রকারী পোকার আক্রমণ দেখা যায়।
fruit,tamarind,তেঁতুল,324,fertilizer,সারের নাম সারের পরিমাণ,পচা গোবর 20-25 কেজি টিএসপি 400-500 গ্রাম এমপি 500-600 গ্রাম জিপসাম 200-300 গ্রাম জিঙ্ক সালফেট 40-60 গ্রাম
fruit,avocado,এ্যাভোকেডো,327,soil_climate,মাটি,দোআঁশ ও বেলে দোআঁশ মাটি উপযোগী। অম্লীয় ও ক্ষারীয় মাটিতে জন্মে থাকে। পিএইচ (pH) 5.0-10.0। ইহা অধিক বিস্তৃত মাটি যেমন বরেন্দ্র ও পাহাড়ী এলাকায় উৎপাদন করা যেতে পারে।
fruit,avocado,এ্যাভোকেডো,327,other,তাপমাত্রা,অ্যাভোকেডো গাছ নিম্ন তাপমাত্রা থেকে উচ্চ তাপমাত্রায় (4-45 ডি. সে.) জন্মাতে পারে।
fruit,avocado,এ্যাভোকেডো,327,other,উৎপাদন প্রযুক্তি,"অ্যাভোকেডো গাছ সমতল ভুমিতে আয়তাকার পদ্ধতিতে, পাহাড়ী এলাকায় সীমিত ঢালে কন্টুর টেরেস পদ্ধতিতে লাগানো হয়ে থাকে। প্রথমে গভীর চাষ দিয়ে জমি থেকে সমস্ত ধরনের বহুবর্ষজীবি আগাছা ও জঙ্গল পরিস্কার করে নিতে হবে এবং 60-60-60 সেমি আকারের গর্ত তৈরী করতে হবে। প্রতি গর্তে 10-15 কেজি গোবর সার ও 150 গ্রাম টিএসপি সার প্রয়োগ করে চারা রোপণের আগে 10-15 দিন রেখে দিতে হবে।"
fruit,avocado,এ্যাভোকেডো,327,sowing_method,চার রোপণ,অ্যাভোকেডো বীজ ও কলমের চারা রোপণ করা হয়। পাকা ফলের রিক্যালমিট্যান্ট বীজ আহরণের সাথে সাথেই সীড বেড অথবা পলি ব্যাগের মাটিতে রোপণ করতে হবে। চারার একটা নির্দিষ্ট বয়সে গ্রাফটিং করা হয়।
fruit,avocado,এ্যাভোকেডো,327,spacing,রোপণ দূরত্ব,সারি থেকে সারি ও চারা থেকে চারার দূরত্ব 18 মি.।
fruit,avocado,এ্যাভোকেডো,327,fertilizer,সার প্রয়োগ,"সার প্রয়োগ মাটির উর্বরতার উপর নির্ভর করে। গাছের বর্ধনশীল অবস্থায় সাধারণত প্রতি বছর 15-20 কেজি গোবর সার, 250 গ্রাম ইউরিয়া, 250 গ্রাম টিএসপি, 200 গ্রাম মিউরেট অব পটাশ, 100 গ্রাম জিপসাম ও 50 গ্রাম বোরিক এসিড প্রয়োগ করতে হবে। গাছের বয়স বৃদ্ধির সাথে সাথে সারের পরিমাণও বাড়াতে হবে। বর্ষার আগে ও পরে সার প্রয়োগ করতে হবে।"
fruit,avocado,এ্যাভোকেডো,327,irrigation,সেচ প্রয়োগ,সাধারণত অ্যাভোকেডো গাছে সেচ দেয়া হয় কিন্তু ইহা দীর্ঘ খড়া সহ্য করতে পারে। ফলের গুণগত মান উন্নয়ন ও ফলন বৃদ্ধির জন্য শুষ্ক মৌসুমে 2/3 বার সেচ প্রয়োগ করতে হবে।
fruit,avocado,এ্যাভোকেডো,327,intercultural,গাছের অঙ্গ ছাঁটাই,গাছের সুন্দর আকার দেয়ার জন্য নীচ থেকে অতিরিক্ত ডাল পালা ছেটে দিয়ে 1-1.5 মি. উচু ট্রাংক তৈরি করতে হবে। এরপর প্রতিবছর নিয়মিত রোগাক্রান্ত ও অতিরিক্ত অপ্রয়োজনীয় ডাল ছেটে দিতে হবে। ফলন্ত গাছে অতিরিক্ত ফল ছিড়ে ফেলে দিতে হবে যাতে ফল বড় হতে পারে।
fruit,avocado,এ্যাভোকেডো,327,intercultural,আন্ত পরিচর্যা,গাছের গোড়া থেকে চতুর্দিকে প্রায় 1 মি. জায়গা সর্বদা পরিস্কার পরিছন্ন রাখতে হবে। আগাছা দমন করতে হবে। মাঝে মাঝে নিড়ানী দিয়ে মাটি আচড়ায়ে দিতে হবে।
fruit,avocado,এ্যাভোকেডো,327,pest_disease,পোকামাকড় ও রোগবালাই,সাধারণত বারি অ্যাভোকেডো-1 জাতটিতে কোন রোগ ও পোকামাকড় এর আক্রমণ দেখা যায় না।
fruit,avocado,এ্যাভোকেডো,327,harvest,ফল সংগ্রহ,ফল বড় হলে আগস্ট মাস থেকে অক্টোবর মাস পর্যন্ত সংগ্রহ করা যেতে পারে।
fruit,avocado,এ্যাভোকেডো,327,yield,ফলন,কুড়ি বছরের অ্যাভোকেডো গাছে বছরে 189টি ফল ধরে যার প্রতিটি ফলের ওজন 562 গ্রাম এবং প্রতি গাছে 106 কেজি এবং ফলন 10.6 টন/হে.।
fruit,watermelon,তরমুজ,330,soil_climate,জলবায়ু ও মাটি,"বেশি শীতও না, আবার বেশি গরমও না এমন আবহাওয়া চাষের জন্য উত্তম। তরমুজরে ভালো ফলনের জন্য সবচেয়ে অনুক‚ল তাপমাত্রা হলো দিনের বেলায় 250 -280 সেঃ এবং রাতের বেলায় 180 -200 সেঃ। মেঘলা আবহাওয়ায় তরমুজরে ফলন উলেখযোগ্যভাবে হ্রাস পায়। আমাদের দেশের সব রকমের মাটিতে তরমুজ চাষ করা যায় এবং ভাল ফলনও দিয়ে থাকে। তবে পানি নিষ্কাশনের সুব্যবস্থাা থাকা আবশ্যক। বেলে দোআঁশ বা দোআঁশ মাটিই এর চাষের জন্য সর্বোৎকৃষ্ট।"
fruit,watermelon,তরমুজ,330,seed_rate,বীজ হার,অঙ্কুরোদ্গমের হার 90% এবং প্রতিষ্ঠার/বাঁচার হার 90% বিবেচনায় বীজের পরিমাণ 500-700 গ্রাম/হেক্টর।
fruit,watermelon,তরমুজ,330,other,বীজ বাছাই,তরমুজের বীজ বপনের পূর্বে ভালোভাবে পরীক্ষা করে নেয়া প্রয়োজন । বীজের উৎকৃষ্টতা নির্ভর করে তার অঙ্কুরোদ্গম ক্ষমতার উপর। তাই অঙ্কুরোদগ্মের হার বের করার জন্য পেট্রিডিশ বা ছোট থালা নিয়ে তার উপর ঐ মাপের চোষ কাগজ পানি দিয়ে ভিজিয়ে 50-100টি বীজ কয়েকদিন রেখে অঙ্কুরোদ্গমের শতকরা হার বের করে নিতে হবে। তাছাড়া অপুস্ট ও ভাঙ্গা বীজ থাকলে তা বাছাই করা। অঙ্কুরোদ্গমের হার 85- 90% হলে ভাল।
fruit,watermelon,তরমুজ,330,other,বীজ শোধন,"বীজতলায় বপনের প‚র্বে তরমুজের বীজ কয়েকটি পদ্ধতিতে শোধন করা যায়।  এগুলোর মধ্যে গুড়ো রাসায়নিক ঔষধ দ্বারা বীজ শোধন পদ্ধতি বর্তমানে সর্বাধিক প্রচলিত ও কম ঝামেলাপূর্ণ। প্রতি কেজি বীজে 2.5 গ্রাম প্রোভেক্স-200 বা অটোস্টিন ব্যবহার করে ভালোভাবে ঝাকিয়ে বীজ শোধন করা যায়।  বীজ শোধনের ফলে তরমুজের এ্যানথ্রাকনোজ, লিফস্পট, ব্লাইট ইত্যাদি রোগ ও বপন পরবর্তী সংক্রামন রোধ সম্ভব হয়।"
fruit,watermelon,তরমুজ,330,sowing_time,বীজ বপনের সময়,"জানুয়ারি থেকে ডিসেম্বর পর্যন্ত সারা বছরই এই জাতের তরমুজ চাষ করা যায়। এই জাত বছরে 3 বার চাষ করা যায় যেমন: জানুয়ারি, মে ও সেপ্টেম্বর মাসে বীজ বপন করা যায় এবং 4 মাসের মধ্যে ফসল সংগ্রহ করা যায়।"
fruit,watermelon,তরমুজ,330,sowing_method,চারা উৎপাদন, তরমুজরে বীজ সরাসরি জমিতে বা মাদায় রোপন করে চাষ করা যায়।  তবে পলিথিন ব্যাগে চারা তৈরী করাই উত্তম। এতে বীজের খরচ কম লাগে।  পলিথিন ব্যাগে চারা উৎপাদন করতে হলে প্রথমে অর্ধেক মাটি ও অর্ধেক গোবর মিশিয়ে মাটি তৈরি করে পলিব্যাগে ভরতে হবে। অতঃপর প্রতি ব্যাগে 1টি করে বীজ বুনতে হবে।  বীজের আকারের দ্বিগুন মাটির গভীরে বীজ পুঁতে দিতে হবে।
fruit,watermelon,তরমুজ,330,sowing_method,বীজতলায় চারার পরিচর্যা,নার্সারীতে চারার প্রয়োজনীয় পরিচর্যা নিশ্চিত করতে হবে। বেশি শীতে বীজ গজানোর সমস্যা হয়। এজন্য শীতকালে চারা উৎপাদনের ক্ষেত্রে বীজ গজানোর প‚র্ব পর্যন্ত প্রতি রাতে প্লাস্টিক দিয়ে চারা ঢেকে রাখতে হবে এবং দিনে খোলা রাখতে হবে। চারায় প্রয়োজন অনুসারে পানি দিতে হবে তবে সাবধান থাকতে হবে যাতে চারার গায়ে পানি না পড়ে। পলিব্যাগের মাটি চটা বাঁধলে তা ভেঙ্গে দিতে হবে। চারাগাছে ‘রেড পামকিন বিটল’ নামে একধরনের লালচে পোকার ব্যাপক আক্রমণ হয়। এটি দমনের ব্যবস্থা নিতে হবে। হাতে ধরে এ পোকা সহজে দমন করা যায়। চারার বয়স 22-25 দিন হলে তা পূর্বে প্রস্তুতকৃত গর্তে লাগাতে হবে।
fruit,watermelon,তরমুজ,330,seed_rate,চারার সংখ্যা," চারার সংখ্যা অনেকাংশেই জমিতে রোপন দ‚রত্বের উপর নির্ভর করে। আর রোপণ দ‚রত্ব নির্ভর করে জাত ও মাটির উর্বরতার উপর।  যদি 2.0 মি প্রশস্ত বেডে এক সারিতে চারা রোপণ করা হয়, দুইটি বেডের মাঝে 30 সেমি প্রশস্ত নালা থাকে এবং সারিতে গাছ থেকে গাছের দ‚রত্ব 1.5 মি হলে হেক্টর প্রতি 2900 টি চারার প্রয়োজন হয়।"
fruit,watermelon,তরমুজ,330,sowing_method,চারা রোপণ দ‚রত্ব,রোপণের দূরত্ব নির্ভর করে জাত ও মাটির উর্বরতার উপর। সাধারনত: 2.0 মি প্রশস্ত বেডে এক সারিতে চারা রোপণ করা হয়। দুইটি বেডের মাঝে 30 সেমি প্রশস্ত নালা থাকে। সারিতে গাছ থেকে গাছের দূরত্ব 1.5 মি হয়ে থাকে। জমির নকশা বেডের আকার: প্রস্থা : 2.0 মি দৈর্ঘ্য : জমির দৈর্ঘের উপর নির্ভর করবে রোপন দ‚রত্ব : 2.0 × 1.5 মি নালার আকার প্রস্থ : 30 সেমি গভীরতা : 20 সেমি
fruit,watermelon,তরমুজ,330,land_preparation,জমি তৈরি,"জমি নির্বাচন এবং তৈরিঃ:  এসব ফসল চাষে সেচ ও নিকাশের উত্তম সুবিধাযুক্ত এবং পর্যাপ্ত সূর্যালোক পায় এমন জমি নির্বাচন করতে হবে। একই জমিতে বারবার একই ফসল চাষ পরিহার করতে পারলে রোগ-বালাই ও পোকামাকড়ের উপদ্রব কমানো যাবে। এদের ব্যাপক শিকড় প্রনালীর যাথাযথ বৃদ্ধির জন্য জমি এবং গর্ত উত্তমরূপে তৈরি করতে হবে।  বেড তৈরি এবং বেড থেকে বেডের দ‚রত্বঃ বেডের উচচতা হবে 15-20 সেমি। বেডের প্রস্থ হবে 2.0 মিটার এবং লম্বা জমির দৈর্ঘ্য অনুসারে সুবিধামত নিতে হবে। এভাবে পরপর বেড তৈরি করতে হবে। এরূপ পাশাপাশি দুইটি বেডের মাঝখানে 30 সেমি ব্যাসের সেচ নালা থাকবে।  মাদা তৈরি এবং বেডে মাদা হইতে মাদার দ‚রত্বঃ মাদার আকার হবে ব্যাস 50-55 সেমি, গভীর 50-55 সেমি এবং তলদেশ 45-50 সেমি। বেডে মাদা হইতে মাদার দ‚রত্ব হবে 2.0 মিটার।  সারের পরিমাণ ও প্রয়োগ পদ্ধতিঃ এসব ফসল দীর্ঘদিন বেঁচে থাকে এবং অনেক লম্বা সময় ব্যাপী ফল দিয়ে থাকে। কাজেই এসব ফসলের সফল চাষ করতে হলে গাছের জন্য পর্যাপ্ত খাবার সরবরাহ নিশ্চিত করতে হবে। এরা পর্যাপ্ত খাবার সংগ্রহের জন্য এদের শিকড় অঞ্চল অনেক দ‚র পর্যন্ত বিস্তৃত করে।"
fruit,watermelon,তরমুজ,330,fertilizer,সারের মাত্রা ও প্রয়োগ পদ্ধতি,সারের নাম মোট পরিমাণ চারা রোপণের চারা রোপনের চারা রোপণের চারা রোপণের (হেক্টর প্রতি) 10 দিন প‚র্বে 15-20 দিন পর 40 দিন পর 60 দিন পর পচা গোবর 8000 কেজি 8000 কেজি - - - ভার্মি কম্পোস্ট 2000 কেজি 2000 কেজি - - - টিএসপি 250 কেজি 250 কেজি - - - ইউরিয়া 250 কেজি - 100 কেজি 100 কেজি 50 কেজি এমওপি 250 কেজি 100 কেজি 50 কেজি 50 কেজি 50 কেজি জিপসাম 100 কেজি 100 কেজি - - - দস্তা সার 5 কেজি 5 কেজি - - - বোরাক্স 5 কেজি 5 কেজি - - - ম্যাগনেসিয়াম অক্সাইড 5 কেজি 5 কেজি - - -
fruit,watermelon,তরমুজ,330,fertilizer_method,সার প্রয়োগ পদ্ধতি," গোবর, ভার্মিকোম্পোস্ট এবং রাসায়নিক সারের পরিমাণ জমির উর্বরতার উপর নির্ভর করে। চারা লাগানোর আগে জমিতে সবুজ সার চাষ করতে পারলে বা গোবর/ ভার্মিকম্পোস্ট দিলে ভাল হয়। শেষ চাষের পর প্রতি গর্তে সবটুকু গোবর বা ভার্মিকম্পোস্ট ও টিএসপি সার এবং 100 কেজি এমওপি সার জমিতে সমানভাবে ছিটিয়ে মাটির সাথে ভালভাবে মিশিয়ে দিতে হবে।  সম্পূর্ণ ইউরিয়া ও বাকী এমওপি সার 3/2 টি সমান কিস্তিতে যথাক্রমে চারা লাগানো 15-20 দিন পর, ফুল ধরা আরম্ভ হলে, ফল ধরা আরম্ভ হলে সমভাবে প্রয়োগ করতে হবে।  জমিতে দস্তা সার, বোরাক্স, ম্যাগনেসিয়াম অক্সাইড অভাব থাকলে 10 কেজি করে মাটির সঙ্গে মিশিয়ে দিতে হয়। বি. দ্র: জমি তৈরির সময় সারের যে মাত্রা সুপারিশ করা হয়েছে তার মধ্যে গোবর প্রথম চাষের পর এবং টি এস পি, এমওপি, জিপসাম, দস্তা ও বোরাক্স সার শেষ চাষের সময় প্রয়োগ করতে হবে। মাদায় চারা রোপণের প‚র্বে যে সারের মাত্রা সুপারিশ করা হয়েছে তা দেয়ার পর পানি দিয়ে মাদার মাটি ভালোভাবে ভিজিয়ে দিতে হবে। অত:পর মাটিতে ‘জো’ এলে 7-10 দিন পর চারা রোপণ করতে হবে।"
fruit,watermelon,তরমুজ,330,sowing_method,চারার বয় সঃ,"বীজ গজানোর পর 22-25 দিন বয়সের চারা মাঠে লাগানোর জন্য উত্তম। চারা রোপণঃ চারাগুলো রোপণের আগের দিন বিকালে পানি দিয়ে ভালোভাবে ভিজিয়ে দিতে হবে। পরের দিন বিকালে চারা রোপণ করতে হবে। চারাগুলো নার্সারী থেকে প্লাস্টিকের ক্রেট অথবা ট্রলি করে মাঠে নিতে হবে। মাঠে প্রস্তুত মাদাগুলোর মাটি ভালোভাবে ওলট-পালট করে, এক কোপ দিয়ে চারা লাগানোর জন্য জায়গা করে নিতে হবে। অতঃপর পলিব্যাগের ভাঁজ বরাবর বেড দিয়ে কেটে পলিব্যাগ সরিয়ে মাটির দলাসহ চারাটি নির্দিষ্ট জায়গায় লাগিয়ে চারপাশে মাটি দিয়ে ভরাট করে দিতে হবে। চারা লাগানোর পর গর্তে পানি দিতে হবে। পলিব্যাগ সরানোর সময় এবং চারা রোপণের সময় সাবধান থাকতে হবে যাতে চারার শিকড় ক্ষতিগ্রস্থ না হয় এবং মাটির দলা না ভাংগে। নতুবা শিকড়ের ক্ষতস্থান দিয়ে ঢলে পড়া রোগের (ফিউজেরিয়াম উইল্ট) জীবাণু ঢুকবে এবং শিকড় ক্ষতিগ্রস্থ হলে গাছের বৃদ্ধি দেরীতে শুরু হবে।"
fruit,watermelon,তরমুজ,330,intercultural,পরবর্তী পরিচর্যা,
fruit,watermelon,তরমুজ,330,irrigation,সেচ দেওয়া,তরমুজ পানির প্রতি খুবই সংবেদনশীল। প্রয়োজনীয় পানির অভাব হলে ফল ধারণ ব্যাহত হবে এবং যেসব ফল ধরেছে সেগুলোও ধীরে ধীরে ঝরে যাবে। কাজেই সেচ নালা দিয়ে প্রয়োজন অনুসারে নিয়মিত সেচ দিতে হবে। সেচ নালায় পানি দিয়ে আট্কে রাখলে গাছ পানি টেনে নিবে। প্রয়োজনে সেচ নালা হতে ছোট কোন পাত্র দিয়ে কিছু পানি গাছের গোড়ায় সেচে দেওয়া যায়। শুষ্ক মৌসুমে 5-7 দিন অন্তর সেচ দেয়ার প্রয়োজন পড়ে।
fruit,watermelon,তরমুজ,330,intercultural,মালচ পেপার ব্যাবহার,"গাছরে সঠিক বৃদ্ধরি জন্য কাল রঙের মালচ পেপার ব্যাবহার করলে বেশ উপকার পাওয়া যায়। যমেন আগাছা নিয়ন্ত্রণ, সেচের পানি সাশ্রয় ও রোগ পোকামাকড় নিয়ন্ত্রণে রাখা সম্ভব।"
fruit,watermelon,তরমুজ,330,pest_disease,আগাছা দমন,জমি সবসময়ই আগাছা মুক্ত রাখতে হবে। গাছের গোড়ায় আগাছা থাকলে তা খাদ্যোপাদান ও রস শোষণ করে নেয়। ফলে গাছে এসবের অভাব পড়ে। ফলে কাঙ্খিত ফলন পাওয়া যায় না।
fruit,watermelon,তরমুজ,330,fertilizer,সার উপরি প্রয়োগ,"চারা রোপণের পর গাছ প্রতি সারের উপরি প্রয়োগের যে মাত্রা উলেখ করা আছে তা প্রয়োগ করতে হবে। যদি মালচ পপোর ব্যাবহার করা হয়, তাহলে ইউরয়িা ও এমওপি সার মাত্রা অনুযায়ী পানিতে গুলিয়ে (1-সার :100-পানি ) অনুপাতে সার যুক্ত পানি মালচ পপোর এর গাছ এর গোরার দিতে হবে।"
fruit,watermelon,তরমুজ,330,other,ফল ধারণ বৃদ্ধিতে কৃত্রিম পরাগায়ন,"বর্তমানে অবিবেচনাপ‚র্ণ ঔষধ প্রয়োগের ফলে মৌমাছির পরিমাণ অনেক কমে গেছে। ফলে প্রাকৃতিক পরাগায়ন ঘটে না এবং এতে ফলন কমে যায়। গবেষনায় দেখা গেছে যে, হাত দিয়ে কৃত্রিম পরাগায়ন করে ফলন শতকরা 30-35 ভাগ পর্যন্ত বৃদ্ধি করা সম্ভব। তাছাড়া ফল ধরার জন্য হেক্টর প্রতি 2-3 টি মৌমাছির কলোনী স্থাপন করা প্রয়োজন।"
fruit,watermelon,তরমুজ,330,intercultural,বিশেষ পরিচর্যা,
fruit,watermelon,তরমুজ,330,other,শোষক শাখা অপসারন,গাছের গোড়ার দিকে ছোট ছোট ডালপালা হয়। সেগুলোকে শোষক শাখা বলা হয়। এগুলো গাছের ফলনে এবং যথাযথ শারীরিক বৃদ্ধিতে ব্যাঘাত ঘটায়। কাজেই গাছের গোড়ার দিকে 40-45 সেমি পর্যন্ত ডালপালাগুলো ধারালো বেড দিয়ে কেটে অপসারণ করতে হবে। সময়মত সেচ দিয়ে অনুমোদিত মাত্রায় সার প্রয়োগ নিড়ানি দিতে হবে।
fruit,watermelon,তরমুজ,330,harvest,ফসল তোলা (পরিপক্কতা সনাক্তকরণ), ফল ধারালো ছুরি দ্বারা ফল কাটতে হবে। ফল কাটার সময় যাতে গাছের কোনরূপ ক্ষতি না হয় সেদিকে খেয়াল রাখতে হবে। ফল যত বেশি সংগ্রহ করা হবে ফলন তত বেশি হবে। তবে একটি গাছে 3-4 টি ফল ধরলে তা যথষ্টে।  ফলের গায়ে টোকা দিলে যদি ডাব ডাব শব্দ হলে তবে ফল পরপিক্ব হয়েছে বলে প্রতীয়মান হবে।  ফলের বিপরীত দিকে আকর্ষী গুলো যদি শুকিয়ে যায় তবে ফল পরপিক্ব হয়েছে বলে প্রতীয়মান হবে।  জাত ও মৌসুম ভেদে পরাগায়নের 42-45 দিন পর ফল সংগ্রহের উপযোগী হয়।
fruit,watermelon,তরমুজ,330,yield,ফলন,হেক্টর প্রতি 35-40 টন।
fruit,watermelon,তরমুজ,330,other,বীজ উৎপাদন," বাজারে প্রচলিত হাইব্রীড তরমুজের বীজ রাখা যায় না। প্রতি বছরই নতুন বীজ কোম্পানীর কাজ থেকে কিনতে হয়। তবে বারি তরমুজ 1 ও 2 স্বপরাগী জাত হওয়ার কারণে এদের বীজ কৃষক নিজেই সংরক্ষণ করতে পারবে। তবে এ ক্ষেত্রে কৃষককে কিছু নিয়ম অনুসরন করতে হবে।  তরমুজের একই গাছে পুরুষ ও স্ত্রী ফুল ভিন্ন ভিন্ন থাকে। তরমুজের ফুল সকালে ফোটে। এক্ষেত্রে পুরুষ ও স্ত্রী ফুল ফোটার আগের দিন বিকালে কাগজের প্যাকেট দিয়ে ঢেকে দিতে হবে, যাতে অন্য জাতের পুরুষ ফুলের পরাগ রেনু দ্বারা পরাগায়িত হতে না পারে। পরের দিন সকাল নয়টার মধ্যে পুরুষ ফুল ছিড়ে এনে স্ত্রী ফুলের গর্ভমুন্ডে স্পর্শ করে পরাগায়ন ঘটাতে হবে। পরাগায়িত করার পর আবার ব্যাগ দ্বারা স্ত্রী ফুলটি 2-3 দিন ঢেকে রাখতে হবে এবং লাল বা অন্য কোন রংএর ফিতা বেধে ফলটি চিহ্নিত করে রাখতে হবে।  তবে যদি এক কিলোমিটার এর মধ্যে কোন অন্য জাতের তরমুজ গাছ না থাকে, তবে হাত দিয়ে পরাগায়ন না করে নির্বাচিত গাছ থেকে বীজ রাখা যাবে।"
fruit,watermelon,তরমুজ,330,harvest,বীজ সংগ্রহ,"ফল যখন সম্প‚র্ণ পরিপক্ক হয়ে যায়, তখন মাঠ থেকে নিয়ে আরো 5-7 দিন ঘরে রেখে দিতে হবে। এর পর তরমুজ কেটে বীজ বের করতে হবে। সংগৃহীত বীজ রোদে ভাল করে শুকিয়ে বায়ু নিরোধক পাত্রে ঠাণ্ডা ও শুকনো জায়গায় সংরক্ষণ করতে হবে।"
fruit,watermelon,তরমুজ,330,pest_disease,ক্ষতিকর পোকামাকড় ও দমন ব্যবস্থাপনা,
fruit,watermelon,তরমুজ,330,pest_disease,মাছি পোকা, বিষটোপ ফাঁদে প‚র্ণবয়স্ক স্ত্রী ও পুরুষ মাছি পোকা আকৃষ্ট হয় এবং ফাঁদে পড়ে মারা যায়। একশত গ্রাম পাকা মিষ্টি কুমড়া কুচি কুচি করে কেটে তা থেতলিয়ে 0.25 গ্রাম সেভিন 85 পাউডার এবং 100 মিলিলিটার পানি মিশিয়ে ছোট একটি মাটির পাত্রে রেখে তিনটি খুঁটির সাহায্যে এমনভাবে স্থাপন করতে হবে যাতে বিষটোপের পাত্রটি মাটি থেকে 0.5 মিটার উঁচুতে থাকে। বিষটোপ তৈরির পর 3-4 দিন পর্যন্ত ব্যবহার করে তা ফেলে দিয়ে আবার নতুন করে তৈরি বিষটোপ ব্যবহার করতে হয় । সেক্স ফেরোমন ও বিষটোপ ফাঁদ কুমড়া জাতীয় ফসলের জমিতে ক্রমনুসারে 12 মি: দূরে দূরে স্থাপন করতে হবে।
fruit,watermelon,তরমুজ,330,pest_disease,পামকিন বিটল, চারা অবস্থায় আক্রান্ত হলে হাত দিয়ে প‚র্ণবয়স্ক পোকা ধরে মেরে ফেলা।  ক্ষেত সব সময পরিস্কার পরিচ্ছন্ন রাখা।  চারা বের হওয়ার পর থেকে 20-25 দিন পর্যন্ত মশারির জাল দিয়ে চারাগুলো ঢেকে রাখলে এ পোকার আক্রমণ থেকে গাছ বেঁচে যায়।  আক্রমণের হার বেশি হলে চারা গজানোর পর প্রতি মাদার চারদিকে মাটির সাথে চারা প্রতি 2-5 গ্রাম অনুমোদিত দানাদার কীটনাশক (কার্বোফুরান জাতীয় কীটনাশক) মিশিয়ে গোড়ায় পানি সেচ দেয়া।
fruit,watermelon,তরমুজ,330,pest_disease,ইপিল্যাকনা বিটল, পোকা সহ আক্রান্ত পাতা হাত বাছাই করে মেরে ফেলা।  আক্রমণ অত্যন্ত বেশি হলে ম্যালাথিয়ন 57 ইসি জাতীয় কীটনাশক (প্রতি লিটার পানিতে 2মিলি হারে) স্প্রে করা।
fruit,watermelon,তরমুজ,330,pest_disease,পাতার হপার পোকা," ফসলের অবশিষ্টাংশ নষ্ট করা এবং আগাছা পরিষ্কার।  পাঁচ গ্রাম পরিমাণ গুড়া সাবান প্রতি লিটার পানিতে মিশিয়ে পাতার নীচের দিকে স্প্রে করা।  আক্রমণের শুরুতে বায়োনিম প্লাস (Azadiractin) @ 1 মিলি/ লিটার পানিতে মিশিয়ে আক্রান্ত পাতায় স্প্রে করা।  স্থানীয়ভাবে সুপারিশকৃত জৈব কীটনাশক (ফাইটোক্লিন, বায়োমেক্স এম, সাকসেস 2.5 এস সি) ব্যবহার করা যেতে পারে  আক্রমণের হার অত্যন্ত বেশি হলে imidacloprid গ্রুপ এর অনুমোদিত কীটনাশক (Confidor, Actara, Pegasus) প্রয়োগ করে তা দমন করা।"
fruit,watermelon,তরমুজ,330,pest_disease,জাব পোকা," ক্ষেতে হলুদ আঠালো ফাঁদ ব্যবহার করা।  ফসলের অবশিষ্টাংশ নষ্ট করা এবং আগাছা পরিষ্কার।  পাঁচ গ্রাম পরিমাণ গুড়া সাবান প্রতি লিটার পানিতে মিশিয়ে পাতার নীচের দিকে স্প্রে করা।  আক্রমণের শুরুতে বায়োনিম প্লাস (Azadiractin) প্রতি লিটার পানিতে 1 মিলি হারে মিশিয়ে আক্রান্ত পাতায় স্প্রে করা।  স্থানীয়ভাবে সুপারিশকৃত জৈব কীটনাশক (ফাইটোক্লিন, বায়োমেক্স এম, সাকসেস 2.5 এস সি) ব্যবহার করা যেতে পারে  আক্রমণের হার অত্যন্ত বেশি হলে ইমিডাক্লোপ্রিড গ্রুপ এর অনুমোদিত কীটনাশক (কনফিডর, একতারা) প্রয়োগ করে তা দমন করা"
fruit,watermelon,তরমুজ,330,pest_disease,থ্রিপস," ক্ষেতে সাদা আঠালো ফাঁদ ব্যবহার করা।  পাঁচ গ্রাম পরিমাণ গুড়া সাবান প্রতি লিটার পানিতে মিশিয়ে পাতার নীচের দিকে স্প্রে করা।  বায়োনিম প্লাস (Azadiractin) প্রতি লিটার পানিতে 1 মিলি হার মিশিয়ে আক্রান্ত পাতায় স্প্রে করা।  স্থাানীয়ভাবে সুপারিশকৃত জৈব কীটনাশক (ফাইটোক্লিন, ফিজিটমাইট) ব্যবহার করা যেতে পারে  আক্রমণের হার অত্যন্ত বেশি হলে সাকসেস 2.5 এস সি (Spinosad) বা ইনটিপ্রিড 10 এস সি (Chlorfenapzr) বা imidacloprid গ্রুপ এর অনুমোদিত কীটনাশক (Confidor, Actara, Pegasus) প্রয়োগ করে তা দমন করা।"
fruit,watermelon,তরমুজ,330,pest_disease,মাকড়," আক্রান্ত ফসলে সেচ প্রয়োগ করতে হবে।  এক কেজি আধা ভাঙ্গা নিম বীজ 10 লিটার পানিতে 12 ঘন্টা ভিজিয়ে রেখে উক্ত পানি পাতার নীচের দিকে স্প্রে করা।  স্থাানীয়ভাবে সুপারিশকৃত জৈব কীটনাশক (ফাইটোক্লিন, ফিজিমাইট, বায়োমেক্স এম) ব্যবহার করা যেতে পাার  আক্রমণের হার অত্যন্ত বেশি হলে মাকড় নাশক যেমন ভার্টিমেক 1.8 ইসি অথবা ওমাটি 1.8 ইসি প্রতি লিটার পানিতে 2 মিলি হারে ভালোভাবে মিশিয়ে স্প্রে করতে হবে।"
fruit,watermelon,তরমুজ,330,pest_disease,রোগবালাই ও দমন ব্যবস্থাপনা,
fruit,watermelon,তরমুজ,330,other,এনথ্রাকনোজ, রোগমুক্ত ভাল বীজ ব্যবহার করতে হবে।  অনুমোদিত ছত্রাকনাশক অটোস্টিন/ নোইন আক্রমণের শুরুতেই প্রয়োগ করতে হবে।
fruit,watermelon,তরমুজ,330,other,ফিউজেরিয়াম উইল্ট, প্রতি লিটার পানিতে 2 গ্রাম ডায়াথেন এম 45 এবং রিডোমিল গোল্ড 7 দিন পর পর স্প্রে করে এ রোগ নিয়ন্ত্রণ করা।
fruit,phalsa,ফলসা,335,soil_climate,উৎপাদন প্রযুক্তি জলবায়ু ও মাটি,ফলসা চাষের জমি উঁচু বা মাঝারি উঁচু (পিএইচ 5.5-7.5) হওয়া উচিত যেখানে পানি জমেনা। উর্বর দোআঁশ মাটি বেশি উপযুক্ত কিন্তু এটি বাংলাদেশের যে কোন মাটিতেই জন্মাতে পারে।
fruit,phalsa,ফলসা,335,sowing_method,বংশবিস্তার,"ফলসার বংশবিস্তার বিভিন্ন পদ্ধতি দ্বারা হয় যেমন বীজ ও অঙ্গজ পদ্ধতিতে। সাধারণত প্রচলিত বংশবিস্তার বীজ দ্বারা হয়, বীজ দিয়ে বংশ বিস্তার মাতৃ গাছের গুণাগুণ অক্ষুন্ন থাকেনা তাই জাতের বিশুদ্ধতা রক্ষার্থে অঙ্গজ পদ্ধতিতে বংশ বিস্তারই উত্তম। শিকড় সৃষ্টিকারী হরমোন (আইবিএ 200 পিপিএম) দিয়ে শোধন করে কাটিং পদ্ধতিতে কলম করলে চারা উৎপাদনের সফলতার হার বৃদ্ধি পায়।"
fruit,phalsa,ফলসা,335,sowing_method,গর্ত তৈরি ও চারা রোপন,"মাঠে বর্গাকার পদ্ধতিতে 3মিটার X 3 মিটার দূরত্বে 1মিটার X 1 মিটার X 1 মিটার গর্ত তৈরি করে গর্তের মধ্যে পচা গোবর 20-30 কেজি, টিএসপি 400-500 গ্রাম, এমওপি 200-250 গ্রাম, জিপসাম 200-250 গ্রাম, বরিক এসিড 40-50 গ্রাম এবং জিংক সালফেট 20-25 গ্রাম প্রয়োগ করে গর্ত ভরাট করে দিতে হবে এবং পানি দিতে হবে। পরবর্তীতে 15 থেকে 20 দিন পর গর্তের মাটি ওলট-পালট করে নিয়ে চারা রোপণ করতে হবে ।"
fruit,phalsa,ফলসা,335,fertilizer,গাছে সার প্রয়োগ,গাছের বৃদ্ধির সাথে সাথে সার প্রয়োগের মাত্রা/পরিমাণ নির্ধারণ করতে হবে। প্রতিটি গাছের জন্য সারের পরিমাণ নিম্নরূপ: সারের নাম গাছের বয়স (বছর) 1-3 4-7 8-10 10 এর বেশী পচা গোবর (কেজি) 15-20 25-30 35-40 40-50 ইউরিয়া (গ্রাম) 250-300 350-500 550-700 750-900 টিএসপি (গ্রাম) 200-250 300-500 500-700 750-900 এমওপি (গ্রাম) 100-150 200-300 350-500 500-600 জিপসাম (গ্রাম) 50-100 150-300 350-550 600-800 ফলের ভাল আকার এবং গুণগত মান পাওয়ার জন্য দস্তা এবং আয়রন এর প্রয়োগ অনেক কার্যকর। সম্প‚র্ণ সার দুই ভাগে ভাগ করে বর্ষার আগে মার্চ-এপ্রিল মাসে একবার এবং বর্ষার পরে সেপ্টেম্বর-অক্টোবর মাসে আরও একবার প্রয়োগ করতে হবে। প্রতিবার সার দেয়ার পর প্রয়োজনে পানি সেচ দিতে হবে।
fruit,phalsa,ফলসা,335,irrigation,পানি সেচ ও নিষ্কাশন,মাটির আর্দ্রতার উপর নির্ভর করে দুইবার সেচ প্রদান করা হলে ফল ধরার পরিমাণ বেশি হয়। প্রথম বার ফুল ফোটার পর এবং দ্বিতীয়বার ফল ধরার পর সেচ দিতে হবে।
fruit,phalsa,ফলসা,335,other,প্রুনিং,ফলসা গাছে প্রতি বছর অবশ্যই প্রুনিং করতে হবে। ফল সংগ্রহের পর আগস্ট মাসে গাছের উচ্চতা 3 ফুট রেখে হার্ড প্রুনিং অর্থাৎ ডালপালা ছাঁটাই করে দিতে হবে। এতে নতুন ডালপালা তৈরী হবে যার প্রতিটি শীর্ষ থেকে মঞ্জুরীপত্র বের হবে। এতে গাছের আকৃতি ছোট থাকবে বিধায় ফল সংগ্রহ করা যেমন সহজ হবে তেমনি ফলনও বাড়বে। প্রুনিং করলে গাছের আকৃতি ছোট থাকে বিধায় ছাদ বাগানেও ব্যবহারযোগ্য। প্রুনিং না করলে গাছ 5 থেকে 7 মিটার পর্যন্ত লম্বা হতে পারে।
fruit,phalsa,ফলসা,335,pest_disease,রোগবালাই ও পোকামাকড়,"ফলসাতে প্রধানত রোগ ও পোকা-মাকড় এর আক্রমণ খুব একটা দেখা যায়না। পাতাতে ব্রাউন স্পট হল প্রধান রোগ যা জুলাই মাসে উদ্ভিদকে আক্রমণ করে এবং পাতার বয়স্কতা সৃষ্টি করে। এই রোগের বিস্তার এড়াতে, সমস্ত ঝরা পাতা সংগ্রহ করে পুড়িয়ে ফেলতে হবে। মাঝে মাঝে মিলিবাগ পোকার আক্রমণ দেখা দিতে পারে তখন কীটনাশক প্রয়োগ করতে হবে।"
fruit,phalsa,ফলসা,335,yield,ফলন,"এটি উচ্চ ফলনশীল ও নিয়মিত ফলদানকারী। কলমের চারা গাছ লাগানোর পর মাত্র 13 থেকে 15 মাসে ফল দিতে শুরু করে, কিন্তু বীজের গাছ 3-4 বছর সময় লাগে। একটি বড় গাছ বছরে গড়ে 15-20 কেজি ফলন দেয়।"
fruit,phalsa,ফলসা,335,harvest,ফল সংগ্রহ ও সংরক্ষণ,ফলসা ফল মে-জুন মাসে সংগ্রহ করা হয়। ফল এক সাথে পরিপক্ক হয় না। তাই প্রতিটি গাছ থেকে প্রতিদিন পাকা ফল সংগ্রহ করা অপরিহার্য। ফলসা ফলের সংরক্ষণকাল মাত্র 2দিন এবং বন্ধ পাত্রে (Closed) প্রায় এক বা দুই সপ্তাহ ফ্রিজে সংরক্ষণ করা যায়। তাই ফল সংগ্রহ করে অতিদ্রুত বাজারজাত করতে হবে।
fruit,custard apple,আতা,337,soil_climate,জলবায়ু ও মাটি,"ম‚লত নিরক্ষীয় অঞ্চলের ফসল হলেও আতার চাষ মৃদু জলবায়ু বিশিষ্ট অব-নিরক্ষীয় অঞ্চল পর্যন্ত বিস্তৃত। সাংবাৎসরিক উষ্ণ ও আর্দ্র জলবায়ুতে এরা চির হরিৎ কিন্তু বাংলাদেশের ন্যায় যেসব এলাকায় শীতকালীন তাপমাত্রা অপেক্ষাকৃত কম তথায় এরা পত্রমোচক। আতার জন্য অপেক্ষাকৃত শীতল ও কিঞ্চিৎ শুষ্ক পরিবেশ অধিকতর উপযোগী। নিম্ন তাপমাত্রায় এর ফল ভালভাবে পাকেনা ও শক্ত হয়ে যায়। ফুল ফুটার সময় উষ্ণ ও শ‚ষ্ক বাতাস ফল ধারণে বাধার সৃষ্টি করে। প্রায় সব ধরনের মাটিতেই আতার চাষ করা চলে, তবে মাটি বিশেষভাবে সুনিষ্কাশিত হওয়া আবশ্যক। আতা খুবই কষ্ট সহিষ্ণু গাছ এবং অনুর্বর বেলে বা কঙ্করময় মাটিতেও এর চাষ করা যায়।"
fruit,custard apple,আতা,337,sowing_method,বংশবিস্তার,যৌন ও অযৌন দুই উপায়েই আতার বংশ বিস্তারকরা সম্ভব। বাংলাদেশে সাধারণত বীজ দিয়েই এর বংশবিস্তার করা হয়। পর-পরাগায়িত বলে বীজের গাছে মাতৃ গাছের বৈশিষ্ট্য অক্ষুন্ন থাকে না। এজন্য মাতৃগাছের গুণাগুণ সম্পন্ন উৎকৃষ্ট মানের রোপণদ্রব্য উৎপাদন করতে চাইলে গুটি কলম অথবা কুড়ি সংযোজন/জোড় কলম পদ্ধতির আশ্রয় নিতে হবে। জুন-জুলাই মাসে 1 বা 2 বছরের চারা আদিজোড় হিসেবে ব্যবহার করে এর উপর তালি কলম (Patch budding) অথবা ভিনিয়ার/ফাটল কলমের মাধ্যমে সফলভাবে বংশবিস্তার করা যায়।
fruit,custard apple,আতা,337,land_preparation,জমি নির্বাচন ও তৈরি,"আংশিক ছায়াযুক্ত স্থানেও আতা লাগানো যেতে পারে। তবে ভাল ফলন পেতে হলে প‚র্ণ রৌদ্রযুক্ত স্থানে আতার চাষ করা উচিত। এর জন্য বর্ষার পানি জমে না এমন উঁচু বা মাঝারী উঁচু জমি নির্বাচন করতে হবে। বাগান আকারে আতা আবাদের জন্য সমস্ত আগাছা, মোথা ও পুরাতন গাছের গুড়ি উপড়ে ফেলতে হবে। উত্তম রূপে চাষ ও মই দিয়ে জমি তৈরি করার পর নির্দিষ্ট স্থানে চারা রোপণের জন্য গর্ত তৈরি করতে হবে।"
fruit,custard apple,আতা,337,spacing,"রোপণ পদ্ধতি, রোপণের সময় ও দূরত্ব",বাগান আকারে আতার চাষ করতে চাইলে বর্গাকার পদ্ধতি অনুসরণ করা ভাল। উঁচু নীচু পাহাড়ী এলাকায় কন্টুর রোপণ প্রণালী অবলম্বণ করা উত্তম। বর্ষার প্রারম্ভে অর্থাৎ বৈশাখ-আষাঢ় (মে- জুলাই) মাস আতার চারা রোপণের উপযুক্ত সময়। অতিরিক্ত বর্ষার চারা রোপণ না করাই ভাল। তবে বর্ষার শেষের দিকে ভাদ্র-আশ্বিন মাসেও গাছ লাগানো যেতে পারে। পানি সেচের সুব্যবস্থা থাকলে প্রায় সারা বছরই আতার চারা/কলম লাগানো চলে। বাগান আকারে আতার চাষ করার ক্ষেত্রে 6 মি. × 6 মি. দূরত্বে এক বছর বয়সী চারা/কলম রোপণ করা উচিত।
fruit,custard apple,আতা,337,other,মাদা তৈরি,"চারা/কলম রোপণের 15-20 দিন পূর্বে 1 মি. × 1 মি. × 1 মি. আকারের গর্ত তৈরি করতে হবে। প্রতি গর্তে 10-15 কেজি গোবর সার, 250 গ্রাম টিএসপি ও 250 গ্রাম এমওপি সার গর্তের মাটির সাথে ভালভাবে মিশিয়ে গর্ত ভরাট করে সেচ দিতে হবে। মাটিতে সার মিশানোর পূর্বে সম্ভব হলে গর্তের মধ্যে কিছু খড়কুটো ও কাঠের গুড়া দিয়ে পুড়িয়ে নিলে উঁইপোকা ও রোগ জীবাণুর আক্রমণ রোধ হবে।"
fruit,custard apple,আতা,337,sowing_method,চারা/কলম রোপণ ও পরিচর্যা,গর্তে সার প্রয়োগের 10-15 দিন পর গর্তের মাঝখানে ঠিক খাড়াভাবে চারা/কলম রোপণ করতে হবে । চারা রোপণের সময় মাটি নীচের দিকে ভালভাবে চাপ দিতে হয় যাতে চারাটি শক্তভাবে দাড়িয়ে থাকতে পারে। চারাটি একটি বা দুটি খুঁটির সাথে বেঁধে দিতে হবে। গরম্ন ছাগলের উপদ্রব থেকে চারাকে রক্ষার জন্য বেড়ার ব্যবস্থা করতে হবে। চারা রোপণের পর প্রয়োজনীয় সেচের ব্যবসন্থা নিতে হবে। এমতাবস্থায় আচ্ছাদন বা মালচিং দিলে খুবই ভাল হয়।
fruit,custard apple,আতা,337,intercultural,ডাল ছাঁটাইকরণ,"সাধারণভাবে আতার কলমের মধ্যে ছোট অবস্থায় ঝোপালো হওয়ার প্রবণতা লক্ষ্য করা যায়। কিন্তু চারা রোপণ করা হলে তাতে ডালপালা না হয়ে খাড়াভাবে বাড়তে থাকে। উভয় ক্ষেত্রেই ডাল ছাঁটাইয়ের প্রয়োজন রয়েছে। রোপণের পর পর্যায়ক্রমে কলমের গোড়ার দিকে 1.0-1.5 মিটার পর্যন্ত সমস্ত ডাল ছাঁটাই করতে হবে। এর ওপর থেকে চতুর্দিকে ছড়ানো 4-5টি ডাল রেখে দিতে হবে যাতে গাছটির একটি সুন্দর কাঠামো তৈরি হয়। চারাটি যাতে খাড়া না হয়ে শাখা সমৃদ্ধ হয় সে জন্য মাটি থেকে 2.0-2.5 মিটার উপরে মাথা কেটে দেয়া ভাল। ফল সংগ্রহ শেষ হলে গাছের মরা, শুকনা, রোগাক্রান্ত ও দুর্বল ডালপালা ছেটে দেয়া দরকার।"
fruit,custard apple,আতা,337,fertilizer,গাছে সার প্রয়োগ,"গাছের যথাযথ বৃদ্ধি ও কাঙ্খিত ফলনের জন্য সার প্রয়োগ করা আবশ্যক। গাছের বয়স বৃদ্ধির সাথে সাথে সারের পরিমাণও বাড়াতে হবে। বিভিন্ন বয়সের গাছের জন্য প্রয়োজনীয় সারের পরিমাণ নীচের ছকে দেয়া হলঃ সারের নাম গাছের বয়স (বছর) 1-4 5-10 11-15 15 এর উর্দ্ধে পচা গোবর (ওকেজি) 10-15 15-20 20-25 25-30 ইউরিয়া (গ্রাম) 150-300 300-450 450-600 600-750 টি এস পি (গ্রাম) 150-200 200-300 300-450 450-500 এমওপি (গ্রাম) 100-150 200-300 300-400 400-450 জিপসাম (গ্রাম) 100 200 250 300 উল্লিখিত সার সমান তিন কিস্তিতে প্রয়োগ করতে হবে। প্রথম কিস্তি ফল আহরণের পর (বৈশাখ-জ্যৈষ্ঠ মাসে), দ্বিতীয় কিস্তি বর্ষার শেষে (ভাদ্র-আশ্বিন মাসে) এবং শেষ কিস্তি শীতের শেষে (মাঘ-ফাল্গুন মাসে) প্রয়োগ করতে হবে। সারগুলো একত্রে মিশিয়ে গাছের চারদিকে (গোড়া থেকে 0.5-1.0 মিটার জায়গা ছেড়ে দিয়ে শাখা-প্রশাখা বিস্তৃত এলাকা পর্যন্ত) ছিটিয়ে দিতে হবে। এরপর সার ছিটানো জায়গার মাটি কুপিয়ে সারগুলো মাটির সাথে ভালভাবে মিশিয়ে দিতে হবে। বাড়ির আঙ্গিনা, পুকুর পাড়, রাস্তার ধার ও পাহাড়ী এলাকায় ডিবলিং পদ্ধতিতে সার প্রয়োগ করা উত্তম। মাটিতে প্রয়োজনীয় পরিমাণ রস না থাকলে সার প্রয়োগের পর অবশ্যই সেচ দিতে হবে।"
fruit,custard apple,আতা,337,irrigation,পানি সেচ ও নিষ্কাশন,আতা গাছে সেচ দেয়ার ব্যাপারে তথ্যের অভাব আছে। তবে ফল ধরার পর দু-তিনবার সেচ দিলে ফলগুলো আকারে বড় হয় ও স্বাদে ভাল হয়। তবে খেয়াল রাথতে হবে যেন বর্ষা মৌসুমে গাছের গোড়ায় পানি না জমে।
fruit,custard apple,আতা,337,intercultural,অন্যান্য পরিচর্যা,ভালো ফলন এবং পুষ্টিগুণসমৃদ্ধ ফল পেতে হলে অবশ্যই পরিচ্ছন্ন চাষাবাদ করা প্রয়োজন। এছাড়া রোগ ও ক্ষতিকর পোকামাড়ের হাত থেকে মুক্ত থাকার জন্য নিয়মিত কীটনাশক ও বালাইনাশক ব্যবহার করতে হবে। প্রয়োজনে ফলে ব্যাগিং প্রযুক্তি ব্যবহার করা যেতে পারে।
fruit,custard apple,আতা,337,harvest,ফল সংগ্রহ,শীতের প্রারম্ভে (অক্টোবর-নভেম্বর মাসে) গাছে ফুল আসে এবং ফুল ধরার 4-5 মাস পর মার্চ-এপ্রিল মাসে ফল পাকে। ফল পরিপক্ক হওয়ার সময় গাছে কোন পাতা থাকে না। আতা ফল পরিপক্ক হলে সিন্দুরী বা হলুদ রং ধারণ করে। ফল পেকে নরম হয়ে যাওয়ার পূর্বেই বোটাসহ সংগ্রহ করতে হবে। পরিপক্ক ফল সংগ্রহ করার কয়েক দিনের মধ্যেই পেকে যাবে।
fruit,black plum (jamun),জাম,340,soil_climate,জলবায়ু ও মাটি,"জামের জন্য উষ্ণ ও আর্দ্র পরিবেশ প্রয়োজন। নিরক্ষীয় ও উপ-নিরক্ষীয় উভয় এলাকাতেই এর চাষ সম্ভব। ফুল ফোটার সময় আবহাওয়া শুকনো হলে ফলন বৃদ্ধি পায়, কিন্তু ফলের বৃদ্ধি ও পরিপক্কতা লাভের জন্য আর্দ্রতা উপকারী। আর্দ্রতায় ফলের স্বাদও বৃদ্ধি পায়। সুনিষ্কাশিত গভীর পলি মাটিতে জাম সবচেয়ে ভাল জন্মে।"
fruit,black plum (jamun),জাম,340,sowing_method,বংশবিস্তার,"গ্রাফটিং এবং শাখা কলম পদ্ধতিতে চারা উৎপাদন করা হয়। গ্রাফটিং এর জন্য আদিজোড় (rootstock) ও উপজোড় (scion) একই ব্যাসের/আকারের (10-12 মি.মি.) হওয়া বাঞ্ছনীয়। বসন্তকালে যে নতুন শাখা বের হয় সেটাই উপজোড় হিসেবে উত্তম। আদিজোড় ও উপজোড় জোড়া লাগতে ছয় সপ্তাহ সময় লাগতে পারে। জুন-আগস্ট ও ফেব্রুয়ারী-মার্চ মাসে 3-4 মাস বয়স্ক উপজোড় 10-12 মাস বয়স্ক আদিজোড়ের সাথে ফাটল কলম করা উত্তম। বীজের গাছের প্রধান কান্ড খাড়া, দীর্ঘ, শক্তিশালী ও দীর্ঘজীবি হয়। বীজের গাছে ফল আসতে 7-8 বছর লেগে যায় এবং এতে জাতের বিশুদ্ধতা বজায় থাকে না।"
fruit,black plum (jamun),জাম,340,land_preparation,জমি নির্বাচন ও তৈরি,"প্রায় সব ধরনের মাটিতে জাম গাছ জন্মে, তবে গভীর, দো-আঁশ বা বেলে দো-আঁশ মাটিতে ভাল হয়।"
fruit,black plum (jamun),জাম,340,sowing_time,রোপণ পদ্ধতি ও রোপণের সময়,সমতল ভ‚মিতে বর্গাকার এবং পাহাড়ী এলাকায় কন্টুর পদ্ধতিতে চারা লাগানো যায়। জুন-আগস্ট মাস চারা রোপণের উপযুক্ত সময়। তবে সেচ ব্যবস্থা ভালো থাকলে সারা বছর চারা রোপণ করা যেতে পারে।
fruit,black plum (jamun),জাম,340,other,গর্ত তৈরি,"চারা রোপণের 15-20 দিন পূর্বে উভয় দিকে 8-10 মি. দূরত্বে 1 মি. × 1 মি. × 1 মি. আকারের গর্ত করতে হবে। গর্তের উপরের মাটির সাথে 20-25 কেজি জৈব সার, 500 গ্রাম টিএসপি, 250 গ্রাম এমওপি ও 200 গ্রাম জিপসাম সার ভালভাবে মিশিয়ে গর্ত ভরাট করে তাতে পানি দিয়ে রেখে দিতে হবে ।"
fruit,black plum (jamun),জাম,340,sowing_method,চারা/কলম রোপণ ও পরিচর্যা,"এক বছর বয়সী সুস্থ, সবল ও রোগমুক্ত চারা/কলম রোপণের জন্য নির্বাচন করতে হবে। গর্ত ভর্তির 15-20 দিন পর নির্বাচিত চারাটি সোজাভাবে গর্তের মাঝখানে লাগিয়ে চারার চারদিকে মাটি হাত দিয়ে চেপে ভালভাবে বসিয়ে দিতে হবে এবং খুঁটি দিয়ে বেঁধে দিতে হবে। প্রয়োজনমত পানি সেচ ও বেড়ার ব্যবস্থা করতে হবে।"
fruit,black plum (jamun),জাম,340,fertilizer,গাছে সার প্রয়োগ,গুণগত মানসম্পন্ন উচ্চ ফলন পেতে হ’লে সার প্রয়োগ অত্যন্ত জরুরী। গাছের বয়স বাড়ার সাথে সাথে সারের পরিমাণও বাড়াতে হবে। নিম্নের ছকে বারি জাম-1 এর বয়স ভিত্তিক সারের পরিমাণ দেয়া হল। গাছের বয়স জৈব সার (কেজি) ইউরিয়া (গ্রাম) টিএসপি (গ্রাম) এমওপি (গ্রাম) জিপসাম (গ্রাম) 1-3 বছর 20 200 200 200 50 4-6 বছর 25 400 300 300 100 7-10 বছর 30 600 500 500 200 11-15 বছর 40 800 700 700 200 15 বছরের উর্দ্ধে 40-50 1000 800 800 300 উল্লিখিত সার 2 ভাগ করে প্রথম ভাগ জ্যৈষ্ঠ-আষাঢ় মাসে এবং দ্বিতীয় ভাগ আশ্বিন মাসে দুপুরে যতটুকু জায়গায় ছায়া পড়ে ততটুকু জায়গায় প্রয়োগ করে কোদাল দ্বারা কুপিয়ে অথবা চাষ দিয়ে মাটির সাখে ভালভাবে মিশিয়ে দিতে হবে। তিন বছর বয়স পর্যন্ত ইউরিয়া ও এমওপি সার 4-6 টি ভাগে অর্থাৎ প্রতি 2-3 মাস অন্তর সমানভাবে প্রয়োগ করলে গাছের প্রাথমিক বৃদ্ধি ভালো হয়। মাটিতে রসের অভাব থাকলে সার প্রয়োগের পরপরই পানি সেচ দিতে হবে।
fruit,water chestnut,পানি ফল,342,soil_climate,উপযুক্ত জলবায়ু,পানিফল চাষের জন্য উষ্ন ও অর্দ্র জলবায়ু সবচেয়ে উত্তম। বীজের অঙ্কুরোদগমের জন্য পানির তাপমাত্র্ া 12 থেকে 15 ডিগ্রী সেলসিয়াস এবং গাছের বৃদ্ধির জন্য 25 থেকে 30 ডিগ্রী সেলসিয়াস প্রয়োজনীয় তাপমাত্রা হিসেবে বিবেচিত হয়।
fruit,water chestnut,পানি ফল,342,soil_climate,মাটি,পানিফল বৃদ্ধির জন্য পানির নিচে আবশ্যিকভাবে 15 সেন্টিমিটার কাদামাটি থাকা প্রয়োজন। পানির তলদেশে বেলে মাটি থাকলে ফলন অনেকাংশে কমে যায়। এছাড়া ভাল ফলনের জন্য পানির গভীরতা 50 সেন্টিমিটার থেকে 2.5 মিটার হওয়া বাঞ্চনীয়।
fruit,water chestnut,পানি ফল,342,sowing_time,রোপণ সময়,"পূর্বের বছরের পানিফল চাষ করা জলাভূমি থেকে ফল সংগ্রহ করে, সংগৃহিত ফল থেকে পুষ্ট বীজ বেছে নিতে হবে। ডিসেম্বরের মাঝামাঝি থেকে জানুয়ারি মাসের 2য় সপ্তাহের মধ্যে বীজতলায় বীজ ফেলতে হবে। এই সময় পানির গভীরতা 40 থেকে 60 সেন্টিমিটার থাকা প্রয়োজন। 4 থেকে 5 টি পাতাযুক্ত চারাগাছকে জুন মাস থেকে জুলাই মাসের 2য় সপ্তাহের মধ্যে মূল জমিতে রোপণ করতে হবে। চারা রোপণের সময় পানির গভীরতা 60 থেকে 100 সেন্টিমিটার হওয়া প্রয়োজন।"
fruit,water chestnut,পানি ফল,342,sowing_method,রোপণ দুরত,চারাগাছগুলি সারি থেকে সারি 1.5 মিটার এবং গাছ থেকে গাছ 1.5 মিটার দূরত্ব বজায় রেখে কাদা মাটিতে হাত বা পা এর সাহায্যে পুঁতে দিতে হবে।
fruit,water chestnut,পানি ফল,342,fertilizer,সার প্রয়োগ,"চারাগাছ লাগানোর আগে মূল জমি তৈরীর সময় খেয়াল রাখতে হবে যেন জমিতে উপযুক্ত পরিমানে জৈব পদার্থ থাকে। যদি জৈব পদার্থ কম থাকে তখন খামার জাত জৈব সার হেক্টও প্রতি 5 টন হিসেবে জমিতে প্রয়োগ করতে হবে। এছাড়াও চারাগাছ লাগানোর সময় হেক্টরপ্রতি 30-40 কেজি ইউরিয়া প্রয়োগ করতে হবে এবং গাছ লাগানোর 20 থেকে 25 দিন পর পুনরায় প্রতি হেক্টরে 20 কেজি ইউরিয়া দিতে হবে। অনুখাদ্য হিসেবে জিংক এবং বোরন ব্যবহার করলে ফলের সংখ্যা ও ফলের ওজন বৃদ্ধি পাবে। নতুন চাষের জমিতে হেক্টও প্রতি 60 কেজি ইউরিয়া, 20 থেকে 40 কেজি ফসফরাস এবং 20 থেকে 40 কেজি পটাশিয়াম ব্যবহার করতে হবে।"
fruit,water chestnut,পানি ফল,342,intercultural,পরিচর্যা,গাছের ভালো ভাবে বৃদ্ধিও জন্য চারা রোপণের পর থেকে দুই মাস পর্যন্ত নিয়মিতভাবে জলজ আগাছা তুলে ফেলতে হবে। গাছের ফলন বৃদ্ধিও জন্য ফুল আসার কিছুদিন আগে অতিরিক্ত ডালাপালা ছেঁটে ফেলা উচিত।
fruit,water chestnut,পানি ফল,342,pest_disease,রোগ ও পোকার অক্রমন এবং প্রতিকার,পানিফলে নিম্ন মাত্রায় রোগবালাই এবং পোকামাকড়ের সংক্রমণ পরিলক্ষিত হয়। পানিফল বিটল এবং ছত্রাক গাছের ক্ষতি করে থাকে। বিটলের জন্য প্রোক্লেইম এক লিটার পানিতে এক গ্রাম হারে দশ থেকে পনের দিন পর পর দুই থেকে তিন বার স্প্রে করতে হবে। ছত্রাকের কারণে পাতায় পচন দেখা দিলে অটোস্টিন এক লিটার পানিতে দুই গ্রাম হারে দশ থেকে পনের দিন পর পর দুই থেকে তিন বার স্প্রে করতে হবে।
fruit,water chestnut,পানি ফল,342,other,ফুল ও ফল আসা,আগষ্ট থেকে সেপ্টেম্বর মাসের মধ্যেই গাছে ফুল আসা শুরু হয় এবং তা চলতে থাকে প্রায় 120 দিন পর্যন্ত। ফুল আসার 30 থেকে 35 দিনের মধ্যেই ফল তোলার মতো পরিপক্ক হয়। ফুল আসা এবং ফল ধরা একই গাছে পাশাপাশি চলতে থাকে।
fruit,water chestnut,পানি ফল,342,harvest,ফসল সংগ্রহ ও ফলন,"সেপ্টেম্বর মাস থেকে ফসল তোলা শুরু হয় এবং তা চলতে থাকে ডিসেম্বর পর্যন্ত। কিছু কিছু ক্ষেত্রে ফেব্রুয়ারি পর্যন্ত ফলন পাওয়া যায়। ফল তোলার সময় ফলের আকার দেখে তা সংগ্রহ করতে হবে। ফল তোলার শুরুর দিকে 15 দিনে একবার ফল তুলতে হবে, পরে তা সপ্তাহে একবার এবং নভেম্বর মাসে প্রায় প্রত্যেক দিনই ফল তোলা যেতে পারে। হেক্টরপ্রতি 7.5 থেকে 10 টন ফলন হয়ে থাকে । তবে সঠিক পরিচর্যা পেলে তা হেক্টরপ্রতি 15 থেকে 20 টন পর্যন্ত ফলন পাওয়া যেতে পারে।"
flower,gladiolus,গ্লাডিওলাস,344,soil_climate,জলবায়ু ও মাটি,ঠাণ্ডা আবহাওয়ায় এ ফুল ভাল জন্মে। সাধারণত 15-250 সেন্টিগ্রেড তাপমাত্রা এর অংগজ বৃদ্ধি ও ফুল উৎপাদনের জন্য উপযোগী। গ্লাডিওলাস দৈনিক 8-10 ঘণ্টা আলো পছন্দ করে। তাই রৌদ্রজ্জ্বল জায়গা ও সে সাথে ঝড়ো বাতাস প্রতিহত করার ব্যবস্থা আছে এমন স্থান এ ফুল চাষের জন্য নির্বাচন করা উচিত। সুনিষ্কাশিত দোআঁশ ও বেলে দোআঁশ মাটি গ্লাডিওলাস চাষের জন্য উত্তম। মাটির pH মান 6-7 এর মধ্যে থাকা উচিত।
flower,gladiolus,গ্লাডিওলাস,344,sowing_method,বংশ বিস্তার,"বীজ, র্কম এবং র্কমেলের মাধ্যমে গ্লাডিওলাসের বংশবিস্তার করা যায়। সাধারণভাবে চাষের জন্য ‘র্কম’ রোপণ করা হয়।"
flower,gladiolus,গ্লাডিওলাস,344,fertilizer,জমি তৈরি ও সার প্রয়োগ,"সেপ্টেম্বর-অক্টোবর মাসে ভালভাবে চাষ দিয়ে মাটি ঝুরঝুরে করে জমি তৈরি করতে হয়। শেষ চাষ দেয়ার সময় হেক্টরপ্রতি 10 টন গোবর সার, 375 কেজি টিএসপি, 300 কেজি এমওপি, 12 কেজি বরিক এসিড, 8 কেজি জিংক সালফেট ও 100 কেজি জিপসাম সার মাটির সাথে ভালভাবে মিশিয়ে দেয়া উচিত। 300 কেজি ইউরিয়া এর অর্ধেক র্কম রোপণের 20-25 দিন পর এবং বাকি অর্ধেক পুষ্পদণ্ড বের হওয়ার সময় উপরি প্রয়োগ করা উচিত।"
flower,gladiolus,গ্লাডিওলাস,344,sowing_method,র্কম রোপণ,অক্টোবর-নভেম্বর মাসে জমি তৈরির পর 5.0-5.5 সেমি ব্যাসের রোগমুক্ত র্কম মাটির 6-7 সেমি গভীরতায় রোপণ করা উচিত।
flower,gladiolus,গ্লাডিওলাস,344,spacing,রোপণ দূরত্ব,সারি থেকে সারি 20 সেমি এবং গাছ থেকে গাছ 20 সেমি।
flower,gladiolus,গ্লাডিওলাস,344,intercultural,অন্তর্বর্তীকালীন পরিচর্যা,গ্লাডিওলাসের ক্ষেত আগাছামুক্ত রাখতে হয়। শুষ্ক মৌসুমে প্রয়োজনমতো সেচ দেয়া উচিত। প্রতি সেচের পর জমিতে ‘জো’ আসলে নিড়ানী দিয়ে জমি আলগা করে দিতে হয়। প্রথমবার ইউরিয়া সার প্রয়োগ করার পর সেচ দিতে হয় এবং পরে মাটিতে ‘জো’ আসলে মাটি ঝুরঝুরে করে দুই সারির মাঝখানের মাটি গাছের গোড়ায় তুলে দিতে হয়। এতে করে গাছগুলো সোজা থাকে।
flower,gladiolus,গ্লাডিওলাস,344,pest_disease,রোগবালাই ও দমন ব্যবস্থা,গ্লাডিওলাস ফুলে সাধারণত ফিউজেরিয়াম উইল্ট ও র্কম পচা রোগ দেখা যায়।
flower,gladiolus,গ্লাডিওলাস,344,other,ফিউজেরিয়াম উইল্ট,রোগাক্রান্ত র্কম ও মাটি দ্বারা এ ছত্রাক রোগ ছড়ায়। এ রোগে পাতার আগা প্রথমে হলদে হয় এবং পরবর্তীতে বাদামী থেকে ধূসর হয়ে বক্রাকৃতির হয়ে যায় এবং সম্পূর্ণ গাছ আক্রান্ত হয়ে মারা যায়। র্কমে গাঢ় বাদামী থেকে লালচে বাদামী গভীর ক্ষত সৃষ্টি হয়। বেশি আক্রান্ত র্কম গুদামে শুকিয়ে যায় এবং লাগানোর পর গাছ গজায় না। এ রোগ দমনে সুস্থ রোগমুক্ত র্কম ব্যবহার করা উচিত। র্কম গুদামজাতকরণ এবং লাগানোর পূর্বে অটোস্টিন (0.2%) দ্বারা 15-30 মিনিট শোধন করলে ভাল ফল পাওয়া যায়। উপকারী ছত্রাক ট্রাইকোডারমা স্পোর সাসপেনশন (3×104 cfu/ml) ব্যবহার করা যেতে পারে।
flower,gladiolus,গ্লাডিওলাস,344,pest_disease,র্কম পচা রোগ,আঘাতপ্রাপ্ত অংশ দিয়ে এ রোগের জীবাণু র্কমে অনুপ্রবেশ করে। হিমাগারে রোগাক্রান্ত র্কমের উপর কালো/বাদামী/হলুদ বর্ণের মোল্ড বা ছাতার মত আবরণ তৈরি হয়। র্কম তোলা ও নাড়া-চাড়া করার সময় লক্ষ্য রাখতে হবে যেন র্কম আঘাতপ্রাপ্ত না হয়। আর্দ্র বা উচ্চ তাপমাত্রায় র্কমকে সংরক্ষণ করা উচিত নয়।
flower,gladiolus,গ্লাডিওলাস,344,pest_disease,পোকামাকড় ও দমন ব্যবস্থা,"গ্লাডিওলাস ফুলে পোকার আক্রমণ খুব বেশি দেখা যায় না, কিন্তু ক্ষেত্র বিশেষে নিম্নবর্ণিত পোকাগুলির আক্রমণ দেখা দিতে পারে।"
flower,gladiolus,গ্লাডিওলাস,344,pest_disease,থ্রিপস,"এটি অতি ক্ষুদ্র পোকা যা সাধারণত খালি চোখে দেখা যায় না। এ পোকা পাতা, স্পাইক ও ফুলের রস শোষণ করে যার ফলে আক্রান্ত পাতায় রূপালী ও বাদামী রঙের লম্বা দাগ দেখা যায় এবং পাতা শুকিয়ে যায়। স্পাইক ও ফুলে আক্রমণের ফলে স্পাইকের ফুল ভালভাবে ফুটতে পারে না এবং ফুলে সাদা বা বাদামী ফুসকুড়ি দাগ দেখা যায় যাতে পাঁপড়ি বিবর্ণ হয়ে যায় এবং ফুলের বাজার মূল্য কমে যায়। এ পোকা দমন করার জন্য জমিতে সাদা রঙের আঁঠালো ফাঁদ ব্যবহার করা যেতে পারে। আক্রমণ বেশি হলে ফিপ্রনিল গ্রুপের কীটনাশক (অ্যারোনিল 50 এসসি/ফোকাস 50 এসসি) 1.0 মিলি/লিটার হারে পানিতে মিশিয়ে 7-10 দিন অন্তর 2-3 বার স্প্রে করা উচিত।"
flower,gladiolus,গ্লাডিওলাস,344,pest_disease,জাব পোকা,"এ পোকা কচি পাতা, নতুন স্পাইক ও ফুলের কুঁড়িতে আক্রমণ করে রস চুষে খায়। ফলে আক্রান্ত পাতা ও স্পাইক কুঁকড়ে যায় এবং বিকৃত হয়। ফুলের কুঁড়ি এবং ফুলও বিকৃত হয় এবং ভালভাবে ফুটতে পারে না। এদের দমনে প্রাথমিক পর্যায়ে আক্রান্ত পাতা বা ফুল ছিড়ে ফেলে পোকাসহ ধ্বংস করা উচিত। হলুদ রঙের আঁঠালো ফাঁদ ব্যবহার করে ভাল ফল পাওয়া যায়। তাছাড়া সাবান গুঁড়া 5 গ্রাম/লিটার হারে পানিতে মিশিয়ে 7-10 দিন পরপর 2-3 বার স্প্রে করেও এ পোকা দমন করা যেতে পারে। আক্রমণ বেশি হলে ডাইমেথয়েট জাতীয় কীটনাশক (পারফেকথিয়ন/সানগর/টাফগর 40 ইসি) 2.0 মিলি/লিটার পানিতে মিশিয়ে 7-10 দিন পর 2-3 বার স্প্রে করা উচিত।"
flower,gladiolus,গ্লাডিওলাস,344,harvest,ফুল সংগ্রহ,সাধারণত স্পাইকের নিচের দিক থেকে 1-2টি ফ্লোরেট উন্মুক্ত হওয়া শুরু হলে স্পাইক কাটার উপযুক্ত সময় হয়েছে বলে ধরে নেয়া হয়। ফুল সংগ্রহের পরপরই বালতি ভর্তি পানিতে সোজা করে ডুবিয়ে রেখে পরে নিম্ন তাপমাত্রায় (6-70 সেন্টিগ্রেড) সংরক্ষণ করা উত্তম। ফুলের স্পাইক কাটার সময় খেয়াল রাখতে হবে যেন গাছের গোড়ায় 4-5 টি পাতা থাকে। তা না হলে র্কম পুষ্ট হবে না।
flower,gladiolus,গ্লাডিওলাস,344,harvest,র্কম তোলা ও সংরক্ষণ,ফুল ফোটা শেষ হলে পাতা হলুদ হয় এবং গাছ মারা যায়। এসময় গাছের গোড়া খুঁড়ে সাবধানে ‘র্কম’ গুলি সংগ্রহ করা দরকার। খেয়াল রাখতে হবে যেন ‘র্কম’ কেটে অথবা আঘাত প্রাপ্ত না হয়। বড় ও ছোট ‘র্কম’ গুলোকে বাছাই করে আলাদা করার পর ছায়ায় শুকানো উচিত। সাধারণত মার্চ-এপ্রিল মাসে ‘র্কম’ তোলা হয়। সংরক্ষণকালে পচন এড়ানোর জন্য র্কম গুলোকে 0.2% অটোস্টিন দ্রবণে 30 মিনিট শোধন করে শুকিয়ে নেয়া উচিত। এরপর শুকানো ‘র্কম’ গুলি ছিদ্রযুক্ত পলিথিন ব্যাগে ভরে ঘরের শুকনো ও ঠাণ্ডা জায়গায় সংরক্ষণ করা ভাল। সবচেয়ে ভাল হয় যদি এগুলোকে ঠাণ্ডা গুদামে সংরক্ষণ করা যায়। পরবর্তীতে সময়মতো এ সকল র্কম গুদাম থেকে বের করে বংশবিস্তারের কাজে ব্যবহার করা হয়।
flower,orchid,অর্কিড,346,other,উৎপাদন প্রযুক্তি,ছায়াযুক্ত সুনিষ্কাশিত কিন্তু সঁ্যাতসঁ্যাতে জমিতে চাষ করা যায়। সাধারণত একই জমিতে দীর্ঘদিন এ ফুলের চাষ অব্যাহত রাখা যায়। প্রখর সূর্যালোকে এ ফুল ভাল হয় না। বাণিজ্যিক ভিত্তিতে চাষের জন্য জমিতে শেডনেট দিয়ে ছায়ার ব্যবস্থা করতে হয় যাতে 40-60% সূর্যালোক প্রবেশ করতে পারে। টবে চাষের ক্ষেত্রে বড় গাছের নিচে এ ফুলের চাষ করা যেতে পারে এবং জাতটি বহুবর্ষজীবী।
flower,orchid,অর্কিড,346,sowing_method,সাকার উৎপাদন ও বংশ বিস্তার,গাছের ফুল শেষে বা ফুল কাটার পর প্রতিটি গাছ থেকে পার্শ্বীয়ভাবে সাকার বের হয়। এই সাকারসমূহ গাছে লাগানো অবস্থায় যখন শিকড় বের হয় তখনই গাছ থেকে বিচ্ছিন্ন করে মূল জমিতে লাগানো যেতে পারে। এছাড়া কেটে ফেলা ফ্লাওয়ার স্টিকের ফুল শেষ হয়ে গেলে তা থেকেও চারা উৎপাদন করা যেতে পারে। এজন্য বিশেষ পদ্ধতি অবলম্বন করতে হয়।
flower,orchid,অর্কিড,346,sowing_method,জমি তৈরি ও রোপণ পদ্ধতি,"বিভাজন প্রক্রিয়ায় গাছ থেকে সাকার সংগ্রহ করে অথবা টিস্যু কালচার প্রক্রিয়ার মাধ্যমে চারা তৈরি করে জমিতে লাগাতে হবে। পচা গোবর/কম্পোস্ট, নারিকেলের ছোবরা, ধানের তুষ ও বেলে দোআঁশ মাটির সমপরিমাণ মিশ্রণের মাধ্যমে বেড তৈরি করতে হবে। সাকার লাগানোর সময় সারি থেকে সারি 30-40 সেমি. এবং গাছ থেকে গাছে 25-30 সেমি দূরত্ব রাখতে হবে। সাকার লাগানোর সময় লক্ষ্য রাখতে হবে যাতে শিকড়গুলো পুরোপুরি মাটির নিচে থাকে।"
flower,orchid,অর্কিড,346,fertilizer,সার প্রয়োগ,"ইউরিয়া, টিএসপি ও এমওপি সমৃদ্ধ 20:20:20 মিশ্র সার বেশ উপযোগী। সার পানিতে গুলিয়ে সপ্তাহে এক বা দু’দিন গাছে স্প্রে করতে হবে। স্প্রে করার সময় গাছের পাতা যেন ভালভাবে ভিজে যায় সেদিকে খেয়াল রাখতে হবে।"
flower,orchid,অর্কিড,346,irrigation,সেচ প্রয়োগ,মাটিতে পর্যাপ্ত পরিমাণে রস থাকতে লাগানোর পর হালকা সেচ দিতে হয় যাতে সাকারগুলো মাটিতে লেগে যায়। পরবর্তী সময়ে আবহাওয়ার অবস্থা বুঝে সেচ দিতে হবে। এছাড়াও ফুল চাষের জন্য বাতাসের অপেক্ষিক আর্দরতা 60% বজায় রাখতে হলে স্প্রিংকলার দিয়ে মাঝে মাঝে Misting করতে হবে। জমিতে দাঁড়ানো পানি এ ফসলের জন্য ক্ষতিকর।
flower,orchid,অর্কিড,346,pest_disease,রোগ ও পোকা দমন,এ ফুলটিতে সাধারণত রোগ বা পোকার আক্রমণ কম দেখা যায়। তবে ভাইরাস রোগের ক্ষেত্রে আক্রান্ত গাছ তুলে পুড়িয়ে ফেলতে হবে। ফুলের কুঁড়ির কীড়া দমনের জন্য কোন সিস্টেমিক বালাইনাশক অনুমোদিত প্রয়োগ মাত্রায় ব্যবহার করা যেতে পারে। পাতায় দাগ দেখা দিলে অটোস্টিন 0.1% 15 দিন পর পর 3 বার স্প্রে করতে হবে।
flower,orchid,অর্কিড,346,harvest,ফুল সংগ্রহ,সাকার থেকে গাছ লাগানোর এক বছরের মধ্যেই ফুল আসে। অপরদিকে টিস্যু কালচার থেকে প্রাপ্ত চারা থেকে ফুল পেতে কমপক্ষে 18 মাস সময় লাগে। বাণিজ্যিক চাষের ক্ষেত্রে ফ্লাওয়ার স্টিকের এক বা দুটি ফুল ফোটার সাথে সাথে কাটতে হবে। বাগানে বা টবে সৌখিন চাষের ক্ষেত্রে ফুল কাটার প্রয়োজন নেই। এ ক্ষেত্রে গাছে প্রায় 25-30 দিন পর্যন্ত ফুল টিকে থাকে।
flower,orchid,অর্কিড,346,fertilizer,ফুল আসার সময়,ফাল্গুন-চৈত্র মাস (মধ্য ফেব্রুয়ারি থেকে মধ্য এপ্রিল)
flower,orchid,অর্কিড,346,yield,ফলন/হেক্টর,"প্রথম বছর: 6,000 স্টিক দ্বিতীয় বছর: 8,000 স্টিক তৃতীয় বছর: 10,000 স্টিক এ ছাড়া প্রতি বছর গাছ থেকে চারা রেখে 2-5টি সাকার সংগ্রহ করা সম্ভব।"
flower,chrysanthemum,চন্দ্রমল্লিকা,347,soil_climate,জলবায়ু ও মাটি,চন্দ্রমল্লিকা তুলনামূলকভাবে ঠাণ্ডা আবহাওয়া এবং রৌদ্রজ্জ্বল জায়গা পছন্দ করে। বাংলাদেশে শীতকালই এ ফুল চাষের উত্তম সময়। জৈব পদার্থ সমৃদ্ধ সুনিষ্কাশিত দোআঁশ ও বেলে-দোআঁশ মাটি এ ফুল চাষের জন্য উপযোগী। মাটির pH মান 6.0-7.0 হওয়া বাঞ্ছনীয়।
flower,chrysanthemum,চন্দ্রমল্লিকা,347,sowing_method,চারা তৈরি,"বীজ, সাকার ও শাখা কলম থেকে চন্দ্রমল্লিকার চারা তৈরি করা যায়। বীজ থেকে চারা করলে তা থেকে ভাল মানের ফুল পাওয়া যায় না এবং ফুল পেতে অনেক দিন সময় লাগে। সেক্ষেত্রে শাখা কলম/সাকার থেকে চারা তৈরি করে জমিতে লাগালে এ সমস্যা থাকে না। সাধারণত বাণিজ্যিকভাবে চন্দ্রমল্লিকার চাষ করতে হলে সাকার থেকে চারা তৈরি করা উত্তম। ফেব্রুয়ারি-মার্চ মাসের দিকে ফুল দেয়া শেষ হলে গাছগুলোকে মাটির উপর থেকে 15-20 সেমি রেখে কেটে দেয়া হয়। কিছুদিন পর গাছের গোড়া থেকে সাকার বের হতে থাকে। এ সাকারগুলি 5-7 সেমি লম্বা হলে মাতৃগাছ থেকে আলাদা করে টবে/বীজতলায় লাগাতে হবে। টবে লাগানোর ক্ষেত্রে প্রথমে সাকারগুলি থেকে গোড়ার পাতা ছাটাই করে 10 সেমি ব্যাসের ছোট টবে লাগাতে হবে। টবের মিশ্রণে থাকবে 1 ভাগ বালি, 1 ভাগ মাটি, 1 ভাগ পাতাপচা সার ও সামান্য কাঠের ছাই। এগুলো ভালভাবে মিশিয়ে টব ভর্তি করে সাকার লাগানো হলে তিন থেকে চার সপ্তাহের মধ্যে শিকড় আসা শুরু হয়। এপ্রিল-মে মাসের শেষ দিকে শিকড়সহ চারা দ্বিতীয়বারের মতো 15 সেমি ব্যাসের টবে স্থানান্তর করতে হয়। এ পর্যায়ে টবের মিশ্রণে থাকবে 1 ভাগ বালি, 1 ভাগ মাটি, 2 ভাগ পাতাপচা সার, 1/4 ভাগ কাঠের ছাই এবং 1 টেবিল চামচ হাড়ের গুঁড়া। তৃতীয় বা শেষ বারের মতো চারাগুলিকে 25-30 সেমি ব্যাসের বড় টবে স্থানান্তর করতে হয়। এ পর্যায়ে টবের মিশ্রণে থাকবে 1 ভাগ বালি, 1 ভাগ মাটি, 2 ভাগ পাতা পচা সার, 1/4 ভাগ কাঠের ছাই এবং 2 টেবিল চামচ হাড়ের গুঁড়া। জুন-জুলাই মাসে ছোট ছোট চারাগুলিকে কড়া রৌদ্র ও অতিরিক্ত বৃষ্টি থেকে রক্ষা করতে হয় এবং টবগুলিকে এমন জায়গায় রাখতে হবে যেন যথেষ্ট পরিমাণ আলো-বাতাস পায়।"
flower,chrysanthemum,চন্দ্রমল্লিকা,347,sowing_method,চারা রোপণ,জমি কিংবা টবে চারা রোপণের উপযুক্ত সময় হচ্ছে অক্টোবর-নভেম্বর। জমিতে 30 × 20 সেমি অন্তর অন্তর চন্দ্রমল্লিকা রোপণ করা উত্তম।
flower,chrysanthemum,চন্দ্রমল্লিকা,347,intercultural,অন্তর্বর্তীকালীন পরিচর্যা,
flower,chrysanthemum,চন্দ্রমল্লিকা,347,land_preparation,মাঠে বা জমিতে,"জমি তৈরির পর হেক্টরপ্রতি 8-10 টন পচা গোবর, 375 কেজি টিএসপি, 270 কেজি এমওপি সার মাটির সাথে মিশিয়ে দিতে হবে। 320 কেজি ইউরিয়া সারের অর্ধেক 160 কেজি চারা রোপণের 1 মাস পর গাছের দৈহিক বৃদ্ধির জন্য এবং বাকি অর্ধেক 160 কেজি ফুলের কুঁড়ি আসার সময় উপরি প্রয়োগ করা উচিত।"
flower,chrysanthemum,চন্দ্রমল্লিকা,347,other,পটে বা টবে,"পটে জন্মানোর জন্য 2 ভাগ মাটি, 2 ভাগ গোবর সার, 1 ভাগ পাতা পচা সার ও 1 ভাগ হাড়ের গুঁড়ার সাথে 3 গ্রাম টিএসপি, 3 গ্রাম মিউরেট অব পটাশ এর মিশ্রণ ব্যবহার করা উত্তম। 8 গ্রাম ইউরিয়া সারের অর্ধেক সাকার/কাটিং রোপণের 25-30 দিন পর গাছের দৈহিক বৃদ্ধির সময় এবং বাকি অর্ধেক ফুলের কুড়ি আসার সময় উপরি প্রয়োগ করা উচিত।"
flower,chrysanthemum,চন্দ্রমল্লিকা,347,other,শাখা ভাঙ্গা,কাণ্ডের আগার অংশ কেটে ফেলাকে শাখা ভাঙ্গা বা পিনচিং বলে। সাধারণত চারা লাগানোর 25-30 দিন পর পিনচিং করলে গাছটি ঝোপালো হয় এবং অধিক ফুল পাওয়া যায়।
flower,chrysanthemum,চন্দ্রমল্লিকা,347,other,কুঁড়ি অপসারণ,অনাকা•িক্ষত অপরিপক্ক ফুলের কুঁড়ি অপসারণ কার্যক্রমকে কুঁড়ি অপসারণ বলা হয়। মুকুট কুঁড়িগুলিকে রেখে অবশিষ্ট কুঁড়িগুলি অপসারণ করলে বড় আকারের ফুল পাওয়া যায়।
flower,chrysanthemum,চন্দ্রমল্লিকা,347,other,ঠেস দেয়া,"চন্দ্রমল্লিকার ফুল সাধারণত ডালপালার তুলনায় ভারী ও বড় হয়। তাই গাছের গোড়া থেকে কুঁড়ি পর্যন্ত একটা শক্ত কাঠি পুঁতে দিতে হয়। এতে ফুল নুয়ে পড়বে না। চারা লাগানোর সময় কাঠি একবারই পুঁতে দেয়া ভাল। এজন্য জাত বুঝে চন্দ্রমল্লিকা গাছের উচ্চতা অনুযায়ী বাঁশের কাঠি চারার গোড়া থেকে একটু দূরে পুঁতে দিতে হবে। একবারে গোড়ায় পুঁতলে বা গাছ বড় হয়ে যাওয়ার পর পুঁতলে অনেক সময় শিকড়ের ক্ষতি হতে পারে, এমনকি শিকড়ে ক্ষত সৃষ্টি হলে রোগ জীবাণু ক্ষতের মাধ্যমে গাছে প্রবেশ করে রোগ সৃষ্টি করতে পারে।"
flower,chrysanthemum,চন্দ্রমল্লিকা,347,irrigation,সেচ,চন্দ্রমল্লিকার চারা লাগানোর পর হালকা সেচ দিতে হবে। চন্দ্রমল্লিকা গাছ কখনো বেশি পানি সইতে পারেনা। তাই পানি এমনভাবে দিতে হবে যেন গোড়ায় বেশিক্ষণ পানি জমে না থাকে। চারা রোপণের পূর্বে এবং পরে প্রতিদিন নিয়মিতভাবে পরিমাণমত পানি সেচ দেয়া জরুরি।
flower,chrysanthemum,চন্দ্রমল্লিকা,347,pest_disease,রোগবালাই ও দমন ব্যবস্থা,চন্দ্রমল্লিকা ফুলে সাধারণত পাউডারী মিলডিউ ও পাতায় দাগ পড়া রোগ দেখা যায়।
flower,chrysanthemum,চন্দ্রমল্লিকা,347,pest_disease,পাউডারী মিলডিউ,এ রোগ হলে গাছের পাতার উপর সাদা থেকে ধূসর গুঁড়ার মতো আবরণ পড়ে এবং আস্তে আস্তে পাতা কুকড়িয়ে বিকৃতাকার হয়ে যায়। বেশি আক্রমণে পাতা শুকিয়ে গাছ মারা যায়। গরম ও আর্দ্র আবহাওয়ায় এ রোগ দ্রুত বিস্তার লাভ করে। এ রোগ দমনে মাঠে যথাযথ রোপণ দূরত্ব অনুসরণ করে গাছের জন্য পর্যাপ্ত আলো বাতাস সরবরাহের ব্যবস্থা করা প্রয়োজন। তাছাড়া এ রোগ দমনে আক্রমণের তীব্রতার উপর ভিত্তি করে অটোস্টিন (0.2%) বা সালটাফ (0.2%) 7-10 দিন অন্তর 2-3 বার স্প্রে করলে ভাল ফল পাওয়া যায়।
flower,chrysanthemum,চন্দ্রমল্লিকা,347,other,রাস্ট,এ রোগের আμমণে পাতার নিচের দিকে বাদামী ফুসকুড়ি সৃষ্টি হয় এবং পাতার উপরের দিকে হলদে সবুজ দাগ দেখা দেয়। মারাত্মক আμমণে পাতার অধিকাংশ এলাকা নষ্ট হয়ে পাতা ঝরে পড়তে পারে এবং সে ক্ষেত্রে ফুল উৎপাদন ব্যাপকহারে হ্রাস পায়। এ রোগ দমনে আμান্ত পাতা আপসারণ করতে হবে এবং পরিষ্কার পরিচ্ছন্ন চাষাবাদও কার্যকরী ভ‚মিকা পালন করে। তাছাড়া ফলিকিউর (0.1%) স্প্রে করা যেতে পারে।
flower,chrysanthemum,চন্দ্রমল্লিকা,347,pest_disease,পাতায় দাগ পড়া,এ রোগের আক্রমণে প্রথমে নিচের পাতায় হলদে দাগ পড়ে এবং আক্রমণের মাত্রার উপর নির্ভর করে বাদামী থেকে কালো দাগে পরিণত হয়। এ রোগ দমনে অটোস্টিন বা বেনলেট (0.1%) স্প্রে করলে ভাল ফল পাওয়া যায়।
flower,chrysanthemum,চন্দ্রমল্লিকা,347,other,গ্রে মোল্ড,"এ রোগের আμমণে ফুলের পাঁপড়ি, পাতা এমনকি কাণ্ডেও বাদামী পানি ভেজা দাগ দেখা যায়। আμান্ত গাছে ধূসর থেকে বাদামী পাউডারের মত আস্তরণ পড়ে। দীর্ঘকালীন আর্দর ও মেঘাচ্ছন্ন আবহাওয়া এ রোগ বিস্তারে খুবই সহায়ক। এ রোগ দমনে যথাযথ রোপণ দূরত্ব অনুসরণ করে গাছকে পর্যাপ্ত আলো বাতাস সরবরাহের ব্যবস্থা করা প্রয়োজন। সে সাথে রোভরাল (0.2%) স্প্রে করা যেতে পারে।"
flower,chrysanthemum,চন্দ্রমল্লিকা,347,pest_disease,পোকামাকড় ও দমন ব্যবস্থা,চন্দ্রমল্লিকা ফুলে সাধারণত জাব পোকার আক্রমণ বেশি দেখা যায়।
flower,chrysanthemum,চন্দ্রমল্লিকা,347,pest_disease,জাবপোকা,"এ পোকা খুব ছোট আকৃতির, নরম ও কালো-সবুজ বর্ণের। শীতকালে এর প্রকোপ খুব বেড়ে যায়। এ পোকা গাছের পাতা, ডগা এবং ফুল থেকে রস চুষে খেয়ে গাছের ক্ষতি করে। আক্রান্ত নতুন কুঁড়ি ও পাতা কুঁকড়ে যায়। এ পোকা দমনে প্রাথমিক পর্যায়ে আক্রান্ত পাতা বা ফুল ছিঁড়ে ফেলে পোকাসহ ধ্বংস করা উচিত। হলুদ রঙের আঁঠালো ফাঁদ ব্যবহার করেও ভাল ফল পাওয়া যায়। সাবান গুঁড়া 5 গ্রাম/লিটার হারে পনিতে মিশিয়ে 7-10 দিন অন্তর 2-3 বার স্প্রে করেও এ পোকা দমন করা যেতে পারে। আক্রমণ বেশি হলে ডাইমেথয়েট জাতীয় কীটনাশক (পারফেকথিয়ন/সানগর/টাফগর 40 ইসি) 2.0 মিলি./লিটার পানিতে মিশিয়ে 10 দিন পরপর 2-3 বার স্প্রে করলে ভাল ফল পাওয়া যায়।"
flower,chrysanthemum,চন্দ্রমল্লিকা,347,harvest,ফুল সংগ্রহ,চন্দ্রমল্লিকা ফুল কুড়ি অবস্থায় তুললে ফুটে না। বাইরের পাঁপড়িগুলো সম্পূর্ণ খুলে গিয়েছে এবং মাঝের পাঁপড়িগুলো ফুটতে শুরু করেছে এমন অবস্থায় ধারালো ছুরি দিয়ে খুব সকালে অথবা বিকেলে দীর্ঘ বোঁটাসহ ফুল তোলা উচিৎ।
flower,chrysanthemum,চন্দ্রমল্লিকা,347,yield,ফলন,গাছ প্রতি গড়ে বছরে 20-25 টি ফুল পাওয়া যায়।
flower,tuberose,রজনীগন্ধা,350,soil_climate,উৎপাদন প্রযুক্তি জলবায়ু ও মাটি,"রজনীগন্ধা উষ্ণ ও আর্দ্র আবহাওয়া পছন্দ করে, এ জন্য আমাদের দেশে গ্রীষ্মকালে এ ফুলের চাষ করা হয়। এ ফুলের সফল চাষের জন্য গড় তাপমাত্রা 20-350 সেন্টিগ্রেড ও আর্দর আবহাওয়ার প্রয়োজন হয়। সুনিষ্কাশিত, জৈবপদার্থ সমৃদ্ধ দোআঁশ মাটি রজনীগন্ধা চাষের জন্য উত্তম।"
flower,tuberose,রজনীগন্ধা,350,sowing_method,বংশ বিস্তার,রজনীগন্ধার বংশ বিস্তার কন্দের মাধ্যমে করা হয়ে থাকে। প্রতিটি গাছের গোড়ায় পেঁয়াজের মত যে বস্্তু পাওয়া যায় তাকে কন্দ বলে। পুরাতন গাছের গোড়ায় ঝাড় আকারে অনেক কন্দ থাকে। মাঝের কন্দটি বড় হয়। সাধারণত মাঝারী থেকে বড় আকারের কন্দ বংশ বিস্তারের জন্য ব্যবহার করা হয়। বড় ধরনের কন্দ থেকে স্বাস্থ্যবান গাছ হয় ও গাছে তাড়াতাড়ি ফুল আসে কিন্তু ছোট কন্দ থেকে দুর্বল প্রকৃতির গাছ হয় ও দেরিতে ফুল আসে।
flower,tuberose,রজনীগন্ধা,350,fertilizer,জমি তৈরি ও সার প্রয়োগ,"জমি 4-5 বার চাষ দিয়ে ভালভাবে তৈরি করতে হয়। শেষ বার চাষের সময় হেক্টরপ্রতি ঊর্বরতা ভেদে 9-10 টন গোবর, 250 কেজি টিএসপি ও 240 কেজি এমওপি সার মাটির সাথে ভাল ভাবে মিশিয়ে দেয়া উচিত। কন্দ রোপণের 3 সপ্তাহ পর যখন নতুন গাছের বৃদ্ধি শুরু হয় তখন হেক্টরপ্রতি 300 কেজি ইউরিয়া সার এর অর্ধেক 150 কেজি প্রথম উপরি প্রয়োগ এবং বাকি অর্ধেক 150 কেজি সার পুষ্পদণ্ড বের হওয়ার সময় দ্বিতীয় উপরি প্রয়োগ হিসেবে জমিতে দেয়া হয়।"
flower,tuberose,রজনীগন্ধা,350,sowing_method,কন্দ রোপণ,বাঁছাইকৃত কন্দগুলি মার্চ-এপ্রিল মাসে জমিতে লাগানো উচিত। লাগানোর সময় কন্দের পুরানো শিকড়গুলি কেটে দেয়া উচিত। সাধারণভাবে ভাল ফুল পাওয়ার জন্য লাইন থেকে লাইনের দূরত্ব 30 সেমি এবং প্রতি লাইনে কন্দ থেকে কন্দের দূরত্ব 20 সেমি বজায় রাখা ভাল। প্রতিটি কন্দ সোজা করে 7-10 সেমি মাটির গভীরে পুঁতে দিতে হয়। কন্দ রোপণের পর প্লাবন সেচ দিয়ে সম্পূর্ণ মাঠ ভিজিয়ে দেয়া উচিত।
flower,tuberose,রজনীগন্ধা,350,intercultural,অন্তর্বর্তী পরিচর্যা,রজনীগন্ধার ক্ষেত আগাছা মুক্ত রাখা উচিত। সেজন্য নিড়ানী দিয়ে আগাছা তুলে দিলে মালচিং এর কাজও সে সাথে হয়ে যায়। শুকনো মৌসুমে প্রয়োজন মত সেচ এবং বর্ষাকালে অতিরিক্ত পানি সুনিষ্কাশনের জন্য ড্রেন করে দেয়া উচিত। গাছের গোড়া থেকে শুকনো বা মরা পাতা সরিয়ে ফেলা উচিত। শীতকালে গাছের উপরের অংশ সম্পূর্ণ ভাবে কেটে দেয়া ভাল।
flower,tuberose,রজনীগন্ধা,350,pest_disease,রোগবালাই ও দমন ব্যবস্থা,
flower,tuberose,রজনীগন্ধা,350,pest_disease,কাণ্ড পচা রোগ,এটি একটি ছত্রাক জনিত রোগ। এ ছত্রাকের সংμমণ প্রথমে গাছের মূলে শুরু হয় এবং পরে গোড়ায় ক্ষতি করে। আক্রান্ত গাছের পাতা প্রথমে হলুদ হয়ে নুয়ে পড়ে এবং পরে শুকিয়ে যায়।
flower,tuberose,রজনীগন্ধা,350,pest_disease,প্রতিকার,এ রোগ দমনে অটোস্টিন (0.2%) 10 দিন পর পর 3 বার প্রয়োগ করতে হবে।
flower,tuberose,রজনীগন্ধা,350,pest_disease,এফিড বা জাব পোকা,"এ পোকা রজনীগন্ধা গাছের কচি পাতা, ফুল-কুড়ি ও ফুলের রস চুষে খায়। এ পোকার আক্রমণ বেশি হলে গাছ খাটো হয়ে যায়।"
flower,tuberose,রজনীগন্ধা,350,pest_disease,প্রতিকার,জাবপোকা চোখে পড়লে মেরে ফেলতে হবে। ক্ষেতে বন্ধু পোকা যেমন লেডি বার্ড বিটলের সংখ্যা বাড়াতে হবে। জাবপোকার আক্রমণ বেশি হলে ফাইফানন 57 ইসি অথবা রগর 40 ইসি (1 মিলি প্রতি লিটার পানিতে) অথবা এডমায়ার-20 এস এল 1 মিলি প্রতি লিটার পানিতে মিশিয়ে 10-15 দিন পর পর নিয়মিত গাছে স্প্রে করলে ভাল ফল পাওয়া যায়।
flower,tuberose,রজনীগন্ধা,350,pest_disease,মিলিবাগ বা ছাতরা পোকা,রজনীগন্ধা গাছে ছাতরা পোকার আক্রমণ দেখা যায়। সাদা রঙের মোমের মত নরম দেহের ছাতরা পোকারা গাছ থেকে রস চুষে খায়। ফলে কুঁড়ি ফোটে না এবং ফুল শুকিয়ে যায়।
flower,tuberose,রজনীগন্ধা,350,pest_disease,প্রতিকার,আক্রমণ কম হলে টুথ ব্রাশ দিয়ে পোকা সংগ্রহ করে মেরে ফেলতে হবে। বাগান বা টব পরিষ্কার পরিচছন্ন রাখতে হবে। আক্রমণ বেশি হলে নিম তেল 5 মিলি + 5 মিলি ট্রিক্স প্রতি লিটার পানিতে মিশিয়ে 7-10 দিন পর পর 2-3 বার স্প্রে করতে হবে।
flower,tuberose,রজনীগন্ধা,350,harvest,ফুল সংগ্রহ,রজনীগন্ধার একই ক্ষেত থেকে পরপর 2 বছর ফুল উৎপাদন করা যায়। রজনীগন্ধা ফুল লম্বা ডাটার মাথায় মঞ্জুরী আকারে হয়। মঞ্জুরীর নিচের দুটি কুড়ি যখন দুধের মত সাদা রং ধারণ করে এবং 2-1 দিনের মধ্যে ফুটে যাবে এমনটি বোঝা যায় তখন ধারালো ছুরি দিয়ে রজনীগন্ধার ষ্টিক কেটে এনে বালতি ভর্তি ঠাণ্ডা পানিতে ঘণ্টা খানেক রেখে প্রয়োজনমতো ব্যবহার করা যেতে পারে।
flower,tuberose,রজনীগন্ধা,350,yield,ফলন,"হেক্টরপ্রতি প্রায় 4,50,000 - 5,00,000 টি ফুলের স্টিক পাওয়া যায়।"
flower,gerbera,জারবেরা,352,soil_climate,উপযুক্ত মাটি,"সুনিষ্কাশিত, ঊর্বর দোআঁশ বা বেলে দোআঁশ মাটি জারবেরা চাষের জন্য উত্তম। মাটির pH মান 5.5 থেকে 7.0 এর মধ্যে থাকা উচিত।"
flower,gerbera,জারবেরা,352,other,বীজের মাধ্যমে,"বীজের মাধ্যমে জারবেরার বংশবৃদ্ধি করা যায়। এ পদ্ধতিতে উৎপাদিত গাছে মাতৃগাছের সকল গুণাবলি বজায় থাকে না, তবে পদ্ধতিটি সহজ।"
flower,gerbera,জারবেরা,352,other,ডিভিশন,মাতৃগাছের ক্লাম্প বিভক্ত করে বংশবৃদ্ধি করা যায়। এজন্য মাঠের সুপ্রতিষ্ঠিত ও পরিপূর্ণ বৃদ্ধিপ্রাপ্ত গাছগুলিকে ছোট ছোট ভাগে ধারালো ছুরি দিয়ে ভাগ করা হয়। উক্ত সাকার গুলির পাতা ও শিকড় হালকা প্রুনিং করে পরবর্তীতে নতুন বেডে লাগানো হয়।
flower,gerbera,জারবেরা,352,other,মাইক্রোপ্রোপাগেশন,"বাণিজ্যিকভাবে চাষাবাদের ক্ষেত্রে উপরের পদ্ধতি দুটি খুব উপযোগী নয়। অল্প সময়ে প্রচুর সংখ্যায় রোগমুক্ত চারা পাওয়ার জন্য টিসুকালচার পদ্ধতিটি উত্তম। এ জন্য প্রথমে সঠিক জাত নির্বাচন করতে হবে। পরে ঐ গাছের কাণ্ডের বর্ধিত অগ্রাংশ (growing shoot tips), ফুল কুড়ি (Flower bud), পাতা (Leaf) ইত্যাদিকে এক্সপান্ট (Explants) হিসেবে নিয়ে বার বার সাব-কালচার (Sub-culture) করে অসংখ্য চারা উৎপাদন করা সম্ভব।"
flower,gerbera,জারবেরা,352,land_preparation,জমি তৈরি,জমিতে পরিমাণমতো জৈব সার দিতে হবে। তারপর 40-45 সেমি গভীর করে আড়াআড়ি ও লম্বালম্বি ভাবে পরপর কয়েকটি চাষ দিয়ে জমিটি ঝুরঝুরা (fine tilth) করে তৈরি করতে হবে।
flower,gerbera,জারবেরা,352,other,বেড তৈরি,জারবেরার জন্য বেডের উচ্চতা 20 সেমি এবং প্রশস্ততা 1.0-1.2 মি হলে ভাল হয়। জমিতে যেন পানি জমে না থাকে সেজন্য দুই বেডের মধ্যবর্তী 50 সেমি পানি নিষ্কাশন নালা থাকতে হবে। সাধারণত একবার লাগিয়ে পর্যায়ক্রমে 2 বৎসর ফুল আহরণ করা হয় বলে জমি ও বেড তৈরির সময় সতর্ক দৃষ্টি রাখা প্রয়োজন।
flower,gerbera,জারবেরা,352,sowing_method,চারা লাগানো,বেড তৈরি হলে জাত ও এর বৃদ্ধির ধরন বুঝে সাকারগুলি 50 × 40 সেমি দূরে দূরে লাগাতে হয়। সারি থেকে সারির দূরত্ব 50 সেমি এবং গাছ থেকে গাছের দূরত্ব 40 সেমি। চারাগুলি এমনভাবে মাটিতে স্থাপন করতে হবে যেন চারার ক্রাউন (Crown or Central growing point) মাটির (Surface level) উপরে থাকে। ক্রাউন মাটির নিচে গেলে গোড়া পচা (Foot rot) রোগ সংক্রমণের সমূহ সম্ভাবনা থেকে যায়।
flower,gerbera,জারবেরা,352,sowing_time,লাগানোর সময়,নিয়ন্ত্রিত পরিবেশে সারা বছর চারা লাগানো যেতে পারে তবে শীত মৌসুম অর্থযাৎ অক্টোবর-নভেম্বর মাস চারা লাগানোর সর্বোত্তম সময়।
flower,gerbera,জারবেরা,352,other,পানি দেয়া,"জারবেরার শিকড় গভীরে প্রবেশ করে বিধায় বার বার হালকা স্প্রিংকলার (Sprinkler) সেচের পরিবর্তে প্লাবন সেচ (Flood Irrigation) দেয়া উত্তম। পানি সেচের সময় খেয়াল রাখতে হবে যেন জলাবদ্ধতা সৃষ্টি না হয়। কারণ জারবেরা ক্ষেতে জলাবদ্ধতা মাটিবাহিত রোগ সংক্রমণ ত্বরান্বিত করে। আবার মাটিতে পানির অভাব হলে গাছ ঢলে (Wilting) পড়ে, সেক্ষেত্রে ফুলের পুষ্পদণ্ড ছোট হয়ে যায়।"
flower,gerbera,জারবেরা,352,fertilizer,সার প্রয়োগ,"বেড তৈরি হলে চারা লাগানোর কমপক্ষে এক সপ্তাহ আগে বেডের প্রতি 10 বর্গ মিটারের জন্য 60 কেজি পচা জৈব সার, 1.5 কেজি ইউরিয়া অথবা 1 কেজি এমোনিয়াম সালফেট, 2.5 কেজি ট্রিপল সুপার ফসফেট, 500 গ্রাম মিউরেট অব পটাশ ও 50 গ্রাম ম্যাগনেশিয়াম সালফেট প্রয়োগ করে ভালভাবে মাটিতে মিশিয়ে দিতে হবে। জারবেরার বেড তৈরির সময় সারের যে বেসাল ডোজ দেয়া হয় তার পাশাপাশি নিম্নলিখিত মাত্রায় পুষ্টি সরবরাহ করতে হবে। চারা রোপণের প্রথম 2-3 সপ্তাহ গাছে কোন সার প্রয়োগ করা যাবে না। জারবেরা বেডের প্রতি 10 বর্গ মিটার জমিতে গাছের চারপাশে 250 গ্রাম ক্যালসিয়াম এমোনিয়াম নাইট্রেট এবং 150 গ্রাম মিউরেট অব পটাশ প্রতি 15 দিন অন্তর প্রয়োগ করতে হবে। 12 সপ্তাহ পর থেকে গাছে ফুল আসা শুরু হলে এনপিকে (NPK) (15:20:30) প্রতি লিটার পানিতে 1.5 গ্রাম মিশিয়ে 2-4 সপ্তাহ পর্যন্ত প্রতিদিন জমিতে প্রয়োগ করলে ভাল মানের বেশি ফুল পাওয়া যায়।"
flower,gerbera,জারবেরা,352,pest_disease,রোগবালাই ও দমন ব্যবস্থা,
flower,gerbera,জারবেরা,352,pest_disease,গোড়া পচা,এটি একটি মাটিবাহিত রোগ। এ রোগের ফলে গাছের গোড়ার অংশ কাল রং ধারণ করে পচে যায় এবং আস্তে আস্তে ঢলে পড়ে। রিডোমিল গোল্ড অথবা ডায়থেন এম-45 (0.2%) নামক ছত্রাক নাশক ব্যবহারে ভাল ফল পাওয়া যায় অথবা টপসিন (0.2%) ব্যবহার করেও এ রোগ দমন করা যায়।
flower,gerbera,জারবেরা,352,other,ক্রাউন রট,"এটি মাটি বাহিত ছত্রাক জনিত রোগ। এ রোগ হলে গাছের গোড়ার অংশ কালো বর্ণ ধারণ করে, পচে যায় এবং আস্তে আস্তে ঢলে পড়ে। মাটিতে জলাবদ্ধতা থাকলেও চারা রোপণের প্রারম্ভিক অবস্থায় এ রোগ বেশি দেখা যায়। বেডে যেন প্রয়োজনের অতিরিক্ত সেচের পানি না জমে এবং গাছের মুকুট বা পাতা যেন মাটির সংস্পর্শে না আসে সেদিকে খেয়াল রাখতে হবে। তাছাড়া টপসিন-এম (0.20%) অথবা ব্লিটক্স (0.1%) মাটিতে প্রয়োগ করে (প্রতি গাছে 50-100 মিলি) এ রোগ দমন করা যায়।"
flower,gerbera,জারবেরা,352,pest_disease,পাউডারী মিলডিউ,"এটি একটি ছত্রাক জনিত রোগ। পাতা ও ফুলে সাদা পাউডারের আস্তরণ পড়ে। মারাত্মক আক্রমণে পাতা কুঁকড়ে যায়। এ রোগ সাধারণত মাঝারী তাপমাত্রা, দীর্ঘ সময় উচ্চ আপেক্ষিক আর্দ্রতা ও মেঘাচ্ছন্ন আবহাওয়ায় বেশি দেখা যায়। এ রোগের আক্রমণে গাছ দ্রুত আক্রান্ত হয় এবং শুকিয়ে মারা যায়। বাতাসে এ রোগের জীবাণু ছড়ায়। এ রোগ দমনে আক্রমণের তীব্রতার উপর ভিত্তি করে থিওভিট (0.2%) বা টিল্ট (0.05%) বা সালফোলাক (0.2%) 10 দিন পর পর দুবার স্প্রে করা প্রয়োজন।"
flower,gerbera,জারবেরা,352,pest_disease,পোকা মাকড় ও দমন ব্যবস্থাপনা,
flower,gerbera,জারবেরা,352,pest_disease,সাদা মাছি,সাদা মাছি গাছের বিভিন্ন অংশের রস চুষে মারাত্মক ক্ষতি করে। এ মাছির মাধ্যমে ভাইরাস সংক্রমণও হয়। চারা রোপণের 10-15 দিন পর থেকে এসাটাফ 75 (এসপি) ও কুমুলাস ডি এফ একসংগে মিশিয়ে 2 গ্রাম করে প্রতি লিটার পানিতে দিয়ে 10-12 দিন পর পর 2-3 বার স্প্রে করা যেতে পারে।
flower,gerbera,জারবেরা,352,pest_disease,মাকড় বা মাইট,শুষ্ক ও উষ্ণ আবহাওয়ায় জারবেরা গাছে মাইটের আক্রমণ পরিলক্ষিত হয়। এ পোকা পাতার নিচের রস চুষে খায় এতে পাতার নিচে বাদামী দাগ পড়ে এবং আস্তে আস্তে পাতা শুকিয়ে যায়। ফুলের পাঁপড়িতেও কিছু জাল বোনার মত আবরণ দেখা যায়। ফলে ফুল বিকৃতি হয় এবং বাজার মূল্য কমে যায়। নিম তেল 5 মিলি + 5 মিলি ট্রিক্স 1 লিটার পানিতে মিশিয়ে 7-10 দিন পর পর 2-3 বার স্প্রে করলে ভাল ফল পাওয়া যায়। আক্রমণ বেশি হলে ওমাইট বা ভার্টিমেক 1.5 মিলি/লিটার পানিতে মিশিয়ে 10-15 দিন অন্তর পাতার উল্টো পৃষ্ঠে 2-3 বার স্প্রে করলে কার্যকরী ফল পাওয়া যায়।
flower,gerbera,জারবেরা,352,harvest,ফুল তোলা,পূর্ণ বিকশিত জারবেরা ফুলের বাহিরের দু’সারি ডিস্ক ফোরেট পুষ্পদণ্ডের সাথে সমকৌনিক অবস্থানে আসলে ফুল তোলা হয়। কর্তনের সময় পুষ্পদণ্ড যথাসম্ভব লম্বা রেখে ফুল সংগ্রহ করা হয়। ধারালো চাকু দ্বারা তেরছা ভাবে কেটে খুব সকালে বা বিকালে ফুল তোলা উত্তম। ফুল কাটার পর পুষ্পদণ্ড এক ইঞ্চি পানিতে ডুবিয়ে রাখতে হবে। পানির সংগে অল্প চিনি এবং কয়েক ফোঁটা লেবুর রস মিশিয়ে দিলে ফুল বেশি দিন সতেজ থাকে।
flower,anthurium,এ্যানথুরিয়াম,354,soil_climate,আবহাওয়া,এ্যানথুরিয়াম উষ্ণ ও আর্দ্র আবহাওয়া উপযোগী। সাধারণত সব জাতের এ্যানথুরিয়াম ছায়াযুক্ত স্থানে ভাল জন্মায়। অর্থাৎ উজ্জ্বল সূর্যালোক থেকে আচ্ছাদনের মাধ্যমে (Shade net ব্যবহার করে) 40-50% কর্তন করে ছায়া প্রদান করলে গাছের বৃদ্ধি ভাল হয় তথা ভাল মানের ফুল পাওয়া যায়। উল্লেখ্য প্রখর সূর্যালোকে পাতা হলুদাভ হয়ে যায়। সাধারণত যে সমস্ত এলাকায় রাত্রিকালীন তাপমাত্রা 18-200 সে. এবং দিবাভাগের তাপমাত্রা 27-300 সে. বিরাজমান থাকে সে সমস্ত এলাকা এ্যানথুরিয়াম চাষের জন্য উত্তম। নিম্ন তাপমাত্রা ফুল উৎপাদন নিরুৎসাহিত করে।
flower,anthurium,এ্যানথুরিয়াম,354,other,বৃদ্ধি মাধ্যম,"সাকার লাগানোর জন্য নারিকেলের ছোবড়া, নারিকেল ছোবড়ার গুঁড়া, কাঠের গুঁড়া, ধানের তুষ স্তরে স্তরে বিছিয়ে এ্যানথুরিয়াম চাষের উপযোগী মাধ্যম তৈরি করা হয়। পটে জন্মানোর জন্য এককভাবে নারিকেলের ছোবড়া বা ছোবড়ার গুঁড়া ব্যবহার করা যেতে পারে।"
flower,anthurium,এ্যানথুরিয়াম,354,sowing_method,বংশ বিস্তার,সাধারণত মাতৃগাছ থেকে সাকার পৃথক করে এ্যানথুরিয়ামের বংশবৃদ্ধির জন্য ব্যবহার করা হয়। তবে এ প্রক্রিয়াটি খুবই শ্লথ গতির। তাই দ্রুত গতিতে বংশবৃদ্ধির জন্য টিস্যুকালচার প্রক্রিয়া ব্যবহার করা উত্তম। যে সমস্ত এ্যানথুরিয়াম জাত সাধারণত সাকার উৎপাদনে দুর্বল তাদের ক্ষেত্রে টপ কাটিং করলে সাকার উৎপাদন বৃদ্ধি পায়। উৎপাদিত স্বাস্থ্যবান এবং প্রচুর শিকড় সমৃদ্ধ গাছের গোড়া থেকে সামান্য উপরে কেটে দিলেই 2/3 মাসের মধ্যে পাশ থেকে 2/3 টি করে সাকার বের হবে।
flower,anthurium,এ্যানথুরিয়াম,354,sowing_time,লাগানোর সময়,সারা বছর সাকার বা টিস্যু কালচারের চারা লাগানো যায়। তবে জুলাই-আগস্ট মাস সর্বোত্তম।
flower,anthurium,এ্যানথুরিয়াম,354,spacing,চারা রোপণ ও দূরত্ব,"80 সেমি প্রশস্ত বেডে 40 × 30 সেমি দূরত্বে চারা রোপণ করলে প্রতি হেক্টর জমিতে প্রায় 60,000 চারা রোপণ করা যায়।"
flower,anthurium,এ্যানথুরিয়াম,354,fertilizer,সার প্রয়োগ,"চারা রোপণের 2-3 মাস পর হতে তরল সার 10-15 দিন অন্তর অন্তর প্রয়োগ করলে ভালমানের ফুল পাওয়া যায়। এছাড়া চারা প্রতি 10 গ্রাম করে ইউরিয়া, ট্রিপল সুপার ফসফেট ও মিউরেট অব পটাশ এর প্রতিটি 20-25 দিন পর পর ফুল আসা পর্যন্ত প্রয়োগ করলে ভাল ফল পাওয়া যায়।"
flower,anthurium,এ্যানথুরিয়াম,354,intercultural,পরিচর্যা,চারা রোপণের 90-100 দিনের মধ্যে ফুল আসতে থাকে। প্রথম অবস্থায় ছোট ফুল কেটে দিতে হবে তা হলে পরবর্তীতে ফুল বড় হবে। মাঝে মাঝে গাছের নিচের পাতা কেটে ফেলতে হবে। তা হলে ফুলের সংখ্যা বেশি হবে। বাণিজ্যিক চাষাবাদে সাকার রোপণের পরে বেডের 2-2.5 মিটার উপর দিয়ে 40-50 শতাংশ সূর্যালোক কর্তন করে এমন সেড নেট অবশ্যই স্থাপন করা দরকার।
flower,anthurium,এ্যানথুরিয়াম,354,pest_disease,রোগবালাই,
flower,anthurium,এ্যানথুরিয়াম,354,pest_disease,পাতায় দাগ,"যে সমস্ত রোগ দেখা যায়, তার মধ্যে পাতায় দাগ উল্লেখযোগ্য। উষ্ণ ও আর্দ্র আবহাওয়ায় এ রোগের প্রাদুর্ভাব বেশি হয়। আক্রান্ত গাছের পাতা ও স্প্যাডিক্সে ছোট ছোট দাগ পরিলক্ষিত হয় এবং পরে লম্বাকৃতি ধারণ করে এবং পচনের সৃষ্টি হয়। ছত্রাকনাশক অটোস্টিন বা নোইন 2 গ্রাম প্রতি লিটার পানিতে মিশিয়ে 7-8 দিন পর পর স্প্রে করলে ভাল ফল পাওয়া যায়।"
flower,anthurium,এ্যানথুরিয়াম,354,pest_disease,ব্যাকটেরিয়াল ব্লাইট,Xanthomonas campestris pv. diffenbachia নামক ব্যাকটেরিয়ার আক্রমণে এ্যানথুরিয়াম ব্লাইট রোগ হয়। এ রোগের জীবাণু পাতার স্টোমাটা (Stomata) কিংবা ক্ষতের মাধ্যমে উদ্ভিদের ভিতরে প্রবেশ করে। উষ্ণ ও আর্দ্র আবহাওয়ায় এ রোগের প্রকোপ বেশি হয়। রোগের লক্ষণ হিসেবে পাতার নিচের দিকে মার্জিনের আশে পাশে খুবই হালকা হলুদাভ রং পরিবৃত্ত অবস্থায় অসম (Irregular) পানি ভেজা (Water soaked) দাগ পরিলক্ষিত হয়। আক্রমণ তীব্রতর হলে আক্রান্ত স্থানের টিস্যু মারা যায় ও বাদামী রং ধারণ করে এবং বাদামী দাগের চারিদিকে হলুদ বর্ণের রিং এর মতো তৈরি হয়। আক্রান্ত পাতা কেটে বাদ না দিলে অন্যান্য অংশও আক্রান্ত হতে পারে। কাণ্ড আক্রান্ত হলে উক্ত স্থান কালো হয়ে যায় এবং কাণ্ডের মাধ্যমে পানি ও খাদ্যবস্তু (Nutrients) সরবরাহ বাঁধাগ্রস্থ হয়। ফলশ্রুতিতে পাতা আগাম হলুদ বর্ণ ধারণ করে এবং ফ্যাকাশে রঙের ফুল উৎপাদিত হয়।
flower,anthurium,এ্যানথুরিয়াম,354,pest_disease,পোকামাকড়,মাঝে মধ্যে মাইট এবং মিলিবাগের আক্রমণ দেখা যায়। মাইট দমনের জন্য সালফোটক্স বা ওমাইট বা ভার্টিমেক 2 গ্রাম প্রতি লিটার পানিতে এবং মিলিবাগের জন্য সুমিথিয়ন 2 মিলি প্রতি লিটার পানিতে মিশিয়ে 7-8 দিন পর পর স্প্রে করতে হবে।
flower,anthurium,এ্যানথুরিয়াম,354,harvest,ফুল সংগ্রহ,স্প্যাথের উপর দণ্ডায়মান স্প্যাডিক্সের গোড়া থেকে সত্যিকার ফুল ধারণ শুরু হয় এবং পর্যায়ক্রমে উপরে যেতে থাকে। পরিপক্কতা লাভের ক্ষেত্রেও একই নিয়ম চলে। ফুলের পরিপক্কতা হলে উপরিভাগ সাদা রং ধারণ করে। সুতরাং স্প্যাডিক্সের প্রায় অর্ধেক অংশ সাদা রং ধারণ করলেই এ্যানথুরিয়াম ফুল এর পরিপক্কতা হয়েছে বলে মনে করা হয় এবং ফুল সংগ্রহ করার উপযুক্ত বলে বিবেচনা করা হয়। ধারালো চাকুর সাহায্যে এ্যানথুরিয়াম ফুল কেটে আকার ও আকৃতি অনুযায়ী এবং জাত ভেদে বাছাই করে নিতে হয়।
flower,anthurium,এ্যানথুরিয়াম,354,other,ফুলের আয়ুষ্কাল,কক্ষ তাপমাত্রায় বেশি দিন সতেজ-সজীব থাকার ব্যাপারে এ্যানথুরিয়াম ফুল বিখ্যাত। ফুলের স্প্যাথের পুরুত্ব এবং পুষ্প দণ্ডের দৃঢ়তা এ্যানথুরিয়াম ফুল বেশি দিন টিকে থাকার প্রধান কারণ।
flower,dahlia,ডালিয়া,355,soil_climate,জলবায়ু ও মাটি,ডালিয়া চাষের জন্য ঊর্বর ও নিষ্কাশন সুবিধাযুক্ত জমি প্রয়োজন। অবশ্যই প্রচুর সূর্যালোক থাকতে হবে। বাংলাদেশে শীতকালই এ ফুল চাষের উত্তম সময়। মাটির pH মান 6.0-6.5 ও আবহাওয়া ঠাণ্ডা হলে ভাল।
flower,dahlia,ডালিয়া,355,sowing_method,চারা তৈরি,জুলাই- আগস্ট মাসে কন্দমূল বা কাটিং থেকে চারা তৈরির উপযুক্ত সময়।
flower,dahlia,ডালিয়া,355,sowing_method,চারা রোপণ,কন্দমূল বা কাটিং থেকে উৎপন্ন চারা 20-25 দিন পর সেপ্টেম্বর-অক্টোবর মাসে রোপণের উপযোগী হয়
flower,dahlia,ডালিয়া,355,intercultural,অন্তর্বর্তীকালীন পরিচর্যা,
flower,dahlia,ডালিয়া,355,other,শাখা ভাঙ্গা,কাণ্ডের আগার অংশ কেটে ফেলাকে শাখা ভাঙ্গা বা পিনচিং বলে। সাধারণত 3-6টি শাখা রেখে দিলে গাছটি ঝোপালো হয় এবং অধিক ফুল পাওয়া যায়।
flower,dahlia,ডালিয়া,355,other,কুঁড়ি অপসারণ,অনাকা•িক্ষত অপরিপক্ক ফুলের কুঁড়ি অপসারণ কার্যক্রমকে কুঁড়ি অপসারণ বলা হয়। মুকুট কুঁড়িগুলিকে রেখে অবশিষ্ট কুঁড়িগুলি ছিড়ে দিলে বড় আকারের ফুল পাওয়া যায়।
flower,dahlia,ডালিয়া,355,other,ঠেকা দেয়া,ডালিয়ার ফুল শাখার তুলনায় বড় ও ভারী হয় বলে কাঠি দিয়ে ঠেকা দিতে হয়।
flower,dahlia,ডালিয়া,355,fertilizer,সার প্রয়োগ ও ব্যবস্থাপনা,
flower,dahlia,ডালিয়া,355,land_preparation,মাঠে বা জমিতে,"জমি তৈরির পর হেক্টরপ্রতি 10 টন পচা গোবর সার, 260 কেজি টিএসপি এবং 100 কেজি এমওপি সার মাটির সাথে মিশিয়ে দিতে হবে। চারা/কন্দ রোপণের 1 মাস পর গাছের দৈহিক বৃদ্ধির জন্য 160 কেজি ইউরিয়া এবং 100 কেজি পটাশ সার উপরি প্রয়োগ করা উচিত। ফুলের কুড়ি আসার পর পরই একই নিয়মে 160 কেজি ইউরিয়া সার আবার উপরি প্রয়োগ করা উচিত।"
flower,dahlia,ডালিয়া,355,other,পটে বা টবে,"পটে জন্মানোর জন্য 2 ভাগ মাটি, 2 ভাগ গোবর সার, 1 ভাগ পাতা পচা সার ও 1 ভাগ হাড়ের গুঁড়ার সাথে 5 গ্রাম টিএসপি, 5 গ্রাম মিউরেট অব পটাশ এর মিশ্রণ ব্যবহার করা উত্তম। 10 গ্রাম ইউরিয়া সারের অর্ধেক কন্দ/চারা রোপণের 25-30 দিন পর গাছের দৈহিক বৃদ্ধির সময় একবার এবং বাকি অর্ধেক ফুলের কুঁড়ি আসার সময় উপরি প্রয়োগ করা উচিত।"
flower,dahlia,ডালিয়া,355,intercultural,অন্যান্য পরিচর্যা,
flower,dahlia,ডালিয়া,355,pest_disease,রোগবালাই ও দমন ব্যবস্থা,
flower,dahlia,ডালিয়া,355,pest_disease,পাতায় দাগ পড়া,এ রোগের আক্রমণে প্রথমে নিচের পাতায় হলদে দাগ পড়ে এবং আক্রমণের মাত্রার উপর নির্ভর করে বাদামী থেকে কালো দাগে পরিণত হয়। এ রোগ দমনে অটোস্টিন বা বেনলেট (0.1%) স্প্রে করতে হবে।
flower,dahlia,ডালিয়া,355,pest_disease,পোকামাকড় ও দমন ব্যবস্থা,
flower,dahlia,ডালিয়া,355,pest_disease,জাবপোকা,"ডালিয়ার সবচেয়ে বড় শত্রু জাবপোকা। এ পোকা গাছের পাতা, ডগা এবং ফুল থেকে রস চুষে খেয়ে গাছের ক্ষতি কর। আক্রান্ত নতুন কুঁড়ি ও পাতা কুঁকড়ে যায়। এ পোকা দমনে প্রাথমিক পর্যায়ে আক্রান্ত পাতা বা ফুল ছিঁড়ে ফেলে পোকাসহ ধ্বংস করা উচিত। হলুদ রঙের আঁঠালো ফাঁদ ব্যবহার করেও ভাল ফল পাওয়া যায়। সাবান গুঁড়া 5 গ্রাম/লিটার হারে পনিতে মিশিয়ে 7-10 দিন পরপর 2-3 বার স্প্রে করেও এ পোকা দমন করা যেতে পারে। আক্রমণ বেশি হলে ডাইমেথয়েট জাতীয় কীটনাশক (পারফেকথিয়ন/সানগর/ টাফগর 40 ইসি) 2.0 মিলি/লিটার পানিতে মিশিয়ে 10 দিন পরপর 2-3 বার স্প্রে করলে ভাল ফল পাওয়া যায়।"
flower,dahlia,ডালিয়া,355,pest_disease,থ্রিপস,এ পোকা খুব ছোট ও বাদামী বা কালো রঙের। এরা সাধারণত গাছের বর্ধনশীল অংগ যেমন কঁচি পাতা ও ফুলের কুঁড়ি থেকে রস শোষণ করে যার ফলে কুঁড়ি ফোঁটে না বা অংশিকভাবে ফোঁটে এবং পাতা বিবর্ণ হয়ে যায়। এরা পাতার এপিডার্মাল স্তর থেকেও রস চুষে খায়। এ পোকা দমনে জমিতে সাদা রঙের আঁঠালো ফাঁদ ব্যবহার করা যেতে পারে। এছাড়া নিম তেল 5 মিলি + 5 মিলি ট্রিক্স প্রতি লিটার পানিতে মিশিয়ে 7-10 দিন পরপর 2-3 বার স্প্রে করলে ভাল ফল পাওয়া যায়। আক্রমণ বেশি হলে ফিপ্রনিল গ্রুপের কীটনাশক (অ্যারোনিল 50 এসসি/ফোকাস 50 এসসি) 1.0 মিলি/লিটার হারে পানিতে মিশিয়ে 7-10 দিন অন্তর 2-3 বা স্প্রে করতে হবে।
flower,dahlia,ডালিয়া,355,harvest,ফুল সংগ্রহ,সাধারণত চারা লাগানোর 70-80 দিন পর ফুল সংগ্রহ করা যায়। তবে পূর্ণ প্রস্ফুটিত অবস্থায় ফুল সংগ্রহ করা উচিত।
flower,dahlia,ডালিয়া,355,yield,ফলন,গাছ প্রতি গড়ে বছরে 14-15 টি ফুল পাওয়া যায়।
flower,lily,লিলি,357,other,পট নির্বাচন,25-30 সেমি মাটির পটে গাছের দৈহিক বৃদ্ধি ও ফুল ভাল মানের হয়।
flower,lily,লিলি,357,sowing_method,চারা রোপণ,বাল্ব সাধারণত মে-জুন মাসে লাগাতে হয়।
flower,lily,লিলি,357,intercultural,অন্তর্বর্তীকালীন পরিচর্যা,
flower,lily,লিলি,357,fertilizer,সার প্রয়োগ ও ব্যবস্থাপনা,
flower,lily,লিলি,357,other,বেডে,"বেড তৈরির পর হেক্টরপ্রতি 5 টন পচা গোবর সার, 150 কেজি টিএসপি ও 125 কেজি এমওপি সার মাটির সাথে মিশিয়ে দিতে হবে। বাল্ব রোপণের 3 সপ্তাহ পর যখন নতুন গাছের বৃদ্ধি শুরু হয় তখন হেক্টরপ্রতি 150 কেজি ইউরিয়া সার এর অর্ধেক 75 কেজি প্রথম উপরিপ্রয়োগ এবং বাকি অর্ধেক 75 কেজি পুষ্পদণ্ড বের হওয়ার সময় উপরিপ্রয়োগ করা উচিত।"
flower,lily,লিলি,357,other,পটে,"পটে জন্মানোর জন্য 2 ভাগ মাটি, 2 ভাগ গোবর সার ও 1 ভাগ পাতাপচা সারের সঙ্গে 3 গ্রাম টিএসপি, 4 গ্রাম মিউরেট অব পটাশ এর মিশ্রণ ব্যবহার করা উত্তম। বাল্ব রোপণের 40-50 দিন পর হতে 2 গ্রাম ইউরিয়া সার প্রতি 1 মাস পর পর ফুল আসা পর্যন্ত উপরি প্রয়োগ করা উচিত।"
flower,lily,লিলি,357,intercultural,অন্যান্য পরিচর্যা,
flower,lily,লিলি,357,pest_disease,রোগবালাই ও দমন ব্যবস্থা,
flower,lily,লিলি,357,pest_disease,পাতায় দাগ পড়া,এ রোগের আক্রমণে প্রথমে নিচের পাতায় হলদে দাগ পড়ে এবং আক্রমণের মাত্রার উপর নির্ভর করে বাদামী থেকে কালো দাগে পরিণত হয়। এ রোগ দমনে অটোস্টিন বা বেনলেট (0.1%) স্প্রে করতে হবে।
flower,lily,লিলি,357,pest_disease,পোকামাকড় ও দমন ব্যবস্থা,এ ফুলে পোকামাকড় দ্বারা তেমন কোন আক্রমণ হয় না বললেই চলে।
flower,lily,লিলি,357,harvest,ফুল সংগ্রহ,সাধারণত চারা লাগানোর 80-90 দিন পর ফুল সংগ্রহ করা যায়।
flower,lily,লিলি,357,yield,ফলন,গাছ প্রতি গড়ে বছরে 5-6 টি ফুল পাওয়া যায়।
flower,alpinia,এলপিনিয়া,358,soil_climate,উপযোগী এলাকা,"সারা দেশে চাষ উপযোগী, তবে গাজীপুর, ময়মনসিংহ, ঢাকা, চট্টগ্রাম ও রাজশাহী এলাকায় ভাল জন্মে।"
flower,alpinia,এলপিনিয়া,358,other,স্থান নির্বাচন,আধো আলোছায়া এরূপ স্থান ফুল চাষের জন্য নির্বাচন করা উচিত। প্রয়োজনে 30-40% সূর্যালোক কাট করে এমন সেডনেট ব্যবহার করা ভাল। এছাড়া উপযুক্ত বায়ু চলাচল এবং পানি নিষ্কাশনের ব্যবস্থা থাকা আবশ্যক।
flower,alpinia,এলপিনিয়া,358,sowing_time,রোপণের সময়,সারা বছর রাইজোম রোপণ করা যায় তবে জুন-জুলাই মাস সর্বোত্তম।
flower,alpinia,এলপিনিয়া,358,fertilizer,সার প্রয়োগ ও ব্যবস্থাপনা,
flower,alpinia,এলপিনিয়া,358,other,বেডে,"বেড তৈরির পর হেক্টরপ্রতি 5 টন পচা গোবর সার, 80 কেজি টিএসপি ও 100 কেজি এমওপি সার মাটির সাথে মিশিয়ে দিতে হবে। রাইজোম রোপণের 1 মাস পর যখন নতুন গাছের বৃদ্ধি শুরু হয় তখন হেক্টরপ্রতি 100 কেজি ইউরিয়া সার এর অর্ধেকটা প্রথম উপরিপ্রয়োগ এবং বাকি অর্ধেক স্পাইক বের হওয়ার সময় উপরিপ্রয়োগ করা উচিত।"
flower,alpinia,এলপিনিয়া,358,intercultural,অন্যান্য পরিচর্যা,
flower,alpinia,এলপিনিয়া,358,pest_disease,রোগবালাই ও দমন ব্যবস্থা,এ ফুলে রোগবালাই দ্বারা তেমন কোন আক্রমণ হয় না বললেই চলে।
flower,alpinia,এলপিনিয়া,358,pest_disease,পোকামাকড় ও দমন ব্যবস্থা,
flower,alpinia,এলপিনিয়া,358,other,মিলি বাগ,এলপিনিয়া ফুলে সাদা রঙের মোমের মত নরম দেহের মিলিবাগ ফুল থেকে রস চুষে খায়। ফলে ফুল শুকিয়ে যায়।
flower,alpinia,এলপিনিয়া,358,pest_disease,প্রতিকার,আক্রমণ কম হলে টুথ ব্রাশ দিয়ে পোকা সংগ্রহ করে মেরে ফেলতে হবে। বাগান বা টব পরিষ্কার পরিচছন্ন রাখতে হবে। আক্রমণ বেশি হলে নিম তেল 5 মিলি + 5 মিলি ট্রিক্সপ্রতি লিটার পানিতে মিশিয়ে 7-10 দিন পর পর 2-3 বার স্প্রে করতে হবে।
flower,alpinia,এলপিনিয়া,358,harvest,ফুল সংগ্রহের সময়,রাইজোম লাগানোর প্রায় 8-10 মাস পর ফুল আসে। পুষ্পমঞ্জুরী পূর্ণ প্রষ্ফুটিত অবস্থায় সংগ্রহ করা প্রয়োজন।
flower,alpinia,এলপিনিয়া,358,yield,ফলন,গাছ প্রতি গড়ে বছরে 5-6 টি ফুল পাওয়া যায়।
flower,marigold,গাঁদা,359,soil_climate,উপযোগী এলাকা,"বাংলাদেশের সর্বত্র এটি জনপ্রিয় হলেও নির্দিষ্ট কিছু এলাকায়, যেমন- যশোর, কুষ্টিয়া, ঝিনাইদহ, বগুড়া, রংপুর, রাজশাহী এবং চট্টগ্রাম অঞ্চলে গাঁদা ফুলের বাণিজ্যিক চাষাবাদ হচ্ছে।"
flower,marigold,গাঁদা,359,sowing_method,বংশ বিস্তার,"বীজ এবং কাণ্ড কাটিং এর মাধ্যমে উৎপাদিত হয়। বীজ হতে উৎপাদিত গাছ স্বাস্থ্যবান, লম্বা ও অধিক ফলনশীল হয়। কাটিং এর মাধ্যমে সহজে এবং জাতের গুণাগুণ অক্ষুন্ন রেখে গাঁদার বংশ বিস্তার করা যায়।"
flower,marigold,গাঁদা,359,soil_climate,গাঁদা ফুল চাষের উপযোগী আবহাওয়া,"গাঁদা ফুল চাষের জন্য মৃদু আবহাওয়া প্রয়োজন। বাংলাদেশের আবহাওযায় সারা বছর গাঁদা ফুলের চাষ করা যায়। আফ্রিকান গাঁদা দীর্ঘ দিবস ও স্বল্প তাপমাত্রায় (15-21 ডিগ্রি সেন্টিগ্রেড) উত্তম ফুল দেয়। তাপমাত্রা খুব বেশি হলে গাছের বৃদ্ধি কমে যায়, ফুলের আকার ছোট হয় এবং উৎপাদন ব্যাহত হয়। আফ্রিকান গাঁদার চেয়ে ফরাসী গাঁদার প্রতিকুল আবহওয়াতে খাপ খাওয়ানোর ক্ষমতা বেশি। আবহাওয়া জনিত কারণে শীতকালের চেয়ে গ্রীষ্ম ও বর্ষাকালে গাঁদা ফুলের ফলন কম হয়।"
flower,marigold,গাঁদা,359,sowing_time,রোপণের সময়,জানুয়ারি-ফেব্রুয়ারি মাসে বীজ তলায় এ বীজ বপন করতে হয়। সাধারণত 3-4 পাতা বিশিষ্ট 25-30 দিনের চারা ফেব্রুয়ারি-মার্চ মাসের মধ্যে মাঠে লাগাতে হয়।
flower,marigold,গাঁদা,359,fertilizer,সার প্রয়োগ ও ব্যবস্থাপনা,"গাঁদার জমি চ‚ড়ান্তভাবে তৈরির সময় হেক্টরপ্রতি 10 টন পচা গোবর, 175 কেজি টিএসপি ও 150 কেজি এমওপি সার উত্তমরূপে মাটির সাথে মিশিয়ে দিতে হবে। চারা রোপণের 20-25 দিন পর হেক্টরপ্রতি 200 কেজি ইউরিয়ার অর্ধেক উপরি প্রয়োগ করতে হবে। বাকি অর্ধেক ফুল আসার আগে প্রয়োগ করতে হবে।"
flower,marigold,গাঁদা,359,pest_disease,রোগবালাই ও দমন ব্যবস্থা,
flower,marigold,গাঁদা,359,pest_disease,পাতার দাগ,"পাতার উপর বাদামী-ধূসর রঙের দাগ পড়ে। অতি আক্রমণে পাতা শুকিয়ে যেতে পারে, গাছ দুর্বল হয়। এ রোগ দমনে 4 গ্রাম ট্রাইকোডারমা/লিটার পানির সাথে মিশিয়ে 10 দিন পর পর স্প্রে করা যেতে পারে। অটোস্টিন বা বেনলেট (0.1%) রোগ দেখামাত্র 15 দিন পর পর তিনবার স্প্রে করতে হবে।"
flower,marigold,গাঁদা,359,pest_disease,ফুল পচা,ফুলের পাঁপড়িতে ধূসর রঙের দাগ হয়। ফুল পচে যায়। পাঁপড়ির ভাঁজে ছত্রাকের অসংখ্য স্পোর দেখা যায় ও পুরো ফুলটি কাল হয়ে পচে যায়। রুভরাল (0.2%) নামক ছত্রাকনাশক 10 দিন পর পর স্প্রে করে এ রোগ দমন করা যায়। বারি গাঁদা-1
flower,marigold,গাঁদা,359,other,গ্রে মোল্ড,"এ রোগের আক্রমণে ফুলের পাঁপড়ি, পাতা এমনকি কাণ্ডেও বাদামী পানি ভেজা দাগ দেখা যায়। আক্রান্ত গাছে ধূসর থেকে বাদামী পাউডারের মতে আস্তরণ পড়ে। এ রোগ দমনে যথাযথ রোপণ দুরত্ব অনুসরণ করে গাছকে পর্যাপ্ত আলো বাতাস সরবরাহের ব্যবস্থা করা প্রয়োজন। সেই সাথে ক্যাপটান (0.1%) বা থিরাম 75 (0.3%) স্প্রে করা যেতে পারে।"
flower,marigold,গাঁদা,359,pest_disease,পোকামাকড় ও দমন ব্যবস্থা,
flower,marigold,গাঁদা,359,pest_disease,লাল মাকড়,শুষ্ক মৌসুমে অর্থাৎ নভেম্বর হতে এপ্রিল মাস পর্যন্ত লাল মাকড়ের আক্রমণ বেশি হয়। বৃষ্টি শুরু হলে লাল মাকড়ের প্রকোপ কমতে থাকে। অতিরিক্ত বৃষ্টির সময় মাকড়ের আক্রমণ খুব কম দেখা যায়। লাল মাকড়ের আক্রমণে পাতা বিবর্ণ হয়। গাছ মাকড়ের জালে ঢেকে যায় এবং শেষে মারা যায়।
flower,marigold,গাঁদা,359,pest_disease,দমন ব্যবস্থাপনা,শুকনো মৌসুমে গাছের পাতার নিচের দিকে 3-4 দিন পর পর পানি স্প্রে করতে হবে। মাকড়ের আক্রমণ বেশি হলে শুকনো মৌসুমে ভার্টিমেক 1.8 ইসি (1 মিলি/লিটার পানিতে) অথবা মেজিস্টার 10 ইসি (2 মিলি/লিটার পানিতে) গাছে 7-15 দিন ছিটাতে হবে।
flower,marigold,গাঁদা,359,pest_disease,পাতা খেকো লেদা পোকা,"তাপমাত্রা কম থাকলে ছায়ায় বসে এ পোকার কীড়া কাণ্ড, পাতা খেয়ে ফেলে। আবহাওয়াজনিত কারণে এ পোকার আক্রমণের তারতম্য ঘটে"
flower,marigold,গাঁদা,359,pest_disease,দমন ব্যবস্থাপনা,পাতা খেকো লেদা পোকার কীড়া মেরে ফেলতে হবে। জমিতে ডাল পুতে পাখি বসার ব্যবস্থা করতে হবে। জমিতে পোকার আক্রমণ বেশি হলে স্প্যানোস্যাড 45 এসসি/ট্রেসার (1 মিলি/লিটার) পানিতে পাশিয়ে গাছে ছিটাতে হবে।
flower,marigold,গাঁদা,359,pest_disease,মিলি বাগ বা ছাতরা পোকা,এ পোকা গাছের রস চুষে খেয়ে গাছ দুর্বল করে ফেলে। ছত্রাকের আশ্রয় হিসেবে কাজ করে।
flower,marigold,গাঁদা,359,pest_disease,দমন ব্যবস্থাপনা,এ পোকার আক্রমণ দেখা গেলে এডমায়ার 20 এস.এল (1.2 মিলি/লিটার পানিতে) অথবা রগর 40 এল (1.2 মিলি/লিটার পানিতে) অথবা ম্যালাটাফ 57 ইসি (2 মিলি/লিটার পানিতে) অথবা ফাইফানন 57 ইসি 2 মিলি/লিটার পানিতে) 7-15 দিন পর পর গাছে স্প্রে করতে হবে।
flower,marigold,গাঁদা,359,harvest,ফুল সংগ্রহের সময়,"ফুল আকারে পূর্ণতা প্রাপ্ত হলে অল্প বোঁটা রেখে কাঁচি দিয়ে ফুল কাটাই উত্তম, এতে ফুল বেশিক্ষণ তাজা থাকে।"
flower,lilium,লিলিয়াম,361,soil_climate,জলবায়ু ও মাটি,লিলিয়াম চাষের জন্য মৃদু আবহাওয়া প্রয়োজন। ভালো মানের ফুল উৎপাদনের জন্য দিনের তাপমাত্রা 20-250 সে. এবং রাতের তাপমাত্রা 10-150 সে. হওয়া বাঞ্ছনীয়। অধিকাংশ লিলিয়াম আংশিক ছায়ায় মানসম্পন্ন ফুল প্রদান করে। 50% আলো প্রতিরোধ করতে পারে এমন UV পলিথিন/শেড নেট ব্যবহার করলে ভালো মানের ফুল উৎপাদন করা যায়। সুনিষ্কাশিত এবং পর্যাপ্ত জৈবসার সমৃদ্ধ বেলে দো-আঁশ মাটি লিলিয়ামের জন্য উপযোগী। সাধারণত এশিয়াটিক লিলিয়ামের জন্য মাটির pH 6-7 এবং অরিয়েন্টাল লিলিয়ামের জন্য pH 5.5-6.5 থাকা ভাল।
flower,lilium,লিলিয়াম,361,sowing_method,বংশবিস্তার,"বীজ, কন্দ, শল্ক, গুঁড়ি কন্দ ও বুলবিল এর মাধ্যমে লিলিয়ামের বংশবিস্তার করা যায়। সাধারণভাবে চাষের জন্য ‘কন্দ’ রোপণ করা হয়। এক্ষেত্রে পূর্ববর্তী বৎসরের সংগৃহীত ও সংরক্ষিত আস্ত কন্দ মাটিতে বপণ করা হয়।"
flower,lilium,লিলিয়াম,361,fertilizer,জমি তৈরি ও সার প্রয়োগ,জমিতে 40-45 সেমি. গভীর করে আড়াআড়ি ও লম্বালম্বি পর পর কয়েকটি চাষ দিয়ে জমিটি ঝুরঝুরা করে তৈরি করতে হবে। জমি তৈরির সময় মাটিতে পর্যাপ্ত পরিমান কোকোডাষ্ট (প্রতি বর্গ মিটারে প্রায় 10-15 কেজি) মিশাতে হবে যাতে মাটিতে পর্যাপ্ত বাতাস চলাচলের ব্যবস্থা থাকে। লিলিয়াম চাষের জন্য বেডের প্রস্থ 1.0-1.2 মি. এবং উচ্চতা 30-35 সেমি. হলে ভাল হয়। বিভিন্ন অন্তর্বর্তী পরিচর্যা এবং জমির পানি নিস্কাশনের সুবিধার্থে দুই বেডের মাঝখানে 30 সেমি. জায়গা খালি রাখতে হবে। লবনাক্তের প্রতি সংবেদনশীলতার কারনে লিলিয়ামের জমিতে সার প্রয়োগে সাবধানতা অবলম্বন করা প্রয়োজন। বিশেষ করে কন্দ বপনের প্রথম 3 সপ্তাহ পর্যন্ত কোন সার মাটিতে প্রয়োগ না করাই ভাল। কন্দ বপনের প্রথম 3 সপ্তাহ পর NPK 30:20:20 গ্রাম/প্রতি বর্গ মিটারে প্রয়োগ করতে হবে। পরবর্তী 3 সপ্তাহ পর প্রতি 100 বর্গ মিটারে 1 কেজি ক্যালসিয়াম নাইট্রেট এবং 6 সপ্তাহ পর প্রতি 100 বর্গ মিটারে 1 কেজি পটাসিয়াম নাইট্রেট প্রয়োগ করলে ভাল ফল পাওয়া যায়। নাইট্রোজেনের অভাব দেখা দিলে ফুল কাটার 3 সপ্তাহ পূর্বে প্রতি 100 বর্গ মিটারে 1 কেজি পরিমান অ্যামোনিয়াম নাইট্রেট উপরিপ্রয়োগ করা প্রয়োজন।
flower,lilium,লিলিয়াম,361,other,কন্দ বপণ,বাংলাদেশে অক্টোবর-নভেম্বর মাস লিলিয়াম কন্দ লাগানোর উপযোগী সময়। লিলিয়াম কন্দ 15 সেমি. × 15 সেমি. দূরত্বে এবং 10-12 সেমি. গভীরে বপণ করা হয়।
flower,lilium,লিলিয়াম,361,intercultural,অন্তর্বর্তীকালীন পরিচর্যা,"লিলিয়াম চাষে পানি সেচ একটি অন্যতম গুরুত্বপূর্ণ বিষয়। নিয়মিত পানি সেচ ভাল ফুল নিশ্চিত করে। ড্রিপ সেচ পদ্ধতি লিলিয়ামের জমিতে সেচ প্রদানের জন্য সবচেয়ে উপযোগী। গাছের স্বাভাবিক বৃদ্ধির জন্য জমি আগাছা মুক্ত রাখতে হবে। গাছ লম্বা হলে যেন হেলে না যায় এজন্য সঠিক সময়ে লিলিয়াম গাছে নাইলনের তৈরী সাপোর্টিং নেট দেয়া প্রয়োজন। গাছের দৈর্ঘয বৃদ্ধির সাথে সাথে সাপোর্টিং নেটকেও উপরে উঠিয়ে দিতে হবে। এছাড়া মালচিং লিলিয়ামের জমিকে ঠান্ডা, ঝুরঝুরে ও আগাছা মুক্ত রাখে এবং এর ফলে মাটি বাহিত বিভিন্ন রোগের আক্রমনও কম হয়। সাধারনত মালচিং-এর জন্য খড়, কচুরিপানা ইত্যাদি ব্যবহার করা হয়ে থাকে।"
flower,lilium,লিলিয়াম,361,pest_disease,রোগবালাই ও দমন ব্যবস্থা,
flower,lilium,লিলিয়াম,361,pest_disease,বট্রাইটিস ব্লাইট,"Botrytis নামক ছত্রাকদ্বারা এ রোগ হয়ে থাকে, যা মূলত: লিলিয়ামের পাতায় আক্রমণ করে। অতিরিক্ত আর্দ্রতা এবং গরম আহাওয়ায় এ রোগের প্রাদুর্ভাব বেশি দেখা যায়। প্রাথমিক অবস্থায় পাতার এক পাশে ছোট বাদামী বা ধূসর দাগ দেখা দেয় এবং আক্রান্ত টিস্যু ধীরে ধীরে মারা যায়। ফুলের পাঁপড়িতেও মাঝে মাঝে ছোট থেকে বড় পানির মত ভিজা দাগ দেখা যায়। তীব্র আক্রমণের কারণে পুরোপাতা ও কান্ড আক্রান্ত হয় এবং সম্পূর্ন গাছ পঁচে যায় এবং ঢলে পড়ে। আক্রমণের প্রাথমিক অবস্থায় আক্রান্ত পাতা অপসারণ করতে হবে। রাসায়নিকভাবে দমনের জন্য অটোস্টিন @ 2.0 গ্রাম/লিটার হারে গাছ শুষ্ক থাকা অবস্থায় প্রয়োগ করলে সুফল পাওয়া যায়।"
flower,lilium,লিলিয়াম,361,pest_disease,শল্ক ও কন্দ পঁচা রোগঃ,"এ রোগে প্রথমে মাটির নিচে শল্কে বাদামী দাগ দেখা যায় যা পরবর্তীতে কন্দে ছড়িয়ে পড়ে এবং কন্দ পঁচে যায়। আক্রান্ত কন্দ থেকে জন্মানো গাছ খাটো হয়, পাতা ধুসর বর্ণের হয় এবং ভালো মানের ফুল পাওয়া যায় না।কন্দ লাগানোর পূর্বে মাটিকে শোধন করে নিতে হবে। আক্রান্ত শল্ক এবং কন্দ সরিয়ে ফেলতে হবে।মাটির তাপমাত্রা যথাসম্ভব কমিয়ে রাখতে হবে। মাটির সঠিক তাপমাত্রা ও আর্দ্রতা ধরে রাখার জন্য মাটিকে ঝুরঝুরে ও মালচিং করা যেতে পারে। লিলিয়াম শেডে পর্যাপ্ত বায়ূ চলাচলের ব্যবস্থা করে শেডের তাপমাত্রা কমিয়ে রাখতে হবে।"
flower,lilium,লিলিয়াম,361,pest_disease,পোকামাকড় ও দমন ব্যবস্থা,
flower,lilium,লিলিয়াম,361,pest_disease,জাবপোকা,"লিলিয়ামের ক্ষতিকারক পোকার মধ্যে জাবপোকা অন্যতম। এ পোকা গাছের রস চুষে খেয়ে গাছের ক্ষতিকরে এবং ভাইরাস ছড়ায়। আক্রান্ত ডগা শুকিয়ে যায়, নতুনকুঁড়ি ও পাতা কুঁকড়ে যায়। অনেক সময় কুঁড়ি ঝরে পড়ে বা ফুল ভালভাবে ফুঁটতে পারে না। প্রাথমিক পর্যায়ে আক্রান্ত পাতা বা কচি ডগা বা ফুল ছিঁড়ে ফেলে পোকাসহ ধ্বংস করতে হবে। এ পোকা দমন করার জন্য হলুদ রঙের আঠালো ফাঁদ ব্যবহার করতে হবে। সাবান পানি 5 গ্রাম/প্রতিলিটার হারে মিশিয়ে 7-10 দিন পরপর 2-3 বার স্প্রে করতে হবে। ডাইমেথয়েট জাতীয় কীটনাশক (পারফেকথিয়ন/সানগর/ টাফগর 40 ইসি) 2.0 মিলি./লি. পানিতে মিশিয়ে 10 দিন পরপর 2-3 বার স্প্রে করতে হবে।"
flower,lilium,লিলিয়াম,361,pest_disease,পাতাখেকো পোকা বা বিটল,"লিলিয়ামের পাতা খেকো পোকা বা বিটল পাতা, কুঁড়ি এবং ফুলের ক্ষতি করে। পূর্ণ বয়স্ক পোকা পাতার নিচে ডিম পাড়ে এবং ডিম ফুটে কীঁড়া বের হয়ে পাতা এবং পুরো গাছে ছড়িয়ে পড়ে। আক্রান্ত পাতা ছিদ্র ছিদ্র হয়ে ঝাঁঝরা হয়ে যায়। পূর্ণবয়স্ক পোকা এবং কীঁড়া দেখা মাত্র হাত দিয়ে সংগ্রহ করে মেরে ফেলতে হবে। লিলিয়ামের ও আশেপাশের জমি আগাছা মুক্ত রাখতে হবে যাতে পোকার বংশ বৃদ্ধি হতে না পারে। আক্রমণ বেশি হলে কুইনালফস 25 ইসি/কিনালাক্স25ইসি/ডেভিকুইন25ইসি বা ফেনিট্রোথিয়ন (সুমিথিয়ন/ফলিথিয়ন/এগ্রোথিয়ন) 15 মিলি./লি. হারে পানিতে মিশিয়ে 10 দিন পরপর 2 বার স্প্রে করতে হবে।"
flower,lilium,লিলিয়াম,361,harvest,ফুল সংগ্রহ,বীজ বপণের 90-120 দিন পরে ফুল সংগ্রহের উপযোগী হয়। দূরবর্তী বাজারে ফুল প্রেরনের ক্ষেত্রে স্টিকের নিচের দিকের 2-3 টি ফ্লোরেটে হালকা রং দেখা দেওয়ার সাথে সাথে ফুল সংগ্রহ করা উচিত। ফুল পুরোপুরি ফোটার পর ফুল সংগ্রহ করলে পরিবহনের সময় ফুল নষ্ট হয়ে যায়। স্থানীয় বাজারে বিক্রির জন্য যখন 1-2 টি ফুলের পাঁপড়ি খুলতে শুরু করে তখন ফুলের স্টিক কাটা উচিত। মাটির নিচে বাল্বের যথোপযুক্ত বৃদ্ধির জন্য ভূমি থেকে স্টিকের 10-12 সেমি. উপরে কাটতে হবে।
flower,lilium,লিলিয়াম,361,harvest,সংগ্রহোত্তর ব্যবস্থাপনা,"ফুল সংগ্রহের পর ফুলের সজীবতা ধরে রাখতে দ্রুত ছায়ায় এনে কর্তিত কান্ড থেকে প্রায় 10সেমি অংশের পাতা অপসারন করতে হবে। রোগাক্রান্ত, পোকাক্রান্ত, নষ্ট ফুলের স্টিক বাছাই করে স্পাইক ও রেকিসের দৈর্ঘয, প্রতি স্পাইকে ফ্লোরেটের সংখ্যা ইত্যাদির উপর ভিত্তি করে শ্রেণিবিন্যাস করে বাজারের চাহিদা অনুসারে আঁটি বাধতে হবে। সাধারণত একটি আঁটিতে 8/10 টি ফুলের স্টিক থাকতে পারে। সুবিধামত আঁটি তৈরি করে ফুলের নিচের দিকের 4-5 সেমি. অংশ বালতিতে চিনিসহ পানিতে (2-4%) 2 ঘন্টা ভিজিয়ে রাখলে ফুল অনেকক্ষন সজীব থাকে। মাঠ তাপমাত্রা (Field heat) কে কমানোর জন্য সংগ্রহের পর ফুল 2-50 সে. তাপমাত্রায় প্রাক-শীতলীতরনের ব্যবস্থা করলে সংক্ষণকাল বেড়ে যায়। সাধারন পানিতে জাত ভেদে লিলিয়াম ফুল প্রায় 5-15 দিন পর্যন্ত তাজা থাকে।"
flower,lilium,লিলিয়াম,361,other,কন্দ সংরক্ষণ,"গাছে ফুল দেয়া শেষ হলে ভালো মানের বাল্ব তৈরীর জন্য বাল্বকে 4-5 সপ্তাহ মাটিতে রেখে দিতে হবে। বিশেষ করে যখন পরিত্যাক্ত কান্ড শুকিয়ে যায় তখনই বাল্ব তোলার উপযুক্ত সময়। মাটি থেকে শুকনো কান্ডসহ কন্দ এমনভাবে তুলতে হবে যাতে কন্দ কোনভাবেই আঘাত প্রাপ্ত না হয়। তোলার পর বড়, রোগমুক্ত ভালো কন্দসমূহকে সংরক্ষণের জন্য বাছাই করে পরিস্কার পানি দিয়ে ধুয়ে ছায়ায় শুকাতে হবে। লক্ষ্য রাখতে হয় যেন শুধুমাত্র কন্দের উপরিভাগের আর্দর বা জলীয় অংশটুকুই শুধু শুকায়, কোনো অবস্থাতেই যেন অধিক শুকানোর জন্য কন্দ কুঁচকে বা কুঁকড়ে না যায়। শুকানোর পরপরই কন্দ প্লাষ্টিক ক্রেটে আর্দর কোকোডাষ্ট-এ রেখে কোল্ড স্টোরেজে 2-30 সে. তাপমাত্রায় 6-8 সপ্তাহ সংরক্ষন করা যেতে পারে। বেশীদিন সংরক্ষন করতে হলে উক্ত তাপমাত্রায় 2 সপ্তাহ রেখে পরবর্তীতে -10 সে. এ রাখা প্রয়োজন।"
flower,gypsophila,জিপসোফিলা,363,soil_climate,উপযোগী এলাকা,জাতটি বাংলাদেশের সর্বত্র উপযোগী।
flower,gypsophila,জিপসোফিলা,363,soil_climate,আবহাওয়া,বাংলাদেশের অধিকাংশ এলাকার কৃষি পরিবেশগত অবস্থায় সহজেই এ ফুল চাষ করা সম্ভব বিশেষ করে উত্তরাঞ্চলের নিম্ন তাপমাত্রা এ ফুলের জন্য অত্যন্ত উপযোগী। ভালমানের ফুল উৎপাদনের জন্য তাপমাত্রা 15-200 সে. হওয়া বাঞ্চনীয় ।
flower,gypsophila,জিপসোফিলা,363,soil_climate,মাটি,জৈব পদার্থ সমৃদ্ধ সুনিষ্কাশিত এবং পর্যাপ্ত বেলে-দোআঁশ মাটি জিপসোফিলার জন্য উপযোগী
flower,gypsophila,জিপসোফিলা,363,sowing_time,বপন সময়,বাংলাদেশে অক্টোবর-নভেম্বর মাস জিপসোফিলা ফুলের বীজ বপনের উপযোগী সময়
flower,gypsophila,জিপসোফিলা,363,spacing,বপন দূরত্ব,জিপসোফিলা ফুলের বীজ সাধারণত ছিটিয়ে বপন করা হয় তবে সারি থেকে সারি 20 সেমি. এবং গাছ থেকে গাছের দূরত্ব 15 সেমি. রাখা উত্তম
flower,gypsophila,জিপসোফিলা,363,pest_disease,আপদ দমন ব্যবস্থাপনা,জিপসোফিলা ফুলে সাধারণত রোগ ও পোকামাকড়ের আক্রমণ কম। তবে পাতার দাগ রোগ দমনের জন্য রোভরাল (0.2% পরিমাণ) নামক ছত্রাকনাশক 10 দিন পর পর স্প্রে করা যেতে পারে
flower,gypsophila,জিপসোফিলা,363,other,জীবন কাল,প্রায় 100 - 110 দিন
flower,gypsophila,জিপসোফিলা,363,yield,ফলন,"হেক্টর প্রতি ফুলের বাঞ্চের সংখ্যা 1,90,000টি এবং প্রতি হেক্টরে বীজের উৎপাদন 1000 কেজি।"
flower,cactus,ক্যাকটাস,364,sowing_method,বংশ বিস্তার,"ক্যাকটাসের বংশ বিস্তারের জন্য বীজ, কাটিং, অফসেট, জোড়কলম পদ্ধতি ব্যবহার করা হয়। বীজ প্রধানত প্রজননের কাজে লাগানো হয়।"
flower,cactus,ক্যাকটাস,364,other,চাষ প্রণালী,"ক্যাকটাস মূলত মরু ভ‚মি অঞ্চলের গাছ, ক্যাকটাসের চাষে তাই মরু অঞ্চলের আবহাওয়া ও মাটির বন্দোবস্ত থাকা দরকার। হালকা মাটি, শুকনো আবহাওয়া ও অল্প সেচের ব্যবস্থা থাকলেই ক্যাকটাসের চাষ করা যায়। গাছের গোড়ায় পানি জমা ক্যাকটাস সহ্য করতে পারে না। তাই বেলে মাটিতে কোকোডাষ্ট, পারলাইট, পাতা পচা সার ও ছোট ছোট পাথরকুচি মিশিয়ে ক্যাকটাসের চাষ করলে গাছের বৃদ্ধি ভাল হয় এবং ভাল ফুল ফোটে। ঝড়, অতিরিক্ত বৃষ্টি"
flower,bougainvillea,বাগান বিলাস,366,soil_climate,আবহাওয়া,বাগানবিলাস উষ্ণ এবং নাতিশীতোষ্ণ অঞ্চলে ভাল জন্মে। বাগানবিলাস মাঝারী থেকে উচ্চ তাপমাত্রা পছন্দ করে। প্রচুর সূর্যালোক এবং শুষ্ক জলবায়ু এর ফুল ধারনের জন্য বিশেষ উপযোগী।
flower,bougainvillea,বাগান বিলাস,366,soil_climate,মাটি,যে কোন মাটিতেই বাগানবিলাস জন্মাতে পারে। তবে 5.5 -6.0 pH মানের বেলে দোআঁশ মাটি বাগানবিলাস চাষের জন্য উত্তম।
flower,bougainvillea,বাগান বিলাস,366,sowing_time,চারা লাগানোর সময়,জুলাই-আগস্ট মাস বাগানবিলাস এর চারা লাগানোর উপযোগী সময়।
flower,bougainvillea,বাগান বিলাস,366,spacing,রোপণ দূরত্ব,বাগানবিলাস এর চারা সাধারণতঃ 2 মি. × 2 মি. দূরত্ব বজায় রেখে লাগানো হয়।
flower,bougainvillea,বাগান বিলাস,366,fertilizer,সারের মাত্রা,শিকড় সংলগ্ন নয় বরং যেখানে গাছের ছায়া ছড়িয়ে আছে এমন জায়গায় সার তিনটি বিভক্ত মাত্রায় প্রয়োগ করতে হবে এবং মাটির সাথে মিশিয়ে দিতে হবে।
flower,bougainvillea,বাগান বিলাস,366,intercultural,অন্তর্বর্তীকালীন পরিচর্যা," ফুল ফোটানো এবং একটি সুন্দর আকৃতি ধরে রাখতে, প্রজননক্ষম এবং ভাল ছাঁটাই প্রয়োজন ।  সম্পূর্ণ প্রস্ফুটিত হওয়ার পর পরবর্তী মৌসুমের জন্য গাছের ছাঁটাই প্রয়োজন। এটি বসন্তে গাছের সুস্থ বৃদ্ধিকে সহায়তা করবে।  আগাছা, প্রাথমিক পর্যায়ে সেচ এবং অন্যান্য ফসল ব্যবস্থাপনা প্রয়োজন অনুযায়ী করা উচিত।"
flower,bougainvillea,বাগান বিলাস,366,pest_disease,পোকামাকড় ও দমন ব্যবস্থা,জাতটিতে রোগ ও পোকামাকড়ের আক্রমণ কম। সার চারার বয়স 1-2 বছর 3-4 বছর 5-10 বছর 10 + বছর গোবর (কেজি) 5-8 10-12 15-20 20-25 ইউরিয়া (গ্রাম) 120-150 175-225 300-400 500-600 টিএসপি 60-70 100-120 200-300 350-400 এমওপি (গ্রাম) 100-120 150-175 250-350 400-500 জিংক সালফেট (গ্রাম) 8 10 15 20 বোরিক এসিড (গ্রাম) 10 12 15 20
flower,succulents,সাকুলেন্ট,367,sowing_method,বংশ বিস্তার,"সাকুলেন্টের বংশ বিস্তারের জন্য বীজ, কাটিং, অফসেট পদ্ধতি ব্যবহার করা হয়। বীজ প্রধানত প্রজননের কাজে লাগানো হয়।"
flower,succulents,সাকুলেন্ট,367,soil_climate,আবহাওয়াগত উপযোগিতা ও চাষ প্রণালী,"শুষ্ক ও উষ্ণ পরিবেশে যেখানে পর্যাপ্ত আলো বাতাস পায় এমন স্থানে বারি সাকুলেন্ট-1 ভাল জন্মে। এ ধরনের সাকুলেন্ট এর জন্য আংশিক ছায়াময় স্থান ও আর্দ্র পরিবেশ প্রয়োজন। এজন্য পলিশেডে ও বাসগৃহের নির্বাচিত কিছু স্থান (বারান্দা, বেলকুনি, বসার ঘর, অফিস ঘর ইত্যাদি) এদের চাষাবাদের উপযুক্ত স্থান। 50% আলো প্রতিরোধ করতে পারে এমন ইউভি পলিথিন বা সেডনেট ব্যবহার করলে ভাল মানের সাকুলেন্ট উৎপাদন করা যায়।"
flower,succulents,সাকুলেন্ট,367,other,টবে সাকুলেন্টের চাষ,গাছের আকার আয়তন অনুযায়ী টব বাছাই করতে হবে। ছোট আয়তনের গাছের জন্য ছোট মাপের টব দরকার। গাছ একটু বড় হলে পাল্টে বড় টবে লাগাতে হবে। বড় জাতের চারা গাছ পাল্টানোর ঝামেলা এড়াতে একেবাড়ে বড় টবে লাগালে গোড়ায় পানি জমে যাওয়ার ভয় থাকে। টবের ফনচে 2/3 টি ছিদ্র ছাড়াও টবের চারপাশে আরও 2/4 টি ছিদ্র থাকা দরকার। তাতে টবের বাড়তি পানি তাড়াতাড়ি বের হয়ে যেতে পারে।
flower,succulents,সাকুলেন্ট,367,other,টব প্রস্তুত,টবের এক তৃতীয়াংশ জায়গা শোধনকৃত ঝামা পাথর দিয়ে ভরাট করতে হবে। ফুটন্ত গরম পানি দিয়ে টব ও ঝামা পাথর দুই-ই শোধন করা দরকার।
flower,succulents,সাকুলেন্ট,367,fertilizer,টবের সার মাটি,বিভিন্ন ধরনের মাটি বা পাস্টিকের টবে কোকাডাস্ট (50%) এর সাথে মোটা বালি (40%) ও পচা গোবর (20%) মিডিয়ার মিশ্রণ বারি সাকুলেন্ট-1 এর জন্য উপযোগী।
flower,succulents,সাকুলেন্ট,367,other,পানি প্রয়োগ,বারি সাকুলেন্ট-1 জলাবদ্ধতা সহ্য করতে পারে না। আবার পানি কম হলে গাছের বৃদ্ধি ব্যাহত হয়। তাই পরিমিত পানি দেয়া উচিত। গাছ যত বড় হবে পানির পরিমাণও অল্প অল্প করে বাড়াতে হবে। টবে ঝাঁঝরি দিয়ে পানি না দিয়ে স্প্রেয়ারের সাহায্যে পানি দিতে পারলে ভাল হয়। পানি দিতে হবে সকালের দিকে।
flower,succulents,সাকুলেন্ট,367,pest_disease,রোগ-পোকা,"বারি সাকুলেন্ট-1 এ সাধারণত রোগ পোকার আক্রমণ কম হয়। তবে শুকনো পচা, গোড়া পচা রোগ দেখা যায় অনেক সময়। যে সব পোকা বারি সাকুলেন্ট-1 এর ক্ষতি করে তাদের মধ্যে অন্যতম হলো জাব পোকা, মিলিবাগ, আঁশ পোকা ইত্যাদি। প্রতি লিটার পানিতে 2 গ্রাম অটোস্টিন ও 2 মিলি সুমিথিয়ন মিশিয়ে গাছে 7-10 দিন অন্তর প্রয়োগ করলে সহসা রোগ-পোকা লাগে না।"
flower,succulents,সাকুলেন্ট,367,yield,ফলন,প্রতি বর্গমিটারে 400টি পার্শ্ব কুঁড়ি ও 700টি ফুল উৎপাদিত হয়।
flower,succulents,সাকুলেন্ট,367,other,প্রযুক্তির আর্থিক সুবিধা ও জীবনযাত্রার মান উন্নয়ন,"বারি সাকুলেন্ট-1 শুষ্ক ও উষ্ণ জলবায়ুতে অভিযোজনক্ষম তথাপি বছরের পর বছর ধরে চাষ করায় এ দেশের মাটিতে হালকা ছায়ায় নিজেদেরকে বেশ ভালভাবেই খাপ খাইয়ে নিয়েছে। তাই সৌখিন বাগানীরা ইনডোর গার্ডেনিং হিসেবে বাড়ির ছাদে, বারান্দায়, ব্যালকনিতে কিংবা উঠানে বিভিন্ন ধরনের টবে এ ধরনের সাকুলেন্ট চাষ করে থাকেন। বারি সাকুলেন্ট-1 জনপ্রিয়তার মূলে রয়েছে গড়নের বৈচিত্র্য, বাহারি ফুল ও রঙের মনোহারিত্ব, সার ও পানির ন্যুনতম চাহিদা, রোগ পোকামাকড়ের কম আক্রমণের পাশাপাশি আর্থিকভাবে লাভবান হওয়া। বাংলাদেশে বারি সাকুলেন্ট-1 এর গড় মূল্য আকৃতিভেদে প্রায় 500/- টাকা থেকে শুরু করে 2,500/- টাকা পর্যন্ত হতে দেখা যায়। তাই প্রটেকটিভ ব্যবস্থায় টবে এ সাকুলেন্ট চাষ করে সৌন্দর্য বর্ধন পাশাপাশি বিক্রয়ের মাধ্যমে ফুল চাষী ও নার্সারিম্যানদের আর্থিকভাবে স্বাবলম্বী ও জীবনযাত্রার মান উন্নয়ন করা সম্ভব।"
flower,succulents,সাকুলেন্ট,367,sowing_method,গ্লাডিওলাসের বংশবিস্তারক উপাদান উৎপাদন প্রযুক্তি,
flower,succulents,সাকুলেন্ট,367,other,প্রযুক্তির বৈশিষ্ট্য,"সাধারণত করম্ ও করম্লে দ্বারা গ্লাডিওলাস ফুলের বংশ বিস্তার করা হয়। তবে গাছ প্রতি গ্লাডিওলাস ফুলে র্কম উৎপাদন সংখ্যা খুবই কম। জাত ভেদে 2-3টি র্কম উৎপাদিত হয়। করম্ খাড়াভাবে কেটে দুই ভাগে ভাগ করে প্রতি লিটার পানিতে 1 গ্রাম ব্যাভিস্টিন মিশিয়ে 1/2 ঘণ্টা করম্রে টুকরাগুলি ডুবিয়ে 1 দিন ছায়ায় রেখে জমিতে লাগালে গাছের বৃদ্ধি ভাল হয়, কাট-র্কম থেকে অধিক সংখ্যাক চারা উৎপন্ন হয় এবং করম্ ও করমেলের সংখ্যা বৃদ্ধি পায়। ফলশ্রুতিতে গ্লাডিওলাসের ফলন বৃদ্ধি পায় এবং কৃষক লাভবান হবে।"
flower,succulents,সাকুলেন্ট,367,other,প্রযুক্তির বৈশিষ্ট্য,কিছু কিছু ক্যাকটাসে ক্লোরোফিল বা সবুজ কণিকা থাকে না। সেজন্য এ ধরনের ক্যাকটাসে ক্লোরোফিলযুক্ত অন্য জাতের ক্যাকটাসের সাথে জোড় কলম বাঁধলে সহজে বংশবৃদ্ধি করা যায় তথা শোভাময়ী ক্যাকটাসের সৃস্টি হয়। জোড়া লাগানোর পর এ ধরেনের ক্যাকটাস প্রায় 5-6 বছর বাঁচে। ক্যাকটাসের আদিজোড়ের (রুটষ্টক) বয়স 5-6 মাস হলে জোড় কলমের জন্য উপযুক্ত হয়। ফ্লাট জোড় কলম পদ্ধতিতে রুটস্টক ও সায়নের মাথা ফ্লাট করে কেটে সায়নের কাটা প্রান্ত রুটস্টকের কাটা প্রান্তে ভালভাবে বসিয়ে রাবার ব্যান্ড বা স্কসটেপ দ্বারা আটকে দিতে হয়। রুটস্টক ও সায়নের সম্মিলন স্থানে (জোড়া) যেন পানি না লাগে সেদিকে খেয়াল রাখতে হয়। জুন-জুলাই মাসে ফ্লাট জোড় কলমে সাফল্যের হার বেশি এবং অধিক পরিমাণে অফসুট উৎপাদিত হয়। টবে বা ঝুলানো ঝুড়িতে জন্মানোর জন্য এ ধরনের গ্রাফটেড ক্যাকটাস খুবই উপযোগী। সহজে ও অল্প সময়ে এ ধরনের শোভাবর্ধক গ্রাফটেড ক্যাকটাস তৈরি করা যায় যা থেকে অধিক মূল্য পাবার সুযোগ আছে এবং এতে করে কৃষক বা নার্সারিম্যান লাভবান হবে।
flower,succulents,সাকুলেন্ট,367,other,প্রযুক্তির বৈশিষ্ট্য," জারবেরার ফুলের বর্ধিত অগ্রাংশ, ক্যাপিচূলাম MS মিডিয়ামের সাথে 2.0 মিগ্রা. ইঅচ এর মিশ্রণ অধিক সংখ্যক Multiple shoot তৈরি করে। অন্য দিকে 1/2 MS মিডিয়ামের সাথে 0.5 মিগ্রা./লিটার IAA বেশি পরিমাণে শিকড় সংখ্যা এবং গাছের বৃদ্ধির জন্য উপযোগী।  বছরে 1 টি ক্যাপিচুলাম থেকে প্রায় 200 টি চারা উৎপন্ন হয়।"
flower,succulents,সাকুলেন্ট,367,other,সতর্কতা, মিডিয়া (মাটি ও কোকোডাস্ট) জীবানুমুক্ত করার পর তাতে টিসুকালচারের ছোট চারা লাগানো উচিত  চারার বয়স 25-30 দিন হলে পটে বা মূল জমিতে লাগানোর উপযোগী হয়
flower,succulents,সাকুলেন্ট,367,other,প্রযুক্তির বৈশিষ্ট্য,"কলম বা ডিভিশনের মাধ্যমে সাধারণত সাকুলেন্টের বংশ বিস্তার করা হয়। উদ্ভিদের অযৌন অঙ্গ থেকে একটি অংশ কেটে আলাদা করে যথোপযুক্ত পরিবেশে রাখলে তা থেকে অবিকল মাতৃগাছের মত নতুন, স্বয়ংসম্পূর্ণ উদ্ভিদ পাওয়া যায়। কেটে নেয়া অংশকে বলা হয় কলম। অধিকাংশ উদ্ভিদের কাণ্ডের শাখা থেকে কলম নেয়া হয়, তবে কিছু ক্ষেত্রে পাতার কলম দিয়ে বংশবিস্তার সম্ভব। পাতা কলমের মাধ্যমে চারা উৎপাদন করলে মাতৃগুণাগুণ ঠিক থাকে ও অধিক সংখ্যক বংশবিস্তারক উপাদান তৈরি হয়। কলম থেকে চারা উৎপাদনের সাফল্য ও দ্রুততা নির্ভর করে কলম নেবার সময়, কলম রাখার পরিবেশ ও উদ্ভিদের রকমের উপর। কোন কোন উদ্ভিদের কলম অতি সহজেই শিকড় উৎপাদন করে। কলম নেয়ার পর যাতে এটা দ্রুত না শুকায় তার নিশ্চয়তা বিধান করতে হবে। এজন্য বৃষ্টির মৌসুম কলম নেয়ার সবচয়ে উপযুক্ত সময় যখন বাতাসের আর্দরতা বেশি থাকে। যেসব উদ্ভিদের কলমে সহজে শিকড় গজায় না সেগুলোর গোড়ার দিক অক্সিন জাতীয় হরমোনের দ্রবণে চুবিয়ে নিলে দ্রুত শিকড় গজায়। এ উদ্দেশ্যে সুস্থ্য লাভ প্লান্ট, লিপস্টিক প্লান্ট ও আফ্রিকান ভায়োলেটের পাতা 200-300 মিগ্রা/লিটার ΙΒΑ দ্রবণে 5 মিনিট চুবানোর পর বাতাসে শুকিয়ে জীবাণুমুক্ত কোকোডাষ্ট মিডিয়াতে লাগালে 3-4 মাসের মধ্যে পরিপূর্ণভাবে নতুন গাছের জন্ম হয়। রুটিং হরমোন প্রয়োগের মাধ্যমে সারা বছর লাভ প্লান্ট, লিপষ্টিক প্লান্ট ও আফ্রিকান ভায়োলেটের বংশবিস্তারক উপাদান তৈরি করা যায়। জুন-জুলাই মাস পাতা কলমের জন্য উপযোগী। এতে প্রচুর সংখ্যায় গাছ উৎপাদিত হবে এবং নার্সারিম্যান বা সৌখিন ফুলচাষী উপকৃত হবে।"
flower,succulents,সাকুলেন্ট,367,other,প্রযুক্তির বৈশিষ্ট্য, সংগ্রহের পর শুধু কন্দের উপরিভাগের আর্দর বা জলীয় অংশটুক শুকানোর পরপরই কন্দ বায়ু নিরোধক পলিথিন/জিপ ব্যাগে আর্দর কাঠের গুড়ায় (100%) রেখে প্লাষ্টিক ক্রেটে কোল্ড স্টোরেজে 2.1-2.50 সে. তাপমাত্রায় এবং 85-91% আপেক্ষিক আর্দ্রতায় 6-8 সপ্তাহ ভাল অবস্থায় সংরক্ষণ করা যায় কিন্তু ফুল উৎপাদন সময়ের তারতম্য ভেদে 15-16 সপ্তাহ পর্যন্ত সংরক্ষণ করা যেতে পারে  মিডিয়া হিসেবে আর্দ্র কোকোডাষ্ট (100%) এবং কাঠের গুড়া ও কোকোডাষ্ট-এর মিশ্রণও (50ঃ50) ব্যবহার করা যেতে পারে।
flower,succulents,সাকুলেন্ট,367,other,প্রযুক্তির বৈশিষ্ট্য,"গ্লাডিওলাস, জারবেরা, রজনীগন্ধ্যা ফুলের ষ্টিক 3-4% সুক্রোজ এবং 20-30 পিপিএম সাইট্রিক এসিড দ্রবনে রাখলে ফুলের সজীবতা সাধারণ অবস্থার চেয়ে 2-3দিন বৃদ্ধি করা সম্ভব। লাভ প্লান্ট লিপষ্টিক প্লান্ট আফ্রিকান ভায়োলেট"
flower,succulents,সাকুলেন্ট,367,pest_disease,সমম্বিত পদ্ধতির মাধ্যমে গ্লাডিওলাস ফুলের ফিউজিরিয়াম উইল্ট রোগ দমন,"গ্লাডিওলাসের ফুলের গোড়া পচা বা ফিউজিরিয়াম উইল্ট একটি মারাত্মক রোগ। ফিউজিরিয়াম প্রজাতির ছত্রাক দ্বারা এ রোগ সংঘটিত হয়। গাছের গোড়ায় করমে এ রোগের আক্রমণ শুরু হয়। র্কম পচে যায়, পাতা হলুদ হয়ে যায়, গাছ দুর্বল হয়ে পড়ে এবং আস্তে আস্তে গাছ মারা যায়। রোগটি করম এবং মাটি বাহিত বিধায় একবার র্কম আক্রান্ত হলে বংশ পরস্পরায় চলতে থাকে এবং উৎপাদন ব্যাহত হয়।"
flower,succulents,সাকুলেন্ট,367,other,প্রযুক্তির বৈশিষ্ট্য, ছয় মাস থেকে এক বৎসর বয়সের এর পচাঁ মুরগীর বিষ্ঠা 20 কেজি হারে প্রতি শতক জমিতে প্রয়োগ করে সেচ দিয়ে ভিজিয়ে 20-25 দিন রাখতে হবে। মাটি শুকালে ভালোভাবে নেড়ে ও ঢেলা ভেঙ্গে মিহি করে নিতে হবে  র্কম লাগানোর পূর্বে 0.2% অটোস্টিন দ্রবণে 15 মিনিট শোধন করে তা বাতাসে শুকিয়ে রোপণ করতে হবে  চারা গজানোর 20 দিন পর 0.2% অটোস্টিন দ্রবণ আবারো চারার গোড়ায় ও গোড়ার আশেপাশের মাটিতে প্রয়োগ করতে হবে পরবর্তীতে ফুল উৎপাদনের পর করম উত্তোলনের সময় র্কম-কে আবারো 0.2% অটোস্টিন দ্রবণে 15 মিনিট শোধন করে বাতাসে শুকিয়ে গুদামজাত করতে হবে।
flower,succulents,সাকুলেন্ট,367,other,প্রযুক্তির বৈশিষ্ট্য, বড় মাঝারী (4.0-4.9 সেমি.) ছোট আকারের বাল্ব রোপনীয় হিসেবে ব্যবহার করা হয়েছে।  গাছের উচ্চতা যখন 35-40 সেমি. এ পৌছায় তখন একটি ধারালো ছুরির মাধ্যমে স্টেম এর 25-30 সেমি. রেখে বাল্ব ও বাল্বলেট উৎপাদনের জন্য স্পাইক অপসারন করতে হবে।
flower,succulents,সাকুলেন্ট,367,other,প্রযুক্তির উপযোগিতা,এ প্রযুক্তির মাধ্যমে প্রতি বৎসর বিদেশ থেকে লিলিয়াম কন্দ/বাল্ব কেনার প্রযোজন নেই। দেশে বিদ্যমান বিভিন্ন কোল্ড স্টোরেজে লিলিযাম কন্দ সংরক্ষণ করা সম্ভব।
flower,succulents,সাকুলেন্ট,367,other,প্রযুক্তির বৈশিষ্ট্য,"বাংলাদেশে গ্লাডিওলাস অর্থনৈতিকভাবে গুরুত্বপূর্ণ একটি কাটফ্লাওয়ার। গ্লাডিওলাস ফুলের র্কম সাধারণত 3-4 মাস সুপ্তাবস্থায় থাকে। এ ফুলের র্কম জমি থেকে তোলার পর 45 দিন সংরক্ষণ করা হয়। এরপর র্কমগুলি 100 পিপিএম BA দ্বারা 5 মিনিট ভিজিয়ে 1 দিন ছায়ায় রেখে জমিতে লাগালে র্কমের সুপ্তাবস্থা ভেঙ্গে 100% চারা গজায় এবং গাছ, করম ও করমেলের সংখ্যা বৃদ্ধি পায়। ফলশ্রুতিতে গ্লাডিওলাস আগাম চাষ করা যায়। এ ক্ষেত্রে কৃষকের সময় বাঁচে ও বংশবিস্তারক উপাদান র্কম ও র্কমেল বৃদ্ধির ফলে কৃষক লাভবান হয়।"
flower,succulents,সাকুলেন্ট,367,other,প্রযুক্তির বৈশিষ্ট্য,"অধিক পরিমাণে চারা উৎপাদনের জন্য টিস্যুকালচার পদ্ধতি একটি যুগান্তকারী পদক্ষেপ। এ পদ্ধতিতে মাতৃ গাছের সদৃশ, জীবাণুমুক্ত ও একই বয়সের সমআকৃতির চারা অল্প সময়ে প্রচুর পরিমাণে উৎপাদন করা যায়। ইনভিট্রো কালচারের মাধ্যমে অধিক সংখ্যক Shoot জন্মানোর জন্য ডেনড্রোবিয়ামের কচি কাণ্ড এক্সপ্লান্ট হিসেবে নিয়ে গঝ মিডিয়ামের সাথে 1.0 মিগ্রা./লিটার TDZ এর মিশ্রণে ভাল ফল দেয়; অপরপক্ষে 1/2 গ্রাম মিডিয়ামের সাথে 1.0 মিগ্রা./লিটার IBA উল্লেখিত Shoot গুলিতে শিকড় গজানো এবং বৃদ্ধির জন্য উপযোগী। মাটির পটে কোকোডাস্ট মিডিয়াতে অর্কিডের অণুজীব বা চারা ভালভাবে জন্মায়। এতে কৃষক কা•িক্ষত জাতের অধিকসংখ্যক রোগমুক্ত অর্কিড চারা পাওয়ার নিশ্চয়তা পাবে।"
flower,succulents,সাকুলেন্ট,367,other,প্রযুক্তির বৈশিষ্ট্য,"অল্প জায়গা, স্বল্প সময় এবং উৎপাদন পদ্ধতি সহজতর হওয়ায় শহর অঞ্চলে আফ্রিকান ভায়োলেট ফুলের চাষ বেশ জনপ্রিয়। তবে টবে বা বাড়ির ছাদে এ ধরনের বাহারী ফুলের চাষে সবচেয়ে বড় সমস্যা হচ্ছে ঊর্বর মাটি। 10 বা 12 ইঞ্চি মাটির পটে ভালভাবে পচানো মুরগির বিষ্ঠা বা পচা গোবর, বেলে দোআঁশ মাটি এবং কোকোডাষ্ট 1ঃ1ঃ2 অনুপাতে মিশিয়ে মিডিয়া বা মাধ্যম তৈরি করা হয়। প্রতি পটের মিডিয়ায় 10 গ্রাম টিএসপি ও 5 গ্রাম এমওপি সার ভালভাবে মিশিয়ে কয়েকদিন অপেক্ষা করার পর গাছ লাগাতে হয় এবং পট প্রতি 8 গ্রাম ইউরিয়া সারের অর্ধেক চারা লাগানোর 30 ও 60 দিন পর প্রয়োগ করতে হবে। রুটিং হরমোন প্রয়োগের মাধ্যমে সারা বছর আফ্রিকান ভায়োলেটের বংশ বিস্তারক উপাদান তৈরি করা যায়। এতে ফুলের বংশ বিস্তারক উপাদান বৃদ্ধি পাবে এবং নার্সারিম্যান বা সৌখিন ফুলচাষী উপকৃত হবে। Multiple shoots Rooting Acclimatization Plantlet establishment"
flower,succulents,সাকুলেন্ট,367,sowing_method,"গাঁদা, চন্দ্রমল্লিকা ও জারবেরা ফুলের হাইড্রোপনিক চাষ",
flower,succulents,সাকুলেন্ট,367,other,গাঁদা,চারার বয়স যখন 4-5 সপ্তাহ তখন গাঁদা ফুলের চারা রোপণ করার উপযুক্ত সময়। চারা রোপণের পর দ্রবণের pH মাত্রা 5.5-6.2 এর মধ্যে এবং EC মাত্রা 1.0-1.5 এর মধ্যে রাখা দরকার। গাছে ফুল আসা শুরু হলে EC মাত্রা বাড়িয়ে 1.5-2.0 এর মধ্যে রাখতে হবে। মাঝে মাঝে গাছের নিচের দিকের বয়স্ক পাতাগুলি কেটে দিতে হবে। চারা লাগানোর পর গাছ যাতে পর্যাপ্ত আলো পায় তার ব্যবস্থা করতে হবে। গাছে বেশি ফুল পেতে চাইলে পিনচিং পদ্ধতিতে গাছের ডগা কেটে দিতে হবে। এতে গাছে শাখা-প্রশাখার সংখ্যা বাড়ে ও ফুল বেশি হয়। সাধারণত চারা লাগানোর 50-60 দিনের মধ্যে ফুল আসে। প্রতিটি গাছ থেকে 15-20 টি ফুল পাওয়া যায়।
flower,succulents,সাকুলেন্ট,367,other,চন্দ্রমল্লিকা,এ পদ্ধতিতে সাধারণত অক্টোবর মাসের মাঝামাঝী সময় চারা রোপণের উপযুক্ত সময়। চারার বয়স যখন 3-4 সপ্তাহ কিংবা চারা যখন 2-3 পাতা অবস্থায় আসে তখন একই পদ্ধতিতে চন্দ্রমল্লিকার চারা রোপণ করতে হয়। চন্দ্রমল্লিকা অম্ল (এসিড) পছন্দকারী ফুল শস্য বিধায় এর pH মান 5.5-6.5 এর মাঝামাঝী রাখতে হয়। গাছের দৈহিক বৃদ্ধির পর্যায়ে EC এর মান 1.0-1.5 এবং ফুল আসার সময় তা বাড়িয়ে 1.5-2.0 dS/m এর মধ্যে রাখতে হবে। গাছে বেশি ফুল পেতে চাইলে পিনচিং পদ্ধতিতে গাছের ডগা কেটে দিতে হবে। এতে গাছে ডালপালা ও ফুল বেশি হয়। গাছের বৃদ্ধির পর্যায়ে উপর থেকে সুতা বা শক্ত রশি ঝুলিয়ে গাছকে সোজা ও খাড়া রাখতে হয়। সাধারণত চারা লাগানোর 50-60 দিনের মধ্যে ফুল আসে। প্রতিটি গাছ থেকে 20-25 টি ফুল পাওয়া যায়।
flower,succulents,সাকুলেন্ট,367,other,জারবেরা,"হাইড্রোপনিক পদ্ধতি হলো নিয়ন্ত্রিত পরিবেশে পানিতে গাচের অত্যাবশ্যক উপাদান সরবরা করে ফসল উৎপাদন। উন্নত বিশ্বের অনে দেশে যেমন- আমেরিক, ইরোরোপের দেশসমূহ, জাপান, তাইওয়ান, চীন থাইল্যান্ড, সিঙ্গাপুর, মালয়েশিয়া এবং মধ্য-প্রাচ্যের দেশসমূহ বাণিজ্যিকভাবে হাইড্রোপনিক পদ্ধতির মাধ্যমে জারবেরা ফুল উৎপাদন করে থাকে।। এ পদ্ধতিতে সারাবছরই পলিটানেল, নেট হাউজ বা গ্রীন হাউজে জারবেরা ফুল উৎপাদন করা সম্ভব এবং হাইড্রোপনিক পদ্ধতিতে উৎপাদিত জারবেরা ফুল চাষে তেমন কোন রোগ-পোকা মাকড়ের আক্রমণ নেই বললেই চলে। এ জন্য হাইড্রোপনিক পদ্ধতিতে সাধারণত কোন কীটনাশক বা ছত্রাক নাশক ব্যবহার করা হয় না। বাংলাদেশ কৃষি গবেষণা ইনস্টিটিউটের ফুল বিভাগ হাইড্রোপনিক পদ্ধতিতে পানির মধ্যে গাছের অত্যাবশ্যকীয় খাদ্যোপাদানসমূহ সরবরাহ করে জারবের ফুল সাফল্যজনকভাবে উৎপাদন করছে। হাইড্রোপনিক পদ্ধতিতে যে কোন জাতের জারবেরা ফুলের চাষ করা যায়। টিস্যু কালচার জারবেরা চারা সাধারণত সেপ্টেম্বর-অটোবর মাসে রোপণ করা হয়। একটি গাছ 20-25 সেমি লম্বা এবং গাছে প্রায় 8-10টি ফুল হয়। প্রতিটি ফুল প্রায় 10 সেমি আকারের হয়। ফুল ধরা থেকে শুরু করে প্রায় 15-20 দিন ফুলের স্থায়ীত্ব থাকে এবং জারবেরা ফুল ইৎপাদনের জন্য pH 5.5-6.0 এবং EC 1.0-1.5 dS/m থাকা অবশ্যক।"
flower,succulents,সাকুলেন্ট,367,other,জারবেরা পাতায়,GA3
flower,succulents,সাকুলেন্ট,367,other,প্রয়োগের মাধ্যমে ফুলের গুণগত মান ও সংখ্যা বৃদ্ধি,জারবেরা অ্যাসটারেসী পরিবারভুক্ত উচ্চমূল্যের একটি আকর্ষণীয় ফুল। চাহিদার দিক দিয়ে এবং বাণিজ্যিক দৃষ্টিকোণ থেকে বাংলাদেশে এ ফুলের জুড়ি নেই। সারা বছরই বাজারে এর চাহিদা থাকে এবং বিভিন্নভাবে এ ফুল ব্যবহৃত হয়ে থাকে। তন্মধ্যে কাটফ্লাওয়ার হিসেবে ফুলদানীর জন্য এটি অনন্য। প্রটেকটিভ চাষাবাদের মাধ্যমে উন্নত মানের জারবেরা ফুল সারা বছর পাওয়া যায়।
flower,succulents,সাকুলেন্ট,367,other,প্রযুক্তির বৈশিষ্ট্য,"জারবেরা পাতায় 100 পিপিএম ঘনত্বের GA3 2 বার প্রয়োগের মাধ্যমে ফুলের কা•িক্ষত বৈশিষ্ট্য গুলো যেমন আগাম ফুল ফোটা, গাছের দৈর্ঘ্য, গাছ প্রতি ফুলের সংখ্যা, বাজারযোগ্য ফুলের স্টিকের সংখ্যা, ফুলের সজীবতা বৃদ্ধি ইত্যাদি অর্জিত হয়। অক্টোবরের শেষ সপ্তাহ থেকে নভেম্বর মাসের প্রথম সপ্তাহ চারা লাগানোর উপযুক্ত সময়। চারা গুলোকে 50 সেমি. × 40 সেমি দূরত্বে রোপণ করতে হবে। হেক্টরপ্রতি জমিতে 5 টন গোবর, 500 কেজি কোকোডাস্ট, 320 কেজি ইউরিয়া, 300 কেজি এমওপি, 375 কেজি টিএসপি, 12 কেজি বোরিক এসিড, 100 কেজি জিপসাম ও 12 কেজি জিংক সালফেট প্রয়োগ করতে হবে। টিএসপি, এমওপি, কোকোডাস্ট, ফসফরাস, বোরিক এসিড, জিপসাম, জিংক সালপেট বেসাল ডোজ হিসেবে দিতে হবে। ইউরিয়া সার চারা লাগানোর 30 ও 60 দিন পর উপরি প্রয়োগ করতে হবে। গ্রোথ হরমোন প্রয়োগের ক্ষেত্রে এমন দিন বাছাই করতে হবে যেদিন বা যার পরদিন বৃষ্টিপাতের সম্ভাবনা কম থাকে। এ ক্ষেত্রে লাগানো চারার বয়স যথাক্রমে 25, 50 দিন হলে 100 পিপিএম GA3 এর জলীয় দ্রবণ পাতায় স্প্রে করতে হবে।"
flower,succulents,সাকুলেন্ট,367,pest_disease,জারবেরা ও গোলাপ ফুলের পোকা মাকড় দমন ব্যবস্থাপনা,
flower,succulents,সাকুলেন্ট,367,other,প্রযুক্তির বৈশিষ্ট্য," জারবেরার ক্ষতিকারক পোকামাকড়ের মধ্যে মাইট এবং গোলাপের লেদা পোকা উল্লেখযোগ্য। পোকামাকড় আক্রান্ত জারবেরা ও গোলাপের গুণগতমান খারাপ হয়, সর্বোপরি ফলন ও বাজার মূল্য কমে যায়।  ভারটিমেক বা ওমাইট 1.5 মিলি প্রতি লিটার পানিতে মিশিয়ে 10-12 দিন পর পর জারবেরা পাতার উল্টা পৃষ্ঠে 2-3 বার স্প্রে করলে মাইট বা মাকড়সার হাত থেকে জারবেরা গাছকে রক্ষা করা যায় ও গুণগত মানের ফুল পাওয়া যায়।  প্রোক্লেইম 0.5 SG @ 1 গ্রাম প্রতি লিটার পানিতে মিশিয়ে গোলাপ গাছে স্প্রে করলে গোলাপ ফুলের লেদা পোকা থেকে রক্ষা পাওয়া যায় ও ফলন বেশি হয়। এতে ফুল চাষীরা আর্থিকভাবে ক্ষতিগ্রস্থ হওয়ার হাত থেকে রক্ষা পাবে।"
flower,succulents,সাকুলেন্ট,367,pest_disease,গ্লাডিওলাসে ফিউজেরিয়াম উইল্ট রোগ ব্যবস্থাপনা,
flower,succulents,সাকুলেন্ট,367,other,প্রযুক্তির বৈশিষ্ট্য,"এটি গ্লাডিওলাসের একটি মারাত্মক রোগ। Fusarium oxysporum নাম ছত্রাকের আক্রমণে এ রোগটি হয়ে থাকে এবং আক্রমণের মাত্রা বেশি হলে গ্লাডিওলাস ফুলের চাষ বাধাগ্রস্থ হয়। রোগাক্রান্ত র্কম ও মাটি দ্বারা সাধারণত এ ছত্রাক রোগ ছড়ায়। এ রোগে পাতার আগা প্রথমে হলদে হয়, পরবর্তীতে বাদামী রং ধারণ করে, ফুলের রং ফ্যাকাশে হয় এবং বেশি আক্রমণে সম্পুর্ণ গাছ মারা যায়। শস্য পর্যায় অবলম্বন করলে এ রোগের প্রকোপ অনেকখানি কমে যায়। এ রোগ দমনে সুস্থ রোগমুক্ত র্কম এবং উপকারী ছত্রাক ট্রাইকোডারমা স্পোর সাসপেনশন (3×104 cfu/ml) ব্যবহার করা যেতে পারে। এছাড়া অটোস্টিন 1 গ্রাম প্রতি লিটার পানিতে মিশিয়ে লাগানোর পূর্বে করম্ শোধন করে, প্রতি এক মাস অন্তর 3 বার গাছের গোড়ায় মাটি উত্তোলনের মাধ্যমে এবং সর্বোপরি আর একবার র্কম উত্তোলন করে সংরক্ষণের পূর্বে আগের নিয়েমে র্কমগুলি শোধনের মাধ্যমেও এ রোগ অনেকাংশে দমন করা যায়। GA3"
spice,"onion, winter (rabi)",শীতকালীন পেঁয়াজ,377,land_preparation,জমি তৈরি,"রোপণের 3-4 সপ্তাহ পূর্বে হালকা গভীর (15-20 সেন্টিমিটার) করে 4-5 টি চাষ ও মই দিতে হবে। পেঁয়াজের শিকড় মাটিতে 5-7 সেন্টিমিটারের মধ্যে বেশি নিচে যায় না বলে জমি গভীর করে চাষের প্রয়োজন হয় না। আগাছা বেছে, মাটির ঢেলা ভেঙ্গে ঝুরঝুরে ও সমান করে জমি তৈরি করে পেঁয়াজ লাগাতে হবে।"
spice,"onion, winter (rabi)",শীতকালীন পেঁয়াজ,377,fertilizer,সারের পরিমাণ ও প্রয়োগ পদ্ধতি,"মাটিতে প্রয়োজনীয় পরিমাণ জৈব ও রাসায়নিক সার প্রয়োগ করে চাষ করলে পেঁয়াজ বেশ বড় ও ভারী হয় এবং অনেকদিন সংরক্ষণ করা যায়। মাটির অবস্থাভেদে সারের মাত্রা নির্ভর করে। সাধারণত মধ্যম ঊর্বর জমির জন্য হেক্টর প্রতি সারের পরিমাণ ও প্রয়োগ পদ্ধতি নিচে দেয়া হলো: সার মোট পরিমাণ শেষ চাষের সময় প্রয়োগ পরবর্তী পরিচর্যা হিসেবে পার্শ্ব প্রয়োগ 1ম কিস্তি 2য় কিস্তি গোবর/কম্পোস্ট 5 টন সব – – ইউরিয়া 240 কেজি 80 কেজি 80 কেজি 80 কেজি টিএসপি 260 কেজি সব – – এমওপি 150 কেজি 75 কেজি 37.5 কেজি 37.5 কেজি বরিক এডিসড 5 কেজি সব - - জিপসাম 150 কেজি সব - - জিংক সালফেট 11 কেজি সব - - শেষ চাষের সময় সবটুকু গোবর বা কম্পোস্ট, টিএসপি, 1/3 ভাগ ইউরিয়া ও 1/2 ভাগ এমওপি সার জমিতে ছিটিয়ে মাটির সাথে ভালোভাবে মিশিয়ে দিতে হয়। বাকি 2/3 ভাগ ইউরিয়া এবং 1/2 ভাগ এমওপি সমান ভাগে যথাক্রমে চারা রোপণের 25 এবং 50 দিন পর দুই কিস্তিতে প্রয়োগ করতে হবে। শল্ককন্দ বা সরাসরি বীজ বপনের ক্ষেত্রেও এ নিয়ম অনুসরণ করতে হয়।"
spice,"onion, winter (rabi)",শীতকালীন পেঁয়াজ,377,sowing_time,বপন সময়,অক্টোবরের শেষ থেকে নভেম্বরের প্রথম সপ্তাহে বীজ যথাক্রমে সরাসরি ক্ষেতে অথবা বীজতলায় বীজ বপন করতে হয়। বারি পেঁয়াজ-5 শীতকালে চাষ করা যাবে।
spice,"onion, winter (rabi)",শীতকালীন পেঁয়াজ,377,sowing_method,বপন/রোপণ পদ্ধতি,"পেঁয়াজের ক্ষেতে (1) সরাসরি বীজ বপন, (2) ছোট শল্ককন্দ সরাসরি জমিতে রোপণ এবং (3) বীজতলায় চারা তৈরি করে এই তিন পদ্ধতিতে পেঁয়াজ বপন/রোপণ করা হয়। উল্লিখিত প্রথম ও দ্বিতীয় পদ্ধতিতে বীজ হার বেশি ও ফলন মাঝারী পর্যায়ে হয় বলে তেমন লাভ জনক হয় না। বীজ হতে চারা তৈরি করে রোপণ করলেই ফলন বেশি হয়। বীজ শোধন করে নিলে বীজবাহিত রোগের আক্রমণ প্রতিরোধ করা সম্ভব হয়।"
spice,"onion, winter (rabi)",শীতকালীন পেঁয়াজ,377,intercultural,বীজতলার পরিচর্যা,বীজ বপনের পরপরই বীজতলার চারিদিকে সেভিন 85 ছিটিয়ে দিতে হবে যাতে পিঁপড়া বীজ নিয়ে যেতে না পারে। এছাড়া ছাই ও কেরোসিন ছিটিয়ে পিঁপড়া দমন করা যায়। প্রয়োজন অনুসারে 1-2 দিন অন্তর হালকা সেচ দিতে হবে। চারা ছোট অবস্থায় বীজতলায় আগাছা জন্মে। আগাছাসমূহ পরিষ্কার করে দিতে হবে। বীজ বপনের 10-12 দিনের মধ্যে ডায়থেন এম-45 2 গ্রাম/লিটার হারে এবং চারা গজানোর 20-25 দিনের মধ্যে রোভরাল 2 গ্রাম/লিটার হারে পানিতে মিশিয়ে স্প্রে করতে হবে।
spice,"onion, winter (rabi)",শীতকালীন পেঁয়াজ,377,sowing_method,চারা রোপণ,"উৎপন্ন চারা জমিতে রোপণ করলে কন্দ বড় হয় এবং ফলন বেশি হয়। পেঁয়াজের জন্য প্রস্ততকৃত জমিতে মাঝে মাঝে নালা রেখে ছোট ছোট ব্লকে ভাগ করা হয়। ব্লকে 40-45 দিন বয়সের স্স্থু চারা, সারি 10 সেন্টিমিটার দূরত্বে, চারা 5 সেন্টিমিটার দূরে ও 3-4 সেন্টিমিটার গভীর গর্তে 1টি করে রোপণ করতে হবে। কন্দ গঠন শুরু হওয়া চারা রোপণ করা যাবে না। চারা রোপণের পর সেচ দিতে হবে।"
spice,"onion, winter (rabi)",শীতকালীন পেঁয়াজ,377,sowing_method,কন্দ লাগানোর পদ্ধতি,সমতল জমিতে টানা লাঙ্গল দিয়ে 15-20 সেন্টিমিটার দূরত্বে অগভীর নালা/সারি করে হাত দিয়ে 10-15 সেন্টিমিটার দূরত্বে পেঁয়াজের ছোট ছোট কন্দ লাগানো হয়। কন্দ লাগানোর পরই জমিতে সেচ দেওয়া আবশ্যক। এতে 5-7 দিন পর চারা বের হয়ে আসে। 2-3 সেন্টিমিটার ব্যাস বিশিষ্ট পূর্ববর্তী বছরের সুস্থ ও পরিপক্ক কন্দ বীজ হিসেবে নিতে হবে। পেঁয়াজ পাতা ও পেঁয়াজ কলি উৎপাদনের জন্য মাঝারী ও বড় আকারের কন্দ লাগানো যেতে পারে এবং এতে তাড়াতাড়ি (লাগানোর 35-80 দিন পর) পেঁয়াজ পাতা ও কলি উৎপন্ন হয়।
spice,"onion, winter (rabi)",শীতকালীন পেঁয়াজ,377,intercultural,ফসলের আন্তঃপরিচর্যা,"পেঁয়াজ রোপণ এবং সেচের পর জমিতে প্রচুর আগাছা জন্মাতে পারে। আগাছা জমির রস ও অন্যান্য খাদ্য উপাদান গ্রহণ করে পেঁয়াজের বৃদ্ধি ব্যাহত করে। এই জন্য 2-3 বার বা ততোধিক নিড়ানী দিয়ে জমি আলগা ও আগাছামুক্ত করা দরকার। এতে কন্দ ভালোভাবে গঠিত হয় ও ফলন বাড়ে। পেঁয়াজের সমগ্র জীবনচক্রে হেক্টরপ্রতি 300 মিলিলিটার পানির প্রয়োজন হয়। এজন্য 8 থেকে 10 বার সেচ দিতে হবে। চারা মাটিতে প্রতিষ্ঠিত না হওয়া পর্যন্ত জমিতে আর্দ্রতার অবস্থার উপর ভিত্তি করে সেচ দিতে হবে। কন্দ গঠিত হয়ে গেলে সেচ কম লাগে। পেঁয়াজ পরিপক্ক হলে ফসল উঠানোর এক মাস পূর্বে সেচ দেওয়া বন্ধ করে দিতে হবে, না করলে পেঁয়াজের গুণাগুণ ও সংরক্ষণ ক্ষমতা হ্রাস পায়।"
spice,"onion, winter (rabi)",শীতকালীন পেঁয়াজ,377,harvest,ফসল সংগ্রহ,"পেঁয়াজ পরিপক্ক হলে, গাছের সবুজ পাতা ক্রমশ হলদে হয়ে যায় এবং 50% পাতা গলার অংশে নরম হয়ে নুয়ে পড়ে। রোপণের 90 থেকে 120 দিন পর শীতকালীন পেঁয়াজ তোলার উপযুক্ত হয়।"
spice,"onion, winter (rabi)",শীতকালীন পেঁয়াজ,377,yield,ফলন,"সঠিক সময়ে বীজ বোনা ও চারা রোপণ, বীজ হিসাবে কন্দ অথবা আদর্শ চারা নির্বাচন, সঠিক জাত, সেচ ও সার প্রয়োগ এবং মাটির প্রকৃতি ইত্যাদির উপর পেঁয়াজের ফলন নির্ভর করে। সেচ ও সার প্রয়োগে চাষ করলে হেক্টরপ্রতি 18-20 টন ফলন পাওয়া যায়। সরাসরি বীজ বপন করে চাষ করার চেয়ে পেঁয়াজের চারা রোপণ করলে 20-25 শতাংশ ফলন বেশি হয়।"
spice,"onion, winter (rabi)",শীতকালীন পেঁয়াজ,377,other,সংরক্ষণ,"ছায়াযুক্ত স্থানে 8-10 সেন্টিমিটার উঁচু করে 8-10 দিন রাখলে পেঁয়াজ শুকিয়ে যায়। বাছাই এবং গ্রেডিং করার পর র‍্যাক, ঘরের সিলিং অথবা উঁচু ঘরে আলো ও বাতাস চলাচলের সুবিধা যুক্ত শুকনা মেঝেতে বা তৈরিকৃত বাশেঁর মাচায় পেঁয়াজ ছড়িয়ে সংরক্ষণ করা যায়। সংরক্ষণাগারের পেঁয়াজ মাঝে মাঝে উল্টে পাল্টে পরীক্ষা করে পচা ও অঙ্কুরিত পেঁয়াজ বেছে ফেলতে হবে।"
spice,"onion, summer (kharif)",গ্রীষ্ম/খরিফ পেঁয়াজ,378,other,গ্রীষ্ম/খরিফ পেঁয়াজ উৎপাদন,বাংলাদেশ কৃষি গবেষণা ইনস্টিটিউট বারি পেঁয়াজ-5 গ্রীষ্ম/খরিফ মৌসুমে আবাদের জন্য মুক্তায়িত করেছে। এর উৎপাদন প্রযুক্তি নিম্নে দেয়া হল।
spice,"onion, summer (kharif)",গ্রীষ্ম/খরিফ পেঁয়াজ,378,soil_climate,মাটি,"উঁচু, সেচ ও পানি নিষ্কাশনের সুবিধাযুক্ত বেলে দোআঁশ বা পলিযুক্ত মাটি পেঁয়াজ চাষের জন্য উত্তম।"
spice,"onion, summer (kharif)",গ্রীষ্ম/খরিফ পেঁয়াজ,378,sowing_method,বীজ বপন ও চারা রোপণ,"সাধারণত চারা তৈরি করেই ‘বারি পেঁয়াজ-5’ চাষ করা হয়। বীজ বপনের সময় অত্যাধিক রোদ ও বৃষ্টি থেকে রক্ষা পাওয়ার জন্য পলিথিন/চাটাই ব্যবহার করা যেতে পারে এবং অতিরিক্ত পানি নিষ্কাশনের ব্যবস্থা করতে হবে। প্রখর রোদ ও বৃষ্টির সময় বীজতলা ঢেকে রাখতে হবে, অন্য সময় বীজতলা উন্মুক্ত রাখতে হবে। প্রথম দিকে খরার কারণে জমিতে রসের অভাব থাকে বলে বীজ তলায় ঘন ঘন সেচ দিয়ে গজানোর পূর্ব পর্যন্ত (5-6 দিন) ঢেকে রাখতে হয়।"
spice,"onion, summer (kharif)",গ্রীষ্ম/খরিফ পেঁয়াজ,378,sowing_time,আগাম চাষ,মধ্য ফেব্রুয়ারি থেকে মধ্য জুন পর্যন্ত বীজতলায় বীজ বপন করা যায়। তবে মার্চ মাস পর্যন্ত চারা উৎপাদন করা উত্তম। অতঃপর 40-45 দিনের চারা মূল জমিতে রোপণ করতে হয়।
spice,"onion, summer (kharif)",গ্রীষ্ম/খরিফ পেঁয়াজ,378,sowing_time,নাবি চাষ,নাবি চাষের ক্ষেতে জুলাই থেকে আগস্ট মাসে বীজতলায় বীজ বপন করতে হবে। পরবর্তীতে 40-45 দিনের চারা মূল জমিতে রোপণ করতে হয।
spice,"onion, summer (kharif)",গ্রীষ্ম/খরিফ পেঁয়াজ,378,fertilizer,সারের পরিমাণ ও প্রয়োগ পদ্ধতি,"সফলভাবে খরিফ পেঁয়াজ চাষের জন্য হেক্টরপ্রতি প্রয়োজনীয় জৈব ও অজৈব সারের পরিমাণ নিম্নরুপ: সার মোট পরিমাণ শেষ চাষের সময় প্রয়োগ পরবর্তী পরিচর্যা হেসিবে 1ম কিস্তি 2য় কিস্তি গোবর 10 টন সব ইউরিয়া 261 কেজি 87 কেজি 87 কেজি 87 কেজি এমওপি 150 কেজি 75 কেজি 37.5 কেজি 37.5 কেজি টিএসপি 260 কেজি সব জিপসাম 150 কেজি সব জিংক সালফেট 11 কেজি সব বরিক এসিড 11 কেজি সব শেষ চাষের সময় সম্পূর্ণ গোবর, টিএসপি, এমওপি, জিপসাম, জিঙ্ক সালফেট ও আগাম চাষের জন্য দুই-তৃতীয়াংশ ইউরিয়া সার ছিটিয়ে মাটির সাথে ভালভাবে মিশিয়ে দিতে হবে। অবশিষ্ট এক-তৃতীয়াংশ ইউরিয়া চারা রোপণের 20-25 দিন পর পার্শ্ব প্রয়োগ করতে হবে। নাবি চাষের জন্য 1/3 ভাগ ইউরিয়া অন্যান্য সারের সাথে শেষ সেচ চাষের সময় প্রয়োগ করতে হবে। অবশিষ্ট 2/3 ভাগ ইউরিয়া যথাক্রমে 20-25 দিন ও 50-55 দিন পর পার্শ্ব প্রয়োগ করতে হবে। মাটিতে প্রয়োজনীয় রস না থাকলে সারের পার্শ্ব প্রয়োগের পরপরই সেচ দিতে হবে।"
spice,"onion, summer (kharif)",গ্রীষ্ম/খরিফ পেঁয়াজ,378,intercultural,পরিচর্যা,পেঁয়াজের চারা রোপণের পর একটি প্লাবন সেচ অবশ্যই দিতে হবে। মাটিতে চটা বাঁধলে কন্দের বৃদ্ধি বাধাগ্রস্ত হয়। অতএব মাটির ‘জো’ আসার সাথে সাথে চটা ভেঙ্গে দিতে হয় ও আগাছা পরিষ্কার করতে হয়। নিড়ানীর সাথে সাথে ঝুরঝুরে মাটি দিয়ে গাছের গোড়া ঢেকে দিতে হবে।
spice,"onion, summer (kharif)",গ্রীষ্ম/খরিফ পেঁয়াজ,378,harvest,ফসল সংগ্রহ ও সংরক্ষণ,"পেঁয়াজের গাছ পরিপক্ক হলে এর গলার দিকের টিস্যু নরম হয়ে যায়। ‘বারি পেঁয়াজ-5’ এর চারা থেকে কন্দের পরিপক্কতা হওয়া পর্যন্ত আগাম চাষের ক্ষেত্রে মাত্র 60-70 দিন এবং নাবি চাষের ক্ষেত্রে 95-110 দিন দরকার হয়। পাতা ও শিকড় কেটে শীতল ও ছায়াময় স্থানে 8-10 দিন রেখে কিউরিং করতে হবে। বর্ষাকালীন ফসল বিধায় উত্তোলনকৃত পেঁয়াজ 2-3 দিন এমনভাবে রেখে শুকাতে হবে যাতে কন্দে সরাসরি রোদ না লাগে। এরপর বাছাই ও গ্রেডিং করার পর বাঁশের মাচা, ঘরের সিলিং, প্লাস্টিক বা বাঁশের র‍্যাক অথবা ঘরের পাকা মেঝেতে শুষ্ক ও বায়ু চলাচল যুক্ত স্থানে পেঁয়াজ সংরক্ষণ করা যায়। তবে গ্রীষ্মকালীন পেঁয়াজে আর্দ্রতার পারিমাণ বেশি থাকে বলে ইহা এক মাসের বেশি সংরক্ষণ করা যাবে না।"
spice,"onion, summer (kharif)",গ্রীষ্ম/খরিফ পেঁয়াজ,378,soil_climate,আবহাওয়া,"যদিও বিভিন্ন আবহাওয়ায় পেঁয়াজ বীজের চাষ হতে দেখা যায় তবে যে সমস্ত স্থানে খুব বেশি ঠাণ্ডা বা গরম পড়ে না এবং অতিরিক্ত বৃষ্টিপাত হয় না সে সব স্থানে পেঁয়াজ এবং বীজ খুব ভাল হয়। যেখানে বছরে 75 থেকে 100 সেমি বৃষ্টিপাত হয় সে সব স্থানে পেঁয়াজ ভাল হয়। দিনের আলো, তাপমাত্রা, মাটির রস পেঁয়াজের বীজ গঠন ও ফলনকে বিশেষভাবে প্রভাবিত করে। প্রচুর দিনের আলো, অনধিক উত্তাপ ও মাটিতে প্রয়োজনীয় রস থাকলে পেঁয়াজ ও বীজের ফলন খুব ভাল হয়। ছোট অবস্থায় যখন পেঁয়াজের পাতা বাড়তে থাকে তখন 150 সে. তাপমাত্রা ও 9-10 ঘণ্টা দিনের আলো থাকলে পেঁয়াজ দ্রুত বৃদ্ধি পায় এবং পরে 10-12 ঘণ্টা দিনের আলো ও 210 সে. তাপমাত্রা এবং গড় আর্দ্রতা 70% থাকলে পেঁয়াজের কন্দ ভালভাবে বাড়ে। বীজ উৎপাদনের জন্য পুষ্পায়নের সময় মোটামুটি ঠাণ্ডা তাপমাত্রা প্রয়োজন হয়। এ অবস্থায় 4.5 থেকে 140 সে তাপমাত্রায় প্রতিটি কন্দে অধিক সংখ্যক ফুল ও পুষ্ট বীজ গঠিত হয় এবং ফলন বৃদ্ধি পায়। এই ঠাণ্ডা তাপমাত্রা উৎপাদন মৌসুমে বিশেষ করে জানুয়ারী - ডিসেম্বর মাসে বিদ্যমান থাকে। পুষ্পায়ন পর্যায়ে পরিষ্কার ও উজ্জ্বল দিনের আলোয় পরাগায়নের জন্য অধিক সংখ্যক পরগায়নকারী পোকা সক্রিয় থাকে। বীজ সংগ্রহ, কিউরিং ও থ্রেসিং এর সময় উষ্ণ এবং শুষ্ক আবহাওয়াও সমানভাবে গুরুত্বপূর্ণ।"
spice,"onion, summer (kharif)",গ্রীষ্ম/খরিফ পেঁয়াজ,378,soil_climate,মাটি,"সব রকম মাটিতেই পেঁয়াজ বীজের চাষ হতে দেখা যায়। তবে পানি নিষ্কাশনের ব্যবস্থাযুক্ত গভীর, ঝুরঝুরে হালকা দোআঁশ বা পলি যুক্ত মাটি পেঁয়াজ বীজ চাষের জন্য সবচেয়ে ভাল। হালকা বেলে-দোআঁশ মাটিতে এঁটেল মাটির চেয়ে অনেক আগে পেঁয়াজের পরিপক্কতা আসে। হালকা মাটিতে উপযুক্ত পরিমাণে জৈব ও রাসায়নিক সার প্রয়োগ করে চাষ করলে পেঁয়াজ বেশ বড় ও ভারী হয় এবং সেগুলো অনেক দিন সংরক্ষণ করা যায়। পরবর্তীতে উক্ত কন্দ থেকে উন্নত পুষ্ট, সজীব ও নিরোগ বীজ পাওয়া যায়। এঁটেল মাটি শক্ত হয়ে যায় বলে পেঁয়াজের কন্দ ভালভাবে বাড়তে পারে না ফলে পুস্পদণ্ডও সঠিক ভাবে বাড়তে পারে না। ফলে ফলন কম হয়। অধিক অম্ল বা ক্ষার মাটিতে পেঁয়াজ আস্তে আস্তে বাড়ে, ছোট হয় এবং ফসলের পরিপক্কতা দেরিতে হয়। মাটির পি এইচ 5.8-6.8 থাকলে পেঁয়াজের কন্দ ও বীজের ফলন ভাল হয়। যে সব জমিতে পানি জমে সে সমস্ত জমিতে পেঁয়াজ বীজ মোটেও ভাল হয় না।"
spice,"onion, summer (kharif)",গ্রীষ্ম/খরিফ পেঁয়াজ,378,other,বীজ উৎপাদন পদ্ধতি,বীজের ফলন যতগুলো বিষয়ের উপর নির্ভরশীল তার মধ্যে বীজ উৎপাদন পদ্ধতি অন্যতম। দুটি মৌলিক পদ্ধতির মাধ্যমে পেঁয়াজ বীজ উৎপাদন করা যায় বীজ থেকে বীজ এবং কন্দ থেকে বীজ : উন্নত ও অধিক ফলনের জন্য কন্দ থেকে বীজ উৎপাদন পদ্ধতি সবচেয়ে উপযোগী হওয়ায় আমাদের দেশে সাধারণত কন্দ থেকে বীজ উৎপাদন পদ্ধতি অনুসরণ করা হয়।
spice,"onion, summer (kharif)",গ্রীষ্ম/খরিফ পেঁয়াজ,378,harvest,মাতৃকন্দ সংগ্রহ,"সাধারণত উৎপাদিত পেঁয়াজ ফসল থেকে মাতৃকন্দ সংগ্রহ করা হয়। বীজ উৎপাদনের জন্য 4-6 সেমি ব্যসের কন্দ উপযুক্ত। বীজের বিশুদ্ধতার জন্য কন্দ উৎপাদন মৌসুমে সতর্কতার সহিত অস্বাভাবিক পত্রগুচ্ছ, রোগাক্রান্ত পেঁয়াজ গাছ ক্ষেত থেকে তুলে ধ্বংস করে ফেলতে হবে। পরিপক্ক পেঁয়াজ কন্দ, চিকন গলা এবং রোগ মুক্ত পেঁয়াজের মাতৃকন্দ সংগ্রহ করতে হবে।"
spice,"onion, summer (kharif)",গ্রীষ্ম/খরিফ পেঁয়াজ,378,other,মাতৃ কন্দ সংরক্ষণ,পেঁয়াজ কন্দ উত্তোলনের পর এর পাতা ও শিকড় কেটে 7-10 দিন বায়ু চলাচল সুবিধা যুক্ত শীতল ও ছায়াময় স্থানে শুকিয়ে নিতে হবে। এরপর যথারীতি মাতৃকন্দের জন্য বাছাই ও শ্রেণিবিন্যাস করে ঠাণ্ডা ও বায়ুময় গুদামে সংরক্ষণ করতে হবে। মাতৃকন্দ রোপণের পূর্ব পর্যন্ত আলো বাতাসময় শীতল স্থানে মাচা তৈরি করে মাচায় ছড়িয়ে সংরক্ষণ করা যেতে পারে। মাঝে মাঝে পচা বা শুকনা পেঁয়াজ বেছে সরিয়ে ফেলতে হবে। পেঁয়াজের মাতৃকন্দ সংরক্ষণের জন্য হিমায়নযন্ত্রে 4.5 সে থেকে 14 সে. তাপমাত্রা উপযোগী তবে 11 সে তাপমাত্রা ও 65% আপেক্ষিক আর্দ্রতা সর্বাপেক্ষা উপযোগী।
spice,"onion, summer (kharif)",গ্রীষ্ম/খরিফ পেঁয়াজ,378,sowing_time,রোপণ মৌসুম,পেঁয়াজের রোপণ সময়ের উপর বীজ উৎপাদনের অনেক প্রভাব রয়েছে। বেশি আগাম অর্থাৎ অক্টোবরের মাঝামাঝি পেঁয়াজ রোপণ করলে পুষ্পদণ্ডে প্রতি কদমে ফুলের সংখ্যা অনেক কম হয়। আবার ডিসেম্বর মাসে রোপণ করলে গাছের বৃদ্ধি কম হয়। কন্দে কম সংখ্যক ফুল আসে এবং পার্পল ব্লচ রোগ ও থ্রিপস পোকার প্রকোপ বৃদ্ধি পায়। এছাড়া বিলম্বে রোপণ করলে বীজ ফসল কাল বৈশাখী ঝড় ও শীলা বৃষ্টিতে আক্রান্ত হওয়ার সম্ভাবনা থাকে। তাই অক্টোবরের শেষ ও নভেম্বর মাসের প্রথম হতে মাঝামাঝি পেঁয়াজের মাতৃকন্দ রোপণের উপযুক্ত সময়। এ সময়ে পেঁয়াজ কন্দ রোপণ করলে উক্ত বীজ ফসল খুব ভাল ফলন দেয়।
spice,"onion, summer (kharif)",গ্রীষ্ম/খরিফ পেঁয়াজ,378,other,মাতৃকন্দ নির্বাচন,"শীতকালীন অথবা গ্রীষ্মকালীন ফসল থেকে বীজ ফসলের জন্য উপযুক্ত পরিপক্ক ও রোগমুক্ত পেঁয়াজের মাতৃকন্দ নির্বাচন করা প্রয়োজন। পেঁয়াজের আকার ছোট হলে গাছ দুর্বল হয়। ফুলদণ্ড চিকন ও হালকা হয় এবং সহজেই বাতাসে ভেঙ্গে পড়ে। তাছাড়া উক্ত ফুল দণ্ডের কদমে ফুল কম ধরে ও ছোট হয় এবং বীজের ফলনও খুব কম হয়। বারি পেঁয়াজ-1 জাতের 30-35 গ্রাম ওজনের কন্দ এবং তার ব্যাস যদি 4.0 সেমি হয় তাহলে সবচেয়ে বেশি বীজ উৎপন্ন হয়। তবে 30-35 গ্রাম অপেক্ষা বারি পেঁয়াজ 2, 3 ও 4 জাতের 40-45 গ্রাম ওজনের কন্দ থেকে সর্বাধিক পরিমাণ বীজ উৎপাদন হয়। অন্য একটি গবেষণায় দেখা গেছে যে 40 গ্রাম ওজনের কন্দ এবং তার ব্যাস যদি 3 -4 সেমি হয় সেক্ষেত্রে ভাল ফলন পাওয়া যায়। আমাদের দেশে উৎপাদিত কন্দসমূহের ব্যাসের ভিত্তিতে তিন ভাগে ভাগ করা হয় যথা-1) বড় আকারের কন্দ যার ডায়ামিটার 3.8 সেমি 2) মধ্যম আকারের কন্দ যার ব্যাস 2.5 সেমি, এবং 3) ছোট আকারের কন্দ যার ব্যাস 1.8 সেমি। এদের মধ্যে মধ্যম আকারের মাতৃকন্দ অর্থাৎ 2.5 থেকে 3.7 সেমি ব্যাস বিশিষ্ট কন্দ থেকে লাভজনকভাবে বীজ উৎপাদন সম্ভব হয়।"
spice,"onion, summer (kharif)",গ্রীষ্ম/খরিফ পেঁয়াজ,378,land_preparation,জমি তৈরি,বীজ উৎপাদনের জন্য জমি ভালভাবে প্রস্তুতকরা দরকার যাতে মাটি নরম ও ঝুরঝুরে হয়। পেঁয়াজের শিকড় মাটিতে 5-7 সেমি এর মধ্যে বেশি থাকে বলে জমি খুব গভীর করে চাষের প্রয়োজন হয় না। সাধারণত 4-5 টি চাষ ও মই দিয়ে আগাছা বেছে মাটি ঝুরঝুরে করতে হবে। পেঁয়াজ বীজ উৎপাদনের জমিতে 10 মি × 1.5 মি আকারের বেড করা প্রয়োজন। তিন বেড পরপর গভীর পানি নিষ্কাশনের জন্য নালা রাখতে হবে। ভেজা মাটিতে পেঁয়াজ রোপণ করলে পচন রোগ হওয়ায় সম্ভাবনা থাকে আবার জমিতে পর্যাপ্ত পরিমাণে রস না থাকলে গাছ সন্তোষজনকভাবে বাড়তে পারে না।
spice,"onion, summer (kharif)",গ্রীষ্ম/খরিফ পেঁয়াজ,378,other,মাতৃকন্দ শোধন,কার্বেনডাজিম গ্রুপের (আটোস্টিন/গোল্ডাজিন) বা প্রোভেক্স 200 জাতীয় ছত্রাকনাশক দিয়ে মাতৃকন্দ শোধন করতে হবে। প্রতি লিটার পানিতে 2.0 গ্রাম অটোস্টিন বা 2.5 গ্রাম প্রভেক্স-200 দ্বারা কন্দ 10-15 মিনিট পানিতে চুবিয়ে রেখে শোধন করতে হবে।
spice,"onion, summer (kharif)",গ্রীষ্ম/খরিফ পেঁয়াজ,378,sowing_method,মাতৃকন্দ রোপণ,বড় আকারের জমিকে ছোট ছোট ব্লকে ভাগ করে প্রত্যেক ব্লকের চারিদিকে পানি প্রবাহের জন্য নালা থাকা আবশ্যক। সারি করে মাতৃ কন্দ রোপণ করা উত্তম। সারি থেকে সারির দূরত্ব 20-25 সেমি এবং কন্দ থেকে কন্দের দূরত্ব 15 সেমি হওয়া প্রয়োজন। সারি থেকে সারির দূরত্ব খুব কাছাকাছি হলে অধিক ফলন পাওয়া সম্ভব কিন্তু ছএাক রোগের আক্রমণ হওয়ার ঝুঁকি থাকে। নিদিষ্ট দূরত্বে ছোট লাঙ্গল অথবা রডের টাইন দ্বারা 5-6 সেমি গভীর নালা টেনে উক্ত নালায় পেঁয়াজের মাতৃকন্দ রোপণ করে পার্শ্ববর্তী মাটি দ্বারা মাতৃ কন্দ ঢেকে দেওয়া আবশ্যক। অল্প গভীরে রোপণ করা কন্দ থেকে পেঁয়াজের ফুলদণ্ড বড় হলে বৃষ্টি বা সেচের পানিতে মাটি সরে গিয়ে গাছ পড়ে যায়।
spice,"onion, summer (kharif)",গ্রীষ্ম/খরিফ পেঁয়াজ,378,seed_rate,মাতৃকন্দ বীজের পরিমাণ,"বীজ উৎপাদনের জন্য আমাদের দেশে লাগানোর দূরত্ব ও মাতৃকন্দের আকারের উপর ভিত্তি করে এক হেক্টর জমিতে 3,000-5,000 কেজি মাতৃকন্দের প্রয়োজন হয়।"
spice,"onion, summer (kharif)",গ্রীষ্ম/খরিফ পেঁয়াজ,378,other,বীজ উৎপাদন মাঠের স্বতন্ত্রীকরণ,"পেঁয়াজ সাধারণত পর পরাগায়িত উদ্ভিদ, সেজন্য প্রতিবেশি পেঁয়াজ ক্ষেত থেকে পরাগায়িত পোকা ও বাতাসের মাধ্যমে পরাগায়িত হয়ে এর স্বতন্ত্র বৈশিষ্ট্য লোপ পেতে পারে। দুটি ভিন্ন জাতের পেঁয়াজ বীজ উৎপাদনের জন্য স্বাতন্ত্রীকরণ দূরত্ব 1,000 মি. হওয়া বাঞ্ছনীয়। বীজের বিশুদ্ধতার জন্য এটি অপরিহার্য।"
spice,"onion, summer (kharif)",গ্রীষ্ম/খরিফ পেঁয়াজ,378,harvest,অনাকা•িক্ষত পেঁয়াজ গাছ উত্তোলন,পেঁয়াজের ফুল ফোটার পূর্বেই রোগাক্রান্ত চিকন বা সরু পুষ্পদণ্ডসহ অপুষ্ট পেঁয়াজ গাছ ক্ষেত থেকে তুলে তা ধ্বংস করতে হবে। উন্নত মানের বীজ উৎপাদনের জন্য এটা খুবই গুরুত্বপূর্ণ হবে। গাছের বৃদ্ধির দুই পর্যায়ে (দৈহিক বৃদ্ধির পর্যায় ও ফুল ফোটার সময়) এই কাজটি করতে হবে।
spice,"onion, summer (kharif)",গ্রীষ্ম/খরিফ পেঁয়াজ,378,sowing_method,রোপণ পূর্ব ঠাণ্ডা শোধন,রোপণের পূর্বে 12-200 সে. তাপমাত্রায় মাতৃকন্দসমূহ 30 দিন যাবত যদি ঠাণ্ডা শোধন করা হয় তাহলে ঠাণ্ডা আবেশ তাড়াতাড়ি পুষ্পায়নে প্ররোচিত করার মাধ্যমে ফুল ফোটাকে ত্বরান্বিত করে ফল ধারণ এবং অধিক ফলন নিশ্চিত করে। তবে শোধন করা পেঁয়াজ 12-15 দিন স্বাভাবিক তাপমাত্রায় রেখে তারপর রোপণ করতে হবে।
spice,"onion, summer (kharif)",গ্রীষ্ম/খরিফ পেঁয়াজ,378,fertilizer,সার ও সেচ প্রয়োগ,"পেঁয়াজের বীজ ফসলের সময়কাল দীর্ঘ, 150-165 দিন। সে জন্য বীজ উৎপাদনে সারের প্রয়োজন অনেক বেশি। নিম্নে হেক্টরপ্রতি সারের পরিমাণ ও প্রয়োগ পদ্ধতি উল্লেখ করা হলো। সার মোট পরিমাণ শেষ চাষের সময় প্রয়োগ পরবর্তী পরিচর্যা হিসেবে পার্শ্ব প্রয়োগ 1ম কিস্তি 2য় কিস্তি 3য় কিস্তি গোবর 10 টন সব টিএসপি 415 কেজি সব এমওপি 270 কেজি 90 কেজি 60 কেজি 60 কেজি 60 কেজি ইউরিয়া 320 কেজি 85 কেজি 80 কেজি 85 কেজি 80 কেজি জিপসাম 140 কেজি সব জিংক সালফেট 10 কেজি সব বরিক এসিড 11 কেজি সব জমিতে শেষ চাষের পূর্বে সম্পূর্ণ গোবর, টিএসপি, জিপসাম, জিংক ও বোরন সার ছিটিয়ে মাটির সাথে ভালভাবে মিশিয়ে দিতে হবে। এরপর ইউরিয়া ও এমওপি সার যথাক্রমে শেষ চাষে, প্রথম কিস্তি গাছের বয়স 25-30 দিন, 2য় কিস্তি গাছের বয়স 50-55 দিন এবং 3য় কিস্তির গাছের বয়স 70-75 দিন হলে উপরের ছকে উল্লেখিত পরিমাণ মতো প্রয়োগ করতে হবে।"
spice,"onion, summer (kharif)",গ্রীষ্ম/খরিফ পেঁয়াজ,378,intercultural,মাধ্যমিক পরিচর্যা,"গাছের সুষ্ঠু বৃদ্ধির জন্য পেঁয়াজ বীজ ফসলে পানি সেচ অত্যাবশ্যক। পেঁয়াজ বীজ উৎপাদনের মৌসুমে সাধারণত বৃষ্টিপাত খুব কম হয়। তাই জমির অবস্থা দেখে পানি সেচ দেওয়া প্রয়োজন। তাছাড়া প্রত্যেক কিস্তিতে পানি সেচের পরদিন সার দেয়া দরকার। সেচের পর মাটির ‘জো’ দেখে নিড়ানী দিয়ে মাটি আলগা করে দিতে হবে। পেঁয়াজের বীজ ফসল আগাছামুক্ত রাখা এবং পেঁয়াজের পুষ্পদণ্ড যাতে বাতাসে ভেঙ্গে না পড়ে, সেজন্য ঠেকনার ব্যবস্থা করতে হবে। রোগ বালাই ও পোকা মাকড় দমনের প্রয়োজনীয় ব্যবস্থা করতে হবে।"
spice,"onion, summer (kharif)",গ্রীষ্ম/খরিফ পেঁয়াজ,378,other,পেঁয়াজের বীজ উৎপাদনের বর্ডার ফসলের প্রভাব,"পেঁয়াজের বীজ উৎপাদন সম্পূর্ণভাবে পলিনেটরদের মুভমেন্ট/ভিজিট এর উপর নির্ভর করে। কারণ পেঁয়াজ পরপরাগায়িত ফসল। পেঁয়াজের পলিনেশন প্রটেনড্রাই প্রকৃতির, তাই পেয়াঁজে পরপরাগায়ণ হয়। এই পরপরাগায়ণ 100 ভাগ বিভিন্ন পোকা যেমন- মাছি, হাউজফ্লাই, বোফ্লাই, সিরফিড ফ্লাই ইত্যাদি দ্বারা হয়ে থাকে। পেঁয়াজের ফুল সাদা হওয়ায় ফুল ফোটার সময় অনেকক্ষেত্রে পলিনেটিং পোকার ভিজিট কম হয়। সেক্ষেত্রে পেঁয়াজের সাথে মৌরী, ধনিয়া, শালুক ইত্যাদি চাষ করে পলিনেটিং পোকাকে পেঁয়াজের পরাগায়ণে আকৃষ্ট করা যেতে পারে। গবেষণায় দেখা গেছে যে, 10 সারি পেঁয়াজের পর 2 সারি মৌরী, শলুক, ধনিয়া চাষ করলে পেঁয়াজের পরাগায়নে সহায়ক পোকার ভিজিট বৃদ্ধির কারণে পেঁয়াজের বীজ সেট ভাল হয় এবং বীজের ফলন বৃদ্ধি পায়। শালুক ও মৌরী পেঁয়াজ রোপণের দিনেই বপন করতে হবে। ধনিয়া, পেয়াজ রোপণের 20-22 দিন পর বপন করতে হবে।"
spice,"onion, summer (kharif)",গ্রীষ্ম/খরিফ পেঁয়াজ,378,harvest,"বীজ সংগ্রহ, শুকানো ও সংরক্ষণ",বৃষ্টি শুরু হওয়ার আগে বীজ সংগ্রহ করলে বীজের গুণগত মান ভাল হয়। পেঁয়াজের বীজ পরিণত হলে ফুলের মুখ ফেটে যায় এবং কালো বীজ দেখা যায়। শতকরা 20-25 ভাগ কদমের (umbel) মুখ ফেটে কালো বীজ দেখা গেলে উহা সংগ্রহ করা প্রয়োজন। একই সময়ে পেঁয়াজের সব পুষ্পদণ্ডের বীজ পরিপক্ক হয় না বিধায় 2-3 বার বীজ তোলা হয়। কদমের নিচ থেকে কদমের পুষ্পদণ্ডের 5-7 সেন্টিমিটার অংশসহ পরিপক্ক কদমগুলো তুলে নিতে হয়। এগুলো কয়েকদিন রোদে ভালভাবে শুকানোর পর ঘষে খোসা থেকে বীজ আলাদা করে পরিষ্কার করা হয়। জাত ভেদে প্রতি হেক্টরে প্রায় 600-1200 কেজি পর্যন্ত বীজ উৎপাদন সম্ভব হয়। সংগৃহীত বীজ আরো 2-3 দিন রোদে শুকিয়ে বীজের আর্দ্রতা 6-7% এ কমিয়ে ও ঠাণ্ডা করে বায়ুনিরোধক পলিথিন ব্যাগে ভরে সিল করে টিন অথবা প্লাস্টিকের পাত্রে ভরে শুকনো জায়গায় সংরক্ষণ করতে হবে।
spice,"onion, summer (kharif)",গ্রীষ্ম/খরিফ পেঁয়াজ,378,pest_disease,পেঁয়াজের রোগ ও তার প্রতিকার,"পেঁয়াজ বাংলাদেশের একটি অর্থকরী মসলা ফসল ও অতি গুরুত্বপূর্ণ ভোগ্যপণ্য। প্রতিদিনের রান্নায় ইহা আমরা ব্যবহার করে থাকি। এ ছাড়াও পেঁয়াজে অনেক ঔষধি গুণ রয়েছে। দেশের চাহিদার তুলনায় এ ফসলের উৎপাদন নিতান্তই কম। উৎপাদন কম হওয়ার জন্য রোগবালাই একটি প্রধান কারণ। পেঁয়াজে পার্পল ব্লচ, কাণ্ড পচা, স্মাট, গুদামজাত ইত্যাদি রোগ দেখা যায়। এই রোগসমূহ নিয়ন্ত্রণে রাখতে পারলে ফলন অনেকাংশে বৃদ্ধি পাবে। তাই পেঁয়াজের কয়েকটি মারাত্মক রোগের লক্ষণ, কারণ ও প্রতিকার ব্যবস্থা সম্পর্কে আলোচনা করা হলো।"
spice,"onion, summer (kharif)",গ্রীষ্ম/খরিফ পেঁয়াজ,378,pest_disease,পার্পল ব্লচ/বেগুনী দাগ রোগ,(Purple Blotch)
spice,"onion, summer (kharif)",গ্রীষ্ম/খরিফ পেঁয়াজ,378,pest_disease,রোগের জীবাণু,Alternaria porri (বীজবাহিত)
spice,"onion, summer (kharif)",গ্রীষ্ম/খরিফ পেঁয়াজ,378,pest_disease,আক্রমণের সময়,চারা অবস্থা হতে বীজ সংগ্রহের পূর্ব পর্যন্ত
spice,"onion, summer (kharif)",গ্রীষ্ম/খরিফ পেঁয়াজ,378,pest_disease,রোগের উপযোগী আবহাওয়া, জমিতে অত্যাধিক আগাছা থাকা  অধিক তাপমাত্রা 28-300 সে. ও আপেক্ষিক আর্দ্রতা 80-90%  পেঁয়াজের পাতা অধিক সময় পর্যন্ত ভেজা থাকা
spice,"onion, summer (kharif)",গ্রীষ্ম/খরিফ পেঁয়াজ,378,pest_disease,রোগের লক্ষণ, প্রথমে পাতা ও বীজবাহী কাণ্ডে ক্ষুদ্র ক্ষুদ্র পানি ভেজা বাদামী বা হলুদ রঙের দাগ সৃষ্টি হয়।  দাগগুলি ধীরে ধীরে বৃদ্ধি পেয়ে বড় দাগে পরিণত হয়।  দাগের মধ্যবর্তী অংশ প্রথমে লালচে বাদামী ও পরবর্তীতে কালো বর্ণ ধারণ করে এবং দাগের কিনারা বেগুনী বর্ণ ধারণ করে।  আক্রান্তপাতা উপরের দিক হতে ক্রমান্বয়ে মরে যেতে থাকে। ব্যাপকভাবে আক্রান্ত পাতা 3-4 সপ্তাহের মধ্যে হলদে হয়ে মরে যায়।  বীজবাহী কাণ্ডের গোড়ায় আক্রান্ত স্থানের দাগ বৃদ্ধি পেয়ে হঠাৎ ভেঙ্গে পড়ে।  এ রোগের আক্রমণের ফলে বীজ অপুষ্ট হয় এবং ফলন হ্রাস পায়।
spice,"onion, summer (kharif)",গ্রীষ্ম/খরিফ পেঁয়াজ,378,pest_disease,প্রতিকার," সুস্থ, নীরোগ বীজ ও চারা ব্যবহার করতে হবে।  আক্রান্তগাছের পরিত্যক্ত অংশ পুড়িয়ে ফেলতে হবে।  রোভরাল বা প্রোভেক্স-200 নামক ছত্রাক নাশক প্রতি কেজি বীজের সাথে 2.5 গ্রাম হারে মিশিয়ে বীজ শোধন করে বপন করতে হবে।  রোগ দেখা দিলে প্রতি লিটার পানির সাথে 2 গ্রাম রোভরাল/2 গ্রাম রিডোমিল গোল্ড/2 গ্রাম মেনকোজেব মিশিয়ে 10-12 দিন পর পর 3-4 বার গাছে স্প্রে করতে হবে। বীজ পেঁয়াজের ক্ষেত্রে একই ছত্রাকনাশক একই পরিমাণে 10-12 দিন পর পর 5-6 বার স্প্রে করতে হবে।"
spice,"onion, summer (kharif)",গ্রীষ্ম/খরিফ পেঁয়াজ,378,pest_disease,রোগের জীবাণু,Iris Yeccow Spot Virus এর আক্রমণে এই রোগ হয়। Thrips এই রোগের বাহক।
spice,"onion, summer (kharif)",গ্রীষ্ম/খরিফ পেঁয়াজ,378,pest_disease,রোগের লক্ষণ, থ্রিপ্স এর আক্রমণের কারণে পাতা সাদা ফ্যাকাশে হতে পারে ।  আক্রান্ত পাতার বৃদ্ধি হ্রাস পায় ও আক্রান্ত স্থান হীরার মতো বা চোখের মতো দেখতে মনে হয়।  আক্রান্ত স্থানের মাঝের অংশ সাদা ও চতুর্দিকে ক্লোরোটিক/ হালকা সবুজ হতে পারে ।  অত্যাধিক আক্রান্ত পাতা গুলো দেখতে ধুসর রঙের মতো লাগে ও অবশেষে পাতা উপর হতে নিচের দিকে মারা যায়।
spice,"onion, summer (kharif)",গ্রীষ্ম/খরিফ পেঁয়াজ,378,pest_disease,প্রতিকার," মাটিতে পরিমাণমতো আর্দ্রতা রাখা দরকার।  তাপমাত্রা বৃদ্ধির সঙ্গে সঙ্গে থ্রিপস এর সংখ্যা বৃদ্ধির পেতে থাকে ফলে রোগের আক্রমণ বেশি হয়। এজন্য থ্রিপ্সকে দমন করার জন্য কীটনাশক (ইমিডক্লোরোপিড গ্রুপের যেমন : এডমায়ার, গেইন, ইমিটাফ, কনফিডর @0.05%) 7-10 দিন পর পর 3-4 বার (কন্দ উৎপাদনের জন্য)/ 4-5 বার (পেঁয়াজের বীজ উৎপাদনের জন্য) স্প্রে করতে হবে।"
spice,"onion, summer (kharif)",গ্রীষ্ম/খরিফ পেঁয়াজ,378,pest_disease,পেঁয়াজের পার্পল ব্লচ/বেগুনী দাগ রোগ ও আইরিশ ইয়েলো স্পট রোগের মধ্যে পার্থক্য,অনেক সময় পেঁয়াজের পার্পল ব্লচ/বেগুনী দাগ রোগ ও আইরিশ ইয়েলো স্পট রোগ সনাক্তকরণে সমস্যা হয়ে পড়ে। দুটি রোগের সনাক্তকরণ লক্ষণ প্রায় কাছাকাছি। নিম্নে রোগ দুটির সনাক্তকরণের পার্থক্য নিম্নরূপ:
spice,"onion, summer (kharif)",গ্রীষ্ম/খরিফ পেঁয়াজ,378,pest_disease,স্টেমফাইলিয়াম লিফ ব্লাইট,(Stemphylium leaf blight)
spice,"onion, summer (kharif)",গ্রীষ্ম/খরিফ পেঁয়াজ,378,pest_disease,রোগের জীবাণু,Stemphylium sp. নামক ছত্রাকের আক্রমণে এ রোগ হয়।
spice,"onion, summer (kharif)",গ্রীষ্ম/খরিফ পেঁয়াজ,378,other,পেঁয়াজের আক্রান্ত অংশ,"পাতা, কাণ্ড, ফুলকা ও বীজ"
spice,"onion, summer (kharif)",গ্রীষ্ম/খরিফ পেঁয়াজ,378,pest_disease,আক্রমণের সময়,"চারা অবস্থা হতে বীজ সংগ্রহের পূর্ব পর্যন্ত পেয়াজের পার্পল ব্লচ/বেগুনী দাগ রোগ আইরিশ ইয়েলো স্পট রোগ দাগের মধ্যবর্তী অংশ প্রথমে লালচে বাদামী ও পরবর্তীতে কালো বর্ণ ধারণ করে এবং দাগের কিনারা বেগুনী বর্ণ ধারণ করে। আক্রান্ত লেসনগুলোর মাঝের অংশ সাদা, চতুর্দিকে ক্লোরোটিক/ হালকা সবুজ হতে পারে ও এর পরের অংশ হালকা সাদা বর্ণের হয়। কখনো বেগুনী বর্ণ থাকবে না। দাগগুলো চোখ আকৃতির হয় হয় না। দাগগুলো চোখ আকৃতির হয় ।"
spice,"onion, summer (kharif)",গ্রীষ্ম/খরিফ পেঁয়াজ,378,pest_disease,রোগের উপযোগী আবহাওয়া, জমিতে অত্যাধিক আগাছা থাকা  অধিক তাপমাত্রা 28-300 সে ও আপেক্ষিক আর্দ্রতা 80-90%  পেঁয়াজের পাতা অধিক সময় পর্যন্ত ভেজা থাকা
spice,"onion, summer (kharif)",গ্রীষ্ম/খরিফ পেঁয়াজ,378,pest_disease,রোগের লক্ষণ, প্রথমে পাতা ও পাতার কিনারায় ক্ষুদ্র ক্ষুদ্র পানি ভেজা হালকা বাদামী বা হলুদ রঙের দাগ সৃষ্টি হয়।  দাগগুলি ধীরে ধীরে বৃদ্ধি পেয়ে বড় দাগে পরিণত হয় ও পাতাকে পুড়িয়ে ফেলে।  দাগের মধ্যবর্তী অংশ প্রথমে লালচে বাদামী এবং পরবর্তীতে কালো বর্ণ ধারণ করে ।  আক্রান্তপাতা উপরের দিক হতে ক্রমান্বয়ে কালো হয়ে মরে যেতে থাকে এবং পাতার উপরের অংশে ছত্রাকের ফ্রুটিং বডি দেখা যাবে ।  এ রোগের আক্রমণের ফলে বীজ অপুষ্ট হয় এবং ফলন হ্রাস পায়।
spice,"onion, summer (kharif)",গ্রীষ্ম/খরিফ পেঁয়াজ,378,pest_disease,প্রতিকার," সুস্থ, নীরোগ বীজ ও চারা ব্যবহার করতে হবে ও আক্রান্তগাছের পরিত্যক্ত অংশ পুড়িয়ে ফেলতে হবে।  রোভরাল বা প্রোভেক্স নামক ছত্রাক নাশক প্রতি কেজি বীজের সাথে 2.5 গ্রাম হারে মিশিয়ে বীজ শোধন করে বপন করতে হবে।  রোগ দেখা দিলে প্রতি লিটার পানির সাথে 2 গ্রাম মেনকোজেব/2 গ্রাম রিডোমিল গোল্ড/2 গ্রাম রোভরাল মিশিয়ে 10-12 দিন পর পর 3-4 বার গাছে স্প্রে করতে হবে। বীজ পেঁয়াজের ক্ষেত্রে একই ছত্রাকনাশক একই পরিমাণে 10-12 দিন পর পর 5-6 বার স্প্রে করতে হবে। অথবা  প্রতি লিটার পানির সাথে এমিস্টারটপ 1 মিলি/ তারেদ 0.75 মিলি/ প্রোটেক 2 মিলি 10-12 দিন পর পর 3-4 বার গাছে স্প্রে করতে হবে।"
spice,"onion, summer (kharif)",গ্রীষ্ম/খরিফ পেঁয়াজ,378,pest_disease,পেঁয়াজ পচা (,Bulb Rot)
spice,"onion, summer (kharif)",গ্রীষ্ম/খরিফ পেঁয়াজ,378,pest_disease,রোগের জীবাণু,স্কেলেরোসিয়াম রলফ্ছি (Sclerotium rolfsii) /ফিউজেরিয়াম (Fusarium sp.)/বটরাইটিশ (Botrytis sp.) নামকছত্রাক (মাটি বাহিত) দ্বারা এ রোগ হয়ে থাকে । স্কেলেরোসিয়াম ও ফিউজেরিয়াম দ্বারা আক্রান্তগাছের মধ্যে পার্থক্য: স্কেলেরোসিয়াম দ্বারা আক্রান্ত গাছ ফিউজেরিয়াম দ্বারা আক্রান্ত গাছ Sclerotium দ্বারা আক্রান্তগাছ হাত দিয়ে টান দিলে পেঁয়াজসহ খুব সহজেই মাটি থেকে উঠে আসে। (Fusarium oxysporum f. sp. cepae) দ্বারা আক্রান্ত গাছের পাতা হলুদ হয়ে যায় এবং টান দিলে সহজেই উঠে আসে না। আক্রান্তস্থানে সরিষার দানার মতো বাদামী রঙের গোলাকার ছত্রাক জীবাণু স্কেলেরোসিয়া দেখা যায়। আক্রান্তস্থানে সরিষার দানার মতো বাদামী রঙের গোলাকার ছত্রাক জীবাণু স্কেলেরোসিয়া দেখা যায় না। পেঁয়াজ পচা/Bulb Rot
spice,"onion, summer (kharif)",গ্রীষ্ম/খরিফ পেঁয়াজ,378,pest_disease,প্রতিকার, সুস্থ ও রোগমুক্ত বীজ ও চারা রোপণ করতে হবে।  আক্রান্তগাছ তুলে ধ্বংস করে ফেলতে হবে।  পানি নিষ্কাশনের জন্য ভাল ব্যবস্থা থাকা প্রয়োজন  রোগের লক্ষণ দেখা দিলে নোইন বা অটোস্টিন / রোভরাল প্রতি লিটার পানির সাথে 2 গ্রাম মিশিয়ে গাছের গোড়ায় 7-10 দিন পর পর 2- 3 বার প্রয়োগ করতে হবে।
spice,"onion, summer (kharif)",গ্রীষ্ম/খরিফ পেঁয়াজ,378,pest_disease,রোগের নাম: কাণ্ড ও কন্দ কৃমি,(Stem and bulb Nematode)
spice,"onion, summer (kharif)",গ্রীষ্ম/খরিফ পেঁয়াজ,378,pest_disease,রোগের জীবাণু,Ditylenchus dipsaci নামক নেমাটোডের (মাটি বাহিত) আক্রমণে পেঁয়াজের এই রোগ হয় ।
spice,"onion, summer (kharif)",গ্রীষ্ম/খরিফ পেঁয়াজ,378,pest_disease,রোগের বিস্তার,"মাটি, পানি ও কৃষি যন্ত্রপাতির মাধ্যমে ছড়ায়।"
spice,"onion, summer (kharif)",গ্রীষ্ম/খরিফ পেঁয়াজ,378,pest_disease,রোগের লক্ষণ," কচি চারার বৃদ্ধি ব্যাহত হয়, রং ফ্যাকাশে হয় এবং বীজপত্র ফুলে উঠে ।  পাতায় হালকা হলুদ-বাদামী বর্ণের স্পট দেখতে পাওয়া যায়, পাতা খাটো ও পুরুত্ব বিশিষ্ট হয় এবং কাণ্ড মোটা হয়।  আক্রান্ত পেঁয়াজের চামড়া নরম, হালকা ধূসর রঙের হয় ও পেঁয়াজের বাল্বের ওজন কম হয়।  ফলে দ্বিতীয় পর্যায়ে ছত্রাক ও ব্যাকটেরিয়ার আক্রমণ হয় ফলে নোংরা ও পচা গন্ধ পাওয়া যায়।"
spice,"onion, summer (kharif)",গ্রীষ্ম/খরিফ পেঁয়াজ,378,pest_disease,প্রতিকার, পেঁয়াজ রোপণ/বপনের পূর্বে কমপক্ষে 20-25 দিন পূর্বে বিঘা প্রতি 300-325 কেজি মুরগির বিষ্ঠা প্রয়োগ করতে হবে।  পেঁয়াজ রোপণ/বপনের পূর্বে শেষ চাষের সময় বিঘা প্রতি 4-4.5 কেজি ফুরাডান 5 জি মাটির সাথে মিশিয়ে দিতে হবে।
spice,"onion, summer (kharif)",গ্রীষ্ম/খরিফ পেঁয়াজ,378,pest_disease,রোগের জীবাণু,AsterYellows Phytoplasma এস্টার ইয়েলো রোগের প্রধান কারণ। এস্টার ইয়েলো হপার এই জীবাণু বহন করে। রোগের উপযোগী আবহাওয়া জমিতে অত্যাধিক পরিমাণে আগাছা থাকা ও সাথী বা আন্ত: ফসল হিসেবে থ্রিপস আকর্ষণীয় (Thrips attractive crop) ফসল চাষ করা।
spice,"onion, summer (kharif)",গ্রীষ্ম/খরিফ পেঁয়াজ,378,pest_disease,রোগের লক্ষণ, কন্দ ফসলে নতুন পাতার গোড়ায় হলুদ ও সবুজ স্ট্রিক দেখতে পাওয়া যাবে।  পাতাগুলো সমান্তরাল হয়ে পেঁচিয়ে থাকে।  অত্যন্ত আক্রান্ত আম্বেলগুলি ফেটে যেতে পারে।
spice,"onion, summer (kharif)",গ্রীষ্ম/খরিফ পেঁয়াজ,378,pest_disease,প্রতিকার, জীবাণুমুক্ত পেয়াজের বাল্ব ও চারা বপণ করা ও ফসলকে আগাছামুক্ত রাখা।  সাথী বা আন্তঃফসল হিসেবে কোন থ্র্প্সি আকর্ষণীয় (Thrips attractive crop) ফসল চাষ না করা ।  আক্রমণের প্রাথমিক পর্যায়ে প্রতি লিটার পানির সাথে সাকসেস/জাদিদ/ এডমায়ার/ইমিটাফ/ট্রেসার 0.5 মিলি মিশিয়ে বিকালে (5.00 টার পর) 7-10 দিন পর পর 2-3 বার স্প্রে করতে হবে।
spice,"onion, summer (kharif)",গ্রীষ্ম/খরিফ পেঁয়াজ,378,pest_disease,পেঁয়াজের গুদামজাত রোগ,"সচরাচর গুদামজাত অবস্থায় পেঁয়াজের পচন দেখা যায়। এগুলো হলো নরম পচন (Erwinia sp.) কালো পচন (Aspergillus niger), শুকনা পচন (Fusarium sp.) রোগ।"
spice,"onion, summer (kharif)",গ্রীষ্ম/খরিফ পেঁয়াজ,378,pest_disease,রোগের লক্ষণ, নরম পচা রোগ হলে পেঁয়াজ পচে খুব নরম হয় এবং পেঁয়াজ হতে দুর্গন্ধ পাওয়া যায়।  কালো পচা রোগ হলে পেঁয়াজের খোসা বা কেমড়ার উপরে কালো পাউডারের মতো স্পোস দেখতে পাওয়া যাবে।  কালো রং এর স্পোর গুলো মাঝে মাঝে ভিতরে ও দেখতে পাওয়া যায়।
spice,"onion, summer (kharif)",গ্রীষ্ম/খরিফ পেঁয়াজ,378,pest_disease,পেঁয়াজের পোকা-মাকড় ব্যবস্থাপনা,
spice,"onion, summer (kharif)",গ্রীষ্ম/খরিফ পেঁয়াজ,378,pest_disease,থ্রিপস্,"আক্রান্ত হওয়ার পর্যায়- সাধারণত কচি চারা গাছ ও চারা রোপণের 10-30 দিনের মধ্যে এই পোকা পেঁয়াজ গাছকে আক্রমণ করে। ক্ষতির ধরন- থ্রিপস্ আক্রমণে 50% পযন্ত ফসলের ক্ষতি হতে পারে। আক্রান্ত পাতায় প্রথমে দাগ পড়ে , পরবর্তীতে হালকা সাদা বর্ণ ধারণ করে গাছ ক্ষতিগ্রস্ত হয়। বীজ উৎপাদন বাধাগ্রস্থ হয় ও বীজের সজীবতা নষ্ট হয়। সাধারণত জানুয়ারি-এপ্রিল মাসে এদের আক্রমণ লক্ষ্য করা যায়।"
spice,"onion, summer (kharif)",গ্রীষ্ম/খরিফ পেঁয়াজ,378,pest_disease,দমন ব্যবস্থা, আঠালো সাদা ফাঁদ (প্রতি হেক্টরে 40টি) ব্যবহার করে পোকা নিয়ন্ত্রণ করা।  আধা ভাঙ্গা নিম বীজের (50 গ্রাম এক লিটার পানিতে 24 ঘণ্টা ভেজানোর পর মিশ্রনটি ছাঁকতে হবে) নির্যাস আক্রান্ত গাছে 10 দিন পর পর 3 বার স্প্রে করে এই পোকা নিয়ন্ত্রণ করা যায়।  আন্তঃফসল হিসাবে পেঁয়াজের সঙ্গে গাজর (রেপিলেন্ট ক্রপ) চাষ করে।  আক্রমণ বেশি হলে ফিপ্রোনিল (রিজেন্ট/এসেন্ড/গুলি/অন্য নামের) বা ডাইমেথয়েট (বিস্টারথোয়েট/টাফগর/অন্য নামে) 10 লিটার পানিতে 10 মিলি হারে বা সাকসেস 10 লিটার পানিতে 12 মিলি হারে স্প্রে করে এদের নিয়ন্ত্রণ করা যায়।  চারা রোপণের 10-30 দিনের মধ্যে তিন বার 10 দিন অন্তর অন্তর এই পোকা দমনের জন্য প্রতি 10 লিটার পানিতে 5 মিলি এ্যাডমায়ার/টিডো/গেইন ঔষধ প্রতি 5 শতক জমিতে স্প্রে করতে হয়।
spice,"onion, summer (kharif)",গ্রীষ্ম/খরিফ পেঁয়াজ,378,pest_disease,এফিড বা জাব পোকা," আক্রান্ত হওয়ার পর্যায়- পেঁয়াজ গাছের কচি ও বয়স্ক পাতায় আক্রমণ করে।  ক্ষতির ধরন- জাব পোকা দলবদ্ধভাবে পেঁয়াজ পাতার রস চুষে খায়, ফলে গাছ দুর্বল ও হলুদাভ হয়ে যায়। জাব পোকার মলদার দিয়ে যে তরল পদার্থ বের হয় তাকে হানি ডিউ বলে যা পাতায় আটকে গেলে সুটি মোল্ড নামক কালো ছত্রাক জন্মায়। ফলে গাছের সবুজ অংশে সালোকসংশ্লেষণ ক্রিয়া বিঘ্নিত হয়।"
spice,"onion, summer (kharif)",গ্রীষ্ম/খরিফ পেঁয়াজ,378,pest_disease,দমন ব্যবস্থা, আঠালো হলুদ ফাঁদ (প্রতি হেক্টরে 40টি) ব্যবহার করে।  আধা ভাঙ্গা নিম বীজের (50 গ্রাম এক লিটার পানিতে 24 ঘণ্টা ভেজানোর পর মিশ্রণটি ছাঁকতে হবে) নির্যাস আক্রান্তগাছে 10 দিন পর পর 3 বার স্প্রে করে এই পোকা নিয়ন্ত্রণ করা যায়।  বন্ধু পোকাসমূহ (লেডীবার্ড বিটলের পূর্ণাঙ্গ ও কীড়া এবং সিরফিড ফ্লাই) প্রকৃতিতে লালন।  আক্রমণ বেশি হলে স্বল্পমেয়াদী বিষক্রিয়ার ম্যালাথিয়ন 57 ইসি (ফাইফানন/সাইফানন/অন্য নামের) 10 মিলি অথবা কুইনালফস 25 ইসি (করলার/একালার/কিনালার/অন্য নামের) বা ডাইমেথয়েট (বিস্টারথোয়েট/টাফগর/ অন্য নামে) বা কেরাতে 10 লিটার পানিতে 10 মিলি হারে বা সাকসেস 10 লিটার পানিতে 12 মিলি হারে স্প্রে করে এদের নিয়ন্ত্রণ করা যায়।
spice,"onion, summer (kharif)",গ্রীষ্ম/খরিফ পেঁয়াজ,378,pest_disease,আম্বেল ছিদ্রকারী পোকা, আক্রান্ত হওয়ার পর্যায়- সাধারণত পেঁয়াজের ফুল ফোটার সময়।  ক্ষতির ধরন- পেঁয়াজের ফুল ফোটার সময় এরা আম্বেল-এর উপরের অংশে আক্রমণ করে ও ছিদ্র করে ভিতরে প্রবেশ করে এবং আম্বেল-এর ভিতরের অংশ খেতে থাকে। ছিদ্র করার কারণে পেঁয়াজের ফুল নেতিয়ে পড়ে এবং পরবর্তীতে শুকিয়ে যায়।
spice,"onion, summer (kharif)",গ্রীষ্ম/খরিফ পেঁয়াজ,378,pest_disease,দমন ব্যবস্থা," শস্য পর্যায় অবলম্বন করতে হবে।  পোকার দৃশ্যমান বড় কীড়াগুলোকে হাত বাছায় এর মাধ্যমে সংগ্রহ করে ধ্বংস করতে হবে।  জমিতে পোকা খাদক পাখি যেমন শালিক, ফিঙ্গে এসবের বসার সুবিধার জন্য ডালপালা পুতে দিতে হবে । এ পাখি কীড়াগুলোকে খেয়ে পোকার সংখ্যা করাতে সাহায্য করে।  গাছে ফুল আসতে শুরু করলে আম্বেল ছেদক পোকার ডিম ধ্বংসকারী পরজীবী বা কীড়া ধ্বংসকারী পরজীবী ক্ষেতের মধ্যে পর্যায়ক্রমিকভাবে ছেড়ে পোকার সংখ্যা নিয়ন্ত্রণে রাখা যেতে পারে।  পেঁয়াজের সাথে বিভিন্ন ফসল যেমন- ধনিয়া, তিসি, সরিষা, কুসুমফুল আন্তঃফসল হিসাবে চাষ করলে আম্বেল ছেদক পোকার আক্রমণ উল্লেখযোগ্যভাবে করে যায়।  আক্রমণ তীব্র হলে কুইনালফস 25 ইসি (দেবীকুইন/কিনালার/করলার) প্রতি 10 লিটার পানিতে 10 মিলি হারে মিশিয়ে স্প্রে করা যেতে পারে বা সাকসেস 10 লিটার পানিতে 12 মিলি হারে স্প্রে করে এদের নিয়ন্ত্রণ করা যায়।"
spice,leaf onion,পাতা পেঁয়াজ,388,other,পাতা পেঁয়াজ,বিশ্বে শুধুমাত্র পাতা ব্যবহারের জন্য অনেক প্রজাতির পেঁয়াজের গাছ চাষ করা হয়ে থাকে। তবে বাংলাদেশে পাতা খাওয়ার জন্য Japanese bunching onion (Allium fistulosum) নামের প্রজাতিটি চাষ করা হয়ে থাকে। বিভিন্ন খাদ্য দ্রব্যকে রুচিকর সুগন্ধপূর্ণ করার মাধ্যমে প্রাণবন্ত করে তোলার জন্য পাতা পেঁয়াজ খাদ্যাদিতে মেশানো হয়। বিভিন্ন প্রকার সুপের স্বাদ বাড়ানোর জন্য ও সালাদ তৈরি করতে এটা ব্যবহৃত হয়ে থাকে। মূলছাড়া গাছের সমস্ত অংশ (Tops and long leaf base) সালাদ বা সবজির সাথে খাওয়া হয়।
spice,leaf onion,পাতা পেঁয়াজ,388,other,বারি পাতা পেঁয়াজ-1,"বাংলাদেশ কৃষি গবেষণা ইনস্টিটিউটের মসলা গবেষণা কেন্দ্র থেকে উদ্ভাবিত ‘বারি পাতা পেঁয়াজ-1’ জাতীয় বীজ বোর্ড কর্তৃক 2013 সালে অনুমোদিত হয়েছে। এ জাতটির একটি গাছ থেকে অনেকগুলি কুশি (Tiller) উৎপাদন হয়ে থাকে। সাধারণ পেঁয়াজের মত বাল্ব হয় না। বাল্বের স্থানে balanced predostem উৎপন্ন হয়। এর গাছের উচ্চতা 43-60 সেমি, প্রতিটি গাছ 6-8টি কুশি উৎপাদন করে যার প্রতিটিতে 10-12টি আকর্ষণীয় গাঢ় সবুজ রঙের পাতা থাকে। পাতা ব্যাস 1.6-1.8 সেমি হয়ে থাকে। এ জাতটি একবার রোপণ করে নভেম্বর পর্যন্ত 3-4 বার পাতা সংগ্রহ করা যায়। বারি পাতা পেঁয়াজ-1 এর হেক্টরপ্রতি পাতার ফলন 14-15 টন এবং বীজের ফলন 800-1,000 কেজি। এদেশের আবহাওয়ায় ভালভাবে খাপ খাওয়ানো এ জাতটিতে রোগবালাই ও পোকামাকড়ের উপদ্রব নাই।"
spice,leaf onion,পাতা পেঁয়াজ,388,soil_climate,আবহাওয়া ও মাটি,পাতা পেঁয়াজ ঠাণ্ডা ও গরম উভয় তাপমাত্রায় জন্মাতে পারে। তবে ঠাণ্ডা থেকে মধ্যম তাপমাত্রা বিরাজমান দেশেই বেশি ভাল হয়ে থাকে। পাতা পেঁয়াজ সকল ধরনের মাটিতে জন্মে থাকে তবে বেলে-দোআঁশ ও পলি-দোআঁশ মাটিতে ভাল ফলন দিয়ে থাকে। মাটির pH 5.8-6.5 থাকা ভাল। মাটিতে প্রচুর পরিমাণে জৈব পদার্থ থাকা ভাল। পানি নিষ্কাশনের ব্যবস্থা থাকা বাঞ্চনীয়।
spice,leaf onion,পাতা পেঁয়াজ,388,sowing_method,বংশ বিস্তার,বীজ বা কুশি (tiller) এর মাধ্যমে বংশ বিস্তার হয়। তবে বীজের মাধ্যমেই বেশি হয়ে থাকে। প্রতি হেক্টর জমির জন্য 5-6 কেজি বীজের প্রয়োজন।
spice,leaf onion,পাতা পেঁয়াজ,388,harvest,বীজ বপন ও চারা উত্তোলন,জানুয়ারি থেকে মার্চ মাসে বীজতলায় বীজ বপন করা হয়। বীজ 24 ঘণ্টা পানিতে ভিজিয়ে পরে 12 ঘণ্টা শুকনা কাপড়ে বেধে রেখে দিলে বীজের অঙ্কুর বাহির হয়। বীজতলায় পচা গোবর সার দিয়ে ঝুরঝুরে করে তৈরি করা হয়। বিভিন্ন ধরনের পোকা ও কৃমি দমনের জন্য বীজতলায় ফুরাডান ব্যবহার করাই ভাল। পরে বীজতলায় বীজ বপন করে হাত দিয়ে বীজতলায় চাপ দিতে হয়। বীজতলায় আগাছা নিড়ানো সহ অন্যান্য পরিচর্যা করা হয়। চারা উত্তোলন করতে 45-50 দিন সময় লাগে।
spice,leaf onion,পাতা পেঁয়াজ,388,sowing_method,জমি তৈরি ও চারা রোপণ,জমিতে 3-4টি চাষ মই দিয়ে আগাছা পরিষ্কার করতে হয়। চাষের আগে প্রয়োজনীয় পরিমাণ পচা গোবর সার দিতে হয়। চারা 15 × 10 সেমি দূরত্ব বজায় রেখে রোপণ করা হয়। চারা একটু গভীরে লাগানো ভাল। মাঝে মাঝে পেঁয়াজের গোড়ার মাটি তুলে দিতে হয়।
spice,leaf onion,পাতা পেঁয়াজ,388,fertilizer,সার প্রয়োগ,"পাতা পেঁয়াজের জীবনকাল দীর্ঘ (150-165) দিন। সেজন্য সারের প্রয়োজন অনেক বেশি। হেক্টরপ্রতি সারের পরিমাণ ও প্রয়োগ পদ্ধতি: সার মাট পরিমাণ শেষ চাষে পরবর্তী পরিচর্যা হিসেবে প্রয়োগ 1ম 2য় কিস্তি 3য় কিস্তি গোবর 10 টন সব - - - টিএসপি 275 কেজি সব - - - এমওপি 150 কেজি 50 কেজি 34 কেজি 33 কেজি 33 কেজি ইউরিয়া 250 কেজি 70 কেজি 60 কেজি 60 কেজি 60 কেজি জিপসাম 110 কেজি সব - - - জিংক সালফেট 3 কেজি সব - - - বরিক এসিড 5 কেজি সব - - - জমিতে শেষ চাষের পূর্বে সম্পূর্ণ গোবর, টিএসপি, জিপসাম, জিংক সালফেট ও বরিক এসিড ছিটিয়ে মাটির সাথে ভালভাবে মিশিয়ে দিতে হবে। এরপর ইউরিয়া ও এমওপি সার যথাক্রমে শেষ চাষে, প্রথম কিস্তি গাছের বয়স 25-30 দিন, 2য় কিস্তির গাছের বয়স 50-55 দিন এবং 3য় কিস্তি গাছের বয়স 70-75 দিন হলে উপরের ছকে উল্লেখিত পরিমাণমতো সার প্রয়োগ করতে হবে।"
spice,leaf onion,পাতা পেঁয়াজ,388,irrigation,আগাছা নিড়ানো ও পানি সেচ,আগাছা দেখা দিলে নিড়ানী দিয়ে আগাছা পরিষ্কার করতে হবে এবং গাছের গোড়ায় মাটি তুলে দিতে হবে। আগাছা নিড়ানো ও গোড়ায় মাটি দেওয়া 3-4 বার প্রয়োজন হতে পারে। সার প্রয়োগের পরপর বা অন্য কোন সময় পানি দরকার হলে জমিতে সেচ দিতে হবে। জমিতে অতিরিক্ত পানি জমতে দেওয়া যাবে না।
spice,leaf onion,পাতা পেঁয়াজ,388,pest_disease,রোগ বালাই দমন,"পাতা পেঁয়াজ পার্পল ব্লচ ও অন্যান্য ব্লাইট রোগের প্রতিরোধী। তবে কোন রোগ দেখা দিলে রিডোমিল গোল্ড/ডায়থেন এম-45/রোভরাল এর যে কোন একটি বা একাধিক প্রতি লিটার পানিতে 2 গ্রাম হারে মিশিয়ে 2-3 বার 15 দিন পরপর স্প্রে করা যেতে পারে। থ্রিপ্স পোকার আক্রমণ দেখা দিতে পারে। আগাছা পরিষ্কার, আবর্জনা আগুনে পোড়া, শস্য আবর্তন করা উত্তম। পোকা দমনের জন্য সর্বশেষে ম্যালাথিয়ন প্রয়োগ করা যেতে পারে।"
spice,leaf onion,পাতা পেঁয়াজ,388,harvest,ফসল সংগ্রহ ও ফলন,পাতা পেঁয়াজ সংগ্রহকালীন সময় মাটির উপরের সম্পূর্ণ অংশ সবুজ ও সতেজ থাকতে হবে। বাজারজাত করার জন্য হাত দিয়ে সমস্ত গাছটি টেনে তুলতে হয়। তুলে মূল কেটে পানিতে ধুয়ে পরিষ্কার করা হয়। 20-25 দিন পরপর মাটির উপরের অংশ কেটে খাওয়া যায়। পাতা পেঁয়াজ সংগ্রহের সাথে সাথেই বাজার জাত করা উচিত। ছোট ছোট আটি বেধে বাজারে বিক্রয় করা যায়। মূল ব্যতীত সমস্ত গাছের ওজন হেক্টরপ্রতি 20-25 টন যার মধ্যে খাদ্যোপযোগী পাতা 10-12 টন থাকে।
spice,leaf onion,পাতা পেঁয়াজ,388,other,বীজ উৎপাদন ও সংরক্ষণ,"বীজ যখনই বপন করা হউক না কেন ডিসেম্বর মাসে পাতা পেঁয়াজের ফুল আসে। ফুল আসার সময় হেক্টর প্রতি অতিরিক্ত 100 কেজি করে ইউরিয়া এবং পটাস সার প্রয়োগ করতে হবে। সাধারণত জুন-জুলাই মাসে বীজ মাড়াই করা যায়। সকল আম্বেলের বীজ একসাথে পরিপক্ক হয় না। তাই কয়েক দিন পরপর পরিপক্ক আম্বেল সংগ্রহ করা হয়। একটি আম্বেলের মধ্যে শতকরা 15-20টি ফল ফেটে কালো বীজ দেখা গেলে আম্বেলটি কেটে বা ভেঙ্গে সংগ্রহ করতে হবে। এভাবে মাঠে ঘুরে ঘুরে আম্বেল সংগ্রহ করতে হবে। মাঠে সমস্ত আম্বেল সংগ্রহ করতে 3-4 দিন লাগতে পারে। বীজ আম্বেল সংগ্রহ করার পর রোদে শুকিয়ে হালকা লাঠি দ্বারা পিটিয়ে বীজ বাহির করতে হবে। পরে বীজ রোদে ভালভাবে শুকিয়ে ছিদ্রবিহীন পলিথিন বা টিনের পাত্রে সংরক্ষণ করতে হবে। হেক্টরপ্রতি 1,000-1,200 কেজি বীজ উৎপাদন হয়ে থাকে।"
spice,Welsh (bunching) onion,নেগি অনিয়ন,391,soil_climate,মাটি ও আবহাওয়া,বারি নেগি অনিয়ন-1 বিস্তৃত জলবায়ু এবং পরিবেশগত পরিস্থিতির সাথে ভালভাবে অভিযোজিত। তাই এ প্রজাতিটি নাতিশীতোষ্ণ অঞ্চল এবং উষ্ণ/অব-উষ্ণ অঞ্চলে জন্মাতে পারে। রৌদ্রোজ্জ্বল জায়গায় ভাল নিস্কাশনযুক্ত এটেল-দোআঁশ থেকে বেলে-দোআঁশ এবং 5.7-7.5 pH মাটিতে এ ফসল সুন্দরভাবে জন্মে থাকে। তবে গাছের বৃদ্ধির জন্য 15-22°C তাপমাত্রা উত্তম। এ প্রজাতিটি জলাবদ্ধতা সহ্য করতে পারে না।
spice,Welsh (bunching) onion,নেগি অনিয়ন,391,land_preparation,জমি তৈরী,"কমপক্ষে 25-30 সেমি গভীর পর্যন্ত জমিতে 3-4 টি চাষ ও মই দিয়ে ঢেলা ভেঙ্গে ঝুরঝুরে করে প্রস্তুত করা হয়। শিকড়ে নেমাটোডের আক্রমণ থেকে রক্ষার জন্য মূল জমি তৈরীর সময় প্রতি বিঘা জমিতে 4 কেজি (9 গ্রাম/3 বর্গ মিটার, 30 কেজি/হেক্টর) রাগবী 5 জি প্রয়োগ করতে হবে। আগাছাসহ অন্যান্য আবর্জনা ভালভাবে পরিস্কার করতে হবে। পরে জমিতে 1 মিটার চওড়া এবং 3 মিটার দৈর্ঘ্য (আদর্শ বেডের পরিমাপ) অথবা সুবিধামত দৈর্ঘ্য নির্ধারণ করে অনেকগুলো উঁচু বেড তৈরী করতে হবে। একটি বেড থেকে অন্য বেডের মাঝখানে কমপক্ষে 50 সেমি নালার ব্যবস্থা করতে হবে, যাতে পানি নিস্কাশন ও অন্যান্য আন্ত:পরিচর্যার কার্যক্রম সহজ হয়। নালার মাটি বেডের উপর দিতে হবে যাতে বেড উঁচু হয়। প্রয়োজন মত জৈব ও রাসায়নিক সার প্রয়োগ করতে হবে। তাছাড়া ছাদ বাগান, বিভিন্ন পাত্র (Containers), বসতভিটাসহ বিভিন্ন পতিত জায়গায় চাষ করা যায়। বারি নেগি অনিয়ন-1 জলাবদ্ধতা সহ্য করতে পারে না বিধায় বর্ষা মৌসুমে উপরোল্লেখিত জায়গাসহ নিস্কাশন যোগ্য যে কোন উচুঁ স্থানে উৎপাদনের জন্য উপযোগী।"
spice,Welsh (bunching) onion,নেগি অনিয়ন,391,sowing_method,বীজ বপন,"বারি নেগি অনিয়ন-1 বাংলাদেশে সারাবছর চাষযোগ্য, তাই যে কোনো মাসে এর বীজ বপন করা যায়। তবে মধ্য জুলাই (শ্রাবণের প্রথম) মাস থেকে বীজ বপন শুরু করলে এর ফলন বেশি হয়। রোপণ দূরত্ব 20 সেমি × 20 সেমি বজায় রেখে নেগি অনিয়ন উৎপাদন করলে প্রতি বিঘা জমিতে 400-535 গ্রাম (1 গ্রাম/3 বর্গ মিটার, 3-4 কেজি/হেক্টর) বীজের প্রয়োজন হয়। বপনের পূর্বে বীজ প্রোভ্যাক্স 200 ডব্লিউপি বা অটোস্টিন 50 ডব্লিউডিজি ছত্রাকনাশকের (প্রতি কেজি বীজের জন্য 2.5 গ্রাম ছত্রাকনাশক) মাধ্যমে শোধন করা ভাল।"
spice,Welsh (bunching) onion,নেগি অনিয়ন,391,sowing_method,চারা রোপণ,"বীজ বপনের 35-40 দিন পর চারা উত্তোলন করে মূল জমিতে রোপণ করা হয়। নেগি অনিয়নের উচ্চতা বেশি হওয়ায় প্রস্ততকৃত জমিতে তুলনামূলকভাবে মাটির গভীরে চারা রোপণ করা হয়ে থাকে। সারি থেকে সারির দূরত্ব 20 সেমি বজায় রেখে প্রতি সারিতে 20 সেমি পরপর চারা রোপণ করা হয়। প্রতি 3 বর্গ মিটার বেডের জন্য 75 টি চারার প্রয়োজন হয়। রোপণের পূর্বে চারার গোড়া রোভরাল 50 ডব্লিউপি দ্রবনে (2 গ্রাম/লিটার পানি) শোধন করতে হবে। চারার উচ্চতা বেশি হলে ডগা থেকে কিছু অংশ কেঁটে দেওয়া উচিৎ, তাতে চারা সহজেই মাঠে প্রতিষ্ঠিত হবে।"
spice,Welsh (bunching) onion,নেগি অনিয়ন,391,fertilizer,সার ব্যবস্থাপনা,"বারি নেগি অনিয়ন-1 এ কন্দ হয় না, তাই এ ফসলের জমিতে ফসফরাস সার কম প্রয়োজন। স্উিডোস্টেম ও পাতার বৃদ্ধির জন্য নাইট্রোজেন সার তুলনামূলক বেশি দরকার হয়। জমির অবস্থা বুঝে সারের মাত্রা কম-বেশী হয়ে থাকে। এ ফসলের জমিতে বিঘা প্রতি 400-650 কেজি পচা গোবর সার, 30-33 কেজি ইউরিয়া, 16-20 কেজি টিএসপি, 20-23 কেজি এমওপি, 16-20 কেজি জিপসাম প্রয়োগ করতে হয়। সম্পূর্ণ গোবর, টিএসপি, এমওপি, জিপসাম এবং এক চতুর্থাংশ ইউরিয়া জমি তৈরীর সময় দিতে হবে। বাকি ইউরিয়া উৎপাদন মৌসুমে তিন কিস্তিতে সমান ভাবে চারা রোপণের 25-30, 50-60 এবং 80-90 দিন পর প্রয়োগ করতে হয়।"
spice,Welsh (bunching) onion,নেগি অনিয়ন,391,pest_disease,রোগবালাই ব্যবস্থাপনা,"বারি নেগি অনিয়ন-1 এ সাধারণত পার্পল ব্লচ রোগ (Purple blotch, C. O. Alternaria porri) হয় না, তবে মাঝে মাঝে পাতার অগ্রভাগে স্টেমফাইলিয়াম ব্লাইট রোগ (Stemphylium blight, C. O. Stemphylium spp.) দেখা দিতে পারে। এ রোগের কারণে পাতার অগ্রভাগ কালো বর্ণ ধারণ করে। অধিক তাপমাত্রা ও আর্দ্র আবহাওয়ায় এ রোগ হয়ে থাকে। সাধারণত আক্রান্ত গাছ, বায়ু ও গাছের পরিত্যক্ত অংশের মাধ্যমে এ রোগ বিস্তার লাভ করে। এ রোগ দমনের জন্য ছত্রাকনাশক অটোস্টিন 50 ডবিলউপি বা প্রোভ্যাক্স 200 ডব্লিউপি (প্রতি কেজি বীজের জন্য 2.5 গ্রাম ছত্রাকনাশক) দ্বারা শোধন করে বীজ বপন করতে হবে। জমিতে এ রোগ দেখা দিলে ছত্রাকনাশ রোভরাল 50 ডব্লিউপি (2 গ্রাম/লিটার পানি), এমিস্টার টপ 325 এসসি (1 মিলি/লিটরি পানি), লুনা সেনসেশন (1 মিলি/লিটার পানি) 10 দিন পরপর পর্যায়ক্রমে স্প্রে করতে হবে। বারি নেগি অনিয়ন-1 এ কোনো থ্রিপসের আক্রমণ হয় না। তবে কখনও কখনও কাটুই পোকার (Spodoptera litura) আক্রমণ দেখা যেতে পারে, যা সহজেই নিয়ন্ত্রণযোগ্য। লার্ভা নেগি অনিয়নের পাতা ছিদ্র করে এবং পাতা খেয়ে থাকে। আক্রান্ত পাতার ভিতর লার্ভার মল দেখা যায়। লার্ভা দমনের জন্য নেগি অনিয়নের জমিতে কীটনাশক এবামেকটিন বেনজয়েট (প্রোক্লেম/বেল্ট) স্প্রে (1 মিলি/লিটার পানি) করতে হবে। পূর্ণবয়স্ক পোকা দমনের জন্য বিঘা প্রতি 5 টি ফেরোমন ফাঁদ (Spodo-Lure) ব্যবহার করতে হবে।"
spice,Welsh (bunching) onion,নেগি অনিয়ন,391,other,অন্যান্য আন্ত:পরিচয,র্া বারি নেগি অনিয়ন-1 এ সময়মত আগাছা নিড়াতে হবে ও পানি সেচ দিতে হবে। গাছের উচ্চতা বেশি হওয়ার কারণে রোপণের এক মাস পর থেকে মাঝে মাঝে গাছের গোড়ায় মাটি তুলে দিতে হবে।
spice,Welsh (bunching) onion,নেগি অনিয়ন,391,harvest,সংগ্রহ ও ফলন,"বীজ বপন সময়ের উপর বারি নেগি অনিয়ন-1 এর জীবনকাল নির্ভর করে। জুলাই (শ্রাবণের প্রথম) মাসে বীজ বপন করলে এ ফসলের জীবনকাল 260-270 দিন (বীজ হতে বীজ সংগ্রহ) হয়। এ মাসে বীজ বপন করলে 100-180 দিনের মধ্যে যে কোনো সময়ই সিউডোস্টেম সংগ্রহ করা যায়। এ সময় সিউডোস্টেমের গঠন নরম ও রসালো (Succulent) হয়। ডিসেম্বর-জানুয়ারী মাসে গাছে ফুল ধরা শুরু হলে সিউডোস্টেম তুলনামূলকভাবে কিছুটা শক্ত হয়ে। হাত দিয়ে সম্পূর্ণ গাছটি সংগ্রহের পর এর থেকে মূল এবং পুরাতন পাতাসহ পাতার শিথ (পত্রফলকের নিচের অংশ) ফেলে দিয়ে 2-3 টি নেগি অনিয়ন (সিউডোস্টেমসহ পাতা) লম্বা পলিথিন মোড়কের মধ্যে ঢুকিয়ে বাজারজাত করলে নেগি অনিয়ন তাজা থাকে। বারি নেগি অনিয়ন-1 (পাতাসহ সিউডোস্টেম) এর ফলন বিঘা প্রতি 2.5-3.3 মে. টন (20-25 মে. টন/হেক্টর)। নেগি অনিয়ন পলিথেিনর ভিতরে ঢুকিয়ে এক মাস পর্যন্ত রেফ্রিজারেটরে সংরক্ষণ করা যায়। বীজের ফলন হেক্টর প্রতি 150-170 কেজি। বীজের ফলন রোপণ দূরত্ব, প্রতি গোছায় ফুল দণ্ডের সংখ্যা এবং অন্যান্য পরিচর্যার উপর ভিত্তি করে কম-বেশি হতে পারে। বারি নেগি অনিয়ন-1 এর 1000 টি বীজের ওজন 2.00-2.50 গ্রাম।"
spice,chilli,মরিচ,395,soil_climate,মাটি ও আবহাওয়া,মরিচ উষ্ণ ও আর্দ্র আবহাওয়ায় ভাল জন্মে। সাধারণত 200 C- 250 C তাপমাত্রা মরিচ চাষের জন্য উপযোগী। সর্বনিম্ন 100 C এবং সর্বোচ্চ 350 C তাপমাত্রা মরিচের গাছের বৃদ্ধিতে বিভিন্ন ধরণের সমস্যা দেখা যায়। অতিরিক্ত বৃষ্টিপাত হলে মরিচ গাছের পাতা ঝরে যায় এবং গাছ পচে যায়। পানি নিষ্কাশনের সুবিধাযুক্ত বেলে-দোআঁশ থেকে এঁটেল-দোআঁশ মাটিতে মরিচ চাষ করা যায়। তবে জৈব পদার্থ সমৃদ্ধ দোঁ-আঁশ বা পলি দো-আঁশ মাটি চাষাবাদের জন্য উত্তম। মাটি অতিরিক্ত ভেজা থাকলে ফুল ও ফল ঝরে পরে। মাটির pH 6-7 হলে মরিচের ফলন ভাল হয়।
spice,chilli,মরিচ,395,land_preparation,জমি তৈরী,শীতকালীন মরিচের জন্য প্রথমে জমিকে চারিদিক দিয়ে আইলের অতিরিক্ত অংশ কেটে নিতে হবে । তারপর 4-6টি এবং ট্রাক্টর গভীর চাষ দিতে হবে। জমিতে শেষ চাষের আগে একবার মই দিয়ে সমান করে আগাছা বেছে ফেলে দিতে হবে। মাটির ঢেলা ভেঙ্গে মাটি ঝুরঝুর ও সমতল করে নিতে হবে। জমি তৈরীতে শেষ চাষের আগে জৈব এবং রাসায়নিক সার প্রয়োগ করতে হবে। এরপর বেড তৈরী করতে হবে। বেড চওড়ায় 1 মিটার হলে ভাল হয়। তবে দৈর্ঘয জমির আকার অনুসারে হলে ভাল হয়। বেডের উচ্চতা 10-15 সে. মি. হতে হয়। পাশাপাশি দুটো বেডের মাঝখানে 50সে. মি. প্রশস্ত এবং 10 সে. মি. গভীরতা বিশিষ্ট নালা পানি সেচ ও নিস্কাশনের সুবিধার্থে রাখতে হয়।
spice,chilli,মরিচ,395,soil_climate,মাটির অম্লিয়তা দূর করা,pH মান 5.8-6.5 এর চাইতে কম হলে মাটি বেশী অম্য়ি হয়ে যায় ফলে মরিচের ফলন কমে যাবে। এক্ষেত্রে প্রতি শতাংশ জমিতে 1-2 কেজি হারে চুন মিশিয়ে মাটির অম্য়িতা দূর করতে হবে।
spice,chilli,মরিচ,395,sowing_method,বীজহার ও রোপণ পদ্ধতি,মরিচ সাধারণত দুই পদ্ধতিতে চাষ করা যায়। যথা: 1.সরাসরি বীজ বপন 2. বীজ হতে চারা তৈরী করে। বীজ তলায় চারা তৈরী করলে 1-1.5 কেজি/হেক্টর (247 শতক) বীজের প্রয়োজন হয়। আবার সরাসরি ছিটিয়ে মরিচ চাষাবাদ করলে হেক্টর প্রতি (247 শতক) 5-6 কেজি বীজের প্রয়োজন হয়। চারা রোপণের ক্ষেত্রে মরিচের চারা 50 × 50 সেমি দূরত্ব বজায় রেখে রোপণ করা হয়। চারা একটু গভীরে লাগানো ভাল।
spice,chilli,মরিচ,395,other,মরিচের বীজ শোধন,বীজ তলায় বীজ বপনের আগে মরিচের বীজকে শোধন করে নিতে হবে এতে করে চারা অবস্থায় রোগ-বালাই কম হবে।  প্রোভেক্স জাতীয় ছত্রাকনাশক দিয়ে বীজ শোধন করা যায়। প্রতি লিটার পানিতে 2.5 গ্রাম প্রভেক্র-200 দ্বারা বীজ শোধন করতে হবে  বীজ বপনের পূর্বে মরিচ বীজ উপরে উল্লেখিত ছত্রাক নাশক দ্বারা 30 (ত্রিশ) মিনিট ভিজিয়ে রেখে ছায়াযুক্ত স্থানে 10-15 মিনিট শুকাতে হবে  বীজশোধনের কাজে ব্যবহৃত দ্রব্যাদি ও শোধিত বীজ ব্যবহারে সাবধাণতা অবলম্বন করতে হবে।  বীজ শোধনের ফলে বীজ বাহিত রোগ সংক্রমণ থেকে প্রতিরোধ করা সম্ভব হবে।
spice,chilli,মরিচ,395,sowing_method,বীজ বপন পদ্ধতি,জমিতে বীজ বপনের আগে 12 ঘণ্টা পনিতে ভিজিয়ে রেখে; পানি থেকে উঠিয়ে হালকা ছায়াতে 2 গ্রাম/কেজি হারে প্রভেক্স মিশিয়ে শুকিয়ে ঝরঝরা করে মূল জমিতে ছিটিয়ে দিতে হবে। মনে রাখা দরকার বীজ কোন ক্রমেই 1-1.5 সেমি মাটির গভীরে যেন না যায়। বপনের সময় জমিতে পর্যপ্ত পরিমাণ আর্দ্রতা বজায় রাখতে হবে। প্রয়োজনে বীজ বপনের 2-3 দিন পর হালকা করে সেচ দিতে হবে এতে বীজ তাড়াতাড়ি গজাবে।
spice,chilli,মরিচ,395,fertilizer,সার ব্যবস্থপনা ও প্রয়োগ পদ্ধতি,"নিম্নোক্ত হারে জমিতে সার প্রয়োগ করতে হবে। ভাল ফলন পেতে হলে মরিচের হেক্টর প্রতি নিম্নলিখিত মাত্রায় সার প্রয়োগ করতে হবে। চারা রোপণের 25, 50 এবং 75 দিন পর পর্যায়ক্রমে 1ম, 2য় ও 3য় কিস্তিতে হেক্টও প্রতি সার নিম্নোক্ত পরিমাণে গাছের গোড়া থেকে 10-15 সেন্টিমিটার দূরে ছিটিয়ে ভিটির মাটিতে মিশিয়ে দিতে হবে। শেষ চাষের সময় সম্পূর্ণ গোবর বা কম্পোষ্ট, টিএসপি, জিপসাম, জিংক সালফেট, বোরন এক চতুর্থাংশ ইউরিয়া এবং অর্ধেক এমওপি প্রয়োগ করতে হবে। বাকী এমওপি এবং ইউরিয়া সার তিন কিস্তিতে বীজ গজানোর/ চারা রোপনের 25, 50 এবং 75 দিন পর জমিতে প্রয়োগ করতে হবে। সাাধারনত সকাল বেলা কিংবা বিকাল বেলা জমিতে সার প্রয়োগ করতে হয়। প্রতি কিস্তি সার জমিতে সেচ দেওয়ার পর পানি বের করে দিয়ে অর্থাৎ জমিতে সেচ দেওয়ার পর যখন কোন পানি জমিতে জমে না থাকে সে সময় সার প্রয়োগ করতে হবে। কারন সেচের পর জমিতে সার প্রয়োগ করলে সার তাড়াতাড়ি মাটির সাথে মিশে যায়। এভাবে সার প্রয়োগ করলে সারের অপচয় কম হয়।"
spice,chilli,মরিচ,395,intercultural,নিড়ানী,জমিতে আগাছার পরিমানের উপর নির্ভর করে নিড়ানী দিতে হবে। যদি আগাছা বেশী থাকে তাহলে নিড়ানী বেশী দিতে হবে। অর্থাৎ জমিতে কোনক্রমেই আগাছা রাখা যাবেনা।
spice,chilli,মরিচ,395,other,পাতলাকরণ,বুনা মরিচের ক্ষেত্রে মরিচ গজানোর 20-25 দিন পর 2-3 ধাপে পাতলা করতে হবে। সরাসরি ছিটিয়ে বপন করলে 15-20 সে.মি. পরপর গাছ রেখে পাতলা করতে হবে। প্রতি মিটার এ 35-40 টি গাছ রেখে পাতলা করতে হবে।
spice,chilli,মরিচ,395,irrigation,সেচ,মাটিতে অতিরিক্ত আর্দ্রতা মরিচ সহ্য করতে পারেনা আবার বেশী সেচ প্রয়োগ করলে গাছ লম্বা হয় ও ফুল ঝড়ে যায়। জমির আর্দ্রতার উপর নির্ভর করে 4/5টি সেচ দিতে হবে। ফুল আসার সময় এবং ফল বড় হওয়ার সময় জমিতে পরিমানমত আর্দ্রতা রাখতে হবে।
spice,chilli,মরিচ,395,intercultural,মালচিং,সেচের পর মাটিতে চটা বাঁধলে নিড়ানি দিয়ে ভেঙ্গে দিতে হবে তাতে শিকড় প্রয়োজনীয় বাতাস পায় এবং গাছের বৃদ্ধি তরান্বিত হয়।
spice,chilli,মরিচ,395,harvest,ফসল সংগ্রহ,"মরিচের ফুল ফোটা, ফল ধরা ও রং ধারণ তাপমাত্রা, মাটির উর্বরতা এবং ভালো জাতের উপর নির্ভর করে। উষ্ণ তাপমাত্রায় ফল তাড়াতাড়ি পাকে এবং ঠান্ডা তাপমাত্রায় ফল দেরিতে পাকে। মরিচ বীজ বপনের 60-65 দিন পর ফুল আসা শুরু করে। ফুল ধরার 15-20 দিন পর ফল ধরা শুরু করে। ফল আসার 20-25 দিন পর ফল পাকতে শুরু করে। চারা লাগানোর ক্ষেত্রে, চারা লাগানোর 35-40 দিন পর গাছে ফুল ধরতে শুরু করে, 55-60 দিনের মধ্যে ফল ধরে এবং 75 থেকে 90 দিনের মধ্যে ফল পাকতে আরম্ভ করে। কাঁচা অথবা পাকা অবস্থায় মরিচ তোলা হয়। মরিচ বীজের জন্য গাছের মাঝামাঝি অংশ থেকে অথাৎ দ্বিতীয় জোয়ারের মরিচ সংগ্রহ করতে হবে। প্রতি সপ্তাহে পাকা ফল সংগ্রহ করা যায়। শুকানো মরিচের জন্য আধাপাকা মরিচ তুললে মরিচের রং ও গুণগতমান নষ্ট হয়ে যায়। তাই ফল লাল টকটকে হয়ে পাকলে সংগ্রহ করতে হবে। মরিচ সাধারনতঃ রৌদ্রজ্জল দিনে উত্তোলন করলে মরিচের গুনগতমান ভাল থাকে তাতে বাজার মূল্য বেশী পাওয়া যায়। ফল উঠানোর সময় বোটার উপরের অংশ এবং ফলের উপরের অংশ অর্থাৎ বোটার কাছের অংশ ধরে ফল তুলতে হবে।"
spice,chilli,মরিচ,395,harvest,সংগ্রহ পরবর্তী ব্যবস্থাপনা,"জমি থেকে ফসল সংগ্রহের পর সংগৃহীত মরিচ হতে আঘাত প্রাপ্ত, রোগাক্রান্ত, বিকৃত, কাঁচা, অর্ধপাকা ও সম্পূন্ন পাকা মরিচ গুলোকে আলাদা করে ছায়াযুক্ত স্থানে 8-10 ঘন্টা হালকা ছড়িয়ে রাখতে হবে। কোন ক্রমেই মরিচের বোঁটা ছাড়ানো যাবে না তাতে মরিচ অল্প সময়ের মধ্যেই তার সজীবতা হারিয়ে ফেলে ও পচে যায়। সুর্যালোকের"
spice,chilli,মরিচ,395,fertilizer,সারের নাম হেক্টর প্রতি পরিমান,
spice,chilli,মরিচ,395,land_preparation,জমিতে প্রয়োগ,
spice,chilli,মরিচ,395,fertilizer,সারের উপরি প্রয়োগ (কেজি),
spice,chilli,মরিচ,395,other,1ম কিস্তি 2য় কিস্তি 3য় কিস্তি,গোবর 10 টন সব - - - ইউরিয়া 240 কেজি 60 কেজি 50 65 65 টিএসপি 260 কেজি সব - - - এমওপি 330 কেজি 165 কেজি 55 55 55 জিপসাম 150 কেজি সব - - - জিংক সালফেট 12 কেজি সব - - - বরিক এসিড 14 কেজি সব - - - সাহায্যে ফল শুকানো দেশের একটি প্রচলিত পদ্ধতি। কিন্তু সর্তক না হলে অতিরিক্ত সূর্য তাপে ফল সাদাটে রং এবং সংগ্রহকৃত ফলে বৃষ্টি বা শিশির পড়লে ফল পঁচা রোগ দেখা দেয় । এর পরে পাকা মরিচ পলিথিনে বা চাতালে বা পাকা মেঝেতে রৌদ্রজ্জ্বল পরিবেশে শুকাতে হবে। শুকানোর সময় মরিচ পাতলা করে বিছিয়ে দিতে হবে। মরিচের আদ্রতা 10-12% এ পৌছলে উক্ত মরিচ সংরক্ষণের জন্য উপযুক্ত হবে।শুকানো মরিচ ঝাকি দিলে ভিতরের বীজগুলো ঝনঝন শব্দ করলে বুঝতে হবে মরিচ ভালভাবে শুকিয়েছে। সাধারণতসূর্য্যেরআলোতে মরিচ শুকাতে 10-15 দিন সময় লাগে।
spice,chilli,মরিচ,395,seed_storage,বীজ সংরক্ষণ,"সাধারণতঃ জাতভেদে পাতলা ত্বক ও শুস্ক পদার্থের পরিমান কম এই জাতীয় মরিচ তাড়াতাড়ি শুকানো যায় কিন্তু পুরু মাংসল ত্বক বিশিষ্ট মরিচ শুকানো বেশ সময় সাপেক্ষ এবং কঠিন। মরিচ শুকানোর পরে ছায়াযুক্ত স্থানে ঠান্ডা করে সংরক্ষণ করতে হবে। ছয় মাস হতে এক বছর সময় পনন্ত মরিচ সংরক্ষণের জন্য টিনের পাত্র, পলিথিন ব্যাগ, মাটির পাত্র, ডুলি বা ছালার ব্যাগ ব্যবহার করা হয়। তবে দ্বিস্তর বিশিষ্ট পলিথিন ব্যাগ ও টিনের পাত্রের মধ্যে পলিথিন দিয়ে তার ভিতর মরিচ রাখলে মরিচের রং ও গুনগতমান ভাল থাকে। সংরক্ষিত মরিচ মাঝে মাঝে রৌদ্রে দিলে ভাল থাকে। মরিচ সংরক্ষণের ক্ষেত্রে মরিচের বোটা যেন মরিচ থেকে পৃথক না হয়ে যায় সে দিকে সর্তক দৃষ্টি রাখতে হবে। বোটা মরিচ থেকে পৃথক হয়ে গেলে মরিচের বীজ বের হয়ে যায়। ফলে মরিচের ওজন ও ঝাঁঝ দুই’ই কমে যায় এবং মরিচের বীজের গুনগতমান হ্রাস পায়। সংরক্ষিত মরিচের মধ্যে কয়েক টুকরা চারকোল /কাঠের কয়লা রেখে দিলে মরিচ ভাল থাকে। এ ক্ষেত্রে চারকোল/কাঠের কয়লা অতিরিক্ত র্আদ্রতা শোষণ করে নেয়। ফলে সহজে রোগ বা পোকার আক্রমণ হয় না।"
spice,chilli,মরিচ,395,pest_disease,মরিচের রোগ ও তার প্রতিকার,
spice,chilli,মরিচ,395,pest_disease,মরিচের ঢলে পড়া রোগ,
spice,chilli,মরিচ,395,pest_disease,রোগের জীবাণু,"Fusarium oxysporum f.sp. capsici, Sclerotium sp. (Soil borne fungi) and Ralstonia solanacearum নামক জীবাণুর আক্রমণে মরিচের ঢলে পড়া রোগ হয়।"
spice,chilli,মরিচ,395,pest_disease,রোগের বিস্তার,ছত্রাক প্রধানত মাটি বাহিত এবং অন্যান্য শস্য আক্রমণ করে। মাটিতে যথেষ্ট পরিমাণ আর্দ্রতা থাকলে এ রোগের ব্যাপকতা বৃদ্ধি পায়। পানি সেচের মাধ্যমে আক্রান্ত ফসলের জমি হতে সুস্থ ফসলের মাঠে বিস্তার লাভ করে।
spice,chilli,মরিচ,395,pest_disease,রোগের লক্ষণ," ছত্রাক গাছের নিচের দিকে কাণ্ডে আক্রমণ করে এবং গাঢ় বাদামী ও দাবানো ক্যাংকার সৃষ্টি করে।  ক্রমে এই ক্যাংকারজনিত দাগ কাণ্ডের গোড়াকে চর্তুদিক হতে বেস্টন করে ফেলে।  গাছের অগ্রভাগের পাতা হলুদ হয়ে যায়, পরে সমস্ত গাছ হলুদ বর্ণ ধারণ করে।  স্যাঁতসেতে মাটিতে কাণ্ডের গোড়া সাদা অথবা নীলাভ ছত্রাক স্পোর দ্বারা আবৃত হয়ে পড়ে।  গাছ লম্বালম্বিভাবে ফাটালে ভাসকুলার বান্ডল বিবর্ণ দেখা যাবে।  রোগের অনুকূল অবস্থায় 10-15 দিনের মধ্যে গাছ সম্পূর্ণরূপে ঢলে পড়ে, কিন্ত প্রতিকুল অবস্থায় 2-3 মাস সময় লাগতে পারে।  ব্যাকটেরিয়া দ্বারা আক্রান্ত হলে আক্রান্ত অংশ হতে ধারালো ছুরি দ্বারা কেটে গ্লাসভর্তি পরিষ্কার পানিতে ডুবালে গ্লাসের উপরের অংশের পানিতে ঘন/পাতলা সাদা রঙের পদার্থ (Ooze) পড়তে দেখা যায় ।"
spice,chilli,মরিচ,395,pest_disease,রোগের প্রতিকার," সুস্থ ও সবল ফল থেকে বীজ সংগ্রহ করতে হবে।  প্রোভেক্স-200 বা অটোস্টিন (প্রতি কেজি বীজে 2.5 গ্রাম) দ্বারা বীজ শোধন করে বপন করতে হবে।  পানি নিকাশের ব্যবস্থা করতে হবে।  গাছের পরিত্যক্ত অংশ, আগাছা ও আশেপাশের ধুতুরা জাতীয় গাছ একত্র করে ধ্বংস করে ফেলতে হবে।  রোগ দেখা দেয়ার সাথে সাথে প্রতি লিটার পানিতে টিল্ট 250 ইসি 0.5 মিলিলিটার হারে মিশিয়ে 10 দিন পর পর স্প্রে করতে হবে।"
spice,chilli,মরিচ,395,pest_disease,আগা মরা/ ক্ষত/ ফল পচা,(Die back/Anthracnose/fruit rot)
spice,chilli,মরিচ,395,pest_disease,রোগের কারণ,কোলেটোট্রিকাম ক্যাপসিসি (Colletotrichum capsici) নামক ছত্রাক।
spice,chilli,মরিচ,395,pest_disease,রোগের বিস্তার,"বীজ, বিকল্প পোষক এবং গাছের পরিত্যক্ত অংশের মাধ্যমে এ রোগ ছড়ায়। আর্দ্র আবহাওয়া ও অধিক বৃষ্টিপাত এ রোগ বিস্তারে সহায়তা করে।"
spice,chilli,মরিচ,395,pest_disease,রোগের লক্ষণ," মরিচ গাছের নতুন ডগা, ডাল, ফুলের কুঁড়ি ও ফল এ রোগে আক্রান্ত হয়।  এ রোগের আক্রমণে গাছের আক্রান্ত অংশ যেমন পাতা, কাণ্ড ও ফল ক্রমশ উপর হতে মরতে থাকে এবং গাছ ফ্যাকাশে বর্ণ ধারণ করে।  গাছ দুর্বল হয়ে পড়ে এবং ফল ধারণ ক্ষমতা কমে যায়।  ফলের উপর গোলাকার কালো বলয় বিশিষ্ট গাঢ় ক্ষতের সৃষ্টি হয় এবং ইহা ধীরে ধীরে বৃদ্ধি পেয়ে ফলকে পচিয়ে দেয়।  আক্রান্ত ফল ঝরে পড়ে।  ব্যাপকভাবে আক্রান্ত হলে গাছ দ্রুত মরে যায়।  মরা অথবা শুকনা কালো পচার মত রঙ ধারণ করে।"
spice,chilli,মরিচ,395,pest_disease,রোগের প্রতিকার," সুস্থ ও সবল ফল থেকে বীজ সংগ্রহ করতে হবে।  প্রোভেক্স-200 বা অটোস্টিন (প্রতি কেজি বীজে 2.5 গ্রাম) দ্বারা বীজ শোধন করে বপন করতে হবে।  পানি নিকাশের ব্যবস্থা করতে হবে।  গাছের পরিত্যক্ত অংশ, আগাছা ও আশেপা-ে শর ধুতুরা জাতীয় গাছ একত্র করে ধ্বংস করে ফেলতে হবে।  রোগ দেখা দেয়ার সাথে সাথে প্রতি লিটার পানিতে টিল্ট 250 ইসি 0.5 মিলিলিটার হারে মিশিয়ে 7-10 দিন পর পর স্প্রে করতে হবে।"
spice,chilli,মরিচ,395,pest_disease,চুয়ানিফোরাপাতা পচা,(Choaniphora leaf rot)
spice,chilli,মরিচ,395,pest_disease,রোগের কারণ,চুয়ানিফোরা (Choanephora cucurbitarum) নামক ছত্রাক।
spice,chilli,মরিচ,395,pest_disease,রোগের বিস্তার,উচ্চ তাপমাত্রা ও স্যাতস্যাতে আবহাওয়ায় (কুয়াশাচ্ছন্ন আবহাওয়া) এ রোগ হয়ে থাকে। বায়ু দ্বারা রোগ দ্রুত বিস্তার লাভ করে।
spice,chilli,মরিচ,395,pest_disease,রোগের লক্ষণ," চারা ও বয়স্ক গাছের শাখা-প্রশাখা, পাতা, ফুল-ফল আক্রান্ত হয়।  প্রথমে পাতায় পানি ভেজা দাগ হয়। পাতা দ্রুত পচতে থাকে।  আক্রমণ গাছের আগা থেকে নিচের দিকে নামতে থাকে।  আক্রান্ত গাছের পাতা ও ডাল কালো রঙের হয়ে থাকে।  রোগের প্রকোপ বেশি হলে এবং অনুকূল আবহাওয়ায় 5-7 দিনের মধ্যে সম্পূর্ণ গাছটি মারা যায়।  সতর্কতার সাথে পর্যবেক্ষণ করলে আগা ও ডালে ছত্রাকের সাদা বর্ণের মাইসেলিয়াম খালি চোখে দেখা যায়।  ফলনের প্রচুর ক্ষতি হয়। 100% পর্যন্ত ফলনের ক্ষতি হতে পারে।"
spice,chilli,মরিচ,395,pest_disease,রোগের প্রতিকার, ফসলের পরিত্যক্ত অংশ পুড়িয়ে ফেলতে হবে।  জমিতে অতিরিক্ত সেচ দেয়া যাবে না।  গাছ আক্রান্ত হওয়া মাত্রই অটোস্টিন প্রতি লিটার পানিতে 1 গ্রাম হারে মিশিয়ে 10 দিন পর পর 3-4 বার স্প্রে করতে হবে।
spice,chilli,মরিচ,395,pest_disease,ব্যাকটেরিয়া জনিত পাতায় দাগ,(Baeterial leaf spot)
spice,chilli,মরিচ,395,pest_disease,রোগের কারণ,জ্যানথোমোনাস ক্যামপেস্ট্রিস পিভি. ভেরিকেটোরিয়া (Xanthomonas campestrispv. vericatoria) নামক ব্যাকটেরিয়া।
spice,chilli,মরিচ,395,pest_disease,রোগের বিস্তার,"ব্যাকটেরিয়া শীতকালে মাটিতে থাকে। ইহারা পোকামাকড়, কৃষি যন্ত্রপাতি, শ্রমিক ও বৃষ্টির পানির মাধ্যমে ছড়ায়।"
spice,chilli,মরিচ,395,pest_disease,রোগের লক্ষণ, গাছের পাতার নিচে প্রথমে ছোট গোলাকার থেকে অসমান পানি ভেজার মতো ক্ষতদাগ দেখতে পাওয়া যায়।  স্পটগুলো ফুলে ওঠে এবং এর কেন্দ্র কালো রং ধারণ করে।  পাতা শুকিয়ে গাছ মারা যায়।  সবুজ ফল আক্রান্ত হয় এবং এগুলো বাদামী হতে কালো হয়।
spice,chilli,মরিচ,395,pest_disease,রোগের প্রতিকার, সুস্থ ও রোগ মুক্ত গাছ হতে বীজ সংগ্রহ করতে হব্।ে  নিড়ানীর সময় যেন গাছ ক্ষত না হয় সে দিকে খেয়াল রাখতে হবে।  আক্রান্ত গাছ উঠিয়ে ফেলতে হবে।  এক লিটার পানির মধ্যে 3 গ্রাম কপার অক্রিক্লোরাইড (কুপ্রাভিট) মিশিয়ে বীজ শোধন করতে হবে।  রোগের প্রাথমিক অবস্থায় এক লিটার পানিতে সানভিট বা কুপ্রাভিট 7 গ্রাম হারে মিশিয়ে গাছে 7-10 দিন পর পর স্প্রে করতে হবে।
spice,chilli,মরিচ,395,other,পাতা কুঁকড়ানো,(Leaf curl)
spice,chilli,মরিচ,395,pest_disease,রোগের জীবাণু,এক প্রকার ভাইরাস (Nicotiana virus-10) দ্বারা এ রোগ হয়ে থাকে।
spice,chilli,মরিচ,395,pest_disease,রোগের বিস্তার,বাহক পোকা (সাদা মাছি) ও পোষক উদ্ভিদের মাধ্যমে ছড়ায়।
spice,chilli,মরিচ,395,pest_disease,রোগের লক্ষণ, আক্রান্ত গাছের পাতা কুঁকড়ে যায় এবং স্বাভাবিক পাতার তুলনায় পুরু হয়। পাতাগুলো ছোট গুচ্ছাকৃতির হয়। গাছের বৃদ্ধি কমে যায়।  গাছের পর্বগুলি কাছাকাছি হয় (পর্ব দৈর্ঘয কমে যায়) ও গাছ খর্বাকৃতি হয়ে পড়ে।  গাছে অতিরিক্ত ডালপালা জন্মায় ও ঝোপের মত হয়।  ফল ধারণ ক্ষমতা কমে যায় এবং ফল আকারে ছোট ও কুঁকড়ানো হয়।
spice,chilli,মরিচ,395,pest_disease,রোগের প্রতিকার, সুস্থ গাছ থেকে পরবর্তী মৌসুমের জন্য বীজ সংগ্রহ করতে হবে।  রোগাক্রান্ত চারা কোন অবস্থাতেই লাগানো যাবে না।  চারা অবস্থায় বীজ তলা মশারীর নেট দ্বারা ঢেকে রাখতে হবে।  রোগাক্রান্ত গাছ ও আশেপাশের পোষক উদ্ভিদ তুলে ধ্বংস করতে হবে। মরিচকে এই রোগ হতে মুক্ত রাখতে হলে নিয়মিতভাবে 7-10 দিন দিন পর পর কীটনাশক ও মাকড়নাশক (থিওভিট/ভার্টিমেক/ওমাইট) সমস্ত গাছে স্প্রে করতে হবে।
spice,chilli,মরিচ,395,pest_disease,মরিচের পোকা-মাকড় ব্যবস্থাপনা 1) কাটুই পোকা, আক্রান্ত হওয়ার পর্যায়- জমিতে চারা রোপণের পর পরই এই পোকা রাতের বেলা গাছের গোড়া কেটে দিয়ে ব্যাপক ক্ষতি সাধন করে থাকে।  ক্ষতির ধরন- কচি চারা গাছ গোড়া কাটা অবস্থায় মাটিতে পড়ে থাকে। শুককীট দিনের বেলায় গাছের গোড়ায় মাটির সামান্য নিচে বা আবর্জনার ভিতর বিশ্রাম নেয় এবং রাতে উপরে উঠে চারা গাছের গোড়া কেটে দেয়। শুককীট যা খায় তার চেয়ে অনেক বেশি চারা বা গাছের গোড়া কেটে নষ্ট করে।
spice,chilli,মরিচ,395,pest_disease,দমন ব্যবস্থা," বিষটোপ দিয়ে নিয়ন্ত্রণ করা যায়। 100 গ্রাম গমের ভ‚ষি অথবা ধানের কুড়া, 100 গ্রাম চিটা গুড় এবং 200 গ্রাম সেভিন 50 ডব্লিউ পি সবগুলো একত্রে মিশিয়ে প্রয়োজনীয় পানি দিয়ে মণ্ড তৈরি করতে হবে।  সন্ধ্যার পর মণ্ড ছিটিয়ে দিলে শুককীট আকর্ষিত হবে এবং এই বিষটোপ খেয়ে মারা যাবে। 1 মিলিলিটার পরিমাণ সুমিসাইডিন 20 ইসি বা রিপকর্ড 10 ইসি বা সিমবুশ 10 ইসি 1 লিটার পরিমাণ পানির সাথে মিশিয়ে সন্ধ্যার সময় জমিতে ছিটিয়ে দিলে এই পোকা নিয়ন্ত্রণ করা যায়।  জমি তৈরির সময় দানাদার জাতীয় ঔষধ শতকে 40 গ্রাম হারে প্রয়োগ করতে হয়। অনেক সময় ফ্লাড সেচ দিলে মাটির গর্ত থেকে কাটুই পোকা বের হয়ে আসে ফলে পাখিতে খেয়ে ফেলে।"
spice,chilli,মরিচ,395,pest_disease,2) থ্রিপস্, আক্রান্ত হওয়ার পর্যায়- সাধারণত কচি চারা গাছ ও চারা রোপণের 7-17 দিনের মধ্যে এই পোকা মরিচ গাছকে আক্রমণ করে।  ক্ষতির ধরন- থ্রিপ্স কচি পাতার রস শুষে খায় ফলে পাতা উপরের দিকে কুঁকড়ে যায়। পাতার মধ্যশিরার নিকটবর্তী এলাকা বাদামী রঙ ধারণ করে ও শুকিয়ে যায় নতুন কিংবা পুরাতন পাতার নিচের পিঠে অধিক ক্ষতি হয় নৌকার খোলের ন্যায় পাতা উপরের দিকে কুঁকড়ে যায় আক্রান্ত পাতা বিকৃত ও বেঢপ দেখায়। পাতা কুকড়ানো (Leaf curl) রোগে আক্রান্ত মরিচ গাছ
spice,chilli,মরিচ,395,pest_disease,দমন ব্যবস্থা, আঠালো সাদা ফাঁদ (প্রতি হেক্টরে 40 টি) ব্যবহার করে পোকা নিয়ন্ত্রণ করা।  এক কেজি আধা ভাঙ্গা নিম বীজ 20 লিটার পানিতে 24 ঘণ্টা ভিজিয়ে রেখে উক্ত পানি (ছেঁকে নেওয়ার পর) পাতার উপরের দিকে স্প্রে করা।  আন্তঃফসল হিসাবে মরিচের সঙ্গে গাজর (রেপিলেন্ট ক্রপ) চাষ করে।  আক্রমণ বেশি হলে ফিপ্রোনিল (রিজেন্ট/এসেণ্ড/গুলি/অন্য নামের) বা ডাইমেথয়েট (বিস্টারথোয়েট/টাফগর/অন্য নামে) 10 লিটার পানিতে 10 মিলি হারে বা সাকসেস 10 লিটার পানিতে 12 মিলি হারে স্প্রে করে এদের নিয়ন্ত্রণ করা যায়।  চারা রোপণের 10-30 দিনের মধ্যে তিন বার 10 দিন অন্তর অন্তর এই পোকা দমনের জন্য প্রতি 10 লিটার পানিতে 5 মিলি এ্যাডমায়ার/টিডো/গেইন ঔষধ প্রতি 5 শতক জমিতে স্প্রে করতে হয়।
spice,chilli,মরিচ,395,pest_disease,3) এফিড বা জাব পোকা, আক্রান্ত হওয়ার পর্যায়- মরিচ গাছের কচি ও বয়স্ক পাতা।  সব ধরনের পাতার নিচের দিকে বসে রস শুষে খায় এমনকি এরা গাছের কাণ্ডেও আক্রমণ করে থাকে ফলে কাণ্ড শুকিয়ে মারা যায়।
spice,chilli,মরিচ,395,pest_disease,দমন ব্যবস্থা, আঠালো হলুদ ফাঁদ (প্রতি হেক্টরে 40 টি) ব্যবহার করে।  আধা ভাঙ্গা নিম বীজের (50 গ্রাম এক লিটার পানিতে 24 ঘণ্টা ভেজানোর পর মিশ্রণটি ছাঁকতে হবে) নির্যাস আক্রান্ত গাছে 10 দিন পর পর 3 বার স্প্রে করে এই পোকা নিয়ন্ত্রণ করা যায়।  বন্ধু পোকাসমূহ (লেডীবার্ড বিটলের পূর্ণাঙ্গ ও কীড়া এবং সিরফিড ফ্লাই) প্রকৃতিতে লালন।  আক্রমণ বেশি হলে স্বল্পমেয়াদী বিষক্রিয়ার ম্যালাথিয়ন 57 ইসি (ফাইফানন/সাইফানন) 10 মিলি অথবা কুইনালফস 25 ইসি (করলাক্স/একালাক্স/কিনালাক্স/অন্য নামের) বা ডাইমেথয়েট (বিস্টারথোয়েট/টাফগর/অন্য নামে) বা কেরাতে 10 লিটার পানিতে 10 মিলি হারে বা সাকসেস 10 লিটার পানিতে 12 মিলি হারে স্প্রে করে এদের নিয়ন্ত্রণ করা যায়।
spice,chilli,মরিচ,395,pest_disease,4) সাদা মাছি, আক্রান্ত হওয়ার পর্যায়- সাধারণত কচি চারা গাছ আক্রমণ করে।  ক্ষতির ধরন- কচি পাতার নিচে বসে রস শুষে খায় ফলে পাতা কুঁকড়ে যায়।
spice,chilli,মরিচ,395,pest_disease,দমন ব্যবস্থা, সাবান-পানি ব্যবহার (প্রতি লিটার পানিতে 2 গ্রাম ডিটারজেন্ট ) করে।  নিম বীজের নির্যাস (আধা ভাঙ্গা 50 গ্রাম নিম বীজ 1 লিটার পানিতে 24 ঘণ্টা ভিজিয়ে মিশ্রণটি ছেঁকে নিয়ে) স্প্রে করা ।  আক্রমণ বেশি হলে ম্যালাথিয়ন 57ইসি (10 লিটার পানিতে 10 মিলি হারে) অথবা এডমায়ার 200 এসএল (10 লিটার পানিতে 5 মিলি হারে) স্প্রে করে।
spice,chilli,মরিচ,395,other,4) মাইট, আক্রান্ত হওয়ার পর্যায়- মাইট মরিচ গাছের কচি ও বয়স্ক পাতা আক্রমণ করে।  ক্ষতির ধরন- সাধারণত পাতার নিচের দিক ক্ষতিগ্রস্ত হয়। শিরার মধ্যকার এলাকা বাদামী রং ধারণ করে ও শুকিয়ে যায় এবং মারাত্নকভাবে আক্রান্ত পাতা সহজেই ভেঙে গুঁড়িয়ে যায়। কচি পাতা মাকড় দ্বারা আক্রান্ত হলে পাতা নিচের দিকে মুড়ে গিয়ে স্বাভাবিকের চেয়ে সরু হয়ে যায় ।
spice,chilli,মরিচ,395,pest_disease,দমন ব্যবস্থা, নিমতেল 5 মিলি + 5 গ্রাম ট্রিকস প্রতি লিটার পানিতে মিশিয়ে পাতার নিচের দিকে স্প্রে করতে হবে ।  এক কেজি আধা ভাঙ্গা নিম বীজ 20 লিটার পানিতে 24 ঘণ্টা ভিজিয়ে রেখে উক্ত পানি (ছেকে নেওয়ার পর) পাতার নিচের দিকে স্প্রে করা।  পাইরিথ্রয়েড জাতীয় কীটনাশক ব্যবহার যথাসম্ভব পরিহার করতে হবে।  আক্রমণ বেশি হলে মাকড়নাশক ওমাইট 57ইসি (প্রতি লিটার পানিতে 2.0 মিলি হারে) বা ভার্টিমেক 1.8 ইসি প্রতি 10 লিটার পানিতে 12 মিলি হারে পাতা ভিজিয়ে স্প্রে করে মাকড়ের আক্রমণ প্রতিহত করা সম্ভব।  মাকড়ের সাথে অন্য পোকার আক্রমণ দেখা দিলে প্রথমে মাকড়নাশক ব্যবহার করে অতপর কীটনাশক প্রয়োগ করতে হবে।
spice,chilli,মরিচ,395,pest_disease,4) ফল ছিদ্রকারী পোকা, আক্রান্ত হওয়ার পর্যায়- এই পোকা কচি ও বাড়ন্ত ফল ছেদ করে ভিতরে ঢুকে ফলের ভিতরের অংশ খেয়ে ফেলে।  ক্ষতির ধরন- ফলের বৃন্তের কাছে একটি ক্ষুদ্র আংশিক বদ্ধ কালচে ছিদ্র দেখা যাবে। ক্ষতিগ্রস্ত ফলের ভিতরে পোকার বিষ্ঠা ও পচন দেখা যাবে। পোকা আক্রান্ত ফল নিধারিত সময়ের পূর্বেই পাকে বা ঝরে পড়ে।
spice,chilli,মরিচ,395,pest_disease,দমন ব্যবস্থা," সেক্স ফেরোমন ফাঁদ (প্রতি বিঘায় 15টি) ব্যবহার করে পোকা নিয়ন্ত্রণ করা ।  ডিম নষ্টকারী পরজীবী পোকা, ট্রাইকোগ্রামা কাইলোনিজ ও কীড়া নষ্টকারী পরজীবী পোকা, ব্রাকন হেবিটর পর্যায়ক্রমিকভাবে মুক্তায়িত করে এদের নিয়ন্ত্রণ করা যায়।  আধভাঙ্গা নিম বীজ (50 গ্রাম এক লিটার পানিতে 24 ঘণ্টা ভেজানোর পর মিশ্রণটি ছাকতে হবে) নির্যাস আক্রান্ত গাছে 10 দিন পর পার 3 বার স্প্রে করে এই পোকা অনেকটা নিয়ন্ত্রণ করা যায়।  আক্রমণ তীব্র হলে কুইনালফস 25 ইসি (দেবীকুইন/কিনালাক্স/করলাক্স) প্রতি 10 লিটার পানিতে 10 মিলি হারে মিশিয়ে স্প্রে করা যেতে পারে বা সাকসেস 10 লিটার পানিতে 12 মিলি হারে স্প্রে করে এদের নিয়ন্ত্রণ করা যায়।  বেশি মাত্রায় মরিচ এ পোকা দ্বারা আক্রান্ত হলে ডেনিটল 10 ইসি/ ট্রিবন 10 ইসি/ রিপকর্ড 10 ইসি প্রতি লিটার পানিতে 1 মিলি হারে অথবা ফেনকিল 20 ইসি প্রতি লিটার পানিতে 0.5 মিলি হারে অথবা সুমিথিয়ন 50 ইসি 2 মিলি হারে এগুলোর যে কোন একটি কীটনাশক প্রতি লিটার পানির সাথে মিশিয়ে গাছের সমস্ত অংশ ভালভাবে মিশিয়ে স্প্রে করা।"
spice,ornamental chilli,অর্নামেন্টাল মরিচ,405,sowing_method,বপন/রোপণ,"এটি মূলত শীতকালীন জাত তবে টবে লাগালে বছরের যে কোন সময় চাষ করা যায়। সাধারণত অক্টোবর মাসের প্রথম সপ্তাহ বীজ বপনের এবং নভেম্বর মাসের প্রথম সপ্তাহ চারা রোপণের উত্তম সময়। অধিক পরিমাণে চারা উৎপাদনের ক্ষেত্রে নার্সারি বেডে সারি করে বুনে চারা করতে হয়। এক্ষেত্রে বেডের মাটি অধিকতর ঝুরঝুরে করে সমান করে নিতে হবে। অতঃপর বীজ 1-2 ঘণ্টা রোদে শুকিয়ে নিয়ে বেডের মাটিতে 3-4 ইঞ্চি দূরে দূরে অগভীর (2-2.5 সেমি) লাইন টেনে তাতে 1 সেমি দূরে দূরে বীজ দিয়ে ঝুরঝুরে মাটি দিয়ে লাইন ঢেকে দিতে হবে। অতঃপর মাটির উপরে চট দিয়ে ঢেকে দিতে হবে। বপনের পরদিন হতে চটের উপরে হালকা সেচ দিয়ে চারা গজানোর আগ পর্যন্ত পর্যাপ্ত রস নিশ্চিত করতে তবে। মাটি ফেটে চারা দেখা দিলে সাথে সাথে চট তুলে নিতে হয়। এভাবে 25-30 দিনের চারা টবে কিংবা জমিতে লাগানের উপযোগী হয়। তাছাড়া সরাসরি টবের মাটিতে 2-3 টি বীজ মাঝ বরাবর দিয়েও চরা তৈরি করা যায়। অর্নামেন্টাল মরিচ গাছ খুব বেশি বড় হয় না তাই ছোট কিংবা মাঝারী (6-8 ইঞ্চি) আকারের যে কোন টবেই রোপণ করা যায়। এমনকি অধিক ছোট টবে লাগালে গাছের বৃদ্ধি কম হয় এবং গাছ দেখতে বনসাই এর মত রূপ নেয় তদুপরি ফুল ও ফল ধরে। সহজে পানি নিষ্কাশনের জন্য টবের নিচে ফুটো করতে হবে এবং টবের তলায় 1-2 ইঞ্চি পরিমাণ ইটের খোয়া দিতে হবে। টবের আকারের অর্ধেক পরিমাণ দোআঁশ মাটি আর তার সম পরিমাণ পচা গোবর বা কম্পোস্ট বা ভার্মিকম্পোস্ট, 10 গ্রাম টিএসপি, 10 গ্রাম এমওপি এবং এক চা চামচ পরিমাণ ইউরিয়া ভালভাবে মিশিয়ে টব পূর্ণ করতে হবে। এভাবে টবের মাটি প্রস্তুত করে 8 থেকে 10 দিন রেখে দিতে হবে।"
spice,ornamental chilli,অর্নামেন্টাল মরিচ,405,fertilizer,সারের মাত্রা ও প্রয়োগ পদ্ধতি,"টবের আকারের অর্ধেক পরিমাণ দোআঁশ মাটি আর তার সম পরিমাণ পচা গোবর বা কম্পোস্ট বা ভার্মিকম্পোস্ট, 10 গ্রাম টিএসপি, 10 গ্রাম এমওপি এবং এক চা চামচ পরিমাণ ইউরিয়া ভালভাবে মিশিয়ে টব পূর্ণ করতে হবে। এভাবে টবের মাটি প্রস্তুত করে 8 থেকে 10 দিন রেখে দিতে হবে।চারা লাগানেরা 20-25 দিন পরপর প্রতি টবে (6-8 ইঞ্চি) অর্ধেক চামচ ইউরিয়া ও এমওপি সার প্রয়োগ করে উপরের মাটির সাথে ভালভাবে মিশিয়ে দিতে হবে এবং হালকা সেচ প্রদান করতে হবে।"
spice,ornamental chilli,অর্নামেন্টাল মরিচ,405,irrigation,সেচ ও নিষ্কাশন,চারা লাগানোর পরপরই টবে সেচ দিতে হবে। সেই সাথে মাটির অবস্থা বুঝে একদিন পরপর হালকা সেচ দিয়ে পর্যাপ্ত রস নিশ্চিৎ করতে হবে।
spice,ornamental chilli,অর্নামেন্টাল মরিচ,405,pest_disease,রোগবালাই দমন,বারি অর্নামেন্টাল মরিচ-1 এ মারাত্মক কোন রোগ হয় না বললেই চলে। তবে অতিরিক্ত সেচ বা জলাবদ্ধতার কারণে চারা অবস্থায় গোড়া পচা রোগ দেখা দিতে পারে। এ অবস্থায় চারা গাছ হালকা হলুদ বর্ণ ধারণ করে গোড়া পচে ধীরে ধীরে মাটিতে নেতিয়ে পড়ে। প্রতিরোধ ব্যবস্থা হিসাবে প্রতি লিটার পানিতে 2 গ্রাম কার্বেনডাজিম গ্রুপের অটস্টিন মিশিয়ে 5-7 দিন পর পর 2-3 বার স্প্রে করতে হবে।
spice,ornamental chilli,অর্নামেন্টাল মরিচ,405,pest_disease,পোকামাকড় দমন,বারি অর্নামেন্টাল মরিচ-1 এ পোকামাকড় এর প্রদুর্ভাব তেমন একটা দেখা যায়না। তবে শীতকালে থ্রিপস বা চুষি পোকা এবং শীতের পর তাপমাত্রা বৃদ্ধির সাথে সাথে জাব পোকার আক্রমণ হতে পারে। থ্রিপস এর আক্রমণে প্রতি লিটার পানিতে 1 মিলি হরে ইমিডাক্লোরোপিড (এডমায়ার/ইমিটাফ/গেইন) এবং জাব পোকার আক্রমণে প্রতি লিটার পানিতে 2 মিলি হরে ডাইমিথয়েট (টাফগর) 10 দিন পর পর 2-3 বার স্প্রে করে সহজেই দমন করা যায়। এছাড়া মাকড় এর প্রদুর্ভাব দেখা দিলে প্রতি লিটার পানিতে 2 মিলি হারে ভার্টিমেক/ওমাইট/লিকার 10 দিন পর পর 2-3 বার স্প্রে করে সহজেই দমন করা যায়।
spice,ornamental chilli,অর্নামেন্টাল মরিচ,405,intercultural,আন্তঃপরিচর্যা,গাছের সুষ্ঠু ও স্বাভাবিক বৃদ্ধির জন্য মাটি আগাছা মুক্ত রাখতে হবে। প্রতিবার সেচের পর ‘জো’ আসা মাত্র মাটির উপরের চটা ভেঙ্গে দিয়ে মাটি ঝুরঝুরে করে দিতে হবে। প্রয়োজনবোধে গাছের কাণ্ডের সাথে ছোট খুটি দিয়ে বেঁধে দিতে হবে।
spice,ornamental chilli,অর্নামেন্টাল মরিচ,405,harvest,ফসল সংগ্রহ,চারা রোপণের 80-90 দিন পর থেকে পরিপক্ক ফল সংগ্রহ করা যায়। পরিপক্ক ফল হালকা কমলা রং ধারণ করে এবং অধিক পরিপক্ক ফল লাল রং ধারণ করে। বীজ সংগ্রহের ক্ষেত্রে লাল রং এর ফল সংগ্রহ করতে হয়। এভাবে রোপণের পর 210-240 দিন পর্যন্ত ফল সংগ্রহ করা যায়।
spice,ornamental chilli,অর্নামেন্টাল মরিচ,405,yield,ফলন/প্রপ্তি,গাছ প্রতি ফলন টবে 350-400 গ্রাম এবং জমিতে 800-900 গ্রাম।
spice,garlic,রসুন,408,soil_climate,মাটি,রসুন অগভীর গুচ্ছ মূল বিশিষ্ট কন্দ জাতীয় ফসল বিধায় এর জন্য সুনিষ্কাশিত উর্বর দো-আঁশ মাটির প্রয়োজন হয়। রসুনের মূল দুর্বল হওয়ায় কর্ষণীয় জমির (Top soils) গভীরতা কমপক্ষে 15-30 সেমি এবং মাটি হালকা (Loose) হওয়া বাঞ্চনীয়। রসুন অধিক জৈব পদার্থযুক্ত 5.5-6.8 পিএইচ (pH) মানে ভালো ফলন দিয়ে থাকে। জমিতে পানি নিকাশের সুব্যবস্থা না থাকলে কন্দ বড় হয় না এবং রসুনের রং খারাপ হয়ে যায়।
spice,garlic,রসুন,408,soil_climate,আবহাওয়া,"রসুন তাপমাত্রা ও আলোর প্রতি সংবেদনশীল ফসল। তাপমাত্রা এবং দিনের দৈর্ঘেযর উপর ভিত্তি করে বিশ্বে দুই ধরনের রসুন চাষ হয়ে থাকে। ক) নাতিশীতোষ্ণ অঞ্চলের রসুন : নিম্ন তাপমাত্রা ও দীর্ঘ দিবা দিবসের প্রয়োজন হয়, কন্দ উৎপাদনের জন্য 16 ঘণ্টা দিনের দৈর্ঘ্যের প্রয়োজন হয়। এ জাতের রসুনের গলা শক্ত এবং কন্দ ও কোয়া বড় হয়। কন্দে কোয়ার সংখ্যা কম হয়। এ অঞ্চলের রসুনে ফুল ও বীজ উৎপন্ন হয়। তবে এ ধরনের রসুনের ঝাঁঝ কম হয়ে থাকে। খ) উষ্ণ/অব-উষ্ণ অঞ্চলের রসুন : উচ্চ তাপমাত্রা ও ছোট দিবা দিবসের প্রয়োজন হয়, কন্দ উৎপাদনের জন্য কমপক্ষে 8 ঘণ্টা দিনের দৈর্ঘ্যের প্রয়োজন হয়। এ জাতের রসুনের গলা নরম হয় এবং কন্দ ও কোয়া ছোট হয়। কন্দে কোয়ার সংখ্যা নাতিশীতোষ্ণ অঞ্চলের জাতের চেয়ে বেশী হয়। এ জাতের রসুনের সংরক্ষণ ক্ষমতা নাতিশীতোষ্ণ অঞ্চলের রসুনের চেয়ে ভালো। এ অঞ্চলের রসুনে ফুল উৎপন্ন হয় না। উষ্ণ/অব-উষ্ণ অঞ্চলের রসুনের ঝাঁঝ অত্যন্ত বেশী। উষ্ণ/অব-উষ্ণ অঞ্চলের রসুনের সাধারণত 5টি বৃদ্ধি পর্যায় থাকে যথা- অংকুরোদগম, গাছের দৈহিক বৃদ্ধি, কোয়ার উৎপাদন, কোয়ার বৃদ্ধি/গঠনের এবং কন্দের পরিপক্কতা। রসুনের বিভিন্ন বৃদ্ধি পর্যায়ে বিভিন্ন ধরনের তাপমাত্রার প্রয়োজন হয়ে থাকে। রসুনের অংকুরোদগমের জন্য মাটির উচ্চ তাপমাত্রার (13-240 সে.) প্রয়োজন হয়। এ জাতটি উষ্ণ/অব-উষ্ণ অঞ্চলের রসুন হওয়ায় রবি মৌসুমে গাছের দৈহিক বৃদ্ধির (রসুনের কোয়া উৎপাদনের পূর্বে) জন্য 15-170 সে. তাপমাত্রার প্রয়োজন হয়। কোয়ার উৎপাদনের জন্য 5-100 সে., কোয়ার বৃদ্ধি/গঠনের জন্য 15-200 সে. এবং পরিপক্কতার জন্য 20্ল-250 সে. তাপমাত্রা প্রয়োজন। রসুন লাগানোর পর অতিরিক্ত গরম, মেঘলা আবহাওয়া বা বেশী বৃষ্টিপাত হলে কন্দ ভলোভাবে গঠিত হয় না। অধিক বৃষ্টিপাত ও কুয়াশাচছন্ন আবহাওয়ায় রোগ বালাই ও পোকামাকড়ের তীব্রতা বৃদ্ধি পায় যা কন্দ উৎপাদনে ব্যাঘাত সৃষ্টি করে। রসুন সমূদ্র সমতল থেকে 1000-1300 মি. উচ্চতা পর্যন্ত ভালোভাবে জন্মে থাকে। প্রস্তাবিত জাতটি উষ্ণ/অব-উষ্ণ অঞ্চলের রসুন।"
spice,garlic,রসুন,408,sowing_time,রোপন সময়,"ঠান্ডা আবহাওয়া অনুক‚ল বলে, বাংলাদেশে সর্বত্র রবি মৌসুমে (শীতকাল) বারি রসুন-5 জাতের রসুনের চাষ করা যায়। সাধারণতঃ সমতল ভ‚মিতে নভেম্বর-মার্চ (15 কার্তিক-15 চৈত্র) মাসে রসুনের চাষ করা হয়ে থাকে। তবে রসুন নিম্ন তাপমাত্রার ফসল বিধায় জমির প্রাপ্যতা এবং জো অবস্থা সাপেক্ষে 15 অক্টোবর (কার্তিকের প্রথম :সপ্তাহ) রসুন চাষ করলে অনেক ভালো ফলন পাওয়া যায়।"
spice,garlic,রসুন,408,land_preparation,জমি তেরী,কমপক্ষে 15 সেমি গভীর পর্যন্ত কর্ষণীয় জমি 4-5টি চাষ ও মই দিয়ে ঢেলা ভেঙ্গে ঝুরঝুরে করে প্রস্তুত করা হয়। আগাছাসহ অন্যান্য আবর্জনা ভালোভাবে পরিস্কার করে কোয়া রোপণ করা হয়।
spice,garlic,রসুন,408,other,বংশবৃদ্ধি,"রসুনকে 3টি মাধ্যমে বংশবৃদ্ধি করা যায় যথা- কোয়া, বুলবিল এবং প্রকৃত বীজ। রসুনে কোয়ার মাধ্যমে বংশবৃদ্ধি সর্বাধিক প্রচলিত। নাতিশীতোষ্ণ অঞ্চলে প্রকৃত বীজের মাধ্যমেও রসুনের চাষ করা হয়ে থাকে।"
spice,garlic,রসুন,408,sowing_method,রোপন পদ্ধতি,রোগবালাই ও জখমমুক্ত সুস্থ কোয়া রোপণের জন্য বাছাই করা হয়। ছোট কোয়া রোপন করা উচিৎ নয়। নিম্ন লিখিত 2টি পদ্ধতিতে রসুন চাষ করা হয়ে থাকে।
spice,garlic,রসুন,408,other,(ক) ডিবলিং পদ্ধতি,প্রথমে এ পদ্ধতিতে রসুনের জমিকে সেচের সুবিধার জন্য অনেকগুলো প্লটে বিভক্ত করা হয়। পরে কোয়ার অংকুরোদগমের প্রান্ত উপরের দিকে রেখে 5-7 সেমি মাটির গভীরে রোপণ করা হয়ে থাকে। সারি থেকে সারির দূরত্ব 15 সেমি বজায় রেখে প্রতি সারিতে 10 সেমি পর পর কোয়া রোপণ করা হয়। কোয়া রোপণের পর ঝুরঝুরা মাটি দিয়ে ঢেকে দেওয়া হয়। সাধারণত এ পদ্ধতিতে নরম মাটিতে সুতা দিয়ে লাইন করে কোয়া মাটিতে রোপন করতে হয়।
spice,garlic,রসুন,408,sowing_method,(খ) নালা রোপন পদ্ধতি,এ পদ্ধতিতে সুনিষ্কাশিত জৈব পদার্থ সমৃদ্ধ চাষকৃত দোঁ-আশ মাটিতে লাঙ্গল দিয়ে সোজা নালা তৈরী করে কোয়া রোপন করা হয়। নালা রোপন পদ্ধতি রসুন চাষের জন্য ভালো। একটি আদর্শ ব্লক (4 মিটার লম্বা এবং 1.5 মিটার প্রস্থ) নির্মাণ করে ব্লকের মধ্যে রো-কোদাল দিয়ে 2.5-3.0 সেমি গভীর নালা তৈরি করা হয়। নালার মধ্যে 10 সেমি পর পর কোয়া রোপণ করা হয়। এক নালা থেকে অন্য নালার দূরত্ব 15 সেমি বজায় রাখা হয়। রসুন বিলম্বে রোপণ করলে রোপণ দূরত্ব ঘন করতে হয়। কোয়া রোপণের পর পার্শ্ববর্তী ঝুরঝুরা মাটি দিয়ে কোয়া ঢেকে দেওয়া হয়। রোপণের পর মাটির অবস্থা বুঝে হালকা সেচ দেওয়া যেতে পারে।
spice,garlic,রসুন,408,other,বিনা চাষে রসুন উৎপাদন,"বাংলাদেশে রসুনের চাষযোগ্য অনেক নিচু জমি আছে যা বন্যা প্লাবিত যেমন- চলনবিল। এ সমস্ত জমিতে সাধারণত গভীর পানির ধান করা হয়ে থাকে। এ সমস্ত এলাকায় বন্যার পানি নেমে গেলে ধানের খড় গোড়া থেকে কাটা হয় এবং এক জায়গায় স্তুপ করে রাখা হয়। প্রয়োজনে আগাছা পরিস্কার করা হয়। এর পর নরম মাটিতে আগাছানাশক (পেনডিমিথালিন 33 ইসি @ 2 লিটার/হেক্টর বা অক্সিফ্লুরফেন 23.5 ইসি @ 1 লিটার/হেক্টর) স্প্রে করার পর বিনা চাষে রসুনের কোয়া রোপণ করা হয়। সারি পদ্ধতিতে কোয়া রোপণ করলে পরবর্তী আন্তঃপরিচর্যার কার্যক্রম সহজ হয়। রোপণকৃত রসুনের জমিতে স্তুপিকৃত ধানের খড় দিয়ে 4-5 সেমি পুরু করে মালচিং করা হয়। ধানের খড়ের অভাব হলে কচুরিপানা দিয়ে মালচিং করা যেতে পারে। সময়মত রোপণ করলে জমির বিদ্যমান আর্দরতায় রসুনের গাছ মাটি থেকে বাহির হয়ে আসে। বিনা চাষে রসুন চাষ পদ্ধতিতে হেক্টর প্রতি 100-120 কেজি ইউরিয়া, 80-90 কেজি টিএসপি ও 150-180 কেজি এমওপি সার প্রয়োগ করা হয়ে থাকে। কোয়া রোপণের আগে সম্পূর্ণ টিএসপি, অর্ধেক ইউরিয়া ও অর্ধেক এমওপি জমিতে প্রয়োগ করতে হবে। অবশিষ্ট ইউরিয়া ও এমওপি সার সমান দুই ভাগ করে রসুন রোপণের 25-30 দিন ও 50-60 দিন পর প্রয়োগ করতে হবে। পরবর্তীতে স্বাভাবিক রসুন চাষের মত অন্যান্য কার্যক্রম পরিচালনা করতে হবে।"
spice,garlic,রসুন,408,seed_rate,বীজের হার,সাধারণত রসুনের কোয়া বীজ হিসাবে ব্যবহৃত হয়। বারি রসুন-5 এর কোয়ার গড় ওজন বেশী (প্রায় 0.75-1.0 গ্রাম) হওয়ায় বিদ্যমান জাতের তুলনায় এ জাতের বীজ হার বেশী প্রয়োজন। কোয়ার আকার অনুযায়ী হেক্টর প্রতি 500-600 কেজি কোয়ার প্রয়োজন হয়। কোয়া রোপণের পুর্বে প্রতি কেজি বীজের সাথে 3-4 গ্রাম সিকিউর/রোভরাল/ব্যাভিস্টিন মিশিয়ে বীজ শোধন করা যায়।
spice,garlic,রসুন,408,fertilizer,সারের পরিমাণ ও প্রয়োগ পদ্ধতি,"জমির অবস্থা বুঝে সারের মাত্রা কম-বেশী হয়ে থাকে। রসুনের ফলন ও গুণগত মান ভালো পেতে হলে সঠিক সময়ে সঠিক পরিমান সার প্রয়োগ করতে হবে। জৈব সার প্রয়োগ করলে রসুনের ফলন ও মান উভয়ই বেড়ে যায়। সার মোট পরিমাণ শেষ চাষের সময় প্রয়োগ পরবর্তী পরিচর্যা হিসেবে প্রয়োগ 1ম কিস্তি 2য় কিস্তি গোবর 5 টন সব ছাই 3 টন সব টিএসপি 267 কেজি সব এমওপি 333 কেজি 167 কেজি 83 কেজি 83 কেজি সম্পূর্ণ পচা গোবর সার জমি চাষের পূর্বে প্রয়োগ করে জমি চাষ করা হয়। সম্পূর্ণ টি এস পি, জিপসাম, জিংক অক্সাইড, বরিক এসিড এবং অর্ধেক ইউরিয়া ও অর্ধেক এমওপি জমি তৈরির শেষ চাষের সময় প্রয়োগ করতে হয়। বাকি অর্ধেক ইউরিয়া ও এমওপি দুই কিস্তিতে সমান ভাবে কোয়া রোপণের 25-30 দিন এবং 50-60 দিন পর দিতে হবে। রসুনের বৃদ্ধি পর্যায়ে জমিতে ছাই প্রয়োগ করা হয়ে থাকে। ছাই ব্যবহার করলে রসুনের জমিতে রোগ-বালাইয়ের আক্রমণ কম হয় এবং মাটি মাটি আলগা থাকে। ফলে রসুনের ফলন ও মান উভয়ই ভালো হয়।"
spice,garlic,রসুন,408,intercultural,আন্তঃপরিচর্যা,"ফসলের জমিতে আগাছা নিয়ন্ত্রণ, বিভিন্ন ধরনের মালচিং, সেচ প্রয়োগ, রোগ-বালাই নিয়ন্ত্রণ ইত্যাদি আন্তঃপরিচর্যার প্রয়োজন হয়। নিম্নে বিভিন্ন প্রকার আন্তঃপরিচর্যার সংক্ষিপ্ত বর্ণনা করা হলো।"
spice,garlic,রসুন,408,intercultural,আগাছা নিয়ন্ত্রণ ব্যবস্থাপনা,"রসুনের জমিতে বিভিন্ন প্রকার আগাছা জন্মে থাকে। আগাছা পুষ্টি, জায়গা, পানি, আলো নিয়ে রসুনের গাছের সাথে প্রতিযোগিতা করে। তাছাড়া আগাছা বিভিন্ন প্রজাতির রোগজীবানুর আশ্রয় স্থল। সময় মত ফসলী জমির আগাছা নিয়ন্ত্রণ না করলে রসুনের ফলন ও গুণগত মান উভয়ই ব্যাপকভাবে হ্রাস পায়। কন্দ গঠনের আগ পর্যন্ত 2-3টি নিড়ানি দিয়ে, আগাছা পরিস্কার ও মাটি আলগা করে দেওয়া উচিত। রসুনের জমিতে হাল্কাভাবে নিড়ানি দেওয়া প্রয়োজন, যাতে শিকড় ক্ষতিগ্রস্থ না হয়। প্রতিবারই ক্ষেতে নিড়ানির পর ঝুরঝুরা মাটি দিয়ে গাছের গোড়া ঢেকে দিতে হয়। শুধূমাত্র হাত দিয়ে অগাছা নিয়ন্ত্রণ করলে রসুনের উৎপাদন খরচ বেড়ে যায়। সে লক্ষে রসুন চাষের আগে ও ফসলী জমিতে আগাছানাশক স্প্রে করা যেতে পারে। রসুন রোপণের 5-7 দিন আগে জমি পানি দিয়ে ভিজিয়ে আগাছানাশক (পেনডিমিথালিন 33 ইসি @ 2 লিটার/হেক্টর বা অক্সিফ্লুরফেন 23.5 ইসি @ 1 লিটার/হেক্টর) এবং কোয়া রোপণের 45-65 দিনের মধ্যে পুনরায় আরেকবার বর্ণিত আগাছানাশক স্প্রে করা যেতে পারে।"
spice,garlic,রসুন,408,intercultural,মালচিং,"ফসলের জমিতে বিভিন্ন মালচ যেমন- খড়, কাঠের গুড়া, শুকনা পাতা ব্যবহার করে মাটি ঢেকে অথবা সেচ দেওয়ার পর মাটির চটা বাঁধা ভেঙ্গে দিয়ে ফসলী জমির আর্দ্রতা সংরক্ষণসহ অন্যান্য উন্নয়ন কার্যক্রমকে মালচিং বলে। মালচ বাষ্পীভবনের হার কমিয়ে মাটির আর্দ্রতা সংরক্ষণ করে এবং আগাছা নিয়ন্ত্রণে সহায়তা করে থাকে। জমিতে 4-5 সেন্টিমিটার পুরু করে কচুরিপানা বা ধানের খড় দ্বারা মালচ প্রয়োগ করলে রসুনের ফলন ও গুণগত মান উভয়ই ভালো হয়। মালচিং করলে তুলনামূলক কম সেচের প্রয়োজন হয়।"
spice,garlic,রসুন,408,irrigation,সেচ ব্যবস্থাপনা,"রসুনের কোয়া রোপণ করার পর প্রথম সেচ দেওয়া হয়। রসুনের চারা বের না হওয়া পর্যন্ত জমির আর্দরতার উপর নির্ভর করে পুনরায় সেচ ওেয়া যেতে পারে। চারা প্রতিষ্ঠিত হয়ে গেলে মাটির আর্দরতার অবস্থা বুঝে 10-15 দিন পর পর রসুনের জমিতে সেচের প্রয়োজন হয়। রসুনের জমিতে বিশেষ করে কন্দ গঠনের সময় উপযুক্ত পরিমানে রস থাকা দরকার। মাটির রস স্বাভাবিকের চেয়ে কম হলে কন্দের বৃদ্ধি ও গঠনে বাধাগ্রস্থ হয়, ফলে রসুনের ফলন ও গুণগত মান হ্রাস পায়। রসুনের ক্ষেতে মাটির চটা বাঁধা কন্দের বৃদ্ধির পরিপন্থি। পানি সেচের পর মাটির জো আসার সাথে সাথে চটা ভেঙ্গে দিতে হয়। রসুন কোনো অবস্থাতে পানিবদ্ধতা সহ্য করতে পারে না। সুতরাং জমিতে পানি নিষ্কাশনের ব্যবস্থা থাকতে হবে। সেচ প্রয়োগের 30-60 মিনিট পর সেচ নালা খুলে দিতে হবে। পানি সেচ অবশ্যই ফসল উত্তোলনের 3-4 সপ্তাহ পূর্ব থেকে বন্ধ রাখতে হবে। রসুন উপযুক্তভাবে পরিপক্কতা ও সুস্থ কন্দ উৎপাদনে এ সময়ে সেচ বন্ধ করা জরুরী। এ কার্যক্রমের কারণে রসুনের ফলন ও মান উভয়ই বেড়ে যায়। তাছাড়া এ সময়ের মধ্যে সেচ প্রয়োগ করলে সংরক্ষণাগারে রসুন বিভিন্ন ভাবে নষ্ট হয়ে যায়।"
spice,garlic,রসুন,408,pest_disease,পোকা-মাকড়,"রসুন সাধারণত থ্রিপস/চুষি পোকা, কাটুই পোকা, রেড স্পাইডার ও মাইট দ্বারা আক্রান্ত হয়। থ্রিপস পাতার রস চুষে খাওয়ার কারণে পাতায় প্রথমে সাদা দাগ দেখা যায়। পরে পাতার অগ্রভাগ বাদামী হয়ে শুকিয়ে যায় এবং পাতা মরে নলের আকার ধারন করে। কাটুই পোকা গাছের গোড়া কেটে দেয়। রসুন সংরক্ষণকালে সিগারেট বিটল, লেপিডপটেরা বোরার ও ব্লাক/শুটি মোল্ড দ্বারা আক্রান্ত হয়।"
spice,garlic,রসুন,408,pest_disease,দমন ব্যবস্থাপনা, কনফিডর/কেরাট/টাফগর/এডমায়ার/গেইন/সাকসেস/মোকেভলেটা প্রতি লিটার পানিতে 1 মিলিলিটার হারে স্প্রে করে সহজেই দমন করা যায়।  কাটুই পোকা হাত দিয়ে মারা যায় অথবা প্লাবন সেচ দিয়ে দমন করা যায়।  সংরক্ষণাগারে ফসক্সিন/ফিউমিগেন্ট দিয়ে সংরক্ষণকালীন পোকামাকড় দমন করা যায়। এ ছাড়াও উত্তম পরিপক্ক রসুন গাছসহ কিউরিং করে বেনী বেধে সংরক্ষণ করলে রসুনের কম ক্ষতি হয়।
spice,garlic,রসুন,408,pest_disease,রোগ,"রসুনের রোগ বালাইয়ের মধ্যে পার্পল ব্লচ, ঢলে পড়া এবং পাতা ঝলসানো রোগ অন্যতম। পার্পল ব্লচ রোগের কারণে প্রথমে পাতায় রিং (Ring) আকারে দাগের সৃষ্টি হয়, পরে আস্তে আস্তে সমস্ত গাছে রোগ ছড়িয়ে পড়ে এবং গাছ হলুদ হয়ে মারা যায়। পাতা ঝলসানো রোগের ফলে পাতার উপর ছোট ছোট সাদাটে গোল দাগ দেখা যায়। ফলে পাতা প্রথমে হলদে ও পরে বাদামী রং ধারন করে ঝলসে শুকিয়ে যায়। অনেক সময় কপার/পটাসিয়ামের অভাবে রসুনের ডগা পোড়া (Tip burn) রোগে আক্রান্ত হয়ে পাতা শুকিয়ে যায়।"
spice,garlic,রসুন,408,pest_disease,দমন ব্যবস্থাপনা, বোর্দোমিক্সার (তুঁতেঃ চুনঃ পানি = 1ঃ1ঃ100) বা ডাইথেন এম-45/রোভরাল 2 গ্রাম/ মেত্রপোজের 2 গ্রাম প্রতি লিটার পানিতে মিশিয়ে 10-12 দিন পর পর 3-4 বার স্প্রে করে দমন করা যায়।  পটাশের অভাবজনিত ডগা শুকিয়ে যাওয়া রোগ প্রতিরোধে মূল সারের পাশাপাশি অতিরিক্ত পটাশ সার পরবর্তীতে জমিতে প্রয়োগ করতে হবে। এছাড়া টেবুকোনাজল গ্রুপের ছত্রাকনাশক (ফলিকিউর) ব্যবহার করলে এ সমস্যা সহজেই দমন করা যায়।
spice,garlic,রসুন,408,harvest,ফসল সংগ্রহ,উষ্ণ/অব-উষ্ণ অঞ্চলে রসুন 5-5.5 মাসের ফসল। রসুন রোপনের দুই মাস পর থেকে কন্দ গঠিত হতে থাকে। সাড়ে তিন মাস পরে কন্দ পুষ্ট হতে শুরু করে। 140-150 দিন পরে রসুন উত্তোলন করা যায়। রসুন গাছের কিছু লক্ষণ দেখে কন্দ তোলার উপযুক্ত সময় বোঝা যায়। পাতা হলদে বা বাদামী হয়ে শুকিয়ে যেতে থাকলে বুঝতে হবে রসুন পরিপক্ক হয়েছে। তবে সংগ্রহের সময় এ জাতটির পাতা হালকা সবুজ থাকে। এক্ষেত্রে কন্দের বাহিরের দিকের কোয়াগুলো পুষ্ট হয়ে লম্বালম্বিভাবে ফুলে উঠে এবং দুটি কোয়ার মাঝে খাঁজ দেখা যায়। গাছ হাত দিয়ে টেনে তুলে মাটি ঝেড়ে পরিষ্কার করতে হবে। এরপর কন্দগুলি পাতাসহ ছোট ছোট আটি বেঁধে 3-4 দিন রোদে শুকানো হয়। শুকানোর পর কন্দের 2.0-2.5 সেমি উপরে গলা কেটে পরিস্কার করে সংরক্ষণাগারে রাখা হয়।
spice,garlic,রসুন,408,other,গুদামজাতকরণ,শুকনা রসুন সহজে আলো বাতাস চলাচল করে এমন ঘরের ছাদে বাঁশের লাঠিতে ঝুলিয়ে রাখা হয়। এতে রসুন সবচেয়ে ভাল থাকে। রসুনের পরিমাণ বেশী হলে বায়ু চলাচলের সুব্যবস্থাযুক্ত সংরক্ষণাগারে রসুন স্তুপ আকারে রাখা যেতে পারে। এছাড়া হিমাগরে 0-20 সে. তাপমাত্রায় এবং শতকরা 60-70 ভাগ আপেক্ষিক আর্দ্রতায় রসুন ভালভাবে বেশী দিন রাখা যায়।
spice,ginger,আদা,413,soil_climate,আবহাওয়া জলবায়ু,"আমাদের দেশে আদার উৎপাদনকাল সমগ্র খরিফ মৌসুমব্যাপী বিস্তৃত। আদার জন্য উষ্ণ ও আর্দ্র আবহওয়া দরকার। অল্প ছায়াযুক্ত স্থানে আদা ভাল হয়। আদা রোপণের পরপরই গজানো জন্য মাটিতে যথেষ্ট রস থাকা দরকার। তাই রোপণের পর বৃষ্টিপাত না হলে জমিতে সেচ প্রদান করতে হয়। সমুদ্র পৃষ্ঠ হতে 1500 মিটার উঁচু পার্বত্য অঞ্চলেও আদা চাষ করা যায়। আদার জন্য বাৎসরিক 3,000 মিমি বৃষ্টিপাত প্রয়োজন। আদা 28-350 সে. তাপমাত্রা চাষাবাদ করা যায় তবে তাপমাত্রায় 100 সে. এর নিচে নেমে গেলে আদা গাছ মারা যায়।"
spice,ginger,আদা,413,soil_climate,মাটি,ঊর্বর দোআঁশ মাটি আদার চাষের জন্য সবচেয়ে ভাল। তবে বেলে দোআঁশ থেকে এঁটেল দোআঁশ মাটিতেও চাষ আদা চাষ করা যায়। এঁটেল দোআঁশ মাটিতে চাষ করতে হলে পানি নিষ্কাশনের খুব ভাল ব্যবস্থা থাকতে হবে। জমিতে পানি বেঁধে থাকলে আদা পচে নষ্ট হয়ে যায়।
spice,ginger,আদা,413,sowing_time,বীজ রোপণ সময়,এপ্রিল মাসের প্রথম-দ্বিতীয় সপ্তাহে রোপণকৃত বারি আদা-আদা-2 ও আদা- 3 থেকে ফলন সবচেয়ে বেশি পাওয়া যায়। আদা মে মাস পর্যন্ত রোপণ করা যায়। গাছের দৈহিক বৃদ্ধির 3-4 মাস পর রাইজম উৎপন্ন হয়। তাই দেরিতে রোপণকৃত আদা গাছের বৃদ্ধি যথাযথ না হওয়ার কারণে ফলন কম হয়।
spice,ginger,আদা,413,land_preparation,জমি শোধন,আদা গাছে কাণ্ড পচা রোগের আক্রমণ সবচেয়ে বেশি। এ রোগ প্রতিরোধের জন্য মাটি শোধন করতে হয়। মাটি শোধনের কয়েকটি পদ্ধতি নিচে দেওয়া হলো।  নিম খৈল প্রতি শতকে 2 কেজি হারে প্রয়োগ করে মাটি শোধন করা যায়।  ফুরাডান প্রতি বিঘায় 2-2.5 কেজি হারে প্রয়োগ করে মাটি শোধন করা যায়।  আদা লাগানোর 15-20 দিন পূর্বে জমি ভালভাবে চাষ দিয়ে মাটি আলগা করে মাটির উপরে ধানের তুষ বা কাঠের গুঁড়া স্তর আকারে বিছিয়ে তাতে আগুন দিয়ে মাটি শোধন করা যায়।
spice,ginger,আদা,413,land_preparation,জমি তৈরি,মার্চ-এপ্রিল মাসে বৃষ্টি হওয়ার পর জমিতে যখন ‘জো’ আসে তখন 6-8 টি চাষ ও মই দিয়ে জমি তৈরি করা হয়। এরপর 1.5 মিটার প্রস্থ এবং 4 মিটার দৈর্ঘ্যের বা জমির আকার অনুযায়ী দৈর্ঘেযর বেড তৈরি করে নিয়ে চারিদিকে 1-1.5 ফুট গভীর নালা করে নালার মাটি বেডের উপর দিয়ে বেডকে উঁচু করতে হবে। পানি সেচ ও নিষ্কাশনের সুবিধার জন্য দুটি বেডের মাঝখানে 50 সেমি প্রশস্ত নালা রাখতে হবে।
spice,ginger,আদা,413,other,বীজের আকার এবং হার,ফলন বীজের আকারের উপর নির্ভর করে। এজন্য 25-50 গ্রাম পর্যন্ত বীজ লাগানো যায়। তবে আর্থিক ও প্রাপ্যতা বিবেচনায় গবেষণায় প্রাপ্ত ফলাফলে দেখা গেছে যে 40-45 গ্রাম আকারের বীজ আদা রোপণ করলে লাভজনক ফলন পাওয়া যায়। এ আকারের বীজ ব্যবহার করলে হেক্টরপ্রতি 2800-3000 কেজি আদার দরকার হয়।
spice,ginger,আদা,413,other,বীজ শোধন,বীজের মাধ্যমে আদা সংক্রমিত হয় বিধায় নিম্নলিখিত পদ্ধতিতে আদা বীজ শোধন করতে হবে। এ জন্য 75-80 লিটার পানিতে 100 গ্রাম ডাইথেন এম-45 বা অন্য কোন ছত্রাকনাশক ঔষধ মিশিয়ে তার মধ্যে 100 কেজি আদা বীজ 30-40 মিনিট ডুবিয়ে রাখতে হবে। এরপর উক্ত বীজ আদা উঠিয়ে ছায়াযুক্ত জায়গায় শুকাতে হবে এবং তারপর জমিতে রোপণ/লাগাতে হবে। আদা বীজ জমিতে লাগানোর পূর্বে ঝুড়িতে বিছিয়ে তার উপর খড়/চটের বস্তা দিয়ে ঢেকে রাখলে কয়েকদিনের মধ্যে ভ্রণ বের হয়। এ রকম গাজানো আদা বীজ থেকে দ্রুত আদার গাছ জন্মায়।
spice,ginger,আদা,413,sowing_method,বীজ রোপণ,বারি আদা-1 এর বীজ দুইভাবে রোপণ করা যায় যেমন- বহুসারি পদ্ধতি ও একক সারি পদ্ধতি বহুসারি পদ্ধতি আদা বীজ বেডে সারি থেকে সারি 30 সেমি দূরত্বে এবং রাইজম/কন্দ থেকে কন্দ 25 সেমি দূরত্বে রোপণ করা হয়। একক সারি পদ্ধতিতে বীজ আদা সরু লাঙ্গল বা রো-কোদাল দিয়ে 50-60 সেমি দূরে দূরে 5-6 সেমি গভীর করে সারি তৈরি করে এতে 25-30 সেমি দূরত্বে বীজ আদা লাগাতে হয়। সারিতে বীজ আদা লাগানোর সময় বীজের অঙ্কুরিত মুখ একইদিকে রাখতে হয় রোপণের 75-90 দিন পর সারির এক পার্শ্বের মাটি সরিয়ে সহজেই পিলাই সংগ্রহ করা যায়। এভাবে পিলাই আদা সংগ্রহ করে বিক্রি করলে বীজের খরচ 50-60 ভাগ উঠে আসে।
spice,ginger,আদা,413,fertilizer,সারের পরিমাণ ও প্রয়োগ পদ্ধতি,কৃষি পরিবেশ অঞ্চলের উপর সারের পরিমাণ নির্ভর করে। বেশি ফলন পেতে হলে আদার জমিতে প্রচুর পরিমাণ জৈব সার প্রয়োগ করতে হবে।
spice,ginger,আদা,413,other,বারি আদা-,"1, 2 ও 3"
spice,ginger,আদা,413,fertilizer,এর জন্য প্রতি হেক্টরে নিম্নোক্ত পরিমাণে জৈব ও অজৈব সার প্রয়োগ করতে হবে।,"সম্পূর্ণ গোবর সার, টিএসপি, জিপসাম, জিংক, সালফেট, বরিক এসিড ও অর্ধেক এমওপি জমি তৈরির শেষ চাষের সময় মাটিতে ভালভাবে মিশিয়ে দিতে হবে। প্রথম কিস্তিতে অর্ধেক ইউরিয়া আদা লাগানোর 50 দিন পর জমিতে প্রয়োগ করতে হবে। অবশিষ্ট ইউরিয়া ও এমওপি সার 2য় ও 3য় কিস্তিতে সমান দুইভাগে ভাগ করে বপনের যথাক্রমে 80 ও 110 দিন পর প্রয়োগ করতে হবে।"
spice,ginger,আদা,413,intercultural,আন্তঃপরিচর্যা,"বীজ রোপণের 2-3 সপ্তাহ পর আদা গাছ বের হয়। আদা লাগানোর পর প্রয়োজনে জমিতে সেচ দিতে হবে। রোপণের 4-5 সপ্তাহ পর থেকে জমির আগাছা ভালভাবে পরিষ্কার করে দিতে হবে। এরপর প্রতিবার ইউরিয়া সার প্রয়োগ করার পূর্বে আগাছা পরিষ্কার করতে হবে। সার প্রয়োগ করে গাছের গোড়ায় মাটি তুলে দিতে হবে। এছাড়াও গাছের কাণ্ডের সংখ্যা বৃদ্ধি, রাইজমের সঠিক বৃদ্ধির লক্ষ্যে ও পানি নিষ্কাশনের সুবিধার জন্য 2-3 বার আদার দুই সারির মাঝখান থেকে মাটি তুলে সারি বরাবর আদার গাছের গোড়ায় দিতে হবে।"
spice,ginger,আদা,413,intercultural,মালচিং প্রয়োগ,"ধানের খড়, কচুরিপানা বা অন্য গাছের লতা পাতা দিয়ে মালচিং করে আদা চাষ করা যায়। এতে উৎপাদন খরচ যেমন কমানো যায় অন্যদিকে মাটি আর্দ্রতাও সংরক্ষণ করা যায়। ফলে বীজ আদা থেকে তাড়াতাড়ি গাছ বের হতে পারে।"
spice,ginger,আদা,413,other,ছায়া প্রদান,আদা আংশিক ছায়া পছন্দকারী ফসল। সরাসরি প্রখর সূর্যালোকে আদা গাছের বৃদ্ধি ও ফলন ব্যহত হয়। এক্ষেত্রে আদার মাঠে 3 - 4 সারি পর পর এক সারি করে ধৈঞ্চার বীজ 4-5 ফুট দূরত্বে বপন করে ছায়ার ব্যাবস্থা করা যেতে পারে। এতে গাছের বৃদ্ধি ও ফলন ভাল হয়।
spice,ginger,আদা,413,fertilizer,সার মোট পরিমাণ,
spice,ginger,আদা,413,other,প্রথম দ্বিতীয় তৃতীয়,গোবর 5 টন 5টন - - - ইউরিয়া 304 - 152 76 76 টিএসপি 267 267 - - - এমওপি 233 116 - 59 59 জিংক সালফেট 3 3 - - - জিপসাম 111 110 - - - বরিক এসিড 3 3 - - -
spice,ginger,আদা,413,pest_disease,রোগ ও পোকামাকড়,
spice,ginger,আদা,413,pest_disease,রাইজোম রট বা কন্দ পচা,"কন্দ পচা রোগ আদা ফসলের একটি বিনাশকারী মারাত্মক রোগ। এই রোগের আক্রমণে আদা ফসলের ক্ষেত সম্পূর্ণ নষ্ট হওয়ার সম্ভাবনা থাকে ও ফলন মারাত্মকভাবে হ্রাস পায়। এটি মাটি ও বীজবাহিত রোগ। Pythium sp. (P. aphanidermatum, P. debaryanum & P. gingiberasum), Fusarium sp., Pseudomonas sp. ইত্যাদি জীবাণু এবং Melodygyne sp. বা Root knot Nematodes এর সম্মিলিত আক্রমণে এ রোগের সৃষ্টি হয়। এ রোগ বীজ আদা, মাটি, ব্যবহৃত যন্ত্রপাতি এবং আদা ক্ষেতে ব্যবহৃত জুতার মাধ্যমেও বিস্তার ঘটে। দক্ষিণ-পশ্চিম মৌসুমী বায়ুর প্রভাবে সংগঠিত বৃষ্টিপাতের ফলে সৃষ্ট আর্দ্র আবহাওয়ায় আক্রমণের তীব্রতা এবং ছত্রাকের দ্রুত বংশ বৃদ্ধি ঘটে। চারা বা কচি অবস্থায় গাছ এই রোগের প্রতি অধিকমাত্রায় সংবেদনশীল। গাছের কাণ্ড ও মাটির সঙ্গে স্থলে (কলার রিজিওন) প্রথমে আক্রমণ শুরু হয়ে ক্রমশ উপরে এবং নিচের দিকে ছড়িয়ে পড়ে। আক্রান্ত স্থানে এ পানিভেজা দাগ সৃষ্টি হয়। পচা রোগ দ্রুত রাইজমের দিকে ধাবিত হয় এবং একে নরম পচা (Soft rot) রোগও বলে। পরবর্তীতে শিকড়েও এই রোগের বিস্তার ঘটে।"
spice,ginger,আদা,413,pest_disease,লক্ষণ,বর্ষাকালে 4-6 সেমি দীর্ঘ গাছে এই রোগের লক্ষণ প্রথম প্রকাশ পায়। গাছের নিচের দিকের পাতার প্রান্তভাগে প্রথমে হালকা হলুদাভ লক্ষণ প্রকাশ পায় এবং পর্যায়ক্রমে পত্র ফলকে (Leaf blades) রোগ বিস্তার লাভ করে। এই রোগে আক্রমণের পাতার মধ্যভাগ সবুজ থাকলেও পাতার কিনারা ক্রমশ হলুদ হতে থাকে। গাছের উপর এবং নিচের সমস্ত পাতা হলুদ হয়ে গাছ ঝিমিয়ে পড়ে। এবং আদা ভূনিম্নস্থ কন্দ হওয়ায় আক্রান্ত গাছের মাটি সংলগ্ন এলাকায় পচনক্রিয়া শুরু হয় এবং ক্রমে পচন কন্দে ও শিকড়ে ছড়িয়ে পড়ে ফলে কন্দ নরম হয়ে ফুলে উঠে এবং অভ্যন্তরীণ টিস্যু সম্পূর্ণরূপে পচে যায়। মাটি সংলগ্ন পাতার ডাটা পচে ও শুকিয়ে মারা যায়। আক্রান্ত গাছ ধরে টান দিলে সহজে উঠে আসে।
spice,ginger,আদা,413,pest_disease,দমন পদ্ধতি," উত্তম পানি নিষ্কাশন সুবিধাযুক্ত উঁচু জমিতে এই রোগের আক্রমণ কম হয়।  একই জমিতে পর পর 2 বছর আদা চাষ করা থেকে বিরত থাকা।  পুষ্ট ও রোগমুক্ত বীজ আদা রোপণ করতে হবে।  রোপণের পূর্বে প্রতি লিটার পানিতে 2.5 গ্রাম হারে রিডোমিল গোল্ড বা 1 গ্রাম হারে অটোস্টিন মিশিয়ে উক্ত দ্রবণে বীজকন্দ 30-40 মিনিট ডুবিয়ে ছায়ায় শুকিয়ে নিয়ে রোপণ করতে হবে। একই পদ্ধতিতে বীজ কন্দ শোধন করে সংরক্ষণ করতে হবে।  আদার মাতৃকন্দসমূহ রোপণের পূর্বে রোপণ সারিতে Coppeasan দিয়ে শোধন, ইহা শুধু রোগ দমনে সাহায্যই করে না বরং মারাত্মক রোগের আক্রমণের হাত থেকেও ফসলকে রক্ষা করে।  প্রতি হেক্টর জমিতে নিম খৈল 2.5 টন অথবা বাদামের খৈল 1.1 টন প্রয়োগের ফলে রাইজোম রট হ্রাস পায় ও ফলন বৃদ্ধি পায়।  আগস্ট-সেপ্টেম্বর মাসে যখন আক্রমণের প্রাথমিক লক্ষণ প্রকাশ পায় তখন দ্রুত ব্লাইটক্স-50 বা ব্লু-কপার (কপার অক্সিক্লোরাইড 50% ডব্লিউ পি) প্রতি লিটার পানিতে 4 গ্রাম বা রিডোমিল গোল্ড প্রতি লিটার পানিতে 2 গ্রাম হারে মিশিয়ে মাটির সংযোগস্থলে 15-20 দিন পর পর গাছের গোড়ায় প্রয়োগ করতে হবে।"
spice,ginger,আদা,413,pest_disease,পাতার রোগ,পাতায় অনেক সময় ডিম্বাকৃতি দাগ দেখা যায়। এ দাগের মাঝখানে সাদা বা ধূসর রং ধারণ করে। পরে আক্রান্ত পাতা শুকিয়ে যায়।
spice,ginger,আদা,413,pest_disease,প্রতিকার,প্রতি লিটার পানিতে 2.5 গ্রাম ডাইথেন এম-45 মিশিয়ে 15দিন পর পর 2-3 বার স্প্রে করে এ রোগ দমন করা যায়।
spice,ginger,আদা,413,pest_disease,পোকামাকড়,বারি আদা-2 ও 3 এ রাইজোম ফ্লাই ছাড়া অন্য পোকার আক্রমণ তেমন হয়না। তবে মাঝে মাঝে কাণ্ড বা পাতা ছিদ্রকারী পোকার আক্রমণ দেখা যায়।
spice,ginger,আদা,413,other,রাইজোম ফ্লাই,রাইজোম ফ্লাই আদা চাষীদের নিকট একটি প্রধান সমস্যা এই পোকার আক্রমণে কোন কোন ক্ষেত্রে ফসল সম্পূর্ণ নষ্ট হতে পারে। রাইজোম ফ্লাই দেখতে কালো রঙের চিকন ও লম্বা দেহ বিশিষ্ঠ পোকা যার পাখা আছে। সাধারণত ছায়াযুক্ত স্থানে এবং গাছের পাতায় সকাল 6.0-9.0 এবং বিকাল 6.0-7.0 টার মধ্যে পূর্ণ বয়স্ক পোকা দেখা যায়। স্ত্রী পোকা জুন মাস থেকে শুরু করে সেপ্টেম্বর মাস পর্যন্ত আদা গাছের কলার রিজিয়নে (কাণ্ড ও মাটির সংযোগস্থল) এবং নতুন জন্মানো রাইজোমে ডিম পাড়ে। ডিম পাড়ার 1-2 দিনের মধ্যে ম্যাগোট বের হয় এবং কলারিজিয়নকে খাদ্য হিসাবে গ্রহণ করে। ফলে গাছ হলুদ ও কলার রিজিয়ন বাদামী বর্ণ ধারণ করে। আস্তে আস্তে ম্যাগোট রাইজোম ছিদ্র করে ভিতরে ঢুকে রাইজোমের ভিতরের অংশ খাওয়া শুরু করে। এপর্যায়ে 7-8 দিন পর পূর্ণাঙ্গ পোকা রুপে ক্ষতিগ্রস্ত রাইজোম থেকে বের হয়ে আসে।
spice,ginger,আদা,413,pest_disease,ক্ষতির ধরন,আদা লাগানোর 3 মাস পর থেকে বৃষ্টিপাত শুরুর পরবর্তী অবস্থায় জমিতে কোন কোন আদার গাছ হলুদ বর্ণ ধারণ করে। গাছ টান দিলে রাইজোম থেকে সহজেই বিচ্ছিন্ন হয়ে আসে। বিচ্ছিন্ন হওয়া গাছের নিচের অংশে সাদা রঙের কীড়া পাওয়া যায়। একইভাবে আক্রান্ত গাছের আদা তুললে সেখানেও কীড়া এবং লাল রঙের পুত্তলী পাওয়া যায়। আক্রান্ত আদা হতে পচা দুর্গন্ধ বের হয়।
spice,ginger,আদা,413,pest_disease,দমন ব্যবস্থ্যাপনা, সুস্থ বীজ ব্যবহার করতে হবে।  আদার জমি থেকে অতিরিক্ত পানি নিষ্কাশনের সুব্যবস্থা করতে হবে।  বপনের পূর্বে বীজ রিডোমীল 2 গ্রাম/লিটার হারে মিশ্রণে ভিজিয়ে বীজ শোধন করে নিতে হবে।  আক্রান্ত গাছ দেখা মাত্র কীড়া ও পুত্তলীসহ ক্ষতিগ্রস্থ গাছ তুলে ধবংস করতে হবে।  আক্রমণ বেশি হলে ক্লোরপারিফস 15জি 2 গ্রাম/ লিটার হারে মিশিয়ে 15 দিন অন্তর মোট 2বার গাছের গোড়াসহ মাটি ভালভাবে ভিজিয়ে দিতে হবে।
spice,ginger,আদা,413,pest_disease,পাতা ছিদ্রকারী পোকা,এই পোকা পাতা ছিদ্র করে খেয়ে ফেলে। কচি পাতায় এই পোকার আক্রমণ বেশি দেখা যায়। তবে বৃষ্টিপাত শুরু হলে পোকার আক্রমণ কমে যায়।
spice,ginger,আদা,413,pest_disease,দমন,আদার জমিতে এই পোকা দেখামাত্র হাত দিয়ে সংগ্রহ করে ধ্বংস করতে হবে তবে আক্রমণের মাত্রা বেশি হলে কিনালাক্স/ রিপকর্ড 1 মিলি হারে প্রতি লিটার পানির সাথে মিশিয়ে স্প্রে করে দমন করা যায়।
spice,ginger,আদা,413,harvest,ফসল সংগ্রহ,রাইজোম রোপণের 9-10 মাস পর পরিপক্ক ফসলের পাতা এবং গাছ হলুদ রঙের হয়ে শুকিয়ে যায়। ডিসেম্বর - জানুয়ারি মাসে কোদাল দিয়ে মাটি আলগা করে আদা উত্তোলন করা হয়। ফসল সংগ্রহের পর শিকড় ও মাটি পরিষ্কার করে আদা গুদামজাত করা হয়।
spice,ginger,আদা,413,yield,ফলন,বারি আদা-2 সাধারণত প্রতি হেক্টরে 37.99 টন ও বারি আদা-3 সাধারণত প্রতি হেক্টরে 29.05 টন পর্যন্ত ফলন দেয়।
spice,ginger,আদা,413,other,আদার সাথে সাথী ফসল চাষ,"আদা প্রায় 10-11 মাসের ফসল। একই জমিতে আদার উপর মাচা তৈরি করে মাচায় লতা জাতীয় সবজি যেমন- লাউ, পটল, চিচিঙ্গা, ঝিঙ্গা, শিম ইত্যাদি সবজি ও মাচার নিচে আদার চাষ করে অধিক মুনাফা অর্জন করা সম্ভব। এছাড়াও আদার সারির মাঝে পাতলা করে বেগুন বা মরিচ উৎপাদন করা যায়।"
spice,ginger,আদা,413,other,সংরক্ষণ,আদা উঠানোর পর পরিষ্কার ছায়াযুক্ত স্থানে মাটিতে গর্ত করে বা ঘরের মধ্যে মেঝেতে গর্ত করে গর্তের নিচে 2 ইঞ্চি পরিমাণ বালি দিয়ে পুরু করে তার উপর আদা রেখে আবার 1-2 ইঞ্চি বালুর স্তর দিয়ে আদা ঢেকে রাখতে হবে। এতে করে আদা শুকিয়ে যাওয়া রোধ করা যায়।
spice,turmeric,হলুদ,418,sowing_time,চাষের মৌসুম,খরিফ-1 মৌসুমে ‘বারি হলুদ-4’ ও ‘বারি হলুদ-5’ রোপণ করা হয়। সাধারণত মধ্য এপ্রিল থেকে মে মাসের 1ম সপ্তাহ (বৈশাখের 1ম থেকে 3য় সপ্তাহ) হলুদ লাগানোর উপযুক্ত সময়। উভয় জাতই রোপণ করার 9-10 মাস পর উত্তোলন করা যায়।
spice,turmeric,হলুদ,418,sowing_method,বংশ বিস্তার,"রূপান্তরিত কাণ্ড অর্থাৎ রাইজোম (কন্দ) দ্বারা হলুদের বংশ বৃদ্ধি হয়। মাতৃকন্দ ও পার্শ্বকন্দ (ফিংগার) বীজ হিসাবে ব্যবহৃত হয়। পরিপুষ্ট, সুস্থ, চকচকে ও রোগবালাই মুক্ত কন্দ নির্বাচন করতে হবে। অপর দিকে অন্যান্য হলুদ জাতের মত মাতৃকন্দের স্বল্পতায় সেকেন্ডারী ফিংগার ও বীজ হিসাবে ব্যবহার করা যেতে পারে।"
spice,turmeric,হলুদ,418,seed_rate,বীজ হার,বারি হলুদ-4 এর ক্ষেত্রে হেক্টরপ্রতি 2.5-3.0 টন কন্দের (রাইজোম) প্রয়োজন হয়। প্রায় 40-45 গ্রাম ওজন বিশিষ্ট কন্দ (রাইজোম) থেকে ভাল ফলন পাওয়া যায়। অপর দিকে বারি হলুদ-5 এর ক্ষেত্রে হেক্টরপ্রতি 1.5-2.0 টন কন্দ (রাইজোম) প্রয়োজন এবং কন্দের (রাইজোম) ওজন প্রায় 25-35 গ্রাম হওয়া বাঞ্চনীয়।
spice,turmeric,হলুদ,418,other,বীজ শোধন,"বীজ বাহিত বিভিন্ন রোগের আক্রমণ থেকে রক্ষা পাওয়ার জন্য বীজ শোধন পূর্বশর্ত। হলুদের বীজ কন্দ বিভিন্ন ধরনের ছত্রাকনাশক দিয়ে শোধন করা যায়। সেক্ষেত্রে রোপণের 6-8 ঘণ্টা আগে অটোস্টিন 2 গ্রাম প্রতি লিটার পানিতে মিশিয়ে হলুদ 30-40 মিনিট ডুবিয়ে রাখতে হবে, তারপর পানি থেকে রাইজোম তুলে নিয়ে ছায়ায় শুকিয়ে মূল জমিতে রোপণ করতে হবে।"
spice,turmeric,হলুদ,418,soil_climate,মাটি শোধন,ভাল ফলন পেতে হলে বীজ ও মাটি বাহিত রোগ থেকে হলুদ ফসলকে মুক্ত রাখার জন্য মাটি শোধন করা আবশ্যক। শেষ চাষের আগে ফুরাডান বা কুরাটার 5 কেজি হেক্টর হারে প্রতি 25-30 কেজি প্রয়োগ করতে হবে।
spice,turmeric,হলুদ,418,other,শষ্য পর্যায়,বারি হলুদ-4 ও বারি হলুদ-5 এর ভাল ফলন পেতে হলে শষ্য পর্যায় অবলম্বন করা আবশ্যক। পূর্ববর্তী ফসল আদা ও হলুদ জমিতে লাগালে পরের বছর সেই জমিতে হলুদ চাষ করা ঠিক নয়। তাছাড়া আলু বা অন্যান্য কন্দ জাতীয় ফসল মুক্ত জমি হলুদ চাষের জন্য নির্বাচন করতে হবে।
spice,turmeric,হলুদ,418,land_preparation,জমি তৈরি,"মাটি 4-5টি চাষ করে ও মই দিয়ে গভীরভাবে কর্ষণ করে জমি তৈরি করতে হবে। মাটি যাতে ঝুরঝুরে হয় সেদিকে লক্ষ্য রাখতে হবে। আগাছা, ও অন্যান্য বর্জয পদার্থ জমি থেকে সরিয়ে ফেলতে হবে। মাটির বড় বড় ঢিলা ভেঙ্গে ছোট করতে হবে। সর্বোপরি ভালভাবে মই দিয়ে জমি সমান করে নিতে হবে।"
spice,turmeric,হলুদ,418,spacing,রোপণ পদ্ধতি ও দূরত্ব,সাধারণত 2 টি পদ্ধতিতে হলুদ রোপণ করা যায়। একটি হলো বেড পদ্ধতি (Bed Method) অপরটি নালা পদ্ধতি (Ridge Method)। প্রথম পদ্ধতিতে (Bed Method) জমি প্রস্তুত হবার পর 1.2-1.8 মি প্রস্থ ও 25-30 সেমি উচ্চতায় সুবিধাজনক দৈর্ঘ্যে বেড তৈরি করতে হবে। পানি সেচ ও নিষ্কাশনের জন্য দুই বেডের মাঝে 60 সেমি প্রশস্ত নালা রাখতে হবে। এই পদ্ধতিতে 60 সেমি পরপর সারি টেনে সারিতে 25 সেমি পরপর 7-8 সেমি গভীরে বীজ কন্দ (রাইজোম) রোপণ করে মাটি দিয়ে ঢেকে দিতে হবে। পরবর্তীতে দুই বেডের মাঝের নালা থেকে মাটি উঠিয়ে দিতে হবে। নালা পদ্ধতিতে উপরোক্ত নিয়মে সারি টেনে বীজ কন্দ রোপণ করে দু’সারির মাঝের মাটি উঠিয়ে বীজ কন্দ ভালভাবে ঢেকে দিতে হবে।
spice,turmeric,হলুদ,418,fertilizer,সারের পরিমাণ ও প্রয়োগ পদ্ধতি,বারি হলুদ-4 ও বারি হলুদ-5 চাষের জন্য হেক্টরপ্রতি নিম্নোক্ত জৈব ও অজৈব সার প্রয়োগ করা হয়।
spice,turmeric,হলুদ,418,fertilizer,সারের নাম মোট পরিমাণ শেষ চাষের সময় পরবর্তী পরিচর্যা হিসেবে প্রয়োগ,"1ম কিস্তি 2য় কিস্তি 3য় কিস্তি গোবর 5 টন সব ইউরিয়া 325 কেজি 60 65 100 100 টিএসপি 300 কেজি সব এমওপি 280 কেজি 80 - 100 100 জিপসাম 140 কেজি সব বরিক এসিড 8 কেজি সব জিংক সালফেট 14 কেজি সব তবে মাটির উর্বরতার উপর নির্ভর করে বর্ণিত মাত্রা কম বেশি হতে পারে। জমি পরিষ্কার করে শেষ চাষের সময় বীজ রোপণের 5-7 দিন আগে সম্পূর্ণ গোবর, টিএসপি, জিপসাম, বরিক এসিড, জিংক সালফেট অর্ধেক এমওপি সার মাটির সাথে ভালভাবে মিশিয়ে দিতে হবে। ইউরিয়া সারের অর্ধেক বীজ রোপণের 50-60 দিন পর উপরি প্রয়োগ করতে হবে। অবশিষ্ট ইউরিয়া ও এমওপি সার সমান দুই কিস্তিতে রোপণের 80-90 ও 110-120 দিন পর দ্বিতীয়বার উপরি প্রয়োগ করতে হবে।"
spice,turmeric,হলুদ,418,intercultural,অন্তর্বর্তীকালীন পরিচর্যা,
spice,turmeric,হলুদ,418,pest_disease,আগাছা দমন,"আগাছা জমি থেকে খাদ্য, আলোবাতাস ও স্থান দখল করে হলুদ গাছেকে দুর্বল করে ফেলে। তাছাড়া আগাছা বিভিন্ন রোগ ও পোকা-মাকড়ের আবাসস্থল হিসাবে কাজ করে। এতে ফসল সহজেই রোগ ও পোকা-মাকড় দ্বারা আক্রান্ত হয় ও ফলন হ্রাস পায়। এজন্য হলুদের জমি আগাছা মুক্ত রাখতে হবে। জমির অবস্থা বুঝে 3-4 বার আগাছা পরিষ্কার করতে হবে। সাধারণত আগাছা পরিষ্কার করে ইউরিয়া সার প্রয়োগ করা হয়। সেক্ষেত্রে রোপণের 50-60, 80-90 ও 110-120 দিন পর আগাছা পরিষ্কার করলে ফলন ভাল হয়।"
spice,turmeric,হলুদ,418,soil_climate,গোড়ায় মাটি তুলে দেয়া,রাইজোমের সঠিক বৃদ্ধি এবং পানি নিষ্কাশনের জন্য 2-3 বার হলুদের দুই সারির মাঝখান থেকে মাটি তুলে সারি বরাবর গাছের গোড়ায় দিতে হবে। এতে করে হলুদের উপর থেকে মাটি সরে যাওয়ার সম্ভাবনা থাকবে না। সাধারণত আগাছা পরিষ্কারের পর পরই গোড়ায় মাটি তুলে দেওয়া হয়।
spice,turmeric,হলুদ,418,irrigation,পানিসেচ ও নিষ্কাশন,হলুদ ফসল সাধারণত বৃষ্টি নির্ভর। তবে মাটি শুষ্ক হলে বীজ রোপণের পরপরই হালকা সেচ দিতে হবে। তাছাড়া মাটির ধরন ও আবহাওয়ার উপর ভিত্তি করে 4-5টি সেচের দরকার হতে পারে। হলুদের জমিতে পানি জমে থাকলে সহজেই রোগের প্রাদুর্ভাব হয়। বৃষ্টি পানি যেন কোনভাবেই জমিতে না জমে সে দিকে বিশেষ দৃষ্টি রাখতে হবে। নালা করে জমে থাকা পানি নিষ্কাশনের ব্যবস্থা করতে হবে।
spice,turmeric,হলুদ,418,intercultural,মালচিং,"খড় বা লতা-পাতা দিয়ে জমি ঢেকে দেওয়াকে সহজ অর্থে মালচিং বলা হয়। হলুদ রোপণ করার পর মালচিং একটি গুরুত্বপূর্ণ পরিচর্যা, পরীক্ষণে দেখা গেছে যে, জমিতে রস সংরক্ষণ, তাপমাত্রা নিয়ন্ত্রণ ও ভূমিক্ষয় রোধের জন্য হেক্টর প্রতি 8-10 টন শুকনো পাতা বা খড় দিয়ে হলুদের জমি ঢেকে দিতে হবে। এতে আগাছার পরিমাণও কমে যায়। পরে মালচিং হিসাবে ব্যবহৃত পাতা বা খড় পচে জমিতে জৈব সার তৈরি করে।"
spice,turmeric,হলুদ,418,harvest,ফসল সংগ্রহ,"বারি হলুদ-4 ও 5 রোপণের 9-10 মাস পর গাছের উপরের অংশ হলুদ রং ধারণ করে সম্পূর্ণ শুকিয়ে গেলে ফসল সংগ্রহ করা হয়। গবেষণায় দেখা গেছে, বীজ হলুদ সংগ্রহের জন্য সাধারণত ফেব্রুয়ারি মাসের মধ্য থেকে শেষ সপ্তাহ উপযুক্ত সময়। এছাড়াও প্রায় এক মাস আগে অবীজ বা খাওয়ার জন্য (Fresh consumption) রাইজোম উত্তোলন করা যেতে পারে। কোদাল দিয়ে কুপিয়ে মাটি আলগা করে নিতে হয়। এরপর রাইজোম সংগ্রহ করে শিকড় কেটে মাটি পরিষ্কার করা হয়। হলুদ উত্তোলনের সময় লক্ষ্য রাখতে হবে যেন রাইজোম ক্ষতিগ্রস্ত না হয়।"
spice,turmeric,হলুদ,418,other,কিউরিং,হলুদের রাইজোম পরিষ্কার করার পর মোথা ও ছড়া পৃথক করতে হবে। সংগ্রহকৃত রাইজোম ছায়াযুক্ত পরিষ্কার স্থানে গাদা করে রাখা হয়। একে কিউরিং বলে। 2-3 দিন হলুদের কিউরিং করা হয়। কিউরিং শেষ হলে বীজ হিসাবে সংরক্ষণ বা খাওয়ার জন্য সিদ্ধ করে প্রক্রিয়াজাতকরণ করা হয়।
spice,turmeric,হলুদ,418,other,সংরক্ষণ,"হলুদ সংরক্ষণের জন্য সতেজ ও রোগমুক্ত রাইজোম নির্বাচন করতে হবে। গর্ত খনন করে হলুদ রাখলে রাইজোমের আর্দ্রতা ও সতেজতা বজায় থাকে, ফলে বাজার মূল্য সঠিক থাকে। খড় বা ছনের চাল যুক্ত ঘরের মেঝেতে গর্ত করে হলুদ সংরক্ষণ করা হয়। ঘরের ভেতর বাতাস চলাচলের ব্যবস্থা থাকতে হবে। 24 ইঞ্চি প্রশস্ত 15 ইঞ্চি গভীর ও প্রয়োজন মত লম্বা গর্ত (ট্রেন্চ) করা যেতে পারে। তবে গভীরতা বজায় রেখে যেকোন মাপের গর্ত করা যায়। গর্ত বা ট্রেন্চ করার পর 2-3 দিন খুলে রাখতে হবে যতে মাটির অতিরিক্ত রস বের হয়ে যায়। শুকিয়ে অতঃপর গর্তের তলদেশে 2 ইঞ্চি পুরু করে শুকনো বালি বিছিয়ে দিতে হবে। এরপর বাছাই করা হলুদ গর্তে 10 ইঞ্চি পুরু করে বিছিয়ে দিতে হবে। এরপর হলুদের স্তরের উপর 3 ইঞ্চি পুরু মাটি বালি দিয়ে পুরো গর্ত ভালভাবে ঢেকে দিতে হবে।"
spice,turmeric,হলুদ,418,pest_disease,রোগ ও পোকা আক্রমণ,"বারি হলুদ-4 ও বারি হলুদ-5 জাত দুটিতে রোগ ও পোকার প্রাদুর্ভাব নাই বললেই চলে। জাত দুইটি লিফ স্পট ও লিফ ব্লচ রোগ সহনশীল, কদাচিৎ লিফবচ রোগের আক্রমণ দেখা যায়, এদের বর্ণনা ও দমন ব্যবস্থা নিম্নরুপ:"
spice,turmeric,হলুদ,418,other,লিফ ব্লচ,Taphrina maculans নামক ছত্রাক দ্বারা আক্রমণ হয়।
spice,turmeric,হলুদ,418,other,উৎপত্তি ও বিস্তার,আক্রান্ত রাইজোম ও বায়ুর মাধ্যমে রোগের বিস্তার ঘটে। গাছের আক্রান্ত শুকনো পাতা যেগুলো জমিতে পড়ে থাকে তার মাধ্যমে জীবাণু দ্রুত ছড়িয়ে পড়ে। সাধারণত অক্টোবর এবং নভেম্বর মাসে এ রোগের লক্ষণ দেখা যায়। যখন আপেক্ষিক আর্দ্রতা 80% এবং তাপমাত্রা 21-230 সে. থাকে তখন প্রাথমিক সংক্রমণ শুরু হয়। পরবর্তীতে ঠাণ্ডা এবং আর্দ্র আবহাওয়া রোগের তীব্রতা বেড়ে যায়।
spice,turmeric,হলুদ,418,pest_disease,ক্ষতির ধরন,সাধারণত গাছ একটু বড় হলেই এ রোগ দেখা যায়। পাতা আক্রান্ত হওয়ার ফলে অনেক আগেই গাছ শুকিয়ে যায়। গাছ খাদ্য উৎপাদন করতে পারে না। ফলে রাইজোমের বৃদ্ধি ব্যাহত হয়। পরিশেষে ফলন হ্রাস পায়।
spice,turmeric,হলুদ,418,pest_disease,রোগের লক্ষণ,এ রোগটির বিশেষ বৈশিষ্ট্য হচ্ছে পাতার উভয় পৃষ্ঠায় ছোট ছোট গোলাকার বাদামী দাগের উপস্থিতি এবং পাতার উপর পৃষ্ঠায় সবচেয়ে বেশি দেখা যায়। প্রথমে গাছের নিচের দিকের পাতা ফ্যাকাশে হলুদ রং ধারণ করে। পরবর্তীতে দাগগুলো অতিদ্রুত একত্রিত হয়ে সমস্ত পাতা হলুদ করে ফেলে। গাছ ঝলসানোর মত মনে হয় এবং ফলন মারাত্মক ভাবে কমে যায়।
spice,turmeric,হলুদ,418,pest_disease,দমন ব্যবস্থা, রোগ মুক্ত জমি থেকে সংগৃহীত সুস্থ রাইজোম বীজ হিসেবে ব্যবহার করতে হবে।  শস্য পর্যায় অবলম্বন করতে হবে।  রোগাক্রান্ত এবং শুকনো পাতা সংগ্রহ করে পুড়িয়ে ফেলতে হবে।  বীজ রোপণের আগে ম্যানকোজেব (0.3%) অথবা কার্বেন্ডাজিম গ্রুপের কোন ছত্রাকনাশক অথবা স্কোর (0.05%) এর দ্রবণে 30 মিনিট ডুবিয়ে বীজ হলুদ শোধন করে নিতে হবে।  রোগ দেখা দেওয়া মাত্রই অটোস্টিন 2 গ্রাম অথবা মেটারিল 2.5 গ্রাম অথবা ফলিকুর 1 মিলি প্রতি লিটার পানিতে মিশিয়ে 15 দিন অন্তর 3-4 বার সম্পূর্ণ জমির গাছের পাতায় ভালভাবে স্প্রে করতে হবে। স্প্রে করার সময় লক্ষ্য রাখতে হবে যেন পাতার উভয় দিকে ছত্রাকনাশক ভালভাবে লাগে।
spice,turmeric,হলুদ,418,pest_disease,রাইজোম রট বা কন্দ পচা,"Pythium graminicolum ছত্রাক দ্বারা এই রোগ সৃষ্টি হয়। বারি হলুদ-4 ও বারি হলুদ-5 রাইজোম রট রোগ সহনশীল। যদি কোনভাবে এ রোগের প্রাদুর্ভাব হয়, সেক্ষেত্রে রোগের লক্ষণ ও দমন ব্যবস্থা নিম্নরূপ।"
spice,turmeric,হলুদ,418,pest_disease,রোগের লক্ষণ, প্রথমে গাছের গোড়ায় নিচের পাতা হলুদ হতে শুরু করে এবং এক সময় পুরো গাছের পাতাই হলুদ হয়ে শুকিয়ে যায়।  কাণ্ডের গোরায় দিকে পানি ভেজা দাগ দেখা যায় যা আস্তে আস্তে বাড়তে থাকে।  আক্রান্ত কাণ্ড ভেঙ্গে যায় যা হাত দিয়ে টান দিলে সহজেই উঠে আসে।  এই রোগ আস্তে আস্তে মাটির ভিতরের রাইজোমে ছড়িয়ে পড়ে এবং পচন সৃষ্টি করে।  এক পর্যায়ে পুরো রাইজোমে পচন ধরে এবং পচা রাইজোম হতে দুর্গন্ধ বের হয়।
spice,turmeric,হলুদ,418,pest_disease,দমন ব্যবস্থা, রোগ মুক্ত জমি হতে সংগৃহীত সুস্থ রাইজোম বীজ হিসাবে ব্যবহার করতে হবে।  জমিতে পানি নিষ্কাশনের সুব্যবস্থা রাখতে হবে।  শস্য পর্যায় অবলম্বন করতে হবে। একই জমিতে দুই বছর অন্তর অন্তর হলুদ চাষ করলে রোগ হওয়ার সম্ভাবনা খুবই কম থাকে।  রোগাক্রান্ত এবং শুকনো পাতা সংগ্রহ করে পুড়ে ফেলতে হবে।  রোগ দেখা দেওয়া মাত্রই অটোস্টিন 1 গ্রাম/লিটার অথবা মেটারিল 2.5 গ্রাম/লিটার অথবা ফলিকুর 1 মিমি/লিটার হারে পানিতে মিশিয়ে 15 দিন অন্তর অন্তর 3-4 বার সম্পূর্ণ জমির গাছের গোড়ায় স্প্রে করতে হবে যাতে মাটিও ভিজে যায়।  বীজ রোপণের আগে ম্যানকোজেব (0.3%) অথবা কার্বেন্ডাজিম গ্রুপের কোন ছত্রাকনাশক অথবা স্কোর (0.05%) এর দ্রবণে 30 মিনিট ডুবিয়ে বীজ হলুদ শোধন করে নিতে হবে।
spice,coriander,ধনিয়া,422,soil_climate,মাটি ও আবহাওয়া,প্রায় সব রকমের মাটিতেই ধনিয়া চাষ করা যায়। তবে বেলে দোআঁশ থেকে এঁটেল দোআঁশ মাটি ধনিয়া চাষের জন্য উপযোগী। ধনিয়া জলাবদ্ধতা সহ্য করতে পারে না বিধায় জমির পানি নিষ্কাশনের ব্যবস্থা থাকতে হবে। ঠাণ্ডা আবহাওয়া ধনিয়ার বীজ উৎপাদনের জন্য অনুক‚ল বলে রবি মৌসুমে এর চাষ করা হয়ে থাকে। উচ্চ তাপমাত্রায় ও খরায় ধনিয়া বীজের ফলন ভাল হয় না। ফুল ফোটার সময় বৃষ্টি এবং অতিরিক্ত ঠাণ্ডা ও কুয়াশা হলে ধনিয়ার ফলন কমে যায়। তবে অতিরিক্ত বৃষ্টির কারণে ধনিয়া পাতার উৎপাদন ব্যহত হয়ে থাকে।
spice,coriander,ধনিয়া,422,sowing_time,বপন সময়,"কার্তিক থেকে অগ্রহায়ণ (মধ্য অক্টোবর-মধ্য নভেম্বর) মাস বীজ ফসলের জন্য উত্তম। তবে সবুজ পাতা ধনিয়ার জন্য (মে থেকে আগস্ট মাস ব্যতিত) যে কোন সময় বপন করা যায় এবং ভাল দাম পাওয়া যায়। সাথী ফসল হিসাবে শাক-সবজি, আখ, আলু, ডাল ফসলের জমিতে ধনিয়া চাষ করা যায়। অতিরিক্ত সূর্যালোকে বীজ বপন করলে অঙ্কুরোদগমে ব্যাঘাত সৃষ্টি করে। ধনিয়া বীজের জন্য বিলম্বে বীজ বপনে এর স্বাভাবিক বৃদ্ধি ব্যাহত হয় এবং বিভিন্ন রোগবালাই এর আক্রমণ বেড়ে যায়।"
spice,coriander,ধনিয়া,422,land_preparation,জমি তৈরি,মাটির প্রকারভেদে 4-6 টি চাষ ও মই দিয়ে মাটি ঝুরঝুরে করে জমি তৈরি করতে হবে। পরে জমিকে কয়েকটি ব্লকে ভাগ করে এবং দুই ব্লকের মাঝে পানি নিষ্কাশনের জন্য 40 সেমি নালা রেখে জমি তৈরি করা হয়।
spice,coriander,ধনিয়া,422,seed_rate,বীজের হার,সারিতে হেক্টর প্রতি 8-10 কেজি এবং ছিটিয়ে বোনার ক্ষেত্রে হেক্টরপ্রতি 10-12 কেজি বীজের প্রয়োজন হয়। ধনিয়া পাতার জন্য হেক্টরপ্রতি 35-40 কেজি বীজের প্রয়োজন হয়।
spice,coriander,ধনিয়া,422,sowing_method,বীজ বপন,বপনের পূর্বে বীজগুলো বস্তা বা চটের ব্যাগে নিয়ে ঘষে দু’টুকরো করে নিলে ভালো হয়। ধনিয়ার খোসা খুব শক্ত হওয়ায় বীজ বোনার আগে পানিতে 24-48 ঘণ্টা ভিজিয়ে রেখে বুনলে তাড়াতাড়ি অঙ্কুরোদ্গম হয়। মাটির 2-3 সেন্টিমিটার গভীরে বীজ বপন করে 30 x 40 সেমি দূরত্বে বীজ বপন করতে হয়। বপনকৃত বীজ অঙ্কুরোদগম হতে সাধারণত 8-21 দিন সময় লাগে। কোন কোন ক্ষেত্রে এর চাইতেও বেশি সময় লাগতে পারে। জমির আর্দ্রতার উপর নির্ভর করে বীজ বপনের পর পরই হালকা সেচ দিতে হবে। তাতে অঙ্কুরোদ্গম বৃদ্ধি পাবে।
spice,coriander,ধনিয়া,422,fertilizer,সারের পরিমাণ ও প্রয়োগ পদ্ধতি,"ধনিয়া চাষে হেক্টরপ্রতি নিচের হারে সার প্রয়োগ করতে হয়: সার মোট পরিমাণ শেষ চাষের সময় প্রয়োগ পরবর্তী পরিচর্যা হিসেবে প্রয়োগ 1ম কিস্তি 2য় কিস্তি গোবর 5 টন সব - - ইউরিয়া 180 কেজি - 90 কেজি 90 কেজি টিএসপি 15 কেজি সব - - এমওপি 120 কেজি 60 কেজি - 60 কেজি জিপসাম 110 কেজি সব - - জিংক সালফেট 10 কেজি সব - - বরিক এসিড 8 কেজি সব - - জমি তৈরির সময় সমস্ত গোবর, এমওপি, জিপসাম, টিএসপি, জিংক সালফেট ও বরিক এসিড সার প্রয়োগ করতে হবে। ইউরিয়া 2 কিস্তিতে প্রয়োগ করতে হবে। চারা গজানোর 15 দিন পর 1ম কিস্তি এবং চারা গজানোর 40 দিন পর বাকি ইউরিয়া উপরি প্রয়োগ করতে হবে।"
spice,coriander,ধনিয়া,422,intercultural,আন্তঃপরিচর্যা,বীজ বপনের 15-20 দিনের মধ্যে প্রথম নিড়ানী দিতে হবে। একইভাবে একই সময়ের ব্যবধানে পরবর্তীতে 2-3টি নিড়ানী দিতে হবে। প্রতিবার সেচের পর জমির ’জো’ আসা মাত্র মাটির চটা ভেঙ্গে দিতে হবে। চারা গজানোর পর থেকে 2/3 ধাপে 4-5 দিন পরপর নির্দিষ্ট দূরত্ব বজায় রেখে চারা পাতলা করে দিতে হবে।
spice,coriander,ধনিয়া,422,irrigation,সেচ,"ধনিয়া ফসলে 4-5 টি হালকা সেচ প্রয়োগ করতে হবে। গজানোর সময় হালকা সেচ, ফুল আসার আগে ও দানা গঠনের সময় সেচ দেওয়া খুবই প্রয়োজন। এতে বীজ পুষ্ট ও ফলন বেশি হয়।"
spice,coriander,ধনিয়া,422,pest_disease,পোকামাকড়,কীটপতঙ্গের মধ্যে জাব পোকা ধনিয়ার প্রধান শত্রু। কালচে রঙের ছোট পোকা গাছের কাণ্ডসহ প্রায় সব জায়গাতেই ঘন হয়ে বসে গাছের রস চুষে খায়। আক্রমণ বেশি হলে পাতা হলদে হয়ে গাছ শুকিয়ে যায়। গাছে ফুল ও ফল ধরার সময় জাব পোকার আক্রমণ বেশি হয়।
spice,coriander,ধনিয়া,422,pest_disease,দমন,প্রতি লিটার পানিতে 1-2 মিলিলিটার ম্যালাথিয়ন-100 ইসি বা 1 মিলিলিটার কনফিডর-25 ইসি ভালোভাবে মিশিয়ে গাছে স্প্রে করতে হবে।
spice,coriander,ধনিয়া,422,pest_disease,রোগবালাই,"পাউডারি মিলডিউ ধনিয়ার মারাত্নক রোগ। এ রোগের আক্রমণে গাছের কাণ্ডসহ বিটপ অংশে সাদা পাউডারের মতো গুঁড়া দেখা যায়। আক্রান্ত পাতার সবুজ রং নষ্ট হয়ে যায় ও পাতা শুকিয়ে যায়। গাছে ফুল হলেও ফল ধরে না, এমনকি আগে ফল ধরলে তা পুষ্ট হয় না। শীতের সময় হঠাৎ মেঘ করে তাপমাত্রা কমে গেলে এ রোগ দেখা দেয়। নাবি ফসলে এই রোগের আক্রমণ বেশি হয়।"
spice,coriander,ধনিয়া,422,pest_disease,দমন,প্রতি লিটার পানিতে 3 গ্রাম থিওভিট ভালোভাবে মিশিয়ে গাছে স্প্রে করতে হবে।
spice,coriander,ধনিয়া,422,pest_disease,কাণ্ড ফোলা বা গল রোগ,"কাণ্ড ফোলা রোগ ধনিয়ার প্রায় 80 ভাগ ক্ষতি করে থাকে। প্রোটোমাইসিস প্রজাতির ছত্রাকের আক্রমণে কাণ্ড ফোলা রোগ হয়ে থাকে। এটি একটি মাটি এবং বীজ বাহিত রোগ যা বীজের সাথে বা বাতাসের ধুলা বালির সাথে উড়ে এক জমি হতে অন্য জমিতে বা এক এলাকা হতে অন্য এলাকায় বিস্তার লাভ করে থাকে। শিকড় ব্যতিত গাছের শাখা-প্রশাখা ফুলে যায়। ধীরে ধীরে এ ফোলা বিস্তৃত হয়ে সমস্ত কাণ্ড, শাখা-প্রশাখা ও পুষ্পমঞ্জুরী আক্রান্ত হয়। পুষ্প মঞ্জুরীতে আক্রমণ হলে ফুল শুকিয়ে মরে যায়। বীজে আক্রমণ করলে বীজের আকার বড় হয়ে যায়।"
spice,coriander,ধনিয়া,422,pest_disease,দমন, বীজ বপনের পূর্বে প্রতি কেজি বীজের জন্য 2 গ্রাম হারে অটোস্টিন দিয়ে বীজ শোধন করে নিতে হবে।  আক্রমণের প্রাথমিক অবস্থায় অটোস্টিন বা রিডোমিল গোল্ড (প্রতি লিটার পানিতে 2 গ্রাম) 10 দিন অন্তর 3 বার স্প্রে করতে হবে।  শেষ চাষের পূর্বে জমিতে হেক্টরপ্রতি 7-8 কেজি কার্বোফুরান প্রয়োগ করলে এ রোগ প্রতিরোধ করা যায়।
spice,coriander,ধনিয়া,422,harvest,ফসল সংগ্রহ,বপনের 45-50 দিন পর গাছে ফুল আসে এবং 135-140 দিন পর ধনিয়া পাকে। পাকলে গাছ হলদে হয়ে পাতা শুকিয়ে যায়। সাধারণত খুব ভোরে অর্থাৎ সূর্যের আলোর প্রখরতা বৃদ্ধির পূর্বে গাছ উঠাতে হবে। ধনিয়ার বীজ হালকা সবুজ অবস্থায় থাকতেই গাছ তুলতে হবে। নতুবা বীজের মান ভাল হয় না। বীজ রোদে শুকিয়ে মাড়াই-ঝাড়াই করে পৃথক করা হয়। বীজে আর্দ্রতার পরিমাণ 10% রেখে শুকিয়ে ভালোভাবে সংরক্ষণ করতে হবে।
spice,coriander,ধনিয়া,422,other,বীজ উৎপাদন ও সংরক্ষণ,"ধনিয়া পর-পরাগায়িত ফসল। ইহার বীজ উৎপাদনের জন্য জাতের বিশুদ্ধতা রক্ষা করতে হলে অন্য জাত থেকে 1,000 মিটার দূরত্বে চাষ করতে হবে। এ ছাড়া অন্য কোন জাতের মিশ্রণ পরিলক্ষিত হলে, তা ফুল আসার পূর্বেই তুলে ফেলতে হবে। বীজ আহরণের পর 5-7 দিন রোদে শুকিয়ে মাড়াই-ঝাড়াই করে বীজ পৃথক করতে হবে এবং ভালভাবে শুকিয়ে বীজ সংরক্ষণ করতে হবে। বীজের স্বাভাবিক রং এবং সুগন্ধ বজায় রাখার জন্য পাটের বস্তায় পলিথিনের ব্যাগে সংরক্ষণ করতে হবে।"
spice,fenugreek,মেথী,425,soil_climate,মাটি,মেথী রবি মৌসুমে চাষ করা হয়। প্রায় সব প্রকার মাটিতে চাষ করা সম্ভব। তবে পলি দোআঁশ মাটি থেকে বেলে দোআঁশ মাটি মেথী চাষের জন্য বেশি উপযুক্ত। মেথী গাছের সুষ্ঠু বৃদ্ধির জন্য মাটির অম্লতা (পিএইচ 6-7) পরিমিত মাত্রায় হলে ভাল হয়।
spice,fenugreek,মেথী,425,sowing_method,জমি তৈরি ও বীজ বপন পদ্ধতি,মেথী চাষের জন্য জমি খুব ভালোভাবে চাষ ও মই দিয়ে তৈরি করতে হবে যাতে কোন প্রকার ঢেলা না থাকে। মাটি ও জমির প্রকারভেদে 4-6টি চাষ ও মই দেয়া প্রয়োজন হতে পারে। মাটিতে সরাসরি বীজ বুনে মেথী চাষ করা যায়। আবার তৈরিকৃত জমিতে সারি থেকে সারির দূরত্ব 30 সেমি বজায় রেখে বীজ বপন করা যায়। পরে যখন চারা গাছ 4-5 পাতা বিশিষ্ট হয় তখন গাছ থেকে গাছের দূরত্ব 5 সেমি বজায় রেখে চারা পাতলা করে দিতে হবে। সাধারণত 1 মিটার প্রস্থ ভিটিতে বীজ বপন করতে হয়। সেচ ও নিষ্কাশন সুবিধার জন্য পাশাপাশি দুটি ভিটির মাঝখানে 50 সেমি প্রশস্ত নালা রাখতে হবে।
spice,fenugreek,মেথী,425,sowing_time,বপনের সময়,কার্তিক (মধ্য আগস্ট-মধ্য নভেম্বর)।
spice,fenugreek,মেথী,425,seed_rate,বীজের পরিমাণ,হেক্টরপ্রতি 15-20 কেজি (ছিটিয়ে বোনার ক্ষেত্রে) ও 10-15 কেজি (সারিতে বপনের ক্ষেত্রে)।
spice,fenugreek,মেথী,425,fertilizer,সারের পরিমাণ ও প্রয়োগ পদ্ধতি,"উচ্চ ফলন পাওয়ার জন্য সুষম সার প্রয়োগ করতে হবে। সারের মাত্রা জমির উর্বরতার উপর নির্ভরশীল। প্রতি হেক্টরে নিম্নলিখিত পরিমাণ সারের প্রয়োজন হয়। সারের নাম পরিমাণ শেষ চাষের সময় প্রয়োগ পরবর্তী পরিচর্যা 1ম কিস্তি 2য় কিস্তি গোবর 5 টন সব - ইউরিয়া 175 কেজি - 87.5 কেজি 87.5 কেজি টিএসপি 175 কেজি সব - এমওপি 135 কেজি সব - জিপসাম 110 কেজি সব - জিংক সালফেট 10 কেজি সব বরিক এসিড 8 কেজি সব সম্পূর্ণ গোবর সার, টিএসপি, এমওপি, জিপসাম, জিংক সালফেট, বরিক এসিড শেষ চাষের সময় দিতে হবে। ইউরিয়া সার চারা গজানোর 15-20 দিন পর 1ম কিস্তি এবং 40-50 দিন পর 2য় কিস্তি সার উপরি প্রয়োগ করতে হবে।"
spice,fenugreek,মেথী,425,intercultural,অন্যান্য পরিচর্যা,
spice,fenugreek,মেথী,425,intercultural,আন্তঃপরিচর্যা,গাছের স্বাভাবিক বৃদ্ধির জন্য জমি আগাছামুক্ত রাখতে হবে। গাছের প্রাথমিক বৃদ্ধির সময় আগাছা পরিষ্কার ও মাটি ঝুরঝুরে করে নিতে হবে এবং 10-15 দিন পরপর 3-4টি নিড়ানী দিতে হবে। সেচের পর ‘জো’ আসা মাত্র মাটির উপরের চটা ভেঙ্গে দিতে হবে। এতে মাটির ভিতর আলো বাতাস প্রবেশ করে এবং মাটি অনেকদিন রস ধরে রাখতে পারে যা পরবর্তী সময়ে গাছের দ্রুত বৃদ্ধির সহায়ক হয়ে থাকে। মাটির প্রকারভেদে জমির সেচ প্রয়োগ করতে হবে। অতিরিক্ত পানি নালা দিয়ে নিষ্কাশনের ব্যবস্থা করতে হবে।
spice,fenugreek,মেথী,425,pest_disease,রোগবালাই ও পোকামাকড় দমন,‘বারি মেথী-1’ ও ‘বারি মেথী-2’ এ কোন মারাত্মক রোগ হয় না বললেই চলে। তবে জমিতে রস বেশি থাকলে গোড়া পচা রোগ দেখা যায়। ছোট চারায় এই রোগ বেশি হয় বলে চারা যথা সময়ে পাতলা করে দিতে হবে। রোগ দেখা দিলে প্রতি লিটার পানিতে 2 গ্রাম ডাইথেন এম-45 বা কার্বেন ডাজিম মিশিয়ে 7 দিন পরপর 3-4 বার স্প্রে করতে হবে। এ জাতে তেমন কোন পোকার আক্রমণ হয় না।
spice,fenugreek,মেথী,425,harvest,ফসল সংগ্রহ,বীজ বপনের পর থেকে 110-135 দিনের মধ্যেই ফসল সংগ্রহ করা যায়। সাধারণত চৈত্র মাসে (মধ্য মার্চ-মধ্য এপ্রিল) যখন শুঁটিসমূহ (পড) হলদে বাদামী ও কালচে বর্ণ ধারণ করে তখন গাছ কাটা হয়।
spice,fenugreek,মেথী,425,other,মাড়াই-ঝাড়াই ও সংরক্ষণ,"ফসল কর্তনের পর গাছ 1-2 দিন ছায়ায় রাখতে হয়। এরপর মাড়াই করার জায়গায় ছড়িয়ে দিয়ে 2-3 দিন রোদে শুকিয়ে মাড়াই করা হয়। মাড়াই এর পর বীজ ঝেড়ে পলিব্যাগে বায়ুরুদ্ধ ভাবে সিল করে কাচ, প্লাস্টিক, টিন বা মাটির পাত্রে বায়ুরুদ্ধ অবস্থায় সংরক্ষণ করা হয়। বীজের রং, সুগন্ধ ও গুনাগুন বজায় রাখার জন্য সঠিক পদ্ধতিতে সংরক্ষণ করা উচিত"
spice,black cumin (nigella),কালোজিরা,426,soil_climate,মাটি,জলাবদ্ধতা মুক্ত উঁচু ও মাঝারী উঁচু এমন জমিতে কালোজিরা চাষ করা হয়ে থাকে। দোআঁশ থেকে বেলে দোআঁশ মাটিতে এটি চাষের জন্য উত্তম। জমিতে পানি সেচ এবং নিষ্কাশনের ব্যবস্থা থাকা ভাল। শুষ্ক ও ঠাণ্ডা আবহাওয়ায় কালোজিরা চাষের বেশি উপযোগী। মেঘাচ্ছন্ন পরিবেশ রোগবালাইয়ের বিস্তারে অনুকূল। ফুল ফোটার সময় বৃষ্টি হলে কালোজিরার ফলন কমে যায়।
spice,black cumin (nigella),কালোজিরা,426,land_preparation,জমি তৈরি,সাধারণত 3-4টি চাষ ও মই দিয়ে মাটি ঝুরঝুরে এবং আগাছা পরিষ্কার করে জমি তৈরি করা হয়।
spice,black cumin (nigella),কালোজিরা,426,sowing_method,বীজ বপন,মধ্য অক্টোবর-মধ্য নভেম্বর মাসে বীজ বপন করা হয়। তবে নভেম্বর মাসের প্রথম-দ্বিতীয় সপ্তাহ বীজ বপনের উত্তম সময়।
spice,black cumin (nigella),কালোজিরা,426,seed_rate,বীজের পরিমাণ,বীজ ছিটিয়ে বপন করলে হেক্টরপ্রতি 10 কেজি বীজের প্রয়োজন হয়। সারি করে বীজ বপন করলে হেক্টরপ্রতি 08 কেজি বীজের প্রয়োজন হয়।
spice,black cumin (nigella),কালোজিরা,426,spacing,বপণ দূরত্ব,সারি থেকে সারি 30 সেমি ও গাছ থেকে গাছ 5 সেমি (চারা পাতলাকরণের মাধ্যমে)।
spice,black cumin (nigella),কালোজিরা,426,fertilizer,সার প্রয়োগ,বাংলাদেশের প্রায় অধিকাংশ জমিতেই জৈব সারের ঘাটতি রয়েছে। তাই সম্ভব হলে জৈব সার বেশি পরিমাণ দেওয়াই ভাল। নিচে হেক্টরপ্রতি জৈব ও অজৈব সারের পরিমাণ উলেখ করা হলো।
spice,black cumin (nigella),কালোজিরা,426,fertilizer,সারের নাম পরিমাণ শেষ চাষের সময় 1ম কিস্তি 2 কিস্তি,"গোবর 5 টন সব - - ইউরিয়া 140 কেজি - 70 কেজি 70 কেজি টিএসপি 150 কেজি সব - - এমওপি 120 কেজি সব - - জিপসাম 85 কেজি সব - - জিংক সালফেট 10 কেজি সব - - বরিক এসিড 8 কেজি সব - - জমি চাষের পূর্বে সম্পূর্ণ গোবর সার ছিটিয়ে দিতে হবে। সম্পূর্ণ টিএসপি, এমওপি, জিপসাম, জিংক সালফেট ও বরিক এসিড সার শেষ চাষের আগে জমিতে ছিটিয়ে ভালভাবে মাটিতে মিশিয়ে দিতে হবে। অবশিষ্ট ইউরিয়া সার বীজ বপনের 30-40 দিন 50-60 দিন পরে আগাছা নিড়ানীর পর দুই কিস্তিতে উপরি প্রয়োগ করতে হবে। মাটিতে প্রয়োজনীয় রস না থাকলে সার উপরি প্রয়োগের পর সেচ দেয়া ভাল।"
spice,black cumin (nigella),কালোজিরা,426,intercultural,অন্যান্য পরিচর্যা,
spice,black cumin (nigella),কালোজিরা,426,pest_disease,আগাছা দমন,গাছের দৈহিক ও ফলন বৃদ্ধির জন্য সময়মতো আগাছা নিড়ানো ও গাছ পাতলাকরণ জরুরি। সাধারণত বীজ বপনের 15-20 দিন পর আগাছা নিড়ানো উচিত। উপরে বর্ণিত গাছ থেকে গাছের দূরত্ব বজায় রাখার জন্য পাতলাকরণ উচিত। এ ফসলের জন্য 2-3টি নিড়ানি ও পাতলাকরণ প্রয়োজন।
spice,black cumin (nigella),কালোজিরা,426,irrigation,সেচ ও নিষ্কাশন,মাটিতে রস না থাকলে বীজ বপনের পর হালকা সেচ দেয়া ভাল। মাটির ধরন ও বৃষ্টির উপর নির্ভর করে জমিতে মোট 2-3টি সেচ দেয়া যেতে পারে।
spice,black cumin (nigella),কালোজিরা,426,pest_disease,পোকামাকড় ও রোগ দমন,কালোজিরার জমিতে তেমন একটা পোকা মাকড়ের আক্রমণ দেখা যায় না। তবে জমিতে রস বেশি থাকলে গোড়া পচা রোগ দেখা যায়। এই রোগের আক্রমণ দেখা দিলে ডাইথেন এম-45 বা কার্বেন ডাজিম গ্রপের ছত্রাকনাশক প্রতি লিটার পানিতে 2 গ্রাম হারে মিশিয়ে 7 দিন পর পর 3-4 বার স্প্রে করা যেতে পারে।
spice,black cumin (nigella),কালোজিরা,426,harvest,ফসল সংগ্রহ,বীজ বপনের 135-145 দিনের মধ্যে গাছ হলুদ বর্ণ ধারণ করে এবং এ সময় কালোজিরা সংগ্রহ করতে হয়। এ সময় গাছ উত্তোলনের পর শুকানোর জন্য রোদে ছড়িয়ে দিতে হয়।
spice,black cumin (nigella),কালোজিরা,426,other,"মাড়াই, ঝাড়াই ও সংরক্ষণ",হাত দ্বারা ঘসে কিংবা লাঠি দিয়ে পিটিয়ে বীজ বাহির করা হয়। বীজগুলো পরিষ্কার করে এবং ভালভাবে রোদে শুকানোর পর ঠাণ্ডা করে পলিথিনের ব্যাগে/প্লাস্টিকের পাত্রে/টিনের কৌটায় রেখে মুখ ভালভাবে বন্ধ করে রাখতে হয়। চটের বস্তায় কালোজিরা রাখলে ঠাণ্ডা ও শুষ্ক জায়গায় রেখে সংরক্ষণ করতে হবে।
spice,cumin,জিরা,428,sowing_time,বপনের সময়,নভেম্বর 1ম সপ্তাহ হতে 3য় সপ্তাহ পর্যন্ত।
spice,cumin,জিরা,428,soil_climate,মাটি,সুনিস্কাশিত অধিক জৈব পদার্থ সমৃদ্ধ দোআঁশ হতে বেলে দোআঁশ মাটি।
spice,cumin,জিরা,428,other,বীজহার,ছিটিয়ে বীজ বপন করলে হেক্টরপ্রতি 12-25 কেজি ও সারিতে বপন করলে 8-10 কেজি বীজের প্রয়োজন হয়।
spice,cumin,জিরা,428,sowing_method,বপন পদ্ধতি,"রিজ এন্ড ফারো পদ্ধতি, 30 সেমি × 8 সেমি।"
spice,cumin,জিরা,428,other,অঙ্কুরোদ্গম পদ্ধতি,জিরা বীজ স্প্রাউটিং করে নিয়ে বপন করলে অঙ্কুরোদ্গম নিশ্চিত হয়। বীজ বপনের পূর্বে রো (সারি) কোদাল দিয়ে সামান্য 08-1.00 সেমি গভীর করে তৈরি করে সেখানে বীজ বপন করতে হবে। বীজ বপনের পর সামান্য ঝুরঝুরে মাটি দিয়ে ঢেকে দিতে হবে
spice,cumin,জিরা,428,soil_climate,বাংলাদেশে বারি জিরা-1 চাষের সম্ভাবনাময় এলাকা,"জিরা চাষে অন্ত্যন্ত কম পরিমাণে পানির প্রয়োজন হয়। বৃহত্তর বরেন্দ্র এলাকা (রাজশাহী, চাঁপাইনবাবগঞ্জ, নাটোর, নওগাঁ) বাংলাদেশের বিভিন্ন চর এলাকা এবং উত্তরাঞ্চল বারি জিরা-1 চাষের জন্য উপযোগী।"
spice,cumin,জিরা,428,pest_disease,রোগ ও পোকামাকড় ব্যবস্থাপনা,"জিরা বপনের 25-30 দিন পর ঢলে পরা রোগের আক্রমণ পরিলক্ষিত হয়, তখন হেক্টর প্রতি লিটার পানির সাথে 2 গ্রাম কার্বেনডাজিম গ্রুপের ছত্রাকনাশক (অটোস্টিন 50 ডিএফ, নোইন 50 ডিএফ) মিশিয়ে 10-12 দিন পর পর 2-3 বার বিকালে গাছের গোড়ায় ও মাটিতে স্প্রে করতে হবে। গাছের বয়স 45-50 দিন বা ফুল আসার পূর্বে অল্টারনারিয়া ব্লাইট রোগ হয়। Alternaria alternata নামক ছত্রাকের আক্রমণে এই রোগ হয়। এই রোগ হলে প্রথমে পাতার পচন ধরে। রোগের লক্ষণ দেখা দিলে প্রতি লিটার পানির সাথে 1 মিলি এমিষ্টারটপ মিশিয়ে 7-8 দিন পর পর বিকেলে সমস্ত গাছে 5-6 বার স্প্রে করতে হবে। বাংলাদেশে জিরা চাষে পোকার আক্রমণ ততটা লক্ষণীয় নয়।"
spice,cumin,জিরা,428,yield,ফলন,বারি জিরা-1 এর ফলন 550-600 কেজি/হেক্টর।
spice,fennel,মৌরি,430,soil_climate,মাটি ও আবহাওয়া,প্রায় সব রকমের মাটিতেই মৌরির চাষ করা যায়। তবে বেলে দোআঁশ থেকে এঁটেল দোআঁশ মাটি মৌরি চাষের জন্য উপযোগী। মৌরি জলাবদ্ধতা সহ্য করতে পারে না বিধায় জমিতে পানি নিষ্কাশনের ব্যবস্থা থাকতে হবে। ঠাণ্ডা আবহাওয়া মৌরির বীজ উৎপাদনের জন্য অনুক‚ল বলে রবি মৌসুমে এর চাষ করা হয়ে থাকে। উচ্চ তাপমাত্রায় ও খরায় মৌরি বীজের ফলন ভাল হয় না। ফুল ফোটার সময় বৃষ্টি এবং অতিরিক্ত কুয়াশা হলে মৌরির ফলন কমে যায় এবং বীজের মান খারাপ হয়ে যায়।
spice,fennel,মৌরি,430,sowing_time,বপন সময়,"কার্তিক (মধ্য অক্টোবর-মধ্য নভেম্বর) মাস বীজ ফসলের জন্য উত্তম। মরিচ, শাক-সবজি, আখ, আলু, ডাল, মসলা জাতীয় অন্য ফসলের জমিতে সাথী ফসল হিসাবে মৌরির চাষ করা যায়। অতিরিক্ত সূর্যালোকে বীজ বপন করলে অঙ্কুরোদ্গমে ব্যাঘাত সৃষ্টি করে। মৌরি বীজের জন্য বিলম্বে বীজ বপনে এর স্বাভাবিক বৃদ্ধি ব্যাহত হয় এবং বিভিন্ন রোগবালাই এর আক্রমণ বেড়ে যায় ও বীজের মান খারাপ হয়ে ফলন কমে যায়।"
spice,fennel,মৌরি,430,land_preparation,জমি তৈরি,মাটির প্রকারভেদে 4-6 টি চাষ ও মই দিয়ে মাটি ঝুরঝুরে করে জমি তৈরি করতে হবে। পরে জমিতে 1.5 মিটার থেকে 2.0 মিটার চওড়া ও প্রয়োজনমতো লম্বা বেড তৈরি করতে হবে। পানি নিষ্কাশনের জন্য দ’ুবেডের মাঝে 35-40 সেমি নালা রাখতে হবে।
spice,fennel,মৌরি,430,seed_rate,বীজের হার,সারিতে হেক্টরপ্রতি 7-9 কেজি এবং ছিটিয়ে বোনার ক্ষেত্রে হেক্টরপ্রতি 9-12 কেজি বীজের প্রয়োজন হয়।
spice,fennel,মৌরি,430,sowing_method,বীজ বপন,"মৌরির বীজ বোনার আগে পানিতে 12-24 ঘণ্টা ভিজিয়ে রেখে বুনলে তাড়াতাড়ি অঙ্কুরোদ্গম হয়। সারিতে বোনার ক্ষেত্রে মাটির 2-3 সেন্টিমিটার গভীরে বীজ বপন করে, সারি থেকে সারির দূরত্ব 40 সেন্টিমিটার, গাছ থেকে গাছের দুরত্ব 10 সেন্টিমিটার বজায় রাখতে হবে। বপনকৃত বীজ অঙ্কুরোদ্গম হতে সাধারণত 8-15 দিন সময় লাগে। কোন কোন ক্ষেত্রে এর চাইতেও বেশি সময় লাগতে পারে। জমির আর্দ্রতার উপর নির্ভর করে বীজ বপনের পর পরই হালকা সেচ দিতে হবে। তাতে অঙ্কুরোদগম বৃদ্ধি পাবে।"
spice,fennel,মৌরি,430,fertilizer,সারের পরিমাণ ও প্রয়োগ পদ্ধতি,"মৌরি চাষের জন্য হেক্টরপ্রতি নিচের হারে সার প্রয়োগ করতে হয়। জমি তৈরির সময় সমস্ত গোবর, এমওপি ও টিএসপি সার প্রয়োগ করতে হবে। ইউরিয়া 2 কিস্তিতে প্রয়োগ করতে হবে। চারা গজানোর 25 দিন পর 1ম কিস্তি এবং ফুল ফোটার পর পর বাকি সার উপরি প্রয়োগ করতে হবে। সার মোট পরিমাণ শেষ চাষের সময় প্রয়োগ পরবর্তী পরিচর্যা হিসেবে প্রয়োগ 1ম কিস্তি 2য় কিস্তি গোবর 5 টন সব - - ইউরিয়া 180 কেজি - 90 কেজি 90 কেজি টিএসপি 175 কেজি সব - - এমওপি 14 0 কেজি সব - - জিপসাম 110 কেজি সব - - জিংক সালফেট 10 কেজি সব - - বরিক এসিড 8 কেজি সব - -"
spice,fennel,মৌরি,430,intercultural,আন্তঃপরিচর্যা,বীজ বপনের 15-20 দিনের মধ্যে প্রথম নিড়ানী দিতে হবে। একই ভাবে একই সময়ের ব্যবধানে পরবর্তীতে আরো 2-3 টি নিড়ানী দিতে হবে। প্রতিবার সেচের পর জমির ’জো’ আসা মাত্র মাটির চটা ভেঙ্গে দিতে হবে। চারা গজানোর পর থেকে 2/3 ধাপে 4-5 দিন পরপর নির্দিষ্ট দূরত্ব বজায় রেখে চারা পাতলা করে দিতে হবে।
spice,fennel,মৌরি,430,irrigation,সেচ,"মৌরির ফসলে 4-5 টি সেচ প্রয়োগ করতে হবে। গজানোর সময় হালকা সেচ, এ ছাড়া গাছের 4-5 পাতা অবস্থায়, শাখা বের হওয়া, ফুল আসার ও দানা গঠনের সময় মাঝারী সেচ দিতে হবে। এতে বীজ পুষ্ট ও ফলন বেশি হয়। সেচের অতিরিক্ত পানি বের করে দিতে হবে।"
spice,fennel,মৌরি,430,pest_disease,পোকামাকড়,কীটপতঙ্গের মধ্যে মৌরিতে জাব পোকার আক্রমণ লক্ষ্য করা যায়। কালচে রঙের ছোট পোকা গাছের কাণ্ডসহ বীজের উপর বসে রস চুষে খায়। আক্রমণ বেশি হলে বীজ কালো হয়ে গাছ শুকিয়ে যাওয়ার মতো মনে হয়। গাছে ফুল ও ফল ধরার সময় জাব পোকার আক্রমণ বেশি হয়।
spice,fennel,মৌরি,430,pest_disease,দমন,প্রতি লিটার পানিতে 1-2 মিলিলিটার ম্যালাথিয়ন-100 ইসি বা 1 মিলিলিটার কনফিডর-25 ইসি ভালোভাবে মিশিয়ে গাছে স্প্রে করতে হবে।
spice,fennel,মৌরি,430,pest_disease,মৌরির ব্লাইট রোগ,অলটারনারিয়া ব্রাসিসিকোলা (Alternia brassicola) নামক জীবাণু দ্বারা এ রোগ হয়ে থাকে। গাছে ফুল আসার সময় এ রোগ দেখা যায়। প্রথমে পাতার উপর ছোট ছোট কালো কালো দাগ পড়ে। পরে এ দাগসমূহ সমস্ত পাতায় ছড়িয়ে পড়ে। তারপর কাণ্ড ও শাখা প্রশাখায় ছড়িয়ে পড়ে। কুয়াশাচ্ছন্ন ও আর্দ্র আবহাওয়ায় এক সপ্তাহের মধ্যে সমস্ত গাছ কালো হয়ে ঝলসে যায় ও গাছ মারা যায়।
spice,fennel,মৌরি,430,pest_disease,দমন ব্যবস্থাপনা,প্রতি বীজে 3 গ্রাম হারে বীজ শোধন করতে হবে এবং এই রোগ দেখা দিলে এমিস্টার টপ প্রতি লিটার পানিতে 1 মিলি হারে মিশিয়ে 7-10 দিন পর পর 2-3 বার গাছে স্প্রে করতে হবে।
spice,fennel,মৌরি,430,harvest,ফসল সংগ্রহ,বপনের 140-150 দিন পর মৌরি পাকে। পাকলে বীজগুলো হালকা হলদে হয়ে পাতা শুকিয়ে যায়। সাধারণত খুব ভোরে অর্থাৎ সূর্যের আলোর প্রখরতা বৃদ্ধির পূর্বে শাখা কেটে নিতে হবে। মৌরির বীজ হালকা সবুজ অবস্থায় থাকতেই গাছ থেকে বীজসহ তুলতে হবে। এভাবে 2-3 ধাপে বীজ সংগ্রহ করতে হবে নতুবা বীজের মান ভাল হয় না বীজ কালো হয়ে নষ্ট হযে যায়। মৌরি বীজ সাধারণত রৌদ্রাঁজ্জ্বল দিনে সংগ্রহ করতে হবে। বীজ সংগ্রহের পর এক জায়গায় গাদা করে রাখা যাবে না কারণ গাদা করে রাখলে বীজ কালচে হয়ে যায়। বীজ রোদে শুকিয়ে মাড়াই - ঝাড়াই করে পৃথক করা হয়। বীজে আর্দ্রতার পরিমাণ 8-10% রেখে শুকিয়ে ভালোভাবে সংরক্ষণ করতে হবে।
spice,firingi (spice),ফিরিঙ্গি,432,soil_climate,মাটি,প্রায় সব প্রকার মাটিতে ফিরিঙ্গি চাষ করা যায়। তবে পলি দো-আঁশ থেকে বেলে দোঁআশ মাটি ফিরিঙ্গি চাষের জন্য অধিক উপযুক্ত। ফিরিঙ্গি গাছের সুষ্ঠু বৃদ্ধির জন্য মাটির পিএইচ 6-7 হলে ভাল হয়।
spice,firingi (spice),ফিরিঙ্গি,432,land_preparation,জমি তৈরী,মাটি ও জমির প্রকার ভেদে 4-6 টি চাষ ও মই দিয়ে ঝুরঝুরে করে জমি তৈরী করতে হবে।
spice,firingi (spice),ফিরিঙ্গি,432,sowing_method,বীজ বপন,ভালভাবে তৈরীকৃত জমিতে সারি থেকে দূরত্ব 25 সেন্টিমিটার বজায় রেখে বীজ 1-1.5 সেন্টিমিটার গভীরতায় সারিতে করা হয়। বীজ 4-6 ঘন্টা ভিজিয়ে রেখে বপন করতে হবে। বীজ বপনের পরপরই প্রয়োজনীয় সেচ প্রদান করতে হব।
spice,firingi (spice),ফিরিঙ্গি,432,seed_rate,বীজের হার,সারিতে বপনের প্রতি হেক্টর জমিতে 3-4 কেজি বীজ প্রয়োজন হয়।
spice,firingi (spice),ফিরিঙ্গি,432,fertilizer,সারের পরিমাণ ও প্রয়োগ পদ্ধতি,"সারের মাত্রা জমির উর্বরতার উপর নির্ভরশীল। সাধারণত প্রতি হেক্টরে নিম্নোক্ত পরিমাণ সারের প্রয়োজন হয় ঃ সম্পূর্ন গোবর, টিএসপি, জিপসাম, বরিক এসিড এবং অর্ধেক এমওপি সার শেষ চাষের সময় দিতে হবে। বাকী এমপি সার বীজ বপনের 30 দিন পর জমিতে প্রয়োগ করতে হবে। ইউরিয়া সার বীজ বপনের 20-25 দিন পর এবং 50-55 দিন পর জমিতে প্রয়োগ করতে হবে।"
spice,firingi (spice),ফিরিঙ্গি,432,intercultural,অন্যান্য পরিচর্যা,
spice,firingi (spice),ফিরিঙ্গি,432,intercultural,আন্তঃপরিচর্যা,গাছের সুষ্ঠু ও স্বাভাবিক বৃদ্ধির জন্য জমি আগাছা মুক্ত রাখতে হবে। গাছের প্রাথমিক বৃদ্ধির সময় নিড়ানী দিয়ে আগাছা পরিস্কার ও মাটি ঝুরঝুরা করে দিতে হবে। এভাবে 10-15 দিন পর পর 2-3 বার নিড়ানী দিতে হবে। সার মোট পরিমাণ শেষ চাষের সময় প্রয়োগ পরবর্তী পরিচর্যা হিসাবে প্রয়োগ বীজ বপনের 10 - 15 দিন পর বীজ বপনের 30 দিন পর গোবর 5 টন সব - - ইউরিয়া 125 কেজি - 65 কেজি 60 কেজি টিএসপি 125 কেজি সব - - এমওপি 90 কেজি 45 কেজি - - জিপসাম 80 কেজি সব - - বরিক এসিড 80 সব - - প্রতিবার সেচের পর ‘জো’ আসা মাত্র মাটির উপরের চটা ভেঙ্গে দিতে হবে। মাটির প্রকার ভেদে জমিতে সেচ প্রয়োগ করতে হবে। জমির অতিরিক্ত পানি নালা দিয়ে নিষ্কাশনের ব্যবস্থা করতে হবে। চারা গজানোর 10 দিন পর থেকে 2/3 ধাপে 4-5 দিন পর পর নির্দিষ্ট দূরত্বে রেখে চারা পাতলা করে দিতে হবে।
spice,firingi (spice),ফিরিঙ্গি,432,pest_disease,রোগবালাই,‘বারি ফিরিঙ্গি-1’ এ মারাত্ব্নক কোন রোগ হয় না বললেই চলে। তবে সেচের তারতম্যের কারণে গোড়া পঁচা রোগ দেখা দিতে পারে।
spice,firingi (spice),ফিরিঙ্গি,432,pest_disease,দমন,রোগের লক্ষণ দেখা মাত্র প্রতি লিটার পানির সাথে কার্বেন্ডাজিম গ্রুপের 2 গ্রাম অটোস্টিন মিশিয়ে সমস্ত গাছে 5-7 দিন পর পর 2-3 বার বিকালে স্প্রে করতে হবে ।
spice,firingi (spice),ফিরিঙ্গি,432,harvest,ফসল সংগ্রহ,বীজ বপনের পর থেকে 90-100 দিনের মধ্যেই ফসল সংগ্রহ করা যায়। সাধারণত যখন পড সমূহ হলদে বাদামী বর্ণ ধারণ করে তখন গাছ কাটা হয়।
spice,firingi (spice),ফিরিঙ্গি,432,other,মাড়াই-ঝাড়াই ও সংরক্ষণ,"গাছ মাড়াই করার স্থানে ছড়িয়ে দিয়ে 4-5 দিন রৌদ্রে শুকানোর পর ফসল মাড়াই করা হয়। মাড়াই করা বীজ ভালভাবে 2-3 দিন রোদে শুকিয়ে বাতাসমুক্ত টিন, মাটির পট, পলিব্যাগ ইত্যাদিতে সংরক্ষণ করা হয়।"
spice,firingi (spice),ফিরিঙ্গি,432,yield,ফলন,হেক্টর প্রতি ফিরিঙ্গি বীজের ফলন 0.4-0.5 টন।
spice,dill (shaluk),শলুক,433,soil_climate,মাটি ও আবহাওয়া,প্রায় সব রকমের মাটিতেই শল্ুেকর চাষ করা যায়। তবে বেলে দো-আঁশ থেকে এঁটেল দোআঁশ মাটি শলুক চাষের জন্য উপযোগী। শলুক অধিক জলাবদ্ধতা সহ্য করতে পারে না বিধায় জমির পানি নিস্কাশনের ব্যবস্থা থাকতে হবে। ঠান্ডা আবহাওয়া শল্ুেকর বীজ উৎপাদনের জন্য অনুকুল বলে রবি মৌসুমে এর চাষ করা হয়ে থাকে। উচ্চ তাপমাত্রায় ও খরায় শলুক বীজের ফলন ভাল হয় না। ফুল ফোটার সময় বৃষ্টি এবং অতিরিক্ত কুয়াশা হলে শল্ুেকর ফলন কমে যায় এবং বীজের মান খারাপ হয়ে যায়।
spice,dill (shaluk),শলুক,433,sowing_time,বপন সময়,"আশ্বিন থেকে কার্ত্তিক (অক্টবর-নভেম্বর) মাস বীজ ফসলের জন্য উত্তম। সাথী ফসল হিসাবে মরিচ, শাক-সব্জি, আখ, আলু, ডাল, মসলা জাতীয় অন্য ফসলের জমিতে শল্ুেকর চাষ করা যায়। অতিরিক্ত সূর্যালোকে বীজ বপন করলে অঙ্কুরোদগমে ব্যাঘাত সৃষ্টি করে। শলুক বীজের জন্য বিলম্বে বীজ বপনে এর স্বাভাবিক বৃদ্ধি ব্যহত হয় এবং বিভিন্ন রোগবালাই এর আক্রমন বেড়ে যায় ও বীজের মান খারাপ হয়ে ফলন কমে যায়।"
spice,dill (shaluk),শলুক,433,land_preparation,জমি তৈরি,মাটির প্রকারভেদে 4-6 টি চাষ ও মই দিয়ে মাটি ঝুরঝুরে করে জমি তৈরী করতে হবে। পরে জমির দুই ব্লকের মাঝে পানি নিস্কাশনের জন্য নালা রেখে জমি তৈরী করা হয়।
spice,dill (shaluk),শলুক,433,seed_rate,বীজের হার,সারিতে হেক্টর প্রতি 8-10 কেজি এবং ছিটিয়ে বোনার ক্ষেত্রে হেক্টর প্রতি 12-15 কেজি বীজের প্রয়োজন হয়।
spice,dill (shaluk),শলুক,433,sowing_method,বীজ বপন,"শলুকের বীজ বোনার আগে পানিতে 10-12 ঘন্টা ভিজিয়ে রেখে বুনলে তাড়াতাড়ি অঙ্কুরোদগম হয়। সারিতে বোনার ক্ষেত্রে মাটির 2-3 সেন্টিমিটার গভীরে বীজ বপন করে, সারি থেকে সারির দুরত্ব 40 সেন্টিমিটার, গাছ থেকে গাছের দুরত্ব 8-10 সেন্টিমিটার বজায় রাখতে হবে। বপনকৃত বীজ অঙ্কুরোদগম হতে সাধারণত 8-10 দিন সময় লাগে। জমির আর্দ্রতার উপর নির্ভর করে বীজ বপনের পর পরই হালকা সেচ দিতে হবে। তাতে অঙ্কুরোদগম বৃদ্ধি পাবে।"
spice,dill (shaluk),শলুক,433,fertilizer,সারের পরিমান ও প্রয়োগ পদ্ধতি,"শলুক চাষের জন্য হেক্টর প্রতি নীচের হারে সার প্রয়োগ করতে হয়ঃ জমি তৈরীর সময় গোবর, 1/2 এমওপি, টিএসপি ও জিপসাম সার প্রয়োগ করতে হবে। 2 কিস্তিতে প্রয়োগ করতে হবে। চারা গজানোর 25 দিন পর 1ম কিস্তিতে 1/2 ইউরিয়া এর সাথে 1/2 এমওপি এবং ফুল ফোটার পর পর বাকি ইউরিয়া সার হালকা সেচের সাথে উপরি প্রয়োগ করতে হবে।"
spice,dill (shaluk),শলুক,433,intercultural,অন্যান্য পরিচর্যা,
spice,dill (shaluk),শলুক,433,intercultural,আন্তঃপরিচর্যা,বীজ বপনের 15-20 দিনের মধ্যে প্রথম নিড়ানী দিতে হবে। একই ভাবে একই সময়ের ব্যবধানে পরবর্তী নিড়ানী সমূহ দিতে হবে। প্রতিবার সেচের পর জমির ’জো’ আসা মাত্র মাটির চটা ভেঙ্গে দিতে হবে। চারা গজানোর পর থেকে 2/3 ধাপে 4-5 দিন পরপর নির্দিষ্ট দুরত্ব বজায় রেখে চারা পাতলা করে দিতে হবে।
spice,dill (shaluk),শলুক,433,irrigation,সেচ,"শলুক ফসলে 3-4 টি সেচ প্রয়োগ করতে হবে। গজানোর সময় হালকা সেচ, ফুল আসার আগে ও দানা গঠনের সময় সেচ দেওয়া খুবই প্রয়োজন। এতে বীজ পুষ্ট ও ফলন বেশী হয়।"
spice,dill (shaluk),শলুক,433,pest_disease,পোকামাকড়,কীটপতঙ্গের মধ্যে শলুকে জাব পোকার আক্রমন লক্ষ্য করা যায়। কালচে রঙের ছোট পোকা গাছের কান্ডসহ বীজের উপর বসে রস চুষে খায়। আক্রমণ বেশী হলে বীজ কালো হয়ে গাছ শুকিয়ে যাওয়ার মতো মনে হয়। গাছে ফুল ও ফল ধরার সময় জাব পোকার আক্রমণ বেশী হয়।
spice,dill (shaluk),শলুক,433,pest_disease,দমন,প্রতি লিটার পানিতে 1-2 মিলিলিটার ম্যালাথিয়ন-100 ইসি বা 1 মিলিলিটার কনফিডর-25 ইসি ভালোভাবে মিশিয়ে গাছে স্প্রে করতে হবে।
spice,dill (shaluk),শলুক,433,pest_disease,রোগবালাই,"জাতটিতে রোগের আক্রমণ অন্যান্য জার্মপ্লাজম এর তুলনায় অপেক্ষাকৃত কম হয় । তবে আবহাওয়া কুয়াশাচ্ছন্ন এবং হঠাৎ রাত্রির তাপমাত্রা ও আপেক্ষিক আর্দরতা বৃদ্ধি পায়, তবে মাঝে মাঝে আম্বেল ব্লাইট রোগের আক্রমণ হতে পারে । এ রোগের আক্রমণে এই রোগের আক্রমনে গাছের আম্বেলগুলো কালচে হয়ে সমস্ত গাছ শুকিয়ে যায়। সার মোট পরিমান শেষ চাষের সময় প্রয়োগ পরবর্তী পরিচর্যা হিসাে ব প্রয়োগ 1ম কিস্তি 2য় কিস্তি গোবর/ভার্কিম্পোস্ট 5 টন/ 3 টন সব - - ইউরিয়া 170 কেজি - 85 কেজি 85 কেজি টিএসপি 17 0 কেজি সব - - এমওপি 120 কেজি 60 কেজি 60 কেজি - জিপসাম 85 কেজি সব - -"
spice,black pepper,গোল মরিচ,435,sowing_method,চারা উৎপাদন,কেবল অযৌন পদ্ধতিতে গোলমরিচের বংশ বিস্তার হয়। ধাবক মুকুল (রানার) যা প্রধান গাছের গোড়া থেকে গজায় এমন লতা থেকে চারা (কাটিং) সংগ্রহ করাই উত্তম। কমপক্ষে 3-4টি গিঁটসহ 30-45 সেমি লম্বা শাখা কাটিং হিসেবে নিতে হবে। কাটিংগুলো সরাসরি সহায়ক গাছের গোড়ায় লাগানো যেতে পারে এতে উৎপাদন খরচ অনেক কম হয়। বীজতলায় কাটিং লাগালে 20-30 দিনের মধ্যে নতুন কুঁড়ি বের হতে শুরু করে। এক বছর বয়সের কাটিং বাগানে লাগানো উত্তম।
spice,black pepper,গোল মরিচ,435,land_preparation,জমি তৈরি,গোলমরিচের জন্য পাহাড়ী ঊর্বর দোআঁশ মাটি প্রয়োজন এবং দ্রুত পানি নিষ্কাশনের ব্যবস্থা থাকা একান্ত প্রয়োজন।
spice,black pepper,গোল মরিচ,435,sowing_method,চারা রোপণ,"মে-আগস্ট মাসে প্রত্যেক সহায়ক বৃক্ষের পাশে তৈরি গর্তে 2-3টি কাটিং লাগাতে হবে এরপর পানি দিতে হবে। কাটিংগুলি সহায়ক বৃক্ষের উত্তর পার্শ্বে লাগানো হলে সূর্যের তাপ কম লাগবে। সূর্য তাপ হতে প্রাথমিকভাবে রক্ষার জন্য পাতাওয়ালা গাছের ডাল বা অন্য কোনভাবে ছায়ার ব্যবস্থা করতে হবে। আম, কাঁঠাল, সুপারী, জিগা, সজিনা, শিমুল ইত্যাদি সহায়ক আশ্রয়দাতা গাছ বৃক্ষ হিসেবে ব্যবহার করা যেতে পারে।"
spice,black pepper,গোল মরিচ,435,spacing,রোপণ দূরত্ব,গাছ রোপণের দূরত্ব 4 মি. ও প্রতি বেডে সারির দূরত্ব 4 মি.। গাছের গোড়ার গর্তের আকার 30 × 30 × 30 সেমি।
spice,black pepper,গোল মরিচ,435,fertilizer,সারের পরিমাণ,গাছের বৃদ্ধি এবং ভাল ফলন পেতে হলে সময়মতো প্রয়োজনীয় সার উল্লিখিত হারে প্রয়োগ করতে হবে। রোপণের সময় সারের পরিমাণ (1নং টেবিল)। প্রতি গর্তে সারের গাছপ্রতি সার প্রয়োগ সারের নাম পরিমাণ প্রথমবার দ্বিতীয়বার (বর্ষার শুরুতে) (বর্ষার শেষে) গোবর বা কম্পোস্ট (কেজি) 10 - - খৈল (গ্রাম) 250 - - টিএসপি (গ্রাম) 115 - - ইউরিয়া (গ্রাম) - 50 50 মিউরেট অব পটাশ (গ্রাম) 115 - - বয়স অনুযায়ী গাছপ্রতি সারের পরিমাণ ও প্রয়োগের সময় নিচে দেয়া হল (2নং টেবিল)। সারের নাম 1ম বছর 2য় বছর 3য় বছর 4র্থ বছর গোবর বা কম্পোস্ট (কেজি) - 5 - 5 টিএসপি (গ্রাম) - 250 - - ইউরিয়া (গ্রাম) 75 75 75 75 মিউরেট অব পটাশ (গ্রাম) 50 50 50 50
spice,black pepper,গোল মরিচ,435,fertilizer,সার প্রয়োগ,প্রথমবার সার প্রয়োগ করতে হবে বর্ষা শুরু হওয়ার পূর্বে অথবা বৈশাখ মাসে (মধ্য-এপ্রিল থেকে মধ্য-মে) এবং 2য় বার বর্ষার শেষে অর্থাৎ আশ্বিন (মধ্য-সেপ্টেম্বর থেকে মধ্য-অক্টোবর) গর্তগুলি 10-12 দিন খোলা রাখার পর প্রতি গর্তে উক্ত গোবর ও সার (1নং টেবিল) গর্তের মাটির সাথে মিশিয়ে পূর্ণ করে রাখতে হবে।
spice,black pepper,গোল মরিচ,435,irrigation,পানি সেচ,রোপণের সময় মাটি শুকনো থাকলে সেচ দিতে হবে। খরা মৌসুমে এমনভাবে সেচ দিতে হবে যাতে মাটিতে সব সময়ে রস থাকে। সবচেয়ে ভাল হয় যদি একটি ছিদ্রযুক্ত কলসি অথবা ছিদ্রযুক্ত পলিথিন ব্যাগ পানি ভর্তি করে সহায়ক গাছের সাথে ঝুলিয়ে দেয়া হয়। ছিদ্র দিয়ে সারাক্ষণ ফোঁটা ফোঁটা পানি পড়তে থাকলে গাছের বৃদ্ধি এবং ফলের জন্য সবচেয়ে উপকারী। অতি বৃষ্টির সময় যাতে গাছের গোড়ায় পানি না জমে সেজন্য নালা কেটে পানি নিষ্কাশনের ব্যবস্থা করতে হবে।
spice,black pepper,গোল মরিচ,435,intercultural,ছাঁটাইকরণ,গোলমরিচ গাছের শাখা-প্রশাখা বেড়ে অতিরিক্ত ঝোপ হয়ে গেলে তা সামান্য পরিমাণে ছেঁটে পাতলা করে দিতে হবে। প্রথম পাঁচ বছর গোলমরিচ গাছের তেমন কোন ছাঁটাইয়ের প্রয়োজন হয় না। তবে ফসল সংগ্রহের সুবিধার জন্য লতার আগা কেটে দেয়া যেতে পারে। এতে পার্শ্ব শাখাগুলো মজবুত এবং অধিক ফল দেয়। বর্ষা মৌসুমে গোলমরিচ গাছ যেন প্রচুর আলো-বাতাস পায় সেজন্য প্রয়োজনমতো সহায়ক গাছ বর্ষা মৌসুমের শুরুতে ছেঁটে দিতে হবে।
spice,black pepper,গোল মরিচ,435,pest_disease,রোগ ও পোকা দমন,গোলমরিচের গোড়া পচা রোগ দেখা দিলে ডায়াথেন 45 প্রতি লিটার পানিতে 2-5 গ্রাম হারে 7 দিন পর পর 3 বার স্প্রে করতে হবে। গোলমরিচে লাল ও কালো পিপড়ার আক্রমণ লক্ষ্য করা যায়। প্রাথমিক অবস্থায় এদের ধ্বংস করতে হবে।
spice,black pepper,গোল মরিচ,435,yield,মাড়াই ও ফলন,লতা রোপণের 3-4 বছরের মধ্যে ফসল ধরা শুরু হয়। একটি গাছ পূর্ণ উৎপাদনের অবস্থায় আসে 7-8 বছর বয়সে এবং 20 বছর পর্যন্ত ভাল ফলন দেয়। গোলমরিচ গাছে এপ্রিল মাসের শেষ সপ্তাহ থেকে মে মাসের প্রথমার্ধে ফুল আসে। 10-15 সেমি লম্বা গুচ্ছে খুব ছোট হলুদ ফুল ফোটে যা পরবর্তী সময়ে পাকা বেরিতে (ফল) রূপান্তরিত হয়। ডিসেম্বর (মধ্য-অগ্রহায়ণ থেকে মধ্য-পৌষ) মাসের শেষ ভাগে যখন 2-1টি ফল লাল হয় তখনই সম্পূর্ণ গুচ্ছটি কেটে নিত হয়। পূর্ণবয়স্ক একটি গাছ গড়ে 2.5-3 কেজি কাঁচা গোল মরিচ ফলন দেয় যা প্রক্রিয়াজাতকরণ ও শুকানোর পর গড়ে 1.25-1.50 কেজি হয়।
spice,black pepper,গোল মরিচ,435,other,ফসল প্রক্রিয়াজাতকরণ,"সংগ্রহের পর ফলগুলো গুচ্ছ থেকে আলাদা করে একটি পাত্রে জমা করতে হবে। তারপর দানাগুলো ফুটন্ত পানিতে 10 মিনিট সিদ্ধ করে পানি ঝরা দিয়ে ফলগুলো রোদে শুকাতে হবে। যে পানিতে দানাগুলো সিদ্ধ করা হয়েছে সেই পানি কিছুক্ষণ পর পর দানাগুলোর উপর ছিটিয়ে দিতে হবে। এতে শুকনা গোল মরিচের রং সুন্দর হয়, সুগন্ধ অটুট থাকে এবং ঝাল নষ্ট হয় না। এভাবে 6-7 দিন ভালভাবে রোদে শুকিয়ে বাজারজাত করা যায়।"
spice,chui jhal (Piper chaba),চুইঝাল,437,sowing_method,বংশবিস্তার ও চারা তৈরী,"চুইঝালের বংশবিস্তার বীজ ও লতার/শাখার মাধ্যমে হয়ে থাকে। লতার/শাখার মাধ্যমে উৎপাদিত চারার বৃদ্ধি ও ফলন দ্রুত হয়। অঙ্গজ প্রজনন বা লতা কাটিং পদ্ধতিতে এর কাণ্ড বা শাখা 30 থেকে 35 সেন্টিমিটার লম্বা করে কেটে সরাসরি মাটিতে রোপণ করা হয়। কাটিং রোপণের আগে অবশ্যই শোধন করে নিতে হবে। 1 লিটার পানিতে 2-3 গ্রাম কার্বেন্ডাজিম গ্রুপের ছত্রাকনাশক মিশিয়ে 10 মিনিট চুবিয়ে রাখার পর কাটিং রোপণ করতে হবে। বাণিজ্যিকভাবে পলিব্যাগে চারা তৈরি করা হয়। পলিব্যাগে চারা তৈরীর ক্ষেত্রে একটি, দুইটি বা তিনটি গিট সম্পন্ন লতার কাটিং নেয়া হয়। পলিব্যাগ উৎপাদিত চারা পরবর্তীতে মূল জমিতে রোপণ করা হয়।"
spice,chui jhal (Piper chaba),চুইঝাল,437,sowing_time,রোপণের সময় ও পদ্ধতি,এপ্রিল-জুন মাস চুইঝালের লতা বা চারা রোপণের উপযুক্ত সময়। খোলা স্থানে যেমন পুকুরপাড় অথবা বাড়ির পাশের উচু জমিতে 1.5 মিটার পর পর লাগানো যেতে পারে। উক্ত দূরত্বে শতক প্রতি 18-20 টি চারার প্রয়োজন
spice,chui jhal (Piper chaba),চুইঝাল,437,land_preparation,জমি বা মাদা প্রস্তুত,দো-আঁশ ও বেলে দো-আঁশ মাটি এবং পানি নিষ্কাশনের সুবিধাযুক্ত ও ছায়াময় উঁচু জমিতে সাধারণত চুইঝাল চাষ করা হয়। চুইঝালের জন্য আলাদা কোনো জমির প্রয়োজন নেই। সাধারণত ফলবাগান বা বৃক্ষ বাগানের মাটিই চুইঝালের জন্য উপযুক্ত। শুধু খেয়াল রাখতে হবে বর্ষায় বা বন্যায় যেন চুইঝাল গাছের গোড়ায় পানি না জমে। লাগানোর জায়গা ঠিক করার পর সেখানে (50 সেমি × 50 সেমি × 50 সেমি) মাপে গর্ত তৈরি করতে হবে।
spice,chui jhal (Piper chaba),চুইঝাল,437,fertilizer,সার ও সেচ ব্যবস্থাপনা,"চারা রোপইের কমপক্ষে 10-15 দিন আগে গর্ত প্রতি 10 কেজি পচা গোবর সার, 115 গ্রাম টিএসপি, 100 গ্রাম এমওপি সার মিশিয়ে দিয়ে গর্ত ভরাট করে রেখে দিতে হয়। প্রতি বছর বর্ষার আগে ও পরে গাছের গোড়া থেকে 50 সেমি দূরে সার প্রয়োগ করতে হবে। সার দেয়ার সময় গাছের গোড়ায় মাটি হালকা করে কুপিয়ে দিতে হয় এবং সেচ প্রদান করতে হবে। শুকনো মৌসুমে 15 দিন অন্তর অন্তর সেচের ব্যবস্থা করতে হবে। বর্ষাকালে চুইঝালের গোড়ায় যাতে পানি জমে না যায় সে দিকে বিশেষ খেয়াল রাখতে হবে।"
spice,chui jhal (Piper chaba),চুইঝাল,437,harvest,চুইঝাল সংগ্রহ ও ফলন,বারি চুইঝাল-1 লাগানোর বা রোপণের 1.5-2 বছরের মধ্যে ফসল সংগ্রহের উপযোগী হয়। তবে ভালো ফলনের জন্য 4-5 বছর বয়সের গাছই উত্তম। 3 বছরের একটি গাছ হতে 9-11 কেজি চুইঝালের ভক্ষণযোগ্য কাণ্ড পাওয়া যায়। গাছের বয়স বৃদ্ধির সাথে সাথে চুইঝালের ফলনও বৃদ্ধি পেতে থাকে।
spice,chui jhal (Piper chaba),চুইঝাল,437,other,সংরক্ষণের নিয়ম,চুইঝাল কাণ্ড বাকলসহ পলিথিনে মুড়ে ডিপ ফ্রিজারে রেখে দীর্ঘদিন পর্যন্ত সংরক্ষণ করা যায়। ফ্রিজ ছাড়াও চটের বস্তায় মুড়ে মাঝে মাঝে পানির ছিটা দিয়েও 30-40 দিন পর্যন্ত চুইঝাল সংরক্ষণ করা যায়। এছাড়াও চুইঝালকে শুকিয়ে গুঁড়া করেও দীর্ঘদিন রাখা যায়। পাউডার তৈরির জন্য চুই গাছ কেটে এনে সেটিকে পানি দিয়ে ভালোভাবে পরিষ্কার করে ছোট ছোট টুকরো করে কাটতে হয়। কাটার পর ছোট টুকরোগুলোকে 4/5 দিন প্রখর রোদে শুকিয়ে নিতে হয়। শুঁকানো টুকরোগুলোকে মেশিনে গুড়ো করে প্যাকেট বা কৌটায় সংরক্ষণ করা হয়। 10-12 কেজি কাঁচা চুইঝাল শুকিয়ে 1 কেজি পাউডার তৈরী করা হয়।
spice,chui jhal (Piper chaba),চুইঝাল,437,other,চুইঝাল ব্যবহারের নিয়ম,"চুইঝালের কান্ডের ছাল বা বাকল ছাড়িয়ে 1.5-2.0 ইঞ্চি পরিমান ছোট ছোট টুকরো করে কেটে নিতে হবে। কান্ড দেখতে কাঠের মত হলেও রান্নার পর সম্পুর্ন নরম হয়ে যায়। এই ছোট টুকরো পরিষ্কার পানিতে ধুয়ে মাছ, মাংস, খিচুড়ি, ডাল ও অন্যান্য খাবারের সাথে রান্না করে খাওয়া যায়। খাওয়ার সময় ডাটার মতো চিবিয়ে খাওয়া হয়।"
spice,betel leaf,পান,439,other,পান চাষের অগ্রবর্তী জেলাসমূহ,"বাংলাদেশের প্রায় সবত্রই পান জন্মায়। তবে যশোর, কুষ্টিয়া, বরিশাল, রাজশাহী, চট্টগ্রাম, খুলনা, ফরিদপুর, পটুয়াখালী, কুমিল্লা ও নোয়াখালী জেলায় উৎপন্ন পানের 90% উৎপাদিত হয়। পান একটি অত্যন্ত লাভজনক অর্থকরী ফসল। পান চাষের পদ্ধতিও খুব নিবিড়, ব্যয়বহুল এবং শ্রমসাধ্য। অধিক উষ্ণ-আর্দর আবহাওয়ায় পান চাষ হয় বলে পোকা-মাকড় এবং ছত্রাক জাতীয় রোগের উপদ্রব অন্যান্য ফসলের চেয়ে অনেক বেশি।"
spice,betel leaf,পান,439,soil_climate,"আবহাওয়া, জলবায়ু ও মাটি","ছায়াযুক্ত, গ্রীষ্মমণ্ডলীয় বন্য পরিবেশে পান ভাল জন্মে। আমাদের দেশে খরিফ মৌসুমে পান উৎপাদনের অনুক‚ল আবহাওয়া বিরাজ করায় উৎপাদনের পরিমাণ রবি মৌসুমের তুলনায় দ্বিগুন হয়। পান চাষের জন্য বাৎসরিক বৃষ্টিপাত 2,250-4,750 মিমি, আপেক্ষিক আদ্রতা 40-80% এবং তাপমাত্রা 15-40 ডিগ্রি সে.। তবে 15-25 ডিগ্রি সে. তাপমাত্রায় পান ভাল হয়। বরজ এমনভাবে তৈরি করতে হবে যেখানে গাছের জন্য প্রয়োজনীয় আলো বাতাস চলাচল করতে পারে। নিষ্কাশনযুক্ত, ঊর্বর বেলে বা বেলে দোআঁশ বা এঁটেল মাটি পানচাষের জন্য বেশি উপযোগী। মাটির পিএইচ 5.6 থেকে 8.2 হলে পান চাষের জন্য ভালো।"
spice,betel leaf,পান,439,land_preparation,জমি তৈরি ও মাটি শোধন,3-4 টি চাষ দিয়ে মাটি তৈরি করা উচিত। চৈত্র-বৈশাখ মাসে 1 মাস ধরে স্বচ্ছ পলিথিন দিয়ে ঢেকে রেখে মাটি শোধন করতে হবে। তাপমাত্রা বৃদ্ধির জন্য মাঝে মধ্যে বিকালের দিকে চাদর সরিয়ে অল্প পানি ছিটিয়ে দিয়ে আবার পলিথিন দিয়ে ঢেকে দিতে হবে। 60 মিলি ফরমালিনে 10 লিটার পানির সাথে মিশিয়ে প্রতি বর্গমিটার জমিতে প্রয়োগ করে পলিথিন দিয়ে 4-5 দিন ঢেকে রাখতে হবে। মাটি শোধনের 20-25 দিন পর লতা রোপণ করতে হবে ।
spice,betel leaf,পান,439,other,লতা নির্বাচন ও শোধন,পানের লতা বা কাটিং লাগানোর জন্য সতেজ ও রোগমুক্ত বরজ হতে লতা বা কাটিং সংগ্রহ করতে হবে। গাছের উপরের এক মিটারের মধ্যে থেকেই কাটিং সংগ্রহ করা উচিৎ। লতা মাটিতে লাগানোর আগে প্রতি লিটার পানির সাথে 2 গ্রাম প্রোভ্যাক্স-200 বা অটোস্টিন ও এডমায়ার 1 মিলি মিশিয়ে এর জলীয় দ্রবণে 12-15 মিনিট চুবিয়ে শোধন করে নিতে হবে। এর পর লতা ছায়াতে রেখে শুকিয়ে নিতে হবে। লতা সংগ্রহের 5-6 দিন পূর্বে গাছের ডগার দিকে 2-3 সেমি ভেঙ্গে দিলে ভাল হয়। রোপণ দূরত্ব অনুযায়ী হেক্টরে 70 থেকে 80 হাজার কাটিং প্রয়োজন হয়।
spice,betel leaf,পান,439,sowing_method,রোপণ পূর্ববর্তী ব্যবস্থাপনা, পান বরজে সেচ ও নিষ্কাশনের পর্যাপ্ত ব্যবস্থা রাখতে হবে ।  চারা গাছের জন্য পর্যাপ্ত ছায়ার ব্যবস্থা করতে হবে ও লতা আকড়ে ধরার জন্য অবলম্বনের ব্যবস্থা করতে হবে ।
spice,betel leaf,পান,439,sowing_method,কাটিং বা চারা প্রস্তুতকরণ," 2 বছর বয়সের পুরাতন, সুস্থ, সবল ও নিরোগ লতা নির্বাচন করতে হবে। লতা থেকে কাটিং সংগ্রহ করে 8-10 সেমি গভীর উর্বর মাটিতে বর্ষাকালে 50-60 সেমি এবং শরৎকালে 40-50 সেমি দূরে দূরে লাগাতে হবে।  পান গাছের কাণ্ডকে ছোট ছোট টুকরায় কেটে চারা তৈরি করতে হবে। প্রতিটি কাটিং লম্বায় 30-40 সেমি হতে হবে ও 3-5টি গিট (পর্ব) এবং 3-4 টি পাতা থাকলে ভাল হয়।  পানের লতার উপরের, মাঝের বা গোড়ার যে কোন অংশ কাটিং হিসেবে ব্যবহার করা যায়। তবে গোড়ার অংশের তুলনায় উপরের ও মাঝের অংশ হতে অপেক্ষাকৃত কম সময়ে শিকড় ও কুশি গজাতে পারে।  বীজ লতা হতে সংগ্রহ করে প্রায় 80 টির মতো কাটিং একত্রে বেধে একটা বাণ্ডিল তৈরি করা হয়। এ বাণ্ডিলে কাদা মেখে ছায়াযুক্ত স্থানে রাখতে হবে। 2-3 দিনের মধ্যে পর্বসন্ধি হতে নতুন শিকড় বের হলে কাটিং লাগানো যায় ।"
spice,betel leaf,পান,439,sowing_time,লতা রোপণের সময়,"বছরের যে কোন সময় লতা লাগানো যায়। তবে পরীক্ষা করে দেখা গেছে, আশ্বিন-কার্তিক ও ফাল্গুন মাসে লতা লাগানো হলে ভাল ফল পাওয়া যায়। খরিফ মৌসুমে মধ্য ফাল্গুন হতে মধ্য চৈত্র মাসে পানের চারা রোপণ করা হয়। আবহাওয়ার তারতম্য ও অঞ্চল ভেদে চারা রোপণের উপযুক্ত সময়ের তারতম্য হয়। কুষ্টিয়া, চুয়াডাঙ্গা ও নড়াইলে মধ্য ফাল্গুন হতে মধ্য চৈত্র মাসে, যশোরে মধ্য জ্যৈষ্ঠ হতে মধ্য শ্রাবণ মাসে, বরিশালে ও বাগেরহাটে মধ্য জ্যৈষ্ঠ হতে মধ্য আষাঢ় মাসে, পটুয়াখালী আষাঢ় হতে শ্রাবণ মাসে, রাজশাহীতে মধ্য মাঘ হতে মধ্য চৈত্র মাসে, চট্টগ্রামে মধ্য জ্যৈষ্ঠ হতে মধ্য ভাদ্র মাসে, কক্সবাজারে মধ্য শ্রাবণ হতে মধ্য ভাদ্র মাসে পানের কাটিং রোপণ করা হয়।"
spice,betel leaf,পান,439,fertilizer,সার ব্যবস্থাপনা,জমি তৈরির সময় সার প্রয়োগ চারা লাগানোর পূর্বে হেক্টরপ্রতি 8-10 টন পচা গোবর সার ভালভাবে মাটির সাথে মিশিয়ে দিতে হবে।
spice,betel leaf,পান,439,fertilizer,পান বরজে সার প্রয়োগ,"পান অধিক মাত্রায় পুষ্টি গ্রহণ করে। সাধারণত খৈল, কোন কোন এলাকায় ইউরিয়া সার দেয়া হয়। কাঠা প্রতি জায়গায় বছরে টিএসপি 3 কেজি, এমওপি 3 কেজি, সরিষা বা নিম খৈল 20 কেজি প্রয়োগ করা যেতে পারে। সার ও খৈল বছরে 5-6 টি ভাগে প্রয়োগ করা যেতে পারে। পান গাছের খাবার লতার গোড়ায় দেওয়া যাবে না। 2 সারির মাঝখানে 2 ইঞ্চি খুড়ে খৈল বা রাসায়নিক সার দিতে হবে। খৈল পচিয়ে তারপরে বরজে দিলে গাছ ভাল ভাবে গ্রহণ করতে পারে ও রোগবালাই কম হবে।"
spice,betel leaf,পান,439,fertilizer,সারের মাত্রা,
spice,betel leaf,পান,439,fertilizer,নতুন বরজে সার প্রয়োগের পরিমাণ ও সময়কাল,"(Source : Effect of N, P and K on the yield and quality of betel leaf, Anual Research Report 2014-15, Spices Research Centre, Shibganj, Bogura) সারের নাম পরিমাণ /হেক্টর সার প্রয়োগ পদ্ধতি গোবর 10-15 টন সবটুকুজমি তৈরির সময় খৈল 6 টন 12 কিস্তি(চারা লাগানোর 2 মাস পর হতে 30 দিন পর হবে। পর) সার প্রয়োগ করতে ইউরিয়া 217 কেজি 12 কিস্তি(চারা লাগানোর 2 মাস পর হতে 30 দিন পর পর) সার প্রয়োগ করতে হবে। টিএসপি 220 কেজি সবটুকুজমি তৈরির সময় এমওপি 84 কেজি সবটুকুজমি তৈরির সময় জিপসাম 50 কেজি সবটুকুজমি তৈরির সময় জিংক সালফেট 15 কেজি সবটুকুজমি তৈরির সময়"
spice,betel leaf,পান,439,fertilizer,পুরাতন বরজে সার প্রয়োগের পরিমাণ ও সময়কাল,
spice,betel leaf,পান,439,irrigation,সেচ প্রদান,সফলভাবে পান চাষের জন্য সঠিক মাত্রায় সেচ প্রয়োগ করা প্রয়োজন। পান বরজের মাটিতে সবসময় আর্দরতা বজায় রাখতে হবে। শুষ্ক মৌসুমে 6-7 দিন পর পর সেচ দিতে হবে। কিন্তু বর্ষাকালে পানি নিষ্কাশনের পর্যাপ্ত ব্যবস্থা থাকতে হবে।
spice,betel leaf,পান,439,intercultural,আন্তঃপরিচর্যা," পানের লতা লাগানোর 2-3 সপ্তাহের মধ্যে সতেজ হয়ে উঠে এবং 1 মাসের মধ্যে প্রথম পাতা গজায়।  চারা একটু বড় হলেই এর খাড়া ভাবে বর্ধিত হওয়ার জন্য পাটকাঠি বা বাশের কঞ্চি পুঁতে এর সাথে পান গাছ বেধে দিতে হবে।  রোপণ পরবর্তী যত্নের উপর পানের উৎপাদন ও ফলন নির্ভর করে। রোপণ পরবর্তী যত্নের মধ্যে শূন্যস্থান পূরণ, সার প্রয়োগ, গোড়ায় মাটি তুলে দেওয়া, আগাছা পরিষ্কার, সেচ ও নিষ্কাশন, লতা নামানো ইত্যাদি উল্লেখযোগ্য।"
spice,betel leaf,পান,439,soil_climate,লতা নামানো ও বরজে মাটি তুলে দেওয়া, সাধারণত পান গাছকে 1-1.5 মিটারের বেশি লম্বা হতে দেওয়া উচিত নয়। পানের লতা যখন বরজের ছাউনি পর্যন্ত (2-2.5 মিটার) পৌছায় তখন তা নিচে নামিয়ে পাতা বিহীন অংশকে পেচিয়ে মাটি দিয়ে ঢেকে দেওয়া হয়।  আমাদের দেশে বছরে সাধারণত 2 বার (মাঘ-বৈশাখ ও আষাঢ়-আশ্বিন) পানের লতা নামানো হয়। কোন কোন স্থানে 3-4 বার লতা নামানো হয়।  আন্তঃপরিচর্যা করার ফলে পান লতার গোড়ার মাটি সরে যায়। এর ফলে শিকড় মাটি থেকে বের হয়ে আসে এবং মাটি থেকে খাদ্য সংগ্রহ করতে অসুবিধা হয়। এর ফলে লতা ধীরে ধীরে দুর্বল হয় ও রোগবালাই বৃদ্ধি পায়। এ জন্য বছরে 1-2 বার বাহির হতে ঝুরঝুরে মাটি এনে গাছের গোড়ায় দিতে হবে।
spice,betel leaf,পান,439,harvest,পান সংগ্রহ,সময়মতো যত্ন ও পরিচর্যা করলে চারা লাগানোর 6 মাস পর হতে পান তোলা যেতে পারে। প্রতিটি গাছ হতে মাসে 3-4 বার পান তোলা যায়। পানের লতা লাগানোর 6-8 মাসের মধ্যে পাতা সংগ্রহ করার উপযুক্ত হয়।
spice,betel leaf,পান,439,yield,পাতার ফলন,"আমাদের দেশের পানের গড় ফলন প্রতিবেশী দেশ ভারতের তুলনায় অনেক কম। এর অন্যতম কারণ যত্ন ও পরিচর্যার অভাব, সুষম সার প্রয়োগ না করা, আবহাওয়া, মাটি, জাত, চাষাবাদ পদ্ধতি, রোগবালাই ও পোকামাকড়ের আক্রমণ ইত্যাদি। আমাদের দেশে গড়ে বছরে হেক্টরপ্রতি 16-20 লক্ষ পান উৎপন্ন হয়। সেখানে ভারতে 50-70 লক্ষ পান উৎপন্ন হয়। বরজ তৈরির প্রথম বছরে পানের ফলন কম হয়। এবং দ্বিতীয় বছরে ফলন বৃদ্ধি পায়। একই জমিতে 10-12 বছরের বেশি সময় পর্যন্ত পান চাষ করা ঠিক হবে না।"
spice,betel leaf,পান,439,other,উৎপাদন বাড়ানো খরচ কমানো,"পান চাষে কম খরচের মাধ্যমে অধিক পরিমাণ লাভ করতে হলে নিম্নলিখিত বিষয়গুলির প্রতি লক্ষ্য রাখতে হবে  উচ্চ ফলনশীল পানের জাত চাষ করা, সুষমমাত্রায় সার প্রয়োগ করা এবং শুষ্ক মৌসুমে সেচের ব্যবস্থা করা।  সঠিক সময়ে সঠিক পদ্ধতিতে সঠিক মাত্রায় সঠিক বালাইনাশক ব্যবহার করা এবং নিবিড় যত্ন ও পরিচর্যার ব্যবস্থা করা।"
spice,betel leaf,পান,439,pest_disease,পোকা মাকড় ও রোগবালাই,"‘বারি পান-3’ এ সাধারণত, ‘বারি পান-1’ ও ‘বারি পান-2’ এবং অন্যান্য স্থানীয় জাত হতে পোকা-মাকড় ও রোগবালাই এর আক্রমণ কম হওয়ায় এর ফলনও বেশি হয়। যদি পোকা-মাকড় ও রোগবালাই এর আক্রমণ হয় তবে নিম্নলিখিত ব্যবস্থা প্রয়োগের মাধ্যমে পোকা-মাকড় ও রোগবালাই এর ক্ষতির পরিমাণ কমানো সম্ভব।"
spice,betel leaf,পান,439,fertilizer_method,সারের নাম পরিমাণ/হেক্টর সার প্রয়োগ পদ্ধতি,"খৈল 4 টন জুন - নভেম্বর, 15 দিন পরপর 12 কিস্তিতে, প্রতি কিস্তিতে 33 কেজি করে। ইউরিয়া 180 কেজি জুন - নভেম্বর, 30 দিন পরপর 12 কিস্তিতে, প্রতি কিস্তিতে 30 কেজি করে। টিএসপি 150 কেজি মে মাসে 1 কিস্তিতে এমওপি 75 কেজি মে মাসে 1 কিস্তিতে জিপসাম 50 কেজি মে মাসে 1 কিস্তিতে জিংক সালফেট 15 কেজি মে মাসে 1 কিস্তিতে"
spice,betel leaf,পান,439,pest_disease,পোকা-মাকড়,
spice,betel leaf,পান,439,pest_disease,কালো মাছি,ইহা পান বরজের ক্ষতিকারক পোকা। গ্রীষ্ম ও বর্ষাকালে এ পোকা পানের বরজে বেশি দেখা যায়। এই পোকা পাতার নিচে বেশি দেখা যায় । নিম্ন বা বাচ্চা ও পূর্ণবয়স্ক দু অবস্থাতেই পান গাছের ক্ষতি করে। এরা পান পাতার রস চুষে খায়।
spice,betel leaf,পান,439,pest_disease,সমন্বিত দমন ব্যবস্থাপনা," আক্রমণের মাত্রা কম হলে আক্রান্ত পাতা তুলে ধ্বংস করতে হবে।  বরজের ভিতর ও চারিদিকে পরিষ্কার পরিচ্ছন্ন রাখতে হবে।  এ পোকা হলুদ রঙের প্রতি আকৃষ্ট হয়। তাই আঠালো হলুদ রঙের ফাঁদ পেতে এদের দমন করা যেতে পারে। হলুদ ফাঁদ তৈরির জন্য একটি প্লাস্টিকের বৈয়ামের উপরিভাগে মবিল বা অন্য কোন আঠালো পদার্থ মেখে পান বরজে স্থাপন করতে হবে। এর জন্য প্রতি বিঘায় 7 টি ফাঁদ লাগবে।  20 লিটার পানির মধ্যে 1 কেজি আধা ভাঙ্গা নিম বীজ ভিজিয়ে রেখে পরে দিন সকালে ঐ পানি স্প্রে করতে হবে।  প্রতি লিটার পানির সাথে 5 মিলি নিম তেল ও 5 মিলি টিক্স মিশিয়ে পাতায় স্প্রে করতে হবে।  আক্রমণের মাত্রা বেশি হলে প্রতি লিটার পানিতে মেলাথিয়ন (ফাইফানন, মেলাটাফ, মেলাটক্স) 57 ইসি 2 মিলি বা ডারসবান 1 মিলি বা ইমিটাফ বা গেইন 0.5 মিলি মিশিয়ে 10-15 দিন পর পর 2-3 বার স্প্রে করতে হবে।"
spice,betel leaf,পান,439,pest_disease,সাদা মাছি,এক ধরনের শোষক পোকা। পূর্ণ বয়স্ক মাছি ও তার বাচ্চা পান পাতা ও কচি ডগার রস চুষে খেয়ে ক্ষতি করে। ফাল্গুন মাস হতে বর্ষার পূর্ব পর্যন্ত এর আক্রমণ বেশি হয়।
spice,betel leaf,পান,439,pest_disease,সমন্বিত দমন ব্যবস্থাপনা, আক্রামণের মাত্রা কম হলে আক্রান্ত পাতা তুলে ধ্বংস করতে হবে।  বরজের ভিতর ও চারিদিকে পরিষ্কার পরিচ্ছন্ন রাখতে হবে।  এ পোকা হলুদ রং এ আকৃষ্ট হয়। তাই আঠালো হলুদ রঙের ফাঁদ পেতে এদের দমন করা যেতে পারে। হলুদ ফাঁদ তৈরির জন্য একটি প্লাস্টিকের বৈয়ামের উপরিভাগে মবিল বা অন্য কোন আঠালো পদার্থ মেখে পান বরজে স্থাপন করতে হবে। এর জন্য প্রতি বিঘায় 7 টি ফাঁদ লাগবে।  20 লিটার পানির মধ্যে 1 কেজি আধা ভাঙ্গা নিম বীজ ভিজিয়ে রেখে পরেদিন সকালে ঐ পানি স্প্রে করতে হবে।  প্রতি লিটার পানির সাথে 5 মিলি নিম তেল ও 5 মিলি টিক্স মিশিয়ে পাতায় স্প্রে করতে হবে।  আক্রমণের মাত্রা বেশি হলে প্রতি লিটার পানিতে সাইফার মেথ্রিন 57 ইসি 1 মিলি মিশিয়ে স্প্রে করতে হবে।
spice,betel leaf,পান,439,other,মিলি বাগ,"(Mily bug, Ferrisia virgata)"
spice,betel leaf,পান,439,other,শনাক্তকারী বৈশিষ্ট্য,"অপ্রাপ্ত বয়স্ক পর্যায়ে এই পোকা হলুদাভ অথবা ফ্যাকাশে সাদা হয়। অন্যদিকে প্রাপ্তবয়স্ক স্ত্রী পোকা লম্বা, পালকবিহীন, মোমের সাদা আবরণযুক্ত হয়।"
spice,betel leaf,পান,439,pest_disease,ক্ষতির লক্ষণ,"প্রাথমিক পর্যায়ে পাতায় এবং নরম কাণ্ডে সাদা তুলার মত লক্ষণ দেখা যায়। এরা পাতা ও কাণ্ডের রস চুষে নেয়, ফলে গাছের বৃদ্ধি ব্যাহত হয়।"
spice,betel leaf,পান,439,pest_disease,সমন্বিত দমন ব্যবস্থাপনা, আক্রমণের মাত্রা কম হলে আক্রান্ত পাতা তুলে ধ্বংস করতে হবে।  বরজের ভিতর ও চারিদিকে পরিষ্কার পরিচ্ছন্ন রাখতে হবে।  এ পোকা হলুদ রঙের প্রতি আকৃষ্ট হয়। তাই আঠালো হলুদ রঙের ফাঁদ পেতে এদের দমন করা যেতে পারে। হলুদ ফাঁদ তৈরির জন্য একট্ িপ্লাস্টিকের বৈয়ামের উপরিভাগে মবিল বা অন্য কোন আঠালো পদার্থ মেখে পান বরজে স্থাপন করতে হবে। এর জন্য প্রতি বিঘায় 7 টি ফাঁদ লাগবে।  20 লিটার পানির মধ্যে 1 কেজি আধা ভাঙ্গা নিম বীজ ভিজিয়ে রেখে পরেদিন সকালে ঐ পানি স্প্রে করতে হবে।  প্রতি লিটার পানির সাথে 5 মিলি নিম তেল ও 5 মিলি টিক্স মিশিয়ে পাতায় স্প্রে করতে হবে।  আক্রমণের মাত্রা বেশি হলে প্রতি লিটার পানিতে সাইফার মেথ্রিন বা ক্লোরপাইরিফস (ডারস্বান) 1 মিলি মিশিয়ে স্প্রে করতে হবে। স্প্রে করার পূর্বে প্রাপ্ত বয়স্ক অথবা বাজারজাত করা যাবে এমন পাতা তুলে ফেলতে হবে।
spice,betel leaf,পান,439,pest_disease,সাদা কালো ও লাল মাকড়,মাকড় পান পাতার রস চুষে খায়। এদের খালি চোখে দেখা যায় না। গরম ও বৃষ্টিহীন অবস্থায় এদের আক্রমণ বেশি হয়। মাকড় আক্রমণ করলে পাতায় লাল লাল ফোটা ফোটা দাগ অথবা লম্বালম্বি ভাবে লাল দাগ দেখা যায়। তাপমাত্রা বৃদ্ধির সাথে সাথে এদের আক্রমণ বৃদ্ধি পায়।
spice,betel leaf,পান,439,pest_disease,সমন্বিত দমন ব্যবস্থাপনা, আক্রমণের মাত্রা কম হলে আক্রান্ত পাতা তুলে ধ্বংস করতে হবে।  বরজের ভিতর ও চারিদিকে পরিষ্কার পরিচ্ছন্ন রাখতে হবে।  বাড়ন্ত অবস্থায় থেকে 15 দিন পর পর প্রতি লিটার পানির সাথে 10 মিলি নিম পাতা বা আতা পাতার নির্যাস ব্যবহার করলে পোকার আক্রমণ কম হয়।  প্রতি লিটার পানির সাথে 5 মিলি নিম তেল ও 5 মিলি টিক্স মিশিয়ে পাতায় স্প্রে করতে হবে।  প্রতি লিটার পানির সাথে সালফার জাতীয় ছত্রাক নাশক যেমন- থিয়ভিট/কুমুলাক্স/ফাইটোভিট 2 গ্রাম হারে মিশিয়ে পাতার উপরে ও নিচে স্প্রে করতে হবে। আক্রমণের মাত্রা খুব বেশি হলে প্রতি লিটার পানির সাথে মাকড় নাশক যেমন- ভারটিমেক/ওমাইট/নিউরোন ইত্যাদি 1 মিলি হারে মিশিয়ে স্প্রে করতে হবে।
spice,betel leaf,পান,439,pest_disease,রোগ ব্যবস্থাপনা,
spice,betel leaf,পান,439,pest_disease,গোড়া/লতা ও পাতা পচা,(Foot rot or leaf rot or wilt)
spice,betel leaf,পান,439,pest_disease,আক্রমণকারী জীবাণু,Phytophthora parasitica var. piperina
spice,betel leaf,পান,439,pest_disease,লক্ষণ,"এই রোগ দ্বারা গাছ বৃদ্ধির সকল পর্যায়ে আক্রান্ত হয়ে থাকে। প্রাথমিকভাবে হঠাৎ ঢলে পড়া এই রোগের লক্ষণ। আক্রান্ত গাছের পাতা হলুদাভ এবং নিচে দিকে ঢলে পড়ে। পাতার উজ্জ্বলতা নষ্ট হয়ে যায়। আক্রান্ত গাছ 2 অথবা 3 দিনে সম্পূর্ণভাবে শুকিয়ে যায়। কাণ্ড বাদামী, ঝুরঝুরে এবং কাঠির মতো শুকিয়ে যায়। কাণ্ডের মাটির কাছের অংশে কাল অনিয়মিত ক্ষত দেখা যায়।"
spice,betel leaf,পান,439,pest_disease,সমন্বিত দমন ব্যবস্থাপনা, প্রতি লিটার পানির মধ্যে 500 মিগ্রা. স্ট্রেপটোসাইক্লিন ও 5 মিলি বর্দো মিক্সার বা 0.2% রিডোমিল গোল্ড দ্রবণে চারাকে 30 মিনিট ভিজিয়ে রাখতে হবে ও পরে ছায়ায় শুকিয়ে রোপণ করতে হবে।  আক্রান্ত লতা পাতাকে সংগ্রহ করে ধ্বংস করতে হবে।  পানি নিষ্কাশনের ব্যবস্থা করতে হবে এবং শীতের সময় নিয়ন্ত্রিত সেচ দিতে হবে।  শীতের সময় মাটির সাথে প্রতি লিটার পানিতে 5 মিলি বর্দো মিক্সার মিশিয়ে প্রতি হিলে 500 মিলি হারে এক মাস অন্তর অন্তর দিতে হবে।  বরজে রোগ দেখা দিলে প্রতি লিটার পানিতে রিডোমিল গোল্ড বা মিউকোসিল 2 গ্রাম বা সিকিউর 1.5 গ্রাম মিশিয়ে গাছের গোড়াসহ সমস্ত গাছে 10-12 দিন পর পর 2-3 বার স্প্রে করতে হবে।
spice,betel leaf,পান,439,pest_disease,গোড়া পচা,(Sclerotium foot rot and wilt )
spice,betel leaf,পান,439,pest_disease,আক্রমণকারী জীবাণু,Sclerotium rolfsii
spice,betel leaf,পান,439,pest_disease,লক্ষণ,সকল বয়সের গাছ এই রোগে আক্রান্ত হয়। মূল ও কাণ্ডে প্রথম আক্রমণ পরিলক্ষিত হয় যা সাদাটে তুলার মতো দেখা যায়। আক্রান্ত কাণ্ডে পচন ধরে এবং গাছের পাতা ঝরে যায় এবং অবশেষে মারা যায়।
spice,betel leaf,পান,439,pest_disease,সমন্বিত দমন ব্যবস্থাপনা, লতা রোপণের পূর্বে প্রতি লিটার পানির মধ্যে 2 গ্রাম প্রভেক্স বা অটোস্টিন মিশিয়ে চারা 30-35 মিনিট ভিজিয়ে রাখতে হবে ও পরে রোপণ করতে হবে।  আক্রান্ত গাছকে মূলসহ তুলে ফেলতে হবে এবং আগুনে পুড়িয়ে ফেলতে হবে।  মাটিতে সরিষার খৈল/জৈব সার প্রয়োগ করতে হবে।  বরজে রোগ দেখা দিলে প্রতি লিটার পানির সাথে 2 গ্রাম কার্বেনডাজিম/ প্রতি লিটার পানির সাথে 1 গ্রাম টিমসেন মিশিয়ে গাছের গোড়ায় প্রয়োগ করতে হবে।
spice,betel leaf,পান,439,other,এনথ্রাকনোজ,(Anthracnose)
spice,betel leaf,পান,439,pest_disease,আক্রমণকারী জীবাণু,Colletotrichum capsici var. piperis
spice,betel leaf,পান,439,pest_disease,লক্ষণ,"প্রথম পর্যায়ে পাতায় ছোট, গোলাকার কালো দাগ দেখা যায় যা পরবর্তীতে বৃদ্ধি পায়, চক্রাকার আকার ধারণ করে এবং দাগগুলি হালকা হলুদ দাগ দ্বারা আবৃত থাকে, যেগুলি 2 সেমি পর্যন্ত হয়ে থাকে। পাতা ফ্যাকাসে হলুদ হয়ে যায় এবং দাগের মধ্যখানে বড় কালো ফোটা থাকে। একই লক্ষণ কাণ্ডে ও দেখা যায়। রোগের তীব্রতা বাড়ার সাথে সাথে কালো দাগ কাণ্ডকে বেষ্টিত করে রাখে।"
spice,betel leaf,পান,439,pest_disease,সমন্বিত দমন ব্যবস্থাপনা, আক্রান্ত লতা ও পাতা সংগ্রহ করে ধ্বংস করতে হবে।  পাতা তোলার পর প্রতি লিটার পানির সাথে 2 গ্রাম জিরাম বা 5 মিলি বর্দো মিক্সার বা 0.5 মিলি টিল্ট বা এমিস্টারটপ 1 মিলি বা ক্যাবরিওটপ 3 গ্রাম হারে মিশিয়ে স্প্রে করতে হবে।
spice,betel leaf,পান,439,harvest,সংগ্রহ এবং সংগ্রহোত্তর ব্যবস্থা,গাছ লাগানোর 6-8 মাস পর পান পাতা সংগ্রহ করা যায় এবং তার পর প্রতি 15-25 দিন অন্তর অন্তর পাতা সংগ্রহ করা যায়। পান গাছ লম্বায় 1.2 থেকে 1.8 মিটার হলে পাতা সংগ্রহ করা যায়। কাণ্ডের নিচের অংশ থেকে পাতা সংগ্রহ হয়। প্রাথমিক পর্যায়ে পরিণত পাতা প্রধান কাণ্ডের নিচের অংশ থেকে 2-3 বার সংগ্রহ করা হয়। পরবর্তীতে পান পাতা প্রধান কাণ্ডে ও পার্শ্বীয় কাণ্ড হতে সংগ্রহ করা হয়। দূরর্বতী বাজারের জন্য পান পাতা তিন সপ্তাহ ও স্থানীয় বাজারের জন্য দুই সপ্তাহ পর পর সংগ্রহ করা হয়। সংগ্রহকৃত পাতা পরিষ্কার করে পাতার আকৃতি ও গুণগত মান অনুযায়ী বাছাই করা হয়। তারপর সেগুলো বোটার অংশ বিশেষ কেটে এবং নষ্ট পাতা অপসারণ করে প্যাকেট করা হয়। পরিষ্কার করার জন্য পরিষ্কার ও জীবাণুমুক্ত পানি ব্যবহার করা হয়। কর্মীদেরকে নিজেদের হাত জীবাণুমুক্ত রাখতে হবে এবং প্রয়োজনীয় মানসম্মত উপায় অবলম্বন করতে হবে। স্বীকৃত আন্তর্জার্তিক মানদণ্ড অবলম্বন করে সংগ্রহোত্তর ব্যবস্থা গ্রহণ করতে হবে যাতে গুণগত মান বজায় থাকে এবং সংগনিরোধ (quarantine) নিশ্চিত করা যায়।
spice,cinnamon,দারুচিনি,444,soil_climate,আবহাওয়া ও মাটি,সাধারণত উষ্ণ ও অবউষ্ণ আবহাওয়া দারুচিনি চাষের জন্য উপযোগী। সুনিষ্কাশিত ঊর্বর বেলে দো-আঁশ মাটিতে ভাল হয়। পাহাড়ের ঢালে ও পাহাড়ের উপরে ভাল বায়ু চলাচল উপযোগী ও পর্যাপ্ত সুর্যালোকে এর উৎপাদন ভাল হয়।
spice,cinnamon,দারুচিনি,444,land_preparation,জমি তৈরি,"যে জমিতে অন্য ফসল ভাল হয় না সে জমি দারুচিনি চাষের জন্য নির্বাচন করা যেতে পারে। বাগান আকারে চাষ করতে হলে নির্বাচিত জমি ভাল করে চাষ ও মই দিয়ে সমতল এবং আগাছামুক্ত করে দিতে হবে। পাহাড়ী এলাকা, বাড়ির আঙ্গিনা, রাস্তার ধার বা পুকুর পাড়ে গাছ লাগানোর ক্ষেত্রে জমিতে চাষ না দিয়ে শুধু পারিষ্কার করে নিলেই চলবে।"
spice,cinnamon,দারুচিনি,444,sowing_time,রোপণ পদ্ধতি ও সময়,সমতল ভূমিতে দারুচিনি চারা সাধারণত বর্গাকার বা ষড়ভুজী প্রণালীতে লাগানো যেতে পারে। কিন্তু উঁচু নিচু পাহাড়ে কণ্টুর রোপণ প্রণালী অনুসরণ করতে হবে। মে থেকে অক্টোবর মাস পর্যন্ত চারা রোপণ করা যায়।
spice,cinnamon,দারুচিনি,444,other,মাদা তৈরি,"চারা রোপণের 15-20 দিন পূর্বে উভয় দিকে 1.0 মিটার দূরত্বে সারিতে 60 সেমি দূরে দূরে 30×30×30 সেন্টিমিটার মাপের গর্ত করতে হবে। প্রতি গর্তে 5-10 কেজি কম্পোস্ট বা পচা গোবর, 1-2 কেজি ছাই, 100 গ্রাম টিএসপি এবং 50 গ্রাম এমওপি সার প্রয়োগ করে গর্তের উপরের মাটির সাথে ভালভাবে মিশিয়ে গর্ত ভরাট করতে হবে। গর্ত ভরাট করার 10-15 দিন পর চারা রোপণ করতে হবে।"
spice,cinnamon,দারুচিনি,444,sowing_method,চারা/কলম রোপণ ও পরিচর্যা,"এক বছর বয়সী সুস্থ, সবল ও রোগমুক্ত দারুচিনি চারা/কলম রোপণের জন্য নির্বাচন করতে হবে। গর্তে সার প্রয়োগের 10-15 দিন পর নির্বাচিত চারা/কলমটি গর্তের মাঝখানে সোজাভাবে লাগিয়ে তারপর চারদিকে মাটি দিয়ে চারার গোড়ায় মাটি সামান্য চেপে দিতে হবে। রোপণের পরপর খুঁটি দিয়ে চারা/কলমটি খুঁটির সাথে বেঁধে দিতে হবে। অতঃপর প্রয়োজনমতো পানি ও বেড়ার ব্যবস্থা করতে হবে।"
spice,cinnamon,দারুচিনি,444,fertilizer,গাছের সার প্রয়োগ,"গাছের বৃদ্ধির সাথে সারের পরিমাণ বাড়বে। প্রতিটি গাছের জন্য 4/5 কেজি কম্পোস্ট বা পঁচা গোবর, 100 গ্রাম টিএসপি এবং 100 গ্রাম এমওপি ও 100 গ্রাম ইউরিয়া সার প্রয়োগ করতে হবে। সবটুকু সার তিন ভাগ করে বৈশাখ-জ্যৈষ্ঠ ও ভাদ্র-আশ্বিন ও মাঘ-ফাল্গুন মাসে প্রয়োগ করতে হবে। প্রতিবার সার দেওয়ার পর প্রয়োজনে পানি দিতে হবে।"
spice,cinnamon,দারুচিনি,444,irrigation,আগাছা দমন ও সেচ,"গাছের গোড়া নিয়মিত পরিষ্কার করতে হবে। পাহাড়ের ঢালে, বাড়ির আঙ্গিনা, রাস্তার ধার বা পুকুর পাড়ে লাগানো গাছের গোড়ায় আগাছা কেটে পরিষ্কার রাখতে হবে। চারা রোপণের প্রথমদিকে প্রয়োজনমতো সেচ দেয়া দরকার। গাছ বড় হয়ে গেলে আর সেচের তেমন প্রয়োজন পড়ে না।"
spice,cinnamon,দারুচিনি,444,intercultural,ডাল ছাঁটাইকরণ,"চারা অবস্থায় গাছকে সুন্দর কাঠামো দেয়ার জন্য অবাঞ্ছিত ও অপ্রয়োজনীয় ডালপালা ছাঁটাই করে রাখতে হবে। ছাঁটাইয়ের মাধ্যমে গাছের মরা, রোগাক্রান্ত ও পোকামাকড় আক্রান্ত ডালপালা কেটে পরিষ্কার করতে হবে।"
spice,cinnamon,দারুচিনি,444,harvest,ফসল সংগ্রহ ও ফলন,দারুচিনি গাছ 2 ইঞ্চি (5 সেমি) পরিমাণ মোটা (ব্যাস) বা দুই বছর বয়স হলে তা গোড়া থেকে 6 ইঞ্চি বা 15 সেমি উপরে কেটে বাঁকানো ছুড়ি দিয়ে ছাল আলাদা করে নিয়ে হালকা রৌদ্রে বা ওভেনে 50° সে. তাপে ভালভাবে শুকিয়ে সংগ্রহ করতে হয়। দারুচিনির প্রথম অবস্থায় প্রতিবার কর্তনে হেক্টরপ্রতি 150 কেজি থেকে 200 কেজি এবং পরবর্তীতে 300-350 কেজি পর্যন্ত দারুচিনি ছাল (Quill) পাওয়া যেতে পারে।
spice,Indian bay leaf,তেজপাতা,446,soil_climate,জলবায়ু ও মাটি,উষ্ণ ও আর্দর জলবায়ু তেজপাতা চাষের জন্য সর্বোত্তম। বার্ষিক বৃষ্টিপাত 2800-3000 মিমি ও গড় তাপমাত্রা 28-350 c হলে পাতার ফলন ও গুণগতমান উভয়ই ভাল হয়। মাঝে মাঝে বৃষ্টি হলে রোগের আক্রমণ ও ডাল (মাইট দ্বারা আক্রান্ত) রোগের প্রকোপ কম হয়। তবে তেজপাতার পরিবেশ উপযোগিতা ব্যাপক বিধায় আর্দ্র ও ঠাণ্ডা আবহাওয়ায় সফলভাবে এর চাষ করা সম্ভব। উঁচু সুনিষ্কাশিত বেলে দোআঁশ অথবা দোআঁশ বা এটেল দোআঁশ মাটি তেজপাতা চাষের জন্য সবচেয়ে উপযোগী। তবে বাংলাদেশের সর্বত্রই সব ধরনের মাটিতেই বারি তেজপাতা-1 চাষ করা যায়।
spice,Indian bay leaf,তেজপাতা,446,sowing_method,বংশ বিস্তার,দু’ভাবে বংশ বিস্তার করা যায়। বীজ থেকে এবং কলম থেকে চারা তৈরি করে। কলমের চারা উত্তম কারণ এতে বংশগত গুণাগুণ অক্ষুন্ন থাকে।
spice,Indian bay leaf,তেজপাতা,446,sowing_method,বীজ হতে চারা উৎপাদন,"তেজপাতা বীজ থেকে চারা তৈরী করা অপেক্ষাকৃত কঠিন। বীজের ডরমেনসি খুবই কম হওয়ায় বীজ সংগ্রহের 1-2 দিনের মধ্যে বীজ চারা তৈরী করার জন্য ব্যবহার করতে হবে। বীজ পেকে যখন কালো বর্ণ ধারণ করবে, তখন বুঝতে হবে বীজ সংগ্রহের সঠিক সময়। এই সময়ে বীজ সংগ্রহ করে পূর্বের প্রস্তুতকৃত মাটি ভর্তি প্রতিটি পলিব্যাগে 2-3 বীজ দিতে হবে। বীজ বপনের পর পলিব্যাগে সেভিং পাউডার ব্যবহার করতে হবে। এতে করে পিঁপড়া বীজের ক্ষতি করতে পারবে না। উপযুক্ত পরিবেশে বীজ থেকে চারা হতে 12-14 দিন সময় লাগে। এর পর হতে নিময়তিভাবে ঝরনা দ্বারা পানি দিতে হবে, যা মাটিতে সমসময় আর্দ্রতা বজায় থাকে।"
spice,Indian bay leaf,তেজপাতা,446,sowing_method,কলমের মাধ্যমে চারা তৈরিকরণ,সাধারণত পার্শ্বীয় জোড় কলম (Side grafting) ব্যবহার করে চারা তৈরি করা হয়। সাধারণত কাবাব চিনির চারাকে রুটস্টক হিসেবে ব্যবহার করা হয়। পলিব্যাগে/মাটির ছোট টবে কাবাব চিনির চারা তৈরি করে নেয়া হয়। চারা 1.5-2.00 ফুট উঁচু হবে তখন কলমের জন্য উপযুক্ত হয়। মধ্য চৈত্র-বৈশাখ হতে জ্যৈষ্ঠ মাস পর্যন্ত (এপ্রিল-মে) কলম করার উপযুক্ত সময়। নির্বাচিত তেজপাতার শাখাকে (পেনসিলের মতো মোটা) সায়ন হিসাবে ব্যবহার করা হয়। এরপর কলম করা হয়।
spice,Indian bay leaf,তেজপাতা,446,sowing_method,জমি তৈরি ও চারা রোপণ,"বাগান আকারে গাছ লাগাতে হলে গভীরভাবে চাষ দিয়ে জমি তৈরি করা উচিত। এতে দীর্ঘজীবী আগাছা দমন হবে। বাড়ির আশে পাশে পুকুর পাড়ে কিংবা রাস্তার ধারে গাছ লাগালে চাষ না দিয়ে সরাসরি গর্ত করে তেজপাতার চারা লাগানো যায়। চারা লাগানোর জন্য 4-6 মিটার দূরত্বে 0.80 × 0.80×0.80 মিটার আকারের গর্ত তৈরি করতে হবে। চারা রোপণের 10-15 দিন পূর্বে প্রতি গর্তে 25 কেজি পচা গোবর 150 গ্রাম টিএসপি, 100 গ্রাম এমওপি ও 50 গ্রাম জিপসাম সার প্রয়োগ করে মাটির সাথে মিশিয়ে গর্ত বন্ধ করে রাখতে হবে। জ্যৈষ্ঠ আষাঢ় মাস চারা রোপণের উপযুক্ত সময়। চারা রোপণের পূর্বে গর্তের মাটি কোদাল দিয়ে উলট-পালট করে নিতে হবে। রোপণের পর চারাটিকে একটি শক্তখুঁটির সাথে বেঁধে দিতে হবে এবং গোড়ায় পানি দিতে হবে।"
spice,Indian bay leaf,তেজপাতা,446,fertilizer,সার প্রয়োগ,গাছের সুষ্ঠু বৃদ্ধি ও অধিক ফলনশীলতার জন্য গাছে নিয়মিত সার প্রয়োগ অপরিহার্য। সারের মাত্রা নির্ভর করে গাছের বয়স ও মাটির ঊর্বরতার উপর। বিভিন্ন বয়সের গাছে সারের মাত্রা। এছাড়া অঞ্চলভিত্তিক যেসব সারের অধিক ঘাটতি রয়েছে সেসব সারও প্রয়োগ করতে হবে। উল্লিখিত সার সমান দুই কিস্তিতে পাতা সংগ্রহের পর পর প্রয়োগ করতে হবে। সার মাটির সাথে ভালভাবে মেশাতে হবে এবং প্রয়োজনে সেচ দিতে হবে।
spice,Indian bay leaf,তেজপাতা,446,irrigation,পানি সেচ ও পরিচর্যা,শুষ্ক মৌসুমে বিশেষতঃ চারা গাছে এবং বয়স্ক গাছে পাতার বাড়ন্ত অবস্থায় সেচ দিলে ফলন ও পাতার গুণগতমান বৃদ্ধি পায়। মাটির আর্দ্রতার উপর ভিত্তি করে খরিফ-1 এ 2-3 টি এবং রবি মৌসুমে 4-5 টি সেচ দিতে হয়। চাষ দিয়ে বা কোঁদাল দিয়ে কুপিয়ে তেজপাতার বাগানের আগাছা নিয়ন্ত্রণ করতে হবে।
spice,Indian bay leaf,তেজপাতা,446,harvest,পাতা সংগ্রহ,সাধারণতঃ বছরে 2 (দুই) বার পাতা সংগ্রহ করা হয়। গাছ হতে তেজপাতা সংগ্রহের সময় লক্ষ্য রাখতে হবে যেন গাছের ছোট ছোট ডাল না ভেঙ্গে যায়। আবহাওয়া অনুক‚ল ও পরিমিত পরিচর্যা করলে 7-8 বছরের একটি গাছ হতে বছরে প্রায় 30.00- 34.23 কেজি উৎপাদন হবে ।
spice,Indian bay leaf,তেজপাতা,446,intercultural,অন্যান্য পরিচর্যা,তেজপাতায় রোগ ও পোকা-মাকড়ের আক্রমণ তেমন একটা লক্ষণীয় নয়। তেজপাতার রোগের মধ্যে গ্রে লিফ স্পট (Grey Leaf spot)/পাতা পোড়া (Leaf blight) রোগ প্রধান।
spice,Indian bay leaf,তেজপাতা,446,other,গ্রে লিফ স্পট,(Grey leaf spot)/
spice,Indian bay leaf,তেজপাতা,446,other,পাতা পোড়া,(Leaf blight)
spice,Indian bay leaf,তেজপাতা,446,pest_disease,রোগ,"এই রোগ হলে তেজপাতার ফলন অনেকাংশে কমে যায়। তেজপাতার ব্যবহারের প্রধান অংশ পাতা হওয়ায় রোগের কারণে তা ব্যবহারের অযোগ্য হয়ে পড়ে। এর ফলে ফলন 90% পর্যন্ত কম হতে পারে (Karunakaran et al., 1993)। তেজপাতার এই রোগ ছত্রাকের কারণে হয়। Colletotrichium gloeosporioides (Rov et al, 1976),"
spice,Indian bay leaf,তেজপাতা,446,fertilizer,গাছ প্রতি সারের পরিমাণ,
spice,Indian bay leaf,তেজপাতা,446,other,গোবর ইউরিয়া টিএসপি এমওপি জিপসাম,"1 -2 বছর 12 250 200 200 50 3- 4 বছর 17 400 350 350 80 5 -6 বছর 22 650 600 600 120 7 -8 বছর 27 850 750 750 160 9 বা তদুর্ধ্ব 32 1050 950 950 200 Glomerella cingulata (Khan and Hossain, 1985) ও Pestalotia cinnamomi (Anonymous, 1996) যে কোন একটি ছত্রাকের আক্রমণে তেজপাতার এই রোগ হয়। পাতায় প্রথমে ছোট ছোট গোলাকার দাগ বা স্পট পড়ে। পরে দাগগুলো বড় হতে থাকে ও অনেকগুলো দাগ একত্রিত হয়ে বড় আকার ধারণ করে মনে হয় পাতাটি আগুনে পুড়ে গেছে। পাতাটি তখন ব্যবহারের অযোগ্য হয়ে পড়ে।"
spice,Indian bay leaf,তেজপাতা,446,pest_disease,প্রতিকার," রোগাক্রান্ত পাতা সংগ্রহ করে পুড়িয়ে ফেলতে হবে ।  আবহাওয়া যখন শুষ্ক থাকে, তখন নিয়মিত সেচ প্রদান করতে হবে। মাটিতে আর্দ্রতা থাকলে এই রোগ কম হয়।  রোগের লক্ষণ দেখা দিলে প্রতি লিটার পানির সাথে 1 মিলি প্রোপিকোনাজল (টিল্ট 250 ইসি) অথবা কার্বেনডাজিম (অটোস্টিন) 2 গ্রাম হারে মিশিয়ে 10-12 দিন পর পর 3-4 বার সমস্ত গাছে বিকেলে স্প্রে করতে হবে।"
spice,Indian bay leaf,তেজপাতা,446,other,তেজপাতার গল,তেজপাতার গল বর্তমানে একটা বড় ধরনের সমস্যা হয়ে দাঁড়িয়েছে। ইরিওফাইড মাইট (Eriophyid mite) এর আক্রমণে তেজপাতার গল হয়। এই রোগ হলে আক্রান্ত গাছের পাতা ফুলে উঠে ও পরবর্তীতে পাতা ব্যবহারের অযোগ্য হয়ে পড়ে।
spice,Indian bay leaf,তেজপাতা,446,pest_disease,প্রতিকার, রোগাক্রান্ত পাতা ও শাখা-প্রশাখাগুলো সংগ্রহ করে পুড়িয়ে ফেলতে হবে।  শুষ্ক আবহাওয়ায় এই রোগ বেশি হওয়ায় বাগানে নিয়মিত সেচ প্রদান করতে হবে। আর্দর আবহাওয়ায় মাইট এর আক্রমণ কম হয়।  রোগের লক্ষণ দেখা দিলে রোগাক্রান্ত পাতা ও শাখা-প্রশাখাগুলো ধারালো কাচি দিয়ে কেটে ফেলে দিতে হবে ও এর পর প্রতি লিটার পানির সাথে 1.2 মিলি ভার্টিমেক/ ওমাইট/লিকাড়/ পেগাসাস হারে মিশিয়ে 10-12 দিন পর পর 3-4 বার সমস্ত গাছে বিকেলে স্প্রে করতে হবে।
spice,plum (alubokhara),আলুবোখারা,449,soil_climate,আবহাওয়া ও মাটি,সাধারণত শীত প্রধান ও অবউষ্ণ আবহাওয়া আলুবোখারা চাষের জন্য উপযোগী। তার 0-7.2 ডিগ্রি সে. তাপমাত্রা এর জন্য সবচেয়ে উপযোগী। আলুবোখারা রৌদ্র উজ্জ্বল আবহাওয়া ও সুনিষ্কাশিত উর্বর বেলে দো-আঁশ মাটিতে ভাল হয়। পাহাড়ের ঢালে ও পাহাড়ের উপরে ভাল বায়ু চলাচল উপযোগী পর্যাপ্ত সূর্যালোকে এর উৎপাদন ভাল হয়।
spice,plum (alubokhara),আলুবোখারা,449,sowing_time,রোপণ পদ্ধতি ও সময়,সমতল ভূমিতে আলুবোখারা চারা সাধারণত বর্গাকার বা ষড়ভুজী প্রণালীতে লাগানো যেতে পারে। কিন্তু উঁচু নিচু পাহাড়ে কন্টুর রোপণ প্রণালী অনুসরণ করতে হবে। এপ্রিল থেকে অক্টোবর মাস পর্যন্ত আলুবোখারা চারা রোপণ করা যায়।
spice,plum (alubokhara),আলুবোখারা,449,sowing_method,রোপণ স্থান,"সারি-সারি 4-5 মিটার, চারা-চারা 3-4 মিটার।"
spice,plum (alubokhara),আলুবোখারা,449,sowing_method,বংশ বিস্তার,"বীজ থেকে উৎপাদিত চারা বা কলমের মাধ্যমে আলুবোখারার বংশ বিস্তার করা যেতে পারে। মাতৃ গাছের গুণগত মান বজায় রাখা ও দ্রুত ফলন পাওয়া যায় বলে কলমের চারাই উত্তম। 2,000-4,000 পিপিএম মাত্রার ইনডোল বিউটাইরিক এসিড (আইবিএ) প্রয়োগে গুটি কলম এর সাফল্য বাড়ে। মাতৃগাছ থেকে আলাদা করা কলম পাতা ও শাখা ছাটাই করে পলিব্যাগে 2/1 মাস রেখে ভালভাবে শিকড় ও পাতা গজানোর পরে জমিতে লাগানো যেতে পারে। বীজ থেকে উৎপাদিত চারার উপর ক্লেফ্ট বা ভিনিয়ার কলম করে সহজেই কলমের চারা উৎপাদন করা যায়।"
spice,plum (alubokhara),আলুবোখারা,449,other,মাদা তৈরি,"চারা রোপণের 15-20 দিন পূর্বে 4-5 মিটার দূরের সারিতে 4 মিটার দূরে দূরে 75×75×60 সেমি আকারের গর্ত তৈরি করে উপরের মাটি একপাশে ও নিচের মাটি অন্য পাশে রাখতে হবে। প্রতি গর্তে পচা গোবর অথবা কম্পোস্ট 10-15 কেজি, 3-5 কেজি ছাই, টিএসপি 300 গ্রাম, এমওপি 250 গ্রাম, ইউরিয়া 100 গ্রাম, জিপসাম 150 গ্রাম, দস্তা 10 গ্রাম ও বোরন 1 গ্রাম পরিমাণে ভালভাবে উপরের মাটির সাথে মিশিয়ে উপরের মাটি নিচে আর নিচের মাটি উপরে দিয়ে গর্ত ভরাট করে রেখে দিতে হবে। গর্ত ভরাট করার 10-15 দিন পর চারা রোপণ করতে হবে।"
spice,plum (alubokhara),আলুবোখারা,449,sowing_method,চারা/কলম রোপণ ও পরিচর্যা,"ভাল উৎপাদন ও আগাম ফলন পেতে আলুবোখারার এক বছর বয়সী সুস্থ, সবল ও রোগমুক্ত কলমের চারা রোপণের জন্য নির্বাচন করতে হবে। গর্তে সার প্রয়োগের 10-15 দিন পর নির্বাচিত চারা/কলমটি গর্তের মাঝখানে সোজাভাবে লাগিয়ে তারপর চারদিকে মাটি দিয়ে চারার গোড়ায় মাটি সামান্য চেপে দিতে হবে। রোপণের পরপর খুটি দিয়ে চারা/কলমটি খুটির সাথে বেঁধে দিতে হবে। অতঃপর প্রয়োজনমতো পানি ও বেড়ার ব্যবস্থা করতে হবে। শুকনা মৌসুমে গাছে নিয়মিত সেচ ও আগাছা হলে তা দমনের ব্যবস্থা নিতে হবে।"
spice,plum (alubokhara),আলুবোখারা,449,fertilizer,গাছে সার প্রয়োগ,আশানুরূপ গুণগত মানসম্পন্ন ফল পেতে হলে আলুবোখারা নিয়মিত পরিমিত মাত্রায় সার প্রয়োগ করা আবশ্যক। গাছের বৃদ্ধির সাথে সাথে গাছে সার প্রয়োগ বৃদ্ধি করতে হবে। প্রতিটি গাছের জন্য সারের পরিমাণ নিম্নরূপ হবে।
spice,plum (alubokhara),আলুবোখারা,449,fertilizer,সারের নাম গাছের বয়স,
spice,plum (alubokhara),আলুবোখারা,449,other,1-3 বছর 4-7 বছর 8-10 বছর 10 বছর এর উর্ধ্বে,গোবর/কম্পোস্ট (কেজি) 10-15 15-20 20-25 25-30 ইউরিয়া (গ্রাম) 200-300 300-400 500-800 1000 টিএসপি (গ্রাম) 150-200 200-300 300-400 500 এমওপি (গ্রাম) 150-200 200-300 300-400 500 সবটুকু সার তিন ভাগ করে বৈশাখ-জ্যৈষ্ঠ ও ভাদ্র-আশ্বিন ও মাঘ-ফাল্গুন মাসে প্রয়োগ করতে হবে। প্রতিবার সার দেওয়ার পর প্রয়োজনে পানি দিতে হবে।
spice,plum (alubokhara),আলুবোখারা,449,pest_disease,আগাছা দমন,"গাছের গোড়া নিয়মিত পরিষ্কার করতে হবে। পাহাড়ের ঢালে, বাড়ির আঙ্গিনা, রাস্তার ধার বা পুকুর পাড়ে লাগানো গাছের গোড়ায় আগাছা কেটে পরিষ্কার রাখতে হবে।"
spice,plum (alubokhara),আলুবোখারা,449,irrigation,সেচ প্রয়োগ,"চারা রোপণের প্রথমদিকে প্রয়োজনমতো সেচ দেয়া দরকার। খরা বা শুকানো মৌসুমে পানি সেচ দিলে ফল ঝরা কমে, ফলন বৃদ্ধি পায় এবং ফলের আকার ও অন্যান্য গুণাগুণ ভাল হয়।"
spice,plum (alubokhara),আলুবোখারা,449,intercultural,অন্যান্য পরিচর্যা,
spice,plum (alubokhara),আলুবোখারা,449,intercultural,ডাল ছাঁটাইকরণ,"চারা অবস্থায় গাছকে সুন্দর কাঠামো দেয়ার জন্য অবাঞ্চিত ও অপ্রয়োজনীয় ডালপালা ছাঁটাই করে রাখতে হবে। ছাঁটাইয়ের মাধ্যমে গাছের মরা, রোগাক্রান্ত ও পোকামাকড় আক্রান্ত ডালপালা কেটে পরিষ্কার করতে হবে।"
spice,plum (alubokhara),আলুবোখারা,449,pest_disease,রোগবালাই ব্যবস্থাপনা,‘বারি আলুবোখারা-1’ এ কোন পোকার আক্রমণ পরিলক্ষিত হয়নি। শুধুমাত্র পাতার দাগ বা লিফ স্পট রোগ দেখা গেছে। ম্যানকোজেব বা এ জাতীয় ছত্রাকনাশক স্প্রে করেই তা দমন করা যায়।
spice,plum (alubokhara),আলুবোখারা,449,harvest,ফসল সংগ্রহ ও ফলন,আলুবোখারার ফল নন-ক্লাইমেক্টরিক হওয়ায় গাছ থেকেই ভালভাবে পাকার পর তা সংগ্রহ করতে হয়। আলুবোখারার ফল ভালভাবে পেকে গাঢ় লাল বা হালকা খয়েরী রং ধারণ করলে এবং ফল নরম হলেই সংগ্রহ করা উচিৎ। হালকা লাল বা হলুদ আবস্থায় সংগ্রহ করা হলে তা অত্যন্ত টক বা হালকা তেতো স্বাদেরও হতে পারে। বারি আলুবোখারা -1 এর বা এ জাতের প্রতি পূর্ণবয়স্ক (10-20 বছর) গাছে দেড় থেকে তিন হাজার পর্যন্ত ফল পাওয়া যেতে পারে। হেক্টরপ্রতি 7 থেকে 10 টন ফ্রেশ পাকা ফল পাওয়া যেতে পারে।
spice,aromatic ginger (Kaempferia),একাঙ্গী,451,soil_climate,মাটি ও জলবায়ু,"প্রায় সব ধরনের মাটিতেই একাঙ্গীর চাষ করা সম্ভব। তবে পানি নিষ্কাশনের সুবিধাযুক্ত জৈব পদার্থ সমৃদ্ধ দো-আঁশ থেকে বেলে দো-আঁশ মাটি একাঙ্গী চাষের জন্য উত্তম। একাঙ্গী চাষের জন্য মাটির উপযোগী পিএইচ হলো 6-6.5। বার্ষিক 2,500-3,000 মিলিমিটার বৃষ্টিপাত একাঙ্গী চাষের জন্য উত্তম। 30-35 ডিগ্রি সেন্টিগ্রেড তাপমাত্রায় একাঙ্গীর দৈহিক বৃদ্ধি ও ফলন ভাল হয়। একাঙ্গী হালকা ছায়াযুক্ত স্থানে চাষ করা যায়।"
spice,aromatic ginger (Kaempferia),একাঙ্গী,451,other,বীজ শোধন,100 লিটার পানিতে 100 গ্রাম ডাইথেন এম-45 অথবা অটোস্টিন মিশিয়ে বীজকে 30-45 মিনিট ভিজিয়ে রেখে শোধন করতে হবে। ভিজানো বীজকে ছায়াযুক্ত জায়গায় শুকিয়ে তারপর জমিতে রোপণ করতে হবে।
spice,aromatic ginger (Kaempferia),একাঙ্গী,451,soil_climate,মাটি শোধন,গভীরভাবে চাষ দিযে মাটি উল্টিয়ে রেখে দিলে রোগ জীবাণু ও পোকামাকড় সূর্যের তাপে নষ্ট হয়ে যায়। মাটির উপর খড়কুটো দিয়ে পুরু স্তর তৈরি করে পুড়িয়ে অথবা জমিতে বিঘাপ্রতি 1.5-2.0 কেজি ফুরাডান বা নিম কেক (2 কেজি/শতকে) প্রয়োগের মাধ্যমেও মাটি শোধন করা যায়।
spice,aromatic ginger (Kaempferia),একাঙ্গী,451,sowing_time,রোপণ সময়,এপ্রিলের 1ম সপ্তাহ থেকে মে মাসের 2য় সপ্তাহ পর্যন্ত একাঙ্গী লাগানোর উপযুক্ত সময়। বিলম্বে রোপণ করলে গাছের বৃদ্ধি ও ফলন কম হয়।
spice,aromatic ginger (Kaempferia),একাঙ্গী,451,other,বীজের আকার ও হার,"20-25 গ্রাম ওজনের রাইজোম/রোপণের জন্য উত্তম। বীজের হার নির্ভর করে রাইজোমের আকার আকৃতির উপর। বীজ হিসেবে মোথা উত্তম ও ফলন বেশি দেয়। তবে ছড়া (Finger) ব্যবহার করলে কম পরিমাণে বীজের দরকার হয়। সাধারণত প্রতি হেক্টরে 1,200-1,400 কেজি বীজের প্রয়োজন হয়।"
spice,aromatic ginger (Kaempferia),একাঙ্গী,451,spacing,জমি তৈরি ও রোপণ দূরত্ব,জমি তৈরি করতে 3-4টি চাষ ও মই দিতে হবে। সাধারণত একাঙ্গীর জমিতে সারি থেকে সারির দূরত্ব 40-50 সিমি এবং গাছ থেকে গাছের দ
spice,aromatic ginger (Kaempferia),একাঙ্গী,451,other,ূ,রত্ব 20-25 সেন্টিমিটার রাখা হয়। পানি সেচ ও নিষ্কাশনের জন্য দুই বেডের মাঝে 50-60 সেন্টিমিটার প্রশস্ত নালা রাখাতে হবে যাতে করে প্রয়োজনীয় সেচ প্রদান ও অতিরিক্ত পানি নিষ্কাশনের ব্যবস্থা করা যায়।
spice,aromatic ginger (Kaempferia),একাঙ্গী,451,fertilizer,সারের পরিমাণ ও প্রয়োগ পদ্ধতি,"ভালো ফলন পাওয়ার জন্য জমিতে প্রয়োজনীয় পরিমাণ জৈব রাসায়নিক সার প্রয়োগ করা প্রয়োজন। একাঙ্গী চাষের জন্য হেক্টরপ্রতি নিম্নে উল্লিখিত পরিমাণে জৈব ও রাসায়নিক সার প্রয়োগ করতে হবে। শেষ চাষের সময় সম্পূর্ণ গোবর, টিএসপি, জিপসাম, জিংক সালফেট এবং অর্ধেক এমওপি সার জমিতে ছিটিয়ে মাটির সাথে ভালোভাবে মিশিয়ে দিতে হবে। ইউরিয়া সারের অর্ধেক বীজ রোপণের 60 দিন পর পার্শব প্রয়োগ করতে হবে। অবশিষ্ট ইউরিয়া ও এমওপি সার দুই কিস্তিতে বীজ রোপণের 90 ও 120 দিন পর পার্শ্ব প্রয়োগ করতে হবে। এ সময় দুই দিক থেকে মাটি উঠিয়ে দিতে হবে। প্রতিবার সার প্রয়োগের পূর্বে জমি আগাছা মুক্ত করতে হবে।"
spice,aromatic ginger (Kaempferia),একাঙ্গী,451,intercultural,আন্তঃপরিচর্যা,মাটিতে আর্দ্রতা কম থাকলে বীজ রোপণের পরপরই সেচ দিতে হবে। একাঙ্গীর সঠিক বৃদ্ধি ও পানি নিষ্কাশনের জন্য দুই সারির মাঝের মাটি গাছের গোড়ায় তুলে দিতে হবে। একাঙ্গীর গজানোর পর ফসলের সাথে আগাছার প্রতিযোগিতা রোধ করার জন্য জমির আগাছা পরিষ্কার করতে হবে। এই ভাবে যতবার সম্ভব প্রয়োজন অনুসারে ফসলকে আগাছা মুক্ত করতে হবে। পর্যাপ্ত পরিমাণ বৃষ্টি না হলে একাঙ্গীর জমিতে সেচ দিতে হবে। জমিতে এমনভাবে সেব দিতে হবে যাতে জমিতে পরিমিত রস থাকে কিন্তু জমি অতিরিক্ত ভেজা/দাঁড়ানো পানি না থাকে।
spice,aromatic ginger (Kaempferia),একাঙ্গী,451,other,আন্তঃফসল চাষ,"একাঙ্গী হালকা ছায়া পছন্দ করে কাজেই একাঙ্গীর সংগে আন্তঃফসল হিসেবে মরিচ, গ্রীষ্মকালীন পেঁয়াজ,"
spice,aromatic ginger (Kaempferia),একাঙ্গী,451,fertilizer,সার মোট পরিমাণ শেষ চাষের,
spice,aromatic ginger (Kaempferia),একাঙ্গী,451,intercultural,পরবর্তী পরিচর্যা হিসেবে প্রয়োগ,
spice,aromatic ginger (Kaempferia),একাঙ্গী,451,other,1ম কিস্তি 2য় কিস্তি 3য় কিস্তি,"গোবর 5 টন সব - - - ইউরিয়া 260 কেজি - 130 কেজি 65 কেজি 65 কেজি টিএসপি 230 কেজি সব এমওপি 190 কেজি 95 কেজি - 47.5 কেজি 45 কেজি জিপসাম 110 কেজি সব - - - জিংক সালফেট 3 কেজি সব - - - লালশাক, শিম, লাউ ইত্যাদি ফসল চাষ করা যায়। এছাড়া নতুন ফলের বাগানে সারি ফল গাছের মাঝে আন্তঃফসল/মিশ্র ফসল হিসাবে একাঙ্গীর চাষ করা যায়।"
spice,aromatic ginger (Kaempferia),একাঙ্গী,451,harvest,ফসল সংগ্রহ,"সাধারণত জানুয়ারি - ফেব্রুয়ারি মাসে একাঙ্গীর উঠানো হয়। একাঙ্গী রোপণের 9-10 মাস পর গাছের পাতা যখন হলুদ রং ধারণ করে শুকিয়ে যায় তখনই একাঙ্গী সংগ্রহের উপর্যুক্ত সময় হিসাবে বিবেচনা করা হয়। সংগ্রহের পরে একাঙ্গীতে লেগে থাকা মাটি, শিকড়, গাছের কাণ্ড ও পাতা পরিষ্কার করতে হবে।"
spice,aromatic ginger (Kaempferia),একাঙ্গী,451,other,সংরক্ষণ,সাধারণত একাঙ্গীর ক্ষেত্রে ছড়া (Finger) ও মোথাকে বীজ হিসাবে রাখা হয়। গবেষণায় দেখা গেছে মোথা হতে উৎপন্ন গাছ অপেক্ষাকৃত সবল হয়। ছড়াও বীজ হিসাবে ব্যবহার করা যেতে পারে তবে এক্ষেত্রে ফলন কম হয়। একাঙ্গীর রাইজোমকে বিভিন্ন প্রক্রিয়ায় সংরক্ষণ ও প্রক্রিয়াজাতকরণের মাধ্যমে বিভিন্ন শিল্পের জন্য ব্যবহার উপযোগী করা হয়। বাছাইকৃত রাইজোম বা ছড়া মাটির গর্তে রাখলে বেশি দিন পর্যন্ত ভাল রাখা যায়। 1×1×1 ঘনমিটার গর্ত করে তা বেশ কয়েক দিন খোলা রেখে শুকিয়ে নিতে হবে। গর্তের গভীরতা বেশ হলে অধিক আর্দ্রতার কারণে একাঙ্গীর শিকড় ও গজানোর পরিমাণ অনেক বেড়ে যায়। গর্ত একাঙ্গী দিয়ে ভর্তি করার পর উপরে খড় বিছিয়ে মাটি চাপা দিয়ে গর্ত বন্ধ করে দিতে হবে। বীজ একাঙ্গী মাটির গর্তে রাখার উদ্দেশ্যই হচ্ছে একাঙ্গীর আর্দ্রতা ধরে রাখা। কারণ খোলা বাতাসে থাকলে একাঙ্গীর সতেজতা ও ওজন কমে যায়।
spice,aromatic ginger (Kaempferia),একাঙ্গী,451,yield,ফলন,সাধারণত প্রতি হেক্টর 12-15 টন একাঙ্গীর ফলন পাওয়া যায়।
spice,aromatic ginger (Kaempferia),একাঙ্গী,451,pest_disease,রোগবালাই,একাঙ্গীতে রোগবালাই তুলনামূলকভাবে কম হয়। তবে মাঝে মধ্যে নেতিয়ে পড়া (wilt) রাইজোম রট ইত্যাদি রোগ দেখা যায়।
spice,aromatic ginger (Kaempferia),একাঙ্গী,451,pest_disease,রাইজম রট/কন্দ পচা,"কন্দ পচা রোগ একাঙ্গী ফসলের মাারাত্বক ক্ষতি করে এবং এ রোগে রাইজোম আংশিক থেকে সম্পূর্ণ নষ্ট হওয়ার সম্ভাবনা থাকে । বীজ, মাটি, ব্যবহৃত কৃষিযন্ত্রপাতি ও পানির মাধ্যমে এ রোগের বিস্তার ঘটে। পিথিয়াম এফানিডারমেটাম (Phythium aphanidermatum) নামক ছত্রাক, ব্যাকটেরিয়া ও রাইজোম ফ্লাই এ রোগের জন্য দায়ী।"
spice,aromatic ginger (Kaempferia),একাঙ্গী,451,pest_disease,রোগের লক্ষণ," গাছের গোড়ায় কন্দতে প্রথমে পানি ভেজা দাগ দেখা যায়। পরবর্তীতে উক্ত স্থানে পচন দেখা যায় এবং ক্রমান্বয়ে কন্দের বেশি অংশ পচে যায়।  আক্রান্ত গাছের শিকড়ও পচতে শুরু করে এবং গাছ টান দিলে সহজেই উঠে আসে।  আক্রান্ত কন্দ থেকে এক ধরনের গন্ধ বের হয়। এই গন্ধে আকৃষ্ট হয়ে রাইজোম ফ্লাই নামক পোকা রাইজোমে আক্রমণ করে।  গাছের উপরের অংশে পাতা হলুদ হয়ে যায়। পাতায় দাগ থাকে না।  হলুদ ভাবটা পাতার কিনারা দিয়ে নিচে নামতে থাকে, কিন্তু ভিতরটা তখনও সবুজ থেকে যায়।  পরবর্তীতে গাছ ঢলে পড়ে ও শুকিয়ে মারা যায়।  রাইজোম পচে যাওয়ার ফলে ফলন মারাত্মকভাবে ব্যাহত হয়।"
spice,aromatic ginger (Kaempferia),একাঙ্গী,451,pest_disease,রোগের প্রতিকার, আক্রান্ত গাছ মাটিসহ উঠিয়ে গর্ত করে পুঁতে ফেলতে হবে।  আক্রান্ত গাছ পুড়িয়ে ফেলতে হবে।  রোগবিহীন কন্দ সংগ্রহ করে বীজ হিসেবে ব্যবহার করতে হবে।  আক্রান্ত জমিতে শস্য পর্যায় অনুসরণ করতে হবে।  মাঠে যথাযথ পানি নিষ্কাশনের ব্যবস্থা রাখতে হবে।  রিডোমিল গোল্ড বা অটোস্টিন প্রতি লিটার পানিতে 2 গ্রাম হারে মিশিয়ে ঐ দ্রবণের মধ্যে বীজ আদা আধা ঘণ্টা ভিজিয়ে রেখে শোধন করে উঠিয়ে ছায়ায় শুকিয়ে নিয়ে জমিতে রোপণ করতে হবে।  অর্ধকাঁচা মুরগির বিষ্ঠা (5 টন/হেক্টর) একাঙ্গী রোপণের 21 দিন পূর্বে জমিতে প্রয়োগ করতে হবে।  রোগ দেখা দেওয়া মাত্রই রিডোমিল গোল্ড প্রতি লিটার পানিতে 2 গ্রাম হারে অথবা সিক্যুয়র প্রতি লিটার পানিতে 1 গ্রাম হারে মিশিয়ে 10-12 দিন পর পর গাছের গোড়ার মাটিতে স্প্রে করতে হবে।
spice,aromatic ginger (Kaempferia),একাঙ্গী,451,pest_disease,পোকা-মাকড়,
spice,aromatic ginger (Kaempferia),একাঙ্গী,451,pest_disease,মাজরা পোকা,এ পোকার কীড়া কাণ্ড ছিদ্র করে ভিতরের অংশ খেয়ে ফেলে এবং আক্রান্ত কাণ্ডের উপরের অংশ মরে যায়।
spice,aromatic ginger (Kaempferia),একাঙ্গী,451,pest_disease,পাতা মোড়ানো পোকা,এ পোকার কীড়া পাতা মুড়িয়ে ভিতরে বাস করে এবং পাতা খেয়ে গাছের সমূহ ক্ষতি করে। মাঠে রাইজম থেকে রস চুষে খায়। সংরক্ষণের সময় এই পোকা রাইজমকে পচিয়ে ফেলে।
spice,aromatic ginger (Kaempferia),একাঙ্গী,451,pest_disease,দমন, আক্রান্ত কাণ্ড/পাতা সংগ্রহ করে পুড়িয়ে ফেলতে হবে অথবা মাটিতে পুতে ফেলতে হবে।  নাইট্রো/রিপকর্ড/ক্যারাটে(1.0 মিলিলিটার/লিটার) 7দিন পর পর পাতায় স্প্রে করতে হবে।  দানাদার ইনসেকটিসাইড (ফুরাডান) প্রতি বিঘায় 3-4 হারে মাটিতে প্রয়োগ করতে হবে।
spice,chives,চিভ,454,soil_climate,মাটি ও জলবায়ু,সেচ ও পানি নিস্কাশনের সুবিধাযুক্ত
spice,chives,চিভ,454,other,ও,"জৈব পদার্থ সমৃদ্ধ বেলে দোআঁশ থেকে দোআঁশ মাটি চিভ চাষের জন্য উপযোগী। মাটির পিএইচ 6.3-6.8 হলে চিভ এর বৃদ্ধি ভাল হয়। চিভ এর চাষের জন্য বছরে 2,500-3,000 মিলিমিটার বৃষ্টিপাত প্রয়োজন। 13-250 সে. তাপমাত্রা চিভ চাষের জন্য উপযোগী।"
spice,chives,চিভ,454,land_preparation,জমি তৈরি,জমিতে 6-7টি গভীরভাবে (15-20 সেমি) চাষ দিয়ে মাটি ঝুরঝুরে করে ও পরে মই দিয়ে সমতল করতে হবে। জমির আগাছা বেছে ফেলতে হবে। মাটির ঢেলা ভেঙ্গে ঝুরঝুরে ও সমান করে জমি তৈরি করতে হবে। চিভ চাষের জন্য 3.0 মিটার × 1.5 মিটার আকারের বেড তৈরি করতে হবে এবং বেডের উচ্চতা 15-20 সেন্টিমিটার হতে হবে। পানি সেচ ও নিষ্কাশনের সুবিধার জন্য দুই বেডের মাঝে 50-60 সেন্টিমিটার প্রশস্থ নালা থাকতে হবে।
spice,chives,চিভ,454,fertilizer,সারের পরিমাণ ও প্রয়োগ পদ্ধতি,"ফলন বেশি পেতে হলে সঠিক সময়ে সঠিক পরিমাণে সার প্রয়োগ করতে হবে। জৈব সার প্রয়োগ মাটির গুণাগুণ বৃদ্ধি পায় ও ফলন বেশি হয়। মাটিতে বিদ্যমান পুষ্টি উপাদানের উপর সারের মাত্রা নির্ভর করে। চিভ এর জন্য প্রতি হেক্টরে নিম্নোক্ত হারে সার প্রয়োগ করতে হবে। শেষ চাষের সময় সবটুকু গোবর, টিএসপি, জিপসাম অর্ধেক ইউরিয়া ও এমওপি সার জমিতে ছিটিয়ে মাটির সাথে ভালভাবে মিশিয়ে দিতে হবে। বাকী অর্ধেক ইউরিয়া এবং এমওপি সার সমান ভাগে ভাগ করে যথাক্রমে চারা রোপণের 25 এবং 50 দিন পর দুই কিস্তিতে প্রয়োগ করতে হবে। প্রতিবার সার প্রয়োগের পূর্বে জমি আগাছামুক্ত করতে হবে।"
spice,chives,চিভ,454,sowing_time,রোপণ সময়,বাংলাদেশে সারা বছর চিভ চাষ করা সম্ভব। তবে চিভ লাগানোর উপযোগী সময় এপ্রিল-মে মাস পর্যন্ত
spice,chives,চিভ,454,seed_rate,বীজ হার ও রোপণ দূরত্ব,"প্রতি হেক্টরে 2,00,000-3,00,000 চারা/ক্লাম্প ডিভিশন (Clump division) লাগে। প্রতিটি চারা 20-25 সেন্টিমিটার দূরত্বে 15-20 সেন্টিমিটার পরপর লাগাতে হবে।"
spice,chives,চিভ,454,intercultural,আন্তঃপরিচর্যা,চিভ এর চারা রোপণের পর একটি প্লাবন সেচ দিতে হবে। চারা রোপণ এবং সেচের পর জমিতে প্রচুর আগাছা জন্মাতে পারে। আগাছা জমির রস ও অন্যান্য খাদ্য উপাদান গ্রহণ করে গাছের বৃদ্ধি ব্যহত করে। এই জন্য 2-3 বার বা ততোধিক নিড়ানী দিয়ে জমি আগাছামুক্ত রাখতে হবে। জমির ‘জোঁ’ অবস্থা দেখে 20-25 দিন পর পর সেচ দিতে হবে।
spice,chives,চিভ,454,harvest,ফসল সংগ্রহ,চারা লাগানোর 65-70 দিন পর থেকে ফসল সংগ্রহ করা যায়। গাছের গোড়া থেকে 2-3 ইঞ্চি উপরে পাতা কেটে অথবা পুরো গাছ উঠিয়ে ফসল সংগ্রহ করা যায়। ফসল সংগ্রহের পর বাজারজাতকরণের জন্য পাতা/গাছ ভাল ভাবে পরিষ্কার পানিতে ধুয়ে নিতে হবে এবং গাছের শিকড় কেটে ফেলতে হবে। বছরে 5-6 বার ফসল সংগ্রহ করা যায়।
spice,chives,চিভ,454,yield,ফলন,পাতা ও গাছ সহ প্রতি হেক্টরে 10-12 টন ফলন পাওয়া যায়।
spice,chives,চিভ,454,pest_disease,রোগ বালাই,চিভ এ রোগের আক্রমণ খুব কম হয়। তবে জমিতে আর্দ্রতা বেশি থাকলে স্ক্লেরোসিয়া জাতীয় ছত্রাকের আক্রমণ হয়। এছাড়া পার্পল লিফ ব্লচ (Purple leaf blotch) নামক রোগের আক্রমণ হতে পারে।
spice,chives,চিভ,454,other,পার্পল লিফ ব্লচ (,Purple leaf Blotch)
spice,chives,চিভ,454,other,,"অলটারনারিয়া পোরি (Alternaria porri) নামক ছত্রাক দ্বারা এই রোগ হয়ে থাকে। আক্রান্ত বীজ, বায়ু ও গাছের পরিত্যক্ত অংশের মাধ্যমে এ রোগ বিস্তার লাভ করে। তাপমাত্রা বৃদ্ধির সঙ্গে সঙ্গে এ রোগের প্রকোপ বাড়তে থাকে। এই রোগের আক্রমণের প্রাথমিক পর্যায়ে গাছের পাতা বা পুষ্পদণ্ডে ছোট ছোট পানি ভেজা দাগ দেখা যায়। পরবর্তীতে দাগগুলো ধীরে ধীরে বড় হয়। অনুক‚লে আবহাওয়ায় পাতা বা পুষ্পদণ্ডে এক বা একাধিক দাগ পড়ে এবং তা দ্রুত বৃদ্ধি পায়। দাগের মধ্যবর্তী অংশ প্রথমে লালচে ও পরবর্তীতে কালো বর্ণ ধারণ করে"
spice,chives,চিভ,454,fertilizer,সার মোট পরিমাণ শেষ চাষের,
spice,chives,চিভ,454,intercultural,পরবর্তী পরিচর্যা হিসেবে প্রয়োগ,1ম কিস্তি 2য় কিস্তি গোবর 5 টন সব - - ইউরিয়া 140 কেজি 70 কেজি 35 কেজি 35 কেজি টিএসপি 200 কেজি সব - - এমওপি 90 কেজি 45 কেজি 22.5 কেজি 22.5 কেজি জিপসাম 50 কেজি সব - - এবং দাগের কিনারায় বেগুনী রং দেখা যায়। দাগের মধ্যস্থ গাঢ় অংশ ছত্রাকের বীজকনা দিয়ে পূর্ণ থাকে। সাধারণত আক্রান্ত পাতা 3-4 সপ্তাহের মধ্যে হলুদ হয়ে মরে যায়।
spice,chives,চিভ,454,pest_disease,দমন পদ্ধতি," সুস্থ, নীরোগ বীজ ও চারা ব্যবহার করতে হবে।  আক্রান্ত গাছের পরিত্যক্ত অংশ পুড়িয়ে ফেলতে হবে।  রোভরাল বা ভিটাভেক্স-200 নামক ছত্রাকনাশক কেজি প্রতি 2.5 গ্রাম হারে মিশিয়ে বীজ শোধন করে বপন করতে হবে।  রোগ দেখা দিলে প্রতি লিটার পানির সাথে 2 গ্রাম রোভরাল এবং 2 গ্রাম রিডোমিল গোল্ড মিশিয়ে 10-12 দিন পর 3-4 বার গাছে স্প্রে করতে হবে। অথবা,  এছাড়া প্রতি লিটার পানিতে 1 মিলিলিটার এমিস্টারটপ মিশিয়ে 7-10 দিন পর 3-4 বার গাছে স্প্রে করলে রোগের প্রকোপ কমে যায়।"
spice,chives,চিভ,454,pest_disease,পোকা-মাকড়,চিভ এ পোকা মাকড়ের আক্রমণ খুব কম হয়। তবে মাঝে মধ্যে থ্রিপস এর আক্রমণ লক্ষ্য করা যায়। আক্রান্ত পাতায় ক্ষুদ্রাকৃতির বাদামী দাগ দেখা যায়। পরবর্তীতে পাতা শুকিয়ে যায়।
spice,chives,চিভ,454,pest_disease,দমন পদ্ধতি, সাবান মিশ্রিত পানি 4 গ্রাম/লিটার হারে প্রয়োগ করতে হবে।  কেরাটে/এডমেয়ার/গেইন প্রতি লিটার পানিতে 1 মিলিলিটার হারে মিশিয়ে স্প্রে করে সহজেই এই পোকা দমন করা যায়।
spice,mint,পুদিনা,456,soil_climate,মাটি ও আবহাওয়া,সব রকম মাটিতেই পুদিনার চাষ করা যায়। তবে সেচ ও পানি নিষ্কাশনের সুবিধাযুক্ত বেলে-দোআঁশ থেকে এঁটেল-দোআঁশ মাটি পুদিনা চাষের জন্য উত্তম। মাটির pH 6-7 হলে পুদিনার ফলন ভাল হয়। বেশী ঠাণ্ডা বা গরম পড়ে না এবং বছরে 800-1000 মিলি মিটার পর্যন্ত বৃষ্টিপাত হয় এমন স্থানে পুদিনা ভাল হয়। সাধারণত 210 সে. - 240 সে. তাপমাত্রা পুদিনা চাষের জন্য উপযোগী।
spice,mint,পুদিনা,456,land_preparation,জমি তৈরি,জমি তৈরী করতে 3-4টি চাষ ও মই দিতে হবে। মাটি ঝুর ঝুরে করে জমি তৈরী করতে হবে। জমির দুই ব্লকের মাঝে পানি নিস্কাশনের জন্য নালা রেখে জমি তৈরী করতে হবে।
spice,mint,পুদিনা,456,sowing_time,রোপন সময়,বাংলাদেশে সারা বছর চাষ করা সম্ভব। তবে পুদিনা লাগানোর উপযোগী সময় এপ্রিল-মে মাস পর্যন্ত।
spice,mint,পুদিনা,456,seed_rate,বীজ হার ও রোপন দুরত্ব,"প্রতি হেক্টরে 120000-200000 কাটিং লাগে। প্রতিটি কাটিং 25-30 সেন্টিমিটার (সারিসারি) দুরত্বে, ও 20-25 সেন্টিমিটার (কাটিং - কাটিং) দূরে ও 5-6 সেন্টিমিটার গভীরে রোপন করতে হবে। প্রতিটি গর্তে 2টি করে কাটিং রোপন করতে হবে।"
spice,mint,পুদিনা,456,fertilizer,সার মোট পরিমাণ শেষ চাষের,
spice,mint,পুদিনা,456,intercultural,পরবর্তী পরিচর্যা হিসাবে,
spice,mint,পুদিনা,456,other,প্রয়োগ,1ম কিস্তি 2য় কিস্তি 3য় কিস্তি গোবর 5 টন/হেক্টর সব - - ইউরিয়া 225 কেজি - 75 কেজি 75 কেজি 75 টিএসপি 275 কেজি সব - - - এমওপি 180 কেজি সব - - - জিপসাম 110 কেজি সব - - -
spice,areca nut,সুপারি,458,soil_climate,মাটি,"সুপারি চাষের জন্য উর্বর ও মাঝারী ধরনের মাটি অর্থাৎ হালকা বুনটের মাটি উত্তম, তবে বেলে দো-আঁশ মাটি সবচেয়ে উপযোগী। মাটির পিএইচ মান 5.5-6.0 এর মধ্যে হলে সবচেয়ে ভাল হয়।"
spice,areca nut,সুপারি,458,sowing_method,চারা উৎপাদন পদ্ধতি,বীজ দ্বারা সুপারি গাছের বংশবিস্তার হয়ে থাকে। প্রথমে বীজতলায় বীজ লাগিয়ে চারা উৎপাদন করতে হবে। চারা উৎপাদনের নিম্নলিখিত বিষয়গুলোর প্রতি নজর দেওয়া দরকার।
spice,areca nut,সুপারি,458,soil_climate,বীজতলার জন্য মাটি নির্বাচন,"দো-আঁশ, পলি দো-আঁশ মাটি বীজতলার জন্য উপযুক্ত। খোলামেলা, সেচের সুবিধা আছে এমন হালকা বুনটের মাটিতে বীজতলা করা উচিত। বীজতলার মাটিতে বালুর পরিমাণ কম থাকলে কিছু ভিটি বালু মিশিয়ে নিলে ভাল হয়। সুপারির বীজতলা আংশিক ছায়াযুক্ত হলে উত্তম।"
spice,areca nut,সুপারি,458,fertilizer,জমি তৈরি ও সার প্রয়োগ,"বীজতলার জমি 4-5 বার ভালভাবে চাষ দিয়ে আগাছা ও আবর্জনা পরিষ্কার করে ফেলতে হবে। জমিতে মই দিয়ে সমান করে নিতে হবে। বীজতলার জমির উর্বরতা অনুযায়ী হেক্টরপ্রতি 15-20 টন গোবর বা জৈব সার প্রয়োগ করতে হবে, তবে কোনো রাসায়নিক সার প্রয়োগের প্রয়োজন নেই।"
spice,areca nut,সুপারি,458,other,বীজতলা তৈরি,প্রতিটি বীজতলা 1-1.5 মিটার চওড়া এবং 3 মিটার লম্বা হওয়া উচিত। বীজতলা উত্তর দক্ষিণে লম্বা হলে ভালো হয়। দুই বেডের মাঝখানে চলাফেলার জন্য দৈর্ঘ্য ও প্রস্থ বরাবর 50-75 সেমি জায়গা ফাঁকা রাখতে হয়। এরূপ ফাঁকা স্থানের মাটি তুলে নালা তৈরি করতে হবে এবং নালার মাটি বীজতলায় তুলে দিয়ে বীজতলাকে বেড আকারে 6-8 সেমি উঁচু করতে হবে। নালাগুলোর মধ্যে দিয়ে সেচ ও নিকাশের সুবিধা পাওয়া যায় এবং চারার পরিচর্যা করা সহজ হয়।
spice,areca nut,সুপারি,458,sowing_method,বীজ রোপণ,বীজ সংগ্রহ করার পর দেরী না করে বীজতলায় বীজ রোপণ করতে হবে। প্রতি হেক্টরে বীজের হার 70-80 কেজি (খোসাসহ কাঁচা সুপারি)। বীজ রোপণের সময় সারি থেকে সারির দ‚রত্ব 30 সে.মি. এবং বীজ থেকে বীজের দ‚রত্ব হবে 25 সেমি। বীজ 1-2 সে.মি. গভীরে এমনভাবে রোপণ করতে হবে যাতে বীজটি মাটির সামান্য নিচে থাকে এবং বীজের উপরে মাটির একটা পাতলা আবরণ থাকে।
spice,areca nut,সুপারি,458,sowing_method,চারা রোপণ,সাধারণতঃ মে থেকে সেপ্টেম্বর মাস পর্যন্ত চারা রোপণ করা যায়। তবে জুন-জুলাই মাস চারা রোপণের জন্য উত্তম।
spice,areca nut,সুপারি,458,spacing,রোপণ দূরত্ব,বর্গাকৃতি পদ্ধতিতে সারি থেকে সারির দূরত্ব 2.5 মিটার এবং চারা থেকে চারার দূরত্ব 2.5 মিটার। প্রতি হেক্টরে গাছের সংখ্যা 1600 (এক হাজার ছয় শত)।
spice,areca nut,সুপারি,458,intercultural,অর্ন্তবর্তীকালীন পরিচর্যা,চারা রোপণের পর বিভিন্ন ধরনের নিম্নবর্ণিত অর্ন্তবর্তীকালীন পরিচর্যা প্রয়োজন।
spice,areca nut,সুপারি,458,intercultural,আগাছা পরিষ্কার,গাছের গোড়া সব সময়ই আগাছামুক্ত রাখা প্রয়োজন। বর্ষাকালে আগাছা বেশি হয় বিধায় ঘন ঘন আগাছা পরিষ্কার করতে হবে। সার ও সেচ দেয়ার আগে অবশ্যই আগাছা পরিষ্কার করতে হবে।
spice,areca nut,সুপারি,458,fertilizer,সুপারি গাছে সার প্রয়োগের তালিকা,"গাছের বয়স গাছ প্রতি সারের পরিমাণ (বারি সুপারি-1 এবং বারি সুপারি-2) (বৎসর) গোবর ইউরিয়া টিএসপি এমপি জিপসাম জিষ্ক সালফেট (কেজি) (গ্রাম) (গ্রাম) (গ্রাম) (গ্রাম) (গ্রাম) 0-2 10 100 100 120 15 10 3-4 12 130 120 160 25 20 5-6 14 160 140 200 35 30 7-8 16 190 160 240 45 40 9-10 18 230 180 280 55 50 >10 20 250 200 300 60 50 রাসায়নিক সার 2 ভাগে ভাগ করে বছরে 2 বার গাছের গোড়ায় প্রয়োগ করতে হবে, প্রথমবার সেপ্টেম্বর মাসে এবং দ্বিতীয়বার ফেব্রুয়ারী মাসে (যদি বাগানে সেচের ব্যবস্থা থাকে)। আর যদি সেচের ব্যবস্থা না থাকে তাহলে মে মাসে দ্বিতীয় বার সার প্রয়োগ করতে হবে। সেপ্টেম্বর মাসে প্রথম বার রাসায়নিক সার প্রয়োগের সময়ে (বছরে একবার) সম্পূর্ণ গোবর/কমপোষ্ট সার প্রয়োগ করতে হবে। প্রথম দফা সার প্রয়োগের জন্যে গাছের চারিদিকে বৃত্তাকারে গাছের গোড়া থেকে, গাছের বয়স অনুযায়ী 50-75 সেমি দূরে, 15-25 সেমি গভীর এবং 20-30 সেমি চওড়া নালা করতে হবে এবং সেই নালার মধ্যে জৈব ও রাসায়নিক সার প্রয়োগ করতে হবে এবং নালার মাটির সাথে ভালভাবে মিশিয়ে দিতে হবে। সার প্রয়োগের পর প্রয়োজনবোধে আলাদা মাটি দ্বারা নালাটি বন্ধ করে দিতে হবে। দ্বিতীয় দফায়ও ঠিক একইভাবে সার প্রয়োগ করতে হবে। সার প্রয়োগের পর সেচ প্রদান করে মালচিং করে দিলে ভাল ফল পাওয়া যাবে। যদি রাসায়নিক সার প্রয়োগের একমাস পূর্বে জৈব সার প্রয়োগ করা যায় তাহলে ভাল হয়।"
spice,areca nut,সুপারি,458,harvest,ফসল সংগ্রহ,সুপারির চারা লাগানোর পর সঠিক ভাবে যত্ন নিলে 4-5 বৎসরের মধ্যেই ফলন আসতে শুরু করে। তারপর বয়স বাড়ার সাথে সাথে ফলন ক্রমান্বয়ে বাড়তে থাকে।
spice,areca nut,সুপারি,458,yield,ফলন,বারি সুপারি-1 (BARI Supari-1) জাতটির খোসাসহ কাঁচা সুপারির গড় ফলন 28.24 টন/হেক্টর এবং খোসাসহ শুকনা সুপারির গড় ফলন 10.57 টন/হেক্টর। বারি সুপারি-2 (BARI Supari-2) জাতটির খোসাসহ কাঁচা সুপারির গড় ফলন 34.48 টন/হেক্টর এবং খোসাসহ শুকনা সুপারির গড় ফলন 12.07 টন/হেক্টর।
grain,barley,বার্লি,463,soil_climate,মাটি,পানি জমে না এমন বেলে দোআঁশ ও দোআঁশ মাটি বার্লি চাষের জন্য উপযুক্ত । জমিতে ‘জো’ আসার পর মাটির প্রকারভেদে 3-4টি আড়াআড়ি চাষ ও মই দিয়ে জমি তৈরি করতে হয়।
grain,barley,বার্লি,463,sowing_time,বপনের সময়,কার্তিক মাসের শেষ সপ্তাহ থেকে অগ্রহায়ণ মাস (নভেম্বরের 2য় সপ্তাহ থেকে ডিসেম্বরের 2য় সপ্তাহ) পর্যন্ত বীজ বপন করা যায়।
grain,barley,বার্লি,463,seed_rate,বীজের হার,বার্লি ছিটিয়ে ও সারিতে বপন করা যায়। ছিটিয়ে হেক্টরপ্রতি 120 কেজি এবং সারিতে বুনলে 100 কেজি বীজ প্রয়োজন হয়। সারিতে বুনলে 2 সারির মাঝে দূরত্ব 20-25 সেমি রাখতে হবে। লাঙ্গল দিয়ে 3.5 সেমি গভীর নালা টেনে তাতে বীজ বুনে মাটি দিয়ে ঢেকে দিতে হবে।
grain,barley,বার্লি,463,pest_disease,আগাছা দমন,চারা গজানোর পর 2-3 সপ্তাহের মধ্যে 8-10 সেমি দূরত্বে একটি চারা রেখে বাকি চারা তুলে পাতলা করে দিতে হবে। জমিতে আগাছা দেখা দিলে নিড়ানি দিয়ে তুলে ফেলতে হবে।
grain,barley,বার্লি,463,fertilizer,সারের পরিমাণ,সাধারণত অনুর্বর জমিতে চাষ করা হলেও সুপারিশমতো সার প্রয়োগে এর ফলন বাড়ানো যায়। বার্লির জমিতে নিম্নরূপ সার প্রয়োগ করা যায়। সারের নাম সারের পরিমাণ/হেক্টর ইউরিয়া 150-180 কেজি টিএসপি 100-125 কেজি এমওপি 100-120 কেজি জিপসাম 40-60 কেজি জিংক সালফেট 3-5 কেজি
grain,barley,বার্লি,463,fertilizer_method,সার প্রয়োগ পদ্ধতি,সেচের ব্যবস্থা থাকলে শেষ চাষের সময় অর্ধেক ইউরিয়া এবং সবটুকু টিএসপি ও এমওপি সার প্রয়োগ করতে হবে। বাকি অর্ধেক ইউরিয়া 2 কিস্তিতে বীজ বপনের 30-35 দিন পর 1ম কিস্তি এবং দ্বিতীয় কিস্তি বীজ বপনের 55-60 দিন পর (সেচের পর) প্রয়োগ করতে হবে।
grain,barley,বার্লি,463,irrigation,পানি সেচ,রবি মৌসুমে খরা দেখা দিলে 1-2 টি হালকা সেচের ব্যবস্থা করলে ফলন বেশি পাওয়া যায়।
grain,barley,বার্লি,463,harvest,ফসল সংগ্রহ,শীষ খড়ের রং এবং পাতা বাদামি হয়ে এলে বোঝা যাবে ফসল পেকেছে। চৈত্রের প্রথম সপ্তাহ থেকে মধ্য সপ্তাহ।
grain,proso millet,চিনা,464,soil_climate,মাটি,পানি জমে না এমন বেলে দোআঁশ মাটি চিনা চাষের জন্য বেশ উপযোগী।
grain,proso millet,চিনা,464,sowing_time,বপনের সময়,মধ্য-কার্তিক থেকে পৌষ মাস (নভেম্বর থেকে মধ্য-জানুয়ারি)।
grain,proso millet,চিনা,464,seed_rate,বীজের হার,চিনা বীজ ছিটিয়ে এবং সারিতে উভয় পদ্ধতিতেই বোনা যায়। ছিটিয়ে বুনলে হেক্টরপ্রতি 20 কেজি এবং সারিতে বুনলে 18 কেজি বীজের প্রয়োজন হয়। সারিতে বীজ বুনলে 2 সারির মাঝে দূরত্ব হবে 20-30 সেমি। সারিতে চারা গজানোর পর 6-8 সেমি দূরত্বে একটি করে চারা রেখে বাকি চারা তুলে ফেলতে হবে।
grain,proso millet,চিনা,464,fertilizer,সারের পরিমাণ,সাধারণত অনুর্বর জমিতে চিনার চাষ করা হলেও সার প্রয়োগ করে ফলন বাড়ানো যায়। সারের নাম সারের পরিমাণ/হেক্টর ইউরিয়া 130-170 কেজি টিএসপি 100-125 কেজি এমওপি 80-90 কেজি জিপসাম 45-55 কেজি জিংক সালফেট 3-4 কেজি
grain,proso millet,চিনা,464,fertilizer_method,সার প্রয়োগ পদ্ধতি,সেচ বিহীন চাষে সম্পূর্ণ সার শেষ চাষের সময় প্রয়োগ করতে হবে। কিন্তু সেচের ব্যবস্থা থাকলে শেষ চাষের সময় অর্ধেক ইউরিয়া এবং সবটুকু টিএসপি ও এমওপি সার প্রয়োগ করতে হবে। বাকি অর্ধেক ইউরিয়া বীজ বপনের 35-40 দিন পর উপরি প্রয়োগ করতে হবে।
grain,proso millet,চিনা,464,irrigation,পানি সেচ,মাটিতে রসের অভাব হলে 1-2টি হালকা সেচ দেওয়া যেতে পারে।
grain,proso millet,চিনা,464,harvest,সংগ্রহ,শীষ খড়ের রং ধারণ করলে তখন বুঝতে হবে ফসল কাটার সময় হয়েছে।
grain,proso millet,চিনা,464,pest_disease,রোগবালাই,চিনার এ জাতটিতে সাধারণত রোগবালাই দেখা যায় না।
grain,proso millet,চিনা,464,pest_disease,দমন ব্যবস্থা,প্রযোজ্য নয়
grain,proso millet,চিনা,464,pest_disease,পোকামাকড়,চিনায় পোকামাকড়ের আক্রমণ কম।
grain,proso millet,চিনা,464,pest_disease,দমন ব্যবস্থা,"পোকার আক্রমণ দেখা দিলে আক্রমণের ব্যাপকতা বুঝে কার্বোফুরান 5 জি (তারপোকার ক্ষেত্রে) জাতীয় দানাদার কীটনাশক (যেমন ফুরাডান, ব্রিফার ইত্যাদি) হেক্টর প্রতি 18 কেজি হারে বীজ বপনের সময় প্রয়োগ করতে হবে এবং কাটুই পোকার জন্য প্রতি লিটার পানির সাথে 5 মিলি ক্লোরোপাইরিফস 20 ইসি জাতীয় কীটনাশক (ডারসবান/পাইরিফস/অন্য নামের) মিশিয়ে চারাগাছগুলোর গোড়ায় মাটি ভিজিয়ে ভালোভাবে স্প্রে করে দিয়ে এ পোকার আক্রমণ কমানো যায়।"
grain,foxtail millet,কাউন,466,soil_climate,মাটি,প্রায় সব ধরনের মাটিতেই কাউনের চাষ করা যায়। তবে পানি দাঁড়ায় না এমন বেলে দোআঁশ মাটিতে এর ফলন ভালো হয়।
grain,foxtail millet,কাউন,466,sowing_time,বপনের সময়,দেশের উত্তরাঞ্চলে অগ্রহায়ণ থেকে মাঘ মাস (মধ্য নভেম্বর থেকে মধ্য-ফেব্রুয়ারি)। পযর্ন্ত বীজ বোনা যায়।
grain,foxtail millet,কাউন,466,seed_rate,বীজের হার,কাউনের বীজ ছিটিয়ে ও সারিতে বোনা যায়। ছিটিয়ে বুনলে হেক্টরপ্রতি 10 কেজি এবং সারিতে বুনলে 8 কেজি বীজের প্রয়োজন হয়। বীজ সারিতে বুনলে সারির থেকে সারির দূরত্ব 25-30 সেমি রাখতে হবে। চারা গজানোর পর 2-3 সপ্তাহের মধ্যে সারিতে চারার দূরত্ব 6-8 সেমি রেখে বাকি চারা তুলে ফেলতে হবে।
grain,foxtail millet,কাউন,466,fertilizer,সারের পরিমাণ,কাউন চাষে সচারাচর রাসায়নিক সার প্রয়োগ করা হয় না। তবে অনুর্বর জমিতে হেক্টরপ্রতি নিম্নরূপ সার প্রয়োগ ফলন বেশি হয়।
grain,chia,চিয়ার,468,other,চাষ পদ্ধতি,"চিয়া মূলত মরুভুমির উদ্ভিদ যা অল্প সেচে জন্মাতে পারে। চিয়া সব ধরণের মাটিতে জন্মাতে পারে। তবে বেলে দো-আঁশ মাটিতে সবচেয়ে ভাল হয়। চিয়া বাংলাদেশে একটি নতুন সম্ভবনাময় ফসল, যা রবি মৌসুমে চাষাবাদ করা যায়। বাংলাদেশে খরা এবং চরাঞ্চলে এই গুরুত্বপুর্ণ ফসলটি চাষের সম্ভাবনা রয়েছে। জমি ভালভাবে চাষ দিয়ে মাটি ঝুরঝুরে করে নিতে হবে। নভেম্বর মাসের 2য় খেকে 3য় সপ্তাহ বীজ বপনের উপযুক্ত সময়। অত:পর 2-3 সেমি গভীরে সারিতে বীজ বপন করতে হবে। বপন করার পর বীজ আলগা মাটি দিয়ে ঢেকে দিতে হবে। বীজ গজানোর 12-15 দিন পর চারা পাতলা করে দিতে হবে। ভাল ফলন পেতে হলে অবশ্যই 2-3টি সেচ দিতে হবে। চিয়ার এ লাইনটি চারা অবস্থায় 2-3 দিন পর্যন্ত জলাবদ্ধতা সহ্য করতে পারে ।"
grain,chia,চিয়ার,468,seed_rate,বীজের হার ও বপণ দ‚রত্ব,5-6 কেজি/হেক্টর। সারি থেকে সারির দূরত্ব 40 সে.মি. এবং অবিচ্ছিন্নভাবে (continuouslz) বপন করতে হয়।
grain,chia,চিয়ার,468,fertilizer,সার ব্যবস্থাপনা,"ইউরিয়া: 150 কেজি/হেক্টর, মিউরেট অব পটাশ: 60 কেজি/হেক্টর, টিএসপি: 80 কেজি/হেক্টর।"
grain,chia,চিয়ার,468,other,সাধারণত,মিউরেট অব পটাশ ও টিএসপি সার 1/3 অংশ ইউরিয়ার সাথে মিশ্রিত করে জমি তৈরির সময় ব্যাসাল ডোজ (basal dose) হিসাবে প্রয়োগ করা হয়। যে সমস্ত জমিতে বোরণ ও জিংকের ঘাটতি আছে সেসব জমিতে কাঙ্খিত ফলন পাওয়ার জন্য হেক্টরপ্রতি 5 কেজি হারে বরিক এসিড ও জিংক সালফেট প্রয়োগ করত হবে। বাকি ইউরিয়া 2 বারে টিলারিং ও বৃদ্ধি (vegetative growth) পর্যায়ে প্রয়োগ করতে হবে। বৃষ্টিনির্ভর (rainfed) অবস্থায় চাষাবাদ করলে সকল সার ব্যাসাল ডোজ (basal dose) হিসেবে প্রয়োগ করা হয়।
grain,chia,চিয়ার,468,other,ব্যবহার প্রক্রিয়া,বিশেষ কোনো পদ্ধতির প্রয়োজন হয়না। চিয়ার বীজ সহজে হজম যোগ্য হওয়ায় সম্পূর্ণ দানা খাওয়া যায়। চিয়া বীজকে সারারাত পানিতে ভিজিয়ে সহজেই শরবত হিসেবে খাওয়া যায়। এছাড়াও সালাদ বা প্রস্তুতকৃত বিভিন্ন মিষ্টি খাবারের উপর ছিটিয়ে পরিবেশন করা যায়। অন্যদিকে চিয়া বীজের মূল্যবান ঔষধি এবং স্বাস্থ্য সুরক্ষাকারী উপাদানসমুহ কাঁচামাল হিসেবে খাদ্যশিল্পে ব্যাপকভাবে ব্যবহার করা যেতে পারে।
grain,chia,চিয়ার,468,pest_disease,"রোগ, পোকা-মাকড় ও প্রতিকার",গবেষণাকালে জাতটিতে রোগ ও পোকা-মাকড়ের আক্রমণ পরিলক্ষিত হয়নি।
grain,sorghum,জোয়ার,469,land_preparation,জমি নির্বাচন ও তৈরি,"জোয়ার এমন একটি ফসল যা কম ঊর্বর, অধিক কাদাযুক্ত অগভীর মাটি যেখানে ভুট্টা উৎপাদন সহজ নয় সে সকল জমিতে চাষাবাদ হয়। খরাযুক্ত জমিতে (পিএইচ 5.5-8.5) জোয়ার ভালো হয়। জমি “জো” অবস্থায় 3-4 টি আড়া-আড়ি চাষ ও মই দিয়ে মাটির ঢেলা ভেঙ্গে ঝুরঝুরে করে নিতে হবে। জমি চাষ দেওয়ায় প‚র্বে গোবর, পচা আবর্জনা ছিটিয়ে মাটির সাথে ভালোভাবে মিশিয়ে দিতে হবে। জমির ঢাল বুঝে চারপাশে ও মাঝখানে আড়াআড়ি নালা তৈরি করতে হবে। এতে করে জমিতে সেচ দিতে ও অতিরিক্ত পানি বের করতে সুবিধা হয়।"
grain,sorghum,জোয়ার,469,fertilizer,সারের পরিমাণ,জমির প্রকারভেদে সারের মাত্রা বিভিন্ন হয় তবে নিম্নোক্ত হারে সার প্রয়োগ করলে ভাল ফলন পাওয়া যায়। সারের নাম পরিমাণ (হেক্টর প্রতি) গোবর সার 5-7 টন গোবর ইউরিয়া 260 কেজি টিএসপি 300 কেজি এমওপি 100 কেজি জিপসাম 45-55 কেজি জিংক সালফেট 3-4 কেজি জমি তৈরির শেষ পর্যায়ে ইউরিয়ার তিন ভাগের এক ভাগ ও অন্যান্য সারের সবটুকুই মাটির সাথে ভালভাবে মিশাতে হবে। দ্বিতীয় ভাগ ইউরিয়া বীজ গজানোর 25-30 দিন পর উপরি প্রয়োগ করতে হয় তৃতীয় ভাগ গাছে ফুল আসার সময় দিতে হয়। সেচের ব্যবস্থা না থাকলে সমস্ত সার শেষ চাষের সময় প্রয়োগ করা উত্তম।
grain,sorghum,জোয়ার,469,other,বীজ শোধন,বীজকে রোগবালাই মুক্ত করার জন্য বীজ বপনের আগে বীজ শোধন করা উচিৎ।
grain,sorghum,জোয়ার,469,sowing_time,বীজ বপনের সময়,জোয়ার এমন একটি ফসল যা রবি ও খরিফ-1 উভয় মৌসুমে চাষ করা যায়। জমির প্রকার ও অঞ্চল ভেদে বপন কালের কিছুটা তারতম্য হয়ে থাকে। রবি মৌসুমে নভেম্বরের মাঝামাঝি থেকে ডিসেম্বরের দ্বিতীয় সপ্তাহ পর্যন্ত (কার্তিক মাসের দ্বিতীয় সপ্তাহ থেকে অগ্রহায়ণের শেষ সপ্তাহ পর্যন্ত) বীজ বপন করা যায় খরিফ-1 মৌসুমে মার্চি-এপ্রিল (ফাল্গুন-চৈত্র) মাসে বীজ বপন করা হয়।
grain,sorghum,জোয়ার,469,seed_rate,বীজের পরিমাণ,জোয়ারের বীজ সারিতে বপন করা হয়। বীজের পরিমাণ হেক্টর প্রতি 10 কেজি।
grain,sorghum,জোয়ার,469,spacing,বীজ বপনের দূরত্ব,সারি থেকে সারি 60 সেমি. এবং গাছ থেকে গাছের দূরত্ব 20 সেমি.।
grain,sorghum,জোয়ার,469,intercultural,আন্ত:পরিচর্যা,বীজ বপনের পর চারা ঘন হলে চারা গজানোর পর পাতলা করে দিতে হবে । জোয়ারের অনেক কুশি বের হয়। ভালো ফসলের জন্য 2.3টি কুশি রেখে বাকিগুলো কেটে ফেলে দিতে হবে।
grain,sorghum,জোয়ার,469,harvest,"ফসল সংগ্রহ, মাড়াই ও সংরক্ষণ",জোয়ারের দানা বিভিন্ন রং এর হয়ে থাকে। জোয়ারের বীজ পরিপক্ক হয়েছে কিনা নিশ্চিত হওয়ার জন্য জোয়ারের দানা ছাড়িয়ে বীজের গোড়া পরীক্ষা করতে হবে। গোড়ায় কালো দাগ দেখো গেলে বুঝতে হবে জোয়ারের দানা পরিপক্ক হয়েছে। এছাড়া দু’ একটি বীজ দাঁতে কাটার পর ‘কট’ করে শব্দ হলে বুঝতে হবে ফসল কাটার উপণ্ডুক্ত সময় হয়েছে। ফসল কাটার পর রোদে ভালোভাবে শুকানোর পর লাঠি দিয়ে পিটিয়ে দানা ছাড়াতে হবে। ছাড়ানো দানা ভালোভালে ঝেড়ে পুণরায় রোদে শুকিয়ে ঠাণ্ডা করে মাটি বা টিনের পাত্রে মুখ বন্ধ করে রাখতে হবে যাতে বাইরের বাতাস পাত্রে ঢুকতে না পারে। এছাড়া মোটা পলিথিনের থলিতেও বীজ সংরক্ষণ করা যেতে পারে।
grain,finger millet,রাঘী,471,land_preparation,জমি নির্বাচন ও তৈরি,সাধারণত যে কোন ধরনের (কম ঊর্বর থেকে বেশি ঊর্বর) জমিতে চাষ করা গেলেও উত্তম পানি নিষ্কাশন সম্পন্ন বেলে ও বেলে দোঁ-আশ মাটিতে ভাল জন্মে। রাঘী জলবদ্ধতা সহ্য করতে পারে না। মাটির প্রয়োজনীয় পিএইচ 4.5-7.5। তবে এটি মোটামুটি ক্ষারীয় মাটিতেও (পিএইচ 8.2) জন্মাতে পারে। জমিতে ভালভাবে চাষ দিয়ে মাটি ঝুরঝুরে করে নিতে হয়।
grain,finger millet,রাঘী,471,other,চাষ পদ্ধতি,জমিতে ভালভাবে চাষ দিয়ে 2-3 সেমি গভীরে সারিতে বপন করতে হয়। বপন করার পর আলগা মাটি দিয়ে ঢেকে দিতে হয়। বীজ গজানোর 12-15 দিন পর চারা পাতলা করে দিতে হয়। খরিফ মৌসুমে বীজ বপন করলে সেচের প্রয়োজন হয় না। কুশি ও ফুল বের হওয়ার সময় বৃষ্টিহীন থাকলে সেচের প্রয়োজন হয়। তবে দীর্ঘ দিন বৃষ্টিহীন থাকলে ভাল ফলন পেতে হলে অবশ্যই সেচ দিতে হবে। এক্ষেত্রে সাধারণত 2-3 টি সেচের প্রয়োজন হয়। যেহেতু ফসলটি জলবদ্ধতা সহ্য করতে পারে না বিধায় জমিতে অতিরিক্ত পানি জমে থাকলে দ্রুত নিষ্কাশনের ব্যবস্থা করতে হবে।
grain,finger millet,রাঘী,471,seed_rate,বীজের হার,প্রতি হেক্টরে 8-10 কেজি।
grain,finger millet,রাঘী,471,spacing,রোপণ দূরত্ব,"সারি থেকে সারির দূরত্ব 25 সেমি এবং একনাগাড়ে (continuously) বপন করতে হয়। প্রতি হেক্টরে গাছের সংখ্যা 8,00000 (আট লক্ষ)।"
grain,finger millet,রাঘী,471,fertilizer,প্রতি হেক্টরে সারের প্রয়োজনীয়তা,সার সারের পরিমাণ (কেজি/হেক্টর) ইউরিয়া 120 মিউরেট অব পটাশ 40 টিএসপি 150 যে সমস্ত জমিতে বোরণ ও জিংকের ঘাটতি আছে সেসব জমিতে কা•িক্ষত ফলন পাওয়ার জন্য হেক্টর প্রতি 5 কেজি হারে বরিক এসিড ও জিংক সালফেট প্রয়োগ করত হবে।
grain,finger millet,রাঘী,471,fertilizer_method,প্রয়োগ পদ্ধতি,সাধারণত মিউরেট অব পটাশ ও টিএসপি সার 1/3 অংশ ইউরিয়ার সাথে মিশ্রিত করে জমি তৈরির সময় ব্যাসাল ডোজ (basal dose) হিসাবে প্রয়োগ করা হয়। বাকি ইউরিয়া 2 বারে টিলারিং ও ভেজিটেটিভ গ্রোথ (vegetative growth) অবস্থায় প্রয়োগ করা হয়। রেইনফেড (rainfed) অবস্থায় চাষাবাদ করলে সকল সার ব্যাসাল ডোজ (basal dose) হিসেবে প্রয়োগ করা হয়।
grain,finger millet,রাঘী,471,pest_disease,রোগ ও পোকা-মাকড়,জাতটিতে রোগ ও পোকা-মাকড়ের আক্রমণ পরিলক্ষিত হয়না।
grain,finger millet,রাঘী,471,other,জীবনকাল,126-139 দিন (বীজ হতে বীজ)।
grain,finger millet,রাঘী,471,yield,ফলন,3.2 টন/হেক্টর
grain,finger millet,রাঘী,471,other,প্রক্রিয়াজাতকরণ,"প্রয়োজনে 24-48 ঘণ্টা পানিতে ভিজিয়ে রাখতে হয়। অতঃপর হাত দিয়ে আলতো করে নাড়া দিলেই বীজের খোসা আলাদা হয়ে যায়। তারপর ভালমতো শুকিয়ে মিলিং (milling) করতে হয়, যা থেকে বিভিন্ন ধরনের খাবার তৈরি করা যায়।"
grain,oat,ওট,472,land_preparation,জমি নির্বাচন ও তৈরি,"সব ধরনের জমিতেই ওট চাষাবাদ করা যায়, তবে বেলে-দোআঁশ মাটি ওট চাষাবাদের জন্য উপযুক্ত। মাটির অম্লতা 5.5-7.0 এর মধ্যে থাকা উচিত। জমি “জো” অবস্থায় 3-4 টি আড়া-আড়ি চাষ ও মই দিয়ে মাটির ঢেলা ভেঙ্গে ঝুরঝরে করে নিতে হবে। জমি চাষ দেওয়ার পূর্বে গোবর/জৈব সার ছিটিয়ে মাটির সাথে ভালভাবে মিশিয়ে দিতে হবে। জমির ধরন অনুযায়ী চারপাশে ও মাঝখানে আড়া-আড়ি নালা তৈরি করতে হবে যাতে সেচ দিতে ও অতিরিক্ত পানি সহজেই জমি থেকে বের করে দেয়া যায়।"
grain,oat,ওট,472,fertilizer,সারের মাত্রা,ওট চাষাবাদের জন্য নিম্নলিখিত হারে সার প্রয়োগ করা প্রয়োজন হয়। সারের নাম হেক্টরপ্রতি (কেজি) বিঘাপ্রতি (কেজি) ইউরিয়া 190-200 25-27 টিএসপি 120-130 16-17 এমওপি 40-50 5-7 গোবর/জৈব সার 5000-10000 660-1330
grain,oat,ওট,472,fertilizer_method,সার প্রয়োগ পদ্ধতি,বীজ বপনের এক মাস পূর্বে 5-10 টন গোবর/জৈব সার জমিতে সমানভাবে ছিটিয়ে দিতে হবে। জমি তৈরির শেষ চাষের সময় ইউরিয়া সারের এক তৃতীয়াংশ এবং অন্যান্য সারের সবটুকু জমিতে ভালভাবে ছিটিয়ে চাষ ও মই দিয়ে মাটিতে ভালভাবে মিশিয়ে দিতে হবে। জমিতে আর্দ্রতার অবস্থা বিবেচনা করে অবশিষ্ট ইউরিয়া সার বীজ বপনের পর দুই ভাগের এক ভাগ বীজ বপনের 30-35 দিন এবং অবশিষ্টভাগ 60-70 দিন পর উপরি প্রয়োগ করতে হবে।
grain,oat,ওট,472,sowing_time,বীজ বপনের সময়,ওট সাধারণত রবি মৌসুমের ফসল। নভেম্বর মাস ওট বপনের উপযুক্ত সময়। তবে পশু খাদ্য হিসেবে ব্যবহারের জন্য ডিসেম্বরের প্রথম সপ্তাহ ভালো। শুষ্ক এবং ঠাণ্ডা আবহাওয়া ওট চাষাবাদের জন্য উত্তম। 20-250 সে. তাপমাত্রা ওট চাষাবাদের জন্য উপযুক্ত।
grain,oat,ওট,472,seed_rate,বীজের পরিমাণ,প্রতি হেক্টরে বপনের জন্য 70 কেজি বীজ প্রয়োজন হয়।
grain,oat,ওট,472,spacing,বীজ বপনের দূরত্ব,ওটের বীজ সাধারণত সারিতে বপন করা হয়। এক্ষেত্রে সারি থেকে সারির দূরত্ব 20-25 সে.মি. এবং গাছ থেকে গাছের দূরত্ব 8-10 সে.মি. হওয়া বাঞ্চণীয়। সারিতে বপন করলে আন্তঃপরিচর্যা সহজতর হয়।
grain,oat,ওট,472,irrigation,সেচ ও পানি নিস্কাশন,চারা গজানোর পর জমির প্রকৃতি অনুযায়ী 3-4 বার সেচ দেওয়ার প্রয়োজন হয়। জমিতে অতিরিক্ত পানি জমে থাকলে নিষ্কাশনের ব্যবস্থা করতে হবে।
grain,oat,ওট,472,intercultural,আন্তঃপরিচর্যা,লাইনে বপনের সময় পরিমাণমত বীজ দিতে হবে। লাইনে যদি চারা ঘন হয়ে গজায় সেক্ষেত্রে পরবর্তীতে কিছু গাছ তুলে পাতলা করে দিতে হবে। প্রাথমিক অবস্থায় চারা গজানোর পর জমি আগাছামুক্ত রাখলে গাছের বৃদ্ধি ভালো হয় এবং ফলশ্রুতিতে ভালো ফলন আশা করা যায়।
grain,oat,ওট,472,harvest,ফসল সংগ্রহ,রৌদ্রউজ্জ্বল শুকনো দিনে ওট ফসল সংগ্রহ করা উত্তম। পাতা কিছুটা বাদামী রঙ ধারণ করলে ও শীষ খড়ের রঙ হয়ে এলে ফসল সংগ্রহ করতে হবে।
grain,oat,ওট,472,other,খোসা ছাড়ানোর পদ্ধতি,"মাঠ থেকে ফসল সংগ্রহ করে নিয়ে আসার পর রোদে ভালভাবে শুকানোর পর ঢেঁকিতে বা লাঠি দিয়ে উত্তমরুপে পিটিয়ে খোসামুক্ত করা যায়। উল্লেখ্য যে, খোসা ছাড়ানোর অন্য পদ্ধতি নিয়ে গবেষণা চলমান রয়েছে।"
grain,oat,ওট,472,yield,ফলন,হেক্টর প্রতি 1-1.2 টন পর্যন্ত দানা পাওয়া যায়।
grain,buckwheat,ঢেমশী,474,other,চাষ পদ্ধতি,জমিতে ভালভাবে চাষ দিয়ে 2-3 সে. মি. গভীরে সারিতে বপন করতে হয়। বপন করার পর আলগা মাটি দিয়ে ঢেকে দিতে হয়। বীজ গজানোর 12-15 দিন পর চারা পাতলা করে দিতে হয়। সাধারণত 1-2 টি সেচের প্রয়োজন হয়।
grain,buckwheat,ঢেমশী,474,seed_rate,বীজের হার,7-8 কেজি/হেক্টর।
grain,buckwheat,ঢেমশী,474,sowing_method,রোপন দ‚রত্ব,"সারি থেকে সারির দুরত্ব 25 সে.মি.,গাছ থকে গাছের দুরত্ব 8-10 সে.মি.।"
grain,buckwheat,ঢেমশী,474,other,প্রতি হেক্টরে গাছের সংখ্যা,"4,00000 (চার লক্ষ) ।"
grain,buckwheat,ঢেমশী,474,fertilizer,সার ব্যবস্থাপনা,বীজ বপনের এক মাস আগে 5-10 টন ভালভাবে পচানো জৈব সার প্রয়োগ করতে হবে। রাসায়নিক সার পরিমাণ (হেক্টর প্রতি) ইউরিয়া 130 কেজি টিএসপি 20 কেজি মিউরেট অব পটাশ 40 কেজি টিএসপি ও মিউরেট অব পটাশ এর সম্প‚র্ণ ডোজ এবং ইউরিয়া -এর অর্ধেক ডোজ বপনের সময় প্রয়োগ করতে হবে এবং ইউরিয়া -এর অবশিষ্ট অর্ধেক ডোজ আর্দ্রতার প্রাপ্যতার উপর নির্ভর করে দুই থেকে তিন ভাগে (বপনের 30 এবং 50 দিন পরে) প্রয়োগ করতে হবে।
grain,buckwheat,ঢেমশী,474,other,ফসলের উৎপাদিত পণ্য ব্যবহার,"ঢেমশীর সম্পূর্ণ দানা খাওয়া যায়। বীজ ভালোভাবে পরিষ্কার করে শুকিয়ে আটা করে বিভিন্ন খাবার যেমন কেক, বিস্কুট, রুটি তৈরি করে খাওয়া যায়। এছাড়াও কচি কাণ্ড, পাতা শাক হিসেবে খাওয়া যায়। অন্যদিকে ঢেমশীতে মূল্যবান ওষধিগুণ থাকায় তা ঔষধশিল্পে ব্যাপকভাবে ব্যবহার করা যেতে পারে।"
grain,buckwheat,ঢেমশী,474,other,ফসলের ব্যবহারে যোগ্য অংশের নাম,বীজ এবং কচি কাণ্ড ও পাতা।
grain,buckwheat,ঢেমশী,474,pest_disease,"রোগ, পোকা-মাকড় ও প্রতিকার",গবেষণাকালে নির্বাচিত লাইনটিতে রোগ ও পোকা-মাকড়ের আক্রমণ পরিলক্ষিত হয় নাই।
grain,quinoa,কিনোয়া,475,other,চাষ পদ্ধতি,জমিতে ভালভাবে চাষ দিয়ে 2-3 সে. মি. গভীরে সারিতে বপন করতে হয়। বপন করার পর আলগা মাটি দিয়ে ঢেকে দিতে হয়। বীজ গজানোর 12-15 দিন পর চারা পাতলা করে দিতে হয়। সাধারণত 1-2 টি সেচের প্রয়োজন হয়।
grain,quinoa,কিনোয়া,475,seed_rate,বীজের হার,7-8 কেজি/হেক্টর।
grain,quinoa,কিনোয়া,475,sowing_method,রোপন দ‚রত্ব,"সারি থেকে সারির দুরত্ব 25 সে.মি.,গাছ থকে গাছের দুরত্ব 8-10 সে.মি.।"
grain,quinoa,কিনোয়া,475,other,প্রতি হেক্টরে গাছের সংখ্যা,"4,00000 (চার লক্ষ) ।"
grain,quinoa,কিনোয়া,475,fertilizer,সার ব্যবস্থাপনা,বীজ বপনের এক মাস আগে 5-10 টন ভালভাবে পচানো জৈব সার প্রয়োগ করতে হবে। রাসায়নিক সার পরিমাণ (হেক্টর প্রতি) ইউরিয়া 130 কেজি টিএসপি 20 কেজি মিউরেট অব পটাশ 40 কেজি টিএসপি ও মিউরেট অব পটাশ এর সম্প‚র্ণ ডোজ এবং ইউরিয়া -এর অর্ধেক ডোজ বপনের সময় প্রয়োগ করতে হবে এবং ইউরিয়া -এর অবশিষ্ট অর্ধেক ডোজ আর্দ্রতার প্রাপ্যতার উপর নির্ভর করে দুই থেকে তিন ভাগে (বপনের 30 এবং 50 দিন পরে) প্রয়োগ করতে হবে।
grain,quinoa,কিনোয়া,475,other,ফসলের উৎপাদিত পণ্য ব্যবহার,"ঢেমশীর সম্পূর্ণ দানা খাওয়া যায়। বীজ ভালোভাবে পরিষ্কার করে শুকিয়ে আটা করে বিভিন্ন খাবার যেমন কেক, বিস্কুট, রুটি তৈরি করে খাওয়া যায়। এছাড়াও কচি কাণ্ড, পাতা শাক হিসেবে খাওয়া যায়। অন্যদিকে ঢেমশীতে মূল্যবান ওষধিগুণ থাকায় তা ঔষধশিল্পে ব্যাপকভাবে ব্যবহার করা যেতে পারে।"
grain,quinoa,কিনোয়া,475,other,ফসলের ব্যবহারে যোগ্য অংশের নাম,বীজ এবং কচি কাণ্ড ও পাতা।
grain,quinoa,কিনোয়া,475,pest_disease,"রোগ, পোকা-মাকড় ও প্রতিকার",গবেষণাকালে নির্বাচিত লাইনটিতে রোগ ও পোকা-মাকড়ের আক্রমণ পরিলক্ষিত হয় নাই।
grain,quinoa,কিনোয়া,475,other,কিনোয়া,"কিনোয়া একটি অহফবধহ ফসল যা সমুদ্র হতে 4000 মিটার উচ্চতা পর্যন্ত যে কোন স্থানে চাষ করা যায়। ইহার ভৌগলিক বিস্তার উত্তর পশ্চিম আর্জেনটিনা ও বলিভিয়ার কিছু নিম্ন উষ্ণ অঞ্চলসহ দক্ষিন কলাম্বিয়া (2˙ঘ) থেকে চিলির দক্ষিন কেন্দ্রীয় (43˙ঝ) অঞ্চল পর্যন্ত। ইহা গুটেনমুক্ত উচ্চ প্রোটিন, জিংক, ফাইবার, ফলিক এসিড ও এন্টি অক্সিডেন্টযুক্ত সুষম পুষ্টিকর খাবার। এ ছাড়া কিনোয়ায় গুরুত্বপুর্ণ অত্যবশ্যকীয় 8টি এ্যামাইনো এসিড সম্পন্ন সহজ পাচ্য খাবার যা শরীরের ওজন নিয়ন্ত্রনে সহায়ক।"
grain,quinoa,কিনোয়া,475,other,কিনোয়ার জাত বারি কিনোয়া-1,"কিনোয়া গাছের গড় উচ্চতা 65-75 সে.মি.। জাতটির মঞ্জুরী খাড়া ও 8-9টি করে শাখা (branch) আছে। জাতটি প্রতি হেক্টরে 1.8 টন পর্যন্ত ফলন দেয়। দানা গোলাকার, চ্যাপ্টা ও হালকা বাদামী বর্ণের। হাজার দানার ওজন 3.4 গ্রাম। ফসলের জীবনকাল 80-85 দিন। জাতটি লবনাক্ততা সহনশীল (12 ডিএস/মি)। হেলে পড়ার প্রবণতা কম । তাই ঝড়-বাতাসে সহজে ভেঙ্গে পড়েনা এবং জাতটিতে রোগ ও পোকামাকড়ের আক্রমন হয়না। তবে বেশী পরিপক্ক হলে বিছা পোকার আক্রমণ দেখা দিতে পারে।"
grain,quinoa,কিনোয়া,475,other,উপাদন প্রযুক্তি,"জমিতে ভালভাবে চাষ দিয়ে 2-3 সে. মি. গভীরে সারিতে বপন করতে হবে। বপন করার পর আলগা মাটি দিয়ে ঢেকে দিতে হবে। বীজ গজানোর 12-15 দিন পর চারা পাতলা করে দিতে হবে। কুশি ও ফুল বের হওয়ার সময় বৃষ্টিহীন থাকলে সেচের প্রয়োজন হয়। তবে, দীঘ্র্ দিন বৃষ্টিহীন থাকলে ভাল ফলন পেতে হলে অবশ্যই সেচ দিতে হবে। এক্ষেত্রে সাধারণত 2-3 টি সেচের প্রয়োজন হয়। জমিতে অতিরিক্ত পানি জমে থাকলে দ্রুত নিষ্কাশনের ব্যবস্থা করতে হবে।"
grain,quinoa,কিনোয়া,475,seed_rate,বীজের হার,হেক্টর প্রতি 7-8 কেজি বীজের প্রয়োজন।
grain,quinoa,কিনোয়া,475,other,বপণ দূরত,সারি থেকে সারির দূরত্ব 25 সি.মি. এবং গাছ থেকে গাছের দূরত্ব 7 সে.মি।
grain,quinoa,কিনোয়া,475,fertilizer,সার ব্যবস্থাপনা,রাসায়নিক সার পরিমাণ (হেক্টর প্রতি) ইউরিয়া 120 কেজি টিএসপি 150 কেজি মিউরেট অব পটাশ 40 কেজি যে সমস্ত জমিতে বোরণ ও জিংকের ঘাটতি আছে সেসব জমিতে কাঙ্খিত ফলন পাওয়ার জন্য প্রতি হেক্টরে 5 কেজি হারে বরিক এসিড ও জিংক সালফেট প্রয়োগ করত হবে। সাধারণত মিউরেট অব পটাশ ও টিএসপি সার 1/3 অংশ ইউরিয়ার সাথে মিশ্রিত করে জমি তৈরির সময় ব্যাসাল ডোজ (basal ফড়ংব) হিসাবে প্রয়োগ করা হয়। বাকি ইউরিয়া 2 বারে ভেজিটেটিভ গ্রোথ (vegetative growth) ও টিলারিং অবস্থায় প্রয়োগ করা হয়। রেইনফেড (ৎধরহভবফ) অবস্থায় চাষাবাদ করলে সকল সার ব্যাসাল ডোজ (নধংধষ ফড়ংব) হিসেবে প্রয়োগ করা হয়।
grain,quinoa,কিনোয়া,475,other,ফসলের উৎপাদিত পণ্য ব্যবহার,"বীজ স্যাপোনিন (Saponin) যুক্ত। দুই ঘন্টা পানিতে ভিজিয়ে রাখলে স্যাপোনিন দ‚রীভ‚ত হয়। পরবর্তীতে শুকিয়ে নিতে হয়। কিনোয়া থেকে সহজেই ভাত, খিচুড়ী ইত্যাদি রান্না করা যায়। তাছাড়া কিনোয়া মিলিং করে আটা তৈরি করা যায়, যা থেকে বিস্কুটসহ বিভিন্ন ধরনের বেকারী খাদ্য তৈরি করা যায়।"
grain,quinoa,কিনোয়া,475,pest_disease,"রোগ, পোকা-মাকড় ও প্রতিকার",গবেষণাকালে জাতটিতে রোগ ও পোকা-মাকড়ের আক্রমণ পরিলক্ষিত হয় নাই।
