crop_group,crop_en,crop_bn,page,sowing_windows,sow_start,sow_end,seed_rate_kg_ha_min,seed_rate_kg_ha_max,row_spacing_cm,plant_spacing_cm,urea_kg_ha,tsp_kg_ha,mop_kg_ha,gypsum_kg_ha,zinc_sulphate_kg_ha,boron_kg_ha,cowdung_t_ha,irrigations_min,irrigations_max,harvest_days_min,harvest_days_max,harvest_windows,yield_t_ha_min,yield_t_ha_max,n_fields,sowing_time_bn,seed_rate_bn,fertilizer_method_bn,irrigation_bn,harvest_bn,note,source
tuber,potato,আলু,25,1 Nov-30 Nov,11-01,11-30,1500.0,2000.0,60.0,,337.5,210.0,275.0,110.0,9.0,7.5,10.0,2.0,3.0,,,,,,72,বাংলাদেশে বর্তমানে 15 কার্তিক থেকে 15 অগ্রহায়ণ (নভেম্বর মাস) আলু লাগানোর উপযুক্ত সময়। তবে এর আগে এবং পরেও আলু লাগানো সম্ভব। সেক্ষেত্রে কা•িক্ষত ফলন ও মান অনেক ক্ষেত্রে নাও হতে পারে।,সাধারণত হেক্টরপ্রতি 1.5-2.0 টন বীজ আলু প্রয়োজন ।,"গোবর ও জিংক সালফেট শেষ চাষের সময় জমিতে মিশিয়ে দিতে হবে। অর্ধেক ইউরিয়া, সম্পূর্ণ টিএসপি, এমপি, জিপসাম ও বোরন সার রোপণের সময় সারির দুই পার্শ্বে বা জমিতে মিশিয়ে দিতে হবে। বাকি ইউরিয়া রোপণের 30-35 দিন পর অর্থাৎ দ্বিতীয়বার মাটি তোলার সময় উপরি প্রয়োগ করতে হবে। তবে ভালো পদ্ধতিতে বীজ রোপণ লাইনের উভয় পার্শে 10-12 সেমি দূরে লাইন টেনে সার দেওয়া ভালো। এতে সারের সঠিক প্রয়োগ হয়। সার প্রয়োগের পর সাথে সাথে সার ও বীজ মাটি দিয়ে ভেলি তুলে ঢেকে দিতে হবে।","বীজ রোপণের পর জমিতে পরিমিত রস না থাকলে সেচ দেওয়া উত্তম, তবে খেয়াল রাখতে হবে ক্ষেতে কোনভাবেই পানি না দাঁড়ায়। লক্ষ্য রাখতে হবে যেন পানিতে ভেলির 2/3 অংশ পর্যন্ত ডুবে যায়। এছাড়াও 2-3টি সেচ প্রয়োগ করা প্রয়োজন হতে পারে (20-25 দিনের মধ্যে স্টোলন বের হওয়ার সময়। 40-45 দিনের মধ্যে গুটি বের হওয়া পর্যন্ত এবং পরে আলু বৃদ্ধির সময়)। জমি থেকে আলু উঠানোর 7-10 দিন পূর্বে মাটি ভেদে সেচ প্রয়োগ বন্ধ রাখতে হবে। উল্লেখ্য যে, দাঁদ রোগ নিয়ন্ত্রণের জন্য আলু রোপণের পর 30-50 দিনের সময়ে জমিতে কোন অবস্থায় রসের ঘাটতি এবং 60-65 দিনের পর রসের আধিক্য হতে দেয়া যাবে না।","কোল্ড স্টোরেজ থেকে বীজ আলু বের করার পর 48 ঘণ্টা প্রি হিটিং রুমে রাখতে হবে। বীজ আলু বাড়ীতে আনার 24 ঘণ্টার মধ্যে বস্তা খুলে ছড়িয়ে আবহাওয়ার সাথে খাপ খাওয়ানোর জন্য স্বাভাবিকভাবে বাতাস চলাচল করে এমন ছায়াযুক্ত স্থানে রাখতে হবে। কারণ বীজ কোল্ড স্টোরেজ থেকে বের করে বস্তা বন্ধ অবস্থায় রাখলে ঘেমে পচে যাওয়ার সম্ভাবনা থাকে। শুষ্ক, উজ্জ্বল ও ভালো আবহাওয়াতে আলু উত্তোলন করতে হবে। এক সারির পর এক সারি কোদাল বা লাঙ্গল দিয়ে আলু উঠাতে হবে। লক্ষ্য রাখতে হবে যেন আলু আঘাতপ্রাপ্ত না হয়। আলু উঠানোর পর প্রখর র",,"BARI Krishi Projukti Hatboi, 10th edition (Dec 2024), Akhond et al. (eds.) 2025"
tuber,sweet potato,মিষ্টি আলু,41,1 Oct-30 Nov,10-01,11-30,,,60.0,30.0,265.0,155.0,245.0,70.0,11.0,7.0,10.0,3.0,3.0,120.0,140.0,,35.0,40.0,34,অক্টোবরের মাঝামাঝী থেকে নভেম্বর মাস পর্যন্ত (কার্তিক থেকে মধ্য অগ্রহায়ণ) মিষ্টিআলুর লতা রোপণ করা যায়।,"মিষ্টিআলুর লতার কাটিং সমতল বেডে বা উঁচু ভেলি পদ্ধতিতে রোপণ করা যায়। তবে উঁচু ভেলি পদ্ধতিতে ফলন বেশি হয়। সাধারণত চরাঞ্চলে এবং সেচবিহীনভাবে চাষ করলে সমতল জমিতে ফারো করে লতার কাটিং লাগানো হয়। সারি থেকে সারির দূরত্ব 60 সেমি, (2ফুট) এবং চারা থেকে চারার দূরত্ব 30 সেমি (1 ফুট)। লতার অগ্রভাগ মাটির উপরে রেখে দুই থেকে তিনটি পর্ব সমান্তরাল ভাবে মাটির 4 থেকে 8 সেমি নিচে পুঁতে দিতে হবে। এ পদ্ধতিতে রোপণ করলে প্রতি হেক্টর জমির জন্য প্রায় 56 হাজার লতার প্রয়োজন হয়। জমিতে পর্যাপ্ত রস না থাকলে লতা লাগানোর পর",,"মিষ্টিআলুর গাছ মাটিতে লেগে গেলে 30 দিন, 60 দিন ও 90 দিন পর 3 বার সেচ দেয়া উচিত। অতিরিক্ত বৃষ্টি হলে পানি নিষ্কাশনের যথোপযুক্ত ব্যবস্থা গ্রহণ করতে হবে। সময়মতো পানি সেচ মিষ্টিআলুর ফলন এবং বাজার জাতকরণের উপযোগী কন্দমূলের সংখ্যা, ওজন ও গুণাগুণ বৃদ্ধি করে।",চারা রোপণের 120 থেকে 140 দিন পর কন্দমূল উত্তোলন উপযোগী হয় তবে 160 দিনের বেশি রাখলে শাঁস আঁশযুক্ত হয়। মাটির সাধারন ‘জো’ অবস্থায় কোদাল দ্বারা কুপিয়ে মিষ্টিআলু উত্তোলন করা হয়। উত্তম ব্যবস্থাপনায় উচ্চফলনশীল মিষ্টিআলুর জাতগুলোর ফলন 35-40 টন/হেক্টর হয়ে থাকে।,,"BARI Krishi Projukti Hatboi, 10th edition (Dec 2024), Akhond et al. (eds.) 2025"
tuber,yam,মেটেআলু,49,15 Feb-30 May,02-15,05-30,2000.0,2500.0,120.0,120.0,,,,,,,,3.0,3.0,,,,117.8,117.8,32,মধ্য ফেব্রুয়ারি থেকে মে মাস (ফাল্গুন থেকে মধ্য জ্যৈষ্ঠ) পর্যন্ত মেটেআলু রোপণ করা যায়।,2-2.5 টন/হেক্টর।,,বীজ রোপণ ও বৃদ্ধির প্রাথমিক পর্যায়ে মার্চ থেকে মে (মধ্য ফাল্গুন থেকে মধ্য জ্যৈষ্ঠ) পর্যন্ত মাটির আর্দ্রতা বুঝে 2/3 টি হালকা সেচ দিলে ফলন ভাল হয় এবং পানি নিষ্কাশনের সুবন্দোবস্ত করতে হবে।,যখন অধিকাংশ পাতা হলুদ বর্ণ ধারণ করে অথবা লতা সম্পূর্ণরূপে শুকিয়ে যায় তখন মেটেআলু উত্তোলনের উত্তম সময়। মেটেআলুর জীবন কাল 8 থেকে 11 মাস।,,"BARI Krishi Projukti Hatboi, 10th edition (Dec 2024), Akhond et al. (eds.) 2025"
tuber,water taro (panikochu),কচু,54,15 Oct-15 Dec; 1 Feb-15 Mar; 15 Dec-15 Jan,10-15,12-15,,,60.0,45.0,325.0,175.0,320.0,115.0,13.0,11.0,12.5,,,,,,,,27,আগাম ফসলের জন্য কার্তিক-অগ্রহায়ণ (মধ্য অক্টোবর থেকে মধ্য ডিসেম্বর) ও নাবী ফসলের জন্য মধ্য মাঘ-ফাল্গুন (ফেব্রুয়ারি-মধ্য মার্চ) মাসে লাগানো যায়। তবে বাণিজ্যিকভাবে চাষাবাদের জন্য পৌষ মাস (মধ্য ডিসেম্বর থেকে মধ্য-জানুয়ারি) চারা রোপণের সর্বোত্তম সময়।,কচু চাষে প্রয়োজন প্রতি হেক্টরে 37-38 হাজার চারা।,"গোবর বা কম্পোস্ট, টিএসপি, জিপসাম, জিংক সালফেট, বরিক এসিড এবং অর্ধেক এমওপি সার জমি তৈরির সময় শেষ চাষের আগে প্রয়োগ করতে হবে। চারা রোপণের 1.5-2 মাস সময়ে অর্ধেক এমওপি এবং ইউরিয়ার এক ষষ্ঠাংশ ছিটিয়ে দিতে হবে। বাকি পাঁচ ভাগ ইউরিয়া সার সমান কিস্তিতে 15 দিন পর পর জমিতে প্রয়োগ করতে হবে।",পানি কচু চাষের জন্য দীর্ঘ জলাবদ্ধতা ভাল নয়। এ জন্য মাঝে মাঝে দাঁড়ানো পানি নেড়ে চেড়ে দেয়া আবশ্যক। পানি কচুর জন্য দাঁড়ানো পানির গভীরতা 8-10 সেমি এর বেশি হওয়া উচিত নয়।,,,"BARI Krishi Projukti Hatboi, 10th edition (Dec 2024), Akhond et al. (eds.) 2025"
tuber,tannia (Xanthosoma),সাহেবীকচু,58,1 Sep-30 Oct,09-01,10-30,,,,,,,,,,,,2.0,3.0,,,1 Oct-30 Dec,60.0,90.0,25,সেপ্টেম্বর-অক্টোবর (মধ্য ভাদ্র থেকে মধ্য কার্তিক) চারা (সাকার) লাগানোর উপযুক্ত সময়। উপযুক্ত ব্যবস্থাপনায় সারা বছর চারা রোপণ করা সম্ভব।,,মাঠে বিদ্যমান গাছের ক্ষেত্রে সম্পুর্ণ সার সমান দুই কিস্তিতে গাছের গোড়ার চারিদিকে রিং পদ্ধতিতে বর্ষার আগে এপ্রিল/মে ও পরে সেপ্টেম্বর/অক্টোবর প্রয়োগ করতে হবে।,মাটির আর্দ্রতার উপর ভিত্তি করে বৃদ্ধির প্রাথমিক পর্যায়ে এবং শুকনো মৌসুমে (জানুয়ারি-মার্চ) 2-3 টি সেচের প্রয়োজন হতে পারে। বর্ষাকালে ফসলে সেচ দেয়ার প্রয়োজন হয় না। এ সময় ক্ষেতে যাতে অতিরিক্ত পানি না জমে সেজন্য নিষ্কাশনের ব্যবস্থা করতে হবে। তবে সাহেবীকচু প্রায় তিন মাস পর্যন্ত শুষ্ক আবহাওয়া এবং দুই সপ্তাহ পর্যন্ত জলাবদ্ধতা সহ্য করতে পারে।,মধ্যম বয়ষ্ক পাতা যেকোন সময় (চবৎড়ফরপধষষু) খাবার উপযোগী। রাইজোম 2 বছর হতে 5 বছর পযর্ন্ত যেকোন সময় সংগ্রহ করা যাবে। তবে সাধারণত কৃষক অক্টোবর - ডিসেম্বর মাসে রাইজোম সংগ্রহ করে।,,"BARI Krishi Projukti Hatboi, 10th edition (Dec 2024), Akhond et al. (eds.) 2025"
tuber,taro (mukhikochu),মুখীকচু,62,1 Feb-28 Feb,02-01,02-28,450.0,600.0,60.0,35.0,290.0,175.0,300.0,115.0,13.0,11.0,10.0,,,,,1 Sep-30 Sep,30.0,35.0,14,মধ্য-মাঘ থেকে মধ্য-ফাল্গুন (ফেব্রুয়ারি)।,মুখীর ছড়া 450-600 কেজি/হেক্টর (15-20 গ্রাম ওজনের মুখী)।,"সম্পূর্ণ গোবর বা খামারজাত সার, টিএসপি, জিপসাম, জিংক সালফেট ও বরিক এসিড এবং অর্ধেক ইউরিয়া ও এমওপি জমি প্রস্তুতির শেষ চাষের সময় ছিটিয়ে প্রয়োগ করতে হবে। বাকি অর্ধেক এমওপি চারা গজানোর 20-25 দিন পর এবং বাকি ইউরিয়া সমান দুই কিস্তিতে বীজ গজানোর 20-25 দিন এবং 40-50 দিন এর মধ্যে পার্শ্ব প্রয়োগ পদ্ধতিতে উপরি প্রয়োগ করতে হবে। সারের নাম সারের পরিমাণ কেজি/হেক্টর কেজি/বিঘা কেজি/শতক গোবর 10,000 1377 5.59 ইউরিয়া 250-330 34.44-45.45 0.14-0.18 টিএসপি 150-200 20.66-27.55 0.08-0.11 এমওপি 250-350 34.44-48.21 0.14-0.20 জিপসাম 100 - 130 13.77-17.91 0.06-0.07 জিংক সালফেট* 10 - 16 1.38-2.2 0.01 বরিক এসিড* 10-12 1.38-1.65 0.01 *এলাকাভেদে প্রয়োজন হয় মুখীকচুর চাষে নিম্নলিখিত হারে সার ব্যবহার করতে হয়।",মুখীকচু খরা মৌসুমে লাগানো হলে বীজ অঙ্কুরোদগমের জন্য তো বটেই প্রাথমিক বৃদ্ধি পর্যায়ে মাটির প্রকারভেদে 10-20 দিন পর পর সেচ দেয়া প্রয়োজন হয়। বর্ষাকালে সেচ দেওয়ার দরকার পড়ে না তবে অতিরিক্ত বৃষ্টির পানি দ্রুত নিষ্কাশনের সুব্যবস্থা গ্রহণ করতে হবে। মনে রাখতে হবে মুখীকচুর উচ্চ ফলনের জন্য প্রয়োজনীয় সেচ ও নিষ্কাশন ব্যবস্থা যথাসময়ে গ্রহণ করতে হবে।,বীজ রোপণের ছয় মাস পর আগাম ফসল সেপ্টেম্বর (মধ্য-ভাদ্র) মাস থেকে মুখী সংগ্রহের উপযোগী হয় এবং ঐ সময় গাছের পাতা হলুদ বর্ণ ধারণ করতে থাকে এবং ধীরে ধীরে মারা যায়। কোদাল দিয়ে মাটি খুঁড়ে মুখী সংগ্রহ করা হয়।,,"BARI Krishi Projukti Hatboi, 10th edition (Dec 2024), Akhond et al. (eds.) 2025"
tuber,elephant foot yam,ওলকচু,64,1 Feb-28 Feb; 1 Apr-30 Apr,02-01,02-28,,,50.0,40.0,325.0,210.0,175.0,,,,,,,,,,,,16,মধ্য -মাঘ থেকে মধ্য-ফাল্গুন (ফেব্রুয়ারি) মাস বীজ বপনের উপযুক্ত সময়। প্রয়োজনে মধ্য-চৈত্র থেকে মধ্য-বৈশাখ (এপ্রিল) মাসেও লাগানো যায় তবে এরপরে রোপণ করলে ফলন কমে যায়।,,,,একটি কন্দ থেকে 2-4 টি পর্যন্ত ভূয়া কাণ্ড বের হতে দেখা যায়। একটি নতুন ভূয়া কাণ্ড বের হওয়ার পর পুরানটি মারা যায়। ক্ষেতে যখন শতকরা 80 ভাগ গাছ হলুদ হয়ে যায় তখন ফসল পরিপক্ক হবে এবং তখন থেকে ফসল সংগ্রহ করা যাবে। বীজের জন্য ক্ষেতের গাছ সম্পূর্ণ রূপে শুকিয়ে মারা যাওয়ার পর সংগ্রহ করতে হবে। বাজার মূল্য এবং বাজারের চাহিদা মোতাবেক ঠিকমতো বৃদ্ধিপ্রাপ্ত হলে সংগ্রহ করতে হবে। অপরিপক্ক ওলও সংগ্রহ করা যেতে পারে।,,"BARI Krishi Projukti Hatboi, 10th edition (Dec 2024), Akhond et al. (eds.) 2025"
tuber,cassava,কাসাভা,67,1 Feb-30 Apr,02-01,04-30,,,90.0,90.0,,,,,,,,,,,,,40.0,60.0,20,সেচ সুবিধা থাকলে বছরের যে কোন সময় কাসাভা রোপণ করা যায়। তবে ফেব্রুয়ারি থেকে এপ্রিল (ফাল্গুন-বৈশাখ) মাস পর্যন্ত কাসাভা লাগানোর উপযুক্ত সময়।,"রোপণ দূরত্ব 90 × 90 সেমি হলে 1 হেক্টর জমির জন্য চারা বা কাটিং প্রয়োজন হবে 12,500টি এবং রোপণ দূরত্ব 75 × 75 সে. হলে 1 হেক্টর জমির জন্য চারা বা কাটিং প্রয়োজন হবে 18,000টি।",,বন্যা বা বৃষ্টির পানি যাতে জমিতে না জমতে পারে সে জন্য নিষ্কাশনের সু-ব্যবস্থা থাকতে হবে। বৃষ্টির পানি সহজে চলে যাবার জন্য দুই সারি বা প্রতি সারির পার্শ্ব দিয়ে নালা তৈরি করে দিতে হবে। কাসাভা খরা সহ্যকারী গাছ হলেও প্রয়োজনীয় সেচের ব্যবস্থা থাকলে ফলন অনেক বৃদ্ধি পায়।,চারা রোপণের 7 মাস পর থেকে কাসাভা গাছ থেকে কন্দ সংগ্রহ করা যায়। সঠিকভাবে পরিচর্যা করলে কন্দের ফলন হেক্টরপ্রতি 40-60 টন সহজেই পাওয়া সম্ভব। কাসাভার সবচেয়ে বড় সুবিধা হল কন্দ গাছের সাথে সংরক্ষিত থাকে এবং প্রয়োজনমত সংগ্রহ করা যায় তবে 9-10 মাসের পর থেকে তিতা হয়ে যায়।,,"BARI Krishi Projukti Hatboi, 10th edition (Dec 2024), Akhond et al. (eds.) 2025"
pulse,grass pea,খেসারী,72,23 Oct-15 Nov,10-23,11-15,7.0,8.0,40.0,,32.5,56.5,42.5,42.5,,8.5,,,,114.0,130.0,15 Feb-15 Mar,,,12,রিলে ফসলের ক্ষেত্রে আমন ধানের পরিপক্কতাকাল এবং জমির রসের পরিমাণের উপর খেসারীর বীজ বপনের সময় অনেকটা নির্ভর করে। তবে আমন ধান কাটার 10-15 দিন পূর্বে জমি থেকে পানি নেমে যায়ার সাথে সাথে বীজ বপন করলে ভালো ফলন পাওয়া যায়। এক্ষেত্রে কার্তিক মাসের দ্বিতীয় সপ্তাহ থেকে শেষ সপ্তাহ (অক্টোবর মাসের শেষ সপ্তাহ থেকে মধ্য নভেম্বর) পর্যন্ত বীজ বপন করতে হয়।,সারিতে বপন করলে বিঘাপ্রতি 7-8 কেজি (53-60 কেজি/হেক্টর) এবং রিলে বা ছিটিয়ে বপন করলে বীজের পরিমাণ কিছু বেশি দিতে হবে।,,,বীজ বপনের 114-130 দিন (জাত ভেদে দিনের পরিবর্তন হয়) পর বা ফাল্গুন (মধ্য-ফেব্রুয়ারি থেকে মধ্য-মার্চ) মাসে ফসল সংগ্রহ করতে হয়। খেসারীর ফল পেকে গাছ শুকিয়ে গেলে গাছগুলোকে কেটে শক্ত মাটিতে বা মাটির উপরে পলিথিন বিছিেিয় অথবা পাকা মেঝেতে ছড়িয়ে রেখে শুকাতে হবে। তারপর রৌদ্রোজ্জল দিনে লাঠি দিয়ে পিটিয়ে অথবা যান্ত্রিক উপায়ে মাড়াই করতে হবে। ঝাড়াই করার জন্য কুলা বা বৈদ্যুতিক পাখা ব্যবহার করা উত্তম।,,"BARI Krishi Projukti Hatboi, 10th edition (Dec 2024), Akhond et al. (eds.) 2025"
pulse,lentil,মসুর,77,23 Oct-14 Nov; 23 Nov-30 Nov,10-23,11-14,30.0,35.0,25.0,,42.5,85.0,42.5,52.5,,8.5,,1.0,1.0,110.0,115.0,,,,24,কা•িক্ষত ফলনের জন্য সঠিক সময়ে বীজ বপন করা প্রয়োজন। অক্টোবরের শেষ সপ্তাহ থেকে নভেম্বরের 2য় সপ্তাহ পর্যন্ত (কার্তিকের 2য় সপ্তাহ - কার্তিকের শেষ সপ্তাহ পর্যন্ত) বীজ বপনের উত্তম সময়। গবেষণায় দেখা যায় বপনের সময় প্রতি 10 দিন বাড়ার সাথে সাথে ফলন 20 ভাগ হারে কমতে থাকে। তবে বারি মসুর-8 নভেম্বরের শেষ সপ্তাহ পর্যন্ত বোনা যেতে পারে। সেক্ষেত্রে ফলন কিছুটা কমলেও রোগের কারণে ব্যাপক ক্ষতি হওয়ার আশংকা কম।,বীজের হার 30-35 কেজি/হেক্টর। ছিটিয়ে বপনের ক্ষেত্রে বীজের পরিমাণ সামান্য বেশি দিতে হয়। তবে বারি মসুর-3 এর বেলায় হেক্টরপ্রতি 35-40কেজি বীজ ব্যবহার করতে হবে। তবে আমন ধানের সাথে সাথী ফসল (রিলে ক্রপ) হিসাবে আবাদ করলে 50-60 কেজি/ হেক্টর বীজ প্রয়োজন হয়। বারি মসুর-9 জাতের ক্ষেত্রে বীজ হার 70-75 কেজি/হেক্টর।,,,বীজ বপনের 110-115 দিন পর মসুর সংগ্রহ করা যায়। বারি মসুর-9 জাতটি স্বল্প জীবনকাল হওয়ায় 85-90 দিন পর মসুর সংগ্রহ করা যায়। গাছসহ ফল পেকে বাদামী বর্ণ ধারন করলে ফসল সংগ্রহ করা যায়।,,"BARI Krishi Projukti Hatboi, 10th edition (Dec 2024), Akhond et al. (eds.) 2025"
pulse,chickpea,ছোলা,85,15 Nov-7 Dec; 23 Oct-14 Nov,11-15,12-07,35.0,35.0,40.0,10.0,,85.0,42.5,52.5,,8.5,,1.0,1.0,,,8 Mar-22 Mar,,,20,নভেম্বর 3য় সপ্তাহ থেকে ডিসেম্বর 1ম সপ্তাহ উত্তম সময়। তবে বরেন্দ্র অঞ্চলের জন্য কার্তিক মাসের দ্বিতীয় সপ্তাহ থেকে শেষ সপ্তাহে (অক্টোবর শেষ সপ্তাহ থেকে নভেম্বরের 2য় সপ্তাহ) বীজ বপন করতে হবে।,"বীজের হার 35 কেজি/হেক্টর, ছিটিয়ে বপনের ক্ষেত্রে বীজের পরিমাণ কিছু বেশি অর্থাৎ 40 কেজি/হেক্টর দিতে হয়।",,,গাছের ফল যখন শুষ্ক খড়ের মত রং দেখা যাবে তখন অর্থাৎ চৈত্রের প্রথম সপ্তাহ থেকে মধ্য-চৈত্র (মধ্য- মার্চের শেষ) এর মধ্যে ফসল সংগ্রহ করতে হবে।,,"BARI Krishi Projukti Hatboi, 10th edition (Dec 2024), Akhond et al. (eds.) 2025"
pulse,black gram,মাসকলাই,90,23 Feb-15 Mar; 8 Aug-7 Sep,02-23,03-15,30.0,35.0,30.0,,42.5,85.0,42.5,52.5,,8.5,,,,,,,,,25,এলাকা ভেদে বপন সময়ের তারতম্য দেখা যায়। খরিফ-1 মৌসুমে ফাল্গুন 2য় সপ্তাহ থেকে ফাল্গুন শেষ সপ্তাহ (ফেব্রুয়ারি শেষ হতে মধ্য-মার্চ) এবং খরিফ-2 মৌসুমে শ্রাবণ মাসের 3য় সপ্তাহ থেকে 15ই ভাদ্র (আগস্টের 2য় সপ্তাহ থেকে সেপ্টেম্বর 1ম সপ্তাহ)।,প্রতি হেক্টরে 30-35 কেজি। ছিটিয়ে বপনের ক্ষেত্রে বীজের পরিমাণ কিছু বেশি দিতে হবে।,,,,,"BARI Krishi Projukti Hatboi, 10th edition (Dec 2024), Akhond et al. (eds.) 2025"
pulse,mung bean,মুগ,95,23 Feb-15 Mar; 8 Aug-7 Sep; 8 Jan-15 Feb,02-23,03-15,15.0,18.0,30.0,7.0,42.5,85.0,42.5,52.5,,8.5,,1.0,2.0,,,,,,31,এলাকাভেদে মুগের বপন সময়ের তারতম্য দেখা যায়। খরিফ-1 মৌসুমে ফাল্গুন মাসের 2য় সপ্তাহ থেকে শেষ পর্যন্ত (ফেব্রুয়ারির শেষ ভাগ হতে মার্চের মধ্য-ভাগ)। খরিফ-2 মৌসুমে শ্রাবণ 3য় সপ্তাহ-ভাদ্র 3য় সপ্তাহ (আগস্টের দ্বিতীয় সপ্তাহ হতে সেপ্টেম্বরের 1ম সপ্তাহ পর্যন্ত)। বিলম্ব রবি মৌসুমে বরিশাল এলাকার জন্য বপনের উত্তম সময় মাঘ মাস (জানুয়ারির 2য় সপ্তাহ থেকে ফেব্রুয়ারির মধ্য ভাগ)।,মুগের বীজের পরিমাণ নির্ভর করে বীজের আকার এবং বপন পদ্ধতির উপর। 15-18 কেজি/হেক্টর ছোট দানার ক্ষেত্রে 1000 বীজের ওজন 25-32 গ্রাম এবং 22-25 কেজি/হে. বড় দানার ক্ষেত্রে 40-52 গ্রাম/1000 বীজের ওজন এবং ছিটিয়ে বপনের ক্ষেত্রে বীজের পরিমাণ সামান্য বেশি দিতে হবে।,,,ফল পরিপক্ক হয়ে কালচে বর্ণ ধারণ করলে ফল সংগ্রহ করতে হয়। আর খরিফ-2 মৌসুমে বপন করলে ফসল পেকে গেলে গাছসহ একেবারে কেটে আনতে হয়।,,"BARI Krishi Projukti Hatboi, 10th edition (Dec 2024), Akhond et al. (eds.) 2025"
pulse,cowpea,ফেলন,101,23 Nov-15 Dec,11-23,12-15,40.0,50.0,40.0,,35.0,85.0,42.5,,,,,1.0,1.0,,,1 Apr-7 Apr,,,15,নভেম্বরের শেষ সপ্তাহ হতে মধ্য-ডিসেম্বর পর্যন্ত।,40-50কেজি/হেক্টর।,শেষ চাষের সময় সমুদয় সার ব্যবহার করতে হবে।,,চৈত্র মাসের শেষ সপ্তাহ হতে বৈশাখ মাসের শুরু (এপ্রিলের প্রথম হতে দ্বিতীয় সপ্তাহ)।,,"BARI Krishi Projukti Hatboi, 10th edition (Dec 2024), Akhond et al. (eds.) 2025"
pulse,field pea,মটর,104,24 Oct-7 Nov,10-24,11-07,,,20.0,,35.0,85.0,42.5,52.5,,8.5,,,,60.0,70.0,,,,27,রিলে ফসলের ক্ষেত্রে আমন ধান কাটার 10-15 দিন পূর্বে মাটির রস থাকা অবস্থায় বীজ বপন করতে হবে। কার্তিক মাসের মধ্যে দুই সপ্তাহ মটরের বীজ বপন করা উত্তম।,জমিতে আর্দ্রতা কম থাকলে বীজকে 8-10 ঘণ্টা পানিতে ভিজিয়ে রেখে বীজের গায়ের পানি শুকিয়ে বীজ বপন করলে সহজেই বীজ অঙ্কুরিত হয়। বারি মটর-1 চাষ করে 65-70 আমন ধানের সাথে সাথী ফসল হিসাবে 70-75 বারি মটর-2 চাষ করে 225-230 বারি মটর-3 চাষ করে 80-90 আমন ধানের সাথে সাথী ফসল হিসাবে 90-100 বারি মটর-4 চাষ করে 80-90 আমন ধানের সাথে সাথী ফসল হিসাবে 90-100 সারের নাম সারের পরিমাণ/হেক্টর (কেজি) সারের পরিমাণ/বিঘা (কেজি) ইউরিয়া 30-40 4 -5 টিএসপি 80-90 11 -13 এমওপি 40 -45 5-6 জিপসাম 50 -55 7 -8 বোরন 7 -10 1-1.5 অণুজীব ,,,"সবজি হিসাবে সবুজ ফল 60-70 দিনের মধ্যেই (বারি মটর-2) এবং বারি মটর-3 এর ক্ষেত্রে 80-95 দিনের মধ্যে সংগ্রহ করা যায়। ডাল হিসেবে সংগ্রহ করতে চাইলে পরিপক্ক অবস্থায় (জাত ভেদে) যখন শতকরা 80 ভাগ গাছ শুকনো খড়ের মত রং ধারণ করে তখন গাছসহ কেটে সংগ্রহ করতে হবে। সব ফল পেকে যাওয়ার আগেই কাটতে হবে, তা না হলে ফল ফেটে বীজ ঝরে যাবে। সকালের দিকে ফসল সংগ্রহের উপযুক্ত সময় কারণ এই সময় কুয়াশা দ্বারা ফল ভিজে নরম হয়, যার ফলে ফল ফেটে বীজ ঝরে পড়ার সম্ভাবনা কম থাকে।",,"BARI Krishi Projukti Hatboi, 10th edition (Dec 2024), Akhond et al. (eds.) 2025"
pulse,pigeon pea,অড়হর,108,8 Apr-30 May,04-08,05-30,1.0,1.0,,,,,,,,,,,,250.0,260.0,8 Feb-14 Feb,1.5,1.8,11,"কা•িক্ষত ফলনের জন্য সঠিক সময়ে বীজ বপন করতে হবে । এপ্রিল মাসের 2য় সপ্তাহ থেকে মে মাসের শেষ সপ্তাহ পর্যন্ত (বৈশাখ-জ্যৈষ্ঠ মাসের 2য় সপ্তাহ পর্যন্ত) বীজ বপনের উত্তম সময়, এতে ভাল ফলন পাওয়া যায়। তবে এটি অন্যান্য মাসেও বপন করা যাবে, এতে ফলনের পরিমাণ কমে যাবে । অড়হরের গাছ 2-3 মিটার লম্বা, ঝোঁপালো ও ডালপালা যুক্ত হয় বলে সারি করে বপন করতে হবে । ভালভাবে গাছের বৃদ্ধির জন্য সারি থেকে সারির দ‚রত্ব 2 থেকে 2.5 মিটার এবং গাছ হতে গাছের দ‚রত্ব 2 মিটার করে রাখতে হবে । এক্ষেত্রে বীজ ছোট ছোট গর্ত করে এবং উঁচু আইলে খুপী (Dibbling) পদ্ধতিতে অড়হরের বীজ বপন করতে হবে। গাছের সংখা ঠিক রাখার জন্য প্রতি গর্তে 2-3 টি বীজ বপন করতে হবে । গাছ কিছুটা বড় হলে একটি সবল গাছ রেখে অন্য চারাগুলি তুলে ফেলতে হবে । অথবা পলিব্য","বীজ হার সাধারনত বীজ গজানো ক্ষমতার উপর নির্ভর করে । ভাল অঙ্কুরোদ্গম ক্ষমতা (90% বা তার বেশি) সম্পন্ন বীজ হলে, সারিতে বপন করলে প্রতি হেক্টরে 1 কেজি বীজের প্রয়োজন হবে ।",,"বীজ বপনের সময় জমিতে পরিমিত মাত্রায় রস না থাকলে বীজ বপনের পরপরই হালকা সেচ দিতে হবে অথবা বীজ বপনের পূর্বেই সেচ দিয়ে ‘জো’ অবস্থায় এনে বীজ বপন করতে হবে। অড়হর প্রধানত বৃষ্টি নির্ভর ফসল হওয়ায় গাছ বড় হলে সেচ দেয়ার প্রয়োজন হয় না। তবে অনেক সময় উঁচু জমিতে ফুল আসার সময় এবং শুঁটি বৃদ্ধির সময় প্রচণ্ড খরা পরিস্থিতি থাকলে প্রয়োজনে সেচ দেয়া উচিত। এটি পানি সহ্য করতে পারে না বিধায় পানি নিস্কাশনের জন্য অবশ্যই নালার ব্যবস্থা থাকতে হবে, অন্যথায় সেচের বা বৃষ্টির পানি জমে থাকলে শিকড় পচে গাছ মারা যেতে পারে।",বীজ বপনের 250-260 দিন পর (ফেব্রুয়ারি মাসের 2য় সপ্তাহ) অড়হর পরিপক্ক হয়। তবে কাঁচা পড সব্জি হিসাবে ব্যাবহারের জন্য বীজ পরিপক্ক হওয়ার 30-40 দিন প‚র্বে হাত দিয়ে তুলে পড সংগ্রহ করা যায়। পড/ শুঁটি পরিপক্ক হওয়ার পর পডসহ পুষ্পস্তবক কেটে অথবা গোড়া থেকে গাছ কেটে আঁটি বেঁধে তা শক্ত মাটিতে বা মাটির উপরে পলিথিন বিছিয়ে অথবা পাকা মেঝেতে ছড়িয়ে অথবা খাড়াভাবে দাঁড় করিয়ে রৌদ্রে রেখে ভাল করে শুকাতে হবে। এরপর লাঠি দিয়ে পিটিয়ে বা যান্ত্রিক উপায়ে মাড়াই ও ঝাড়াই করে বীজ পরিষ্কার করে নিতে হবে। বীজ সংগ,,"BARI Krishi Projukti Hatboi, 10th edition (Dec 2024), Akhond et al. (eds.) 2025"
oilseed,mustard,সরিষা,115,15 Oct-15 Nov,10-15,11-15,6.0,7.0,30.0,,275.0,175.0,92.5,165.0,6.0,10.0,9.0,2.0,2.0,70.0,90.0,,,,23,বিভিন্ন অঞ্চলের তারতম্য এবং জমির ‘জো’ অবস্থা অনুসারে কার্তিক মাসের 1ম সপ্তাহ থেকে শেষ সপ্তাহ পর্যন্ত (মধ্য-অক্টোবর থেকে মধ্য-নভেম্বর) বপনের উপযুক্ত সময়।,প্রতি হেক্টরে 6-7 কেজি বীজ লাগে। রাই ও দৌলত সরিষার জন্য প্রতি হেক্টরে 7-8 কেজি বীজের প্রয়োজন।,ইউরিয়া সার অর্ধেক ও অন্যান্য সার বপনের আগে এবং বাকি অর্ধেক ইউরিয়া গাছে ফুল আসার সময় উপরি প্রয়োগ করতে হয়। সার উপরি প্রয়োগের সময় মাটিতে রস থাকা দরকার।,উফশী জাতসমূহে পানি সেচ দিলে ফলন বেশি হয়। বীজ বপনের 20-25 দিনের মধ্যে (গাছে ফুল আসার আগে) প্রথম সেচ এবং 50-55 দিনের মধ্যে (ফল ধরার সময়) দ্বিতীয় সেচ দিতে হবে। বপনের সময় মাটিতে রস কম থাকলে একটি হালকা সেচ দিতে হয়।,টরি জাতীয় সরিষা 70-90 দিন এবং রাই জাতীয় সরিষা 90-120 দিনের মধ্যে সংগ্রহ করা যায়।,,"BARI Krishi Projukti Hatboi, 10th edition (Dec 2024), Akhond et al. (eds.) 2025"
oilseed,sesame,তিল,120,15 Feb-15 Apr; 15 Aug-15 Sep,02-15,04-15,7.0,8.0,30.0,5.0,112.5,140.0,45.0,105.0,2.5,9.0,,1.0,1.0,85.0,90.0,,,,9,"তিল খরিফ মৌসুমে চাষ করা যায়। খরিফ-1 মৌসুমে অর্থাৎ ফাল্গুন-চৈত্র মাসে (মধ্যে-ফেব্রুয়ারি হতে মধ্যে-এপ্রিল), খরিফ-2 মৌসুমে অর্থাৎ ভাদ্র মাসে (মধ্য-অগস্ট হতে মধ্য-সেপ্টেম্বর) তিলের বীজ বপনের উত্তম সময়।",প্রতি হেক্টরে 7.0-8.0 কেজি।,ইউরিয়া সারের অর্ধেক ও বাকি সব সার জমি শেষ চাষের সময় ছিটিয়ে মাটির সাথে ভালভাবে মিশিয়ে দিতে হবে। বাকি ইউরিয়া বীজ বপনের 25-30 দিন পর ফুল আসার সময় উপরি প্রয়োগ করতে হবে।,জমিতে রসের অভাব হলে বীজ বোনার সময় হালকা সেচ দিয়ে বীজ বপন করতে হয়। জমিতে রস না থাকলে 55-60 দিন পর ফল ধরার সময় আর একবার সেচ দেওয়া যেতে পারে।,তিল ফসল সংগ্রহ করতে 85-90 দিন সময় লাগে।,,"BARI Krishi Projukti Hatboi, 10th edition (Dec 2024), Akhond et al. (eds.) 2025"
oilseed,groundnut,চীনাবাদাম,125,17 Oct-15 Dec; 14 Feb-13 Apr; 16 Jul-14 Sep; 1 Jan-30 Jan,10-17,12-15,100.0,100.0,,,25.0,160.0,85.0,300.0,,10.0,,2.0,2.0,,,,,,38,"চীনাবাদাম রবি ও খরিফ উভয় মৌসুমে আবাদ করা যায়। রবি মৌসুমে কার্তিক অগ্রহায়ণ, খরিফ-1 মৌসুমে ফাল্গুন-চৈত্র ও খরিফ-2 মৌসুমে শ্রাবণ-ভাদ্র মাসে বপন করতে হয়। তবে দেবীগঞ্জ, লক্ষীপুর, নোয়াখালী ও চট্টগ্রাম অঞ্চলে এ ফসল জানুয়ারিতে বপন করা হয়। রবি মৌসুমে কার্তিক মাসের প্রথম সপ্তাহে বপন করলে ফলন ভাল পাওয়া যায় এবং জীবনকাল প্রায় 15-20 দিন কমে আসে।","বারি চীনাবাদাম-8 চাষে হেক্টরপ্রতি 100 কেজি বা একর প্রতি 40 কেজি খোসাসহ বীজের প্রয়োজন হয়। প্রতি হেক্টরে গাছের সংখ্যা 1,10,000-1,20,000 থাকা দরকার।",অর্ধেক ইউরিয়া এবং অন্যান্য সারের সবটুকু শেষ চাষের আগে জমিতে ছিটিয়ে প্রয়োগ করতে হয় এবং বাকি ইউরিয়া উপরি প্রয়োগ হিসাবে চারা গজানোর 40-50 দিন পর গাছে ফুল আসার সময় প্রয়োগ করতে হয়। তবে প্রতি কেজি বীজে 70 গ্রাম অণুজীব সার ব্যবহার করা যেতে পারে। অণুজীব সার ব্যবহার করলে সাধারণত ইউরিয়া সার ব্যবহার করতে হয় না।,বপন করার 18-20 দিন পর 1 বার এবং শুঁটি হওয়ার 50-55 দিন পর 2য় বার সেচ দিতে হবে।,,,"BARI Krishi Projukti Hatboi, 10th edition (Dec 2024), Akhond et al. (eds.) 2025"
oilseed,sunflower,সূর্যমুখী,130,15 Nov-15 Dec; 15 Apr-15 May,11-15,12-15,8.0,10.0,50.0,25.0,190.0,175.0,135.0,145.0,9.0,11.0,,3.0,3.0,90.0,110.0,,,,21,সূর্যমুখী সারা বছর চাষ করা যায়। তবে অগ্রহায়ণ মাসে (মধ্য-নভেম্বর থেকে মধ্য-ডিসেম্বর) চাষ করলে ভাল ফলন পাওয়া যায়। দেশের উত্তর ও পশ্চিমাঞ্চলে তাপমাত্রা 15 সে. এর নিচে হলে 10-12 দিন পরে বীজ বপন করা উচিত। খরিফ-1 মৌসুমে অর্থাৎ জ্যৈষ্ঠ (মধ্য-এপ্রিল থেকে মধ্য-মে) মাসেও এর চাষ করা যায়।,সূর্যমুখীর বীজ সারিতে বুনতে হয়। সারি থেকে সারির দূরত্ব 50 সেমি এবং সারিতে গাছ থেকে গাছের দূরত্ব 25 সেমি রাখতে হয়। এভাবে বীজ বপন করলে হেক্টরপ্রতি 8-10 কেজি বীজের প্রয়োজন হয়। বারি সূর্যমুখী-2 এর জন্য হেক্টরপ্রতি 12-15 কেজি বীজের প্রয়োজন হয়।,ইউরিয়া সারের অর্ধেক এবং বাকি সব সার শেষ চাষের সময় জমিতে ছিটিয়ে মাটির সাথে মিশিয়ে দিতে হবে। বাকি অর্ধেক ইউরিয়া 2 ভাগ করে প্রথম ভাগ চারা গজানোর 20-25 দিন পর এবং দ্বিতীয় ভাগ 40-45 দিন পর ফুল ফোটার পূর্বে প্রয়োগ করতে হবে।,"সূর্যমুখী ফসলের ফলন বেশি পেতে হলে কয়েকবার পানি সেচ দিতে হবে। প্রথম সেচ বীজ বপনের 30 দিন পর (গাছে ফুল আসার আগে), দ্বিতীয় সেচ বীজ বপনের 50 দিন পর (পুষ্পস্তবক তৈরির সময়) এবং তৃতীয় সেচ বীজ বপনের 70 দিন পরে (বীজ পুষ্ট হবার আগে) দিতে হবে।",বপন থেকে পরিপক্ক হওয়া পর্যন্ত 90 থেকে 110 দিন সময় লাগে। সূর্যমুখী বপনের 65-70 দিন পরে ফুলের বীজ পুষ্ট হওয়া শুরু হয়। সূর্যমুখী কাটার সময় হলে গাছের পাতা হলুদ হয়ে আসে এবং পুস্পস্তবক (মাথা) সহ গাছগুলো নুয়ে পড়ে। বীজগুলো কালো রং এবং দানাগুলো পুষ্ট ও শক্ত হয়। মৌসুম অনুসারে ফসল পরিপক্ক হতে 90-100 দিন সময় লাগে।,,"BARI Krishi Projukti Hatboi, 10th edition (Dec 2024), Akhond et al. (eds.) 2025"
oilseed,soybean,সয়াবিন,134,15 Dec-15 Jan; 15 Jul-15 Aug,12-15,01-15,,,,5.0,55.0,162.5,110.0,97.5,,9.0,,2.0,2.0,90.0,120.0,,,,16,বাংলাদেশে শীত (রবি) ও বর্ষা (খরিফ) উভয় মৌসুমেই সয়াবিন বপন করা যায়। পৌষ মাসে (মধ্য-ডিসেম্বর থেকে মধ্য-জানুয়ারি) বপন করা উত্তম। বর্ষা মৌসুমে শ্রাবণ থেকে মধ্য-ভাদ্র পর্যন্ত (মধ্য-জুলাই থেকে মধ্য-আগস্ট) বপন করা উত্তম।,,সবটুকু সার ছিটিয়ে শেষ চাষের সময় জমিতে ভালোভাবে মিশিয়ে দিতে হবে।,প্রথম সেচ বীজ বপনের 20-25 দিনের মধ্যে (ফুল ধরার পূর্বে) এবং দ্বিতীয় সেচ বীজ বপনের 55-60 দিনের মধ্যে (শুঁটি গঠনের সময়) দিতে হবে।,সয়াবিন বীজ বপন থেকে ফসল কাটা পর্যন্ত 90-120 দিন সময় লাগে। ফসল পরিপক্ক হলে শুঁটিসহ গাছ হলদে হয়ে আসে এবং পাতা ঝরে পড়তে শুরু করে। এ সময় গাছ কেটে ফসল সংগ্রহ করতে হয়।,,"BARI Krishi Projukti Hatboi, 10th edition (Dec 2024), Akhond et al. (eds.) 2025"
oilseed,niger,গর্জন তিল,136,15 Oct-15 Nov,10-15,11-15,,,,,75.0,120.0,50.0,,,,,2.0,2.0,,,,,,10,কার্তিক মাস (মধ্য-অক্টোবর হতে মধ্য-নভেম্বর)।,,ইউরিয়া সার অর্ধেক ও বাকি অন্য সব সার শেষ চাষের সময় জমিতে ভালভাবে মিশিয়ে দিতে হবে। বাকি অর্ধেক ইউরিয়া বীজ বপনের 25-30 দিন পর কুঁড়ি আসার সময় উপরি প্রয়োগ করতে হবে।,,ফসল পরিপক্ক হওয়ার সময় পাতা হলদে হয়ে গাছ শুকিয়ে যায়।,,"BARI Krishi Projukti Hatboi, 10th edition (Dec 2024), Akhond et al. (eds.) 2025"
oilseed,linseed,তিসি,138,15 Oct-15 Nov,10-15,11-15,7.0,8.0,30.0,,75.0,120.0,45.0,,,,,1.0,2.0,,,,,,9,কার্তিক (মধ্য-অক্টোবর হতে মধ্য-নভেম্বর)।,7-8 কেজি/হেক্টর।,ইউরিয়া সার অর্ধেক ও বাকি অন্যসব সার শেষ চাষের সময় জমিতে মিশিয়ে দিতে হবে। বাকি অর্ধেক ইউরিয়া বীজ বপনের 25-30 দিন পর প্রয়োগ করতে হবে।,,ফসল পরিপক্ক হওয়ার সময় গাছ ও ফল সোনালী বা কিছুটা তামাটে রং ধারণ করে। এমন হলে ফসল কেটে মাড়াই করে এবং রোদে শুকিয়ে ফসল সংগ্রহ করতে হয়।,,"BARI Krishi Projukti Hatboi, 10th edition (Dec 2024), Akhond et al. (eds.) 2025"
vegetable,tomato,টমেটো,142,,,,,,60.0,,300.0,350.0,280.0,100.0,5.0,5.0,10.0,,,,,,,,17, চারার বয়স 25-30 দিন অথবা 4-6 পাতা বিশিষ্ট হলে জমিতে রোপণ করতে হবে।  এক মিটার চওড়া বেডে দুই সারি করে চারা লাগাতে হবে। এক্ষেত্রে সারি থেকে সারির দূরত্ব 60 সেমি এবং সারির উপরে চারা থেকে চারা 40 সেমি দূরত্বে লাগাতে হবে।  বীজতলা থেকে চারা অত্যন্ত যত্ন সহকারে তুলতে হবে যেন চারার শিকড় ক্ষতিগ্রস্ত না হয়। এ জন্য চারা তোলার আগে বীজতলার মাটি ভিজিয়ে নিতে হবে। বিকেলের পড়ন্ত রোদে চারা রোপণ করাই উত্তম এবং লাগানোর পর গোড়ায় হালকা সেচ প্রদান করতে হবে।    ,,,চারা রোপণের 3-4 দিন পর পর্যন্ত হালকা সেচ ও পরবর্তীতে প্রতি কিস্তি সার প্রয়োগের পর জমিতে সেচ দিতে হয়। গ্রীষ্ম মৌসুমে টমেটো চাষের জন্য ঘন ঘন সেচের প্রয়োজন হয়। বর্ষা মৌসুমে তেমন একটা সেচের প্রয়োজন হয় না। টমেটো গাছ জলাবদ্ধতা সহ্য করতে পারে না। সেচ অথবা বৃষ্টির অতিরিক্ত পানি দ্রুত নিষ্কাশনের জন্য নালা পরিমিত চওড়া (30-40 সেমি) এবং এক দিকে মৃদু ঢালু হওয়া বাঞ্চণীয়। ,,,"BARI Krishi Projukti Hatboi, 10th edition (Dec 2024), Akhond et al. (eds.) 2025"
vegetable,summer hybrid tomato,বারি হাইব্রিড টমেটো-4 (গ্রীষ্মকালীন),145,1 Oct-30 Nov; 1 Apr-30 Jun,10-01,11-30,,,60.0,,,,,,,,,,,,,,,,17,শীতকালে অক্টোবর-নভেম্বর (আশ্বিন-কার্তিক) এবং গ্রীষ্মকালে এপ্রিল-জুন (বৈশাখ-আষাঢ়),,,চারা রোপণের পর 3-4 দিন পর্যন্ত হালকা সেচ ও পরবর্তী সময় প্রতি কিস্তি সার প্রয়োগের পর জমিতে সেচ দিতে হয়। টমেটো গাছ জলাবদ্ধতা সহ্য করতে পারে না। সেচ অথবা বৃষ্টির অতিরিক্ত পানি দ্রুত নিষ্কাশনের জন্য 30-40 সেমি চওড়া নালা এবং এক দিকে সামান্য ঢালু হওয়া বাঞ্ছনীয়।,ফলের নিচের ফুল ঝরে যাওয়ার পর যে দাগ থাকে ঐ স্থান থেকে লালচে ভাব শুরু হলেই বাজারজাতকরণের জন্য ফল সংগ্রহ করতে হবে। এরূপ ফল সংগ্রহ করলে অনেকদিন পর্যন্ত সংরক্ষণ করা যায়।,,"BARI Krishi Projukti Hatboi, 10th edition (Dec 2024), Akhond et al. (eds.) 2025"
vegetable,brinjal,বেগুন,150,1 Sep-30 Oct; 1 Mar-30 Mar,09-01,10-30,,,120.0,70.0,,250.0,125.0,100.0,,10.0,10.0,,,,,,,,27,"সেপ্টেম্বর-অক্টোবর (শীতকালে), মার্চ (গ্রীষ্মকালে)","অঙ্কুরোদ্গমের হার 80% বিবেচনায় বীজের পরিমাণ 200-250 গ্রাম/হেক্টর চারার সংখ্যা অনেকাংশেই জমিতে রোপণ দূরত্বের উপর নির্ভর করে। রোপণ দূরত্ব 120×70 সেমি হলে হেক্টর প্রতি 11,900 টি চারার প্রয়োজন হয়।"," শেষ চাষের সময় অর্ধেক গোবর বা কম্পোস্ট, টিএসপি এবং সবটুকু জিপসাম ও বোরিক এসিড সার জমিতে সমানভাবে ছিটিয়ে মাটির সাথে ভালভাবে মিশিয়ে দিতে হবে।  বাকি অর্ধেক গোবর বা কম্পোস্ট, টিএসপি এবং 35-42.5 কেজি এমপি সার চারা  লাগানার  7দিন  পূর্বে গর্তে মাটির সাথে ভালভাবে মিশিয়ে দিতে হবে।  সম্পূর্ণ ইউরিয়া (5টি কিস্তিতে) ও বাকি এমপি সার (প্রথম 3টি কিস্তিতে) যথাক্রমে চারা লাগানো 15 দিন পর, ফুল ধরা আরম্ভ হলে, ফল ধরা আরম্ভ হলে, ফল আহরণের সময় 2 বার সমভাবে প্রয়োগ করতে হবে।",চারা রোপণের 3-4 দিন পর পর্যন্ত হালকা সেচ ও পরবর্তীতে প্রতি কিস্তি সার প্রয়োগের পর জমিতে সেচ দিতে হয়। গ্রীষ্ম ও শীত মৌসুমে চাষের জন্য ঘন ঘন সেচের প্রয়োজন হয়। বর্ষা মৌসুমে তেমন একটা সেচের প্রয়োজন হয় না। বেগুন গাছ জলাবদ্ধতা সহ্য করতে পারে না। বেডের দুপাশের নালা দিয়ে জমিতে সেচ দেয়া সুবিধাজনক। খরিফ মৌসুমে জমিতে পানি যাতে না জমে সেজন্য পানি নিষ্কাশনের জন্য জমির চারপাশে নালা রাখতে হবে।,,,"BARI Krishi Projukti Hatboi, 10th edition (Dec 2024), Akhond et al. (eds.) 2025"
vegetable,Bt brinjal,বিটি বেগুন,155,31 Jul-15 Oct,07-31,10-15,,,,70.0,,250.0,125.0,100.0,,10.0,10.0,,,50.0,60.0,,,,31,"শীতকালীন চাষের জন্য শ্রাবণের মাঝামাঝি থেকে আশ্বিন মাস পর্যন্ত চারা উৎপাদনের জন্য বীজতলায় বীজ বপন করা যায়। বেগুন চাষের জন্য চারা উৎপাদন একটি গুরুত্বপূর্ণ কাজ। আমাদের দেশে চাষী ভাইয়েরা সাধারণত সরাসরি বীজতলায় বীজ বপন করেন। দ্বিতীয় বীজতলায় স্থানান্তর করেন না। এতে বীজের পরিমাণ বেশি লাগে উপরন্তু চারার স্বাস্থ্য ভাল হয় না। প্রথমে বীজতলায় ঘন করে বীজ ফেলতে হয়। বীজ গজানোর 10-12 দিন পর গজানো চারা দ্বিতীয় বীজতলায় স্থানান্তর করতে হয়। এতে চারা সুস্থ ও সবল হয় এবং ফলন ভাল হয়। বীজতলায় মাটি সমপরিমাণ বালি, কমপোস্ট ও মাটি মিশিয়ে ঝুর ঝুর করে তৈরি করতে হয়। প্রতি হেক্টরের জন্য 200-255 গ্রাম বীজের প্রয়োজন হয়। বীজতলায় সারি করে বা ছিটিয়ে বীজ বপন করা যায়, তবে সারিতে বপন করা উত্তম। সারিতে বপনের জন",," শেষ চাষের সময় অর্ধেক গোবর বা কম্পোস্ট, টিএসপি এবং সবটুকু জিপসাম ও বোরিক এসিড সার জমিতে সমানভাবে ছিটিয়ে মাটির সাথে ভালভাবে মিশিয়ে দিতে হবে।  বাকি অর্ধেক গোবর বা কম্পোস্ট, টিএসপি এবং 35-42.5 কেজি এমপি সার চারা  লাগানার  7দিন  পূর্বে গর্তে মাটির সাথে ভালভাবে মিশিয়ে দিতে হবে।  সম্পূর্ণ ইউরিয়া (5টি কিস্তিতে) ও বাকি এমপি সার (প্রথম 3টি কিস্তিতে) যথাক্রমে চারা লাগানো 15 দিন পর, ফুল ধরা আরম্ভ হলে, ফল ধরা আরম্ভ হলে, ফল আহরণের সময় 2 বার সমভাবে প্রয়োগ করতে হবে।","বেডের দু’পাশের নালা দিয়ে জমিতে সেচ দেয়া সুবিধাজনক। নালায় সেচের পানি বেশিক্ষণ ধরে রাখা যাবে না, গাছের গোড়া পর্যন্ত মাটি ভিজে গেলে নালার পানি ছেড়ে দিতে হবে। খরিফ মৌসুমে জমিতে পানি যাতে না জমে সেজন্য পানি নিষ্কাশনের জন্য জমির চারপাশে নালা রাখতে হবে।",চারা লাগানোর 50-60 দিন পরই বেগুন তোলার সময় হয়। 7-10 দিন পরপর গাছ থেকে ধারাল ছুরির সাহায্যে বেগুন কাটা ভাল।,,"BARI Krishi Projukti Hatboi, 10th edition (Dec 2024), Akhond et al. (eds.) 2025"
vegetable,sweet pepper,মিষ্টিমরিচ,161,,,,,,,,,,,,12.0,,,,,,,,,,2,,,,,"মিষ্টিমরিচ সাধারণত পরিপক্ক সবুজ অবস্থায় এবং বারি মিষ্টিমরিচ-1 পরিপূর্ণ লাল রং হলেও বারি মিষ্টিমরিচ-2 পরিপূর্ণ হলুদ, লালচে হলদে হওয়ার পূর্বেই মাঠ থেকে উঠানো হয়। সাধারণত সপ্তাহে একবার গাছ থেকে ফল সংগ্রহ করা হয়ে থাকে। ফল সংগ্রহের পর ঠাণ্ডা অথচ ছায়া যুক্ত স্থানে বাজার জাতকরণের পূর্ব পর্যন্ত সংরক্ষণ করতে হবে। উল্লেখ যে, ফসল সংগ্রহের সময় প্রতিটি ফলে সামান্য পরিমাণে বোঁটা রেখে দিতে হবে।",,"BARI Krishi Projukti Hatboi, 10th edition (Dec 2024), Akhond et al. (eds.) 2025"
vegetable,radish,মুলা,163,,,,2.5,3.0,60.0,45.0,,,,,,,,2.0,3.0,,,,,,8,,আশ্বিন থেকে কার্তিক মাস (মধ্য-সেপ্টেম্বর থেকে মধ্য-নভেম্বর) মুলার বীজ বপন করা যায়। হেক্টরপ্রতি 2.5-3.0 কেজি বীজের প্রয়োজন হয়। সাধারণত মুলার বীজ ছিটিয়ে বপন করা হয়। কিন্তু বীজ সারিতে বপন করা ভাল। এতে বীজের পরিমাণ কম লাগে এবং পরবর্তী পরিচর্যা করা সহজ হয়।,শেষ চাষের সময় সবটুকু গোবর বা কম্পোস্ট সারের এক তৃতীয়ংশ সমানভাবে ছিটিয়ে মাটির সাথে মিশিয়ে দিতে হবে। বাকি ইউরিয়া ও এমপি সার সমান অংশে যথাক্রমে বীজ বপনের তৃতীয় ও পঞ্চম সপ্তাহে 2 কিস্তিতে প্রয়োগ করতে হবে।,,,,"BARI Krishi Projukti Hatboi, 10th edition (Dec 2024), Akhond et al. (eds.) 2025"
vegetable,hyacinth bean,শিম,166,15 Jun-14 Jul; 1 Jun-30 Jun,06-15,07-14,7.5,7.5,150.0,,,,,,,,,,,95.0,145.0,,,,10,আষাঢ় মাসের মাঝামাঝী থেকে বীজ বপন করা যেতে পারে। তবে আগাম ফসলের জন্য জ্যৈষ্ঠের মাঝামাঝী থেকে আষাঢ়ের মাঝামাঝী (জুন মাস) বীজ বপন করা উত্তম। গ্রীষ্মকালীন জাতগুলো বছরের যে কোন সময় বপন করা যায়। বপনের সময় দূরত্ব এবং বপন পদ্ধতির উপর বীজের হার নির্ভর করে।,"প্রতি হেক্টরে 7.5 কেজি, একরে 3.0 কেজি এবং শতকে 30 গ্রাম বীজ প্রয়োজন।",শেষ চাষের সময় সম্পূর্ণ গোবর সার এবং জিপসাম ও বরিক এসিড সবটুকু ছিটিয়ে জমিতে প্রয়োগ করে চাষ দিয়ে মাটির সাথে ভালভাবে মিশিয়ে দিতে হবে। বীজ বপন বা চারা রোপণের 4-5 দিন আগেই ইউরিয়া ও এমপি (পটাশ) সারের অর্ধেক এবং টিএসপি সারের সবটুকু একত্রে ছিটিয়ে প্রয়োগ করে মাদার মাটির সাথে (10 সেমি গভীর পর্যন্ত) কোদালের দ্বারা হালকাভাবে কুপিয়ে ভালভাবে মিশিয়ে দিতে হবে। বপন/রোপণের 30 দিন পর বাকি অর্ধেক ইউরিয়া ও এমপি সার মাদায় উপরি প্রয়োগ করতে হবে।,,জাতভেদে বীজ বপনের 95-145 দিন পর শিমের শুঁটি (পড) গাছ থেকে তুলে বাজারজাত করা যেতে পারে। ফুল ফোঁটার 25 থেকে 30 দিনের মধ্যে শিম তোলার সবচেয়ে উপযুক্ত সময়। 5-7 দিন অন্তর অন্তর গাছ থেকে শিম তুললে মোট 13-14 বার গুণগত মানসম্পন্ন শুঁটি (পড) সংগ্রহ করা যায় এবং এতে হেক্টরপ্রতি প্রায় 15-20 মে. টন শিম পাওয়া যায়। সারের নাম মোট শেষ চাষের বপন/চারা গর্তে উপরি পরিমাণ সময় প্রয়োগ রোপণের প্রয়োগ (বপনের/ সময় গর্তে প্রয়োগ রোপণের 30 দিন পর) গোবর 10 টন সব - - ইউরিয়া 25 কেজি - 12.5 12.5 টিএসপি 90 কেজি - সব - এ,,"BARI Krishi Projukti Hatboi, 10th edition (Dec 2024), Akhond et al. (eds.) 2025"
vegetable,bush bean,ঝাড় শিম,169,1 Nov-30 Nov; 1 Oct-30 Oct,11-01,11-30,120.0,125.0,,,225.0,225.0,165.0,,,,5.0,,,,,,,,8,আমাদের দেশে নভেম্বর মাস ঝাড় শিমের বীজ বপনের জন্য সবচেয়ে উত্তম সময়। তবে সুনিষ্কাশিত জমি হলে অক্টোবর মাসে ঝাড়শিম-3 রোপণ করতে পারলে আগাম খাইস্যা শিমের দাম ভাল পাওয়া যায়।,120-125 কেজি/হেক্টর।,"জমি তৈরির সময় সমুদয় গোবর, টিএসপি, এমপি ও অর্ধেক ইউরিয়া প্রয়োগ করতে হয়। বাকি ইউরিয়া 15 দিন ও 30 দিন পর 2 বারে উপরি প্রয়োগ করা হয়।",,,,"BARI Krishi Projukti Hatboi, 10th edition (Dec 2024), Akhond et al. (eds.) 2025"
vegetable,winged bean,কামরাঙ্গা শিম,170,1 Nov-30 Nov; 1 Oct-30 Oct,11-01,11-30,120.0,125.0,,,225.0,225.0,165.0,,,,5.0,,,,,,,,8,আমাদের দেশে নভেম্বর মাস ঝাড় শিমের বীজ বপনের জন্য সবচেয়ে উত্তম সময়। তবে সুনিষ্কাশিত জমি হলে অক্টোবর মাসে ঝাড়শিম-3 রোপণ করতে পারলে আগাম খাইস্যা শিমের দাম ভাল পাওয়া যায়।,120-125 কেজি/হেক্টর।,"জমি তৈরির সময় সমুদয় গোবর, টিএসপি, এমপি ও অর্ধেক ইউরিয়া প্রয়োগ করতে হয়। বাকি ইউরিয়া 15 দিন ও 30 দিন পর 2 বারে উপরি প্রয়োগ করা হয়।",,,,"BARI Krishi Projukti Hatboi, 10th edition (Dec 2024), Akhond et al. (eds.) 2025"
vegetable,yardlong bean,বরবটি,171,1 Mar-30 Apr,03-01,04-30,2.5,3.0,60.0,30.0,50.0,150.0,150.0,,,,10.0,,,60.0,70.0,,12.0,20.0,36,বরবটি খরিফ মৌসুমে জন্মানো হয়। মার্চ - এপ্রিল মাস বপনের উপযুক্ত সময়।,, শেষ চাষের সময় সম্পূর্ণ গোবর ও টিএসপি এবং অর্ধেক এমওপি সমান ভাবে ছিটিয়ে মাটির সাথে ভালো ভাবে মিাশয়ে দিতে হবে।  সম্পূর্ণ ইউরিয়া ও বাকি অর্ধেক এমওপি সার 2কিস্তিতে চারা লাগানোর 15 এবং 35 দিন পর সমভাবে গাছের গোড়ায় 10-15 সেমি দূরে মাটির সাথে ভালো ভাবে মিশিয়ে দিতে হবে।,,বরবটি কেবল শুঁটি (পড) এর জন্য জন্মানো হয়। বীজ বোনার 60-70দিন পর থেকে বরবটির শুঁটি সংগ্রহ করা যায়। দু-তিন মাস ফল দিয়ে গাছ মার যায়। পূর্ণ আকার প্রাপ্ত হয়েছে কিন্তু খোসা আঁশময় হয়নি এমন পর্যায়ে শুঁটি সংগ্রহ করলে ফলন ও গুন ভাল হয়। 2-3 দিন অন্তর শুঁটি সংগ্রহ করা যেতে পারে। হেক্টরপ্রতি ফলন 12-20 টন।,,"BARI Krishi Projukti Hatboi, 10th edition (Dec 2024), Akhond et al. (eds.) 2025"
vegetable,garden pea,মটরশুঁটি,176,1 Nov-28 Feb; 1 Nov-30 Nov; 1 Oct-30 Oct; 23 Feb-28 Feb,11-01,02-28,70.0,80.0,,,100.0,150.0,100.0,,,,11.0,,,,,,,,22,"বাংলাদেশের মটর চাষের উপযোগী জলবায়ুর স্থায়িত্ব মাত্র চার মাস, নভেম্বর থেকে ফেব্রুয়ারি। নভেম্বর মাসই বীজ বোনার উৎকৃষ্ট সময়। অক্টোবরেও বীজ বোনা যেতে পারে, তবে প্রায়শই নাবি বৃষ্টিপাতের কারণে এ সময় জমি তৈরি সম্ভব হয় না। ফেব্রুয়ারির শেষ দিকে তাপমাত্র দ্রুত বৃদ্ধি পায়, এ সময় ফল না দিয়েই ফুল ঝরে পড়ে এবং গাছ পাউডারী মিলডিউ রোগে আক্রান্ত হয়। তাই ফলন পেতে হলে মৌসুমের শুরুতেই আগাম জাত লাগানো উচিত।",,• শেষ চাষের সময় সম্পূর্ণ গোবর ও টিএসপি এবং অর্ধেক ইউরিয়া ও অর্ধেক এমওপি সমানভাবে ছিটিয়ে মাটির সাথে ভালো ভাবে মিাশয়ে দিতে হবে। • বাকিগোবর ও টিএসপি সার চারা লাগানোর 7 দিন পূর্বে গর্তে মাটির সাথে ভালোভাবে মিাশয়ে দিতে হবে। • বাকি অর্ধেক ইউরিয়া ও এমওপি সার 2 কিস্তিতে বীজ বপনের 20 ও 40 দিন পর সমভাবে গাছের গোড়ায় মাটির সাথে ভালোভাবে মিশিয়ে দিতে হবে।,,বীজ বোনার 35-40 দিন পর আগাম জাতে এবং 50-60 দিন পর নাবি জাতের গাছে ফুল আসে। ফুল ফোটার 20-25 দিন পর অপক্ক বীজের জন্য শুঁটি সংগ্রহ করা যায়। পূর্ণ আকার প্রাপ্ত হয়েছে কিন্তু শক্ত হয়নি এমন পর্যায়ে সংগৃহীত বীজের গুণ সবচেয়ে ভাল হয়। জাত ও ফসলের যত্ন অনুযায়ী প্রতি হেক্টওে 3-5 টন শুঁটি পাওয়া যায়। শুঁটির ওজনের 35-40% বীজ।,,"BARI Krishi Projukti Hatboi, 10th edition (Dec 2024), Akhond et al. (eds.) 2025"
vegetable,lettuce,লেটুস,178,,,,,,5.0,5.0,,,,,,,,,,,,,,,8,বীজ তলায় 5×5 সেমি দূরত্বে বীজ বপন করে চারা উৎপাদন করা হয়। লেটুসের বীজ আলোক সংবেদনশীল। এর বীজ ফটোব্লাস্টিক (Photoblastic)। মাঠে লেটুসের বীজের অঙ্কুরোদগম হার অনেক সময় কম হয়। 10 পিপিএম GA3 দ্রবণে বীজ 12 ঘণ্টা ভিজিয়ে বপন করলে কা•িক্ষত অঙ্কুরোদ্ম হার পাওয়া যায়। 20-22 দিনের চারা বীজ তলায় উৎপাদন করে মূল জমিতে রোপণ করতে হয়। বীজ সরাসরি ছিটিয়ে বা চারা রোপণ করে লেটুসের চাষ করা যায়। জাতভেদে 40-45 সেমি দূরত্বে সারি করে একটু ঘনভাবে বীজ বোনা যায়। পরবর্তী সময় দুটি গাছের মধ্যে 25-30 সেমি ব্যবধান থাকে। বৃষ্টির মৌসুম শেষ না হলে এ পদ্ধতি ঝুঁকিপূর্ণ। আগাম মৌসুমে বৃহদাকার জাত চাষ করতে হলে চারা রোপণ উত্তম। এ পদ্ধতিতে হেক্টরপ্রতি 200 গ্রাম বীজ 3×1 মিটারের 25 টি বেডে বুনতে হবে। চারার বয়স 30-40 দিন হলে ,,,,"লেটুসের ফসল সংগ্রহের সুনির্দিষ্ট সময় নেই, মাথা বাঁধার পর সংগ্রহ করতে হবে। ঢিলে পাতা জাত একবারে অথবা নিচের দিক থেকে ক্রমান্বয়ে পাতা সংগ্রহ করা যেতে পারে।",,"BARI Krishi Projukti Hatboi, 10th edition (Dec 2024), Akhond et al. (eds.) 2025"
vegetable,stem amaranth,ডাঁটা,180,1 Feb-30 Jun,02-01,06-30,1.0,1.5,,,,,,,,,,,,55.0,60.0,,,,39,ফেব্রুয়ারী থেকে জুন মাস বীজ বপনের জন্য উপযুক্ত সময়। তবে সেচের ব্যবস্হা থাকলে ডাঁটার বীজ সারা বছরই বপন করা যায়।,সারিতে বপনের জন্য ঃ 1.0-1.5 কেজি/হেক্টর (4-6 গ্রাম/শতাংশ) ছিটিয়ে বপনের জন্য ঃ 2-3 কেজি/হেক্টর (8-12 গ্রাম/শতাংশ),,,ডাঁটার কাণ্ডের মাঝামাঝি ভাঙ্গার চেষ্টা করলে যদি সহজে ভেঙ্গে যায় তাহলে বুঝতে হবে ডাটা আঁশমুক্ত আছে। এ অবস্থাই ডাটা সংগ্রহের উপযুক্ত সময় । সাধারনত বীজ বপনের 55-60 দিনের মধ্যে সংগ্রহ করতে হবে।,,"BARI Krishi Projukti Hatboi, 10th edition (Dec 2024), Akhond et al. (eds.) 2025"
vegetable,cauliflower,ফুলকপি,184,,,,,,75.0,75.0,,,,,,,,1.0,1.0,15.0,15.0,,,,11,"ফুলকপি চাষের জন্য চারা উৎপাদন অত্যন্ত গুরুত্বপূর্ণ। আমাদের দেশে সাধারণত ফুলকপির বীজ সরাসরি বীজতলায় বপন করা হয়। চারাগুলি দ্বিতীয় বীজতলায় স্থানান্তর করা হয় না। এতে বীজের পরিমাণ বেশি লাগে। উপরন্তু চারার স্বাস্থ্য ভাল হয় না। অথচ ভাল ফসল পেতে হলে সুস্থ সবল চারা লাগাতে হয়। তাই প্রাথমিকভাবে বীজতলায় ঘন করে বীজ ফেলতে হয়। বীজ গজানোর 10-12 দিন পর গজানো চারা দ্বিতীয় বীজতলায় স্থানান্তর করতে হয়। প্রতিটি বীজতলার আকার পাশে 1 মিটার এবং লম্বায় 3 মিটার হওয়া বাঞ্ছনীয়। এতে অন্তর্বর্তীকালীন পরিচর্যা করতে সুবিধা হয়। এক হেক্টর জমির চারা উৎপাদন করতে 20টি বীজতলার প্রয়োজন হয়। বীজতলার মাটি সমপরিমাণ বালি, মাটি ও কম্পোস্ট মিশিয়ে ঝুরঝুরে করে তৈরি করতে হয়। দ্বিতীয় বীজতলায় চারা স্থানান্তরের 7/8 দিন পূর",আগাম জাতের ফুলকপির বীজ বপনের উপযুক্ত সময় আগস্ট মাস (মধ্য শ্রাবণ থেকে মধ্য ভাদ্র)। মাঝারি জাতের ফুলকপির বীজ বপন করতে হয় সেপ্টেম্বর মাসে (মধ্য আশ্বিন)। আর নাবি জাতের বীজ অক্টোবর মাস (মধ্য আশ্বিন থেকে মধ্য কার্তিক)। হেক্টরপ্রতি ফুলকপি চাষের জন্য বীজের প্রয়োজন হয় 200-250 গ্রাম।,,,"রোপণের পর গাছে যখন 12 থেকে 15টি পাতা হয় তখনই প্রপুস্প মঞ্জুরী দেখা যায়। নাবি জাতসমূহে বা যে সমস্ত জাত দ্বি-বর্ষজীবী সে ক্ষেত্রে 25-30 পাতা হওয়ার পর প্রপুস্প মঞ্জুরী দেখা যায়। এরপর প্রপুস্পমঞ্জুরী পূর্ণ আকার ধারণ করতে আরও 15 দিন সময় লাগে। জাতভেদে রোপণের 40-45 দিন পর প্রপুস্পমঞ্জুরী দেখা যায় এবং 80-90 দিন পর সংগ্রহের উপযুক্ত হয়। অবশ্য নাবি জাতে বিশেষ করে যেগুলি দ্বি-বর্ষজীবী সে গুলো আরও অনেক বেশি সময় নিয়ে থাকে। ফুলকপির প্রপুস্পমঞ্জুরী একটি নির্দিষ্ট আকার লাভ করার পর দৃঢ়, ঠাসা এবং আকর্ষণী",,"BARI Krishi Projukti Hatboi, 10th edition (Dec 2024), Akhond et al. (eds.) 2025"
vegetable,cabbage,বাঁধাকপি,186,,,,,,,,,,,,,,,,,,,,,,2,গভীর চাষ দিয়ে মাটির ঢেলা ভেঙ্গে আগাছা পরিষ্কার করে ভালভাবে বাঁধাকপির জন্য জমি তৈরি করতে হয়।,,,,,,"BARI Krishi Projukti Hatboi, 10th edition (Dec 2024), Akhond et al. (eds.) 2025"
vegetable,broccoli,ব্রোকলি,188,,,,,,,,,,,,,,,,,,,,,,0,,,,,,text outlined in the PDF (no text layer); read page 188,"BARI Krishi Projukti Hatboi, 10th edition (Dec 2024), Akhond et al. (eds.) 2025"
vegetable,red amaranth,লালশাক,189,,,,2.0,2.5,20.0,,,,,,,,,,,,,,,,6,সারা বছরই এ জাতের লালশাক চাষ করা যায়।,হেক্টরপ্রতি 2.0-2.5 কেজি।,,,,,"BARI Krishi Projukti Hatboi, 10th edition (Dec 2024), Akhond et al. (eds.) 2025"
vegetable,spinach,পালংশাক,190,1 Oct-30 Nov,10-01,11-30,,,,,180.0,125.0,125.0,,,,10.0,,,,,,,,11,এটি শীতকালীন পাতা জাতীয় ফসল অক্টোবর থেকে নভেম্বর মাসে বীজ বপন করতে হয়। সারের পমিাণ ও প্রয়োগ পদ্ধতি (হেক্টর ও শতাংশপ্রতি) ,,,,,,"BARI Krishi Projukti Hatboi, 10th edition (Dec 2024), Akhond et al. (eds.) 2025"
vegetable,pak choi and Chinese cabbage,বাটিশাক ও চীনাশাক,191,,,,,,,,225.0,125.0,175.0,,,,11.0,,,,,,,,8,সারা বছরই বাটিশাক ও চীনাশাক চাষ করা যায়। বীজ উৎপাদনের জন্য শীতকালে চাষ করতে হয়।,,,,,,"BARI Krishi Projukti Hatboi, 10th edition (Dec 2024), Akhond et al. (eds.) 2025"
vegetable,Malabar spinach,পুঁইশাক,192,1 Feb-30 May; 1 May-30 Jun,02-01,05-30,2.0,2.5,,15.0,175.0,115.0,115.0,,,10.0,11.0,,,12.0,15.0,,,,34,সব্জি উৎপাদনের জন্য ফেব্রুয়ারী থেকে মে মাস পর্যন্ত এবং বীজ উৎপাদনের জন্য মে-জুন মাসে বীজ বপন করা যায়।,চারা তৈরির ক্ষেত্রে 2.0-2.5 কেজি/হেক্টর এবং সরাসরি বপন পদ্ধতিতে 3.0-3.5 কেজি/হেক্টর।,জমি প্রস্তুতের সময় অর্ধেক গোবর সার প্রয়োগ করতে হবে। বাকি অর্ধেক গোবর এবং সম্পুর্ণ টিএসপি সার গর্তে প্রয়োগ করতে হবে। একক গাছ সংগ্রহের ক্ষেত্রে ইউরিয়া ও এমওপি সার সমান 2 ভাগে ভাগ করে চারা লাগানোর 7-10 দিন পর 1ম কিস্তি এবং 25 দিন পর 2য় কিস্তি প্রয়োগ করতে হবে। ঘন ঘন কাণ্ড কর্তন পূর্বক সংগ্রহের ক্ষেত্রে প্রত্যেকবার ডগা কর্তনের পর পরিমানমত ইউরিয়া ও এমওপি সার প্রয়োগ করতে হবে। আর যদি মাচায় চাষ করে 7-8 মাস ব্যাপী ফসল সংগ্রহ করা হয় সে ক্ষেত্রে প্রতিবারই ডগা কাটার পর অল্প পরিমাণ ইউরিয়া ও এমপি সার প্রয়োগ করতে হবে। পুঁই শাকের ডগা প্রথমবার কর্তনের পর (রোপন বা চারা লাগানোর 30-35 দিন পর) 15-20 দিন পরপর 7-8 বার সংগ্রহ করা যায়।,"বেড ও নালা পদ্ধতিতে পূঁইশাকের জমিতে সেচ দেয়া সুবিধাজনক। বীজ গজানোর পর থেকে 10 দিন পর পর সেচ দেয়া উচিৎ। যদি খরার প্রবণতা লক্ষ্য করা যায় তাহলে নিয়মিত ভাবে 7-10 দিন পর পর সেচ দিতে হয়। না হলে পূঁইশাকের পাতা আঁশ যুক্ত হয়ে যায় ফলে গুনগতমান, ফলন ও বাজার মূল্য কমতে থাকে।",শাঁক হিসেবে সংগ্রহের জন্য 10-12 টি পাতাসহ কচি ডগা প্রথমবার কর্তনের 15-20 দিন পর পর কেটে অথবা 30-35 দিন বয়সের সম্পূর্ণ গাছ সংগ্রহ করা যেতে পারে। গাঢ় কালচে খয়েরী রং এর ফল সংগ্রহ করা হয়। তখন এর শাখাগুলি হলুদাভ রং ধারণ করে এবং শুকিয়ে আসতে থাকে। বীজ সহ প্রায় 40-45 সেমি লম্বা শাখা কেটে সংগ্রহ করে হাত দ্বারা ঘষা দিয়ে এর উপরোস্থ রসালো পিচ্ছিল আবরণ সরাতে হবে। সাধারণত 12-15 দিন বিরতিতে 6-7 বার একটি গাছ থেকে বীজ সংগ্রহ করা যেতে পারে। অতঃপর বীজগুলো থ্রেসিং ফ্লোরে ত্রিপলের উপর বিছিয়ে ভালভাবে রোদ্রে শ,,"BARI Krishi Projukti Hatboi, 10th edition (Dec 2024), Akhond et al. (eds.) 2025"
vegetable,green amaranth,সবুজ ডাঁটা শাক,197,,,,1.98,2.47,,,,,,,,,,,,,,,,,10,,ডাঁটাশাক সারা বছর চাষ করা যায় তবে খরিফ মৌসুমে বপন করলে উৎকৃষ্ট মানের শাক পাওয়া যায়। ডাটা শাকের বীজ হার 8-10 গ্রাম/শতাংশ।,,,,,"BARI Krishi Projukti Hatboi, 10th edition (Dec 2024), Akhond et al. (eds.) 2025"
vegetable,water spinach,গীমাকলমি,199,15 Mar-15 Apr; 15 Jul-15 Aug,03-15,04-15,,,,,,,,,,,,,,,,,,,6,বছরের যে কোন সময়েই চাষ করা যেতে পারে। চৈত্র মাস (মধ্য-মার্চ থেকে মধ্য-এপ্রিল) থেকে শুরু করে শ্রাবণ মাস (মধ্য-জুলাই থেকে মধ্য-আগস্ট) পর্যন্ত লাগানো যেতে পারে।,,"ইউরিয়া সার 3 কিস্তিতে যথাক্রমে 1ম, 2য় ও 3য় বার ফসল কাটার পর প্রয়োগ করতে হবে।",বর্ষাকালে সাধারণত পানি সেচের প্রয়োজন হয় না। তবে এক নাগাড়ে বৃষ্টি না হলে 10-15 দিন অন্তর অন্তর পানি সেচ দেওয়া আবশ্যক।,,,"BARI Krishi Projukti Hatboi, 10th edition (Dec 2024), Akhond et al. (eds.) 2025"
vegetable,okra,ঢেঁড়স,200,1 Feb-30 Jul,02-01,07-30,4.0,5.0,60.0,40.0,150.0,100.0,150.0,,,,,,,,,,,,6,বাংলাদেশে সাধারণত ফেব্রুয়ারি থেকে জুলাই মাস পর্যন্ত ঢেঁড়স লাগানো হয়। তবে বছরের অন্যান্য সময়ও সীমিতভাবে এর চাষ হয়ে থাকে। প্রতি হেক্টরে বপনের জন্য 4-5 কেজি (12-20 গ্রাম/শতাংশ) বীজের প্রয়োজন হয়।,,,,,,"BARI Krishi Projukti Hatboi, 10th edition (Dec 2024), Akhond et al. (eds.) 2025"
vegetable,cucurbits (general),কুমড়াজাতীয় সবজি,202,1 Oct-30 Dec; 1 Feb-30 May,10-01,12-30,5.0,6.0,8.0,10.0,,,150.0,100.0,12.5,10.0,,,,20.0,25.0,,,,17,শীতকালে চাষের জন্য অক্টোবর - ডিসেম্বর এবং গ্রীষ্মকালে চাষের জন্য ফেব্রুয়ারি-মে মাসে বীজ বপন করা যায়। চারা নার্সারিতে পলিব্যাগে উৎপাদন করে নিলে ভাল হয়। বীজ বপনের জন্য 8 × 10 সেমি বা তার থেকে কিছুটা বড় আকারের পলিব্যাগ ব্যবহার করা যায়। প্রথমে অর্ধেক মাটি ও অর্ধেক গোবর মিশিয়ে মাটি তৈরি করে পলিব্যাগে ভরতে হবে। সহজ অঙ্কুরোদ্গমের জন্য পরিষ্কার পানিতে 15-20 ঘণ্টা অথবা শতকরা এক ভাগ পটাশিয়াম নাইট্রেট দ্রবণে বীজ এক রাত্রি ভিজিয়ে অতঃপর পলিব্যাগে বপন করতে হবে। প্রতি ব্যাগে একটি করে বীজ বুনতে হবে। বীজের আকারের দ্বিগুন মাটির গভীরে বীজ পুঁতে দিতে হবে। বীজ সরাসরি মাদায়ও বপন করা হয়। সেক্ষেত্রে সার প্রয়োগ ও মাদা তৈরির 4-5 দিন পর প্রতি মাদায় 2-3টি করে বীজ বপন করা যেতে পারে। নার্সারিতে চারার প্রয়োজন,প্রতি হেক্টরে 5-6 কেজি (প্রতি শতাংশে 20-25 গ্রাম) বীজের প্রয়োজন হয়।,,, কাঁচা ফল পরাগায়ণের 20-25 দিনের মধ্যে সংগ্রহ করতে হবে। তখনও ফলে সবুজ রঙ থাকবে এবং ফল মসৃণ ও উজ্জ্বল দেখাবে। নখ দিয়ে ফলের গায়ে চাপ দিলে নখ সহজেই ভিতরে ঢুকে যাবে। সারের নাম মোট সারের পরিমাণ জমি তৈরির সময় মাদা প্রতি হেক্টরপ্রতি শতাংশপ্রতি শতাংশপ্রতি চারা রোপণের 7-10 দিন পূর্বে চারা রোপণের 10-15 দিন পর চারা রোপণের 30-35 দিন পর চারা রোপণের 50-55 দিন পর চারা রোপণের 70-75 দিন পর পচা গোবর 10 টন 40কেজি 10 কেজি 5 কেজি - - - - টিএসপি 175কেজি 700 গ্রাম 350 গ্রাম 60 গ্রাম - - - - ইউরিয়া 175 কেজি 700 গ্র,,"BARI Krishi Projukti Hatboi, 10th edition (Dec 2024), Akhond et al. (eds.) 2025"
vegetable,bottle gourd,লাউ,206,1 Aug-30 Oct; 1 Feb-30 May,08-01,10-30,2.0,3.0,8.0,10.0,150.0,175.0,150.0,100.0,12.0,10.0,10.0,,,,,,,,27, শীতকালে চাষের জন্য আগস্ট - অক্টোবর এবং গ্রীষ্মকালে চাষের জন্য ফেব্রুয়ারি-মে মাসে বীজ বপন করা যায়।  লাউ চাষের জন্য চারা নার্সারিতে পলিব্যাগে উৎপাদন করে নিলে ভাল হয়।  বীজ বপনের জন্য 8 × 10 সেমি বা তার থেকে কিছুটা বড় আকারের পলিব্যাগ ব্যবহার করা যায়।  প্রথমে অর্ধেক মাটি ও অর্ধেক গোবর মিশিয়ে মাটি তৈরি করে পলিব্যাগে ভরতে হবে।  সহজ অঙ্কুরোদ্গমের জন্য পরিষ্কার পানিতে 15-20 ঘণ্টা অথবা বীজ এক রাত্রি ভিজিয়ে অতঃপর পলিব্যাগে বপন করতে হবে।  প্রতি ব্যাগে একটি করে বীজ বুনতে হবে। বীজের আকারের দ্বিগুন মাটির গভীরে বীজ পুঁতে দিতে হবে। বীজ সরাসরি মাদায়ও বপন করা হয়। সেক্ষেত্রে সার প্রয়োগ ও মাদা তৈরির 4-5 দিন পর প্রতি মাদায় 2-3টি করে বীজ বপন করা যেতে পারে।  নার্সারিতে চারার প্রয়োজনীয় পরিচ,হেক্টরপ্রতি 2-3 কেজি (শতাংশ প্রতি 8-10 গ্রাম) বীজের প্রয়োজন হয়।,,লাউ ফসল পানির প্রতি খুবই সংবেদনশীল। কাজেই সেচ নালা দিয়ে প্রয়োজন অনুসারে নিয়মিত সেচ দিতে হবে। লাউয়ের জমিতে কখনও সমস্ত জমি ভিজিয়ে প্লাবন সেচ দেয়া যাবে না। শুধুমাত্র সেচ নালায় পানি দিয়ে আটকে রাখলে গাছ পানি টেনে নিবে। প্রয়োজনে সেচ নালা হতে ছোট কোন পাত্র দিয়ে কিছু পানি গাছের গোড়ায় সেচে দেওয়া যায়। শুষ্ক মৌসুমে লাউ ফসলে 5-7 দিন অন্তর সেচ দেয়ার প্রয়োজন পড়ে। ,,,"BARI Krishi Projukti Hatboi, 10th edition (Dec 2024), Akhond et al. (eds.) 2025"
vegetable,snake gourd,চিচিঙ্গা,209,1 Feb-15 Jun,02-01,06-15,4.0,5.0,10.0,12.0,175.0,175.0,150.0,100.0,12.5,10.0,10.0,,,60.0,70.0,,25.0,30.0,29,এদেশে চিচিঙ্গা প্রধানত খরিফ মৌসুমেই চাষ হয়ে থাকে। ফেব্রুয়ারি থেকে জুন মাসের মধ্যে যে কোন সময় চিচিঙ্গার বীজ বোনা যেতে পারে।,চিচিঙ্গার জন্য হেক্টরপ্রতি 4-5 কেজি (16-20 গ্রাম/শতাংশ) বীজের প্রয়োজন হয়।,,,চারা গজানোর 60-70 দিন পর চিচিঙ্গার গাছ ফল দিতে থাকে। স্ত্রী ফুলের পরাগায়নের 10-13 দিনের মধ্যে ফল খাওয়ার উপযুক্ত হয়। কচি ও খাওয়ার উপযোগী পুষ্ট অবস্থায় 2-3 দিন পর পর ফল সংগ্রহ করতে হয়। ফল আহরণ একবার শুরু হলে তা দুই আড়াই মাস পর্যন্ত অব্যাহত থাকে। উন্নত পদ্ধতিতে চাষাবাদ করলে চিচিঙ্গার হেক্টরপ্রতি ফলন 25-30 টন (100-120 কেজি/শতাংশ) পাওয়া যায়।,,"BARI Krishi Projukti Hatboi, 10th edition (Dec 2024), Akhond et al. (eds.) 2025"
vegetable,bitter gourd,করলা,213,1 Feb-15 May; 1 Jan-30 Jan,02-01,05-15,6.0,7.0,,,,,,,,,,,,,,,,,4,"বছরের যে কোন সময় করলার চাষ সম্ভব হলেও এদেশে প্রধানত খরিফ মৌসুমেই করলার চাষ হয়ে থাকে। ফেব্রুয়ারি থেকে মে মাসের মধ্যে যে কোন সময় করলার বীজ বোনা যেতে পারে। কেউ কেউ জানুয়ারি মাসেও বীজ বুনে থাকেন কিন্ত এ সময় তাপমাত্রা কম থাকায় গাছ দ্রুত বাড়তে পারে না, ফলে আগাম ফসল উৎপাদনে তেমন সুবিধা হয় না। পর্যাপ্ত সেচের ব্যবস্থা করতে পারলে আশাব্যাঞ্জক ফলন পাওয়া যায়।",করলার জন্য হেক্টরপ্রতি 6-7 কেজি বীজের প্রয়োজন হয়।,,,,,"BARI Krishi Projukti Hatboi, 10th edition (Dec 2024), Akhond et al. (eds.) 2025"
vegetable,ash gourd,চালকুমড়া,215,1 Feb-15 May,02-01,05-15,,,250.0,,175.0,175.0,150.0,90.0,12.0,10.0,10.0,,,,,,,,15,ফেব্রুয়ারি থেকে মে মাসের মধ্যে যে কোন সময় চাল কুমড়ার বীজ বোনা যেতে পারে।,হেক্টরপ্রতি 700-800 গ্রাম (3.0-3.5 গ্রাম/শতাংশ) ।," শেষ চাষের সময় অর্ধেক গোবর, টিএসপি ও এমওপি এবং সম্পূর্ণ জিপসাম, জিংক সালফেট এবং বোরাক্স সার সমানভাবে ছিটিয়ে মাটির সাথে ভালোভাবে মিাশয়ে দিতে হবে।  বাকি অর্ধেক গোবর ও টিএসপি সার চারা লাগানোর 7 দিন পূর্বে গর্তে মাটির সাথে ভালোভাবে মিাশয়ে দিতে হবে।  সম্পূর্ণ ইউরিয়া ও বাকি অর্ধেক এমওপি সার 4 কিস্তিতে চারা লাগানোর 15, 35, 55 ও 75 দিন পর সমভাবে গাছের গোড়ায় 10-15 সে.মি. দূরে মাটির সাথে ভালোভাবে মিশিয়ে দিতে হবে।",,,,"BARI Krishi Projukti Hatboi, 10th edition (Dec 2024), Akhond et al. (eds.) 2025"
vegetable,pointed gourd,বারি পটল-2,217,,,,,,,,,,,,,,,,,,,,,,0,,,,,,text outlined in the PDF (no text layer); read page 217,"BARI Krishi Projukti Hatboi, 10th edition (Dec 2024), Akhond et al. (eds.) 2025"
vegetable,squash,স্কোয়াশ,218,1 Oct-30 Dec,10-01,12-30,,,8.0,10.0,,,150.0,100.0,12.5,10.0,,,,10.0,15.0,,,,13,শীতকালে চাষের জন্য অক্টোবর - ডিসেম্বর মাসে বীজ বপন করা যায়। চারা নার্সারিতে পলিব্যাগে উৎপাদন করে নিলে ভাল হয়। বীজ বপনের জন্য 8 × 10 সেমি বা তার থেকে কিছুটা বড় আকারের পলিব্যাগ ব্যবহার করা যায়। প্রথমে অর্ধেক মাটি ও অর্ধেক গোবর মিশিয়ে মাটি তৈরি করে পলিব্যাগে ভরতে হবে। সহজ অঙ্কুরোদ্গমের জন্য পরিষ্কার পানিতে 15-20 ঘণ্টা ভিজিয়ে অতঃপর পলিব্যাগে বপন করতে হবে। প্রতিব্যাগে দুইটি করে বীজ বপন করতে হবে। বীজের আকারের দ্বিগুণ মাটির গভীরে বীজ পুঁতে দিতে হবে। বীজ সরাসরি মাদায়ও বপন করা হয়। সেক্ষেত্রে সার প্রয়োগ ও মাদা তৈরির 4-5 দিন পর প্রতি মাদায় 2-3টি করে বীজ বপন করা যেতে পারে। চারা গজানোর 10-12 দিন পর 1টি সুস্থ ও সবল চারা রেখে বাকিগুলো উঠিয়ে ফেলতে হবে। চারার বয়স 16-17 দিন হলে তা মাঠে প্রস্তুত মা,,,স্কোয়াশ ফসল পানির প্রতি খুবই সংবেদনশীল। কাজেই সেচ নালা দিয়ে প্রয়োজন অনুসারে নিয়মিত সেচ দিতে হবে। জমিতে কখনও সমস্ত জমি ভিজিয়ে প্লাবন সেচ দেয়া যাবে না। শুধুমাত্র সেচ নালায় পানি দিয়ে আট্কে রাখলে গাছ পানি টেনে নিবে। প্রয়োজনে সেচ নালা হতে ছোট কোন পাত্র দিয়ে কিছু পানি গাছের গোড়ায় সেচে দেওয়া যায়। শুষ্ক মৌসুমে 5-7 দিন অন্তর সেচ দেয়ার প্রয়োজন পড়ে।,ফল পরাগায়ণের 10-15 দিনের মধ্যে সংগ্রহ করতে হবে। তখনও ফলে সবুজ রঙ থাকবে এবং ফল মসৃণ ও উজ্জ্বল দেখাবে। নখ দিয়ে ফলের গায়ে চাপ দিলে নোখ সহজেই ভিতরে ঢুকে যাবে। সারের নাম মোট সারের পরিমাণ জমি তৈরির সময় মাদা প্রতি হেক্টরপ্রতি শতাংশ প্রতি শতাংশ প্রতি চারা রোপণের 7-10 দিন পূর্বে চারা রোপণের 10-15 দিন পর চারা রোপণের 30-35 দিন পর চারা রোপণের 50-55 দিন পর চারা রোপণের 70-75 দিন পর পচা গোবর 10 টন 40 কেজি 10 কেজি 5 কেজি - - - - টিএসপি 175 কেজি 700 গ্রাম 350 গ্রাম 60 গ্রাম - - - - ইউরিয়া 175 কেজি 700 গ্রাম,,"BARI Krishi Projukti Hatboi, 10th edition (Dec 2024), Akhond et al. (eds.) 2025"
vegetable,sponge gourd,ধুন্দুল,220,1 Feb-15 May,02-01,05-15,3.0,4.0,,,,,,,,,,,,8.0,10.0,,,,21,বছরের যে কোন সময় ধুন্দুলের চাষ সম্ভব হলেও এদেশে প্রধানত খরিফ মৌসুমেই ধুন্দুলের চাষ করা হয়ে থাকে। ফেব্রুয়ারী হতে মে মাসের মধ্যে যে কোন সময় পর্যন্ত ধুন্দুলের বীজ বপন করা যায়।,ধুন্দুলের জন্য হেক্টরপ্রতি 3-4 কেজি এবং শতাংশ প্রতি 12-15 গ্রাম বীজের প্রয়োজন হয়।,,ধুন্দুল গ্রীষ্মকালে চাষ করা হয়। গ্রীষ্মকালে মাঝে মাঝে বৃষ্টি হয় বলে তখন সবসময় পানি সেচের প্রয়োজন নাও হতে পারে। কিন্তু ফেব্রুয়ারির শেষ সময় থেকে মে মাস পর্যন্ত খুব শুস্ক আবহাওয়া বিরাজ করে। তখন অনেক সময় কোন বৃষ্টিই থাকে না। উক্ত সময়ে 5-6 দিন অন্তর নিয়মিত পানি সেচের প্রয়োজন হয়।,ভাল ব্যবস্থাপনা নিশ্চিত করতে পারলে 2.5-3 মাসব্যাপি ফল সংগ্রহ করা যায়। ফলের ভক্ষণযোগ্য পরিপক্কতা নিম্নরুপ  ধ্ন্দুুলের ফল পরাগায়নের 8-10 দিন পর সংগ্রহের উপযোগী হয়। ফল মসৃণ ও উজ্জ্বল দেখায়।,,"BARI Krishi Projukti Hatboi, 10th edition (Dec 2024), Akhond et al. (eds.) 2025"
vegetable,hybrid sponge gourd,হাইব্রিড ধুন্দুল,222,1 Feb-15 May,02-01,05-15,3.0,3.5,45.0,45.0,,,175.0,99.0,12.0,,,,,55.0,60.0,,,,20,বছরের যে কোন সময় ধুন্দুলের চাষ সম্ভব হলেও এদেশে প্রধানত খরিফ মৌসুমেই ধুন্দুলের চাষ করা হয়ে থাকে। ফেব্রুয়ারী হতে মে মাসের মধ্যে যে কোন সময় পর্যন্ত ধুন্দুলের বীজ বপন করা যায়।শীতকালের 2 মাস ছাড়া বাংলাদেশে প্রায় সারা বছরেই ধুন্দুল চাষ করা সম্ভব।,জমিতে সরাসরি বীজ বপন করলে প্রতি হেক্টরে 3 - 3.5 কেজি বীজ অর্থাৎ শতাংশ প্রতি 12-15 গ্রাম বীজের প্রয়োজন হয়। নাসারিতে চারা উৎপাদন করে লাগালে 2- 2.5 কেজি বীজের প্রয়োজন হয়।,,"গাছের শারীরিক বৃদ্ধি, ফুল ফোটা এবং ফল ধরার সময় পর্যাপ্ত পরিমাণে পানির প্রয়োজন প্েত। শুকনা মৌসুমে 5-6 দিন পর পর এবং গ্রীষ্মকালীন সময়ে প্রয়োজন মতো সেচ দিতে হবে।",চারা গজানোর 55-60 দিন পর থেকে গাছ ফল দিতে থাকে। পরাগায়ণের 8-11 দিনের মধ্যে ফল খাওযার উপযুক্ত হয। এ সমযে ফল উজ্জ্বল দেখাবে এবং নির্দিষ্ট সাইজের হবে। প্রতি 2 দিন অন্তর অন্তর ভক্ষণ উপযোগী ফল সংগ্রহ করা যায। ফল আহরণ একবার শুরু হলে তা 4 মাস পর্যন্ত অব্যাহত থাকে। ভক্ষণ যোগ্য ফল যত বেশি তোলা যাবে গাছ প্রতি ফলের সংখ্যা তত বৃদ্ধি পাবে।,,"BARI Krishi Projukti Hatboi, 10th edition (Dec 2024), Akhond et al. (eds.) 2025"
vegetable,ridge gourd,ঝিঙ্গা,225,1 Feb-30 Mar,02-01,03-30,3.0,4.0,,,,,,,,,,,,8.0,10.0,,,,15,ফেব্রুয়ারি থেকে মার্চ মাস পর্যন্ত বীজ বপনের উপযুক্ত সময়।,হেক্টরপ্রতি 3-4 কেজি বা শতাংশ প্রতি 12-15 গ্রাম বীজের প্রয়োজন হয়।,,ঝিঙ্গা গ্রীষ্মকালে চাষ করা হয়। গ্রীষ্মকালে মাঝে মাঝে বৃষ্টি হয় বলে তখন সবসময় পানি সেচের প্রয়োজন নাও হতে পারে। কিন্তু ফেব্রুয়ারির শেষ সময় থেকে মে মাস পর্যন্ত খুব শুষ্ক আবহাওয়া বিরাজ করে। তখন অনেক সময় কোন বৃষ্টিই থাকে না। উক্ত সময়ে 5-6 দিন অন্তর নিয়মিত পানি সেচের প্রয়োজন হয়। ,ভাল ব্যবস্থাপনা নিশ্চিত করতে পারলে 2-3 মাসব্যাপী ফল সংগ্রহ করা যায়। ফলের ভক্ষণযোগ্য পরিপক্কতা নিম্নরূপে যাচাই করা হয়-  ঝিঙ্গার ফল পরাগায়ণের 8-10 দিন পর সংগ্রহের উপযোগী হয়।  ফল মসৃণ ও উজ্জ্বল দেখাবে।,,"BARI Krishi Projukti Hatboi, 10th edition (Dec 2024), Akhond et al. (eds.) 2025"
vegetable,drumstick (moringa),সজিনা,227,,,,,,80.0,80.0,,,,,,,,,,,,1 Dec-28 Feb; 1 Apr-30 Nov,0.044,0.044,10,"বীজ বা কলমের মাধ্যমে (শাখা কলম, দাবা কলম, গ্রাফটিং) সজিনার বংশ বিস্তার করা হয়।",,"জৈব এবং অজৈব সার গাছের গোড়া হতে 1 মিটার দূরে প্রয়োগ করে মাটির সাথে মিশিয়ে দিতে হবে। উল্লেখিত সার 3 ভাগে এবং 3 কিস্তিতে প্রয়োগ করতে হবে। 1ম কিস্তি বর্ষার প্রারম্ভে মে-জুন), দ্বিতীয় কিস্তি বর্ষার শেষে (সেপ্টেম্বর-অক্টোবর) প্রয়োগ করতে হবে এবং তৃতীয় কিস্তি ফেব্রুয়ারি মাসে প্রয়োগ করতে হবে।",গাছের বৃদ্ধির জন্য শুকনা মৌসুমে সেচ প্রয়োগ করা উত্তম। ফলন্ত গাছের বেলায় ফুল ফোটার শেষ পর্যায়ে এবং পড/ফল গঠন হওয়ার পর সেচ দিতে হবে। গাছে সার প্রয়োগের পর হালকা সেচ প্রয়োগে সুফল পাওয়া যায়।,এ জাতে প্রায় সারা বছরই সজিনা উৎপন্ন হয় তবে ডিসেম্বর থেকে ফেব্রুয়ারি মাসে খুবই কম ফল হয়। বছরে প্রায় 3-6 (এপ্রিল-নভেম্বর) বার ফল সংগ্রহ করা যায়।,,"BARI Krishi Projukti Hatboi, 10th edition (Dec 2024), Akhond et al. (eds.) 2025"
vegetable,hybrid cucumber,হাইব্রিড শসা,228,1 Feb-15 Oct; 1 Feb-30 Mar; 1 Feb-7 Feb; 1 Oct-30 Oct; 1 Nov-30 Nov,02-01,10-15,,,60.0,40.0,175.0,150.0,250.0,110.0,10.0,10.0,10.0,10.0,12.0,70.0,85.0,,,,38,ফেব্রুয়ারি হতে অক্টোবর মাসের মধ্যে যে কোন সময় পর্যন্ত বীজ বপন করা যায়। চারা গজানোর 35-40 দিন পর গাছ ফল দিতে থাকে। পরাগায়নের 7-8 দিনের মধ্যে ফল খাওয়ার উপযুক্ত হয়।এ সময়ে ফল উজ্জ্বল দেখাবে এবং নির্দিষ্ট সাইজের হবে। প্রতি 2 দিন অন্তর অন্তর ভক্ষণ উপযোগী ফল সংগ্রহ করা যায়। ফল আহরণ একবার শুরু হলে তা 1 মাস পর্যন্ত অব্যাহত থাকে। গ্রীষ্মে বীজ বপনের সময় ফেব্রুয়ারী-মার্চ। সবচেয়ে উপযোগী সময় হচ্ছে ফেব্রুয়ারি মাসের প্রথম সপ্তাহ। অক্টোবরের প্রথম সপ্তাহ থেকে অক্টোবরের শেষ সপ্তাহ নভেম্বরের প্রথম সপ্তাহ থেকে নভেম্বরের শেষ সপ্তাহ,,"জমি তৈরির সময় অর্ধেক গোবর/ কম্পোস্ট, সমুদয় টিএসপি, জিপসাম, বরিক এসিড ও সমুদয় জিংক সালফেট সার প্রয়োগ করতে হবে। বাকি অর্ধেক গোবর/ কম্পোস্ট চারা রোপণের 1 সপ্তাহ পূর্বে মাদায় দিয়ে মিশিয়ে রাখতে হবে। এরপর চারা রোপণ করে চারার গোড়ায় পানি দিতে হবে। ইউরিয়া ও এমওপি সার সমান 2 কিস্তিতে উপরিপ্রয়োগ করতে হবে। চারা লাগানোর 15 দিন পর 1ম কিস্তি এবং তার এক মাস পর 2য় কিস্তি উপরি প্রয়োগ করতে হবে।",,চারা রোপণের 70-85 দিন পর মাথা দৃঢ় হয়ে আসলে কপি সংগ্রহ করা যায়। কোনো কোনো জাতের মাথা পরিণত হওয়ার সময় ফেটে যায়। এসব জাত সংগ্রহে দেরী করা উচিৎ নয়।,,"BARI Krishi Projukti Hatboi, 10th edition (Dec 2024), Akhond et al. (eds.) 2025"
fruit,mango,আম,242,15 May-15 Jul; 15 Aug-15 Oct,05-15,07-15,,,100.0,100.0,,,,,,,,,,,,,,,29,জ্যৈষ্ঠ-আষাঢ় (মধ্য-মে থেকে মধ্য-জুলাই) এবং ভাদ্র-আশ্বিন মাস (মধ্য-আগস্ট থেকে মধ্য-অক্টোবর)।,,"বয়স ভেদে নির্ধারিত সম্পূর্ণ পরিমাণ গোবর, টিএসপি, জিপসাম, জিংক সালফেট এবং বোরিক এসিড এবং অর্ধেক ইউরিয়া ও অর্ধেক এমওপি সার সেপ্টেম্বর মাসের মাঝামাঝি থেকে শেষ সময়ে প্রয়োগ করতে হবে। অবশিষ্ট ইউরিয়া ও এমওপি সার সমান দুই ভাগ করে এক ভাগ মার্চ মাসের মাঝামাঝি সময়ে যখন ফল মটর দানার মতো হয় তখন এবং অবশিষ্ট ইউরিয়া ও এমওপি সার ফল সংগ্রহের 1 মাস পূর্বে প্রয়োগ করতে হবে। এখানে উল্লেখ্য যে, গাছের চারিদিকে গোড়া থেকে কমপক্ষে 1 থেকে 1.5 মি. দূরে হালকাভাবে কুপিয়ে মাটির সাথে মিশিয়ে সার প্রয়োগ করতে হবে। গাছের বয়স বেশি হলে এই দূরত্ব বাড়তে পারে। সার প্রয়োগের পর হালকা সেচ দিতে হবে। এছাড়াও ইউরিয়া 2% (প্রতি 1 লিটার পানিতে 20 গ্রাম) দ্রবণ ফলের মটরদানা আকৃতি অবস্থায় একবার এবং মার্বেল আকৃতি অবস্থায় আর এক",চারা গাছের দ্রুত বৃদ্ধির জন্য ঘন ঘন সেচ দিতে হবে। ফলন্ত গাছের বেলায় মুকুল বের হওয়ার 3 মাস আগে থেকে সেচ প্রদান বন্ধ রাখতে হবে। আমের মুকুল ফোটার শেষ পর্যায়ে 1 বার এবং ফল মটর দানার আকৃতি ধারণ পর্যায়ে আবার 1 বার বেসিন পদ্ধতিতে সেচ প্রয়োগ করতে হবে।,গাছে কিছু সংখ্যক আমের বোঁটার নিচের ত্বক যখন সামান্য হলুদাভ রং ধারণ করে অথবা আধাপাকা আম গাছ থেকে পড়া আরম্ভ করে তখন আম সংগ্রহ করার উপযুক্ত সময়। গাছ ঝাকী দিয়ে আম না পেড়ে ছোট গাছের ক্ষেত্রে হাত দিয়ে এবং বড় গাছের ক্ষেত্রে জালিযুক্ত বাঁশের সাহায্যে আম সংগ্রহ করা ভালো।,,"BARI Krishi Projukti Hatboi, 10th edition (Dec 2024), Akhond et al. (eds.) 2025"
fruit,jackfruit,কাঁঠাল,249,1 Jun-30 Aug,06-01,08-30,,,800.0,800.0,,,,,,,,,,,,,,,21,চারা বা কলম রোপণের সময় মধ্য-জ্যৈষ্ঠ থেকে মধ্য শ্রাবণ (জুন-আগস্ট) মাস।,,"চারা রোপণের পর থেকে তিন বছর পর্যন্ত গোবর, টিএসপি, জিপসাম, দস্তা সারকে বছরে একবার ব্যবহার করে এবং মোট ইউরিয়া এবং এমওপি সারকে ছয় ভাগে ভাগ করে দুই মাস পর পর প্রয়োগ করলে গাছের দ্রুত বৃদ্ধি হয়ে থাকে। ফলন্ত গাছে তিনবার সার প্রয়োগ করা উচিৎ। প্রথম কিস্তিতে গোবর, টিএসপি, জিপসাম, দস্তা ইত্যাদি সার পূর্ণ মাত্রায় এবং 50% ইউরিয়া ও এমওপি সার সেপ্টেম্বর/অক্টোবর মাসে; দ্বিতীয় কিস্তিতে 25% ইউরিয়া ও এমওপি সার ফলধারণের পর মার্চ মাসে এবং তৃতীয় কিস্তিতে 25% ইউরিয়া ও এমওপি ফল ধারণের 60 দিন পর মে মাসে প্রয়োগ করতে হবে। প্রথম পুরুষ ও স্ত্রী পুষ্পমঞ্জরী দেখা দেয়ার সময় 0.2% হারে বোরন স্প্রে করলে সুষম আকারের মান সম্পন্ন ফল পাওয়া যায়।","ডিসেম্বর থেকে মে মাস পর্যন্ত শুকনো মৌসুমে 15 দিন অন্তর পরিবর্তিত বেসিন পদ্ধতিতে পানি সেচ দিলে কচি ফল ঝরা কমে, ফলন ও ফলের গুণগতমান বৃদ্ধি পায়। কাঁঠাল গাছ জলাবদ্ধতার প্রতি অত্যন্ত সংবেদনশীল। স্বল্প সময়ের জলাবদ্ধতায় গাছ মারা যায়। এজন্য বর্ষা মৌসুমে বৃষ্টির পানি দ্রুত নিষ্কাশনের সুব্যবস্থা করা আবশ্যক।",,,"BARI Krishi Projukti Hatboi, 10th edition (Dec 2024), Akhond et al. (eds.) 2025"
fruit,banana,কলা,253,,,,,,60.0,60.0,,,,,,,,,,,,,,,20,কলার চারা বছরে 3 মৌসুমে রোপণ করা যায়।,,"সম্পূর্ণ পরিমাণ গোবর, টিএসপি, জিপসাম, জিংক সালফেট এবং বোরিক এসিড এবং অর্ধেক এমওপি সার গর্ত তৈরির সময় মাটির সাথে প্রয়োগ করতে হবে। ইউরিয়া ও বাকি অর্ধেক এমওপি সার চারা রোপণের 2 মাস পর থেকে 2 মাস পর পর 3 বারে এবং ফুল আসার পর আরও একবার গাছের চর্তুদিকে মাটির সাথে মিশিয়ে দিতে হয়। সার দেয়ার সময় জমি হালকাভাবে কোপাতে হবে যাতে শিকড় কেটে না যায়। জমির আর্দ্রতা কম থাকলে সার দেয়ার পর পানি সেচ দেয়া একান্ত প্রয়োজন।",,ঋতুভেদে রোপণের 10-13 মাসের মধ্যে সাধারণত সব জাতের কলাই পরিপক্ক হয়ে থাকে। বাণিজ্যিক ভিত্তিতে চাষ করলে কলার গায়ের শিরাগুলো তিন-চতুর্থাংশ পুরো হলেই কাটতে হয়। তাছাড়াও কলার অগ্রভাগের পুষ্পাংশ শুকিয়ে গেলে বুঝতে হবে কলা পুষ্ট হয়েছে। সাধারণত মোচা আসার পর ফল পুষ্ট হতে 2.5 - 4 মাস সময় লাগে। কলা কাটানোর পর কাঁদি শক্ত জায়গায় বা মাটিতে রাখলে কলার গায়ে কালো দাগ পড়ে এবং কলা পাকার সময় দাগওয়ালা অংশ তাড়াতাড়ি পচে যায়।,,"BARI Krishi Projukti Hatboi, 10th edition (Dec 2024), Akhond et al. (eds.) 2025"
fruit,papaya,পেঁপে,256,1 Sep-30 Oct; 1 Dec-30 Jan,09-01,10-30,,,15.0,10.0,,,,,,,,,,,,,,,12,আশ্বিন (সেপ্টেম্বর-অক্টোবর) এবং পৌষ (ডিসেম্বর-জানুয়ারি) মাস পেঁপের বীজ বপনের উত্তম সময়। বপনের 40-50 দিন পর চারা রোপণের উপযোগী হয়।,দুই মিটার দূরে দূরে সারি করে প্রতি সারিতে 2 মিটার দূরত্বে চারা রোপণ করলে 1 হেক্টর জমিতে 2500 গাছের জন্য 7500 চারার প্রয়োজন হয়। সদ্য সংগৃহীত বীজ হলে 140-160 গ্রাম বীজ দিয়ে প্রয়োজনীয় চারা তৈরি করা যায়।,,শুষ্ক মৌসুমে প্রয়োজন অনুযায়ী পানি সেচ দিতে হবে। সেচে ও বৃষ্টির পানি যাতে জমিতে জমে না থাকে সে জন্য পানি নিষ্কাশনের সুব্যবস্থা করতে হবে।,,,"BARI Krishi Projukti Hatboi, 10th edition (Dec 2024), Akhond et al. (eds.) 2025"
fruit,pineapple,আনারস,258,1 Oct-30 Nov; 1 Feb-28 Feb,10-01,11-30,,,50.0,30.0,,,,,,,,,,,,1 Feb-30 Mar; 1 Jun-30 Aug,,,7,মধ্য-আশ্বিন থেকে মধ্য-অগ্রহায়ণ (অক্টোবর থেকে নভেম্বর মাস) আনারসের চারা লাগানোর উপযুক্ত সময়। তাছাড়া সেচের সুবিধা থাকলে মধ্য-মাঘ থেকে মধ্য-ফাল্গুন (ফেব্রুয়ারি মাস) পর্যন্ত চারা লাগানো যায়। 1 মিটার প্রশস্ত বেডে দুই সারিতে চারা রোপণ করতে হবে। সারি থেকে সারির দূরত্ব 50 সেমি এবং চারা থেকে চারার দূরত্ব 30-40 সেমি রাখতে হবে।,,"গোবর, জিপসাম ও টিএসপি সার বেড তৈরির সময় মাটির সাথে মিশিয়ে দিতে হবে। ইউরিয়া ও পটাশ সার চারা রোপণের 4-5 মাস পর থেকে শুরু করে 5 কিস্তিতে প্রয়োগ করতে হবে। সার বেডে ছিটিয়ে ভালভাবে মাটির সাথে মিশিয়ে দিতে হবে।",,সাধারণত চারা রোপণের 15-16 মাস পর মধ্য-মাঘ থেকে মধ্য-চৈত্র (ফেব্রুয়ারি-মার্চ) মাসে আনারস গাছে ফুল আসে এবং মধ্য-জ্যৈষ্ঠ থেকে মধ্য-ভাদ্র (জুন থেকে আগস্ট) মাসে আনারস পাকে।,,"BARI Krishi Projukti Hatboi, 10th edition (Dec 2024), Akhond et al. (eds.) 2025"
fruit,guava,পেয়ারা,260,1 May-30 Sep,05-01,09-30,,,60.0,45.0,,,,,,,,8.0,10.0,,,,,,17,"বীজ দ্বারা বংশ বিস্তার করা সবচেয়ে সহজ। অঙ্গজ পদ্ধতিতে বংশ বিস্তার করলে সে গাছের পেয়ারা মাতৃ গাছের পেয়ারা হতে পার্থক্য হয় না। তাই ফল উৎপাদনের জন্য বীজের চারা এবং বীজ উৎপাদনের জন্য (মাতৃ গাছ) অঙ্গজ পদ্ধতিতে বংশ বিস্তার করাই উত্তম। অঙ্গজ পদ্ধতির মধ্যে গুটি কলমই বহুল প্রচলিত। এক বছর বয়সের চারা বা কলম সাধারণত 4 মিটার দূরে দূরে লাগানো হয়। মে থেকে সেপ্টেম্বর মাস পেয়ারার চারা/কলম লাগানোর উপযুক্ত সময়। তবে পানি সেচের সুব্যবস্থা থাকলে সারা বছরই পেয়ারার চারা/কলম রোপণ করা চলে। চারা লাগাবার জন্য 60 × 60 × 45 সেমি আকারের গর্ত করে প্রতি গর্তে 10-15 কেজি পচা গোবর অথবা আবর্জনা পচা সার, 250 গ্রাম টিএসপি, 250 গ্রাম এমওপি সার প্রয়োগ করে মাটির সঙ্গে ভাল করে মিশিয়ে গর্ত ভর্তি করে 10-15 দিন রেখে দিতে হবে",,,পেয়ারার চারা রোপণের সময় যদি গর্তের মাটি শুকনো থাকে তাহলে চারা গাছের গোড়ায় মাঝে মাঝে পানি দিতে হবে। বৃদ্ধির প্রাথমিক অবস্থায় পেয়ারা গাছে বছরে 8-10 বার পানি সেচের প্রয়োজন। ফলন্ত গাছে শুষ্ক মৌসুমে অর্থাৎ ডিসেম্বর থেকে এপ্রিল পর্যন্ত প্রতি 10-15 দিন পর পর পানি সেচের ব্যবস্থা করলে ফল ঝরা হ্রাস পাবে এবং সাথে সাথে বড় আকারের ফল ও বেশি ফলন পাওয়া যায়। গোড়ায় পানি জমে গেলে ও ঠিকমত নিষ্কাশন না হলে গাছ মরে যেতে পারে।,,,"BARI Krishi Projukti Hatboi, 10th edition (Dec 2024), Akhond et al. (eds.) 2025"
fruit,jujube,কুল,264,1 Apr-30 May; 1 Feb-30 Mar; 15 May-14 Jul; 16 Aug-15 Oct,04-01,05-30,,,100.0,100.0,,,,,,,,,,,,1 Jan-30 Mar,,,10,"দু’ভাবে বংশবিস্তার করা যায়, বীজ থেকে এবং কলম তৈরি করে। কলমের চারা উত্তম কারণ এতে বংশগত গুণাগুণ অক্ষুণ্ন থাকে। বীজ থেকে চারা পেতে হলে বীজকে ভিজা গরম বালির ভেতর দেড় থেকে দুই মাস রেখে দিলে চারা তাড়াতাড়ি গজাবে, না হলে 6-8 সপ্তাহ সময় লেগে যাবে। অন্যদিকে, কলমের চারা পেতে হলে নির্বাচিত স্থানে বীজ বপন ও চারা তৈরি করে তার উপর ‘বাডিং’ এর মাধ্যমে কলম করে নেয়াই শ্রেয়। বলয় (Ring), তালি (Patch) অথবা T-বাডিং যে কোন পদ্ধতিতেই বাডিং করা যায়। তালি, চোখ কলম অপেক্ষা সহজ। বাডিং করার জন্য চারার রুটস্টক বয়স 3 মাস থেকে 1 বছর পর্যন্ত হতে পারে। মধ্য-চৈত্র থেকে বৈশাখ (এপ্রিল-মে) বাডিং করার উপযুক্ত সময়। এক্ষেত্রে সায়ন (Scion) সংগ্রহের উদ্দেশে নির্বাচিত জাত এবং রুটস্টক উভয়েরই পুরানো ডাল-পালা ফাল্গুন থেকে মধ",,,শুষ্ক মৌসুমে বিশেষত চারা গাছে এবং বয়স্ক গাছে ফলের বাড়ন্ত অবস্থায় অগ্রহায়ণ-পৌষ মাসে সেচ দিলে ফলন ও ফলের গুণগত মান বৃদ্ধি পায়। চাষ দিয়ে বা কোদাল দিয়ে কুপিয়ে কুল বাগানের আগাছা নিয়ন্ত্রণ করতে হবে।,জাত অনুসারে মধ্য-পৌষ থেকে মধ্য-চৈত্র (জানুয়ারি থেকে মার্চ) মাসের মধ্যে ফল পাওয়া যায়। সঠিক পরিপক্ক অবস্থায় ফল সংগ্রহ করা খুবই গুরত্বপূর্ণ। অপরিপক্ক ফল আহরণ করা হলে তা কখনই কাঙ্ক্ষিত মানসম্পন্ন হবে না। অতিরিক্ত পাকা ফল নরম এবং মলিন বর্ণের হয়ে যায়। এতে ফলের সংরক্ষণ গুণ কমে যায় এবং ফল দ্রুত নষ্ট হয়ে যায়। ফল যখন হালকা হলুদ বা সোনালী বর্ণ ধারণ করবে এবং এর গন্ধ ও স্বাদ কাঙ্ক্ষিত অবস্থায় পৌঁছবে তখন কুল সংগ্রহ করতে হবে। সংগ্রহকালে যাতে ফলের গায়ে ক্ষত না হয় এবং ফল ফেটে না যায় সেদিকে সতর্ক দৃষ,,"BARI Krishi Projukti Hatboi, 10th edition (Dec 2024), Akhond et al. (eds.) 2025"
fruit,litchi,লিচু,267,15 May-15 Jul; 15 Aug-15 Oct,05-15,07-15,,,100.0,100.0,,,,,,,,3.0,3.0,,,,,,25,জ্যৈষ্ঠ-আষাঢ় (মধ্য-মে থেকে মধ্য-জুলাই) এবং ভাদ্র-আশ্বিন (মধ্য-আগস্ট থেকে মধ্য-অক্টোবর) মাস।,,,"চারা গাছের বৃদ্ধির জন্য শুকনো মৌসুমে 10-15 দিন পর পর সেচ দিতে হবে। ফলন্ত গাছের বেলায় সম্পূর্ণ ফুল ফোঁটা পর্যায়ে একবার, ফল মটর দানার মত হলে একবার এবং এর 15 দিন পর আর একবার মোট তিনবার সেচের ব্যবস্থা করতে হবে। সার প্রয়োগের পর সেচ দেয়া একান্ত দরকার। অপরদিকে, বর্ষার সময় যাতে গাছের গোড়ায় পানি জমে না থাকে তার জন্য পানি নিকাশের ব্যবস্থা নিতে হবে।","ফল পাকার সময় খোসা আকর্ষণীয় খয়েরী, লাল বা সবুজ মিশ্রিত লাল রং ধারণ করে ও খোসার কাটাগুলি চ্যাপ্টা হয়ে সমান হয়ে যায়। মঞ্জরীর গোড়া থেকে পাতাসহ ডাল ভেঙ্গে থোকায় থোকায় লিচু সংগ্রহ করা হয়। বৃষ্টির পর পরই গাছ থেকে ফল সংগ্রহ করা উচিত নয়। কারণ এতে ফল পচে যাওয়ার সম্ভাবনা থাকে। ফল সংগ্রহের সময় ফলবান ও ফল বিহীন বিশেষ করে লিচু মাকড়াক্রান্ত পাতাসহ ডাল ভেঙ্গে দিতে হয়। যথাযথ পরিচর্যা পেলে লিচু গাছ 100 বছর পর্যন্ত লাভজনক ফল দিতে পারে। একটি পূর্ণ বয়স্ক লিচু গাছ থেকে বছরে 5000-10000 (100-150 কেজি) ল",,"BARI Krishi Projukti Hatboi, 10th edition (Dec 2024), Akhond et al. (eds.) 2025"
fruit,coconut,নারিকেল,270,1 Jun-30 Sep,06-01,09-30,,,600.0,600.0,,,,,,,,,,,,14 Feb-13 Jun; 16 Aug-15 Nov,,,13,মধ্য-জ্যৈষ্ঠ থেকে মধ্য-আশ্বিন (জুন থেকে সেপ্টেম্বর) মাস।,,,নারিকেল ফসলের উপর সেচ ও নিষ্কাশনের ভূমিকা গুরুত্বপূর্ণ। পরীক্ষালব্ধ ফলাফল থেকে দেখা গেছে যে সঠিকভাবে সেচ দিলে ফলন 75% পর্যন্ত বেড়ে যায়। শুষ্ক মৌসুমে 10-15 দিন পর পর এবং গাছে সার প্রয়োগের পর পানি সেচ দিতে হবে। বেসিন এবং প্লাবন এ দুই পদ্ধতির সাহায্যে সেচ প্রদান করা যায়। তবে প্লাবন পদ্ধতিতে ফলন ভাল হয়। বর্ষা মৌসুমে গাছের গোড়ায় যেন পানি দাঁড়াতে না পারে তার জন্য পানি নিষ্কাশনের ব্যবস্থা করা দরকার।,ফুল ফোটার 11-12 মাস পর ফল সংগ্রহের উপযোগী হয়। ডাব হিসেবে খাওয়ার জন্য 5-7 মাস বয়সী ফল সংগ্রহ করা হয়। সারা বছরই কম বেশি নারিকেল সংগ্রহ করা যায়। তবে বছরে দু’বার (ফাল্গুন-জ্যৈষ্ঠ) এবং (ভাদ্র-কার্তিক) মাসে বেশির ভাগ গাছ থেকে নারিকেল সংগ্রহ করা হয়। নারিকেল পরিপক্ক হলে বাদামী রং ধারণ করে এবং ঝাঁকি দিলে পানি নড়ে।,,"BARI Krishi Projukti Hatboi, 10th edition (Dec 2024), Akhond et al. (eds.) 2025"
fruit,mandarin,কমলা,272,1 May-30 Jun,05-01,06-30,,,60.0,60.0,,,,,,,,2.0,3.0,25.0,25.0,,,,28,সমতল ভূমিতে বর্গাকার কিংবা ষড়ভুজাকার এবং পাহাড়ী জমিতে কন্টুর পদ্ধতিতে কলম রোপণ করতে হবে। চারা কলম রোপণের পর হালকা ও অস্থায়ী ছায়ার ব্যবস্থা করতে পারলে ভাল। বর্ষার শুরুতে অর্থাৎ বৈশাখ (মে-জুন) মাস কমলার চারা লাগানোর উপযুক্ত সময়। তবে সেচের ব্যবস্থা থাকলে যেকোন মৌসুমে কমলার চারা লাগানো যায়।,,,বয়স্ক গাছে খরা মৌসুমে 2-3টি সেচ দিলে কমলার ফলন ও গুণগত মান বৃদ্ধি পায়। ফলের বাড়ন্ত অবস্থায় সেচ দিলে ফলের আকার বড় ও রসযুক্ত হয়। গাছের গোড়ায় পানি জমলে মাটি বাহিত রোগের প্রকোপ বৃদ্ধি পায়। তাই অতিরিক্ত পানি নালার মাধ্যমে নিষ্কাশন করে দিতে হবে।,ফল ভালভাবে পাকার পর অর্থাৎ কমলা বর্ণ ধারণ করলে সংগ্রহ করতে হবে। এতে ফলের মিষ্টতা বৃদ্ধি পায়। গাছ হতে ফল সংগ্রহ করার সময় লক্ষ্য রাখতে হবে ফলগুলোতে যাতে আঘাত না লাগে। তাজা ফল হিমাগারে সংরক্ষণ করলে 100 সে. তাপামাত্রায় ও 80-90% আপেক্ষিক আর্দ্রতায় 2 মাস পর্যন্ত এবং 5.60 সে. তাপমাত্রায় 3 মাস পর্যন্ত সংরক্ষণ করা যায়। তাজা ফল সংগ্রহের পর 13 শতাংশ তরল মোমের আবরণ দিয়ে সাধারণ তাপমাত্রায়ও 25 দিন পর্যন্ত সংরক্ষণ করা সম্ভব।,,"BARI Krishi Projukti Hatboi, 10th edition (Dec 2024), Akhond et al. (eds.) 2025"
fruit,sweet orange (malta),মাল্টা,278,1 May-30 Aug,05-01,08-30,,,75.0,75.0,,,,,,,,,,,,1 Sep-30 Sep; 1 Oct-30 Oct,,,12,সমতল ভূমিতে বর্গাকার বা ষড়ভুজী পদ্ধতিতে এবং পাহাড়ী এলাকায় কন্টুর পদ্ধতিতে চারা/কলম রোপণ করা হয়। সাধারণত মধ্য-বৈশাখ থেকে মধ্য-ভাদ্র (মে থেকে আগস্ট) মাসের মধ্যে মাল্টা চারা লাগানো উত্তম। তবে পানি সেচ নিশ্চিত করা গেলে বছরের অন্যান্য সময়ও চারা লাগানো যেতে পারে। গর্তে সার প্রয়োগের 10-15 দিন পর নির্বাচিত চারা/কলমটি গর্তের মাঝখানে সোজাভাবে রোপণ করতে হবে। রোপণের পর খুঁটি দিয়ে চারা/কলমটি খুঁটির সাথে বেঁধে দিতে হবে। অতঃপর প্রয়োজনমতো পানি ও বেড়ার ব্যবস্থা করতে হবে।,,,ভাল ফলনের জন্য খরার সময় বা শুষ্ক মৌসুমে নিয়মিত সেচ দেয়া একান্ত দরকার। বর্ষার সময় গাছের গোড়ায় যাতে পানি না জমে সে জন্য দ্রুত পানি নিষ্কাশনের ব্যবস্থা করতে হবে।,"ফল পূর্ণতা প্রাপ্তির সাথে সাথে ফলের গাঢ় সবুজ বর্ণ হালকা সবুজ বা ফ্যাকাশে সবুজ হতে থাকে। বারি মাল্টা-1 সেপ্টেম্বর, অক্টোবর মাসে আহরণ করা হয়। পরিপক্ক ফল হাত অথবা জালিয্ক্তু বাঁশের কোটার সাহায্যে সংগ্রহ করা হয়। ফল সংগ্রহের পর আঘাতপ্রাপ্ত ও নষ্ট হওয়া ফলগুলো আলাদা করতে হবে। ভালোমানের ফলগুলো প্রয়োজনে গ্রেডিং করে পরিষ্কার কাপড় দিয়ে মুছে ঠাণ্ডা জায়গায় সংরক্ষণ করতে হবে।",,"BARI Krishi Projukti Hatboi, 10th edition (Dec 2024), Akhond et al. (eds.) 2025"
fruit,jara lemon,জারা লেবু,282,1 May-30 Oct,05-01,10-30,,,300.0,300.0,,,,,,,,2.0,3.0,,,,,,12,মে থেকে অক্টোবর মাস পর্যন্ত চারা লাগানোর উত্তম সময় তবে যদি সেচ সুবিধা থাকে তাহলে সারা বছরই চারা লাগানো যায়।,,"উল্লিখিত সার সমান তিন কিস্তিতে গাছের গোড়া হতে কিছু দূরে ছিটিয়ে কোদাল দ্বারা কুপিয়ে বা চাষ দিয়ে মাটির সাথে ভালভাবে মিশিয়ে দিতে হবে। পাহাড়ের ঢালে ডিবলিং পদ্ধতি অনুসরণ করতে হবে। প্রথম কিস্তি বর্ষার প্রারম্ভে (বৈশাখ-জ্যৈষ্ঠ), দ্বিতীয় কিস্তি মধ্য-ভাদ্র থেকে মধ্য-কার্তিক (সেপ্টেম্বর-অক্টোবর) মাসে এবং তৃতীয় কিস্তি মাঘ-ফাল্গুন (ফেব্রুয়ারি) মাসে প্রয়োগ করতে হবে।",খরা মৌসুমে 2-3 বার সেচ প্রয়োগ করা দরকার। জলাবদ্ধতা সহ্য করতে পারে না বিধায় বর্ষা মৌসুমে বৃষ্টিপাতের সময় গাছের গোড়ায় যাতে পানি না জমে সেজন্য নালা করে পানি নিষ্কাশনের ব্যবস্থা করতে হয়।,,,"BARI Krishi Projukti Hatboi, 10th edition (Dec 2024), Akhond et al. (eds.) 2025"
fruit,lime (kagzi),কাগজীলেবু,284,1 Jun-30 Aug,06-01,08-30,,,300.0,300.0,,,,,,,,,,,,1 Jan-28 Feb; 1 Apr-30 Sep; 1 Jun-30 Jul; 1 Sep-30 Nov,,,30,কাগজী লেবুর চারা সারি করে বা বর্গাকার প্রণালীতে লাগালে বাগানে আন্তঃপরিচর্যা ও ফল সংগ্রহ সহজ হয়। পাহাড়ী ঢালু জমিতে ঢালের আড়াআড়ি সারি করে চারা লাগালে মাটি ক্ষয় কম হয়। জুন থেকে আগস্ট মাস পর্যন্ত চারা লাগানোর উত্তম সময় তবে সেচ সুবিধা থাকেলে সারা বছর চারা লাগানো যায়।,,,চারা রোপণের পর ঝরণা দ্বারা বেশ কিছু দিন পর্যন্ত পানি সেচ দিতে হবে। সর্বোচ্চ ফলনের জন্য ফুল আসা ও ফলের বিকাশের সময় মাটিতে পর্যাপ্ত আর্দ্রতা থাকা আবশ্যক। এ জন্য খরা মৌসুমে কাগজী লেবু বাগানে,সারা বছরই কাগজী লেবু উৎপন্ন হয় তবে কাগজী লেবুর ফুল আসার প্রধান মৌসুম হল জানুয়ারি থেকে ফেব্রুয়ারি মাস এবং তা থেকে এপ্রিল হতে সেপ্টেম্বর মাস পর্যন্ত ফল আহরণ করা হয়। আবার অনেক সময় জুন-জুলাই মাসেও কিছু ফুল আসে এবং তা থেকে সেপ্টেম্বর হতে নভেম্বর মাস পর্যন্ত ফল আহরণ করা যায়। ফলের ত্বক তুলনামূলকভাবে মসৃণ ও ফলের রং গাঢ় সবুজ হতে কিছুটা হালকা হয়ে আসলে ফল সংগ্রহ করতে হবে। ফল সংগ্রহ করার পর প্রথমে বাছাই এর মাধ্যমে ভাল ও ত্রুটিপূর্ণ (বাজারজাতকরণের অনুপযোগী) ফলগুলো আলাদা করা হয়। তারপর ভাল ফলগুলো গ্রে,,"BARI Krishi Projukti Hatboi, 10th edition (Dec 2024), Akhond et al. (eds.) 2025"
fruit,sweet lime,মিষ্টিলেবু,287,1 May-30 Aug,05-01,08-30,,,,,,,,,,,,,,,,,,,10,সমতল ভূমিতে বর্গাকার বা ষড়ভুজী পদ্ধতিতে এবং পাহাড়ী এলাকায় কন্টুর পদ্ধতিতে চারা/কলম রোপণ করা হয়। সাধারণত মধ্য-বৈশাখ থেকে মধ্য-ভাদ্র (মে-আগস্ট) মাসের মধ্যে মিষ্টিলেবুর চারা লাগানো উত্তম। তবে পানি সেচ নিশ্চিত করা গেলে বছরের অন্যান্য সময়ও কলম লাগানো যেতে পারে।,,,ভাল ফলনের জন্য খরার সময় বা শুষ্ক মৌসুমে নিয়মিত সেচ দেয়া একান্ত দরকার। বর্ষার সময় গাছের গোড়ায় যাতে পানি না জমে সে জন্য দ্রুত পানি নিষ্কাশনের ব্যবস্থা করতে হবে।,,,"BARI Krishi Projukti Hatboi, 10th edition (Dec 2024), Akhond et al. (eds.) 2025"
fruit,pomelo,বাতাবিলেবু,290,1 Jun-30 Sep,06-01,09-30,,,600.0,600.0,,,,,,,,2.0,3.0,,,1 Sep-30 Nov,,,13,মধ্য জ্যৈষ্ঠ-মধ্য আশ্বিন (জুন-সেপ্টেম্বর) মাস চারা রোপণের উপযুক্ত সময়। তবে অধিক বৃষ্টিপাতের সময় কলম রোপণ না করাই ভাল। সেচ সুবিধা থাকলে সারা বছরই বাতাবিলেবুর চারা/কলম রোপণ করা চলে।,,"সার একেবারে গাছের গোড়ায় না দিয়ে যত দ‚র পর্যন্ত ডালপালা বিস্তার লাভ করে সে এলাকায় মাটির সাথে ভালভাবে মিশিয়ে দিতে হয়। উল্লিখিত সার 3 কিস্তিতে ফাল্গুন (ফেব্রুয়ারি), মধ্য-বৈশাখ থেকে মধ্য-জ্যৈষ্ঠ (মে) ও মধ্য আশ্বিন থেকে মধ্য-কার্তিক (অক্টোবর) মাসে প্রয়োগ করতে হবে।",ফুল আসা ও ফল ধরার সময় পানির অভাব হলে ফল ঝরে পড়া ও সূর্য পোড়া দাগ দেখা যায়। তাই শুষ্ক মৌসুমে 21 দিন পর পর 2-3টি সেচ দিলে ভাল ফলন পাওয়া যায়। বর্ষার সময় গাছের গোড়ায় যাতে পানি জমতে না পারে সে জন্য পানি নিকাশের ব্যবস্থা করতে হবে।,ফল কিছুটা হলদে বর্ণ ধারণ করলে মধ্য-ভাদ্র থেকে মধ্য-কার্তিক (সেপ্টেম্বর থেকে নভেম্বর) ফল সংগ্রহ করা যায়। বাতাবিলেবু পাকার পরও দীর্ঘ দিন গাছে সংরক্ষণ (Tree storage) করা যায়।,,"BARI Krishi Projukti Hatboi, 10th edition (Dec 2024), Akhond et al. (eds.) 2025"
fruit,satkara (Citrus macroptera),সাতকরা,291,14 Apr-13 Jun; 16 Aug-15 Oct,04-14,06-13,,,75.0,75.0,,,,,,,,2.0,3.0,,,,,,9,"বীজ এবং অঙ্গজ দুই ভাবেই সাতকরার বংশ বিস্তার হয়। অঙ্গজ উপায়ে জোড় কলম (ভিনিয়ার ও ক্লেফট গ্রাফটিং) ও কুঁড়ি সংযোজন (টি-বাডিং) পদ্ধতি ব্যবহার করা হয়। রোপণের 15-20 দিন পূর্বে উভয় দিকে 5-6 মিটার দূরত্বে 75 × 75 × 75 সেমি মাপের গর্ত করতে হবে। প্রতি গর্তে 15 কেজি কম্পোস্ট বা পচা গোবর, 3-5 কেজি ছাই, 500 গ্রাম টিএসপি, 250 গ্রাম এমওপি এবং 250 গ্রাম চুন গর্তের উপরের মাটির সাথে ভালভাবে মিশিয়ে গর্ত ভরাট করে পানি দিতে হবে। গর্ত ভর্তি করার 10-15 দিন পর গর্তের মাঝখানে 1 বছর বয়সের নির্বাচিত চারাটি সোজাভাবে লাগিয়ে গোড়ার মাটি সামান্য চেপে দিতে হয় এবং লাগানোর পরপরই খুঁটি ও পানি দেয়ার ব্যবস্থা করতে হয়। বৈশাখ-জ্যৈষ্ঠ এবং ভাদ্র-আশ্বিন মাস সাতকরার চারা/কলম রোপণের উপযুক্ত সময়।",,,বয়স্ক গাছে খরা মৌসুমে 2-3টি সেচ দিলে সাতকরার ফলন ও গুণগত মান বৃদ্ধি পায়। গাছের গোড়ায় পানি জমলে মাটি বাহিত রোগের প্রকোপ বৃদ্ধি পায়। তাই অতিরিক্ত পানি নালার মাধ্যমে নিষ্কাশন করে দিতে হবে।,পরিপক্ক হলে সাতকরা হালকা সবুজ বর্ণ ধারণ করে এবং এর খোসা তুলনামূলকভাবে মসৃণ হয়ে আসে। গাছ হতে ফল সংগ্রহ করার সময় লক্ষ্য রাখতে হবে ফলগুলোতে যাতে আঘাত না লাগে। সার গাছের বয়স 1-2 বছর 3-4 বছর 5-10 বছর 10 বছরের উর্ধ্বে গোবর (কেজি) 7-10 10-15 20-25 25-30 ইউরিয়া (গ্রাম) 175-225 270-300 500-600 600-700 টিএসপি (গ্রাম) 80-90 140-170 400-450 450-500 এমওপি (গ্রাম) 140-160 400-500 500-550 600-680,,"BARI Krishi Projukti Hatboi, 10th edition (Dec 2024), Akhond et al. (eds.) 2025"
fruit,hog plum,আমড়া,294,,,,,,60.0,60.0,,,,,,,,,,,,,,,11,বীজ বা কলমের মাধ্যমে আমড়ার বংশবিস্তার করা হয়। পরিপক্ক আমড়া বীজ থেকে শাঁস ছাড়িয়ে নিয়ে বালিতে রোপণ করতে হয়। চারা গজানোর পর ছোট অবস্থায় চারাগুলো তুলে কম্পোস্ট ও ভিটি বালি মিশ্রিত অন্য টবে স্থানান্তর করতে হয়। একটি বীজ থেকে এক বা একাধিক চারা হতে পারে। কম্পোস্ট ও ভিটিবালি মিশ্রিত টবে একবারে বীজ লাগিয়েও এই চারা উৎপাদন করা যায়। তবে এক্ষেত্রে চারার অঙ্কুরোদগম ক্ষমতা কমে যায়। বীজের চারাতেও বংশগত গুণাগুণ ঠিক থাকে। কলমের মাধ্যমেও আমড়ার বংশবিস্তার হয়ে থাকে। তবে এ ক্ষেত্রে দেশি আমড়ার চারা রুটস্টক হিসেবে ব্যবহার করে ক্লেফট পদ্ধতিতে আমড়ার কলম করা হয়।,,"দুই-তিন মাস অন্তর 4 কিস্তিতে (বৈশাখ, আষাঢ়, আশ্বিন ও অগ্রহায়ণ) উপরোক্ত সার প্রয়োগ করতে হবে। বারি আমড়া-2 এর ক্ষেত্রে সারের পরিমাণ দ্বিগুণ হবে এবং বছরে দুই কিস্তিতে (বৈশাখ ও অগ্রহায়ণ) সার প্রয়োগ করতে হবে।","গাছের বৃদ্ধির জন্য শুকনা মৌসুমে সেচ প্রয়োগ করা উত্তম। ফলন্ত গাছের বেলায় আমড়ার ফুল ফোঁটার শেষ পর্যায়ে এবং মটর দানার সময়ে একবার, স্প্রিংকলার বা বেসিন পদ্ধতিতে সেচ প্রয়োগ করতে হবে। গাছে সার প্রয়োগের পর হালকা সেচ প্রয়োগ করা হলে সুফল পাওয়া যায়।",খাওয়ার জন্য পুষ্ট ফল গাছ থেকে সংগ্রহ করা হয়। ফল পুষ্ট হলে আমড়ার রং সবুজ এবং গায়ে হালকা বাদামী প্যাচ সৃষ্টি হয়। চারা তৈরির জন্য আমড়া গাছে পাকিয়ে নেয়াই উত্তম। পাকা হালকা হলুদ রং ধারণ করে। পুষ্ট ফলের বীজ থেকেও চারা তৈরি করা যায়।,,"BARI Krishi Projukti Hatboi, 10th edition (Dec 2024), Akhond et al. (eds.) 2025"
fruit,wax apple,জামরুল,296,1 Jun-30 Jun,06-01,06-30,,,100.0,100.0,,,,,,,,2.0,3.0,,,,,,5,"সাধারণত শাখা কলম ও গুটি কলমের মাধ্যমে জামরুলের বংশ বিস্তার করা হয়। মধ্য-জ্যৈষ্ঠ থেকে মধ্য-আষাঢ় (জুন) মাসে 1 × 1 × 1 মিটার গর্ত করে তা 3 সপ্তাহ উন্মুক্ত রাখতে হবে। তার পর 10-15 কেজি পচা গোবর, 250 গ্রাম টিএসপি এবং 250 গ্রাম এমওপির মিশ্রণ প্রতি গর্তে প্রয়োগ করতে হবে এবং কমপক্ষে এক সপ্তাহ পর চারা লাগাতে হবে। সাধারণত বাড়ির আঙ্গিনায় 1/2টি জামরুলের চারা লাগানো হয়। চারা 5-6 মিটার দূরে লাগাতে হবে।",,,,,,"BARI Krishi Projukti Hatboi, 10th edition (Dec 2024), Akhond et al. (eds.) 2025"
fruit,sapodilla,সফেদা,298,,,,,,600.0,600.0,,,,,,,,,,,,,,,8,বাগান আকারে চাষের জন্য 6 × 6 মিটার হিসেবে রোপণের দূরত্ব বজায় রাখতে হবে। এ হিসেবে হেক্টরপ্রতি চারা লাগবে 278টি। চারা লাগানোর 10-15 দিন আগে নিয়ম অনুযায়ী গর্ত তৈরি করে নির্ধারিত হারে সার প্রয়োগ করতে হবে।,,"উল্লিখিত পরিমাণ সার সমান তিন কিস্তিতে যথাক্রমে মার্চ, জুন ও সেপ্টেম্বর বা অক্টোবর মাসে প্রয়োগ করতে হবে। গোবর বা কম্পোস্ট সার মার্চ ও সেপ্টেম্বরে দুই কিস্তিতে দেয়া যেতে পারে। প্রয়োজনে সার প্রয়োগের পর হালকা সেচ দিতে হবে।",সফেদা গাছ খরা সহ্য করতে পারে। তবে বেশি খরার সময় প্রয়োজনীয় সেচ দিলে ফলন ভাল হয়।,,,"BARI Krishi Projukti Hatboi, 10th edition (Dec 2024), Akhond et al. (eds.) 2025"
fruit,carambola,কামরাঙ্গা,299,1 Jun-30 Sep; 1 Oct-30 Oct,06-01,09-30,,,700.0,700.0,,,,,,,,2.0,3.0,,,,,,9,চারা বা কলম রোপণের উপযুক্ত সময় মধ্য-জ্যৈষ্ঠ থেকে মধ্য-ভাদ্র (জুন-সেপ্টেম্বর) মাস। তবে সেচ সুবিধা থাকলে আশ্বিন- কার্তিক (অক্টোবর) মাস পর্যন্ত চারা/কলম রোপণ করা যেতে পারে।,,,চারা রোপণের পর 1 মাস নিয়মিত সেচ প্রদান করতে হবে। শুষ্ক মৌসুমে এবং ফল ধরার পর প্রতি 15 দিন অন্তর 2-3 বার সেচ দিলে ফল ঝরার মাত্রা কমে এবং ফলন বৃদ্ধি পায়। বর্ষা মৌসুমে বাগানে পানি নিষ্কাশনের ব্যবস্থা করতে হবে।,"পুষ্ট, রং উজ্জ্বল ও হালকা হলুদ হলেই ফল সংগ্রহ করতে হয়। গাছে ঝাকি দিয়ে ফল আহরণ করা যাবে না এবং আহরণ কালে ফল যাতে মাটিতে না পড়ে এবং কোনভাবে আঘাতপ্রাপ্ত না হয় সেদিকে সতর্ক নজর রাখতে হবে। বৃষ্টির পরপরই ফল সংগ্রহ করা ঠিক নয়। হাত দিয়ে বা জাল লাগানো কোটার সাহায্যে খুব সাবধানে ফল সংগ্রহ করতে হবে। সংগৃহীত ফল সরাসরি রোদে না রেখে ছায়ায় রাখতে হবে। সারের নাম গাছের বয়স বয়সভেদে গাছপ্রতি সারের পরিমাণ 1-3 বছর 4-6 বছর 7 - 10 বছর 10 বছরের ঊর্ধ্বে জৈব সার (কেজি) 10-15 15-20 20-30 30-40 ইউরিয়া (গ্রাম) 300",,"BARI Krishi Projukti Hatboi, 10th edition (Dec 2024), Akhond et al. (eds.) 2025"
fruit,tikoi (Garcinia),তৈকর,301,,,,,,600.0,600.0,,,,,,,,,,,,,,,6,"গর্ত তৈরির কমপক্ষে 15 দিন পর চারা রোপণ করতে হবে। চারাটি গর্তে সোজা করে লাগাতে হবে। লাগানোর পর ঝর্ণা দিয়ে পানি সেচ, খুঁটি ও বেড়া দিতে হবে।",,,"শুকনা মৌসুমে 15 দিন অন্তর পানি সেচ দেয়া উত্তম। পাহাড়ী অঞ্চলে বর্ষার শেষে মালচিং করা যেতে পারে। এতে মাটির পানি ধারণ ক্ষমতা বৃদ্ধি পায়। মনে রাখতে হবে, সার প্রয়োগের পর পানি সেচ অত্যন্ত জরুরি । জমিতে ‘জো’ না থাকলে ফুল আসার পর ও ফল মটর দানার সময় গাছে অবশ্যই পানি সেচ দিতে হবে।",বছরে সাধারণত 2 বার ফল সংগ্রহ করা হয়। পরিপক্ক অবস্থায় ফলের রং হলদে হয়।,,"BARI Krishi Projukti Hatboi, 10th edition (Dec 2024), Akhond et al. (eds.) 2025"
fruit,Burmese grape (latkan),লটকন,302,1 Apr-30 May; 1 Sep-30 Sep,04-01,05-30,,,700.0,700.0,,,,,,,,1.0,1.0,,,1 Jul-30 Aug,,,11,বৈশাখ-জ্যৈষ্ট (এপ্রিল-মে) মাস চারা রোপণের উপযুক্ত সময়। তবে বর্ষার শেষের দিকে অর্থাৎ ভাদ্র-আশ্বিন (সেপ্টেম্বর) মাসেও গাছ রোপণ করা যেতে পারে।,,,চারা রোপণের প্রথমদিকে ঘন ঘন সেচ দেয়া দরকার। ফল ধরার পর শুকনো মৌসুমে শীতের শেষে গাছে ফুল আসার পর 2/1টি সেচ দিতে পারলে ফলের আকার বড় হয় ও ফলন বাড়ে।,শীতের শেষে গাছে ফুল আসে এবং জুলাই-আগস্ট মাসে ফল পাকে। ফলের রং হালকা হলুদ থেকে ধূসর বর্ণ ধারণ করলে ফল সংগ্রহের উপযুক্ত সময়।,,"BARI Krishi Projukti Hatboi, 10th edition (Dec 2024), Akhond et al. (eds.) 2025"
fruit,Indian gooseberry,আমলকি,305,14 Apr-13 Jun; 16 Aug-15 Oct,04-14,06-13,,,700.0,700.0,,,,,,,,1.0,1.0,,,,,,12,বর্ষার শুরুতে অর্থাৎ বৈশাখ-জ্যৈষ্ঠ মাস গাছ রোপণের উপযুক্ত সময়। তবে বর্ষার শেষে অর্থাৎ ভাদ্র-আশ্বিন মাসে গাছ লাগানো যায়। অতিরিক্ত বর্ষায় চারা রোপণ না করাই ভাল।,,,চারা রোপণের প্রথমদিকে প্রয়োজনমতো সেচ দেয়া দরকার। এছাড়া খরা বা শুকনো মৌসুমে পানি সেচ দেয়া ভালো।,"ডালপালায় ঝাকুনি দিয়ে ফল মাটিতে ফেললে ফল আঘাত প্রাপ্ত হয়ে দ্রুত নষ্ট হয়ে যায়। তবে গাছের নিচে জাল ধরে শাখায় ঝাকুনি দিয়েও ফল সংগ্রহ করা যায়। সমস্ত ফল একসাথে পরিপক্ক হয় না। তাই 2/1 দিন পরপর ফল সংগ্রহ করতে হয়। সংগ্রহের সাথে সাথেই ফল বাজারজাত করতে হবে, কেননা সময় অতিবাহিত হওয়ার সাথে সাথে সংগৃহীত ফলে ভিটামিন ‘সি’ এর পরিমাণ কমতে থাকে।",,"BARI Krishi Projukti Hatboi, 10th edition (Dec 2024), Akhond et al. (eds.) 2025"
fruit,longan,আঁশফল,306,,,,,,500.0,500.0,,,,,,,,,,,,,,,6,গ্রাফটিং ও গুটি কলমের মাধ্যমে চারা তৈরি করা যায়। বাগানে রোপণের দূরত্ব 5 × 5 মিটার রাখতে হবে। এ হিসেবে হেক্টরপ্রতি চারা লাগবে 400টি।,,,খরার সময় পানি সেচের প্রয়োজন হয়। অতিবৃষ্টির সময় পানি নিকাশের ব্যবস্থা করতে হবে।,,,"BARI Krishi Projukti Hatboi, 10th edition (Dec 2024), Akhond et al. (eds.) 2025"
fruit,rambutan,রাম্বুতান,308,15 Sep-15 Oct,09-15,10-15,,,100.0,100.0,,,,,,,,3.0,3.0,10.0,12.0,,,,12,মধ্য-সেপ্টেম্বর থেকে মধ্য-অক্টোবর কলম রোপণের উপযুক্ত সময়।,,,"রাম্বুতান গাছ খরা সংবেদনশীল। চারার বৃদ্ধির জন্য শুকনো মৌসুমে 10-15 দিন পরপর সেচ দিতে হবে। ফলন্ত গাছের বেলায় সম্পূর্ণ ফুল ফোটা পর্যায়ে একবার, ফল মটর দানার মতো হলে একবার এবং এর 15 দিন পর আরও একবার মোট তিনবার সেচের ব্যবস্থা করতে হবে। সার প্রয়োগের পর সেচ দেয়া ভাল। বর্ষার সময় যাতে গাছের গোড়ায় পানি না জমে তার জন্য নিষ্কাশনের ব্যবস্থা করতে হবে। এ ছাড়া ফুল আসার 6-8 সপ্তাহ আগে সামান্য পানির কষ্ট দিলে আগাম ও অধিক ফুল ফুটতে দেখা যায়।",সাধারণত ফল ও স্পাইনলেটের রং লালচে বর্ণ ধারণ করলে ফল সংগ্রহ করতে হবে। অপরিপক্ক ফলে মিষ্টতা ও অন্যান্য গুণাবলী পরিপক্ক ফলের তুলনায় অনেক কম থাকে। ভাল বাজার মূল্য পাওয়ার জন্য ফল লালচে খয়েরী বর্ণ ধারণ করার 10-12 দিনের মধ্যে সংগ্রহ করা ভাল। গাছে ফল অতিরিক্ত পাকিয়ে সংগ্রহ করলে এরিল শুকিয়ে শক্ত হয় এবং ফলের সুগন্ধ ও স্বাদ কমে যায়।,,"BARI Krishi Projukti Hatboi, 10th edition (Dec 2024), Akhond et al. (eds.) 2025"
fruit,strawberry,স্ট্রবেরি,310,15 Sep-15 Oct; 1 Nov-30 Dec,09-15,10-15,,,,,250.0,200.0,220.0,150.0,,,,,,,,1 Oct-7 Oct,10.0,12.0,15,স্ট্রবেরি রানারের মাধ্যমে বংশ বিস্তার করে থাকে। তাই পূর্ববর্তী বছরের গাছ নষ্ট না করে জমি থেকে তুলে জৈব পদার্থ সমৃদ্ধ হালকা ছায়াযুক্ত স্থানে রোপণ করতে হবে। উক্ত গাছ হতে উৎপন্ন রানারে যখন শিকড় বের হবে তখন তা কেটে 50 ভাগ গোবর ও 50 ভাগ পলিমাটিযুক্ত পলিথিন ব্যাগে লাগাতে হবে এবং হালকা ছায়াযুক্ত নার্সারিতে সংরক্ষণ করতে হবে। অতিরিক্ত বৃষ্টির হাত হতে চারাকে রক্ষার জন্য বৃষ্টির মৌসুমে চারার উপর পলিথিনের ছাউনি দিতে হবে। রানারের মাধ্যমে বংশ বিস্তার করা হলে স্ট্রবেরির ফলন ক্ষমতা ধীরে ধীরে হ্রাস পেতে থাকে। তাই জাতের ফলন ক্ষমতা অক্ষুন্ন রাখার জন্য টিস্যু কালচারের মাধ্যমে উৎপাদিত চারা ব্যবহার করা উত্তম। স্ট্রবেরি উৎপাদনের জন্য কয়েকবার চাষ ও মই দিয়ে উত্তমরূপে জমি তৈরি করতে হবে। চারা রোপণের জন্য বেড পদ্ধ,,,জমিতে রসের অভাব দেখা দিলে প্রয়োজন মতো পানি সেচ দিতে হবে। স্ট্রবেরি জলাবদ্ধতা মোটেই সহ্য করতে পারে না। তাই বৃষ্টি বা সেচের অতিরিক্ত পানি দ্রুত নিষ্কাশনের ব্যবস্থা করতে হবে।,ভাদ্র মাসের মাঝামাঝী (অক্টোবরের শুরু) সময়ে রোপণকৃত বারি স্ট্রবেরি-1 এর ফল সংগ্রহ পৌষ মাসে শুরু হয়ে ফাল্গুন মাস পর্যন্ত চলে। ফল পেকে লাল বর্ণ ধারণ করলে ফল সংগ্রহ করতে হয়। স্ট্রবেরির সংরক্ষণ কাল খুবই কম বিধায় ফল সংগ্রহের পর পরই তা টিস্যু পেপার দিয়ে মুড়িয়ে প্লাস্টিকের ঝুড়ি বা ডিমের ট্রেতে এমনভাবে সংরক্ষণ করতে হবে যাতে ফল গাদাগাদি অবস্থায় না থাকে। ফল সংগ্রহের পর যত তাড়াতাড়ি সম্ভব বাজারজাত করতে হবে। স্ট্রবেরির সংরক্ষণ গুণ ও পরিবহন সহিষ্ণুতা কম হওয়ায় বড় বড় শহরের কাছাকাছি এর চাষ করা উত্ত,,"BARI Krishi Projukti Hatboi, 10th edition (Dec 2024), Akhond et al. (eds.) 2025"
fruit,velvet apple,বিলাতি গাব,313,14 Apr-14 Jul; 1 May-30 Oct,04-14,07-14,,,100.0,100.0,,,,,,,,1.0,1.0,,,16 Jul-14 Sep,,,9,"বীজের মাধ্যমে সাধারণত বিলাতি গাবের বংশ বিস্তার করা হয়ে থাকে। বীজাবরণ বেশ শক্ত বিধায় পরিপক্ক ফল থেকে বীজ সংগ্রহ করে 24-30 ঘণ্টা পানিতে ভিজিয়ে নিলে অঙ্কুরোদ্গম ত্বরান্বিত হয়। বীজ দ্বারা বংশ বিস্তার করা হলে মাতৃগাছের গুণাগুণ অক্ষুণ্ন থকে না বিধায় অযৌন পদ্ধতিতে বংশ বিস্তার করা উত্তম। অঙ্গজ উপায়ে গুটি কলম এবং এক বছর বয়স্ক বিলাতি গাবের চারার উপর ভিনিয়ার/ক্লেফট পদ্ধতিতে সহজেই বিলাতি গাবের কলম করা যায়। বৈশাখ থেকে আষাঢ় মাস কলম করার উপযুক্ত সময়। সমতল ভূমিতে বর্গাকার বা ষড়ভুজ প্রণালীতে চারা লাগানো যেতে পারে। কিন্তু উঁচু নিচু পাহাড়ে কন্টুর রোপণ প্রণালী অনুসরণ করতে হবে। মে থেকে অক্টোবর মাস পর্যন্ত বিলাতি গাবের চারা রোপণ করা যায়। এক বছর বয়সী সুস্থ, সবল ও রোগমুক্ত চারা/কলম রোপণের জন্য নির্বা",,,"চারা রোপণের প্রথমদিকে প্রয়োজনমতো সেচ দেয়া দরকার। খরা বা শুকনো মৌসুমে পানি সেচ দিলে ফল ঝরা কমে, ফলন বৃদ্ধি পায় এবং ফলের আকার ও অন্যান্য গুণাগুণ ভাল হয়। সার গাছের বয়স 1-3 বছর 4-7 বছর 8-10 বছর 10 বছর এর উর্ধ্বে গোবর/কম্পোস্ট 10-15 15-20 20-25 25-30 সার (কেজি) ইউরিয়া (গ্রাম) 200-300 300-450 500-800 1000 টিএসপি (গ্রাম) 150-200 200-300 300-400 500 এমওপি (গ্রাম) 150-200 200-300 300-400 500",শীতের শেষে গাছে ফুল আসে এবং বর্ষার শেষভাগে শ্রাবণ-ভাদ্র মাসে ফল পাকে। ফল পূর্ণতা প্রাপ্তির সাথে সাথে হালকা লাল থেকে উজ্জ্বল বর্ণ ধারণ করে। পরিপক্ক ফল হাত দিয়ে কিংবা জালিযুক্ত বাঁশের কোটা দিয়ে সংগ্রহ করতে হয়।,,"BARI Krishi Projukti Hatboi, 10th edition (Dec 2024), Akhond et al. (eds.) 2025"
fruit,wood apple,কদবেল,315,,,,,,600.0,600.0,,,,,,,,,,,,1 Feb-30 Apr; 1 Oct-30 Nov,,,8,গর্তে সার প্রয়োগের 10-15 দিন পর গর্তের মাঝখানে ঠিক খাড়াভাবে চারা রোপণ করতে হবে। চারা রোপণের সময় মাটি নিচের দিকে ভালভাবে চাপ দিতে হয় যাতে চারাটি শক্তভাবে দাড়িয়ে থাকতে পারে। চারাটি একটি বা দুটি খুঁটির সাথে বেঁধে দিতে হবে। গরু ছাগলের উপদ্রব থেকে চারাকে রক্ষার জন্য বেড়ার ব্যবস্থা করতে হবে। চারা রোপণের পর প্রয়োজনীয় সেচের ব্যবস্থা নিতে হবে। এমতাবস্থায় মালচিং দিলে খুবই ভাল হয়।,,,চারা রোপণের পর ঘন ঘন সেচ দেয়া দরকার। খরা বা শুকনো মৌসুমে পানি সেচ দিলে ভাল ফলন পাওয়া যায়।,ফেব্রুয়ারি থেকে এপ্রিল মাসে গাছে ফুল আসে এবং শীতের প্রারম্ভে অর্থাৎ অক্টোবর-নভেম্বর মাসে ফল পাকতে শুরু করে। আমাদের দেশে সাধারণত অপরিপক্ক ফল আহরণ করে কয়েকদিন রোদে রেখে পাকানো হয়। এতে ফলের কা•িক্ষত স্বাদ ও গন্ধ পাওয়া যায় না এবং অনেক ফল নষ্ট হয়। ফল পরিপক্ক হলে এর ত্বক ধুসর মলিন বর্ণ ধারণ করে এবং ফলের বোঁটা আলগা হয়ে যায়। সামান্য ঝাকুনিতেই ফল ঝরে পড়ে। গাছে ঝাকি দিয়ে ফল আহরণ করা উচিৎ নয়। এতে অনেক ফল বিবর্ণ হয়ে যায় এবং ফেটে নষ্ট হয়।,,"BARI Krishi Projukti Hatboi, 10th edition (Dec 2024), Akhond et al. (eds.) 2025"
fruit,bael,বেল,316,,,,,,,,,,,,,,,,,,,,,,2,,,,,,,"BARI Krishi Projukti Hatboi, 10th edition (Dec 2024), Akhond et al. (eds.) 2025"
fruit,Indian olive,জলপাই,317,1 May-30 Oct,05-01,10-30,,,700.0,700.0,,,,,,,,,,,,1 Apr-30 May; 1 Nov-30 Dec,,,11,মে-অক্টোবর মাস চারা রোপণের উপযুক্ত সময়। তবে পানি সেচের সুব্যবস্থা থাকলে সারা বছরই চারা রোপণ করা যেতে পারে।,,,"যেহেতু জলপাই গাছ শুকনো আবহাওয়া ও খরা সহ্য করতে পারে, সেজন্য বৃষ্টিপাতের পরিমাণ, মাটি ও গাছের বয়সের উপর ভিত্তি করে সেচের ব্যবস্থা করতে হবে। শীতকালে 4-5 সপ্তাহ ও গরমকালে 2-3 সপ্তাহ পর পর সেচ দিলে ভাল হয়। ফল ধরনের পর কমপক্ষে দুবার সেচ দিতে হবে। বর্ষা মৌসুমে গাছের গোড়ায় যাতে জলবদ্ধতা না হয় সে জন্য দ্রুত পানি নিষ্কশনের সুব্যবস্থা থাকতে হবে।",বর্ষার প্রারম্ভে এপ্রিল-মে মাসে গাছে ফুল আসে এবং শীতের পূর্বে নভেম্বর-ডিসেম্বর মাসে ফল পরিপক্ক হয়। পাকার পরও ফল সবুজ থাকে। তাই ফলের আকার বৃদ্ধির উপর ভিত্তি করে ফল সংগ্রহ করতে হবে। ডালপালায় ঝাকুনি দিয়ে ফল মাটিতে ফেললে ফল আঘাতপ্রাপ্ত হয়ে দ্রুত নষ্ট হয়ে যায়। তবে গাছের নিচে জাল ধরে শাখায় ঝাকুনি দিয়েও ফল সংগ্রহ করা যায়। ভাল যত্ন নিলে পূর্ণ বয়স্ক গাছ থেকে প্রতি বছর 200-250 কেজি ফল পাওয়া যায়।,,"BARI Krishi Projukti Hatboi, 10th edition (Dec 2024), Akhond et al. (eds.) 2025"
fruit,pear,নাশপাতি,321,1 Jun-30 Oct,06-01,10-30,,,,400.0,,,,,,,,,,10.0,12.0,1 Mar-30 Apr; 23 Jul-30 Jul,,,12,স্টেম কাটিং বা শাখা কর্তন ও গুটি কলমের মাধ্যমে নাশপাতির বংশ বিস্তার করা যায়। বর্ষাকাল কলম করার উপযুক্ত সময়। এক বছর বয়স্ক পেন্সিল আকৃতির ডাল কলমের জন্য নির্বাচন করা হয়। ছিদ্রযুক্ত পলিথিনে কলম স্থাপন করে নার্সারিতে ঝাঝরী দিয়ে পানি দেয়াসহ প্রয়োজনীয় পরিচর্যা করলে এক বছরের মধ্যে চারা রোপণের উপযোগী হয়। সাধারণত সমতল ভ‚মিতে বর্গাকার এবং পাহাড়ের ঢালে কন্টুর রোপণ পদ্ধতি অনুসরণ করা হয়। জুন থেকে অক্টোবর মাস পর্যস্ত চারা লাগানোর উত্তম সময়। তবে সেচ সুবিধা থাকলে সারা বছরই চারা লাগানো যায়। সারি থেকে সারি এবং চারা থেকে চারার দূরত্ব 4 মিটার। এ হিসেবে প্রতি হেক্টর জমিতে 625টি চারা দরকার হয়। মাদা তৈরি করার পর তাতে 15-20 দিন পর চারা বা কলম লাগাতে হয়। গর্তের ঠিক মাঝখানে চারা লাগাতে হবে তারপর খুঁটি ,,,চারা রোপণের পর ঝরনা দিয়ে বেশ কিছু দিন পর্যস্ত সেচ দিতে হয়। সর্বোচ্চ ফলনের জন্য ফুল আসা ও ফলের বিকাশের সময় মাটিতে পর্যাপ্ত আর্দ্রতা থাকা আবশ্যক। এ জন্য খরা মৌসুমে সেচ দেয়া প্রয়োজন। বর্ষাকালে গাছের গোড়ায় যাতে পানি জমতে না পারে সে জন্য নিষ্কাশনের ব্যবস্থা করতে হবে।,মার্চ-এপ্রিল মাসে গাছে ফুল আসে। জুলাই মাসের শেষ পক্ষে ফল সংগ্রহের উপযুক্ত সময়। ফল অতি সাবধানে সংগ্রহ করা প্রয়োজন যাতে মাটিতে না পড়ে। কারণ আঘাতপ্রাপ্ত ফল সংরক্ষণ করা যায় না। ফল সংগ্রহের পর সংরক্ষণের জন্য ভালভাবে বাছাই করা দরকার যাতে কোনরূপ ত্রুটিযুক্ত ফল না থাকে। তারপর কাগজ বা কাঠের বাক্সে করে বাজারজাত করা উত্তম। এভাবে 10-12 দিন পর্যস্ত ফল সংরক্ষণ করা যায়। গাছের বয়স ও আকারভেদে নাশপাতির ফলনে তারতম্য ঘটে। একটি পূর্ণ বয়স্ক গাছ থেকে 20 - 40 কেজি পর্যস্ত ফল সংগ্রহ করা যায়।,,"BARI Krishi Projukti Hatboi, 10th edition (Dec 2024), Akhond et al. (eds.) 2025"
fruit,passion fruit,প্যাশন ফল,322,1 Jun-30 Aug; 1 Jun-30 Aug,06-01,08-30,,,,400.0,,,,,,,,,,,,1 Mar-30 Jul; 1 Aug-30 Aug; 1 Aug-30 Dec; 1 Jan-30 Jan,,,14,বীজ দ্বারা সহজেই প্যাশন ফলের বংশবিস্তার করা যায়। তবে বীজ থেকে উৎপাদিত চারায় মাতৃ গাছের বৈশিষ্ট্য অক্ষুণ্ন থাকে না বিধায় অঙ্গজ পদ্ধতিতে বংশ বিস্তার করা উত্তম। স্টেম কাটিং বা শাখা কর্তনের মাধ্যমে প্যাশন ফলের অঙ্গজ বংশ বিস্তার করা যায়। এক থেকে দেড় বছর বয়সী শাখা নির্বাচন করে তা থেকে 20-30 সেমি লম্বা করে কেটে একেকটি শাখা কলম তৈরি করা হয় যাতে অস্তত 2-3টি পর্বসন্ধি (নোড) থাকে। কাটিং এর নিচের পর্ব হতে 1-2 সেমি নিচে তেরসা কাট দিয়ে এর নিচের পর্বসহ একেকটি কাটিং পৃথক পৃথক পলিব্যাগের মাটিতে 450 কোণ করে পুঁতে চারা তৈরি করা হয়। কাটিং দ্বারা চারা তৈরির উপযুক্ত সময় হচ্ছে জুন-আগস্ট মাস। বাণিজ্যিকভাবে প্যাশন ফল সারি করে লাগাতে হয়। সাধারণত জুন থেকে আগস্ট মাস পর্যস্ত চারা লাগানোর উত্তম সময় তবে যদি সে,,,চারা রোপণের পর বেশ কিছু দিন পর্যন্ত নিয়মিত সেচ দিতে হয়। সর্বোচ্চ ফলনের জন্য ফুল আসা ও ফলের বিকাশের সময় মাটিতে পর্যাপ্ত আর্দ্রতা থাকা আবশ্যক। এ জন্য খরা মৌসুমে প্যাশন ফলে সেচ দেওয়া প্রয়োজন। বর্ষাকালে গাছের গোড়ায় যাতে পানি জমতে না পারে সেজন্য নিষ্কাশনের সুবন্দোবস্ত করতে হবে।,প্যাশন ফলে ফুল আসার প্রধান মৌসুম হল মার্চ মাস এবং তা থেকে জুলাই-আগস্ট মাসে ফল আহরণ করা হয়। আবার অনেক সময় আগস্ট মাসেও কিছু ফুল আসে তা থেকে ডিসেম্বর-জানুয়ারি মাসে ফল আহরণ করা যায়। ফল গাছের বয়স গোবর ইউরিয়া টিএসপি এমওপি (কেজি) (গ্রাম) (গ্রাম) (গ্রাম) 1-2 বছর 6 150 150 150 3-5 বছর 8 300 300 300 6-9 বছর 10 450 450 450 10 বছর ও তদুর্ধ্ব 15 600 450 600 সংগ্রহ করার পর প্রথমে সর্টিং এর মাধ্যমে ভাল ও ত্রুটিপূর্ণ (বাজারজাতকরণের অনুপযোগী) ফলগুলো আলাদা করা হয়। তারপর ভাল ফলগুলো গ্রেডিং এর মাধ্যমে বিভিন্,,"BARI Krishi Projukti Hatboi, 10th edition (Dec 2024), Akhond et al. (eds.) 2025"
fruit,tamarind,তেঁতুল,324,1 Jun-30 Nov; 15 Jun-15 Sep,06-01,11-30,,,100.0,100.0,,,,,,,,,,,,,,,21,চারা রোপণ জুন-নভেম্বর মাসে করতে হবে। অতঃপর চারা প্রতিষ্ঠার জন্য নিয়মিত পানি সেচ দিতে হবে। তবে আষাঢ়-ভাদ্র (মধ্য জুন-মধ্য সেপ্টেম্বর) মাস চারা রোপণের উপযুক্ত সময়।,,,মিষ্টি তেঁতুল একটি খরা সহনশীল গাছ। প্রাপ্ত বয়স্ক বা প্রতিষ্ঠিত তেঁতুল গাছে পানি প্রয়োগের তেমন একটা প্রয়োজন হয় না। কিন্তু চারা অবস্থায় মাটির আর্দ্রতার বিশেষ প্রয়োজন হয় বলে ভালভাবে চারা প্রতিষ্ঠার জন্য নার্সারিতে প্রতি 2 সপ্তাহ অন্তর অন্তর পানি দিতে হয়। পানি সব সময় বিকেলে দিতে হয়। কিন্তু মাত্রাতিরিক্ত পানি সেচ দিলে গাছের গোড়ায় পানি আটকে চারা মারাও যেতে পারে। এ ক্ষেত্রে পানি নিষ্কাশনের জন্য নালা করতে হবে যাতে অতিরিক্ত পানি নালার মাধ্যমে নিষ্কাশন করা যায়।,,,"BARI Krishi Projukti Hatboi, 10th edition (Dec 2024), Akhond et al. (eds.) 2025"
fruit,avocado,এ্যাভোকেডো,327,,,,,,,1800.0,,,,,,,,3.0,3.0,,,1 Aug-30 Oct,0.106,0.106,12,অ্যাভোকেডো বীজ ও কলমের চারা রোপণ করা হয়। পাকা ফলের রিক্যালমিট্যান্ট বীজ আহরণের সাথে সাথেই সীড বেড অথবা পলি ব্যাগের মাটিতে রোপণ করতে হবে। চারার একটা নির্দিষ্ট বয়সে গ্রাফটিং করা হয়।,,,সাধারণত অ্যাভোকেডো গাছে সেচ দেয়া হয় কিন্তু ইহা দীর্ঘ খড়া সহ্য করতে পারে। ফলের গুণগত মান উন্নয়ন ও ফলন বৃদ্ধির জন্য শুষ্ক মৌসুমে 2/3 বার সেচ প্রয়োগ করতে হবে।,ফল বড় হলে আগস্ট মাস থেকে অক্টোবর মাস পর্যন্ত সংগ্রহ করা যেতে পারে।,,"BARI Krishi Projukti Hatboi, 10th edition (Dec 2024), Akhond et al. (eds.) 2025"
fruit,watermelon,তরমুজ,330,1 Jan-30 Dec; 1 Jan-30 Jan; 1 May-30 May; 1 Sep-30 Sep,01-01,12-30,,,,150.0,250.0,250.0,250.0,100.0,5.0,5.0,8.0,,,42.0,45.0,,,,36,"জানুয়ারি থেকে ডিসেম্বর পর্যন্ত সারা বছরই এই জাতের তরমুজ চাষ করা যায়। এই জাত বছরে 3 বার চাষ করা যায় যেমন: জানুয়ারি, মে ও সেপ্টেম্বর মাসে বীজ বপন করা যায় এবং 4 মাসের মধ্যে ফসল সংগ্রহ করা যায়।","অঙ্কুরোদ্গমের হার 90% এবং প্রতিষ্ঠার/বাঁচার হার 90% বিবেচনায় বীজের পরিমাণ 500-700 গ্রাম/হেক্টর।  চারার সংখ্যা অনেকাংশেই জমিতে রোপন দ‚রত্বের উপর নির্ভর করে। আর রোপণ দ‚রত্ব নির্ভর করে জাত ও মাটির উর্বরতার উপর।  যদি 2.0 মি প্রশস্ত বেডে এক সারিতে চারা রোপণ করা হয়, দুইটি বেডের মাঝে 30 সেমি প্রশস্ত নালা থাকে এবং সারিতে গাছ থেকে গাছের দ‚রত্ব 1.5 মি হলে হেক্টর প্রতি 2900 টি চারার প্রয়োজন হয়।"," গোবর, ভার্মিকোম্পোস্ট এবং রাসায়নিক সারের পরিমাণ জমির উর্বরতার উপর নির্ভর করে। চারা লাগানোর আগে জমিতে সবুজ সার চাষ করতে পারলে বা গোবর/ ভার্মিকম্পোস্ট দিলে ভাল হয়। শেষ চাষের পর প্রতি গর্তে সবটুকু গোবর বা ভার্মিকম্পোস্ট ও টিএসপি সার এবং 100 কেজি এমওপি সার জমিতে সমানভাবে ছিটিয়ে মাটির সাথে ভালভাবে মিশিয়ে দিতে হবে।  সম্পূর্ণ ইউরিয়া ও বাকী এমওপি সার 3/2 টি সমান কিস্তিতে যথাক্রমে চারা লাগানো 15-20 দিন পর, ফুল ধরা আরম্ভ হলে, ফল ধরা আরম্ভ হলে সমভাবে প্রয়োগ করতে হবে।  জমিতে দস্তা সার, বোরাক্স, ম্যাগনেসিয়াম অক্সাইড অভাব থাকলে 10 কেজি করে মাটির সঙ্গে মিশিয়ে দিতে হয়। বি. দ্র: জমি তৈরির সময় সারের যে মাত্রা সুপারিশ করা হয়েছে তার মধ্যে গোবর প্রথম চাষের পর এবং টি এস পি, এমওপি, জিপসাম, দস্তা ও ব",তরমুজ পানির প্রতি খুবই সংবেদনশীল। প্রয়োজনীয় পানির অভাব হলে ফল ধারণ ব্যাহত হবে এবং যেসব ফল ধরেছে সেগুলোও ধীরে ধীরে ঝরে যাবে। কাজেই সেচ নালা দিয়ে প্রয়োজন অনুসারে নিয়মিত সেচ দিতে হবে। সেচ নালায় পানি দিয়ে আট্কে রাখলে গাছ পানি টেনে নিবে। প্রয়োজনে সেচ নালা হতে ছোট কোন পাত্র দিয়ে কিছু পানি গাছের গোড়ায় সেচে দেওয়া যায়। শুষ্ক মৌসুমে 5-7 দিন অন্তর সেচ দেয়ার প্রয়োজন পড়ে।," ফল ধারালো ছুরি দ্বারা ফল কাটতে হবে। ফল কাটার সময় যাতে গাছের কোনরূপ ক্ষতি না হয় সেদিকে খেয়াল রাখতে হবে। ফল যত বেশি সংগ্রহ করা হবে ফলন তত বেশি হবে। তবে একটি গাছে 3-4 টি ফল ধরলে তা যথষ্টে।  ফলের গায়ে টোকা দিলে যদি ডাব ডাব শব্দ হলে তবে ফল পরপিক্ব হয়েছে বলে প্রতীয়মান হবে।  ফলের বিপরীত দিকে আকর্ষী গুলো যদি শুকিয়ে যায় তবে ফল পরপিক্ব হয়েছে বলে প্রতীয়মান হবে।  জাত ও মৌসুম ভেদে পরাগায়নের 42-45 দিন পর ফল সংগ্রহের উপযোগী হয়। ফল যখন সম্প‚র্ণ পরিপক্ক হয়ে যায়, তখন মাঠ থেকে নিয়ে আরো 5-7 দিন ",,"BARI Krishi Projukti Hatboi, 10th edition (Dec 2024), Akhond et al. (eds.) 2025"
fruit,phalsa,ফলসা,335,,,,,,300.0,300.0,,,,,,,,2.0,2.0,2.0,2.0,1 May-30 Jun,,,9,"ফলসার বংশবিস্তার বিভিন্ন পদ্ধতি দ্বারা হয় যেমন বীজ ও অঙ্গজ পদ্ধতিতে। সাধারণত প্রচলিত বংশবিস্তার বীজ দ্বারা হয়, বীজ দিয়ে বংশ বিস্তার মাতৃ গাছের গুণাগুণ অক্ষুন্ন থাকেনা তাই জাতের বিশুদ্ধতা রক্ষার্থে অঙ্গজ পদ্ধতিতে বংশ বিস্তারই উত্তম। শিকড় সৃষ্টিকারী হরমোন (আইবিএ 200 পিপিএম) দিয়ে শোধন করে কাটিং পদ্ধতিতে কলম করলে চারা উৎপাদনের সফলতার হার বৃদ্ধি পায়। মাঠে বর্গাকার পদ্ধতিতে 3মিটার X 3 মিটার দূরত্বে 1মিটার X 1 মিটার X 1 মিটার গর্ত তৈরি করে গর্তের মধ্যে পচা গোবর 20-30 কেজি, টিএসপি 400-500 গ্রাম, এমওপি 200-250 গ্রাম, জিপসাম 200-250 গ্রাম, বরিক এসিড 40-50 গ্রাম এবং জিংক সালফেট 20-25 গ্রাম প্রয়োগ করে গর্ত ভরাট করে দিতে হবে এবং পানি দিতে হবে। পরবর্তীতে 15 থেকে 20 দিন পর গর্তের মাটি ওলট-পালট করে ন",,,মাটির আর্দ্রতার উপর নির্ভর করে দুইবার সেচ প্রদান করা হলে ফল ধরার পরিমাণ বেশি হয়। প্রথম বার ফুল ফোটার পর এবং দ্বিতীয়বার ফল ধরার পর সেচ দিতে হবে।,ফলসা ফল মে-জুন মাসে সংগ্রহ করা হয়। ফল এক সাথে পরিপক্ক হয় না। তাই প্রতিটি গাছ থেকে প্রতিদিন পাকা ফল সংগ্রহ করা অপরিহার্য। ফলসা ফলের সংরক্ষণকাল মাত্র 2দিন এবং বন্ধ পাত্রে (Closed) প্রায় এক বা দুই সপ্তাহ ফ্রিজে সংরক্ষণ করা যায়। তাই ফল সংগ্রহ করে অতিদ্রুত বাজারজাত করতে হবে।,,"BARI Krishi Projukti Hatboi, 10th edition (Dec 2024), Akhond et al. (eds.) 2025"
fruit,custard apple,আতা,337,1 Jun-30 Jul,06-01,07-30,,,600.0,600.0,,,,,,,,3.0,3.0,,,1 Oct-30 Nov; 1 Mar-30 Apr,,,11,যৌন ও অযৌন দুই উপায়েই আতার বংশ বিস্তারকরা সম্ভব। বাংলাদেশে সাধারণত বীজ দিয়েই এর বংশবিস্তার করা হয়। পর-পরাগায়িত বলে বীজের গাছে মাতৃ গাছের বৈশিষ্ট্য অক্ষুন্ন থাকে না। এজন্য মাতৃগাছের গুণাগুণ সম্পন্ন উৎকৃষ্ট মানের রোপণদ্রব্য উৎপাদন করতে চাইলে গুটি কলম অথবা কুড়ি সংযোজন/জোড় কলম পদ্ধতির আশ্রয় নিতে হবে। জুন-জুলাই মাসে 1 বা 2 বছরের চারা আদিজোড় হিসেবে ব্যবহার করে এর উপর তালি কলম (Patch budding) অথবা ভিনিয়ার/ফাটল কলমের মাধ্যমে সফলভাবে বংশবিস্তার করা যায়। গর্তে সার প্রয়োগের 10-15 দিন পর গর্তের মাঝখানে ঠিক খাড়াভাবে চারা/কলম রোপণ করতে হবে । চারা রোপণের সময় মাটি নীচের দিকে ভালভাবে চাপ দিতে হয় যাতে চারাটি শক্তভাবে দাড়িয়ে থাকতে পারে। চারাটি একটি বা দুটি খুঁটির সাথে বেঁধে দিতে হবে। গরম্ন ছাগল,,,আতা গাছে সেচ দেয়ার ব্যাপারে তথ্যের অভাব আছে। তবে ফল ধরার পর দু-তিনবার সেচ দিলে ফলগুলো আকারে বড় হয় ও স্বাদে ভাল হয়। তবে খেয়াল রাথতে হবে যেন বর্ষা মৌসুমে গাছের গোড়ায় পানি না জমে।,শীতের প্রারম্ভে (অক্টোবর-নভেম্বর মাসে) গাছে ফুল আসে এবং ফুল ধরার 4-5 মাস পর মার্চ-এপ্রিল মাসে ফল পাকে। ফল পরিপক্ক হওয়ার সময় গাছে কোন পাতা থাকে না। আতা ফল পরিপক্ক হলে সিন্দুরী বা হলুদ রং ধারণ করে। ফল পেকে নরম হয়ে যাওয়ার পূর্বেই বোটাসহ সংগ্রহ করতে হবে। পরিপক্ক ফল সংগ্রহ করার কয়েক দিনের মধ্যেই পেকে যাবে।,,"BARI Krishi Projukti Hatboi, 10th edition (Dec 2024), Akhond et al. (eds.) 2025"
fruit,black plum (jamun),জাম,340,1 Jun-30 Aug,06-01,08-30,,,100.0,100.0,,,,,,,,,,,,,,,7,সমতল ভ‚মিতে বর্গাকার এবং পাহাড়ী এলাকায় কন্টুর পদ্ধতিতে চারা লাগানো যায়। জুন-আগস্ট মাস চারা রোপণের উপযুক্ত সময়। তবে সেচ ব্যবস্থা ভালো থাকলে সারা বছর চারা রোপণ করা যেতে পারে।,,,,,,"BARI Krishi Projukti Hatboi, 10th edition (Dec 2024), Akhond et al. (eds.) 2025"
fruit,water chestnut,পানি ফল,342,15 Dec-14 Jan; 1 Jun-14 Jul,12-15,01-14,,,,,,,,,,,,,,15.0,15.0,1 Sep-30 Sep; 1 Dec-28 Feb; 1 Nov-30 Nov,7.5,10.0,9,"পূর্বের বছরের পানিফল চাষ করা জলাভূমি থেকে ফল সংগ্রহ করে, সংগৃহিত ফল থেকে পুষ্ট বীজ বেছে নিতে হবে। ডিসেম্বরের মাঝামাঝি থেকে জানুয়ারি মাসের 2য় সপ্তাহের মধ্যে বীজতলায় বীজ ফেলতে হবে। এই সময় পানির গভীরতা 40 থেকে 60 সেন্টিমিটার থাকা প্রয়োজন। 4 থেকে 5 টি পাতাযুক্ত চারাগাছকে জুন মাস থেকে জুলাই মাসের 2য় সপ্তাহের মধ্যে মূল জমিতে রোপণ করতে হবে। চারা রোপণের সময় পানির গভীরতা 60 থেকে 100 সেন্টিমিটার হওয়া প্রয়োজন।",,,,"সেপ্টেম্বর মাস থেকে ফসল তোলা শুরু হয় এবং তা চলতে থাকে ডিসেম্বর পর্যন্ত। কিছু কিছু ক্ষেত্রে ফেব্রুয়ারি পর্যন্ত ফলন পাওয়া যায়। ফল তোলার সময় ফলের আকার দেখে তা সংগ্রহ করতে হবে। ফল তোলার শুরুর দিকে 15 দিনে একবার ফল তুলতে হবে, পরে তা সপ্তাহে একবার এবং নভেম্বর মাসে প্রায় প্রত্যেক দিনই ফল তোলা যেতে পারে। হেক্টরপ্রতি 7.5 থেকে 10 টন ফলন হয়ে থাকে । তবে সঠিক পরিচর্যা পেলে তা হেক্টরপ্রতি 15 থেকে 20 টন পর্যন্ত ফলন পাওয়া যেতে পারে।",,"BARI Krishi Projukti Hatboi, 10th edition (Dec 2024), Akhond et al. (eds.) 2025"
flower,gladiolus,গ্লাডিওলাস,344,1 Oct-30 Nov,10-01,11-30,,,,,,,,,,,,,,,,1 Mar-30 Apr,,,14,"বীজ, র্কম এবং র্কমেলের মাধ্যমে গ্লাডিওলাসের বংশবিস্তার করা যায়। সাধারণভাবে চাষের জন্য ‘র্কম’ রোপণ করা হয়। অক্টোবর-নভেম্বর মাসে জমি তৈরির পর 5.0-5.5 সেমি ব্যাসের রোগমুক্ত র্কম মাটির 6-7 সেমি গভীরতায় রোপণ করা উচিত।",,,,সাধারণত স্পাইকের নিচের দিক থেকে 1-2টি ফ্লোরেট উন্মুক্ত হওয়া শুরু হলে স্পাইক কাটার উপযুক্ত সময় হয়েছে বলে ধরে নেয়া হয়। ফুল সংগ্রহের পরপরই বালতি ভর্তি পানিতে সোজা করে ডুবিয়ে রেখে পরে নিম্ন তাপমাত্রায় (6-70 সেন্টিগ্রেড) সংরক্ষণ করা উত্তম। ফুলের স্পাইক কাটার সময় খেয়াল রাখতে হবে যেন গাছের গোড়ায় 4-5 টি পাতা থাকে। তা না হলে র্কম পুষ্ট হবে না। ফুল ফোটা শেষ হলে পাতা হলুদ হয় এবং গাছ মারা যায়। এসময় গাছের গোড়া খুঁড়ে সাবধানে ‘র্কম’ গুলি সংগ্রহ করা দরকার। খেয়াল রাখতে হবে যেন ‘র্কম’ কেটে অথবা আ,,"BARI Krishi Projukti Hatboi, 10th edition (Dec 2024), Akhond et al. (eds.) 2025"
flower,orchid,অর্কিড,346,,,,,,,,,,,,,,,,,25.0,30.0,,,,9,"গাছের ফুল শেষে বা ফুল কাটার পর প্রতিটি গাছ থেকে পার্শ্বীয়ভাবে সাকার বের হয়। এই সাকারসমূহ গাছে লাগানো অবস্থায় যখন শিকড় বের হয় তখনই গাছ থেকে বিচ্ছিন্ন করে মূল জমিতে লাগানো যেতে পারে। এছাড়া কেটে ফেলা ফ্লাওয়ার স্টিকের ফুল শেষ হয়ে গেলে তা থেকেও চারা উৎপাদন করা যেতে পারে। এজন্য বিশেষ পদ্ধতি অবলম্বন করতে হয়। বিভাজন প্রক্রিয়ায় গাছ থেকে সাকার সংগ্রহ করে অথবা টিস্যু কালচার প্রক্রিয়ার মাধ্যমে চারা তৈরি করে জমিতে লাগাতে হবে। পচা গোবর/কম্পোস্ট, নারিকেলের ছোবরা, ধানের তুষ ও বেলে দোআঁশ মাটির সমপরিমাণ মিশ্রণের মাধ্যমে বেড তৈরি করতে হবে। সাকার লাগানোর সময় সারি থেকে সারি 30-40 সেমি. এবং গাছ থেকে গাছে 25-30 সেমি দূরত্ব রাখতে হবে। সাকার লাগানোর সময় লক্ষ্য রাখতে হবে যাতে শিকড়গুলো পুরোপুরি মাটির নি",,,মাটিতে পর্যাপ্ত পরিমাণে রস থাকতে লাগানোর পর হালকা সেচ দিতে হয় যাতে সাকারগুলো মাটিতে লেগে যায়। পরবর্তী সময়ে আবহাওয়ার অবস্থা বুঝে সেচ দিতে হবে। এছাড়াও ফুল চাষের জন্য বাতাসের অপেক্ষিক আর্দরতা 60% বজায় রাখতে হলে স্প্রিংকলার দিয়ে মাঝে মাঝে Misting করতে হবে। জমিতে দাঁড়ানো পানি এ ফসলের জন্য ক্ষতিকর।,সাকার থেকে গাছ লাগানোর এক বছরের মধ্যেই ফুল আসে। অপরদিকে টিস্যু কালচার থেকে প্রাপ্ত চারা থেকে ফুল পেতে কমপক্ষে 18 মাস সময় লাগে। বাণিজ্যিক চাষের ক্ষেত্রে ফ্লাওয়ার স্টিকের এক বা দুটি ফুল ফোটার সাথে সাথে কাটতে হবে। বাগানে বা টবে সৌখিন চাষের ক্ষেত্রে ফুল কাটার প্রয়োজন নেই। এ ক্ষেত্রে গাছে প্রায় 25-30 দিন পর্যন্ত ফুল টিকে থাকে।,,"BARI Krishi Projukti Hatboi, 10th edition (Dec 2024), Akhond et al. (eds.) 2025"
flower,chrysanthemum,চন্দ্রমল্লিকা,347,1 Feb-30 Mar; 1 Apr-30 May; 1 Jun-30 Jul; 1 Oct-30 Nov,02-01,03-30,,,30.0,20.0,,,,,,,,,,,,,,,19,"বীজ, সাকার ও শাখা কলম থেকে চন্দ্রমল্লিকার চারা তৈরি করা যায়। বীজ থেকে চারা করলে তা থেকে ভাল মানের ফুল পাওয়া যায় না এবং ফুল পেতে অনেক দিন সময় লাগে। সেক্ষেত্রে শাখা কলম/সাকার থেকে চারা তৈরি করে জমিতে লাগালে এ সমস্যা থাকে না। সাধারণত বাণিজ্যিকভাবে চন্দ্রমল্লিকার চাষ করতে হলে সাকার থেকে চারা তৈরি করা উত্তম। ফেব্রুয়ারি-মার্চ মাসের দিকে ফুল দেয়া শেষ হলে গাছগুলোকে মাটির উপর থেকে 15-20 সেমি রেখে কেটে দেয়া হয়। কিছুদিন পর গাছের গোড়া থেকে সাকার বের হতে থাকে। এ সাকারগুলি 5-7 সেমি লম্বা হলে মাতৃগাছ থেকে আলাদা করে টবে/বীজতলায় লাগাতে হবে। টবে লাগানোর ক্ষেত্রে প্রথমে সাকারগুলি থেকে গোড়ার পাতা ছাটাই করে 10 সেমি ব্যাসের ছোট টবে লাগাতে হবে। টবের মিশ্রণে থাকবে 1 ভাগ বালি, 1 ভাগ মাটি, 1 ভাগ পাতাপচা সা",,,চন্দ্রমল্লিকার চারা লাগানোর পর হালকা সেচ দিতে হবে। চন্দ্রমল্লিকা গাছ কখনো বেশি পানি সইতে পারেনা। তাই পানি এমনভাবে দিতে হবে যেন গোড়ায় বেশিক্ষণ পানি জমে না থাকে। চারা রোপণের পূর্বে এবং পরে প্রতিদিন নিয়মিতভাবে পরিমাণমত পানি সেচ দেয়া জরুরি।,চন্দ্রমল্লিকা ফুল কুড়ি অবস্থায় তুললে ফুটে না। বাইরের পাঁপড়িগুলো সম্পূর্ণ খুলে গিয়েছে এবং মাঝের পাঁপড়িগুলো ফুটতে শুরু করেছে এমন অবস্থায় ধারালো ছুরি দিয়ে খুব সকালে অথবা বিকেলে দীর্ঘ বোঁটাসহ ফুল তোলা উচিৎ।,,"BARI Krishi Projukti Hatboi, 10th edition (Dec 2024), Akhond et al. (eds.) 2025"
flower,tuberose,রজনীগন্ধা,350,1 Mar-30 Apr,03-01,04-30,,,,20.0,,,,,,,,,,2.0,1.0,,,,14,রজনীগন্ধার বংশ বিস্তার কন্দের মাধ্যমে করা হয়ে থাকে। প্রতিটি গাছের গোড়ায় পেঁয়াজের মত যে বস্্তু পাওয়া যায় তাকে কন্দ বলে। পুরাতন গাছের গোড়ায় ঝাড় আকারে অনেক কন্দ থাকে। মাঝের কন্দটি বড় হয়। সাধারণত মাঝারী থেকে বড় আকারের কন্দ বংশ বিস্তারের জন্য ব্যবহার করা হয়। বড় ধরনের কন্দ থেকে স্বাস্থ্যবান গাছ হয় ও গাছে তাড়াতাড়ি ফুল আসে কিন্তু ছোট কন্দ থেকে দুর্বল প্রকৃতির গাছ হয় ও দেরিতে ফুল আসে। বাঁছাইকৃত কন্দগুলি মার্চ-এপ্রিল মাসে জমিতে লাগানো উচিত। লাগানোর সময় কন্দের পুরানো শিকড়গুলি কেটে দেয়া উচিত। সাধারণভাবে ভাল ফুল পাওয়ার জন্য লাইন থেকে লাইনের দূরত্ব 30 সেমি এবং প্রতি লাইনে কন্দ থেকে কন্দের দূরত্ব 20 সেমি বজায় রাখা ভাল। প্রতিটি কন্দ সোজা করে 7-10 সেমি মাটির গভীরে পুঁতে দিতে হয়। কন্দ ,,,,রজনীগন্ধার একই ক্ষেত থেকে পরপর 2 বছর ফুল উৎপাদন করা যায়। রজনীগন্ধা ফুল লম্বা ডাটার মাথায় মঞ্জুরী আকারে হয়। মঞ্জুরীর নিচের দুটি কুড়ি যখন দুধের মত সাদা রং ধারণ করে এবং 2-1 দিনের মধ্যে ফুটে যাবে এমনটি বোঝা যায় তখন ধারালো ছুরি দিয়ে রজনীগন্ধার ষ্টিক কেটে এনে বালতি ভর্তি ঠাণ্ডা পানিতে ঘণ্টা খানেক রেখে প্রয়োজনমতো ব্যবহার করা যেতে পারে।,,"BARI Krishi Projukti Hatboi, 10th edition (Dec 2024), Akhond et al. (eds.) 2025"
flower,gerbera,জারবেরা,352,1 Oct-30 Nov,10-01,11-30,,,50.0,40.0,,,,,,,,,,,,,,,18,নিয়ন্ত্রিত পরিবেশে সারা বছর চারা লাগানো যেতে পারে তবে শীত মৌসুম অর্থযাৎ অক্টোবর-নভেম্বর মাস চারা লাগানোর সর্বোত্তম সময়।,,,,পূর্ণ বিকশিত জারবেরা ফুলের বাহিরের দু’সারি ডিস্ক ফোরেট পুষ্পদণ্ডের সাথে সমকৌনিক অবস্থানে আসলে ফুল তোলা হয়। কর্তনের সময় পুষ্পদণ্ড যথাসম্ভব লম্বা রেখে ফুল সংগ্রহ করা হয়। ধারালো চাকু দ্বারা তেরছা ভাবে কেটে খুব সকালে বা বিকালে ফুল তোলা উত্তম। ফুল কাটার পর পুষ্পদণ্ড এক ইঞ্চি পানিতে ডুবিয়ে রাখতে হবে। পানির সংগে অল্প চিনি এবং কয়েক ফোঁটা লেবুর রস মিশিয়ে দিলে ফুল বেশি দিন সতেজ থাকে।,,"BARI Krishi Projukti Hatboi, 10th edition (Dec 2024), Akhond et al. (eds.) 2025"
flower,anthurium,এ্যানথুরিয়াম,354,1 Jul-30 Aug,07-01,08-30,,,40.0,30.0,,,,,,,,,,,,,,,13,সারা বছর সাকার বা টিস্যু কালচারের চারা লাগানো যায়। তবে জুলাই-আগস্ট মাস সর্বোত্তম।,,,,স্প্যাথের উপর দণ্ডায়মান স্প্যাডিক্সের গোড়া থেকে সত্যিকার ফুল ধারণ শুরু হয় এবং পর্যায়ক্রমে উপরে যেতে থাকে। পরিপক্কতা লাভের ক্ষেত্রেও একই নিয়ম চলে। ফুলের পরিপক্কতা হলে উপরিভাগ সাদা রং ধারণ করে। সুতরাং স্প্যাডিক্সের প্রায় অর্ধেক অংশ সাদা রং ধারণ করলেই এ্যানথুরিয়াম ফুল এর পরিপক্কতা হয়েছে বলে মনে করা হয় এবং ফুল সংগ্রহ করার উপযুক্ত বলে বিবেচনা করা হয়। ধারালো চাকুর সাহায্যে এ্যানথুরিয়াম ফুল কেটে আকার ও আকৃতি অনুযায়ী এবং জাত ভেদে বাছাই করে নিতে হয়।,,"BARI Krishi Projukti Hatboi, 10th edition (Dec 2024), Akhond et al. (eds.) 2025"
flower,dahlia,ডালিয়া,355,1 Jul-30 Aug; 1 Sep-30 Oct,07-01,08-30,,,,,,,,,,,,,,70.0,80.0,,,,18,জুলাই- আগস্ট মাসে কন্দমূল বা কাটিং থেকে চারা তৈরির উপযুক্ত সময়। কন্দমূল বা কাটিং থেকে উৎপন্ন চারা 20-25 দিন পর সেপ্টেম্বর-অক্টোবর মাসে রোপণের উপযোগী হয়,,,,সাধারণত চারা লাগানোর 70-80 দিন পর ফুল সংগ্রহ করা যায়। তবে পূর্ণ প্রস্ফুটিত অবস্থায় ফুল সংগ্রহ করা উচিত।,,"BARI Krishi Projukti Hatboi, 10th edition (Dec 2024), Akhond et al. (eds.) 2025"
flower,lily,লিলি,357,1 May-30 Jun,05-01,06-30,,,,,,,,,,,,,,80.0,90.0,,,,12,বাল্ব সাধারণত মে-জুন মাসে লাগাতে হয়।,,,,সাধারণত চারা লাগানোর 80-90 দিন পর ফুল সংগ্রহ করা যায়।,,"BARI Krishi Projukti Hatboi, 10th edition (Dec 2024), Akhond et al. (eds.) 2025"
flower,alpinia,এলপিনিয়া,358,1 Jun-30 Jul,06-01,07-30,,,,,,,,,,,,,,,,,,,12,সারা বছর রাইজোম রোপণ করা যায় তবে জুন-জুলাই মাস সর্বোত্তম।,,,,রাইজোম লাগানোর প্রায় 8-10 মাস পর ফুল আসে। পুষ্পমঞ্জুরী পূর্ণ প্রষ্ফুটিত অবস্থায় সংগ্রহ করা প্রয়োজন।,,"BARI Krishi Projukti Hatboi, 10th edition (Dec 2024), Akhond et al. (eds.) 2025"
flower,marigold,গাঁদা,359,1 Jan-28 Feb; 1 Feb-15 Mar,01-01,02-28,,,,,,,,,,,,,,,,,,,17,জানুয়ারি-ফেব্রুয়ারি মাসে বীজ তলায় এ বীজ বপন করতে হয়। সাধারণত 3-4 পাতা বিশিষ্ট 25-30 দিনের চারা ফেব্রুয়ারি-মার্চ মাসের মধ্যে মাঠে লাগাতে হয়।,,,,"ফুল আকারে পূর্ণতা প্রাপ্ত হলে অল্প বোঁটা রেখে কাঁচি দিয়ে ফুল কাটাই উত্তম, এতে ফুল বেশিক্ষণ তাজা থাকে।",,"BARI Krishi Projukti Hatboi, 10th edition (Dec 2024), Akhond et al. (eds.) 2025"
flower,lilium,লিলিয়াম,361,,,,,,15.0,15.0,,,,,,,,1.0,1.0,90.0,120.0,,,,14,"বীজ, কন্দ, শল্ক, গুঁড়ি কন্দ ও বুলবিল এর মাধ্যমে লিলিয়ামের বংশবিস্তার করা যায়। সাধারণভাবে চাষের জন্য ‘কন্দ’ রোপণ করা হয়। এক্ষেত্রে পূর্ববর্তী বৎসরের সংগৃহীত ও সংরক্ষিত আস্ত কন্দ মাটিতে বপণ করা হয়।",,,,বীজ বপণের 90-120 দিন পরে ফুল সংগ্রহের উপযোগী হয়। দূরবর্তী বাজারে ফুল প্রেরনের ক্ষেত্রে স্টিকের নিচের দিকের 2-3 টি ফ্লোরেটে হালকা রং দেখা দেওয়ার সাথে সাথে ফুল সংগ্রহ করা উচিত। ফুল পুরোপুরি ফোটার পর ফুল সংগ্রহ করলে পরিবহনের সময় ফুল নষ্ট হয়ে যায়। স্থানীয় বাজারে বিক্রির জন্য যখন 1-2 টি ফুলের পাঁপড়ি খুলতে শুরু করে তখন ফুলের স্টিক কাটা উচিত। মাটির নিচে বাল্বের যথোপযুক্ত বৃদ্ধির জন্য ভূমি থেকে স্টিকের 10-12 সেমি. উপরে কাটতে হবে। ফুল সংগ্রহের পর ফুলের সজীবতা ধরে রাখতে দ্রুত ছায়ায় এনে কর্তিত কান,,"BARI Krishi Projukti Hatboi, 10th edition (Dec 2024), Akhond et al. (eds.) 2025"
flower,gypsophila,জিপসোফিলা,363,1 Oct-30 Nov,10-01,11-30,,,,15.0,,,,,,,,,,,,,,,8,বাংলাদেশে অক্টোবর-নভেম্বর মাস জিপসোফিলা ফুলের বীজ বপনের উপযোগী সময়,,,,,,"BARI Krishi Projukti Hatboi, 10th edition (Dec 2024), Akhond et al. (eds.) 2025"
flower,cactus,ক্যাকটাস,364,,,,,,,,,,,,,,,,,,,,,,2,"ক্যাকটাসের বংশ বিস্তারের জন্য বীজ, কাটিং, অফসেট, জোড়কলম পদ্ধতি ব্যবহার করা হয়। বীজ প্রধানত প্রজননের কাজে লাগানো হয়।",,,,,,"BARI Krishi Projukti Hatboi, 10th edition (Dec 2024), Akhond et al. (eds.) 2025"
flower,bougainvillea,বাগান বিলাস,366,1 Jul-30 Aug,07-01,08-30,,,200.0,200.0,,65.0,,,,,,,,,,,,,7,জুলাই-আগস্ট মাস বাগানবিলাস এর চারা লাগানোর উপযোগী সময়।,,,,,,"BARI Krishi Projukti Hatboi, 10th edition (Dec 2024), Akhond et al. (eds.) 2025"
flower,succulents,সাকুলেন্ট,367,,,,,,50.0,40.0,,,,,,,,,,,,,,,35,"সাকুলেন্টের বংশ বিস্তারের জন্য বীজ, কাটিং, অফসেট পদ্ধতি ব্যবহার করা হয়। বীজ প্রধানত প্রজননের কাজে লাগানো হয়।  ",,,,,,"BARI Krishi Projukti Hatboi, 10th edition (Dec 2024), Akhond et al. (eds.) 2025"
spice,"onion, winter (rabi)",শীতকালীন পেঁয়াজ,377,23 Oct-7 Nov,10-23,11-07,,,,,240.0,260.0,150.0,150.0,11.0,,5.0,8.0,10.0,90.0,120.0,,18.0,20.0,11,অক্টোবরের শেষ থেকে নভেম্বরের প্রথম সপ্তাহে বীজ যথাক্রমে সরাসরি ক্ষেতে অথবা বীজতলায় বীজ বপন করতে হয়। বারি পেঁয়াজ-5 শীতকালে চাষ করা যাবে।,,,,"পেঁয়াজ পরিপক্ক হলে, গাছের সবুজ পাতা ক্রমশ হলদে হয়ে যায় এবং 50% পাতা গলার অংশে নরম হয়ে নুয়ে পড়ে। রোপণের 90 থেকে 120 দিন পর শীতকালীন পেঁয়াজ তোলার উপযুক্ত হয়।",,"BARI Krishi Projukti Hatboi, 10th edition (Dec 2024), Akhond et al. (eds.) 2025"
spice,"onion, summer (kharif)",গ্রীষ্ম/খরিফ পেঁয়াজ,378,15 Feb-15 Jun; 1 Mar-30 Mar; 1 Jul-30 Aug; 8 Oct-22 Oct; 1 Dec-30 Dec; 23 Oct-30 Oct; 1 Nov-7 Nov,02-15,06-15,,,20.0,15.0,261.0,260.0,150.0,150.0,11.0,11.0,10.0,1.0,1.0,60.0,70.0,,,,64,মধ্য ফেব্রুয়ারি থেকে মধ্য জুন পর্যন্ত বীজতলায় বীজ বপন করা যায়। তবে মার্চ মাস পর্যন্ত চারা উৎপাদন করা উত্তম। অতঃপর 40-45 দিনের চারা মূল জমিতে রোপণ করতে হয়। নাবি চাষের ক্ষেতে জুলাই থেকে আগস্ট মাসে বীজতলায় বীজ বপন করতে হবে। পরবর্তীতে 40-45 দিনের চারা মূল জমিতে রোপণ করতে হয। পেঁয়াজের রোপণ সময়ের উপর বীজ উৎপাদনের অনেক প্রভাব রয়েছে। বেশি আগাম অর্থাৎ অক্টোবরের মাঝামাঝি পেঁয়াজ রোপণ করলে পুষ্পদণ্ডে প্রতি কদমে ফুলের সংখ্যা অনেক কম হয়। আবার ডিসেম্বর মাসে রোপণ করলে গাছের বৃদ্ধি কম হয়। কন্দে কম সংখ্যক ফুল আসে এবং পার্পল ব্লচ রোগ ও থ্রিপস পোকার প্রকোপ বৃদ্ধি পায়। এছাড়া বিলম্বে রোপণ করলে বীজ ফসল কাল বৈশাখী ঝড় ও শীলা বৃষ্টিতে আক্রান্ত হওয়ার সম্ভাবনা থাকে। তাই অক্টোবরের শেষ ও নভেম্বর মাসের প্রথ,"বীজ উৎপাদনের জন্য আমাদের দেশে লাগানোর দূরত্ব ও মাতৃকন্দের আকারের উপর ভিত্তি করে এক হেক্টর জমিতে 3,000-5,000 কেজি মাতৃকন্দের প্রয়োজন হয়।",,,"পেঁয়াজের গাছ পরিপক্ক হলে এর গলার দিকের টিস্যু নরম হয়ে যায়। ‘বারি পেঁয়াজ-5’ এর চারা থেকে কন্দের পরিপক্কতা হওয়া পর্যন্ত আগাম চাষের ক্ষেত্রে মাত্র 60-70 দিন এবং নাবি চাষের ক্ষেত্রে 95-110 দিন দরকার হয়। পাতা ও শিকড় কেটে শীতল ও ছায়াময় স্থানে 8-10 দিন রেখে কিউরিং করতে হবে। বর্ষাকালীন ফসল বিধায় উত্তোলনকৃত পেঁয়াজ 2-3 দিন এমনভাবে রেখে শুকাতে হবে যাতে কন্দে সরাসরি রোদ না লাগে। এরপর বাছাই ও গ্রেডিং করার পর বাঁশের মাচা, ঘরের সিলিং, প্লাস্টিক বা বাঁশের র‍্যাক অথবা ঘরের পাকা মেঝেতে শুষ্ক ও বায়ু চল",,"BARI Krishi Projukti Hatboi, 10th edition (Dec 2024), Akhond et al. (eds.) 2025"
spice,leaf onion,পাতা পেঁয়াজ,388,,,,5.0,6.0,15.0,10.0,250.0,275.0,150.0,110.0,3.0,5.0,10.0,,,45.0,50.0,1 Jan-30 Mar,,,11,বীজ বা কুশি (tiller) এর মাধ্যমে বংশ বিস্তার হয়। তবে বীজের মাধ্যমেই বেশি হয়ে থাকে। প্রতি হেক্টর জমির জন্য 5-6 কেজি বীজের প্রয়োজন। জমিতে 3-4টি চাষ মই দিয়ে আগাছা পরিষ্কার করতে হয়। চাষের আগে প্রয়োজনীয় পরিমাণ পচা গোবর সার দিতে হয়। চারা 15 × 10 সেমি দূরত্ব বজায় রেখে রোপণ করা হয়। চারা একটু গভীরে লাগানো ভাল। মাঝে মাঝে পেঁয়াজের গোড়ার মাটি তুলে দিতে হয়।,,,আগাছা দেখা দিলে নিড়ানী দিয়ে আগাছা পরিষ্কার করতে হবে এবং গাছের গোড়ায় মাটি তুলে দিতে হবে। আগাছা নিড়ানো ও গোড়ায় মাটি দেওয়া 3-4 বার প্রয়োজন হতে পারে। সার প্রয়োগের পরপর বা অন্য কোন সময় পানি দরকার হলে জমিতে সেচ দিতে হবে। জমিতে অতিরিক্ত পানি জমতে দেওয়া যাবে না।,জানুয়ারি থেকে মার্চ মাসে বীজতলায় বীজ বপন করা হয়। বীজ 24 ঘণ্টা পানিতে ভিজিয়ে পরে 12 ঘণ্টা শুকনা কাপড়ে বেধে রেখে দিলে বীজের অঙ্কুর বাহির হয়। বীজতলায় পচা গোবর সার দিয়ে ঝুরঝুরে করে তৈরি করা হয়। বিভিন্ন ধরনের পোকা ও কৃমি দমনের জন্য বীজতলায় ফুরাডান ব্যবহার করাই ভাল। পরে বীজতলায় বীজ বপন করে হাত দিয়ে বীজতলায় চাপ দিতে হয়। বীজতলায় আগাছা নিড়ানো সহ অন্যান্য পরিচর্যা করা হয়। চারা উত্তোলন করতে 45-50 দিন সময় লাগে। পাতা পেঁয়াজ সংগ্রহকালীন সময় মাটির উপরের সম্পূর্ণ অংশ সবুজ ও সতেজ থাকতে হবে। ব,,"BARI Krishi Projukti Hatboi, 10th edition (Dec 2024), Akhond et al. (eds.) 2025"
spice,Welsh (bunching) onion,নেগি অনিয়ন,391,8 Jul-22 Jul,07-08,07-22,3.0,4.0,20.0,,,,,,,,,,,260.0,270.0,1 Jul-30 Jul; 1 Dec-30 Jan,2.5,3.3,8,"বারি নেগি অনিয়ন-1 বাংলাদেশে সারাবছর চাষযোগ্য, তাই যে কোনো মাসে এর বীজ বপন করা যায়। তবে মধ্য জুলাই (শ্রাবণের প্রথম) মাস থেকে বীজ বপন শুরু করলে এর ফলন বেশি হয়। রোপণ দূরত্ব 20 সেমি × 20 সেমি বজায় রেখে নেগি অনিয়ন উৎপাদন করলে প্রতি বিঘা জমিতে 400-535 গ্রাম (1 গ্রাম/3 বর্গ মিটার, 3-4 কেজি/হেক্টর) বীজের প্রয়োজন হয়। বপনের পূর্বে বীজ প্রোভ্যাক্স 200 ডব্লিউপি বা অটোস্টিন 50 ডব্লিউডিজি ছত্রাকনাশকের (প্রতি কেজি বীজের জন্য 2.5 গ্রাম ছত্রাকনাশক) মাধ্যমে শোধন করা ভাল। বীজ বপনের 35-40 দিন পর চারা উত্তোলন করে মূল জমিতে রোপণ করা হয়। নেগি অনিয়নের উচ্চতা বেশি হওয়ায় প্রস্ততকৃত জমিতে তুলনামূলকভাবে মাটির গভীরে চারা রোপণ করা হয়ে থাকে। সারি থেকে সারির দূরত্ব 20 সেমি বজায় রেখে প্রতি সারিতে 20 সেমি পরপর চ",,,,বীজ বপন সময়ের উপর বারি নেগি অনিয়ন-1 এর জীবনকাল নির্ভর করে। জুলাই (শ্রাবণের প্রথম) মাসে বীজ বপন করলে এ ফসলের জীবনকাল 260-270 দিন (বীজ হতে বীজ সংগ্রহ) হয়। এ মাসে বীজ বপন করলে 100-180 দিনের মধ্যে যে কোনো সময়ই সিউডোস্টেম সংগ্রহ করা যায়। এ সময় সিউডোস্টেমের গঠন নরম ও রসালো (Succulent) হয়। ডিসেম্বর-জানুয়ারী মাসে গাছে ফুল ধরা শুরু হলে সিউডোস্টেম তুলনামূলকভাবে কিছুটা শক্ত হয়ে। হাত দিয়ে সম্পূর্ণ গাছটি সংগ্রহের পর এর থেকে মূল এবং পুরাতন পাতাসহ পাতার শিথ (পত্রফলকের নিচের অংশ) ফেলে দিয়ে 2-3 টি নেগ,,"BARI Krishi Projukti Hatboi, 10th edition (Dec 2024), Akhond et al. (eds.) 2025"
spice,chilli,মরিচ,395,,,,1.0,1.5,50.0,50.0,240.0,260.0,330.0,150.0,12.0,14.0,10.0,5.0,5.0,,,,,,56,মরিচ সাধারণত দুই পদ্ধতিতে চাষ করা যায়। যথা: 1.সরাসরি বীজ বপন 2. বীজ হতে চারা তৈরী করে। বীজ তলায় চারা তৈরী করলে 1-1.5 কেজি/হেক্টর (247 শতক) বীজের প্রয়োজন হয়। আবার সরাসরি ছিটিয়ে মরিচ চাষাবাদ করলে হেক্টর প্রতি (247 শতক) 5-6 কেজি বীজের প্রয়োজন হয়। চারা রোপণের ক্ষেত্রে মরিচের চারা 50 × 50 সেমি দূরত্ব বজায় রেখে রোপণ করা হয়। চারা একটু গভীরে লাগানো ভাল। জমিতে বীজ বপনের আগে 12 ঘণ্টা পনিতে ভিজিয়ে রেখে; পানি থেকে উঠিয়ে হালকা ছায়াতে 2 গ্রাম/কেজি হারে প্রভেক্স মিশিয়ে শুকিয়ে ঝরঝরা করে মূল জমিতে ছিটিয়ে দিতে হবে। মনে রাখা দরকার বীজ কোন ক্রমেই 1-1.5 সেমি মাটির গভীরে যেন না যায়। বপনের সময় জমিতে পর্যপ্ত পরিমাণ আর্দ্রতা বজায় রাখতে হবে। প্রয়োজনে বীজ বপনের 2-3 দিন পর হালকা করে সেচ দিতে হবে এতে ,,,মাটিতে অতিরিক্ত আর্দ্রতা মরিচ সহ্য করতে পারেনা আবার বেশী সেচ প্রয়োগ করলে গাছ লম্বা হয় ও ফুল ঝড়ে যায়। জমির আর্দ্রতার উপর নির্ভর করে 4/5টি সেচ দিতে হবে। ফুল আসার সময় এবং ফল বড় হওয়ার সময় জমিতে পরিমানমত আর্দ্রতা রাখতে হবে।,"মরিচের ফুল ফোটা, ফল ধরা ও রং ধারণ তাপমাত্রা, মাটির উর্বরতা এবং ভালো জাতের উপর নির্ভর করে। উষ্ণ তাপমাত্রায় ফল তাড়াতাড়ি পাকে এবং ঠান্ডা তাপমাত্রায় ফল দেরিতে পাকে। মরিচ বীজ বপনের 60-65 দিন পর ফুল আসা শুরু করে। ফুল ধরার 15-20 দিন পর ফল ধরা শুরু করে। ফল আসার 20-25 দিন পর ফল পাকতে শুরু করে। চারা লাগানোর ক্ষেত্রে, চারা লাগানোর 35-40 দিন পর গাছে ফুল ধরতে শুরু করে, 55-60 দিনের মধ্যে ফল ধরে এবং 75 থেকে 90 দিনের মধ্যে ফল পাকতে আরম্ভ করে। কাঁচা অথবা পাকা অবস্থায় মরিচ তোলা হয়। মরিচ বীজের জন্য গাছের মাঝ",,"BARI Krishi Projukti Hatboi, 10th edition (Dec 2024), Akhond et al. (eds.) 2025"
spice,ornamental chilli,অর্নামেন্টাল মরিচ,405,1 Oct-7 Oct; 1 Nov-7 Nov,10-01,10-07,,,,,,,,,,,,,,80.0,90.0,,,,8,এটি মূলত শীতকালীন জাত তবে টবে লাগালে বছরের যে কোন সময় চাষ করা যায়। সাধারণত অক্টোবর মাসের প্রথম সপ্তাহ বীজ বপনের এবং নভেম্বর মাসের প্রথম সপ্তাহ চারা রোপণের উত্তম সময়। অধিক পরিমাণে চারা উৎপাদনের ক্ষেত্রে নার্সারি বেডে সারি করে বুনে চারা করতে হয়। এক্ষেত্রে বেডের মাটি অধিকতর ঝুরঝুরে করে সমান করে নিতে হবে। অতঃপর বীজ 1-2 ঘণ্টা রোদে শুকিয়ে নিয়ে বেডের মাটিতে 3-4 ইঞ্চি দূরে দূরে অগভীর (2-2.5 সেমি) লাইন টেনে তাতে 1 সেমি দূরে দূরে বীজ দিয়ে ঝুরঝুরে মাটি দিয়ে লাইন ঢেকে দিতে হবে। অতঃপর মাটির উপরে চট দিয়ে ঢেকে দিতে হবে। বপনের পরদিন হতে চটের উপরে হালকা সেচ দিয়ে চারা গজানোর আগ পর্যন্ত পর্যাপ্ত রস নিশ্চিত করতে তবে। মাটি ফেটে চারা দেখা দিলে সাথে সাথে চট তুলে নিতে হয়। এভাবে 25-30 দিনের চারা টবে কিংবা,,,চারা লাগানোর পরপরই টবে সেচ দিতে হবে। সেই সাথে মাটির অবস্থা বুঝে একদিন পরপর হালকা সেচ দিয়ে পর্যাপ্ত রস নিশ্চিৎ করতে হবে।,চারা রোপণের 80-90 দিন পর থেকে পরিপক্ক ফল সংগ্রহ করা যায়। পরিপক্ক ফল হালকা কমলা রং ধারণ করে এবং অধিক পরিপক্ক ফল লাল রং ধারণ করে। বীজ সংগ্রহের ক্ষেত্রে লাল রং এর ফল সংগ্রহ করতে হয়। এভাবে রোপণের পর 210-240 দিন পর্যন্ত ফল সংগ্রহ করা যায়।,,"BARI Krishi Projukti Hatboi, 10th edition (Dec 2024), Akhond et al. (eds.) 2025"
spice,garlic,রসুন,408,1 Nov-30 Mar; 1 Oct-30 Oct,11-01,03-30,500.0,600.0,15.0,,,267.0,333.0,,,,5.0,1.0,1.0,140.0,150.0,,,,21,"ঠান্ডা আবহাওয়া অনুক‚ল বলে, বাংলাদেশে সর্বত্র রবি মৌসুমে (শীতকাল) বারি রসুন-5 জাতের রসুনের চাষ করা যায়। সাধারণতঃ সমতল ভ‚মিতে নভেম্বর-মার্চ (15 কার্তিক-15 চৈত্র) মাসে রসুনের চাষ করা হয়ে থাকে। তবে রসুন নিম্ন তাপমাত্রার ফসল বিধায় জমির প্রাপ্যতা এবং জো অবস্থা সাপেক্ষে 15 অক্টোবর (কার্তিকের প্রথম :সপ্তাহ) রসুন চাষ করলে অনেক ভালো ফলন পাওয়া যায়।",সাধারণত রসুনের কোয়া বীজ হিসাবে ব্যবহৃত হয়। বারি রসুন-5 এর কোয়ার গড় ওজন বেশী (প্রায় 0.75-1.0 গ্রাম) হওয়ায় বিদ্যমান জাতের তুলনায় এ জাতের বীজ হার বেশী প্রয়োজন। কোয়ার আকার অনুযায়ী হেক্টর প্রতি 500-600 কেজি কোয়ার প্রয়োজন হয়। কোয়া রোপণের পুর্বে প্রতি কেজি বীজের সাথে 3-4 গ্রাম সিকিউর/রোভরাল/ব্যাভিস্টিন মিশিয়ে বীজ শোধন করা যায়।,,"রসুনের কোয়া রোপণ করার পর প্রথম সেচ দেওয়া হয়। রসুনের চারা বের না হওয়া পর্যন্ত জমির আর্দরতার উপর নির্ভর করে পুনরায় সেচ ওেয়া যেতে পারে। চারা প্রতিষ্ঠিত হয়ে গেলে মাটির আর্দরতার অবস্থা বুঝে 10-15 দিন পর পর রসুনের জমিতে সেচের প্রয়োজন হয়। রসুনের জমিতে বিশেষ করে কন্দ গঠনের সময় উপযুক্ত পরিমানে রস থাকা দরকার। মাটির রস স্বাভাবিকের চেয়ে কম হলে কন্দের বৃদ্ধি ও গঠনে বাধাগ্রস্থ হয়, ফলে রসুনের ফলন ও গুণগত মান হ্রাস পায়। রসুনের ক্ষেতে মাটির চটা বাঁধা কন্দের বৃদ্ধির পরিপন্থি। পানি সেচের পর মাটির জো আসার সাথে সাথে চটা ভেঙ্গে দিতে হয়। রসুন কোনো অবস্থাতে পানিবদ্ধতা সহ্য করতে পারে না। সুতরাং জমিতে পানি নিষ্কাশনের ব্যবস্থা থাকতে হবে। সেচ প্রয়োগের 30-60 মিনিট পর সেচ নালা খুলে দিতে হবে। পানি সেচ অবশ্য",উষ্ণ/অব-উষ্ণ অঞ্চলে রসুন 5-5.5 মাসের ফসল। রসুন রোপনের দুই মাস পর থেকে কন্দ গঠিত হতে থাকে। সাড়ে তিন মাস পরে কন্দ পুষ্ট হতে শুরু করে। 140-150 দিন পরে রসুন উত্তোলন করা যায়। রসুন গাছের কিছু লক্ষণ দেখে কন্দ তোলার উপযুক্ত সময় বোঝা যায়। পাতা হলদে বা বাদামী হয়ে শুকিয়ে যেতে থাকলে বুঝতে হবে রসুন পরিপক্ক হয়েছে। তবে সংগ্রহের সময় এ জাতটির পাতা হালকা সবুজ থাকে। এক্ষেত্রে কন্দের বাহিরের দিকের কোয়াগুলো পুষ্ট হয়ে লম্বালম্বিভাবে ফুলে উঠে এবং দুটি কোয়ার মাঝে খাঁজ দেখা যায়। গাছ হাত দিয়ে টেনে তুলে মাটি ,,"BARI Krishi Projukti Hatboi, 10th edition (Dec 2024), Akhond et al. (eds.) 2025"
spice,ginger,আদা,413,1 Apr-7 Apr; 1 May-30 May,04-01,04-07,,,,,228.0,267.0,233.0,111.0,3.0,3.0,5.0,,,,,1 Dec-30 Jan,37.99,37.99,32,এপ্রিল মাসের প্রথম-দ্বিতীয় সপ্তাহে রোপণকৃত বারি আদা-আদা-2 ও আদা- 3 থেকে ফলন সবচেয়ে বেশি পাওয়া যায়। আদা মে মাস পর্যন্ত রোপণ করা যায়। গাছের দৈহিক বৃদ্ধির 3-4 মাস পর রাইজম উৎপন্ন হয়। তাই দেরিতে রোপণকৃত আদা গাছের বৃদ্ধি যথাযথ না হওয়ার কারণে ফলন কম হয়।,,,,রাইজোম রোপণের 9-10 মাস পর পরিপক্ক ফসলের পাতা এবং গাছ হলুদ রঙের হয়ে শুকিয়ে যায়। ডিসেম্বর - জানুয়ারি মাসে কোদাল দিয়ে মাটি আলগা করে আদা উত্তোলন করা হয়। ফসল সংগ্রহের পর শিকড় ও মাটি পরিষ্কার করে আদা গুদামজাত করা হয়।,,"BARI Krishi Projukti Hatboi, 10th edition (Dec 2024), Akhond et al. (eds.) 2025"
spice,turmeric,হলুদ,418,15 Apr-7 May,04-15,05-07,2500.0,3000.0,,,325.0,300.0,280.0,140.0,14.0,8.0,5.0,4.0,5.0,,,8 Feb-22 Feb,,,27,খরিফ-1 মৌসুমে ‘বারি হলুদ-4’ ও ‘বারি হলুদ-5’ রোপণ করা হয়। সাধারণত মধ্য এপ্রিল থেকে মে মাসের 1ম সপ্তাহ (বৈশাখের 1ম থেকে 3য় সপ্তাহ) হলুদ লাগানোর উপযুক্ত সময়। উভয় জাতই রোপণ করার 9-10 মাস পর উত্তোলন করা যায়।,বারি হলুদ-4 এর ক্ষেত্রে হেক্টরপ্রতি 2.5-3.0 টন কন্দের (রাইজোম) প্রয়োজন হয়। প্রায় 40-45 গ্রাম ওজন বিশিষ্ট কন্দ (রাইজোম) থেকে ভাল ফলন পাওয়া যায়। অপর দিকে বারি হলুদ-5 এর ক্ষেত্রে হেক্টরপ্রতি 1.5-2.0 টন কন্দ (রাইজোম) প্রয়োজন এবং কন্দের (রাইজোম) ওজন প্রায় 25-35 গ্রাম হওয়া বাঞ্চনীয়।,,হলুদ ফসল সাধারণত বৃষ্টি নির্ভর। তবে মাটি শুষ্ক হলে বীজ রোপণের পরপরই হালকা সেচ দিতে হবে। তাছাড়া মাটির ধরন ও আবহাওয়ার উপর ভিত্তি করে 4-5টি সেচের দরকার হতে পারে। হলুদের জমিতে পানি জমে থাকলে সহজেই রোগের প্রাদুর্ভাব হয়। বৃষ্টি পানি যেন কোনভাবেই জমিতে না জমে সে দিকে বিশেষ দৃষ্টি রাখতে হবে। নালা করে জমে থাকা পানি নিষ্কাশনের ব্যবস্থা করতে হবে।,"বারি হলুদ-4 ও 5 রোপণের 9-10 মাস পর গাছের উপরের অংশ হলুদ রং ধারণ করে সম্পূর্ণ শুকিয়ে গেলে ফসল সংগ্রহ করা হয়। গবেষণায় দেখা গেছে, বীজ হলুদ সংগ্রহের জন্য সাধারণত ফেব্রুয়ারি মাসের মধ্য থেকে শেষ সপ্তাহ উপযুক্ত সময়। এছাড়াও প্রায় এক মাস আগে অবীজ বা খাওয়ার জন্য (Fresh consumption) রাইজোম উত্তোলন করা যেতে পারে। কোদাল দিয়ে কুপিয়ে মাটি আলগা করে নিতে হয়। এরপর রাইজোম সংগ্রহ করে শিকড় কেটে মাটি পরিষ্কার করা হয়। হলুদ উত্তোলনের সময় লক্ষ্য রাখতে হবে যেন রাইজোম ক্ষতিগ্রস্ত না হয়।",,"BARI Krishi Projukti Hatboi, 10th edition (Dec 2024), Akhond et al. (eds.) 2025"
spice,coriander,ধনিয়া,422,15 Oct-15 Nov; 1 May-30 Aug,10-15,11-15,8.0,10.0,30.0,40.0,180.0,15.0,120.0,110.0,10.0,8.0,5.0,4.0,5.0,,,,,,16,"কার্তিক থেকে অগ্রহায়ণ (মধ্য অক্টোবর-মধ্য নভেম্বর) মাস বীজ ফসলের জন্য উত্তম। তবে সবুজ পাতা ধনিয়ার জন্য (মে থেকে আগস্ট মাস ব্যতিত) যে কোন সময় বপন করা যায় এবং ভাল দাম পাওয়া যায়। সাথী ফসল হিসাবে শাক-সবজি, আখ, আলু, ডাল ফসলের জমিতে ধনিয়া চাষ করা যায়। অতিরিক্ত সূর্যালোকে বীজ বপন করলে অঙ্কুরোদগমে ব্যাঘাত সৃষ্টি করে। ধনিয়া বীজের জন্য বিলম্বে বীজ বপনে এর স্বাভাবিক বৃদ্ধি ব্যাহত হয় এবং বিভিন্ন রোগবালাই এর আক্রমণ বেড়ে যায়।",সারিতে হেক্টর প্রতি 8-10 কেজি এবং ছিটিয়ে বোনার ক্ষেত্রে হেক্টরপ্রতি 10-12 কেজি বীজের প্রয়োজন হয়। ধনিয়া পাতার জন্য হেক্টরপ্রতি 35-40 কেজি বীজের প্রয়োজন হয়।,,"ধনিয়া ফসলে 4-5 টি হালকা সেচ প্রয়োগ করতে হবে। গজানোর সময় হালকা সেচ, ফুল আসার আগে ও দানা গঠনের সময় সেচ দেওয়া খুবই প্রয়োজন। এতে বীজ পুষ্ট ও ফলন বেশি হয়।",বপনের 45-50 দিন পর গাছে ফুল আসে এবং 135-140 দিন পর ধনিয়া পাকে। পাকলে গাছ হলদে হয়ে পাতা শুকিয়ে যায়। সাধারণত খুব ভোরে অর্থাৎ সূর্যের আলোর প্রখরতা বৃদ্ধির পূর্বে গাছ উঠাতে হবে। ধনিয়ার বীজ হালকা সবুজ অবস্থায় থাকতেই গাছ তুলতে হবে। নতুবা বীজের মান ভাল হয় না। বীজ রোদে শুকিয়ে মাড়াই-ঝাড়াই করে পৃথক করা হয়। বীজে আর্দ্রতার পরিমাণ 10% রেখে শুকিয়ে ভালোভাবে সংরক্ষণ করতে হবে।,,"BARI Krishi Projukti Hatboi, 10th edition (Dec 2024), Akhond et al. (eds.) 2025"
spice,fenugreek,মেথী,425,15 Aug-15 Nov,08-15,11-15,15.0,20.0,30.0,5.0,175.0,175.0,135.0,110.0,10.0,8.0,5.0,,,110.0,135.0,15 Mar-15 Apr,,,10,কার্তিক (মধ্য আগস্ট-মধ্য নভেম্বর)।,হেক্টরপ্রতি 15-20 কেজি (ছিটিয়ে বোনার ক্ষেত্রে) ও 10-15 কেজি (সারিতে বপনের ক্ষেত্রে)।,,,বীজ বপনের পর থেকে 110-135 দিনের মধ্যেই ফসল সংগ্রহ করা যায়। সাধারণত চৈত্র মাসে (মধ্য মার্চ-মধ্য এপ্রিল) যখন শুঁটিসমূহ (পড) হলদে বাদামী ও কালচে বর্ণ ধারণ করে তখন গাছ কাটা হয়।,,"BARI Krishi Projukti Hatboi, 10th edition (Dec 2024), Akhond et al. (eds.) 2025"
spice,black cumin (nigella),কালোজিরা,426,15 Oct-15 Nov; 1 Nov-7 Nov,10-15,11-15,10.0,10.0,,,140.0,150.0,120.0,85.0,10.0,8.0,5.0,2.0,3.0,135.0,145.0,,,,13,মধ্য অক্টোবর-মধ্য নভেম্বর মাসে বীজ বপন করা হয়। তবে নভেম্বর মাসের প্রথম-দ্বিতীয় সপ্তাহ বীজ বপনের উত্তম সময়।,বীজ ছিটিয়ে বপন করলে হেক্টরপ্রতি 10 কেজি বীজের প্রয়োজন হয়। সারি করে বীজ বপন করলে হেক্টরপ্রতি 08 কেজি বীজের প্রয়োজন হয়।,,মাটিতে রস না থাকলে বীজ বপনের পর হালকা সেচ দেয়া ভাল। মাটির ধরন ও বৃষ্টির উপর নির্ভর করে জমিতে মোট 2-3টি সেচ দেয়া যেতে পারে।,বীজ বপনের 135-145 দিনের মধ্যে গাছ হলুদ বর্ণ ধারণ করে এবং এ সময় কালোজিরা সংগ্রহ করতে হয়। এ সময় গাছ উত্তোলনের পর শুকানোর জন্য রোদে ছড়িয়ে দিতে হয়।,,"BARI Krishi Projukti Hatboi, 10th edition (Dec 2024), Akhond et al. (eds.) 2025"
spice,cumin,জিরা,428,1 Nov-7 Nov,11-01,11-07,,,30.0,8.0,,,,,,,,,,,,,0.55,0.6,8,নভেম্বর 1ম সপ্তাহ হতে 3য় সপ্তাহ পর্যন্ত।,,,,,,"BARI Krishi Projukti Hatboi, 10th edition (Dec 2024), Akhond et al. (eds.) 2025"
spice,fennel,মৌরি,430,15 Oct-15 Nov,10-15,11-15,7.0,9.0,40.0,,180.0,175.0,14.0,110.0,10.0,8.0,5.0,4.0,5.0,140.0,150.0,,,,13,"কার্তিক (মধ্য অক্টোবর-মধ্য নভেম্বর) মাস বীজ ফসলের জন্য উত্তম। মরিচ, শাক-সবজি, আখ, আলু, ডাল, মসলা জাতীয় অন্য ফসলের জমিতে সাথী ফসল হিসাবে মৌরির চাষ করা যায়। অতিরিক্ত সূর্যালোকে বীজ বপন করলে অঙ্কুরোদ্গমে ব্যাঘাত সৃষ্টি করে। মৌরি বীজের জন্য বিলম্বে বীজ বপনে এর স্বাভাবিক বৃদ্ধি ব্যাহত হয় এবং বিভিন্ন রোগবালাই এর আক্রমণ বেড়ে যায় ও বীজের মান খারাপ হয়ে ফলন কমে যায়।",সারিতে হেক্টরপ্রতি 7-9 কেজি এবং ছিটিয়ে বোনার ক্ষেত্রে হেক্টরপ্রতি 9-12 কেজি বীজের প্রয়োজন হয়।,,"মৌরির ফসলে 4-5 টি সেচ প্রয়োগ করতে হবে। গজানোর সময় হালকা সেচ, এ ছাড়া গাছের 4-5 পাতা অবস্থায়, শাখা বের হওয়া, ফুল আসার ও দানা গঠনের সময় মাঝারী সেচ দিতে হবে। এতে বীজ পুষ্ট ও ফলন বেশি হয়। সেচের অতিরিক্ত পানি বের করে দিতে হবে।",বপনের 140-150 দিন পর মৌরি পাকে। পাকলে বীজগুলো হালকা হলদে হয়ে পাতা শুকিয়ে যায়। সাধারণত খুব ভোরে অর্থাৎ সূর্যের আলোর প্রখরতা বৃদ্ধির পূর্বে শাখা কেটে নিতে হবে। মৌরির বীজ হালকা সবুজ অবস্থায় থাকতেই গাছ থেকে বীজসহ তুলতে হবে। এভাবে 2-3 ধাপে বীজ সংগ্রহ করতে হবে নতুবা বীজের মান ভাল হয় না বীজ কালো হয়ে নষ্ট হযে যায়। মৌরি বীজ সাধারণত রৌদ্রাঁজ্জ্বল দিনে সংগ্রহ করতে হবে। বীজ সংগ্রহের পর এক জায়গায় গাদা করে রাখা যাবে না কারণ গাদা করে রাখলে বীজ কালচে হয়ে যায়। বীজ রোদে শুকিয়ে মাড়াই - ঝাড়াই করে পৃথক,,"BARI Krishi Projukti Hatboi, 10th edition (Dec 2024), Akhond et al. (eds.) 2025"
spice,firingi (spice),ফিরিঙ্গি,432,,,,3.0,4.0,,,125.0,125.0,90.0,80.0,,80.0,5.0,,,90.0,100.0,,0.4,0.5,12,ভালভাবে তৈরীকৃত জমিতে সারি থেকে দূরত্ব 25 সেন্টিমিটার বজায় রেখে বীজ 1-1.5 সেন্টিমিটার গভীরতায় সারিতে করা হয়। বীজ 4-6 ঘন্টা ভিজিয়ে রেখে বপন করতে হবে। বীজ বপনের পরপরই প্রয়োজনীয় সেচ প্রদান করতে হব।,সারিতে বপনের প্রতি হেক্টর জমিতে 3-4 কেজি বীজ প্রয়োজন হয়।,,,বীজ বপনের পর থেকে 90-100 দিনের মধ্যেই ফসল সংগ্রহ করা যায়। সাধারণত যখন পড সমূহ হলদে বাদামী বর্ণ ধারণ করে তখন গাছ কাটা হয়।,,"BARI Krishi Projukti Hatboi, 10th edition (Dec 2024), Akhond et al. (eds.) 2025"
spice,dill (shaluk),শলুক,433,1 Nov-30 Nov,11-01,11-30,8.0,10.0,,,170.0,17.0,120.0,85.0,,,,3.0,4.0,,,,,,12,"আশ্বিন থেকে কার্ত্তিক (অক্টবর-নভেম্বর) মাস বীজ ফসলের জন্য উত্তম। সাথী ফসল হিসাবে মরিচ, শাক-সব্জি, আখ, আলু, ডাল, মসলা জাতীয় অন্য ফসলের জমিতে শল্ুেকর চাষ করা যায়। অতিরিক্ত সূর্যালোকে বীজ বপন করলে অঙ্কুরোদগমে ব্যাঘাত সৃষ্টি করে। শলুক বীজের জন্য বিলম্বে বীজ বপনে এর স্বাভাবিক বৃদ্ধি ব্যহত হয় এবং বিভিন্ন রোগবালাই এর আক্রমন বেড়ে যায় ও বীজের মান খারাপ হয়ে ফলন কমে যায়।",সারিতে হেক্টর প্রতি 8-10 কেজি এবং ছিটিয়ে বোনার ক্ষেত্রে হেক্টর প্রতি 12-15 কেজি বীজের প্রয়োজন হয়।,,"শলুক ফসলে 3-4 টি সেচ প্রয়োগ করতে হবে। গজানোর সময় হালকা সেচ, ফুল আসার আগে ও দানা গঠনের সময় সেচ দেওয়া খুবই প্রয়োজন। এতে বীজ পুষ্ট ও ফলন বেশী হয়।",,,"BARI Krishi Projukti Hatboi, 10th edition (Dec 2024), Akhond et al. (eds.) 2025"
spice,black pepper,গোল মরিচ,435,1 May-30 Aug,05-01,08-30,,,30.0,30.0,,,,,,,,,,,,,,,11,"কেবল অযৌন পদ্ধতিতে গোলমরিচের বংশ বিস্তার হয়। ধাবক মুকুল (রানার) যা প্রধান গাছের গোড়া থেকে গজায় এমন লতা থেকে চারা (কাটিং) সংগ্রহ করাই উত্তম। কমপক্ষে 3-4টি গিঁটসহ 30-45 সেমি লম্বা শাখা কাটিং হিসেবে নিতে হবে। কাটিংগুলো সরাসরি সহায়ক গাছের গোড়ায় লাগানো যেতে পারে এতে উৎপাদন খরচ অনেক কম হয়। বীজতলায় কাটিং লাগালে 20-30 দিনের মধ্যে নতুন কুঁড়ি বের হতে শুরু করে। এক বছর বয়সের কাটিং বাগানে লাগানো উত্তম। মে-আগস্ট মাসে প্রত্যেক সহায়ক বৃক্ষের পাশে তৈরি গর্তে 2-3টি কাটিং লাগাতে হবে এরপর পানি দিতে হবে। কাটিংগুলি সহায়ক বৃক্ষের উত্তর পার্শ্বে লাগানো হলে সূর্যের তাপ কম লাগবে। সূর্য তাপ হতে প্রাথমিকভাবে রক্ষার জন্য পাতাওয়ালা গাছের ডাল বা অন্য কোনভাবে ছায়ার ব্যবস্থা করতে হবে। আম, কাঁঠাল, সুপারী, জিগা,",,,রোপণের সময় মাটি শুকনো থাকলে সেচ দিতে হবে। খরা মৌসুমে এমনভাবে সেচ দিতে হবে যাতে মাটিতে সব সময়ে রস থাকে। সবচেয়ে ভাল হয় যদি একটি ছিদ্রযুক্ত কলসি অথবা ছিদ্রযুক্ত পলিথিন ব্যাগ পানি ভর্তি করে সহায়ক গাছের সাথে ঝুলিয়ে দেয়া হয়। ছিদ্র দিয়ে সারাক্ষণ ফোঁটা ফোঁটা পানি পড়তে থাকলে গাছের বৃদ্ধি এবং ফলের জন্য সবচেয়ে উপকারী। অতি বৃষ্টির সময় যাতে গাছের গোড়ায় পানি না জমে সেজন্য নালা কেটে পানি নিষ্কাশনের ব্যবস্থা করতে হবে।,,,"BARI Krishi Projukti Hatboi, 10th edition (Dec 2024), Akhond et al. (eds.) 2025"
spice,chui jhal (Piper chaba),চুইঝাল,437,1 Apr-30 Jun,04-01,06-30,,,50.0,50.0,,,,,,,,,,,,,,,7,এপ্রিল-জুন মাস চুইঝালের লতা বা চারা রোপণের উপযুক্ত সময়। খোলা স্থানে যেমন পুকুরপাড় অথবা বাড়ির পাশের উচু জমিতে 1.5 মিটার পর পর লাগানো যেতে পারে। উক্ত দূরত্বে শতক প্রতি 18-20 টি চারার প্রয়োজন,,,,বারি চুইঝাল-1 লাগানোর বা রোপণের 1.5-2 বছরের মধ্যে ফসল সংগ্রহের উপযোগী হয়। তবে ভালো ফলনের জন্য 4-5 বছর বয়সের গাছই উত্তম। 3 বছরের একটি গাছ হতে 9-11 কেজি চুইঝালের ভক্ষণযোগ্য কাণ্ড পাওয়া যায়। গাছের বয়স বৃদ্ধির সাথে সাথে চুইঝালের ফলনও বৃদ্ধি পেতে থাকে।,,"BARI Krishi Projukti Hatboi, 10th edition (Dec 2024), Akhond et al. (eds.) 2025"
spice,betel leaf,পান,439,16 Sep-15 Nov; 14 Feb-15 Mar; 1 Mar-30 Mar; 1 Mar-30 Mar; 30 May-31 Jul; 30 May-30 Jun; 15 Jun-14 Aug; 30 Jan-30 Mar; 30 May-31 Aug; 31 Jul-31 Aug,09-16,11-15,,,,,217.0,220.0,84.0,50.0,15.0,,12.5,,,,,,,,45,"বছরের যে কোন সময় লতা লাগানো যায়। তবে পরীক্ষা করে দেখা গেছে, আশ্বিন-কার্তিক ও ফাল্গুন মাসে লতা লাগানো হলে ভাল ফল পাওয়া যায়। খরিফ মৌসুমে মধ্য ফাল্গুন হতে মধ্য চৈত্র মাসে পানের চারা রোপণ করা হয়। আবহাওয়ার তারতম্য ও অঞ্চল ভেদে চারা রোপণের উপযুক্ত সময়ের তারতম্য হয়। কুষ্টিয়া, চুয়াডাঙ্গা ও নড়াইলে মধ্য ফাল্গুন হতে মধ্য চৈত্র মাসে, যশোরে মধ্য জ্যৈষ্ঠ হতে মধ্য শ্রাবণ মাসে, বরিশালে ও বাগেরহাটে মধ্য জ্যৈষ্ঠ হতে মধ্য আষাঢ় মাসে, পটুয়াখালী আষাঢ় হতে শ্রাবণ মাসে, রাজশাহীতে মধ্য মাঘ হতে মধ্য চৈত্র মাসে, চট্টগ্রামে মধ্য জ্যৈষ্ঠ হতে মধ্য ভাদ্র মাসে, কক্সবাজারে মধ্য শ্রাবণ হতে মধ্য ভাদ্র মাসে পানের কাটিং রোপণ করা হয়।",,"খৈল 4 টন জুন - নভেম্বর, 15 দিন পরপর 12 কিস্তিতে, প্রতি কিস্তিতে 33 কেজি করে। ইউরিয়া 180 কেজি জুন - নভেম্বর, 30 দিন পরপর 12 কিস্তিতে, প্রতি কিস্তিতে 30 কেজি করে। টিএসপি 150 কেজি মে মাসে 1 কিস্তিতে এমওপি 75 কেজি মে মাসে 1 কিস্তিতে জিপসাম 50 কেজি মে মাসে 1 কিস্তিতে জিংক সালফেট 15 কেজি মে মাসে 1 কিস্তিতে",সফলভাবে পান চাষের জন্য সঠিক মাত্রায় সেচ প্রয়োগ করা প্রয়োজন। পান বরজের মাটিতে সবসময় আর্দরতা বজায় রাখতে হবে। শুষ্ক মৌসুমে 6-7 দিন পর পর সেচ দিতে হবে। কিন্তু বর্ষাকালে পানি নিষ্কাশনের পর্যাপ্ত ব্যবস্থা থাকতে হবে।,সময়মতো যত্ন ও পরিচর্যা করলে চারা লাগানোর 6 মাস পর হতে পান তোলা যেতে পারে। প্রতিটি গাছ হতে মাসে 3-4 বার পান তোলা যায়। পানের লতা লাগানোর 6-8 মাসের মধ্যে পাতা সংগ্রহ করার উপযুক্ত হয়। গাছ লাগানোর 6-8 মাস পর পান পাতা সংগ্রহ করা যায় এবং তার পর প্রতি 15-25 দিন অন্তর অন্তর পাতা সংগ্রহ করা যায়। পান গাছ লম্বায় 1.2 থেকে 1.8 মিটার হলে পাতা সংগ্রহ করা যায়। কাণ্ডের নিচের অংশ থেকে পাতা সংগ্রহ হয়। প্রাথমিক পর্যায়ে পরিণত পাতা প্রধান কাণ্ডের নিচের অংশ থেকে 2-3 বার সংগ্রহ করা হয়। পরবর্তীতে পান পাতা প্রধা,,"BARI Krishi Projukti Hatboi, 10th edition (Dec 2024), Akhond et al. (eds.) 2025"
spice,cinnamon,দারুচিনি,444,1 May-30 Oct,05-01,10-30,,,30.0,30.0,,,,,,,,1.0,1.0,,,,,,9,সমতল ভূমিতে দারুচিনি চারা সাধারণত বর্গাকার বা ষড়ভুজী প্রণালীতে লাগানো যেতে পারে। কিন্তু উঁচু নিচু পাহাড়ে কণ্টুর রোপণ প্রণালী অনুসরণ করতে হবে। মে থেকে অক্টোবর মাস পর্যন্ত চারা রোপণ করা যায়।,,,"গাছের গোড়া নিয়মিত পরিষ্কার করতে হবে। পাহাড়ের ঢালে, বাড়ির আঙ্গিনা, রাস্তার ধার বা পুকুর পাড়ে লাগানো গাছের গোড়ায় আগাছা কেটে পরিষ্কার রাখতে হবে। চারা রোপণের প্রথমদিকে প্রয়োজনমতো সেচ দেয়া দরকার। গাছ বড় হয়ে গেলে আর সেচের তেমন প্রয়োজন পড়ে না।",দারুচিনি গাছ 2 ইঞ্চি (5 সেমি) পরিমাণ মোটা (ব্যাস) বা দুই বছর বয়স হলে তা গোড়া থেকে 6 ইঞ্চি বা 15 সেমি উপরে কেটে বাঁকানো ছুড়ি দিয়ে ছাল আলাদা করে নিয়ে হালকা রৌদ্রে বা ওভেনে 50° সে. তাপে ভালভাবে শুকিয়ে সংগ্রহ করতে হয়। দারুচিনির প্রথম অবস্থায় প্রতিবার কর্তনে হেক্টরপ্রতি 150 কেজি থেকে 200 কেজি এবং পরবর্তীতে 300-350 কেজি পর্যন্ত দারুচিনি ছাল (Quill) পাওয়া যেতে পারে।,,"BARI Krishi Projukti Hatboi, 10th edition (Dec 2024), Akhond et al. (eds.) 2025"
spice,Indian bay leaf,তেজপাতা,446,1 Apr-30 May; 15 May-14 Jul,04-01,05-30,,,80.0,80.0,,,,,,,,4.0,5.0,,,,,,17,"দু’ভাবে বংশ বিস্তার করা যায়। বীজ থেকে এবং কলম থেকে চারা তৈরি করে। কলমের চারা উত্তম কারণ এতে বংশগত গুণাগুণ অক্ষুন্ন থাকে। তেজপাতা বীজ থেকে চারা তৈরী করা অপেক্ষাকৃত কঠিন। বীজের ডরমেনসি খুবই কম হওয়ায় বীজ সংগ্রহের 1-2 দিনের মধ্যে বীজ চারা তৈরী করার জন্য ব্যবহার করতে হবে। বীজ পেকে যখন কালো বর্ণ ধারণ করবে, তখন বুঝতে হবে বীজ সংগ্রহের সঠিক সময়। এই সময়ে বীজ সংগ্রহ করে পূর্বের প্রস্তুতকৃত মাটি ভর্তি প্রতিটি পলিব্যাগে 2-3 বীজ দিতে হবে। বীজ বপনের পর পলিব্যাগে সেভিং পাউডার ব্যবহার করতে হবে। এতে করে পিঁপড়া বীজের ক্ষতি করতে পারবে না। উপযুক্ত পরিবেশে বীজ থেকে চারা হতে 12-14 দিন সময় লাগে। এর পর হতে নিময়তিভাবে ঝরনা দ্বারা পানি দিতে হবে, যা মাটিতে সমসময় আর্দ্রতা বজায় থাকে। সাধারণত পার্শ্বীয় জোড় কলম",,,শুষ্ক মৌসুমে বিশেষতঃ চারা গাছে এবং বয়স্ক গাছে পাতার বাড়ন্ত অবস্থায় সেচ দিলে ফলন ও পাতার গুণগতমান বৃদ্ধি পায়। মাটির আর্দ্রতার উপর ভিত্তি করে খরিফ-1 এ 2-3 টি এবং রবি মৌসুমে 4-5 টি সেচ দিতে হয়। চাষ দিয়ে বা কোঁদাল দিয়ে কুপিয়ে তেজপাতার বাগানের আগাছা নিয়ন্ত্রণ করতে হবে।,সাধারণতঃ বছরে 2 (দুই) বার পাতা সংগ্রহ করা হয়। গাছ হতে তেজপাতা সংগ্রহের সময় লক্ষ্য রাখতে হবে যেন গাছের ছোট ছোট ডাল না ভেঙ্গে যায়। আবহাওয়া অনুক‚ল ও পরিমিত পরিচর্যা করলে 7-8 বছরের একটি গাছ হতে বছরে প্রায় 30.00- 34.23 কেজি উৎপাদন হবে ।,,"BARI Krishi Projukti Hatboi, 10th edition (Dec 2024), Akhond et al. (eds.) 2025"
spice,plum (alubokhara),আলুবোখারা,449,1 Apr-30 Oct,04-01,10-30,,,75.0,60.0,,,,,,,,1.0,1.0,,,,,,15,সমতল ভূমিতে আলুবোখারা চারা সাধারণত বর্গাকার বা ষড়ভুজী প্রণালীতে লাগানো যেতে পারে। কিন্তু উঁচু নিচু পাহাড়ে কন্টুর রোপণ প্রণালী অনুসরণ করতে হবে। এপ্রিল থেকে অক্টোবর মাস পর্যন্ত আলুবোখারা চারা রোপণ করা যায়।,,,"চারা রোপণের প্রথমদিকে প্রয়োজনমতো সেচ দেয়া দরকার। খরা বা শুকানো মৌসুমে পানি সেচ দিলে ফল ঝরা কমে, ফলন বৃদ্ধি পায় এবং ফলের আকার ও অন্যান্য গুণাগুণ ভাল হয়।",আলুবোখারার ফল নন-ক্লাইমেক্টরিক হওয়ায় গাছ থেকেই ভালভাবে পাকার পর তা সংগ্রহ করতে হয়। আলুবোখারার ফল ভালভাবে পেকে গাঢ় লাল বা হালকা খয়েরী রং ধারণ করলে এবং ফল নরম হলেই সংগ্রহ করা উচিৎ। হালকা লাল বা হলুদ আবস্থায় সংগ্রহ করা হলে তা অত্যন্ত টক বা হালকা তেতো স্বাদেরও হতে পারে। বারি আলুবোখারা -1 এর বা এ জাতের প্রতি পূর্ণবয়স্ক (10-20 বছর) গাছে দেড় থেকে তিন হাজার পর্যন্ত ফল পাওয়া যেতে পারে। হেক্টরপ্রতি 7 থেকে 10 টন ফ্রেশ পাকা ফল পাওয়া যেতে পারে।,,"BARI Krishi Projukti Hatboi, 10th edition (Dec 2024), Akhond et al. (eds.) 2025"
spice,aromatic ginger (Kaempferia),একাঙ্গী,451,1 Apr-14 May,04-01,05-14,,,,20.0,260.0,230.0,190.0,110.0,3.0,,5.0,,,,,1 Jan-28 Feb,12.0,15.0,24,এপ্রিলের 1ম সপ্তাহ থেকে মে মাসের 2য় সপ্তাহ পর্যন্ত একাঙ্গী লাগানোর উপযুক্ত সময়। বিলম্বে রোপণ করলে গাছের বৃদ্ধি ও ফলন কম হয়।,,,,"সাধারণত জানুয়ারি - ফেব্রুয়ারি মাসে একাঙ্গীর উঠানো হয়। একাঙ্গী রোপণের 9-10 মাস পর গাছের পাতা যখন হলুদ রং ধারণ করে শুকিয়ে যায় তখনই একাঙ্গী সংগ্রহের উপর্যুক্ত সময় হিসাবে বিবেচনা করা হয়। সংগ্রহের পরে একাঙ্গীতে লেগে থাকা মাটি, শিকড়, গাছের কাণ্ড ও পাতা পরিষ্কার করতে হবে।",,"BARI Krishi Projukti Hatboi, 10th edition (Dec 2024), Akhond et al. (eds.) 2025"
spice,chives,চিভ,454,1 Apr-30 May,04-01,05-30,,,300.0,150.0,140.0,200.0,90.0,50.0,,,5.0,1.0,1.0,65.0,70.0,,10.0,12.0,17,বাংলাদেশে সারা বছর চিভ চাষ করা সম্ভব। তবে চিভ লাগানোর উপযোগী সময় এপ্রিল-মে মাস পর্যন্ত,"প্রতি হেক্টরে 2,00,000-3,00,000 চারা/ক্লাম্প ডিভিশন (Clump division) লাগে। প্রতিটি চারা 20-25 সেন্টিমিটার দূরত্বে 15-20 সেন্টিমিটার পরপর লাগাতে হবে।",,,চারা লাগানোর 65-70 দিন পর থেকে ফসল সংগ্রহ করা যায়। গাছের গোড়া থেকে 2-3 ইঞ্চি উপরে পাতা কেটে অথবা পুরো গাছ উঠিয়ে ফসল সংগ্রহ করা যায়। ফসল সংগ্রহের পর বাজারজাতকরণের জন্য পাতা/গাছ ভাল ভাবে পরিষ্কার পানিতে ধুয়ে নিতে হবে এবং গাছের শিকড় কেটে ফেলতে হবে। বছরে 5-6 বার ফসল সংগ্রহ করা যায়।,,"BARI Krishi Projukti Hatboi, 10th edition (Dec 2024), Akhond et al. (eds.) 2025"
spice,mint,পুদিনা,456,1 Apr-30 May,04-01,05-30,,,,,225.0,275.0,180.0,110.0,,,5.0,,,,,,,,7,বাংলাদেশে সারা বছর চাষ করা সম্ভব। তবে পুদিনা লাগানোর উপযোগী সময় এপ্রিল-মে মাস পর্যন্ত।,"প্রতি হেক্টরে 120000-200000 কাটিং লাগে। প্রতিটি কাটিং 25-30 সেন্টিমিটার (সারিসারি) দুরত্বে, ও 20-25 সেন্টিমিটার (কাটিং - কাটিং) দূরে ও 5-6 সেন্টিমিটার গভীরে রোপন করতে হবে। প্রতিটি গর্তে 2টি করে কাটিং রোপন করতে হবে।",,,,,"BARI Krishi Projukti Hatboi, 10th edition (Dec 2024), Akhond et al. (eds.) 2025"
spice,areca nut,সুপারি,458,1 May-30 Sep; 1 Jun-30 Jul,05-01,09-30,70.0,80.0,250.0,250.0,,,,,,,,,,,,,28.24,28.24,13,বীজ দ্বারা সুপারি গাছের বংশবিস্তার হয়ে থাকে। প্রথমে বীজতলায় বীজ লাগিয়ে চারা উৎপাদন করতে হবে। চারা উৎপাদনের নিম্নলিখিত বিষয়গুলোর প্রতি নজর দেওয়া দরকার। বীজ সংগ্রহ করার পর দেরী না করে বীজতলায় বীজ রোপণ করতে হবে। প্রতি হেক্টরে বীজের হার 70-80 কেজি (খোসাসহ কাঁচা সুপারি)। বীজ রোপণের সময় সারি থেকে সারির দ‚রত্ব 30 সে.মি. এবং বীজ থেকে বীজের দ‚রত্ব হবে 25 সেমি। বীজ 1-2 সে.মি. গভীরে এমনভাবে রোপণ করতে হবে যাতে বীজটি মাটির সামান্য নিচে থাকে এবং বীজের উপরে মাটির একটা পাতলা আবরণ থাকে। সাধারণতঃ মে থেকে সেপ্টেম্বর মাস পর্যন্ত চারা রোপণ করা যায়। তবে জুন-জুলাই মাস চারা রোপণের জন্য উত্তম।,,,,সুপারির চারা লাগানোর পর সঠিক ভাবে যত্ন নিলে 4-5 বৎসরের মধ্যেই ফলন আসতে শুরু করে। তারপর বয়স বাড়ার সাথে সাথে ফলন ক্রমান্বয়ে বাড়তে থাকে।,,"BARI Krishi Projukti Hatboi, 10th edition (Dec 2024), Akhond et al. (eds.) 2025"
grain,barley,বার্লি,463,8 Nov-14 Dec,11-08,12-14,120.0,120.0,,,165.0,112.5,110.0,50.0,4.0,,,1.0,2.0,,,15 Mar-21 Mar,,,8,কার্তিক মাসের শেষ সপ্তাহ থেকে অগ্রহায়ণ মাস (নভেম্বরের 2য় সপ্তাহ থেকে ডিসেম্বরের 2য় সপ্তাহ) পর্যন্ত বীজ বপন করা যায়।,বার্লি ছিটিয়ে ও সারিতে বপন করা যায়। ছিটিয়ে হেক্টরপ্রতি 120 কেজি এবং সারিতে বুনলে 100 কেজি বীজ প্রয়োজন হয়। সারিতে বুনলে 2 সারির মাঝে দূরত্ব 20-25 সেমি রাখতে হবে। লাঙ্গল দিয়ে 3.5 সেমি গভীর নালা টেনে তাতে বীজ বুনে মাটি দিয়ে ঢেকে দিতে হবে।,সেচের ব্যবস্থা থাকলে শেষ চাষের সময় অর্ধেক ইউরিয়া এবং সবটুকু টিএসপি ও এমওপি সার প্রয়োগ করতে হবে। বাকি অর্ধেক ইউরিয়া 2 কিস্তিতে বীজ বপনের 30-35 দিন পর 1ম কিস্তি এবং দ্বিতীয় কিস্তি বীজ বপনের 55-60 দিন পর (সেচের পর) প্রয়োগ করতে হবে।,রবি মৌসুমে খরা দেখা দিলে 1-2 টি হালকা সেচের ব্যবস্থা করলে ফলন বেশি পাওয়া যায়।,শীষ খড়ের রং এবং পাতা বাদামি হয়ে এলে বোঝা যাবে ফসল পেকেছে। চৈত্রের প্রথম সপ্তাহ থেকে মধ্য সপ্তাহ।,,"BARI Krishi Projukti Hatboi, 10th edition (Dec 2024), Akhond et al. (eds.) 2025"
grain,proso millet,চিনা,464,1 Nov-15 Jan,11-01,01-15,20.0,20.0,,,150.0,112.5,85.0,50.0,3.5,,,1.0,2.0,,,,,,11,মধ্য-কার্তিক থেকে পৌষ মাস (নভেম্বর থেকে মধ্য-জানুয়ারি)।,চিনা বীজ ছিটিয়ে এবং সারিতে উভয় পদ্ধতিতেই বোনা যায়। ছিটিয়ে বুনলে হেক্টরপ্রতি 20 কেজি এবং সারিতে বুনলে 18 কেজি বীজের প্রয়োজন হয়। সারিতে বীজ বুনলে 2 সারির মাঝে দূরত্ব হবে 20-30 সেমি। সারিতে চারা গজানোর পর 6-8 সেমি দূরত্বে একটি করে চারা রেখে বাকি চারা তুলে ফেলতে হবে।,সেচ বিহীন চাষে সম্পূর্ণ সার শেষ চাষের সময় প্রয়োগ করতে হবে। কিন্তু সেচের ব্যবস্থা থাকলে শেষ চাষের সময় অর্ধেক ইউরিয়া এবং সবটুকু টিএসপি ও এমওপি সার প্রয়োগ করতে হবে। বাকি অর্ধেক ইউরিয়া বীজ বপনের 35-40 দিন পর উপরি প্রয়োগ করতে হবে।,মাটিতে রসের অভাব হলে 1-2টি হালকা সেচ দেওয়া যেতে পারে।,শীষ খড়ের রং ধারণ করলে তখন বুঝতে হবে ফসল কাটার সময় হয়েছে।,,"BARI Krishi Projukti Hatboi, 10th edition (Dec 2024), Akhond et al. (eds.) 2025"
grain,foxtail millet,কাউন,466,15 Nov-15 Feb,11-15,02-15,10.0,10.0,,,,,,,,,,,,,,,,,4,দেশের উত্তরাঞ্চলে অগ্রহায়ণ থেকে মাঘ মাস (মধ্য নভেম্বর থেকে মধ্য-ফেব্রুয়ারি)। পযর্ন্ত বীজ বোনা যায়।,কাউনের বীজ ছিটিয়ে ও সারিতে বোনা যায়। ছিটিয়ে বুনলে হেক্টরপ্রতি 10 কেজি এবং সারিতে বুনলে 8 কেজি বীজের প্রয়োজন হয়। বীজ সারিতে বুনলে সারির থেকে সারির দূরত্ব 25-30 সেমি রাখতে হবে। চারা গজানোর পর 2-3 সপ্তাহের মধ্যে সারিতে চারার দূরত্ব 6-8 সেমি রেখে বাকি চারা তুলে ফেলতে হবে।,,,,,"BARI Krishi Projukti Hatboi, 10th edition (Dec 2024), Akhond et al. (eds.) 2025"
grain,chia,চিয়ার,468,,,,5.0,6.0,40.0,,150.0,80.0,60.0,,,,,2.0,3.0,,,,,,6,,5-6 কেজি/হেক্টর। সারি থেকে সারির দূরত্ব 40 সে.মি. এবং অবিচ্ছিন্নভাবে (continuouslz) বপন করতে হয়।,,,,,"BARI Krishi Projukti Hatboi, 10th edition (Dec 2024), Akhond et al. (eds.) 2025"
grain,sorghum,জোয়ার,469,15 Nov-14 Dec; 1 Mar-30 Apr,11-15,12-14,10.0,10.0,,20.0,260.0,300.0,100.0,50.0,3.5,,6.0,,,,,,,,8,জোয়ার এমন একটি ফসল যা রবি ও খরিফ-1 উভয় মৌসুমে চাষ করা যায়। জমির প্রকার ও অঞ্চল ভেদে বপন কালের কিছুটা তারতম্য হয়ে থাকে। রবি মৌসুমে নভেম্বরের মাঝামাঝি থেকে ডিসেম্বরের দ্বিতীয় সপ্তাহ পর্যন্ত (কার্তিক মাসের দ্বিতীয় সপ্তাহ থেকে অগ্রহায়ণের শেষ সপ্তাহ পর্যন্ত) বীজ বপন করা যায় খরিফ-1 মৌসুমে মার্চি-এপ্রিল (ফাল্গুন-চৈত্র) মাসে বীজ বপন করা হয়।,জোয়ারের বীজ সারিতে বপন করা হয়। বীজের পরিমাণ হেক্টর প্রতি 10 কেজি।,,,জোয়ারের দানা বিভিন্ন রং এর হয়ে থাকে। জোয়ারের বীজ পরিপক্ক হয়েছে কিনা নিশ্চিত হওয়ার জন্য জোয়ারের দানা ছাড়িয়ে বীজের গোড়া পরীক্ষা করতে হবে। গোড়ায় কালো দাগ দেখো গেলে বুঝতে হবে জোয়ারের দানা পরিপক্ক হয়েছে। এছাড়া দু’ একটি বীজ দাঁতে কাটার পর ‘কট’ করে শব্দ হলে বুঝতে হবে ফসল কাটার উপণ্ডুক্ত সময় হয়েছে। ফসল কাটার পর রোদে ভালোভাবে শুকানোর পর লাঠি দিয়ে পিটিয়ে দানা ছাড়াতে হবে। ছাড়ানো দানা ভালোভালে ঝেড়ে পুণরায় রোদে শুকিয়ে ঠাণ্ডা করে মাটি বা টিনের পাত্রে মুখ বন্ধ করে রাখতে হবে যাতে বাইরের ব,,"BARI Krishi Projukti Hatboi, 10th edition (Dec 2024), Akhond et al. (eds.) 2025"
grain,finger millet,রাঘী,471,,,,8.0,10.0,25.0,,120.0,150.0,40.0,,,,,2.0,3.0,,,,,,10,,প্রতি হেক্টরে 8-10 কেজি।,সাধারণত মিউরেট অব পটাশ ও টিএসপি সার 1/3 অংশ ইউরিয়ার সাথে মিশ্রিত করে জমি তৈরির সময় ব্যাসাল ডোজ (basal dose) হিসাবে প্রয়োগ করা হয়। বাকি ইউরিয়া 2 বারে টিলারিং ও ভেজিটেটিভ গ্রোথ (vegetative growth) অবস্থায় প্রয়োগ করা হয়। রেইনফেড (rainfed) অবস্থায় চাষাবাদ করলে সকল সার ব্যাসাল ডোজ (basal dose) হিসেবে প্রয়োগ করা হয়।,,,,"BARI Krishi Projukti Hatboi, 10th edition (Dec 2024), Akhond et al. (eds.) 2025"
grain,oat,ওট,472,1 Nov-30 Nov; 1 Dec-7 Dec,11-01,11-30,70.0,70.0,20.0,8.0,195.0,125.0,45.0,,,,7.5,3.0,4.0,,,,,,11,ওট সাধারণত রবি মৌসুমের ফসল। নভেম্বর মাস ওট বপনের উপযুক্ত সময়। তবে পশু খাদ্য হিসেবে ব্যবহারের জন্য ডিসেম্বরের প্রথম সপ্তাহ ভালো। শুষ্ক এবং ঠাণ্ডা আবহাওয়া ওট চাষাবাদের জন্য উত্তম। 20-250 সে. তাপমাত্রা ওট চাষাবাদের জন্য উপযুক্ত।,প্রতি হেক্টরে বপনের জন্য 70 কেজি বীজ প্রয়োজন হয়।,বীজ বপনের এক মাস পূর্বে 5-10 টন গোবর/জৈব সার জমিতে সমানভাবে ছিটিয়ে দিতে হবে। জমি তৈরির শেষ চাষের সময় ইউরিয়া সারের এক তৃতীয়াংশ এবং অন্যান্য সারের সবটুকু জমিতে ভালভাবে ছিটিয়ে চাষ ও মই দিয়ে মাটিতে ভালভাবে মিশিয়ে দিতে হবে। জমিতে আর্দ্রতার অবস্থা বিবেচনা করে অবশিষ্ট ইউরিয়া সার বীজ বপনের পর দুই ভাগের এক ভাগ বীজ বপনের 30-35 দিন এবং অবশিষ্টভাগ 60-70 দিন পর উপরি প্রয়োগ করতে হবে।,চারা গজানোর পর জমির প্রকৃতি অনুযায়ী 3-4 বার সেচ দেওয়ার প্রয়োজন হয়। জমিতে অতিরিক্ত পানি জমে থাকলে নিষ্কাশনের ব্যবস্থা করতে হবে।,রৌদ্রউজ্জ্বল শুকনো দিনে ওট ফসল সংগ্রহ করা উত্তম। পাতা কিছুটা বাদামী রঙ ধারণ করলে ও শীষ খড়ের রঙ হয়ে এলে ফসল সংগ্রহ করতে হবে।,,"BARI Krishi Projukti Hatboi, 10th edition (Dec 2024), Akhond et al. (eds.) 2025"
grain,buckwheat,ঢেমশী,474,,,,7.0,8.0,,,130.0,20.0,40.0,,,,,1.0,2.0,,,,,,8,"সারি থেকে সারির দুরত্ব 25 সে.মি.,গাছ থকে গাছের দুরত্ব 8-10 সে.মি.।",7-8 কেজি/হেক্টর।,,,,,"BARI Krishi Projukti Hatboi, 10th edition (Dec 2024), Akhond et al. (eds.) 2025"
grain,quinoa,কিনোয়া,475,,,,7.0,8.0,,7.0,130.0,20.0,40.0,,,,,1.0,2.0,,,,,,16,"সারি থেকে সারির দুরত্ব 25 সে.মি.,গাছ থকে গাছের দুরত্ব 8-10 সে.মি.।",7-8 কেজি/হেক্টর। হেক্টর প্রতি 7-8 কেজি বীজের প্রয়োজন।,,,,,"BARI Krishi Projukti Hatboi, 10th edition (Dec 2024), Akhond et al. (eds.) 2025"
