region,table,pattern,area_ha,pct_nca,n_upazilas,source
Barisal,"Cropping patterns with exclusive rice in Barisal region, 2014-15.",Fallow-Fallow-T. Aman,105950.0,13.4,33,"Bangladesh Rice Journal 21(2) 2017, 'Diversity of Crops and Land Use Pattern in Barisal Region', doi:10.3329/brj.v21i2.38196"
Barisal,"Cropping patterns with exclusive rice in Barisal region, 2014-15.",Boro-Fallow-T. Aman,80710.0,10.21,32,"Bangladesh Rice Journal 21(2) 2017, 'Diversity of Crops and Land Use Pattern in Barisal Region', doi:10.3329/brj.v21i2.38196"
Barisal,"Cropping patterns with exclusive rice in Barisal region, 2014-15.",Fallow-Aus-T. Aman,43000.0,5.44,26,"Bangladesh Rice Journal 21(2) 2017, 'Diversity of Crops and Land Use Pattern in Barisal Region', doi:10.3329/brj.v21i2.38196"
Barisal,"Cropping patterns with exclusive rice in Barisal region, 2014-15.",Boro-Fallow-Fallow,35100.0,4.44,14,"Bangladesh Rice Journal 21(2) 2017, 'Diversity of Crops and Land Use Pattern in Barisal Region', doi:10.3329/brj.v21i2.38196"
Barisal,"Cropping patterns with exclusive rice in Barisal region, 2014-15.",Boro-Aus-T. Aman,10230.0,1.29,6,"Bangladesh Rice Journal 21(2) 2017, 'Diversity of Crops and Land Use Pattern in Barisal Region', doi:10.3329/brj.v21i2.38196"
Barisal,"Cropping patterns with exclusive rice in Barisal region, 2014-15.",Fallow-B.Aus+B. Aman,2570.0,0.33,3,"Bangladesh Rice Journal 21(2) 2017, 'Diversity of Crops and Land Use Pattern in Barisal Region', doi:10.3329/brj.v21i2.38196"
Barisal,"Cropping patterns with exclusive rice in Barisal region, 2014-15.",Fallow-B. Aman,1950.0,0.25,4,"Bangladesh Rice Journal 21(2) 2017, 'Diversity of Crops and Land Use Pattern in Barisal Region', doi:10.3329/brj.v21i2.38196"
Barisal,"Cropping patterns with exclusive rice in Barisal region, 2014-15.",Boro-B. Aman,1870.0,0.24,5,"Bangladesh Rice Journal 21(2) 2017, 'Diversity of Crops and Land Use Pattern in Barisal Region', doi:10.3329/brj.v21i2.38196"
Barisal,"Cropping patterns with exclusive rice in Barisal region, 2014-15.",Boro-Aus-Fallow,1190.0,0.15,2,"Bangladesh Rice Journal 21(2) 2017, 'Diversity of Crops and Land Use Pattern in Barisal Region', doi:10.3329/brj.v21i2.38196"
Barisal,"Cropping patterns with exclusive rice in Barisal region, 2014-15.",Fallow-Aus-Fallow,330.0,0.04,1,"Bangladesh Rice Journal 21(2) 2017, 'Diversity of Crops and Land Use Pattern in Barisal Region', doi:10.3329/brj.v21i2.38196"
Barisal,"Cropping patterns with exclusive non-rice in Barisal region, 2014-15.",Vegetable-Vegetable-Vegetable,8555.0,1.08,21,"Bangladesh Rice Journal 21(2) 2017, 'Diversity of Crops and Land Use Pattern in Barisal Region', doi:10.3329/brj.v21i2.38196"
Barisal,"Cropping patterns with exclusive non-rice in Barisal region, 2014-15.",Vegetable-Vegetable-Fallow,7450.0,0.94,16,"Bangladesh Rice Journal 21(2) 2017, 'Diversity of Crops and Land Use Pattern in Barisal Region', doi:10.3329/brj.v21i2.38196"
Barisal,"Cropping patterns with exclusive non-rice in Barisal region, 2014-15.",Grasspea-Jute-Fallow,400.0,0.05,1,"Bangladesh Rice Journal 21(2) 2017, 'Diversity of Crops and Land Use Pattern in Barisal Region', doi:10.3329/brj.v21i2.38196"
Barisal,"Cropping patterns with exclusive non-rice in Barisal region, 2014-15.",Coriander-Vegetable-Fallow,350.0,0.04,3,"Bangladesh Rice Journal 21(2) 2017, 'Diversity of Crops and Land Use Pattern in Barisal Region', doi:10.3329/brj.v21i2.38196"
Barisal,"Cropping patterns with exclusive non-rice in Barisal region, 2014-15.",Coriander-Fallow-Fallow,280.0,0.35,6,"Bangladesh Rice Journal 21(2) 2017, 'Diversity of Crops and Land Use Pattern in Barisal Region', doi:10.3329/brj.v21i2.38196"
Barisal,"Cropping patterns with exclusive non-rice in Barisal region, 2014-15.",Chilli-Vegetable-Fallow,230.0,0.03,2,"Bangladesh Rice Journal 21(2) 2017, 'Diversity of Crops and Land Use Pattern in Barisal Region', doi:10.3329/brj.v21i2.38196"
Barisal,"Cropping patterns with exclusive non-rice in Barisal region, 2014-15.",Vegetable-Jute-Fallow,170.0,0.02,2,"Bangladesh Rice Journal 21(2) 2017, 'Diversity of Crops and Land Use Pattern in Barisal Region', doi:10.3329/brj.v21i2.38196"
Barisal,"Cropping patterns with exclusive non-rice in Barisal region, 2014-15.",Sweet potato-Fallow-Fallow,60.0,0.01,1,"Bangladesh Rice Journal 21(2) 2017, 'Diversity of Crops and Land Use Pattern in Barisal Region', doi:10.3329/brj.v21i2.38196"
Barisal,"Cropping patterns with exclusive non-rice in Barisal region, 2014-15.",Vegetable-Fallow-Fallow,60.0,0.01,2,"Bangladesh Rice Journal 21(2) 2017, 'Diversity of Crops and Land Use Pattern in Barisal Region', doi:10.3329/brj.v21i2.38196"
Barisal,"Area for pulse crops under different cropping systems in Barisal region, 2014-15.",Mungbean-Fallow-T. Aman,83770.0,10.6,35,"Bangladesh Rice Journal 21(2) 2017, 'Diversity of Crops and Land Use Pattern in Barisal Region', doi:10.3329/brj.v21i2.38196"
Barisal,"Area for pulse crops under different cropping systems in Barisal region, 2014-15.",Grasspea-Fallow-T. Aman,66030.0,8.35,33,"Bangladesh Rice Journal 21(2) 2017, 'Diversity of Crops and Land Use Pattern in Barisal Region', doi:10.3329/brj.v21i2.38196"
Barisal,"Area for pulse crops under different cropping systems in Barisal region, 2014-15.",Grasspea-Aus-T. Aman,63140.0,7.99,39,"Bangladesh Rice Journal 21(2) 2017, 'Diversity of Crops and Land Use Pattern in Barisal Region', doi:10.3329/brj.v21i2.38196"
Barisal,"Area for pulse crops under different cropping systems in Barisal region, 2014-15.",Mungbean-Aus-T. Aman,45640.0,5.77,28,"Bangladesh Rice Journal 21(2) 2017, 'Diversity of Crops and Land Use Pattern in Barisal Region', doi:10.3329/brj.v21i2.38196"
Barisal,"Area for pulse crops under different cropping systems in Barisal region, 2014-15.",Felon-Fallow-T. Aman,16275.0,2.06,15,"Bangladesh Rice Journal 21(2) 2017, 'Diversity of Crops and Land Use Pattern in Barisal Region', doi:10.3329/brj.v21i2.38196"
Barisal,"Area for pulse crops under different cropping systems in Barisal region, 2014-15.",Felon-Aus-T. Aman,4200.0,0.53,5,"Bangladesh Rice Journal 21(2) 2017, 'Diversity of Crops and Land Use Pattern in Barisal Region', doi:10.3329/brj.v21i2.38196"
Barisal,"Area for pulse crops under different cropping systems in Barisal region, 2014-15.",Lentil-Fallow-T. Aman,3950.0,0.5,25,"Bangladesh Rice Journal 21(2) 2017, 'Diversity of Crops and Land Use Pattern in Barisal Region', doi:10.3329/brj.v21i2.38196"
Barisal,"Area for pulse crops under different cropping systems in Barisal region, 2014-15.",Chickpea-Fallow-T. Aman,2445.0,0.31,19,"Bangladesh Rice Journal 21(2) 2017, 'Diversity of Crops and Land Use Pattern in Barisal Region', doi:10.3329/brj.v21i2.38196"
Barisal,"Area for pulse crops under different cropping systems in Barisal region, 2014-15.",Grasspea-Jute-T. Aman,2250.0,0.28,5,"Bangladesh Rice Journal 21(2) 2017, 'Diversity of Crops and Land Use Pattern in Barisal Region', doi:10.3329/brj.v21i2.38196"
Barisal,"Area for pulse crops under different cropping systems in Barisal region, 2014-15.",Lentil-Jute-T. Aman,1260.0,0.16,6,"Bangladesh Rice Journal 21(2) 2017, 'Diversity of Crops and Land Use Pattern in Barisal Region', doi:10.3329/brj.v21i2.38196"
Barisal,"Area for pulse crops under different cropping systems in Barisal region, 2014-15.",Lentil-Aus-T. Aman,1090.0,0.14,12,"Bangladesh Rice Journal 21(2) 2017, 'Diversity of Crops and Land Use Pattern in Barisal Region', doi:10.3329/brj.v21i2.38196"
Barisal,"Area for pulse crops under different cropping systems in Barisal region, 2014-15.",Grasspea-Jute-Fallow,400.0,0.05,1,"Bangladesh Rice Journal 21(2) 2017, 'Diversity of Crops and Land Use Pattern in Barisal Region', doi:10.3329/brj.v21i2.38196"
Barisal,"Area for pulse crops under different cropping systems in Barisal region, 2014-15.",Chickpea-Aus-T. Aman,340.0,0.04,4,"Bangladesh Rice Journal 21(2) 2017, 'Diversity of Crops and Land Use Pattern in Barisal Region', doi:10.3329/brj.v21i2.38196"
Barisal,"Area for pulse crops under different cropping systems in Barisal region, 2014-15.",Blackgram-Jute-T. Aman,220.0,0.03,1,"Bangladesh Rice Journal 21(2) 2017, 'Diversity of Crops and Land Use Pattern in Barisal Region', doi:10.3329/brj.v21i2.38196"
Barisal,"Area foroil-seedcrops under different cropping systems in Barisal region, 2014-15.",Groundnut-Fallow-T. Aman,14665.0,1.86,26,"Bangladesh Rice Journal 21(2) 2017, 'Diversity of Crops and Land Use Pattern in Barisal Region', doi:10.3329/brj.v21i2.38196"
Barisal,"Area foroil-seedcrops under different cropping systems in Barisal region, 2014-15.",Sesame-Fallow-T. Aman,6560.0,0.83,14,"Bangladesh Rice Journal 21(2) 2017, 'Diversity of Crops and Land Use Pattern in Barisal Region', doi:10.3329/brj.v21i2.38196"
Barisal,"Area foroil-seedcrops under different cropping systems in Barisal region, 2014-15.",Groundnut-Aus-T. Aman,5485.0,0.69,8,"Bangladesh Rice Journal 21(2) 2017, 'Diversity of Crops and Land Use Pattern in Barisal Region', doi:10.3329/brj.v21i2.38196"
Barisal,"Area foroil-seedcrops under different cropping systems in Barisal region, 2014-15.",Soybean-Fallow-T. Aman,4600.0,0.58,3,"Bangladesh Rice Journal 21(2) 2017, 'Diversity of Crops and Land Use Pattern in Barisal Region', doi:10.3329/brj.v21i2.38196"
Barisal,"Area foroil-seedcrops under different cropping systems in Barisal region, 2014-15.",Mustard-Boro-T. Aman,2640.0,0.33,4,"Bangladesh Rice Journal 21(2) 2017, 'Diversity of Crops and Land Use Pattern in Barisal Region', doi:10.3329/brj.v21i2.38196"
Barisal,"Area foroil-seedcrops under different cropping systems in Barisal region, 2014-15.",Mustard-Aus-T. Aman,2510.0,0.32,10,"Bangladesh Rice Journal 21(2) 2017, 'Diversity of Crops and Land Use Pattern in Barisal Region', doi:10.3329/brj.v21i2.38196"
Barisal,"Area foroil-seedcrops under different cropping systems in Barisal region, 2014-15.",Mustard-Fallow-T. Aman,2155.0,0.27,23,"Bangladesh Rice Journal 21(2) 2017, 'Diversity of Crops and Land Use Pattern in Barisal Region', doi:10.3329/brj.v21i2.38196"
Barisal,"Area foroil-seedcrops under different cropping systems in Barisal region, 2014-15.",Sunflower-Fallow-T. Aman,1610.0,0.2,12,"Bangladesh Rice Journal 21(2) 2017, 'Diversity of Crops and Land Use Pattern in Barisal Region', doi:10.3329/brj.v21i2.38196"
Barisal,"Area foroil-seedcrops under different cropping systems in Barisal region, 2014-15.",Soybean-B. Aman,800.0,0.1,2,"Bangladesh Rice Journal 21(2) 2017, 'Diversity of Crops and Land Use Pattern in Barisal Region', doi:10.3329/brj.v21i2.38196"
Barisal,"Area foroil-seedcrops under different cropping systems in Barisal region, 2014-15.",Sesame-Aus-T. Aman,720.0,0.09,4,"Bangladesh Rice Journal 21(2) 2017, 'Diversity of Crops and Land Use Pattern in Barisal Region', doi:10.3329/brj.v21i2.38196"
Barisal,"Area foroil-seedcrops under different cropping systems in Barisal region, 2014-15.",Mustard-Jute-T. Aman,610.0,0.08,4,"Bangladesh Rice Journal 21(2) 2017, 'Diversity of Crops and Land Use Pattern in Barisal Region', doi:10.3329/brj.v21i2.38196"
Barisal,"Area foroil-seedcrops under different cropping systems in Barisal region, 2014-15.",Mustard-Sesame-T. Aman,560.0,0.07,2,"Bangladesh Rice Journal 21(2) 2017, 'Diversity of Crops and Land Use Pattern in Barisal Region', doi:10.3329/brj.v21i2.38196"
Barisal,"Area foroil-seedcrops under different cropping systems in Barisal region, 2014-15.",Soybean-Jute-T. Aman,530.0,0.07,3,"Bangladesh Rice Journal 21(2) 2017, 'Diversity of Crops and Land Use Pattern in Barisal Region', doi:10.3329/brj.v21i2.38196"
Barisal,"Area foroil-seedcrops under different cropping systems in Barisal region, 2014-15.",Fallow-Sesame-T. Aman,490.0,0.06,4,"Bangladesh Rice Journal 21(2) 2017, 'Diversity of Crops and Land Use Pattern in Barisal Region', doi:10.3329/brj.v21i2.38196"
Barisal,"Area foroil-seedcrops under different cropping systems in Barisal region, 2014-15.",Soybean-Aus-T. Aman,470.0,0.06,2,"Bangladesh Rice Journal 21(2) 2017, 'Diversity of Crops and Land Use Pattern in Barisal Region', doi:10.3329/brj.v21i2.38196"
Barisal,"Area foroil-seedcrops under different cropping systems in Barisal region, 2014-15.",Potato-Sesame-T. Aman,380.0,0.05,5,"Bangladesh Rice Journal 21(2) 2017, 'Diversity of Crops and Land Use Pattern in Barisal Region', doi:10.3329/brj.v21i2.38196"
Barisal,"Vegetables and spices crops under different cropping patterns in Barisal region, 2014-15.",Chilli-Fallow-T. Aman,27700.0,3.5,36,"Bangladesh Rice Journal 21(2) 2017, 'Diversity of Crops and Land Use Pattern in Barisal Region', doi:10.3329/brj.v21i2.38196"
Barisal,"Vegetables and spices crops under different cropping patterns in Barisal region, 2014-15.",Vegetable-Fallow-T. Aman,15640.0,1.98,32,"Bangladesh Rice Journal 21(2) 2017, 'Diversity of Crops and Land Use Pattern in Barisal Region', doi:10.3329/brj.v21i2.38196"
Barisal,"Vegetables and spices crops under different cropping patterns in Barisal region, 2014-15.",Vegetable-Vegetable-T. Aman,9040.0,1.14,21,"Bangladesh Rice Journal 21(2) 2017, 'Diversity of Crops and Land Use Pattern in Barisal Region', doi:10.3329/brj.v21i2.38196"
Barisal,"Vegetables and spices crops under different cropping patterns in Barisal region, 2014-15.",Vegetable-Vegetable-Vegetable,8555.0,1.08,21,"Bangladesh Rice Journal 21(2) 2017, 'Diversity of Crops and Land Use Pattern in Barisal Region', doi:10.3329/brj.v21i2.38196"
Barisal,"Vegetables and spices crops under different cropping patterns in Barisal region, 2014-15.",Vegetable-Vegetable-Fallow,7450.0,0.94,16,"Bangladesh Rice Journal 21(2) 2017, 'Diversity of Crops and Land Use Pattern in Barisal Region', doi:10.3329/brj.v21i2.38196"
Barisal,"Vegetables and spices crops under different cropping patterns in Barisal region, 2014-15.",Chilli-Aus-T. Aman,7040.0,0.89,13,"Bangladesh Rice Journal 21(2) 2017, 'Diversity of Crops and Land Use Pattern in Barisal Region', doi:10.3329/brj.v21i2.38196"
Barisal,"Vegetables and spices crops under different cropping patterns in Barisal region, 2014-15.",Potato-Fallow-T. Aman,4620.0,0.58,25,"Bangladesh Rice Journal 21(2) 2017, 'Diversity of Crops and Land Use Pattern in Barisal Region', doi:10.3329/brj.v21i2.38196"
Barisal,"Vegetables and spices crops under different cropping patterns in Barisal region, 2014-15.",Potato-Aus-T. Aman,4400.0,0.56,10,"Bangladesh Rice Journal 21(2) 2017, 'Diversity of Crops and Land Use Pattern in Barisal Region', doi:10.3329/brj.v21i2.38196"
Barisal,"Vegetables and spices crops under different cropping patterns in Barisal region, 2014-15.",Vegetable-Aus-T. Aman,3810.0,0.48,13,"Bangladesh Rice Journal 21(2) 2017, 'Diversity of Crops and Land Use Pattern in Barisal Region', doi:10.3329/brj.v21i2.38196"
Barisal,"Vegetables and spices crops under different cropping patterns in Barisal region, 2014-15.",Potato-Vegetable-T. Aman,750.0,0.09,7,"Bangladesh Rice Journal 21(2) 2017, 'Diversity of Crops and Land Use Pattern in Barisal Region', doi:10.3329/brj.v21i2.38196"
Barisal,"Vegetables and spices crops under different cropping patterns in Barisal region, 2014-15.",Coriander-Fallow-T. Aman,615.0,0.08,15,"Bangladesh Rice Journal 21(2) 2017, 'Diversity of Crops and Land Use Pattern in Barisal Region', doi:10.3329/brj.v21i2.38196"
Barisal,"Vegetables and spices crops under different cropping patterns in Barisal region, 2014-15.",Potato-Boro-T. Aman,520.0,0.07,3,"Bangladesh Rice Journal 21(2) 2017, 'Diversity of Crops and Land Use Pattern in Barisal Region', doi:10.3329/brj.v21i2.38196"
Barisal,"Vegetables and spices crops under different cropping patterns in Barisal region, 2014-15.",Onion-Aus-T. Aman,455.0,0.06,8,"Bangladesh Rice Journal 21(2) 2017, 'Diversity of Crops and Land Use Pattern in Barisal Region', doi:10.3329/brj.v21i2.38196"
Barisal,"Vegetables and spices crops under different cropping patterns in Barisal region, 2014-15.",Garlic-Aus-T. Aman,445.0,0.06,8,"Bangladesh Rice Journal 21(2) 2017, 'Diversity of Crops and Land Use Pattern in Barisal Region', doi:10.3329/brj.v21i2.38196"
Barisal,"Vegetables and spices crops under different cropping patterns in Barisal region, 2014-15.",Garlic-Fallow-T. Aman,430.0,0.05,13,"Bangladesh Rice Journal 21(2) 2017, 'Diversity of Crops and Land Use Pattern in Barisal Region', doi:10.3329/brj.v21i2.38196"
Barisal,"Vegetables and spices crops under different cropping patterns in Barisal region, 2014-15.",Potato-Sesame-T. Aman,380.0,0.05,5,"Bangladesh Rice Journal 21(2) 2017, 'Diversity of Crops and Land Use Pattern in Barisal Region', doi:10.3329/brj.v21i2.38196"
Barisal,"Vegetables and spices crops under different cropping patterns in Barisal region, 2014-15.",Coriander-Vegetable-Fallow,350.0,0.04,3,"Bangladesh Rice Journal 21(2) 2017, 'Diversity of Crops and Land Use Pattern in Barisal Region', doi:10.3329/brj.v21i2.38196"
Barisal,"Vegetables and spices crops under different cropping patterns in Barisal region, 2014-15.",Coriander-Fallow-Fallow,280.0,0.04,6,"Bangladesh Rice Journal 21(2) 2017, 'Diversity of Crops and Land Use Pattern in Barisal Region', doi:10.3329/brj.v21i2.38196"
Barisal,"Vegetables and spices crops under different cropping patterns in Barisal region, 2014-15.",Onion-Fallow-T. Aman,270.0,0.03,14,"Bangladesh Rice Journal 21(2) 2017, 'Diversity of Crops and Land Use Pattern in Barisal Region', doi:10.3329/brj.v21i2.38196"
Barisal,"Vegetables and spices crops under different cropping patterns in Barisal region, 2014-15.",Fallow-Vegetable-T. Aman,260.0,0.03,2,"Bangladesh Rice Journal 21(2) 2017, 'Diversity of Crops and Land Use Pattern in Barisal Region', doi:10.3329/brj.v21i2.38196"
Barisal,"Vegetables and spices crops under different cropping patterns in Barisal region, 2014-15.",Chilli-Vegetable-Fallow,230.0,0.03,2,"Bangladesh Rice Journal 21(2) 2017, 'Diversity of Crops and Land Use Pattern in Barisal Region', doi:10.3329/brj.v21i2.38196"
Bogra,"Cropping patterns with exclusive rice in Bogra region, 2014-15.",Boro-Fallow-T. Aman,146250.0,21.87,27,"Bangladesh Rice Journal 21(2) 2017, 'Diversity of Cropping Pattern in Bogra', doi:10.3329/brj.v21i2.38197"
Bogra,"Cropping patterns with exclusive rice in Bogra region, 2014-15.",Boro-Fallow-Fallow,37300.0,5.58,21,"Bangladesh Rice Journal 21(2) 2017, 'Diversity of Cropping Pattern in Bogra', doi:10.3329/brj.v21i2.38197"
Bogra,"Cropping patterns with exclusive rice in Bogra region, 2014-15.",Boro-Aus-T. Aman,19700.0,2.95,15,"Bangladesh Rice Journal 21(2) 2017, 'Diversity of Cropping Pattern in Bogra', doi:10.3329/brj.v21i2.38197"
Bogra,"Cropping patterns with exclusive rice in Bogra region, 2014-15.",Boro-B. Aman,18650.0,2.79,10,"Bangladesh Rice Journal 21(2) 2017, 'Diversity of Cropping Pattern in Bogra', doi:10.3329/brj.v21i2.38197"
Bogra,"Cropping patterns with exclusive rice in Bogra region, 2014-15.",Fallow-Fallow-T. Aman,1550.0,0.23,2,"Bangladesh Rice Journal 21(2) 2017, 'Diversity of Cropping Pattern in Bogra', doi:10.3329/brj.v21i2.38197"
Bogra,"Cropping patterns with exclusive rice in Bogra region, 2014-15.",Boro-Aus-Fallow,670.0,0.1,3,"Bangladesh Rice Journal 21(2) 2017, 'Diversity of Cropping Pattern in Bogra', doi:10.3329/brj.v21i2.38197"
Bogra,"Cropping patterns with exclusive non-rice in Bogra region, 2014-15.",Vegetable-Vegetable-Vegetable,16030.0,2.4,22,"Bangladesh Rice Journal 21(2) 2017, 'Diversity of Cropping Pattern in Bogra', doi:10.3329/brj.v21i2.38197"
Bogra,"Cropping patterns with exclusive non-rice in Bogra region, 2014-15.",Onion-Jute-Fallow,10080.0,1.51,5,"Bangladesh Rice Journal 21(2) 2017, 'Diversity of Cropping Pattern in Bogra', doi:10.3329/brj.v21i2.38197"
Bogra,"Cropping patterns with exclusive non-rice in Bogra region, 2014-15.",Lentil-Jute-Fallow,6650.0,0.99,10,"Bangladesh Rice Journal 21(2) 2017, 'Diversity of Cropping Pattern in Bogra', doi:10.3329/brj.v21i2.38197"
Bogra,"Cropping patterns with exclusive non-rice in Bogra region, 2014-15.",Chilli-Jute-Fallow,4620.0,0.69,10,"Bangladesh Rice Journal 21(2) 2017, 'Diversity of Cropping Pattern in Bogra', doi:10.3329/brj.v21i2.38197"
Bogra,"Cropping patterns with exclusive non-rice in Bogra region, 2014-15.",Groundnut-Fallow-Fallow,4280.0,0.64,9,"Bangladesh Rice Journal 21(2) 2017, 'Diversity of Cropping Pattern in Bogra', doi:10.3329/brj.v21i2.38197"
Bogra,"Cropping patterns with exclusive non-rice in Bogra region, 2014-15.",Wheat-Jute-Fallow,4090.0,0.61,11,"Bangladesh Rice Journal 21(2) 2017, 'Diversity of Cropping Pattern in Bogra', doi:10.3329/brj.v21i2.38197"
Bogra,"Cropping patterns with exclusive non-rice in Bogra region, 2014-15.",Vegetable-Vegetable-Fallow,3730.0,0.56,10,"Bangladesh Rice Journal 21(2) 2017, 'Diversity of Cropping Pattern in Bogra', doi:10.3329/brj.v21i2.38197"
Bogra,"Cropping patterns with exclusive non-rice in Bogra region, 2014-15.",Maize-Jute-Fallow,3300.0,0.49,6,"Bangladesh Rice Journal 21(2) 2017, 'Diversity of Cropping Pattern in Bogra', doi:10.3329/brj.v21i2.38197"
Bogra,"Cropping patterns with exclusive non-rice in Bogra region, 2014-15.",Onion-Vegetable-Vegetable,3100.0,0.46,14,"Bangladesh Rice Journal 21(2) 2017, 'Diversity of Cropping Pattern in Bogra', doi:10.3329/brj.v21i2.38197"
Bogra,"Cropping patterns with exclusive non-rice in Bogra region, 2014-15.",Maize-Fallow-Fallow,2520.0,0.38,5,"Bangladesh Rice Journal 21(2) 2017, 'Diversity of Cropping Pattern in Bogra', doi:10.3329/brj.v21i2.38197"
Bogra,"Cropping patterns with exclusive non-rice in Bogra region, 2014-15.",Wheat-Vegetable-Vegetable,2100.0,0.31,3,"Bangladesh Rice Journal 21(2) 2017, 'Diversity of Cropping Pattern in Bogra', doi:10.3329/brj.v21i2.38197"
Bogra,"Cropping patterns with exclusive non-rice in Bogra region, 2014-15.",Millet (kaon)+Sesame-Fallow,1720.0,0.26,4,"Bangladesh Rice Journal 21(2) 2017, 'Diversity of Cropping Pattern in Bogra', doi:10.3329/brj.v21i2.38197"
Bogra,"Cropping patterns with exclusive non-rice in Bogra region, 2014-15.",Chilli-Vegetable-Fallow,1650.0,0.25,10,"Bangladesh Rice Journal 21(2) 2017, 'Diversity of Cropping Pattern in Bogra', doi:10.3329/brj.v21i2.38197"
Bogra,"Cropping patterns with exclusive non-rice in Bogra region, 2014-15.",Potato-Maize-Vegetable,1500.0,0.22,1,"Bangladesh Rice Journal 21(2) 2017, 'Diversity of Cropping Pattern in Bogra', doi:10.3329/brj.v21i2.38197"
Bogra,"Cropping patterns with exclusive non-rice in Bogra region, 2014-15.",Vegetable-Jute-Fallow,1240.0,0.19,4,"Bangladesh Rice Journal 21(2) 2017, 'Diversity of Cropping Pattern in Bogra', doi:10.3329/brj.v21i2.38197"
Bogra,"Cropping patterns with exclusive non-rice in Bogra region, 2014-15.",Fallow-Fallow-Blackgram,1210.0,0.18,6,"Bangladesh Rice Journal 21(2) 2017, 'Diversity of Cropping Pattern in Bogra', doi:10.3329/brj.v21i2.38197"
Bogra,"Cropping patterns with exclusive non-rice in Bogra region, 2014-15.",Grasspea-Fallow-Fallow,1005.0,0.15,3,"Bangladesh Rice Journal 21(2) 2017, 'Diversity of Cropping Pattern in Bogra', doi:10.3329/brj.v21i2.38197"
Bogra,"Cropping patterns with exclusive non-rice in Bogra region, 2014-15.",Vegetable-Onion-Aus,1000.0,0.15,1,"Bangladesh Rice Journal 21(2) 2017, 'Diversity of Cropping Pattern in Bogra', doi:10.3329/brj.v21i2.38197"
Bogra,"Cropping patterns with exclusive non-rice in Bogra region, 2014-15.",Wheat-Sesame-Fallow,1000.0,0.15,3,"Bangladesh Rice Journal 21(2) 2017, 'Diversity of Cropping Pattern in Bogra', doi:10.3329/brj.v21i2.38197"
Bogra,"Cropping patterns with exclusive non-rice in Bogra region, 2014-15.",Vegetable-Fallow-Fallow,900.0,0.13,3,"Bangladesh Rice Journal 21(2) 2017, 'Diversity of Cropping Pattern in Bogra', doi:10.3329/brj.v21i2.38197"
Bogra,"Cropping patterns with exclusive non-rice in Bogra region, 2014-15.",Wheat-Fallow-Blackgram,900.0,0.13,1,"Bangladesh Rice Journal 21(2) 2017, 'Diversity of Cropping Pattern in Bogra', doi:10.3329/brj.v21i2.38197"
Bogra,"Cropping patterns with exclusive non-rice in Bogra region, 2014-15.",Lentil-Sesame-Fallow,810.0,0.12,4,"Bangladesh Rice Journal 21(2) 2017, 'Diversity of Cropping Pattern in Bogra', doi:10.3329/brj.v21i2.38197"
Bogra,"Cropping patterns with exclusive non-rice in Bogra region, 2014-15.",Groundnut-Fallow-Blackgram,800.0,0.12,1,"Bangladesh Rice Journal 21(2) 2017, 'Diversity of Cropping Pattern in Bogra', doi:10.3329/brj.v21i2.38197"
Bogra,"Cropping patterns with exclusive non-rice in Bogra region, 2014-15.",Sweet potato-Jute-Fallow,780.0,0.12,3,"Bangladesh Rice Journal 21(2) 2017, 'Diversity of Cropping Pattern in Bogra', doi:10.3329/brj.v21i2.38197"
Bogra,"Cropping patterns with exclusive non-rice in Bogra region, 2014-15.",Chilli-Fallow-Fallow,710.0,0.11,4,"Bangladesh Rice Journal 21(2) 2017, 'Diversity of Cropping Pattern in Bogra', doi:10.3329/brj.v21i2.38197"
Bogra,"Cropping patterns with exclusive non-rice in Bogra region, 2014-15.",Sweet potato-Fallow-Fallow,675.0,0.1,14,"Bangladesh Rice Journal 21(2) 2017, 'Diversity of Cropping Pattern in Bogra', doi:10.3329/brj.v21i2.38197"
Bogra,"Cropping patterns with exclusive non-rice in Bogra region, 2014-15.",Coriander-Vegetable-Fallow,630.0,0.09,2,"Bangladesh Rice Journal 21(2) 2017, 'Diversity of Cropping Pattern in Bogra', doi:10.3329/brj.v21i2.38197"
Bogra,"Cropping patterns with exclusive non-rice in Bogra region, 2014-15.",Grasspea-Jute-Fallow,550.0,0.08,3,"Bangladesh Rice Journal 21(2) 2017, 'Diversity of Cropping Pattern in Bogra', doi:10.3329/brj.v21i2.38197"
Bogra,"Cropping patterns with exclusive non-rice in Bogra region, 2014-15.",Sesame-Fallow-Blackgram,500.0,0.07,1,"Bangladesh Rice Journal 21(2) 2017, 'Diversity of Cropping Pattern in Bogra', doi:10.3329/brj.v21i2.38197"
Bogra,"Cropping patterns with exclusive non-rice in Bogra region, 2014-15.",Wheat-Jute-Blackgram,500.0,0.07,1,"Bangladesh Rice Journal 21(2) 2017, 'Diversity of Cropping Pattern in Bogra', doi:10.3329/brj.v21i2.38197"
Bogra,"Cropping patterns with exclusive non-rice in Bogra region, 2014-15.",Garlic-Jute-Fallow,430.0,0.06,2,"Bangladesh Rice Journal 21(2) 2017, 'Diversity of Cropping Pattern in Bogra', doi:10.3329/brj.v21i2.38197"
Bogra,"Cropping patterns with exclusive non-rice in Bogra region, 2014-15.",Grasspea-Sesbania-Fallow,400.0,0.06,1,"Bangladesh Rice Journal 21(2) 2017, 'Diversity of Cropping Pattern in Bogra', doi:10.3329/brj.v21i2.38197"
Bogra,"Cropping patterns with exclusive non-rice in Bogra region, 2014-15.",Groundnut-Millet (kaon)-Fallow,380.0,0.06,2,"Bangladesh Rice Journal 21(2) 2017, 'Diversity of Cropping Pattern in Bogra', doi:10.3329/brj.v21i2.38197"
Bogra,"Cropping patterns with exclusive non-rice in Bogra region, 2014-15.",Vegetable-Jute-Vegetable,380.0,0.06,1,"Bangladesh Rice Journal 21(2) 2017, 'Diversity of Cropping Pattern in Bogra', doi:10.3329/brj.v21i2.38197"
Bogra,"Cropping patterns with exclusive non-rice in Bogra region, 2014-15.",Onion-Sesame-Fallow,350.0,0.05,2,"Bangladesh Rice Journal 21(2) 2017, 'Diversity of Cropping Pattern in Bogra', doi:10.3329/brj.v21i2.38197"
Bogra,"Cropping patterns with exclusive non-rice in Bogra region, 2014-15.",Garlic-Vegetable-Vegetable,345.0,0.05,9,"Bangladesh Rice Journal 21(2) 2017, 'Diversity of Cropping Pattern in Bogra', doi:10.3329/brj.v21i2.38197"
Bogra,"Cropping patterns with exclusive non-rice in Bogra region, 2014-15.",Groundnut-Sesame-Fallow,300.0,0.04,1,"Bangladesh Rice Journal 21(2) 2017, 'Diversity of Cropping Pattern in Bogra', doi:10.3329/brj.v21i2.38197"
Bogra,"Cropping patterns with exclusive non-rice in Bogra region, 2014-15.",Lentil-Vegetable-Vegetable,270.0,0.04,5,"Bangladesh Rice Journal 21(2) 2017, 'Diversity of Cropping Pattern in Bogra', doi:10.3329/brj.v21i2.38197"
Bogra,"Cropping patterns with exclusive non-rice in Bogra region, 2014-15.",Wheat-Fallow-Fallow,230.0,0.03,1,"Bangladesh Rice Journal 21(2) 2017, 'Diversity of Cropping Pattern in Bogra', doi:10.3329/brj.v21i2.38197"
Bogra,"Cropping patterns with exclusive non-rice in Bogra region, 2014-15.",Vegetable-Fallow-Blackgram,200.0,0.03,3,"Bangladesh Rice Journal 21(2) 2017, 'Diversity of Cropping Pattern in Bogra', doi:10.3329/brj.v21i2.38197"
Bogra,"Cropping patterns under deep water rice ecosystem in Bogra region, 2014-15.",Boro-B. Aman,18650.0,2.79,10,"Bangladesh Rice Journal 21(2) 2017, 'Diversity of Cropping Pattern in Bogra', doi:10.3329/brj.v21i2.38197"
Bogra,"Cropping patterns under deep water rice ecosystem in Bogra region, 2014-15.",Wheat-B. Aman,7920.0,1.18,6,"Bangladesh Rice Journal 21(2) 2017, 'Diversity of Cropping Pattern in Bogra', doi:10.3329/brj.v21i2.38197"
Bogra,"Cropping patterns under deep water rice ecosystem in Bogra region, 2014-15.",Grasspea-B. Aman,6470.0,0.97,12,"Bangladesh Rice Journal 21(2) 2017, 'Diversity of Cropping Pattern in Bogra', doi:10.3329/brj.v21i2.38197"
Bogra,"Cropping patterns under deep water rice ecosystem in Bogra region, 2014-15.",Mustard-Boro-B. Aman,5000.0,0.75,4,"Bangladesh Rice Journal 21(2) 2017, 'Diversity of Cropping Pattern in Bogra', doi:10.3329/brj.v21i2.38197"
Bogra,"Cropping patterns under deep water rice ecosystem in Bogra region, 2014-15.",Onion-B. Aman,3650.0,0.55,7,"Bangladesh Rice Journal 21(2) 2017, 'Diversity of Cropping Pattern in Bogra', doi:10.3329/brj.v21i2.38197"
Bogra,"Cropping patterns under deep water rice ecosystem in Bogra region, 2014-15.",Garlic-B. Aman,3100.0,0.46,4,"Bangladesh Rice Journal 21(2) 2017, 'Diversity of Cropping Pattern in Bogra', doi:10.3329/brj.v21i2.38197"
Bogra,"Cropping patterns under deep water rice ecosystem in Bogra region, 2014-15.",Blackgram-B. Aman,2950.0,0.44,5,"Bangladesh Rice Journal 21(2) 2017, 'Diversity of Cropping Pattern in Bogra', doi:10.3329/brj.v21i2.38197"
Bogra,"Cropping patterns under deep water rice ecosystem in Bogra region, 2014-15.",Grasspea-Boro-B. Aman,2600.0,0.39,2,"Bangladesh Rice Journal 21(2) 2017, 'Diversity of Cropping Pattern in Bogra', doi:10.3329/brj.v21i2.38197"
Bogra,"Cropping patterns under deep water rice ecosystem in Bogra region, 2014-15.",Mustard-B. Aman,2300.0,0.34,3,"Bangladesh Rice Journal 21(2) 2017, 'Diversity of Cropping Pattern in Bogra', doi:10.3329/brj.v21i2.38197"
Bogra,"Cropping patterns under deep water rice ecosystem in Bogra region, 2014-15.",Blackgram (Fod)-Boro-B. Aman,2000.0,0.3,1,"Bangladesh Rice Journal 21(2) 2017, 'Diversity of Cropping Pattern in Bogra', doi:10.3329/brj.v21i2.38197"
Bogra,"Cropping patterns under deep water rice ecosystem in Bogra region, 2014-15.",Onion-Sesame+B. Aman,1800.0,0.27,2,"Bangladesh Rice Journal 21(2) 2017, 'Diversity of Cropping Pattern in Bogra', doi:10.3329/brj.v21i2.38197"
Bogra,"Cropping patterns under deep water rice ecosystem in Bogra region, 2014-15.",Grasspea-Sesame+B. Aman,1700.0,0.25,1,"Bangladesh Rice Journal 21(2) 2017, 'Diversity of Cropping Pattern in Bogra', doi:10.3329/brj.v21i2.38197"
Bogra,"Cropping patterns under deep water rice ecosystem in Bogra region, 2014-15.",Fallow-Sesame+B. Aman,1400.0,0.21,2,"Bangladesh Rice Journal 21(2) 2017, 'Diversity of Cropping Pattern in Bogra', doi:10.3329/brj.v21i2.38197"
Bogra,"Cropping patterns under deep water rice ecosystem in Bogra region, 2014-15.",Lentil-Sesame+B. Aman,980.0,0.15,1,"Bangladesh Rice Journal 21(2) 2017, 'Diversity of Cropping Pattern in Bogra', doi:10.3329/brj.v21i2.38197"
Bogra,"Cropping patterns under deep water rice ecosystem in Bogra region, 2014-15.",Mustard-B. Aus+B. Aman,800.0,0.12,1,"Bangladesh Rice Journal 21(2) 2017, 'Diversity of Cropping Pattern in Bogra', doi:10.3329/brj.v21i2.38197"
Bogra,"Cropping patterns under deep water rice ecosystem in Bogra region, 2014-15.",Lentil-B. Aman,790.0,0.12,4,"Bangladesh Rice Journal 21(2) 2017, 'Diversity of Cropping Pattern in Bogra', doi:10.3329/brj.v21i2.38197"
Bogra,"Cropping patterns under deep water rice ecosystem in Bogra region, 2014-15.",Maize-B. Aman,650.0,0.1,2,"Bangladesh Rice Journal 21(2) 2017, 'Diversity of Cropping Pattern in Bogra', doi:10.3329/brj.v21i2.38197"
Bogra,"Cropping patterns under deep water rice ecosystem in Bogra region, 2014-15.",Pea-B. Aman,400.0,0.06,2,"Bangladesh Rice Journal 21(2) 2017, 'Diversity of Cropping Pattern in Bogra', doi:10.3329/brj.v21i2.38197"
Bogra,"Cropping patterns for non-rice cereal crops in Bogra region, 2014-15.",Wheat-Jute-T. Aman,14540.0,2.18,24,"Bangladesh Rice Journal 21(2) 2017, 'Diversity of Cropping Pattern in Bogra', doi:10.3329/brj.v21i2.38197"
Bogra,"Cropping patterns for non-rice cereal crops in Bogra region, 2014-15.",Wheat-B. Aman,7920.0,1.18,6,"Bangladesh Rice Journal 21(2) 2017, 'Diversity of Cropping Pattern in Bogra', doi:10.3329/brj.v21i2.38197"
Bogra,"Cropping patterns for non-rice cereal crops in Bogra region, 2014-15.",Wheat-Aus-Fallow,4700.0,0.7,2,"Bangladesh Rice Journal 21(2) 2017, 'Diversity of Cropping Pattern in Bogra', doi:10.3329/brj.v21i2.38197"
Bogra,"Cropping patterns for non-rice cereal crops in Bogra region, 2014-15.",Wheat-Jute-Fallow,4090.0,0.61,11,"Bangladesh Rice Journal 21(2) 2017, 'Diversity of Cropping Pattern in Bogra', doi:10.3329/brj.v21i2.38197"
Bogra,"Cropping patterns for non-rice cereal crops in Bogra region, 2014-15.",Wheat-Aus-T. Aman,3630.0,0.54,13,"Bangladesh Rice Journal 21(2) 2017, 'Diversity of Cropping Pattern in Bogra', doi:10.3329/brj.v21i2.38197"
Bogra,"Cropping patterns for non-rice cereal crops in Bogra region, 2014-15.",Maize-Jute-Fallow,3300.0,0.49,6,"Bangladesh Rice Journal 21(2) 2017, 'Diversity of Cropping Pattern in Bogra', doi:10.3329/brj.v21i2.38197"
Bogra,"Cropping patterns for non-rice cereal crops in Bogra region, 2014-15.",Maize-Fallow-Fallow,2520.0,0.38,5,"Bangladesh Rice Journal 21(2) 2017, 'Diversity of Cropping Pattern in Bogra', doi:10.3329/brj.v21i2.38197"
Bogra,"Cropping patterns for non-rice cereal crops in Bogra region, 2014-15.",Wheat-Sesame-T. Aman,2470.0,0.37,7,"Bangladesh Rice Journal 21(2) 2017, 'Diversity of Cropping Pattern in Bogra', doi:10.3329/brj.v21i2.38197"
Bogra,"Cropping patterns for non-rice cereal crops in Bogra region, 2014-15.",Maize-Jute-T. Aman,2255.0,0.34,4,"Bangladesh Rice Journal 21(2) 2017, 'Diversity of Cropping Pattern in Bogra', doi:10.3329/brj.v21i2.38197"
Bogra,"Cropping patterns for non-rice cereal crops in Bogra region, 2014-15.",Wheat-Vegetable-Vegetable,2100.0,0.31,3,"Bangladesh Rice Journal 21(2) 2017, 'Diversity of Cropping Pattern in Bogra', doi:10.3329/brj.v21i2.38197"
Bogra,"Cropping patterns for non-rice cereal crops in Bogra region, 2014-15.",Wheat-Mungbean-T. Aman,1990.0,0.3,6,"Bangladesh Rice Journal 21(2) 2017, 'Diversity of Cropping Pattern in Bogra', doi:10.3329/brj.v21i2.38197"
Bogra,"Cropping patterns for non-rice cereal crops in Bogra region, 2014-15.",Millet (kaon)+Sesame-Fallow,1720.0,0.26,4,"Bangladesh Rice Journal 21(2) 2017, 'Diversity of Cropping Pattern in Bogra', doi:10.3329/brj.v21i2.38197"
Bogra,"Cropping patterns for non-rice cereal crops in Bogra region, 2014-15.",Wheat-Fallow-T. Aman,1560.0,0.23,3,"Bangladesh Rice Journal 21(2) 2017, 'Diversity of Cropping Pattern in Bogra', doi:10.3329/brj.v21i2.38197"
Bogra,"Cropping patterns for non-rice cereal crops in Bogra region, 2014-15.",Millet (kaon)-Fallow-T. Aman,1500.0,0.22,1,"Bangladesh Rice Journal 21(2) 2017, 'Diversity of Cropping Pattern in Bogra', doi:10.3329/brj.v21i2.38197"
Bogra,"Cropping patterns for non-rice cereal crops in Bogra region, 2014-15.",Potato-Maize-Vegetable,1500.0,0.22,1,"Bangladesh Rice Journal 21(2) 2017, 'Diversity of Cropping Pattern in Bogra', doi:10.3329/brj.v21i2.38197"
Bogra,"Cropping patterns for non-rice cereal crops in Bogra region, 2014-15.",Potato-Maize-T. Aman,1200.0,0.18,4,"Bangladesh Rice Journal 21(2) 2017, 'Diversity of Cropping Pattern in Bogra', doi:10.3329/brj.v21i2.38197"
Bogra,"Cropping patterns for non-rice cereal crops in Bogra region, 2014-15.",Wheat-Sesame-Fallow,1000.0,0.15,3,"Bangladesh Rice Journal 21(2) 2017, 'Diversity of Cropping Pattern in Bogra', doi:10.3329/brj.v21i2.38197"
Bogra,"Cropping patterns for non-rice cereal crops in Bogra region, 2014-15.",Wheat-Fallow-Blackgram,900.0,0.13,1,"Bangladesh Rice Journal 21(2) 2017, 'Diversity of Cropping Pattern in Bogra', doi:10.3329/brj.v21i2.38197"
Bogra,"Cropping patterns for non-rice cereal crops in Bogra region, 2014-15.",Wheat-Maize-T. Aman,700.0,0.1,1,"Bangladesh Rice Journal 21(2) 2017, 'Diversity of Cropping Pattern in Bogra', doi:10.3329/brj.v21i2.38197"
Bogra,"Cropping patterns for non-rice cereal crops in Bogra region, 2014-15.",Maize-B. Aman,650.0,0.1,2,"Bangladesh Rice Journal 21(2) 2017, 'Diversity of Cropping Pattern in Bogra', doi:10.3329/brj.v21i2.38197"
Bogra,"Cropping patterns for non-rice cereal crops in Bogra region, 2014-15.",Maize-Fallow-T. Aman,640.0,0.1,5,"Bangladesh Rice Journal 21(2) 2017, 'Diversity of Cropping Pattern in Bogra', doi:10.3329/brj.v21i2.38197"
Bogra,"Cropping patterns for non-rice cereal crops in Bogra region, 2014-15.",Wheat-Jute-Blackgram,500.0,0.07,1,"Bangladesh Rice Journal 21(2) 2017, 'Diversity of Cropping Pattern in Bogra', doi:10.3329/brj.v21i2.38197"
Bogra,"Cropping patterns for non-rice cereal crops in Bogra region, 2014-15.",Groundnut-Millet (kaon)-Fallow,380.0,0.06,2,"Bangladesh Rice Journal 21(2) 2017, 'Diversity of Cropping Pattern in Bogra', doi:10.3329/brj.v21i2.38197"
Bogra,"Cropping patterns for non-rice cereal crops in Bogra region, 2014-15.",Maize-Maize-T. Aman,330.0,0.05,4,"Bangladesh Rice Journal 21(2) 2017, 'Diversity of Cropping Pattern in Bogra', doi:10.3329/brj.v21i2.38197"
Bogra,"Cropping patterns for non-rice cereal crops in Bogra region, 2014-15.",Maize-Aus-Fallow,320.0,0.05,3,"Bangladesh Rice Journal 21(2) 2017, 'Diversity of Cropping Pattern in Bogra', doi:10.3329/brj.v21i2.38197"
Bogra,"Cropping patterns for non-rice cereal crops in Bogra region, 2014-15.",Maize-Sesame-T. Aman,300.0,0.04,1,"Bangladesh Rice Journal 21(2) 2017, 'Diversity of Cropping Pattern in Bogra', doi:10.3329/brj.v21i2.38197"
Bogra,"Cropping patterns for non-rice cereal crops in Bogra region, 2014-15.",Potato-Maize-Aus,300.0,0.04,1,"Bangladesh Rice Journal 21(2) 2017, 'Diversity of Cropping Pattern in Bogra', doi:10.3329/brj.v21i2.38197"
Bogra,"Cropping patterns for non-rice cereal crops in Bogra region, 2014-15.",Potato-Maize-Aus-Vegetable,300.0,0.04,1,"Bangladesh Rice Journal 21(2) 2017, 'Diversity of Cropping Pattern in Bogra', doi:10.3329/brj.v21i2.38197"
Bogra,"Cropping patterns for non-rice cereal crops in Bogra region, 2014-15.",Wheat-Fallow-Fallow,230.0,0.03,1,"Bangladesh Rice Journal 21(2) 2017, 'Diversity of Cropping Pattern in Bogra', doi:10.3329/brj.v21i2.38197"
Bogra,"Cropping patterns for non-rice cereal crops in Bogra region, 2014-15.",Millet (cheena)-Jute-Fallow,170.0,0.03,1,"Bangladesh Rice Journal 21(2) 2017, 'Diversity of Cropping Pattern in Bogra', doi:10.3329/brj.v21i2.38197"
Bogra,"Cropping patterns for non-rice cereal crops in Bogra region, 2014-15.",Barley-Fallow-Fallow,15.0,0.0,2,"Bangladesh Rice Journal 21(2) 2017, 'Diversity of Cropping Pattern in Bogra', doi:10.3329/brj.v21i2.38197"
Bogra,"Cropping patternsof oil-seed crops in Bogra region, 2014-15.",Mustard-Boro-Fallow,50940.0,7.62,15,"Bangladesh Rice Journal 21(2) 2017, 'Diversity of Cropping Pattern in Bogra', doi:10.3329/brj.v21i2.38197"
Bogra,"Cropping patternsof oil-seed crops in Bogra region, 2014-15.",Mustard-Boro-T. Aman,40110.0,6.0,25,"Bangladesh Rice Journal 21(2) 2017, 'Diversity of Cropping Pattern in Bogra', doi:10.3329/brj.v21i2.38197"
Bogra,"Cropping patternsof oil-seed crops in Bogra region, 2014-15.",Mustard-Boro-B. Aman,5000.0,0.75,4,"Bangladesh Rice Journal 21(2) 2017, 'Diversity of Cropping Pattern in Bogra', doi:10.3329/brj.v21i2.38197"
Bogra,"Cropping patternsof oil-seed crops in Bogra region, 2014-15.",Groundnut-Fallow-Fallow,4280.0,0.64,9,"Bangladesh Rice Journal 21(2) 2017, 'Diversity of Cropping Pattern in Bogra', doi:10.3329/brj.v21i2.38197"
Bogra,"Cropping patternsof oil-seed crops in Bogra region, 2014-15.",Mustard-Jute-T. Aman,2700.0,0.4,3,"Bangladesh Rice Journal 21(2) 2017, 'Diversity of Cropping Pattern in Bogra', doi:10.3329/brj.v21i2.38197"
Bogra,"Cropping patternsof oil-seed crops in Bogra region, 2014-15.",Mustard-Boro-Aus,2560.0,0.38,2,"Bangladesh Rice Journal 21(2) 2017, 'Diversity of Cropping Pattern in Bogra', doi:10.3329/brj.v21i2.38197"
Bogra,"Cropping patternsof oil-seed crops in Bogra region, 2014-15.",Wheat-Sesame-T. Aman,2470.0,0.37,7,"Bangladesh Rice Journal 21(2) 2017, 'Diversity of Cropping Pattern in Bogra', doi:10.3329/brj.v21i2.38197"
Bogra,"Cropping patternsof oil-seed crops in Bogra region, 2014-15.",Mustard-Boro-Aus-T. Aman,2330.0,0.35,4,"Bangladesh Rice Journal 21(2) 2017, 'Diversity of Cropping Pattern in Bogra', doi:10.3329/brj.v21i2.38197"
Bogra,"Cropping patternsof oil-seed crops in Bogra region, 2014-15.",Mustard-B. Aman,2300.0,0.34,3,"Bangladesh Rice Journal 21(2) 2017, 'Diversity of Cropping Pattern in Bogra', doi:10.3329/brj.v21i2.38197"
Bogra,"Cropping patternsof oil-seed crops in Bogra region, 2014-15.",Mustard-Aus-T. Aman,2200.0,0.33,4,"Bangladesh Rice Journal 21(2) 2017, 'Diversity of Cropping Pattern in Bogra', doi:10.3329/brj.v21i2.38197"
Bogra,"Cropping patternsof oil-seed crops in Bogra region, 2014-15.",Onion-Sesame-T. Aman,2200.0,0.33,2,"Bangladesh Rice Journal 21(2) 2017, 'Diversity of Cropping Pattern in Bogra', doi:10.3329/brj.v21i2.38197"
Bogra,"Cropping patternsof oil-seed crops in Bogra region, 2014-15.",Onion-Sesame+B. Aman,1800.0,0.27,2,"Bangladesh Rice Journal 21(2) 2017, 'Diversity of Cropping Pattern in Bogra', doi:10.3329/brj.v21i2.38197"
Bogra,"Cropping patternsof oil-seed crops in Bogra region, 2014-15.",Millet (kaon)+Sesame-Fallow,1720.0,0.26,4,"Bangladesh Rice Journal 21(2) 2017, 'Diversity of Cropping Pattern in Bogra', doi:10.3329/brj.v21i2.38197"
Bogra,"Cropping patternsof oil-seed crops in Bogra region, 2014-15.",Grasspea-Sesame+B. Aman,1700.0,0.25,1,"Bangladesh Rice Journal 21(2) 2017, 'Diversity of Cropping Pattern in Bogra', doi:10.3329/brj.v21i2.38197"
Bogra,"Cropping patternsof oil-seed crops in Bogra region, 2014-15.",Lentil-Sesame-T. Aman,1680.0,0.25,6,"Bangladesh Rice Journal 21(2) 2017, 'Diversity of Cropping Pattern in Bogra', doi:10.3329/brj.v21i2.38197"
Bogra,"Cropping patternsof oil-seed crops in Bogra region, 2014-15.",Fallow-Sesame+B. Aman,1400.0,0.21,2,"Bangladesh Rice Journal 21(2) 2017, 'Diversity of Cropping Pattern in Bogra', doi:10.3329/brj.v21i2.38197"
Bogra,"Cropping patternsof oil-seed crops in Bogra region, 2014-15.",Wheat-Sesame-Fallow,1000.0,0.15,3,"Bangladesh Rice Journal 21(2) 2017, 'Diversity of Cropping Pattern in Bogra', doi:10.3329/brj.v21i2.38197"
Bogra,"Cropping patternsof oil-seed crops in Bogra region, 2014-15.",Lentil-Sesame+B. Aman,980.0,0.15,1,"Bangladesh Rice Journal 21(2) 2017, 'Diversity of Cropping Pattern in Bogra', doi:10.3329/brj.v21i2.38197"
Bogra,"Cropping patternsof oil-seed crops in Bogra region, 2014-15.",Grasspea-Sesame-T. Aman,970.0,0.15,2,"Bangladesh Rice Journal 21(2) 2017, 'Diversity of Cropping Pattern in Bogra', doi:10.3329/brj.v21i2.38197"
Bogra,"Cropping patternsof oil-seed crops in Bogra region, 2014-15.",Lentil-Sesame-Fallow,810.0,0.12,4,"Bangladesh Rice Journal 21(2) 2017, 'Diversity of Cropping Pattern in Bogra', doi:10.3329/brj.v21i2.38197"
Bogra,"Cropping patternsof oil-seed crops in Bogra region, 2014-15.",Groundnut-Fallow-Blackgram,800.0,0.12,1,"Bangladesh Rice Journal 21(2) 2017, 'Diversity of Cropping Pattern in Bogra', doi:10.3329/brj.v21i2.38197"
Bogra,"Cropping patternsof oil-seed crops in Bogra region, 2014-15.",Mustard-B.Aus+B. Aman,800.0,0.12,1,"Bangladesh Rice Journal 21(2) 2017, 'Diversity of Cropping Pattern in Bogra', doi:10.3329/brj.v21i2.38197"
Bogra,"Cropping patternsof oil-seed crops in Bogra region, 2014-15.",Mustard-Boro-Jute,700.0,0.1,1,"Bangladesh Rice Journal 21(2) 2017, 'Diversity of Cropping Pattern in Bogra', doi:10.3329/brj.v21i2.38197"
Bogra,"Cropping patternsof oil-seed crops in Bogra region, 2014-15.",Potato-Sesame-T. Aman,600.0,0.09,2,"Bangladesh Rice Journal 21(2) 2017, 'Diversity of Cropping Pattern in Bogra', doi:10.3329/brj.v21i2.38197"
Bogra,"Cropping patternsof oil-seed crops in Bogra region, 2014-15.",Groundnut-Jute-T. Aman,500.0,0.07,1,"Bangladesh Rice Journal 21(2) 2017, 'Diversity of Cropping Pattern in Bogra', doi:10.3329/brj.v21i2.38197"
Bogra,"Cropping patternsof oil-seed crops in Bogra region, 2014-15.",Sesame-Fallow-Blackgram,500.0,0.07,1,"Bangladesh Rice Journal 21(2) 2017, 'Diversity of Cropping Pattern in Bogra', doi:10.3329/brj.v21i2.38197"
Bogra,"Cropping patternsof oil-seed crops in Bogra region, 2014-15.",Mustard-Aus-Blackgram,400.0,0.06,1,"Bangladesh Rice Journal 21(2) 2017, 'Diversity of Cropping Pattern in Bogra', doi:10.3329/brj.v21i2.38197"
Bogra,"Cropping patternsof oil-seed crops in Bogra region, 2014-15.",Mustard-Mungbean-T. Aman,400.0,0.06,1,"Bangladesh Rice Journal 21(2) 2017, 'Diversity of Cropping Pattern in Bogra', doi:10.3329/brj.v21i2.38197"
Bogra,"Cropping patternsof oil-seed crops in Bogra region, 2014-15.",Groundnut-Millet (kaon)-Fallow,380.0,0.06,2,"Bangladesh Rice Journal 21(2) 2017, 'Diversity of Cropping Pattern in Bogra', doi:10.3329/brj.v21i2.38197"
Bogra,"Cropping patternsof oil-seed crops in Bogra region, 2014-15.",Onion-Sesame-Fallow,350.0,0.05,2,"Bangladesh Rice Journal 21(2) 2017, 'Diversity of Cropping Pattern in Bogra', doi:10.3329/brj.v21i2.38197"
Bogra,"Cropping patternsof oil-seed crops in Bogra region, 2014-15.",Mustard-Sesame-T. Aman,320.0,0.05,2,"Bangladesh Rice Journal 21(2) 2017, 'Diversity of Cropping Pattern in Bogra', doi:10.3329/brj.v21i2.38197"
Bogra,"Cropping patternsof oil-seed crops in Bogra region, 2014-15.",Groundnut-Sesame-Fallow,300.0,0.04,1,"Bangladesh Rice Journal 21(2) 2017, 'Diversity of Cropping Pattern in Bogra', doi:10.3329/brj.v21i2.38197"
Bogra,"Cropping patternsof oil-seed crops in Bogra region, 2014-15.",Maize-Sesame-T. Aman,300.0,0.04,1,"Bangladesh Rice Journal 21(2) 2017, 'Diversity of Cropping Pattern in Bogra', doi:10.3329/brj.v21i2.38197"
Bogra,"Cropping patternsof oil-seed crops in Bogra region, 2014-15.",Sesame-Aus-Fallow,200.0,0.03,1,"Bangladesh Rice Journal 21(2) 2017, 'Diversity of Cropping Pattern in Bogra', doi:10.3329/brj.v21i2.38197"
Bogra,"Cropping patterns of pulse crops in Bogra region, 2014-15.",Lentil-Jute-Fallow,6650.0,0.99,10,"Bangladesh Rice Journal 21(2) 2017, 'Diversity of Cropping Pattern in Bogra', doi:10.3329/brj.v21i2.38197"
Bogra,"Cropping patterns of pulse crops in Bogra region, 2014-15.",Grasspea-B. Aman,6470.0,0.97,12,"Bangladesh Rice Journal 21(2) 2017, 'Diversity of Cropping Pattern in Bogra', doi:10.3329/brj.v21i2.38197"
Bogra,"Cropping patterns of pulse crops in Bogra region, 2014-15.",Lentil-Aus-T. Aman,3340.0,0.5,9,"Bangladesh Rice Journal 21(2) 2017, 'Diversity of Cropping Pattern in Bogra', doi:10.3329/brj.v21i2.38197"
Bogra,"Cropping patterns of pulse crops in Bogra region, 2014-15.",Blackgram-B. Aman,2950.0,0.44,5,"Bangladesh Rice Journal 21(2) 2017, 'Diversity of Cropping Pattern in Bogra', doi:10.3329/brj.v21i2.38197"
Bogra,"Cropping patterns of pulse crops in Bogra region, 2014-15.",Grasspea-Boro-Fallow,2950.0,0.44,5,"Bangladesh Rice Journal 21(2) 2017, 'Diversity of Cropping Pattern in Bogra', doi:10.3329/brj.v21i2.38197"
Bogra,"Cropping patterns of pulse crops in Bogra region, 2014-15.",Grasspea-Boro-B. Aman,2600.0,0.39,2,"Bangladesh Rice Journal 21(2) 2017, 'Diversity of Cropping Pattern in Bogra', doi:10.3329/brj.v21i2.38197"
Bogra,"Cropping patterns of pulse crops in Bogra region, 2014-15.",Blackgram(Fodder)-Boro-B. Aman,2000.0,0.3,1,"Bangladesh Rice Journal 21(2) 2017, 'Diversity of Cropping Pattern in Bogra', doi:10.3329/brj.v21i2.38197"
Bogra,"Cropping patterns of pulse crops in Bogra region, 2014-15.",Wheat-Mungbean-T. Aman,1990.0,0.3,6,"Bangladesh Rice Journal 21(2) 2017, 'Diversity of Cropping Pattern in Bogra', doi:10.3329/brj.v21i2.38197"
Bogra,"Cropping patterns of pulse crops in Bogra region, 2014-15.",Boro-Fallow-Blackgram,1960.0,0.29,7,"Bangladesh Rice Journal 21(2) 2017, 'Diversity of Cropping Pattern in Bogra', doi:10.3329/brj.v21i2.38197"
Bogra,"Cropping patterns of pulse crops in Bogra region, 2014-15.",Grasspea-Sesame+B. Aman,1700.0,0.25,1,"Bangladesh Rice Journal 21(2) 2017, 'Diversity of Cropping Pattern in Bogra', doi:10.3329/brj.v21i2.38197"
Bogra,"Cropping patterns of pulse crops in Bogra region, 2014-15.",Lentil-Sesame-T. Aman,1680.0,0.25,6,"Bangladesh Rice Journal 21(2) 2017, 'Diversity of Cropping Pattern in Bogra', doi:10.3329/brj.v21i2.38197"
Bogra,"Cropping patterns of pulse crops in Bogra region, 2014-15.",Fallow-Fallow-Blackgram,1210.0,0.18,6,"Bangladesh Rice Journal 21(2) 2017, 'Diversity of Cropping Pattern in Bogra', doi:10.3329/brj.v21i2.38197"
Bogra,"Cropping patterns of pulse crops in Bogra region, 2014-15.",Grasspea-Fallow-Fallow,1005.0,0.15,3,"Bangladesh Rice Journal 21(2) 2017, 'Diversity of Cropping Pattern in Bogra', doi:10.3329/brj.v21i2.38197"
Bogra,"Cropping patterns of pulse crops in Bogra region, 2014-15.",Lentil-Sesame+B. Aman,980.0,0.15,1,"Bangladesh Rice Journal 21(2) 2017, 'Diversity of Cropping Pattern in Bogra', doi:10.3329/brj.v21i2.38197"
Bogra,"Cropping patterns of pulse crops in Bogra region, 2014-15.",Lentil-Jute-T. Aman,975.0,0.15,7,"Bangladesh Rice Journal 21(2) 2017, 'Diversity of Cropping Pattern in Bogra', doi:10.3329/brj.v21i2.38197"
Bogra,"Cropping patterns of pulse crops in Bogra region, 2014-15.",Grasspea-Sesame-T. Aman,970.0,0.15,2,"Bangladesh Rice Journal 21(2) 2017, 'Diversity of Cropping Pattern in Bogra', doi:10.3329/brj.v21i2.38197"
Bogra,"Cropping patterns of pulse crops in Bogra region, 2014-15.",Wheat-Fallow-Blackgram,900.0,0.13,1,"Bangladesh Rice Journal 21(2) 2017, 'Diversity of Cropping Pattern in Bogra', doi:10.3329/brj.v21i2.38197"
Bogra,"Cropping patterns of pulse crops in Bogra region, 2014-15.",Lentil-Sesame-Fallow,810.0,0.12,4,"Bangladesh Rice Journal 21(2) 2017, 'Diversity of Cropping Pattern in Bogra', doi:10.3329/brj.v21i2.38197"
Bogra,"Cropping patterns of pulse crops in Bogra region, 2014-15.",Grasspea-Jute-T. Aman,800.0,0.12,1,"Bangladesh Rice Journal 21(2) 2017, 'Diversity of Cropping Pattern in Bogra', doi:10.3329/brj.v21i2.38197"
Bogra,"Cropping patterns of pulse crops in Bogra region, 2014-15.",Groundnut-Fallow-Blackgram,800.0,0.12,1,"Bangladesh Rice Journal 21(2) 2017, 'Diversity of Cropping Pattern in Bogra', doi:10.3329/brj.v21i2.38197"
Bogra,"Cropping patterns of pulse crops in Bogra region, 2014-15.",Lentil-B. Aman,790.0,0.12,4,"Bangladesh Rice Journal 21(2) 2017, 'Diversity of Cropping Pattern in Bogra', doi:10.3329/brj.v21i2.38197"
Bogra,"Cropping patterns of pulse crops in Bogra region, 2014-15.",Onion-Aus-Blackgram,740.0,0.11,3,"Bangladesh Rice Journal 21(2) 2017, 'Diversity of Cropping Pattern in Bogra', doi:10.3329/brj.v21i2.38197"
Bogra,"Cropping patterns of pulse crops in Bogra region, 2014-15.",Grasspea-Jute-Fallow,550.0,0.08,3,"Bangladesh Rice Journal 21(2) 2017, 'Diversity of Cropping Pattern in Bogra', doi:10.3329/brj.v21i2.38197"
Bogra,"Cropping patterns of pulse crops in Bogra region, 2014-15.",Sesame-Fallow-Blackgram,500.0,0.07,1,"Bangladesh Rice Journal 21(2) 2017, 'Diversity of Cropping Pattern in Bogra', doi:10.3329/brj.v21i2.38197"
Bogra,"Cropping patterns of pulse crops in Bogra region, 2014-15.",Wheat-Jute-Blackgram,500.0,0.07,1,"Bangladesh Rice Journal 21(2) 2017, 'Diversity of Cropping Pattern in Bogra', doi:10.3329/brj.v21i2.38197"
Bogra,"Cropping patterns of pulse crops in Bogra region, 2014-15.",Boro-Aus-Blackgram,410.0,0.06,2,"Bangladesh Rice Journal 21(2) 2017, 'Diversity of Cropping Pattern in Bogra', doi:10.3329/brj.v21i2.38197"
Bogra,"Cropping patterns of pulse crops in Bogra region, 2014-15.",Grasspea-Sesbania-Fallow,400.0,0.06,1,"Bangladesh Rice Journal 21(2) 2017, 'Diversity of Cropping Pattern in Bogra', doi:10.3329/brj.v21i2.38197"
Bogra,"Cropping patterns of pulse crops in Bogra region, 2014-15.",Mustard-Aus-Blackgram,400.0,0.06,1,"Bangladesh Rice Journal 21(2) 2017, 'Diversity of Cropping Pattern in Bogra', doi:10.3329/brj.v21i2.38197"
Bogra,"Cropping patterns of pulse crops in Bogra region, 2014-15.",Mustard-Mungbean-T. Aman,400.0,0.06,1,"Bangladesh Rice Journal 21(2) 2017, 'Diversity of Cropping Pattern in Bogra', doi:10.3329/brj.v21i2.38197"
Bogra,"Cropping patterns of pulse crops in Bogra region, 2014-15.",Pea-B. Aman,400.0,0.06,2,"Bangladesh Rice Journal 21(2) 2017, 'Diversity of Cropping Pattern in Bogra', doi:10.3329/brj.v21i2.38197"
Bogra,"Cropping patterns of pulse crops in Bogra region, 2014-15.",Lentil-Aus-Fallow,300.0,0.04,3,"Bangladesh Rice Journal 21(2) 2017, 'Diversity of Cropping Pattern in Bogra', doi:10.3329/brj.v21i2.38197"
Bogra,"Cropping patterns of pulse crops in Bogra region, 2014-15.",Pea-Aus-Vegetable,280.0,0.04,1,"Bangladesh Rice Journal 21(2) 2017, 'Diversity of Cropping Pattern in Bogra', doi:10.3329/brj.v21i2.38197"
Bogra,"Cropping patterns of pulse crops in Bogra region, 2014-15.",Lentil-Vegetable-Vegetable,270.0,0.04,5,"Bangladesh Rice Journal 21(2) 2017, 'Diversity of Cropping Pattern in Bogra', doi:10.3329/brj.v21i2.38197"
Bogra,"Cropping patterns of pulse crops in Bogra region, 2014-15.",Vegetable-Fallow-Blackgram,200.0,0.03,3,"Bangladesh Rice Journal 21(2) 2017, 'Diversity of Cropping Pattern in Bogra', doi:10.3329/brj.v21i2.38197"
Bogra,"Cropping patterns for vegetables and spices crops in Bogra region, 2014-15.",Potato-Boro-T. Aman,88610.0,13.26,17,"Bangladesh Rice Journal 21(2) 2017, 'Diversity of Cropping Pattern in Bogra', doi:10.3329/brj.v21i2.38197"
Bogra,"Cropping patterns for vegetables and spices crops in Bogra region, 2014-15.",Vegetable-Vegetable-Vegetable*,16030.0,2.4,22,"Bangladesh Rice Journal 21(2) 2017, 'Diversity of Cropping Pattern in Bogra', doi:10.3329/brj.v21i2.38197"
Bogra,"Cropping patterns for vegetables and spices crops in Bogra region, 2014-15.",Onion-Jute-Fallow,10080.0,1.51,5,"Bangladesh Rice Journal 21(2) 2017, 'Diversity of Cropping Pattern in Bogra', doi:10.3329/brj.v21i2.38197"
Bogra,"Cropping patterns for vegetables and spices crops in Bogra region, 2014-15.",Onion-Jute-T. Aman,9330.0,1.4,12,"Bangladesh Rice Journal 21(2) 2017, 'Diversity of Cropping Pattern in Bogra', doi:10.3329/brj.v21i2.38197"
Bogra,"Cropping patterns for vegetables and spices crops in Bogra region, 2014-15.",Vegetable-Boro-T. Aman,4760.0,0.71,7,"Bangladesh Rice Journal 21(2) 2017, 'Diversity of Cropping Pattern in Bogra', doi:10.3329/brj.v21i2.38197"
Bogra,"Cropping patterns for vegetables and spices crops in Bogra region, 2014-15.",Chilli-Jute-Fallow,4620.0,0.69,10,"Bangladesh Rice Journal 21(2) 2017, 'Diversity of Cropping Pattern in Bogra', doi:10.3329/brj.v21i2.38197"
Bogra,"Cropping patterns for vegetables and spices crops in Bogra region, 2014-15.",Boro-Vegetable(Float/Norm**),4000.0,0.6,6,"Bangladesh Rice Journal 21(2) 2017, 'Diversity of Cropping Pattern in Bogra', doi:10.3329/brj.v21i2.38197"
Bogra,"Cropping patterns for vegetables and spices crops in Bogra region, 2014-15.",Vegetable-Vegetable-Fallow,3730.0,0.56,10,"Bangladesh Rice Journal 21(2) 2017, 'Diversity of Cropping Pattern in Bogra', doi:10.3329/brj.v21i2.38197"
Bogra,"Cropping patterns for vegetables and spices crops in Bogra region, 2014-15.",Onion-B. Aman,3650.0,0.55,7,"Bangladesh Rice Journal 21(2) 2017, 'Diversity of Cropping Pattern in Bogra', doi:10.3329/brj.v21i2.38197"
Bogra,"Cropping patterns for vegetables and spices crops in Bogra region, 2014-15.",Garlic-B. Aman,3100.0,0.46,4,"Bangladesh Rice Journal 21(2) 2017, 'Diversity of Cropping Pattern in Bogra', doi:10.3329/brj.v21i2.38197"
Bogra,"Cropping patterns for vegetables and spices crops in Bogra region, 2014-15.",Onion-Vegetable-Vegetable,3100.0,0.46,14,"Bangladesh Rice Journal 21(2) 2017, 'Diversity of Cropping Pattern in Bogra', doi:10.3329/brj.v21i2.38197"
Bogra,"Cropping patterns for vegetables and spices crops in Bogra region, 2014-15.",Chilli-Jute-T. Aman,2300.0,0.34,2,"Bangladesh Rice Journal 21(2) 2017, 'Diversity of Cropping Pattern in Bogra', doi:10.3329/brj.v21i2.38197"
Bogra,"Cropping patterns for vegetables and spices crops in Bogra region, 2014-15.",Potato-Boro-Aus-T. Aman,2250.0,0.34,2,"Bangladesh Rice Journal 21(2) 2017, 'Diversity of Cropping Pattern in Bogra', doi:10.3329/brj.v21i2.38197"
Bogra,"Cropping patterns for vegetables and spices crops in Bogra region, 2014-15.",Onion-Sesame-T. Aman,2200.0,0.33,2,"Bangladesh Rice Journal 21(2) 2017, 'Diversity of Cropping Pattern in Bogra', doi:10.3329/brj.v21i2.38197"
Bogra,"Cropping patterns for vegetables and spices crops in Bogra region, 2014-15.",Wheat-Vegetable-Vegetable,2100.0,0.31,3,"Bangladesh Rice Journal 21(2) 2017, 'Diversity of Cropping Pattern in Bogra', doi:10.3329/brj.v21i2.38197"
Bogra,"Cropping patterns for vegetables and spices crops in Bogra region, 2014-15.",Vegetable-Aus-Fallow,2060.0,0.31,5,"Bangladesh Rice Journal 21(2) 2017, 'Diversity of Cropping Pattern in Bogra', doi:10.3329/brj.v21i2.38197"
Bogra,"Cropping patterns for vegetables and spices crops in Bogra region, 2014-15.",Onion-Aus-T. Aman,1910.0,0.29,3,"Bangladesh Rice Journal 21(2) 2017, 'Diversity of Cropping Pattern in Bogra', doi:10.3329/brj.v21i2.38197"
Bogra,"Cropping patterns for vegetables and spices crops in Bogra region, 2014-15.",Onion-Sesame+B. Aman,1800.0,0.27,2,"Bangladesh Rice Journal 21(2) 2017, 'Diversity of Cropping Pattern in Bogra', doi:10.3329/brj.v21i2.38197"
Bogra,"Cropping patterns for vegetables and spices crops in Bogra region, 2014-15.",Vegetable-Fallow-T. Aman,1790.0,0.27,6,"Bangladesh Rice Journal 21(2) 2017, 'Diversity of Cropping Pattern in Bogra', doi:10.3329/brj.v21i2.38197"
Bogra,"Cropping patterns for vegetables and spices crops in Bogra region, 2014-15.",Potato-Vegetable-T. Aman,1670.0,0.25,5,"Bangladesh Rice Journal 21(2) 2017, 'Diversity of Cropping Pattern in Bogra', doi:10.3329/brj.v21i2.38197"
Bogra,"Cropping patterns for vegetables and spices crops in Bogra region, 2014-15.",Vegetable-Aus-T. Aman,1665.0,0.25,6,"Bangladesh Rice Journal 21(2) 2017, 'Diversity of Cropping Pattern in Bogra', doi:10.3329/brj.v21i2.38197"
Bogra,"Cropping patterns for vegetables and spices crops in Bogra region, 2014-15.",Chilli-Vegetable-Fallow,1650.0,0.25,10,"Bangladesh Rice Journal 21(2) 2017, 'Diversity of Cropping Pattern in Bogra', doi:10.3329/brj.v21i2.38197"
Bogra,"Cropping patterns for vegetables and spices crops in Bogra region, 2014-15.",Potato-Maize-Vegetable,1500.0,0.22,1,"Bangladesh Rice Journal 21(2) 2017, 'Diversity of Cropping Pattern in Bogra', doi:10.3329/brj.v21i2.38197"
Bogra,"Cropping patterns for vegetables and spices crops in Bogra region, 2014-15.",Potato-Jute-T. Aman,1280.0,0.19,7,"Bangladesh Rice Journal 21(2) 2017, 'Diversity of Cropping Pattern in Bogra', doi:10.3329/brj.v21i2.38197"
Bogra,"Cropping patterns for vegetables and spices crops in Bogra region, 2014-15.",Vegetable-Jute-Fallow,1240.0,0.19,4,"Bangladesh Rice Journal 21(2) 2017, 'Diversity of Cropping Pattern in Bogra', doi:10.3329/brj.v21i2.38197"
Bogra,"Cropping patterns for vegetables and spices crops in Bogra region, 2014-15.",Chilli-Aus-Fallow,1210.0,0.18,4,"Bangladesh Rice Journal 21(2) 2017, 'Diversity of Cropping Pattern in Bogra', doi:10.3329/brj.v21i2.38197"
Bogra,"Cropping patterns for vegetables and spices crops in Bogra region, 2014-15.",Potato-Maize-T. Aman,1200.0,0.18,4,"Bangladesh Rice Journal 21(2) 2017, 'Diversity of Cropping Pattern in Bogra', doi:10.3329/brj.v21i2.38197"
Bogra,"Cropping patterns for vegetables and spices crops in Bogra region, 2014-15.",Vegetable-Vegetable-T. Aman,1030.0,0.15,4,"Bangladesh Rice Journal 21(2) 2017, 'Diversity of Cropping Pattern in Bogra', doi:10.3329/brj.v21i2.38197"
Bogra,"Cropping patterns for vegetables and spices crops in Bogra region, 2014-15.",Garlic-Aus-T. Aman,1010.0,0.15,2,"Bangladesh Rice Journal 21(2) 2017, 'Diversity of Cropping Pattern in Bogra', doi:10.3329/brj.v21i2.38197"
Bogra,"Cropping patterns for vegetables and spices crops in Bogra region, 2014-15.",Vegetable-Onion-Aus,1000.0,0.15,1,"Bangladesh Rice Journal 21(2) 2017, 'Diversity of Cropping Pattern in Bogra', doi:10.3329/brj.v21i2.38197"
Bogra,"Cropping patterns for vegetables and spices crops in Bogra region, 2014-15.",Vegetable-Jute-T. Aman,980.0,0.15,3,"Bangladesh Rice Journal 21(2) 2017, 'Diversity of Cropping Pattern in Bogra', doi:10.3329/brj.v21i2.38197"
Bogra,"Cropping patterns for vegetables and spices crops in Bogra region, 2014-15.",Vegetable-Fallow-Fallow,900.0,0.13,3,"Bangladesh Rice Journal 21(2) 2017, 'Diversity of Cropping Pattern in Bogra', doi:10.3329/brj.v21i2.38197"
Bogra,"Cropping patterns for vegetables and spices crops in Bogra region, 2014-15.",Potato-Boro-Fallow,750.0,0.11,3,"Bangladesh Rice Journal 21(2) 2017, 'Diversity of Cropping Pattern in Bogra', doi:10.3329/brj.v21i2.38197"
Bogra,"Cropping patterns for vegetables and spices crops in Bogra region, 2014-15.",Onion-Aus-Blackgram,740.0,0.11,3,"Bangladesh Rice Journal 21(2) 2017, 'Diversity of Cropping Pattern in Bogra', doi:10.3329/brj.v21i2.38197"
Bogra,"Cropping patterns for vegetables and spices crops in Bogra region, 2014-15.",Chilli-Fallow-Fallow,710.0,0.11,4,"Bangladesh Rice Journal 21(2) 2017, 'Diversity of Cropping Pattern in Bogra', doi:10.3329/brj.v21i2.38197"
Bogra,"Cropping patterns for vegetables and spices crops in Bogra region, 2014-15.",Garlic-Jute-T. Aman,700.0,0.1,6,"Bangladesh Rice Journal 21(2) 2017, 'Diversity of Cropping Pattern in Bogra', doi:10.3329/brj.v21i2.38197"
Bogra,"Cropping patterns for vegetables and spices crops in Bogra region, 2014-15.",Coriander-Vegetable-Fallow,630.0,0.09,2,"Bangladesh Rice Journal 21(2) 2017, 'Diversity of Cropping Pattern in Bogra', doi:10.3329/brj.v21i2.38197"
Bogra,"Cropping patterns for vegetables and spices crops in Bogra region, 2014-15.",Potato-Sesame-T. Aman,600.0,0.09,2,"Bangladesh Rice Journal 21(2) 2017, 'Diversity of Cropping Pattern in Bogra', doi:10.3329/brj.v21i2.38197"
Bogra,"Cropping patterns for vegetables and spices crops in Bogra region, 2014-15.",Chilli-Aus-T. Aman,430.0,0.06,2,"Bangladesh Rice Journal 21(2) 2017, 'Diversity of Cropping Pattern in Bogra', doi:10.3329/brj.v21i2.38197"
Bogra,"Cropping patterns for vegetables and spices crops in Bogra region, 2014-15.",Garlic-Jute-Fallow,430.0,0.06,2,"Bangladesh Rice Journal 21(2) 2017, 'Diversity of Cropping Pattern in Bogra', doi:10.3329/brj.v21i2.38197"
Bogra,"Cropping patterns for vegetables and spices crops in Bogra region, 2014-15.",Garlic-Fallow-T. Aman,420.0,0.06,5,"Bangladesh Rice Journal 21(2) 2017, 'Diversity of Cropping Pattern in Bogra', doi:10.3329/brj.v21i2.38197"
Bogra,"Cropping patterns for vegetables and spices crops in Bogra region, 2014-15.",Vegetable-Jute-Vegetable,380.0,0.06,1,"Bangladesh Rice Journal 21(2) 2017, 'Diversity of Cropping Pattern in Bogra', doi:10.3329/brj.v21i2.38197"
Bogra,"Cropping patterns for vegetables and spices crops in Bogra region, 2014-15.",Onion-Sesame-Fallow,350.0,0.05,2,"Bangladesh Rice Journal 21(2) 2017, 'Diversity of Cropping Pattern in Bogra', doi:10.3329/brj.v21i2.38197"
Bogra,"Cropping patterns for vegetables and spices crops in Bogra region, 2014-15.",Garlic-Vegetable-Vegetable,345.0,0.05,9,"Bangladesh Rice Journal 21(2) 2017, 'Diversity of Cropping Pattern in Bogra', doi:10.3329/brj.v21i2.38197"
Bogra,"Cropping patterns for vegetables and spices crops in Bogra region, 2014-15.",Potato-Boro-Vegetable,300.0,0.04,1,"Bangladesh Rice Journal 21(2) 2017, 'Diversity of Cropping Pattern in Bogra', doi:10.3329/brj.v21i2.38197"
Bogra,"Cropping patterns for vegetables and spices crops in Bogra region, 2014-15.",Potato-Maize-Aus,300.0,0.04,1,"Bangladesh Rice Journal 21(2) 2017, 'Diversity of Cropping Pattern in Bogra', doi:10.3329/brj.v21i2.38197"
Bogra,"Cropping patterns for vegetables and spices crops in Bogra region, 2014-15.",Potato-Maize-Aus-Vegetable,300.0,0.04,1,"Bangladesh Rice Journal 21(2) 2017, 'Diversity of Cropping Pattern in Bogra', doi:10.3329/brj.v21i2.38197"
Bogra,"Cropping patterns for vegetables and spices crops in Bogra region, 2014-15.",Vegetable-Boro-Jute,300.0,0.04,2,"Bangladesh Rice Journal 21(2) 2017, 'Diversity of Cropping Pattern in Bogra', doi:10.3329/brj.v21i2.38197"
Bogra,"Cropping patterns for vegetables and spices crops in Bogra region, 2014-15.",Pea-Aus-Vegetable,280.0,0.04,1,"Bangladesh Rice Journal 21(2) 2017, 'Diversity of Cropping Pattern in Bogra', doi:10.3329/brj.v21i2.38197"
Bogra,"Cropping patterns for vegetables and spices crops in Bogra region, 2014-15.",Lentil-Vegetable-Vegetable,270.0,0.04,5,"Bangladesh Rice Journal 21(2) 2017, 'Diversity of Cropping Pattern in Bogra', doi:10.3329/brj.v21i2.38197"
Bogra,"Cropping patterns for vegetables and spices crops in Bogra region, 2014-15.",Boro-Vegetable-T. Aman,200.0,0.03,2,"Bangladesh Rice Journal 21(2) 2017, 'Diversity of Cropping Pattern in Bogra', doi:10.3329/brj.v21i2.38197"
Bogra,"Cropping patterns for vegetables and spices crops in Bogra region, 2014-15.",Potato-Fallow-T. Aman,200.0,0.03,1,"Bangladesh Rice Journal 21(2) 2017, 'Diversity of Cropping Pattern in Bogra', doi:10.3329/brj.v21i2.38197"
Bogra,"Cropping patterns for vegetables and spices crops in Bogra region, 2014-15.",Vegetable-Fallow-Blackgram,200.0,0.03,3,"Bangladesh Rice Journal 21(2) 2017, 'Diversity of Cropping Pattern in Bogra', doi:10.3329/brj.v21i2.38197"
Comilla,"Cropping patterns with exclusive rice in Comilla region, 2014-15.",Boro-Fallow-Fallow,114780.0,26.18,30,"Bangladesh Rice Journal 21(2) 2017, 'Crop Diversity and Cropping Patterns of Comilla Region', doi:10.3329/brj.v21i2.38198"
Comilla,"Cropping patterns with exclusive rice in Comilla region, 2014-15.",Boro-Fallow-T. Aman,87410.0,19.93,25,"Bangladesh Rice Journal 21(2) 2017, 'Crop Diversity and Cropping Patterns of Comilla Region', doi:10.3329/brj.v21i2.38198"
Comilla,"Cropping patterns with exclusive rice in Comilla region, 2014-15.",Boro-Aus-T. Aman,64830.0,14.78,26,"Bangladesh Rice Journal 21(2) 2017, 'Crop Diversity and Cropping Patterns of Comilla Region', doi:10.3329/brj.v21i2.38198"
Comilla,"Cropping patterns with exclusive rice in Comilla region, 2014-15.",Boro-B. Aman,38360.0,8.75,19,"Bangladesh Rice Journal 21(2) 2017, 'Crop Diversity and Cropping Patterns of Comilla Region', doi:10.3329/brj.v21i2.38198"
Comilla,"Cropping patterns with exclusive rice in Comilla region, 2014-15.",Boro-Aus-Fallow,4670.0,1.06,8,"Bangladesh Rice Journal 21(2) 2017, 'Crop Diversity and Cropping Patterns of Comilla Region', doi:10.3329/brj.v21i2.38198"
Comilla,"Cropping patterns with exclusive rice in Comilla region, 2014-15.",Fallow-Aus-T. Aman,4160.0,0.95,4,"Bangladesh Rice Journal 21(2) 2017, 'Crop Diversity and Cropping Patterns of Comilla Region', doi:10.3329/brj.v21i2.38198"
Comilla,"Cropping patterns with exclusive rice in Comilla region, 2014-15.",Fallow-Fallow-T. Aman,3430.0,0.78,1,"Bangladesh Rice Journal 21(2) 2017, 'Crop Diversity and Cropping Patterns of Comilla Region', doi:10.3329/brj.v21i2.38198"
Comilla,"Cropping patterns with exclusive rice in Comilla region, 2014-15.",Boro-Sesbania-T. Aman,3000.0,0.68,2,"Bangladesh Rice Journal 21(2) 2017, 'Crop Diversity and Cropping Patterns of Comilla Region', doi:10.3329/brj.v21i2.38198"
Comilla,"Cropping patterns with exclusive rice in Comilla region, 2014-15.",Boro-Sesbania-Fallow,1910.0,0.44,6,"Bangladesh Rice Journal 21(2) 2017, 'Crop Diversity and Cropping Patterns of Comilla Region', doi:10.3329/brj.v21i2.38198"
Comilla,"Cropping patterns with exclusive non-rice in Comilla region, 2014-15.",Potato-Maize-Fallow,7050.0,1.61,5,"Bangladesh Rice Journal 21(2) 2017, 'Crop Diversity and Cropping Patterns of Comilla Region', doi:10.3329/brj.v21i2.38198"
Comilla,"Cropping patterns with exclusive non-rice in Comilla region, 2014-15.",Vegetable-Vegetable-Vegetable,7030.0,1.6,22,"Bangladesh Rice Journal 21(2) 2017, 'Crop Diversity and Cropping Patterns of Comilla Region', doi:10.3329/brj.v21i2.38198"
Comilla,"Cropping patterns with exclusive non-rice in Comilla region, 2014-15.",Vegetable-Vegetable-Fallow,6840.0,1.56,16,"Bangladesh Rice Journal 21(2) 2017, 'Crop Diversity and Cropping Patterns of Comilla Region', doi:10.3329/brj.v21i2.38198"
Comilla,"Cropping patterns with exclusive non-rice in Comilla region, 2014-15.",Potato-Jute-Fallow,3870.0,0.88,11,"Bangladesh Rice Journal 21(2) 2017, 'Crop Diversity and Cropping Patterns of Comilla Region', doi:10.3329/brj.v21i2.38198"
Comilla,"Cropping patterns with exclusive non-rice in Comilla region, 2014-15.",Maize-Fallow-Fallow,1500.0,0.34,2,"Bangladesh Rice Journal 21(2) 2017, 'Crop Diversity and Cropping Patterns of Comilla Region', doi:10.3329/brj.v21i2.38198"
Comilla,"Cropping patterns with exclusive non-rice in Comilla region, 2014-15.",Vegetable-Fallow-Fallow,1180.0,0.27,6,"Bangladesh Rice Journal 21(2) 2017, 'Crop Diversity and Cropping Patterns of Comilla Region', doi:10.3329/brj.v21i2.38198"
Comilla,"Cropping patterns with exclusive non-rice in Comilla region, 2014-15.",Sweet potato-Fallow-Fallow,1060.0,0.24,10,"Bangladesh Rice Journal 21(2) 2017, 'Crop Diversity and Cropping Patterns of Comilla Region', doi:10.3329/brj.v21i2.38198"
Comilla,"Cropping patterns with exclusive non-rice in Comilla region, 2014-15.",Maize-Vegetable-Fallow,800.0,0.18,1,"Bangladesh Rice Journal 21(2) 2017, 'Crop Diversity and Cropping Patterns of Comilla Region', doi:10.3329/brj.v21i2.38198"
Comilla,"Cropping patterns with exclusive non-rice in Comilla region, 2014-15.",Wheat-Jute-Fallow,780.0,0.18,5,"Bangladesh Rice Journal 21(2) 2017, 'Crop Diversity and Cropping Patterns of Comilla Region', doi:10.3329/brj.v21i2.38198"
Comilla,"Cropping patterns with exclusive non-rice in Comilla region, 2014-15.",Mustard-Jute-Fallow,730.0,0.17,5,"Bangladesh Rice Journal 21(2) 2017, 'Crop Diversity and Cropping Patterns of Comilla Region', doi:10.3329/brj.v21i2.38198"
Comilla,"Cropping patterns with exclusive non-rice in Comilla region, 2014-15.",Chilli-Jute-Fallow,725.0,0.17,6,"Bangladesh Rice Journal 21(2) 2017, 'Crop Diversity and Cropping Patterns of Comilla Region', doi:10.3329/brj.v21i2.38198"
Comilla,"Cropping patterns with exclusive non-rice in Comilla region, 2014-15.",Coriander-Fallow-Fallow,700.0,0.16,4,"Bangladesh Rice Journal 21(2) 2017, 'Crop Diversity and Cropping Patterns of Comilla Region', doi:10.3329/brj.v21i2.38198"
Comilla,"Cropping patterns with exclusive non-rice in Comilla region, 2014-15.",Soybean-Fallow-Fallow,700.0,0.16,2,"Bangladesh Rice Journal 21(2) 2017, 'Crop Diversity and Cropping Patterns of Comilla Region', doi:10.3329/brj.v21i2.38198"
Comilla,"Cropping patterns with exclusive non-rice in Comilla region, 2014-15.",Chilli-Fallow-Fallow,600.0,0.14,3,"Bangladesh Rice Journal 21(2) 2017, 'Crop Diversity and Cropping Patterns of Comilla Region', doi:10.3329/brj.v21i2.38198"
Comilla,"Cropping patterns with exclusive non-rice in Comilla region, 2014-15.",Potato-Sesbania,550.0,0.13,2,"Bangladesh Rice Journal 21(2) 2017, 'Crop Diversity and Cropping Patterns of Comilla Region', doi:10.3329/brj.v21i2.38198"
Comilla,"Cropping patterns with exclusive non-rice in Comilla region, 2014-15.",Onion-Jute-Fallow,400.0,0.09,2,"Bangladesh Rice Journal 21(2) 2017, 'Crop Diversity and Cropping Patterns of Comilla Region', doi:10.3329/brj.v21i2.38198"
Comilla,"Cropping patterns with exclusive non-rice in Comilla region, 2014-15.",Garlic-Jute-Fallow,390.0,0.09,2,"Bangladesh Rice Journal 21(2) 2017, 'Crop Diversity and Cropping Patterns of Comilla Region', doi:10.3329/brj.v21i2.38198"
Comilla,"Cropping patterns with exclusive non-rice in Comilla region, 2014-15.",Lentil-Jute-Fallow,360.0,0.08,3,"Bangladesh Rice Journal 21(2) 2017, 'Crop Diversity and Cropping Patterns of Comilla Region', doi:10.3329/brj.v21i2.38198"
Comilla,"Cropping patterns with exclusive non-rice in Comilla region, 2014-15.",Fallow-Fallow-Blackgram,350.0,0.08,5,"Bangladesh Rice Journal 21(2) 2017, 'Crop Diversity and Cropping Patterns of Comilla Region', doi:10.3329/brj.v21i2.38198"
Comilla,"Cropping patterns with exclusive non-rice in Comilla region, 2014-15.",Vegetable-Jute-Fallow,335.0,0.08,6,"Bangladesh Rice Journal 21(2) 2017, 'Crop Diversity and Cropping Patterns of Comilla Region', doi:10.3329/brj.v21i2.38198"
Comilla,"Cropping patterns with exclusive non-rice in Comilla region, 2014-15.",Sweet potato-Vegetable-Fallow,330.0,0.08,4,"Bangladesh Rice Journal 21(2) 2017, 'Crop Diversity and Cropping Patterns of Comilla Region', doi:10.3329/brj.v21i2.38198"
Comilla,"Cropping patterns with exclusive non-rice in Comilla region, 2014-15.",Chilli-Vegetable-Fallow,220.0,0.05,5,"Bangladesh Rice Journal 21(2) 2017, 'Crop Diversity and Cropping Patterns of Comilla Region', doi:10.3329/brj.v21i2.38198"
Comilla,"Cropping patterns with exclusive non-rice in Comilla region, 2014-15.",Lentil-Sesame-Fallow,170.0,0.04,3,"Bangladesh Rice Journal 21(2) 2017, 'Crop Diversity and Cropping Patterns of Comilla Region', doi:10.3329/brj.v21i2.38198"
Comilla,"Cropping patterns under deep-water rice ecosystem in Comilla region, 2014-15.",Boro-B. Aman,38360.0,8.75,19,"Bangladesh Rice Journal 21(2) 2017, 'Crop Diversity and Cropping Patterns of Comilla Region', doi:10.3329/brj.v21i2.38198"
Comilla,"Cropping patterns under deep-water rice ecosystem in Comilla region, 2014-15.",Mustard-B. Aman,9690.0,2.21,9,"Bangladesh Rice Journal 21(2) 2017, 'Crop Diversity and Cropping Patterns of Comilla Region', doi:10.3329/brj.v21i2.38198"
Comilla,"Cropping patterns under deep-water rice ecosystem in Comilla region, 2014-15.",Chilli-B. Aman,3820.0,0.87,9,"Bangladesh Rice Journal 21(2) 2017, 'Crop Diversity and Cropping Patterns of Comilla Region', doi:10.3329/brj.v21i2.38198"
Comilla,"Cropping patterns under deep-water rice ecosystem in Comilla region, 2014-15.",Potato-B. Aman,3720.0,0.85,8,"Bangladesh Rice Journal 21(2) 2017, 'Crop Diversity and Cropping Patterns of Comilla Region', doi:10.3329/brj.v21i2.38198"
Comilla,"Cropping patterns under deep-water rice ecosystem in Comilla region, 2014-15.",Lentil-B. Aman,2970.0,0.68,10,"Bangladesh Rice Journal 21(2) 2017, 'Crop Diversity and Cropping Patterns of Comilla Region', doi:10.3329/brj.v21i2.38198"
Comilla,"Cropping patterns under deep-water rice ecosystem in Comilla region, 2014-15.",Vegetable-B. Aman,2480.0,0.57,7,"Bangladesh Rice Journal 21(2) 2017, 'Crop Diversity and Cropping Patterns of Comilla Region', doi:10.3329/brj.v21i2.38198"
Comilla,"Cropping patterns under deep-water rice ecosystem in Comilla region, 2014-15.",Wheat-B. Aman,2140.0,0.49,9,"Bangladesh Rice Journal 21(2) 2017, 'Crop Diversity and Cropping Patterns of Comilla Region', doi:10.3329/brj.v21i2.38198"
Comilla,"Cropping patterns under deep-water rice ecosystem in Comilla region, 2014-15.",Grasspea-B. Aman,1785.0,0.41,9,"Bangladesh Rice Journal 21(2) 2017, 'Crop Diversity and Cropping Patterns of Comilla Region', doi:10.3329/brj.v21i2.38198"
Comilla,"Cropping patterns under deep-water rice ecosystem in Comilla region, 2014-15.",Fallow-Sesame+B. Aman,950.0,0.22,2,"Bangladesh Rice Journal 21(2) 2017, 'Crop Diversity and Cropping Patterns of Comilla Region', doi:10.3329/brj.v21i2.38198"
Comilla,"Cropping patterns under deep-water rice ecosystem in Comilla region, 2014-15.",Coriander-B. Aman,790.0,0.18,3,"Bangladesh Rice Journal 21(2) 2017, 'Crop Diversity and Cropping Patterns of Comilla Region', doi:10.3329/brj.v21i2.38198"
Comilla,"Cropping patterns under deep-water rice ecosystem in Comilla region, 2014-15.",Soybean-B. Aman,550.0,0.13,1,"Bangladesh Rice Journal 21(2) 2017, 'Crop Diversity and Cropping Patterns of Comilla Region', doi:10.3329/brj.v21i2.38198"
Comilla,"Cropping patterns under deep-water rice ecosystem in Comilla region, 2014-15.",Mustard-Boro-B. Aman,500.0,0.11,4,"Bangladesh Rice Journal 21(2) 2017, 'Crop Diversity and Cropping Patterns of Comilla Region', doi:10.3329/brj.v21i2.38198"
Comilla,"Cropping patterns under deep-water rice ecosystem in Comilla region, 2014-15.",Mustard-Sesame+B. Aman,500.0,0.11,1,"Bangladesh Rice Journal 21(2) 2017, 'Crop Diversity and Cropping Patterns of Comilla Region', doi:10.3329/brj.v21i2.38198"
Comilla,"Cropping patterns under deep-water rice ecosystem in Comilla region, 2014-15.",Maize-B. Aman,450.0,0.1,3,"Bangladesh Rice Journal 21(2) 2017, 'Crop Diversity and Cropping Patterns of Comilla Region', doi:10.3329/brj.v21i2.38198"
Comilla,"Cropping patterns under deep-water rice ecosystem in Comilla region, 2014-15.",Sweet potato-B. Aman,440.0,0.1,2,"Bangladesh Rice Journal 21(2) 2017, 'Crop Diversity and Cropping Patterns of Comilla Region', doi:10.3329/brj.v21i2.38198"
Comilla,"Cropping patterns under deep-water rice ecosystem in Comilla region, 2014-15.",Onion-B. Aman,395.0,0.09,6,"Bangladesh Rice Journal 21(2) 2017, 'Crop Diversity and Cropping Patterns of Comilla Region', doi:10.3329/brj.v21i2.38198"
Comilla,"Cropping patterns under deep-water rice ecosystem in Comilla region, 2014-15.",Sesame-B. Aman,330.0,0.08,2,"Bangladesh Rice Journal 21(2) 2017, 'Crop Diversity and Cropping Patterns of Comilla Region', doi:10.3329/brj.v21i2.38198"
Comilla,"Cropping patterns under deep-water rice ecosystem in Comilla region, 2014-15.",Garlic-B. Aman,220.0,0.05,4,"Bangladesh Rice Journal 21(2) 2017, 'Crop Diversity and Cropping Patterns of Comilla Region', doi:10.3329/brj.v21i2.38198"
Comilla,"Cropping patterns under deep-water rice ecosystem in Comilla region, 2014-15.",Muskmelon-B. Aman,175.0,0.04,4,"Bangladesh Rice Journal 21(2) 2017, 'Crop Diversity and Cropping Patterns of Comilla Region', doi:10.3329/brj.v21i2.38198"
Comilla,"Cropping patterns under deep-water rice ecosystem in Comilla region, 2014-15.",Blackgram-B. Aman,170.0,0.04,3,"Bangladesh Rice Journal 21(2) 2017, 'Crop Diversity and Cropping Patterns of Comilla Region', doi:10.3329/brj.v21i2.38198"
Comilla,"Cropping patterns under deep-water rice ecosystem in Comilla region, 2014-15.",Potato+Maize-B. Aman,110.0,0.03,2,"Bangladesh Rice Journal 21(2) 2017, 'Crop Diversity and Cropping Patterns of Comilla Region', doi:10.3329/brj.v21i2.38198"
Comilla,"Cropping patterns for oil-seed crops in Comilla region, 2014-15.",Mustard-B. Aman,9690.0,2.21,9,"Bangladesh Rice Journal 21(2) 2017, 'Crop Diversity and Cropping Patterns of Comilla Region', doi:10.3329/brj.v21i2.38198"
Comilla,"Cropping patterns for oil-seed crops in Comilla region, 2014-15.",Mustard-Boro-Fallow,3810.0,0.87,12,"Bangladesh Rice Journal 21(2) 2017, 'Crop Diversity and Cropping Patterns of Comilla Region', doi:10.3329/brj.v21i2.38198"
Comilla,"Cropping patterns for oil-seed crops in Comilla region, 2014-15.",Mustard-Boro-T. Aman,2100.0,0.48,6,"Bangladesh Rice Journal 21(2) 2017, 'Crop Diversity and Cropping Patterns of Comilla Region', doi:10.3329/brj.v21i2.38198"
Comilla,"Cropping patterns for oil-seed crops in Comilla region, 2014-15.",Mustard-Aus-Fallow,1900.0,0.43,2,"Bangladesh Rice Journal 21(2) 2017, 'Crop Diversity and Cropping Patterns of Comilla Region', doi:10.3329/brj.v21i2.38198"
Comilla,"Cropping patterns for oil-seed crops in Comilla region, 2014-15.",Mustard-Boro-Aus-T. Aman,1470.0,0.34,9,"Bangladesh Rice Journal 21(2) 2017, 'Crop Diversity and Cropping Patterns of Comilla Region', doi:10.3329/brj.v21i2.38198"
Comilla,"Cropping patterns for oil-seed crops in Comilla region, 2014-15.",Mustard-Maize-T. Aman,1030.0,0.23,2,"Bangladesh Rice Journal 21(2) 2017, 'Crop Diversity and Cropping Patterns of Comilla Region', doi:10.3329/brj.v21i2.38198"
Comilla,"Cropping patterns for oil-seed crops in Comilla region, 2014-15.",Mustard-Jute-Fallow,730.0,0.17,5,"Bangladesh Rice Journal 21(2) 2017, 'Crop Diversity and Cropping Patterns of Comilla Region', doi:10.3329/brj.v21i2.38198"
Comilla,"Cropping patterns for oil-seed crops in Comilla region, 2014-15.",Soybean-Fallow-Fallow,700.0,0.16,2,"Bangladesh Rice Journal 21(2) 2017, 'Crop Diversity and Cropping Patterns of Comilla Region', doi:10.3329/brj.v21i2.38198"
Comilla,"Cropping patterns for oil-seed crops in Comilla region, 2014-15.",Soybean-B. Aman,550.0,0.13,1,"Bangladesh Rice Journal 21(2) 2017, 'Crop Diversity and Cropping Patterns of Comilla Region', doi:10.3329/brj.v21i2.38198"
Comilla,"Cropping patterns for oil-seed crops in Comilla region, 2014-15.",Mustard-Boro-B. Aman,500.0,0.11,4,"Bangladesh Rice Journal 21(2) 2017, 'Crop Diversity and Cropping Patterns of Comilla Region', doi:10.3329/brj.v21i2.38198"
Comilla,"Cropping patterns for oil-seed crops in Comilla region, 2014-15.",Mustard-Sesame+B. Aman,500.0,0.11,1,"Bangladesh Rice Journal 21(2) 2017, 'Crop Diversity and Cropping Patterns of Comilla Region', doi:10.3329/brj.v21i2.38198"
Comilla,"Cropping patterns for oil-seed crops in Comilla region, 2014-15.",Mustard-Fallow-T. Aman,400.0,0.09,1,"Bangladesh Rice Journal 21(2) 2017, 'Crop Diversity and Cropping Patterns of Comilla Region', doi:10.3329/brj.v21i2.38198"
Comilla,"Cropping patterns for oil-seed crops in Comilla region, 2014-15.",Soybean-Fallow-T. Aman,400.0,0.09,1,"Bangladesh Rice Journal 21(2) 2017, 'Crop Diversity and Cropping Patterns of Comilla Region', doi:10.3329/brj.v21i2.38198"
Comilla,"Cropping patterns for oil-seed crops in Comilla region, 2014-15.",Mustard-Boro-Aus,330.0,0.08,2,"Bangladesh Rice Journal 21(2) 2017, 'Crop Diversity and Cropping Patterns of Comilla Region', doi:10.3329/brj.v21i2.38198"
Comilla,"Cropping patterns for oil-seed crops in Comilla region, 2014-15.",Sesame-B. Aman,330.0,0.08,2,"Bangladesh Rice Journal 21(2) 2017, 'Crop Diversity and Cropping Patterns of Comilla Region', doi:10.3329/brj.v21i2.38198"
Comilla,"Cropping patterns for oil-seed crops in Comilla region, 2014-15.",Sesame-Fallow-T. Aman,300.0,0.07,1,"Bangladesh Rice Journal 21(2) 2017, 'Crop Diversity and Cropping Patterns of Comilla Region', doi:10.3329/brj.v21i2.38198"
Comilla,"Cropping patterns for oil-seed crops in Comilla region, 2014-15.",Mustard-Aus-T. Aman,245.0,0.06,4,"Bangladesh Rice Journal 21(2) 2017, 'Crop Diversity and Cropping Patterns of Comilla Region', doi:10.3329/brj.v21i2.38198"
Comilla,"Cropping patterns for oil-seed crops in Comilla region, 2014-15.",Lentil-Sesame-Fallow,170.0,0.04,3,"Bangladesh Rice Journal 21(2) 2017, 'Crop Diversity and Cropping Patterns of Comilla Region', doi:10.3329/brj.v21i2.38198"
Comilla,"Cropping patterns for oil-seed crops in Comilla region, 2014-15.",Groundnut-Aus-T. Aman,160.0,0.04,2,"Bangladesh Rice Journal 21(2) 2017, 'Crop Diversity and Cropping Patterns of Comilla Region', doi:10.3329/brj.v21i2.38198"
Comilla,"Cropping patterns for oil-seed crops in Comilla region, 2014-15.",Groundnut-Sesame-Fallow,150.0,0.03,1,"Bangladesh Rice Journal 21(2) 2017, 'Crop Diversity and Cropping Patterns of Comilla Region', doi:10.3329/brj.v21i2.38198"
Comilla,"Cropping patterns for oil-seed crops in Comilla region, 2014-15.",Soybean-Jute-Fallow,130.0,0.03,1,"Bangladesh Rice Journal 21(2) 2017, 'Crop Diversity and Cropping Patterns of Comilla Region', doi:10.3329/brj.v21i2.38198"
Comilla,"Cropping patterns for oil-seed crops in Comilla region, 2014-15.",Potato-Sesame-T. Aman,125.0,0.03,4,"Bangladesh Rice Journal 21(2) 2017, 'Crop Diversity and Cropping Patterns of Comilla Region', doi:10.3329/brj.v21i2.38198"
Comilla,"Cropping patterns for pulse crops in Comilla region, 2014-15.",Lentil-B. Aman,2970.0,0.68,10,"Bangladesh Rice Journal 21(2) 2017, 'Crop Diversity and Cropping Patterns of Comilla Region', doi:10.3329/brj.v21i2.38198"
Comilla,"Cropping patterns for pulse crops in Comilla region, 2014-15.",Grasspea-B. Aman,1785.0,0.41,9,"Bangladesh Rice Journal 21(2) 2017, 'Crop Diversity and Cropping Patterns of Comilla Region', doi:10.3329/brj.v21i2.38198"
Comilla,"Cropping patterns for pulse crops in Comilla region, 2014-15.",Boro-Fallow-Blackgram,880.0,0.2,2,"Bangladesh Rice Journal 21(2) 2017, 'Crop Diversity and Cropping Patterns of Comilla Region', doi:10.3329/brj.v21i2.38198"
Comilla,"Cropping patterns for pulse crops in Comilla region, 2014-15.",Lentil-Jute-T. Aman,500.0,0.11,1,"Bangladesh Rice Journal 21(2) 2017, 'Crop Diversity and Cropping Patterns of Comilla Region', doi:10.3329/brj.v21i2.38198"
Comilla,"Cropping patterns for pulse crops in Comilla region, 2014-15.",Grasspea-Jute-T. Aman,400.0,0.09,1,"Bangladesh Rice Journal 21(2) 2017, 'Crop Diversity and Cropping Patterns of Comilla Region', doi:10.3329/brj.v21i2.38198"
Comilla,"Cropping patterns for pulse crops in Comilla region, 2014-15.",Lentil-Jute-Fallow,360.0,0.08,3,"Bangladesh Rice Journal 21(2) 2017, 'Crop Diversity and Cropping Patterns of Comilla Region', doi:10.3329/brj.v21i2.38198"
Comilla,"Cropping patterns for pulse crops in Comilla region, 2014-15.",Lentil-Jute-Fallow,360.0,0.08,3,"Bangladesh Rice Journal 21(2) 2017, 'Crop Diversity and Cropping Patterns of Comilla Region', doi:10.3329/brj.v21i2.38198"
Comilla,"Cropping patterns for pulse crops in Comilla region, 2014-15.",Fallow-Fallow-Blackgram,350.0,0.08,5,"Bangladesh Rice Journal 21(2) 2017, 'Crop Diversity and Cropping Patterns of Comilla Region', doi:10.3329/brj.v21i2.38198"
Comilla,"Cropping patterns for pulse crops in Comilla region, 2014-15.",Blackgram-B. Aman,170.0,0.04,3,"Bangladesh Rice Journal 21(2) 2017, 'Crop Diversity and Cropping Patterns of Comilla Region', doi:10.3329/brj.v21i2.38198"
Comilla,"Cropping patterns for pulse crops in Comilla region, 2014-15.",Lentil-Sesame-Fallow,170.0,0.04,3,"Bangladesh Rice Journal 21(2) 2017, 'Crop Diversity and Cropping Patterns of Comilla Region', doi:10.3329/brj.v21i2.38198"
Comilla,"Cropping patterns for vegetables and spices in Comilla region, 2014-15.",Potato-Maize-Fallow,7050.0,1.61,5,"Bangladesh Rice Journal 21(2) 2017, 'Crop Diversity and Cropping Patterns of Comilla Region', doi:10.3329/brj.v21i2.38198"
Comilla,"Cropping patterns for vegetables and spices in Comilla region, 2014-15.",Vegetable-Vegetable-Vegetable,7030.0,1.6,22,"Bangladesh Rice Journal 21(2) 2017, 'Crop Diversity and Cropping Patterns of Comilla Region', doi:10.3329/brj.v21i2.38198"
Comilla,"Cropping patterns for vegetables and spices in Comilla region, 2014-15.",Vegetable-Vegetable-Fallow,6840.0,1.56,16,"Bangladesh Rice Journal 21(2) 2017, 'Crop Diversity and Cropping Patterns of Comilla Region', doi:10.3329/brj.v21i2.38198"
Comilla,"Cropping patterns for vegetables and spices in Comilla region, 2014-15.",Potato-Boro-Fallow,4250.0,0.97,4,"Bangladesh Rice Journal 21(2) 2017, 'Crop Diversity and Cropping Patterns of Comilla Region', doi:10.3329/brj.v21i2.38198"
Comilla,"Cropping patterns for vegetables and spices in Comilla region, 2014-15.",Potato-Jute-Fallow,3870.0,0.88,11,"Bangladesh Rice Journal 21(2) 2017, 'Crop Diversity and Cropping Patterns of Comilla Region', doi:10.3329/brj.v21i2.38198"
Comilla,"Cropping patterns for vegetables and spices in Comilla region, 2014-15.",Potato-Aus-T. Aman,2500.0,0.57,8,"Bangladesh Rice Journal 21(2) 2017, 'Crop Diversity and Cropping Patterns of Comilla Region', doi:10.3329/brj.v21i2.38198"
Comilla,"Cropping patterns for vegetables and spices in Comilla region, 2014-15.",Potato-Boro-T. Aman,2120.0,0.48,9,"Bangladesh Rice Journal 21(2) 2017, 'Crop Diversity and Cropping Patterns of Comilla Region', doi:10.3329/brj.v21i2.38198"
Comilla,"Cropping patterns for vegetables and spices in Comilla region, 2014-15.",Vegetable-Aus-T. Aman,1775.0,0.4,7,"Bangladesh Rice Journal 21(2) 2017, 'Crop Diversity and Cropping Patterns of Comilla Region', doi:10.3329/brj.v21i2.38198"
Comilla,"Cropping patterns for vegetables and spices in Comilla region, 2014-15.",Vegetable-Aus-Fallow,1640.0,0.37,7,"Bangladesh Rice Journal 21(2) 2017, 'Crop Diversity and Cropping Patterns of Comilla Region', doi:10.3329/brj.v21i2.38198"
Comilla,"Cropping patterns for vegetables and spices in Comilla region, 2014-15.",Boro-Vegetable(Float/Norm),1230.0,0.28,3,"Bangladesh Rice Journal 21(2) 2017, 'Crop Diversity and Cropping Patterns of Comilla Region', doi:10.3329/brj.v21i2.38198"
Comilla,"Cropping patterns for vegetables and spices in Comilla region, 2014-15.",Vegetable-Fallow-Fallow,1180.0,0.27,6,"Bangladesh Rice Journal 21(2) 2017, 'Crop Diversity and Cropping Patterns of Comilla Region', doi:10.3329/brj.v21i2.38198"
Comilla,"Cropping patterns for vegetables and spices in Comilla region, 2014-15.",Vegetable-Fallow-T. Aman,1160.0,0.26,6,"Bangladesh Rice Journal 21(2) 2017, 'Crop Diversity and Cropping Patterns of Comilla Region', doi:10.3329/brj.v21i2.38198"
Comilla,"Cropping patterns for vegetables and spices in Comilla region, 2014-15.",Potato-Maize-T. Aman,930.0,0.21,4,"Bangladesh Rice Journal 21(2) 2017, 'Crop Diversity and Cropping Patterns of Comilla Region', doi:10.3329/brj.v21i2.38198"
Comilla,"Cropping patterns for vegetables and spices in Comilla region, 2014-15.",Maize-Vegetable-Fallow,800.0,0.18,1,"Bangladesh Rice Journal 21(2) 2017, 'Crop Diversity and Cropping Patterns of Comilla Region', doi:10.3329/brj.v21i2.38198"
Comilla,"Cropping patterns for vegetables and spices in Comilla region, 2014-15.",Potato+S.gourd-Aus-T. Aman,740.0,0.17,3,"Bangladesh Rice Journal 21(2) 2017, 'Crop Diversity and Cropping Patterns of Comilla Region', doi:10.3329/brj.v21i2.38198"
Comilla,"Cropping patterns for vegetables and spices in Comilla region, 2014-15.",Chilli-Jute-Fallow,725.0,0.17,6,"Bangladesh Rice Journal 21(2) 2017, 'Crop Diversity and Cropping Patterns of Comilla Region', doi:10.3329/brj.v21i2.38198"
Comilla,"Cropping patterns for vegetables and spices in Comilla region, 2014-15.",Chilli-Aus-T. Aman,710.0,0.16,3,"Bangladesh Rice Journal 21(2) 2017, 'Crop Diversity and Cropping Patterns of Comilla Region', doi:10.3329/brj.v21i2.38198"
Comilla,"Cropping patterns for vegetables and spices in Comilla region, 2014-15.",Coriander-Fallow-Fallow,700.0,0.16,4,"Bangladesh Rice Journal 21(2) 2017, 'Crop Diversity and Cropping Patterns of Comilla Region', doi:10.3329/brj.v21i2.38198"
Comilla,"Cropping patterns for vegetables and spices in Comilla region, 2014-15.",Potato-Boro-Aus-T. Aman,630.0,0.14,4,"Bangladesh Rice Journal 21(2) 2017, 'Crop Diversity and Cropping Patterns of Comilla Region', doi:10.3329/brj.v21i2.38198"
Comilla,"Cropping patterns for vegetables and spices in Comilla region, 2014-15.",Chilli-Fallow-Fallow,600.0,0.14,3,"Bangladesh Rice Journal 21(2) 2017, 'Crop Diversity and Cropping Patterns of Comilla Region', doi:10.3329/brj.v21i2.38198"
Comilla,"Cropping patterns for vegetables and spices in Comilla region, 2014-15.",Vegetable-Vegetable-T. Aman,580.0,0.13,3,"Bangladesh Rice Journal 21(2) 2017, 'Crop Diversity and Cropping Patterns of Comilla Region', doi:10.3329/brj.v21i2.38198"
Comilla,"Cropping patterns for vegetables and spices in Comilla region, 2014-15.",Potato-Sesbania,550.0,0.13,2,"Bangladesh Rice Journal 21(2) 2017, 'Crop Diversity and Cropping Patterns of Comilla Region', doi:10.3329/brj.v21i2.38198"
Comilla,"Cropping patterns for vegetables and spices in Comilla region, 2014-15.",Chilli-Fallow-T. Aman,425.0,0.1,7,"Bangladesh Rice Journal 21(2) 2017, 'Crop Diversity and Cropping Patterns of Comilla Region', doi:10.3329/brj.v21i2.38198"
Comilla,"Cropping patterns for vegetables and spices in Comilla region, 2014-15.",Onion-Jute-Fallow,400.0,0.09,2,"Bangladesh Rice Journal 21(2) 2017, 'Crop Diversity and Cropping Patterns of Comilla Region', doi:10.3329/brj.v21i2.38198"
Comilla,"Cropping patterns for vegetables and spices in Comilla region, 2014-15.",Garlic-Jute-Fallow,390.0,0.09,2,"Bangladesh Rice Journal 21(2) 2017, 'Crop Diversity and Cropping Patterns of Comilla Region', doi:10.3329/brj.v21i2.38198"
Comilla,"Cropping patterns for vegetables and spices in Comilla region, 2014-15.",Vegetable-Boro-Aus-T. Aman,370.0,0.08,3,"Bangladesh Rice Journal 21(2) 2017, 'Crop Diversity and Cropping Patterns of Comilla Region', doi:10.3329/brj.v21i2.38198"
Comilla,"Cropping patterns for vegetables and spices in Comilla region, 2014-15.",Vegetable-Jute-Fallow,335.0,0.08,6,"Bangladesh Rice Journal 21(2) 2017, 'Crop Diversity and Cropping Patterns of Comilla Region', doi:10.3329/brj.v21i2.38198"
Comilla,"Cropping patterns for vegetables and spices in Comilla region, 2014-15.",Vegetable-Jute-T. Aman,310.0,0.07,5,"Bangladesh Rice Journal 21(2) 2017, 'Crop Diversity and Cropping Patterns of Comilla Region', doi:10.3329/brj.v21i2.38198"
Comilla,"Cropping patterns for vegetables and spices in Comilla region, 2014-15.",Onion-Fallow-T. Aman,305.0,0.07,2,"Bangladesh Rice Journal 21(2) 2017, 'Crop Diversity and Cropping Patterns of Comilla Region', doi:10.3329/brj.v21i2.38198"
Comilla,"Cropping patterns for vegetables and spices in Comilla region, 2014-15.",Coriander-Fallow-T. Aman,220.0,0.05,5,"Bangladesh Rice Journal 21(2) 2017, 'Crop Diversity and Cropping Patterns of Comilla Region', doi:10.3329/brj.v21i2.38198"
Comilla,"Cropping patterns for vegetables and spices in Comilla region, 2014-15.",Chilli-Vegetable-Fallow,220.0,0.05,5,"Bangladesh Rice Journal 21(2) 2017, 'Crop Diversity and Cropping Patterns of Comilla Region', doi:10.3329/brj.v21i2.38198"
Comilla,"Cropping patterns for vegetables and spices in Comilla region, 2014-15.",Potato-S.gourd-Aus,180.0,0.04,3,"Bangladesh Rice Journal 21(2) 2017, 'Crop Diversity and Cropping Patterns of Comilla Region', doi:10.3329/brj.v21i2.38198"
Comilla,"Cropping patterns for vegetables and spices in Comilla region, 2014-15.",Garlic-Fallow-T. Aman,155.0,0.04,2,"Bangladesh Rice Journal 21(2) 2017, 'Crop Diversity and Cropping Patterns of Comilla Region', doi:10.3329/brj.v21i2.38198"
Comilla,"Cropping patterns for vegetables and spices in Comilla region, 2014-15.",Chilli-Jute-T. Aman,150.0,0.03,1,"Bangladesh Rice Journal 21(2) 2017, 'Crop Diversity and Cropping Patterns of Comilla Region', doi:10.3329/brj.v21i2.38198"
Comilla,"Cropping patterns for vegetables and spices in Comilla region, 2014-15.",Potato-Aus-Fallow,120.0,0.03,3,"Bangladesh Rice Journal 21(2) 2017, 'Crop Diversity and Cropping Patterns of Comilla Region', doi:10.3329/brj.v21i2.38198"
Comilla,"Cropping patterns for vegetables and spices in Comilla region, 2014-15.",Potato+Maize-B. Aman,110.0,0.03,2,"Bangladesh Rice Journal 21(2) 2017, 'Crop Diversity and Cropping Patterns of Comilla Region', doi:10.3329/brj.v21i2.38198"
Chittagong,"Cropping patterns with exclusive rice in Chittagong region, 2014-15.",Boro-Fallow-T. Aman,150280.0,22.92,38,"Bangladesh Rice Journal 21(2) 2017, 'Diversity of Cropping Systems in Chittagong Region', doi:10.3329/brj.v21i2.38199"
Chittagong,"Cropping patterns with exclusive rice in Chittagong region, 2014-15.",Fallow-Fallow-T. Aman,125600.0,19.15,32,"Bangladesh Rice Journal 21(2) 2017, 'Diversity of Cropping Systems in Chittagong Region', doi:10.3329/brj.v21i2.38199"
Chittagong,"Cropping patterns with exclusive rice in Chittagong region, 2014-15.",Boro-Fallow-Fallow,48710.0,7.43,12,"Bangladesh Rice Journal 21(2) 2017, 'Diversity of Cropping Systems in Chittagong Region', doi:10.3329/brj.v21i2.38199"
Chittagong,"Cropping patterns with exclusive rice in Chittagong region, 2014-15.",Fallow-Aus-T. Aman,27140.0,4.14,20,"Bangladesh Rice Journal 21(2) 2017, 'Diversity of Cropping Systems in Chittagong Region', doi:10.3329/brj.v21i2.38199"
Chittagong,"Cropping patterns with exclusive rice in Chittagong region, 2014-15.",Boro-Aus-T. Aman,16070.0,2.45,18,"Bangladesh Rice Journal 21(2) 2017, 'Diversity of Cropping Systems in Chittagong Region', doi:10.3329/brj.v21i2.38199"
Chittagong,"Cropping patterns with exclusive rice in Chittagong region, 2014-15.",Boro-B. Aman,2850.0,0.43,3,"Bangladesh Rice Journal 21(2) 2017, 'Diversity of Cropping Systems in Chittagong Region', doi:10.3329/brj.v21i2.38199"
Chittagong,"Cropping patterns with exclusive rice in Chittagong region, 2014-15.",Fallow-Aus-Fallow,1000.0,0.15,1,"Bangladesh Rice Journal 21(2) 2017, 'Diversity of Cropping Systems in Chittagong Region', doi:10.3329/brj.v21i2.38199"
Chittagong,"Cropping patterns with exclusive rice in Chittagong region, 2014-15.",Boro-Aus-Fallow,900.0,0.14,5,"Bangladesh Rice Journal 21(2) 2017, 'Diversity of Cropping Systems in Chittagong Region', doi:10.3329/brj.v21i2.38199"
Chittagong,"Cropping patterns with exclusive non-rice in Chittagong region, 2014-15.",Vegetable-Vegetable-Vegetable,5235.0,0.8,15,"Bangladesh Rice Journal 21(2) 2017, 'Diversity of Cropping Systems in Chittagong Region', doi:10.3329/brj.v21i2.38199"
Chittagong,"Cropping patterns with exclusive non-rice in Chittagong region, 2014-15.",Vegetable-Fallow-Fallow,3920.0,0.6,11,"Bangladesh Rice Journal 21(2) 2017, 'Diversity of Cropping Systems in Chittagong Region', doi:10.3329/brj.v21i2.38199"
Chittagong,"Cropping patterns with exclusive non-rice in Chittagong region, 2014-15.",Vegetable-Vegetable-Fallow,2560.0,0.39,10,"Bangladesh Rice Journal 21(2) 2017, 'Diversity of Cropping Systems in Chittagong Region', doi:10.3329/brj.v21i2.38199"
Chittagong,"Cropping patterns with exclusive non-rice in Chittagong region, 2014-15.",Soybean-Fallow-Fallow,2000.0,0.3,1,"Bangladesh Rice Journal 21(2) 2017, 'Diversity of Cropping Systems in Chittagong Region', doi:10.3329/brj.v21i2.38199"
Chittagong,"Cropping patterns with exclusive non-rice in Chittagong region, 2014-15.",Tobacco-Sesbania,600.0,0.09,1,"Bangladesh Rice Journal 21(2) 2017, 'Diversity of Cropping Systems in Chittagong Region', doi:10.3329/brj.v21i2.38199"
Chittagong,"Cropping patterns with exclusive non-rice in Chittagong region, 2014-15.",Groundnut-Fallow-Fallow,440.0,0.07,3,"Bangladesh Rice Journal 21(2) 2017, 'Diversity of Cropping Systems in Chittagong Region', doi:10.3329/brj.v21i2.38199"
Chittagong,"Cropping patterns with exclusive non-rice in Chittagong region, 2014-15.",Chilli-Fallow-Fallow,300.0,0.05,3,"Bangladesh Rice Journal 21(2) 2017, 'Diversity of Cropping Systems in Chittagong Region', doi:10.3329/brj.v21i2.38199"
Chittagong,"Cropping patterns with exclusive non-rice in Chittagong region, 2014-15.",Sweet potato-Fallow-Fallow,300.0,0.05,3,"Bangladesh Rice Journal 21(2) 2017, 'Diversity of Cropping Systems in Chittagong Region', doi:10.3329/brj.v21i2.38199"
Chittagong,"Cropping patterns with exclusive non-rice in Chittagong region, 2014-15.",Felon-Fallow-Fallow,260.0,0.04,2,"Bangladesh Rice Journal 21(2) 2017, 'Diversity of Cropping Systems in Chittagong Region', doi:10.3329/brj.v21i2.38199"
Chittagong,"Cropping patterns with exclusive non-rice in Chittagong region, 2014-15.",Coriander-Fallow-Fallow,250.0,0.04,8,"Bangladesh Rice Journal 21(2) 2017, 'Diversity of Cropping Systems in Chittagong Region', doi:10.3329/brj.v21i2.38199"
Chittagong,"Cropping patterns with exclusive non-rice in Chittagong region, 2014-15.",W.Melon-Fallow-Fallow,195.0,0.03,3,"Bangladesh Rice Journal 21(2) 2017, 'Diversity of Cropping Systems in Chittagong Region', doi:10.3329/brj.v21i2.38199"
Chittagong,"Cropping patterns with exclusive non-rice in Chittagong region, 2014-15.",Chilli-Vegetable-Fallow,130.0,0.02,5,"Bangladesh Rice Journal 21(2) 2017, 'Diversity of Cropping Systems in Chittagong Region', doi:10.3329/brj.v21i2.38199"
Chittagong,"Area for pulse crops in cropping systems in Chittagong region, 2014-15.",Grasspea-Fallow-T. Aman,30640.0,4.67,13,"Bangladesh Rice Journal 21(2) 2017, 'Diversity of Cropping Systems in Chittagong Region', doi:10.3329/brj.v21i2.38199"
Chittagong,"Area for pulse crops in cropping systems in Chittagong region, 2014-15.",Grasspea-Aus-T. Aman,16740.0,2.55,11,"Bangladesh Rice Journal 21(2) 2017, 'Diversity of Cropping Systems in Chittagong Region', doi:10.3329/brj.v21i2.38199"
Chittagong,"Area for pulse crops in cropping systems in Chittagong region, 2014-15.",Felon-Fallow-T. Aman,14630.0,2.23,28,"Bangladesh Rice Journal 21(2) 2017, 'Diversity of Cropping Systems in Chittagong Region', doi:10.3329/brj.v21i2.38199"
Chittagong,"Area for pulse crops in cropping systems in Chittagong region, 2014-15.",Mungbean-Aus-T. Aman,7040.0,1.07,9,"Bangladesh Rice Journal 21(2) 2017, 'Diversity of Cropping Systems in Chittagong Region', doi:10.3329/brj.v21i2.38199"
Chittagong,"Area for pulse crops in cropping systems in Chittagong region, 2014-15.",Felon-Aus-T. Aman,5045.0,0.77,11,"Bangladesh Rice Journal 21(2) 2017, 'Diversity of Cropping Systems in Chittagong Region', doi:10.3329/brj.v21i2.38199"
Chittagong,"Area for pulse crops in cropping systems in Chittagong region, 2014-15.",Mungbean-Fallow-T. Aman,4335.0,0.66,15,"Bangladesh Rice Journal 21(2) 2017, 'Diversity of Cropping Systems in Chittagong Region', doi:10.3329/brj.v21i2.38199"
Chittagong,"Area for pulse crops in cropping systems in Chittagong region, 2014-15.",Lentil-Fallow-T. Aman,2440.0,0.37,8,"Bangladesh Rice Journal 21(2) 2017, 'Diversity of Cropping Systems in Chittagong Region', doi:10.3329/brj.v21i2.38199"
Chittagong,"Area for pulse crops in cropping systems in Chittagong region, 2014-15.",Pea-Fallow-T. Aman,730.0,0.11,5,"Bangladesh Rice Journal 21(2) 2017, 'Diversity of Cropping Systems in Chittagong Region', doi:10.3329/brj.v21i2.38199"
Chittagong,"Area for pulse crops in cropping systems in Chittagong region, 2014-15.",Lentil-Aus-T. Aman,500.0,0.08,4,"Bangladesh Rice Journal 21(2) 2017, 'Diversity of Cropping Systems in Chittagong Region', doi:10.3329/brj.v21i2.38199"
Chittagong,"Area for pulse crops in cropping systems in Chittagong region, 2014-15.",Felon-Aus-Fallow,420.0,0.06,2,"Bangladesh Rice Journal 21(2) 2017, 'Diversity of Cropping Systems in Chittagong Region', doi:10.3329/brj.v21i2.38199"
Chittagong,"Area for pulse crops in cropping systems in Chittagong region, 2014-15.",Felon-Fallow-Fallow,260.0,0.04,2,"Bangladesh Rice Journal 21(2) 2017, 'Diversity of Cropping Systems in Chittagong Region', doi:10.3329/brj.v21i2.38199"
Chittagong,"Area for pulse crops in cropping systems in Chittagong region, 2014-15.",Grasspea-B. Aman,250.0,0.04,1,"Bangladesh Rice Journal 21(2) 2017, 'Diversity of Cropping Systems in Chittagong Region', doi:10.3329/brj.v21i2.38199"
Chittagong,"Cropping patterns with oil-seed crops in Chittagong region, 2014-15.",Soybean-Aus-T. Aman,22600.0,3.45,5,"Bangladesh Rice Journal 21(2) 2017, 'Diversity of Cropping Systems in Chittagong Region', doi:10.3329/brj.v21i2.38199"
Chittagong,"Cropping patterns with oil-seed crops in Chittagong region, 2014-15.",Soybean-Jute-T. Aman,19400.0,2.96,2,"Bangladesh Rice Journal 21(2) 2017, 'Diversity of Cropping Systems in Chittagong Region', doi:10.3329/brj.v21i2.38199"
Chittagong,"Cropping patterns with oil-seed crops in Chittagong region, 2014-15.",Soybean-Fallow-T. Aman,18670.0,2.85,6,"Bangladesh Rice Journal 21(2) 2017, 'Diversity of Cropping Systems in Chittagong Region', doi:10.3329/brj.v21i2.38199"
Chittagong,"Cropping patterns with oil-seed crops in Chittagong region, 2014-15.",Groundnut-Fallow-T. Aman,8630.0,1.32,16,"Bangladesh Rice Journal 21(2) 2017, 'Diversity of Cropping Systems in Chittagong Region', doi:10.3329/brj.v21i2.38199"
Chittagong,"Cropping patterns with oil-seed crops in Chittagong region, 2014-15.",Groundnut-Aus-T. Aman,8350.0,1.27,6,"Bangladesh Rice Journal 21(2) 2017, 'Diversity of Cropping Systems in Chittagong Region', doi:10.3329/brj.v21i2.38199"
Chittagong,"Cropping patterns with oil-seed crops in Chittagong region, 2014-15.",Soybean-B. Aman,4300.0,0.66,1,"Bangladesh Rice Journal 21(2) 2017, 'Diversity of Cropping Systems in Chittagong Region', doi:10.3329/brj.v21i2.38199"
Chittagong,"Cropping patterns with oil-seed crops in Chittagong region, 2014-15.",Mustard-Fallow-T. Aman,2370.0,0.36,15,"Bangladesh Rice Journal 21(2) 2017, 'Diversity of Cropping Systems in Chittagong Region', doi:10.3329/brj.v21i2.38199"
Chittagong,"Cropping patterns with oil-seed crops in Chittagong region, 2014-15.",Soybean-Fallow-Fallow,2000.0,0.31,1,"Bangladesh Rice Journal 21(2) 2017, 'Diversity of Cropping Systems in Chittagong Region', doi:10.3329/brj.v21i2.38199"
Chittagong,"Cropping patterns with oil-seed crops in Chittagong region, 2014-15.",Soybean-Aus-Fallow,700.0,0.11,1,"Bangladesh Rice Journal 21(2) 2017, 'Diversity of Cropping Systems in Chittagong Region', doi:10.3329/brj.v21i2.38199"
Chittagong,"Cropping patterns with oil-seed crops in Chittagong region, 2014-15.",Vegetable-Groundnut-T. Aman,700.0,0.11,1,"Bangladesh Rice Journal 21(2) 2017, 'Diversity of Cropping Systems in Chittagong Region', doi:10.3329/brj.v21i2.38199"
Chittagong,"Cropping patterns with oil-seed crops in Chittagong region, 2014-15.",Mustard-Boro-T. Aman,660.0,0.1,9,"Bangladesh Rice Journal 21(2) 2017, 'Diversity of Cropping Systems in Chittagong Region', doi:10.3329/brj.v21i2.38199"
Chittagong,"Cropping patterns with oil-seed crops in Chittagong region, 2014-15.",Groundnut-Fallow-Fallow,440.0,0.07,3,"Bangladesh Rice Journal 21(2) 2017, 'Diversity of Cropping Systems in Chittagong Region', doi:10.3329/brj.v21i2.38199"
Chittagong,"Cropping patterns with oil-seed crops in Chittagong region, 2014-15.",Mustard-Aus-T. Aman,345.0,0.05,5,"Bangladesh Rice Journal 21(2) 2017, 'Diversity of Cropping Systems in Chittagong Region', doi:10.3329/brj.v21i2.38199"
Chittagong,"Cropping patterns with oil-seed crops in Chittagong region, 2014-15.",Mustard-Boro-Aus-T. Aman,270.0,0.04,3,"Bangladesh Rice Journal 21(2) 2017, 'Diversity of Cropping Systems in Chittagong Region', doi:10.3329/brj.v21i2.38199"
Chittagong,"Cropping patterns with oil-seed crops in Chittagong region, 2014-15.",Potato-Sesame-T. Aman,200.0,0.03,1,"Bangladesh Rice Journal 21(2) 2017, 'Diversity of Cropping Systems in Chittagong Region', doi:10.3329/brj.v21i2.38199"
Chittagong,"Cropping patterns with oil-seed crops in Chittagong region, 2014-15.",Sesame-Fallow-T. Aman,175.0,0.03,5,"Bangladesh Rice Journal 21(2) 2017, 'Diversity of Cropping Systems in Chittagong Region', doi:10.3329/brj.v21i2.38199"
Chittagong,"Cropping patterns with oil-seed crops in Chittagong region, 2014-15.",Fallow-Sesame-T. Aman,10.0,0.0,2,"Bangladesh Rice Journal 21(2) 2017, 'Diversity of Cropping Systems in Chittagong Region', doi:10.3329/brj.v21i2.38199"
Chittagong,"Cropping patterns with vegetables and spices crops in Chittagong region, 2014-15.",Vegetable-Fallow-T. Aman,17715.0,2.7,28,"Bangladesh Rice Journal 21(2) 2017, 'Diversity of Cropping Systems in Chittagong Region', doi:10.3329/brj.v21i2.38199"
Chittagong,"Cropping patterns with vegetables and spices crops in Chittagong region, 2014-15.",Chilli-Fallow-T. Aman,9450.0,1.44,30,"Bangladesh Rice Journal 21(2) 2017, 'Diversity of Cropping Systems in Chittagong Region', doi:10.3329/brj.v21i2.38199"
Chittagong,"Cropping patterns with vegetables and spices crops in Chittagong region, 2014-15.",Vegetable-Vegetable-T. Aman,8505.0,1.3,18,"Bangladesh Rice Journal 21(2) 2017, 'Diversity of Cropping Systems in Chittagong Region', doi:10.3329/brj.v21i2.38199"
Chittagong,"Cropping patterns with vegetables and spices crops in Chittagong region, 2014-15.",Vegetable-Boro-T. Aman,8150.0,1.24,5,"Bangladesh Rice Journal 21(2) 2017, 'Diversity of Cropping Systems in Chittagong Region', doi:10.3329/brj.v21i2.38199"
Chittagong,"Cropping patterns with vegetables and spices crops in Chittagong region, 2014-15.",Vegetable-Vegetable-Vegetable,5235.0,0.8,15,"Bangladesh Rice Journal 21(2) 2017, 'Diversity of Cropping Systems in Chittagong Region', doi:10.3329/brj.v21i2.38199"
Chittagong,"Cropping patterns with vegetables and spices crops in Chittagong region, 2014-15.",Potato-Fallow-T. Aman,4555.0,0.69,22,"Bangladesh Rice Journal 21(2) 2017, 'Diversity of Cropping Systems in Chittagong Region', doi:10.3329/brj.v21i2.38199"
Chittagong,"Cropping patterns with vegetables and spices crops in Chittagong region, 2014-15.",Vegetable-Fallow-Fallow,3920.0,0.6,11,"Bangladesh Rice Journal 21(2) 2017, 'Diversity of Cropping Systems in Chittagong Region', doi:10.3329/brj.v21i2.38199"
Chittagong,"Cropping patterns with vegetables and spices crops in Chittagong region, 2014-15.",Vegetable-Aus-Fallow,2900.0,0.44,7,"Bangladesh Rice Journal 21(2) 2017, 'Diversity of Cropping Systems in Chittagong Region', doi:10.3329/brj.v21i2.38199"
Chittagong,"Cropping patterns with vegetables and spices crops in Chittagong region, 2014-15.",Vegetable-Vegetable-Fallow,2560.0,0.39,10,"Bangladesh Rice Journal 21(2) 2017, 'Diversity of Cropping Systems in Chittagong Region', doi:10.3329/brj.v21i2.38199"
Chittagong,"Cropping patterns with vegetables and spices crops in Chittagong region, 2014-15.",Chilli-Aus-T. Aman,2450.0,0.37,6,"Bangladesh Rice Journal 21(2) 2017, 'Diversity of Cropping Systems in Chittagong Region', doi:10.3329/brj.v21i2.38199"
Chittagong,"Cropping patterns with vegetables and spices crops in Chittagong region, 2014-15.",Boro-Vegetable-T. Aman,1900.0,0.29,3,"Bangladesh Rice Journal 21(2) 2017, 'Diversity of Cropping Systems in Chittagong Region', doi:10.3329/brj.v21i2.38199"
Chittagong,"Cropping patterns with vegetables and spices crops in Chittagong region, 2014-15.",Vegetable-Boro-Fallow,1800.0,0.27,2,"Bangladesh Rice Journal 21(2) 2017, 'Diversity of Cropping Systems in Chittagong Region', doi:10.3329/brj.v21i2.38199"
Chittagong,"Cropping patterns with vegetables and spices crops in Chittagong region, 2014-15.",Potato-Boro-T. Aman,1650.0,0.25,6,"Bangladesh Rice Journal 21(2) 2017, 'Diversity of Cropping Systems in Chittagong Region', doi:10.3329/brj.v21i2.38199"
Chittagong,"Cropping patterns with vegetables and spices crops in Chittagong region, 2014-15.",Fallow-Vegetable-T. Aman,1480.0,0.23,8,"Bangladesh Rice Journal 21(2) 2017, 'Diversity of Cropping Systems in Chittagong Region', doi:10.3329/brj.v21i2.38199"
Chittagong,"Cropping patterns with vegetables and spices crops in Chittagong region, 2014-15.",Chilli-Aus-Fallow,770.0,0.12,3,"Bangladesh Rice Journal 21(2) 2017, 'Diversity of Cropping Systems in Chittagong Region', doi:10.3329/brj.v21i2.38199"
Chittagong,"Cropping patterns with vegetables and spices crops in Chittagong region, 2014-15.",Vegetable-Groundnut-T. Aman,700.0,0.11,1,"Bangladesh Rice Journal 21(2) 2017, 'Diversity of Cropping Systems in Chittagong Region', doi:10.3329/brj.v21i2.38199"
Chittagong,"Cropping patterns with vegetables and spices crops in Chittagong region, 2014-15.",Garlic-Fallow-T. Aman,535.0,0.08,10,"Bangladesh Rice Journal 21(2) 2017, 'Diversity of Cropping Systems in Chittagong Region', doi:10.3329/brj.v21i2.38199"
Chittagong,"Cropping patterns with vegetables and spices crops in Chittagong region, 2014-15.",Coriander-Fallow-T. Aman,475.0,0.07,13,"Bangladesh Rice Journal 21(2) 2017, 'Diversity of Cropping Systems in Chittagong Region', doi:10.3329/brj.v21i2.38199"
Chittagong,"Cropping patterns with vegetables and spices crops in Chittagong region, 2014-15.",Chilli-Fallow-Fallow,300.0,0.05,3,"Bangladesh Rice Journal 21(2) 2017, 'Diversity of Cropping Systems in Chittagong Region', doi:10.3329/brj.v21i2.38199"
Chittagong,"Cropping patterns with vegetables and spices crops in Chittagong region, 2014-15.",Coriander-Fallow-Fallow,250.0,0.04,8,"Bangladesh Rice Journal 21(2) 2017, 'Diversity of Cropping Systems in Chittagong Region', doi:10.3329/brj.v21i2.38199"
Chittagong,"Cropping patterns with vegetables and spices crops in Chittagong region, 2014-15.",Vegetable-Boro-Aus-T. Aman,250.0,0.04,1,"Bangladesh Rice Journal 21(2) 2017, 'Diversity of Cropping Systems in Chittagong Region', doi:10.3329/brj.v21i2.38199"
Chittagong,"Cropping patterns with vegetables and spices crops in Chittagong region, 2014-15.",Onion-Fallow-T. Aman,245.0,0.04,10,"Bangladesh Rice Journal 21(2) 2017, 'Diversity of Cropping Systems in Chittagong Region', doi:10.3329/brj.v21i2.38199"
Chittagong,"Cropping patterns with vegetables and spices crops in Chittagong region, 2014-15.",Potato-Sesame-T. Aman,200.0,0.03,1,"Bangladesh Rice Journal 21(2) 2017, 'Diversity of Cropping Systems in Chittagong Region', doi:10.3329/brj.v21i2.38199"
Chittagong,"Cropping patterns with vegetables and spices crops in Chittagong region, 2014-15.",Potato-Aus-T. Aman,165.0,0.03,4,"Bangladesh Rice Journal 21(2) 2017, 'Diversity of Cropping Systems in Chittagong Region', doi:10.3329/brj.v21i2.38199"
Chittagong,"Cropping patterns with vegetables and spices crops in Chittagong region, 2014-15.",Chilli-Vegetable-Fallow,130.0,0.02,5,"Bangladesh Rice Journal 21(2) 2017, 'Diversity of Cropping Systems in Chittagong Region', doi:10.3329/brj.v21i2.38199"
Dhaka,"Cropping patterns with exclusive rice in Dhaka region, 3014-15.",Boro-Fallow-T. Aman,147820.0,22.61,32,"Bangladesh Rice Journal 21(2) 2017, 'Cropping Pattern, Intensity and Diversity in Dhaka Region', doi:10.3329/brj.v21i2.38200"
Dhaka,"Cropping patterns with exclusive rice in Dhaka region, 3014-15.",Boro-Fallow-Fallow,109530.0,16.76,44,"Bangladesh Rice Journal 21(2) 2017, 'Cropping Pattern, Intensity and Diversity in Dhaka Region', doi:10.3329/brj.v21i2.38200"
Dhaka,"Cropping patterns with exclusive rice in Dhaka region, 3014-15.",Boro-B. Aman,40050.0,6.13,24,"Bangladesh Rice Journal 21(2) 2017, 'Cropping Pattern, Intensity and Diversity in Dhaka Region', doi:10.3329/brj.v21i2.38200"
Dhaka,"Cropping patterns with exclusive rice in Dhaka region, 3014-15.",Fallow-Fallow-T. Aman,9650.0,1.48,5,"Bangladesh Rice Journal 21(2) 2017, 'Cropping Pattern, Intensity and Diversity in Dhaka Region', doi:10.3329/brj.v21i2.38200"
Dhaka,"Cropping patterns with exclusive rice in Dhaka region, 3014-15.",Boro-Sesbania-Fallow,4410.0,0.67,7,"Bangladesh Rice Journal 21(2) 2017, 'Cropping Pattern, Intensity and Diversity in Dhaka Region', doi:10.3329/brj.v21i2.38200"
Dhaka,"Cropping patterns with exclusive rice in Dhaka region, 3014-15.",Boro-Sesbania-T. Aman,2440.0,0.37,6,"Bangladesh Rice Journal 21(2) 2017, 'Cropping Pattern, Intensity and Diversity in Dhaka Region', doi:10.3329/brj.v21i2.38200"
Dhaka,"Cropping patterns with exclusive rice in Dhaka region, 3014-15.",Boro-Aus-T. Aman,1215.0,0.19,7,"Bangladesh Rice Journal 21(2) 2017, 'Cropping Pattern, Intensity and Diversity in Dhaka Region', doi:10.3329/brj.v21i2.38200"
Dhaka,"Cropping patterns with exclusive rice in Dhaka region, 3014-15.",Boro-Aus-Fallow,780.0,0.12,6,"Bangladesh Rice Journal 21(2) 2017, 'Cropping Pattern, Intensity and Diversity in Dhaka Region', doi:10.3329/brj.v21i2.38200"
Dhaka,"Cropping patterns of non-rice exclusive in Dhaka region, 2014-15.",Vegetable-Vegetable-Vegetable,26050.0,3.99,36,"Bangladesh Rice Journal 21(2) 2017, 'Cropping Pattern, Intensity and Diversity in Dhaka Region', doi:10.3329/brj.v21i2.38200"
Dhaka,"Cropping patterns of non-rice exclusive in Dhaka region, 2014-15.",Potato-Sesbania,10220.0,1.56,13,"Bangladesh Rice Journal 21(2) 2017, 'Cropping Pattern, Intensity and Diversity in Dhaka Region', doi:10.3329/brj.v21i2.38200"
Dhaka,"Cropping patterns of non-rice exclusive in Dhaka region, 2014-15.",Vegetable-Vegetable-Fallow,8750.0,1.34,17,"Bangladesh Rice Journal 21(2) 2017, 'Cropping Pattern, Intensity and Diversity in Dhaka Region', doi:10.3329/brj.v21i2.38200"
Dhaka,"Cropping patterns of non-rice exclusive in Dhaka region, 2014-15.",Vegetable-Fallow-Fallow,6980.0,1.07,9,"Bangladesh Rice Journal 21(2) 2017, 'Cropping Pattern, Intensity and Diversity in Dhaka Region', doi:10.3329/brj.v21i2.38200"
Dhaka,"Cropping patterns of non-rice exclusive in Dhaka region, 2014-15.",Potato-Jute-Fallow,4360.0,0.67,15,"Bangladesh Rice Journal 21(2) 2017, 'Cropping Pattern, Intensity and Diversity in Dhaka Region', doi:10.3329/brj.v21i2.38200"
Dhaka,"Cropping patterns of non-rice exclusive in Dhaka region, 2014-15.",Groundnut-Fallow-Fallow,3620.0,0.55,8,"Bangladesh Rice Journal 21(2) 2017, 'Cropping Pattern, Intensity and Diversity in Dhaka Region', doi:10.3329/brj.v21i2.38200"
Dhaka,"Cropping patterns of non-rice exclusive in Dhaka region, 2014-15.",Fallow-Fallow-Blackgram,3415.0,0.52,10,"Bangladesh Rice Journal 21(2) 2017, 'Cropping Pattern, Intensity and Diversity in Dhaka Region', doi:10.3329/brj.v21i2.38200"
Dhaka,"Cropping patterns of non-rice exclusive in Dhaka region, 2014-15.",Maize-Maize-Fallow,3280.0,0.5,3,"Bangladesh Rice Journal 21(2) 2017, 'Cropping Pattern, Intensity and Diversity in Dhaka Region', doi:10.3329/brj.v21i2.38200"
Dhaka,"Cropping patterns of non-rice exclusive in Dhaka region, 2014-15.",Maize-Jute-Fallow,2790.0,0.43,6,"Bangladesh Rice Journal 21(2) 2017, 'Cropping Pattern, Intensity and Diversity in Dhaka Region', doi:10.3329/brj.v21i2.38200"
Dhaka,"Cropping patterns of non-rice exclusive in Dhaka region, 2014-15.",Maize-Fallow-Fallow,2265.0,0.35,6,"Bangladesh Rice Journal 21(2) 2017, 'Cropping Pattern, Intensity and Diversity in Dhaka Region', doi:10.3329/brj.v21i2.38200"
Dhaka,"Cropping patterns of non-rice exclusive in Dhaka region, 2014-15.",Vegetable-Jute-Fallow,2170.0,0.33,10,"Bangladesh Rice Journal 21(2) 2017, 'Cropping Pattern, Intensity and Diversity in Dhaka Region', doi:10.3329/brj.v21i2.38200"
Dhaka,"Cropping patterns of non-rice exclusive in Dhaka region, 2014-15.",Sesame-Fallow-Blackgram,1850.0,0.28,4,"Bangladesh Rice Journal 21(2) 2017, 'Cropping Pattern, Intensity and Diversity in Dhaka Region', doi:10.3329/brj.v21i2.38200"
Dhaka,"Cropping patterns of non-rice exclusive in Dhaka region, 2014-15.",Maize-Vegetable-Fallow,1700.0,0.26,5,"Bangladesh Rice Journal 21(2) 2017, 'Cropping Pattern, Intensity and Diversity in Dhaka Region', doi:10.3329/brj.v21i2.38200"
Dhaka,"Cropping patterns of non-rice exclusive in Dhaka region, 2014-15.",Wheat-Jute-Fallow,1560.0,0.24,10,"Bangladesh Rice Journal 21(2) 2017, 'Cropping Pattern, Intensity and Diversity in Dhaka Region', doi:10.3329/brj.v21i2.38200"
Dhaka,"Cropping patterns of non-rice exclusive in Dhaka region, 2014-15.",Chilli-Fallow-Fallow,1490.0,0.23,6,"Bangladesh Rice Journal 21(2) 2017, 'Cropping Pattern, Intensity and Diversity in Dhaka Region', doi:10.3329/brj.v21i2.38200"
Dhaka,"Cropping patterns of non-rice exclusive in Dhaka region, 2014-15.",Sweet potato-Fallow-Fallow,1430.0,0.22,9,"Bangladesh Rice Journal 21(2) 2017, 'Cropping Pattern, Intensity and Diversity in Dhaka Region', doi:10.3329/brj.v21i2.38200"
Dhaka,"Cropping patterns of non-rice exclusive in Dhaka region, 2014-15.",Potato-Sesame-Fallow,1390.0,0.21,8,"Bangladesh Rice Journal 21(2) 2017, 'Cropping Pattern, Intensity and Diversity in Dhaka Region', doi:10.3329/brj.v21i2.38200"
Dhaka,"Cropping patterns of non-rice exclusive in Dhaka region, 2014-15.",Grasspea-Sesbania-Fallow,1350.0,0.21,2,"Bangladesh Rice Journal 21(2) 2017, 'Cropping Pattern, Intensity and Diversity in Dhaka Region', doi:10.3329/brj.v21i2.38200"
Dhaka,"Cropping patterns of non-rice exclusive in Dhaka region, 2014-15.",Onion-Jute-Fallow,1350.0,0.21,11,"Bangladesh Rice Journal 21(2) 2017, 'Cropping Pattern, Intensity and Diversity in Dhaka Region', doi:10.3329/brj.v21i2.38200"
Dhaka,"Cropping patterns of non-rice exclusive in Dhaka region, 2014-15.",Sweet potato-Jute-Fallow,1230.0,0.19,7,"Bangladesh Rice Journal 21(2) 2017, 'Cropping Pattern, Intensity and Diversity in Dhaka Region', doi:10.3329/brj.v21i2.38200"
Dhaka,"Cropping patterns of non-rice exclusive in Dhaka region, 2014-15.",Vegetable-Maize-Fallow,1170.0,0.18,3,"Bangladesh Rice Journal 21(2) 2017, 'Cropping Pattern, Intensity and Diversity in Dhaka Region', doi:10.3329/brj.v21i2.38200"
Dhaka,"Cropping patterns of non-rice exclusive in Dhaka region, 2014-15.",Grasspea-Fallow-Fallow,1060.0,0.16,3,"Bangladesh Rice Journal 21(2) 2017, 'Cropping Pattern, Intensity and Diversity in Dhaka Region', doi:10.3329/brj.v21i2.38200"
Dhaka,"Cropping patterns of non-rice exclusive in Dhaka region, 2014-15.",Chilli-Jute-Fallow,1050.0,0.16,11,"Bangladesh Rice Journal 21(2) 2017, 'Cropping Pattern, Intensity and Diversity in Dhaka Region', doi:10.3329/brj.v21i2.38200"
Dhaka,"Cropping patterns of non-rice exclusive in Dhaka region, 2014-15.",Lentil-Jute-Fallow,1040.0,0.16,8,"Bangladesh Rice Journal 21(2) 2017, 'Cropping Pattern, Intensity and Diversity in Dhaka Region', doi:10.3329/brj.v21i2.38200"
Dhaka,"Cropping patterns of non-rice exclusive in Dhaka region, 2014-15.",Maize-Sesbania-Fallow,1000.0,0.15,1,"Bangladesh Rice Journal 21(2) 2017, 'Cropping Pattern, Intensity and Diversity in Dhaka Region', doi:10.3329/brj.v21i2.38200"
Dhaka,"Cropping patterns of non-rice exclusive in Dhaka region, 2014-15.",Grasspea-Sesame-Fallow,920.0,0.14,6,"Bangladesh Rice Journal 21(2) 2017, 'Cropping Pattern, Intensity and Diversity in Dhaka Region', doi:10.3329/brj.v21i2.38200"
Dhaka,"Cropping patterns of non-rice exclusive in Dhaka region, 2014-15.",Onion-Vegetable-Vegetable,800.0,0.12,9,"Bangladesh Rice Journal 21(2) 2017, 'Cropping Pattern, Intensity and Diversity in Dhaka Region', doi:10.3329/brj.v21i2.38200"
Dhaka,"Cropping patterns of non-rice exclusive in Dhaka region, 2014-15.",Vegetable-Fallow-Blackgram,790.0,0.12,4,"Bangladesh Rice Journal 21(2) 2017, 'Cropping Pattern, Intensity and Diversity in Dhaka Region', doi:10.3329/brj.v21i2.38200"
Dhaka,"Cropping patterns of non-rice exclusive in Dhaka region, 2014-15.",Maize-Sesame-Fallow,690.0,0.11,2,"Bangladesh Rice Journal 21(2) 2017, 'Cropping Pattern, Intensity and Diversity in Dhaka Region', doi:10.3329/brj.v21i2.38200"
Dhaka,"Cropping patterns of non-rice exclusive in Dhaka region, 2014-15.",Blackgram-Jute-Fallow,660.0,0.1,2,"Bangladesh Rice Journal 21(2) 2017, 'Cropping Pattern, Intensity and Diversity in Dhaka Region', doi:10.3329/brj.v21i2.38200"
Dhaka,"Cropping patterns of non-rice exclusive in Dhaka region, 2014-15.",Potato-Maize-Fallow,610.0,0.09,4,"Bangladesh Rice Journal 21(2) 2017, 'Cropping Pattern, Intensity and Diversity in Dhaka Region', doi:10.3329/brj.v21i2.38200"
Dhaka,"Cropping patterns of non-rice exclusive in Dhaka region, 2014-15.",Coriander-Vegetable-Fallow,580.0,0.09,3,"Bangladesh Rice Journal 21(2) 2017, 'Cropping Pattern, Intensity and Diversity in Dhaka Region', doi:10.3329/brj.v21i2.38200"
Dhaka,"Cropping patterns of non-rice exclusive in Dhaka region, 2014-15.",Chilli-Vegetable-Fallow,570.0,0.09,7,"Bangladesh Rice Journal 21(2) 2017, 'Cropping Pattern, Intensity and Diversity in Dhaka Region', doi:10.3329/brj.v21i2.38200"
Dhaka,"Cropping patterns of non-rice exclusive in Dhaka region, 2014-15.",Mustard-Jute-Fallow,560.0,0.09,4,"Bangladesh Rice Journal 21(2) 2017, 'Cropping Pattern, Intensity and Diversity in Dhaka Region', doi:10.3329/brj.v21i2.38200"
Dhaka,"Cropping patterns of non-rice exclusive in Dhaka region, 2014-15.",Garlic-Jute-Fallow,530.0,0.08,9,"Bangladesh Rice Journal 21(2) 2017, 'Cropping Pattern, Intensity and Diversity in Dhaka Region', doi:10.3329/brj.v21i2.38200"
Dhaka,"Cropping patterns of non-rice exclusive in Dhaka region, 2014-15.",Grasspea-Jute-Fallow,420.0,0.06,3,"Bangladesh Rice Journal 21(2) 2017, 'Cropping Pattern, Intensity and Diversity in Dhaka Region', doi:10.3329/brj.v21i2.38200"
Dhaka,"Cropping patterns of non-rice exclusive in Dhaka region, 2014-15.",Coriander-Fallow-Fallow,390.0,0.06,6,"Bangladesh Rice Journal 21(2) 2017, 'Cropping Pattern, Intensity and Diversity in Dhaka Region', doi:10.3329/brj.v21i2.38200"
Dhaka,"Cropping patterns of non-rice exclusive in Dhaka region, 2014-15.",Lentil-Sesame-Fallow,355.0,0.05,3,"Bangladesh Rice Journal 21(2) 2017, 'Cropping Pattern, Intensity and Diversity in Dhaka Region', doi:10.3329/brj.v21i2.38200"
Dhaka,"Cropping patterns of non-rice exclusive in Dhaka region, 2014-15.",Pea-Vegetable-Fallow,350.0,0.05,1,"Bangladesh Rice Journal 21(2) 2017, 'Cropping Pattern, Intensity and Diversity in Dhaka Region', doi:10.3329/brj.v21i2.38200"
Dhaka,"Cropping patterns of non-rice exclusive in Dhaka region, 2014-15.",Coriander-Jute-Fallow,330.0,0.05,6,"Bangladesh Rice Journal 21(2) 2017, 'Cropping Pattern, Intensity and Diversity in Dhaka Region', doi:10.3329/brj.v21i2.38200"
Dhaka,"Cropping patterns of non-rice exclusive in Dhaka region, 2014-15.",Potato-Chilli-Fallow,330.0,0.05,3,"Bangladesh Rice Journal 21(2) 2017, 'Cropping Pattern, Intensity and Diversity in Dhaka Region', doi:10.3329/brj.v21i2.38200"
Dhaka,"Cropping patterns of non-rice exclusive in Dhaka region, 2014-15.",Lentil-Vegetable-Vegetable,320.0,0.05,4,"Bangladesh Rice Journal 21(2) 2017, 'Cropping Pattern, Intensity and Diversity in Dhaka Region', doi:10.3329/brj.v21i2.38200"
Dhaka,"Cropping patterns of non-rice exclusive in Dhaka region, 2014-15.",Potato-Groundnut,170.0,0.03,1,"Bangladesh Rice Journal 21(2) 2017, 'Cropping Pattern, Intensity and Diversity in Dhaka Region', doi:10.3329/brj.v21i2.38200"
Dhaka,"Cropping patterns of non-rice exclusive in Dhaka region, 2014-15.",Garlic-Fallow-Fallow,150.0,0.02,3,"Bangladesh Rice Journal 21(2) 2017, 'Cropping Pattern, Intensity and Diversity in Dhaka Region', doi:10.3329/brj.v21i2.38200"
Dhaka,"Cropping patterns of non-rice exclusive in Dhaka region, 2014-15.",Maize-Fallow-Blackgram,150.0,0.02,1,"Bangladesh Rice Journal 21(2) 2017, 'Cropping Pattern, Intensity and Diversity in Dhaka Region', doi:10.3329/brj.v21i2.38200"
Dhaka,"Cropping patterns of non-rice exclusive in Dhaka region, 2014-15.",Garlic-Vegetable-Vegetable,135.0,0.02,5,"Bangladesh Rice Journal 21(2) 2017, 'Cropping Pattern, Intensity and Diversity in Dhaka Region', doi:10.3329/brj.v21i2.38200"
Dhaka,"Cropping patterns of non-rice exclusive in Dhaka region, 2014-15.",Wheat-Chilli-Fallow,110.0,0.02,1,"Bangladesh Rice Journal 21(2) 2017, 'Cropping Pattern, Intensity and Diversity in Dhaka Region', doi:10.3329/brj.v21i2.38200"
Dhaka,"Cropping patterns under deep water rice ecosystem in Dhaka region, 2014-15.",Boro-B. Aman,40050.0,6.13,24,"Bangladesh Rice Journal 21(2) 2017, 'Cropping Pattern, Intensity and Diversity in Dhaka Region', doi:10.3329/brj.v21i2.38200"
Dhaka,"Cropping patterns under deep water rice ecosystem in Dhaka region, 2014-15.",Mustard-Boro-B. Aman,26600.0,4.07,21,"Bangladesh Rice Journal 21(2) 2017, 'Cropping Pattern, Intensity and Diversity in Dhaka Region', doi:10.3329/brj.v21i2.38200"
Dhaka,"Cropping patterns under deep water rice ecosystem in Dhaka region, 2014-15.",Potato-B. Aman,19960.0,3.05,15,"Bangladesh Rice Journal 21(2) 2017, 'Cropping Pattern, Intensity and Diversity in Dhaka Region', doi:10.3329/brj.v21i2.38200"
Dhaka,"Cropping patterns under deep water rice ecosystem in Dhaka region, 2014-15.",Onion-B. Aman,5230.0,0.8,8,"Bangladesh Rice Journal 21(2) 2017, 'Cropping Pattern, Intensity and Diversity in Dhaka Region', doi:10.3329/brj.v21i2.38200"
Dhaka,"Cropping patterns under deep water rice ecosystem in Dhaka region, 2014-15.",Blackgram-B. Aman,3090.0,0.47,8,"Bangladesh Rice Journal 21(2) 2017, 'Cropping Pattern, Intensity and Diversity in Dhaka Region', doi:10.3329/brj.v21i2.38200"
Dhaka,"Cropping patterns under deep water rice ecosystem in Dhaka region, 2014-15.",Grasspea-B. Aman,2970.0,0.45,11,"Bangladesh Rice Journal 21(2) 2017, 'Cropping Pattern, Intensity and Diversity in Dhaka Region', doi:10.3329/brj.v21i2.38200"
Dhaka,"Cropping patterns under deep water rice ecosystem in Dhaka region, 2014-15.",Maize-B. Aman,1920.0,0.29,7,"Bangladesh Rice Journal 21(2) 2017, 'Cropping Pattern, Intensity and Diversity in Dhaka Region', doi:10.3329/brj.v21i2.38200"
Dhaka,"Cropping patterns under deep water rice ecosystem in Dhaka region, 2014-15.",Vegetable-B. Aman,1690.0,0.26,6,"Bangladesh Rice Journal 21(2) 2017, 'Cropping Pattern, Intensity and Diversity in Dhaka Region', doi:10.3329/brj.v21i2.38200"
Dhaka,"Cropping patterns under deep water rice ecosystem in Dhaka region, 2014-15.",Mustard-B. Aman,1340.0,0.2,4,"Bangladesh Rice Journal 21(2) 2017, 'Cropping Pattern, Intensity and Diversity in Dhaka Region', doi:10.3329/brj.v21i2.38200"
Dhaka,"Cropping patterns under deep water rice ecosystem in Dhaka region, 2014-15.",Chilli-B. Aman,820.0,0.13,6,"Bangladesh Rice Journal 21(2) 2017, 'Cropping Pattern, Intensity and Diversity in Dhaka Region', doi:10.3329/brj.v21i2.38200"
Dhaka,"Cropping patterns under deep water rice ecosystem in Dhaka region, 2014-15.",Mustard-Sesame+B. Aman,800.0,0.12,2,"Bangladesh Rice Journal 21(2) 2017, 'Cropping Pattern, Intensity and Diversity in Dhaka Region', doi:10.3329/brj.v21i2.38200"
Dhaka,"Cropping patterns under deep water rice ecosystem in Dhaka region, 2014-15.",Wheat-B. Aman,690.0,0.11,7,"Bangladesh Rice Journal 21(2) 2017, 'Cropping Pattern, Intensity and Diversity in Dhaka Region', doi:10.3329/brj.v21i2.38200"
Dhaka,"Cropping patterns under deep water rice ecosystem in Dhaka region, 2014-15.",Garlic-B. Aman,640.0,0.1,5,"Bangladesh Rice Journal 21(2) 2017, 'Cropping Pattern, Intensity and Diversity in Dhaka Region', doi:10.3329/brj.v21i2.38200"
Dhaka,"Cropping patterns under deep water rice ecosystem in Dhaka region, 2014-15.",Sesame+B. Aman-Blackgram,600.0,0.09,1,"Bangladesh Rice Journal 21(2) 2017, 'Cropping Pattern, Intensity and Diversity in Dhaka Region', doi:10.3329/brj.v21i2.38200"
Dhaka,"Cropping patterns under deep water rice ecosystem in Dhaka region, 2014-15.",Coriander-B. Aman,550.0,0.08,6,"Bangladesh Rice Journal 21(2) 2017, 'Cropping Pattern, Intensity and Diversity in Dhaka Region', doi:10.3329/brj.v21i2.38200"
Dhaka,"Cropping patterns under deep water rice ecosystem in Dhaka region, 2014-15.",Groundnut-B. Aman,420.0,0.06,4,"Bangladesh Rice Journal 21(2) 2017, 'Cropping Pattern, Intensity and Diversity in Dhaka Region', doi:10.3329/brj.v21i2.38200"
Dhaka,"Cropping patterns under deep water rice ecosystem in Dhaka region, 2014-15.",Lentil-B. Aman,330.0,0.05,5,"Bangladesh Rice Journal 21(2) 2017, 'Cropping Pattern, Intensity and Diversity in Dhaka Region', doi:10.3329/brj.v21i2.38200"
Dhaka,"Cropping patterns under deep water rice ecosystem in Dhaka region, 2014-15.",Grasspea-B.Aus+B. Aman,300.0,0.05,1,"Bangladesh Rice Journal 21(2) 2017, 'Cropping Pattern, Intensity and Diversity in Dhaka Region', doi:10.3329/brj.v21i2.38200"
Dhaka,"Cropping patterns under deep water rice ecosystem in Dhaka region, 2014-15.",Potato+Maize-B. Aman,300.0,0.05,1,"Bangladesh Rice Journal 21(2) 2017, 'Cropping Pattern, Intensity and Diversity in Dhaka Region', doi:10.3329/brj.v21i2.38200"
Dhaka,"Cropping patterns under deep water rice ecosystem in Dhaka region, 2014-15.",Fallow-Sesame+B. Aman,200.0,0.03,2,"Bangladesh Rice Journal 21(2) 2017, 'Cropping Pattern, Intensity and Diversity in Dhaka Region', doi:10.3329/brj.v21i2.38200"
Dhaka,"Cropping patterns under deep water rice ecosystem in Dhaka region, 2014-15.",Pea-B. Aman,170.0,0.03,4,"Bangladesh Rice Journal 21(2) 2017, 'Cropping Pattern, Intensity and Diversity in Dhaka Region', doi:10.3329/brj.v21i2.38200"
Dhaka,"Area for vegetables and spices under different cropping patterns in Dhaka region, 2014-15.",Vegetable-Vegetable-Vegetable,26050.0,3.98,36,"Bangladesh Rice Journal 21(2) 2017, 'Cropping Pattern, Intensity and Diversity in Dhaka Region', doi:10.3329/brj.v21i2.38200"
Dhaka,"Area for vegetables and spices under different cropping patterns in Dhaka region, 2014-15.",Potato-B. Aman,19960.0,3.05,15,"Bangladesh Rice Journal 21(2) 2017, 'Cropping Pattern, Intensity and Diversity in Dhaka Region', doi:10.3329/brj.v21i2.38200"
Dhaka,"Area for vegetables and spices under different cropping patterns in Dhaka region, 2014-15.",Potato-Sesbania,10220.0,1.56,13,"Bangladesh Rice Journal 21(2) 2017, 'Cropping Pattern, Intensity and Diversity in Dhaka Region', doi:10.3329/brj.v21i2.38200"
Dhaka,"Area for vegetables and spices under different cropping patterns in Dhaka region, 2014-15.",Vegetable-Vegetable-Fallow,8750.0,1.34,17,"Bangladesh Rice Journal 21(2) 2017, 'Cropping Pattern, Intensity and Diversity in Dhaka Region', doi:10.3329/brj.v21i2.38200"
Dhaka,"Area for vegetables and spices under different cropping patterns in Dhaka region, 2014-15.",Vegetable-Fallow-Fallow,6980.0,1.07,9,"Bangladesh Rice Journal 21(2) 2017, 'Cropping Pattern, Intensity and Diversity in Dhaka Region', doi:10.3329/brj.v21i2.38200"
Dhaka,"Area for vegetables and spices under different cropping patterns in Dhaka region, 2014-15.",Onion-B. Aman,5230.0,0.8,8,"Bangladesh Rice Journal 21(2) 2017, 'Cropping Pattern, Intensity and Diversity in Dhaka Region', doi:10.3329/brj.v21i2.38200"
Dhaka,"Area for vegetables and spices under different cropping patterns in Dhaka region, 2014-15.",Potato-Jute-Fallow,4360.0,0.67,15,"Bangladesh Rice Journal 21(2) 2017, 'Cropping Pattern, Intensity and Diversity in Dhaka Region', doi:10.3329/brj.v21i2.38200"
Dhaka,"Area for vegetables and spices under different cropping patterns in Dhaka region, 2014-15.",Potato-Boro-Fallow,4050.0,0.62,5,"Bangladesh Rice Journal 21(2) 2017, 'Cropping Pattern, Intensity and Diversity in Dhaka Region', doi:10.3329/brj.v21i2.38200"
Dhaka,"Area for vegetables and spices under different cropping patterns in Dhaka region, 2014-15.",Potato-Jute-T. Aman,3360.0,0.51,14,"Bangladesh Rice Journal 21(2) 2017, 'Cropping Pattern, Intensity and Diversity in Dhaka Region', doi:10.3329/brj.v21i2.38200"
Dhaka,"Area for vegetables and spices under different cropping patterns in Dhaka region, 2014-15.",Potato-Boro-T. Aman,3090.0,0.47,11,"Bangladesh Rice Journal 21(2) 2017, 'Cropping Pattern, Intensity and Diversity in Dhaka Region', doi:10.3329/brj.v21i2.38200"
Dhaka,"Area for vegetables and spices under different cropping patterns in Dhaka region, 2014-15.",Vegetable-Boro-Fallow,2590.0,0.4,2,"Bangladesh Rice Journal 21(2) 2017, 'Cropping Pattern, Intensity and Diversity in Dhaka Region', doi:10.3329/brj.v21i2.38200"
Dhaka,"Area for vegetables and spices under different cropping patterns in Dhaka region, 2014-15.",Boro-Vegetable(Float/Norm),2360.0,0.36,5,"Bangladesh Rice Journal 21(2) 2017, 'Cropping Pattern, Intensity and Diversity in Dhaka Region', doi:10.3329/brj.v21i2.38200"
Dhaka,"Area for vegetables and spices under different cropping patterns in Dhaka region, 2014-15.",Vegetable-Jute-Fallow,2170.0,0.33,10,"Bangladesh Rice Journal 21(2) 2017, 'Cropping Pattern, Intensity and Diversity in Dhaka Region', doi:10.3329/brj.v21i2.38200"
Dhaka,"Area for vegetables and spices under different cropping patterns in Dhaka region, 2014-15.",Maize-Vegetable-Fallow,1700.0,0.26,5,"Bangladesh Rice Journal 21(2) 2017, 'Cropping Pattern, Intensity and Diversity in Dhaka Region', doi:10.3329/brj.v21i2.38200"
Dhaka,"Area for vegetables and spices under different cropping patterns in Dhaka region, 2014-15.",Vegetable-B. Aman,1690.0,0.26,6,"Bangladesh Rice Journal 21(2) 2017, 'Cropping Pattern, Intensity and Diversity in Dhaka Region', doi:10.3329/brj.v21i2.38200"
Dhaka,"Area for vegetables and spices under different cropping patterns in Dhaka region, 2014-15.",Vegetable-Vegetable-T. Aman,1660.0,0.25,6,"Bangladesh Rice Journal 21(2) 2017, 'Cropping Pattern, Intensity and Diversity in Dhaka Region', doi:10.3329/brj.v21i2.38200"
Dhaka,"Area for vegetables and spices under different cropping patterns in Dhaka region, 2014-15.",Chilli-Fallow-Fallow,1490.0,0.23,6,"Bangladesh Rice Journal 21(2) 2017, 'Cropping Pattern, Intensity and Diversity in Dhaka Region', doi:10.3329/brj.v21i2.38200"
Dhaka,"Area for vegetables and spices under different cropping patterns in Dhaka region, 2014-15.",Sweet potato-Fallow-Fallow,1430.0,0.22,9,"Bangladesh Rice Journal 21(2) 2017, 'Cropping Pattern, Intensity and Diversity in Dhaka Region', doi:10.3329/brj.v21i2.38200"
Dhaka,"Area for vegetables and spices under different cropping patterns in Dhaka region, 2014-15.",Potato-Sesame-Fallow,1390.0,0.21,8,"Bangladesh Rice Journal 21(2) 2017, 'Cropping Pattern, Intensity and Diversity in Dhaka Region', doi:10.3329/brj.v21i2.38200"
Dhaka,"Area for vegetables and spices under different cropping patterns in Dhaka region, 2014-15.",Onion-Jute-Fallow,1350.0,0.21,11,"Bangladesh Rice Journal 21(2) 2017, 'Cropping Pattern, Intensity and Diversity in Dhaka Region', doi:10.3329/brj.v21i2.38200"
Dhaka,"Area for vegetables and spices under different cropping patterns in Dhaka region, 2014-15.",Sweet potato-Jute-Fallow,1230.0,0.19,7,"Bangladesh Rice Journal 21(2) 2017, 'Cropping Pattern, Intensity and Diversity in Dhaka Region', doi:10.3329/brj.v21i2.38200"
Dhaka,"Area for vegetables and spices under different cropping patterns in Dhaka region, 2014-15.",Boro-Vegetable-T. Aman,1200.0,0.18,1,"Bangladesh Rice Journal 21(2) 2017, 'Cropping Pattern, Intensity and Diversity in Dhaka Region', doi:10.3329/brj.v21i2.38200"
Dhaka,"Area for vegetables and spices under different cropping patterns in Dhaka region, 2014-15.",Vegetable-Maize-Fallow,1170.0,0.18,3,"Bangladesh Rice Journal 21(2) 2017, 'Cropping Pattern, Intensity and Diversity in Dhaka Region', doi:10.3329/brj.v21i2.38200"
Dhaka,"Area for vegetables and spices under different cropping patterns in Dhaka region, 2014-15.",Vegetable-Jute-T. Aman,1120.0,0.17,7,"Bangladesh Rice Journal 21(2) 2017, 'Cropping Pattern, Intensity and Diversity in Dhaka Region', doi:10.3329/brj.v21i2.38200"
Dhaka,"Area for vegetables and spices under different cropping patterns in Dhaka region, 2014-15.",Chilli-Jute-Fallow,1050.0,0.16,11,"Bangladesh Rice Journal 21(2) 2017, 'Cropping Pattern, Intensity and Diversity in Dhaka Region', doi:10.3329/brj.v21i2.38200"
Dhaka,"Area for vegetables and spices under different cropping patterns in Dhaka region, 2014-15.",Chilli-B. Aman,820.0,0.13,6,"Bangladesh Rice Journal 21(2) 2017, 'Cropping Pattern, Intensity and Diversity in Dhaka Region', doi:10.3329/brj.v21i2.38200"
Dhaka,"Area for vegetables and spices under different cropping patterns in Dhaka region, 2014-15.",Vegetable-Boro-T. Aman,820.0,0.13,5,"Bangladesh Rice Journal 21(2) 2017, 'Cropping Pattern, Intensity and Diversity in Dhaka Region', doi:10.3329/brj.v21i2.38200"
Dhaka,"Area for vegetables and spices under different cropping patterns in Dhaka region, 2014-15.",Onion-Vegetable-Vegetable,800.0,0.12,9,"Bangladesh Rice Journal 21(2) 2017, 'Cropping Pattern, Intensity and Diversity in Dhaka Region', doi:10.3329/brj.v21i2.38200"
Dhaka,"Area for vegetables and spices under different cropping patterns in Dhaka region, 2014-15.",Vegetable-Fallow-Blackgram,790.0,0.12,4,"Bangladesh Rice Journal 21(2) 2017, 'Cropping Pattern, Intensity and Diversity in Dhaka Region', doi:10.3329/brj.v21i2.38200"
Dhaka,"Area for vegetables and spices under different cropping patterns in Dhaka region, 2014-15.",Fallow-Vegetable-T. Aman,720.0,0.11,1,"Bangladesh Rice Journal 21(2) 2017, 'Cropping Pattern, Intensity and Diversity in Dhaka Region', doi:10.3329/brj.v21i2.38200"
Dhaka,"Area for vegetables and spices under different cropping patterns in Dhaka region, 2014-15.",Vegetable-Aus-T. Aman,680.0,0.1,3,"Bangladesh Rice Journal 21(2) 2017, 'Cropping Pattern, Intensity and Diversity in Dhaka Region', doi:10.3329/brj.v21i2.38200"
Dhaka,"Area for vegetables and spices under different cropping patterns in Dhaka region, 2014-15.",Garlic-B. Aman,640.0,0.1,5,"Bangladesh Rice Journal 21(2) 2017, 'Cropping Pattern, Intensity and Diversity in Dhaka Region', doi:10.3329/brj.v21i2.38200"
Dhaka,"Area for vegetables and spices under different cropping patterns in Dhaka region, 2014-15.",Potato-Maize-Fallow,610.0,0.09,4,"Bangladesh Rice Journal 21(2) 2017, 'Cropping Pattern, Intensity and Diversity in Dhaka Region', doi:10.3329/brj.v21i2.38200"
Dhaka,"Area for vegetables and spices under different cropping patterns in Dhaka region, 2014-15.",Coriander-Vegetable-Fallow,580.0,0.09,3,"Bangladesh Rice Journal 21(2) 2017, 'Cropping Pattern, Intensity and Diversity in Dhaka Region', doi:10.3329/brj.v21i2.38200"
Dhaka,"Area for vegetables and spices under different cropping patterns in Dhaka region, 2014-15.",Chilli-Vegetable-Fallow,570.0,0.09,7,"Bangladesh Rice Journal 21(2) 2017, 'Cropping Pattern, Intensity and Diversity in Dhaka Region', doi:10.3329/brj.v21i2.38200"
Dhaka,"Area for vegetables and spices under different cropping patterns in Dhaka region, 2014-15.",Coriander-B. Aman,550.0,0.08,6,"Bangladesh Rice Journal 21(2) 2017, 'Cropping Pattern, Intensity and Diversity in Dhaka Region', doi:10.3329/brj.v21i2.38200"
Dhaka,"Area for vegetables and spices under different cropping patterns in Dhaka region, 2014-15.",Garlic-Jute-Fallow,530.0,0.08,9,"Bangladesh Rice Journal 21(2) 2017, 'Cropping Pattern, Intensity and Diversity in Dhaka Region', doi:10.3329/brj.v21i2.38200"
Dhaka,"Area for vegetables and spices under different cropping patterns in Dhaka region, 2014-15.",Onion-Jute-T. Aman,530.0,0.08,5,"Bangladesh Rice Journal 21(2) 2017, 'Cropping Pattern, Intensity and Diversity in Dhaka Region', doi:10.3329/brj.v21i2.38200"
Dhaka,"Area for vegetables and spices under different cropping patterns in Dhaka region, 2014-15.",Potato-Vegetable-T. Aman,440.0,0.07,5,"Bangladesh Rice Journal 21(2) 2017, 'Cropping Pattern, Intensity and Diversity in Dhaka Region', doi:10.3329/brj.v21i2.38200"
Dhaka,"Area for vegetables and spices under different cropping patterns in Dhaka region, 2014-15.",Chilli-Fallow-T. Aman,400.0,0.06,2,"Bangladesh Rice Journal 21(2) 2017, 'Cropping Pattern, Intensity and Diversity in Dhaka Region', doi:10.3329/brj.v21i2.38200"
Dhaka,"Area for vegetables and spices under different cropping patterns in Dhaka region, 2014-15.",Potato-Fallow-T. Aman,400.0,0.06,1,"Bangladesh Rice Journal 21(2) 2017, 'Cropping Pattern, Intensity and Diversity in Dhaka Region', doi:10.3329/brj.v21i2.38200"
Dhaka,"Area for vegetables and spices under different cropping patterns in Dhaka region, 2014-15.",Potato-Maize-T. Aman,400.0,0.06,2,"Bangladesh Rice Journal 21(2) 2017, 'Cropping Pattern, Intensity and Diversity in Dhaka Region', doi:10.3329/brj.v21i2.38200"
Dhaka,"Area for vegetables and spices under different cropping patterns in Dhaka region, 2014-15.",Coriander-Fallow-Fallow,390.0,0.06,6,"Bangladesh Rice Journal 21(2) 2017, 'Cropping Pattern, Intensity and Diversity in Dhaka Region', doi:10.3329/brj.v21i2.38200"
Dhaka,"Area for vegetables and spices under different cropping patterns in Dhaka region, 2014-15.",Vegetable-Fallow-T. Aman,360.0,0.06,4,"Bangladesh Rice Journal 21(2) 2017, 'Cropping Pattern, Intensity and Diversity in Dhaka Region', doi:10.3329/brj.v21i2.38200"
Dhaka,"Area for vegetables and spices under different cropping patterns in Dhaka region, 2014-15.",Pea-Vegetable-Fallow,350.0,0.05,1,"Bangladesh Rice Journal 21(2) 2017, 'Cropping Pattern, Intensity and Diversity in Dhaka Region', doi:10.3329/brj.v21i2.38200"
Dhaka,"Area for vegetables and spices under different cropping patterns in Dhaka region, 2014-15.",Coriander-Jute-Fallow,330.0,0.05,6,"Bangladesh Rice Journal 21(2) 2017, 'Cropping Pattern, Intensity and Diversity in Dhaka Region', doi:10.3329/brj.v21i2.38200"
Dhaka,"Area for vegetables and spices under different cropping patterns in Dhaka region, 2014-15.",Potato-Chilli-Fallow,330.0,0.05,3,"Bangladesh Rice Journal 21(2) 2017, 'Cropping Pattern, Intensity and Diversity in Dhaka Region', doi:10.3329/brj.v21i2.38200"
Dhaka,"Area for vegetables and spices under different cropping patterns in Dhaka region, 2014-15.",Lentil-Vegetable-Vegetable,320.0,0.05,4,"Bangladesh Rice Journal 21(2) 2017, 'Cropping Pattern, Intensity and Diversity in Dhaka Region', doi:10.3329/brj.v21i2.38200"
Dhaka,"Area for vegetables and spices under different cropping patterns in Dhaka region, 2014-15.",Potato+Maize-B. Aman,300.0,0.05,1,"Bangladesh Rice Journal 21(2) 2017, 'Cropping Pattern, Intensity and Diversity in Dhaka Region', doi:10.3329/brj.v21i2.38200"
Dhaka,"Area for vegetables and spices under different cropping patterns in Dhaka region, 2014-15.",Potato-Sesame-Aus,200.0,0.03,1,"Bangladesh Rice Journal 21(2) 2017, 'Cropping Pattern, Intensity and Diversity in Dhaka Region', doi:10.3329/brj.v21i2.38200"
Dhaka,"Area for vegetables and spices under different cropping patterns in Dhaka region, 2014-15.",Potato-Groundnut,170.0,0.03,1,"Bangladesh Rice Journal 21(2) 2017, 'Cropping Pattern, Intensity and Diversity in Dhaka Region', doi:10.3329/brj.v21i2.38200"
Dhaka,"Area for vegetables and spices under different cropping patterns in Dhaka region, 2014-15.",Chilli-Vegetable-T. Aman,150.0,0.02,1,"Bangladesh Rice Journal 21(2) 2017, 'Cropping Pattern, Intensity and Diversity in Dhaka Region', doi:10.3329/brj.v21i2.38200"
Dhaka,"Area for vegetables and spices under different cropping patterns in Dhaka region, 2014-15.",Garlic-Fallow-Fallow,150.0,0.02,3,"Bangladesh Rice Journal 21(2) 2017, 'Cropping Pattern, Intensity and Diversity in Dhaka Region', doi:10.3329/brj.v21i2.38200"
Dhaka,"Area for vegetables and spices under different cropping patterns in Dhaka region, 2014-15.",Garlic-Vegetable-Vegetable,135.0,0.02,5,"Bangladesh Rice Journal 21(2) 2017, 'Cropping Pattern, Intensity and Diversity in Dhaka Region', doi:10.3329/brj.v21i2.38200"
Dhaka,"Area for vegetables and spices under different cropping patterns in Dhaka region, 2014-15.",Garlic-Jute-T. Aman,110.0,0.02,4,"Bangladesh Rice Journal 21(2) 2017, 'Cropping Pattern, Intensity and Diversity in Dhaka Region', doi:10.3329/brj.v21i2.38200"
Dhaka,"Area for vegetables and spices under different cropping patterns in Dhaka region, 2014-15.",Potato-Aus-Fallow,110.0,0.02,2,"Bangladesh Rice Journal 21(2) 2017, 'Cropping Pattern, Intensity and Diversity in Dhaka Region', doi:10.3329/brj.v21i2.38200"
Dhaka,"Area for vegetables and spices under different cropping patterns in Dhaka region, 2014-15.",Wheat-Chilli-Fallow,110.0,0.02,1,"Bangladesh Rice Journal 21(2) 2017, 'Cropping Pattern, Intensity and Diversity in Dhaka Region', doi:10.3329/brj.v21i2.38200"
Dhaka,"Area coverage for oil-seed crops under different cropping patterns in Dhaka region, 2014-15.",Mustard-Boro-Fallow,51300.0,7.84,31,"Bangladesh Rice Journal 21(2) 2017, 'Cropping Pattern, Intensity and Diversity in Dhaka Region', doi:10.3329/brj.v21i2.38200"
Dhaka,"Area coverage for oil-seed crops under different cropping patterns in Dhaka region, 2014-15.",Mustard-Boro-B. Aman,26600.0,4.06,21,"Bangladesh Rice Journal 21(2) 2017, 'Cropping Pattern, Intensity and Diversity in Dhaka Region', doi:10.3329/brj.v21i2.38200"
Dhaka,"Area coverage for oil-seed crops under different cropping patterns in Dhaka region, 2014-15.",Mustard-Boro-T. Aman,22400.0,3.42,26,"Bangladesh Rice Journal 21(2) 2017, 'Cropping Pattern, Intensity and Diversity in Dhaka Region', doi:10.3329/brj.v21i2.38200"
Dhaka,"Area coverage for oil-seed crops under different cropping patterns in Dhaka region, 2014-15.",Groundnut-Fallow-Fallow,3620.0,0.55,8,"Bangladesh Rice Journal 21(2) 2017, 'Cropping Pattern, Intensity and Diversity in Dhaka Region', doi:10.3329/brj.v21i2.38200"
Dhaka,"Area coverage for oil-seed crops under different cropping patterns in Dhaka region, 2014-15.",Sesame-Fallow-Blackgram,1850.0,0.28,4,"Bangladesh Rice Journal 21(2) 2017, 'Cropping Pattern, Intensity and Diversity in Dhaka Region', doi:10.3329/brj.v21i2.38200"
Dhaka,"Area coverage for oil-seed crops under different cropping patterns in Dhaka region, 2014-15.",Potato-Sesame-Fallow,1390.0,0.21,8,"Bangladesh Rice Journal 21(2) 2017, 'Cropping Pattern, Intensity and Diversity in Dhaka Region', doi:10.3329/brj.v21i2.38200"
Dhaka,"Area coverage for oil-seed crops under different cropping patterns in Dhaka region, 2014-15.",Mustard-B. Aman,1340.0,0.2,4,"Bangladesh Rice Journal 21(2) 2017, 'Cropping Pattern, Intensity and Diversity in Dhaka Region', doi:10.3329/brj.v21i2.38200"
Dhaka,"Area coverage for oil-seed crops under different cropping patterns in Dhaka region, 2014-15.",Mustard-Boro-Jute,1100.0,0.17,5,"Bangladesh Rice Journal 21(2) 2017, 'Cropping Pattern, Intensity and Diversity in Dhaka Region', doi:10.3329/brj.v21i2.38200"
Dhaka,"Area coverage for oil-seed crops under different cropping patterns in Dhaka region, 2014-15.",Grasspea-Sesame-Fallow,920.0,0.14,6,"Bangladesh Rice Journal 21(2) 2017, 'Cropping Pattern, Intensity and Diversity in Dhaka Region', doi:10.3329/brj.v21i2.38200"
Dhaka,"Area coverage for oil-seed crops under different cropping patterns in Dhaka region, 2014-15.",Mustard-Sesame+B. Aman,800.0,0.12,2,"Bangladesh Rice Journal 21(2) 2017, 'Cropping Pattern, Intensity and Diversity in Dhaka Region', doi:10.3329/brj.v21i2.38200"
Dhaka,"Area coverage for oil-seed crops under different cropping patterns in Dhaka region, 2014-15.",Mustard-Boro-Sesbania,700.0,0.11,2,"Bangladesh Rice Journal 21(2) 2017, 'Cropping Pattern, Intensity and Diversity in Dhaka Region', doi:10.3329/brj.v21i2.38200"
Dhaka,"Area coverage for oil-seed crops under different cropping patterns in Dhaka region, 2014-15.",Maize-Sesame-Fallow,690.0,0.11,2,"Bangladesh Rice Journal 21(2) 2017, 'Cropping Pattern, Intensity and Diversity in Dhaka Region', doi:10.3329/brj.v21i2.38200"
Dhaka,"Area coverage for oil-seed crops under different cropping patterns in Dhaka region, 2014-15.",Sesame+B. Aman-Blackgram,600.0,0.09,1,"Bangladesh Rice Journal 21(2) 2017, 'Cropping Pattern, Intensity and Diversity in Dhaka Region', doi:10.3329/brj.v21i2.38200"
Dhaka,"Area coverage for oil-seed crops under different cropping patterns in Dhaka region, 2014-15.",Mustard-Jute-Fallow,560.0,0.09,4,"Bangladesh Rice Journal 21(2) 2017, 'Cropping Pattern, Intensity and Diversity in Dhaka Region', doi:10.3329/brj.v21i2.38200"
Dhaka,"Area coverage for oil-seed crops under different cropping patterns in Dhaka region, 2014-15.",Groundnut-B. Aman,420.0,0.06,4,"Bangladesh Rice Journal 21(2) 2017, 'Cropping Pattern, Intensity and Diversity in Dhaka Region', doi:10.3329/brj.v21i2.38200"
Dhaka,"Area coverage for oil-seed crops under different cropping patterns in Dhaka region, 2014-15.",Lentil-Sesame-Fallow,355.0,0.05,3,"Bangladesh Rice Journal 21(2) 2017, 'Cropping Pattern, Intensity and Diversity in Dhaka Region', doi:10.3329/brj.v21i2.38200"
Dhaka,"Area coverage for oil-seed crops under different cropping patterns in Dhaka region, 2014-15.",Mustard-Boro-Jute-T. Aman,240.0,0.04,4,"Bangladesh Rice Journal 21(2) 2017, 'Cropping Pattern, Intensity and Diversity in Dhaka Region', doi:10.3329/brj.v21i2.38200"
Dhaka,"Area coverage for oil-seed crops under different cropping patterns in Dhaka region, 2014-15.",Mustard-Jute-T. Aman,220.0,0.03,3,"Bangladesh Rice Journal 21(2) 2017, 'Cropping Pattern, Intensity and Diversity in Dhaka Region', doi:10.3329/brj.v21i2.38200"
Dhaka,"Area coverage for oil-seed crops under different cropping patterns in Dhaka region, 2014-15.",Fallow-Sesame+B. Aman,200.0,0.03,2,"Bangladesh Rice Journal 21(2) 2017, 'Cropping Pattern, Intensity and Diversity in Dhaka Region', doi:10.3329/brj.v21i2.38200"
Dhaka,"Area coverage for oil-seed crops under different cropping patterns in Dhaka region, 2014-15.",Potato-Sesame-Aus,200.0,0.03,1,"Bangladesh Rice Journal 21(2) 2017, 'Cropping Pattern, Intensity and Diversity in Dhaka Region', doi:10.3329/brj.v21i2.38200"
Dhaka,"Area coverage for oil-seed crops under different cropping patterns in Dhaka region, 2014-15.",Potato-Groundnut,170.0,0.03,1,"Bangladesh Rice Journal 21(2) 2017, 'Cropping Pattern, Intensity and Diversity in Dhaka Region', doi:10.3329/brj.v21i2.38200"
Dhaka,"Area coverage for pulse crops under different cropping systems in Dhaka region, 2014-15.",Boro-Fallow-Blackgram,3955.0,0.6,9,"Bangladesh Rice Journal 21(2) 2017, 'Cropping Pattern, Intensity and Diversity in Dhaka Region', doi:10.3329/brj.v21i2.38200"
Dhaka,"Area coverage for pulse crops under different cropping systems in Dhaka region, 2014-15.",Fallow-Fallow-Blackgram,3415.0,0.52,10,"Bangladesh Rice Journal 21(2) 2017, 'Cropping Pattern, Intensity and Diversity in Dhaka Region', doi:10.3329/brj.v21i2.38200"
Dhaka,"Area coverage for pulse crops under different cropping systems in Dhaka region, 2014-15.",Blackgram-B. Aman,3090.0,0.47,8,"Bangladesh Rice Journal 21(2) 2017, 'Cropping Pattern, Intensity and Diversity in Dhaka Region', doi:10.3329/brj.v21i2.38200"
Dhaka,"Area coverage for pulse crops under different cropping systems in Dhaka region, 2014-15.",Grasspea-B. Aman,2970.0,0.45,11,"Bangladesh Rice Journal 21(2) 2017, 'Cropping Pattern, Intensity and Diversity in Dhaka Region', doi:10.3329/brj.v21i2.38200"
Dhaka,"Area coverage for pulse crops under different cropping systems in Dhaka region, 2014-15.",Sesame-Fallow-Blackgram,1850.0,0.28,4,"Bangladesh Rice Journal 21(2) 2017, 'Cropping Pattern, Intensity and Diversity in Dhaka Region', doi:10.3329/brj.v21i2.38200"
Dhaka,"Area coverage for pulse crops under different cropping systems in Dhaka region, 2014-15.",Grasspea-Sesbania-Fallow,1350.0,0.21,2,"Bangladesh Rice Journal 21(2) 2017, 'Cropping Pattern, Intensity and Diversity in Dhaka Region', doi:10.3329/brj.v21i2.38200"
Dhaka,"Area coverage for pulse crops under different cropping systems in Dhaka region, 2014-15.",Grasspea-Jute-T. Aman,1150.0,0.18,2,"Bangladesh Rice Journal 21(2) 2017, 'Cropping Pattern, Intensity and Diversity in Dhaka Region', doi:10.3329/brj.v21i2.38200"
Dhaka,"Area coverage for pulse crops under different cropping systems in Dhaka region, 2014-15.",Lentil-Jute-T. Aman,1120.0,0.17,4,"Bangladesh Rice Journal 21(2) 2017, 'Cropping Pattern, Intensity and Diversity in Dhaka Region', doi:10.3329/brj.v21i2.38200"
Dhaka,"Area coverage for pulse crops under different cropping systems in Dhaka region, 2014-15.",Grasspea-Fallow-Fallow,1060.0,0.16,3,"Bangladesh Rice Journal 21(2) 2017, 'Cropping Pattern, Intensity and Diversity in Dhaka Region', doi:10.3329/brj.v21i2.38200"
Dhaka,"Area coverage for pulse crops under different cropping systems in Dhaka region, 2014-15.",Lentil-Jute-Fallow,1040.0,0.16,8,"Bangladesh Rice Journal 21(2) 2017, 'Cropping Pattern, Intensity and Diversity in Dhaka Region', doi:10.3329/brj.v21i2.38200"
Dhaka,"Area coverage for pulse crops under different cropping systems in Dhaka region, 2014-15.",Grasspea-Sesame-Fallow,920.0,0.14,6,"Bangladesh Rice Journal 21(2) 2017, 'Cropping Pattern, Intensity and Diversity in Dhaka Region', doi:10.3329/brj.v21i2.38200"
Dhaka,"Area coverage for pulse crops under different cropping systems in Dhaka region, 2014-15.",Blackgram-Aus-T. Aman,850.0,0.13,2,"Bangladesh Rice Journal 21(2) 2017, 'Cropping Pattern, Intensity and Diversity in Dhaka Region', doi:10.3329/brj.v21i2.38200"
Dhaka,"Area coverage for pulse crops under different cropping systems in Dhaka region, 2014-15.",Vegetable-Fallow-Blackgram,790.0,0.12,4,"Bangladesh Rice Journal 21(2) 2017, 'Cropping Pattern, Intensity and Diversity in Dhaka Region', doi:10.3329/brj.v21i2.38200"
Dhaka,"Area coverage for pulse crops under different cropping systems in Dhaka region, 2014-15.",Blackgram-Jute-Fallow,660.0,0.1,2,"Bangladesh Rice Journal 21(2) 2017, 'Cropping Pattern, Intensity and Diversity in Dhaka Region', doi:10.3329/brj.v21i2.38200"
Dhaka,"Area coverage for pulse crops under different cropping systems in Dhaka region, 2014-15.",Sesame+B. Aman-Blackgram,600.0,0.09,1,"Bangladesh Rice Journal 21(2) 2017, 'Cropping Pattern, Intensity and Diversity in Dhaka Region', doi:10.3329/brj.v21i2.38200"
Dhaka,"Area coverage for pulse crops under different cropping systems in Dhaka region, 2014-15.",Grasspea-Jute-Fallow,420.0,0.06,3,"Bangladesh Rice Journal 21(2) 2017, 'Cropping Pattern, Intensity and Diversity in Dhaka Region', doi:10.3329/brj.v21i2.38200"
Dhaka,"Area coverage for pulse crops under different cropping systems in Dhaka region, 2014-15.",Lentil-Sesame-Fallow,355.0,0.05,3,"Bangladesh Rice Journal 21(2) 2017, 'Cropping Pattern, Intensity and Diversity in Dhaka Region', doi:10.3329/brj.v21i2.38200"
Dhaka,"Area coverage for pulse crops under different cropping systems in Dhaka region, 2014-15.",Blackgram-Jute-T. Aman,350.0,0.05,2,"Bangladesh Rice Journal 21(2) 2017, 'Cropping Pattern, Intensity and Diversity in Dhaka Region', doi:10.3329/brj.v21i2.38200"
Dhaka,"Area coverage for pulse crops under different cropping systems in Dhaka region, 2014-15.",Pea-Vegetable-Fallow,350.0,0.05,1,"Bangladesh Rice Journal 21(2) 2017, 'Cropping Pattern, Intensity and Diversity in Dhaka Region', doi:10.3329/brj.v21i2.38200"
Dhaka,"Area coverage for pulse crops under different cropping systems in Dhaka region, 2014-15.",Lentil-B. Aman,330.0,0.05,5,"Bangladesh Rice Journal 21(2) 2017, 'Cropping Pattern, Intensity and Diversity in Dhaka Region', doi:10.3329/brj.v21i2.38200"
Dhaka,"Area coverage for pulse crops under different cropping systems in Dhaka region, 2014-15.",Lentil-Vegetable-Vegetable,320.0,0.05,4,"Bangladesh Rice Journal 21(2) 2017, 'Cropping Pattern, Intensity and Diversity in Dhaka Region', doi:10.3329/brj.v21i2.38200"
Dhaka,"Area coverage for pulse crops under different cropping systems in Dhaka region, 2014-15.",Grasspea-B.Aus+B. Aman,300.0,0.05,1,"Bangladesh Rice Journal 21(2) 2017, 'Cropping Pattern, Intensity and Diversity in Dhaka Region', doi:10.3329/brj.v21i2.38200"
Dhaka,"Area coverage for pulse crops under different cropping systems in Dhaka region, 2014-15.",Pea-B. Aman,170.0,0.03,4,"Bangladesh Rice Journal 21(2) 2017, 'Cropping Pattern, Intensity and Diversity in Dhaka Region', doi:10.3329/brj.v21i2.38200"
Dhaka,"Area coverage for pulse crops under different cropping systems in Dhaka region, 2014-15.",Maize-Fallow-Blackgram,150.0,0.02,1,"Bangladesh Rice Journal 21(2) 2017, 'Cropping Pattern, Intensity and Diversity in Dhaka Region', doi:10.3329/brj.v21i2.38200"
Dinajpur,"Cropping patterns with exclusive rice in Dinajpur region, 2014-15.",Boro-Fallow-T. Aman,215850.0,40.92,23,"Bangladesh Rice Journal 21(2) 2017, 'Crops and Cropping Systems in Dinajpur Region', doi:10.3329/brj.v21i2.38202"
Dinajpur,"Cropping patterns with exclusive rice in Dinajpur region, 2014-15.",Boro-Aus-T. Aman,1575.0,0.3,7,"Bangladesh Rice Journal 21(2) 2017, 'Crops and Cropping Systems in Dinajpur Region', doi:10.3329/brj.v21i2.38202"
Dinajpur,"Cropping patterns with exclusive rice in Dinajpur region, 2014-15.",Boro-Fallow-Fallow,650.0,0.12,3,"Bangladesh Rice Journal 21(2) 2017, 'Crops and Cropping Systems in Dinajpur Region', doi:10.3329/brj.v21i2.38202"
Dinajpur,"Cropping patterns with exclusive rice in Dinajpur region, 2014-15.",Fallow-Fallow-T. Aman,300.0,0.06,2,"Bangladesh Rice Journal 21(2) 2017, 'Crops and Cropping Systems in Dinajpur Region', doi:10.3329/brj.v21i2.38202"
Dinajpur,"Cropping patterns with exclusive non-rice in Dinajpur region, 2014-15.",Vegetable-Vegetable-Vegetable,5070.0,0.96,18,"Bangladesh Rice Journal 21(2) 2017, 'Crops and Cropping Systems in Dinajpur Region', doi:10.3329/brj.v21i2.38202"
Dinajpur,"Cropping patterns with exclusive non-rice in Dinajpur region, 2014-15.",Wheat-Fallow-Fallow,3250.0,0.62,3,"Bangladesh Rice Journal 21(2) 2017, 'Crops and Cropping Systems in Dinajpur Region', doi:10.3329/brj.v21i2.38202"
Dinajpur,"Cropping patterns with exclusive non-rice in Dinajpur region, 2014-15.",Wheat-Maize-Fallow,3050.0,0.58,3,"Bangladesh Rice Journal 21(2) 2017, 'Crops and Cropping Systems in Dinajpur Region', doi:10.3329/brj.v21i2.38202"
Dinajpur,"Cropping patterns with exclusive non-rice in Dinajpur region, 2014-15.",Wheat-Maize-Vegetable,2000.0,0.38,2,"Bangladesh Rice Journal 21(2) 2017, 'Crops and Cropping Systems in Dinajpur Region', doi:10.3329/brj.v21i2.38202"
Dinajpur,"Cropping patterns with exclusive non-rice in Dinajpur region, 2014-15.",Maize-Vegetable-Fallow,1700.0,0.32,3,"Bangladesh Rice Journal 21(2) 2017, 'Crops and Cropping Systems in Dinajpur Region', doi:10.3329/brj.v21i2.38202"
Dinajpur,"Cropping patterns with exclusive non-rice in Dinajpur region, 2014-15.",Potato-Maize-Fallow,1600.0,0.3,1,"Bangladesh Rice Journal 21(2) 2017, 'Crops and Cropping Systems in Dinajpur Region', doi:10.3329/brj.v21i2.38202"
Dinajpur,"Cropping patterns with exclusive non-rice in Dinajpur region, 2014-15.",Wheat-Vegetable-Vegetable,1400.0,0.27,2,"Bangladesh Rice Journal 21(2) 2017, 'Crops and Cropping Systems in Dinajpur Region', doi:10.3329/brj.v21i2.38202"
Dinajpur,"Cropping patterns with exclusive non-rice in Dinajpur region, 2014-15.",Groundnut-Fallow-Fallow,1330.0,0.25,2,"Bangladesh Rice Journal 21(2) 2017, 'Crops and Cropping Systems in Dinajpur Region', doi:10.3329/brj.v21i2.38202"
Dinajpur,"Cropping patterns with exclusive non-rice in Dinajpur region, 2014-15.",Onion-Vegetable-Vegetable,850.0,0.16,8,"Bangladesh Rice Journal 21(2) 2017, 'Crops and Cropping Systems in Dinajpur Region', doi:10.3329/brj.v21i2.38202"
Dinajpur,"Cropping patterns with exclusive non-rice in Dinajpur region, 2014-15.",Garlic-Vegetable-Vegetable,710.0,0.13,7,"Bangladesh Rice Journal 21(2) 2017, 'Crops and Cropping Systems in Dinajpur Region', doi:10.3329/brj.v21i2.38202"
Dinajpur,"Cropping patterns with exclusive non-rice in Dinajpur region, 2014-15.",Vegetable-Jute-Fallow,520.0,0.1,2,"Bangladesh Rice Journal 21(2) 2017, 'Crops and Cropping Systems in Dinajpur Region', doi:10.3329/brj.v21i2.38202"
Dinajpur,"Cropping patterns with exclusive non-rice in Dinajpur region, 2014-15.",Vegetable-Fallow-Fallow,470.0,0.09,2,"Bangladesh Rice Journal 21(2) 2017, 'Crops and Cropping Systems in Dinajpur Region', doi:10.3329/brj.v21i2.38202"
Dinajpur,"Cropping patterns with exclusive non-rice in Dinajpur region, 2014-15.",Vegetable-Fallow-Blackgram,405.0,0.08,5,"Bangladesh Rice Journal 21(2) 2017, 'Crops and Cropping Systems in Dinajpur Region', doi:10.3329/brj.v21i2.38202"
Dinajpur,"Cropping patterns with exclusive non-rice in Dinajpur region, 2014-15.",Potato-Maize-Vegetable,350.0,0.07,1,"Bangladesh Rice Journal 21(2) 2017, 'Crops and Cropping Systems in Dinajpur Region', doi:10.3329/brj.v21i2.38202"
Dinajpur,"Cropping patterns with exclusive non-rice in Dinajpur region, 2014-15.",Vegetable-Vegetable-Fallow,310.0,0.06,3,"Bangladesh Rice Journal 21(2) 2017, 'Crops and Cropping Systems in Dinajpur Region', doi:10.3329/brj.v21i2.38202"
Dinajpur,"Cropping patterns with exclusive non-rice in Dinajpur region, 2014-15.",Chilli-Fallow-Fallow,240.0,0.05,3,"Bangladesh Rice Journal 21(2) 2017, 'Crops and Cropping Systems in Dinajpur Region', doi:10.3329/brj.v21i2.38202"
Dinajpur,"Cropping patterns with exclusive non-rice in Dinajpur region, 2014-15.",Potato-Jute-Fallow,200.0,0.04,1,"Bangladesh Rice Journal 21(2) 2017, 'Crops and Cropping Systems in Dinajpur Region', doi:10.3329/brj.v21i2.38202"
Dinajpur,"Cropping patterns with exclusive non-rice in Dinajpur region, 2014-15.",Chilli-Vegetable-Fallow,160.0,0.03,3,"Bangladesh Rice Journal 21(2) 2017, 'Crops and Cropping Systems in Dinajpur Region', doi:10.3329/brj.v21i2.38202"
Dinajpur,"Non-rice cereal crops under different cropping systems in Dinajpur region, 2014-15.",Wheat-Fallow-T. Aman,46660.0,8.84,18,"Bangladesh Rice Journal 21(2) 2017, 'Crops and Cropping Systems in Dinajpur Region', doi:10.3329/brj.v21i2.38202"
Dinajpur,"Non-rice cereal crops under different cropping systems in Dinajpur region, 2014-15.",Maize-Fallow-T. Aman,45980.0,8.71,18,"Bangladesh Rice Journal 21(2) 2017, 'Crops and Cropping Systems in Dinajpur Region', doi:10.3329/brj.v21i2.38202"
Dinajpur,"Non-rice cereal crops under different cropping systems in Dinajpur region, 2014-15.",Potato-Maize-T. Aman,26330.0,4.99,18,"Bangladesh Rice Journal 21(2) 2017, 'Crops and Cropping Systems in Dinajpur Region', doi:10.3329/brj.v21i2.38202"
Dinajpur,"Non-rice cereal crops under different cropping systems in Dinajpur region, 2014-15.",Wheat-Jute-T. Aman,23960.0,4.54,20,"Bangladesh Rice Journal 21(2) 2017, 'Crops and Cropping Systems in Dinajpur Region', doi:10.3329/brj.v21i2.38202"
Dinajpur,"Non-rice cereal crops under different cropping systems in Dinajpur region, 2014-15.",Wheat-Maize-T. Aman,11520.0,2.18,7,"Bangladesh Rice Journal 21(2) 2017, 'Crops and Cropping Systems in Dinajpur Region', doi:10.3329/brj.v21i2.38202"
Dinajpur,"Non-rice cereal crops under different cropping systems in Dinajpur region, 2014-15.",Wheat-Aus-T. Aman,9990.0,1.89,13,"Bangladesh Rice Journal 21(2) 2017, 'Crops and Cropping Systems in Dinajpur Region', doi:10.3329/brj.v21i2.38202"
Dinajpur,"Non-rice cereal crops under different cropping systems in Dinajpur region, 2014-15.",Wheat-Mungbean-T. Aman,6280.0,1.19,14,"Bangladesh Rice Journal 21(2) 2017, 'Crops and Cropping Systems in Dinajpur Region', doi:10.3329/brj.v21i2.38202"
Dinajpur,"Non-rice cereal crops under different cropping systems in Dinajpur region, 2014-15.",Mustard-Maize-T. Aman,3590.0,0.68,10,"Bangladesh Rice Journal 21(2) 2017, 'Crops and Cropping Systems in Dinajpur Region', doi:10.3329/brj.v21i2.38202"
Dinajpur,"Non-rice cereal crops under different cropping systems in Dinajpur region, 2014-15.",Wheat-Fallow-Fallow,3250.0,0.62,3,"Bangladesh Rice Journal 21(2) 2017, 'Crops and Cropping Systems in Dinajpur Region', doi:10.3329/brj.v21i2.38202"
Dinajpur,"Non-rice cereal crops under different cropping systems in Dinajpur region, 2014-15.",Wheat-Maize-Fallow,3050.0,0.58,3,"Bangladesh Rice Journal 21(2) 2017, 'Crops and Cropping Systems in Dinajpur Region', doi:10.3329/brj.v21i2.38202"
Dinajpur,"Non-rice cereal crops under different cropping systems in Dinajpur region, 2014-15.",Wheat-Vegetable-T. Aman,2920.0,0.55,8,"Bangladesh Rice Journal 21(2) 2017, 'Crops and Cropping Systems in Dinajpur Region', doi:10.3329/brj.v21i2.38202"
Dinajpur,"Non-rice cereal crops under different cropping systems in Dinajpur region, 2014-15.",Wheat-Maize-Vegetable,2000.0,0.38,2,"Bangladesh Rice Journal 21(2) 2017, 'Crops and Cropping Systems in Dinajpur Region', doi:10.3329/brj.v21i2.38202"
Dinajpur,"Non-rice cereal crops under different cropping systems in Dinajpur region, 2014-15.",Maize-Maize-T. Aman,1700.0,0.32,1,"Bangladesh Rice Journal 21(2) 2017, 'Crops and Cropping Systems in Dinajpur Region', doi:10.3329/brj.v21i2.38202"
Dinajpur,"Non-rice cereal crops under different cropping systems in Dinajpur region, 2014-15.",Maize-Vegetable-Fallow,1700.0,0.32,3,"Bangladesh Rice Journal 21(2) 2017, 'Crops and Cropping Systems in Dinajpur Region', doi:10.3329/brj.v21i2.38202"
Dinajpur,"Non-rice cereal crops under different cropping systems in Dinajpur region, 2014-15.",Potato-Maize-Fallow,1600.0,0.3,1,"Bangladesh Rice Journal 21(2) 2017, 'Crops and Cropping Systems in Dinajpur Region', doi:10.3329/brj.v21i2.38202"
Dinajpur,"Non-rice cereal crops under different cropping systems in Dinajpur region, 2014-15.",Wheat-Vegetable-Vegetable,1400.0,0.27,2,"Bangladesh Rice Journal 21(2) 2017, 'Crops and Cropping Systems in Dinajpur Region', doi:10.3329/brj.v21i2.38202"
Dinajpur,"Non-rice cereal crops under different cropping systems in Dinajpur region, 2014-15.",Maize-Boro-T. Aman,1200.0,0.23,1,"Bangladesh Rice Journal 21(2) 2017, 'Crops and Cropping Systems in Dinajpur Region', doi:10.3329/brj.v21i2.38202"
Dinajpur,"Non-rice cereal crops under different cropping systems in Dinajpur region, 2014-15.",Vegetable-Maize-T. Aman,1020.0,0.19,6,"Bangladesh Rice Journal 21(2) 2017, 'Crops and Cropping Systems in Dinajpur Region', doi:10.3329/brj.v21i2.38202"
Dinajpur,"Non-rice cereal crops under different cropping systems in Dinajpur region, 2014-15.",Maize-Jute-T. Aman,440.0,0.08,2,"Bangladesh Rice Journal 21(2) 2017, 'Crops and Cropping Systems in Dinajpur Region', doi:10.3329/brj.v21i2.38202"
Dinajpur,"Non-rice cereal crops under different cropping systems in Dinajpur region, 2014-15.",Potato-Maize-Vegetable,350.0,0.07,1,"Bangladesh Rice Journal 21(2) 2017, 'Crops and Cropping Systems in Dinajpur Region', doi:10.3329/brj.v21i2.38202"
Dinajpur,"Non-rice cereal crops under different cropping systems in Dinajpur region, 2014-15.",Maize-Aus-Fallow,300.0,0.06,2,"Bangladesh Rice Journal 21(2) 2017, 'Crops and Cropping Systems in Dinajpur Region', doi:10.3329/brj.v21i2.38202"
Dinajpur,"Non-rice cereal crops under different cropping systems in Dinajpur region, 2014-15.",Maize-Vegetable-T. Aman,300.0,0.06,2,"Bangladesh Rice Journal 21(2) 2017, 'Crops and Cropping Systems in Dinajpur Region', doi:10.3329/brj.v21i2.38202"
Dinajpur,"Non-rice cereal crops under different cropping systems in Dinajpur region, 2014-15.",Maize-Aus-T. Aman,250.0,0.05,1,"Bangladesh Rice Journal 21(2) 2017, 'Crops and Cropping Systems in Dinajpur Region', doi:10.3329/brj.v21i2.38202"
Dinajpur,"Non-rice cereal crops under different cropping systems in Dinajpur region, 2014-15.",Millet(kaon)-Fallow-T. Aman,10.0,0.0,1,"Bangladesh Rice Journal 21(2) 2017, 'Crops and Cropping Systems in Dinajpur Region', doi:10.3329/brj.v21i2.38202"
Dinajpur,"Cropping patterns with pulses and oil-seed crops in Dinajpur region, 2014-15.",Mustard-Boro-T. Aman,18720.0,3.55,21,"Bangladesh Rice Journal 21(2) 2017, 'Crops and Cropping Systems in Dinajpur Region', doi:10.3329/brj.v21i2.38202"
Dinajpur,"Cropping patterns with pulses and oil-seed crops in Dinajpur region, 2014-15.",Wheat-Mungbean-T. Aman,6280.0,1.19,14,"Bangladesh Rice Journal 21(2) 2017, 'Crops and Cropping Systems in Dinajpur Region', doi:10.3329/brj.v21i2.38202"
Dinajpur,"Cropping patterns with pulses and oil-seed crops in Dinajpur region, 2014-15.",Groundnut-Fallow-T. Aman,3700.0,0.7,5,"Bangladesh Rice Journal 21(2) 2017, 'Crops and Cropping Systems in Dinajpur Region', doi:10.3329/brj.v21i2.38202"
Dinajpur,"Cropping patterns with pulses and oil-seed crops in Dinajpur region, 2014-15.",Mustard-Maize-T. Aman,3590.0,0.68,10,"Bangladesh Rice Journal 21(2) 2017, 'Crops and Cropping Systems in Dinajpur Region', doi:10.3329/brj.v21i2.38202"
Dinajpur,"Cropping patterns with pulses and oil-seed crops in Dinajpur region, 2014-15.",Potato-Groundnut-T. Aman,2700.0,0.51,3,"Bangladesh Rice Journal 21(2) 2017, 'Crops and Cropping Systems in Dinajpur Region', doi:10.3329/brj.v21i2.38202"
Dinajpur,"Cropping patterns with pulses and oil-seed crops in Dinajpur region, 2014-15.",Sesame-Fallow-T. Aman,2010.0,0.38,2,"Bangladesh Rice Journal 21(2) 2017, 'Crops and Cropping Systems in Dinajpur Region', doi:10.3329/brj.v21i2.38202"
Dinajpur,"Cropping patterns with pulses and oil-seed crops in Dinajpur region, 2014-15.",Mustard-Boro-Fallow,1490.0,0.28,3,"Bangladesh Rice Journal 21(2) 2017, 'Crops and Cropping Systems in Dinajpur Region', doi:10.3329/brj.v21i2.38202"
Dinajpur,"Cropping patterns with pulses and oil-seed crops in Dinajpur region, 2014-15.",Groundnut-Fallow-Fallow,1330.0,0.25,2,"Bangladesh Rice Journal 21(2) 2017, 'Crops and Cropping Systems in Dinajpur Region', doi:10.3329/brj.v21i2.38202"
Dinajpur,"Cropping patterns with pulses and oil-seed crops in Dinajpur region, 2014-15.",Fallow-Sesame-T. Aman,700.0,0.13,1,"Bangladesh Rice Journal 21(2) 2017, 'Crops and Cropping Systems in Dinajpur Region', doi:10.3329/brj.v21i2.38202"
Dinajpur,"Cropping patterns with pulses and oil-seed crops in Dinajpur region, 2014-15.",Vegetable-Fallow-Blackgram,405.0,0.08,5,"Bangladesh Rice Journal 21(2) 2017, 'Crops and Cropping Systems in Dinajpur Region', doi:10.3329/brj.v21i2.38202"
Dinajpur,"Cropping patterns with pulses and oil-seed crops in Dinajpur region, 2014-15.",Mustard-Jute-T. Aman,380.0,0.07,3,"Bangladesh Rice Journal 21(2) 2017, 'Crops and Cropping Systems in Dinajpur Region', doi:10.3329/brj.v21i2.38202"
Dinajpur,"Cropping patterns with pulses and oil-seed crops in Dinajpur region, 2014-15.",Mustard-Fallow-T. Aman,360.0,0.07,2,"Bangladesh Rice Journal 21(2) 2017, 'Crops and Cropping Systems in Dinajpur Region', doi:10.3329/brj.v21i2.38202"
Dinajpur,"Cropping patterns with pulses and oil-seed crops in Dinajpur region, 2014-15.",Groundnut-Jute-T. Aman,300.0,0.06,1,"Bangladesh Rice Journal 21(2) 2017, 'Crops and Cropping Systems in Dinajpur Region', doi:10.3329/brj.v21i2.38202"
Dinajpur,"Cropping patterns with pulses and oil-seed crops in Dinajpur region, 2014-15.",Vegetable-Groundnut-T. Aman,300.0,0.06,1,"Bangladesh Rice Journal 21(2) 2017, 'Crops and Cropping Systems in Dinajpur Region', doi:10.3329/brj.v21i2.38202"
Dinajpur,"Cropping patterns with pulses and oil-seed crops in Dinajpur region, 2014-15.",Mustard-Aus-T. Aman,160.0,0.03,2,"Bangladesh Rice Journal 21(2) 2017, 'Crops and Cropping Systems in Dinajpur Region', doi:10.3329/brj.v21i2.38202"
Dinajpur,"Cropping patterns with vegetables and spices crops in Dinajpur region, 2014-15.",Potato-Boro-T. Aman,26590.0,5.04,16,"Bangladesh Rice Journal 21(2) 2017, 'Crops and Cropping Systems in Dinajpur Region', doi:10.3329/brj.v21i2.38202"
Dinajpur,"Cropping patterns with vegetables and spices crops in Dinajpur region, 2014-15.",Potato-Maize-T. Aman,26330.0,4.99,18,"Bangladesh Rice Journal 21(2) 2017, 'Crops and Cropping Systems in Dinajpur Region', doi:10.3329/brj.v21i2.38202"
Dinajpur,"Cropping patterns with vegetables and spices crops in Dinajpur region, 2014-15.",Chilli-Fallow-T. Aman,7560.0,1.43,10,"Bangladesh Rice Journal 21(2) 2017, 'Crops and Cropping Systems in Dinajpur Region', doi:10.3329/brj.v21i2.38202"
Dinajpur,"Cropping patterns with vegetables and spices crops in Dinajpur region, 2014-15.",Vegetable-Vegetable-Vegetable,5070.0,0.96,18,"Bangladesh Rice Journal 21(2) 2017, 'Crops and Cropping Systems in Dinajpur Region', doi:10.3329/brj.v21i2.38202"
Dinajpur,"Cropping patterns with vegetables and spices crops in Dinajpur region, 2014-15.",Vegetable-Fallow-T. Aman,4460.0,0.85,8,"Bangladesh Rice Journal 21(2) 2017, 'Crops and Cropping Systems in Dinajpur Region', doi:10.3329/brj.v21i2.38202"
Dinajpur,"Cropping patterns with vegetables and spices crops in Dinajpur region, 2014-15.",Potato-Jute-T. Aman,3515.0,0.67,7,"Bangladesh Rice Journal 21(2) 2017, 'Crops and Cropping Systems in Dinajpur Region', doi:10.3329/brj.v21i2.38202"
Dinajpur,"Cropping patterns with vegetables and spices crops in Dinajpur region, 2014-15.",Wheat-Vegetable-T. Aman,2920.0,0.55,8,"Bangladesh Rice Journal 21(2) 2017, 'Crops and Cropping Systems in Dinajpur Region', doi:10.3329/brj.v21i2.38202"
Dinajpur,"Cropping patterns with vegetables and spices crops in Dinajpur region, 2014-15.",Potato-Groundnut-T. Aman,2700.0,0.51,3,"Bangladesh Rice Journal 21(2) 2017, 'Crops and Cropping Systems in Dinajpur Region', doi:10.3329/brj.v21i2.38202"
Dinajpur,"Cropping patterns with vegetables and spices crops in Dinajpur region, 2014-15.",Vegetable-Vegetable-T. Aman,2650.0,0.5,8,"Bangladesh Rice Journal 21(2) 2017, 'Crops and Cropping Systems in Dinajpur Region', doi:10.3329/brj.v21i2.38202"
Dinajpur,"Cropping patterns with vegetables and spices crops in Dinajpur region, 2014-15.",Potato-Vegetable-T. Aman,2460.0,0.47,8,"Bangladesh Rice Journal 21(2) 2017, 'Crops and Cropping Systems in Dinajpur Region', doi:10.3329/brj.v21i2.38202"
Dinajpur,"Cropping patterns with vegetables and spices crops in Dinajpur region, 2014-15.",Potato-Aus-T. Aman,2020.0,0.38,4,"Bangladesh Rice Journal 21(2) 2017, 'Crops and Cropping Systems in Dinajpur Region', doi:10.3329/brj.v21i2.38202"
Dinajpur,"Cropping patterns with vegetables and spices crops in Dinajpur region, 2014-15.",Wheat-Maize-Vegetable,2000.0,0.38,2,"Bangladesh Rice Journal 21(2) 2017, 'Crops and Cropping Systems in Dinajpur Region', doi:10.3329/brj.v21i2.38202"
Dinajpur,"Cropping patterns with vegetables and spices crops in Dinajpur region, 2014-15.",Maize-Vegetable-Fallow,1700.0,0.32,3,"Bangladesh Rice Journal 21(2) 2017, 'Crops and Cropping Systems in Dinajpur Region', doi:10.3329/brj.v21i2.38202"
Dinajpur,"Cropping patterns with vegetables and spices crops in Dinajpur region, 2014-15.",Potato-Maize-Fallow,1600.0,0.3,1,"Bangladesh Rice Journal 21(2) 2017, 'Crops and Cropping Systems in Dinajpur Region', doi:10.3329/brj.v21i2.38202"
Dinajpur,"Cropping patterns with vegetables and spices crops in Dinajpur region, 2014-15.",Potato-Fallow-T. Aman,1440.0,0.27,4,"Bangladesh Rice Journal 21(2) 2017, 'Crops and Cropping Systems in Dinajpur Region', doi:10.3329/brj.v21i2.38202"
Dinajpur,"Cropping patterns with vegetables and spices crops in Dinajpur region, 2014-15.",Wheat-Vegetable-Vegetable,1400.0,0.27,2,"Bangladesh Rice Journal 21(2) 2017, 'Crops and Cropping Systems in Dinajpur Region', doi:10.3329/brj.v21i2.38202"
Dinajpur,"Cropping patterns with vegetables and spices crops in Dinajpur region, 2014-15.",Vegetable-Maize-T. Aman,1020.0,0.19,6,"Bangladesh Rice Journal 21(2) 2017, 'Crops and Cropping Systems in Dinajpur Region', doi:10.3329/brj.v21i2.38202"
Dinajpur,"Cropping patterns with vegetables and spices crops in Dinajpur region, 2014-15.",Garlic-Jute-T. Aman,980.0,0.19,8,"Bangladesh Rice Journal 21(2) 2017, 'Crops and Cropping Systems in Dinajpur Region', doi:10.3329/brj.v21i2.38202"
Dinajpur,"Cropping patterns with vegetables and spices crops in Dinajpur region, 2014-15.",Onion-Vegetable-Vegetable,850.0,0.16,8,"Bangladesh Rice Journal 21(2) 2017, 'Crops and Cropping Systems in Dinajpur Region', doi:10.3329/brj.v21i2.38202"
Dinajpur,"Cropping patterns with vegetables and spices crops in Dinajpur region, 2014-15.",Onion-Jute-T. Aman,740.0,0.14,6,"Bangladesh Rice Journal 21(2) 2017, 'Crops and Cropping Systems in Dinajpur Region', doi:10.3329/brj.v21i2.38202"
Dinajpur,"Cropping patterns with vegetables and spices crops in Dinajpur region, 2014-15.",Garlic-Vegetable-Vegetable,710.0,0.13,7,"Bangladesh Rice Journal 21(2) 2017, 'Crops and Cropping Systems in Dinajpur Region', doi:10.3329/brj.v21i2.38202"
Dinajpur,"Cropping patterns with vegetables and spices crops in Dinajpur region, 2014-15.",Chilli-Jute-T. Aman,670.0,0.13,5,"Bangladesh Rice Journal 21(2) 2017, 'Crops and Cropping Systems in Dinajpur Region', doi:10.3329/brj.v21i2.38202"
Dinajpur,"Cropping patterns with vegetables and spices crops in Dinajpur region, 2014-15.",Garlic-Fallow-T. Aman,570.0,0.11,6,"Bangladesh Rice Journal 21(2) 2017, 'Crops and Cropping Systems in Dinajpur Region', doi:10.3329/brj.v21i2.38202"
Dinajpur,"Cropping patterns with vegetables and spices crops in Dinajpur region, 2014-15.",Onion-Fallow-T. Aman,560.0,0.11,5,"Bangladesh Rice Journal 21(2) 2017, 'Crops and Cropping Systems in Dinajpur Region', doi:10.3329/brj.v21i2.38202"
Dinajpur,"Cropping patterns with vegetables and spices crops in Dinajpur region, 2014-15.",Vegetable-Jute-Fallow,520.0,0.1,2,"Bangladesh Rice Journal 21(2) 2017, 'Crops and Cropping Systems in Dinajpur Region', doi:10.3329/brj.v21i2.38202"
Dinajpur,"Cropping patterns with vegetables and spices crops in Dinajpur region, 2014-15.",Potato-Boro-Fallow,500.0,0.09,1,"Bangladesh Rice Journal 21(2) 2017, 'Crops and Cropping Systems in Dinajpur Region', doi:10.3329/brj.v21i2.38202"
Dinajpur,"Cropping patterns with vegetables and spices crops in Dinajpur region, 2014-15.",Potato-Onion-T. Aman,500.0,0.09,1,"Bangladesh Rice Journal 21(2) 2017, 'Crops and Cropping Systems in Dinajpur Region', doi:10.3329/brj.v21i2.38202"
Dinajpur,"Cropping patterns with vegetables and spices crops in Dinajpur region, 2014-15.",Vegetable-Fallow-Fallow,470.0,0.09,2,"Bangladesh Rice Journal 21(2) 2017, 'Crops and Cropping Systems in Dinajpur Region', doi:10.3329/brj.v21i2.38202"
Dinajpur,"Cropping patterns with vegetables and spices crops in Dinajpur region, 2014-15.",Vegetable-Fallow-Blackgram,405.0,0.08,5,"Bangladesh Rice Journal 21(2) 2017, 'Crops and Cropping Systems in Dinajpur Region', doi:10.3329/brj.v21i2.38202"
Dinajpur,"Cropping patterns with vegetables and spices crops in Dinajpur region, 2014-15.",Garlic-Aus-T. Aman,350.0,0.07,3,"Bangladesh Rice Journal 21(2) 2017, 'Crops and Cropping Systems in Dinajpur Region', doi:10.3329/brj.v21i2.38202"
Dinajpur,"Cropping patterns with vegetables and spices crops in Dinajpur region, 2014-15.",Potato-Maize-Vegetable,350.0,0.07,1,"Bangladesh Rice Journal 21(2) 2017, 'Crops and Cropping Systems in Dinajpur Region', doi:10.3329/brj.v21i2.38202"
Dinajpur,"Cropping patterns with vegetables and spices crops in Dinajpur region, 2014-15.",Onion-Aus-T. Aman,300.0,0.06,2,"Bangladesh Rice Journal 21(2) 2017, 'Crops and Cropping Systems in Dinajpur Region', doi:10.3329/brj.v21i2.38202"
Dinajpur,"Cropping patterns with vegetables and spices crops in Dinajpur region, 2014-15.",Chilli-Fallow-Fallow,240.0,0.05,3,"Bangladesh Rice Journal 21(2) 2017, 'Crops and Cropping Systems in Dinajpur Region', doi:10.3329/brj.v21i2.38202"
Dinajpur,"Cropping patterns with vegetables and spices crops in Dinajpur region, 2014-15.",Potato-Jute-Fallow,200.0,0.04,1,"Bangladesh Rice Journal 21(2) 2017, 'Crops and Cropping Systems in Dinajpur Region', doi:10.3329/brj.v21i2.38202"
Dinajpur,"Cropping patterns with vegetables and spices crops in Dinajpur region, 2014-15.",Chilli-Vegetable-Fallow,160.0,0.03,3,"Bangladesh Rice Journal 21(2) 2017, 'Crops and Cropping Systems in Dinajpur Region', doi:10.3329/brj.v21i2.38202"
Faridpur,"Cropping patterns with exclusive rice in Faridpur region, 2014-15.",Boro-Fallow-Fallow,119750.0,24.41,28,"Bangladesh Rice Journal 21(2) 2017, 'Diversity of Cropping Patterns and Land Use Practices in Faridpur Region', doi:10.3329/brj.v21i2.38203"
Faridpur,"Cropping patterns with exclusive rice in Faridpur region, 2014-15.",Boro-B. Aman,34060.0,6.94,23,"Bangladesh Rice Journal 21(2) 2017, 'Diversity of Cropping Patterns and Land Use Practices in Faridpur Region', doi:10.3329/brj.v21i2.38203"
Faridpur,"Cropping patterns with exclusive rice in Faridpur region, 2014-15.",Boro-Fallow-T. Aman,17685.0,3.61,22,"Bangladesh Rice Journal 21(2) 2017, 'Diversity of Cropping Patterns and Land Use Practices in Faridpur Region', doi:10.3329/brj.v21i2.38203"
Faridpur,"Cropping patterns with exclusive rice in Faridpur region, 2014-15.",Boro-Aus-Fallow,685.0,0.14,6,"Bangladesh Rice Journal 21(2) 2017, 'Diversity of Cropping Patterns and Land Use Practices in Faridpur Region', doi:10.3329/brj.v21i2.38203"
Faridpur,"Cropping patterns with exclusive rice in Faridpur region, 2014-15.",Fallow-B. Aman,500.0,0.1,1,"Bangladesh Rice Journal 21(2) 2017, 'Diversity of Cropping Patterns and Land Use Practices in Faridpur Region', doi:10.3329/brj.v21i2.38203"
Faridpur,"Cropping patterns with exclusive rice in Faridpur region, 2014-15.",Boro-Aus-T. Aman,150.0,0.03,2,"Bangladesh Rice Journal 21(2) 2017, 'Diversity of Cropping Patterns and Land Use Practices in Faridpur Region', doi:10.3329/brj.v21i2.38203"
Faridpur,"Cropping patterns with exclusive non-rice in Faridpur region, 2014-15.",Onion-Jute-Fallow,25960.0,5.29,23,"Bangladesh Rice Journal 21(2) 2017, 'Diversity of Cropping Patterns and Land Use Practices in Faridpur Region', doi:10.3329/brj.v21i2.38203"
Faridpur,"Cropping patterns with exclusive non-rice in Faridpur region, 2014-15.",Wheat-Jute-Fallow,23210.0,4.73,25,"Bangladesh Rice Journal 21(2) 2017, 'Diversity of Cropping Patterns and Land Use Practices in Faridpur Region', doi:10.3329/brj.v21i2.38203"
Faridpur,"Cropping patterns with exclusive non-rice in Faridpur region, 2014-15.",Lentil-Jute-Fallow,15330.0,3.12,22,"Bangladesh Rice Journal 21(2) 2017, 'Diversity of Cropping Patterns and Land Use Practices in Faridpur Region', doi:10.3329/brj.v21i2.38203"
Faridpur,"Cropping patterns with exclusive non-rice in Faridpur region, 2014-15.",Mustard-Jute-Fallow,13880.0,2.83,18,"Bangladesh Rice Journal 21(2) 2017, 'Diversity of Cropping Patterns and Land Use Practices in Faridpur Region', doi:10.3329/brj.v21i2.38203"
Faridpur,"Cropping patterns with exclusive non-rice in Faridpur region, 2014-15.",Grasspea-Jute-Fallow,12680.0,2.58,18,"Bangladesh Rice Journal 21(2) 2017, 'Diversity of Cropping Patterns and Land Use Practices in Faridpur Region', doi:10.3329/brj.v21i2.38203"
Faridpur,"Cropping patterns with exclusive non-rice in Faridpur region, 2014-15.",Vegetable-Vegetable-Vegetable,8420.0,1.72,16,"Bangladesh Rice Journal 21(2) 2017, 'Diversity of Cropping Patterns and Land Use Practices in Faridpur Region', doi:10.3329/brj.v21i2.38203"
Faridpur,"Cropping patterns with exclusive non-rice in Faridpur region, 2014-15.",Coriander-Jute-Fallow,6510.0,1.33,12,"Bangladesh Rice Journal 21(2) 2017, 'Diversity of Cropping Patterns and Land Use Practices in Faridpur Region', doi:10.3329/brj.v21i2.38203"
Faridpur,"Cropping patterns with exclusive non-rice in Faridpur region, 2014-15.",Garlic-Jute-Fallow,6020.0,1.23,16,"Bangladesh Rice Journal 21(2) 2017, 'Diversity of Cropping Patterns and Land Use Practices in Faridpur Region', doi:10.3329/brj.v21i2.38203"
Faridpur,"Cropping patterns with exclusive non-rice in Faridpur region, 2014-15.",Vegetable-Vegetable-Fallow,4255.0,0.87,13,"Bangladesh Rice Journal 21(2) 2017, 'Diversity of Cropping Patterns and Land Use Practices in Faridpur Region', doi:10.3329/brj.v21i2.38203"
Faridpur,"Cropping patterns with exclusive non-rice in Faridpur region, 2014-15.",Vegetable-Jute-Fallow,3820.0,0.78,6,"Bangladesh Rice Journal 21(2) 2017, 'Diversity of Cropping Patterns and Land Use Practices in Faridpur Region', doi:10.3329/brj.v21i2.38203"
Faridpur,"Cropping patterns with exclusive non-rice in Faridpur region, 2014-15.",Chilli-Jute-Fallow,2045.0,0.42,9,"Bangladesh Rice Journal 21(2) 2017, 'Diversity of Cropping Patterns and Land Use Practices in Faridpur Region', doi:10.3329/brj.v21i2.38203"
Faridpur,"Cropping patterns with exclusive non-rice in Faridpur region, 2014-15.",Lentil-Vegetable-Vegetable,1910.0,0.39,2,"Bangladesh Rice Journal 21(2) 2017, 'Diversity of Cropping Patterns and Land Use Practices in Faridpur Region', doi:10.3329/brj.v21i2.38203"
Faridpur,"Cropping patterns with exclusive non-rice in Faridpur region, 2014-15.",Blackcumin-Jute-Fallow,1780.0,0.36,10,"Bangladesh Rice Journal 21(2) 2017, 'Diversity of Cropping Patterns and Land Use Practices in Faridpur Region', doi:10.3329/brj.v21i2.38203"
Faridpur,"Cropping patterns with exclusive non-rice in Faridpur region, 2014-15.",Potato-Jute-Fallow,1735.0,0.35,10,"Bangladesh Rice Journal 21(2) 2017, 'Diversity of Cropping Patterns and Land Use Practices in Faridpur Region', doi:10.3329/brj.v21i2.38203"
Faridpur,"Cropping patterns with exclusive non-rice in Faridpur region, 2014-15.",Groundnut-Fallow-Fallow,1480.0,0.3,4,"Bangladesh Rice Journal 21(2) 2017, 'Diversity of Cropping Patterns and Land Use Practices in Faridpur Region', doi:10.3329/brj.v21i2.38203"
Faridpur,"Cropping patterns with exclusive non-rice in Faridpur region, 2014-15.",Chilli-Fallow-Fallow,1360.0,0.28,5,"Bangladesh Rice Journal 21(2) 2017, 'Diversity of Cropping Patterns and Land Use Practices in Faridpur Region', doi:10.3329/brj.v21i2.38203"
Faridpur,"Cropping patterns with exclusive non-rice in Faridpur region, 2014-15.",Lentil-Sesame-Fallow,1125.0,0.23,5,"Bangladesh Rice Journal 21(2) 2017, 'Diversity of Cropping Patterns and Land Use Practices in Faridpur Region', doi:10.3329/brj.v21i2.38203"
Faridpur,"Cropping patterns with exclusive non-rice in Faridpur region, 2014-15.",Pea-Jute-Fallow,910.0,0.19,8,"Bangladesh Rice Journal 21(2) 2017, 'Diversity of Cropping Patterns and Land Use Practices in Faridpur Region', doi:10.3329/brj.v21i2.38203"
Faridpur,"Cropping patterns with exclusive non-rice in Faridpur region, 2014-15.",Chilli-Vegetable-Fallow,810.0,0.17,6,"Bangladesh Rice Journal 21(2) 2017, 'Diversity of Cropping Patterns and Land Use Practices in Faridpur Region', doi:10.3329/brj.v21i2.38203"
Faridpur,"Cropping patterns with exclusive non-rice in Faridpur region, 2014-15.",Blackgram-Jute-Fallow,735.0,0.15,6,"Bangladesh Rice Journal 21(2) 2017, 'Diversity of Cropping Patterns and Land Use Practices in Faridpur Region', doi:10.3329/brj.v21i2.38203"
Faridpur,"Cropping patterns with exclusive non-rice in Faridpur region, 2014-15.",Sesame-Fallow-Blackgram,680.0,0.14,4,"Bangladesh Rice Journal 21(2) 2017, 'Diversity of Cropping Patterns and Land Use Practices in Faridpur Region', doi:10.3329/brj.v21i2.38203"
Faridpur,"Cropping patterns with exclusive non-rice in Faridpur region, 2014-15.",W.Melon-Fallow-Fallow,510.0,0.1,2,"Bangladesh Rice Journal 21(2) 2017, 'Diversity of Cropping Patterns and Land Use Practices in Faridpur Region', doi:10.3329/brj.v21i2.38203"
Faridpur,"Cropping patterns with exclusive non-rice in Faridpur region, 2014-15.",Groundnut-Fallow-Blackgram,500.0,0.1,1,"Bangladesh Rice Journal 21(2) 2017, 'Diversity of Cropping Patterns and Land Use Practices in Faridpur Region', doi:10.3329/brj.v21i2.38203"
Faridpur,"Cropping patterns with exclusive non-rice in Faridpur region, 2014-15.",Onion-Sesame-Fallow,500.0,0.1,3,"Bangladesh Rice Journal 21(2) 2017, 'Diversity of Cropping Patterns and Land Use Practices in Faridpur Region', doi:10.3329/brj.v21i2.38203"
Faridpur,"Cropping patterns with exclusive non-rice in Faridpur region, 2014-15.",Sweet potato-Fallow-Fallow,495.0,0.1,5,"Bangladesh Rice Journal 21(2) 2017, 'Diversity of Cropping Patterns and Land Use Practices in Faridpur Region', doi:10.3329/brj.v21i2.38203"
Faridpur,"Cropping patterns with exclusive non-rice in Faridpur region, 2014-15.",Vegetable-Fallow-Fallow,450.0,0.09,3,"Bangladesh Rice Journal 21(2) 2017, 'Diversity of Cropping Patterns and Land Use Practices in Faridpur Region', doi:10.3329/brj.v21i2.38203"
Faridpur,"Cropping patterns with exclusive non-rice in Faridpur region, 2014-15.",Onion-Vegetable-Vegetable,400.0,0.08,1,"Bangladesh Rice Journal 21(2) 2017, 'Diversity of Cropping Patterns and Land Use Practices in Faridpur Region', doi:10.3329/brj.v21i2.38203"
Faridpur,"Cropping patterns with exclusive non-rice in Faridpur region, 2014-15.",Fallow-Fallow-Blackgram,370.0,0.08,4,"Bangladesh Rice Journal 21(2) 2017, 'Diversity of Cropping Patterns and Land Use Practices in Faridpur Region', doi:10.3329/brj.v21i2.38203"
Faridpur,"Cropping patterns with exclusive non-rice in Faridpur region, 2014-15.",Wheat-Ginger/Turmeric,350.0,0.07,1,"Bangladesh Rice Journal 21(2) 2017, 'Diversity of Cropping Patterns and Land Use Practices in Faridpur Region', doi:10.3329/brj.v21i2.38203"
Faridpur,"Cropping patterns with exclusive non-rice in Faridpur region, 2014-15.",Sweet potato-Jute-Fallow,230.0,0.05,4,"Bangladesh Rice Journal 21(2) 2017, 'Diversity of Cropping Patterns and Land Use Practices in Faridpur Region', doi:10.3329/brj.v21i2.38203"
Faridpur,"Cropping patterns with exclusive non-rice in Faridpur region, 2014-15.",Wheat-Sesame-Fallow,230.0,0.05,2,"Bangladesh Rice Journal 21(2) 2017, 'Diversity of Cropping Patterns and Land Use Practices in Faridpur Region', doi:10.3329/brj.v21i2.38203"
Faridpur,"Cropping patterns with exclusive non-rice in Faridpur region, 2014-15.",Grasspea-Sesame-Fallow,210.0,0.04,2,"Bangladesh Rice Journal 21(2) 2017, 'Diversity of Cropping Patterns and Land Use Practices in Faridpur Region', doi:10.3329/brj.v21i2.38203"
Faridpur,"Area covered by pulse crops under cropping system in Faridpur region, 2014-15.",Lentil-Jute-Fallow,15330.0,3.13,22,"Bangladesh Rice Journal 21(2) 2017, 'Diversity of Cropping Patterns and Land Use Practices in Faridpur Region', doi:10.3329/brj.v21i2.38203"
Faridpur,"Area covered by pulse crops under cropping system in Faridpur region, 2014-15.",Lentil-Jute-T. Aman,13230.0,2.7,21,"Bangladesh Rice Journal 21(2) 2017, 'Diversity of Cropping Patterns and Land Use Practices in Faridpur Region', doi:10.3329/brj.v21i2.38203"
Faridpur,"Area covered by pulse crops under cropping system in Faridpur region, 2014-15.",Grasspea-Jute-Fallow,12680.0,2.59,18,"Bangladesh Rice Journal 21(2) 2017, 'Diversity of Cropping Patterns and Land Use Practices in Faridpur Region', doi:10.3329/brj.v21i2.38203"
Faridpur,"Area covered by pulse crops under cropping system in Faridpur region, 2014-15.",Grasspea-B. Aman,4140.0,0.84,9,"Bangladesh Rice Journal 21(2) 2017, 'Diversity of Cropping Patterns and Land Use Practices in Faridpur Region', doi:10.3329/brj.v21i2.38203"
Faridpur,"Area covered by pulse crops under cropping system in Faridpur region, 2014-15.",Lentil-Sesame-T. Aman,3280.0,0.67,5,"Bangladesh Rice Journal 21(2) 2017, 'Diversity of Cropping Patterns and Land Use Practices in Faridpur Region', doi:10.3329/brj.v21i2.38203"
Faridpur,"Area covered by pulse crops under cropping system in Faridpur region, 2014-15.",Grasspea-Jute-T. Aman,2460.0,0.5,11,"Bangladesh Rice Journal 21(2) 2017, 'Diversity of Cropping Patterns and Land Use Practices in Faridpur Region', doi:10.3329/brj.v21i2.38203"
Faridpur,"Area covered by pulse crops under cropping system in Faridpur region, 2014-15.",Lentil-B. Aman,2130.0,0.43,7,"Bangladesh Rice Journal 21(2) 2017, 'Diversity of Cropping Patterns and Land Use Practices in Faridpur Region', doi:10.3329/brj.v21i2.38203"
Faridpur,"Area covered by pulse crops under cropping system in Faridpur region, 2014-15.",Lentil-Vegetable-Vegetable,1910.0,0.39,2,"Bangladesh Rice Journal 21(2) 2017, 'Diversity of Cropping Patterns and Land Use Practices in Faridpur Region', doi:10.3329/brj.v21i2.38203"
Faridpur,"Area covered by pulse crops under cropping system in Faridpur region, 2014-15.",Pea-B. Aman,1730.0,0.35,4,"Bangladesh Rice Journal 21(2) 2017, 'Diversity of Cropping Patterns and Land Use Practices in Faridpur Region', doi:10.3329/brj.v21i2.38203"
Faridpur,"Area covered by pulse crops under cropping system in Faridpur region, 2014-15.",Grasspea-Fallow-T. Aman,1510.0,0.31,2,"Bangladesh Rice Journal 21(2) 2017, 'Diversity of Cropping Patterns and Land Use Practices in Faridpur Region', doi:10.3329/brj.v21i2.38203"
Faridpur,"Area covered by pulse crops under cropping system in Faridpur region, 2014-15.",Grasspea-Boro-Fallow,1430.0,0.29,2,"Bangladesh Rice Journal 21(2) 2017, 'Diversity of Cropping Patterns and Land Use Practices in Faridpur Region', doi:10.3329/brj.v21i2.38203"
Faridpur,"Area covered by pulse crops under cropping system in Faridpur region, 2014-15.",Blackgram-B. Aman,1300.0,0.27,4,"Bangladesh Rice Journal 21(2) 2017, 'Diversity of Cropping Patterns and Land Use Practices in Faridpur Region', doi:10.3329/brj.v21i2.38203"
Faridpur,"Area covered by pulse crops under cropping system in Faridpur region, 2014-15.",Boro-Fallow-Blackgram,1250.0,0.25,4,"Bangladesh Rice Journal 21(2) 2017, 'Diversity of Cropping Patterns and Land Use Practices in Faridpur Region', doi:10.3329/brj.v21i2.38203"
Faridpur,"Area covered by pulse crops under cropping system in Faridpur region, 2014-15.",Lentil-Sesame-Fallow,1125.0,0.23,5,"Bangladesh Rice Journal 21(2) 2017, 'Diversity of Cropping Patterns and Land Use Practices in Faridpur Region', doi:10.3329/brj.v21i2.38203"
Faridpur,"Area covered by pulse crops under cropping system in Faridpur region, 2014-15.",Pea-Jute-Fallow,910.0,0.19,8,"Bangladesh Rice Journal 21(2) 2017, 'Diversity of Cropping Patterns and Land Use Practices in Faridpur Region', doi:10.3329/brj.v21i2.38203"
Faridpur,"Area covered by pulse crops under cropping system in Faridpur region, 2014-15.",Lentil-Fallow-T. Aman,830.0,0.17,2,"Bangladesh Rice Journal 21(2) 2017, 'Diversity of Cropping Patterns and Land Use Practices in Faridpur Region', doi:10.3329/brj.v21i2.38203"
Faridpur,"Area covered by pulse crops under cropping system in Faridpur region, 2014-15.",Grasspea-B.Aus+B. Aman,770.0,0.16,3,"Bangladesh Rice Journal 21(2) 2017, 'Diversity of Cropping Patterns and Land Use Practices in Faridpur Region', doi:10.3329/brj.v21i2.38203"
Faridpur,"Area covered by pulse crops under cropping system in Faridpur region, 2014-15.",Blackgram-Jute-Fallow,735.0,0.15,6,"Bangladesh Rice Journal 21(2) 2017, 'Diversity of Cropping Patterns and Land Use Practices in Faridpur Region', doi:10.3329/brj.v21i2.38203"
Faridpur,"Area covered by pulse crops under cropping system in Faridpur region, 2014-15.",Grasspea-Sesame-T. Aman,700.0,0.14,1,"Bangladesh Rice Journal 21(2) 2017, 'Diversity of Cropping Patterns and Land Use Practices in Faridpur Region', doi:10.3329/brj.v21i2.38203"
Faridpur,"Area covered by pulse crops under cropping system in Faridpur region, 2014-15.",Sesame-Fallow-Blackgram,680.0,0.14,4,"Bangladesh Rice Journal 21(2) 2017, 'Diversity of Cropping Patterns and Land Use Practices in Faridpur Region', doi:10.3329/brj.v21i2.38203"
Faridpur,"Area covered by pulse crops under cropping system in Faridpur region, 2014-15.",Lentil-Aus-Fallow,670.0,0.14,4,"Bangladesh Rice Journal 21(2) 2017, 'Diversity of Cropping Patterns and Land Use Practices in Faridpur Region', doi:10.3329/brj.v21i2.38203"
Faridpur,"Area covered by pulse crops under cropping system in Faridpur region, 2014-15.",Wheat-Aus-Blackgram,550.0,0.11,1,"Bangladesh Rice Journal 21(2) 2017, 'Diversity of Cropping Patterns and Land Use Practices in Faridpur Region', doi:10.3329/brj.v21i2.38203"
Faridpur,"Area covered by pulse crops under cropping system in Faridpur region, 2014-15.",Groundnut-Fallow-Blackgram,500.0,0.1,1,"Bangladesh Rice Journal 21(2) 2017, 'Diversity of Cropping Patterns and Land Use Practices in Faridpur Region', doi:10.3329/brj.v21i2.38203"
Faridpur,"Area covered by pulse crops under cropping system in Faridpur region, 2014-15.",Fallow-Fallow-Blackgram,370.0,0.08,4,"Bangladesh Rice Journal 21(2) 2017, 'Diversity of Cropping Patterns and Land Use Practices in Faridpur Region', doi:10.3329/brj.v21i2.38203"
Faridpur,"Area covered by pulse crops under cropping system in Faridpur region, 2014-15.",Lentil-Aus-T. Aman,350.0,0.07,2,"Bangladesh Rice Journal 21(2) 2017, 'Diversity of Cropping Patterns and Land Use Practices in Faridpur Region', doi:10.3329/brj.v21i2.38203"
Faridpur,"Area covered by pulse crops under cropping system in Faridpur region, 2014-15.",Grasspea-Aus-T. Aman,330.0,0.07,1,"Bangladesh Rice Journal 21(2) 2017, 'Diversity of Cropping Patterns and Land Use Practices in Faridpur Region', doi:10.3329/brj.v21i2.38203"
Faridpur,"Area covered by pulse crops under cropping system in Faridpur region, 2014-15.",Pea-Fallow-T. Aman,290.0,0.06,3,"Bangladesh Rice Journal 21(2) 2017, 'Diversity of Cropping Patterns and Land Use Practices in Faridpur Region', doi:10.3329/brj.v21i2.38203"
Faridpur,"Area covered by pulse crops under cropping system in Faridpur region, 2014-15.",Grasspea-Sesame-Fallow,210.0,0.04,2,"Bangladesh Rice Journal 21(2) 2017, 'Diversity of Cropping Patterns and Land Use Practices in Faridpur Region', doi:10.3329/brj.v21i2.38203"
Faridpur,"Cropping patterns with spices crops in Faridpur region, 2014-15.",Onion-Jute-Fallow,25960.0,5.29,23,"Bangladesh Rice Journal 21(2) 2017, 'Diversity of Cropping Patterns and Land Use Practices in Faridpur Region', doi:10.3329/brj.v21i2.38203"
Faridpur,"Cropping patterns with spices crops in Faridpur region, 2014-15.",Onion-Jute-T. Aman,24510.0,4.99,14,"Bangladesh Rice Journal 21(2) 2017, 'Diversity of Cropping Patterns and Land Use Practices in Faridpur Region', doi:10.3329/brj.v21i2.38203"
Faridpur,"Cropping patterns with spices crops in Faridpur region, 2014-15.",Coriander-Jute-Fallow,6510.0,1.33,12,"Bangladesh Rice Journal 21(2) 2017, 'Diversity of Cropping Patterns and Land Use Practices in Faridpur Region', doi:10.3329/brj.v21i2.38203"
Faridpur,"Cropping patterns with spices crops in Faridpur region, 2014-15.",Garlic-Jute-Fallow,6020.0,1.23,16,"Bangladesh Rice Journal 21(2) 2017, 'Diversity of Cropping Patterns and Land Use Practices in Faridpur Region', doi:10.3329/brj.v21i2.38203"
Faridpur,"Cropping patterns with spices crops in Faridpur region, 2014-15.",Chilli-B. Aman,4370.0,0.89,6,"Bangladesh Rice Journal 21(2) 2017, 'Diversity of Cropping Patterns and Land Use Practices in Faridpur Region', doi:10.3329/brj.v21i2.38203"
Faridpur,"Cropping patterns with spices crops in Faridpur region, 2014-15.",Garlic-Jute-T. Aman,3570.0,0.73,8,"Bangladesh Rice Journal 21(2) 2017, 'Diversity of Cropping Patterns and Land Use Practices in Faridpur Region', doi:10.3329/brj.v21i2.38203"
Faridpur,"Cropping patterns with spices crops in Faridpur region, 2014-15.",Coriander-Jute-T. Aman,3380.0,0.69,11,"Bangladesh Rice Journal 21(2) 2017, 'Diversity of Cropping Patterns and Land Use Practices in Faridpur Region', doi:10.3329/brj.v21i2.38203"
Faridpur,"Cropping patterns with spices crops in Faridpur region, 2014-15.",Onion-Aus-Fallow,2860.0,0.58,5,"Bangladesh Rice Journal 21(2) 2017, 'Diversity of Cropping Patterns and Land Use Practices in Faridpur Region', doi:10.3329/brj.v21i2.38203"
Faridpur,"Cropping patterns with spices crops in Faridpur region, 2014-15.",Chilli-Jute-Fallow,2045.0,0.42,9,"Bangladesh Rice Journal 21(2) 2017, 'Diversity of Cropping Patterns and Land Use Practices in Faridpur Region', doi:10.3329/brj.v21i2.38203"
Faridpur,"Cropping patterns with spices crops in Faridpur region, 2014-15.",Blackcumin-Jute-Fallow,1780.0,0.36,10,"Bangladesh Rice Journal 21(2) 2017, 'Diversity of Cropping Patterns and Land Use Practices in Faridpur Region', doi:10.3329/brj.v21i2.38203"
Faridpur,"Cropping patterns with spices crops in Faridpur region, 2014-15.",Onion-B. Aman,1620.0,0.33,5,"Bangladesh Rice Journal 21(2) 2017, 'Diversity of Cropping Patterns and Land Use Practices in Faridpur Region', doi:10.3329/brj.v21i2.38203"
Faridpur,"Cropping patterns with spices crops in Faridpur region, 2014-15.",Chilli-Aus-Fallow,1570.0,0.32,3,"Bangladesh Rice Journal 21(2) 2017, 'Diversity of Cropping Patterns and Land Use Practices in Faridpur Region', doi:10.3329/brj.v21i2.38203"
Faridpur,"Cropping patterns with spices crops in Faridpur region, 2014-15.",Chilli-Fallow-Fallow,1360.0,0.28,5,"Bangladesh Rice Journal 21(2) 2017, 'Diversity of Cropping Patterns and Land Use Practices in Faridpur Region', doi:10.3329/brj.v21i2.38203"
Faridpur,"Cropping patterns with spices crops in Faridpur region, 2014-15.",Blackcumin-Jute-T. Aman,1220.0,0.25,9,"Bangladesh Rice Journal 21(2) 2017, 'Diversity of Cropping Patterns and Land Use Practices in Faridpur Region', doi:10.3329/brj.v21i2.38203"
Faridpur,"Cropping patterns with spices crops in Faridpur region, 2014-15.",Chilli-Vegetable-Fallow,810.0,0.17,6,"Bangladesh Rice Journal 21(2) 2017, 'Diversity of Cropping Patterns and Land Use Practices in Faridpur Region', doi:10.3329/brj.v21i2.38203"
Faridpur,"Cropping patterns with spices crops in Faridpur region, 2014-15.",Coriander-Sesame-T. Aman,700.0,0.14,1,"Bangladesh Rice Journal 21(2) 2017, 'Diversity of Cropping Patterns and Land Use Practices in Faridpur Region', doi:10.3329/brj.v21i2.38203"
Faridpur,"Cropping patterns with spices crops in Faridpur region, 2014-15.",Chilli-Fallow-T. Aman,620.0,0.13,3,"Bangladesh Rice Journal 21(2) 2017, 'Diversity of Cropping Patterns and Land Use Practices in Faridpur Region', doi:10.3329/brj.v21i2.38203"
Faridpur,"Cropping patterns with spices crops in Faridpur region, 2014-15.",Onion-Sesame-Fallow,500.0,0.1,3,"Bangladesh Rice Journal 21(2) 2017, 'Diversity of Cropping Patterns and Land Use Practices in Faridpur Region', doi:10.3329/brj.v21i2.38203"
Faridpur,"Cropping patterns with spices crops in Faridpur region, 2014-15.",Garlic-B. Aman,480.0,0.1,3,"Bangladesh Rice Journal 21(2) 2017, 'Diversity of Cropping Patterns and Land Use Practices in Faridpur Region', doi:10.3329/brj.v21i2.38203"
Faridpur,"Cropping patterns with spices crops in Faridpur region, 2014-15.",Onion-Vegetable-Vegetable,400.0,0.08,1,"Bangladesh Rice Journal 21(2) 2017, 'Diversity of Cropping Patterns and Land Use Practices in Faridpur Region', doi:10.3329/brj.v21i2.38203"
Faridpur,"Cropping patterns with spices crops in Faridpur region, 2014-15.",Onion-Sesame+B. Aman,300.0,0.06,1,"Bangladesh Rice Journal 21(2) 2017, 'Diversity of Cropping Patterns and Land Use Practices in Faridpur Region', doi:10.3329/brj.v21i2.38203"
Faridpur,"Cropping patterns with spices crops in Faridpur region, 2014-15.",Garlic-Aus-Fallow,280.0,0.06,3,"Bangladesh Rice Journal 21(2) 2017, 'Diversity of Cropping Patterns and Land Use Practices in Faridpur Region', doi:10.3329/brj.v21i2.38203"
Faridpur,"Cropping patterns with jute crops in Faridpur region, 2014-15.",Wheat-Jute-T. Aman,33045.0,6.74,26,"Bangladesh Rice Journal 21(2) 2017, 'Diversity of Cropping Patterns and Land Use Practices in Faridpur Region', doi:10.3329/brj.v21i2.38203"
Faridpur,"Cropping patterns with jute crops in Faridpur region, 2014-15.",Onion-Jute-Fallow,25960.0,5.29,23,"Bangladesh Rice Journal 21(2) 2017, 'Diversity of Cropping Patterns and Land Use Practices in Faridpur Region', doi:10.3329/brj.v21i2.38203"
Faridpur,"Cropping patterns with jute crops in Faridpur region, 2014-15.",Onion-Jute-T. Aman,24510.0,5.0,14,"Bangladesh Rice Journal 21(2) 2017, 'Diversity of Cropping Patterns and Land Use Practices in Faridpur Region', doi:10.3329/brj.v21i2.38203"
Faridpur,"Cropping patterns with jute crops in Faridpur region, 2014-15.",Wheat-Jute-Fallow,23210.0,4.73,25,"Bangladesh Rice Journal 21(2) 2017, 'Diversity of Cropping Patterns and Land Use Practices in Faridpur Region', doi:10.3329/brj.v21i2.38203"
Faridpur,"Cropping patterns with jute crops in Faridpur region, 2014-15.",Lentil-Jute-Fallow,15330.0,3.13,22,"Bangladesh Rice Journal 21(2) 2017, 'Diversity of Cropping Patterns and Land Use Practices in Faridpur Region', doi:10.3329/brj.v21i2.38203"
Faridpur,"Cropping patterns with jute crops in Faridpur region, 2014-15.",Mustard-Jute-Fallow,13880.0,2.83,18,"Bangladesh Rice Journal 21(2) 2017, 'Diversity of Cropping Patterns and Land Use Practices in Faridpur Region', doi:10.3329/brj.v21i2.38203"
Faridpur,"Cropping patterns with jute crops in Faridpur region, 2014-15.",Lentil-Jute-T. Aman,13230.0,2.7,21,"Bangladesh Rice Journal 21(2) 2017, 'Diversity of Cropping Patterns and Land Use Practices in Faridpur Region', doi:10.3329/brj.v21i2.38203"
Faridpur,"Cropping patterns with jute crops in Faridpur region, 2014-15.",Grasspea-Jute-Fallow,12680.0,2.59,18,"Bangladesh Rice Journal 21(2) 2017, 'Diversity of Cropping Patterns and Land Use Practices in Faridpur Region', doi:10.3329/brj.v21i2.38203"
Faridpur,"Cropping patterns with jute crops in Faridpur region, 2014-15.",Mustard-Jute-T. Aman,10580.0,2.16,17,"Bangladesh Rice Journal 21(2) 2017, 'Diversity of Cropping Patterns and Land Use Practices in Faridpur Region', doi:10.3329/brj.v21i2.38203"
Faridpur,"Cropping patterns with jute crops in Faridpur region, 2014-15.",Coriander-Jute-Fallow,6510.0,1.33,12,"Bangladesh Rice Journal 21(2) 2017, 'Diversity of Cropping Patterns and Land Use Practices in Faridpur Region', doi:10.3329/brj.v21i2.38203"
Faridpur,"Cropping patterns with jute crops in Faridpur region, 2014-15.",Garlic-Jute-Fallow,6020.0,1.23,16,"Bangladesh Rice Journal 21(2) 2017, 'Diversity of Cropping Patterns and Land Use Practices in Faridpur Region', doi:10.3329/brj.v21i2.38203"
Faridpur,"Cropping patterns with jute crops in Faridpur region, 2014-15.",Vegetable-Jute-Fallow,3820.0,0.78,6,"Bangladesh Rice Journal 21(2) 2017, 'Diversity of Cropping Patterns and Land Use Practices in Faridpur Region', doi:10.3329/brj.v21i2.38203"
Faridpur,"Cropping patterns with jute crops in Faridpur region, 2014-15.",Garlic-Jute-T. Aman,3570.0,0.73,8,"Bangladesh Rice Journal 21(2) 2017, 'Diversity of Cropping Patterns and Land Use Practices in Faridpur Region', doi:10.3329/brj.v21i2.38203"
Faridpur,"Cropping patterns with jute crops in Faridpur region, 2014-15.",Coriander-Jute-T. Aman,3380.0,0.69,11,"Bangladesh Rice Journal 21(2) 2017, 'Diversity of Cropping Patterns and Land Use Practices in Faridpur Region', doi:10.3329/brj.v21i2.38203"
Faridpur,"Cropping patterns with jute crops in Faridpur region, 2014-15.",Grasspea-Jute-T. Aman,2460.0,0.5,11,"Bangladesh Rice Journal 21(2) 2017, 'Diversity of Cropping Patterns and Land Use Practices in Faridpur Region', doi:10.3329/brj.v21i2.38203"
Faridpur,"Cropping patterns with jute crops in Faridpur region, 2014-15.",Vegetable-Jute-T. Aman,2290.0,0.47,6,"Bangladesh Rice Journal 21(2) 2017, 'Diversity of Cropping Patterns and Land Use Practices in Faridpur Region', doi:10.3329/brj.v21i2.38203"
Faridpur,"Cropping patterns with jute crops in Faridpur region, 2014-15.",Chilli-Jute-Fallow,2045.0,0.42,9,"Bangladesh Rice Journal 21(2) 2017, 'Diversity of Cropping Patterns and Land Use Practices in Faridpur Region', doi:10.3329/brj.v21i2.38203"
Faridpur,"Cropping patterns with jute crops in Faridpur region, 2014-15.",Blackcumin-Jute-Fallow,1780.0,0.36,10,"Bangladesh Rice Journal 21(2) 2017, 'Diversity of Cropping Patterns and Land Use Practices in Faridpur Region', doi:10.3329/brj.v21i2.38203"
Faridpur,"Cropping patterns with jute crops in Faridpur region, 2014-15.",Potato-Jute-Fallow,1735.0,0.35,10,"Bangladesh Rice Journal 21(2) 2017, 'Diversity of Cropping Patterns and Land Use Practices in Faridpur Region', doi:10.3329/brj.v21i2.38203"
Faridpur,"Cropping patterns with jute crops in Faridpur region, 2014-15.",Blackcumin-Jute-T. Aman,1220.0,0.25,9,"Bangladesh Rice Journal 21(2) 2017, 'Diversity of Cropping Patterns and Land Use Practices in Faridpur Region', doi:10.3329/brj.v21i2.38203"
Faridpur,"Cropping patterns with jute crops in Faridpur region, 2014-15.",Fallow-Jute-T. Aman,1200.0,0.24,1,"Bangladesh Rice Journal 21(2) 2017, 'Diversity of Cropping Patterns and Land Use Practices in Faridpur Region', doi:10.3329/brj.v21i2.38203"
Faridpur,"Cropping patterns with jute crops in Faridpur region, 2014-15.",Boro-Jute-Fallow,1150.0,0.23,3,"Bangladesh Rice Journal 21(2) 2017, 'Diversity of Cropping Patterns and Land Use Practices in Faridpur Region', doi:10.3329/brj.v21i2.38203"
Faridpur,"Cropping patterns with jute crops in Faridpur region, 2014-15.",Pea-Jute-Fallow,910.0,0.19,8,"Bangladesh Rice Journal 21(2) 2017, 'Diversity of Cropping Patterns and Land Use Practices in Faridpur Region', doi:10.3329/brj.v21i2.38203"
Faridpur,"Cropping patterns with jute crops in Faridpur region, 2014-15.",Blackgram-Jute-Fallow,735.0,0.15,6,"Bangladesh Rice Journal 21(2) 2017, 'Diversity of Cropping Patterns and Land Use Practices in Faridpur Region', doi:10.3329/brj.v21i2.38203"
Faridpur,"Cropping patterns with jute crops in Faridpur region, 2014-15.",Potato-Jute-T. Aman,485.0,0.1,7,"Bangladesh Rice Journal 21(2) 2017, 'Diversity of Cropping Patterns and Land Use Practices in Faridpur Region', doi:10.3329/brj.v21i2.38203"
Faridpur,"Cropping patterns with jute crops in Faridpur region, 2014-15.",Boro-Jute-T. Aman,400.0,0.08,1,"Bangladesh Rice Journal 21(2) 2017, 'Diversity of Cropping Patterns and Land Use Practices in Faridpur Region', doi:10.3329/brj.v21i2.38203"
Faridpur,"Cropping patterns with jute crops in Faridpur region, 2014-15.",Sesame-Jute-T. Aman,260.0,0.05,1,"Bangladesh Rice Journal 21(2) 2017, 'Diversity of Cropping Patterns and Land Use Practices in Faridpur Region', doi:10.3329/brj.v21i2.38203"
Faridpur,"Cropping patterns with jute crops in Faridpur region, 2014-15.",Sweet potato-Jute-Fallow,230.0,0.05,4,"Bangladesh Rice Journal 21(2) 2017, 'Diversity of Cropping Patterns and Land Use Practices in Faridpur Region', doi:10.3329/brj.v21i2.38203"
Faridpur,"Cropping patterns under deep water rice ecosystem in Faridpur region, 2014-15.",Boro-B. Aman,34060.0,6.94,23,"Bangladesh Rice Journal 21(2) 2017, 'Diversity of Cropping Patterns and Land Use Practices in Faridpur Region', doi:10.3329/brj.v21i2.38203"
Faridpur,"Cropping patterns under deep water rice ecosystem in Faridpur region, 2014-15.",Chilli-B. Aman,4370.0,0.89,6,"Bangladesh Rice Journal 21(2) 2017, 'Diversity of Cropping Patterns and Land Use Practices in Faridpur Region', doi:10.3329/brj.v21i2.38203"
Faridpur,"Cropping patterns under deep water rice ecosystem in Faridpur region, 2014-15.",Grasspea-B. Aman,4140.0,0.84,9,"Bangladesh Rice Journal 21(2) 2017, 'Diversity of Cropping Patterns and Land Use Practices in Faridpur Region', doi:10.3329/brj.v21i2.38203"
Faridpur,"Cropping patterns under deep water rice ecosystem in Faridpur region, 2014-15.",Mustard-Boro-B. Aman,2620.0,0.53,2,"Bangladesh Rice Journal 21(2) 2017, 'Diversity of Cropping Patterns and Land Use Practices in Faridpur Region', doi:10.3329/brj.v21i2.38203"
Faridpur,"Cropping patterns under deep water rice ecosystem in Faridpur region, 2014-15.",Groundnut-B. Aman,2400.0,0.49,3,"Bangladesh Rice Journal 21(2) 2017, 'Diversity of Cropping Patterns and Land Use Practices in Faridpur Region', doi:10.3329/brj.v21i2.38203"
Faridpur,"Cropping patterns under deep water rice ecosystem in Faridpur region, 2014-15.",Lentil-B. Aman,2130.0,0.43,7,"Bangladesh Rice Journal 21(2) 2017, 'Diversity of Cropping Patterns and Land Use Practices in Faridpur Region', doi:10.3329/brj.v21i2.38203"
Faridpur,"Cropping patterns under deep water rice ecosystem in Faridpur region, 2014-15.",Pea-B. Aman,1730.0,0.35,4,"Bangladesh Rice Journal 21(2) 2017, 'Diversity of Cropping Patterns and Land Use Practices in Faridpur Region', doi:10.3329/brj.v21i2.38203"
Faridpur,"Cropping patterns under deep water rice ecosystem in Faridpur region, 2014-15.",Onion-B. Aman,1620.0,0.33,5,"Bangladesh Rice Journal 21(2) 2017, 'Diversity of Cropping Patterns and Land Use Practices in Faridpur Region', doi:10.3329/brj.v21i2.38203"
Faridpur,"Cropping patterns under deep water rice ecosystem in Faridpur region, 2014-15.",Wheat-B. Aman,1500.0,0.31,5,"Bangladesh Rice Journal 21(2) 2017, 'Diversity of Cropping Patterns and Land Use Practices in Faridpur Region', doi:10.3329/brj.v21i2.38203"
Faridpur,"Cropping patterns under deep water rice ecosystem in Faridpur region, 2014-15.",Blackgram-B. Aman,1300.0,0.27,4,"Bangladesh Rice Journal 21(2) 2017, 'Diversity of Cropping Patterns and Land Use Practices in Faridpur Region', doi:10.3329/brj.v21i2.38203"
Faridpur,"Cropping patterns under deep water rice ecosystem in Faridpur region, 2014-15.",Mustard-B. Aman,990.0,0.2,3,"Bangladesh Rice Journal 21(2) 2017, 'Diversity of Cropping Patterns and Land Use Practices in Faridpur Region', doi:10.3329/brj.v21i2.38203"
Faridpur,"Cropping patterns under deep water rice ecosystem in Faridpur region, 2014-15.",Mustard-B.Aus+B. Aman,980.0,0.2,3,"Bangladesh Rice Journal 21(2) 2017, 'Diversity of Cropping Patterns and Land Use Practices in Faridpur Region', doi:10.3329/brj.v21i2.38203"
Faridpur,"Cropping patterns under deep water rice ecosystem in Faridpur region, 2014-15.",Grasspea-B.Aus+B. Aman,770.0,0.16,3,"Bangladesh Rice Journal 21(2) 2017, 'Diversity of Cropping Patterns and Land Use Practices in Faridpur Region', doi:10.3329/brj.v21i2.38203"
Faridpur,"Cropping patterns under deep water rice ecosystem in Faridpur region, 2014-15.",W.Melon-B. Aman,505.0,0.1,2,"Bangladesh Rice Journal 21(2) 2017, 'Diversity of Cropping Patterns and Land Use Practices in Faridpur Region', doi:10.3329/brj.v21i2.38203"
Faridpur,"Cropping patterns under deep water rice ecosystem in Faridpur region, 2014-15.",Fallow-B. Aman,500.0,0.1,1,"Bangladesh Rice Journal 21(2) 2017, 'Diversity of Cropping Patterns and Land Use Practices in Faridpur Region', doi:10.3329/brj.v21i2.38203"
Faridpur,"Cropping patterns under deep water rice ecosystem in Faridpur region, 2014-15.",Garlic-B. Aman,480.0,0.1,3,"Bangladesh Rice Journal 21(2) 2017, 'Diversity of Cropping Patterns and Land Use Practices in Faridpur Region', doi:10.3329/brj.v21i2.38203"
Faridpur,"Cropping patterns under deep water rice ecosystem in Faridpur region, 2014-15.",Vegetable-B. Aman,430.0,0.09,2,"Bangladesh Rice Journal 21(2) 2017, 'Diversity of Cropping Patterns and Land Use Practices in Faridpur Region', doi:10.3329/brj.v21i2.38203"
Faridpur,"Cropping patterns under deep water rice ecosystem in Faridpur region, 2014-15.",Mustard-Sesame+B. Aman,350.0,0.07,1,"Bangladesh Rice Journal 21(2) 2017, 'Diversity of Cropping Patterns and Land Use Practices in Faridpur Region', doi:10.3329/brj.v21i2.38203"
Faridpur,"Cropping patterns under deep water rice ecosystem in Faridpur region, 2014-15.",Onion-Sesame+B. Aman,300.0,0.06,1,"Bangladesh Rice Journal 21(2) 2017, 'Diversity of Cropping Patterns and Land Use Practices in Faridpur Region', doi:10.3329/brj.v21i2.38203"
Chittagong Hill Tracts,"Cropping patterns with exclusive rice in Chittagong Hill Tracts, 2014-15.",Boro-Fallow-T. Aman,19400.0,15.07,24,"Bangladesh Rice Journal 21(2) 2017, 'Crops and Cropping Sequences in Chittagong Hill Tracts', doi:10.3329/brj.v21i2.38204"
Chittagong Hill Tracts,"Cropping patterns with exclusive rice in Chittagong Hill Tracts, 2014-15.",Fallow-Fallow-T. Aman,17610.0,13.68,21,"Bangladesh Rice Journal 21(2) 2017, 'Crops and Cropping Sequences in Chittagong Hill Tracts', doi:10.3329/brj.v21i2.38204"
Chittagong Hill Tracts,"Cropping patterns with exclusive rice in Chittagong Hill Tracts, 2014-15.",Boro-Fallow-Fallow,4950.0,3.85,11,"Bangladesh Rice Journal 21(2) 2017, 'Crops and Cropping Sequences in Chittagong Hill Tracts', doi:10.3329/brj.v21i2.38204"
Chittagong Hill Tracts,"Cropping patterns with exclusive rice in Chittagong Hill Tracts, 2014-15.",Fallow-Aus-T. Aman,1320.0,1.03,9,"Bangladesh Rice Journal 21(2) 2017, 'Crops and Cropping Sequences in Chittagong Hill Tracts', doi:10.3329/brj.v21i2.38204"
Chittagong Hill Tracts,"Cropping patterns with exclusive rice in Chittagong Hill Tracts, 2014-15.",Boro-Aus-Fallow,700.0,0.54,3,"Bangladesh Rice Journal 21(2) 2017, 'Crops and Cropping Sequences in Chittagong Hill Tracts', doi:10.3329/brj.v21i2.38204"
Chittagong Hill Tracts,"Cropping patterns with exclusive rice in Chittagong Hill Tracts, 2014-15.",Boro-Aus-T. Aman,480.0,0.37,5,"Bangladesh Rice Journal 21(2) 2017, 'Crops and Cropping Sequences in Chittagong Hill Tracts', doi:10.3329/brj.v21i2.38204"
Chittagong Hill Tracts,"Cropping patterns of non-rice exclusive in Chittagong Hill Tract, 2014-15.",Vegetable-Fallow-Fallow,6310.0,4.9,17,"Bangladesh Rice Journal 21(2) 2017, 'Crops and Cropping Sequences in Chittagong Hill Tracts', doi:10.3329/brj.v21i2.38204"
Chittagong Hill Tracts,"Cropping patterns of non-rice exclusive in Chittagong Hill Tract, 2014-15.",Vegetable-Vegetable-Fallow,4890.0,3.8,14,"Bangladesh Rice Journal 21(2) 2017, 'Crops and Cropping Sequences in Chittagong Hill Tracts', doi:10.3329/brj.v21i2.38204"
Chittagong Hill Tracts,"Cropping patterns of non-rice exclusive in Chittagong Hill Tract, 2014-15.",Groundnut-Fallow-Fallow,480.0,0.37,8,"Bangladesh Rice Journal 21(2) 2017, 'Crops and Cropping Sequences in Chittagong Hill Tracts', doi:10.3329/brj.v21i2.38204"
Chittagong Hill Tracts,"Cropping patterns of non-rice exclusive in Chittagong Hill Tract, 2014-15.",Tobacco-Fallow-Fallow,470.0,0.37,4,"Bangladesh Rice Journal 21(2) 2017, 'Crops and Cropping Sequences in Chittagong Hill Tracts', doi:10.3329/brj.v21i2.38204"
Chittagong Hill Tracts,"Cropping patterns of non-rice exclusive in Chittagong Hill Tract, 2014-15.",Vegetable-Vegetable-Vegetable,450.0,0.35,2,"Bangladesh Rice Journal 21(2) 2017, 'Crops and Cropping Sequences in Chittagong Hill Tracts', doi:10.3329/brj.v21i2.38204"
Chittagong Hill Tracts,"Cropping patterns of non-rice exclusive in Chittagong Hill Tract, 2014-15.",Sweet potato-Fallow-Fallow,410.0,0.32,12,"Bangladesh Rice Journal 21(2) 2017, 'Crops and Cropping Sequences in Chittagong Hill Tracts', doi:10.3329/brj.v21i2.38204"
Chittagong Hill Tracts,"Cropping patterns of non-rice exclusive in Chittagong Hill Tract, 2014-15.",Chilli-Fallow-Fallow,170.0,0.13,6,"Bangladesh Rice Journal 21(2) 2017, 'Crops and Cropping Sequences in Chittagong Hill Tracts', doi:10.3329/brj.v21i2.38204"
Chittagong Hill Tracts,"Cropping patterns of non-rice exclusive in Chittagong Hill Tract, 2014-15.",Chilli-Vegetable-Fallow,150.0,0.12,4,"Bangladesh Rice Journal 21(2) 2017, 'Crops and Cropping Sequences in Chittagong Hill Tracts', doi:10.3329/brj.v21i2.38204"
Chittagong Hill Tracts,"Cropping patterns of non-rice exclusive in Chittagong Hill Tract, 2014-15.",Potato-Chilli-Fallow,130.0,0.1,2,"Bangladesh Rice Journal 21(2) 2017, 'Crops and Cropping Sequences in Chittagong Hill Tracts', doi:10.3329/brj.v21i2.38204"
Chittagong Hill Tracts,"Cropping patterns of non-rice exclusive in Chittagong Hill Tract, 2014-15.",Felon-Fallow-Fallow,120.0,0.09,2,"Bangladesh Rice Journal 21(2) 2017, 'Crops and Cropping Sequences in Chittagong Hill Tracts', doi:10.3329/brj.v21i2.38204"
Chittagong Hill Tracts,"Cropping patterns of non-rice exclusive in Chittagong Hill Tract, 2014-15.",W.Melon-Fallow-Fallow,120.0,0.09,3,"Bangladesh Rice Journal 21(2) 2017, 'Crops and Cropping Sequences in Chittagong Hill Tracts', doi:10.3329/brj.v21i2.38204"
Chittagong Hill Tracts,"Cropping patterns of non-rice exclusive in Chittagong Hill Tract, 2014-15.",Maize-Fallow-Fallow,110.0,0.09,6,"Bangladesh Rice Journal 21(2) 2017, 'Crops and Cropping Sequences in Chittagong Hill Tracts', doi:10.3329/brj.v21i2.38204"
Chittagong Hill Tracts,"Cropping patterns of non-rice exclusive in Chittagong Hill Tract, 2014-15.",Mustard-Fallow-Fallow,85.0,0.07,6,"Bangladesh Rice Journal 21(2) 2017, 'Crops and Cropping Sequences in Chittagong Hill Tracts', doi:10.3329/brj.v21i2.38204"
Chittagong Hill Tracts,"Cropping patterns of non-rice exclusive in Chittagong Hill Tract, 2014-15.",Maize-Sesame-Fallow,80.0,0.06,2,"Bangladesh Rice Journal 21(2) 2017, 'Crops and Cropping Sequences in Chittagong Hill Tracts', doi:10.3329/brj.v21i2.38204"
Chittagong Hill Tracts,"Cropping patterns of non-rice exclusive in Chittagong Hill Tract, 2014-15.",Coriander-Fallow-Fallow,75.0,0.06,6,"Bangladesh Rice Journal 21(2) 2017, 'Crops and Cropping Sequences in Chittagong Hill Tracts', doi:10.3329/brj.v21i2.38204"
Chittagong Hill Tracts,"Cropping patterns of pulses and oil-seed crops in Chittagong Hill tract, 2014-15.",Groundnut-Fallow-Fallow,480.0,0.37,8,"Bangladesh Rice Journal 21(2) 2017, 'Crops and Cropping Sequences in Chittagong Hill Tracts', doi:10.3329/brj.v21i2.38204"
Chittagong Hill Tracts,"Cropping patterns of pulses and oil-seed crops in Chittagong Hill tract, 2014-15.",Felon-Fallow-T. Aman,370.0,0.29,9,"Bangladesh Rice Journal 21(2) 2017, 'Crops and Cropping Sequences in Chittagong Hill Tracts', doi:10.3329/brj.v21i2.38204"
Chittagong Hill Tracts,"Cropping patterns of pulses and oil-seed crops in Chittagong Hill tract, 2014-15.",Mustard-Fallow-T. Aman,175.0,0.14,9,"Bangladesh Rice Journal 21(2) 2017, 'Crops and Cropping Sequences in Chittagong Hill Tracts', doi:10.3329/brj.v21i2.38204"
Chittagong Hill Tracts,"Cropping patterns of pulses and oil-seed crops in Chittagong Hill tract, 2014-15.",Felon-Fallow-Fallow,120.0,0.09,2,"Bangladesh Rice Journal 21(2) 2017, 'Crops and Cropping Sequences in Chittagong Hill Tracts', doi:10.3329/brj.v21i2.38204"
Chittagong Hill Tracts,"Cropping patterns of pulses and oil-seed crops in Chittagong Hill tract, 2014-15.",Mustard-Fallow-Fallow,85.0,0.07,6,"Bangladesh Rice Journal 21(2) 2017, 'Crops and Cropping Sequences in Chittagong Hill Tracts', doi:10.3329/brj.v21i2.38204"
Chittagong Hill Tracts,"Cropping patterns of pulses and oil-seed crops in Chittagong Hill tract, 2014-15.",Felon-Aus-Fallow,50.0,0.04,1,"Bangladesh Rice Journal 21(2) 2017, 'Crops and Cropping Sequences in Chittagong Hill Tracts', doi:10.3329/brj.v21i2.38204"
Chittagong Hill Tracts,"Cropping patterns of pulses and oil-seed crops in Chittagong Hill tract, 2014-15.",Pea-Fallow-T. Aman,45.0,0.03,6,"Bangladesh Rice Journal 21(2) 2017, 'Crops and Cropping Sequences in Chittagong Hill Tracts', doi:10.3329/brj.v21i2.38204"
Chittagong Hill Tracts,"Cropping patterns of pulses and oil-seed crops in Chittagong Hill tract, 2014-15.",Lentil-Fallow-T. Aman,30.0,0.02,5,"Bangladesh Rice Journal 21(2) 2017, 'Crops and Cropping Sequences in Chittagong Hill Tracts', doi:10.3329/brj.v21i2.38204"
Chittagong Hill Tracts,"Cropping patterns of vegetables and spices crops in Chittagong Hill Tract, 2014-15.",Vegetable-Fallow-Fallow,6310.0,4.9,17,"Bangladesh Rice Journal 21(2) 2017, 'Crops and Cropping Sequences in Chittagong Hill Tracts', doi:10.3329/brj.v21i2.38204"
Chittagong Hill Tracts,"Cropping patterns of vegetables and spices crops in Chittagong Hill Tract, 2014-15.",Vegetable-Fallow-T. Aman,5450.0,4.23,22,"Bangladesh Rice Journal 21(2) 2017, 'Crops and Cropping Sequences in Chittagong Hill Tracts', doi:10.3329/brj.v21i2.38204"
Chittagong Hill Tracts,"Cropping patterns of vegetables and spices crops in Chittagong Hill Tract, 2014-15.",Vegetable-Vegetable-Fallow,4890.0,3.8,14,"Bangladesh Rice Journal 21(2) 2017, 'Crops and Cropping Sequences in Chittagong Hill Tracts', doi:10.3329/brj.v21i2.38204"
Chittagong Hill Tracts,"Cropping patterns of vegetables and spices crops in Chittagong Hill Tract, 2014-15.",Vegetable-Vegetable-T. Aman,1850.0,1.44,7,"Bangladesh Rice Journal 21(2) 2017, 'Crops and Cropping Sequences in Chittagong Hill Tracts', doi:10.3329/brj.v21i2.38204"
Chittagong Hill Tracts,"Cropping patterns of vegetables and spices crops in Chittagong Hill Tract, 2014-15.",Vegetable-Aus-Fallow,910.0,0.71,6,"Bangladesh Rice Journal 21(2) 2017, 'Crops and Cropping Sequences in Chittagong Hill Tracts', doi:10.3329/brj.v21i2.38204"
Chittagong Hill Tracts,"Cropping patterns of vegetables and spices crops in Chittagong Hill Tract, 2014-15.",Fallow-Vegetable-T. Aman,520.0,0.4,5,"Bangladesh Rice Journal 21(2) 2017, 'Crops and Cropping Sequences in Chittagong Hill Tracts', doi:10.3329/brj.v21i2.38204"
Chittagong Hill Tracts,"Cropping patterns of vegetables and spices crops in Chittagong Hill Tract, 2014-15.",Potato-Fallow-T. Aman,520.0,0.4,12,"Bangladesh Rice Journal 21(2) 2017, 'Crops and Cropping Sequences in Chittagong Hill Tracts', doi:10.3329/brj.v21i2.38204"
Chittagong Hill Tracts,"Cropping patterns of vegetables and spices crops in Chittagong Hill Tract, 2014-15.",Vegetable-Vegetable-Vegetable,450.0,0.35,2,"Bangladesh Rice Journal 21(2) 2017, 'Crops and Cropping Sequences in Chittagong Hill Tracts', doi:10.3329/brj.v21i2.38204"
Chittagong Hill Tracts,"Cropping patterns of vegetables and spices crops in Chittagong Hill Tract, 2014-15.",Chilli-Fallow-T. Aman,380.0,0.3,12,"Bangladesh Rice Journal 21(2) 2017, 'Crops and Cropping Sequences in Chittagong Hill Tracts', doi:10.3329/brj.v21i2.38204"
Chittagong Hill Tracts,"Cropping patterns of vegetables and spices crops in Chittagong Hill Tract, 2014-15.",Potato-Aus-T. Aman,340.0,0.26,7,"Bangladesh Rice Journal 21(2) 2017, 'Crops and Cropping Sequences in Chittagong Hill Tracts', doi:10.3329/brj.v21i2.38204"
Chittagong Hill Tracts,"Cropping patterns of vegetables and spices crops in Chittagong Hill Tract, 2014-15.",Garlic-Aus-Fallow,300.0,0.23,1,"Bangladesh Rice Journal 21(2) 2017, 'Crops and Cropping Sequences in Chittagong Hill Tracts', doi:10.3329/brj.v21i2.38204"
Chittagong Hill Tracts,"Cropping patterns of vegetables and spices crops in Chittagong Hill Tract, 2014-15.",Onion-Aus-Fallow,300.0,0.23,1,"Bangladesh Rice Journal 21(2) 2017, 'Crops and Cropping Sequences in Chittagong Hill Tracts', doi:10.3329/brj.v21i2.38204"
Chittagong Hill Tracts,"Cropping patterns of vegetables and spices crops in Chittagong Hill Tract, 2014-15.",Boro-Vegetable(Float/Norm),290.0,0.23,3,"Bangladesh Rice Journal 21(2) 2017, 'Crops and Cropping Sequences in Chittagong Hill Tracts', doi:10.3329/brj.v21i2.38204"
Chittagong Hill Tracts,"Cropping patterns of vegetables and spices crops in Chittagong Hill Tract, 2014-15.",Potato-Maize-T. Aman,180.0,0.14,4,"Bangladesh Rice Journal 21(2) 2017, 'Crops and Cropping Sequences in Chittagong Hill Tracts', doi:10.3329/brj.v21i2.38204"
Chittagong Hill Tracts,"Cropping patterns of vegetables and spices crops in Chittagong Hill Tract, 2014-15.",Chilli-Fallow-Fallow,170.0,0.13,6,"Bangladesh Rice Journal 21(2) 2017, 'Crops and Cropping Sequences in Chittagong Hill Tracts', doi:10.3329/brj.v21i2.38204"
Chittagong Hill Tracts,"Cropping patterns of vegetables and spices crops in Chittagong Hill Tract, 2014-15.",Chilli-Vegetable-Fallow,150.0,0.12,4,"Bangladesh Rice Journal 21(2) 2017, 'Crops and Cropping Sequences in Chittagong Hill Tracts', doi:10.3329/brj.v21i2.38204"
Chittagong Hill Tracts,"Cropping patterns of vegetables and spices crops in Chittagong Hill Tract, 2014-15.",Potato-Vegetable-T. Aman,140.0,0.11,2,"Bangladesh Rice Journal 21(2) 2017, 'Crops and Cropping Sequences in Chittagong Hill Tracts', doi:10.3329/brj.v21i2.38204"
Chittagong Hill Tracts,"Cropping patterns of vegetables and spices crops in Chittagong Hill Tract, 2014-15.",Potato-Aus-Fallow,130.0,0.1,2,"Bangladesh Rice Journal 21(2) 2017, 'Crops and Cropping Sequences in Chittagong Hill Tracts', doi:10.3329/brj.v21i2.38204"
Chittagong Hill Tracts,"Cropping patterns of vegetables and spices crops in Chittagong Hill Tract, 2014-15.",Potato-Chilli-Fallow,130.0,0.1,2,"Bangladesh Rice Journal 21(2) 2017, 'Crops and Cropping Sequences in Chittagong Hill Tracts', doi:10.3329/brj.v21i2.38204"
Chittagong Hill Tracts,"Cropping patterns of vegetables and spices crops in Chittagong Hill Tract, 2014-15.",Vegetable-Aus-T. Aman,130.0,0.1,4,"Bangladesh Rice Journal 21(2) 2017, 'Crops and Cropping Sequences in Chittagong Hill Tracts', doi:10.3329/brj.v21i2.38204"
Chittagong Hill Tracts,"Cropping patterns of vegetables and spices crops in Chittagong Hill Tract, 2014-15.",Chilli-Aus-Fallow,120.0,0.09,3,"Bangladesh Rice Journal 21(2) 2017, 'Crops and Cropping Sequences in Chittagong Hill Tracts', doi:10.3329/brj.v21i2.38204"
Chittagong Hill Tracts,"Cropping patterns of vegetables and spices crops in Chittagong Hill Tract, 2014-15.",Chilli-Aus-T. Aman,120.0,0.09,2,"Bangladesh Rice Journal 21(2) 2017, 'Crops and Cropping Sequences in Chittagong Hill Tracts', doi:10.3329/brj.v21i2.38204"
Chittagong Hill Tracts,"Cropping patterns of vegetables and spices crops in Chittagong Hill Tract, 2014-15.",Coriander-Fallow-T. Aman,120.0,0.09,8,"Bangladesh Rice Journal 21(2) 2017, 'Crops and Cropping Sequences in Chittagong Hill Tracts', doi:10.3329/brj.v21i2.38204"
Chittagong Hill Tracts,"Cropping patterns of vegetables and spices crops in Chittagong Hill Tract, 2014-15.",Coriander-Fallow-Fallow,75.0,0.06,6,"Bangladesh Rice Journal 21(2) 2017, 'Crops and Cropping Sequences in Chittagong Hill Tracts', doi:10.3329/brj.v21i2.38204"
Jessore,"Cropping patterns with exclusive rice in Jessore region, 2014-15.",Boro-Fallow-T. Aman,237850.0,32.28,34,"Bangladesh Rice Journal 21(2) 2017, 'Diversity of Crops and Cropping Systems in Jessore Region', doi:10.3329/brj.v21i2.38206"
Jessore,"Cropping patterns with exclusive rice in Jessore region, 2014-15.",Boro-Fallow-Fallow,39010.0,5.29,24,"Bangladesh Rice Journal 21(2) 2017, 'Diversity of Crops and Cropping Systems in Jessore Region', doi:10.3329/brj.v21i2.38206"
Jessore,"Cropping patterns with exclusive rice in Jessore region, 2014-15.",Boro-Aus-T. Aman,20350.0,2.76,15,"Bangladesh Rice Journal 21(2) 2017, 'Diversity of Crops and Cropping Systems in Jessore Region', doi:10.3329/brj.v21i2.38206"
Jessore,"Cropping patterns with exclusive rice in Jessore region, 2014-15.",Boro-Aus-Fallow,17000.0,2.31,16,"Bangladesh Rice Journal 21(2) 2017, 'Diversity of Crops and Cropping Systems in Jessore Region', doi:10.3329/brj.v21i2.38206"
Jessore,"Cropping patterns with exclusive rice in Jessore region, 2014-15.",Boro-B. Aman,8250.0,1.12,6,"Bangladesh Rice Journal 21(2) 2017, 'Diversity of Crops and Cropping Systems in Jessore Region', doi:10.3329/brj.v21i2.38206"
Jessore,"Cropping patterns with exclusive rice in Jessore region, 2014-15.",Fallow-B.Aus+B. Aman,500.0,0.07,1,"Bangladesh Rice Journal 21(2) 2017, 'Diversity of Crops and Cropping Systems in Jessore Region', doi:10.3329/brj.v21i2.38206"
Jessore,"Cropping patterns with exclusive rice in Jessore region, 2014-15.",Fallow-Fallow-T. Aman,300.0,0.04,1,"Bangladesh Rice Journal 21(2) 2017, 'Diversity of Crops and Cropping Systems in Jessore Region', doi:10.3329/brj.v21i2.38206"
Jessore,"Cropping patterns with exclusive rice in Jessore region, 2014-15.",Fallow-B. Aman,180.0,0.02,3,"Bangladesh Rice Journal 21(2) 2017, 'Diversity of Crops and Cropping Systems in Jessore Region', doi:10.3329/brj.v21i2.38206"
Jessore,"Cropping patterns with exclusive rice in Jessore region, 2014-15.",Fallow-Aus-Fallow,70.0,0.01,1,"Bangladesh Rice Journal 21(2) 2017, 'Diversity of Crops and Cropping Systems in Jessore Region', doi:10.3329/brj.v21i2.38206"
Jessore,"Cropping patterns with exclusive non-rice in Jessore region, 2014-15.",Vegetable-Vegetable-Vegetable,19170.0,2.6,25,"Bangladesh Rice Journal 21(2) 2017, 'Diversity of Crops and Cropping Systems in Jessore Region', doi:10.3329/brj.v21i2.38206"
Jessore,"Cropping patterns with exclusive non-rice in Jessore region, 2014-15.",Maize-Jute-Fallow,9900.0,1.34,7,"Bangladesh Rice Journal 21(2) 2017, 'Diversity of Crops and Cropping Systems in Jessore Region', doi:10.3329/brj.v21i2.38206"
Jessore,"Cropping patterns with exclusive non-rice in Jessore region, 2014-15.",Wheat-Jute-Fallow,7960.0,1.08,9,"Bangladesh Rice Journal 21(2) 2017, 'Diversity of Crops and Cropping Systems in Jessore Region', doi:10.3329/brj.v21i2.38206"
Jessore,"Cropping patterns with exclusive non-rice in Jessore region, 2014-15.",Lentil-Jute-Fallow,7550.0,1.02,13,"Bangladesh Rice Journal 21(2) 2017, 'Diversity of Crops and Cropping Systems in Jessore Region', doi:10.3329/brj.v21i2.38206"
Jessore,"Cropping patterns with exclusive non-rice in Jessore region, 2014-15.",Grasspea-Jute-Fallow,6140.0,0.83,6,"Bangladesh Rice Journal 21(2) 2017, 'Diversity of Crops and Cropping Systems in Jessore Region', doi:10.3329/brj.v21i2.38206"
Jessore,"Cropping patterns with exclusive non-rice in Jessore region, 2014-15.",Vegetable-Vegetable-Fallow,4120.0,0.56,9,"Bangladesh Rice Journal 21(2) 2017, 'Diversity of Crops and Cropping Systems in Jessore Region', doi:10.3329/brj.v21i2.38206"
Jessore,"Cropping patterns with exclusive non-rice in Jessore region, 2014-15.",Wheat-Chilli-Fallow,3350.0,0.45,4,"Bangladesh Rice Journal 21(2) 2017, 'Diversity of Crops and Cropping Systems in Jessore Region', doi:10.3329/brj.v21i2.38206"
Jessore,"Cropping patterns with exclusive non-rice in Jessore region, 2014-15.",Lentil-Vegetable-Vegetable,2780.0,0.38,10,"Bangladesh Rice Journal 21(2) 2017, 'Diversity of Crops and Cropping Systems in Jessore Region', doi:10.3329/brj.v21i2.38206"
Jessore,"Cropping patterns with exclusive non-rice in Jessore region, 2014-15.",Wheat-Jute-Blackgram,2750.0,0.37,4,"Bangladesh Rice Journal 21(2) 2017, 'Diversity of Crops and Cropping Systems in Jessore Region', doi:10.3329/brj.v21i2.38206"
Jessore,"Cropping patterns with exclusive non-rice in Jessore region, 2014-15.",Onion-Jute-Fallow,2600.0,0.35,9,"Bangladesh Rice Journal 21(2) 2017, 'Diversity of Crops and Cropping Systems in Jessore Region', doi:10.3329/brj.v21i2.38206"
Jessore,"Cropping patterns with exclusive non-rice in Jessore region, 2014-15.",Onion-Vegetable-Vegetable,2090.0,0.28,10,"Bangladesh Rice Journal 21(2) 2017, 'Diversity of Crops and Cropping Systems in Jessore Region', doi:10.3329/brj.v21i2.38206"
Jessore,"Cropping patterns with exclusive non-rice in Jessore region, 2014-15.",Mustard-Jute-Vegetable,1900.0,0.26,5,"Bangladesh Rice Journal 21(2) 2017, 'Diversity of Crops and Cropping Systems in Jessore Region', doi:10.3329/brj.v21i2.38206"
Jessore,"Cropping patterns with exclusive non-rice in Jessore region, 2014-15.",Maize-Vegetable-Fallow,1750.0,0.24,4,"Bangladesh Rice Journal 21(2) 2017, 'Diversity of Crops and Cropping Systems in Jessore Region', doi:10.3329/brj.v21i2.38206"
Jessore,"Cropping patterns with exclusive non-rice in Jessore region, 2014-15.",Vegetable-Jute-Fallow,1730.0,0.23,5,"Bangladesh Rice Journal 21(2) 2017, 'Diversity of Crops and Cropping Systems in Jessore Region', doi:10.3329/brj.v21i2.38206"
Jessore,"Cropping patterns with exclusive non-rice in Jessore region, 2014-15.",Chilli-Vegetable-Fallow,1330.0,0.18,13,"Bangladesh Rice Journal 21(2) 2017, 'Diversity of Crops and Cropping Systems in Jessore Region', doi:10.3329/brj.v21i2.38206"
Jessore,"Cropping patterns with exclusive non-rice in Jessore region, 2014-15.",Vegetable-Fallow-Blackgram,1250.0,0.17,4,"Bangladesh Rice Journal 21(2) 2017, 'Diversity of Crops and Cropping Systems in Jessore Region', doi:10.3329/brj.v21i2.38206"
Jessore,"Cropping patterns with exclusive non-rice in Jessore region, 2014-15.",Wheat-Vegetable-Vegetable,1240.0,0.17,6,"Bangladesh Rice Journal 21(2) 2017, 'Diversity of Crops and Cropping Systems in Jessore Region', doi:10.3329/brj.v21i2.38206"
Jessore,"Cropping patterns with exclusive non-rice in Jessore region, 2014-15.",Pea-Jute-Fallow,1170.0,0.16,6,"Bangladesh Rice Journal 21(2) 2017, 'Diversity of Crops and Cropping Systems in Jessore Region', doi:10.3329/brj.v21i2.38206"
Jessore,"Cropping patterns with exclusive non-rice in Jessore region, 2014-15.",Wheat-Jute-Vegetable,1100.0,0.15,3,"Bangladesh Rice Journal 21(2) 2017, 'Diversity of Crops and Cropping Systems in Jessore Region', doi:10.3329/brj.v21i2.38206"
Jessore,"Cropping patterns with exclusive non-rice in Jessore region, 2014-15.",Garlic-Jute-Fallow,1040.0,0.14,5,"Bangladesh Rice Journal 21(2) 2017, 'Diversity of Crops and Cropping Systems in Jessore Region', doi:10.3329/brj.v21i2.38206"
Jessore,"Cropping patterns with exclusive non-rice in Jessore region, 2014-15.",Garlic-Vegetable-Vegetable,850.0,0.12,8,"Bangladesh Rice Journal 21(2) 2017, 'Diversity of Crops and Cropping Systems in Jessore Region', doi:10.3329/brj.v21i2.38206"
Jessore,"Cropping patterns with exclusive non-rice in Jessore region, 2014-15.",Chilli-Fallow-Fallow,840.0,0.12,6,"Bangladesh Rice Journal 21(2) 2017, 'Diversity of Crops and Cropping Systems in Jessore Region', doi:10.3329/brj.v21i2.38206"
Jessore,"Cropping patterns with exclusive non-rice in Jessore region, 2014-15.",Maize-Mungbean-Vegetable,800.0,0.11,1,"Bangladesh Rice Journal 21(2) 2017, 'Diversity of Crops and Cropping Systems in Jessore Region', doi:10.3329/brj.v21i2.38206"
Jessore,"Cropping patterns with exclusive non-rice in Jessore region, 2014-15.",Pea-Vegetable-Fallow,800.0,0.11,3,"Bangladesh Rice Journal 21(2) 2017, 'Diversity of Crops and Cropping Systems in Jessore Region', doi:10.3329/brj.v21i2.38206"
Jessore,"Cropping patterns with exclusive non-rice in Jessore region, 2014-15.",Vegetable-Jute-Vegetable,800.0,0.11,1,"Bangladesh Rice Journal 21(2) 2017, 'Diversity of Crops and Cropping Systems in Jessore Region', doi:10.3329/brj.v21i2.38206"
Jessore,"Cropping patterns with exclusive non-rice in Jessore region, 2014-15.",Lentil-Sesame-Fallow,770.0,0.11,3,"Bangladesh Rice Journal 21(2) 2017, 'Diversity of Crops and Cropping Systems in Jessore Region', doi:10.3329/brj.v21i2.38206"
Jessore,"Cropping patterns with exclusive non-rice in Jessore region, 2014-15.",Maize-Groundnut,620.0,0.08,1,"Bangladesh Rice Journal 21(2) 2017, 'Diversity of Crops and Cropping Systems in Jessore Region', doi:10.3329/brj.v21i2.38206"
Jessore,"Cropping patterns with exclusive non-rice in Jessore region, 2014-15.",Potato-Sesame-Fallow,540.0,0.07,2,"Bangladesh Rice Journal 21(2) 2017, 'Diversity of Crops and Cropping Systems in Jessore Region', doi:10.3329/brj.v21i2.38206"
Jessore,"Cropping patterns with exclusive non-rice in Jessore region, 2014-15.",Potato-Jute-Fallow,530.0,0.07,4,"Bangladesh Rice Journal 21(2) 2017, 'Diversity of Crops and Cropping Systems in Jessore Region', doi:10.3329/brj.v21i2.38206"
Jessore,"Cropping patterns with exclusive non-rice in Jessore region, 2014-15.",Vegetable-Maize-Fallow,510.0,0.07,2,"Bangladesh Rice Journal 21(2) 2017, 'Diversity of Crops and Cropping Systems in Jessore Region', doi:10.3329/brj.v21i2.38206"
Jessore,"Cropping patterns with exclusive non-rice in Jessore region, 2014-15.",Mustard-Jute-Fallow,450.0,0.06,2,"Bangladesh Rice Journal 21(2) 2017, 'Diversity of Crops and Cropping Systems in Jessore Region', doi:10.3329/brj.v21i2.38206"
Jessore,"Cropping patterns with exclusive non-rice in Jessore region, 2014-15.",Coriander-Fallow-Fallow,300.0,0.04,3,"Bangladesh Rice Journal 21(2) 2017, 'Diversity of Crops and Cropping Systems in Jessore Region', doi:10.3329/brj.v21i2.38206"
Jessore,"Cropping patterns based on maize and wheat in Jessore region, 2014-15.",Wheat-Jute-T. Aman,30300.0,4.11,29,"Bangladesh Rice Journal 21(2) 2017, 'Diversity of Crops and Cropping Systems in Jessore Region', doi:10.3329/brj.v21i2.38206"
Jessore,"Cropping patterns based on maize and wheat in Jessore region, 2014-15.",Maize-Aus-Fallow,10850.0,1.47,6,"Bangladesh Rice Journal 21(2) 2017, 'Diversity of Crops and Cropping Systems in Jessore Region', doi:10.3329/brj.v21i2.38206"
Jessore,"Cropping patterns based on maize and wheat in Jessore region, 2014-15.",Maize-Jute-Fallow,9900.0,1.34,7,"Bangladesh Rice Journal 21(2) 2017, 'Diversity of Crops and Cropping Systems in Jessore Region', doi:10.3329/brj.v21i2.38206"
Jessore,"Cropping patterns based on maize and wheat in Jessore region, 2014-15.",Maize-Fallow-T. Aman,9000.0,1.22,7,"Bangladesh Rice Journal 21(2) 2017, 'Diversity of Crops and Cropping Systems in Jessore Region', doi:10.3329/brj.v21i2.38206"
Jessore,"Cropping patterns based on maize and wheat in Jessore region, 2014-15.",Wheat-Jute-Fallow,7960.0,1.08,9,"Bangladesh Rice Journal 21(2) 2017, 'Diversity of Crops and Cropping Systems in Jessore Region', doi:10.3329/brj.v21i2.38206"
Jessore,"Cropping patterns based on maize and wheat in Jessore region, 2014-15.",Maize-Jute-T. Aman,5580.0,0.76,9,"Bangladesh Rice Journal 21(2) 2017, 'Diversity of Crops and Cropping Systems in Jessore Region', doi:10.3329/brj.v21i2.38206"
Jessore,"Cropping patterns based on maize and wheat in Jessore region, 2014-15.",Maize-Mungbean-T. Aman,4900.0,0.66,3,"Bangladesh Rice Journal 21(2) 2017, 'Diversity of Crops and Cropping Systems in Jessore Region', doi:10.3329/brj.v21i2.38206"
Jessore,"Cropping patterns based on maize and wheat in Jessore region, 2014-15.",Wheat-Sesame-T. Aman,3750.0,0.51,9,"Bangladesh Rice Journal 21(2) 2017, 'Diversity of Crops and Cropping Systems in Jessore Region', doi:10.3329/brj.v21i2.38206"
Jessore,"Cropping patterns based on maize and wheat in Jessore region, 2014-15.",Wheat-Chilli-Fallow,3350.0,0.45,4,"Bangladesh Rice Journal 21(2) 2017, 'Diversity of Crops and Cropping Systems in Jessore Region', doi:10.3329/brj.v21i2.38206"
Jessore,"Cropping patterns based on maize and wheat in Jessore region, 2014-15.",Maize-Aus-Vegetable,3000.0,0.41,4,"Bangladesh Rice Journal 21(2) 2017, 'Diversity of Crops and Cropping Systems in Jessore Region', doi:10.3329/brj.v21i2.38206"
Jessore,"Cropping patterns based on maize and wheat in Jessore region, 2014-15.",Wheat-Fallow-T. Aman,2910.0,0.39,8,"Bangladesh Rice Journal 21(2) 2017, 'Diversity of Crops and Cropping Systems in Jessore Region', doi:10.3329/brj.v21i2.38206"
Jessore,"Cropping patterns based on maize and wheat in Jessore region, 2014-15.",Wheat-Jute-Blackgram,2750.0,0.37,4,"Bangladesh Rice Journal 21(2) 2017, 'Diversity of Crops and Cropping Systems in Jessore Region', doi:10.3329/brj.v21i2.38206"
Jessore,"Cropping patterns based on maize and wheat in Jessore region, 2014-15.",Wheat-Aus-T. Aman,2130.0,0.29,8,"Bangladesh Rice Journal 21(2) 2017, 'Diversity of Crops and Cropping Systems in Jessore Region', doi:10.3329/brj.v21i2.38206"
Jessore,"Cropping patterns based on maize and wheat in Jessore region, 2014-15.",Wheat-Aus-Fallow,1910.0,0.26,5,"Bangladesh Rice Journal 21(2) 2017, 'Diversity of Crops and Cropping Systems in Jessore Region', doi:10.3329/brj.v21i2.38206"
Jessore,"Cropping patterns based on maize and wheat in Jessore region, 2014-15.",Maize-Vegetable-Fallow,1750.0,0.24,4,"Bangladesh Rice Journal 21(2) 2017, 'Diversity of Crops and Cropping Systems in Jessore Region', doi:10.3329/brj.v21i2.38206"
Jessore,"Cropping patterns based on maize and wheat in Jessore region, 2014-15.",Maize-Sesame-T. Aman,1530.0,0.21,7,"Bangladesh Rice Journal 21(2) 2017, 'Diversity of Crops and Cropping Systems in Jessore Region', doi:10.3329/brj.v21i2.38206"
Jessore,"Cropping patterns based on maize and wheat in Jessore region, 2014-15.",Maize-Vegetable-T. Aman,1260.0,0.17,3,"Bangladesh Rice Journal 21(2) 2017, 'Diversity of Crops and Cropping Systems in Jessore Region', doi:10.3329/brj.v21i2.38206"
Jessore,"Cropping patterns based on maize and wheat in Jessore region, 2014-15.",Wheat-Vegetable-Vegetable,1240.0,0.17,6,"Bangladesh Rice Journal 21(2) 2017, 'Diversity of Crops and Cropping Systems in Jessore Region', doi:10.3329/brj.v21i2.38206"
Jessore,"Cropping patterns based on maize and wheat in Jessore region, 2014-15.",Wheat-Jute-Vegetable,1100.0,0.15,3,"Bangladesh Rice Journal 21(2) 2017, 'Diversity of Crops and Cropping Systems in Jessore Region', doi:10.3329/brj.v21i2.38206"
Jessore,"Cropping patterns based on maize and wheat in Jessore region, 2014-15.",Mustard-Maize-T. Aman,900.0,0.12,2,"Bangladesh Rice Journal 21(2) 2017, 'Diversity of Crops and Cropping Systems in Jessore Region', doi:10.3329/brj.v21i2.38206"
Jessore,"Cropping patterns based on maize and wheat in Jessore region, 2014-15.",Vegetable-Maize-T. Aman,880.0,0.12,1,"Bangladesh Rice Journal 21(2) 2017, 'Diversity of Crops and Cropping Systems in Jessore Region', doi:10.3329/brj.v21i2.38206"
Jessore,"Cropping patterns based on maize and wheat in Jessore region, 2014-15.",Wheat-Mungbean-T. Aman,810.0,0.11,6,"Bangladesh Rice Journal 21(2) 2017, 'Diversity of Crops and Cropping Systems in Jessore Region', doi:10.3329/brj.v21i2.38206"
Jessore,"Cropping patterns based on maize and wheat in Jessore region, 2014-15.",Maize-Mungbean-Vegetable,800.0,0.11,1,"Bangladesh Rice Journal 21(2) 2017, 'Diversity of Crops and Cropping Systems in Jessore Region', doi:10.3329/brj.v21i2.38206"
Jessore,"Cropping patterns based on maize and wheat in Jessore region, 2014-15.",Wheat-Vegetable-T. Aman,670.0,0.09,4,"Bangladesh Rice Journal 21(2) 2017, 'Diversity of Crops and Cropping Systems in Jessore Region', doi:10.3329/brj.v21i2.38206"
Jessore,"Cropping patterns based on maize and wheat in Jessore region, 2014-15.",Maize-Groundnut,620.0,0.08,1,"Bangladesh Rice Journal 21(2) 2017, 'Diversity of Crops and Cropping Systems in Jessore Region', doi:10.3329/brj.v21i2.38206"
Jessore,"Cropping patterns based on maize and wheat in Jessore region, 2014-15.",Wheat-Aus-Cotton,600.0,0.08,1,"Bangladesh Rice Journal 21(2) 2017, 'Diversity of Crops and Cropping Systems in Jessore Region', doi:10.3329/brj.v21i2.38206"
Jessore,"Cropping patterns based on maize and wheat in Jessore region, 2014-15.",Maize-Aus-T. Aman,580.0,0.08,3,"Bangladesh Rice Journal 21(2) 2017, 'Diversity of Crops and Cropping Systems in Jessore Region', doi:10.3329/brj.v21i2.38206"
Jessore,"Cropping patterns based on maize and wheat in Jessore region, 2014-15.",Potato-Maize-T. Aman,550.0,0.07,2,"Bangladesh Rice Journal 21(2) 2017, 'Diversity of Crops and Cropping Systems in Jessore Region', doi:10.3329/brj.v21i2.38206"
Jessore,"Cropping patterns based on maize and wheat in Jessore region, 2014-15.",Vegetable-Maize-Fallow,510.0,0.07,2,"Bangladesh Rice Journal 21(2) 2017, 'Diversity of Crops and Cropping Systems in Jessore Region', doi:10.3329/brj.v21i2.38206"
Jessore,"Cropping patterns based on maize and wheat in Jessore region, 2014-15.",Wheat-Aus-Blackgram,300.0,0.04,2,"Bangladesh Rice Journal 21(2) 2017, 'Diversity of Crops and Cropping Systems in Jessore Region', doi:10.3329/brj.v21i2.38206"
Jessore,"Cropping patterns based on maize and wheat in Jessore region, 2014-15.",Maize-Sesame-Fallow,280.0,0.04,2,"Bangladesh Rice Journal 21(2) 2017, 'Diversity of Crops and Cropping Systems in Jessore Region', doi:10.3329/brj.v21i2.38206"
Jessore,"Cropping patterns based on maize and wheat in Jessore region, 2014-15.",Mustard-Maize-Jute,200.0,0.03,1,"Bangladesh Rice Journal 21(2) 2017, 'Diversity of Crops and Cropping Systems in Jessore Region', doi:10.3329/brj.v21i2.38206"
Jessore,"Cropping patterns based on maize and wheat in Jessore region, 2014-15.",Tobacco-Maize-T. Aman,190.0,0.03,2,"Bangladesh Rice Journal 21(2) 2017, 'Diversity of Crops and Cropping Systems in Jessore Region', doi:10.3329/brj.v21i2.38206"
Jessore,"Jute-based cropping patterns in Jessore region, 2014-15.",Wheat-Jute-T. Aman,30300.0,4.11,29,"Bangladesh Rice Journal 21(2) 2017, 'Diversity of Crops and Cropping Systems in Jessore Region', doi:10.3329/brj.v21i2.38206"
Jessore,"Jute-based cropping patterns in Jessore region, 2014-15.",Lentil-Jute-T. Aman,29650.0,4.02,23,"Bangladesh Rice Journal 21(2) 2017, 'Diversity of Crops and Cropping Systems in Jessore Region', doi:10.3329/brj.v21i2.38206"
Jessore,"Jute-based cropping patterns in Jessore region, 2014-15.",Tobacco-Jute-T. Aman,12180.0,1.65,8,"Bangladesh Rice Journal 21(2) 2017, 'Diversity of Crops and Cropping Systems in Jessore Region', doi:10.3329/brj.v21i2.38206"
Jessore,"Jute-based cropping patterns in Jessore region, 2014-15.",Onion-Jute-T. Aman,10740.0,1.46,21,"Bangladesh Rice Journal 21(2) 2017, 'Diversity of Crops and Cropping Systems in Jessore Region', doi:10.3329/brj.v21i2.38206"
Jessore,"Jute-based cropping patterns in Jessore region, 2014-15.",Mustard-Jute-T. Aman,10710.0,1.45,15,"Bangladesh Rice Journal 21(2) 2017, 'Diversity of Crops and Cropping Systems in Jessore Region', doi:10.3329/brj.v21i2.38206"
Jessore,"Jute-based cropping patterns in Jessore region, 2014-15.",Maize-Jute-Fallow,9900.0,1.34,7,"Bangladesh Rice Journal 21(2) 2017, 'Diversity of Crops and Cropping Systems in Jessore Region', doi:10.3329/brj.v21i2.38206"
Jessore,"Jute-based cropping patterns in Jessore region, 2014-15.",Wheat-Jute-Fallow,7960.0,1.08,9,"Bangladesh Rice Journal 21(2) 2017, 'Diversity of Crops and Cropping Systems in Jessore Region', doi:10.3329/brj.v21i2.38206"
Jessore,"Jute-based cropping patterns in Jessore region, 2014-15.",Lentil-Jute-Fallow,7550.0,1.02,13,"Bangladesh Rice Journal 21(2) 2017, 'Diversity of Crops and Cropping Systems in Jessore Region', doi:10.3329/brj.v21i2.38206"
Jessore,"Jute-based cropping patterns in Jessore region, 2014-15.",Boro-Jute-T. Aman,6320.0,0.86,11,"Bangladesh Rice Journal 21(2) 2017, 'Diversity of Crops and Cropping Systems in Jessore Region', doi:10.3329/brj.v21i2.38206"
Jessore,"Jute-based cropping patterns in Jessore region, 2014-15.",Boro-Jute-Fallow,6250.0,0.85,7,"Bangladesh Rice Journal 21(2) 2017, 'Diversity of Crops and Cropping Systems in Jessore Region', doi:10.3329/brj.v21i2.38206"
Jessore,"Jute-based cropping patterns in Jessore region, 2014-15.",Grasspea-Jute-Fallow,6140.0,0.83,6,"Bangladesh Rice Journal 21(2) 2017, 'Diversity of Crops and Cropping Systems in Jessore Region', doi:10.3329/brj.v21i2.38206"
Jessore,"Jute-based cropping patterns in Jessore region, 2014-15.",Maize-Jute-T. Aman,5580.0,0.76,9,"Bangladesh Rice Journal 21(2) 2017, 'Diversity of Crops and Cropping Systems in Jessore Region', doi:10.3329/brj.v21i2.38206"
Jessore,"Jute-based cropping patterns in Jessore region, 2014-15.",Tobacco-Jute-Fallow,3950.0,0.54,6,"Bangladesh Rice Journal 21(2) 2017, 'Diversity of Crops and Cropping Systems in Jessore Region', doi:10.3329/brj.v21i2.38206"
Jessore,"Jute-based cropping patterns in Jessore region, 2014-15.",Garlic-Jute-T. Aman,3100.0,0.42,14,"Bangladesh Rice Journal 21(2) 2017, 'Diversity of Crops and Cropping Systems in Jessore Region', doi:10.3329/brj.v21i2.38206"
Jessore,"Jute-based cropping patterns in Jessore region, 2014-15.",Wheat-Jute-Blackgram,2750.0,0.37,4,"Bangladesh Rice Journal 21(2) 2017, 'Diversity of Crops and Cropping Systems in Jessore Region', doi:10.3329/brj.v21i2.38206"
Jessore,"Jute-based cropping patterns in Jessore region, 2014-15.",Onion-Jute-Fallow,2600.0,0.35,9,"Bangladesh Rice Journal 21(2) 2017, 'Diversity of Crops and Cropping Systems in Jessore Region', doi:10.3329/brj.v21i2.38206"
Jessore,"Jute-based cropping patterns in Jessore region, 2014-15.",Mustard-Boro-Jute-T. Aman,2500.0,0.34,5,"Bangladesh Rice Journal 21(2) 2017, 'Diversity of Crops and Cropping Systems in Jessore Region', doi:10.3329/brj.v21i2.38206"
Jessore,"Jute-based cropping patterns in Jessore region, 2014-15.",Grasspea-Jute-T. Aman,2150.0,0.29,10,"Bangladesh Rice Journal 21(2) 2017, 'Diversity of Crops and Cropping Systems in Jessore Region', doi:10.3329/brj.v21i2.38206"
Jessore,"Jute-based cropping patterns in Jessore region, 2014-15.",Mustard-Jute-Vegetable,1900.0,0.26,5,"Bangladesh Rice Journal 21(2) 2017, 'Diversity of Crops and Cropping Systems in Jessore Region', doi:10.3329/brj.v21i2.38206"
Jessore,"Jute-based cropping patterns in Jessore region, 2014-15.",Vegetable-Jute-Fallow,1730.0,0.23,5,"Bangladesh Rice Journal 21(2) 2017, 'Diversity of Crops and Cropping Systems in Jessore Region', doi:10.3329/brj.v21i2.38206"
Jessore,"Jute-based cropping patterns in Jessore region, 2014-15.",Vegetable-Jute-T. Aman,1310.0,0.18,4,"Bangladesh Rice Journal 21(2) 2017, 'Diversity of Crops and Cropping Systems in Jessore Region', doi:10.3329/brj.v21i2.38206"
Jessore,"Jute-based cropping patterns in Jessore region, 2014-15.",Mustard-Boro-Jute,1200.0,0.16,1,"Bangladesh Rice Journal 21(2) 2017, 'Diversity of Crops and Cropping Systems in Jessore Region', doi:10.3329/brj.v21i2.38206"
Jessore,"Jute-based cropping patterns in Jessore region, 2014-15.",Pea-Jute-Fallow,1170.0,0.16,6,"Bangladesh Rice Journal 21(2) 2017, 'Diversity of Crops and Cropping Systems in Jessore Region', doi:10.3329/brj.v21i2.38206"
Jessore,"Jute-based cropping patterns in Jessore region, 2014-15.",Potato-Jute-T. Aman,1150.0,0.16,9,"Bangladesh Rice Journal 21(2) 2017, 'Diversity of Crops and Cropping Systems in Jessore Region', doi:10.3329/brj.v21i2.38206"
Jessore,"Jute-based cropping patterns in Jessore region, 2014-15.",Wheat-Jute-Vegetable,1100.0,0.15,3,"Bangladesh Rice Journal 21(2) 2017, 'Diversity of Crops and Cropping Systems in Jessore Region', doi:10.3329/brj.v21i2.38206"
Jessore,"Jute-based cropping patterns in Jessore region, 2014-15.",Garlic-Jute-Fallow,1040.0,0.14,5,"Bangladesh Rice Journal 21(2) 2017, 'Diversity of Crops and Cropping Systems in Jessore Region', doi:10.3329/brj.v21i2.38206"
Jessore,"Jute-based cropping patterns in Jessore region, 2014-15.",Coriander-Jute-T. Aman,1010.0,0.14,8,"Bangladesh Rice Journal 21(2) 2017, 'Diversity of Crops and Cropping Systems in Jessore Region', doi:10.3329/brj.v21i2.38206"
Jessore,"Jute-based cropping patterns in Jessore region, 2014-15.",Vegetable-Jute-Vegetable,800.0,0.11,1,"Bangladesh Rice Journal 21(2) 2017, 'Diversity of Crops and Cropping Systems in Jessore Region', doi:10.3329/brj.v21i2.38206"
Jessore,"Jute-based cropping patterns in Jessore region, 2014-15.",Chilli-Jute-T. Aman,740.0,0.1,6,"Bangladesh Rice Journal 21(2) 2017, 'Diversity of Crops and Cropping Systems in Jessore Region', doi:10.3329/brj.v21i2.38206"
Jessore,"Jute-based cropping patterns in Jessore region, 2014-15.",Potato-Jute-Fallow,530.0,0.07,4,"Bangladesh Rice Journal 21(2) 2017, 'Diversity of Crops and Cropping Systems in Jessore Region', doi:10.3329/brj.v21i2.38206"
Jessore,"Jute-based cropping patterns in Jessore region, 2014-15.",Mustard-Jute-Fallow,450.0,0.06,2,"Bangladesh Rice Journal 21(2) 2017, 'Diversity of Crops and Cropping Systems in Jessore Region', doi:10.3329/brj.v21i2.38206"
Jessore,"Jute-based cropping patterns in Jessore region, 2014-15.",Blackgram-Jute-T. Aman,300.0,0.04,1,"Bangladesh Rice Journal 21(2) 2017, 'Diversity of Crops and Cropping Systems in Jessore Region', doi:10.3329/brj.v21i2.38206"
Jessore,"Jute-based cropping patterns in Jessore region, 2014-15.",Potato-Boro-Jute,250.0,0.03,1,"Bangladesh Rice Journal 21(2) 2017, 'Diversity of Crops and Cropping Systems in Jessore Region', doi:10.3329/brj.v21i2.38206"
Jessore,"Jute-based cropping patterns in Jessore region, 2014-15.",Coriander-Jute-Fallow,200.0,0.03,2,"Bangladesh Rice Journal 21(2) 2017, 'Diversity of Crops and Cropping Systems in Jessore Region', doi:10.3329/brj.v21i2.38206"
Jessore,"Jute-based cropping patterns in Jessore region, 2014-15.",Mustard-Maize-Jute,200.0,0.03,1,"Bangladesh Rice Journal 21(2) 2017, 'Diversity of Crops and Cropping Systems in Jessore Region', doi:10.3329/brj.v21i2.38206"
Jessore,"Jute-based cropping patterns in Jessore region, 2014-15.",Potato-Boro-Jute-T. Aman,200.0,0.03,1,"Bangladesh Rice Journal 21(2) 2017, 'Diversity of Crops and Cropping Systems in Jessore Region', doi:10.3329/brj.v21i2.38206"
Jessore,"Tobacco based cropping patterns in Jessore region, 2014-15.",Tobacco-Jute-T. Aman,12180.0,1.65,8,"Bangladesh Rice Journal 21(2) 2017, 'Diversity of Crops and Cropping Systems in Jessore Region', doi:10.3329/brj.v21i2.38206"
Jessore,"Tobacco based cropping patterns in Jessore region, 2014-15.",Tobacco-Jute-Fallow,3950.0,0.54,6,"Bangladesh Rice Journal 21(2) 2017, 'Diversity of Crops and Cropping Systems in Jessore Region', doi:10.3329/brj.v21i2.38206"
Jessore,"Tobacco based cropping patterns in Jessore region, 2014-15.",Tobacco-Aus-T. Aman,2950.0,0.4,3,"Bangladesh Rice Journal 21(2) 2017, 'Diversity of Crops and Cropping Systems in Jessore Region', doi:10.3329/brj.v21i2.38206"
Jessore,"Tobacco based cropping patterns in Jessore region, 2014-15.",Tobacco-Fallow-T. Aman,1670.0,0.23,6,"Bangladesh Rice Journal 21(2) 2017, 'Diversity of Crops and Cropping Systems in Jessore Region', doi:10.3329/brj.v21i2.38206"
Jessore,"Tobacco based cropping patterns in Jessore region, 2014-15.",Tobacco-Sesbania-T. Aman,1620.0,0.22,2,"Bangladesh Rice Journal 21(2) 2017, 'Diversity of Crops and Cropping Systems in Jessore Region', doi:10.3329/brj.v21i2.38206"
Jessore,"Tobacco based cropping patterns in Jessore region, 2014-15.",Tobacco-Aus-Fallow,930.0,0.13,3,"Bangladesh Rice Journal 21(2) 2017, 'Diversity of Crops and Cropping Systems in Jessore Region', doi:10.3329/brj.v21i2.38206"
Jessore,"Cropping patterns with pulse crops in Jessore region, 2014-15.",Lentil-Jute-T. Aman,29650.0,4.02,23,"Bangladesh Rice Journal 21(2) 2017, 'Diversity of Crops and Cropping Systems in Jessore Region', doi:10.3329/brj.v21i2.38206"
Jessore,"Cropping patterns with pulse crops in Jessore region, 2014-15.",Lentil-Jute-Fallow,7550.0,1.02,13,"Bangladesh Rice Journal 21(2) 2017, 'Diversity of Crops and Cropping Systems in Jessore Region', doi:10.3329/brj.v21i2.38206"
Jessore,"Cropping patterns with pulse crops in Jessore region, 2014-15.",Lentil-Sesame-T. Aman,6630.0,0.9,17,"Bangladesh Rice Journal 21(2) 2017, 'Diversity of Crops and Cropping Systems in Jessore Region', doi:10.3329/brj.v21i2.38206"
Jessore,"Cropping patterns with pulse crops in Jessore region, 2014-15.",Grasspea-Jute-Fallow,6140.0,0.83,6,"Bangladesh Rice Journal 21(2) 2017, 'Diversity of Crops and Cropping Systems in Jessore Region', doi:10.3329/brj.v21i2.38206"
Jessore,"Cropping patterns with pulse crops in Jessore region, 2014-15.",Lentil-Mungbean-T. Aman,5080.0,0.69,14,"Bangladesh Rice Journal 21(2) 2017, 'Diversity of Crops and Cropping Systems in Jessore Region', doi:10.3329/brj.v21i2.38206"
Jessore,"Cropping patterns with pulse crops in Jessore region, 2014-15.",Lentil-Aus-T. Aman,4800.0,0.65,5,"Bangladesh Rice Journal 21(2) 2017, 'Diversity of Crops and Cropping Systems in Jessore Region', doi:10.3329/brj.v21i2.38206"
Jessore,"Cropping patterns with pulse crops in Jessore region, 2014-15.",Grasspea-B. Aman,4450.0,0.6,5,"Bangladesh Rice Journal 21(2) 2017, 'Diversity of Crops and Cropping Systems in Jessore Region', doi:10.3329/brj.v21i2.38206"
Jessore,"Cropping patterns with pulse crops in Jessore region, 2014-15.",Lentil-Aus-Fallow,2950.0,0.4,4,"Bangladesh Rice Journal 21(2) 2017, 'Diversity of Crops and Cropping Systems in Jessore Region', doi:10.3329/brj.v21i2.38206"
Jessore,"Cropping patterns with pulse crops in Jessore region, 2014-15.",Lentil-Vegetable-Vegetable,2780.0,0.38,10,"Bangladesh Rice Journal 21(2) 2017, 'Diversity of Crops and Cropping Systems in Jessore Region', doi:10.3329/brj.v21i2.38206"
Jessore,"Cropping patterns with pulse crops in Jessore region, 2014-15.",Wheat-Jute-Blackgram,2750.0,0.37,4,"Bangladesh Rice Journal 21(2) 2017, 'Diversity of Crops and Cropping Systems in Jessore Region', doi:10.3329/brj.v21i2.38206"
Jessore,"Cropping patterns with pulse crops in Jessore region, 2014-15.",Lentil-Vegetable-T. Aman,2250.0,0.31,4,"Bangladesh Rice Journal 21(2) 2017, 'Diversity of Crops and Cropping Systems in Jessore Region', doi:10.3329/brj.v21i2.38206"
Jessore,"Cropping patterns with pulse crops in Jessore region, 2014-15.",Grasspea-Jute-T. Aman,2150.0,0.29,10,"Bangladesh Rice Journal 21(2) 2017, 'Diversity of Crops and Cropping Systems in Jessore Region', doi:10.3329/brj.v21i2.38206"
Jessore,"Cropping patterns with pulse crops in Jessore region, 2014-15.",Vegetable-Fallow-Blackgram,1250.0,0.17,4,"Bangladesh Rice Journal 21(2) 2017, 'Diversity of Crops and Cropping Systems in Jessore Region', doi:10.3329/brj.v21i2.38206"
Jessore,"Cropping patterns with pulse crops in Jessore region, 2014-15.",Pea-Jute-Fallow,1170.0,0.16,6,"Bangladesh Rice Journal 21(2) 2017, 'Diversity of Crops and Cropping Systems in Jessore Region', doi:10.3329/brj.v21i2.38206"
Jessore,"Cropping patterns with pulse crops in Jessore region, 2014-15.",Grasspea-Fallow-T. Aman,1100.0,0.15,9,"Bangladesh Rice Journal 21(2) 2017, 'Diversity of Crops and Cropping Systems in Jessore Region', doi:10.3329/brj.v21i2.38206"
Jessore,"Cropping patterns with pulse crops in Jessore region, 2014-15.",Grasspea-Aus-T. Aman,900.0,0.12,5,"Bangladesh Rice Journal 21(2) 2017, 'Diversity of Crops and Cropping Systems in Jessore Region', doi:10.3329/brj.v21i2.38206"
Jessore,"Cropping patterns with pulse crops in Jessore region, 2014-15.",Pea-Aus-Vegetable,900.0,0.12,4,"Bangladesh Rice Journal 21(2) 2017, 'Diversity of Crops and Cropping Systems in Jessore Region', doi:10.3329/brj.v21i2.38206"
Jessore,"Cropping patterns with pulse crops in Jessore region, 2014-15.",Pea-Vegetable-Fallow,800.0,0.11,3,"Bangladesh Rice Journal 21(2) 2017, 'Diversity of Crops and Cropping Systems in Jessore Region', doi:10.3329/brj.v21i2.38206"
Jessore,"Cropping patterns with pulse crops in Jessore region, 2014-15.",Lentil-Sesame-Fallow,770.0,0.1,3,"Bangladesh Rice Journal 21(2) 2017, 'Diversity of Crops and Cropping Systems in Jessore Region', doi:10.3329/brj.v21i2.38206"
Jessore,"Cropping patterns with pulse crops in Jessore region, 2014-15.",Pea-Fallow-T. Aman,740.0,0.1,6,"Bangladesh Rice Journal 21(2) 2017, 'Diversity of Crops and Cropping Systems in Jessore Region', doi:10.3329/brj.v21i2.38206"
Jessore,"Cropping patterns with pulse crops in Jessore region, 2014-15.",Boro-Fallow-Blackgram,530.0,0.07,3,"Bangladesh Rice Journal 21(2) 2017, 'Diversity of Crops and Cropping Systems in Jessore Region', doi:10.3329/brj.v21i2.38206"
Jessore,"Cropping patterns with pulse crops in Jessore region, 2014-15.",Blackgram-Jute-T. Aman,300.0,0.04,1,"Bangladesh Rice Journal 21(2) 2017, 'Diversity of Crops and Cropping Systems in Jessore Region', doi:10.3329/brj.v21i2.38206"
Jessore,"Cropping patterns with pulse crops in Jessore region, 2014-15.",Wheat-Aus-Blackgram,300.0,0.04,2,"Bangladesh Rice Journal 21(2) 2017, 'Diversity of Crops and Cropping Systems in Jessore Region', doi:10.3329/brj.v21i2.38206"
Jessore,"Cropping patterns with pulse crops in Jessore region, 2014-15.",Pea-B. Aman,280.0,0.04,3,"Bangladesh Rice Journal 21(2) 2017, 'Diversity of Crops and Cropping Systems in Jessore Region', doi:10.3329/brj.v21i2.38206"
Jessore,"Cropping patterns with pulse crops in Jessore region, 2014-15.",Lentil-Fallow-T. Aman,240.0,0.03,3,"Bangladesh Rice Journal 21(2) 2017, 'Diversity of Crops and Cropping Systems in Jessore Region', doi:10.3329/brj.v21i2.38206"
Jessore,"Cropping patterns with pulse crops in Jessore region, 2014-15.",Grasspea-B.Aus+B. Aman,200.0,0.03,1,"Bangladesh Rice Journal 21(2) 2017, 'Diversity of Crops and Cropping Systems in Jessore Region', doi:10.3329/brj.v21i2.38206"
Jessore,"Cropping patterns with pulse crops in Jessore region, 2014-15.",Grasspea-Sesame-Fallow,200.0,0.03,2,"Bangladesh Rice Journal 21(2) 2017, 'Diversity of Crops and Cropping Systems in Jessore Region', doi:10.3329/brj.v21i2.38206"
Jessore,"Cropping patterns with pulse crops in Jessore region, 2014-15.",Onion-Aus-Blackgram,200.0,0.03,1,"Bangladesh Rice Journal 21(2) 2017, 'Diversity of Crops and Cropping Systems in Jessore Region', doi:10.3329/brj.v21i2.38206"
Jessore,"Cropping patterns with oil-seed crops in Jessore region, 2014-15.",Mustard-Boro-T. Aman,22600.0,3.07,21,"Bangladesh Rice Journal 21(2) 2017, 'Diversity of Crops and Cropping Systems in Jessore Region', doi:10.3329/brj.v21i2.38206"
Jessore,"Cropping patterns with oil-seed crops in Jessore region, 2014-15.",Mustard-Jute-T. Aman,10710.0,1.45,15,"Bangladesh Rice Journal 21(2) 2017, 'Diversity of Crops and Cropping Systems in Jessore Region', doi:10.3329/brj.v21i2.38206"
Jessore,"Cropping patterns with oil-seed crops in Jessore region, 2014-15.",Lentil-Sesame-T. Aman,6630.0,0.9,17,"Bangladesh Rice Journal 21(2) 2017, 'Diversity of Crops and Cropping Systems in Jessore Region', doi:10.3329/brj.v21i2.38206"
Jessore,"Cropping patterns with oil-seed crops in Jessore region, 2014-15.",Mustard-Boro-Aus,5050.0,0.69,4,"Bangladesh Rice Journal 21(2) 2017, 'Diversity of Crops and Cropping Systems in Jessore Region', doi:10.3329/brj.v21i2.38206"
Jessore,"Cropping patterns with oil-seed crops in Jessore region, 2014-15.",Wheat-Sesame-T. Aman,3750.0,0.51,9,"Bangladesh Rice Journal 21(2) 2017, 'Diversity of Crops and Cropping Systems in Jessore Region', doi:10.3329/brj.v21i2.38206"
Jessore,"Cropping patterns with oil-seed crops in Jessore region, 2014-15.",Mustard-Boro-Jute-T. Aman,2500.0,0.34,5,"Bangladesh Rice Journal 21(2) 2017, 'Diversity of Crops and Cropping Systems in Jessore Region', doi:10.3329/brj.v21i2.38206"
Jessore,"Cropping patterns with oil-seed crops in Jessore region, 2014-15.",Mustard-Mungbean-T. Aman,2370.0,0.32,10,"Bangladesh Rice Journal 21(2) 2017, 'Diversity of Crops and Cropping Systems in Jessore Region', doi:10.3329/brj.v21i2.38206"
Jessore,"Cropping patterns with oil-seed crops in Jessore region, 2014-15.",Mustard-Aus-T. Aman,2220.0,0.3,6,"Bangladesh Rice Journal 21(2) 2017, 'Diversity of Crops and Cropping Systems in Jessore Region', doi:10.3329/brj.v21i2.38206"
Jessore,"Cropping patterns with oil-seed crops in Jessore region, 2014-15.",Mustard-Sesame-T. Aman,2060.0,0.28,6,"Bangladesh Rice Journal 21(2) 2017, 'Diversity of Crops and Cropping Systems in Jessore Region', doi:10.3329/brj.v21i2.38206"
Jessore,"Cropping patterns with oil-seed crops in Jessore region, 2014-15.",Mustard-Jute-Vegetable,1900.0,0.26,5,"Bangladesh Rice Journal 21(2) 2017, 'Diversity of Crops and Cropping Systems in Jessore Region', doi:10.3329/brj.v21i2.38206"
Jessore,"Cropping patterns with oil-seed crops in Jessore region, 2014-15.",Mustard-Boro-Aus-T. Aman,1650.0,0.22,6,"Bangladesh Rice Journal 21(2) 2017, 'Diversity of Crops and Cropping Systems in Jessore Region', doi:10.3329/brj.v21i2.38206"
Jessore,"Cropping patterns with oil-seed crops in Jessore region, 2014-15.",Maize-Sesame-T. Aman,1530.0,0.21,7,"Bangladesh Rice Journal 21(2) 2017, 'Diversity of Crops and Cropping Systems in Jessore Region', doi:10.3329/brj.v21i2.38206"
Jessore,"Cropping patterns with oil-seed crops in Jessore region, 2014-15.",Mustard-Boro-Fallow,1290.0,0.18,4,"Bangladesh Rice Journal 21(2) 2017, 'Diversity of Crops and Cropping Systems in Jessore Region', doi:10.3329/brj.v21i2.38206"
Jessore,"Cropping patterns with oil-seed crops in Jessore region, 2014-15.",Mustard-Boro-Jute,1200.0,0.16,1,"Bangladesh Rice Journal 21(2) 2017, 'Diversity of Crops and Cropping Systems in Jessore Region', doi:10.3329/brj.v21i2.38206"
Jessore,"Cropping patterns with oil-seed crops in Jessore region, 2014-15.",Mustard-Maize-T. Aman,900.0,0.12,2,"Bangladesh Rice Journal 21(2) 2017, 'Diversity of Crops and Cropping Systems in Jessore Region', doi:10.3329/brj.v21i2.38206"
Jessore,"Cropping patterns with oil-seed crops in Jessore region, 2014-15.",Lentil-Sesame-Fallow,770.0,0.1,3,"Bangladesh Rice Journal 21(2) 2017, 'Diversity of Crops and Cropping Systems in Jessore Region', doi:10.3329/brj.v21i2.38206"
Jessore,"Cropping patterns with oil-seed crops in Jessore region, 2014-15.",Onion-Sesame-T. Aman,650.0,0.09,2,"Bangladesh Rice Journal 21(2) 2017, 'Diversity of Crops and Cropping Systems in Jessore Region', doi:10.3329/brj.v21i2.38206"
Jessore,"Cropping patterns with oil-seed crops in Jessore region, 2014-15.",Maize-Groundnut,620.0,0.08,1,"Bangladesh Rice Journal 21(2) 2017, 'Diversity of Crops and Cropping Systems in Jessore Region', doi:10.3329/brj.v21i2.38206"
Jessore,"Cropping patterns with oil-seed crops in Jessore region, 2014-15.",Potato-Sesame-T. Aman,620.0,0.08,5,"Bangladesh Rice Journal 21(2) 2017, 'Diversity of Crops and Cropping Systems in Jessore Region', doi:10.3329/brj.v21i2.38206"
Jessore,"Cropping patterns with oil-seed crops in Jessore region, 2014-15.",Potato-Sesame-Fallow,540.0,0.07,2,"Bangladesh Rice Journal 21(2) 2017, 'Diversity of Crops and Cropping Systems in Jessore Region', doi:10.3329/brj.v21i2.38206"
Jessore,"Cropping patterns with oil-seed crops in Jessore region, 2014-15.",Groundnut-Aus-T. Aman,500.0,0.07,1,"Bangladesh Rice Journal 21(2) 2017, 'Diversity of Crops and Cropping Systems in Jessore Region', doi:10.3329/brj.v21i2.38206"
Jessore,"Cropping patterns with oil-seed crops in Jessore region, 2014-15.",Mustard-Jute-Fallow,450.0,0.06,2,"Bangladesh Rice Journal 21(2) 2017, 'Diversity of Crops and Cropping Systems in Jessore Region', doi:10.3329/brj.v21i2.38206"
Jessore,"Cropping patterns with oil-seed crops in Jessore region, 2014-15.",Mustard-Fallow-T. Aman,300.0,0.04,1,"Bangladesh Rice Journal 21(2) 2017, 'Diversity of Crops and Cropping Systems in Jessore Region', doi:10.3329/brj.v21i2.38206"
Jessore,"Cropping patterns with oil-seed crops in Jessore region, 2014-15.",Maize-Sesame-Fallow,280.0,0.04,2,"Bangladesh Rice Journal 21(2) 2017, 'Diversity of Crops and Cropping Systems in Jessore Region', doi:10.3329/brj.v21i2.38206"
Jessore,"Cropping patterns with oil-seed crops in Jessore region, 2014-15.",Mustard-Aus-Fallow,200.0,0.03,3,"Bangladesh Rice Journal 21(2) 2017, 'Diversity of Crops and Cropping Systems in Jessore Region', doi:10.3329/brj.v21i2.38206"
Jessore,"Cropping patterns with oil-seed crops in Jessore region, 2014-15.",Grasspea-Sesame-Fallow,200.0,0.03,2,"Bangladesh Rice Journal 21(2) 2017, 'Diversity of Crops and Cropping Systems in Jessore Region', doi:10.3329/brj.v21i2.38206"
Jessore,"Cropping patterns with oil-seed crops in Jessore region, 2014-15.",Mustard-Maize-Jute,200.0,0.03,1,"Bangladesh Rice Journal 21(2) 2017, 'Diversity of Crops and Cropping Systems in Jessore Region', doi:10.3329/brj.v21i2.38206"
Khulna,"Cropping patterns with exclusive rice in Khulna region, 2014-15.",Fallow-Fallow-T. Aman,96900.0,26.76,17,"Bangladesh Rice Journal 21(2) 2017, 'Cropping Systems and their Diversity in Khulna Region', doi:10.3329/brj.v21i2.38207"
Khulna,"Cropping patterns with exclusive rice in Khulna region, 2014-15.",Boro-Fallow-T. Aman,80420.0,22.21,24,"Bangladesh Rice Journal 21(2) 2017, 'Cropping Systems and their Diversity in Khulna Region', doi:10.3329/brj.v21i2.38207"
Khulna,"Cropping patterns with exclusive rice in Khulna region, 2014-15.",Boro-Fallow-Fallow,27850.0,7.69,18,"Bangladesh Rice Journal 21(2) 2017, 'Cropping Systems and their Diversity in Khulna Region', doi:10.3329/brj.v21i2.38207"
Khulna,"Cropping patterns with exclusive rice in Khulna region, 2014-15.",Boro-Aus-Fallow,7670.0,2.12,8,"Bangladesh Rice Journal 21(2) 2017, 'Cropping Systems and their Diversity in Khulna Region', doi:10.3329/brj.v21i2.38207"
Khulna,"Cropping patterns with exclusive rice in Khulna region, 2014-15.",Boro-Aus-T. Aman,3895.0,1.08,12,"Bangladesh Rice Journal 21(2) 2017, 'Cropping Systems and their Diversity in Khulna Region', doi:10.3329/brj.v21i2.38207"
Khulna,"Cropping patterns with exclusive rice in Khulna region, 2014-15.",Fallow-B. Aman,3520.0,0.97,4,"Bangladesh Rice Journal 21(2) 2017, 'Cropping Systems and their Diversity in Khulna Region', doi:10.3329/brj.v21i2.38207"
Khulna,"Cropping patterns with exclusive rice in Khulna region, 2014-15.",Boro-B. Aman,3500.0,0.97,4,"Bangladesh Rice Journal 21(2) 2017, 'Cropping Systems and their Diversity in Khulna Region', doi:10.3329/brj.v21i2.38207"
Khulna,"Cropping patterns with exclusive rice in Khulna region, 2014-15.",Fallow-Aus-T. Aman,2220.0,0.61,6,"Bangladesh Rice Journal 21(2) 2017, 'Cropping Systems and their Diversity in Khulna Region', doi:10.3329/brj.v21i2.38207"
Khulna,"Cropping patterns with exclusive rice in Khulna region, 2014-15.",Fallow-B.Aus+B. Aman,400.0,0.11,1,"Bangladesh Rice Journal 21(2) 2017, 'Cropping Systems and their Diversity in Khulna Region', doi:10.3329/brj.v21i2.38207"
Khulna,"Cropping pattern with exclusive non-rice in Khulna region, 2014-15.",Vegetables-Vegetables-Vegetables,12060.0,3.33,23,"Bangladesh Rice Journal 21(2) 2017, 'Cropping Systems and their Diversity in Khulna Region', doi:10.3329/brj.v21i2.38207"
Khulna,"Cropping pattern with exclusive non-rice in Khulna region, 2014-15.",Vegetables-Vegetables-Fallow,2420.0,0.67,10,"Bangladesh Rice Journal 21(2) 2017, 'Cropping Systems and their Diversity in Khulna Region', doi:10.3329/brj.v21i2.38207"
Khulna,"Cropping pattern with exclusive non-rice in Khulna region, 2014-15.",Vegetables-Fallow-Fallow,535.0,0.15,3,"Bangladesh Rice Journal 21(2) 2017, 'Cropping Systems and their Diversity in Khulna Region', doi:10.3329/brj.v21i2.38207"
Khulna,"Cropping pattern with exclusive non-rice in Khulna region, 2014-15.",Chilli-Vegetable-Fallow,340.0,0.09,8,"Bangladesh Rice Journal 21(2) 2017, 'Cropping Systems and their Diversity in Khulna Region', doi:10.3329/brj.v21i2.38207"
Khulna,"Cropping pattern with exclusive non-rice in Khulna region, 2014-15.",Potato-Jute-Fallow,250.0,0.07,1,"Bangladesh Rice Journal 21(2) 2017, 'Cropping Systems and their Diversity in Khulna Region', doi:10.3329/brj.v21i2.38207"
Khulna,"Cropping pattern with exclusive non-rice in Khulna region, 2014-15.",Mustard-Jute-Fallow,200.0,0.06,1,"Bangladesh Rice Journal 21(2) 2017, 'Cropping Systems and their Diversity in Khulna Region', doi:10.3329/brj.v21i2.38207"
Khulna,"Cropping pattern with exclusive non-rice in Khulna region, 2014-15.",W.Melon-Fallow-Fallow,200.0,0.06,1,"Bangladesh Rice Journal 21(2) 2017, 'Cropping Systems and their Diversity in Khulna Region', doi:10.3329/brj.v21i2.38207"
Khulna,"Cropping pattern with exclusive non-rice in Khulna region, 2014-15.",Potato-Chilli-Fallow,100.0,0.03,1,"Bangladesh Rice Journal 21(2) 2017, 'Cropping Systems and their Diversity in Khulna Region', doi:10.3329/brj.v21i2.38207"
Khulna,"Cropping patterns with rice and fish in Khulna region, 2014-15.",Boro-Fish,31400.0,8.67,17,"Bangladesh Rice Journal 21(2) 2017, 'Cropping Systems and their Diversity in Khulna Region', doi:10.3329/brj.v21i2.38207"
Khulna,"Cropping patterns with rice and fish in Khulna region, 2014-15.",Fish-T. Aman,20400.0,5.63,8,"Bangladesh Rice Journal 21(2) 2017, 'Cropping Systems and their Diversity in Khulna Region', doi:10.3329/brj.v21i2.38207"
Khulna,"Cropping patterns with rice and fish in Khulna region, 2014-15.",Boro-Fallow-T. Aman+Fish,5410.0,1.49,7,"Bangladesh Rice Journal 21(2) 2017, 'Cropping Systems and their Diversity in Khulna Region', doi:10.3329/brj.v21i2.38207"
Khulna,"Cropping patterns with rice and fish in Khulna region, 2014-15.",Fallow-Fallow-T. Aman+Fish,2200.0,0.61,2,"Bangladesh Rice Journal 21(2) 2017, 'Cropping Systems and their Diversity in Khulna Region', doi:10.3329/brj.v21i2.38207"
Khulna,"Area coverageof pulse crops under different cropping systems in Khulna region, 2014-15.",Grasspea-Fallow-T. Aman,8390.0,2.32,11,"Bangladesh Rice Journal 21(2) 2017, 'Cropping Systems and their Diversity in Khulna Region', doi:10.3329/brj.v21i2.38207"
Khulna,"Area coverageof pulse crops under different cropping systems in Khulna region, 2014-15.",Lentil-Jute-T. Aman,1390.0,0.38,5,"Bangladesh Rice Journal 21(2) 2017, 'Cropping Systems and their Diversity in Khulna Region', doi:10.3329/brj.v21i2.38207"
Khulna,"Area coverageof pulse crops under different cropping systems in Khulna region, 2014-15.",Mungbean-Fallow-T. Aman,1280.0,0.35,8,"Bangladesh Rice Journal 21(2) 2017, 'Cropping Systems and their Diversity in Khulna Region', doi:10.3329/brj.v21i2.38207"
Khulna,"Area coverageof pulse crops under different cropping systems in Khulna region, 2014-15.",Grasspea-Jute-T. Aman,780.0,0.22,6,"Bangladesh Rice Journal 21(2) 2017, 'Cropping Systems and their Diversity in Khulna Region', doi:10.3329/brj.v21i2.38207"
Khulna,"Area coverageof pulse crops under different cropping systems in Khulna region, 2014-15.",Grasspea-Aus-T. Aman,350.0,0.1,1,"Bangladesh Rice Journal 21(2) 2017, 'Cropping Systems and their Diversity in Khulna Region', doi:10.3329/brj.v21i2.38207"
Khulna,"Area coverageof pulse crops under different cropping systems in Khulna region, 2014-15.",Lentil-Fallow-T. Aman,280.0,0.08,6,"Bangladesh Rice Journal 21(2) 2017, 'Cropping Systems and their Diversity in Khulna Region', doi:10.3329/brj.v21i2.38207"
Khulna,"Area coverageof pulse crops under different cropping systems in Khulna region, 2014-15.",Grasspea-Mungbean-T. Aman,170.0,0.05,2,"Bangladesh Rice Journal 21(2) 2017, 'Cropping Systems and their Diversity in Khulna Region', doi:10.3329/brj.v21i2.38207"
Khulna,"Area coverageof pulse crops under different cropping systems in Khulna region, 2014-15.",Boro-Fallow-Blackgram,100.0,0.03,1,"Bangladesh Rice Journal 21(2) 2017, 'Cropping Systems and their Diversity in Khulna Region', doi:10.3329/brj.v21i2.38207"
Khulna,"Area coverageof pulse crops under different cropping systems in Khulna region, 2014-15.",Lentil-Sesame-T. Aman,50.0,0.01,1,"Bangladesh Rice Journal 21(2) 2017, 'Cropping Systems and their Diversity in Khulna Region', doi:10.3329/brj.v21i2.38207"
Khulna,"Area coverage of oil-seed crops under different cropping systems in Khulna region, 2014-15.",Fallow-Sesame-T. Aman,10170.0,2.81,8,"Bangladesh Rice Journal 21(2) 2017, 'Cropping Systems and their Diversity in Khulna Region', doi:10.3329/brj.v21i2.38207"
Khulna,"Area coverage of oil-seed crops under different cropping systems in Khulna region, 2014-15.",Mustard-Jute-T. Aman,3210.0,0.89,4,"Bangladesh Rice Journal 21(2) 2017, 'Cropping Systems and their Diversity in Khulna Region', doi:10.3329/brj.v21i2.38207"
Khulna,"Area coverage of oil-seed crops under different cropping systems in Khulna region, 2014-15.",Mustard-Boro-T. Aman,2470.0,0.68,4,"Bangladesh Rice Journal 21(2) 2017, 'Cropping Systems and their Diversity in Khulna Region', doi:10.3329/brj.v21i2.38207"
Khulna,"Area coverage of oil-seed crops under different cropping systems in Khulna region, 2014-15.",Mustard-Fallow-T. Aman,940.0,0.26,9,"Bangladesh Rice Journal 21(2) 2017, 'Cropping Systems and their Diversity in Khulna Region', doi:10.3329/brj.v21i2.38207"
Khulna,"Area coverage of oil-seed crops under different cropping systems in Khulna region, 2014-15.",Sunflower-Fallow-T. Aman,490.0,0.14,11,"Bangladesh Rice Journal 21(2) 2017, 'Cropping Systems and their Diversity in Khulna Region', doi:10.3329/brj.v21i2.38207"
Khulna,"Area coverage of oil-seed crops under different cropping systems in Khulna region, 2014-15.",Mustard-Aus-T. Aman,450.0,0.12,1,"Bangladesh Rice Journal 21(2) 2017, 'Cropping Systems and their Diversity in Khulna Region', doi:10.3329/brj.v21i2.38207"
Khulna,"Area coverage of oil-seed crops under different cropping systems in Khulna region, 2014-15.",Mustard-Sesame-T. Aman,310.0,0.09,1,"Bangladesh Rice Journal 21(2) 2017, 'Cropping Systems and their Diversity in Khulna Region', doi:10.3329/brj.v21i2.38207"
Khulna,"Area coverage of oil-seed crops under different cropping systems in Khulna region, 2014-15.",Mustard-Aus-Fallow,200.0,0.06,1,"Bangladesh Rice Journal 21(2) 2017, 'Cropping Systems and their Diversity in Khulna Region', doi:10.3329/brj.v21i2.38207"
Khulna,"Area coverage of oil-seed crops under different cropping systems in Khulna region, 2014-15.",Mustard-Jute-Fallow,200.0,0.06,1,"Bangladesh Rice Journal 21(2) 2017, 'Cropping Systems and their Diversity in Khulna Region', doi:10.3329/brj.v21i2.38207"
Khulna,"Area coverage of oil-seed crops under different cropping systems in Khulna region, 2014-15.",Mustard-Boro-Jute-T. Aman,110.0,0.03,1,"Bangladesh Rice Journal 21(2) 2017, 'Cropping Systems and their Diversity in Khulna Region', doi:10.3329/brj.v21i2.38207"
Khulna,"Area coverage of oil-seed crops under different cropping systems in Khulna region, 2014-15.",Potato-Sesame-T. Aman,70.0,0.02,1,"Bangladesh Rice Journal 21(2) 2017, 'Cropping Systems and their Diversity in Khulna Region', doi:10.3329/brj.v21i2.38207"
Mymensingh,"Cropping patterns with exclusive rice in Mymensingh region, 2014-15.",Boro-Fallow-T. Aman,471550.0,49.61,46,"Bangladesh Rice Journal 21(2) 2017, 'Cropping Patterns in Mymensingh Region: Diversity, Constraint and Potential', doi:10.3329/brj.v21i2.38208"
Mymensingh,"Cropping patterns with exclusive rice in Mymensingh region, 2014-15.",Boro-Fallow-Fallow,218650.0,23.0,45,"Bangladesh Rice Journal 21(2) 2017, 'Cropping Patterns in Mymensingh Region: Diversity, Constraint and Potential', doi:10.3329/brj.v21i2.38208"
Mymensingh,"Cropping patterns with exclusive rice in Mymensingh region, 2014-15.",Boro-Aus-T. Aman,21750.0,2.29,22,"Bangladesh Rice Journal 21(2) 2017, 'Cropping Patterns in Mymensingh Region: Diversity, Constraint and Potential', doi:10.3329/brj.v21i2.38208"
Mymensingh,"Cropping patterns with exclusive rice in Mymensingh region, 2014-15.",Fallow-Aus-T. Aman,12110.0,1.27,9,"Bangladesh Rice Journal 21(2) 2017, 'Cropping Patterns in Mymensingh Region: Diversity, Constraint and Potential', doi:10.3329/brj.v21i2.38208"
Mymensingh,"Cropping patterns with exclusive rice in Mymensingh region, 2014-15.",Fallow-Fallow-T. Aman,11180.0,1.18,9,"Bangladesh Rice Journal 21(2) 2017, 'Cropping Patterns in Mymensingh Region: Diversity, Constraint and Potential', doi:10.3329/brj.v21i2.38208"
Mymensingh,"Cropping patterns with exclusive rice in Mymensingh region, 2014-15.",Boro-Aus-Fallow,500.0,0.05,3,"Bangladesh Rice Journal 21(2) 2017, 'Cropping Patterns in Mymensingh Region: Diversity, Constraint and Potential', doi:10.3329/brj.v21i2.38208"
Mymensingh,"Cropping patterns with exclusive non-rice in Mymensingh region, 2014-15.",Vegetable-Vegetable-Vegetable,8500.0,0.89,23,"Bangladesh Rice Journal 21(2) 2017, 'Cropping Patterns in Mymensingh Region: Diversity, Constraint and Potential', doi:10.3329/brj.v21i2.38208"
Mymensingh,"Cropping patterns with exclusive non-rice in Mymensingh region, 2014-15.",Vegetable-Vegetable-Fallow,4550.0,0.48,14,"Bangladesh Rice Journal 21(2) 2017, 'Cropping Patterns in Mymensingh Region: Diversity, Constraint and Potential', doi:10.3329/brj.v21i2.38208"
Mymensingh,"Cropping patterns with exclusive non-rice in Mymensingh region, 2014-15.",Maize-Jute-Fallow,3890.0,0.41,6,"Bangladesh Rice Journal 21(2) 2017, 'Cropping Patterns in Mymensingh Region: Diversity, Constraint and Potential', doi:10.3329/brj.v21i2.38208"
Mymensingh,"Cropping patterns with exclusive non-rice in Mymensingh region, 2014-15.",Vegetable-Fallow-Fallow,3630.0,0.38,9,"Bangladesh Rice Journal 21(2) 2017, 'Cropping Patterns in Mymensingh Region: Diversity, Constraint and Potential', doi:10.3329/brj.v21i2.38208"
Mymensingh,"Cropping patterns with exclusive non-rice in Mymensingh region, 2014-15.",Wheat-Jute-Fallow,2820.0,0.3,7,"Bangladesh Rice Journal 21(2) 2017, 'Cropping Patterns in Mymensingh Region: Diversity, Constraint and Potential', doi:10.3329/brj.v21i2.38208"
Mymensingh,"Cropping patterns with exclusive non-rice in Mymensingh region, 2014-15.",Sweet potato-Fallow-Fallow,2700.0,0.28,25,"Bangladesh Rice Journal 21(2) 2017, 'Cropping Patterns in Mymensingh Region: Diversity, Constraint and Potential', doi:10.3329/brj.v21i2.38208"
Mymensingh,"Cropping patterns with exclusive non-rice in Mymensingh region, 2014-15.",Chilli-Jute-Fallow,2670.0,0.28,9,"Bangladesh Rice Journal 21(2) 2017, 'Cropping Patterns in Mymensingh Region: Diversity, Constraint and Potential', doi:10.3329/brj.v21i2.38208"
Mymensingh,"Cropping patterns with exclusive non-rice in Mymensingh region, 2014-15.",Fallow-Fallow-Blackgram,2400.0,0.25,15,"Bangladesh Rice Journal 21(2) 2017, 'Cropping Patterns in Mymensingh Region: Diversity, Constraint and Potential', doi:10.3329/brj.v21i2.38208"
Mymensingh,"Cropping patterns with exclusive non-rice in Mymensingh region, 2014-15.",Vegetable-Jute-Fallow,2170.0,0.23,8,"Bangladesh Rice Journal 21(2) 2017, 'Cropping Patterns in Mymensingh Region: Diversity, Constraint and Potential', doi:10.3329/brj.v21i2.38208"
Mymensingh,"Cropping patterns with exclusive non-rice in Mymensingh region, 2014-15.",Chilli-Fallow-Fallow,2000.0,0.21,11,"Bangladesh Rice Journal 21(2) 2017, 'Cropping Patterns in Mymensingh Region: Diversity, Constraint and Potential', doi:10.3329/brj.v21i2.38208"
Mymensingh,"Cropping patterns with exclusive non-rice in Mymensingh region, 2014-15.",Groundnut-Fallow-Fallow,1875.0,0.2,18,"Bangladesh Rice Journal 21(2) 2017, 'Cropping Patterns in Mymensingh Region: Diversity, Constraint and Potential', doi:10.3329/brj.v21i2.38208"
Mymensingh,"Cropping patterns with exclusive non-rice in Mymensingh region, 2014-15.",Onion-Jute-Fallow,1720.0,0.18,5,"Bangladesh Rice Journal 21(2) 2017, 'Cropping Patterns in Mymensingh Region: Diversity, Constraint and Potential', doi:10.3329/brj.v21i2.38208"
Mymensingh,"Cropping patterns with exclusive non-rice in Mymensingh region, 2014-15.",Chilli-Vegetable-Fallow,1225.0,0.13,15,"Bangladesh Rice Journal 21(2) 2017, 'Cropping Patterns in Mymensingh Region: Diversity, Constraint and Potential', doi:10.3329/brj.v21i2.38208"
Mymensingh,"Cropping patterns with exclusive non-rice in Mymensingh region, 2014-15.",Mustard-Jute-Fallow,1210.0,0.13,4,"Bangladesh Rice Journal 21(2) 2017, 'Cropping Patterns in Mymensingh Region: Diversity, Constraint and Potential', doi:10.3329/brj.v21i2.38208"
Mymensingh,"Cropping patterns with exclusive non-rice in Mymensingh region, 2014-15.",Maize-Fallow-Fallow,1160.0,0.12,8,"Bangladesh Rice Journal 21(2) 2017, 'Cropping Patterns in Mymensingh Region: Diversity, Constraint and Potential', doi:10.3329/brj.v21i2.38208"
Mymensingh,"Cropping patterns with exclusive non-rice in Mymensingh region, 2014-15.",Onion-Vegetable-Vegetable,885.0,0.09,18,"Bangladesh Rice Journal 21(2) 2017, 'Cropping Patterns in Mymensingh Region: Diversity, Constraint and Potential', doi:10.3329/brj.v21i2.38208"
Mymensingh,"Cropping patterns with exclusive non-rice in Mymensingh region, 2014-15.",Potato-Jute-Fallow,810.0,0.09,5,"Bangladesh Rice Journal 21(2) 2017, 'Cropping Patterns in Mymensingh Region: Diversity, Constraint and Potential', doi:10.3329/brj.v21i2.38208"
Mymensingh,"Cropping patterns with exclusive non-rice in Mymensingh region, 2014-15.",Grasspea-Jute-Fallow,660.0,0.07,5,"Bangladesh Rice Journal 21(2) 2017, 'Cropping Patterns in Mymensingh Region: Diversity, Constraint and Potential', doi:10.3329/brj.v21i2.38208"
Mymensingh,"Cropping patterns with exclusive non-rice in Mymensingh region, 2014-15.",Garlic-Vegetable-Vegetable,640.0,0.07,15,"Bangladesh Rice Journal 21(2) 2017, 'Cropping Patterns in Mymensingh Region: Diversity, Constraint and Potential', doi:10.3329/brj.v21i2.38208"
Mymensingh,"Cropping patterns with exclusive non-rice in Mymensingh region, 2014-15.",Mustard-Fallow-Fallow,540.0,0.06,2,"Bangladesh Rice Journal 21(2) 2017, 'Cropping Patterns in Mymensingh Region: Diversity, Constraint and Potential', doi:10.3329/brj.v21i2.38208"
Mymensingh,"Cropping patterns with exclusive non-rice in Mymensingh region, 2014-15.",Blackgram-Jute-Fallow,500.0,0.05,4,"Bangladesh Rice Journal 21(2) 2017, 'Cropping Patterns in Mymensingh Region: Diversity, Constraint and Potential', doi:10.3329/brj.v21i2.38208"
Mymensingh,"Cropping patterns with exclusive non-rice in Mymensingh region, 2014-15.",Garlic-Jute-Fallow,480.0,0.05,4,"Bangladesh Rice Journal 21(2) 2017, 'Cropping Patterns in Mymensingh Region: Diversity, Constraint and Potential', doi:10.3329/brj.v21i2.38208"
Mymensingh,"Cropping patterns with exclusive non-rice in Mymensingh region, 2014-15.",Lentil-Jute-Fallow,470.0,0.05,6,"Bangladesh Rice Journal 21(2) 2017, 'Cropping Patterns in Mymensingh Region: Diversity, Constraint and Potential', doi:10.3329/brj.v21i2.38208"
Mymensingh,"Cropping patterns with exclusive non-rice in Mymensingh region, 2014-15.",Wheat-Vegetable-Vegetable,460.0,0.05,2,"Bangladesh Rice Journal 21(2) 2017, 'Cropping Patterns in Mymensingh Region: Diversity, Constraint and Potential', doi:10.3329/brj.v21i2.38208"
Mymensingh,"Cropping patterns with exclusive non-rice in Mymensingh region, 2014-15.",Potato-Chilli-Fallow,330.0,0.03,3,"Bangladesh Rice Journal 21(2) 2017, 'Cropping Patterns in Mymensingh Region: Diversity, Constraint and Potential', doi:10.3329/brj.v21i2.38208"
Mymensingh,"Cropping patterns with exclusive non-rice in Mymensingh region, 2014-15.",Sweet potato-Jute-Fallow,300.0,0.03,3,"Bangladesh Rice Journal 21(2) 2017, 'Cropping Patterns in Mymensingh Region: Diversity, Constraint and Potential', doi:10.3329/brj.v21i2.38208"
Mymensingh,"Cropping patterns with exclusive non-rice in Mymensingh region, 2014-15.",Wheat-Jute-Blackgram,250.0,0.03,1,"Bangladesh Rice Journal 21(2) 2017, 'Cropping Patterns in Mymensingh Region: Diversity, Constraint and Potential', doi:10.3329/brj.v21i2.38208"
Mymensingh,"Cropping patterns with exclusive non-rice in Mymensingh region, 2014-15.",Coriander-Fallow-Fallow,205.0,0.02,10,"Bangladesh Rice Journal 21(2) 2017, 'Cropping Patterns in Mymensingh Region: Diversity, Constraint and Potential', doi:10.3329/brj.v21i2.38208"
Mymensingh,"Cropping patterns with exclusive non-rice in Mymensingh region, 2014-15.",Vegetable-Fallow-Blackgram,180.0,0.02,3,"Bangladesh Rice Journal 21(2) 2017, 'Cropping Patterns in Mymensingh Region: Diversity, Constraint and Potential', doi:10.3329/brj.v21i2.38208"
Mymensingh,"Cropping patterns with exclusive non-rice in Mymensingh region, 2014-15.",Coriander-Jute-Fallow,170.0,0.02,2,"Bangladesh Rice Journal 21(2) 2017, 'Cropping Patterns in Mymensingh Region: Diversity, Constraint and Potential', doi:10.3329/brj.v21i2.38208"
Mymensingh,"Cropping patterns with exclusive non-rice in Mymensingh region, 2014-15.",Mustard-Boro-T. Aman,22270.0,2.34,29,"Bangladesh Rice Journal 21(2) 2017, 'Cropping Patterns in Mymensingh Region: Diversity, Constraint and Potential', doi:10.3329/brj.v21i2.38208"
Mymensingh,"Cropping patterns with exclusive non-rice in Mymensingh region, 2014-15.",Mustard-Boro-Fallow,12090.0,1.27,18,"Bangladesh Rice Journal 21(2) 2017, 'Cropping Patterns in Mymensingh Region: Diversity, Constraint and Potential', doi:10.3329/brj.v21i2.38208"
Mymensingh,"Cropping patterns with exclusive non-rice in Mymensingh region, 2014-15.",Groundnut-Fallow-Fallow,1875.0,0.2,18,"Bangladesh Rice Journal 21(2) 2017, 'Cropping Patterns in Mymensingh Region: Diversity, Constraint and Potential', doi:10.3329/brj.v21i2.38208"
Mymensingh,"Cropping patterns with exclusive non-rice in Mymensingh region, 2014-15.",Mustard-Jute-T. Aman,1840.0,0.19,7,"Bangladesh Rice Journal 21(2) 2017, 'Cropping Patterns in Mymensingh Region: Diversity, Constraint and Potential', doi:10.3329/brj.v21i2.38208"
Mymensingh,"Cropping patterns with exclusive non-rice in Mymensingh region, 2014-15.",Mustard-Jute-Fallow,1210.0,0.13,4,"Bangladesh Rice Journal 21(2) 2017, 'Cropping Patterns in Mymensingh Region: Diversity, Constraint and Potential', doi:10.3329/brj.v21i2.38208"
Mymensingh,"Cropping patterns with exclusive non-rice in Mymensingh region, 2014-15.",Mustard-Aus-T. Aman,580.0,0.06,4,"Bangladesh Rice Journal 21(2) 2017, 'Cropping Patterns in Mymensingh Region: Diversity, Constraint and Potential', doi:10.3329/brj.v21i2.38208"
Mymensingh,"Cropping patterns with exclusive non-rice in Mymensingh region, 2014-15.",Mustard-Fallow-Fallow,540.0,0.06,2,"Bangladesh Rice Journal 21(2) 2017, 'Cropping Patterns in Mymensingh Region: Diversity, Constraint and Potential', doi:10.3329/brj.v21i2.38208"
Mymensingh,"Cropping patterns with exclusive non-rice in Mymensingh region, 2014-15.",Mustard-Boro-Aus-T. Aman,420.0,0.04,3,"Bangladesh Rice Journal 21(2) 2017, 'Cropping Patterns in Mymensingh Region: Diversity, Constraint and Potential', doi:10.3329/brj.v21i2.38208"
Mymensingh,"Cropping patterns with exclusive non-rice in Mymensingh region, 2014-15.",Mustard-Fallow-T. Aman,350.0,0.04,2,"Bangladesh Rice Journal 21(2) 2017, 'Cropping Patterns in Mymensingh Region: Diversity, Constraint and Potential', doi:10.3329/brj.v21i2.38208"
Mymensingh,"Cropping patterns with exclusive non-rice in Mymensingh region, 2014-15.",Groundnut-Jute-T. Aman,330.0,0.03,7,"Bangladesh Rice Journal 21(2) 2017, 'Cropping Patterns in Mymensingh Region: Diversity, Constraint and Potential', doi:10.3329/brj.v21i2.38208"
Mymensingh,"Cropping patterns with exclusive non-rice in Mymensingh region, 2014-15.",Vegetable-Vegetable-T. Aman,8910.0,0.94,13,"Bangladesh Rice Journal 21(2) 2017, 'Cropping Patterns in Mymensingh Region: Diversity, Constraint and Potential', doi:10.3329/brj.v21i2.38208"
Mymensingh,"Cropping patterns with exclusive non-rice in Mymensingh region, 2014-15.",Vegetable-Vegetable-Vegetable,8500.0,0.89,23,"Bangladesh Rice Journal 21(2) 2017, 'Cropping Patterns in Mymensingh Region: Diversity, Constraint and Potential', doi:10.3329/brj.v21i2.38208"
Mymensingh,"Cropping patterns with exclusive non-rice in Mymensingh region, 2014-15.",Vegetable-Fallow-T. Aman,7460.0,0.78,16,"Bangladesh Rice Journal 21(2) 2017, 'Cropping Patterns in Mymensingh Region: Diversity, Constraint and Potential', doi:10.3329/brj.v21i2.38208"
Mymensingh,"Cropping patterns with exclusive non-rice in Mymensingh region, 2014-15.",Potato-Boro-T. Aman,6080.0,0.64,16,"Bangladesh Rice Journal 21(2) 2017, 'Cropping Patterns in Mymensingh Region: Diversity, Constraint and Potential', doi:10.3329/brj.v21i2.38208"
Mymensingh,"Cropping patterns with exclusive non-rice in Mymensingh region, 2014-15.",Vegetable-Boro-T. Aman,4730.0,0.5,13,"Bangladesh Rice Journal 21(2) 2017, 'Cropping Patterns in Mymensingh Region: Diversity, Constraint and Potential', doi:10.3329/brj.v21i2.38208"
Mymensingh,"Cropping patterns with exclusive non-rice in Mymensingh region, 2014-15.",Vegetable-Vegetable-Fallow,4550.0,0.48,14,"Bangladesh Rice Journal 21(2) 2017, 'Cropping Patterns in Mymensingh Region: Diversity, Constraint and Potential', doi:10.3329/brj.v21i2.38208"
Mymensingh,"Cropping patterns with exclusive non-rice in Mymensingh region, 2014-15.",Potato-Jute-T. Aman,4360.0,0.46,16,"Bangladesh Rice Journal 21(2) 2017, 'Cropping Patterns in Mymensingh Region: Diversity, Constraint and Potential', doi:10.3329/brj.v21i2.38208"
Mymensingh,"Cropping patterns with exclusive non-rice in Mymensingh region, 2014-15.",Vegetable-Fallow-Fallow,3630.0,0.38,9,"Bangladesh Rice Journal 21(2) 2017, 'Cropping Patterns in Mymensingh Region: Diversity, Constraint and Potential', doi:10.3329/brj.v21i2.38208"
Mymensingh,"Cropping patterns with exclusive non-rice in Mymensingh region, 2014-15.",Chilli-Boro-Jute,3600.0,0.38,3,"Bangladesh Rice Journal 21(2) 2017, 'Cropping Patterns in Mymensingh Region: Diversity, Constraint and Potential', doi:10.3329/brj.v21i2.38208"
Mymensingh,"Cropping patterns with exclusive non-rice in Mymensingh region, 2014-15.",Vegetable-Jute-T. Aman,3520.0,0.37,13,"Bangladesh Rice Journal 21(2) 2017, 'Cropping Patterns in Mymensingh Region: Diversity, Constraint and Potential', doi:10.3329/brj.v21i2.38208"
Mymensingh,"Cropping patterns with exclusive non-rice in Mymensingh region, 2014-15.",Boro-Vegetable-T. Aman,3420.0,0.36,3,"Bangladesh Rice Journal 21(2) 2017, 'Cropping Patterns in Mymensingh Region: Diversity, Constraint and Potential', doi:10.3329/brj.v21i2.38208"
Mymensingh,"Cropping patterns with exclusive non-rice in Mymensingh region, 2014-15.",Chilli-Aus-Fallow,2935.0,0.31,6,"Bangladesh Rice Journal 21(2) 2017, 'Cropping Patterns in Mymensingh Region: Diversity, Constraint and Potential', doi:10.3329/brj.v21i2.38208"
Mymensingh,"Cropping patterns with exclusive non-rice in Mymensingh region, 2014-15.",Sweet potato-Fallow-Fallow,2700.0,0.28,25,"Bangladesh Rice Journal 21(2) 2017, 'Cropping Patterns in Mymensingh Region: Diversity, Constraint and Potential', doi:10.3329/brj.v21i2.38208"
Mymensingh,"Cropping patterns with exclusive non-rice in Mymensingh region, 2014-15.",Chilli-Jute-Fallow,2670.0,0.28,9,"Bangladesh Rice Journal 21(2) 2017, 'Cropping Patterns in Mymensingh Region: Diversity, Constraint and Potential', doi:10.3329/brj.v21i2.38208"
Mymensingh,"Cropping patterns with exclusive non-rice in Mymensingh region, 2014-15.",Vegetable-Jute-Fallow,2170.0,0.23,8,"Bangladesh Rice Journal 21(2) 2017, 'Cropping Patterns in Mymensingh Region: Diversity, Constraint and Potential', doi:10.3329/brj.v21i2.38208"
Mymensingh,"Cropping patterns with exclusive non-rice in Mymensingh region, 2014-15.",Chilli-Fallow-Fallow,2000.0,0.21,11,"Bangladesh Rice Journal 21(2) 2017, 'Cropping Patterns in Mymensingh Region: Diversity, Constraint and Potential', doi:10.3329/brj.v21i2.38208"
Mymensingh,"Cropping patterns with exclusive non-rice in Mymensingh region, 2014-15.",Chilli-Fallow-T. Aman,1840.0,0.19,10,"Bangladesh Rice Journal 21(2) 2017, 'Cropping Patterns in Mymensingh Region: Diversity, Constraint and Potential', doi:10.3329/brj.v21i2.38208"
Mymensingh,"Cropping patterns with exclusive non-rice in Mymensingh region, 2014-15.",Potato-Boro-Fallow,1770.0,0.19,8,"Bangladesh Rice Journal 21(2) 2017, 'Cropping Patterns in Mymensingh Region: Diversity, Constraint and Potential', doi:10.3329/brj.v21i2.38208"
Mymensingh,"Cropping patterns with exclusive non-rice in Mymensingh region, 2014-15.",Onion-Jute-Fallow,1720.0,0.18,5,"Bangladesh Rice Journal 21(2) 2017, 'Cropping Patterns in Mymensingh Region: Diversity, Constraint and Potential', doi:10.3329/brj.v21i2.38208"
Mymensingh,"Cropping patterns with exclusive non-rice in Mymensingh region, 2014-15.",Vegetable-Aus-T. Aman,1350.0,0.14,7,"Bangladesh Rice Journal 21(2) 2017, 'Cropping Patterns in Mymensingh Region: Diversity, Constraint and Potential', doi:10.3329/brj.v21i2.38208"
Mymensingh,"Cropping patterns with exclusive non-rice in Mymensingh region, 2014-15.",Chilli-Vegetable-Fallow,1225.0,0.13,15,"Bangladesh Rice Journal 21(2) 2017, 'Cropping Patterns in Mymensingh Region: Diversity, Constraint and Potential', doi:10.3329/brj.v21i2.38208"
Mymensingh,"Cropping patterns with exclusive non-rice in Mymensingh region, 2014-15.",Potato-Aus-T. Aman,1210.0,0.13,8,"Bangladesh Rice Journal 21(2) 2017, 'Cropping Patterns in Mymensingh Region: Diversity, Constraint and Potential', doi:10.3329/brj.v21i2.38208"
Mymensingh,"Cropping patterns with exclusive non-rice in Mymensingh region, 2014-15.",Chilli-Jute-T. Aman,1150.0,0.12,4,"Bangladesh Rice Journal 21(2) 2017, 'Cropping Patterns in Mymensingh Region: Diversity, Constraint and Potential', doi:10.3329/brj.v21i2.38208"
Mymensingh,"Cropping patterns with exclusive non-rice in Mymensingh region, 2014-15.",Potato-Vegetable-T. Aman,1090.0,0.11,8,"Bangladesh Rice Journal 21(2) 2017, 'Cropping Patterns in Mymensingh Region: Diversity, Constraint and Potential', doi:10.3329/brj.v21i2.38208"
Mymensingh,"Cropping patterns with exclusive non-rice in Mymensingh region, 2014-15.",Potato-Fallow-T. Aman,1000.0,0.11,10,"Bangladesh Rice Journal 21(2) 2017, 'Cropping Patterns in Mymensingh Region: Diversity, Constraint and Potential', doi:10.3329/brj.v21i2.38208"
Mymensingh,"Cropping patterns with exclusive non-rice in Mymensingh region, 2014-15.",Fallow-Vegetable-T. Aman,980.0,0.1,2,"Bangladesh Rice Journal 21(2) 2017, 'Cropping Patterns in Mymensingh Region: Diversity, Constraint and Potential', doi:10.3329/brj.v21i2.38208"
Mymensingh,"Cropping patterns with exclusive non-rice in Mymensingh region, 2014-15.",Onion-Jute-T. Aman,940.0,0.1,11,"Bangladesh Rice Journal 21(2) 2017, 'Cropping Patterns in Mymensingh Region: Diversity, Constraint and Potential', doi:10.3329/brj.v21i2.38208"
Mymensingh,"Cropping patterns with exclusive non-rice in Mymensingh region, 2014-15.",Boro-Vegetable (Float/Norm),900.0,0.09,5,"Bangladesh Rice Journal 21(2) 2017, 'Cropping Patterns in Mymensingh Region: Diversity, Constraint and Potential', doi:10.3329/brj.v21i2.38208"
Mymensingh,"Cropping patterns with exclusive non-rice in Mymensingh region, 2014-15.",Vegetable-Aus-Fallow,900.0,0.09,2,"Bangladesh Rice Journal 21(2) 2017, 'Cropping Patterns in Mymensingh Region: Diversity, Constraint and Potential', doi:10.3329/brj.v21i2.38208"
Mymensingh,"Cropping patterns with exclusive non-rice in Mymensingh region, 2014-15.",Onion-Vegetable-Vegetable,885.0,0.09,18,"Bangladesh Rice Journal 21(2) 2017, 'Cropping Patterns in Mymensingh Region: Diversity, Constraint and Potential', doi:10.3329/brj.v21i2.38208"
Mymensingh,"Cropping patterns with exclusive non-rice in Mymensingh region, 2014-15.",Potato-Jute-Fallow,810.0,0.09,5,"Bangladesh Rice Journal 21(2) 2017, 'Cropping Patterns in Mymensingh Region: Diversity, Constraint and Potential', doi:10.3329/brj.v21i2.38208"
Mymensingh,"Cropping patterns with exclusive non-rice in Mymensingh region, 2014-15.",Onion-Fallow-T. Aman,805.0,0.08,9,"Bangladesh Rice Journal 21(2) 2017, 'Cropping Patterns in Mymensingh Region: Diversity, Constraint and Potential', doi:10.3329/brj.v21i2.38208"
Mymensingh,"Cropping patterns with exclusive non-rice in Mymensingh region, 2014-15.",Vegetable-Boro-Fallow,690.0,0.07,2,"Bangladesh Rice Journal 21(2) 2017, 'Cropping Patterns in Mymensingh Region: Diversity, Constraint and Potential', doi:10.3329/brj.v21i2.38208"
Mymensingh,"Cropping patterns with exclusive non-rice in Mymensingh region, 2014-15.",Garlic-Vegetable-Vegetable,640.0,0.07,15,"Bangladesh Rice Journal 21(2) 2017, 'Cropping Patterns in Mymensingh Region: Diversity, Constraint and Potential', doi:10.3329/brj.v21i2.38208"
Mymensingh,"Cropping patterns with exclusive non-rice in Mymensingh region, 2014-15.",Garlic-Fallow-T. Aman,610.0,0.06,5,"Bangladesh Rice Journal 21(2) 2017, 'Cropping Patterns in Mymensingh Region: Diversity, Constraint and Potential', doi:10.3329/brj.v21i2.38208"
Mymensingh,"Cropping patterns with exclusive non-rice in Mymensingh region, 2014-15.",Chilli-Vegetable-T. Aman,515.0,0.05,5,"Bangladesh Rice Journal 21(2) 2017, 'Cropping Patterns in Mymensingh Region: Diversity, Constraint and Potential', doi:10.3329/brj.v21i2.38208"
Mymensingh,"Cropping patterns with exclusive non-rice in Mymensingh region, 2014-15.",Vegetable-Boro-Jute,500.0,0.05,1,"Bangladesh Rice Journal 21(2) 2017, 'Cropping Patterns in Mymensingh Region: Diversity, Constraint and Potential', doi:10.3329/brj.v21i2.38208"
Mymensingh,"Cropping patterns with exclusive non-rice in Mymensingh region, 2014-15.",Garlic-Jute-Fallow,480.0,0.05,4,"Bangladesh Rice Journal 21(2) 2017, 'Cropping Patterns in Mymensingh Region: Diversity, Constraint and Potential', doi:10.3329/brj.v21i2.38208"
Mymensingh,"Cropping patterns with exclusive non-rice in Mymensingh region, 2014-15.",Wheat-Vegetable-Vegetable,460.0,0.05,2,"Bangladesh Rice Journal 21(2) 2017, 'Cropping Patterns in Mymensingh Region: Diversity, Constraint and Potential', doi:10.3329/brj.v21i2.38208"
Mymensingh,"Cropping patterns with exclusive non-rice in Mymensingh region, 2014-15.",Potato-Aus-Fallow,400.0,0.04,1,"Bangladesh Rice Journal 21(2) 2017, 'Cropping Patterns in Mymensingh Region: Diversity, Constraint and Potential', doi:10.3329/brj.v21i2.38208"
Mymensingh,"Cropping patterns with exclusive non-rice in Mymensingh region, 2014-15.",Garlic-Jute-T. Aman,340.0,0.04,8,"Bangladesh Rice Journal 21(2) 2017, 'Cropping Patterns in Mymensingh Region: Diversity, Constraint and Potential', doi:10.3329/brj.v21i2.38208"
Mymensingh,"Cropping patterns with exclusive non-rice in Mymensingh region, 2014-15.",Potato-Boro-Jute,340.0,0.04,1,"Bangladesh Rice Journal 21(2) 2017, 'Cropping Patterns in Mymensingh Region: Diversity, Constraint and Potential', doi:10.3329/brj.v21i2.38208"
Mymensingh,"Cropping patterns with exclusive non-rice in Mymensingh region, 2014-15.",Potato-Chilli-Fallow,330.0,0.03,3,"Bangladesh Rice Journal 21(2) 2017, 'Cropping Patterns in Mymensingh Region: Diversity, Constraint and Potential', doi:10.3329/brj.v21i2.38208"
Mymensingh,"Cropping patterns with exclusive non-rice in Mymensingh region, 2014-15.",Sweet potato-Fallow-T. Aman,310.0,0.03,6,"Bangladesh Rice Journal 21(2) 2017, 'Cropping Patterns in Mymensingh Region: Diversity, Constraint and Potential', doi:10.3329/brj.v21i2.38208"
Mymensingh,"Cropping patterns with exclusive non-rice in Mymensingh region, 2014-15.",Sweet potato-Jute-Fallow,300.0,0.03,3,"Bangladesh Rice Journal 21(2) 2017, 'Cropping Patterns in Mymensingh Region: Diversity, Constraint and Potential', doi:10.3329/brj.v21i2.38208"
Mymensingh,"Cropping patterns with exclusive non-rice in Mymensingh region, 2014-15.",Chilli-Aus-T. Aman,250.0,0.03,1,"Bangladesh Rice Journal 21(2) 2017, 'Cropping Patterns in Mymensingh Region: Diversity, Constraint and Potential', doi:10.3329/brj.v21i2.38208"
Mymensingh,"Cropping patterns with exclusive non-rice in Mymensingh region, 2014-15.",Coriander-Fallow-Fallow,205.0,0.02,10,"Bangladesh Rice Journal 21(2) 2017, 'Cropping Patterns in Mymensingh Region: Diversity, Constraint and Potential', doi:10.3329/brj.v21i2.38208"
Mymensingh,"Cropping patterns with exclusive non-rice in Mymensingh region, 2014-15.",Vegetable-Fallow-Blackgram,180.0,0.02,3,"Bangladesh Rice Journal 21(2) 2017, 'Cropping Patterns in Mymensingh Region: Diversity, Constraint and Potential', doi:10.3329/brj.v21i2.38208"
Mymensingh,"Cropping patterns with exclusive non-rice in Mymensingh region, 2014-15.",Coriander-Fallow-T. Aman,170.0,0.02,5,"Bangladesh Rice Journal 21(2) 2017, 'Cropping Patterns in Mymensingh Region: Diversity, Constraint and Potential', doi:10.3329/brj.v21i2.38208"
Mymensingh,"Cropping patterns with exclusive non-rice in Mymensingh region, 2014-15.",Coriander-Jute-Fallow,170.0,0.02,2,"Bangladesh Rice Journal 21(2) 2017, 'Cropping Patterns in Mymensingh Region: Diversity, Constraint and Potential', doi:10.3329/brj.v21i2.38208"
Mymensingh,"Cropping patterns with exclusive non-rice in Mymensingh region, 2014-15.",Boro-Jute-T. Aman,18150.0,1.91,15,"Bangladesh Rice Journal 21(2) 2017, 'Cropping Patterns in Mymensingh Region: Diversity, Constraint and Potential', doi:10.3329/brj.v21i2.38208"
Mymensingh,"Cropping patterns with exclusive non-rice in Mymensingh region, 2014-15.",Wheat-Jute-T. Aman,7150.0,0.75,27,"Bangladesh Rice Journal 21(2) 2017, 'Cropping Patterns in Mymensingh Region: Diversity, Constraint and Potential', doi:10.3329/brj.v21i2.38208"
Mymensingh,"Cropping patterns with exclusive non-rice in Mymensingh region, 2014-15.",Fallow-Jute-T. Aman,5540.0,0.58,12,"Bangladesh Rice Journal 21(2) 2017, 'Cropping Patterns in Mymensingh Region: Diversity, Constraint and Potential', doi:10.3329/brj.v21i2.38208"
Mymensingh,"Cropping patterns with exclusive non-rice in Mymensingh region, 2014-15.",Potato-Jute-T. Aman,4360.0,0.46,16,"Bangladesh Rice Journal 21(2) 2017, 'Cropping Patterns in Mymensingh Region: Diversity, Constraint and Potential', doi:10.3329/brj.v21i2.38208"
Mymensingh,"Cropping patterns with exclusive non-rice in Mymensingh region, 2014-15.",Maize-Jute-Fallow,3890.0,0.41,6,"Bangladesh Rice Journal 21(2) 2017, 'Cropping Patterns in Mymensingh Region: Diversity, Constraint and Potential', doi:10.3329/brj.v21i2.38208"
Mymensingh,"Cropping patterns with exclusive non-rice in Mymensingh region, 2014-15.",Chilli-Boro-Jute,3600.0,0.38,3,"Bangladesh Rice Journal 21(2) 2017, 'Cropping Patterns in Mymensingh Region: Diversity, Constraint and Potential', doi:10.3329/brj.v21i2.38208"
Mymensingh,"Cropping patterns with exclusive non-rice in Mymensingh region, 2014-15.",Vegetable-Jute-T. Aman,3520.0,0.37,13,"Bangladesh Rice Journal 21(2) 2017, 'Cropping Patterns in Mymensingh Region: Diversity, Constraint and Potential', doi:10.3329/brj.v21i2.38208"
Mymensingh,"Cropping patterns with exclusive non-rice in Mymensingh region, 2014-15.",Wheat-Jute-Fallow,2820.0,0.3,7,"Bangladesh Rice Journal 21(2) 2017, 'Cropping Patterns in Mymensingh Region: Diversity, Constraint and Potential', doi:10.3329/brj.v21i2.38208"
Mymensingh,"Cropping patterns with exclusive non-rice in Mymensingh region, 2014-15.",Chilli-Jute-Fallow,2670.0,0.28,9,"Bangladesh Rice Journal 21(2) 2017, 'Cropping Patterns in Mymensingh Region: Diversity, Constraint and Potential', doi:10.3329/brj.v21i2.38208"
Mymensingh,"Cropping patterns with exclusive non-rice in Mymensingh region, 2014-15.",Boro-Jute-Fallow,2330.0,0.25,5,"Bangladesh Rice Journal 21(2) 2017, 'Cropping Patterns in Mymensingh Region: Diversity, Constraint and Potential', doi:10.3329/brj.v21i2.38208"
Mymensingh,"Cropping patterns with exclusive non-rice in Mymensingh region, 2014-15.",Maize-Jute-T. Aman,2220.0,0.23,4,"Bangladesh Rice Journal 21(2) 2017, 'Cropping Patterns in Mymensingh Region: Diversity, Constraint and Potential', doi:10.3329/brj.v21i2.38208"
Mymensingh,"Cropping patterns with exclusive non-rice in Mymensingh region, 2014-15.",Vegetable-Jute-Fallow,2170.0,0.23,8,"Bangladesh Rice Journal 21(2) 2017, 'Cropping Patterns in Mymensingh Region: Diversity, Constraint and Potential', doi:10.3329/brj.v21i2.38208"
Mymensingh,"Cropping patterns with exclusive non-rice in Mymensingh region, 2014-15.",Mustard-Jute-T. Aman,1840.0,0.19,7,"Bangladesh Rice Journal 21(2) 2017, 'Cropping Patterns in Mymensingh Region: Diversity, Constraint and Potential', doi:10.3329/brj.v21i2.38208"
Mymensingh,"Cropping patterns with exclusive non-rice in Mymensingh region, 2014-15.",Onion-Jute-Fallow,1720.0,0.18,5,"Bangladesh Rice Journal 21(2) 2017, 'Cropping Patterns in Mymensingh Region: Diversity, Constraint and Potential', doi:10.3329/brj.v21i2.38208"
Mymensingh,"Cropping patterns with exclusive non-rice in Mymensingh region, 2014-15.",Mustard-Jute-Fallow,1210.0,0.13,4,"Bangladesh Rice Journal 21(2) 2017, 'Cropping Patterns in Mymensingh Region: Diversity, Constraint and Potential', doi:10.3329/brj.v21i2.38208"
Mymensingh,"Cropping patterns with exclusive non-rice in Mymensingh region, 2014-15.",Chilli-Jute-T. Aman,1150.0,0.12,4,"Bangladesh Rice Journal 21(2) 2017, 'Cropping Patterns in Mymensingh Region: Diversity, Constraint and Potential', doi:10.3329/brj.v21i2.38208"
Mymensingh,"Cropping patterns with exclusive non-rice in Mymensingh region, 2014-15.",Onion-Jute-T. Aman,940.0,0.1,11,"Bangladesh Rice Journal 21(2) 2017, 'Cropping Patterns in Mymensingh Region: Diversity, Constraint and Potential', doi:10.3329/brj.v21i2.38208"
Mymensingh,"Cropping patterns with exclusive non-rice in Mymensingh region, 2014-15.",Potato-Jute-Fallow,810.0,0.09,5,"Bangladesh Rice Journal 21(2) 2017, 'Cropping Patterns in Mymensingh Region: Diversity, Constraint and Potential', doi:10.3329/brj.v21i2.38208"
Mymensingh,"Cropping patterns with exclusive non-rice in Mymensingh region, 2014-15.",Lentil-Jute-T. Aman,745.0,0.08,9,"Bangladesh Rice Journal 21(2) 2017, 'Cropping Patterns in Mymensingh Region: Diversity, Constraint and Potential', doi:10.3329/brj.v21i2.38208"
Mymensingh,"Cropping patterns with exclusive non-rice in Mymensingh region, 2014-15.",Blackgram-Jute-T. Aman,670.0,0.07,6,"Bangladesh Rice Journal 21(2) 2017, 'Cropping Patterns in Mymensingh Region: Diversity, Constraint and Potential', doi:10.3329/brj.v21i2.38208"
Mymensingh,"Cropping patterns with exclusive non-rice in Mymensingh region, 2014-15.",Grasspea-Jute-Fallow,660.0,0.07,5,"Bangladesh Rice Journal 21(2) 2017, 'Cropping Patterns in Mymensingh Region: Diversity, Constraint and Potential', doi:10.3329/brj.v21i2.38208"
Mymensingh,"Cropping patterns with exclusive non-rice in Mymensingh region, 2014-15.",Blackgram-Jute-Fallow,500.0,0.05,4,"Bangladesh Rice Journal 21(2) 2017, 'Cropping Patterns in Mymensingh Region: Diversity, Constraint and Potential', doi:10.3329/brj.v21i2.38208"
Mymensingh,"Cropping patterns with exclusive non-rice in Mymensingh region, 2014-15.",Vegetable-Boro-Jute,500.0,0.05,1,"Bangladesh Rice Journal 21(2) 2017, 'Cropping Patterns in Mymensingh Region: Diversity, Constraint and Potential', doi:10.3329/brj.v21i2.38208"
Mymensingh,"Cropping patterns with exclusive non-rice in Mymensingh region, 2014-15.",Garlic-Jute-Fallow,480.0,0.05,4,"Bangladesh Rice Journal 21(2) 2017, 'Cropping Patterns in Mymensingh Region: Diversity, Constraint and Potential', doi:10.3329/brj.v21i2.38208"
Mymensingh,"Cropping patterns with exclusive non-rice in Mymensingh region, 2014-15.",Lentil-Jute-Fallow,470.0,0.05,6,"Bangladesh Rice Journal 21(2) 2017, 'Cropping Patterns in Mymensingh Region: Diversity, Constraint and Potential', doi:10.3329/brj.v21i2.38208"
Mymensingh,"Cropping patterns with exclusive non-rice in Mymensingh region, 2014-15.",Garlic-Jute-T. Aman,340.0,0.04,8,"Bangladesh Rice Journal 21(2) 2017, 'Cropping Patterns in Mymensingh Region: Diversity, Constraint and Potential', doi:10.3329/brj.v21i2.38208"
Mymensingh,"Cropping patterns with exclusive non-rice in Mymensingh region, 2014-15.",Potato-Boro-Jute,340.0,0.04,1,"Bangladesh Rice Journal 21(2) 2017, 'Cropping Patterns in Mymensingh Region: Diversity, Constraint and Potential', doi:10.3329/brj.v21i2.38208"
Mymensingh,"Cropping patterns with exclusive non-rice in Mymensingh region, 2014-15.",Groundnut-Jute-T. Aman,330.0,0.03,7,"Bangladesh Rice Journal 21(2) 2017, 'Cropping Patterns in Mymensingh Region: Diversity, Constraint and Potential', doi:10.3329/brj.v21i2.38208"
Mymensingh,"Cropping patterns with exclusive non-rice in Mymensingh region, 2014-15.",Sweet potato-Jute-Fallow,300.0,0.03,3,"Bangladesh Rice Journal 21(2) 2017, 'Cropping Patterns in Mymensingh Region: Diversity, Constraint and Potential', doi:10.3329/brj.v21i2.38208"
Mymensingh,"Cropping patterns with exclusive non-rice in Mymensingh region, 2014-15.",Wheat-Jute-Blackgram,250.0,0.03,1,"Bangladesh Rice Journal 21(2) 2017, 'Cropping Patterns in Mymensingh Region: Diversity, Constraint and Potential', doi:10.3329/brj.v21i2.38208"
Mymensingh,"Cropping patterns with exclusive non-rice in Mymensingh region, 2014-15.",Coriander-Jute-Fallow,170.0,0.02,2,"Bangladesh Rice Journal 21(2) 2017, 'Cropping Patterns in Mymensingh Region: Diversity, Constraint and Potential', doi:10.3329/brj.v21i2.38208"
Rajshahi,"Cropping patterns with exclusive rice in Rajshahi region, 2014-15.",Boro-Fallow-T. Aman,158390.0,22.83,27,"Bangladesh Rice Journal 21(2) 2017, 'Cropping Systems and Land Use Pattern in Rajshahi Region', doi:10.3329/brj.v21i2.38209"
Rajshahi,"Cropping patterns with exclusive rice in Rajshahi region, 2014-15.",Boro-Fallow-Fallow,50130.0,7.23,28,"Bangladesh Rice Journal 21(2) 2017, 'Cropping Systems and Land Use Pattern in Rajshahi Region', doi:10.3329/brj.v21i2.38209"
Rajshahi,"Cropping patterns with exclusive rice in Rajshahi region, 2014-15.",Boro-Aus-T. Aman,25290.0,3.65,17,"Bangladesh Rice Journal 21(2) 2017, 'Cropping Systems and Land Use Pattern in Rajshahi Region', doi:10.3329/brj.v21i2.38209"
Rajshahi,"Cropping patterns with exclusive rice in Rajshahi region, 2014-15.",Fallow-Fallow-T. Aman,19100.0,2.75,8,"Bangladesh Rice Journal 21(2) 2017, 'Cropping Systems and Land Use Pattern in Rajshahi Region', doi:10.3329/brj.v21i2.38209"
Rajshahi,"Cropping patterns with exclusive rice in Rajshahi region, 2014-15.",Boro-B. Aman,11650.0,1.68,8,"Bangladesh Rice Journal 21(2) 2017, 'Cropping Systems and Land Use Pattern in Rajshahi Region', doi:10.3329/brj.v21i2.38209"
Rajshahi,"Cropping patterns with exclusive rice in Rajshahi region, 2014-15.",Boro-Aus-Fallow,9500.0,1.37,9,"Bangladesh Rice Journal 21(2) 2017, 'Cropping Systems and Land Use Pattern in Rajshahi Region', doi:10.3329/brj.v21i2.38209"
Rajshahi,"Cropping patterns with exclusive rice in Rajshahi region, 2014-15.",Fallow-Aus-T. Aman,6120.0,0.88,3,"Bangladesh Rice Journal 21(2) 2017, 'Cropping Systems and Land Use Pattern in Rajshahi Region', doi:10.3329/brj.v21i2.38209"
Rajshahi,"Cropping patterns with exclusive rice in Rajshahi region, 2014-15.",Boro-Sesbania-T. Aman,580.0,0.08,3,"Bangladesh Rice Journal 21(2) 2017, 'Cropping Systems and Land Use Pattern in Rajshahi Region', doi:10.3329/brj.v21i2.38209"
Rajshahi,"Cropping patterns with exclusive non-rice in Rajshahi region, 2014-15.",Vegetable-Vegetable-Vegetable,10715.0,1.54,19,"Bangladesh Rice Journal 21(2) 2017, 'Cropping Systems and Land Use Pattern in Rajshahi Region', doi:10.3329/brj.v21i2.38209"
Rajshahi,"Cropping patterns with exclusive non-rice in Rajshahi region, 2014-15.",Wheat-Jute-Fallow,6720.0,0.97,6,"Bangladesh Rice Journal 21(2) 2017, 'Cropping Systems and Land Use Pattern in Rajshahi Region', doi:10.3329/brj.v21i2.38209"
Rajshahi,"Cropping patterns with exclusive non-rice in Rajshahi region, 2014-15.",Garlic-Jute-Fallow,4310.0,0.62,4,"Bangladesh Rice Journal 21(2) 2017, 'Cropping Systems and Land Use Pattern in Rajshahi Region', doi:10.3329/brj.v21i2.38209"
Rajshahi,"Cropping patterns with exclusive non-rice in Rajshahi region, 2014-15.",Vegetable-Vegetable-Fallow,3500.0,0.54,6,"Bangladesh Rice Journal 21(2) 2017, 'Cropping Systems and Land Use Pattern in Rajshahi Region', doi:10.3329/brj.v21i2.38209"
Rajshahi,"Cropping patterns with exclusive non-rice in Rajshahi region, 2014-15.",Maize-Fallow-Blackgram,3350.0,0.5,2,"Bangladesh Rice Journal 21(2) 2017, 'Cropping Systems and Land Use Pattern in Rajshahi Region', doi:10.3329/brj.v21i2.38209"
Rajshahi,"Cropping patterns with exclusive non-rice in Rajshahi region, 2014-15.",Lentil-Fallow-Fallow (Orchard),2780.0,0.43,5,"Bangladesh Rice Journal 21(2) 2017, 'Cropping Systems and Land Use Pattern in Rajshahi Region', doi:10.3329/brj.v21i2.38209"
Rajshahi,"Cropping patterns with exclusive non-rice in Rajshahi region, 2014-15.",Wheat-Mungbean-Fallow,2670.0,0.4,4,"Bangladesh Rice Journal 21(2) 2017, 'Cropping Systems and Land Use Pattern in Rajshahi Region', doi:10.3329/brj.v21i2.38209"
Rajshahi,"Cropping patterns with exclusive non-rice in Rajshahi region, 2014-15.",Potato-Jute-Fallow,2450.0,0.35,3,"Bangladesh Rice Journal 21(2) 2017, 'Cropping Systems and Land Use Pattern in Rajshahi Region', doi:10.3329/brj.v21i2.38209"
Rajshahi,"Cropping patterns with exclusive non-rice in Rajshahi region, 2014-15.",Onion-Vegetable-Vegetable,2370.0,0.34,11,"Bangladesh Rice Journal 21(2) 2017, 'Cropping Systems and Land Use Pattern in Rajshahi Region', doi:10.3329/brj.v21i2.38209"
Rajshahi,"Cropping patterns with exclusive non-rice in Rajshahi region, 2014-15.",Wheat-Mungbean-Fallow (Orchard),2150.0,0.31,3,"Bangladesh Rice Journal 21(2) 2017, 'Cropping Systems and Land Use Pattern in Rajshahi Region', doi:10.3329/brj.v21i2.38209"
Rajshahi,"Cropping patterns with exclusive non-rice in Rajshahi region, 2014-15.",Onion-Jute-Fallow,2010.0,0.29,5,"Bangladesh Rice Journal 21(2) 2017, 'Cropping Systems and Land Use Pattern in Rajshahi Region', doi:10.3329/brj.v21i2.38209"
Rajshahi,"Cropping patterns with exclusive non-rice in Rajshahi region, 2014-15.",Garlic-Vegetable-Vegetable,1030.0,0.15,10,"Bangladesh Rice Journal 21(2) 2017, 'Cropping Systems and Land Use Pattern in Rajshahi Region', doi:10.3329/brj.v21i2.38209"
Rajshahi,"Cropping patterns with exclusive non-rice in Rajshahi region, 2014-15.",Maize-Fallow-Fallow,1000.0,0.14,2,"Bangladesh Rice Journal 21(2) 2017, 'Cropping Systems and Land Use Pattern in Rajshahi Region', doi:10.3329/brj.v21i2.38209"
Rajshahi,"Cropping patterns with exclusive non-rice in Rajshahi region, 2014-15.",Potato-Chilli-Fallow,980.0,0.14,6,"Bangladesh Rice Journal 21(2) 2017, 'Cropping Systems and Land Use Pattern in Rajshahi Region', doi:10.3329/brj.v21i2.38209"
Rajshahi,"Cropping patterns with exclusive non-rice in Rajshahi region, 2014-15.",Lentil-Vegetable-Vegetable,760.0,0.11,2,"Bangladesh Rice Journal 21(2) 2017, 'Cropping Systems and Land Use Pattern in Rajshahi Region', doi:10.3329/brj.v21i2.38209"
Rajshahi,"Cropping patterns with exclusive non-rice in Rajshahi region, 2014-15.",Wheat-Sesame-Blackgram (Orchard),730.0,0.11,2,"Bangladesh Rice Journal 21(2) 2017, 'Cropping Systems and Land Use Pattern in Rajshahi Region', doi:10.3329/brj.v21i2.38209"
Rajshahi,"Cropping patterns with exclusive non-rice in Rajshahi region, 2014-15.",Chilli-Vegetable-Fallow,600.0,0.09,5,"Bangladesh Rice Journal 21(2) 2017, 'Cropping Systems and Land Use Pattern in Rajshahi Region', doi:10.3329/brj.v21i2.38209"
Rajshahi,"Cropping patterns with exclusive non-rice in Rajshahi region, 2014-15.",Wheat-Vegetable-Vegetable,500.0,0.07,2,"Bangladesh Rice Journal 21(2) 2017, 'Cropping Systems and Land Use Pattern in Rajshahi Region', doi:10.3329/brj.v21i2.38209"
Rajshahi,"Cropping patterns with exclusive non-rice in Rajshahi region, 2014-15.",Wheat-Jute-Blackgram,370.0,0.05,2,"Bangladesh Rice Journal 21(2) 2017, 'Cropping Systems and Land Use Pattern in Rajshahi Region', doi:10.3329/brj.v21i2.38209"
Rajshahi,"Cropping patterns with exclusive non-rice in Rajshahi region, 2014-15.",Wheat-Chilli-Fallow,290.0,0.04,3,"Bangladesh Rice Journal 21(2) 2017, 'Cropping Systems and Land Use Pattern in Rajshahi Region', doi:10.3329/brj.v21i2.38209"
Rajshahi,"Cropping patterns with exclusive non-rice in Rajshahi region, 2014-15.",Potato-Maize-Fallow,270.0,0.04,3,"Bangladesh Rice Journal 21(2) 2017, 'Cropping Systems and Land Use Pattern in Rajshahi Region', doi:10.3329/brj.v21i2.38209"
Rajshahi,"Cropping patterns with exclusive non-rice in Rajshahi region, 2014-15.",Chilli-Fallow-Fallow,240.0,0.04,3,"Bangladesh Rice Journal 21(2) 2017, 'Cropping Systems and Land Use Pattern in Rajshahi Region', doi:10.3329/brj.v21i2.38209"
Rajshahi,"Cropping patterns with exclusive non-rice in Rajshahi region, 2014-15.",Sweet potato-Fallow-Fallow,220.0,0.03,4,"Bangladesh Rice Journal 21(2) 2017, 'Cropping Systems and Land Use Pattern in Rajshahi Region', doi:10.3329/brj.v21i2.38209"
Rajshahi,"Cropping patterns with exclusive non-rice in Rajshahi region, 2014-15.",Groundnut-Fallow-Fallow,210.0,0.03,2,"Bangladesh Rice Journal 21(2) 2017, 'Cropping Systems and Land Use Pattern in Rajshahi Region', doi:10.3329/brj.v21i2.38209"
Rajshahi,"Cropping patterns for wheat and maize in Rajshahi region, 2014-15 .",Wheat-Fallow-T. Aman,30130.0,4.34,14,"Bangladesh Rice Journal 21(2) 2017, 'Cropping Systems and Land Use Pattern in Rajshahi Region', doi:10.3329/brj.v21i2.38209"
Rajshahi,"Cropping patterns for wheat and maize in Rajshahi region, 2014-15 .",Wheat-Aus-T. Aman,16010.0,2.31,14,"Bangladesh Rice Journal 21(2) 2017, 'Cropping Systems and Land Use Pattern in Rajshahi Region', doi:10.3329/brj.v21i2.38209"
Rajshahi,"Cropping patterns for wheat and maize in Rajshahi region, 2014-15 .",Wheat-Mungbean-T. Aman,12570.0,1.81,17,"Bangladesh Rice Journal 21(2) 2017, 'Cropping Systems and Land Use Pattern in Rajshahi Region', doi:10.3329/brj.v21i2.38209"
Rajshahi,"Cropping patterns for wheat and maize in Rajshahi region, 2014-15 .",Wheat-Aus-Blackgram,12030.0,1.73,3,"Bangladesh Rice Journal 21(2) 2017, 'Cropping Systems and Land Use Pattern in Rajshahi Region', doi:10.3329/brj.v21i2.38209"
Rajshahi,"Cropping patterns for wheat and maize in Rajshahi region, 2014-15 .",Wheat-Jute-T. Aman,10270.0,1.48,18,"Bangladesh Rice Journal 21(2) 2017, 'Cropping Systems and Land Use Pattern in Rajshahi Region', doi:10.3329/brj.v21i2.38209"
Rajshahi,"Cropping patterns for wheat and maize in Rajshahi region, 2014-15 .",Wheat-Aus-Fallow,7020.0,1.01,8,"Bangladesh Rice Journal 21(2) 2017, 'Cropping Systems and Land Use Pattern in Rajshahi Region', doi:10.3329/brj.v21i2.38209"
Rajshahi,"Cropping patterns for wheat and maize in Rajshahi region, 2014-15 .",Wheat-Jute-Fallow,6720.0,0.97,6,"Bangladesh Rice Journal 21(2) 2017, 'Cropping Systems and Land Use Pattern in Rajshahi Region', doi:10.3329/brj.v21i2.38209"
Rajshahi,"Cropping patterns for wheat and maize in Rajshahi region, 2014-15 .",Potato-Maize-T. Aman,5350.0,0.77,11,"Bangladesh Rice Journal 21(2) 2017, 'Cropping Systems and Land Use Pattern in Rajshahi Region', doi:10.3329/brj.v21i2.38209"
Rajshahi,"Cropping patterns for wheat and maize in Rajshahi region, 2014-15 .",Potato-Maize-Aus,4000.0,0.58,3,"Bangladesh Rice Journal 21(2) 2017, 'Cropping Systems and Land Use Pattern in Rajshahi Region', doi:10.3329/brj.v21i2.38209"
Rajshahi,"Cropping patterns for wheat and maize in Rajshahi region, 2014-15 .",Maize-Fallow-T. Aman,3780.0,0.54,8,"Bangladesh Rice Journal 21(2) 2017, 'Cropping Systems and Land Use Pattern in Rajshahi Region', doi:10.3329/brj.v21i2.38209"
Rajshahi,"Cropping patterns for wheat and maize in Rajshahi region, 2014-15 .",Wheat-Fallow-T. Aman(Orchard),3700.0,0.53,2,"Bangladesh Rice Journal 21(2) 2017, 'Cropping Systems and Land Use Pattern in Rajshahi Region', doi:10.3329/brj.v21i2.38209"
Rajshahi,"Cropping patterns for wheat and maize in Rajshahi region, 2014-15 .",Maize-Fallow-Blackgram,3350.0,0.48,2,"Bangladesh Rice Journal 21(2) 2017, 'Cropping Systems and Land Use Pattern in Rajshahi Region', doi:10.3329/brj.v21i2.38209"
Rajshahi,"Cropping patterns for wheat and maize in Rajshahi region, 2014-15 .",Wheat-Maize-T. Aman,2920.0,0.42,4,"Bangladesh Rice Journal 21(2) 2017, 'Cropping Systems and Land Use Pattern in Rajshahi Region', doi:10.3329/brj.v21i2.38209"
Rajshahi,"Cropping patterns for wheat and maize in Rajshahi region, 2014-15 .",Lentil-Maize-T. Aman,2890.0,0.42,6,"Bangladesh Rice Journal 21(2) 2017, 'Cropping Systems and Land Use Pattern in Rajshahi Region', doi:10.3329/brj.v21i2.38209"
Rajshahi,"Cropping patterns for wheat and maize in Rajshahi region, 2014-15 .",Wheat-Mungbean-Fallow,2670.0,0.38,4,"Bangladesh Rice Journal 21(2) 2017, 'Cropping Systems and Land Use Pattern in Rajshahi Region', doi:10.3329/brj.v21i2.38209"
Rajshahi,"Cropping patterns for wheat and maize in Rajshahi region, 2014-15 .",Wheat-Mungbean-Fallow(Orchard),2150.0,0.31,3,"Bangladesh Rice Journal 21(2) 2017, 'Cropping Systems and Land Use Pattern in Rajshahi Region', doi:10.3329/brj.v21i2.38209"
Rajshahi,"Cropping patterns for wheat and maize in Rajshahi region, 2014-15 .",Wheat-Sesame-T. Aman,2100.0,0.3,7,"Bangladesh Rice Journal 21(2) 2017, 'Cropping Systems and Land Use Pattern in Rajshahi Region', doi:10.3329/brj.v21i2.38209"
Rajshahi,"Cropping patterns for wheat and maize in Rajshahi region, 2014-15 .",Maize-B. Aman,2000.0,0.29,2,"Bangladesh Rice Journal 21(2) 2017, 'Cropping Systems and Land Use Pattern in Rajshahi Region', doi:10.3329/brj.v21i2.38209"
Rajshahi,"Cropping patterns for wheat and maize in Rajshahi region, 2014-15 .",Wheat-Aus-Onion,1900.0,0.27,1,"Bangladesh Rice Journal 21(2) 2017, 'Cropping Systems and Land Use Pattern in Rajshahi Region', doi:10.3329/brj.v21i2.38209"
Rajshahi,"Cropping patterns for wheat and maize in Rajshahi region, 2014-15 .",Maize-Aus-Blackgram,1300.0,0.19,1,"Bangladesh Rice Journal 21(2) 2017, 'Cropping Systems and Land Use Pattern in Rajshahi Region', doi:10.3329/brj.v21i2.38209"
Rajshahi,"Cropping patterns for wheat and maize in Rajshahi region, 2014-15 .",Wheat-Vegetable-T. Aman,1160.0,0.17,6,"Bangladesh Rice Journal 21(2) 2017, 'Cropping Systems and Land Use Pattern in Rajshahi Region', doi:10.3329/brj.v21i2.38209"
Rajshahi,"Cropping patterns for wheat and maize in Rajshahi region, 2014-15 .",Wheat-B. Aman,1150.0,0.17,2,"Bangladesh Rice Journal 21(2) 2017, 'Cropping Systems and Land Use Pattern in Rajshahi Region', doi:10.3329/brj.v21i2.38209"
Rajshahi,"Cropping patterns for wheat and maize in Rajshahi region, 2014-15 .",Onion-Maize-T. Aman,1050.0,0.15,3,"Bangladesh Rice Journal 21(2) 2017, 'Cropping Systems and Land Use Pattern in Rajshahi Region', doi:10.3329/brj.v21i2.38209"
Rajshahi,"Cropping patterns for wheat and maize in Rajshahi region, 2014-15 .",Maize-Fallow-Fallow,1000.0,0.14,2,"Bangladesh Rice Journal 21(2) 2017, 'Cropping Systems and Land Use Pattern in Rajshahi Region', doi:10.3329/brj.v21i2.38209"
Rajshahi,"Cropping patterns for wheat and maize in Rajshahi region, 2014-15 .",Wheat-Sesame-Blackgram(Orchard),730.0,0.11,2,"Bangladesh Rice Journal 21(2) 2017, 'Cropping Systems and Land Use Pattern in Rajshahi Region', doi:10.3329/brj.v21i2.38209"
Rajshahi,"Cropping patterns for wheat and maize in Rajshahi region, 2014-15 .",Potato-Maize-Aus-Vegetable,700.0,0.1,1,"Bangladesh Rice Journal 21(2) 2017, 'Cropping Systems and Land Use Pattern in Rajshahi Region', doi:10.3329/brj.v21i2.38209"
Rajshahi,"Cropping patterns for wheat and maize in Rajshahi region, 2014-15 .",Wheat-Vegetable-Vegetable,500.0,0.07,2,"Bangladesh Rice Journal 21(2) 2017, 'Cropping Systems and Land Use Pattern in Rajshahi Region', doi:10.3329/brj.v21i2.38209"
Rajshahi,"Cropping patterns for wheat and maize in Rajshahi region, 2014-15 .",Maize-Aus-T. Aman,440.0,0.06,3,"Bangladesh Rice Journal 21(2) 2017, 'Cropping Systems and Land Use Pattern in Rajshahi Region', doi:10.3329/brj.v21i2.38209"
Rajshahi,"Cropping patterns for wheat and maize in Rajshahi region, 2014-15 .",Vegetable-Maize-Fallow,430.0,0.06,1,"Bangladesh Rice Journal 21(2) 2017, 'Cropping Systems and Land Use Pattern in Rajshahi Region', doi:10.3329/brj.v21i2.38209"
Rajshahi,"Cropping patterns for wheat and maize in Rajshahi region, 2014-15 .",Maize-Maize-Fallow,400.0,0.06,1,"Bangladesh Rice Journal 21(2) 2017, 'Cropping Systems and Land Use Pattern in Rajshahi Region', doi:10.3329/brj.v21i2.38209"
Rajshahi,"Cropping patterns for wheat and maize in Rajshahi region, 2014-15 .",Onion-Maize-Fallow,400.0,0.06,1,"Bangladesh Rice Journal 21(2) 2017, 'Cropping Systems and Land Use Pattern in Rajshahi Region', doi:10.3329/brj.v21i2.38209"
Rajshahi,"Cropping patterns for wheat and maize in Rajshahi region, 2014-15 .",Wheat-Jute-Blackgram,370.0,0.05,2,"Bangladesh Rice Journal 21(2) 2017, 'Cropping Systems and Land Use Pattern in Rajshahi Region', doi:10.3329/brj.v21i2.38209"
Rajshahi,"Cropping patterns for wheat and maize in Rajshahi region, 2014-15 .",Boro-Maize-Blackgram,350.0,0.05,1,"Bangladesh Rice Journal 21(2) 2017, 'Cropping Systems and Land Use Pattern in Rajshahi Region', doi:10.3329/brj.v21i2.38209"
Rajshahi,"Cropping patterns for wheat and maize in Rajshahi region, 2014-15 .",Boro-Maize-Fallow,350.0,0.05,1,"Bangladesh Rice Journal 21(2) 2017, 'Cropping Systems and Land Use Pattern in Rajshahi Region', doi:10.3329/brj.v21i2.38209"
Rajshahi,"Cropping patterns for wheat and maize in Rajshahi region, 2014-15 .",Maize-Aus-Fallow,300.0,0.04,1,"Bangladesh Rice Journal 21(2) 2017, 'Cropping Systems and Land Use Pattern in Rajshahi Region', doi:10.3329/brj.v21i2.38209"
Rajshahi,"Cropping patterns for wheat and maize in Rajshahi region, 2014-15 .",Potato-Maize-Vegetable,300.0,0.04,1,"Bangladesh Rice Journal 21(2) 2017, 'Cropping Systems and Land Use Pattern in Rajshahi Region', doi:10.3329/brj.v21i2.38209"
Rajshahi,"Cropping patterns for wheat and maize in Rajshahi region, 2014-15 .",Wheat-Chilli-Fallow,290.0,0.04,3,"Bangladesh Rice Journal 21(2) 2017, 'Cropping Systems and Land Use Pattern in Rajshahi Region', doi:10.3329/brj.v21i2.38209"
Rajshahi,"Cropping patterns for wheat and maize in Rajshahi region, 2014-15 .",Potato-Maize-Fallow,270.0,0.04,3,"Bangladesh Rice Journal 21(2) 2017, 'Cropping Systems and Land Use Pattern in Rajshahi Region', doi:10.3329/brj.v21i2.38209"
Rajshahi,"Cropping patterns of pulses crops in Rajshahi region, 2014-15.",Wheat-Mungbean-T. Aman,12570.0,1.81,17,"Bangladesh Rice Journal 21(2) 2017, 'Cropping Systems and Land Use Pattern in Rajshahi Region', doi:10.3329/brj.v21i2.38209"
Rajshahi,"Cropping patterns of pulses crops in Rajshahi region, 2014-15.",Wheat-Aus-Blackgram,12030.0,1.73,3,"Bangladesh Rice Journal 21(2) 2017, 'Cropping Systems and Land Use Pattern in Rajshahi Region', doi:10.3329/brj.v21i2.38209"
Rajshahi,"Cropping patterns of pulses crops in Rajshahi region, 2014-15.",Boro-Aus-Blackgram,8000.0,1.15,1,"Bangladesh Rice Journal 21(2) 2017, 'Cropping Systems and Land Use Pattern in Rajshahi Region', doi:10.3329/brj.v21i2.38209"
Rajshahi,"Cropping patterns of pulses crops in Rajshahi region, 2014-15.",Felon-Fallow-T. Aman,6400.0,0.92,1,"Bangladesh Rice Journal 21(2) 2017, 'Cropping Systems and Land Use Pattern in Rajshahi Region', doi:10.3329/brj.v21i2.38209"
Rajshahi,"Cropping patterns of pulses crops in Rajshahi region, 2014-15.",Lentil-Fallow-T. Aman,4370.0,0.63,6,"Bangladesh Rice Journal 21(2) 2017, 'Cropping Systems and Land Use Pattern in Rajshahi Region', doi:10.3329/brj.v21i2.38209"
Rajshahi,"Cropping patterns of pulses crops in Rajshahi region, 2014-15.",Maize-Fallow-Blackgram,3350.0,0.48,2,"Bangladesh Rice Journal 21(2) 2017, 'Cropping Systems and Land Use Pattern in Rajshahi Region', doi:10.3329/brj.v21i2.38209"
Rajshahi,"Cropping patterns of pulses crops in Rajshahi region, 2014-15.",Lentil-Maize-T. Aman,2890.0,0.42,6,"Bangladesh Rice Journal 21(2) 2017, 'Cropping Systems and Land Use Pattern in Rajshahi Region', doi:10.3329/brj.v21i2.38209"
Rajshahi,"Cropping patterns of pulses crops in Rajshahi region, 2014-15.",Lentil-Fallow-Fallow(Orchard),2780.0,0.4,5,"Bangladesh Rice Journal 21(2) 2017, 'Cropping Systems and Land Use Pattern in Rajshahi Region', doi:10.3329/brj.v21i2.38209"
Rajshahi,"Cropping patterns of pulses crops in Rajshahi region, 2014-15.",Wheat-Mungbean-Fallow,2670.0,0.38,4,"Bangladesh Rice Journal 21(2) 2017, 'Cropping Systems and Land Use Pattern in Rajshahi Region', doi:10.3329/brj.v21i2.38209"
Rajshahi,"Cropping patterns of pulses crops in Rajshahi region, 2014-15.",Garlic-Mungbean-T. Aman,2500.0,0.36,2,"Bangladesh Rice Journal 21(2) 2017, 'Cropping Systems and Land Use Pattern in Rajshahi Region', doi:10.3329/brj.v21i2.38209"
Rajshahi,"Cropping patterns of pulses crops in Rajshahi region, 2014-15.",Lentil-Jute-T. Aman,2410.0,0.35,6,"Bangladesh Rice Journal 21(2) 2017, 'Cropping Systems and Land Use Pattern in Rajshahi Region', doi:10.3329/brj.v21i2.38209"
Rajshahi,"Cropping patterns of pulses crops in Rajshahi region, 2014-15.",Wheat-Mungbean-Fallow(Orchard),2150.0,0.31,3,"Bangladesh Rice Journal 21(2) 2017, 'Cropping Systems and Land Use Pattern in Rajshahi Region', doi:10.3329/brj.v21i2.38209"
Rajshahi,"Cropping patterns of pulses crops in Rajshahi region, 2014-15.",Chickpea-Fallow-T. Aman,2110.0,0.3,5,"Bangladesh Rice Journal 21(2) 2017, 'Cropping Systems and Land Use Pattern in Rajshahi Region', doi:10.3329/brj.v21i2.38209"
Rajshahi,"Cropping patterns of pulses crops in Rajshahi region, 2014-15.",Boro-Fallow-Blackgram,2000.0,0.29,4,"Bangladesh Rice Journal 21(2) 2017, 'Cropping Systems and Land Use Pattern in Rajshahi Region', doi:10.3329/brj.v21i2.38209"
Rajshahi,"Cropping patterns of pulses crops in Rajshahi region, 2014-15.",Grasspea-Boro-Aus,1800.0,0.26,1,"Bangladesh Rice Journal 21(2) 2017, 'Cropping Systems and Land Use Pattern in Rajshahi Region', doi:10.3329/brj.v21i2.38209"
Rajshahi,"Cropping patterns of pulses crops in Rajshahi region, 2014-15.",Lentil-Mungbean-T. Aman,1750.0,0.25,5,"Bangladesh Rice Journal 21(2) 2017, 'Cropping Systems and Land Use Pattern in Rajshahi Region', doi:10.3329/brj.v21i2.38209"
Rajshahi,"Cropping patterns of pulses crops in Rajshahi region, 2014-15.",Mustard-Mungbean-T. Aman,1700.0,0.25,2,"Bangladesh Rice Journal 21(2) 2017, 'Cropping Systems and Land Use Pattern in Rajshahi Region', doi:10.3329/brj.v21i2.38209"
Rajshahi,"Cropping patterns of pulses crops in Rajshahi region, 2014-15.",Mustard-Aus-Blackgram,1500.0,0.22,1,"Bangladesh Rice Journal 21(2) 2017, 'Cropping Systems and Land Use Pattern in Rajshahi Region', doi:10.3329/brj.v21i2.38209"
Rajshahi,"Cropping patterns of pulses crops in Rajshahi region, 2014-15.",Vegetable-Aus-Blackgram,1500.0,0.22,1,"Bangladesh Rice Journal 21(2) 2017, 'Cropping Systems and Land Use Pattern in Rajshahi Region', doi:10.3329/brj.v21i2.38209"
Rajshahi,"Cropping patterns of pulses crops in Rajshahi region, 2014-15.",Grasspea-B. Aman,1380.0,0.2,3,"Bangladesh Rice Journal 21(2) 2017, 'Cropping Systems and Land Use Pattern in Rajshahi Region', doi:10.3329/brj.v21i2.38209"
Rajshahi,"Cropping patterns of pulses crops in Rajshahi region, 2014-15.",Maize-Aus-Blackgram,1300.0,0.19,1,"Bangladesh Rice Journal 21(2) 2017, 'Cropping Systems and Land Use Pattern in Rajshahi Region', doi:10.3329/brj.v21i2.38209"
Rajshahi,"Cropping patterns of pulses crops in Rajshahi region, 2014-15.",Onion-Aus-Blackgram,870.0,0.13,2,"Bangladesh Rice Journal 21(2) 2017, 'Cropping Systems and Land Use Pattern in Rajshahi Region', doi:10.3329/brj.v21i2.38209"
Rajshahi,"Cropping patterns of pulses crops in Rajshahi region, 2014-15.",Lentil-Vegetable-Vegetable,760.0,0.11,2,"Bangladesh Rice Journal 21(2) 2017, 'Cropping Systems and Land Use Pattern in Rajshahi Region', doi:10.3329/brj.v21i2.38209"
Rajshahi,"Cropping patterns of pulses crops in Rajshahi region, 2014-15.",Wheat-Sesame-Blackgram(Orchard),730.0,0.11,2,"Bangladesh Rice Journal 21(2) 2017, 'Cropping Systems and Land Use Pattern in Rajshahi Region', doi:10.3329/brj.v21i2.38209"
Rajshahi,"Cropping patterns of pulses crops in Rajshahi region, 2014-15.",Lentil-Aus-T. Aman,710.0,0.1,3,"Bangladesh Rice Journal 21(2) 2017, 'Cropping Systems and Land Use Pattern in Rajshahi Region', doi:10.3329/brj.v21i2.38209"
Rajshahi,"Cropping patterns of pulses crops in Rajshahi region, 2014-15.",Lentil-Sesame-T. Aman,710.0,0.1,3,"Bangladesh Rice Journal 21(2) 2017, 'Cropping Systems and Land Use Pattern in Rajshahi Region', doi:10.3329/brj.v21i2.38209"
Rajshahi,"Cropping patterns of pulses crops in Rajshahi region, 2014-15.",Lentil-Aus-Fallow,620.0,0.09,2,"Bangladesh Rice Journal 21(2) 2017, 'Cropping Systems and Land Use Pattern in Rajshahi Region', doi:10.3329/brj.v21i2.38209"
Rajshahi,"Cropping patterns of pulses crops in Rajshahi region, 2014-15.",Mungbean-Aus-T. Aman,600.0,0.09,1,"Bangladesh Rice Journal 21(2) 2017, 'Cropping Systems and Land Use Pattern in Rajshahi Region', doi:10.3329/brj.v21i2.38209"
Rajshahi,"Cropping patterns of pulses crops in Rajshahi region, 2014-15.",Wheat-Jute-Blackgram,370.0,0.05,2,"Bangladesh Rice Journal 21(2) 2017, 'Cropping Systems and Land Use Pattern in Rajshahi Region', doi:10.3329/brj.v21i2.38209"
Rajshahi,"Cropping patterns of pulses crops in Rajshahi region, 2014-15.",Boro-Maize-Blackgram,350.0,0.05,1,"Bangladesh Rice Journal 21(2) 2017, 'Cropping Systems and Land Use Pattern in Rajshahi Region', doi:10.3329/brj.v21i2.38209"
Rajshahi,"Cropping patterns of pulses crops in Rajshahi region, 2014-15.",Grasspea-Fallow-T. Aman,350.0,0.05,4,"Bangladesh Rice Journal 21(2) 2017, 'Cropping Systems and Land Use Pattern in Rajshahi Region', doi:10.3329/brj.v21i2.38209"
Rajshahi,"Cropping patterns of pulses crops in Rajshahi region, 2014-15.",Lentil-Sesame-Fallow,300.0,0.04,1,"Bangladesh Rice Journal 21(2) 2017, 'Cropping Systems and Land Use Pattern in Rajshahi Region', doi:10.3329/brj.v21i2.38209"
Rajshahi,"Cropping patterns of pulses crops in Rajshahi region, 2014-15.",Grasspea-Aus-Blackgram,250.0,0.04,1,"Bangladesh Rice Journal 21(2) 2017, 'Cropping Systems and Land Use Pattern in Rajshahi Region', doi:10.3329/brj.v21i2.38209"
Rajshahi,"Cropping patterns of oil-seed crops in Rajshahi region, 2014-15.",Mustard-Boro-T. Aman,25650.0,3.7,17,"Bangladesh Rice Journal 21(2) 2017, 'Cropping Systems and Land Use Pattern in Rajshahi Region', doi:10.3329/brj.v21i2.38209"
Rajshahi,"Cropping patterns of oil-seed crops in Rajshahi region, 2014-15.",Mustard-Boro-Fallow,13050.0,1.88,9,"Bangladesh Rice Journal 21(2) 2017, 'Cropping Systems and Land Use Pattern in Rajshahi Region', doi:10.3329/brj.v21i2.38209"
Rajshahi,"Cropping patterns of oil-seed crops in Rajshahi region, 2014-15.",Mustard-Boro-Aus,10200.0,1.47,8,"Bangladesh Rice Journal 21(2) 2017, 'Cropping Systems and Land Use Pattern in Rajshahi Region', doi:10.3329/brj.v21i2.38209"
Rajshahi,"Cropping patterns of oil-seed crops in Rajshahi region, 2014-15.",Mustard-Fallow-T. Aman,6000.0,0.87,7,"Bangladesh Rice Journal 21(2) 2017, 'Cropping Systems and Land Use Pattern in Rajshahi Region', doi:10.3329/brj.v21i2.38209"
Rajshahi,"Cropping patterns of oil-seed crops in Rajshahi region, 2014-15.",Mustard-Aus-T. Aman,3800.0,0.55,4,"Bangladesh Rice Journal 21(2) 2017, 'Cropping Systems and Land Use Pattern in Rajshahi Region', doi:10.3329/brj.v21i2.38209"
Rajshahi,"Cropping patterns of oil-seed crops in Rajshahi region, 2014-15.",Wheat-Sesame-T. Aman,2100.0,0.3,7,"Bangladesh Rice Journal 21(2) 2017, 'Cropping Systems and Land Use Pattern in Rajshahi Region', doi:10.3329/brj.v21i2.38209"
Rajshahi,"Cropping patterns of oil-seed crops in Rajshahi region, 2014-15.",Mustard-Boro-B. Aman,1800.0,0.26,1,"Bangladesh Rice Journal 21(2) 2017, 'Cropping Systems and Land Use Pattern in Rajshahi Region', doi:10.3329/brj.v21i2.38209"
Rajshahi,"Cropping patterns of oil-seed crops in Rajshahi region, 2014-15.",Mustard-Boro-Aus-T. Aman,1700.0,0.25,4,"Bangladesh Rice Journal 21(2) 2017, 'Cropping Systems and Land Use Pattern in Rajshahi Region', doi:10.3329/brj.v21i2.38209"
Rajshahi,"Cropping patterns of oil-seed crops in Rajshahi region, 2014-15.",Mustard-Mungbean-T. Aman,1700.0,0.25,2,"Bangladesh Rice Journal 21(2) 2017, 'Cropping Systems and Land Use Pattern in Rajshahi Region', doi:10.3329/brj.v21i2.38209"
Rajshahi,"Cropping patterns of oil-seed crops in Rajshahi region, 2014-15.",Mustard-Aus-Blackgram,1500.0,0.22,1,"Bangladesh Rice Journal 21(2) 2017, 'Cropping Systems and Land Use Pattern in Rajshahi Region', doi:10.3329/brj.v21i2.38209"
Rajshahi,"Cropping patterns of oil-seed crops in Rajshahi region, 2014-15.",Wheat-Sesame-Blackgram (Orchard),730.0,0.11,2,"Bangladesh Rice Journal 21(2) 2017, 'Cropping Systems and Land Use Pattern in Rajshahi Region', doi:10.3329/brj.v21i2.38209"
Rajshahi,"Cropping patterns of oil-seed crops in Rajshahi region, 2014-15.",Lentil-Sesame-T. Aman,710.0,0.1,3,"Bangladesh Rice Journal 21(2) 2017, 'Cropping Systems and Land Use Pattern in Rajshahi Region', doi:10.3329/brj.v21i2.38209"
Rajshahi,"Cropping patterns of oil-seed crops in Rajshahi region, 2014-15.",Lentil-Sesame-Fallow,300.0,0.04,1,"Bangladesh Rice Journal 21(2) 2017, 'Cropping Systems and Land Use Pattern in Rajshahi Region', doi:10.3329/brj.v21i2.38209"
Rajshahi,"Cropping patterns of oil-seed crops in Rajshahi region, 2014-15.",Onion-Sesame-Fallow,280.0,0.04,1,"Bangladesh Rice Journal 21(2) 2017, 'Cropping Systems and Land Use Pattern in Rajshahi Region', doi:10.3329/brj.v21i2.38209"
Rajshahi,"Cropping patterns of oil-seed crops in Rajshahi region, 2014-15.",Mustard-Aus-Fallow,250.0,0.04,1,"Bangladesh Rice Journal 21(2) 2017, 'Cropping Systems and Land Use Pattern in Rajshahi Region', doi:10.3329/brj.v21i2.38209"
Rajshahi,"Cropping patterns of oil-seed crops in Rajshahi region, 2014-15.",Groundnut-Fallow-Fallow,210.0,0.03,2,"Bangladesh Rice Journal 21(2) 2017, 'Cropping Systems and Land Use Pattern in Rajshahi Region', doi:10.3329/brj.v21i2.38209"
Rajshahi,"Cropping patterns for vegetables and spices crops in Rajshahi region, 2014-15.",Potato-Boro-T. Aman,15610.0,2.25,12,"Bangladesh Rice Journal 21(2) 2017, 'Cropping Systems and Land Use Pattern in Rajshahi Region', doi:10.3329/brj.v21i2.38209"
Rajshahi,"Cropping patterns for vegetables and spices crops in Rajshahi region, 2014-15.",Vegetable-Vegetable-Vegetable,10715.0,1.54,19,"Bangladesh Rice Journal 21(2) 2017, 'Cropping Systems and Land Use Pattern in Rajshahi Region', doi:10.3329/brj.v21i2.38209"
Rajshahi,"Cropping patterns for vegetables and spices crops in Rajshahi region, 2014-15.",Potato-Boro-Aus,7200.0,1.04,4,"Bangladesh Rice Journal 21(2) 2017, 'Cropping Systems and Land Use Pattern in Rajshahi Region', doi:10.3329/brj.v21i2.38209"
Rajshahi,"Cropping patterns for vegetables and spices crops in Rajshahi region, 2014-15.",Garlic-B. Aman,6200.0,0.89,3,"Bangladesh Rice Journal 21(2) 2017, 'Cropping Systems and Land Use Pattern in Rajshahi Region', doi:10.3329/brj.v21i2.38209"
Rajshahi,"Cropping patterns for vegetables and spices crops in Rajshahi region, 2014-15.",Potato-Boro-Fallow,5800.0,0.84,2,"Bangladesh Rice Journal 21(2) 2017, 'Cropping Systems and Land Use Pattern in Rajshahi Region', doi:10.3329/brj.v21i2.38209"
Rajshahi,"Cropping patterns for vegetables and spices crops in Rajshahi region, 2014-15.",Onion-Aus-Fallow,4450.0,0.64,5,"Bangladesh Rice Journal 21(2) 2017, 'Cropping Systems and Land Use Pattern in Rajshahi Region', doi:10.3329/brj.v21i2.38209"
Rajshahi,"Cropping patterns for vegetables and spices crops in Rajshahi region, 2014-15.",Garlic-Jute-Fallow,4310.0,0.62,4,"Bangladesh Rice Journal 21(2) 2017, 'Cropping Systems and Land Use Pattern in Rajshahi Region', doi:10.3329/brj.v21i2.38209"
Rajshahi,"Cropping patterns for vegetables and spices crops in Rajshahi region, 2014-15.",Potato-Fallow-T. Aman,4050.0,0.58,6,"Bangladesh Rice Journal 21(2) 2017, 'Cropping Systems and Land Use Pattern in Rajshahi Region', doi:10.3329/brj.v21i2.38209"
Rajshahi,"Cropping patterns for vegetables and spices crops in Rajshahi region, 2014-15.",Vegetable-Aus-Fallow,3680.0,0.53,4,"Bangladesh Rice Journal 21(2) 2017, 'Cropping Systems and Land Use Pattern in Rajshahi Region', doi:10.3329/brj.v21i2.38209"
Rajshahi,"Cropping patterns for vegetables and spices crops in Rajshahi region, 2014-15.",Vegetable-Vegetable-T. Aman,3550.0,0.51,7,"Bangladesh Rice Journal 21(2) 2017, 'Cropping Systems and Land Use Pattern in Rajshahi Region', doi:10.3329/brj.v21i2.38209"
Rajshahi,"Cropping patterns for vegetables and spices crops in Rajshahi region, 2014-15.",Vegetable-Vegetable-Fallow,3500.0,0.5,6,"Bangladesh Rice Journal 21(2) 2017, 'Cropping Systems and Land Use Pattern in Rajshahi Region', doi:10.3329/brj.v21i2.38209"
Rajshahi,"Cropping patterns for vegetables and spices crops in Rajshahi region, 2014-15.",Onion-Jute-T. Aman,2750.0,0.4,6,"Bangladesh Rice Journal 21(2) 2017, 'Cropping Systems and Land Use Pattern in Rajshahi Region', doi:10.3329/brj.v21i2.38209"
Rajshahi,"Cropping patterns for vegetables and spices crops in Rajshahi region, 2014-15.",Chilli-Aus-T. Aman,2600.0,0.37,2,"Bangladesh Rice Journal 21(2) 2017, 'Cropping Systems and Land Use Pattern in Rajshahi Region', doi:10.3329/brj.v21i2.38209"
Rajshahi,"Cropping patterns for vegetables and spices crops in Rajshahi region, 2014-15.",Potato-Aus-T. Aman,2600.0,0.37,5,"Bangladesh Rice Journal 21(2) 2017, 'Cropping Systems and Land Use Pattern in Rajshahi Region', doi:10.3329/brj.v21i2.38209"
Rajshahi,"Cropping patterns for vegetables and spices crops in Rajshahi region, 2014-15.",Potato-Jute-Fallow,2450.0,0.35,3,"Bangladesh Rice Journal 21(2) 2017, 'Cropping Systems and Land Use Pattern in Rajshahi Region', doi:10.3329/brj.v21i2.38209"
Rajshahi,"Cropping patterns for vegetables and spices crops in Rajshahi region, 2014-15.",Onion-Vegetable-Vegetable,2370.0,0.34,11,"Bangladesh Rice Journal 21(2) 2017, 'Cropping Systems and Land Use Pattern in Rajshahi Region', doi:10.3329/brj.v21i2.38209"
Rajshahi,"Cropping patterns for vegetables and spices crops in Rajshahi region, 2014-15.",Garlic-Jute-T. Aman,2320.0,0.33,8,"Bangladesh Rice Journal 21(2) 2017, 'Cropping Systems and Land Use Pattern in Rajshahi Region', doi:10.3329/brj.v21i2.38209"
Rajshahi,"Cropping patterns for vegetables and spices crops in Rajshahi region, 2014-15.",Onion-Jute-Fallow,2010.0,0.29,5,"Bangladesh Rice Journal 21(2) 2017, 'Cropping Systems and Land Use Pattern in Rajshahi Region', doi:10.3329/brj.v21i2.38209"
Rajshahi,"Cropping patterns for vegetables and spices crops in Rajshahi region, 2014-15.",Potato-Jute-T. Aman,1980.0,0.29,5,"Bangladesh Rice Journal 21(2) 2017, 'Cropping Systems and Land Use Pattern in Rajshahi Region', doi:10.3329/brj.v21i2.38209"
Rajshahi,"Cropping patterns for vegetables and spices crops in Rajshahi region, 2014-15.",Onion-Fallow-T. Aman,1840.0,0.27,7,"Bangladesh Rice Journal 21(2) 2017, 'Cropping Systems and Land Use Pattern in Rajshahi Region', doi:10.3329/brj.v21i2.38209"
Rajshahi,"Cropping patterns for vegetables and spices crops in Rajshahi region, 2014-15.",Vegetable-Aus-T. Aman,1640.0,0.24,5,"Bangladesh Rice Journal 21(2) 2017, 'Cropping Systems and Land Use Pattern in Rajshahi Region', doi:10.3329/brj.v21i2.38209"
Rajshahi,"Cropping patterns for vegetables and spices crops in Rajshahi region, 2014-15.",Vegetable-Fallow-T. Aman,1550.0,0.22,4,"Bangladesh Rice Journal 21(2) 2017, 'Cropping Systems and Land Use Pattern in Rajshahi Region', doi:10.3329/brj.v21i2.38209"
Rajshahi,"Cropping patterns for vegetables and spices crops in Rajshahi region, 2014-15.",Potato-Aus-Fallow,1300.0,0.19,4,"Bangladesh Rice Journal 21(2) 2017, 'Cropping Systems and Land Use Pattern in Rajshahi Region', doi:10.3329/brj.v21i2.38209"
Rajshahi,"Cropping patterns for vegetables and spices crops in Rajshahi region, 2014-15.",Garlic-Vegetable-Vegetable,1030.0,0.15,10,"Bangladesh Rice Journal 21(2) 2017, 'Cropping Systems and Land Use Pattern in Rajshahi Region', doi:10.3329/brj.v21i2.38209"
Rajshahi,"Cropping patterns for vegetables and spices crops in Rajshahi region, 2014-15.",Potato-Chilli-Fallow,980.0,0.14,6,"Bangladesh Rice Journal 21(2) 2017, 'Cropping Systems and Land Use Pattern in Rajshahi Region', doi:10.3329/brj.v21i2.38209"
Rajshahi,"Cropping patterns for vegetables and spices crops in Rajshahi region, 2014-15.",Lentil-Vegetable-Vegetable,760.0,0.11,2,"Bangladesh Rice Journal 21(2) 2017, 'Cropping Systems and Land Use Pattern in Rajshahi Region', doi:10.3329/brj.v21i2.38209"
Rajshahi,"Cropping patterns for vegetables and spices crops in Rajshahi region, 2014-15.",Potato-Vegetable-T. Aman,700.0,0.1,2,"Bangladesh Rice Journal 21(2) 2017, 'Cropping Systems and Land Use Pattern in Rajshahi Region', doi:10.3329/brj.v21i2.38209"
Rajshahi,"Cropping patterns for vegetables and spices crops in Rajshahi region, 2014-15.",Chilli-Fallow-T. Aman,670.0,0.1,6,"Bangladesh Rice Journal 21(2) 2017, 'Cropping Systems and Land Use Pattern in Rajshahi Region', doi:10.3329/brj.v21i2.38209"
Rajshahi,"Cropping patterns for vegetables and spices crops in Rajshahi region, 2014-15.",Garlic-Aus-Fallow,660.0,0.1,5,"Bangladesh Rice Journal 21(2) 2017, 'Cropping Systems and Land Use Pattern in Rajshahi Region', doi:10.3329/brj.v21i2.38209"
Rajshahi,"Cropping patterns for vegetables and spices crops in Rajshahi region, 2014-15.",Boro-Vegetable(Float/Norm),630.0,0.09,2,"Bangladesh Rice Journal 21(2) 2017, 'Cropping Systems and Land Use Pattern in Rajshahi Region', doi:10.3329/brj.v21i2.38209"
Rajshahi,"Cropping patterns for vegetables and spices crops in Rajshahi region, 2014-15.",Chilli-Vegetable-Fallow,600.0,0.09,5,"Bangladesh Rice Journal 21(2) 2017, 'Cropping Systems and Land Use Pattern in Rajshahi Region', doi:10.3329/brj.v21i2.38209"
Rajshahi,"Cropping patterns for vegetables and spices crops in Rajshahi region, 2014-15.",Wheat-Vegetable-Vegetable,500.0,0.07,2,"Bangladesh Rice Journal 21(2) 2017, 'Cropping Systems and Land Use Pattern in Rajshahi Region', doi:10.3329/brj.v21i2.38209"
Rajshahi,"Cropping patterns for vegetables and spices crops in Rajshahi region, 2014-15.",Garlic-Aus-T. Aman,490.0,0.07,3,"Bangladesh Rice Journal 21(2) 2017, 'Cropping Systems and Land Use Pattern in Rajshahi Region', doi:10.3329/brj.v21i2.38209"
Rajshahi,"Cropping patterns for vegetables and spices crops in Rajshahi region, 2014-15.",Garlic-Fallow-T. Aman,410.0,0.06,4,"Bangladesh Rice Journal 21(2) 2017, 'Cropping Systems and Land Use Pattern in Rajshahi Region', doi:10.3329/brj.v21i2.38209"
Rajshahi,"Cropping patterns for vegetables and spices crops in Rajshahi region, 2014-15.",Chilli-Aus-Fallow,400.0,0.06,3,"Bangladesh Rice Journal 21(2) 2017, 'Cropping Systems and Land Use Pattern in Rajshahi Region', doi:10.3329/brj.v21i2.38209"
Rajshahi,"Cropping patterns for vegetables and spices crops in Rajshahi region, 2014-15.",Garlic+Muskmelon-B. Aman,320.0,0.05,2,"Bangladesh Rice Journal 21(2) 2017, 'Cropping Systems and Land Use Pattern in Rajshahi Region', doi:10.3329/brj.v21i2.38209"
Rajshahi,"Cropping patterns for vegetables and spices crops in Rajshahi region, 2014-15.",Garlic+W.Melon-B. Aman,320.0,0.05,2,"Bangladesh Rice Journal 21(2) 2017, 'Cropping Systems and Land Use Pattern in Rajshahi Region', doi:10.3329/brj.v21i2.38209"
Rajshahi,"Cropping patterns for vegetables and spices crops in Rajshahi region, 2014-15.",Vegetable-Boro-T. Aman,300.0,0.04,2,"Bangladesh Rice Journal 21(2) 2017, 'Cropping Systems and Land Use Pattern in Rajshahi Region', doi:10.3329/brj.v21i2.38209"
Rajshahi,"Cropping patterns for vegetables and spices crops in Rajshahi region, 2014-15.",Wheat-Chilli-Fallow,290.0,0.04,3,"Bangladesh Rice Journal 21(2) 2017, 'Cropping Systems and Land Use Pattern in Rajshahi Region', doi:10.3329/brj.v21i2.38209"
Rajshahi,"Cropping patterns for vegetables and spices crops in Rajshahi region, 2014-15.",Potato-Maize-Fallow,270.0,0.04,3,"Bangladesh Rice Journal 21(2) 2017, 'Cropping Systems and Land Use Pattern in Rajshahi Region', doi:10.3329/brj.v21i2.38209"
Rajshahi,"Cropping patterns for vegetables and spices crops in Rajshahi region, 2014-15.",Vegetable-Jute-T. Aman,270.0,0.04,2,"Bangladesh Rice Journal 21(2) 2017, 'Cropping Systems and Land Use Pattern in Rajshahi Region', doi:10.3329/brj.v21i2.38209"
Rajshahi,"Cropping patterns for vegetables and spices crops in Rajshahi region, 2014-15.",Potato-Boro-Aus-T. Aman,230.0,0.03,2,"Bangladesh Rice Journal 21(2) 2017, 'Cropping Systems and Land Use Pattern in Rajshahi Region', doi:10.3329/brj.v21i2.38209"
Rajshahi,"Cropping patterns for vegetables and spices crops in Rajshahi region, 2014-15.",Coriander-Fallow-Fallow,220.0,0.03,2,"Bangladesh Rice Journal 21(2) 2017, 'Cropping Systems and Land Use Pattern in Rajshahi Region', doi:10.3329/brj.v21i2.38209"
Rajshahi,"Cropping patterns for vegetables and spices crops in Rajshahi region, 2014-15.",Chilli-Fallow-Fallow,240.0,0.03,3,"Bangladesh Rice Journal 21(2) 2017, 'Cropping Systems and Land Use Pattern in Rajshahi Region', doi:10.3329/brj.v21i2.38209"
Rajshahi,"Cropping patterns for vegetables and spices crops in Rajshahi region, 2014-15.",Chilli-Vegetable-T. Aman,210.0,0.03,2,"Bangladesh Rice Journal 21(2) 2017, 'Cropping Systems and Land Use Pattern in Rajshahi Region', doi:10.3329/brj.v21i2.38209"
Rangpur,"Cropping patterns with exclusive rice in Rangpur region, 2014-15.",Boro-Fallow-T. Aman,371370.0,53.33,35,"Bangladesh Rice Journal 21(2) 2017, 'Crop Diversification in Rangpur Region', doi:10.3329/brj.v21i2.38210"
Rangpur,"Cropping patterns with exclusive rice in Rangpur region, 2014-15.",Boro-Fallow-Fallow,28320.0,4.07,28,"Bangladesh Rice Journal 21(2) 2017, 'Crop Diversification in Rangpur Region', doi:10.3329/brj.v21i2.38210"
Rangpur,"Cropping patterns with exclusive rice in Rangpur region, 2014-15.",Boro-Aus-T. Aman,5640.0,0.81,13,"Bangladesh Rice Journal 21(2) 2017, 'Crop Diversification in Rangpur Region', doi:10.3329/brj.v21i2.38210"
Rangpur,"Cropping patterns with exclusive rice in Rangpur region, 2014-15.",Fallow-Fallow-T. Aman,350.0,0.05,1,"Bangladesh Rice Journal 21(2) 2017, 'Crop Diversification in Rangpur Region', doi:10.3329/brj.v21i2.38210"
Rangpur,"Cropping patterns with exclusive rice in Rangpur region, 2014-15.",Boro-Sesbania-T. Aman,480.0,0.07,3,"Bangladesh Rice Journal 21(2) 2017, 'Crop Diversification in Rangpur Region', doi:10.3329/brj.v21i2.38210"
Rangpur,"Cropping patterns with exclusivenon-rice in Rangpur region, 2014-15.",Vegetable-Vegetable-Vegetable,10590.0,1.52,25,"Bangladesh Rice Journal 21(2) 2017, 'Crop Diversification in Rangpur Region', doi:10.3329/brj.v21i2.38210"
Rangpur,"Cropping patterns with exclusivenon-rice in Rangpur region, 2014-15.",Vegetable-Vegetable-Fallow,4670.0,0.67,11,"Bangladesh Rice Journal 21(2) 2017, 'Crop Diversification in Rangpur Region', doi:10.3329/brj.v21i2.38210"
Rangpur,"Cropping patterns with exclusivenon-rice in Rangpur region, 2014-15.",Maize-Fallow-Fallow,4220.0,0.61,6,"Bangladesh Rice Journal 21(2) 2017, 'Crop Diversification in Rangpur Region', doi:10.3329/brj.v21i2.38210"
Rangpur,"Cropping patterns with exclusivenon-rice in Rangpur region, 2014-15.",Groundnut-Fallow-Fallow,2430.0,0.35,9,"Bangladesh Rice Journal 21(2) 2017, 'Crop Diversification in Rangpur Region', doi:10.3329/brj.v21i2.38210"
Rangpur,"Cropping patterns with exclusivenon-rice in Rangpur region, 2014-15.",Chilli-Jute-Fallow,1950.0,0.28,6,"Bangladesh Rice Journal 21(2) 2017, 'Crop Diversification in Rangpur Region', doi:10.3329/brj.v21i2.38210"
Rangpur,"Cropping patterns with exclusivenon-rice in Rangpur region, 2014-15.",Tobacco-Vegetable-Vegetable,1500.0,0.22,1,"Bangladesh Rice Journal 21(2) 2017, 'Crop Diversification in Rangpur Region', doi:10.3329/brj.v21i2.38210"
Rangpur,"Cropping patterns with exclusivenon-rice in Rangpur region, 2014-15.",Wheat-Jute-Fallow,1460.0,0.21,6,"Bangladesh Rice Journal 21(2) 2017, 'Crop Diversification in Rangpur Region', doi:10.3329/brj.v21i2.38210"
Rangpur,"Cropping patterns with exclusivenon-rice in Rangpur region, 2014-15.",Chilli-Vegetable-Fallow,1340.0,0.19,16,"Bangladesh Rice Journal 21(2) 2017, 'Crop Diversification in Rangpur Region', doi:10.3329/brj.v21i2.38210"
Rangpur,"Cropping patterns with exclusivenon-rice in Rangpur region, 2014-15.",Maize-Jute-Fallow,1150.0,0.17,3,"Bangladesh Rice Journal 21(2) 2017, 'Crop Diversification in Rangpur Region', doi:10.3329/brj.v21i2.38210"
Rangpur,"Cropping patterns with exclusivenon-rice in Rangpur region, 2014-15.",Vegetable-Fallow-Fallow,1150.0,0.17,3,"Bangladesh Rice Journal 21(2) 2017, 'Crop Diversification in Rangpur Region', doi:10.3329/brj.v21i2.38210"
Rangpur,"Cropping patterns with exclusivenon-rice in Rangpur region, 2014-15.",Maize-Vegetable-Fallow,1120.0,0.16,4,"Bangladesh Rice Journal 21(2) 2017, 'Crop Diversification in Rangpur Region', doi:10.3329/brj.v21i2.38210"
Rangpur,"Cropping patterns with exclusivenon-rice in Rangpur region, 2014-15.",Onion-Vegetable-Vegetable,1050.0,0.15,7,"Bangladesh Rice Journal 21(2) 2017, 'Crop Diversification in Rangpur Region', doi:10.3329/brj.v21i2.38210"
Rangpur,"Cropping patterns with exclusivenon-rice in Rangpur region, 2014-15.",Onion-Jute-Fallow,980.0,0.14,5,"Bangladesh Rice Journal 21(2) 2017, 'Crop Diversification in Rangpur Region', doi:10.3329/brj.v21i2.38210"
Rangpur,"Cropping patterns with exclusivenon-rice in Rangpur region, 2014-15.",Potato-Groundnut,930.0,0.13,6,"Bangladesh Rice Journal 21(2) 2017, 'Crop Diversification in Rangpur Region', doi:10.3329/brj.v21i2.38210"
Rangpur,"Cropping patterns with exclusivenon-rice in Rangpur region, 2014-15.",Millet (cheena)-Fallow-Fallow,890.0,0.13,3,"Bangladesh Rice Journal 21(2) 2017, 'Crop Diversification in Rangpur Region', doi:10.3329/brj.v21i2.38210"
Rangpur,"Cropping patterns with exclusivenon-rice in Rangpur region, 2014-15.",Sweet potato-Jute-Fallow,770.0,0.11,2,"Bangladesh Rice Journal 21(2) 2017, 'Crop Diversification in Rangpur Region', doi:10.3329/brj.v21i2.38210"
Rangpur,"Cropping patterns with exclusivenon-rice in Rangpur region, 2014-15.",Lentil-Jute-Fallow,760.0,0.11,4,"Bangladesh Rice Journal 21(2) 2017, 'Crop Diversification in Rangpur Region', doi:10.3329/brj.v21i2.38210"
Rangpur,"Cropping patterns with exclusivenon-rice in Rangpur region, 2014-15.",Vegetable-Jute-Fallow,730.0,0.1,3,"Bangladesh Rice Journal 21(2) 2017, 'Crop Diversification in Rangpur Region', doi:10.3329/brj.v21i2.38210"
Rangpur,"Cropping patterns with exclusivenon-rice in Rangpur region, 2014-15.",Tobacco-Maize-Vegetable,600.0,0.09,1,"Bangladesh Rice Journal 21(2) 2017, 'Crop Diversification in Rangpur Region', doi:10.3329/brj.v21i2.38210"
Rangpur,"Cropping patterns with exclusivenon-rice in Rangpur region, 2014-15.",Garlic-Vegetable-Vegetable,580.0,0.08,6,"Bangladesh Rice Journal 21(2) 2017, 'Crop Diversification in Rangpur Region', doi:10.3329/brj.v21i2.38210"
Rangpur,"Cropping patterns with exclusivenon-rice in Rangpur region, 2014-15.",Chilli-Fallow-Fallow,530.0,0.08,4,"Bangladesh Rice Journal 21(2) 2017, 'Crop Diversification in Rangpur Region', doi:10.3329/brj.v21i2.38210"
Rangpur,"Cropping patterns with exclusivenon-rice in Rangpur region, 2014-15.",Vegetable-Fallow-Blackgram,530.0,0.08,8,"Bangladesh Rice Journal 21(2) 2017, 'Crop Diversification in Rangpur Region', doi:10.3329/brj.v21i2.38210"
Rangpur,"Cropping patterns with exclusivenon-rice in Rangpur region, 2014-15.",Maize-Sesame-Fallow,500.0,0.07,1,"Bangladesh Rice Journal 21(2) 2017, 'Crop Diversification in Rangpur Region', doi:10.3329/brj.v21i2.38210"
Rangpur,"Cropping patterns with exclusivenon-rice in Rangpur region, 2014-15.",Tobacco-Fallow-Fallow,490.0,0.07,2,"Bangladesh Rice Journal 21(2) 2017, 'Crop Diversification in Rangpur Region', doi:10.3329/brj.v21i2.38210"
Rangpur,"Cropping patterns with exclusivenon-rice in Rangpur region, 2014-15.",Millet (cheena)-Jute-Fallow,450.0,0.06,1,"Bangladesh Rice Journal 21(2) 2017, 'Crop Diversification in Rangpur Region', doi:10.3329/brj.v21i2.38210"
Rangpur,"Cropping patterns with exclusivenon-rice in Rangpur region, 2014-15.",Sweet potato-Fallow-Fallow,360.0,0.05,5,"Bangladesh Rice Journal 21(2) 2017, 'Crop Diversification in Rangpur Region', doi:10.3329/brj.v21i2.38210"
Rangpur,"Cropping patterns with exclusivenon-rice in Rangpur region, 2014-15.",Fallow-Fallow-Blackgram,290.0,0.04,4,"Bangladesh Rice Journal 21(2) 2017, 'Crop Diversification in Rangpur Region', doi:10.3329/brj.v21i2.38210"
Rangpur,"Cropping patterns with exclusivenon-rice in Rangpur region, 2014-15.",Garlic-Jute-Fallow,260.0,0.04,4,"Bangladesh Rice Journal 21(2) 2017, 'Crop Diversification in Rangpur Region', doi:10.3329/brj.v21i2.38210"
Rangpur,"Cropping patterns with exclusivenon-rice in Rangpur region, 2014-15.",Wheat-Ginger/Turmeric,230.0,0.03,1,"Bangladesh Rice Journal 21(2) 2017, 'Crop Diversification in Rangpur Region', doi:10.3329/brj.v21i2.38210"
Rangpur,"Cropping patterns with exclusivenon-rice in Rangpur region, 2014-15.",Blackgram-Jute-Fallow,200.0,0.03,1,"Bangladesh Rice Journal 21(2) 2017, 'Crop Diversification in Rangpur Region', doi:10.3329/brj.v21i2.38210"
Rangpur,"Cropping patterns with wheat and maize and other minor cereals in Rangpur region, 2014-15.",Maize-Fallow-T. Aman,37630.0,5.4,24,"Bangladesh Rice Journal 21(2) 2017, 'Crop Diversification in Rangpur Region', doi:10.3329/brj.v21i2.38210"
Rangpur,"Cropping patterns with wheat and maize and other minor cereals in Rangpur region, 2014-15.",Wheat-Jute-T. Aman,22660.0,3.25,34,"Bangladesh Rice Journal 21(2) 2017, 'Crop Diversification in Rangpur Region', doi:10.3329/brj.v21i2.38210"
Rangpur,"Cropping patterns with wheat and maize and other minor cereals in Rangpur region, 2014-15.",Potato-Maize-T. Aman,12720.0,1.83,22,"Bangladesh Rice Journal 21(2) 2017, 'Crop Diversification in Rangpur Region', doi:10.3329/brj.v21i2.38210"
Rangpur,"Cropping patterns with wheat and maize and other minor cereals in Rangpur region, 2014-15.",Maize-Jute-T. Aman,9760.0,1.4,16,"Bangladesh Rice Journal 21(2) 2017, 'Crop Diversification in Rangpur Region', doi:10.3329/brj.v21i2.38210"
Rangpur,"Cropping patterns with wheat and maize and other minor cereals in Rangpur region, 2014-15.",Tobacco-Maize-T. Aman,6880.0,0.99,9,"Bangladesh Rice Journal 21(2) 2017, 'Crop Diversification in Rangpur Region', doi:10.3329/brj.v21i2.38210"
Rangpur,"Cropping patterns with wheat and maize and other minor cereals in Rangpur region, 2014-15.",Maize-Fallow-Fallow,4220.0,0.61,6,"Bangladesh Rice Journal 21(2) 2017, 'Crop Diversification in Rangpur Region', doi:10.3329/brj.v21i2.38210"
Rangpur,"Cropping patterns with wheat and maize and other minor cereals in Rangpur region, 2014-15.",Vegetable-Maize-T. Aman,2520.0,0.36,6,"Bangladesh Rice Journal 21(2) 2017, 'Crop Diversification in Rangpur Region', doi:10.3329/brj.v21i2.38210"
Rangpur,"Cropping patterns with wheat and maize and other minor cereals in Rangpur region, 2014-15.",Boro-Fallow-Maize,1500.0,0.22,1,"Bangladesh Rice Journal 21(2) 2017, 'Crop Diversification in Rangpur Region', doi:10.3329/brj.v21i2.38210"
Rangpur,"Cropping patterns with wheat and maize and other minor cereals in Rangpur region, 2014-15.",Wheat-Jute-Fallow,1460.0,0.21,6,"Bangladesh Rice Journal 21(2) 2017, 'Crop Diversification in Rangpur Region', doi:10.3329/brj.v21i2.38210"
Rangpur,"Cropping patterns with wheat and maize and other minor cereals in Rangpur region, 2014-15.",Wheat-Fallow-T. Aman,1260.0,0.18,6,"Bangladesh Rice Journal 21(2) 2017, 'Crop Diversification in Rangpur Region', doi:10.3329/brj.v21i2.38210"
Rangpur,"Cropping patterns with wheat and maize and other minor cereals in Rangpur region, 2014-15.",Maize-Jute-Fallow,1150.0,0.17,3,"Bangladesh Rice Journal 21(2) 2017, 'Crop Diversification in Rangpur Region', doi:10.3329/brj.v21i2.38210"
Rangpur,"Cropping patterns with wheat and maize and other minor cereals in Rangpur region, 2014-15.",Maize-Vegetable-Fallow,1120.0,0.16,4,"Bangladesh Rice Journal 21(2) 2017, 'Crop Diversification in Rangpur Region', doi:10.3329/brj.v21i2.38210"
Rangpur,"Cropping patterns with wheat and maize and other minor cereals in Rangpur region, 2014-15.",Maize-Aus-T. Aman,930.0,0.13,3,"Bangladesh Rice Journal 21(2) 2017, 'Crop Diversification in Rangpur Region', doi:10.3329/brj.v21i2.38210"
Rangpur,"Cropping patterns with wheat and maize and other minor cereals in Rangpur region, 2014-15.",Millet (cheena)-Fallow-Fallow,890.0,0.13,3,"Bangladesh Rice Journal 21(2) 2017, 'Crop Diversification in Rangpur Region', doi:10.3329/brj.v21i2.38210"
Rangpur,"Cropping patterns with wheat and maize and other minor cereals in Rangpur region, 2014-15.",Millet (kaon)-Fallow-T. Aman,800.0,0.11,2,"Bangladesh Rice Journal 21(2) 2017, 'Crop Diversification in Rangpur Region', doi:10.3329/brj.v21i2.38210"
Rangpur,"Cropping patterns with wheat and maize and other minor cereals in Rangpur region, 2014-15.",Wheat-Aus-T. Aman,650.0,0.09,10,"Bangladesh Rice Journal 21(2) 2017, 'Crop Diversification in Rangpur Region', doi:10.3329/brj.v21i2.38210"
Rangpur,"Cropping patterns with wheat and maize and other minor cereals in Rangpur region, 2014-15.",Tobacco-Maize-Vegetable,600.0,0.09,1,"Bangladesh Rice Journal 21(2) 2017, 'Crop Diversification in Rangpur Region', doi:10.3329/brj.v21i2.38210"
Rangpur,"Cropping patterns with wheat and maize and other minor cereals in Rangpur region, 2014-15.",Mustard-Maize-T. Aman,550.0,0.08,3,"Bangladesh Rice Journal 21(2) 2017, 'Crop Diversification in Rangpur Region', doi:10.3329/brj.v21i2.38210"
Rangpur,"Cropping patterns with wheat and maize and other minor cereals in Rangpur region, 2014-15.",Maize-Sesame-Fallow,500.0,0.07,1,"Bangladesh Rice Journal 21(2) 2017, 'Crop Diversification in Rangpur Region', doi:10.3329/brj.v21i2.38210"
Rangpur,"Cropping patterns with wheat and maize and other minor cereals in Rangpur region, 2014-15.",Millet (cheena)-Jute-Fallow,450.0,0.06,1,"Bangladesh Rice Journal 21(2) 2017, 'Crop Diversification in Rangpur Region', doi:10.3329/brj.v21i2.38210"
Rangpur,"Cropping patterns with wheat and maize and other minor cereals in Rangpur region, 2014-15.",Wheat-Vegetable-T. Aman,305.0,0.04,2,"Bangladesh Rice Journal 21(2) 2017, 'Crop Diversification in Rangpur Region', doi:10.3329/brj.v21i2.38210"
Rangpur,"Cropping patterns with wheat and maize and other minor cereals in Rangpur region, 2014-15.",Wheat-Ginger/Turmeric,230.0,0.03,1,"Bangladesh Rice Journal 21(2) 2017, 'Crop Diversification in Rangpur Region', doi:10.3329/brj.v21i2.38210"
Rangpur,"Cropping patterns with wheat and maize and other minor cereals in Rangpur region, 2014-15.",Onion-Maize-T. Aman,220.0,0.03,2,"Bangladesh Rice Journal 21(2) 2017, 'Crop Diversification in Rangpur Region', doi:10.3329/brj.v21i2.38210"
Rangpur,"Cropping patterns with wheat and maize and other minor cereals in Rangpur region, 2014-15.",Maize-Boro-T. Aman,200.0,0.03,1,"Bangladesh Rice Journal 21(2) 2017, 'Crop Diversification in Rangpur Region', doi:10.3329/brj.v21i2.38210"
Rangpur,"Cropping patterns with wheat and maize and other minor cereals in Rangpur region, 2014-15.",Potato+Maize-Vegetable-T. Aman,200.0,0.03,1,"Bangladesh Rice Journal 21(2) 2017, 'Crop Diversification in Rangpur Region', doi:10.3329/brj.v21i2.38210"
Rangpur,"Cropping patterns with wheat and maize and other minor cereals in Rangpur region, 2014-15.",Millet (kaon)+Sesame-Fallow,40.0,0.01,1,"Bangladesh Rice Journal 21(2) 2017, 'Crop Diversification in Rangpur Region', doi:10.3329/brj.v21i2.38210"
Rangpur,"Cropping patterns with vegetables and spices in Rangpur region, 2014-15.",Potato-Boro-T. Aman,35960.0,5.16,22,"Bangladesh Rice Journal 21(2) 2017, 'Crop Diversification in Rangpur Region', doi:10.3329/brj.v21i2.38210"
Rangpur,"Cropping patterns with vegetables and spices in Rangpur region, 2014-15.",Potato-Maize-T. Aman,12720.0,1.83,22,"Bangladesh Rice Journal 21(2) 2017, 'Crop Diversification in Rangpur Region', doi:10.3329/brj.v21i2.38210"
Rangpur,"Cropping patterns with vegetables and spices in Rangpur region, 2014-15.",Potato-Jute-T. Aman,10790.0,1.55,24,"Bangladesh Rice Journal 21(2) 2017, 'Crop Diversification in Rangpur Region', doi:10.3329/brj.v21i2.38210"
Rangpur,"Cropping patterns with vegetables and spices in Rangpur region, 2014-15.",Vegetable-Vegetable-Vegetable,10590.0,1.52,25,"Bangladesh Rice Journal 21(2) 2017, 'Crop Diversification in Rangpur Region', doi:10.3329/brj.v21i2.38210"
Rangpur,"Cropping patterns with vegetables and spices in Rangpur region, 2014-15.",Potato-Aus-T. Aman,6470.0,0.93,16,"Bangladesh Rice Journal 21(2) 2017, 'Crop Diversification in Rangpur Region', doi:10.3329/brj.v21i2.38210"
Rangpur,"Cropping patterns with vegetables and spices in Rangpur region, 2014-15.",Vegetable-Vegetable-Fallow,4670.0,0.67,11,"Bangladesh Rice Journal 21(2) 2017, 'Crop Diversification in Rangpur Region', doi:10.3329/brj.v21i2.38210"
Rangpur,"Cropping patterns with vegetables and spices in Rangpur region, 2014-15.",Potato-Fallow-T. Aman,3850.0,0.55,5,"Bangladesh Rice Journal 21(2) 2017, 'Crop Diversification in Rangpur Region', doi:10.3329/brj.v21i2.38210"
Rangpur,"Cropping patterns with vegetables and spices in Rangpur region, 2014-15.",Onion-Jute-T. Aman,3720.0,0.53,20,"Bangladesh Rice Journal 21(2) 2017, 'Crop Diversification in Rangpur Region', doi:10.3329/brj.v21i2.38210"
Rangpur,"Cropping patterns with vegetables and spices in Rangpur region, 2014-15.",Vegetable-Vegetable-T. Aman,2710.0,0.39,12,"Bangladesh Rice Journal 21(2) 2017, 'Crop Diversification in Rangpur Region', doi:10.3329/brj.v21i2.38210"
Rangpur,"Cropping patterns with vegetables and spices in Rangpur region, 2014-15.",Chilli-Fallow-T. Aman,2660.0,0.38,9,"Bangladesh Rice Journal 21(2) 2017, 'Crop Diversification in Rangpur Region', doi:10.3329/brj.v21i2.38210"
Rangpur,"Cropping patterns with vegetables and spices in Rangpur region, 2014-15.",Vegetable-Maize-T. Aman,2520.0,0.36,6,"Bangladesh Rice Journal 21(2) 2017, 'Crop Diversification in Rangpur Region', doi:10.3329/brj.v21i2.38210"
Rangpur,"Cropping patterns with vegetables and spices in Rangpur region, 2014-15.",Potato-Vegetable-T. Aman,2390.0,0.34,9,"Bangladesh Rice Journal 21(2) 2017, 'Crop Diversification in Rangpur Region', doi:10.3329/brj.v21i2.38210"
Rangpur,"Cropping patterns with vegetables and spices in Rangpur region, 2014-15.",Potato-Boro-Fallow,2000.0,0.29,1,"Bangladesh Rice Journal 21(2) 2017, 'Crop Diversification in Rangpur Region', doi:10.3329/brj.v21i2.38210"
Rangpur,"Cropping patterns with vegetables and spices in Rangpur region, 2014-15.",Chilli-Jute-Fallow,1950.0,0.28,6,"Bangladesh Rice Journal 21(2) 2017, 'Crop Diversification in Rangpur Region', doi:10.3329/brj.v21i2.38210"
Rangpur,"Cropping patterns with vegetables and spices in Rangpur region, 2014-15.",Vegetable-Fallow-T. Aman,1650.0,0.24,7,"Bangladesh Rice Journal 21(2) 2017, 'Crop Diversification in Rangpur Region', doi:10.3329/brj.v21i2.38210"
Rangpur,"Cropping patterns with vegetables and spices in Rangpur region, 2014-15.",Chilli-Jute-T. Aman,1560.0,0.22,9,"Bangladesh Rice Journal 21(2) 2017, 'Crop Diversification in Rangpur Region', doi:10.3329/brj.v21i2.38210"
Rangpur,"Cropping patterns with vegetables and spices in Rangpur region, 2014-15.",Vegetable-Boro-T. Aman,1520.0,0.22,4,"Bangladesh Rice Journal 21(2) 2017, 'Crop Diversification in Rangpur Region', doi:10.3329/brj.v21i2.38210"
Rangpur,"Cropping patterns with vegetables and spices in Rangpur region, 2014-15.",Tobacco-Vegetable-Vegetable,1500.0,0.22,1,"Bangladesh Rice Journal 21(2) 2017, 'Crop Diversification in Rangpur Region', doi:10.3329/brj.v21i2.38210"
Rangpur,"Cropping patterns with vegetables and spices in Rangpur region, 2014-15.",Garlic-Jute-T. Aman,1380.0,0.2,16,"Bangladesh Rice Journal 21(2) 2017, 'Crop Diversification in Rangpur Region', doi:10.3329/brj.v21i2.38210"
Rangpur,"Cropping patterns with vegetables and spices in Rangpur region, 2014-15.",Chilli-Vegetable-Fallow,1340.0,0.19,16,"Bangladesh Rice Journal 21(2) 2017, 'Crop Diversification in Rangpur Region', doi:10.3329/brj.v21i2.38210"
Rangpur,"Cropping patterns with vegetables and spices in Rangpur region, 2014-15.",Vegetable-Fallow-Fallow,1150.0,0.17,3,"Bangladesh Rice Journal 21(2) 2017, 'Crop Diversification in Rangpur Region', doi:10.3329/brj.v21i2.38210"
Rangpur,"Cropping patterns with vegetables and spices in Rangpur region, 2014-15.",Maize-Vegetable-Fallow,1120.0,0.16,4,"Bangladesh Rice Journal 21(2) 2017, 'Crop Diversification in Rangpur Region', doi:10.3329/brj.v21i2.38210"
Rangpur,"Cropping patterns with vegetables and spices in Rangpur region, 2014-15.",Onion-Vegetable-Vegetable,1050.0,0.15,7,"Bangladesh Rice Journal 21(2) 2017, 'Crop Diversification in Rangpur Region', doi:10.3329/brj.v21i2.38210"
Rangpur,"Cropping patterns with vegetables and spices in Rangpur region, 2014-15.",Onion-Jute-Fallow,980.0,0.14,5,"Bangladesh Rice Journal 21(2) 2017, 'Crop Diversification in Rangpur Region', doi:10.3329/brj.v21i2.38210"
Rangpur,"Cropping patterns with vegetables and spices in Rangpur region, 2014-15.",Potato-Groundnut,930.0,0.13,6,"Bangladesh Rice Journal 21(2) 2017, 'Crop Diversification in Rangpur Region', doi:10.3329/brj.v21i2.38210"
Rangpur,"Cropping patterns with vegetables and spices in Rangpur region, 2014-15.",Vegetable-Groundnut-T. Aman,860.0,0.12,2,"Bangladesh Rice Journal 21(2) 2017, 'Crop Diversification in Rangpur Region', doi:10.3329/brj.v21i2.38210"
Rangpur,"Cropping patterns with vegetables and spices in Rangpur region, 2014-15.",Vegetable-Jute-Fallow,730.0,0.1,3,"Bangladesh Rice Journal 21(2) 2017, 'Crop Diversification in Rangpur Region', doi:10.3329/brj.v21i2.38210"
Rangpur,"Cropping patterns with vegetables and spices in Rangpur region, 2014-15.",Vegetable-Aus-T. Aman,660.0,0.09,2,"Bangladesh Rice Journal 21(2) 2017, 'Crop Diversification in Rangpur Region', doi:10.3329/brj.v21i2.38210"
Rangpur,"Cropping patterns with vegetables and spices in Rangpur region, 2014-15.",Boro-Vegetable(Float/Norm),600.0,0.09,1,"Bangladesh Rice Journal 21(2) 2017, 'Crop Diversification in Rangpur Region', doi:10.3329/brj.v21i2.38210"
Rangpur,"Cropping patterns with vegetables and spices in Rangpur region, 2014-15.",Tobacco-Maize-Vegetable,600.0,0.09,1,"Bangladesh Rice Journal 21(2) 2017, 'Crop Diversification in Rangpur Region', doi:10.3329/brj.v21i2.38210"
Rangpur,"Cropping patterns with vegetables and spices in Rangpur region, 2014-15.",Vegetable-Jute-T. Aman,590.0,0.08,6,"Bangladesh Rice Journal 21(2) 2017, 'Crop Diversification in Rangpur Region', doi:10.3329/brj.v21i2.38210"
Rangpur,"Cropping patterns with vegetables and spices in Rangpur region, 2014-15.",Garlic-Vegetable-Vegetable,580.0,0.08,6,"Bangladesh Rice Journal 21(2) 2017, 'Crop Diversification in Rangpur Region', doi:10.3329/brj.v21i2.38210"
Rangpur,"Cropping patterns with vegetables and spices in Rangpur region, 2014-15.",Chilli-Fallow-Fallow,530.0,0.08,4,"Bangladesh Rice Journal 21(2) 2017, 'Crop Diversification in Rangpur Region', doi:10.3329/brj.v21i2.38210"
Rangpur,"Cropping patterns with vegetables and spices in Rangpur region, 2014-15.",Vegetable-Fallow-Blackgram,530.0,0.08,8,"Bangladesh Rice Journal 21(2) 2017, 'Crop Diversification in Rangpur Region', doi:10.3329/brj.v21i2.38210"
Rangpur,"Cropping patterns with vegetables and spices in Rangpur region, 2014-15.",Onion-Aus-T. Aman,400.0,0.06,1,"Bangladesh Rice Journal 21(2) 2017, 'Crop Diversification in Rangpur Region', doi:10.3329/brj.v21i2.38210"
Rangpur,"Cropping patterns with vegetables and spices in Rangpur region, 2014-15.",Wheat-Vegetable-T. Aman,305.0,0.04,2,"Bangladesh Rice Journal 21(2) 2017, 'Crop Diversification in Rangpur Region', doi:10.3329/brj.v21i2.38210"
Rangpur,"Cropping patterns with vegetables and spices in Rangpur region, 2014-15.",Vegetable-Boro-Fallow,300.0,0.04,1,"Bangladesh Rice Journal 21(2) 2017, 'Crop Diversification in Rangpur Region', doi:10.3329/brj.v21i2.38210"
Rangpur,"Cropping patterns with vegetables and spices in Rangpur region, 2014-15.",Chilli-Vegetable-T. Aman,260.0,0.04,4,"Bangladesh Rice Journal 21(2) 2017, 'Crop Diversification in Rangpur Region', doi:10.3329/brj.v21i2.38210"
Rangpur,"Cropping patterns with vegetables and spices in Rangpur region, 2014-15.",Garlic-Fallow-T. Aman,260.0,0.04,5,"Bangladesh Rice Journal 21(2) 2017, 'Crop Diversification in Rangpur Region', doi:10.3329/brj.v21i2.38210"
Rangpur,"Cropping patterns with vegetables and spices in Rangpur region, 2014-15.",Garlic-Jute-Fallow,260.0,0.04,4,"Bangladesh Rice Journal 21(2) 2017, 'Crop Diversification in Rangpur Region', doi:10.3329/brj.v21i2.38210"
Rangpur,"Cropping patterns with vegetables and spices in Rangpur region, 2014-15.",Onion-Fallow-T. Aman,260.0,0.04,3,"Bangladesh Rice Journal 21(2) 2017, 'Crop Diversification in Rangpur Region', doi:10.3329/brj.v21i2.38210"
Rangpur,"Cropping patterns with vegetables and spices in Rangpur region, 2014-15.",Wheat-Ginger/Turmeric,230.0,0.03,1,"Bangladesh Rice Journal 21(2) 2017, 'Crop Diversification in Rangpur Region', doi:10.3329/brj.v21i2.38210"
Rangpur,"Cropping patterns with vegetables and spices in Rangpur region, 2014-15.",Onion-Maize-T. Aman,220.0,0.03,2,"Bangladesh Rice Journal 21(2) 2017, 'Crop Diversification in Rangpur Region', doi:10.3329/brj.v21i2.38210"
Rangpur,"Cropping patterns with vegetables and spices in Rangpur region, 2014-15.",Fallow-Vegetable-T. Aman,200.0,0.03,1,"Bangladesh Rice Journal 21(2) 2017, 'Crop Diversification in Rangpur Region', doi:10.3329/brj.v21i2.38210"
Rangpur,"Cropping patterns with vegetables and spices in Rangpur region, 2014-15.",Potato+Maize-Vegetable-T. Aman,200.0,0.03,1,"Bangladesh Rice Journal 21(2) 2017, 'Crop Diversification in Rangpur Region', doi:10.3329/brj.v21i2.38210"
Rangpur,"Cropping patterns with pulses and oil-seed crops in Rangpur region, 2014-15.",Mustard-Boro-T. Aman,22840.0,3.28,30,"Bangladesh Rice Journal 21(2) 2017, 'Crop Diversification in Rangpur Region', doi:10.3329/brj.v21i2.38210"
Rangpur,"Cropping patterns with pulses and oil-seed crops in Rangpur region, 2014-15.",Mustard-Boro-Fallow,2650.0,0.38,5,"Bangladesh Rice Journal 21(2) 2017, 'Crop Diversification in Rangpur Region', doi:10.3329/brj.v21i2.38210"
Rangpur,"Cropping patterns with pulses and oil-seed crops in Rangpur region, 2014-15.",Groundnut-Fallow-Fallow,2430.0,0.35,9,"Bangladesh Rice Journal 21(2) 2017, 'Crop Diversification in Rangpur Region', doi:10.3329/brj.v21i2.38210"
Rangpur,"Cropping patterns with pulses and oil-seed crops in Rangpur region, 2014-15.",Mustard-Jute-T. Aman,2210.0,0.32,6,"Bangladesh Rice Journal 21(2) 2017, 'Crop Diversification in Rangpur Region', doi:10.3329/brj.v21i2.38210"
Rangpur,"Cropping patterns with pulses and oil-seed crops in Rangpur region, 2014-15.",Potato-Groundnut,930.0,0.13,6,"Bangladesh Rice Journal 21(2) 2017, 'Crop Diversification in Rangpur Region', doi:10.3329/brj.v21i2.38210"
Rangpur,"Cropping patterns with pulses and oil-seed crops in Rangpur region, 2014-15.",Vegetable-Groundnut-T. Aman,860.0,0.12,2,"Bangladesh Rice Journal 21(2) 2017, 'Crop Diversification in Rangpur Region', doi:10.3329/brj.v21i2.38210"
Rangpur,"Cropping patterns with pulses and oil-seed crops in Rangpur region, 2014-15.",Lentil-Jute-Fallow,760.0,0.11,4,"Bangladesh Rice Journal 21(2) 2017, 'Crop Diversification in Rangpur Region', doi:10.3329/brj.v21i2.38210"
Rangpur,"Cropping patterns with pulses and oil-seed crops in Rangpur region, 2014-15.",Boro-Fallow-Blackgram,700.0,0.1,2,"Bangladesh Rice Journal 21(2) 2017, 'Crop Diversification in Rangpur Region', doi:10.3329/brj.v21i2.38210"
Rangpur,"Cropping patterns with pulses and oil-seed crops in Rangpur region, 2014-15.",Mustard-Maize-T. Aman,550.0,0.08,3,"Bangladesh Rice Journal 21(2) 2017, 'Crop Diversification in Rangpur Region', doi:10.3329/brj.v21i2.38210"
Rangpur,"Cropping patterns with pulses and oil-seed crops in Rangpur region, 2014-15.",Vegetable-Fallow-Blackgram,530.0,0.08,8,"Bangladesh Rice Journal 21(2) 2017, 'Crop Diversification in Rangpur Region', doi:10.3329/brj.v21i2.38210"
Rangpur,"Cropping patterns with pulses and oil-seed crops in Rangpur region, 2014-15.",Maize-Sesame-Fallow,500.0,0.07,1,"Bangladesh Rice Journal 21(2) 2017, 'Crop Diversification in Rangpur Region', doi:10.3329/brj.v21i2.38210"
Rangpur,"Cropping patterns with pulses and oil-seed crops in Rangpur region, 2014-15.",Groundnut-Fallow-T. Aman,490.0,0.07,2,"Bangladesh Rice Journal 21(2) 2017, 'Crop Diversification in Rangpur Region', doi:10.3329/brj.v21i2.38210"
Rangpur,"Cropping patterns with pulses and oil-seed crops in Rangpur region, 2014-15.",Lentil-Jute-T. Aman,460.0,0.07,10,"Bangladesh Rice Journal 21(2) 2017, 'Crop Diversification in Rangpur Region', doi:10.3329/brj.v21i2.38210"
Rangpur,"Cropping patterns with pulses and oil-seed crops in Rangpur region, 2014-15.",Lentil-Fallow-T. Aman,440.0,0.06,4,"Bangladesh Rice Journal 21(2) 2017, 'Crop Diversification in Rangpur Region', doi:10.3329/brj.v21i2.38210"
Rangpur,"Cropping patterns with pulses and oil-seed crops in Rangpur region, 2014-15.",Groundnut-Jute-T. Aman,390.0,0.06,3,"Bangladesh Rice Journal 21(2) 2017, 'Crop Diversification in Rangpur Region', doi:10.3329/brj.v21i2.38210"
Rangpur,"Cropping patterns with pulses and oil-seed crops in Rangpur region, 2014-15.",Mustard-Aus-T. Aman,350.0,0.05,2,"Bangladesh Rice Journal 21(2) 2017, 'Crop Diversification in Rangpur Region', doi:10.3329/brj.v21i2.38210"
Rangpur,"Cropping patterns with pulses and oil-seed crops in Rangpur region, 2014-15.",Mustard-Fallow-T. Aman,350.0,0.05,2,"Bangladesh Rice Journal 21(2) 2017, 'Crop Diversification in Rangpur Region', doi:10.3329/brj.v21i2.38210"
Rangpur,"Cropping patterns with pulses and oil-seed crops in Rangpur region, 2014-15.",Blackgram-Jute-T. Aman,320.0,0.05,2,"Bangladesh Rice Journal 21(2) 2017, 'Crop Diversification in Rangpur Region', doi:10.3329/brj.v21i2.38210"
Rangpur,"Cropping patterns with pulses and oil-seed crops in Rangpur region, 2014-15.",Fallow-Fallow-Blackgram,290.0,0.04,4,"Bangladesh Rice Journal 21(2) 2017, 'Crop Diversification in Rangpur Region', doi:10.3329/brj.v21i2.38210"
Rangpur,"Cropping patterns with pulses and oil-seed crops in Rangpur region, 2014-15.",Blackgram-Jute-Fallow,200.0,0.03,1,"Bangladesh Rice Journal 21(2) 2017, 'Crop Diversification in Rangpur Region', doi:10.3329/brj.v21i2.38210"
Rangpur,"Cropping patterns of hazardous crop in Rangpur region, 2014-15.",Tobacco-Maize-T. Aman,6880.0,0.99,9,"Bangladesh Rice Journal 21(2) 2017, 'Crop Diversification in Rangpur Region', doi:10.3329/brj.v21i2.38210"
Rangpur,"Cropping patterns of hazardous crop in Rangpur region, 2014-15.",Tobacco-Aus-T. Aman,3090.0,0.44,9,"Bangladesh Rice Journal 21(2) 2017, 'Crop Diversification in Rangpur Region', doi:10.3329/brj.v21i2.38210"
Rangpur,"Cropping patterns of hazardous crop in Rangpur region, 2014-15.",Tobacco-Jute-T. Aman,3010.0,0.43,9,"Bangladesh Rice Journal 21(2) 2017, 'Crop Diversification in Rangpur Region', doi:10.3329/brj.v21i2.38210"
Rangpur,"Cropping patterns of hazardous crop in Rangpur region, 2014-15.",Tobacco-Boro-T. Aman,1850.0,0.27,3,"Bangladesh Rice Journal 21(2) 2017, 'Crop Diversification in Rangpur Region', doi:10.3329/brj.v21i2.38210"
Rangpur,"Cropping patterns of hazardous crop in Rangpur region, 2014-15.",Tobacco-Fallow-T. Aman,1700.0,0.24,10,"Bangladesh Rice Journal 21(2) 2017, 'Crop Diversification in Rangpur Region', doi:10.3329/brj.v21i2.38210"
Rangpur,"Cropping patterns of hazardous crop in Rangpur region, 2014-15.",Tobacco-Vegetable-Vegetable,1500.0,0.22,1,"Bangladesh Rice Journal 21(2) 2017, 'Crop Diversification in Rangpur Region', doi:10.3329/brj.v21i2.38210"
Rangpur,"Cropping patterns of hazardous crop in Rangpur region, 2014-15.",Tobacco-Maize-Vegetable,600.0,0.09,1,"Bangladesh Rice Journal 21(2) 2017, 'Crop Diversification in Rangpur Region', doi:10.3329/brj.v21i2.38210"
Rangpur,"Cropping patterns of hazardous crop in Rangpur region, 2014-15.",Tobacco-Fallow-Fallow,490.0,0.07,2,"Bangladesh Rice Journal 21(2) 2017, 'Crop Diversification in Rangpur Region', doi:10.3329/brj.v21i2.38210"
Sylhet,"Cropping patterns with exclusive rice in Sylhet region, 2014-15.",Boro-Fallow-Fallow,304800.0,39.64,36,"Bangladesh Rice Journal 21(2) 2017, 'Cropping Systems and Land Use in Sylhet Region', doi:10.3329/brj.v21i2.38211"
Sylhet,"Cropping patterns with exclusive rice in Sylhet region, 2014-15.",Boro-Fallow-T. Aman,121020.0,15.74,37,"Bangladesh Rice Journal 21(2) 2017, 'Cropping Systems and Land Use in Sylhet Region', doi:10.3329/brj.v21i2.38211"
Sylhet,"Cropping patterns with exclusive rice in Sylhet region, 2014-15.",Fallow-Fallow-T. Aman,117560.0,15.29,30,"Bangladesh Rice Journal 21(2) 2017, 'Cropping Systems and Land Use in Sylhet Region', doi:10.3329/brj.v21i2.38211"
Sylhet,"Cropping patterns with exclusive rice in Sylhet region, 2014-15.",Fallow-Aus-T. Aman,97055.0,12.62,29,"Bangladesh Rice Journal 21(2) 2017, 'Cropping Systems and Land Use in Sylhet Region', doi:10.3329/brj.v21i2.38211"
Sylhet,"Cropping patterns with exclusive rice in Sylhet region, 2014-15.",Boro-B. Aman,23830.0,3.1,11,"Bangladesh Rice Journal 21(2) 2017, 'Cropping Systems and Land Use in Sylhet Region', doi:10.3329/brj.v21i2.38211"
Sylhet,"Cropping patterns with exclusive rice in Sylhet region, 2014-15.",Boro-Aus-T. Aman,17840.0,2.32,12,"Bangladesh Rice Journal 21(2) 2017, 'Cropping Systems and Land Use in Sylhet Region', doi:10.3329/brj.v21i2.38211"
Sylhet,"Cropping patterns with exclusive rice in Sylhet region, 2014-15.",Fallow-B. Aman,10140.0,1.32,15,"Bangladesh Rice Journal 21(2) 2017, 'Cropping Systems and Land Use in Sylhet Region', doi:10.3329/brj.v21i2.38211"
Sylhet,"Cropping patterns with exclusive rice in Sylhet region, 2014-15.",Boro-Aus-Fallow,1600.0,0.21,2,"Bangladesh Rice Journal 21(2) 2017, 'Cropping Systems and Land Use in Sylhet Region', doi:10.3329/brj.v21i2.38211"
Sylhet,"Cropping patterns with exclusive non-rice in Sylhet region, 2014-15.",Vegetable-Vegetable-Fallow,5890.0,0.76,19,"Bangladesh Rice Journal 21(2) 2017, 'Cropping Systems and Land Use in Sylhet Region', doi:10.3329/brj.v21i2.38211"
Sylhet,"Cropping patterns with exclusive non-rice in Sylhet region, 2014-15.",Vegetable-Vegetable-Vegetable,5395.0,0.7,16,"Bangladesh Rice Journal 21(2) 2017, 'Cropping Systems and Land Use in Sylhet Region', doi:10.3329/brj.v21i2.38211"
Sylhet,"Cropping patterns with exclusive non-rice in Sylhet region, 2014-15.",Vegetable-Fallow-Fallow,5370.0,0.69,14,"Bangladesh Rice Journal 21(2) 2017, 'Cropping Systems and Land Use in Sylhet Region', doi:10.3329/brj.v21i2.38211"
Sylhet,"Cropping patterns with exclusive non-rice in Sylhet region, 2014-15.",Chilli-Fallow-Fallow,735.0,0.1,10,"Bangladesh Rice Journal 21(2) 2017, 'Cropping Systems and Land Use in Sylhet Region', doi:10.3329/brj.v21i2.38211"
Sylhet,"Cropping patterns with exclusive non-rice in Sylhet region, 2014-15.",Coriander-Fallow-Fallow,265.0,0.03,7,"Bangladesh Rice Journal 21(2) 2017, 'Cropping Systems and Land Use in Sylhet Region', doi:10.3329/brj.v21i2.38211"
Sylhet,"Cropping patterns with exclusive non-rice in Sylhet region, 2014-15.",Fallow-Fallow-Blackgram,200.0,0.03,3,"Bangladesh Rice Journal 21(2) 2017, 'Cropping Systems and Land Use in Sylhet Region', doi:10.3329/brj.v21i2.38211"
Sylhet,"Cropping patterns with exclusive non-rice in Sylhet region, 2014-15.",Sweet potato-Fallow-Fallow,180.0,0.02,4,"Bangladesh Rice Journal 21(2) 2017, 'Cropping Systems and Land Use in Sylhet Region', doi:10.3329/brj.v21i2.38211"
Sylhet,"Cropping patterns with exclusive non-rice in Sylhet region, 2014-15.",Potato-Jute-Fallow,150.0,0.02,1,"Bangladesh Rice Journal 21(2) 2017, 'Cropping Systems and Land Use in Sylhet Region', doi:10.3329/brj.v21i2.38211"
Sylhet,"Cropping patterns with exclusive non-rice in Sylhet region, 2014-15.",Groundnut-Fallow-Fallow,115.0,0.01,4,"Bangladesh Rice Journal 21(2) 2017, 'Cropping Systems and Land Use in Sylhet Region', doi:10.3329/brj.v21i2.38211"
Sylhet,"Cropping patterns with exclusive non-rice in Sylhet region, 2014-15.",Mustard-Fallow-Fallow,100.0,0.01,2,"Bangladesh Rice Journal 21(2) 2017, 'Cropping Systems and Land Use in Sylhet Region', doi:10.3329/brj.v21i2.38211"
Sylhet,"Cropping patterns with exclusive non-rice in Sylhet region, 2014-15.",Vegetable-Fallow-Blackgram,70.0,0.01,2,"Bangladesh Rice Journal 21(2) 2017, 'Cropping Systems and Land Use in Sylhet Region', doi:10.3329/brj.v21i2.38211"
Sylhet,"Cropping patterns with exclusive non-rice in Sylhet region, 2014-15.",Coriander-Vegetable-Fallow,60.0,0.01,3,"Bangladesh Rice Journal 21(2) 2017, 'Cropping Systems and Land Use in Sylhet Region', doi:10.3329/brj.v21i2.38211"
Sylhet,"Cropping patterns with exclusive non-rice in Sylhet region, 2014-15.",Chilli-Vegetable-Fallow,55.0,0.01,5,"Bangladesh Rice Journal 21(2) 2017, 'Cropping Systems and Land Use in Sylhet Region', doi:10.3329/brj.v21i2.38211"
Sylhet,"Cropping patterns with exclusive non-rice in Sylhet region, 2014-15.",Wheat-Vegetable-Vegetable,50.0,0.01,1,"Bangladesh Rice Journal 21(2) 2017, 'Cropping Systems and Land Use in Sylhet Region', doi:10.3329/brj.v21i2.38211"
Sylhet,"Cropping patterns under deep water rice ecosystem in Sylhet region, 2014-15.",Boro-B. Aman,23830.0,3.08,11,"Bangladesh Rice Journal 21(2) 2017, 'Cropping Systems and Land Use in Sylhet Region', doi:10.3329/brj.v21i2.38211"
Sylhet,"Cropping patterns under deep water rice ecosystem in Sylhet region, 2014-15.",Fallow-B. Aman,10140.0,1.31,15,"Bangladesh Rice Journal 21(2) 2017, 'Cropping Systems and Land Use in Sylhet Region', doi:10.3329/brj.v21i2.38211"
Sylhet,"Cropping patterns under deep water rice ecosystem in Sylhet region, 2014-15.",Mustard-B. Aman,2690.0,0.35,4,"Bangladesh Rice Journal 21(2) 2017, 'Cropping Systems and Land Use in Sylhet Region', doi:10.3329/brj.v21i2.38211"
Sylhet,"Cropping patterns under deep water rice ecosystem in Sylhet region, 2014-15.",Wheat-B. Aman,435.0,0.06,3,"Bangladesh Rice Journal 21(2) 2017, 'Cropping Systems and Land Use in Sylhet Region', doi:10.3329/brj.v21i2.38211"
Sylhet,"Cropping patterns under deep water rice ecosystem in Sylhet region, 2014-15.",Vegetable-B. Aman,200.0,0.03,1,"Bangladesh Rice Journal 21(2) 2017, 'Cropping Systems and Land Use in Sylhet Region', doi:10.3329/brj.v21i2.38211"
Sylhet,"Cropping patterns under deep water rice ecosystem in Sylhet region, 2014-15.",Coriander-B. Aman,120.0,0.02,1,"Bangladesh Rice Journal 21(2) 2017, 'Cropping Systems and Land Use in Sylhet Region', doi:10.3329/brj.v21i2.38211"
Sylhet,"Cropping patterns under deep water rice ecosystem in Sylhet region, 2014-15.",Blackgram-B. Aman,110.0,0.01,3,"Bangladesh Rice Journal 21(2) 2017, 'Cropping Systems and Land Use in Sylhet Region', doi:10.3329/brj.v21i2.38211"
Sylhet,"Cropping patterns under deep water rice ecosystem in Sylhet region, 2014-15.",Chilli-B. Aman,80.0,0.01,1,"Bangladesh Rice Journal 21(2) 2017, 'Cropping Systems and Land Use in Sylhet Region', doi:10.3329/brj.v21i2.38211"
Sylhet,"Cropping patterns under deep water rice ecosystem in Sylhet region, 2014-15.",Lentil-B. Aman,70.0,0.01,1,"Bangladesh Rice Journal 21(2) 2017, 'Cropping Systems and Land Use in Sylhet Region', doi:10.3329/brj.v21i2.38211"
Sylhet,"Cropping patterns under deep water rice ecosystem in Sylhet region, 2014-15.",Potato-B. Aman,70.0,0.01,1,"Bangladesh Rice Journal 21(2) 2017, 'Cropping Systems and Land Use in Sylhet Region', doi:10.3329/brj.v21i2.38211"
Sylhet,"Cropping patterns under deep water rice ecosystem in Sylhet region, 2014-15.",Sweet potato-B. Aman,30.0,0.0,1,"Bangladesh Rice Journal 21(2) 2017, 'Cropping Systems and Land Use in Sylhet Region', doi:10.3329/brj.v21i2.38211"
Sylhet,"Cropping patterns under deep water rice ecosystem in Sylhet region, 2014-15.",Grasspea-B. Aman,25.0,0.0,1,"Bangladesh Rice Journal 21(2) 2017, 'Cropping Systems and Land Use in Sylhet Region', doi:10.3329/brj.v21i2.38211"
Sylhet,"Cropping patterns under deep water rice ecosystem in Sylhet region, 2014-15.",Onion-B. Aman,10.0,0.0,1,"Bangladesh Rice Journal 21(2) 2017, 'Cropping Systems and Land Use in Sylhet Region', doi:10.3329/brj.v21i2.38211"
Sylhet,"Cropping patterns with pulses and oil-seed crops in Sylhet region, 2014-15.",Mustard-B. Aman,2690.0,0.35,4,"Bangladesh Rice Journal 21(2) 2017, 'Cropping Systems and Land Use in Sylhet Region', doi:10.3329/brj.v21i2.38211"
Sylhet,"Cropping patterns with pulses and oil-seed crops in Sylhet region, 2014-15.",Groundnut-Fallow-T. Aman,1245.0,0.16,4,"Bangladesh Rice Journal 21(2) 2017, 'Cropping Systems and Land Use in Sylhet Region', doi:10.3329/brj.v21i2.38211"
Sylhet,"Cropping patterns with pulses and oil-seed crops in Sylhet region, 2014-15.",Mustard-Fallow-T. Aman,950.0,0.12,11,"Bangladesh Rice Journal 21(2) 2017, 'Cropping Systems and Land Use in Sylhet Region', doi:10.3329/brj.v21i2.38211"
Sylhet,"Cropping patterns with pulses and oil-seed crops in Sylhet region, 2014-15.",Vegetable-Groundnut-T. Aman,800.0,0.1,1,"Bangladesh Rice Journal 21(2) 2017, 'Cropping Systems and Land Use in Sylhet Region', doi:10.3329/brj.v21i2.38211"
Sylhet,"Cropping patterns with pulses and oil-seed crops in Sylhet region, 2014-15.",Mustard-Boro-T. Aman,560.0,0.07,4,"Bangladesh Rice Journal 21(2) 2017, 'Cropping Systems and Land Use in Sylhet Region', doi:10.3329/brj.v21i2.38211"
Sylhet,"Cropping patterns with pulses and oil-seed crops in Sylhet region, 2014-15.",Mustard-Aus-T. Aman,510.0,0.07,6,"Bangladesh Rice Journal 21(2) 2017, 'Cropping Systems and Land Use in Sylhet Region', doi:10.3329/brj.v21i2.38211"
Sylhet,"Cropping patterns with pulses and oil-seed crops in Sylhet region, 2014-15.",Mustard-Boro-Fallow,340.0,0.04,4,"Bangladesh Rice Journal 21(2) 2017, 'Cropping Systems and Land Use in Sylhet Region', doi:10.3329/brj.v21i2.38211"
Sylhet,"Cropping patterns with pulses and oil-seed crops in Sylhet region, 2014-15.",Fallow-Fallow-Blackgram,200.0,0.03,3,"Bangladesh Rice Journal 21(2) 2017, 'Cropping Systems and Land Use in Sylhet Region', doi:10.3329/brj.v21i2.38211"
Sylhet,"Cropping patterns with pulses and oil-seed crops in Sylhet region, 2014-15.",Mustard-Jute-T. Aman,200.0,0.03,1,"Bangladesh Rice Journal 21(2) 2017, 'Cropping Systems and Land Use in Sylhet Region', doi:10.3329/brj.v21i2.38211"
Sylhet,"Cropping patterns with pulses and oil-seed crops in Sylhet region, 2014-15.",Mustard-Aus-Fallow,140.0,0.02,4,"Bangladesh Rice Journal 21(2) 2017, 'Cropping Systems and Land Use in Sylhet Region', doi:10.3329/brj.v21i2.38211"
Sylhet,"Cropping patterns with pulses and oil-seed crops in Sylhet region, 2014-15.",Groundnut-Fallow-Fallow,115.0,0.01,4,"Bangladesh Rice Journal 21(2) 2017, 'Cropping Systems and Land Use in Sylhet Region', doi:10.3329/brj.v21i2.38211"
Sylhet,"Cropping patterns with pulses and oil-seed crops in Sylhet region, 2014-15.",Blackgram-B. Aman,110.0,0.01,3,"Bangladesh Rice Journal 21(2) 2017, 'Cropping Systems and Land Use in Sylhet Region', doi:10.3329/brj.v21i2.38211"
Sylhet,"Cropping patterns with pulses and oil-seed crops in Sylhet region, 2014-15.",Lentil-Jute-T. Aman,100.0,0.01,1,"Bangladesh Rice Journal 21(2) 2017, 'Cropping Systems and Land Use in Sylhet Region', doi:10.3329/brj.v21i2.38211"
Sylhet,"Cropping patterns with pulses and oil-seed crops in Sylhet region, 2014-15.",Mustard-Fallow-Fallow,100.0,0.01,2,"Bangladesh Rice Journal 21(2) 2017, 'Cropping Systems and Land Use in Sylhet Region', doi:10.3329/brj.v21i2.38211"
Sylhet,"Cropping patterns with pulses and oil-seed crops in Sylhet region, 2014-15.",Lentil-B. Aman,70.0,0.01,1,"Bangladesh Rice Journal 21(2) 2017, 'Cropping Systems and Land Use in Sylhet Region', doi:10.3329/brj.v21i2.38211"
Sylhet,"Cropping patterns with pulses and oil-seed crops in Sylhet region, 2014-15.",Vegetable-Fallow-Blackgram,70.0,0.01,2,"Bangladesh Rice Journal 21(2) 2017, 'Cropping Systems and Land Use in Sylhet Region', doi:10.3329/brj.v21i2.38211"
Sylhet,"Cropping patterns with pulses and oil-seed crops in Sylhet region, 2014-15.",Lentil-Aus-T. Aman,60.0,0.01,2,"Bangladesh Rice Journal 21(2) 2017, 'Cropping Systems and Land Use in Sylhet Region', doi:10.3329/brj.v21i2.38211"
Sylhet,"Cropping patterns with vegetables and spices crops in Sylhet region, 2014-15.",Vegetable-Fallow-T. Aman,15495.0,2.0,23,"Bangladesh Rice Journal 21(2) 2017, 'Cropping Systems and Land Use in Sylhet Region', doi:10.3329/brj.v21i2.38211"
Sylhet,"Cropping patterns with vegetables and spices crops in Sylhet region, 2014-15.",Vegetable-Aus-T. Aman,9130.0,1.18,19,"Bangladesh Rice Journal 21(2) 2017, 'Cropping Systems and Land Use in Sylhet Region', doi:10.3329/brj.v21i2.38211"
Sylhet,"Cropping patterns with vegetables and spices crops in Sylhet region, 2014-15.",Vegetable-Vegetable-Fallow,5890.0,0.76,19,"Bangladesh Rice Journal 21(2) 2017, 'Cropping Systems and Land Use in Sylhet Region', doi:10.3329/brj.v21i2.38211"
Sylhet,"Cropping patterns with vegetables and spices crops in Sylhet region, 2014-15.",Vegetable-Vegetable-T. Aman,5780.0,0.75,13,"Bangladesh Rice Journal 21(2) 2017, 'Cropping Systems and Land Use in Sylhet Region', doi:10.3329/brj.v21i2.38211"
Sylhet,"Cropping patterns with vegetables and spices crops in Sylhet region, 2014-15.",Vegetable-Vegetable-Vegetable,5395.0,0.7,16,"Bangladesh Rice Journal 21(2) 2017, 'Cropping Systems and Land Use in Sylhet Region', doi:10.3329/brj.v21i2.38211"
Sylhet,"Cropping patterns with vegetables and spices crops in Sylhet region, 2014-15.",Vegetable-Fallow-Fallow,5370.0,0.69,14,"Bangladesh Rice Journal 21(2) 2017, 'Cropping Systems and Land Use in Sylhet Region', doi:10.3329/brj.v21i2.38211"
Sylhet,"Cropping patterns with vegetables and spices crops in Sylhet region, 2014-15.",Fallow-Vegetable-T. Aman,2470.0,0.32,9,"Bangladesh Rice Journal 21(2) 2017, 'Cropping Systems and Land Use in Sylhet Region', doi:10.3329/brj.v21i2.38211"
Sylhet,"Cropping patterns with vegetables and spices crops in Sylhet region, 2014-15.",Potato-Aus-T. Aman,2170.0,0.28,11,"Bangladesh Rice Journal 21(2) 2017, 'Cropping Systems and Land Use in Sylhet Region', doi:10.3329/brj.v21i2.38211"
Sylhet,"Cropping patterns with vegetables and spices crops in Sylhet region, 2014-15.",Vegetable-Aus-Fallow,1980.0,0.26,4,"Bangladesh Rice Journal 21(2) 2017, 'Cropping Systems and Land Use in Sylhet Region', doi:10.3329/brj.v21i2.38211"
Sylhet,"Cropping patterns with vegetables and spices crops in Sylhet region, 2014-15.",Potato-Fallow-T. Aman,1570.0,0.2,15,"Bangladesh Rice Journal 21(2) 2017, 'Cropping Systems and Land Use in Sylhet Region', doi:10.3329/brj.v21i2.38211"
Sylhet,"Cropping patterns with vegetables and spices crops in Sylhet region, 2014-15.",Vegetable-Groundnut-T. Aman,800.0,0.1,1,"Bangladesh Rice Journal 21(2) 2017, 'Cropping Systems and Land Use in Sylhet Region', doi:10.3329/brj.v21i2.38211"
Sylhet,"Cropping patterns with vegetables and spices crops in Sylhet region, 2014-15.",Chilli-Fallow-Fallow,735.0,0.1,10,"Bangladesh Rice Journal 21(2) 2017, 'Cropping Systems and Land Use in Sylhet Region', doi:10.3329/brj.v21i2.38211"
Sylhet,"Cropping patterns with vegetables and spices crops in Sylhet region, 2014-15.",Chilli-Fallow-T. Aman,500.0,0.06,8,"Bangladesh Rice Journal 21(2) 2017, 'Cropping Systems and Land Use in Sylhet Region', doi:10.3329/brj.v21i2.38211"
Sylhet,"Cropping patterns with vegetables and spices crops in Sylhet region, 2014-15.",Sweet potato-Fallow-T. Aman,475.0,0.06,10,"Bangladesh Rice Journal 21(2) 2017, 'Cropping Systems and Land Use in Sylhet Region', doi:10.3329/brj.v21i2.38211"
Sylhet,"Cropping patterns with vegetables and spices crops in Sylhet region, 2014-15.",Potato-Vegetable-T. Aman,380.0,0.05,3,"Bangladesh Rice Journal 21(2) 2017, 'Cropping Systems and Land Use in Sylhet Region', doi:10.3329/brj.v21i2.38211"
Sylhet,"Cropping patterns with vegetables and spices crops in Sylhet region, 2014-15.",Chilli-Aus-T. Aman,300.0,0.04,6,"Bangladesh Rice Journal 21(2) 2017, 'Cropping Systems and Land Use in Sylhet Region', doi:10.3329/brj.v21i2.38211"
Sylhet,"Cropping patterns with vegetables and spices crops in Sylhet region, 2014-15.",Coriander-Fallow-T. Aman,275.0,0.04,6,"Bangladesh Rice Journal 21(2) 2017, 'Cropping Systems and Land Use in Sylhet Region', doi:10.3329/brj.v21i2.38211"
Sylhet,"Cropping patterns with vegetables and spices crops in Sylhet region, 2014-15.",Coriander-Fallow-Fallow,265.0,0.03,7,"Bangladesh Rice Journal 21(2) 2017, 'Cropping Systems and Land Use in Sylhet Region', doi:10.3329/brj.v21i2.38211"
Sylhet,"Cropping patterns with vegetables and spices crops in Sylhet region, 2014-15.",Chilli-Aus-Fallow,240.0,0.03,2,"Bangladesh Rice Journal 21(2) 2017, 'Cropping Systems and Land Use in Sylhet Region', doi:10.3329/brj.v21i2.38211"
Sylhet,"Cropping patterns with vegetables and spices crops in Sylhet region, 2014-15.",Vegetable-B. Aman,200.0,0.03,1,"Bangladesh Rice Journal 21(2) 2017, 'Cropping Systems and Land Use in Sylhet Region', doi:10.3329/brj.v21i2.38211"
Sylhet,"Cropping patterns with vegetables and spices crops in Sylhet region, 2014-15.",Sweet potato-Fallow-Fallow,180.0,0.02,4,"Bangladesh Rice Journal 21(2) 2017, 'Cropping Systems and Land Use in Sylhet Region', doi:10.3329/brj.v21i2.38211"
Sylhet,"Cropping patterns with vegetables and spices crops in Sylhet region, 2014-15.",Potato-Jute-Fallow,150.0,0.02,1,"Bangladesh Rice Journal 21(2) 2017, 'Cropping Systems and Land Use in Sylhet Region', doi:10.3329/brj.v21i2.38211"
Sylhet,"Cropping patterns with vegetables and spices crops in Sylhet region, 2014-15.",Potato-Jute-T. Aman,150.0,0.02,1,"Bangladesh Rice Journal 21(2) 2017, 'Cropping Systems and Land Use in Sylhet Region', doi:10.3329/brj.v21i2.38211"
Sylhet,"Cropping patterns with vegetables and spices crops in Sylhet region, 2014-15.",Coriander-B. Aman,120.0,0.02,1,"Bangladesh Rice Journal 21(2) 2017, 'Cropping Systems and Land Use in Sylhet Region', doi:10.3329/brj.v21i2.38211"
Sylhet,"Cropping patterns with vegetables and spices crops in Sylhet region, 2014-15.",Potato-Boro-Fallow,100.0,0.01,1,"Bangladesh Rice Journal 21(2) 2017, 'Cropping Systems and Land Use in Sylhet Region', doi:10.3329/brj.v21i2.38211"
Sylhet,"Cropping patterns with vegetables and spices crops in Sylhet region, 2014-15.",Chilli-B. Aman,80.0,0.01,1,"Bangladesh Rice Journal 21(2) 2017, 'Cropping Systems and Land Use in Sylhet Region', doi:10.3329/brj.v21i2.38211"
Sylhet,"Cropping patterns with vegetables and spices crops in Sylhet region, 2014-15.",Potato-B. Aman,70.0,0.01,1,"Bangladesh Rice Journal 21(2) 2017, 'Cropping Systems and Land Use in Sylhet Region', doi:10.3329/brj.v21i2.38211"
Sylhet,"Cropping patterns with vegetables and spices crops in Sylhet region, 2014-15.",Vegetable-Fallow-Blackgram,70.0,0.01,2,"Bangladesh Rice Journal 21(2) 2017, 'Cropping Systems and Land Use in Sylhet Region', doi:10.3329/brj.v21i2.38211"
Sylhet,"Cropping patterns with vegetables and spices crops in Sylhet region, 2014-15.",Coriander-Vegetable-Fallow,60.0,0.01,3,"Bangladesh Rice Journal 21(2) 2017, 'Cropping Systems and Land Use in Sylhet Region', doi:10.3329/brj.v21i2.38211"
Sylhet,"Cropping patterns with vegetables and spices crops in Sylhet region, 2014-15.",Chilli-Vegetable-Fallow,55.0,0.01,5,"Bangladesh Rice Journal 21(2) 2017, 'Cropping Systems and Land Use in Sylhet Region', doi:10.3329/brj.v21i2.38211"
Sylhet,"Cropping patterns with vegetables and spices crops in Sylhet region, 2014-15.",Potato-Aus-Fallow,50.0,0.01,1,"Bangladesh Rice Journal 21(2) 2017, 'Cropping Systems and Land Use in Sylhet Region', doi:10.3329/brj.v21i2.38211"
Sylhet,"Cropping patterns with vegetables and spices crops in Sylhet region, 2014-15.",Wheat-Vegetable-Vegetable,50.0,0.01,1,"Bangladesh Rice Journal 21(2) 2017, 'Cropping Systems and Land Use in Sylhet Region', doi:10.3329/brj.v21i2.38211"
Sylhet,"Cropping patterns with vegetables and spices crops in Sylhet region, 2014-15.",Wheat-Vegetable-T. Aman,40.0,0.01,2,"Bangladesh Rice Journal 21(2) 2017, 'Cropping Systems and Land Use in Sylhet Region', doi:10.3329/brj.v21i2.38211"
