region,upazila,area_ha,annual_crop_ha,single_cropped_ha,double_cropped_ha,triple_cropped_ha,quadruple_cropped_ha,other_ha,net_cropped_ha,cropping_intensity_pct,source,adm3_name,district,lat,lon
Barisal,Agailjhara,15552.0,180.0,10100.0,450.0,145.0,0.0,155.0,11030.0,107.0,"Bangladesh Rice Journal 21(2) 2017, 'Diversity of Crops and Land Use Pattern in Barisal Region', doi:10.3329/brj.v21i2.38196",Agailjhara,Barisal,22.968,90.1408
Barisal,Babuganj,15247.0,210.0,600.0,8620.0,2410.0,0.0,170.0,12010.0,214.0,"Bangladesh Rice Journal 21(2) 2017, 'Diversity of Crops and Land Use Pattern in Barisal Region', doi:10.3329/brj.v21i2.38196",Babuganj,Barisal,22.8235,90.3146
Barisal,Bakerganj,40050.0,700.0,6150.0,11420.0,11100.0,0.0,130.0,29500.0,214.0,"Bangladesh Rice Journal 21(2) 2017, 'Diversity of Crops and Land Use Pattern in Barisal Region', doi:10.3329/brj.v21i2.38196",Bakerganj,Barisal,22.5524,90.3826
Barisal,Banaripara,13486.0,445.0,2950.0,2950.0,1110.0,0.0,145.0,7600.0,169.0,"Bangladesh Rice Journal 21(2) 2017, 'Diversity of Crops and Land Use Pattern in Barisal Region', doi:10.3329/brj.v21i2.38196",Banari Para,Barisal,22.8118,90.1284
Barisal,Barisal sadar,26172.0,175.0,4020.0,14000.0,915.0,0.0,170.0,19280.0,183.0,"Bangladesh Rice Journal 21(2) 2017, 'Diversity of Crops and Land Use Pattern in Barisal Region', doi:10.3329/brj.v21i2.38196",Barisal Sadar (Kotwali),Barisal,22.7146,90.3822
Barisal,Gournadi,14938.0,1175.0,200.0,7000.0,2475.0,0.0,130.0,10980.0,210.0,"Bangladesh Rice Journal 21(2) 2017, 'Diversity of Crops and Land Use Pattern in Barisal Region', doi:10.3329/brj.v21i2.38196",Gaurnadi,Barisal,22.9662,90.2447
Barisal,Hizla,33859.0,230.0,750.0,11300.0,1040.0,0.0,160.0,13480.0,200.0,"Bangladesh Rice Journal 21(2) 2017, 'Diversity of Crops and Land Use Pattern in Barisal Region', doi:10.3329/brj.v21i2.38196",Hizla,Barisal,22.966,90.5334
Barisal,Mehendiganj,41896.0,500.0,0.0,18640.0,3700.0,0.0,160.0,23000.0,214.0,"Bangladesh Rice Journal 21(2) 2017, 'Diversity of Crops and Land Use Pattern in Barisal Region', doi:10.3329/brj.v21i2.38196",Mehendiganj,Barisal,22.8404,90.56
Barisal,Muladi,23050.0,800.0,1050.0,10025.0,2970.0,0.0,155.0,15000.0,208.0,"Bangladesh Rice Journal 21(2) 2017, 'Diversity of Crops and Land Use Pattern in Barisal Region', doi:10.3329/brj.v21i2.38196",Muladi,Barisal,22.9526,90.3759
Barisal,Wazirpur,24932.0,680.0,7500.0,7950.0,310.0,0.0,140.0,16580.0,152.0,"Bangladesh Rice Journal 21(2) 2017, 'Diversity of Crops and Land Use Pattern in Barisal Region', doi:10.3329/brj.v21i2.38196",Wazirpur,Barisal,22.8656,90.1659
Barisal,Bhola sadar,41316.0,230.0,1300.0,9870.0,14050.0,0.0,180.0,25630.0,249.0,"Bangladesh Rice Journal 21(2) 2017, 'Diversity of Crops and Land Use Pattern in Barisal Region', doi:10.3329/brj.v21i2.38196",Bhola Sadar,Bhola,22.6837,90.6188
Barisal,Burhanuddin,28400.0,230.0,70.0,13120.0,6880.0,0.0,130.0,20430.0,232.0,"Bangladesh Rice Journal 21(2) 2017, 'Diversity of Crops and Land Use Pattern in Barisal Region', doi:10.3329/brj.v21i2.38196",Burhanuddin,Bhola,22.4774,90.7331
Barisal,Charfasson,144004.0,4310.0,5500.0,41100.0,26180.0,0.0,210.0,77300.0,221.0,"Bangladesh Rice Journal 21(2) 2017, 'Diversity of Crops and Land Use Pattern in Barisal Region', doi:10.3329/brj.v21i2.38196",Char Fasson,Bhola,22.1331,90.7071
Barisal,Daulatkhan,29310.0,110.0,1200.0,6990.0,5990.0,0.0,120.0,14410.0,233.0,"Bangladesh Rice Journal 21(2) 2017, 'Diversity of Crops and Land Use Pattern in Barisal Region', doi:10.3329/brj.v21i2.38196",Daulatkhan,Bhola,22.5959,90.702
Barisal,Lalmohan,39600.0,130.0,0.0,16915.0,8300.0,0.0,135.0,25480.0,232.0,"Bangladesh Rice Journal 21(2) 2017, 'Diversity of Crops and Land Use Pattern in Barisal Region', doi:10.3329/brj.v21i2.38196",Lalmohan,Bhola,22.3148,90.7543
Barisal,Monpura,35300.0,95.0,1040.0,9250.0,1715.0,0.0,130.0,12230.0,205.0,"Bangladesh Rice Journal 21(2) 2017, 'Diversity of Crops and Land Use Pattern in Barisal Region', doi:10.3329/brj.v21i2.38196",Manpura,Bhola,22.2002,90.9548
Barisal,Tazumuddin,51931.0,100.0,20.0,7755.0,2880.0,0.0,145.0,10900.0,226.0,"Bangladesh Rice Journal 21(2) 2017, 'Diversity of Crops and Land Use Pattern in Barisal Region', doi:10.3329/brj.v21i2.38196",Tazumuddin,Bhola,22.404,90.8164
Barisal,Amtali,47758.0,60.0,1500.0,12620.0,9130.0,0.0,150.0,23460.0,232.0,"Bangladesh Rice Journal 21(2) 2017, 'Diversity of Crops and Land Use Pattern in Barisal Region', doi:10.3329/brj.v21i2.38196",Amtali,Barguna,22.0749,90.2028
Barisal,Bamna,9227.0,85.0,1300.0,2660.0,2870.0,0.0,115.0,7030.0,221.0,"Bangladesh Rice Journal 21(2) 2017, 'Diversity of Crops and Land Use Pattern in Barisal Region', doi:10.3329/brj.v21i2.38196",Bamna,Barguna,22.2725,90.0581
Barisal,Betagi,16800.0,190.0,600.0,5700.0,5750.0,0.0,150.0,12390.0,241.0,"Bangladesh Rice Journal 21(2) 2017, 'Diversity of Crops and Land Use Pattern in Barisal Region', doi:10.3329/brj.v21i2.38196",Betagi,Barguna,22.3472,90.1482
Barisal,Barguna,38853.0,175.0,6100.0,3370.0,15220.0,0.0,105.0,24970.0,236.0,"Bangladesh Rice Journal 21(2) 2017, 'Diversity of Crops and Land Use Pattern in Barisal Region', doi:10.3329/brj.v21i2.38196",Barguna Sadar,Barguna,22.1346,90.109
Barisal,Patharghata,38730.0,60.0,1500.0,12650.0,3200.0,0.0,150.0,17560.0,209.0,"Bangladesh Rice Journal 21(2) 2017, 'Diversity of Crops and Land Use Pattern in Barisal Region', doi:10.3329/brj.v21i2.38196",Patharghata,Barguna,22.0941,89.9658
Barisal,Taltali,24242.0,60.0,8260.0,4180.0,1600.0,0.0,160.0,14260.0,152.0,"Bangladesh Rice Journal 21(2) 2017, 'Diversity of Crops and Land Use Pattern in Barisal Region', doi:10.3329/brj.v21i2.38196",,,,
Barisal,Jhalakati,21293.0,1250.0,2600.0,8650.0,2400.0,0.0,170.0,15070.0,190.0,"Bangladesh Rice Journal 21(2) 2017, 'Diversity of Crops and Land Use Pattern in Barisal Region', doi:10.3329/brj.v21i2.38196",,,,
Barisal,Kathalia,15747.0,800.0,1400.0,5580.0,2825.0,0.0,145.0,10750.0,206.0,"Bangladesh Rice Journal 21(2) 2017, 'Diversity of Crops and Land Use Pattern in Barisal Region', doi:10.3329/brj.v21i2.38196",Kanthalia,Jhalokati,22.4203,90.1024
Barisal,Nalchity,21077.0,600.0,2040.0,10600.0,1040.0,0.0,120.0,14400.0,189.0,"Bangladesh Rice Journal 21(2) 2017, 'Diversity of Crops and Land Use Pattern in Barisal Region', doi:10.3329/brj.v21i2.38196",Nalchity,Jhalokati,22.6007,90.2736
Barisal,Rajapur,16433.0,180.0,4600.0,5120.0,1605.0,0.0,175.0,11680.0,172.0,"Bangladesh Rice Journal 21(2) 2017, 'Diversity of Crops and Land Use Pattern in Barisal Region', doi:10.3329/brj.v21i2.38196",Rajapur,Jhalokati,22.5507,90.131
Barisal,Bauphal,48185.0,190.0,1550.0,29400.0,5670.0,0.0,180.0,36990.0,211.0,"Bangladesh Rice Journal 21(2) 2017, 'Diversity of Crops and Land Use Pattern in Barisal Region', doi:10.3329/brj.v21i2.38196",Bauphal,Patuakhali,22.433,90.5384
Barisal,Dashmina,30074.0,220.0,500.0,16030.0,1820.0,0.0,150.0,18720.0,206.0,"Bangladesh Rice Journal 21(2) 2017, 'Diversity of Crops and Land Use Pattern in Barisal Region', doi:10.3329/brj.v21i2.38196",Dashmina,Patuakhali,22.2802,90.5379
Barisal,Dumki,9513.0,45.0,600.0,5050.0,1190.0,0.0,145.0,7030.0,208.0,"Bangladesh Rice Journal 21(2) 2017, 'Diversity of Crops and Land Use Pattern in Barisal Region', doi:10.3329/brj.v21i2.38196",Dumki,Patuakhali,22.4503,90.3719
Barisal,Galachipa,52614.0,390.0,1000.0,24500.0,7625.0,0.0,175.0,33690.0,219.0,"Bangladesh Rice Journal 21(2) 2017, 'Diversity of Crops and Land Use Pattern in Barisal Region', doi:10.3329/brj.v21i2.38196",Galachipa,Patuakhali,22.2031,90.423
Barisal,Kalapara,49210.0,20.0,21300.0,17725.0,1200.0,0.0,175.0,40420.0,150.0,"Bangladesh Rice Journal 21(2) 2017, 'Diversity of Crops and Land Use Pattern in Barisal Region', doi:10.3329/brj.v21i2.38196",Kala Para,Patuakhali,21.8914,90.1948
Barisal,Mirzaganj,17552.0,120.0,2400.0,1640.0,7310.0,0.0,100.0,11570.0,242.0,"Bangladesh Rice Journal 21(2) 2017, 'Diversity of Crops and Land Use Pattern in Barisal Region', doi:10.3329/brj.v21i2.38196",Mirzaganj,Patuakhali,22.3569,90.2167
Barisal,Patuakhali,36014.0,260.0,2400.0,20280.0,4970.0,0.0,150.0,28060.0,208.0,"Bangladesh Rice Journal 21(2) 2017, 'Diversity of Crops and Land Use Pattern in Barisal Region', doi:10.3329/brj.v21i2.38196",Patuakhali Sadar,Patuakhali,22.3358,90.329
Barisal,Rangabali,48000.0,100.0,6200.0,14625.0,14250.0,0.0,125.0,35300.0,223.0,"Bangladesh Rice Journal 21(2) 2017, 'Diversity of Crops and Land Use Pattern in Barisal Region', doi:10.3329/brj.v21i2.38196",,,,
Barisal,Bhandaria,16356.0,540.0,5000.0,3430.0,720.0,0.0,150.0,9840.0,150.0,"Bangladesh Rice Journal 21(2) 2017, 'Diversity of Crops and Land Use Pattern in Barisal Region', doi:10.3329/brj.v21i2.38196",Bhandaria,Pirojpur,22.4542,90.0215
Barisal,Kawkhali,7867.0,150.0,2100.0,2260.0,410.0,0.0,130.0,5050.0,163.0,"Bangladesh Rice Journal 21(2) 2017, 'Diversity of Crops and Land Use Pattern in Barisal Region', doi:10.3329/brj.v21i2.38196",Kawkhali,Pirojpur,22.6067,90.0585
Barisal,Mathbaria,35325.0,240.0,9600.0,9210.0,1690.0,0.0,100.0,20840.0,161.0,"Bangladesh Rice Journal 21(2) 2017, 'Diversity of Crops and Land Use Pattern in Barisal Region', doi:10.3329/brj.v21i2.38196",Mathbaria,Pirojpur,22.2853,89.9507
Barisal,Nazirpur,24849.0,300.0,8355.0,7735.0,310.0,0.0,100.0,16800.0,150.0,"Bangladesh Rice Journal 21(2) 2017, 'Diversity of Crops and Land Use Pattern in Barisal Region', doi:10.3329/brj.v21i2.38196",Nazirpur,Pirojpur,22.7703,89.9743
Barisal,Nesarabad,18343.0,220.0,4050.0,5990.0,615.0,0.0,145.0,11020.0,166.0,"Bangladesh Rice Journal 21(2) 2017, 'Diversity of Crops and Land Use Pattern in Barisal Region', doi:10.3329/brj.v21i2.38196",,,,
Barisal,Pirojpur,16387.0,550.0,3600.0,5020.0,2910.0,0.0,120.0,12200.0,190.0,"Bangladesh Rice Journal 21(2) 2017, 'Diversity of Crops and Land Use Pattern in Barisal Region', doi:10.3329/brj.v21i2.38196",Pirojpur Sadar,Pirojpur,22.6086,89.9811
Barisal,Zianagar,9255.0,130.0,3400.0,2280.0,600.0,0.0,120.0,6530.0,154.0,"Bangladesh Rice Journal 21(2) 2017, 'Diversity of Crops and Land Use Pattern in Barisal Region', doi:10.3329/brj.v21i2.38196",Zianagar,Bagerhat,22.4657,89.9345
Bogra,Adamdighi,16890.0,40.0,200.0,4450.0,7920.0,0.0,130.0,12740.0,261.0,"Bangladesh Rice Journal 21(2) 2017, 'Diversity of Cropping Pattern in Bogra', doi:10.3329/brj.v21i2.38197",Adamdighi,Bogra,24.7992,89.0595
Bogra,Bogra,17734.0,150.0,0.0,1940.0,8700.0,300.0,110.0,11200.0,282.0,"Bangladesh Rice Journal 21(2) 2017, 'Diversity of Cropping Pattern in Bogra', doi:10.3329/brj.v21i2.38197",Bogra Sadar,Bogra,24.8955,89.3557
Bogra,Dhunat,24712.0,50.0,920.0,14750.0,3570.0,150.0,100.0,19540.0,215.0,"Bangladesh Rice Journal 21(2) 2017, 'Diversity of Cropping Pattern in Bogra', doi:10.3329/brj.v21i2.38197",Dhunat,Bogra,24.6825,89.5503
Bogra,Dubchachia,16426.0,30.0,0.0,3090.0,10490.0,0.0,110.0,13720.0,277.0,"Bangladesh Rice Journal 21(2) 2017, 'Diversity of Cropping Pattern in Bogra', doi:10.3329/brj.v21i2.38197",Dhupchanchia,Bogra,24.8837,89.1392
Bogra,Gabtali,24375.0,120.0,1210.0,12980.0,4710.0,0.0,140.0,19160.0,218.0,"Bangladesh Rice Journal 21(2) 2017, 'Diversity of Cropping Pattern in Bogra', doi:10.3329/brj.v21i2.38197",Gabtali,Bogra,24.8868,89.465
Bogra,Kahalu,23879.0,30.0,60.0,4700.0,14310.0,0.0,130.0,19230.0,274.0,"Bangladesh Rice Journal 21(2) 2017, 'Diversity of Cropping Pattern in Bogra', doi:10.3329/brj.v21i2.38197",,,,
Bogra,Nandigram,26551.0,10.0,0.0,9000.0,9500.0,3700.0,100.0,22310.0,276.0,"Bangladesh Rice Journal 21(2) 2017, 'Diversity of Cropping Pattern in Bogra', doi:10.3329/brj.v21i2.38197",Nandigram,Bogra,24.6813,89.2268
Bogra,Sariakandi,40858.0,40.0,3700.0,15620.0,4850.0,0.0,130.0,24340.0,205.0,"Bangladesh Rice Journal 21(2) 2017, 'Diversity of Cropping Pattern in Bogra', doi:10.3329/brj.v21i2.38197",Sariakandi,Bogra,24.8812,89.6141
Bogra,Sherpur,29640.0,130.0,1490.0,15010.0,6390.0,790.0,130.0,16040.0,227.0,"Bangladesh Rice Journal 21(2) 2017, 'Diversity of Cropping Pattern in Bogra', doi:10.3329/brj.v21i2.38197",Sherpur,Bogra,24.6291,89.4223
Bogra,Shibganj,31148.0,150.0,0.0,3360.0,21960.0,0.0,120.0,23950.0,282.0,"Bangladesh Rice Journal 21(2) 2017, 'Diversity of Cropping Pattern in Bogra', doi:10.3329/brj.v21i2.38197",Shibganj,Bogra,25.0166,89.3067
Bogra,Shajahanpur,22108.0,620.0,630.0,7860.0,7290.0,0.0,130.0,26070.0,241.0,"Bangladesh Rice Journal 21(2) 2017, 'Diversity of Cropping Pattern in Bogra', doi:10.3329/brj.v21i2.38197",Shajahanpur,Bogra,24.7601,89.375
Bogra,Sonatola,15693.0,150.0,730.0,5790.0,6920.0,130.0,130.0,13850.0,246.0,"Bangladesh Rice Journal 21(2) 2017, 'Diversity of Cropping Pattern in Bogra', doi:10.3329/brj.v21i2.38197",Sonatola,Bogra,24.9971,89.514
Bogra,Akkelpur,14046.0,90.0,0.0,4100.0,6505.0,0.0,145.0,10840.0,260.0,"Bangladesh Rice Journal 21(2) 2017, 'Diversity of Cropping Pattern in Bogra', doi:10.3329/brj.v21i2.38197",Akkelpur,Joypurhat,24.934,89.0421
Bogra,Joyprhat,23864.0,800.0,100.0,6030.0,12340.0,0.0,130.0,19400.0,259.0,"Bangladesh Rice Journal 21(2) 2017, 'Diversity of Cropping Pattern in Bogra', doi:10.3329/brj.v21i2.38197",Joypurhat Sadar,Joypurhat,25.1055,89.0199
Bogra,Kalai,16636.0,10.0,0.0,1485.0,12280.0,0.0,135.0,13910.0,289.0,"Bangladesh Rice Journal 21(2) 2017, 'Diversity of Cropping Pattern in Bogra', doi:10.3329/brj.v21i2.38197",Kalai,Joypurhat,25.0779,89.1977
Bogra,Khetlal,14260.0,30.0,10.0,1010.0,10490.0,0.0,140.0,11680.0,291.0,"Bangladesh Rice Journal 21(2) 2017, 'Diversity of Cropping Pattern in Bogra', doi:10.3329/brj.v21i2.38197",Khetlal,Joypurhat,25.0225,89.1181
Bogra,Panchbibi,27853.0,570.0,0.0,9800.0,12100.0,0.0,200.0,22670.0,251.0,"Bangladesh Rice Journal 21(2) 2017, 'Diversity of Cropping Pattern in Bogra', doi:10.3329/brj.v21i2.38197",Panchbibi,Joypurhat,25.2022,89.0704
Bogra,Atghoria,18380.0,220.0,800.0,6710.0,6130.0,30.0,130.0,14020.0,237.0,"Bangladesh Rice Journal 21(2) 2017, 'Diversity of Cropping Pattern in Bogra', doi:10.3329/brj.v21i2.38197",Atgharia,Pabna,24.1083,89.2819
Bogra,Bera,24871.0,700.0,3540.0,12330.0,1250.0,0.0,180.0,18000.0,183.0,"Bangladesh Rice Journal 21(2) 2017, 'Diversity of Cropping Pattern in Bogra', doi:10.3329/brj.v21i2.38197",Bera,Pabna,23.9424,89.656
Bogra,Bhangura,13428.0,80.0,2170.0,6890.0,1780.0,0.0,160.0,11080.0,196.0,"Bangladesh Rice Journal 21(2) 2017, 'Diversity of Cropping Pattern in Bogra', doi:10.3329/brj.v21i2.38197",Bhangura,Pabna,24.239,89.3927
Bogra,Chatmohar,29405.0,120.0,1150.0,17950.0,5700.0,0.0,150.0,25070.0,218.0,"Bangladesh Rice Journal 21(2) 2017, 'Diversity of Cropping Pattern in Bogra', doi:10.3329/brj.v21i2.38197",Chatmohar,Pabna,24.2252,89.302
Bogra,Faridpur,13897.0,40.0,1000.0,9350.0,1000.0,0.0,150.0,11540.0,200.0,"Bangladesh Rice Journal 21(2) 2017, 'Diversity of Cropping Pattern in Bogra', doi:10.3329/brj.v21i2.38197",Faridpur,Pabna,24.1606,89.4488
Bogra,Iswardi,26947.0,3500.0,30.0,2590.0,12530.0,0.0,150.0,18800.0,247.0,"Bangladesh Rice Journal 21(2) 2017, 'Diversity of Cropping Pattern in Bogra', doi:10.3329/brj.v21i2.38197",Ishwardi,Pabna,24.0778,89.0972
Bogra,Pabna sadar,44259.0,700.0,1580.0,11000.0,22200.0,0.0,120.0,35600.0,256.0,"Bangladesh Rice Journal 21(2) 2017, 'Diversity of Cropping Pattern in Bogra', doi:10.3329/brj.v21i2.38197",Pabna Sadar,Pabna,23.9938,89.2814
Bogra,Santhia,33152.0,270.0,0.0,5950.0,19100.0,0.0,150.0,25470.0,274.0,"Bangladesh Rice Journal 21(2) 2017, 'Diversity of Cropping Pattern in Bogra', doi:10.3329/brj.v21i2.38197",Santhia,Pabna,24.0422,89.5168
Bogra,Sujanagar,33444.0,290.0,3750.0,16100.0,4370.0,0.0,180.0,24690.0,201.0,"Bangladesh Rice Journal 21(2) 2017, 'Diversity of Cropping Pattern in Bogra', doi:10.3329/brj.v21i2.38197",Sujanagar,Pabna,23.8967,89.5127
Bogra,Belkuchi,16254.0,50.0,0.0,10300.0,2440.0,0.0,160.0,12950.0,219.0,"Bangladesh Rice Journal 21(2) 2017, 'Diversity of Cropping Pattern in Bogra', doi:10.3329/brj.v21i2.38197",Belkuchi,Sirajganj,24.2953,89.7021
Bogra,Chowhali,23209.0,10.0,4440.0,4220.0,3940.0,0.0,100.0,12710.0,196.0,"Bangladesh Rice Journal 21(2) 2017, 'Diversity of Cropping Pattern in Bogra', doi:10.3329/brj.v21i2.38197",,,,
Bogra,Kazipur,34763.0,300.0,9280.0,5840.0,7350.0,0.0,130.0,22900.0,190.0,"Bangladesh Rice Journal 21(2) 2017, 'Diversity of Cropping Pattern in Bogra', doi:10.3329/brj.v21i2.38197",Kazipur,Sirajganj,24.6702,89.6872
Bogra,Kamarkhanda,9163.0,120.0,540.0,4220.0,2700.0,0.0,140.0,7720.0,227.0,"Bangladesh Rice Journal 21(2) 2017, 'Diversity of Cropping Pattern in Bogra', doi:10.3329/brj.v21i2.38197",Kamarkhanda,Sirajganj,24.3751,89.6434
Bogra,Raiganj,26667.0,400.0,1100.0,17880.0,2300.0,0.0,120.0,21800.0,203.0,"Bangladesh Rice Journal 21(2) 2017, 'Diversity of Cropping Pattern in Bogra', doi:10.3329/brj.v21i2.38197",Ramganj,Lakshmipur,23.0989,90.8726
Bogra,Shahjadpur,32462.0,10.0,1870.0,16900.0,6000.0,0.0,120.0,24900.0,217.0,"Bangladesh Rice Journal 21(2) 2017, 'Diversity of Cropping Pattern in Bogra', doi:10.3329/brj.v21i2.38197",Shahjadpur,Sirajganj,24.1628,89.6301
Bogra,Sirajganj,30855.0,1500.0,1240.0,16550.0,4220.0,0.0,190.0,23700.0,206.0,"Bangladesh Rice Journal 21(2) 2017, 'Diversity of Cropping Pattern in Bogra', doi:10.3329/brj.v21i2.38197",Sirajganj Sadar,Sirajganj,24.494,89.6885
Bogra,Tarash,29732.0,10.0,3675.0,17635.0,3305.0,0.0,125.0,24750.0,198.0,"Bangladesh Rice Journal 21(2) 2017, 'Diversity of Cropping Pattern in Bogra', doi:10.3329/brj.v21i2.38197",Tarash,Sirajganj,24.4431,89.3581
Bogra,Ullapara,41461.0,40.0,5440.0,18070.0,8390.0,0.0,150.0,32090.0,209.0,"Bangladesh Rice Journal 21(2) 2017, 'Diversity of Cropping Pattern in Bogra', doi:10.3329/brj.v21i2.38197",Ullah Para,Sirajganj,24.3273,89.5181
Comilla,Akhaura,9888.0,20.0,1940.0,4100.0,320.0,0.0,90.0,6470.0,174.0,"Bangladesh Rice Journal 21(2) 2017, 'Crop Diversity and Cropping Patterns of Comilla Region', doi:10.3329/brj.v21i2.38198",Akhaura,Brahamanbaria,23.8386,91.1951
Comilla,Ashuganj,6759.0,20.0,300.0,3650.0,1050.0,0.0,80.0,5100.0,215.0,"Bangladesh Rice Journal 21(2) 2017, 'Crop Diversity and Cropping Patterns of Comilla Region', doi:10.3329/brj.v21i2.38198",Ashuganj,Brahamanbaria,24.0158,91.0184
Comilla,B.Baria,23744.0,10.0,4800.0,8280.0,1820.0,50.0,140.0,15100.0,181.0,"Bangladesh Rice Journal 21(2) 2017, 'Crop Diversity and Cropping Patterns of Comilla Region', doi:10.3329/brj.v21i2.38198",Brahmanbaria Sadar,Brahamanbaria,23.9506,91.119
Comilla,Bijoynagar,22007.0,70.0,8500.0,5630.0,350.0,0.0,120.0,14670.0,144.0,"Bangladesh Rice Journal 21(2) 2017, 'Crop Diversity and Cropping Patterns of Comilla Region', doi:10.3329/brj.v21i2.38198",Bijoynagar,Brahamanbaria,23.9944,91.2282
Comilla,Bancharampur,21738.0,20.0,8060.0,5580.0,0.0,0.0,110.0,13770.0,141.0,"Bangladesh Rice Journal 21(2) 2017, 'Crop Diversity and Cropping Patterns of Comilla Region', doi:10.3329/brj.v21i2.38198",Banchharampur,Brahamanbaria,23.7801,90.807
Comilla,Kasba,21000.0,110.0,3500.0,8800.0,2830.0,0.0,120.0,15360.0,195.0,"Bangladesh Rice Journal 21(2) 2017, 'Crop Diversity and Cropping Patterns of Comilla Region', doi:10.3329/brj.v21i2.38198",Kasba,Brahamanbaria,23.763,91.1303
Comilla,Nabinagar,35750.0,20.0,10900.0,12340.0,3000.0,0.0,160.0,26420.0,170.0,"Bangladesh Rice Journal 21(2) 2017, 'Crop Diversity and Cropping Patterns of Comilla Region', doi:10.3329/brj.v21i2.38198",Nabinagar,Brahamanbaria,23.8635,90.9804
Comilla,Nasirnagar,30262.0,10.0,12260.0,12820.0,870.0,0.0,100.0,26060.0,156.0,"Bangladesh Rice Journal 21(2) 2017, 'Crop Diversity and Cropping Patterns of Comilla Region', doi:10.3329/brj.v21i2.38198",Nasirnagar,Brahamanbaria,24.1822,91.1875
Comilla,Sarail,21527.0,10.0,9500.0,6190.0,680.0,0.0,120.0,16500.0,146.0,"Bangladesh Rice Journal 21(2) 2017, 'Crop Diversity and Cropping Patterns of Comilla Region', doi:10.3329/brj.v21i2.38198",Sarail,Brahamanbaria,24.1032,91.1122
Comilla,Chandpur,30880.0,130.0,4220.0,6900.0,400.0,0.0,80.0,11730.0,166.0,"Bangladesh Rice Journal 21(2) 2017, 'Crop Diversity and Cropping Patterns of Comilla Region', doi:10.3329/brj.v21i2.38198",Chandpur Sadar,Chandpur,23.227,90.6908
Comilla,Faridganj,23150.0,200.0,2820.0,8070.0,580.0,40.0,190.0,11900.0,180.0,"Bangladesh Rice Journal 21(2) 2017, 'Crop Diversity and Cropping Patterns of Comilla Region', doi:10.3329/brj.v21i2.38198",Faridganj,Chandpur,23.1462,90.7609
Comilla,Haimchar,17400.0,230.0,1040.0,1930.0,1640.0,0.0,140.0,4980.0,208.0,"Bangladesh Rice Journal 21(2) 2017, 'Crop Diversity and Cropping Patterns of Comilla Region', doi:10.3329/brj.v21i2.38198",Haim Char,Chandpur,23.0727,90.6618
Comilla,Hajiganj,18991.0,40.0,9000.0,2610.0,250.0,0.0,140.0,12040.0,126.0,"Bangladesh Rice Journal 21(2) 2017, 'Crop Diversity and Cropping Patterns of Comilla Region', doi:10.3329/brj.v21i2.38198",Hajiganj,Chandpur,23.263,90.8372
Comilla,Kachua,24725.0,10.0,1300.0,10480.0,4760.0,0.0,150.0,16700.0,221.0,"Bangladesh Rice Journal 21(2) 2017, 'Crop Diversity and Cropping Patterns of Comilla Region', doi:10.3329/brj.v21i2.38198",Kachua,Chandpur,23.3627,90.8817
Comilla,Matlab.N,27760.0,300.0,1120.0,6720.0,6540.0,80.0,120.0,14880.0,236.0,"Bangladesh Rice Journal 21(2) 2017, 'Crop Diversity and Cropping Patterns of Comilla Region', doi:10.3329/brj.v21i2.38198",Matlab Uttar,Chandpur,23.4145,90.642
Comilla,Matlab.S,13175.0,20.0,2900.0,6060.0,10.0,0.0,110.0,9100.0,168.0,"Bangladesh Rice Journal 21(2) 2017, 'Crop Diversity and Cropping Patterns of Comilla Region', doi:10.3329/brj.v21i2.38198",Matlab Dakshin,Chandpur,23.3501,90.7475
Comilla,Shaharasti,15400.0,15.0,1700.0,7430.0,1300.0,30.0,175.0,10650.0,197.0,"Bangladesh Rice Journal 21(2) 2017, 'Crop Diversity and Cropping Patterns of Comilla Region', doi:10.3329/brj.v21i2.38198",Shahrasti,Chandpur,23.2087,90.9569
Comilla,Barura,24165.0,170.0,0.0,1460.0,14290.0,450.0,100.0,16470.0,292.0,"Bangladesh Rice Journal 21(2) 2017, 'Crop Diversity and Cropping Patterns of Comilla Region', doi:10.3329/brj.v21i2.38198",Barura,Comilla,23.3557,91.0394
Comilla,Brahmanpara,12850.0,10.0,1870.0,3640.0,3870.0,0.0,110.0,9500.0,221.0,"Bangladesh Rice Journal 21(2) 2017, 'Crop Diversity and Cropping Patterns of Comilla Region', doi:10.3329/brj.v21i2.38198",Brahman Para,Comilla,23.6452,91.0966
Comilla,Burichang,16376.0,30.0,200.0,5880.0,5300.0,0.0,110.0,11520.0,244.0,"Bangladesh Rice Journal 21(2) 2017, 'Crop Diversity and Cropping Patterns of Comilla Region', doi:10.3329/brj.v21i2.38198",Burichang,Comilla,23.5337,91.117
Comilla,Chauddagram,27730.0,30.0,3730.0,12980.0,1610.0,10.0,120.0,18480.0,188.0,"Bangladesh Rice Journal 21(2) 2017, 'Crop Diversity and Cropping Patterns of Comilla Region', doi:10.3329/brj.v21i2.38198",Chauddagram,Comilla,23.2203,91.2804
Comilla,Chandina,19804.0,80.0,760.0,4785.0,6205.0,340.0,110.0,12280.0,250.0,"Bangladesh Rice Journal 21(2) 2017, 'Crop Diversity and Cropping Patterns of Comilla Region', doi:10.3329/brj.v21i2.38198",Chandina,Comilla,23.4459,90.9465
Comilla,Com.Adarsha,12269.0,10.0,5120.0,2130.0,0.0,0.0,100.0,7360.0,129.0,"Bangladesh Rice Journal 21(2) 2017, 'Crop Diversity and Cropping Patterns of Comilla Region', doi:10.3329/brj.v21i2.38198",Comilla Adarsha Sadar,Comilla,23.4699,91.1712
Comilla,Com.South,24073.0,80.0,600.0,9120.0,6600.0,450.0,130.0,16980.0,240.0,"Bangladesh Rice Journal 21(2) 2017, 'Crop Diversity and Cropping Patterns of Comilla Region', doi:10.3329/brj.v21i2.38198",,,,
Comilla,Daudkandi,21021.0,180.0,8200.0,6030.0,230.0,0.0,140.0,14780.0,144.0,"Bangladesh Rice Journal 21(2) 2017, 'Crop Diversity and Cropping Patterns of Comilla Region', doi:10.3329/brj.v21i2.38198",Daudkandi,Comilla,23.5027,90.7731
Comilla,Debidwar,23836.0,100.0,525.0,4435.0,10050.0,270.0,120.0,15500.0,265.0,"Bangladesh Rice Journal 21(2) 2017, 'Crop Diversity and Cropping Patterns of Comilla Region', doi:10.3329/brj.v21i2.38198",Debidwar,Comilla,23.5783,90.9979
Comilla,Homna,13279.0,50.0,2500.0,7045.0,210.0,0.0,95.0,9900.0,176.0,"Bangladesh Rice Journal 21(2) 2017, 'Crop Diversity and Cropping Patterns of Comilla Region', doi:10.3329/brj.v21i2.38198",Homna,Comilla,23.6791,90.8128
Comilla,Nangolkot,22595.0,20.0,1900.0,7400.0,5160.0,750.0,90.0,15320.0,231.0,"Bangladesh Rice Journal 21(2) 2017, 'Crop Diversity and Cropping Patterns of Comilla Region', doi:10.3329/brj.v21i2.38198",Nangalkot,Comilla,23.1401,91.2093
Comilla,Laksam,15652.0,20.0,4310.0,980.0,4780.0,30.0,100.0,10220.0,205.0,"Bangladesh Rice Journal 21(2) 2017, 'Crop Diversity and Cropping Patterns of Comilla Region', doi:10.3329/brj.v21i2.38198",Laksam,Comilla,23.2388,91.1053
Comilla,Meghna,9455.0,10.0,2100.0,4860.0,0.0,0.0,130.0,7100.0,170.0,"Bangladesh Rice Journal 21(2) 2017, 'Crop Diversity and Cropping Patterns of Comilla Region', doi:10.3329/brj.v21i2.38198",Meghna,Comilla,23.6248,90.6909
Comilla,Monoharganj,15940.0,30.0,6260.0,3915.0,115.0,0.0,110.0,10430.0,140.0,"Bangladesh Rice Journal 21(2) 2017, 'Crop Diversity and Cropping Patterns of Comilla Region', doi:10.3329/brj.v21i2.38198",Manoharganj,Comilla,23.1402,91.067
Comilla,Muradnagar,34093.0,150.0,2630.0,15870.0,4980.0,0.0,120.0,23750.0,209.0,"Bangladesh Rice Journal 21(2) 2017, 'Crop Diversity and Cropping Patterns of Comilla Region', doi:10.3329/brj.v21i2.38198",Muradnagar,Comilla,23.6776,90.9437
Comilla,Titas,11465.0,10.0,4970.0,2010.0,150.0,0.0,170.0,7310.0,132.0,"Bangladesh Rice Journal 21(2) 2017, 'Crop Diversity and Cropping Patterns of Comilla Region', doi:10.3329/brj.v21i2.38198",Titas,Comilla,23.5897,90.797
Chittagong,Anwara,16413.0,40.0,1520.0,4210.0,2540.0,0.0,130.0,8440.0,212.0,"Bangladesh Rice Journal 21(2) 2017, 'Diversity of Cropping Systems in Chittagong Region', doi:10.3329/brj.v21i2.38199",Anowara,Chittagong,22.2026,91.8812
Chittagong,Banshkhali,39000.0,680.0,2890.0,9550.0,4520.0,0.0,140.0,17780.0,205.0,"Bangladesh Rice Journal 21(2) 2017, 'Diversity of Cropping Systems in Chittagong Region', doi:10.3329/brj.v21i2.38199",Banshkhali,Chittagong,22.0147,91.9402
Chittagong,Boalkhali,13753.0,10.0,2600.0,3270.0,200.0,0.0,130.0,6210.0,160.0,"Bangladesh Rice Journal 21(2) 2017, 'Diversity of Cropping Systems in Chittagong Region', doi:10.3329/brj.v21i2.38199",Boalkhali,Chittagong,22.377,91.9701
Chittagong,Chandanaish,20199.0,410.0,2230.0,3190.0,3910.0,0.0,120.0,9860.0,213.0,"Bangladesh Rice Journal 21(2) 2017, 'Diversity of Cropping Systems in Chittagong Region', doi:10.3329/brj.v21i2.38199",Chandanaish,Chittagong,22.2122,92.0635
Chittagong,Fatikchhari,75676.0,660.0,12010.0,8950.0,300.0,0.0,140.0,22060.0,144.0,"Bangladesh Rice Journal 21(2) 2017, 'Diversity of Cropping Systems in Chittagong Region', doi:10.3329/brj.v21i2.38199",Fatikchhari,Chittagong,22.7563,91.7472
Chittagong,Hathazari,25506.0,670.0,3100.0,6450.0,0.0,0.0,100.0,10320.0,163.0,"Bangladesh Rice Journal 21(2) 2017, 'Diversity of Cropping Systems in Chittagong Region', doi:10.3329/brj.v21i2.38199",Hathazari,Chittagong,22.5287,91.7971
Chittagong,Lohagara,25887.0,150.0,2200.0,8170.0,300.0,0.0,130.0,10950.0,181.0,"Bangladesh Rice Journal 21(2) 2017, 'Diversity of Cropping Systems in Chittagong Region', doi:10.3329/brj.v21i2.38199",Lohagara,Chittagong,21.9862,92.111
Chittagong,Mirsharai,48800.0,110.0,10800.0,3590.0,8550.0,0.0,110.0,23160.0,190.0,"Bangladesh Rice Journal 21(2) 2017, 'Diversity of Cropping Systems in Chittagong Region', doi:10.3329/brj.v21i2.38199",Mirsharai,Chittagong,22.81,91.5502
Chittagong,Patiya,31647.0,180.0,6350.0,4470.0,2550.0,0.0,130.0,13680.0,171.0,"Bangladesh Rice Journal 21(2) 2017, 'Diversity of Cropping Systems in Chittagong Region', doi:10.3329/brj.v21i2.38199",Patiya,Chittagong,22.292,91.964
Chittagong,Rngunia,34775.0,300.0,6100.0,10780.0,1200.0,0.0,120.0,18500.0,172.0,"Bangladesh Rice Journal 21(2) 2017, 'Diversity of Cropping Systems in Chittagong Region', doi:10.3329/brj.v21i2.38199",Rangunia,Chittagong,22.465,92.0666
Chittagong,Rauzan,24300.0,60.0,4000.0,7700.0,520.0,0.0,130.0,12410.0,171.0,"Bangladesh Rice Journal 21(2) 2017, 'Diversity of Cropping Systems in Chittagong Region', doi:10.3329/brj.v21i2.38199",Raozan,Chittagong,22.5208,91.917
Chittagong,Sandwip,38800.0,1490.0,12270.0,3910.0,6445.0,0.0,125.0,24240.0,170.0,"Bangladesh Rice Journal 21(2) 2017, 'Diversity of Cropping Systems in Chittagong Region', doi:10.3329/brj.v21i2.38199",Sandwip,Chittagong,22.4912,91.491
Chittagong,Satkania,28240.0,220.0,2800.0,8890.0,710.0,0.0,100.0,12720.0,182.0,"Bangladesh Rice Journal 21(2) 2017, 'Diversity of Cropping Systems in Chittagong Region', doi:10.3329/brj.v21i2.38199",Satkania,Chittagong,22.1045,92.0605
Chittagong,Sitakunda,48400.0,200.0,1350.0,5100.0,3040.0,0.0,110.0,9800.0,215.0,"Bangladesh Rice Journal 21(2) 2017, 'Diversity of Cropping Systems in Chittagong Region', doi:10.3329/brj.v21i2.38199",Sitakunda,Chittagong,22.5588,91.6828
Chittagong,Chakaria,50300.0,370.0,900.0,12270.0,7810.0,50.0,170.0,21570.0,231.0,"Bangladesh Rice Journal 21(2) 2017, 'Diversity of Cropping Systems in Chittagong Region', doi:10.3329/brj.v21i2.38199",Chakaria,Cox's Bazar,21.7402,92.0524
Chittagong,CoxBazar,19965.0,440.0,550.0,8605.0,210.0,0.0,135.0,9940.0,192.0,"Bangladesh Rice Journal 21(2) 2017, 'Diversity of Cropping Systems in Chittagong Region', doi:10.3329/brj.v21i2.38199",Cox's Bazar Sadar,Cox's Bazar,21.5056,92.0347
Chittagong,Kutubdia,15102.0,0.0,150.0,400.0,2755.0,0.0,95.0,3400.0,279.0,"Bangladesh Rice Journal 21(2) 2017, 'Diversity of Cropping Systems in Chittagong Region', doi:10.3329/brj.v21i2.38199",Kutubdia,Cox's Bazar,21.8378,91.8625
Chittagong,Maheskhali,38850.0,1610.0,1110.0,7510.0,10.0,0.0,120.0,10360.0,174.0,"Bangladesh Rice Journal 21(2) 2017, 'Diversity of Cropping Systems in Chittagong Region', doi:10.3329/brj.v21i2.38199",Maheshkhali,Cox's Bazar,21.6094,91.9218
Chittagong,Pekua,13968.0,50.0,0.0,4695.0,3125.0,0.0,180.0,8050.0,239.0,"Bangladesh Rice Journal 21(2) 2017, 'Diversity of Cropping Systems in Chittagong Region', doi:10.3329/brj.v21i2.38199",Pekua,Cox's Bazar,21.8182,91.9527
Chittagong,Ramu,39171.0,150.0,940.0,8950.0,315.0,0.0,145.0,10500.0,193.0,"Bangladesh Rice Journal 21(2) 2017, 'Diversity of Cropping Systems in Chittagong Region', doi:10.3329/brj.v21i2.38199",Ramu,Cox's Bazar,21.4408,92.1211
Chittagong,Teknaf,34938.0,520.0,8000.0,2630.0,200.0,0.0,120.0,11470.0,127.0,"Bangladesh Rice Journal 21(2) 2017, 'Diversity of Cropping Systems in Chittagong Region', doi:10.3329/brj.v21i2.38199",Teknaf,Cox's Bazar,20.9961,92.2224
Chittagong,Ukhia,26180.0,690.0,1600.0,7620.0,50.0,0.0,130.0,10090.0,178.0,"Bangladesh Rice Journal 21(2) 2017, 'Diversity of Cropping Systems in Chittagong Region', doi:10.3329/brj.v21i2.38199",Ukhia,Cox's Bazar,21.2295,92.1159
Chittagong,Chhagalnaiya,13579.0,70.0,2600.0,7725.0,50.0,0.0,125.0,10570.0,175.0,"Bangladesh Rice Journal 21(2) 2017, 'Diversity of Cropping Systems in Chittagong Region', doi:10.3329/brj.v21i2.38199",Chhagalnaiya,Feni,23.017,91.507
Chittagong,Dagonbhuiyan,14771.0,50.0,3250.0,6130.0,700.0,0.0,120.0,10250.0,174.0,"Bangladesh Rice Journal 21(2) 2017, 'Diversity of Cropping Systems in Chittagong Region', doi:10.3329/brj.v21i2.38199",Daganbhuiyan,Feni,22.9706,91.2997
Chittagong,Feni,31680.0,50.0,1000.0,14270.0,1350.0,0.0,130.0,16800.0,202.0,"Bangladesh Rice Journal 21(2) 2017, 'Diversity of Cropping Systems in Chittagong Region', doi:10.3329/brj.v21i2.38199",Feni Sadar,Feni,22.99,91.4159
Chittagong,Fulgazi,10492.0,30.0,1800.0,5210.0,0.0,0.0,90.0,7130.0,174.0,"Bangladesh Rice Journal 21(2) 2017, 'Diversity of Cropping Systems in Chittagong Region', doi:10.3329/brj.v21i2.38199",Fulgazi,Feni,23.118,91.4425
Chittagong,Parshuram,9918.0,60.0,2050.0,4290.0,160.0,0.0,100.0,6660.0,170.0,"Bangladesh Rice Journal 21(2) 2017, 'Diversity of Cropping Systems in Chittagong Region', doi:10.3329/brj.v21i2.38199",Parshuram,Feni,23.2013,91.4397
Chittagong,Sonagazi,28500.0,20.0,5600.0,12160.0,2550.0,0.0,190.0,20520.0,185.0,"Bangladesh Rice Journal 21(2) 2017, 'Diversity of Cropping Systems in Chittagong Region', doi:10.3329/brj.v21i2.38199",Sonagazi,Feni,22.8655,91.395
Chittagong,Kamalnagar,31500.0,80.0,0.0,3450.0,18000.0,0.0,150.0,21680.0,283.0,"Bangladesh Rice Journal 21(2) 2017, 'Diversity of Cropping Systems in Chittagong Region', doi:10.3329/brj.v21i2.38199",Kamalnagar,Lakshmipur,22.7677,90.8653
Chittagong,Lakshmipur,48845.0,70.0,2000.0,19450.0,4450.0,0.0,150.0,26120.0,209.0,"Bangladesh Rice Journal 21(2) 2017, 'Diversity of Cropping Systems in Chittagong Region', doi:10.3329/brj.v21i2.38199",Lakshmipur Sadar,Lakshmipur,22.9239,90.8684
Chittagong,Ramganj,16932.0,50.0,3950.0,6590.0,590.0,0.0,120.0,11300.0,169.0,"Bangladesh Rice Journal 21(2) 2017, 'Diversity of Cropping Systems in Chittagong Region', doi:10.3329/brj.v21i2.38199",Ramganj,Lakshmipur,23.0989,90.8726
Chittagong,Ramgati,37500.0,100.0,150.0,4020.0,19650.0,0.0,280.0,24200.0,281.0,"Bangladesh Rice Journal 21(2) 2017, 'Diversity of Cropping Systems in Chittagong Region', doi:10.3329/brj.v21i2.38199",Ramgati,Lakshmipur,22.6654,90.9468
Chittagong,Raipur,26260.0,100.0,300.0,12700.0,2745.0,450.0,305.0,16600.0,220.0,"Bangladesh Rice Journal 21(2) 2017, 'Diversity of Cropping Systems in Chittagong Region', doi:10.3329/brj.v21i2.38199",,,,
Chittagong,Begumganj,23766.0,20.0,15000.0,1300.0,0.0,0.0,100.0,16420.0,108.0,"Bangladesh Rice Journal 21(2) 2017, 'Diversity of Cropping Systems in Chittagong Region', doi:10.3329/brj.v21i2.38199",Begumganj,Noakhali,22.9306,91.0952
Chittagong,Chatkhil,13395.0,80.0,7870.0,160.0,40.0,0.0,80.0,8230.0,103.0,"Bangladesh Rice Journal 21(2) 2017, 'Diversity of Cropping Systems in Chittagong Region', doi:10.3329/brj.v21i2.38199",Chatkhil,Noakhali,23.0538,90.9639
Chittagong,Companiganj,32400.0,50.0,8200.0,13835.0,305.0,0.0,110.0,22500.0,165.0,"Bangladesh Rice Journal 21(2) 2017, 'Diversity of Cropping Systems in Chittagong Region', doi:10.3329/brj.v21i2.38199",Companiganj,Noakhali,22.7825,91.2735
Chittagong,Hatiya,210137.0,40.0,8000.0,25800.0,21500.0,0.0,150.0,55490.0,224.0,"Bangladesh Rice Journal 21(2) 2017, 'Diversity of Cropping Systems in Chittagong Region', doi:10.3329/brj.v21i2.38199",Hatiya,Noakhali,22.2431,91.1116
Chittagong,Kabirhat,23924.0,30.0,7200.0,4405.0,110.0,0.0,125.0,11870.0,139.0,"Bangladesh Rice Journal 21(2) 2017, 'Diversity of Cropping Systems in Chittagong Region', doi:10.3329/brj.v21i2.38199",Kabirhat,Noakhali,22.8133,91.1999
Chittagong,Noakhali,33621.0,1200.0,7150.0,9750.0,6460.0,0.0,140.0,24700.0,192.0,"Bangladesh Rice Journal 21(2) 2017, 'Diversity of Cropping Systems in Chittagong Region', doi:10.3329/brj.v21i2.38199",Boalkhali,Chittagong,22.377,91.9701
Chittagong,Senbag,15937.0,80.0,1840.0,7760.0,750.0,0.0,150.0,10580.0,189.0,"Bangladesh Rice Journal 21(2) 2017, 'Diversity of Cropping Systems in Chittagong Region', doi:10.3329/brj.v21i2.38199",Senbagh,Noakhali,22.9924,91.2121
Chittagong,Sonaimuri,17353.0,20.0,10350.0,70.0,200.0,0.0,130.0,10770.0,104.0,"Bangladesh Rice Journal 21(2) 2017, 'Diversity of Cropping Systems in Chittagong Region', doi:10.3329/brj.v21i2.38199",Sonaimuri,Noakhali,23.0262,91.0777
Chittagong,Subarnachar,57600.0,20.0,11300.0,21670.0,4850.0,0.0,130.0,37970.0,183.0,"Bangladesh Rice Journal 21(2) 2017, 'Diversity of Cropping Systems in Chittagong Region', doi:10.3329/brj.v21i2.38199",Subarnachar,Noakhali,22.637,91.1277
Dhaka,Dhamrai,30740.0,100.0,500.0,15580.0,5910.0,0.0,110.0,22200.0,224.0,"Bangladesh Rice Journal 21(2) 2017, 'Cropping Pattern, Intensity and Diversity in Dhaka Region', doi:10.3329/brj.v21i2.38200",Dhamrai,Dhaka,23.9371,90.1414
Dhaka,Dohar,12169.0,30.0,3040.0,2130.0,770.0,0.0,160.0,6130.0,161.0,"Bangladesh Rice Journal 21(2) 2017, 'Cropping Pattern, Intensity and Diversity in Dhaka Region', doi:10.3329/brj.v21i2.38200",Dohar,Dhaka,23.6009,90.1093
Dhaka,Keraniganj,16697.0,530.0,1200.0,4530.0,2900.0,0.0,170.0,9330.0,213.0,"Bangladesh Rice Journal 21(2) 2017, 'Cropping Pattern, Intensity and Diversity in Dhaka Region', doi:10.3329/brj.v21i2.38200",Keraniganj,Dhaka,23.6935,90.3443
Dhaka,Nawabganj,24481.0,20.0,6830.0,6520.0,2840.0,0.0,110.0,16320.0,175.0,"Bangladesh Rice Journal 21(2) 2017, 'Cropping Pattern, Intensity and Diversity in Dhaka Region', doi:10.3329/brj.v21i2.38200",Nawabganj,Dhaka,23.6735,90.1608
Dhaka,Savar,28013.0,60.0,6400.0,4230.0,3310.0,0.0,160.0,14160.0,178.0,"Bangladesh Rice Journal 21(2) 2017, 'Cropping Pattern, Intensity and Diversity in Dhaka Region', doi:10.3329/brj.v21i2.38200",Savar,Dhaka,23.8811,90.2807
Dhaka,Gazipur sadar,43363.0,2000.0,4900.0,8665.0,3170.0,0.0,165.0,18900.0,180.0,"Bangladesh Rice Journal 21(2) 2017, 'Cropping Pattern, Intensity and Diversity in Dhaka Region', doi:10.3329/brj.v21i2.38200",Gazipur Sadar,Gazipur,24.0141,90.3962
Dhaka,Kapasia,35698.0,3500.0,5700.0,9150.0,1140.0,0.0,110.0,19600.0,159.0,"Bangladesh Rice Journal 21(2) 2017, 'Cropping Pattern, Intensity and Diversity in Dhaka Region', doi:10.3329/brj.v21i2.38200",Kapasia,Gazipur,24.1472,90.5999
Dhaka,Kaliakair,31114.0,690.0,5285.0,5520.0,1680.0,0.0,165.0,13340.0,167.0,"Bangladesh Rice Journal 21(2) 2017, 'Cropping Pattern, Intensity and Diversity in Dhaka Region', doi:10.3329/brj.v21i2.38200",Kaliakair,Gazipur,24.1033,90.2645
Dhaka,Kaliganj,2153.0,360.0,6950.0,3870.0,1150.0,0.0,130.0,12460.0,150.0,"Bangladesh Rice Journal 21(2) 2017, 'Cropping Pattern, Intensity and Diversity in Dhaka Region', doi:10.3329/brj.v21i2.38200",Kaliganj,Gazipur,23.9642,90.5549
Dhaka,Sreepur,46294.0,970.0,10940.0,7890.0,1110.0,0.0,160.0,21070.0,148.0,"Bangladesh Rice Journal 21(2) 2017, 'Cropping Pattern, Intensity and Diversity in Dhaka Region', doi:10.3329/brj.v21i2.38200",Sreepur,Gazipur,24.2052,90.4431
Dhaka,Daulatpur,21031.0,40.0,2830.0,9340.0,1930.0,0.0,100.0,14240.0,193.0,"Bangladesh Rice Journal 21(2) 2017, 'Cropping Pattern, Intensity and Diversity in Dhaka Region', doi:10.3329/brj.v21i2.38200",Daulatpur,Manikganj,23.9558,89.7977
Dhaka,Ghior,14601.0,520.0,1130.0,6820.0,1780.0,0.0,120.0,10370.0,201.0,"Bangladesh Rice Journal 21(2) 2017, 'Cropping Pattern, Intensity and Diversity in Dhaka Region', doi:10.3329/brj.v21i2.38200",Ghior,Manikganj,23.8732,89.9046
Dhaka,Harirampur,24542.0,90.0,4590.0,7890.0,1600.0,0.0,110.0,14280.0,178.0,"Bangladesh Rice Journal 21(2) 2017, 'Cropping Pattern, Intensity and Diversity in Dhaka Region', doi:10.3329/brj.v21i2.38200",Harirampur,Manikganj,23.7242,89.9478
Dhaka,Manikgnj sadar,21515.0,320.0,230.0,12790.0,3770.0,0.0,110.0,17220.0,219.0,"Bangladesh Rice Journal 21(2) 2017, 'Cropping Pattern, Intensity and Diversity in Dhaka Region', doi:10.3329/brj.v21i2.38200",Manikganj Sadar,Manikganj,23.8357,90.0305
Dhaka,Saturia,14009.0,160.0,350.0,4670.0,4150.0,0.0,130.0,9460.0,239.0,"Bangladesh Rice Journal 21(2) 2017, 'Cropping Pattern, Intensity and Diversity in Dhaka Region', doi:10.3329/brj.v21i2.38200",Saturia,Manikganj,23.9575,90.0016
Dhaka,Shibalaya,19910.0,100.0,1900.0,5000.0,4500.0,0.0,100.0,11600.0,222.0,"Bangladesh Rice Journal 21(2) 2017, 'Cropping Pattern, Intensity and Diversity in Dhaka Region', doi:10.3329/brj.v21i2.38200",Shibalaya,Manikganj,23.8383,89.8102
Dhaka,Singair,21765.0,1120.0,470.0,7560.0,6950.0,0.0,120.0,16220.0,233.0,"Bangladesh Rice Journal 21(2) 2017, 'Cropping Pattern, Intensity and Diversity in Dhaka Region', doi:10.3329/brj.v21i2.38200",Singair,Manikganj,23.7834,90.1543
Dhaka,Gazaria,13092.0,40.0,2820.0,3170.0,0.0,0.0,110.0,6140.0,153.0,"Bangladesh Rice Journal 21(2) 2017, 'Cropping Pattern, Intensity and Diversity in Dhaka Region', doi:10.3329/brj.v21i2.38200",Gazaria,Munshiganj,23.5472,90.6297
Dhaka,Lohajang,13012.0,10.0,3230.0,4790.0,150.0,0.0,120.0,8300.0,162.0,"Bangladesh Rice Journal 21(2) 2017, 'Cropping Pattern, Intensity and Diversity in Dhaka Region', doi:10.3329/brj.v21i2.38200",Lohajang,Munshiganj,23.4706,90.3413
Dhaka,sadar,20719.0,30.0,920.0,9450.0,570.0,0.0,130.0,11100.0,197.0,"Bangladesh Rice Journal 21(2) 2017, 'Cropping Pattern, Intensity and Diversity in Dhaka Region', doi:10.3329/brj.v21i2.38200",Savar,Dhaka,23.8811,90.2807
Dhaka,Sreenagar,19239.0,30.0,9300.0,3000.0,0.0,0.0,100.0,12430.0,124.0,"Bangladesh Rice Journal 21(2) 2017, 'Cropping Pattern, Intensity and Diversity in Dhaka Region', doi:10.3329/brj.v21i2.38200",Sreenagar,Munshiganj,23.547,90.2632
Dhaka,Serajdikhan,18000.0,30.0,1200.0,9550.0,2800.0,0.0,150.0,13730.0,212.0,"Bangladesh Rice Journal 21(2) 2017, 'Cropping Pattern, Intensity and Diversity in Dhaka Region', doi:10.3329/brj.v21i2.38200",Serajdikhan,Munshiganj,23.5978,90.3563
Dhaka,Tungibari,15002.0,50.0,200.0,9320.0,350.0,0.0,180.0,10100.0,201.0,"Bangladesh Rice Journal 21(2) 2017, 'Cropping Pattern, Intensity and Diversity in Dhaka Region', doi:10.3329/brj.v21i2.38200",Tongibari,Munshiganj,23.4761,90.4527
Dhaka,Araihazar,18335.0,20.0,3350.0,8400.0,1460.0,0.0,140.0,13370.0,186.0,"Bangladesh Rice Journal 21(2) 2017, 'Cropping Pattern, Intensity and Diversity in Dhaka Region', doi:10.3329/brj.v21i2.38200",Araihazar,Narayanganj,23.761,90.6689
Dhaka,Bandar,5439.0,30.0,2120.0,950.0,300.0,0.0,80.0,3480.0,146.0,"Bangladesh Rice Journal 21(2) 2017, 'Cropping Pattern, Intensity and Diversity in Dhaka Region', doi:10.3329/brj.v21i2.38200",Bandar,Narayanganj,23.6377,90.5378
Dhaka,Nrayangnj sadar,10080.0,20.0,300.0,2710.0,550.0,0.0,40.0,3620.0,206.0,"Bangladesh Rice Journal 21(2) 2017, 'Cropping Pattern, Intensity and Diversity in Dhaka Region', doi:10.3329/brj.v21i2.38200",Narayanganj Sadar,Narayanganj,23.6275,90.4811
Dhaka,Rupganj,17908.0,100.0,6540.0,3470.0,100.0,0.0,90.0,10300.0,136.0,"Bangladesh Rice Journal 21(2) 2017, 'Cropping Pattern, Intensity and Diversity in Dhaka Region', doi:10.3329/brj.v21i2.38200",Rupganj,Narayanganj,23.8128,90.5388
Dhaka,Sonargaon,17166.0,10.0,6470.0,2370.0,0.0,0.0,60.0,8910.0,127.0,"Bangladesh Rice Journal 21(2) 2017, 'Cropping Pattern, Intensity and Diversity in Dhaka Region', doi:10.3329/brj.v21i2.38200",Sonargaon,Narayanganj,23.6756,90.5933
Dhaka,Belabo,11800.0,250.0,500.0,4850.0,3050.0,0.0,100.0,8750.0,227.0,"Bangladesh Rice Journal 21(2) 2017, 'Cropping Pattern, Intensity and Diversity in Dhaka Region', doi:10.3329/brj.v21i2.38200",Belabo,Narsingdi,24.0986,90.8493
Dhaka,Monohardi,19260.0,1500.0,400.0,8400.0,1360.0,0.0,140.0,11800.0,195.0,"Bangladesh Rice Journal 21(2) 2017, 'Cropping Pattern, Intensity and Diversity in Dhaka Region', doi:10.3329/brj.v21i2.38200",Manohardi,Narsingdi,24.1607,90.7304
Dhaka,Narsingdi sadar,21344.0,240.0,6000.0,4000.0,1360.0,0.0,140.0,11740.0,158.0,"Bangladesh Rice Journal 21(2) 2017, 'Cropping Pattern, Intensity and Diversity in Dhaka Region', doi:10.3329/brj.v21i2.38200",Narsingdi Sadar,Narsingdi,23.8667,90.7082
Dhaka,Palash,9013.0,430.0,800.0,3010.0,600.0,0.0,90.0,4930.0,187.0,"Bangladesh Rice Journal 21(2) 2017, 'Cropping Pattern, Intensity and Diversity in Dhaka Region', doi:10.3329/brj.v21i2.38200",Palash,Narsingdi,23.9538,90.6494
Dhaka,Raipur,31255.0,10.0,12000.0,8670.0,2010.0,0.0,110.0,22800.0,156.0,"Bangladesh Rice Journal 21(2) 2017, 'Cropping Pattern, Intensity and Diversity in Dhaka Region', doi:10.3329/brj.v21i2.38200",,,,
Dhaka,Shibpur,20586.0,420.0,900.0,9290.0,1460.0,0.0,150.0,12220.0,201.0,"Bangladesh Rice Journal 21(2) 2017, 'Cropping Pattern, Intensity and Diversity in Dhaka Region', doi:10.3329/brj.v21i2.38200",Shibpur,Narsingdi,24.026,90.7454
Dhaka,Basail,15626.0,50.0,1600.0,6260.0,4750.0,0.0,190.0,12850.0,224.0,"Bangladesh Rice Journal 21(2) 2017, 'Cropping Pattern, Intensity and Diversity in Dhaka Region', doi:10.3329/brj.v21i2.38200",Basail,Tangail,24.2311,90.0394
Dhaka,Bhuanpur,21638.0,300.0,3300.0,7750.0,4640.0,0.0,110.0,16100.0,207.0,"Bangladesh Rice Journal 21(2) 2017, 'Cropping Pattern, Intensity and Diversity in Dhaka Region', doi:10.3329/brj.v21i2.38200",Bhuapur,Tangail,24.4767,89.8143
Dhaka,Delduar,18400.0,150.0,0.0,9820.0,2900.0,0.0,130.0,13000.0,221.0,"Bangladesh Rice Journal 21(2) 2017, 'Cropping Pattern, Intensity and Diversity in Dhaka Region', doi:10.3329/brj.v21i2.38200",Delduar,Tangail,24.142,89.9377
Dhaka,Dhanbari,13020.0,500.0,530.0,8900.0,1300.0,20.0,150.0,11400.0,203.0,"Bangladesh Rice Journal 21(2) 2017, 'Cropping Pattern, Intensity and Diversity in Dhaka Region', doi:10.3329/brj.v21i2.38200",Dhanbari,Tangail,24.6867,89.9333
Dhaka,Ghatail,45171.0,4500.0,1300.0,20930.0,2650.0,0.0,170.0,29550.0,189.0,"Bangladesh Rice Journal 21(2) 2017, 'Cropping Pattern, Intensity and Diversity in Dhaka Region', doi:10.3329/brj.v21i2.38200",Ghatail,Tangail,24.4735,90.0516
Dhaka,Gopalpur,19337.0,10.0,1625.0,9645.0,3345.0,100.0,85.0,14810.0,213.0,"Bangladesh Rice Journal 21(2) 2017, 'Cropping Pattern, Intensity and Diversity in Dhaka Region', doi:10.3329/brj.v21i2.38200",Gopalpur,Tangail,24.572,89.9036
Dhaka,Kalihati,30100.0,260.0,3600.0,11100.0,5560.0,80.0,160.0,20760.0,209.0,"Bangladesh Rice Journal 21(2) 2017, 'Cropping Pattern, Intensity and Diversity in Dhaka Region', doi:10.3329/brj.v21i2.38200",Kalihati,Tangail,24.36,89.9448
Dhaka,Madhupur,37047.0,11000.0,100.0,11590.0,1370.0,0.0,140.0,24200.0,160.0,"Bangladesh Rice Journal 21(2) 2017, 'Cropping Pattern, Intensity and Diversity in Dhaka Region', doi:10.3329/brj.v21i2.38200",Madhupur,Tangail,24.6502,90.0602
Dhaka,Mirzapur,37400.0,740.0,3035.0,17740.0,5220.0,0.0,155.0,26890.0,205.0,"Bangladesh Rice Journal 21(2) 2017, 'Cropping Pattern, Intensity and Diversity in Dhaka Region', doi:10.3329/brj.v21i2.38200",Mirzapur,Tangail,24.1159,90.1072
Dhaka,Nagarpur,26720.0,560.0,70.0,14280.0,6400.0,0.0,150.0,21460.0,227.0,"Bangladesh Rice Journal 21(2) 2017, 'Cropping Pattern, Intensity and Diversity in Dhaka Region', doi:10.3329/brj.v21i2.38200",Nagarpur,Tangail,24.0477,89.8742
Dhaka,Shakhipur,43000.0,1500.0,500.0,15300.0,4535.0,0.0,115.0,21950.0,212.0,"Bangladesh Rice Journal 21(2) 2017, 'Cropping Pattern, Intensity and Diversity in Dhaka Region', doi:10.3329/brj.v21i2.38200",Sakhipur,Tangail,24.3066,90.1728
Dhaka,Tangail sadar,30197.0,680.0,2980.0,11070.0,5150.0,50.0,150.0,20080.0,208.0,"Bangladesh Rice Journal 21(2) 2017, 'Cropping Pattern, Intensity and Diversity in Dhaka Region', doi:10.3329/brj.v21i2.38200",Tangail Sadar,Tangail,24.2564,89.8661
Dinajpur,Birampur,21283.0,50.0,200.0,14450.0,2760.0,0.0,140.0,17600.0,214.0,"Bangladesh Rice Journal 21(2) 2017, 'Crops and Cropping Systems in Dinajpur Region', doi:10.3329/brj.v21i2.38202",Birampur,Dinajpur,25.3791,88.9637
Dinajpur,Birganj,41312.0,300.0,0.0,17510.0,13110.0,0.0,130.0,31050.0,241.0,"Bangladesh Rice Journal 21(2) 2017, 'Crops and Cropping Systems in Dinajpur Region', doi:10.3329/brj.v21i2.38202",Birganj,Dinajpur,25.9279,88.6266
Dinajpur,Biral,35358.0,120.0,150.0,15700.0,14060.0,0.0,190.0,30220.0,246.0,"Bangladesh Rice Journal 21(2) 2017, 'Crops and Cropping Systems in Dinajpur Region', doi:10.3329/brj.v21i2.38202",Biral,Dinajpur,25.6467,88.5477
Dinajpur,Bochaganj,22489.0,530.0,40.0,11730.0,7450.0,200.0,180.0,20130.0,236.0,"Bangladesh Rice Journal 21(2) 2017, 'Crops and Cropping Systems in Dinajpur Region', doi:10.3329/brj.v21i2.38202",Bochaganj,Dinajpur,25.7857,88.4535
Dinajpur,Chirirbandar,31285.0,360.0,0.0,18370.0,4910.0,0.0,120.0,23760.0,219.0,"Bangladesh Rice Journal 21(2) 2017, 'Crops and Cropping Systems in Dinajpur Region', doi:10.3329/brj.v21i2.38202",Chirirbandar,Dinajpur,25.6654,88.7865
Dinajpur,Dinajpur,35447.0,1200.0,0.0,14590.0,11510.0,0.0,150.0,27450.0,238.0,"Bangladesh Rice Journal 21(2) 2017, 'Crops and Cropping Systems in Dinajpur Region', doi:10.3329/brj.v21i2.38202",Dinajpur Sadar,Dinajpur,25.6081,88.6774
Dinajpur,Phulbari,22851.0,50.0,20.0,13800.0,4730.0,0.0,150.0,18750.0,225.0,"Bangladesh Rice Journal 21(2) 2017, 'Crops and Cropping Systems in Dinajpur Region', doi:10.3329/brj.v21i2.38202",Phulbari,Kurigram,25.9481,89.5713
Dinajpur,Ghoraghat,14874.0,65.0,50.0,10245.0,1490.0,0.0,110.0,11960.0,212.0,"Bangladesh Rice Journal 21(2) 2017, 'Crops and Cropping Systems in Dinajpur Region', doi:10.3329/brj.v21i2.38202",Ghoraghat,Dinajpur,25.2844,89.2143
Dinajpur,Hakimpur,9993.0,30.0,0.0,6110.0,2015.0,10.0,115.0,8280.0,225.0,"Bangladesh Rice Journal 21(2) 2017, 'Crops and Cropping Systems in Dinajpur Region', doi:10.3329/brj.v21i2.38202",Hakimpur,Dinajpur,25.2921,89.062
Dinajpur,Kaharol,20555.0,600.0,0.0,13400.0,3800.0,0.0,100.0,17900.0,218.0,"Bangladesh Rice Journal 21(2) 2017, 'Crops and Cropping Systems in Dinajpur Region', doi:10.3329/brj.v21i2.38202",Kaharole,Dinajpur,25.8009,88.5988
Dinajpur,Khansama,17972.0,320.0,150.0,6710.0,7915.0,0.0,125.0,15220.0,249.0,"Bangladesh Rice Journal 21(2) 2017, 'Crops and Cropping Systems in Dinajpur Region', doi:10.3329/brj.v21i2.38202",Khansama,Dinajpur,25.8698,88.7652
Dinajpur,Nawabganj,31754.0,360.0,190.0,22450.0,2800.0,0.0,160.0,25960.0,209.0,"Bangladesh Rice Journal 21(2) 2017, 'Crops and Cropping Systems in Dinajpur Region', doi:10.3329/brj.v21i2.38202",Nawabganj,Dhaka,23.6735,90.1608
Dinajpur,Parbatipur,39510.0,160.0,0.0,23440.0,4800.0,0.0,160.0,28560.0,216.0,"Bangladesh Rice Journal 21(2) 2017, 'Crops and Cropping Systems in Dinajpur Region', doi:10.3329/brj.v21i2.38202",Parbatipur,Dinajpur,25.6188,88.9256
Dinajpur,Atwari,21002.0,400.0,30.0,11680.0,4070.0,0.0,120.0,16300.0,222.0,"Bangladesh Rice Journal 21(2) 2017, 'Crops and Cropping Systems in Dinajpur Region', doi:10.3329/brj.v21i2.38202",Atwari,Panchagarh,26.2496,88.4264
Dinajpur,Boda,34998.0,340.0,250.0,20750.0,1980.0,0.0,120.0,23440.0,206.0,"Bangladesh Rice Journal 21(2) 2017, 'Crops and Cropping Systems in Dinajpur Region', doi:10.3329/brj.v21i2.38202",Boda,Panchagarh,26.2306,88.6127
Dinajpur,Debiganj,30905.0,690.0,1450.0,14690.0,7210.0,0.0,150.0,24190.0,221.0,"Bangladesh Rice Journal 21(2) 2017, 'Crops and Cropping Systems in Dinajpur Region', doi:10.3329/brj.v21i2.38202",Debiganj,Panchagarh,26.1321,88.7194
Dinajpur,Panchagarh,33844.0,640.0,1950.0,18360.0,3420.0,0.0,170.0,24540.0,203.0,"Bangladesh Rice Journal 21(2) 2017, 'Crops and Cropping Systems in Dinajpur Region', doi:10.3329/brj.v21i2.38202",Panchagarh Sadar,Panchagarh,26.3674,88.5818
Dinajpur,Tetulia,18909.0,240.0,450.0,6720.0,6180.0,0.0,150.0,13740.0,240.0,"Bangladesh Rice Journal 21(2) 2017, 'Crops and Cropping Systems in Dinajpur Region', doi:10.3329/brj.v21i2.38202",Tentulia,Panchagarh,26.5134,88.4298
Dinajpur,Baliadangi,28425.0,80.0,1100.0,11120.0,11250.0,0.0,130.0,23680.0,243.0,"Bangladesh Rice Journal 21(2) 2017, 'Crops and Cropping Systems in Dinajpur Region', doi:10.3329/brj.v21i2.38202",Baliadangi,Thakurgaon,26.1085,88.2637
Dinajpur,Haripur,20115.0,160.0,240.0,8470.0,8680.0,0.0,110.0,17660.0,247.0,"Bangladesh Rice Journal 21(2) 2017, 'Crops and Cropping Systems in Dinajpur Region', doi:10.3329/brj.v21i2.38202",Haripur,Thakurgaon,25.8785,88.1549
Dinajpur,Pirganj,35414.0,550.0,300.0,19470.0,9190.0,0.0,140.0,29650.0,228.0,"Bangladesh Rice Journal 21(2) 2017, 'Crops and Cropping Systems in Dinajpur Region', doi:10.3329/brj.v21i2.38202",Pirganj,Rangpur,25.4237,89.2743
Dinajpur,Ranisonkail,28748.0,300.0,30.0,12270.0,11450.0,0.0,150.0,24200.0,246.0,"Bangladesh Rice Journal 21(2) 2017, 'Crops and Cropping Systems in Dinajpur Region', doi:10.3329/brj.v21i2.38202",Ranisankail,Thakurgaon,25.9401,88.2458
Dinajpur,Thakurgaon,68375.0,1700.0,40.0,29030.0,22320.0,0.0,110.0,53200.0,239.0,"Bangladesh Rice Journal 21(2) 2017, 'Crops and Cropping Systems in Dinajpur Region', doi:10.3329/brj.v21i2.38202",Thakurgaon Sadar,Thakurgaon,26.0707,88.4644
Faridpur,Alfadanga,12803.0,90.0,700.0,7310.0,1300.0,0.0,140.0,9540.0,205.0,"Bangladesh Rice Journal 21(2) 2017, 'Diversity of Cropping Patterns and Land Use Practices in Faridpur Region', doi:10.3329/brj.v21i2.38203",Alfadanga,Faridpur,23.2968,89.6699
Faridpur,Bhanga,21640.0,200.0,850.0,8760.0,4480.0,0.0,110.0,14400.0,224.0,"Bangladesh Rice Journal 21(2) 2017, 'Diversity of Cropping Patterns and Land Use Practices in Faridpur Region', doi:10.3329/brj.v21i2.38203",Bhanga,Faridpur,23.3867,90.0098
Faridpur,Boalmari,27203.0,900.0,0.0,12360.0,8100.0,0.0,140.0,21500.0,234.0,"Bangladesh Rice Journal 21(2) 2017, 'Diversity of Cropping Patterns and Land Use Practices in Faridpur Region', doi:10.3329/brj.v21i2.38203",Boalmari,Faridpur,23.4045,89.6971
Faridpur,Charbhadrasan,17377.0,200.0,1460.0,6250.0,260.0,0.0,130.0,8300.0,183.0,"Bangladesh Rice Journal 21(2) 2017, 'Diversity of Cropping Patterns and Land Use Practices in Faridpur Region', doi:10.3329/brj.v21i2.38203",Char Bhadrasan,Faridpur,23.5926,89.978
Faridpur,Faridpur sadar,39623.0,900.0,2620.0,13300.0,7330.0,0.0,150.0,24300.0,216.0,"Bangladesh Rice Journal 21(2) 2017, 'Diversity of Cropping Patterns and Land Use Practices in Faridpur Region', doi:10.3329/brj.v21i2.38203",Faridpur Sadar,Faridpur,23.6048,89.8165
Faridpur,Madhukhali,23018.0,2000.0,845.0,4265.0,8890.0,0.0,100.0,16100.0,237.0,"Bangladesh Rice Journal 21(2) 2017, 'Diversity of Cropping Patterns and Land Use Practices in Faridpur Region', doi:10.3329/brj.v21i2.38203",Madhukhali,Faridpur,23.5409,89.612
Faridpur,Nagarkanda,19314.0,390.0,1700.0,7600.0,3970.0,0.0,130.0,13790.0,214.0,"Bangladesh Rice Journal 21(2) 2017, 'Diversity of Cropping Patterns and Land Use Practices in Faridpur Region', doi:10.3329/brj.v21i2.38203",Nagarkanda,Faridpur,23.4373,89.8944
Faridpur,Sadarpur,28579.0,890.0,100.0,11920.0,6390.0,0.0,140.0,19440.0,228.0,"Bangladesh Rice Journal 21(2) 2017, 'Diversity of Cropping Patterns and Land Use Practices in Faridpur Region', doi:10.3329/brj.v21i2.38203",Sadarpur,Faridpur,23.4959,90.0526
Faridpur,Saltha,18512.0,20.0,255.0,4225.0,8030.0,0.0,90.0,12620.0,262.0,"Bangladesh Rice Journal 21(2) 2017, 'Diversity of Cropping Patterns and Land Use Practices in Faridpur Region', doi:10.3329/brj.v21i2.38203",Saltha,Faridpur,23.42,89.7997
Faridpur,Gopalganj sadar,41375.0,1300.0,17650.0,7460.0,3960.0,0.0,130.0,30500.0,151.0,"Bangladesh Rice Journal 21(2) 2017, 'Diversity of Cropping Patterns and Land Use Practices in Faridpur Region', doi:10.3329/brj.v21i2.38203",Gopalganj Sadar,Gopalganj,23.0604,89.8489
Faridpur,Kasiani,28600.0,300.0,11000.0,8010.0,1500.0,0.0,190.0,21000.0,153.0,"Bangladesh Rice Journal 21(2) 2017, 'Diversity of Cropping Patterns and Land Use Practices in Faridpur Region', doi:10.3329/brj.v21i2.38203",Kashiani,Gopalganj,23.1907,89.7963
Faridpur,Kotalipara,36793.0,50.0,24050.0,3330.0,120.0,0.0,150.0,27700.0,113.0,"Bangladesh Rice Journal 21(2) 2017, 'Diversity of Cropping Patterns and Land Use Practices in Faridpur Region', doi:10.3329/brj.v21i2.38203",Kotali Para,Gopalganj,23.0111,90.0207
Faridpur,Muksudpur,30850.0,100.0,7000.0,12640.0,3390.0,0.0,120.0,23250.0,184.0,"Bangladesh Rice Journal 21(2) 2017, 'Diversity of Cropping Patterns and Land Use Practices in Faridpur Region', doi:10.3329/brj.v21i2.38203",Muksudpur,Gopalganj,23.2667,89.9144
Faridpur,Tungipara,12724.0,40.0,8500.0,1335.0,695.0,0.0,120.0,10690.0,126.0,"Bangladesh Rice Journal 21(2) 2017, 'Diversity of Cropping Patterns and Land Use Practices in Faridpur Region', doi:10.3329/brj.v21i2.38203",Tungi Para,Gopalganj,22.9256,89.9045
Faridpur,Kalkini,28011.0,490.0,8100.0,7330.0,4400.0,0.0,170.0,20490.0,179.0,"Bangladesh Rice Journal 21(2) 2017, 'Diversity of Cropping Patterns and Land Use Practices in Faridpur Region', doi:10.3329/brj.v21i2.38203",Kalkini,Madaripur,23.0709,90.2481
Faridpur,Madaripur sadar,31382.0,410.0,0.0,15670.0,5550.0,0.0,130.0,21760.0,224.0,"Bangladesh Rice Journal 21(2) 2017, 'Diversity of Cropping Patterns and Land Use Practices in Faridpur Region', doi:10.3329/brj.v21i2.38203",Madaripur Sadar,Madaripur,23.1938,90.175
Faridpur,Rajoir,23108.0,130.0,2800.0,11590.0,3070.0,0.0,140.0,17730.0,201.0,"Bangladesh Rice Journal 21(2) 2017, 'Diversity of Cropping Patterns and Land Use Practices in Faridpur Region', doi:10.3329/brj.v21i2.38203",Rajoir,Madaripur,23.2013,90.037
Faridpur,Shibchar,33288.0,10.0,5200.0,10300.0,7750.0,0.0,150.0,23410.0,211.0,"Bangladesh Rice Journal 21(2) 2017, 'Diversity of Cropping Patterns and Land Use Practices in Faridpur Region', doi:10.3329/brj.v21i2.38203",Shib Char,Madaripur,23.3754,90.1742
Faridpur,Baliakandi,22900.0,450.0,720.0,5780.0,8420.0,0.0,180.0,15550.0,247.0,"Bangladesh Rice Journal 21(2) 2017, 'Diversity of Cropping Patterns and Land Use Practices in Faridpur Region', doi:10.3329/brj.v21i2.38203",Balia Kandi,Rajbari,23.6497,89.5507
Faridpur,Goalanda,14987.0,10.0,550.0,7410.0,1000.0,0.0,140.0,9110.0,205.0,"Bangladesh Rice Journal 21(2) 2017, 'Diversity of Cropping Patterns and Land Use Practices in Faridpur Region', doi:10.3329/brj.v21i2.38203",Goalandaghat,Rajbari,23.7564,89.7661
Faridpur,Kalukhali,17066.0,300.0,1500.0,4870.0,5570.0,0.0,160.0,12400.0,231.0,"Bangladesh Rice Journal 21(2) 2017, 'Diversity of Cropping Patterns and Land Use Practices in Faridpur Region', doi:10.3329/brj.v21i2.38203",Kalukhali,Rajbari,23.741,89.4743
Faridpur,Pangsa,24902.0,1050.0,700.0,6190.0,9400.0,0.0,110.0,17450.0,244.0,"Bangladesh Rice Journal 21(2) 2017, 'Diversity of Cropping Patterns and Land Use Practices in Faridpur Region', doi:10.3329/brj.v21i2.38203",Pangsha,Rajbari,23.7878,89.3869
Faridpur,Rajbari sadar,31300.0,550.0,3200.0,7550.0,10000.0,0.0,150.0,21450.0,229.0,"Bangladesh Rice Journal 21(2) 2017, 'Diversity of Cropping Patterns and Land Use Practices in Faridpur Region', doi:10.3329/brj.v21i2.38203",Rajbari Sadar,Rajbari,23.7175,89.6542
Faridpur,Bhedarganj,26728.0,70.0,3290.0,12790.0,1770.0,0.0,150.0,18070.0,191.0,"Bangladesh Rice Journal 21(2) 2017, 'Diversity of Cropping Patterns and Land Use Practices in Faridpur Region', doi:10.3329/brj.v21i2.38203",Bhedarganj,Shariatpur,23.2114,90.51
Faridpur,Damudya,9176.0,160.0,3800.0,1450.0,1430.0,0.0,120.0,6960.0,163.0,"Bangladesh Rice Journal 21(2) 2017, 'Diversity of Cropping Patterns and Land Use Practices in Faridpur Region', doi:10.3329/brj.v21i2.38203",Damudya,Shariatpur,23.1368,90.4217
Faridpur,Goshairhat,16867.0,670.0,4600.0,5190.0,2110.0,0.0,150.0,12720.0,175.0,"Bangladesh Rice Journal 21(2) 2017, 'Diversity of Cropping Patterns and Land Use Practices in Faridpur Region', doi:10.3329/brj.v21i2.38203",Gosairhat,Shariatpur,23.0796,90.447
Faridpur,Naria,23206.0,120.0,6650.0,4910.0,1130.0,0.0,110.0,12920.0,156.0,"Bangladesh Rice Journal 21(2) 2017, 'Diversity of Cropping Patterns and Land Use Practices in Faridpur Region', doi:10.3329/brj.v21i2.38203",Naria,Shariatpur,23.3046,90.4273
Faridpur,Shariatpur sadar,17508.0,160.0,4200.0,8345.0,235.0,0.0,120.0,13060.0,168.0,"Bangladesh Rice Journal 21(2) 2017, 'Diversity of Cropping Patterns and Land Use Practices in Faridpur Region', doi:10.3329/brj.v21i2.38203",Shariatpur Sadar,Shariatpur,23.2161,90.3159
Faridpur,Janjira,25274.0,80.0,645.0,12855.0,575.0,0.0,125.0,14280.0,199.0,"Bangladesh Rice Journal 21(2) 2017, 'Diversity of Cropping Patterns and Land Use Practices in Faridpur Region', doi:10.3329/brj.v21i2.38203",Zanjira,Shariatpur,23.3655,90.3183
Jessore,Jessore sadar,43298.0,460.0,80.0,19790.0,10520.0,100.0,160.0,31110.0,233.0,"Bangladesh Rice Journal 21(2) 2017, 'Diversity of Crops and Cropping Systems in Jessore Region', doi:10.3329/brj.v21i2.38206",,,,
Jessore,Keshabpur,25903.0,990.0,6000.0,8300.0,4560.0,0.0,190.0,20040.0,188.0,"Bangladesh Rice Journal 21(2) 2017, 'Diversity of Crops and Cropping Systems in Jessore Region', doi:10.3329/brj.v21i2.38206",Keshabpur,Jessore,22.8801,89.2318
Jessore,Manirampur,44499.0,570.0,2500.0,15800.0,16200.0,1000.0,100.0,36170.0,242.0,"Bangladesh Rice Journal 21(2) 2017, 'Diversity of Crops and Cropping Systems in Jessore Region', doi:10.3329/brj.v21i2.38206",Manirampur,Jessore,23.0062,89.2202
Jessore,Abhaynagar,24719.0,590.0,8100.0,4010.0,3200.0,200.0,190.0,16290.0,168.0,"Bangladesh Rice Journal 21(2) 2017, 'Diversity of Crops and Cropping Systems in Jessore Region', doi:10.3329/brj.v21i2.38206",Abhaynagar,Jessore,23.0177,89.4204
Jessore,Jhikargachha,30809.0,320.0,100.0,14450.0,8550.0,0.0,150.0,23570.0,235.0,"Bangladesh Rice Journal 21(2) 2017, 'Diversity of Crops and Cropping Systems in Jessore Region', doi:10.3329/brj.v21i2.38206",Jhikargachha,Jessore,23.0688,89.0542
Jessore,Sarsha,33642.0,180.0,700.0,14650.0,8900.0,1200.0,150.0,25780.0,241.0,"Bangladesh Rice Journal 21(2) 2017, 'Diversity of Crops and Cropping Systems in Jessore Region', doi:10.3329/brj.v21i2.38206",Sharsha,Jessore,23.0449,88.9407
Jessore,Bagherpara,27096.0,350.0,660.0,10320.0,7410.0,80.0,130.0,18950.0,235.0,"Bangladesh Rice Journal 21(2) 2017, 'Diversity of Crops and Cropping Systems in Jessore Region', doi:10.3329/brj.v21i2.38206",Bagher Para,Jessore,23.2424,89.3355
Jessore,Chougachha,26919.0,560.0,1300.0,10420.0,5320.0,300.0,160.0,18060.0,223.0,"Bangladesh Rice Journal 21(2) 2017, 'Diversity of Crops and Cropping Systems in Jessore Region', doi:10.3329/brj.v21i2.38206",Chaugachha,Jessore,23.2634,89.0218
Jessore,Kushtia sadar,31857.0,1890.0,230.0,11640.0,8760.0,400.0,170.0,23090.0,232.0,"Bangladesh Rice Journal 21(2) 2017, 'Diversity of Crops and Cropping Systems in Jessore Region', doi:10.3329/brj.v21i2.38206",Kushtia Sadar,Kushtia,23.8223,89.0896
Jessore,Mirpur,30454.0,690.0,1110.0,5120.0,16350.0,200.0,120.0,23590.0,264.0,"Bangladesh Rice Journal 21(2) 2017, 'Diversity of Crops and Cropping Systems in Jessore Region', doi:10.3329/brj.v21i2.38206",Mirpur,Dhaka,23.7942,90.3618
Jessore,Kumarkhali,25837.0,700.0,710.0,8850.0,6660.0,0.0,180.0,17100.0,231.0,"Bangladesh Rice Journal 21(2) 2017, 'Diversity of Crops and Cropping Systems in Jessore Region', doi:10.3329/brj.v21i2.38206",Kumarkhali,Kushtia,23.8567,89.2096
Jessore,Khoksa,10376.0,1020.0,0.0,2530.0,4030.0,0.0,140.0,7720.0,240.0,"Bangladesh Rice Journal 21(2) 2017, 'Diversity of Crops and Cropping Systems in Jessore Region', doi:10.3329/brj.v21i2.38206",Khoksa,Kushtia,23.8089,89.2998
Jessore,Daulatpur,48228.0,1330.0,750.0,17590.0,14400.0,0.0,160.0,34230.0,236.0,"Bangladesh Rice Journal 21(2) 2017, 'Diversity of Crops and Cropping Systems in Jessore Region', doi:10.3329/brj.v21i2.38206",Daulatpur,Manikganj,23.9558,89.7977
Jessore,Bheramara,15370.0,1650.0,460.0,2530.0,4210.0,100.0,100.0,9050.0,226.0,"Bangladesh Rice Journal 21(2) 2017, 'Diversity of Crops and Cropping Systems in Jessore Region', doi:10.3329/brj.v21i2.38206",Bheramara,Kushtia,24.0568,88.9815
Jessore,Magura sadar,40130.0,590.0,680.0,11680.0,15480.0,0.0,160.0,28590.0,250.0,"Bangladesh Rice Journal 21(2) 2017, 'Diversity of Crops and Cropping Systems in Jessore Region', doi:10.3329/brj.v21i2.38206",Magura Sadar,Magura,23.4519,89.4131
Jessore,Sreepur,17719.0,720.0,170.0,2200.0,10730.0,0.0,200.0,14020.0,271.0,"Bangladesh Rice Journal 21(2) 2017, 'Diversity of Crops and Cropping Systems in Jessore Region', doi:10.3329/brj.v21i2.38206",Sreepur,Gazipur,24.2052,90.4431
Jessore,Shalikha,22864.0,120.0,0.0,9000.0,8120.0,0.0,130.0,17370.0,246.0,"Bangladesh Rice Journal 21(2) 2017, 'Diversity of Crops and Cropping Systems in Jessore Region', doi:10.3329/brj.v21i2.38206",Shalikha,Magura,23.3481,89.3585
Jessore,Mohammadpur,22930.0,230.0,1730.0,5310.0,8400.0,0.0,160.0,15830.0,241.0,"Bangladesh Rice Journal 21(2) 2017, 'Diversity of Crops and Cropping Systems in Jessore Region', doi:10.3329/brj.v21i2.38206",Mohammadpur,Dhaka,23.7586,90.3565
Jessore,Meherpur sadar,26152.0,1060.0,40.0,10300.0,9910.0,0.0,150.0,21460.0,241.0,"Bangladesh Rice Journal 21(2) 2017, 'Diversity of Crops and Cropping Systems in Jessore Region', doi:10.3329/brj.v21i2.38206",Meherpur Sadar,Meherpur,23.7661,88.6611
Jessore,Gangni,33932.0,620.0,0.0,12000.0,11090.0,0.0,110.0,23820.0,244.0,"Bangladesh Rice Journal 21(2) 2017, 'Diversity of Crops and Cropping Systems in Jessore Region', doi:10.3329/brj.v21i2.38206",Gangni,Meherpur,23.8576,88.771
Jessore,Mujibnagar,11354.0,660.0,600.0,4600.0,2830.0,0.0,120.0,8810.0,218.0,"Bangladesh Rice Journal 21(2) 2017, 'Diversity of Crops and Cropping Systems in Jessore Region', doi:10.3329/brj.v21i2.38206",Mujib Nagar,Meherpur,23.6683,88.6213
Jessore,Narail sadar,37226.0,600.0,5000.0,17410.0,5090.0,0.0,100.0,28200.0,198.0,"Bangladesh Rice Journal 21(2) 2017, 'Diversity of Crops and Cropping Systems in Jessore Region', doi:10.3329/brj.v21i2.38206",Narail Sadar,Narail,23.1546,89.4948
Jessore,Lohagara,28485.0,370.0,1450.0,13020.0,7090.0,0.0,140.0,22070.0,224.0,"Bangladesh Rice Journal 21(2) 2017, 'Diversity of Crops and Cropping Systems in Jessore Region', doi:10.3329/brj.v21i2.38206",Lohagara,Chittagong,21.9862,92.111
Jessore,Kalia,30177.0,700.0,0.0,19900.0,2930.0,0.0,170.0,23700.0,209.0,"Bangladesh Rice Journal 21(2) 2017, 'Diversity of Crops and Cropping Systems in Jessore Region', doi:10.3329/brj.v21i2.38206",Kalia,Narail,23.028,89.644
Jessore,Jhenaidaha sadar,46775.0,1620.0,350.0,15500.0,9200.0,0.0,150.0,26820.0,227.0,"Bangladesh Rice Journal 21(2) 2017, 'Diversity of Crops and Cropping Systems in Jessore Region', doi:10.3329/brj.v21i2.38206",Jhenaidah Sadar,Jhenaidah,23.5165,89.1577
Jessore,Shailkupa,37345.0,1980.0,3000.0,8900.0,15380.0,700.0,120.0,30080.0,239.0,"Bangladesh Rice Journal 21(2) 2017, 'Diversity of Crops and Cropping Systems in Jessore Region', doi:10.3329/brj.v21i2.38206",Shailkupa,Jhenaidah,23.6634,89.2422
Jessore,Kotchandpur,16095.0,1090.0,1040.0,7550.0,2780.0,0.0,130.0,12590.0,205.0,"Bangladesh Rice Journal 21(2) 2017, 'Diversity of Crops and Cropping Systems in Jessore Region', doi:10.3329/brj.v21i2.38206",Kotchandpur,Jhenaidah,23.4479,88.9987
Jessore,Moheshpur,41903.0,1310.0,1970.0,21360.0,9020.0,0.0,150.0,33810.0,217.0,"Bangladesh Rice Journal 21(2) 2017, 'Diversity of Crops and Cropping Systems in Jessore Region', doi:10.3329/brj.v21i2.38206",Maheshpur,Jhenaidah,23.3197,88.8578
Jessore,Harinakundu,22723.0,2330.0,0.0,8920.0,3340.0,0.0,140.0,14730.0,207.0,"Bangladesh Rice Journal 21(2) 2017, 'Diversity of Crops and Cropping Systems in Jessore Region', doi:10.3329/brj.v21i2.38206",Harinakunda,Jhenaidah,23.6428,89.0766
Jessore,Kaliganj,31114.0,1820.0,430.0,11360.0,8060.0,0.0,150.0,21820.0,227.0,"Bangladesh Rice Journal 21(2) 2017, 'Diversity of Crops and Cropping Systems in Jessore Region', doi:10.3329/brj.v21i2.38206",Kaliganj,Gazipur,23.9642,90.5549
Jessore,Chuadnga sadar,29855.0,990.0,20.0,15130.0,4230.0,0.0,120.0,20490.0,216.0,"Bangladesh Rice Journal 21(2) 2017, 'Diversity of Crops and Cropping Systems in Jessore Region', doi:10.3329/brj.v21i2.38206",Chuadanga Sadar,Chuadanga,23.5886,88.8846
Jessore,Alamdanga,36528.0,1670.0,2200.0,20000.0,5450.0,350.0,100.0,29770.0,208.0,"Bangladesh Rice Journal 21(2) 2017, 'Diversity of Crops and Cropping Systems in Jessore Region', doi:10.3329/brj.v21i2.38206",Alamdanga,Chuadanga,23.7293,88.9081
Jessore,Jibannagar,19933.0,100.0,0.0,6500.0,8450.0,0.0,150.0,15200.0,255.0,"Bangladesh Rice Journal 21(2) 2017, 'Diversity of Crops and Cropping Systems in Jessore Region', doi:10.3329/brj.v21i2.38206",Jiban Nagar,Chuadanga,23.4411,88.8491
Jessore,Damurhuda,30344.0,640.0,0.0,14250.0,7980.0,0.0,120.0,22990.0,232.0,"Bangladesh Rice Journal 21(2) 2017, 'Diversity of Crops and Cropping Systems in Jessore Region', doi:10.3329/brj.v21i2.38206",Damurhuda,Chuadanga,23.5931,88.7404
Khulna,Bagerhat sadar,31356.0,750.0,6700.0,6330.0,2680.0,0.0,190.0,16650.0,171.0,"Bangladesh Rice Journal 21(2) 2017, 'Cropping Systems and their Diversity in Khulna Region', doi:10.3329/brj.v21i2.38207",Bagerhat Sadar,Bagerhat,22.6775,89.7632
Khulna,Chitalmari,19206.0,20.0,1010.0,11340.0,990.0,0.0,160.0,13520.0,200.0,"Bangladesh Rice Journal 21(2) 2017, 'Cropping Systems and their Diversity in Khulna Region', doi:10.3329/brj.v21i2.38207",Chitalmari,Bagerhat,22.8123,89.8653
Khulna,Fakirhat,15890.0,500.0,3100.0,4380.0,710.0,0.0,110.0,8800.0,167.0,"Bangladesh Rice Journal 21(2) 2017, 'Cropping Systems and their Diversity in Khulna Region', doi:10.3329/brj.v21i2.38207",Fakirhat,Bagerhat,22.7425,89.6657
Khulna,Kachua,12351.0,430.0,1700.0,6040.0,810.0,0.0,150.0,9130.0,185.0,"Bangladesh Rice Journal 21(2) 2017, 'Cropping Systems and their Diversity in Khulna Region', doi:10.3329/brj.v21i2.38207",Kachua,Chandpur,23.3627,90.8817
Khulna,Mollahat,17682.0,870.0,4300.0,9540.0,1310.0,0.0,150.0,16170.0,176.0,"Bangladesh Rice Journal 21(2) 2017, 'Cropping Systems and their Diversity in Khulna Region', doi:10.3329/brj.v21i2.38207",Mollahat,Bagerhat,22.8827,89.7733
Khulna,Mongla,18242.0,0.0,2570.0,80.0,0.0,0.0,50.0,2700.0,103.0,"Bangladesh Rice Journal 21(2) 2017, 'Cropping Systems and their Diversity in Khulna Region', doi:10.3329/brj.v21i2.38207",Mongla,Bagerhat,22.3313,89.6749
Khulna,Morrelganj,44580.0,800.0,19090.0,6420.0,1240.0,0.0,150.0,27700.0,132.0,"Bangladesh Rice Journal 21(2) 2017, 'Cropping Systems and their Diversity in Khulna Region', doi:10.3329/brj.v21i2.38207",Morrelganj,Bagerhat,22.4838,89.8336
Khulna,Rampal,27644.0,0.0,6300.0,2840.0,200.0,0.0,60.0,9400.0,135.0,"Bangladesh Rice Journal 21(2) 2017, 'Cropping Systems and their Diversity in Khulna Region', doi:10.3329/brj.v21i2.38207",Rampal,Bagerhat,22.5914,89.6522
Khulna,Sarankhola,15129.0,60.0,3800.0,4780.0,700.0,0.0,120.0,9460.0,166.0,"Bangladesh Rice Journal 21(2) 2017, 'Cropping Systems and their Diversity in Khulna Region', doi:10.3329/brj.v21i2.38207",Sarankhola,Bagerhat,22.2253,89.8144
Khulna,Batiaghata,23622.0,20.0,5500.0,11740.0,500.0,0.0,110.0,17870.0,172.0,"Bangladesh Rice Journal 21(2) 2017, 'Cropping Systems and their Diversity in Khulna Region', doi:10.3329/brj.v21i2.38207",Batiaghata,Khulna,22.7143,89.5162
Khulna,Dacope,28557.0,120.0,16100.0,2260.0,160.0,0.0,130.0,18770.0,114.0,"Bangladesh Rice Journal 21(2) 2017, 'Cropping Systems and their Diversity in Khulna Region', doi:10.3329/brj.v21i2.38207",Dacope,Khulna,22.3889,89.5185
Khulna,Dighalia,8655.0,220.0,1200.0,4110.0,140.0,0.0,50.0,5720.0,177.0,"Bangladesh Rice Journal 21(2) 2017, 'Cropping Systems and their Diversity in Khulna Region', doi:10.3329/brj.v21i2.38207",Dighalia,Khulna,22.9252,89.5601
Khulna,Dumuria,45423.0,50.0,11200.0,15960.0,2160.0,0.0,130.0,29500.0,169.0,"Bangladesh Rice Journal 21(2) 2017, 'Cropping Systems and their Diversity in Khulna Region', doi:10.3329/brj.v21i2.38207",Dumuria,Khulna,22.8054,89.398
Khulna,Phultala,7438.0,80.0,515.0,3955.0,220.0,0.0,110.0,4880.0,192.0,"Bangladesh Rice Journal 21(2) 2017, 'Cropping Systems and their Diversity in Khulna Region', doi:10.3329/brj.v21i2.38207",Phultala,Khulna,22.9565,89.4419
Khulna,Koyra,26323.0,80.0,10680.0,4310.0,395.0,0.0,115.0,15580.0,133.0,"Bangladesh Rice Journal 21(2) 2017, 'Cropping Systems and their Diversity in Khulna Region', doi:10.3329/brj.v21i2.38207",Koyra,Khulna,22.3377,89.3466
Khulna,Paikgachha,39302.0,160.0,3700.0,12420.0,710.0,0.0,120.0,17110.0,181.0,"Bangladesh Rice Journal 21(2) 2017, 'Cropping Systems and their Diversity in Khulna Region', doi:10.3329/brj.v21i2.38207",Paikgachha,Khulna,22.5906,89.3403
Khulna,Rupsha,12025.0,210.0,2020.0,5640.0,200.0,0.0,90.0,8160.0,175.0,"Bangladesh Rice Journal 21(2) 2017, 'Cropping Systems and their Diversity in Khulna Region', doi:10.3329/brj.v21i2.38207",Rupsa,Khulna,22.8203,89.6364
Khulna,Terokhada,18769.0,140.0,4000.0,5100.0,120.0,0.0,130.0,9490.0,157.0,"Bangladesh Rice Journal 21(2) 2017, 'Cropping Systems and their Diversity in Khulna Region', doi:10.3329/brj.v21i2.38207",Terokhada,Khulna,22.9126,89.6543
Khulna,Assasuni,37660.0,0.0,4500.0,5960.0,920.0,0.0,120.0,11500.0,169.0,"Bangladesh Rice Journal 21(2) 2017, 'Cropping Systems and their Diversity in Khulna Region', doi:10.3329/brj.v21i2.38207",Assasuni,Satkhira,22.5192,89.1874
Khulna,Debhata,17305.0,10.0,740.0,3870.0,2000.0,0.0,190.0,6810.0,219.0,"Bangladesh Rice Journal 21(2) 2017, 'Cropping Systems and their Diversity in Khulna Region', doi:10.3329/brj.v21i2.38207",Debhata,Satkhira,22.5972,89.0153
Khulna,Kalaroa,23150.0,230.0,1000.0,10890.0,5160.0,110.0,140.0,17530.0,224.0,"Bangladesh Rice Journal 21(2) 2017, 'Cropping Systems and their Diversity in Khulna Region', doi:10.3329/brj.v21i2.38207",Kalaroa,Satkhira,22.8807,89.0303
Khulna,Kaliganj,33178.0,560.0,5000.0,11070.0,1690.0,0.0,140.0,18460.0,179.0,"Bangladesh Rice Journal 21(2) 2017, 'Cropping Systems and their Diversity in Khulna Region', doi:10.3329/brj.v21i2.38207",Kaliganj,Gazipur,23.9642,90.5549
Khulna,Satkhira sadar,40758.0,110.0,1000.0,18930.0,6760.0,0.0,110.0,26910.0,221.0,"Bangladesh Rice Journal 21(2) 2017, 'Cropping Systems and their Diversity in Khulna Region', doi:10.3329/brj.v21i2.38207",Satkhira Sadar,Satkhira,22.721,89.0386
Khulna,Shyamnagar,199099.0,90.0,12000.0,4830.0,450.0,0.0,120.0,17490.0,133.0,"Bangladesh Rice Journal 21(2) 2017, 'Cropping Systems and their Diversity in Khulna Region', doi:10.3329/brj.v21i2.38207",Shyamnagar,Satkhira,22.2236,89.1612
Khulna,Tala,33726.0,830.0,4010.0,13270.0,4390.0,0.0,230.0,22730.0,198.0,"Bangladesh Rice Journal 21(2) 2017, 'Cropping Systems and their Diversity in Khulna Region', doi:10.3329/brj.v21i2.38207",Tala,Satkhira,22.7401,89.2105
Mymensingh,Baksiganj,20438.0,190.0,750.0,8210.0,6240.0,70.0,130.0,15590.0,235.0,"Bangladesh Rice Journal 21(2) 2017, 'Cropping Patterns in Mymensingh Region: Diversity, Constraint and Potential', doi:10.3329/brj.v21i2.38208",Bakshiganj,Jamalpur,25.2149,89.8527
Mymensingh,Dewanganj,26618.0,1350.0,0.0,11490.0,5400.0,0.0,110.0,18350.0,222.0,"Bangladesh Rice Journal 21(2) 2017, 'Cropping Patterns in Mymensingh Region: Diversity, Constraint and Potential', doi:10.3329/brj.v21i2.38208",Dewanganj,Jamalpur,25.2636,89.7659
Mymensingh,Islampur,35367.0,300.0,550.0,21900.0,2900.0,0.0,150.0,25800.0,208.0,"Bangladesh Rice Journal 21(2) 2017, 'Cropping Patterns in Mymensingh Region: Diversity, Constraint and Potential', doi:10.3329/brj.v21i2.38208",Islampur,Jamalpur,25.0752,89.7613
Mymensingh,Jamalpur sadar,48924.0,590.0,1310.0,30280.0,5960.0,0.0,150.0,38290.0,211.0,"Bangladesh Rice Journal 21(2) 2017, 'Cropping Patterns in Mymensingh Region: Diversity, Constraint and Potential', doi:10.3329/brj.v21i2.38208",Jamalpur Sadar,Jamalpur,24.8442,90.0125
Mymensingh,Madarganj,22548.0,40.0,1940.0,7500.0,10190.0,0.0,170.0,19840.0,242.0,"Bangladesh Rice Journal 21(2) 2017, 'Cropping Patterns in Mymensingh Region: Diversity, Constraint and Potential', doi:10.3329/brj.v21i2.38208",Madarganj,Jamalpur,24.8819,89.7408
Mymensingh,Melandaha,25843.0,320.0,830.0,14280.0,5780.0,20.0,190.0,21420.0,222.0,"Bangladesh Rice Journal 21(2) 2017, 'Cropping Patterns in Mymensingh Region: Diversity, Constraint and Potential', doi:10.3329/brj.v21i2.38208",Melandaha,Jamalpur,24.9574,89.8247
Mymensingh,Sarishabari,27313.0,20.0,2570.0,12680.0,6130.0,0.0,120.0,21520.0,217.0,"Bangladesh Rice Journal 21(2) 2017, 'Cropping Patterns in Mymensingh Region: Diversity, Constraint and Potential', doi:10.3329/brj.v21i2.38208",Sarishabari,Jamalpur,24.7186,89.8304
Mymensingh,Astogram,35553.0,10.0,24490.0,920.0,290.0,0.0,100.0,25810.0,106.0,"Bangladesh Rice Journal 21(2) 2017, 'Cropping Patterns in Mymensingh Region: Diversity, Constraint and Potential', doi:10.3329/brj.v21i2.38208",Austagram,Kishoreganj,24.323,91.1215
Mymensingh,Bajitpur,19300.0,360.0,5460.0,7290.0,1460.0,0.0,140.0,14710.0,170.0,"Bangladesh Rice Journal 21(2) 2017, 'Cropping Patterns in Mymensingh Region: Diversity, Constraint and Potential', doi:10.3329/brj.v21i2.38208",Bajitpur,Kishoreganj,24.2245,90.9512
Mymensingh,Bhairab,12167.0,10.0,2000.0,3660.0,1240.0,0.0,150.0,7060.0,189.0,"Bangladesh Rice Journal 21(2) 2017, 'Cropping Patterns in Mymensingh Region: Diversity, Constraint and Potential', doi:10.3329/brj.v21i2.38208",Bhairab,Kishoreganj,24.0974,90.9816
Mymensingh,Hossainpur,11920.0,140.0,570.0,3190.0,4960.0,50.0,130.0,9040.0,249.0,"Bangladesh Rice Journal 21(2) 2017, 'Cropping Patterns in Mymensingh Region: Diversity, Constraint and Potential', doi:10.3329/brj.v21i2.38208",Hossainpur,Kishoreganj,24.4488,90.6628
Mymensingh,Itna,38100.0,0.0,30450.0,290.0,20.0,0.0,140.0,30900.0,101.0,"Bangladesh Rice Journal 21(2) 2017, 'Cropping Patterns in Mymensingh Region: Diversity, Constraint and Potential', doi:10.3329/brj.v21i2.38208",Itna,Kishoreganj,24.5491,91.0826
Mymensingh,Karimganj,20052.0,310.0,2800.0,6810.0,4390.0,0.0,100.0,14410.0,209.0,"Bangladesh Rice Journal 21(2) 2017, 'Cropping Patterns in Mymensingh Region: Diversity, Constraint and Potential', doi:10.3329/brj.v21i2.38208",Karimganj,Kishoreganj,24.4513,90.896
Mymensingh,Kishoreganj sadar,19372.0,20.0,830.0,7965.0,4420.0,0.0,185.0,13420.0,227.0,"Bangladesh Rice Journal 21(2) 2017, 'Cropping Patterns in Mymensingh Region: Diversity, Constraint and Potential', doi:10.3329/brj.v21i2.38208",Kishoreganj Sadar,Kishoreganj,24.4238,90.7833
Mymensingh,Katiadi,21912.0,370.0,2160.0,10160.0,2780.0,300.0,100.0,15870.0,205.0,"Bangladesh Rice Journal 21(2) 2017, 'Cropping Patterns in Mymensingh Region: Diversity, Constraint and Potential', doi:10.3329/brj.v21i2.38208",Katiadi,Kishoreganj,24.2911,90.824
Mymensingh,Kuliarchar,10401.0,110.0,2040.0,5430.0,1630.0,0.0,100.0,9310.0,194.0,"Bangladesh Rice Journal 21(2) 2017, 'Cropping Patterns in Mymensingh Region: Diversity, Constraint and Potential', doi:10.3329/brj.v21i2.38208",Kuliar Char,Kishoreganj,24.152,90.8881
Mymensingh,Mithamoin,21799.0,0.0,16650.0,130.0,20.0,0.0,100.0,16900.0,101.0,"Bangladesh Rice Journal 21(2) 2017, 'Cropping Patterns in Mymensingh Region: Diversity, Constraint and Potential', doi:10.3329/brj.v21i2.38208",Mithamain,Kishoreganj,24.433,91.1107
Mymensingh,Nikli,21400.0,10.0,15520.0,1550.0,0.0,0.0,130.0,17210.0,109.0,"Bangladesh Rice Journal 21(2) 2017, 'Cropping Patterns in Mymensingh Region: Diversity, Constraint and Potential', doi:10.3329/brj.v21i2.38208",Nikli,Kishoreganj,24.3368,90.9631
Mymensingh,Pakundia,18052.0,120.0,700.0,6580.0,4565.0,0.0,155.0,12120.0,231.0,"Bangladesh Rice Journal 21(2) 2017, 'Cropping Patterns in Mymensingh Region: Diversity, Constraint and Potential', doi:10.3329/brj.v21i2.38208",Pakundia,Kishoreganj,24.3206,90.6926
Mymensingh,Tarail,15800.0,30.0,8280.0,4060.0,560.0,0.0,150.0,13080.0,140.0,"Bangladesh Rice Journal 21(2) 2017, 'Cropping Patterns in Mymensingh Region: Diversity, Constraint and Potential', doi:10.3329/brj.v21i2.38208",Tarail,Kishoreganj,24.5503,90.8908
Mymensingh,Bhaluka,44405.0,1500.0,2760.0,16570.0,1590.0,0.0,180.0,22600.0,188.0,"Bangladesh Rice Journal 21(2) 2017, 'Cropping Patterns in Mymensingh Region: Diversity, Constraint and Potential', doi:10.3329/brj.v21i2.38208",Bhaluka,Mymensingh,24.3817,90.3535
Mymensingh,Dhubaura,25187.0,50.0,2950.0,11625.0,930.0,0.0,145.0,15700.0,187.0,"Bangladesh Rice Journal 21(2) 2017, 'Cropping Patterns in Mymensingh Region: Diversity, Constraint and Potential', doi:10.3329/brj.v21i2.38208",Dhobaura,Mymensingh,25.1012,90.5249
Mymensingh,Phulbaria,39888.0,2200.0,3590.0,16050.0,4720.0,100.0,140.0,26800.0,197.0,"Bangladesh Rice Journal 21(2) 2017, 'Cropping Patterns in Mymensingh Region: Diversity, Constraint and Potential', doi:10.3329/brj.v21i2.38208",Phulbari,Kurigram,25.9481,89.5713
Mymensingh,Phulpur,31500.0,40.0,470.0,20895.0,2575.0,0.0,160.0,24140.0,209.0,"Bangladesh Rice Journal 21(2) 2017, 'Cropping Patterns in Mymensingh Region: Diversity, Constraint and Potential', doi:10.3329/brj.v21i2.38208",Phulpur,Mymensingh,24.9085,90.4064
Mymensingh,Gafargaon,40116.0,210.0,5800.0,19040.0,3700.0,0.0,160.0,28910.0,192.0,"Bangladesh Rice Journal 21(2) 2017, 'Cropping Patterns in Mymensingh Region: Diversity, Constraint and Potential', doi:10.3329/brj.v21i2.38208",Gaffargaon,Mymensingh,24.3935,90.5495
Mymensingh,Gouripur,27676.0,40.0,2820.0,18820.0,800.0,0.0,160.0,22640.0,191.0,"Bangladesh Rice Journal 21(2) 2017, 'Cropping Patterns in Mymensingh Region: Diversity, Constraint and Potential', doi:10.3329/brj.v21i2.38208",Gauripur,Mymensingh,24.756,90.5858
Mymensingh,Haluaghat,35607.0,90.0,8300.0,16020.0,2440.0,0.0,140.0,26990.0,178.0,"Bangladesh Rice Journal 21(2) 2017, 'Cropping Patterns in Mymensingh Region: Diversity, Constraint and Potential', doi:10.3329/brj.v21i2.38208",Haluaghat,Mymensingh,25.0846,90.3513
Mymensingh,Iswarganj,28619.0,110.0,3600.0,17000.0,2600.0,0.0,150.0,23460.0,195.0,"Bangladesh Rice Journal 21(2) 2017, 'Cropping Patterns in Mymensingh Region: Diversity, Constraint and Potential', doi:10.3329/brj.v21i2.38208",Ishwarganj,Mymensingh,24.645,90.5994
Mymensingh,Muktagachha,31290.0,1050.0,1200.0,18850.0,1630.0,0.0,120.0,22850.0,197.0,"Bangladesh Rice Journal 21(2) 2017, 'Cropping Patterns in Mymensingh Region: Diversity, Constraint and Potential', doi:10.3329/brj.v21i2.38208",Muktagachha,Mymensingh,24.743,90.2038
Mymensingh,Mymensingh sadar,38845.0,230.0,880.0,16880.0,7790.0,0.0,150.0,25930.0,226.0,"Bangladesh Rice Journal 21(2) 2017, 'Cropping Patterns in Mymensingh Region: Diversity, Constraint and Potential', doi:10.3329/brj.v21i2.38208",Mymensingh Sadar,Mymensingh,24.7746,90.3614
Mymensingh,Nandail,32638.0,290.0,1300.0,19510.0,2580.0,0.0,110.0,23790.0,204.0,"Bangladesh Rice Journal 21(2) 2017, 'Cropping Patterns in Mymensingh Region: Diversity, Constraint and Potential', doi:10.3329/brj.v21i2.38208",Nandail,Mymensingh,24.5502,90.677
Mymensingh,Trisal,33601.0,250.0,1060.0,16960.0,7480.0,0.0,100.0,25850.0,224.0,"Bangladesh Rice Journal 21(2) 2017, 'Cropping Patterns in Mymensingh Region: Diversity, Constraint and Potential', doi:10.3329/brj.v21i2.38208",Trishal,Mymensingh,24.5639,90.4093
Mymensingh,Atpara,19300.0,30.0,4020.0,9250.0,390.0,0.0,140.0,13830.0,173.0,"Bangladesh Rice Journal 21(2) 2017, 'Cropping Patterns in Mymensingh Region: Diversity, Constraint and Potential', doi:10.3329/brj.v21i2.38208",Atpara,Netrakona,24.7914,90.8762
Mymensingh,Barhatta,22200.0,20.0,1420.0,13280.0,980.0,0.0,120.0,15820.0,197.0,"Bangladesh Rice Journal 21(2) 2017, 'Cropping Patterns in Mymensingh Region: Diversity, Constraint and Potential', doi:10.3329/brj.v21i2.38208",Barhatta,Netrakona,24.9196,90.8852
Mymensingh,Durgapur,27800.0,10.0,10340.0,7560.0,385.0,0.0,115.0,18410.0,146.0,"Bangladesh Rice Journal 21(2) 2017, 'Cropping Patterns in Mymensingh Region: Diversity, Constraint and Potential', doi:10.3329/brj.v21i2.38208",Durgapur,Netrakona,25.0897,90.6821
Mymensingh,Kalmakanda,37523.0,40.0,22450.0,5430.0,400.0,0.0,120.0,28440.0,122.0,"Bangladesh Rice Journal 21(2) 2017, 'Cropping Patterns in Mymensingh Region: Diversity, Constraint and Potential', doi:10.3329/brj.v21i2.38208",Kalmakanda,Netrakona,25.077,90.8573
Mymensingh,Kendua,30527.0,80.0,4560.0,17500.0,1330.0,0.0,110.0,23580.0,186.0,"Bangladesh Rice Journal 21(2) 2017, 'Cropping Patterns in Mymensingh Region: Diversity, Constraint and Potential', doi:10.3329/brj.v21i2.38208",Kendua,Netrakona,24.6773,90.8028
Mymensingh,Khaliajuri,29746.0,10.0,18670.0,270.0,40.0,0.0,120.0,19110.0,102.0,"Bangladesh Rice Journal 21(2) 2017, 'Cropping Patterns in Mymensingh Region: Diversity, Constraint and Potential', doi:10.3329/brj.v21i2.38208",Khaliajuri,Netrakona,24.7023,91.1212
Mymensingh,Madan,22587.0,10.0,9460.0,8330.0,350.0,0.0,160.0,18310.0,150.0,"Bangladesh Rice Journal 21(2) 2017, 'Cropping Patterns in Mymensingh Region: Diversity, Constraint and Potential', doi:10.3329/brj.v21i2.38208",Madan,Netrakona,24.6775,90.9669
Mymensingh,Mohanganj,24800.0,30.0,8845.0,6835.0,210.0,0.0,160.0,16080.0,146.0,"Bangladesh Rice Journal 21(2) 2017, 'Cropping Patterns in Mymensingh Region: Diversity, Constraint and Potential', doi:10.3329/brj.v21i2.38208",Mohanganj,Netrakona,24.8268,91.0237
Mymensingh,Netrokona sadar,33297.0,50.0,3640.0,18090.0,950.0,0.0,120.0,22850.0,188.0,"Bangladesh Rice Journal 21(2) 2017, 'Cropping Patterns in Mymensingh Region: Diversity, Constraint and Potential', doi:10.3329/brj.v21i2.38208",Netrokona Sadar,Netrakona,24.8868,90.7374
Mymensingh,Purbadhala,31442.0,30.0,2155.0,20000.0,970.0,0.0,125.0,23280.0,195.0,"Bangladesh Rice Journal 21(2) 2017, 'Cropping Patterns in Mymensingh Region: Diversity, Constraint and Potential', doi:10.3329/brj.v21i2.38208",Purbadhala,Netrakona,24.9338,90.602
Mymensingh,Jhenaigati,20839.0,130.0,1260.0,13040.0,770.0,0.0,130.0,15330.0,196.0,"Bangladesh Rice Journal 21(2) 2017, 'Cropping Patterns in Mymensingh Region: Diversity, Constraint and Potential', doi:10.3329/brj.v21i2.38208",Jhenaigati,Sherpur,25.1818,90.053
Mymensingh,Nakla,17479.0,180.0,0.0,11610.0,2850.0,0.0,140.0,14780.0,218.0,"Bangladesh Rice Journal 21(2) 2017, 'Cropping Patterns in Mymensingh Region: Diversity, Constraint and Potential', doi:10.3329/brj.v21i2.38208",Nakla,Sherpur,24.9568,90.1836
Mymensingh,Nalitabari,32777.0,130.0,290.0,21190.0,2180.0,0.0,140.0,23930.0,207.0,"Bangladesh Rice Journal 21(2) 2017, 'Cropping Patterns in Mymensingh Region: Diversity, Constraint and Potential', doi:10.3329/brj.v21i2.38208",Nalitabari,Sherpur,25.1175,90.1835
Mymensingh,Sherpur sadar,35781.0,300.0,1530.0,17400.0,8710.0,0.0,160.0,28100.0,225.0,"Bangladesh Rice Journal 21(2) 2017, 'Cropping Patterns in Mymensingh Region: Diversity, Constraint and Potential', doi:10.3329/brj.v21i2.38208",Sherpur Sadar,Sherpur,24.9929,90.0199
Mymensingh,Sreebardi,25156.0,20.0,1250.0,13900.0,3100.0,0.0,150.0,18420.0,210.0,"Bangladesh Rice Journal 21(2) 2017, 'Cropping Patterns in Mymensingh Region: Diversity, Constraint and Potential', doi:10.3329/brj.v21i2.38208",Sreebardi,Sherpur,25.1656,89.9549
Rajshahi,Bholahat,12352.0,2200.0,500.0,5100.0,3030.0,0.0,170.0,11000.0,203.0,"Bangladesh Rice Journal 21(2) 2017, 'Cropping Systems and Land Use Pattern in Rajshahi Region', doi:10.3329/brj.v21i2.38209",Bholahat,Nawabganj,24.8963,88.2097
Rajshahi,Chapainawabganj,45192.0,550.0,6050.0,4520.0,17640.0,0.0,190.0,28950.0,238.0,"Bangladesh Rice Journal 21(2) 2017, 'Cropping Systems and Land Use Pattern in Rajshahi Region', doi:10.3329/brj.v21i2.38209",,,,
Rajshahi,Gomastapur,31812.0,410.0,5430.0,13340.0,5410.0,0.0,120.0,24710.0,198.0,"Bangladesh Rice Journal 21(2) 2017, 'Cropping Systems and Land Use Pattern in Rajshahi Region', doi:10.3329/brj.v21i2.38209",Gomastapur,Nawabganj,24.8569,88.355
Rajshahi,Nachol,28368.0,60.0,2600.0,17860.0,4400.0,0.0,140.0,25060.0,207.0,"Bangladesh Rice Journal 21(2) 2017, 'Cropping Systems and Land Use Pattern in Rajshahi Region', doi:10.3329/brj.v21i2.38209",Nachole,Nawabganj,24.7267,88.3964
Rajshahi,Shibganj,52543.0,7940.0,700.0,5350.0,16500.0,0.0,150.0,30640.0,226.0,"Bangladesh Rice Journal 21(2) 2017, 'Cropping Systems and Land Use Pattern in Rajshahi Region', doi:10.3329/brj.v21i2.38209",Shibganj,Bogra,25.0166,89.3067
Rajshahi,Atrai,28300.0,40.0,6800.0,13950.0,2700.0,0.0,150.0,23640.0,182.0,"Bangladesh Rice Journal 21(2) 2017, 'Cropping Systems and Land Use Pattern in Rajshahi Region', doi:10.3329/brj.v21i2.38209",Atrai,Naogaon,24.6252,88.9879
Rajshahi,Badalgachhi,21083.0,320.0,120.0,9090.0,4140.0,2400.0,150.0,16220.0,253.0,"Bangladesh Rice Journal 21(2) 2017, 'Cropping Systems and Land Use Pattern in Rajshahi Region', doi:10.3329/brj.v21i2.38209",Badalgachhi,Naogaon,24.9659,88.9435
Rajshahi,Dhamoirhat,30082.0,250.0,1300.0,13820.0,7980.0,0.0,100.0,23450.0,228.0,"Bangladesh Rice Journal 21(2) 2017, 'Cropping Systems and Land Use Pattern in Rajshahi Region', doi:10.3329/brj.v21i2.38209",Dhamoirhat,Naogaon,25.1304,88.823
Rajshahi,Manda,71744.0,360.0,4010.0,14790.0,11120.0,80.0,150.0,30510.0,223.0,"Bangladesh Rice Journal 21(2) 2017, 'Cropping Systems and Land Use Pattern in Rajshahi Region', doi:10.3329/brj.v21i2.38209",Manda,Naogaon,24.7444,88.713
Rajshahi,Mohadebpur,39552.0,160.0,30.0,15670.0,14090.0,1000.0,110.0,31060.0,251.0,"Bangladesh Rice Journal 21(2) 2017, 'Cropping Systems and Land Use Pattern in Rajshahi Region', doi:10.3329/brj.v21i2.38209",Mahadebpur,Naogaon,24.9199,88.7647
Rajshahi,Naogaon sadar,27444.0,250.0,5630.0,6810.0,7610.0,0.0,150.0,20450.0,209.0,"Bangladesh Rice Journal 21(2) 2017, 'Cropping Systems and Land Use Pattern in Rajshahi Region', doi:10.3329/brj.v21i2.38209",Naogaon Sadar,Naogaon,24.811,88.8981
Rajshahi,Niamatpur,44993.0,340.0,3300.0,17500.0,11650.0,0.0,150.0,32940.0,224.0,"Bangladesh Rice Journal 21(2) 2017, 'Cropping Systems and Land Use Pattern in Rajshahi Region', doi:10.3329/brj.v21i2.38209",Niamatpur,Naogaon,24.8285,88.5515
Rajshahi,Porsha,27205.0,430.0,3500.0,12070.0,5820.0,0.0,110.0,21930.0,209.0,"Bangladesh Rice Journal 21(2) 2017, 'Cropping Systems and Land Use Pattern in Rajshahi Region', doi:10.3329/brj.v21i2.38209",Porsha,Naogaon,24.9922,88.5177
Rajshahi,Patnitala,37927.0,240.0,3500.0,14430.0,11930.0,0.0,190.0,30290.0,227.0,"Bangladesh Rice Journal 21(2) 2017, 'Cropping Systems and Land Use Pattern in Rajshahi Region', doi:10.3329/brj.v21i2.38209",Patnitala,Naogaon,25.0754,88.7165
Rajshahi,Raninagar,24810.0,70.0,2200.0,12910.0,5260.0,50.0,180.0,20670.0,215.0,"Bangladesh Rice Journal 21(2) 2017, 'Cropping Systems and Land Use Pattern in Rajshahi Region', doi:10.3329/brj.v21i2.38209",Raninagar,Naogaon,24.7107,89.0218
Rajshahi,Shapahar,24462.0,40.0,3300.0,12480.0,3750.0,0.0,170.0,19740.0,202.0,"Bangladesh Rice Journal 21(2) 2017, 'Cropping Systems and Land Use Pattern in Rajshahi Region', doi:10.3329/brj.v21i2.38209",Sapahar,Naogaon,25.1182,88.5303
Rajshahi,Bagatipara,13992.0,5660.0,130.0,1240.0,2995.0,0.0,135.0,10160.0,172.0,"Bangladesh Rice Journal 21(2) 2017, 'Cropping Systems and Land Use Pattern in Rajshahi Region', doi:10.3329/brj.v21i2.38209",Bagati Para,Natore,24.3122,88.9467
Rajshahi,Baraigram,30000.0,1680.0,1000.0,11000.0,10240.0,0.0,160.0,24080.0,232.0,"Bangladesh Rice Journal 21(2) 2017, 'Cropping Systems and Land Use Pattern in Rajshahi Region', doi:10.3329/brj.v21i2.38209",Baraigram,Natore,24.2737,89.1476
Rajshahi,Gurudaspur,19940.0,630.0,1040.0,8620.0,5260.0,0.0,180.0,15730.0,223.0,"Bangladesh Rice Journal 21(2) 2017, 'Cropping Systems and Land Use Pattern in Rajshahi Region', doi:10.3329/brj.v21i2.38209",Gurudaspur,Natore,24.3728,89.203
Rajshahi,Lalpur,32987.0,2590.0,280.0,1770.0,6820.0,0.0,130.0,11590.0,234.0,"Bangladesh Rice Journal 21(2) 2017, 'Cropping Systems and Land Use Pattern in Rajshahi Region', doi:10.3329/brj.v21i2.38209",Lalpur,Natore,24.1983,88.9849
Rajshahi,Natore,27700.0,4830.0,0.0,4250.0,7300.0,0.0,150.0,16530.0,215.0,"Bangladesh Rice Journal 21(2) 2017, 'Cropping Systems and Land Use Pattern in Rajshahi Region', doi:10.3329/brj.v21i2.38209",Natore Sadar,Natore,24.4432,88.9841
Rajshahi,Naldanga,19500.0,1700.0,3500.0,5000.0,3600.0,0.0,150.0,13950.0,188.0,"Bangladesh Rice Journal 21(2) 2017, 'Cropping Systems and Land Use Pattern in Rajshahi Region', doi:10.3329/brj.v21i2.38209",Sonadanga,Khulna,22.8197,89.5425
Rajshahi,Singra,52778.0,150.0,7200.0,27900.0,7820.0,0.0,130.0,43200.0,201.0,"Bangladesh Rice Journal 21(2) 2017, 'Cropping Systems and Land Use Pattern in Rajshahi Region', doi:10.3329/brj.v21i2.38209",Singra,Natore,24.5241,89.186
Rajshahi,Charghat,16458.0,730.0,950.0,1840.0,5200.0,0.0,160.0,8880.0,240.0,"Bangladesh Rice Journal 21(2) 2017, 'Cropping Systems and Land Use Pattern in Rajshahi Region', doi:10.3329/brj.v21i2.38209",Charghat,Rajshahi,24.3001,88.7754
Rajshahi,Bagha,18426.0,4350.0,1700.0,4850.0,2250.0,0.0,150.0,13300.0,171.0,"Bangladesh Rice Journal 21(2) 2017, 'Cropping Systems and Land Use Pattern in Rajshahi Region', doi:10.3329/brj.v21i2.38209",Bagha,Rajshahi,24.2004,88.8283
Rajshahi,Bagmara,36558.0,450.0,2800.0,14370.0,9790.0,900.0,190.0,28500.0,229.0,"Bangladesh Rice Journal 21(2) 2017, 'Cropping Systems and Land Use Pattern in Rajshahi Region', doi:10.3329/brj.v21i2.38209",Baghmara,Rajshahi,24.5911,88.8107
Rajshahi,Durgapur,22200.0,480.0,1510.0,3680.0,7800.0,0.0,110.0,13580.0,243.0,"Bangladesh Rice Journal 21(2) 2017, 'Cropping Systems and Land Use Pattern in Rajshahi Region', doi:10.3329/brj.v21i2.38209",Durgapur,Netrakona,25.0897,90.6821
Rajshahi,Godagari,47526.0,40.0,120.0,36580.0,2700.0,0.0,150.0,39590.0,206.0,"Bangladesh Rice Journal 21(2) 2017, 'Cropping Systems and Land Use Pattern in Rajshahi Region', doi:10.3329/brj.v21i2.38209",Godagari,Rajshahi,24.4836,88.4147
Rajshahi,Mohanpur,16276.0,50.0,2250.0,1020.0,7660.0,200.0,170.0,11350.0,252.0,"Bangladesh Rice Journal 21(2) 2017, 'Cropping Systems and Land Use Pattern in Rajshahi Region', doi:10.3329/brj.v21i2.38209",Mohanpur,Rajshahi,24.5536,88.6403
Rajshahi,Paba,29783.0,570.0,1370.0,5030.0,8290.0,0.0,160.0,15420.0,242.0,"Bangladesh Rice Journal 21(2) 2017, 'Cropping Systems and Land Use Pattern in Rajshahi Region', doi:10.3329/brj.v21i2.38209",Paba,Rajshahi,24.4022,88.6004
Rajshahi,Puthia,19264.0,3600.0,1170.0,2880.0,6150.0,0.0,150.0,13950.0,210.0,"Bangladesh Rice Journal 21(2) 2017, 'Cropping Systems and Land Use Pattern in Rajshahi Region', doi:10.3329/brj.v21i2.38209",Puthia,Rajshahi,24.411,88.8274
Rajshahi,Tanor,29580.0,150.0,450.0,15850.0,5980.0,0.0,120.0,22550.0,224.0,"Bangladesh Rice Journal 21(2) 2017, 'Cropping Systems and Land Use Pattern in Rajshahi Region', doi:10.3329/brj.v21i2.38209",Tanore,Rajshahi,24.6202,88.5312
Rangpur,Rangpur,13981.0,190.0,470.0,7510.0,3250.0,0.0,170.0,11590.0,223.0,"Bangladesh Rice Journal 21(2) 2017, 'Crop Diversification in Rangpur Region', doi:10.3329/brj.v21i2.38210",Rangpur Sadar,Rangpur,25.7459,89.2124
Rangpur,Gangachara,24574.0,140.0,500.0,8150.0,11720.0,200.0,130.0,20840.0,255.0,"Bangladesh Rice Journal 21(2) 2017, 'Crop Diversification in Rangpur Region', doi:10.3329/brj.v21i2.38210",Gangachara,Rangpur,25.8742,89.1933
Rangpur,Kaunia,14757.0,200.0,600.0,5620.0,5460.0,0.0,120.0,12000.0,239.0,"Bangladesh Rice Journal 21(2) 2017, 'Crop Diversification in Rangpur Region', doi:10.3329/brj.v21i2.38210",Kaunia,Rangpur,25.7639,89.395
Rangpur,Pirgachha,26518.0,630.0,0.0,13580.0,5500.0,0.0,120.0,19830.0,225.0,"Bangladesh Rice Journal 21(2) 2017, 'Crop Diversification in Rangpur Region', doi:10.3329/brj.v21i2.38210",Pirgachha,Rangpur,25.6652,89.42
Rangpur,Pirganj,40932.0,940.0,5390.0,19000.0,7200.0,0.0,110.0,32640.0,203.0,"Bangladesh Rice Journal 21(2) 2017, 'Crop Diversification in Rangpur Region', doi:10.3329/brj.v21i2.38210",Pirganj,Rangpur,25.4237,89.2743
Rangpur,Badarganj,30127.0,900.0,350.0,14010.0,6880.0,0.0,160.0,22300.0,225.0,"Bangladesh Rice Journal 21(2) 2017, 'Crop Diversification in Rangpur Region', doi:10.3329/brj.v21i2.38210",Badarganj,Rangpur,25.6659,89.0564
Rangpur,Mithapukur,51584.0,630.0,1510.0,26320.0,15950.0,0.0,120.0,44530.0,231.0,"Bangladesh Rice Journal 21(2) 2017, 'Crop Diversification in Rangpur Region', doi:10.3329/brj.v21i2.38210",Mitha Pukur,Rangpur,25.5713,89.2612
Rangpur,Taraganj,12866.0,720.0,150.0,7300.0,3180.0,0.0,170.0,11520.0,220.0,"Bangladesh Rice Journal 21(2) 2017, 'Crop Diversification in Rangpur Region', doi:10.3329/brj.v21i2.38210",Taraganj,Rangpur,25.7806,89.0334
Rangpur,Gaiba. sadar,32024.0,30.0,3340.0,14650.0,1360.0,0.0,150.0,19530.0,190.0,"Bangladesh Rice Journal 21(2) 2017, 'Crop Diversification in Rangpur Region', doi:10.3329/brj.v21i2.38210",Gaibandha Sadar,Gaibandha,25.3497,89.5667
Rangpur,Palasbari,18525.0,500.0,0.0,11670.0,1950.0,0.0,130.0,14250.0,210.0,"Bangladesh Rice Journal 21(2) 2017, 'Crop Diversification in Rangpur Region', doi:10.3329/brj.v21i2.38210",Palashbari,Gaibandha,25.2636,89.3967
Rangpur,Gobindaganj,46003.0,2610.0,1740.0,20100.0,11780.0,0.0,180.0,36410.0,221.0,"Bangladesh Rice Journal 21(2) 2017, 'Crop Diversification in Rangpur Region', doi:10.3329/brj.v21i2.38210",Gobindaganj,Gaibandha,25.1572,89.3691
Rangpur,Saghata,23109.0,100.0,1080.0,11350.0,4220.0,0.0,150.0,16900.0,218.0,"Bangladesh Rice Journal 21(2) 2017, 'Crop Diversification in Rangpur Region', doi:10.3329/brj.v21i2.38210",Saghatta,Gaibandha,25.1234,89.5638
Rangpur,Fulchhari,30654.0,20.0,2270.0,11370.0,2320.0,0.0,140.0,16120.0,200.0,"Bangladesh Rice Journal 21(2) 2017, 'Crop Diversification in Rangpur Region', doi:10.3329/brj.v21i2.38210",Fulchhari,Gaibandha,25.2543,89.6539
Rangpur,Sundarganj,41214.0,270.0,2090.0,23550.0,4950.0,0.0,110.0,30970.0,208.0,"Bangladesh Rice Journal 21(2) 2017, 'Crop Diversification in Rangpur Region', doi:10.3329/brj.v21i2.38210",Sundarganj,Gaibandha,25.51,89.564
Rangpur,Sadullapur,22800.0,580.0,20.0,13290.0,3100.0,0.0,190.0,17180.0,215.0,"Bangladesh Rice Journal 21(2) 2017, 'Crop Diversification in Rangpur Region', doi:10.3329/brj.v21i2.38210",Sadullapur,Gaibandha,25.3948,89.4264
Rangpur,Kurigram,26566.0,500.0,900.0,11140.0,6370.0,0.0,190.0,19100.0,226.0,"Bangladesh Rice Journal 21(2) 2017, 'Crop Diversification in Rangpur Region', doi:10.3329/brj.v21i2.38210",Kurigram Sadar,Kurigram,25.826,89.6907
Rangpur,Ulipur,45867.0,60.0,1450.0,17510.0,5090.0,0.0,150.0,24260.0,215.0,"Bangladesh Rice Journal 21(2) 2017, 'Crop Diversification in Rangpur Region', doi:10.3329/brj.v21i2.38210",Ulipur,Kurigram,25.6891,89.6689
Rangpur,Chilmari,22998.0,50.0,3500.0,5750.0,2500.0,0.0,150.0,11950.0,191.0,"Bangladesh Rice Journal 21(2) 2017, 'Crop Diversification in Rangpur Region', doi:10.3329/brj.v21i2.38210",Chilmari,Kurigram,25.5663,89.7184
Rangpur,Rowmari,19200.0,190.0,140.0,7630.0,5900.0,10.0,120.0,13990.0,240.0,"Bangladesh Rice Journal 21(2) 2017, 'Crop Diversification in Rangpur Region', doi:10.3329/brj.v21i2.38210",,,,
Rangpur,Razibpur,11303.0,240.0,1750.0,4140.0,2480.0,0.0,130.0,8740.0,206.0,"Bangladesh Rice Journal 21(2) 2017, 'Crop Diversification in Rangpur Region', doi:10.3329/brj.v21i2.38210",Kazipur,Sirajganj,24.6702,89.6872
Rangpur,Bhurungamari,22800.0,220.0,1230.0,11190.0,4640.0,0.0,140.0,17420.0,218.0,"Bangladesh Rice Journal 21(2) 2017, 'Crop Diversification in Rangpur Region', doi:10.3329/brj.v21i2.38210",Bhurungamari,Kurigram,26.1161,89.6935
Rangpur,Nageswari,42080.0,160.0,4000.0,19265.0,4275.0,0.0,160.0,27860.0,200.0,"Bangladesh Rice Journal 21(2) 2017, 'Crop Diversification in Rangpur Region', doi:10.3329/brj.v21i2.38210",Nageshwari,Kurigram,25.9585,89.7401
Rangpur,Phulbari,15658.0,250.0,50.0,9500.0,2600.0,0.0,150.0,12550.0,219.0,"Bangladesh Rice Journal 21(2) 2017, 'Crop Diversification in Rangpur Region', doi:10.3329/brj.v21i2.38210",Phulbari,Kurigram,25.9481,89.5713
Rangpur,Rajarhat,16622.0,90.0,1010.0,9630.0,2610.0,0.0,150.0,13490.0,211.0,"Bangladesh Rice Journal 21(2) 2017, 'Crop Diversification in Rangpur Region', doi:10.3329/brj.v21i2.38210",Rajarhat,Kurigram,25.7861,89.5424
Rangpur,Nilphamari,37308.0,140.0,1200.0,18230.0,10510.0,0.0,160.0,30240.0,230.0,"Bangladesh Rice Journal 21(2) 2017, 'Crop Diversification in Rangpur Region', doi:10.3329/brj.v21i2.38210",Nilphamari Sadar,Nilphamari,25.9417,88.8548
Rangpur,Saidpur,12167.0,160.0,0.0,7360.0,1420.0,0.0,120.0,9060.0,214.0,"Bangladesh Rice Journal 21(2) 2017, 'Crop Diversification in Rangpur Region', doi:10.3329/brj.v21i2.38210",Saidpur,Nilphamari,25.8028,88.9221
Rangpur,Domar,25084.0,310.0,150.0,14540.0,4920.0,0.0,140.0,20060.0,222.0,"Bangladesh Rice Journal 21(2) 2017, 'Crop Diversification in Rangpur Region', doi:10.3329/brj.v21i2.38210",Domar,Nilphamari,26.1586,88.8252
Rangpur,Dimla,32688.0,640.0,1050.0,16710.0,4940.0,0.0,100.0,23440.0,214.0,"Bangladesh Rice Journal 21(2) 2017, 'Crop Diversification in Rangpur Region', doi:10.3329/brj.v21i2.38210",Dimla,Nilphamari,26.1721,88.9725
Rangpur,Jaldhaka,33675.0,540.0,0.0,16990.0,6030.0,0.0,130.0,23690.0,223.0,"Bangladesh Rice Journal 21(2) 2017, 'Crop Diversification in Rangpur Region', doi:10.3329/brj.v21i2.38210",Jaldhaka,Nilphamari,26.0296,88.9933
Rangpur,Kishoreganj,20502.0,520.0,250.0,7510.0,6690.0,0.0,150.0,15120.0,240.0,"Bangladesh Rice Journal 21(2) 2017, 'Crop Diversification in Rangpur Region', doi:10.3329/brj.v21i2.38210",Kishoreganj,Nilphamari,25.8961,89.0328
Rangpur,Lalmonirhat,26075.0,500.0,500.0,11300.0,6820.0,0.0,180.0,19300.0,230.0,"Bangladesh Rice Journal 21(2) 2017, 'Crop Diversification in Rangpur Region', doi:10.3329/brj.v21i2.38210",Lalmonirhat Sadar,Lalmonirhat,25.8747,89.4527
Rangpur,Aditmari,19503.0,280.0,1090.0,8520.0,6115.0,0.0,125.0,16130.0,230.0,"Bangladesh Rice Journal 21(2) 2017, 'Crop Diversification in Rangpur Region', doi:10.3329/brj.v21i2.38210",Aditmari,Lalmonirhat,25.9421,89.3687
Rangpur,Kaliganj,23694.0,170.0,250.0,15040.0,3860.0,0.0,150.0,19470.0,218.0,"Bangladesh Rice Journal 21(2) 2017, 'Crop Diversification in Rangpur Region', doi:10.3329/brj.v21i2.38210",Kaliganj,Gazipur,23.9642,90.5549
Rangpur,Hatibandha,28777.0,230.0,1050.0,15820.0,5770.0,0.0,160.0,23030.0,220.0,"Bangladesh Rice Journal 21(2) 2017, 'Crop Diversification in Rangpur Region', doi:10.3329/brj.v21i2.38210",Hatibandha,Lalmonirhat,26.1215,89.1409
Rangpur,Patgram,26151.0,110.0,200.0,16060.0,4390.0,0.0,150.0,20910.0,220.0,"Bangladesh Rice Journal 21(2) 2017, 'Crop Diversification in Rangpur Region', doi:10.3329/brj.v21i2.38210",Patgram,Lalmonirhat,26.347,89.0256
Sylhet,Ajmiriganj,22400.0,0.0,10850.0,4550.0,0.0,0.0,100.0,15500.0,130.0,"Bangladesh Rice Journal 21(2) 2017, 'Cropping Systems and Land Use in Sylhet Region', doi:10.3329/brj.v21i2.38211",Ajmiriganj,Habiganj,24.5533,91.2843
Sylhet,Bahubal,30100.0,550.0,5900.0,8100.0,1800.0,0.0,100.0,16450.0,172.0,"Bangladesh Rice Journal 21(2) 2017, 'Cropping Systems and Land Use in Sylhet Region', doi:10.3329/brj.v21i2.38211",Bahubal,Habiganj,24.3606,91.5464
Sylhet,Baniachang,48246.0,0.0,22960.0,14320.0,50.0,0.0,170.0,37500.0,139.0,"Bangladesh Rice Journal 21(2) 2017, 'Cropping Systems and Land Use in Sylhet Region', doi:10.3329/brj.v21i2.38211",Baniachong,Habiganj,24.4947,91.3654
Sylhet,Chunarughat,42696.0,310.0,460.0,13500.0,8160.0,0.0,180.0,22610.0,233.0,"Bangladesh Rice Journal 21(2) 2017, 'Cropping Systems and Land Use in Sylhet Region', doi:10.3329/brj.v21i2.38211",Chunarughat,Habiganj,24.1816,91.5174
Sylhet,Habiganj,25139.0,180.0,4000.0,9010.0,6400.0,0.0,140.0,19730.0,211.0,"Bangladesh Rice Journal 21(2) 2017, 'Cropping Systems and Land Use in Sylhet Region', doi:10.3329/brj.v21i2.38211",Habiganj Sadar,Habiganj,24.3359,91.4143
Sylhet,Lakhai,19042.0,10.0,8360.0,6815.0,205.0,0.0,120.0,15510.0,147.0,"Bangladesh Rice Journal 21(2) 2017, 'Cropping Systems and Land Use in Sylhet Region', doi:10.3329/brj.v21i2.38211",Lakhai,Habiganj,24.2981,91.2603
Sylhet,Madhabpur,22427.0,140.0,0.0,11070.0,4800.0,0.0,130.0,16140.0,229.0,"Bangladesh Rice Journal 21(2) 2017, 'Cropping Systems and Land Use in Sylhet Region', doi:10.3329/brj.v21i2.38211",Madhabpur,Habiganj,24.1205,91.3415
Sylhet,Nabiganj,30262.0,10.0,18820.0,5795.0,200.0,0.0,185.0,25010.0,125.0,"Bangladesh Rice Journal 21(2) 2017, 'Cropping Systems and Land Use in Sylhet Region', doi:10.3329/brj.v21i2.38211",Nabiganj,Habiganj,24.5696,91.5444
Sylhet,Barlekha,44905.0,450.0,5215.0,5225.0,655.0,0.0,105.0,11650.0,157.0,"Bangladesh Rice Journal 21(2) 2017, 'Cropping Systems and Land Use in Sylhet Region', doi:10.3329/brj.v21i2.38211",Barlekha,Maulvibazar,24.7082,92.1756
Sylhet,Juri,18630.0,70.0,3550.0,5695.0,1140.0,0.0,115.0,10570.0,176.0,"Bangladesh Rice Journal 21(2) 2017, 'Cropping Systems and Land Use in Sylhet Region', doi:10.3329/brj.v21i2.38211",Juri,Maulvibazar,24.5532,92.1432
Sylhet,Kamalganj,48526.0,620.0,1850.0,13070.0,2390.0,0.0,140.0,18070.0,200.0,"Bangladesh Rice Journal 21(2) 2017, 'Cropping Systems and Land Use in Sylhet Region', doi:10.3329/brj.v21i2.38211",Kamalganj,Maulvibazar,24.3157,91.8592
Sylhet,Kulaura,54500.0,70.0,12000.0,7030.0,3220.0,0.0,100.0,22420.0,160.0,"Bangladesh Rice Journal 21(2) 2017, 'Cropping Systems and Land Use in Sylhet Region', doi:10.3329/brj.v21i2.38211",Kulaura,Maulvibazar,24.4903,92.0123
Sylhet,Maulvibazar,34419.0,60.0,14700.0,10350.0,360.0,0.0,90.0,25560.0,143.0,"Bangladesh Rice Journal 21(2) 2017, 'Cropping Systems and Land Use in Sylhet Region', doi:10.3329/brj.v21i2.38211",Maulvi Bazar Sadar,Maulvibazar,24.4995,91.7123
Sylhet,Rajnagar,33815.0,100.0,8010.0,11870.0,160.0,0.0,160.0,20300.0,161.0,"Bangladesh Rice Journal 21(2) 2017, 'Cropping Systems and Land Use in Sylhet Region', doi:10.3329/brj.v21i2.38211",Rajnagar,Maulvibazar,24.5653,91.8608
Sylhet,Sreemangal,45093.0,450.0,3600.0,13030.0,1710.0,0.0,110.0,18900.0,188.0,"Bangladesh Rice Journal 21(2) 2017, 'Cropping Systems and Land Use in Sylhet Region', doi:10.3329/brj.v21i2.38211",Sreemangal,Maulvibazar,24.301,91.698
Sylhet,Biswambarpur,24900.0,150.0,8000.0,8630.0,175.0,0.0,95.0,17050.0,153.0,"Bangladesh Rice Journal 21(2) 2017, 'Cropping Systems and Land Use in Sylhet Region', doi:10.3329/brj.v21i2.38211",Bishwambarpur,Sunamganj,25.1098,91.3151
Sylhet,Chhatak,44067.0,10.0,16530.0,3300.0,0.0,0.0,70.0,19910.0,117.0,"Bangladesh Rice Journal 21(2) 2017, 'Cropping Systems and Land Use in Sylhet Region', doi:10.3329/brj.v21i2.38211",Chhatak,Sunamganj,24.9439,91.6155
Sylhet,Dharampasha,53123.0,100.0,30910.0,3750.0,550.0,0.0,190.0,35500.0,114.0,"Bangladesh Rice Journal 21(2) 2017, 'Cropping Systems and Land Use in Sylhet Region', doi:10.3329/brj.v21i2.38211",Dharampasha,Sunamganj,25.0107,91.0407
Sylhet,Derai,42093.0,0.0,28470.0,2250.0,0.0,0.0,80.0,30800.0,107.0,"Bangladesh Rice Journal 21(2) 2017, 'Cropping Systems and Land Use in Sylhet Region', doi:10.3329/brj.v21i2.38211",Derai,Sunamganj,24.7875,91.336
Sylhet,Dowarabazar,28492.0,70.0,13615.0,7700.0,1055.0,0.0,130.0,22570.0,144.0,"Bangladesh Rice Journal 21(2) 2017, 'Cropping Systems and Land Use in Sylhet Region', doi:10.3329/brj.v21i2.38211",Dowarabazar,Sunamganj,25.0717,91.5625
Sylhet,Jagannathpur,37591.0,80.0,24600.0,2230.0,550.0,0.0,70.0,27530.0,112.0,"Bangladesh Rice Journal 21(2) 2017, 'Cropping Systems and Land Use in Sylhet Region', doi:10.3329/brj.v21i2.38211",Jagannathpur,Sunamganj,24.7469,91.5558
Sylhet,Jamalganj,30938.0,10.0,21320.0,4280.0,0.0,0.0,100.0,25710.0,117.0,"Bangladesh Rice Journal 21(2) 2017, 'Cropping Systems and Land Use in Sylhet Region', doi:10.3329/brj.v21i2.38211",Jamalganj,Sunamganj,24.9542,91.203
Sylhet,Sulla,26085.0,0.0,17150.0,6020.0,0.0,0.0,130.0,23300.0,126.0,"Bangladesh Rice Journal 21(2) 2017, 'Cropping Systems and Land Use in Sylhet Region', doi:10.3329/brj.v21i2.38211",Sulla,Sunamganj,24.6864,91.2569
Sylhet,Sunamganj South,30317.0,10.0,21000.0,2090.0,0.0,0.0,110.0,23210.0,109.0,"Bangladesh Rice Journal 21(2) 2017, 'Cropping Systems and Land Use in Sylhet Region', doi:10.3329/brj.v21i2.38211",,,,
Sylhet,Sunamganj,29083.0,10.0,10500.0,7430.0,930.0,0.0,40.0,18910.0,149.0,"Bangladesh Rice Journal 21(2) 2017, 'Cropping Systems and Land Use in Sylhet Region', doi:10.3329/brj.v21i2.38211",Sunamganj Sadar,Sunamganj,25.0508,91.3955
Sylhet,Tahirpur,31425.0,70.0,14710.0,7720.0,300.0,0.0,120.0,22920.0,136.0,"Bangladesh Rice Journal 21(2) 2017, 'Cropping Systems and Land Use in Sylhet Region', doi:10.3329/brj.v21i2.38211",Tahirpur,Sunamganj,25.1281,91.1633
Sylhet,Balaganj,37592.0,0.0,13900.0,12500.0,1100.0,0.0,150.0,27650.0,153.0,"Bangladesh Rice Journal 21(2) 2017, 'Cropping Systems and Land Use in Sylhet Region', doi:10.3329/brj.v21i2.38211",Balaganj,Sylhet,24.6954,91.7734
Sylhet,Beanibazar,25072.0,0.0,9300.0,4300.0,200.0,0.0,150.0,13950.0,134.0,"Bangladesh Rice Journal 21(2) 2017, 'Cropping Systems and Land Use in Sylhet Region', doi:10.3329/brj.v21i2.38211",Beani Bazar,Sylhet,24.8489,92.1591
Sylhet,Biswanath,21450.0,0.0,7300.0,7800.0,1300.0,0.0,150.0,16550.0,163.0,"Bangladesh Rice Journal 21(2) 2017, 'Cropping Systems and Land Use in Sylhet Region', doi:10.3329/brj.v21i2.38211",Bishwanath,Sylhet,24.8349,91.7292
Sylhet,Companiganj,27803.0,10.0,12235.0,5575.0,785.0,0.0,105.0,18710.0,138.0,"Bangladesh Rice Journal 21(2) 2017, 'Cropping Systems and Land Use in Sylhet Region', doi:10.3329/brj.v21i2.38211",Companiganj,Noakhali,22.7825,91.2735
Sylhet,Fenchuganj,11480.0,0.0,5400.0,2750.0,200.0,0.0,150.0,8500.0,138.0,"Bangladesh Rice Journal 21(2) 2017, 'Cropping Systems and Land Use in Sylhet Region', doi:10.3329/brj.v21i2.38211",Fenchuganj,Sylhet,24.6938,91.9617
Sylhet,Goainghat,48273.0,10.0,15000.0,6800.0,1850.0,0.0,150.0,23810.0,144.0,"Bangladesh Rice Journal 21(2) 2017, 'Cropping Systems and Land Use in Sylhet Region', doi:10.3329/brj.v21i2.38211",Gowainghat,Sylhet,25.0831,91.9583
Sylhet,Golapganj,27355.0,10.0,4900.0,11500.0,200.0,0.0,100.0,16710.0,172.0,"Bangladesh Rice Journal 21(2) 2017, 'Cropping Systems and Land Use in Sylhet Region', doi:10.3329/brj.v21i2.38211",Golabganj,Sylhet,24.812,92.017
Sylhet,Jaintapur,17883.0,1040.0,7010.0,5665.0,650.0,0.0,125.0,14490.0,148.0,"Bangladesh Rice Journal 21(2) 2017, 'Cropping Systems and Land Use in Sylhet Region', doi:10.3329/brj.v21i2.38211",Jaintiapur,Sylhet,25.0565,92.1014
Sylhet,Zakiganj,26955.0,10.0,13660.0,5480.0,520.0,0.0,140.0,19810.0,133.0,"Bangladesh Rice Journal 21(2) 2017, 'Cropping Systems and Land Use in Sylhet Region', doi:10.3329/brj.v21i2.38211",Zakiganj,Sylhet,24.926,92.3671
Sylhet,Kanaighat,41225.0,10.0,11745.0,10110.0,1200.0,0.0,145.0,23210.0,154.0,"Bangladesh Rice Journal 21(2) 2017, 'Cropping Systems and Land Use in Sylhet Region', doi:10.3329/brj.v21i2.38211",Kanaighat,Sylhet,24.9935,92.218
Sylhet,Surma,19449.0,0.0,6400.0,8500.0,0.0,0.0,150.0,15050.0,157.0,"Bangladesh Rice Journal 21(2) 2017, 'Cropping Systems and Land Use in Sylhet Region', doi:10.3329/brj.v21i2.38211",,,,
Sylhet,Sylhet,30570.0,10.0,3500.0,7140.0,950.0,0.0,110.0,11710.0,178.0,"Bangladesh Rice Journal 21(2) 2017, 'Cropping Systems and Land Use in Sylhet Region', doi:10.3329/brj.v21i2.38211",Sylhet Sadar,Sylhet,24.9413,91.8474
