region,rank_in_region,pattern,upazila,area_ha,pct_upazila_nca,pct_of_pattern_in_region,source,adm3_name,district,lat,lon
Barisal,1,Fallow-Fallow-T. Aman,Kalapara,21300.0,53.12,20.1,"Bangladesh Rice Journal 21(2) 2017, 'Diversity of Crops and Land Use Pattern in Barisal Region', doi:10.3329/brj.v21i2.38196",Kala Para,Patuakhali,21.8914,90.1948
Barisal,1,Fallow-Fallow-T. Aman,Mathbaria,9200.0,44.35,8.68,"Bangladesh Rice Journal 21(2) 2017, 'Diversity of Crops and Land Use Pattern in Barisal Region', doi:10.3329/brj.v21i2.38196",Mathbaria,Pirojpur,22.2853,89.9507
Barisal,1,Fallow-Fallow-T. Aman,Taltali,8200.0,57.5,7.74,"Bangladesh Rice Journal 21(2) 2017, 'Diversity of Crops and Land Use Pattern in Barisal Region', doi:10.3329/brj.v21i2.38196",,,,
Barisal,1,Fallow-Fallow-T. Aman,Rangabali,6200.0,18.18,5.85,"Bangladesh Rice Journal 21(2) 2017, 'Diversity of Crops and Land Use Pattern in Barisal Region', doi:10.3329/brj.v21i2.38196",,,,
Barisal,1,Fallow-Fallow-T. Aman,Barguna,6100.0,24.42,5.76,"Bangladesh Rice Journal 21(2) 2017, 'Diversity of Crops and Land Use Pattern in Barisal Region', doi:10.3329/brj.v21i2.38196",Barguna Sadar,Barguna,22.1346,90.109
Barisal,1,Fallow-Fallow-T. Aman,Bakerganj,6000.0,20.34,5.66,"Bangladesh Rice Journal 21(2) 2017, 'Diversity of Crops and Land Use Pattern in Barisal Region', doi:10.3329/brj.v21i2.38196",Bakerganj,Barisal,22.5524,90.3826
Barisal,1,Fallow-Fallow-T. Aman,Charfasson,5000.0,6.58,4.72,"Bangladesh Rice Journal 21(2) 2017, 'Diversity of Crops and Land Use Pattern in Barisal Region', doi:10.3329/brj.v21i2.38196",Char Fasson,Bhola,22.1331,90.7071
Barisal,1,Fallow-Fallow-T. Aman,Bhandaria,5000.0,50.81,4.72,"Bangladesh Rice Journal 21(2) 2017, 'Diversity of Crops and Land Use Pattern in Barisal Region', doi:10.3329/brj.v21i2.38196",Bhandaria,Pirojpur,22.4542,90.0215
Barisal,1,Fallow-Fallow-T. Aman,Rajapur,4600.0,39.36,4.34,"Bangladesh Rice Journal 21(2) 2017, 'Diversity of Crops and Land Use Pattern in Barisal Region', doi:10.3329/brj.v21i2.38196",Rajapur,Jhalokati,22.5507,90.131
Barisal,1,Fallow-Fallow-T. Aman,Zianagar,3400.0,52.0,3.21,"Bangladesh Rice Journal 21(2) 2017, 'Diversity of Crops and Land Use Pattern in Barisal Region', doi:10.3329/brj.v21i2.38196",Zianagar,Bagerhat,22.4657,89.9345
Barisal,1,Fallow-Fallow-T. Aman,Barisal sadar,3300.0,17.09,3.11,"Bangladesh Rice Journal 21(2) 2017, 'Diversity of Crops and Land Use Pattern in Barisal Region', doi:10.3329/brj.v21i2.38196",Barisal Sadar (Kotwali),Barisal,22.7146,90.3822
Barisal,1,Fallow-Fallow-T. Aman,Pirojpur,3000.0,24.54,2.83,"Bangladesh Rice Journal 21(2) 2017, 'Diversity of Crops and Land Use Pattern in Barisal Region', doi:10.3329/brj.v21i2.38196",Pirojpur Sadar,Pirojpur,22.6086,89.9811
Barisal,1,Fallow-Fallow-T. Aman,Mirzaganj,2400.0,20.73,2.27,"Bangladesh Rice Journal 21(2) 2017, 'Diversity of Crops and Land Use Pattern in Barisal Region', doi:10.3329/brj.v21i2.38196",Mirzaganj,Patuakhali,22.3569,90.2167
Barisal,1,Fallow-Fallow-T. Aman,Patuakhali sadar,2400.0,20.73,2.27,"Bangladesh Rice Journal 21(2) 2017, 'Diversity of Crops and Land Use Pattern in Barisal Region', doi:10.3329/brj.v21i2.38196",Patuakhali Sadar,Patuakhali,22.3358,90.329
Barisal,1,Fallow-Fallow-T. Aman,Kawkhali,2100.0,41.53,1.98,"Bangladesh Rice Journal 21(2) 2017, 'Diversity of Crops and Land Use Pattern in Barisal Region', doi:10.3329/brj.v21i2.38196",Kawkhali,Pirojpur,22.6067,90.0585
Barisal,1,Fallow-Fallow-T. Aman,Nesarabad,1800.0,17.03,1.7,"Bangladesh Rice Journal 21(2) 2017, 'Diversity of Crops and Land Use Pattern in Barisal Region', doi:10.3329/brj.v21i2.38196",,,,
Barisal,1,Fallow-Fallow-T. Aman,Jhalakati,1700.0,11.28,1.6,"Bangladesh Rice Journal 21(2) 2017, 'Diversity of Crops and Land Use Pattern in Barisal Region', doi:10.3329/brj.v21i2.38196",,,,
Barisal,1,Fallow-Fallow-T. Aman,Amtali,1500.0,6.39,1.42,"Bangladesh Rice Journal 21(2) 2017, 'Diversity of Crops and Land Use Pattern in Barisal Region', doi:10.3329/brj.v21i2.38196",Amtali,Barguna,22.0749,90.2028
Barisal,1,Fallow-Fallow-T. Aman,Patharghata,1500.0,8.54,1.42,"Bangladesh Rice Journal 21(2) 2017, 'Diversity of Crops and Land Use Pattern in Barisal Region', doi:10.3329/brj.v21i2.38196",Patharghata,Barguna,22.0941,89.9658
Barisal,1,Fallow-Fallow-T. Aman,Kathalia,1400.0,13.02,1.32,"Bangladesh Rice Journal 21(2) 2017, 'Diversity of Crops and Land Use Pattern in Barisal Region', doi:10.3329/brj.v21i2.38196",Kanthalia,Jhalokati,22.4203,90.1024
Barisal,1,Fallow-Fallow-T. Aman,Bamna,1300.0,18.48,1.23,"Bangladesh Rice Journal 21(2) 2017, 'Diversity of Crops and Land Use Pattern in Barisal Region', doi:10.3329/brj.v21i2.38196",Bamna,Barguna,22.2725,90.0581
Barisal,1,Fallow-Fallow-T. Aman,Daulatkhan,1200.0,8.95,1.13,"Bangladesh Rice Journal 21(2) 2017, 'Diversity of Crops and Land Use Pattern in Barisal Region', doi:10.3329/brj.v21i2.38196",Daulatkhan,Bhola,22.5959,90.702
Barisal,1,Fallow-Fallow-T. Aman,Bauphal,1200.0,3.24,1.13,"Bangladesh Rice Journal 21(2) 2017, 'Diversity of Crops and Land Use Pattern in Barisal Region', doi:10.3329/brj.v21i2.38196",Bauphal,Patuakhali,22.433,90.5384
Barisal,1,Fallow-Fallow-T. Aman,Monpura,1000.0,8.16,0.94,"Bangladesh Rice Journal 21(2) 2017, 'Diversity of Crops and Land Use Pattern in Barisal Region', doi:10.3329/brj.v21i2.38196",Manpura,Bhola,22.2002,90.9548
Barisal,1,Fallow-Fallow-T. Aman,Galachpipa,1000.0,3.04,0.94,"Bangladesh Rice Journal 21(2) 2017, 'Diversity of Crops and Land Use Pattern in Barisal Region', doi:10.3329/brj.v21i2.38196",Galachipa,Patuakhali,22.2031,90.423
Barisal,1,Fallow-Fallow-T. Aman,Muladi,700.0,4.66,0.66,"Bangladesh Rice Journal 21(2) 2017, 'Diversity of Crops and Land Use Pattern in Barisal Region', doi:10.3329/brj.v21i2.38196",Muladi,Barisal,22.9526,90.3759
Barisal,1,Fallow-Fallow-T. Aman,Hizla,630.0,4.75,0.59,"Bangladesh Rice Journal 21(2) 2017, 'Diversity of Crops and Land Use Pattern in Barisal Region', doi:10.3329/brj.v21i2.38196",Hizla,Barisal,22.966,90.5334
Barisal,1,Fallow-Fallow-T. Aman,Betagi,600.0,4.84,0.57,"Bangladesh Rice Journal 21(2) 2017, 'Diversity of Crops and Land Use Pattern in Barisal Region', doi:10.3329/brj.v21i2.38196",Betagi,Barguna,22.3472,90.1482
Barisal,1,Fallow-Fallow-T. Aman,Dumki,600.0,8.49,0.57,"Bangladesh Rice Journal 21(2) 2017, 'Diversity of Crops and Land Use Pattern in Barisal Region', doi:10.3329/brj.v21i2.38196",Dumki,Patuakhali,22.4503,90.3719
Barisal,1,Fallow-Fallow-T. Aman,Banaripara,500.0,6.61,0.47,"Bangladesh Rice Journal 21(2) 2017, 'Diversity of Crops and Land Use Pattern in Barisal Region', doi:10.3329/brj.v21i2.38196",Banari Para,Barisal,22.8118,90.1284
Barisal,1,Fallow-Fallow-T. Aman,Nalchity,500.0,3.49,0.47,"Bangladesh Rice Journal 21(2) 2017, 'Diversity of Crops and Land Use Pattern in Barisal Region', doi:10.3329/brj.v21i2.38196",Nalchity,Jhalokati,22.6007,90.2736
Barisal,1,Fallow-Fallow-T. Aman,Dashmina,500.0,2.67,0.47,"Bangladesh Rice Journal 21(2) 2017, 'Diversity of Crops and Land Use Pattern in Barisal Region', doi:10.3329/brj.v21i2.38196",Dashmina,Patuakhali,22.2802,90.5379
Barisal,1,Fallow-Fallow-T. Aman,Nazirpur,120.0,0.76,0.11,"Bangladesh Rice Journal 21(2) 2017, 'Diversity of Crops and Land Use Pattern in Barisal Region', doi:10.3329/brj.v21i2.38196",Nazirpur,Pirojpur,22.7703,89.9743
Barisal,4,Grasspea-Fallow-T. Aman,Mathbaria,6200.0,29.89,9.39,"Bangladesh Rice Journal 21(2) 2017, 'Diversity of Crops and Land Use Pattern in Barisal Region', doi:10.3329/brj.v21i2.38196",Mathbaria,Pirojpur,22.2853,89.9507
Barisal,4,Grasspea-Fallow-T. Aman,Patuakhali sadar,5200.0,18.55,7.88,"Bangladesh Rice Journal 21(2) 2017, 'Diversity of Crops and Land Use Pattern in Barisal Region', doi:10.3329/brj.v21i2.38196",Patuakhali Sadar,Patuakhali,22.3358,90.329
Barisal,4,Grasspea-Fallow-T. Aman,Kalapara,5100.0,12.72,7.72,"Bangladesh Rice Journal 21(2) 2017, 'Diversity of Crops and Land Use Pattern in Barisal Region', doi:10.3329/brj.v21i2.38196",Kala Para,Patuakhali,21.8914,90.1948
Barisal,4,Grasspea-Fallow-T. Aman,Bauphal,4500.0,12.15,6.82,"Bangladesh Rice Journal 21(2) 2017, 'Diversity of Crops and Land Use Pattern in Barisal Region', doi:10.3329/brj.v21i2.38196",Bauphal,Patuakhali,22.433,90.5384
Barisal,4,Grasspea-Fallow-T. Aman,Mehendiganj,4200.0,18.22,6.36,"Bangladesh Rice Journal 21(2) 2017, 'Diversity of Crops and Land Use Pattern in Barisal Region', doi:10.3329/brj.v21i2.38196",Mehendiganj,Barisal,22.8404,90.56
Barisal,4,Grasspea-Fallow-T. Aman,Barisal sadar,4000.0,20.71,6.06,"Bangladesh Rice Journal 21(2) 2017, 'Diversity of Crops and Land Use Pattern in Barisal Region', doi:10.3329/brj.v21i2.38196",Barisal Sadar (Kotwali),Barisal,22.7146,90.3822
Barisal,4,Grasspea-Fallow-T. Aman,Muladi,3600.0,23.98,5.45,"Bangladesh Rice Journal 21(2) 2017, 'Diversity of Crops and Land Use Pattern in Barisal Region', doi:10.3329/brj.v21i2.38196",Muladi,Barisal,22.9526,90.3759
Barisal,4,Grasspea-Fallow-T. Aman,Taltali,3400.0,23.84,5.15,"Bangladesh Rice Journal 21(2) 2017, 'Diversity of Crops and Land Use Pattern in Barisal Region', doi:10.3329/brj.v21i2.38196",,,,
Barisal,4,Grasspea-Fallow-T. Aman,Patharghata,3100.0,17.65,4.69,"Bangladesh Rice Journal 21(2) 2017, 'Diversity of Crops and Land Use Pattern in Barisal Region', doi:10.3329/brj.v21i2.38196",Patharghata,Barguna,22.0941,89.9658
Barisal,4,Grasspea-Fallow-T. Aman,Lalmohan,2900.0,11.38,4.39,"Bangladesh Rice Journal 21(2) 2017, 'Diversity of Crops and Land Use Pattern in Barisal Region', doi:10.3329/brj.v21i2.38196",Lalmohan,Bhola,22.3148,90.7543
Barisal,4,Grasspea-Fallow-T. Aman,Betagi,2800.0,22.6,4.24,"Bangladesh Rice Journal 21(2) 2017, 'Diversity of Crops and Land Use Pattern in Barisal Region', doi:10.3329/brj.v21i2.38196",Betagi,Barguna,22.3472,90.1482
Barisal,4,Grasspea-Fallow-T. Aman,Babuganj,2500.0,20.8,3.79,"Bangladesh Rice Journal 21(2) 2017, 'Diversity of Crops and Land Use Pattern in Barisal Region', doi:10.3329/brj.v21i2.38196",Babuganj,Barisal,22.8235,90.3146
Barisal,4,Grasspea-Fallow-T. Aman,Hizla,2300.0,17.35,3.48,"Bangladesh Rice Journal 21(2) 2017, 'Diversity of Crops and Land Use Pattern in Barisal Region', doi:10.3329/brj.v21i2.38196",Hizla,Barisal,22.966,90.5334
Barisal,4,Grasspea-Fallow-T. Aman,Amtali,2300.0,9.8,3.48,"Bangladesh Rice Journal 21(2) 2017, 'Diversity of Crops and Land Use Pattern in Barisal Region', doi:10.3329/brj.v21i2.38196",Amtali,Barguna,22.0749,90.2028
Barisal,4,Grasspea-Fallow-T. Aman,Galachpipa,2000.0,6.09,3.03,"Bangladesh Rice Journal 21(2) 2017, 'Diversity of Crops and Land Use Pattern in Barisal Region', doi:10.3329/brj.v21i2.38196",Galachipa,Patuakhali,22.2031,90.423
Barisal,4,Grasspea-Fallow-T. Aman,Dumki,1700.0,24.06,2.57,"Bangladesh Rice Journal 21(2) 2017, 'Diversity of Crops and Land Use Pattern in Barisal Region', doi:10.3329/brj.v21i2.38196",Dumki,Patuakhali,22.4503,90.3719
Barisal,4,Grasspea-Fallow-T. Aman,Bhandaria,1600.0,16.26,2.42,"Bangladesh Rice Journal 21(2) 2017, 'Diversity of Crops and Land Use Pattern in Barisal Region', doi:10.3329/brj.v21i2.38196",Bhandaria,Pirojpur,22.4542,90.0215
Barisal,4,Grasspea-Fallow-T. Aman,Tazumuddin,1500.0,13.66,2.27,"Bangladesh Rice Journal 21(2) 2017, 'Diversity of Crops and Land Use Pattern in Barisal Region', doi:10.3329/brj.v21i2.38196",Tazumuddin,Bhola,22.404,90.8164
Barisal,4,Grasspea-Fallow-T. Aman,Rajapur,1200.0,10.27,1.82,"Bangladesh Rice Journal 21(2) 2017, 'Diversity of Crops and Land Use Pattern in Barisal Region', doi:10.3329/brj.v21i2.38196",Rajapur,Jhalokati,22.5507,90.131
Barisal,4,Grasspea-Fallow-T. Aman,Katahalia,900.0,8.37,1.36,"Bangladesh Rice Journal 21(2) 2017, 'Diversity of Crops and Land Use Pattern in Barisal Region', doi:10.3329/brj.v21i2.38196",Kanthalia,Jhalokati,22.4203,90.1024
Barisal,4,Grasspea-Fallow-T. Aman,Nalchity,750.0,5.24,1.14,"Bangladesh Rice Journal 21(2) 2017, 'Diversity of Crops and Land Use Pattern in Barisal Region', doi:10.3329/brj.v21i2.38196",Nalchity,Jhalokati,22.6007,90.2736
Barisal,4,Grasspea-Fallow-T. Aman,Nazirpur,700.0,4.46,1.06,"Bangladesh Rice Journal 21(2) 2017, 'Diversity of Crops and Land Use Pattern in Barisal Region', doi:10.3329/brj.v21i2.38196",Nazirpur,Pirojpur,22.7703,89.9743
Barisal,4,Grasspea-Fallow-T. Aman,Jhalakati,650.0,4.31,0.98,"Bangladesh Rice Journal 21(2) 2017, 'Diversity of Crops and Land Use Pattern in Barisal Region', doi:10.3329/brj.v21i2.38196",,,,
Barisal,4,Grasspea-Fallow-T. Aman,Dashmina,600.0,3.2,0.91,"Bangladesh Rice Journal 21(2) 2017, 'Diversity of Crops and Land Use Pattern in Barisal Region', doi:10.3329/brj.v21i2.38196",Dashmina,Patuakhali,22.2802,90.5379
Barisal,4,Grasspea-Fallow-T. Aman,Daulatkhan,400.0,2.98,0.61,"Bangladesh Rice Journal 21(2) 2017, 'Diversity of Crops and Land Use Pattern in Barisal Region', doi:10.3329/brj.v21i2.38196",Daulatkhan,Bhola,22.5959,90.702
Barisal,4,Grasspea-Fallow-T. Aman,Bamna,400.0,5.69,0.61,"Bangladesh Rice Journal 21(2) 2017, 'Diversity of Crops and Land Use Pattern in Barisal Region', doi:10.3329/brj.v21i2.38196",Bamna,Barguna,22.2725,90.0581
Barisal,4,Grasspea-Fallow-T. Aman,Wazirpur,300.0,1.81,0.45,"Bangladesh Rice Journal 21(2) 2017, 'Diversity of Crops and Land Use Pattern in Barisal Region', doi:10.3329/brj.v21i2.38196",Wazirpur,Barisal,22.8656,90.1659
Barisal,4,Grasspea-Fallow-T. Aman,Monpura,300.0,2.45,0.45,"Bangladesh Rice Journal 21(2) 2017, 'Diversity of Crops and Land Use Pattern in Barisal Region', doi:10.3329/brj.v21i2.38196",Manpura,Bhola,22.2002,90.9548
Barisal,4,Grasspea-Fallow-T. Aman,Gournadi,260.0,2.68,0.39,"Bangladesh Rice Journal 21(2) 2017, 'Diversity of Crops and Land Use Pattern in Barisal Region', doi:10.3329/brj.v21i2.38196",Gaurnadi,Barisal,22.9662,90.2447
Barisal,4,Grasspea-Fallow-T. Aman,Zianagar,250.0,3.82,0.38,"Bangladesh Rice Journal 21(2) 2017, 'Diversity of Crops and Land Use Pattern in Barisal Region', doi:10.3329/brj.v21i2.38196",Zianagar,Bagerhat,22.4657,89.9345
Barisal,4,Grasspea-Fallow-T. Aman,Kawkhali,200.0,3.95,0.3,"Bangladesh Rice Journal 21(2) 2017, 'Diversity of Crops and Land Use Pattern in Barisal Region', doi:10.3329/brj.v21i2.38196",Kawkhali,Pirojpur,22.6067,90.0585
Barisal,4,Grasspea-Fallow-T. Aman,Burhanuddin,150.0,0.86,0.23,"Bangladesh Rice Journal 21(2) 2017, 'Diversity of Crops and Land Use Pattern in Barisal Region', doi:10.3329/brj.v21i2.38196",Burhanuddin,Bhola,22.4774,90.7331
Barisal,5,Grasspea-Aus-T. Aman,Barguna,10200.0,41.13,16.15,"Bangladesh Rice Journal 21(2) 2017, 'Diversity of Crops and Land Use Pattern in Barisal Region', doi:10.3329/brj.v21i2.38196",Barguna Sadar,Barguna,22.1346,90.109
Barisal,5,Grasspea-Aus-T. Aman,Bakerganj,9000.0,31.25,14.25,"Bangladesh Rice Journal 21(2) 2017, 'Diversity of Crops and Land Use Pattern in Barisal Region', doi:10.3329/brj.v21i2.38196",Bakerganj,Barisal,22.5524,90.3826
Barisal,5,Grasspea-Aus-T. Aman,Mirzaganj,5000.0,43.67,7.92,"Bangladesh Rice Journal 21(2) 2017, 'Diversity of Crops and Land Use Pattern in Barisal Region', doi:10.3329/brj.v21i2.38196",Mirzaganj,Patuakhali,22.3569,90.2167
Barisal,5,Grasspea-Aus-T. Aman,Charfasson,3700.0,5.08,5.86,"Bangladesh Rice Journal 21(2) 2017, 'Diversity of Crops and Land Use Pattern in Barisal Region', doi:10.3329/brj.v21i2.38196",Char Fasson,Bhola,22.1331,90.7071
Barisal,5,Grasspea-Aus-T. Aman,Betagi,3000.0,24.59,4.75,"Bangladesh Rice Journal 21(2) 2017, 'Diversity of Crops and Land Use Pattern in Barisal Region', doi:10.3329/brj.v21i2.38196",Betagi,Barguna,22.3472,90.1482
Barisal,5,Grasspea-Aus-T. Aman,Rangabali,3000.0,8.52,4.75,"Bangladesh Rice Journal 21(2) 2017, 'Diversity of Crops and Land Use Pattern in Barisal Region', doi:10.3329/brj.v21i2.38196",,,,
Barisal,5,Grasspea-Aus-T. Aman,Amtali,2600.0,11.11,4.12,"Bangladesh Rice Journal 21(2) 2017, 'Diversity of Crops and Land Use Pattern in Barisal Region', doi:10.3329/brj.v21i2.38196",Amtali,Barguna,22.0749,90.2028
Barisal,5,Grasspea-Aus-T. Aman,Pirojpur,2600.0,22.32,4.12,"Bangladesh Rice Journal 21(2) 2017, 'Diversity of Crops and Land Use Pattern in Barisal Region', doi:10.3329/brj.v21i2.38196",Pirojpur Sadar,Pirojpur,22.6086,89.9811
Barisal,5,Grasspea-Aus-T. Aman,Bhola sadar,2500.0,9.84,3.96,"Bangladesh Rice Journal 21(2) 2017, 'Diversity of Crops and Land Use Pattern in Barisal Region', doi:10.3329/brj.v21i2.38196",Bhola Sadar,Bhola,22.6837,90.6188
Barisal,5,Grasspea-Aus-T. Aman,Kathalia,2000.0,20.1,3.17,"Bangladesh Rice Journal 21(2) 2017, 'Diversity of Crops and Land Use Pattern in Barisal Region', doi:10.3329/brj.v21i2.38196",Kanthalia,Jhalokati,22.4203,90.1024
Barisal,5,Grasspea-Aus-T. Aman,Bauphal,1900.0,5.16,3.01,"Bangladesh Rice Journal 21(2) 2017, 'Diversity of Crops and Land Use Pattern in Barisal Region', doi:10.3329/brj.v21i2.38196",Bauphal,Patuakhali,22.433,90.5384
Barisal,5,Grasspea-Aus-T. Aman,Muladi,1750.0,12.32,2.77,"Bangladesh Rice Journal 21(2) 2017, 'Diversity of Crops and Land Use Pattern in Barisal Region', doi:10.3329/brj.v21i2.38196",Muladi,Barisal,22.9526,90.3759
Barisal,5,Grasspea-Aus-T. Aman,Taltali,1600.0,11.27,2.53,"Bangladesh Rice Journal 21(2) 2017, 'Diversity of Crops and Land Use Pattern in Barisal Region', doi:10.3329/brj.v21i2.38196",,,,
Barisal,5,Grasspea-Aus-T. Aman,Lalmohan,1500.0,5.92,2.38,"Bangladesh Rice Journal 21(2) 2017, 'Diversity of Crops and Land Use Pattern in Barisal Region', doi:10.3329/brj.v21i2.38196",Lalmohan,Bhola,22.3148,90.7543
Barisal,5,Grasspea-Aus-T. Aman,Bamna,1400.0,20.14,2.22,"Bangladesh Rice Journal 21(2) 2017, 'Diversity of Crops and Land Use Pattern in Barisal Region', doi:10.3329/brj.v21i2.38196",Bamna,Barguna,22.2725,90.0581
Barisal,5,Grasspea-Aus-T. Aman,Patharghata,1400.0,8.0,2.22,"Bangladesh Rice Journal 21(2) 2017, 'Diversity of Crops and Land Use Pattern in Barisal Region', doi:10.3329/brj.v21i2.38196",Patharghata,Barguna,22.0941,89.9658
Barisal,5,Grasspea-Aus-T. Aman,Daulatkhan,1200.0,8.39,1.9,"Bangladesh Rice Journal 21(2) 2017, 'Diversity of Crops and Land Use Pattern in Barisal Region', doi:10.3329/brj.v21i2.38196",Daulatkhan,Bhola,22.5959,90.702
Barisal,5,Grasspea-Aus-T. Aman,Mehendiganj,1000.0,4.44,1.58,"Bangladesh Rice Journal 21(2) 2017, 'Diversity of Crops and Land Use Pattern in Barisal Region', doi:10.3329/brj.v21i2.38196",Mehendiganj,Barisal,22.8404,90.56
Barisal,5,Grasspea-Aus-T. Aman,Galachipa,1000.0,3.0,1.58,"Bangladesh Rice Journal 21(2) 2017, 'Diversity of Crops and Land Use Pattern in Barisal Region', doi:10.3329/brj.v21i2.38196",Galachipa,Patuakhali,22.2031,90.423
Barisal,5,Grasspea-Aus-T. Aman,Patuakhali sadar,1000.0,3.6,1.58,"Bangladesh Rice Journal 21(2) 2017, 'Diversity of Crops and Land Use Pattern in Barisal Region', doi:10.3329/brj.v21i2.38196",Patuakhali Sadar,Patuakhali,22.3358,90.329
Barisal,5,Grasspea-Aus-T. Aman,Nalchity,700.0,5.07,1.11,"Bangladesh Rice Journal 21(2) 2017, 'Diversity of Crops and Land Use Pattern in Barisal Region', doi:10.3329/brj.v21i2.38196",Nalchity,Jhalokati,22.6007,90.2736
Barisal,5,Grasspea-Aus-T. Aman,Jhalakati,650.0,4.71,1.03,"Bangladesh Rice Journal 21(2) 2017, 'Diversity of Crops and Land Use Pattern in Barisal Region', doi:10.3329/brj.v21i2.38196",,,,
Barisal,5,Grasspea-Aus-T. Aman,Dashmina,600.0,3.24,0.95,"Bangladesh Rice Journal 21(2) 2017, 'Diversity of Crops and Land Use Pattern in Barisal Region', doi:10.3329/brj.v21i2.38196",Dashmina,Patuakhali,22.2802,90.5379
Barisal,5,Grasspea-Aus-T. Aman,Burhanuddin,550.0,2.72,0.87,"Bangladesh Rice Journal 21(2) 2017, 'Diversity of Crops and Land Use Pattern in Barisal Region', doi:10.3329/brj.v21i2.38196",Burhanuddin,Bhola,22.4774,90.7331
Barisal,5,Grasspea-Aus-T. Aman,Dumki,500.0,7.14,0.79,"Bangladesh Rice Journal 21(2) 2017, 'Diversity of Crops and Land Use Pattern in Barisal Region', doi:10.3329/brj.v21i2.38196",Dumki,Patuakhali,22.4503,90.3719
Barisal,5,Grasspea-Aus-T. Aman,Kawkhali,400.0,8.16,0.63,"Bangladesh Rice Journal 21(2) 2017, 'Diversity of Crops and Land Use Pattern in Barisal Region', doi:10.3329/brj.v21i2.38196",Kawkhali,Pirojpur,22.6067,90.0585
Barisal,5,Grasspea-Aus-T. Aman,Zianagar,350.0,5.47,0.55,"Bangladesh Rice Journal 21(2) 2017, 'Diversity of Crops and Land Use Pattern in Barisal Region', doi:10.3329/brj.v21i2.38196",Zianagar,Bagerhat,22.4657,89.9345
Barisal,5,Grasspea-Aus-T. Aman,Hizla,300.0,2.26,0.48,"Bangladesh Rice Journal 21(2) 2017, 'Diversity of Crops and Land Use Pattern in Barisal Region', doi:10.3329/brj.v21i2.38196",Hizla,Barisal,22.966,90.5334
Barisal,5,Grasspea-Aus-T. Aman,Bhandaria,300.0,3.23,0.48,"Bangladesh Rice Journal 21(2) 2017, 'Diversity of Crops and Land Use Pattern in Barisal Region', doi:10.3329/brj.v21i2.38196",Bhandaria,Pirojpur,22.4542,90.0215
Barisal,5,Grasspea-Aus-T. Aman,Mathbaria,300.0,1.46,0.48,"Bangladesh Rice Journal 21(2) 2017, 'Diversity of Crops and Land Use Pattern in Barisal Region', doi:10.3329/brj.v21i2.38196",Mathbaria,Pirojpur,22.2853,89.9507
Barisal,5,Grasspea-Aus-T. Aman,Gournadi,200.0,2.04,0.32,"Bangladesh Rice Journal 21(2) 2017, 'Diversity of Crops and Land Use Pattern in Barisal Region', doi:10.3329/brj.v21i2.38196",Gaurnadi,Barisal,22.9662,90.2447
Barisal,5,Grasspea-Aus-T. Aman,Tazumuddin,200.0,1.85,0.32,"Bangladesh Rice Journal 21(2) 2017, 'Diversity of Crops and Land Use Pattern in Barisal Region', doi:10.3329/brj.v21i2.38196",Tazumuddin,Bhola,22.404,90.8164
Barisal,5,Grasspea-Aus-T. Aman,Rajapur,200.0,1.74,0.32,"Bangladesh Rice Journal 21(2) 2017, 'Diversity of Crops and Land Use Pattern in Barisal Region', doi:10.3329/brj.v21i2.38196",Rajapur,Jhalokati,22.5507,90.131
Barisal,5,Grasspea-Aus-T. Aman,Monpura,150.0,1.23,0.24,"Bangladesh Rice Journal 21(2) 2017, 'Diversity of Crops and Land Use Pattern in Barisal Region', doi:10.3329/brj.v21i2.38196",Manpura,Bhola,22.2002,90.9548
Barisal,5,Grasspea-Aus-T. Aman,Babuganj,120.0,1.02,0.19,"Bangladesh Rice Journal 21(2) 2017, 'Diversity of Crops and Land Use Pattern in Barisal Region', doi:10.3329/brj.v21i2.38196",Babuganj,Barisal,22.8235,90.3146
Barisal,5,Grasspea-Aus-T. Aman,Wazirpur,110.0,0.69,0.17,"Bangladesh Rice Journal 21(2) 2017, 'Diversity of Crops and Land Use Pattern in Barisal Region', doi:10.3329/brj.v21i2.38196",Wazirpur,Barisal,22.8656,90.1659
Barisal,5,Grasspea-Aus-T. Aman,Kalapara,100.0,0.25,0.16,"Bangladesh Rice Journal 21(2) 2017, 'Diversity of Crops and Land Use Pattern in Barisal Region', doi:10.3329/brj.v21i2.38196",Kala Para,Patuakhali,21.8914,90.1948
Barisal,5,Grasspea-Aus-T. Aman,Nazirpur,30.0,0.18,0.05,"Bangladesh Rice Journal 21(2) 2017, 'Diversity of Crops and Land Use Pattern in Barisal Region', doi:10.3329/brj.v21i2.38196",Nazirpur,Pirojpur,22.7703,89.9743
Barisal,5,Grasspea-Aus-T. Aman,Nesarabad,30.0,0.28,0.05,"Bangladesh Rice Journal 21(2) 2017, 'Diversity of Crops and Land Use Pattern in Barisal Region', doi:10.3329/brj.v21i2.38196",,,,
Bogra,1,Boro-Fallow-T. Aman,Raiganj,16500.0,77.1,11.28,"Bangladesh Rice Journal 21(2) 2017, 'Diversity of Cropping Pattern in Bogra', doi:10.3329/brj.v21i2.38197",Ramganj,Lakshmipur,23.0989,90.8726
Bogra,1,Boro-Fallow-T. Aman,Sherpur,13600.0,57.14,9.3,"Bangladesh Rice Journal 21(2) 2017, 'Diversity of Cropping Pattern in Bogra', doi:10.3329/brj.v21i2.38197",Sherpur,Bogra,24.6291,89.4223
Bogra,1,Boro-Fallow-T. Aman,Dhunat,13100.0,67.18,8.96,"Bangladesh Rice Journal 21(2) 2017, 'Diversity of Cropping Pattern in Bogra', doi:10.3329/brj.v21i2.38197",Dhunat,Bogra,24.6825,89.5503
Bogra,1,Boro-Fallow-T. Aman,Gabtali,11500.0,60.37,7.86,"Bangladesh Rice Journal 21(2) 2017, 'Diversity of Cropping Pattern in Bogra', doi:10.3329/brj.v21i2.38197",Gabtali,Bogra,24.8868,89.465
Bogra,1,Boro-Fallow-T. Aman,Sirajganj sadar,9000.0,40.54,6.15,"Bangladesh Rice Journal 21(2) 2017, 'Diversity of Cropping Pattern in Bogra', doi:10.3329/brj.v21i2.38197",Sirajganj Sadar,Sirajganj,24.494,89.6885
Bogra,1,Boro-Fallow-T. Aman,Tarash,8700.0,35.15,5.95,"Bangladesh Rice Journal 21(2) 2017, 'Diversity of Cropping Pattern in Bogra', doi:10.3329/brj.v21i2.38197",Tarash,Sirajganj,24.4431,89.3581
Bogra,1,Boro-Fallow-T. Aman,Nandigram,8000.0,35.87,5.47,"Bangladesh Rice Journal 21(2) 2017, 'Diversity of Cropping Pattern in Bogra', doi:10.3329/brj.v21i2.38197",Nandigram,Bogra,24.6813,89.2268
Bogra,1,Boro-Fallow-T. Aman,Sariakandi,8000.0,32.92,5.47,"Bangladesh Rice Journal 21(2) 2017, 'Diversity of Cropping Pattern in Bogra', doi:10.3329/brj.v21i2.38197",Sariakandi,Bogra,24.8812,89.6141
Bogra,1,Boro-Fallow-T. Aman,Panchbibi,7900.0,35.75,5.4,"Bangladesh Rice Journal 21(2) 2017, 'Diversity of Cropping Pattern in Bogra', doi:10.3329/brj.v21i2.38197",Panchbibi,Joypurhat,25.2022,89.0704
Bogra,1,Boro-Fallow-T. Aman,Shajahanpur,6500.0,40.88,4.44,"Bangladesh Rice Journal 21(2) 2017, 'Diversity of Cropping Pattern in Bogra', doi:10.3329/brj.v21i2.38197",Shajahanpur,Bogra,24.7601,89.375
Bogra,1,Boro-Fallow-T. Aman,Joypurhat sadar,5700.0,30.65,3.9,"Bangladesh Rice Journal 21(2) 2017, 'Diversity of Cropping Pattern in Bogra', doi:10.3329/brj.v21i2.38197",Joypurhat Sadar,Joypurhat,25.1055,89.0199
Bogra,1,Boro-Fallow-T. Aman,Kahalu,4700.0,24.48,3.21,"Bangladesh Rice Journal 21(2) 2017, 'Diversity of Cropping Pattern in Bogra', doi:10.3329/brj.v21i2.38197",,,,
Bogra,1,Boro-Fallow-T. Aman,Sonatola,4700.0,34.31,3.21,"Bangladesh Rice Journal 21(2) 2017, 'Diversity of Cropping Pattern in Bogra', doi:10.3329/brj.v21i2.38197",Sonatola,Bogra,24.9971,89.514
Bogra,1,Boro-Fallow-T. Aman,Atghoria,4500.0,32.61,3.08,"Bangladesh Rice Journal 21(2) 2017, 'Diversity of Cropping Pattern in Bogra', doi:10.3329/brj.v21i2.38197",Atgharia,Pabna,24.1083,89.2819
Bogra,1,Boro-Fallow-T. Aman,Adamdighi,4100.0,32.28,2.8,"Bangladesh Rice Journal 21(2) 2017, 'Diversity of Cropping Pattern in Bogra', doi:10.3329/brj.v21i2.38197",Adamdighi,Bogra,24.7992,89.0595
Bogra,1,Boro-Fallow-T. Aman,Akkelpur,3900.0,36.28,2.67,"Bangladesh Rice Journal 21(2) 2017, 'Diversity of Cropping Pattern in Bogra', doi:10.3329/brj.v21i2.38197",Akkelpur,Joypurhat,24.934,89.0421
Bogra,1,Boro-Fallow-T. Aman,Kazipur,3200.0,14.16,2.19,"Bangladesh Rice Journal 21(2) 2017, 'Diversity of Cropping Pattern in Bogra', doi:10.3329/brj.v21i2.38197",Kazipur,Sirajganj,24.6702,89.6872
Bogra,1,Boro-Fallow-T. Aman,Dubchachia,3000.0,21.9,2.05,"Bangladesh Rice Journal 21(2) 2017, 'Diversity of Cropping Pattern in Bogra', doi:10.3329/brj.v21i2.38197",Dhupchanchia,Bogra,24.8837,89.1392
Bogra,1,Boro-Fallow-T. Aman,Iswardi,2000.0,13.07,1.37,"Bangladesh Rice Journal 21(2) 2017, 'Diversity of Cropping Pattern in Bogra', doi:10.3329/brj.v21i2.38197",Ishwardi,Pabna,24.0778,89.0972
Bogra,1,Boro-Fallow-T. Aman,Bogra sadar,1800.0,16.29,1.23,"Bangladesh Rice Journal 21(2) 2017, 'Diversity of Cropping Pattern in Bogra', doi:10.3329/brj.v21i2.38197",Bogra Sadar,Bogra,24.8955,89.3557
Bogra,1,Boro-Fallow-T. Aman,Sujanagar,1800.0,7.38,1.23,"Bangladesh Rice Journal 21(2) 2017, 'Diversity of Cropping Pattern in Bogra', doi:10.3329/brj.v21i2.38197",Sujanagar,Pabna,23.8967,89.5127
Bogra,1,Boro-Fallow-T. Aman,Kalai,1400.0,10.07,0.96,"Bangladesh Rice Journal 21(2) 2017, 'Diversity of Cropping Pattern in Bogra', doi:10.3329/brj.v21i2.38197",Kalai,Joypurhat,25.0779,89.1977
Bogra,1,Boro-Fallow-T. Aman,Shibganj,1200.0,4.72,0.82,"Bangladesh Rice Journal 21(2) 2017, 'Diversity of Cropping Pattern in Bogra', doi:10.3329/brj.v21i2.38197",Shibganj,Bogra,25.0166,89.3067
Bogra,1,Boro-Fallow-T. Aman,Kamarkhanda,800.0,10.53,0.55,"Bangladesh Rice Journal 21(2) 2017, 'Diversity of Cropping Pattern in Bogra', doi:10.3329/brj.v21i2.38197",Kamarkhanda,Sirajganj,24.3751,89.6434
Bogra,1,Boro-Fallow-T. Aman,Khetlal,300.0,2.58,0.21,"Bangladesh Rice Journal 21(2) 2017, 'Diversity of Cropping Pattern in Bogra', doi:10.3329/brj.v21i2.38197",Khetlal,Joypurhat,25.0225,89.1181
Bogra,1,Boro-Fallow-T. Aman,Chatmohar,200.0,0.8,0.14,"Bangladesh Rice Journal 21(2) 2017, 'Diversity of Cropping Pattern in Bogra', doi:10.3329/brj.v21i2.38197",Chatmohar,Pabna,24.2252,89.302
Bogra,1,Boro-Fallow-T. Aman,Bhangura,150.0,1.36,0.1,"Bangladesh Rice Journal 21(2) 2017, 'Diversity of Cropping Pattern in Bogra', doi:10.3329/brj.v21i2.38197",Bhangura,Pabna,24.239,89.3927
Bogra,2,Potato-Boro-T. Aman,Shibganj,18200.0,75.99,20.54,"Bangladesh Rice Journal 21(2) 2017, 'Diversity of Cropping Pattern in Bogra', doi:10.3329/brj.v21i2.38197",Shibganj,Bogra,25.0166,89.3067
Bogra,2,Potato-Boro-T. Aman,Kalai,11800.0,84.83,13.32,"Bangladesh Rice Journal 21(2) 2017, 'Diversity of Cropping Pattern in Bogra', doi:10.3329/brj.v21i2.38197",Kalai,Joypurhat,25.0779,89.1977
Bogra,2,Potato-Boro-T. Aman,Khetlal,8900.0,76.2,10.04,"Bangladesh Rice Journal 21(2) 2017, 'Diversity of Cropping Pattern in Bogra', doi:10.3329/brj.v21i2.38197",Khetlal,Joypurhat,25.0225,89.1181
Bogra,2,Potato-Boro-T. Aman,Kahalu,8600.0,44.72,9.71,"Bangladesh Rice Journal 21(2) 2017, 'Diversity of Cropping Pattern in Bogra', doi:10.3329/brj.v21i2.38197",,,,
Bogra,2,Potato-Boro-T. Aman,Dubchachia,6600.0,48.05,7.45,"Bangladesh Rice Journal 21(2) 2017, 'Diversity of Cropping Pattern in Bogra', doi:10.3329/brj.v21i2.38197",Dhupchanchia,Bogra,24.8837,89.1392
Bogra,2,Potato-Boro-T. Aman,Pachbibi,6100.0,26.9,6.88,"Bangladesh Rice Journal 21(2) 2017, 'Diversity of Cropping Pattern in Bogra', doi:10.3329/brj.v21i2.38197",Panchbibi,Joypurhat,25.2022,89.0704
Bogra,2,Potato-Boro-T. Aman,Bogra sadar,6000.0,53.56,6.77,"Bangladesh Rice Journal 21(2) 2017, 'Diversity of Cropping Pattern in Bogra', doi:10.3329/brj.v21i2.38197",Bogra Sadar,Bogra,24.8955,89.3557
Bogra,2,Potato-Boro-T. Aman,Joypurhat sadar,5500.0,28.35,6.21,"Bangladesh Rice Journal 21(2) 2017, 'Diversity of Cropping Pattern in Bogra', doi:10.3329/brj.v21i2.38197",Joypurhat Sadar,Joypurhat,25.1055,89.0199
Bogra,2,Potato-Boro-T. Aman,Akkelpur,5000.0,46.12,5.64,"Bangladesh Rice Journal 21(2) 2017, 'Diversity of Cropping Pattern in Bogra', doi:10.3329/brj.v21i2.38197",Akkelpur,Joypurhat,24.934,89.0421
Bogra,2,Potato-Boro-T. Aman,Shajahanpur,4000.0,16.98,4.51,"Bangladesh Rice Journal 21(2) 2017, 'Diversity of Cropping Pattern in Bogra', doi:10.3329/brj.v21i2.38197",Shajahanpur,Bogra,24.7601,89.375
Bogra,2,Potato-Boro-T. Aman,Adamdighi,3300.0,25.9,3.72,"Bangladesh Rice Journal 21(2) 2017, 'Diversity of Cropping Pattern in Bogra', doi:10.3329/brj.v21i2.38197",Adamdighi,Bogra,24.7992,89.0595
Bogra,2,Potato-Boro-T. Aman,Sonatola,2300.0,16.61,2.6,"Bangladesh Rice Journal 21(2) 2017, 'Diversity of Cropping Pattern in Bogra', doi:10.3329/brj.v21i2.38197",Sonatola,Bogra,24.9971,89.514
Bogra,2,Potato-Boro-T. Aman,Gabtali,1300.0,6.78,1.47,"Bangladesh Rice Journal 21(2) 2017, 'Diversity of Cropping Pattern in Bogra', doi:10.3329/brj.v21i2.38197",Gabtali,Bogra,24.8868,89.465
Bogra,2,Potato-Boro-T. Aman,Sherpur,360.0,1.38,0.41,"Bangladesh Rice Journal 21(2) 2017, 'Diversity of Cropping Pattern in Bogra', doi:10.3329/brj.v21i2.38197",Sherpur,Bogra,24.6291,89.4223
Bogra,2,Potato-Boro-T. Aman,Ullapara,250.0,0.78,0.28,"Bangladesh Rice Journal 21(2) 2017, 'Diversity of Cropping Pattern in Bogra', doi:10.3329/brj.v21i2.38197",Ullah Para,Sirajganj,24.3273,89.5181
Bogra,2,Potato-Boro-T. Aman,Kamarkhanda,200.0,2.59,0.23,"Bangladesh Rice Journal 21(2) 2017, 'Diversity of Cropping Pattern in Bogra', doi:10.3329/brj.v21i2.38197",Kamarkhanda,Sirajganj,24.3751,89.6434
Bogra,2,Potato-Boro-T. Aman,Tarash,200.0,0.81,0.23,"Bangladesh Rice Journal 21(2) 2017, 'Diversity of Cropping Pattern in Bogra', doi:10.3329/brj.v21i2.38197",Tarash,Sirajganj,24.4431,89.3581
Bogra,4,Mustard-Boro-T. Aman,Kahalu,4800.0,24.96,11.97,"Bangladesh Rice Journal 21(2) 2017, 'Diversity of Cropping Pattern in Bogra', doi:10.3329/brj.v21i2.38197",,,,
Bogra,4,Mustard-Boro-T. Aman,Panchbibi,4200.0,18.52,10.47,"Bangladesh Rice Journal 21(2) 2017, 'Diversity of Cropping Pattern in Bogra', doi:10.3329/brj.v21i2.38197",Panchbibi,Joypurhat,25.2022,89.0704
Bogra,4,Mustard-Boro-T. Aman,Dubchachia,3700.0,26.94,9.22,"Bangladesh Rice Journal 21(2) 2017, 'Diversity of Cropping Pattern in Bogra', doi:10.3329/brj.v21i2.38197",Dhupchanchia,Bogra,24.8837,89.1392
Bogra,4,Mustard-Boro-T. Aman,Ullapara,3700.0,11.53,9.22,"Bangladesh Rice Journal 21(2) 2017, 'Diversity of Cropping Pattern in Bogra', doi:10.3329/brj.v21i2.38197",Ullah Para,Sirajganj,24.3273,89.5181
Bogra,4,Mustard-Boro-T. Aman,Adamdighi,3200.0,25.12,7.98,"Bangladesh Rice Journal 21(2) 2017, 'Diversity of Cropping Pattern in Bogra', doi:10.3329/brj.v21i2.38197",Adamdighi,Bogra,24.7992,89.0595
Bogra,4,Mustard-Boro-T. Aman,Joypurhat,3000.0,15.46,7.48,"Bangladesh Rice Journal 21(2) 2017, 'Diversity of Cropping Pattern in Bogra', doi:10.3329/brj.v21i2.38197",Joypurhat Sadar,Joypurhat,25.1055,89.0199
Bogra,4,Mustard-Boro-T. Aman,Dhunat,2000.0,10.23,4.99,"Bangladesh Rice Journal 21(2) 2017, 'Diversity of Cropping Pattern in Bogra', doi:10.3329/brj.v21i2.38197",Dhunat,Bogra,24.6825,89.5503
Bogra,4,Mustard-Boro-T. Aman,Kamarkhanda,2000.0,25.86,4.99,"Bangladesh Rice Journal 21(2) 2017, 'Diversity of Cropping Pattern in Bogra', doi:10.3329/brj.v21i2.38197",Kamarkhanda,Sirajganj,24.3751,89.6434
Bogra,4,Mustard-Boro-T. Aman,Sirajganj,1600.0,6.74,3.99,"Bangladesh Rice Journal 21(2) 2017, 'Diversity of Cropping Pattern in Bogra', doi:10.3329/brj.v21i2.38197",Sirajganj Sadar,Sirajganj,24.494,89.6885
Bogra,4,Mustard-Boro-T. Aman,Khetlal,1400.0,11.99,3.49,"Bangladesh Rice Journal 21(2) 2017, 'Diversity of Cropping Pattern in Bogra', doi:10.3329/brj.v21i2.38197",Khetlal,Joypurhat,25.0225,89.1181
Bogra,4,Mustard-Boro-T. Aman,Sonatola,1300.0,9.39,3.24,"Bangladesh Rice Journal 21(2) 2017, 'Diversity of Cropping Pattern in Bogra', doi:10.3329/brj.v21i2.38197",Sonatola,Bogra,24.9971,89.514
Bogra,4,Mustard-Boro-T. Aman,Shariakandi,1200.0,4.93,2.99,"Bangladesh Rice Journal 21(2) 2017, 'Diversity of Cropping Pattern in Bogra', doi:10.3329/brj.v21i2.38197",Sariakandi,Bogra,24.8812,89.6141
Bogra,4,Mustard-Boro-T. Aman,Sherpur,1100.0,4.67,2.74,"Bangladesh Rice Journal 21(2) 2017, 'Diversity of Cropping Pattern in Bogra', doi:10.3329/brj.v21i2.38197",Sherpur,Bogra,24.6291,89.4223
Bogra,4,Mustard-Boro-T. Aman,Shibganj,1100.0,4.22,2.74,"Bangladesh Rice Journal 21(2) 2017, 'Diversity of Cropping Pattern in Bogra', doi:10.3329/brj.v21i2.38197",Shibganj,Bogra,25.0166,89.3067
Bogra,4,Mustard-Boro-T. Aman,Akkelpur,1100.0,10.15,2.74,"Bangladesh Rice Journal 21(2) 2017, 'Diversity of Cropping Pattern in Bogra', doi:10.3329/brj.v21i2.38197",Akkelpur,Joypurhat,24.934,89.0421
Bogra,4,Mustard-Boro-T. Aman,Belkuchi,1000.0,7.72,2.49,"Bangladesh Rice Journal 21(2) 2017, 'Diversity of Cropping Pattern in Bogra', doi:10.3329/brj.v21i2.38197",Belkuchi,Sirajganj,24.2953,89.7021
Bogra,4,Mustard-Boro-T. Aman,Raiganj,900.0,4.11,2.24,"Bangladesh Rice Journal 21(2) 2017, 'Diversity of Cropping Pattern in Bogra', doi:10.3329/brj.v21i2.38197",Ramganj,Lakshmipur,23.0989,90.8726
Bogra,4,Mustard-Boro-T. Aman,Bogra,800.0,7.14,1.99,"Bangladesh Rice Journal 21(2) 2017, 'Diversity of Cropping Pattern in Bogra', doi:10.3329/brj.v21i2.38197",Bogra Sadar,Bogra,24.8955,89.3557
Bogra,4,Mustard-Boro-T. Aman,Shajahanpur,600.0,3.74,1.5,"Bangladesh Rice Journal 21(2) 2017, 'Diversity of Cropping Pattern in Bogra', doi:10.3329/brj.v21i2.38197",Shajahanpur,Bogra,24.7601,89.375
Bogra,4,Mustard-Boro-T. Aman,Kazipur,350.0,1.53,0.87,"Bangladesh Rice Journal 21(2) 2017, 'Diversity of Cropping Pattern in Bogra', doi:10.3329/brj.v21i2.38197",Kazipur,Sirajganj,24.6702,89.6872
Bogra,4,Mustard-Boro-T. Aman,Tarash,260.0,1.05,0.65,"Bangladesh Rice Journal 21(2) 2017, 'Diversity of Cropping Pattern in Bogra', doi:10.3329/brj.v21i2.38197",Tarash,Sirajganj,24.4431,89.3581
Bogra,4,Mustard-Boro-T. Aman,Kalai,200.0,1.44,0.5,"Bangladesh Rice Journal 21(2) 2017, 'Diversity of Cropping Pattern in Bogra', doi:10.3329/brj.v21i2.38197",Kalai,Joypurhat,25.0779,89.1977
Bogra,4,Mustard-Boro-T. Aman,Atghoria,200.0,1.43,0.5,"Bangladesh Rice Journal 21(2) 2017, 'Diversity of Cropping Pattern in Bogra', doi:10.3329/brj.v21i2.38197",Atgharia,Pabna,24.1083,89.2819
Bogra,4,Mustard-Boro-T. Aman,Bhangura,200.0,1.8,0.5,"Bangladesh Rice Journal 21(2) 2017, 'Diversity of Cropping Pattern in Bogra', doi:10.3329/brj.v21i2.38197",Bhangura,Pabna,24.239,89.3927
Bogra,4,Mustard-Boro-T. Aman,Santhia,200.0,0.79,0.5,"Bangladesh Rice Journal 21(2) 2017, 'Diversity of Cropping Pattern in Bogra', doi:10.3329/brj.v21i2.38197",Santhia,Pabna,24.0422,89.5168
Bogra,3,Mustard-Boro-Fallow,Shahjadpur,13000.0,52.2,25.52,"Bangladesh Rice Journal 21(2) 2017, 'Diversity of Cropping Pattern in Bogra', doi:10.3329/brj.v21i2.38197",Shahjadpur,Sirajganj,24.1628,89.6301
Bogra,3,Mustard-Boro-Fallow,Ullapara,13000.0,40.51,25.52,"Bangladesh Rice Journal 21(2) 2017, 'Diversity of Cropping Pattern in Bogra', doi:10.3329/brj.v21i2.38197",Ullah Para,Sirajganj,24.3273,89.5181
Bogra,3,Mustard-Boro-Fallow,Belkuchi,6000.0,46.33,11.78,"Bangladesh Rice Journal 21(2) 2017, 'Diversity of Cropping Pattern in Bogra', doi:10.3329/brj.v21i2.38197",Belkuchi,Sirajganj,24.2953,89.7021
Bogra,3,Mustard-Boro-Fallow,Tarash,5100.0,20.6,10.01,"Bangladesh Rice Journal 21(2) 2017, 'Diversity of Cropping Pattern in Bogra', doi:10.3329/brj.v21i2.38197",Tarash,Sirajganj,24.4431,89.3581
Bogra,3,Mustard-Boro-Fallow,Chatmohar,4000.0,15.96,7.85,"Bangladesh Rice Journal 21(2) 2017, 'Diversity of Cropping Pattern in Bogra', doi:10.3329/brj.v21i2.38197",Chatmohar,Pabna,24.2252,89.302
Bogra,3,Mustard-Boro-Fallow,Faridpur,4000.0,34.64,7.85,"Bangladesh Rice Journal 21(2) 2017, 'Diversity of Cropping Pattern in Bogra', doi:10.3329/brj.v21i2.38197",Faridpur,Pabna,24.1606,89.4488
Bogra,3,Mustard-Boro-Fallow,Bera,1400.0,7.8,2.75,"Bangladesh Rice Journal 21(2) 2017, 'Diversity of Cropping Pattern in Bogra', doi:10.3329/brj.v21i2.38197",Bera,Pabna,23.9424,89.656
Bogra,3,Mustard-Boro-Fallow,Bhangura,1100.0,9.92,2.16,"Bangladesh Rice Journal 21(2) 2017, 'Diversity of Cropping Pattern in Bogra', doi:10.3329/brj.v21i2.38197",Bhangura,Pabna,24.239,89.3927
Bogra,3,Mustard-Boro-Fallow,Raiganj,800.0,3.66,1.57,"Bangladesh Rice Journal 21(2) 2017, 'Diversity of Cropping Pattern in Bogra', doi:10.3329/brj.v21i2.38197",Ramganj,Lakshmipur,23.0989,90.8726
Bogra,3,Mustard-Boro-Fallow,Gabtali,740.0,3.86,1.45,"Bangladesh Rice Journal 21(2) 2017, 'Diversity of Cropping Pattern in Bogra', doi:10.3329/brj.v21i2.38197",Gabtali,Bogra,24.8868,89.465
Bogra,3,Mustard-Boro-Fallow,Sujanagar,700.0,2.84,1.37,"Bangladesh Rice Journal 21(2) 2017, 'Diversity of Cropping Pattern in Bogra', doi:10.3329/brj.v21i2.38197",Sujanagar,Pabna,23.8967,89.5127
Bogra,3,Mustard-Boro-Fallow,Sirajganj,500.0,2.11,0.98,"Bangladesh Rice Journal 21(2) 2017, 'Diversity of Cropping Pattern in Bogra', doi:10.3329/brj.v21i2.38197",Sirajganj Sadar,Sirajganj,24.494,89.6885
Bogra,3,Mustard-Boro-Fallow,Panchbibi,200.0,0.88,0.39,"Bangladesh Rice Journal 21(2) 2017, 'Diversity of Cropping Pattern in Bogra', doi:10.3329/brj.v21i2.38197",Panchbibi,Joypurhat,25.2022,89.0704
Bogra,3,Mustard-Boro-Fallow,Santhia,200.0,0.79,0.39,"Bangladesh Rice Journal 21(2) 2017, 'Diversity of Cropping Pattern in Bogra', doi:10.3329/brj.v21i2.38197",Santhia,Pabna,24.0422,89.5168
Bogra,3,Mustard-Boro-Fallow,Kazipur,200.0,0.87,0.39,"Bangladesh Rice Journal 21(2) 2017, 'Diversity of Cropping Pattern in Bogra', doi:10.3329/brj.v21i2.38197",Kazipur,Sirajganj,24.6702,89.6872
Bogra,5,Boro-Fallow-Fallow,Kazipur,7600.0,33.17,20.38,"Bangladesh Rice Journal 21(2) 2017, 'Diversity of Cropping Pattern in Bogra', doi:10.3329/brj.v21i2.38197",Kazipur,Sirajganj,24.6702,89.6872
Bogra,5,Boro-Fallow-Fallow,Ullapara,5400.0,16.83,14.48,"Bangladesh Rice Journal 21(2) 2017, 'Diversity of Cropping Pattern in Bogra', doi:10.3329/brj.v21i2.38197",Ullah Para,Sirajganj,24.3273,89.5181
Bogra,5,Boro-Fallow-Fallow,Tarash,3000.0,12.12,8.04,"Bangladesh Rice Journal 21(2) 2017, 'Diversity of Cropping Pattern in Bogra', doi:10.3329/brj.v21i2.38197",Tarash,Sirajganj,24.4431,89.3581
Bogra,5,Boro-Fallow-Fallow,Chowhali,2400.0,18.88,6.43,"Bangladesh Rice Journal 21(2) 2017, 'Diversity of Cropping Pattern in Bogra', doi:10.3329/brj.v21i2.38197",,,,
Bogra,5,Boro-Fallow-Fallow,Bhangura,2100.0,18.94,5.63,"Bangladesh Rice Journal 21(2) 2017, 'Diversity of Cropping Pattern in Bogra', doi:10.3329/brj.v21i2.38197",Bhangura,Pabna,24.239,89.3927
Bogra,5,Boro-Fallow-Fallow,Sariakandi,2000.0,8.21,5.36,"Bangladesh Rice Journal 21(2) 2017, 'Diversity of Cropping Pattern in Bogra', doi:10.3329/brj.v21i2.38197",Sariakandi,Bogra,24.8812,89.6141
Bogra,5,Boro-Fallow-Fallow,Sujanagar,1800.0,7.29,4.83,"Bangladesh Rice Journal 21(2) 2017, 'Diversity of Cropping Pattern in Bogra', doi:10.3329/brj.v21i2.38197",Sujanagar,Pabna,23.8967,89.5127
Bogra,5,Boro-Fallow-Fallow,Shahjadpur,1800.0,7.23,4.83,"Bangladesh Rice Journal 21(2) 2017, 'Diversity of Cropping Pattern in Bogra', doi:10.3329/brj.v21i2.38197",Shahjadpur,Sirajganj,24.1628,89.6301
Bogra,5,Boro-Fallow-Fallow,Pabna,1500.0,4.21,4.02,"Bangladesh Rice Journal 21(2) 2017, 'Diversity of Cropping Pattern in Bogra', doi:10.3329/brj.v21i2.38197",Pabna Sadar,Pabna,23.9938,89.2814
Bogra,5,Boro-Fallow-Fallow,Bera,1400.0,7.8,3.75,"Bangladesh Rice Journal 21(2) 2017, 'Diversity of Cropping Pattern in Bogra', doi:10.3329/brj.v21i2.38197",Bera,Pabna,23.9424,89.656
Bogra,5,Boro-Fallow-Fallow,Gabtali,1200.0,6.26,3.22,"Bangladesh Rice Journal 21(2) 2017, 'Diversity of Cropping Pattern in Bogra', doi:10.3329/brj.v21i2.38197",Gabtali,Bogra,24.8868,89.465
Bogra,5,Boro-Fallow-Fallow,Sherpur,1000.0,3.84,2.68,"Bangladesh Rice Journal 21(2) 2017, 'Diversity of Cropping Pattern in Bogra', doi:10.3329/brj.v21i2.38197",Sherpur,Bogra,24.6291,89.4223
Bogra,5,Boro-Fallow-Fallow,Chatmohar,1000.0,3.99,2.68,"Bangladesh Rice Journal 21(2) 2017, 'Diversity of Cropping Pattern in Bogra', doi:10.3329/brj.v21i2.38197",Chatmohar,Pabna,24.2252,89.302
Bogra,5,Boro-Fallow-Fallow,Faridpur,1000.0,8.66,2.68,"Bangladesh Rice Journal 21(2) 2017, 'Diversity of Cropping Pattern in Bogra', doi:10.3329/brj.v21i2.38197",Faridpur,Pabna,24.1606,89.4488
Bogra,5,Boro-Fallow-Fallow,Raiganj,1000.0,4.57,2.68,"Bangladesh Rice Journal 21(2) 2017, 'Diversity of Cropping Pattern in Bogra', doi:10.3329/brj.v21i2.38197",Ramganj,Lakshmipur,23.0989,90.8726
Bogra,5,Boro-Fallow-Fallow,Atghoria,800.0,5.7,2.14,"Bangladesh Rice Journal 21(2) 2017, 'Diversity of Cropping Pattern in Bogra', doi:10.3329/brj.v21i2.38197",Atgharia,Pabna,24.1083,89.2819
Bogra,5,Boro-Fallow-Fallow,Shajahanpur,600.0,2.55,1.61,"Bangladesh Rice Journal 21(2) 2017, 'Diversity of Cropping Pattern in Bogra', doi:10.3329/brj.v21i2.38197",Shajahanpur,Bogra,24.7601,89.375
Bogra,5,Boro-Fallow-Fallow,Sonatola,600.0,4.33,1.61,"Bangladesh Rice Journal 21(2) 2017, 'Diversity of Cropping Pattern in Bogra', doi:10.3329/brj.v21i2.38197",Sonatola,Bogra,24.9971,89.514
Bogra,5,Boro-Fallow-Fallow,Kamarkhanda,500.0,6.46,1.34,"Bangladesh Rice Journal 21(2) 2017, 'Diversity of Cropping Pattern in Bogra', doi:10.3329/brj.v21i2.38197",Kamarkhanda,Sirajganj,24.3751,89.6434
Bogra,5,Boro-Fallow-Fallow,Dhunat,400.0,2.05,1.07,"Bangladesh Rice Journal 21(2) 2017, 'Diversity of Cropping Pattern in Bogra', doi:10.3329/brj.v21i2.38197",Dhunat,Bogra,24.6825,89.5503
Bogra,5,Boro-Fallow-Fallow,Adamdighi,200.0,1.57,0.54,"Bangladesh Rice Journal 21(2) 2017, 'Diversity of Cropping Pattern in Bogra', doi:10.3329/brj.v21i2.38197",Adamdighi,Bogra,24.7992,89.0595
Comilla,1,Boro-Fallow-Fallow,Nasirnagar,11650.0,44.72,10.15,"Bangladesh Rice Journal 21(2) 2017, 'Crop Diversity and Cropping Patterns of Comilla Region', doi:10.3329/brj.v21i2.38198",Nasirnagar,Brahamanbaria,24.1822,91.1875
Comilla,1,Boro-Fallow-Fallow,Nabinagar,10600.0,40.15,9.24,"Bangladesh Rice Journal 21(2) 2017, 'Crop Diversity and Cropping Patterns of Comilla Region', doi:10.3329/brj.v21i2.38198",Nabinagar,Brahamanbaria,23.8635,90.9804
Comilla,1,Boro-Fallow-Fallow,Sarail,9500.0,57.58,8.28,"Bangladesh Rice Journal 21(2) 2017, 'Crop Diversity and Cropping Patterns of Comilla Region', doi:10.3329/brj.v21i2.38198",Sarail,Brahamanbaria,24.1032,91.1122
Comilla,1,Boro-Fallow-Fallow,Hajiganj,9000.0,75.0,7.84,"Bangladesh Rice Journal 21(2) 2017, 'Crop Diversity and Cropping Patterns of Comilla Region', doi:10.3329/brj.v21i2.38198",Hajiganj,Chandpur,23.263,90.8372
Comilla,1,Boro-Fallow-Fallow,Bijoynagar,8500.0,58.22,7.41,"Bangladesh Rice Journal 21(2) 2017, 'Crop Diversity and Cropping Patterns of Comilla Region', doi:10.3329/brj.v21i2.38198",Bijoynagar,Brahamanbaria,23.9944,91.2282
Comilla,1,Boro-Fallow-Fallow,Bancharampur,7500.0,54.55,6.53,"Bangladesh Rice Journal 21(2) 2017, 'Crop Diversity and Cropping Patterns of Comilla Region', doi:10.3329/brj.v21i2.38198",Banchharampur,Brahamanbaria,23.7801,90.807
Comilla,1,Boro-Fallow-Fallow,Dauadkandi,7000.0,47.95,6.1,"Bangladesh Rice Journal 21(2) 2017, 'Crop Diversity and Cropping Patterns of Comilla Region', doi:10.3329/brj.v21i2.38198",Daudkandi,Comilla,23.5027,90.7731
Comilla,1,Boro-Fallow-Fallow,Monoharganj,6250.0,60.1,5.45,"Bangladesh Rice Journal 21(2) 2017, 'Crop Diversity and Cropping Patterns of Comilla Region', doi:10.3329/brj.v21i2.38198",Manoharganj,Comilla,23.1402,91.067
Comilla,1,Boro-Fallow-Fallow,B.Baria,4800.0,31.79,4.18,"Bangladesh Rice Journal 21(2) 2017, 'Crop Diversity and Cropping Patterns of Comilla Region', doi:10.3329/brj.v21i2.38198",Brahmanbaria Sadar,Brahamanbaria,23.9506,91.119
Comilla,1,Boro-Fallow-Fallow,Laksam,4250.0,41.67,3.7,"Bangladesh Rice Journal 21(2) 2017, 'Crop Diversity and Cropping Patterns of Comilla Region', doi:10.3329/brj.v21i2.38198",Laksam,Comilla,23.2388,91.1053
Comilla,1,Boro-Fallow-Fallow,Titas,4200.0,57.53,3.66,"Bangladesh Rice Journal 21(2) 2017, 'Crop Diversity and Cropping Patterns of Comilla Region', doi:10.3329/brj.v21i2.38198",Titas,Comilla,23.5897,90.797
Comilla,1,Boro-Fallow-Fallow,Kasba,3500.0,22.95,3.05,"Bangladesh Rice Journal 21(2) 2017, 'Crop Diversity and Cropping Patterns of Comilla Region', doi:10.3329/brj.v21i2.38198",Kasba,Brahamanbaria,23.763,91.1303
Comilla,1,Boro-Fallow-Fallow,Chandpur,3000.0,25.86,2.61,"Bangladesh Rice Journal 21(2) 2017, 'Crop Diversity and Cropping Patterns of Comilla Region', doi:10.3329/brj.v21i2.38198",Chandpur Sadar,Chandpur,23.227,90.6908
Comilla,1,Boro-Fallow-Fallow,Matlab sadar,2900.0,31.87,2.53,"Bangladesh Rice Journal 21(2) 2017, 'Crop Diversity and Cropping Patterns of Comilla Region', doi:10.3329/brj.v21i2.38198",,,,
Comilla,1,Boro-Fallow-Fallow,Faridganj,2800.0,23.93,2.44,"Bangladesh Rice Journal 21(2) 2017, 'Crop Diversity and Cropping Patterns of Comilla Region', doi:10.3329/brj.v21i2.38198",Faridganj,Chandpur,23.1462,90.7609
Comilla,1,Boro-Fallow-Fallow,Homna,2500.0,25.38,2.18,"Bangladesh Rice Journal 21(2) 2017, 'Crop Diversity and Cropping Patterns of Comilla Region', doi:10.3329/brj.v21i2.38198",Homna,Comilla,23.6791,90.8128
Comilla,1,Boro-Fallow-Fallow,Muradnagar,2500.0,10.59,2.18,"Bangladesh Rice Journal 21(2) 2017, 'Crop Diversity and Cropping Patterns of Comilla Region', doi:10.3329/brj.v21i2.38198",Muradnagar,Comilla,23.6776,90.9437
Comilla,1,Boro-Fallow-Fallow,Meghna,2100.0,29.58,1.83,"Bangladesh Rice Journal 21(2) 2017, 'Crop Diversity and Cropping Patterns of Comilla Region', doi:10.3329/brj.v21i2.38198",Meghna,Comilla,23.6248,90.6909
Comilla,1,Boro-Fallow-Fallow,Nangolkot,1900.0,12.42,1.66,"Bangladesh Rice Journal 21(2) 2017, 'Crop Diversity and Cropping Patterns of Comilla Region', doi:10.3329/brj.v21i2.38198",Nangalkot,Comilla,23.1401,91.2093
Comilla,1,Boro-Fallow-Fallow,Brahmanpara,1870.0,19.58,1.63,"Bangladesh Rice Journal 21(2) 2017, 'Crop Diversity and Cropping Patterns of Comilla Region', doi:10.3329/brj.v21i2.38198",Brahman Para,Comilla,23.6452,91.0966
Comilla,1,Boro-Fallow-Fallow,Akhaura,1700.0,26.36,1.48,"Bangladesh Rice Journal 21(2) 2017, 'Crop Diversity and Cropping Patterns of Comilla Region', doi:10.3329/brj.v21i2.38198",Akhaura,Brahamanbaria,23.8386,91.1951
Comilla,1,Boro-Fallow-Fallow,Sarail,1700.0,15.96,1.48,"Bangladesh Rice Journal 21(2) 2017, 'Crop Diversity and Cropping Patterns of Comilla Region', doi:10.3329/brj.v21i2.38198",Sarail,Brahamanbaria,24.1032,91.1122
Comilla,1,Boro-Fallow-Fallow,Kachua,1300.0,7.78,1.13,"Bangladesh Rice Journal 21(2) 2017, 'Crop Diversity and Cropping Patterns of Comilla Region', doi:10.3329/brj.v21i2.38198",Kachua,Chandpur,23.3627,90.8817
Comilla,1,Boro-Fallow-Fallow,Matlab North,900.0,6.16,0.78,"Bangladesh Rice Journal 21(2) 2017, 'Crop Diversity and Cropping Patterns of Comilla Region', doi:10.3329/brj.v21i2.38198",,,,
Comilla,1,Boro-Fallow-Fallow,Chandina,760.0,6.23,0.66,"Bangladesh Rice Journal 21(2) 2017, 'Crop Diversity and Cropping Patterns of Comilla Region', doi:10.3329/brj.v21i2.38198",Chandina,Comilla,23.4459,90.9465
Comilla,1,Boro-Fallow-Fallow,Haimchar,500.0,10.53,0.44,"Bangladesh Rice Journal 21(2) 2017, 'Crop Diversity and Cropping Patterns of Comilla Region', doi:10.3329/brj.v21i2.38198",Haim Char,Chandpur,23.0727,90.6618
Comilla,1,Boro-Fallow-Fallow,Comilla South,500.0,2.96,0.44,"Bangladesh Rice Journal 21(2) 2017, 'Crop Diversity and Cropping Patterns of Comilla Region', doi:10.3329/brj.v21i2.38198",,,,
Comilla,1,Boro-Fallow-Fallow,Debidwar,500.0,3.25,0.44,"Bangladesh Rice Journal 21(2) 2017, 'Crop Diversity and Cropping Patterns of Comilla Region', doi:10.3329/brj.v21i2.38198",Debidwar,Comilla,23.5783,90.9979
Comilla,1,Boro-Fallow-Fallow,Ashuganj,300.0,5.88,0.26,"Bangladesh Rice Journal 21(2) 2017, 'Crop Diversity and Cropping Patterns of Comilla Region', doi:10.3329/brj.v21i2.38198",Ashuganj,Brahamanbaria,24.0158,91.0184
Comilla,1,Boro-Fallow-Fallow,Chouddagram,300.0,1.63,0.26,"Bangladesh Rice Journal 21(2) 2017, 'Crop Diversity and Cropping Patterns of Comilla Region', doi:10.3329/brj.v21i2.38198",Chauddagram,Comilla,23.2203,91.2804
Comilla,3,Boro-Aus-T. Aman,Barura,11200.0,68.71,17.28,"Bangladesh Rice Journal 21(2) 2017, 'Crop Diversity and Cropping Patterns of Comilla Region', doi:10.3329/brj.v21i2.38198",Barura,Comilla,23.3557,91.0394
Comilla,3,Boro-Aus-T. Aman,Debidwar,7500.0,48.7,11.57,"Bangladesh Rice Journal 21(2) 2017, 'Crop Diversity and Cropping Patterns of Comilla Region', doi:10.3329/brj.v21i2.38198",Debidwar,Comilla,23.5783,90.9979
Comilla,3,Boro-Aus-T. Aman,Comilla sadar South,5700.0,33.73,8.79,"Bangladesh Rice Journal 21(2) 2017, 'Crop Diversity and Cropping Patterns of Comilla Region', doi:10.3329/brj.v21i2.38198",,,,
Comilla,3,Boro-Aus-T. Aman,Chandina,5000.0,40.98,7.71,"Bangladesh Rice Journal 21(2) 2017, 'Crop Diversity and Cropping Patterns of Comilla Region', doi:10.3329/brj.v21i2.38198",Chandina,Comilla,23.4459,90.9465
Comilla,3,Boro-Aus-T. Aman,Nangolkot,4900.0,32.03,7.56,"Bangladesh Rice Journal 21(2) 2017, 'Crop Diversity and Cropping Patterns of Comilla Region', doi:10.3329/brj.v21i2.38198",Nangalkot,Comilla,23.1401,91.2093
Comilla,3,Boro-Aus-T. Aman,Laksam,4700.0,46.08,7.25,"Bangladesh Rice Journal 21(2) 2017, 'Crop Diversity and Cropping Patterns of Comilla Region', doi:10.3329/brj.v21i2.38198",Laksam,Comilla,23.2388,91.1053
Comilla,3,Boro-Aus-T. Aman,Kachua,3900.0,23.35,6.02,"Bangladesh Rice Journal 21(2) 2017, 'Crop Diversity and Cropping Patterns of Comilla Region', doi:10.3329/brj.v21i2.38198",Kachua,Chandpur,23.3627,90.8817
Comilla,3,Boro-Aus-T. Aman,Burichang,3700.0,32.17,5.71,"Bangladesh Rice Journal 21(2) 2017, 'Crop Diversity and Cropping Patterns of Comilla Region', doi:10.3329/brj.v21i2.38198",Burichang,Comilla,23.5337,91.117
Comilla,3,Boro-Aus-T. Aman,Matlab North,3300.0,22.6,5.09,"Bangladesh Rice Journal 21(2) 2017, 'Crop Diversity and Cropping Patterns of Comilla Region', doi:10.3329/brj.v21i2.38198",,,,
Comilla,3,Boro-Aus-T. Aman,Brahmanpara,3160.0,33.09,4.87,"Bangladesh Rice Journal 21(2) 2017, 'Crop Diversity and Cropping Patterns of Comilla Region', doi:10.3329/brj.v21i2.38198",Brahman Para,Comilla,23.6452,91.0966
Comilla,3,Boro-Aus-T. Aman,Muradnagar,2000.0,8.47,3.08,"Bangladesh Rice Journal 21(2) 2017, 'Crop Diversity and Cropping Patterns of Comilla Region', doi:10.3329/brj.v21i2.38198",Muradnagar,Comilla,23.6776,90.9437
Comilla,3,Boro-Aus-T. Aman,Kasba,1700.0,11.15,2.62,"Bangladesh Rice Journal 21(2) 2017, 'Crop Diversity and Cropping Patterns of Comilla Region', doi:10.3329/brj.v21i2.38198",Kasba,Brahamanbaria,23.763,91.1303
Comilla,3,Boro-Aus-T. Aman,Comilla Adarsha sadar,1500.0,20.41,2.31,"Bangladesh Rice Journal 21(2) 2017, 'Crop Diversity and Cropping Patterns of Comilla Region', doi:10.3329/brj.v21i2.38198",Comilla Adarsha Sadar,Comilla,23.4699,91.1712
Comilla,3,Boro-Aus-T. Aman,Chouddagram,1300.0,7.05,2.01,"Bangladesh Rice Journal 21(2) 2017, 'Crop Diversity and Cropping Patterns of Comilla Region', doi:10.3329/brj.v21i2.38198",Chauddagram,Comilla,23.2203,91.2804
Comilla,3,Boro-Aus-T. Aman,Saharasti,1200.0,11.27,1.85,"Bangladesh Rice Journal 21(2) 2017, 'Crop Diversity and Cropping Patterns of Comilla Region', doi:10.3329/brj.v21i2.38198",Shahrasti,Chandpur,23.2087,90.9569
Comilla,3,Boro-Aus-T. Aman,Ashuganj,900.0,17.65,1.39,"Bangladesh Rice Journal 21(2) 2017, 'Crop Diversity and Cropping Patterns of Comilla Region', doi:10.3329/brj.v21i2.38198",Ashuganj,Brahamanbaria,24.0158,91.0184
Comilla,3,Boro-Aus-T. Aman,Nabinagar,900.0,3.41,1.39,"Bangladesh Rice Journal 21(2) 2017, 'Crop Diversity and Cropping Patterns of Comilla Region', doi:10.3329/brj.v21i2.38198",Nabinagar,Brahamanbaria,23.8635,90.9804
Comilla,3,Boro-Aus-T. Aman,B.Baria,800.0,5.3,1.23,"Bangladesh Rice Journal 21(2) 2017, 'Crop Diversity and Cropping Patterns of Comilla Region', doi:10.3329/brj.v21i2.38198",Brahmanbaria Sadar,Brahamanbaria,23.9506,91.119
Comilla,3,Boro-Aus-T. Aman,Haimchar,470.0,9.89,0.72,"Bangladesh Rice Journal 21(2) 2017, 'Crop Diversity and Cropping Patterns of Comilla Region', doi:10.3329/brj.v21i2.38198",Haim Char,Chandpur,23.0727,90.6618
Comilla,3,Boro-Aus-T. Aman,Chandpur sadar,400.0,3.45,0.62,"Bangladesh Rice Journal 21(2) 2017, 'Crop Diversity and Cropping Patterns of Comilla Region', doi:10.3329/brj.v21i2.38198",Chandpur Sadar,Chandpur,23.227,90.6908
Comilla,3,Boro-Aus-T. Aman,Bijoynagar,200.0,1.37,0.31,"Bangladesh Rice Journal 21(2) 2017, 'Crop Diversity and Cropping Patterns of Comilla Region', doi:10.3329/brj.v21i2.38198",Bijoynagar,Brahamanbaria,23.9944,91.2282
Comilla,3,Boro-Aus-T. Aman,Nasirnagar,200.0,0.77,0.31,"Bangladesh Rice Journal 21(2) 2017, 'Crop Diversity and Cropping Patterns of Comilla Region', doi:10.3329/brj.v21i2.38198",Nasirnagar,Brahamanbaria,24.1822,91.1875
Comilla,3,Boro-Aus-T. Aman,Sarail,150.0,0.91,0.23,"Bangladesh Rice Journal 21(2) 2017, 'Crop Diversity and Cropping Patterns of Comilla Region', doi:10.3329/brj.v21i2.38198",Sarail,Brahamanbaria,24.1032,91.1122
Comilla,3,Boro-Aus-T. Aman,Akhaura,20.0,0.31,0.03,"Bangladesh Rice Journal 21(2) 2017, 'Crop Diversity and Cropping Patterns of Comilla Region', doi:10.3329/brj.v21i2.38198",Akhaura,Brahamanbaria,23.8386,91.1951
Comilla,3,Boro-Aus-T. Aman,Monoharganj,20.0,0.19,0.03,"Bangladesh Rice Journal 21(2) 2017, 'Crop Diversity and Cropping Patterns of Comilla Region', doi:10.3329/brj.v21i2.38198",Manoharganj,Comilla,23.1402,91.067
Comilla,3,Boro-Aus-T. Aman,Matlab South,10.0,0.11,0.02,"Bangladesh Rice Journal 21(2) 2017, 'Crop Diversity and Cropping Patterns of Comilla Region', doi:10.3329/brj.v21i2.38198",,,,
Comilla,2,Boro-Fallow-T. Aman,Chouddagram,10900.0,59.08,12.47,"Bangladesh Rice Journal 21(2) 2017, 'Crop Diversity and Cropping Patterns of Comilla Region', doi:10.3329/brj.v21i2.38198",Chauddagram,Comilla,23.2203,91.2804
Comilla,2,Boro-Fallow-T. Aman,Comilla sadar South,8000.0,47.34,9.15,"Bangladesh Rice Journal 21(2) 2017, 'Crop Diversity and Cropping Patterns of Comilla Region', doi:10.3329/brj.v21i2.38198",,,,
Comilla,2,Boro-Fallow-T. Aman,B.Baria,7800.0,51.66,8.92,"Bangladesh Rice Journal 21(2) 2017, 'Crop Diversity and Cropping Patterns of Comilla Region', doi:10.3329/brj.v21i2.38198",Brahmanbaria Sadar,Brahamanbaria,23.9506,91.119
Comilla,2,Boro-Fallow-T. Aman,Faridganj,7300.0,62.39,8.35,"Bangladesh Rice Journal 21(2) 2017, 'Crop Diversity and Cropping Patterns of Comilla Region', doi:10.3329/brj.v21i2.38198",Faridganj,Chandpur,23.1462,90.7609
Comilla,2,Boro-Fallow-T. Aman,Kasba,6700.0,43.93,7.67,"Bangladesh Rice Journal 21(2) 2017, 'Crop Diversity and Cropping Patterns of Comilla Region', doi:10.3329/brj.v21i2.38198",Kasba,Brahamanbaria,23.763,91.1303
Comilla,2,Boro-Fallow-T. Aman,Matlab North,5000.0,34.25,5.72,"Bangladesh Rice Journal 21(2) 2017, 'Crop Diversity and Cropping Patterns of Comilla Region', doi:10.3329/brj.v21i2.38198",,,,
Comilla,2,Boro-Fallow-T. Aman,Bijoynagar,4700.0,32.19,5.38,"Bangladesh Rice Journal 21(2) 2017, 'Crop Diversity and Cropping Patterns of Comilla Region', doi:10.3329/brj.v21i2.38198",Bijoynagar,Brahamanbaria,23.9944,91.2282
Comilla,2,Boro-Fallow-T. Aman,Burichang,4600.0,40.0,5.26,"Bangladesh Rice Journal 21(2) 2017, 'Crop Diversity and Cropping Patterns of Comilla Region', doi:10.3329/brj.v21i2.38198",Burichang,Comilla,23.5337,91.117
Comilla,2,Boro-Fallow-T. Aman,Sarail,4400.0,26.67,5.03,"Bangladesh Rice Journal 21(2) 2017, 'Crop Diversity and Cropping Patterns of Comilla Region', doi:10.3329/brj.v21i2.38198",Sarail,Brahamanbaria,24.1032,91.1122
Comilla,2,Boro-Fallow-T. Aman,Comilla Adorsho sadar,4400.0,59.86,5.03,"Bangladesh Rice Journal 21(2) 2017, 'Crop Diversity and Cropping Patterns of Comilla Region', doi:10.3329/brj.v21i2.38198",Comilla Adarsha Sadar,Comilla,23.4699,91.1712
Comilla,2,Boro-Fallow-T. Aman,Nangolkot,4400.0,28.76,5.03,"Bangladesh Rice Journal 21(2) 2017, 'Crop Diversity and Cropping Patterns of Comilla Region', doi:10.3329/brj.v21i2.38198",Nangalkot,Comilla,23.1401,91.2093
Comilla,2,Boro-Fallow-T. Aman,Akhaura,3500.0,54.26,4.0,"Bangladesh Rice Journal 21(2) 2017, 'Crop Diversity and Cropping Patterns of Comilla Region', doi:10.3329/brj.v21i2.38198",Akhaura,Brahamanbaria,23.8386,91.1951
Comilla,2,Boro-Fallow-T. Aman,Nabinagar,2800.0,10.61,3.2,"Bangladesh Rice Journal 21(2) 2017, 'Crop Diversity and Cropping Patterns of Comilla Region', doi:10.3329/brj.v21i2.38198",Nabinagar,Brahamanbaria,23.8635,90.9804
Comilla,2,Boro-Fallow-T. Aman,Ashuganj,2400.0,47.06,2.75,"Bangladesh Rice Journal 21(2) 2017, 'Crop Diversity and Cropping Patterns of Comilla Region', doi:10.3329/brj.v21i2.38198",Ashuganj,Brahamanbaria,24.0158,91.0184
Comilla,2,Boro-Fallow-T. Aman,Chandpur,2300.0,19.83,2.63,"Bangladesh Rice Journal 21(2) 2017, 'Crop Diversity and Cropping Patterns of Comilla Region', doi:10.3329/brj.v21i2.38198",Chandpur Sadar,Chandpur,23.227,90.6908
Comilla,2,Boro-Fallow-T. Aman,Brahmanpara,2000.0,20.94,2.29,"Bangladesh Rice Journal 21(2) 2017, 'Crop Diversity and Cropping Patterns of Comilla Region', doi:10.3329/brj.v21i2.38198",Brahman Para,Comilla,23.6452,91.0966
Comilla,2,Boro-Fallow-T. Aman,Debidwar,1600.0,10.39,1.83,"Bangladesh Rice Journal 21(2) 2017, 'Crop Diversity and Cropping Patterns of Comilla Region', doi:10.3329/brj.v21i2.38198",Debidwar,Comilla,23.5783,90.9979
Comilla,2,Boro-Fallow-T. Aman,Nasirnagar,1350.0,5.18,1.54,"Bangladesh Rice Journal 21(2) 2017, 'Crop Diversity and Cropping Patterns of Comilla Region', doi:10.3329/brj.v21i2.38198",Nasirnagar,Brahamanbaria,24.1822,91.1875
Comilla,2,Boro-Fallow-T. Aman,Barura,1110.0,6.81,1.27,"Bangladesh Rice Journal 21(2) 2017, 'Crop Diversity and Cropping Patterns of Comilla Region', doi:10.3329/brj.v21i2.38198",Barura,Comilla,23.3557,91.0394
Comilla,2,Boro-Fallow-T. Aman,Muradnagar,900.0,3.81,1.03,"Bangladesh Rice Journal 21(2) 2017, 'Crop Diversity and Cropping Patterns of Comilla Region', doi:10.3329/brj.v21i2.38198",Muradnagar,Comilla,23.6776,90.9437
Comilla,2,Boro-Fallow-T. Aman,Chandina,500.0,4.1,0.57,"Bangladesh Rice Journal 21(2) 2017, 'Crop Diversity and Cropping Patterns of Comilla Region', doi:10.3329/brj.v21i2.38198",Chandina,Comilla,23.4459,90.9465
Comilla,2,Boro-Fallow-T. Aman,Bancharampur,360.0,2.62,0.41,"Bangladesh Rice Journal 21(2) 2017, 'Crop Diversity and Cropping Patterns of Comilla Region', doi:10.3329/brj.v21i2.38198",Banchharampur,Brahamanbaria,23.7801,90.807
Comilla,2,Boro-Fallow-T. Aman,Laksam,300.0,2.94,0.34,"Bangladesh Rice Journal 21(2) 2017, 'Crop Diversity and Cropping Patterns of Comilla Region', doi:10.3329/brj.v21i2.38198",Laksam,Comilla,23.2388,91.1053
Comilla,2,Boro-Fallow-T. Aman,Haimchar,50.0,1.05,0.06,"Bangladesh Rice Journal 21(2) 2017, 'Crop Diversity and Cropping Patterns of Comilla Region', doi:10.3329/brj.v21i2.38198",Haim Char,Chandpur,23.0727,90.6618
Comilla,2,Boro-Fallow-T. Aman,Matlab South,40.0,0.44,0.05,"Bangladesh Rice Journal 21(2) 2017, 'Crop Diversity and Cropping Patterns of Comilla Region', doi:10.3329/brj.v21i2.38198",,,,
Comilla,4,Boro-B. Aman,Shaharasti,6800.0,63.85,17.73,"Bangladesh Rice Journal 21(2) 2017, 'Crop Diversity and Cropping Patterns of Comilla Region', doi:10.3329/brj.v21i2.38198",Shahrasti,Chandpur,23.2087,90.9569
Comilla,4,Boro-B. Aman,Kachua,6700.0,40.12,17.47,"Bangladesh Rice Journal 21(2) 2017, 'Crop Diversity and Cropping Patterns of Comilla Region', doi:10.3329/brj.v21i2.38198",Kachua,Chandpur,23.3627,90.8817
Comilla,4,Boro-B. Aman,Nabinagar,5700.0,21.59,14.86,"Bangladesh Rice Journal 21(2) 2017, 'Crop Diversity and Cropping Patterns of Comilla Region', doi:10.3329/brj.v21i2.38198",Nabinagar,Brahamanbaria,23.8635,90.9804
Comilla,4,Boro-B. Aman,Muradnagar,4000.0,16.95,10.43,"Bangladesh Rice Journal 21(2) 2017, 'Crop Diversity and Cropping Patterns of Comilla Region', doi:10.3329/brj.v21i2.38198",Muradnagar,Comilla,23.6776,90.9437
Comilla,4,Boro-B. Aman,Monoharganj,3850.0,37.02,10.04,"Bangladesh Rice Journal 21(2) 2017, 'Crop Diversity and Cropping Patterns of Comilla Region', doi:10.3329/brj.v21i2.38198",Manoharganj,Comilla,23.1402,91.067
Comilla,4,Boro-B. Aman,Homna,2900.0,29.44,7.56,"Bangladesh Rice Journal 21(2) 2017, 'Crop Diversity and Cropping Patterns of Comilla Region', doi:10.3329/brj.v21i2.38198",Homna,Comilla,23.6791,90.8128
Comilla,4,Boro-B. Aman,Nasirnagar,2200.0,8.45,5.74,"Bangladesh Rice Journal 21(2) 2017, 'Crop Diversity and Cropping Patterns of Comilla Region', doi:10.3329/brj.v21i2.38198",Nasirnagar,Brahamanbaria,24.1822,91.1875
Comilla,4,Boro-B. Aman,Bancharampur,1600.0,11.64,4.17,"Bangladesh Rice Journal 21(2) 2017, 'Crop Diversity and Cropping Patterns of Comilla Region', doi:10.3329/brj.v21i2.38198",Banchharampur,Brahamanbaria,23.7801,90.807
Comilla,4,Boro-B. Aman,Meghna,1200.0,16.9,3.13,"Bangladesh Rice Journal 21(2) 2017, 'Crop Diversity and Cropping Patterns of Comilla Region', doi:10.3329/brj.v21i2.38198",Meghna,Comilla,23.6248,90.6909
Comilla,4,Boro-B. Aman,Chandina,750.0,6.15,1.96,"Bangladesh Rice Journal 21(2) 2017, 'Crop Diversity and Cropping Patterns of Comilla Region', doi:10.3329/brj.v21i2.38198",Chandina,Comilla,23.4459,90.9465
Comilla,4,Boro-B. Aman,Nangolkot,650.0,4.25,1.69,"Bangladesh Rice Journal 21(2) 2017, 'Crop Diversity and Cropping Patterns of Comilla Region', doi:10.3329/brj.v21i2.38198",Nangalkot,Comilla,23.1401,91.2093
Comilla,4,Boro-B. Aman,Debidwar,550.0,3.57,1.43,"Bangladesh Rice Journal 21(2) 2017, 'Crop Diversity and Cropping Patterns of Comilla Region', doi:10.3329/brj.v21i2.38198",Debidwar,Comilla,23.5783,90.9979
Comilla,4,Boro-B. Aman,Laksam,500.0,4.9,1.3,"Bangladesh Rice Journal 21(2) 2017, 'Crop Diversity and Cropping Patterns of Comilla Region', doi:10.3329/brj.v21i2.38198",Laksam,Comilla,23.2388,91.1053
Comilla,4,Boro-B. Aman,Sarail,350.0,2.12,0.91,"Bangladesh Rice Journal 21(2) 2017, 'Crop Diversity and Cropping Patterns of Comilla Region', doi:10.3329/brj.v21i2.38198",Sarail,Brahamanbaria,24.1032,91.1122
Comilla,4,Boro-B. Aman,Brahmanpara,330.0,3.46,0.86,"Bangladesh Rice Journal 21(2) 2017, 'Crop Diversity and Cropping Patterns of Comilla Region', doi:10.3329/brj.v21i2.38198",Brahman Para,Comilla,23.6452,91.0966
Comilla,4,Boro-B. Aman,Hajiganj,100.0,0.83,0.26,"Bangladesh Rice Journal 21(2) 2017, 'Crop Diversity and Cropping Patterns of Comilla Region', doi:10.3329/brj.v21i2.38198",Hajiganj,Chandpur,23.263,90.8372
Comilla,4,Boro-B. Aman,Barura,100.0,0.61,0.26,"Bangladesh Rice Journal 21(2) 2017, 'Crop Diversity and Cropping Patterns of Comilla Region', doi:10.3329/brj.v21i2.38198",Barura,Comilla,23.3557,91.0394
Comilla,4,Boro-B. Aman,Chandpur sadar,50.0,0.43,0.13,"Bangladesh Rice Journal 21(2) 2017, 'Crop Diversity and Cropping Patterns of Comilla Region', doi:10.3329/brj.v21i2.38198",Chandpur Sadar,Chandpur,23.227,90.6908
Comilla,4,Boro-B. Aman,Bijoynagar,30.0,0.21,0.08,"Bangladesh Rice Journal 21(2) 2017, 'Crop Diversity and Cropping Patterns of Comilla Region', doi:10.3329/brj.v21i2.38198",Bijoynagar,Brahamanbaria,23.9944,91.2282
Comilla,5,Mustard-B. Aman,Nasirnagar,4880.0,18.73,50.36,"Bangladesh Rice Journal 21(2) 2017, 'Crop Diversity and Cropping Patterns of Comilla Region', doi:10.3329/brj.v21i2.38198",Nasirnagar,Brahamanbaria,24.1822,91.1875
Comilla,5,Mustard-B. Aman,Muradnagar,2600.0,10.95,26.83,"Bangladesh Rice Journal 21(2) 2017, 'Crop Diversity and Cropping Patterns of Comilla Region', doi:10.3329/brj.v21i2.38198",Muradnagar,Comilla,23.6776,90.9437
Comilla,5,Mustard-B. Aman,Bancharampur,600.0,4.36,6.19,"Bangladesh Rice Journal 21(2) 2017, 'Crop Diversity and Cropping Patterns of Comilla Region', doi:10.3329/brj.v21i2.38198",Banchharampur,Brahamanbaria,23.7801,90.807
Comilla,5,Mustard-B. Aman,Nabinagar,440.0,1.67,4.54,"Bangladesh Rice Journal 21(2) 2017, 'Crop Diversity and Cropping Patterns of Comilla Region', doi:10.3329/brj.v21i2.38198",Nabinagar,Brahamanbaria,23.8635,90.9804
Comilla,5,Mustard-B. Aman,Kasba,400.0,2.6,4.13,"Bangladesh Rice Journal 21(2) 2017, 'Crop Diversity and Cropping Patterns of Comilla Region', doi:10.3329/brj.v21i2.38198",Kasba,Brahamanbaria,23.763,91.1303
Comilla,5,Mustard-B. Aman,Meghna,270.0,3.8,2.79,"Bangladesh Rice Journal 21(2) 2017, 'Crop Diversity and Cropping Patterns of Comilla Region', doi:10.3329/brj.v21i2.38198",Meghna,Comilla,23.6248,90.6909
Comilla,5,Mustard-B. Aman,Nangolkot,250.0,1.63,2.58,"Bangladesh Rice Journal 21(2) 2017, 'Crop Diversity and Cropping Patterns of Comilla Region', doi:10.3329/brj.v21i2.38198",Nangalkot,Comilla,23.1401,91.2093
Comilla,5,Mustard-B. Aman,Brahmanpara,220.0,2.32,2.27,"Bangladesh Rice Journal 21(2) 2017, 'Crop Diversity and Cropping Patterns of Comilla Region', doi:10.3329/brj.v21i2.38198",Brahman Para,Comilla,23.6452,91.0966
Comilla,5,Mustard-B. Aman,Shaharasti,30.0,0.28,0.31,"Bangladesh Rice Journal 21(2) 2017, 'Crop Diversity and Cropping Patterns of Comilla Region', doi:10.3329/brj.v21i2.38198",Shahrasti,Chandpur,23.2087,90.9569
Chittagong,1,Boro-Fallow-T. Aman,Lakshmipur,13700.0,52.45,9.12,"Bangladesh Rice Journal 21(2) 2017, 'Diversity of Cropping Systems in Chittagong Region', doi:10.3329/brj.v21i2.38199",Lakshmipur Sadar,Lakshmipur,22.9239,90.8684
Chittagong,1,Boro-Fallow-T. Aman,Chakaria,10000.0,46.36,6.65,"Bangladesh Rice Journal 21(2) 2017, 'Diversity of Cropping Systems in Chittagong Region', doi:10.3329/brj.v21i2.38199",Chakaria,Cox's Bazar,21.7402,92.0524
Chittagong,1,Boro-Fallow-T. Aman,Feni,9500.0,56.55,6.32,"Bangladesh Rice Journal 21(2) 2017, 'Diversity of Cropping Systems in Chittagong Region', doi:10.3329/brj.v21i2.38199",Feni Sadar,Feni,22.99,91.4159
Chittagong,1,Boro-Fallow-T. Aman,Rngunia,9100.0,49.19,6.06,"Bangladesh Rice Journal 21(2) 2017, 'Diversity of Cropping Systems in Chittagong Region', doi:10.3329/brj.v21i2.38199",Rangunia,Chittagong,22.465,92.0666
Chittagong,1,Boro-Fallow-T. Aman,Maheskhali,7000.0,67.57,4.66,"Bangladesh Rice Journal 21(2) 2017, 'Diversity of Cropping Systems in Chittagong Region', doi:10.3329/brj.v21i2.38199",Maheshkhali,Cox's Bazar,21.6094,91.9218
Chittagong,1,Boro-Fallow-T. Aman,Senbag,7000.0,66.16,4.66,"Bangladesh Rice Journal 21(2) 2017, 'Diversity of Cropping Systems in Chittagong Region', doi:10.3329/brj.v21i2.38199",Senbagh,Noakhali,22.9924,91.2121
Chittagong,1,Boro-Fallow-T. Aman,CoxBazar,6800.0,68.41,4.52,"Bangladesh Rice Journal 21(2) 2017, 'Diversity of Cropping Systems in Chittagong Region', doi:10.3329/brj.v21i2.38199",Cox's Bazar Sadar,Cox's Bazar,21.5056,92.0347
Chittagong,1,Boro-Fallow-T. Aman,Ramu,6700.0,63.81,4.46,"Bangladesh Rice Journal 21(2) 2017, 'Diversity of Cropping Systems in Chittagong Region', doi:10.3329/brj.v21i2.38199",Ramu,Cox's Bazar,21.4408,92.1211
Chittagong,1,Boro-Fallow-T. Aman,Fatikchhari,6500.0,29.47,4.33,"Bangladesh Rice Journal 21(2) 2017, 'Diversity of Cropping Systems in Chittagong Region', doi:10.3329/brj.v21i2.38199",Fatikchhari,Chittagong,22.7563,91.7472
Chittagong,1,Boro-Fallow-T. Aman,Ukhia,6200.0,61.45,4.13,"Bangladesh Rice Journal 21(2) 2017, 'Diversity of Cropping Systems in Chittagong Region', doi:10.3329/brj.v21i2.38199",Ukhia,Cox's Bazar,21.2295,92.1159
Chittagong,1,Boro-Fallow-T. Aman,Chhagalnaiya,5700.0,53.93,3.79,"Bangladesh Rice Journal 21(2) 2017, 'Diversity of Cropping Systems in Chittagong Region', doi:10.3329/brj.v21i2.38199",Chhagalnaiya,Feni,23.017,91.507
Chittagong,1,Boro-Fallow-T. Aman,Rauzan,5300.0,42.71,3.53,"Bangladesh Rice Journal 21(2) 2017, 'Diversity of Cropping Systems in Chittagong Region', doi:10.3329/brj.v21i2.38199",Raozan,Chittagong,22.5208,91.917
Chittagong,1,Boro-Fallow-T. Aman,Dagonbhuiyan,5100.0,49.76,3.39,"Bangladesh Rice Journal 21(2) 2017, 'Diversity of Cropping Systems in Chittagong Region', doi:10.3329/brj.v21i2.38199",Daganbhuiyan,Feni,22.9706,91.2997
Chittagong,1,Boro-Fallow-T. Aman,Satkania,5000.0,39.31,3.33,"Bangladesh Rice Journal 21(2) 2017, 'Diversity of Cropping Systems in Chittagong Region', doi:10.3329/brj.v21i2.38199",Satkania,Chittagong,22.1045,92.0605
Chittagong,1,Boro-Fallow-T. Aman,Raipur,4800.0,28.88,3.19,"Bangladesh Rice Journal 21(2) 2017, 'Diversity of Cropping Systems in Chittagong Region', doi:10.3329/brj.v21i2.38199",,,,
Chittagong,1,Boro-Fallow-T. Aman,Hathazari,4600.0,44.57,3.06,"Bangladesh Rice Journal 21(2) 2017, 'Diversity of Cropping Systems in Chittagong Region', doi:10.3329/brj.v21i2.38199",Hathazari,Chittagong,22.5287,91.7971
Chittagong,1,Boro-Fallow-T. Aman,Pekua,4500.0,57.54,2.99,"Bangladesh Rice Journal 21(2) 2017, 'Diversity of Cropping Systems in Chittagong Region', doi:10.3329/brj.v21i2.38199",Pekua,Cox's Bazar,21.8182,91.9527
Chittagong,1,Boro-Fallow-T. Aman,Fulgazi,4300.0,60.31,2.86,"Bangladesh Rice Journal 21(2) 2017, 'Diversity of Cropping Systems in Chittagong Region', doi:10.3329/brj.v21i2.38199",Fulgazi,Feni,23.118,91.4425
Chittagong,1,Boro-Fallow-T. Aman,Parshuram,3600.0,54.05,2.4,"Bangladesh Rice Journal 21(2) 2017, 'Diversity of Cropping Systems in Chittagong Region', doi:10.3329/brj.v21i2.38199",Parshuram,Feni,23.2013,91.4397
Chittagong,1,Boro-Fallow-T. Aman,Anwara,3300.0,39.1,2.2,"Bangladesh Rice Journal 21(2) 2017, 'Diversity of Cropping Systems in Chittagong Region', doi:10.3329/brj.v21i2.38199",Anowara,Chittagong,22.2026,91.8812
Chittagong,1,Boro-Fallow-T. Aman,Lohagara,3300.0,30.14,2.2,"Bangladesh Rice Journal 21(2) 2017, 'Diversity of Cropping Systems in Chittagong Region', doi:10.3329/brj.v21i2.38199",Lohagara,Chittagong,21.9862,92.111
Chittagong,1,Boro-Fallow-T. Aman,Banshkhali,3000.0,16.87,2.0,"Bangladesh Rice Journal 21(2) 2017, 'Diversity of Cropping Systems in Chittagong Region', doi:10.3329/brj.v21i2.38199",Banshkhali,Chittagong,22.0147,91.9402
Chittagong,1,Boro-Fallow-T. Aman,Patiya,2600.0,19.01,1.73,"Bangladesh Rice Journal 21(2) 2017, 'Diversity of Cropping Systems in Chittagong Region', doi:10.3329/brj.v21i2.38199",Patiya,Chittagong,22.292,91.964
Chittagong,1,Boro-Fallow-T. Aman,Subarnachar,2000.0,5.27,1.33,"Bangladesh Rice Journal 21(2) 2017, 'Diversity of Cropping Systems in Chittagong Region', doi:10.3329/brj.v21i2.38199",Subarnachar,Noakhali,22.637,91.1277
Chittagong,1,Boro-Fallow-T. Aman,Boalkhali,1600.0,25.76,1.06,"Bangladesh Rice Journal 21(2) 2017, 'Diversity of Cropping Systems in Chittagong Region', doi:10.3329/brj.v21i2.38199",Boalkhali,Chittagong,22.377,91.9701
Chittagong,1,Boro-Fallow-T. Aman,Ramganj,1500.0,13.27,1.0,"Bangladesh Rice Journal 21(2) 2017, 'Diversity of Cropping Systems in Chittagong Region', doi:10.3329/brj.v21i2.38199",Ramganj,Lakshmipur,23.0989,90.8726
Chittagong,1,Boro-Fallow-T. Aman,Mirsharai,1400.0,6.04,0.93,"Bangladesh Rice Journal 21(2) 2017, 'Diversity of Cropping Systems in Chittagong Region', doi:10.3329/brj.v21i2.38199",Mirsharai,Chittagong,22.81,91.5502
Chittagong,1,Boro-Fallow-T. Aman,Teknaf,1200.0,10.46,0.8,"Bangladesh Rice Journal 21(2) 2017, 'Diversity of Cropping Systems in Chittagong Region', doi:10.3329/brj.v21i2.38199",Teknaf,Cox's Bazar,20.9961,92.2224
Chittagong,1,Boro-Fallow-T. Aman,Kabirhat,1200.0,10.11,0.8,"Bangladesh Rice Journal 21(2) 2017, 'Diversity of Cropping Systems in Chittagong Region', doi:10.3329/brj.v21i2.38199",Kabirhat,Noakhali,22.8133,91.1999
Chittagong,1,Boro-Fallow-T. Aman,Companiganj,1100.0,4.88,0.73,"Bangladesh Rice Journal 21(2) 2017, 'Diversity of Cropping Systems in Chittagong Region', doi:10.3329/brj.v21i2.38199",Companiganj,Noakhali,22.7825,91.2735
Chittagong,1,Boro-Fallow-T. Aman,Chandanaish,700.0,7.1,0.47,"Bangladesh Rice Journal 21(2) 2017, 'Diversity of Cropping Systems in Chittagong Region', doi:10.3329/brj.v21i2.38199",Chandanaish,Chittagong,22.2122,92.0635
Chittagong,1,Boro-Fallow-T. Aman,Begumganj,700.0,4.26,0.47,"Bangladesh Rice Journal 21(2) 2017, 'Diversity of Cropping Systems in Chittagong Region', doi:10.3329/brj.v21i2.38199",Begumganj,Noakhali,22.9306,91.0952
Chittagong,1,Boro-Fallow-T. Aman,Sonagazi,600.0,2.92,0.4,"Bangladesh Rice Journal 21(2) 2017, 'Diversity of Cropping Systems in Chittagong Region', doi:10.3329/brj.v21i2.38199",Sonagazi,Feni,22.8655,91.395
Chittagong,1,Boro-Fallow-T. Aman,Noakhali,400.0,1.62,0.27,"Bangladesh Rice Journal 21(2) 2017, 'Diversity of Cropping Systems in Chittagong Region', doi:10.3329/brj.v21i2.38199",Boalkhali,Chittagong,22.377,91.9701
Chittagong,1,Boro-Fallow-T. Aman,Kamalnagar,200.0,0.92,0.13,"Bangladesh Rice Journal 21(2) 2017, 'Diversity of Cropping Systems in Chittagong Region', doi:10.3329/brj.v21i2.38199",Kamalnagar,Lakshmipur,22.7677,90.8653
Chittagong,1,Boro-Fallow-T. Aman,Sonaimuri,50.0,0.46,0.03,"Bangladesh Rice Journal 21(2) 2017, 'Diversity of Cropping Systems in Chittagong Region', doi:10.3329/brj.v21i2.38199",Sonaimuri,Noakhali,23.0262,91.0777
Chittagong,1,Boro-Fallow-T. Aman,Sitakunda,20.0,0.21,0.01,"Bangladesh Rice Journal 21(2) 2017, 'Diversity of Cropping Systems in Chittagong Region', doi:10.3329/brj.v21i2.38199",Sitakunda,Chittagong,22.5588,91.6828
Chittagong,1,Boro-Fallow-T. Aman,Chatkhil,10.0,0.12,0.0,"Bangladesh Rice Journal 21(2) 2017, 'Diversity of Cropping Systems in Chittagong Region', doi:10.3329/brj.v21i2.38199",Chatkhil,Noakhali,23.0538,90.9639
Chittagong,1,Boro-Fallow-T. Aman,Fatikchhari,12000.0,54.4,9.55,"Bangladesh Rice Journal 21(2) 2017, 'Diversity of Cropping Systems in Chittagong Region', doi:10.3329/brj.v21i2.38199",Fatikchhari,Chittagong,22.7563,91.7472
Chittagong,1,Boro-Fallow-T. Aman,Sandwip,12000.0,49.5,9.55,"Bangladesh Rice Journal 21(2) 2017, 'Diversity of Cropping Systems in Chittagong Region', doi:10.3329/brj.v21i2.38199",Sandwip,Chittagong,22.4912,91.491
Chittagong,1,Boro-Fallow-T. Aman,Subarnachar,11300.0,29.76,9.0,"Bangladesh Rice Journal 21(2) 2017, 'Diversity of Cropping Systems in Chittagong Region', doi:10.3329/brj.v21i2.38199",Subarnachar,Noakhali,22.637,91.1277
Chittagong,1,Boro-Fallow-T. Aman,Mirsharai,10800.0,46.63,8.6,"Bangladesh Rice Journal 21(2) 2017, 'Diversity of Cropping Systems in Chittagong Region', doi:10.3329/brj.v21i2.38199",Mirsharai,Chittagong,22.81,91.5502
Chittagong,1,Boro-Fallow-T. Aman,Companiganj,8200.0,36.37,6.53,"Bangladesh Rice Journal 21(2) 2017, 'Diversity of Cropping Systems in Chittagong Region', doi:10.3329/brj.v21i2.38199",Companiganj,Noakhali,22.7825,91.2735
Chittagong,1,Boro-Fallow-T. Aman,Teknaf,8000.0,69.75,6.37,"Bangladesh Rice Journal 21(2) 2017, 'Diversity of Cropping Systems in Chittagong Region', doi:10.3329/brj.v21i2.38199",Teknaf,Cox's Bazar,20.9961,92.2224
Chittagong,1,Boro-Fallow-T. Aman,Hatiya,8000.0,14.42,6.37,"Bangladesh Rice Journal 21(2) 2017, 'Diversity of Cropping Systems in Chittagong Region', doi:10.3329/brj.v21i2.38199",Hatiya,Noakhali,22.2431,91.1116
Chittagong,1,Boro-Fallow-T. Aman,Patiya,6200.0,45.32,4.94,"Bangladesh Rice Journal 21(2) 2017, 'Diversity of Cropping Systems in Chittagong Region', doi:10.3329/brj.v21i2.38199",Patiya,Chittagong,22.292,91.964
Chittagong,1,Boro-Fallow-T. Aman,Rangunia,6100.0,32.97,4.86,"Bangladesh Rice Journal 21(2) 2017, 'Diversity of Cropping Systems in Chittagong Region', doi:10.3329/brj.v21i2.38199",Rangunia,Chittagong,22.465,92.0666
Chittagong,1,Boro-Fallow-T. Aman,Sonagazi,5600.0,27.29,4.46,"Bangladesh Rice Journal 21(2) 2017, 'Diversity of Cropping Systems in Chittagong Region', doi:10.3329/brj.v21i2.38199",Sonagazi,Feni,22.8655,91.395
Chittagong,1,Boro-Fallow-T. Aman,Rauzan,4000.0,32.23,3.18,"Bangladesh Rice Journal 21(2) 2017, 'Diversity of Cropping Systems in Chittagong Region', doi:10.3329/brj.v21i2.38199",Raozan,Chittagong,22.5208,91.917
Chittagong,1,Boro-Fallow-T. Aman,Kabirhat,3500.0,29.49,2.79,"Bangladesh Rice Journal 21(2) 2017, 'Diversity of Cropping Systems in Chittagong Region', doi:10.3329/brj.v21i2.38199",Kabirhat,Noakhali,22.8133,91.1999
Chittagong,1,Boro-Fallow-T. Aman,Hathazari,3100.0,30.04,2.47,"Bangladesh Rice Journal 21(2) 2017, 'Diversity of Cropping Systems in Chittagong Region', doi:10.3329/brj.v21i2.38199",Hathazari,Chittagong,22.5287,91.7971
Chittagong,1,Boro-Fallow-T. Aman,Dagonbhuiyan,3000.0,29.27,2.39,"Bangladesh Rice Journal 21(2) 2017, 'Diversity of Cropping Systems in Chittagong Region', doi:10.3329/brj.v21i2.38199",Daganbhuiyan,Feni,22.9706,91.2997
Chittagong,1,Boro-Fallow-T. Aman,Boalkhali,2600.0,41.87,2.07,"Bangladesh Rice Journal 21(2) 2017, 'Diversity of Cropping Systems in Chittagong Region', doi:10.3329/brj.v21i2.38199",Boalkhali,Chittagong,22.377,91.9701
Chittagong,1,Boro-Fallow-T. Aman,Satkania,2550.0,20.05,2.03,"Bangladesh Rice Journal 21(2) 2017, 'Diversity of Cropping Systems in Chittagong Region', doi:10.3329/brj.v21i2.38199",Satkania,Chittagong,22.1045,92.0605
Chittagong,1,Boro-Fallow-T. Aman,Chhagalnaiya,2400.0,22.71,1.91,"Bangladesh Rice Journal 21(2) 2017, 'Diversity of Cropping Systems in Chittagong Region', doi:10.3329/brj.v21i2.38199",Chhagalnaiya,Feni,23.017,91.507
Chittagong,1,Boro-Fallow-T. Aman,Banshkhali,2300.0,12.94,1.83,"Bangladesh Rice Journal 21(2) 2017, 'Diversity of Cropping Systems in Chittagong Region', doi:10.3329/brj.v21i2.38199",Banshkhali,Chittagong,22.0147,91.9402
Chittagong,1,Boro-Fallow-T. Aman,Chandanaish,2200.0,22.31,1.75,"Bangladesh Rice Journal 21(2) 2017, 'Diversity of Cropping Systems in Chittagong Region', doi:10.3329/brj.v21i2.38199",Chandanaish,Chittagong,22.2122,92.0635
Chittagong,1,Boro-Fallow-T. Aman,Lohagara,2200.0,20.09,1.75,"Bangladesh Rice Journal 21(2) 2017, 'Diversity of Cropping Systems in Chittagong Region', doi:10.3329/brj.v21i2.38199",Lohagara,Chittagong,21.9862,92.111
Chittagong,1,Boro-Fallow-T. Aman,Parshuram,1800.0,27.03,1.43,"Bangladesh Rice Journal 21(2) 2017, 'Diversity of Cropping Systems in Chittagong Region', doi:10.3329/brj.v21i2.38199",Parshuram,Feni,23.2013,91.4397
Chittagong,1,Boro-Fallow-T. Aman,Fulgazi,1800.0,25.25,1.43,"Bangladesh Rice Journal 21(2) 2017, 'Diversity of Cropping Systems in Chittagong Region', doi:10.3329/brj.v21i2.38199",Fulgazi,Feni,23.118,91.4425
Chittagong,1,Boro-Fallow-T. Aman,Noakhali,1300.0,5.26,1.04,"Bangladesh Rice Journal 21(2) 2017, 'Diversity of Cropping Systems in Chittagong Region', doi:10.3329/brj.v21i2.38199",Boalkhali,Chittagong,22.377,91.9701
Chittagong,1,Boro-Fallow-T. Aman,Ukhia,1200.0,11.89,0.96,"Bangladesh Rice Journal 21(2) 2017, 'Diversity of Cropping Systems in Chittagong Region', doi:10.3329/brj.v21i2.38199",Ukhia,Cox's Bazar,21.2295,92.1159
Chittagong,1,Boro-Fallow-T. Aman,Feni,1000.0,5.95,0.8,"Bangladesh Rice Journal 21(2) 2017, 'Diversity of Cropping Systems in Chittagong Region', doi:10.3329/brj.v21i2.38199",Feni Sadar,Feni,22.99,91.4159
Chittagong,1,Boro-Fallow-T. Aman,Maheshkhali,800.0,7.72,0.64,"Bangladesh Rice Journal 21(2) 2017, 'Diversity of Cropping Systems in Chittagong Region', doi:10.3329/brj.v21i2.38199",Maheshkhali,Cox's Bazar,21.6094,91.9218
Chittagong,1,Boro-Fallow-T. Aman,Senbag,600.0,5.67,0.48,"Bangladesh Rice Journal 21(2) 2017, 'Diversity of Cropping Systems in Chittagong Region', doi:10.3329/brj.v21i2.38199",Senbagh,Noakhali,22.9924,91.2121
Chittagong,1,Boro-Fallow-T. Aman,Sitakunda,450.0,4.59,0.36,"Bangladesh Rice Journal 21(2) 2017, 'Diversity of Cropping Systems in Chittagong Region', doi:10.3329/brj.v21i2.38199",Sitakunda,Chittagong,22.5588,91.6828
Chittagong,1,Boro-Fallow-T. Aman,CoxBazar,250.0,2.52,0.2,"Bangladesh Rice Journal 21(2) 2017, 'Diversity of Cropping Systems in Chittagong Region', doi:10.3329/brj.v21i2.38199",Cox's Bazar Sadar,Cox's Bazar,21.5056,92.0347
Chittagong,1,Boro-Fallow-T. Aman,Kutubdia,150.0,4.41,0.12,"Bangladesh Rice Journal 21(2) 2017, 'Diversity of Cropping Systems in Chittagong Region', doi:10.3329/brj.v21i2.38199",Kutubdia,Cox's Bazar,21.8378,91.8625
Chittagong,1,Boro-Fallow-T. Aman,Ramgati,150.0,0.62,0.12,"Bangladesh Rice Journal 21(2) 2017, 'Diversity of Cropping Systems in Chittagong Region', doi:10.3329/brj.v21i2.38199",Ramgati,Lakshmipur,22.6654,90.9468
Chittagong,1,Boro-Fallow-T. Aman,Ramganj,50.0,0.44,0.04,"Bangladesh Rice Journal 21(2) 2017, 'Diversity of Cropping Systems in Chittagong Region', doi:10.3329/brj.v21i2.38199",Ramganj,Lakshmipur,23.0989,90.8726
Chittagong,3,Boro-Fallow-Fallow,Begumganj,15000.0,91.35,30.79,"Bangladesh Rice Journal 21(2) 2017, 'Diversity of Cropping Systems in Chittagong Region', doi:10.3329/brj.v21i2.38199",Begumganj,Noakhali,22.9306,91.0952
Chittagong,3,Boro-Fallow-Fallow,Sonaimuri,10100.0,93.78,20.73,"Bangladesh Rice Journal 21(2) 2017, 'Diversity of Cropping Systems in Chittagong Region', doi:10.3329/brj.v21i2.38199",Sonaimuri,Noakhali,23.0262,91.0777
Chittagong,3,Boro-Fallow-Fallow,Chatkhil,7800.0,94.78,16.01,"Bangladesh Rice Journal 21(2) 2017, 'Diversity of Cropping Systems in Chittagong Region', doi:10.3329/brj.v21i2.38199",Chatkhil,Noakhali,23.0538,90.9639
Chittagong,3,Boro-Fallow-Fallow,Noakhali,5200.0,21.05,10.68,"Bangladesh Rice Journal 21(2) 2017, 'Diversity of Cropping Systems in Chittagong Region', doi:10.3329/brj.v21i2.38199",Boalkhali,Chittagong,22.377,91.9701
Chittagong,3,Boro-Fallow-Fallow,Ramganj,3900.0,34.51,8.01,"Bangladesh Rice Journal 21(2) 2017, 'Diversity of Cropping Systems in Chittagong Region', doi:10.3329/brj.v21i2.38199",Ramganj,Lakshmipur,23.0989,90.8726
Chittagong,3,Boro-Fallow-Fallow,Kabirhat,3700.0,31.17,7.6,"Bangladesh Rice Journal 21(2) 2017, 'Diversity of Cropping Systems in Chittagong Region', doi:10.3329/brj.v21i2.38199",Kabirhat,Noakhali,22.8133,91.1999
Chittagong,3,Boro-Fallow-Fallow,Senbag,1200.0,11.34,2.46,"Bangladesh Rice Journal 21(2) 2017, 'Diversity of Cropping Systems in Chittagong Region', doi:10.3329/brj.v21i2.38199",Senbagh,Noakhali,22.9924,91.2121
Chittagong,3,Boro-Fallow-Fallow,Chakaria,700.0,3.25,1.43,"Bangladesh Rice Journal 21(2) 2017, 'Diversity of Cropping Systems in Chittagong Region', doi:10.3329/brj.v21i2.38199",Chakaria,Cox's Bazar,21.7402,92.0524
Chittagong,3,Boro-Fallow-Fallow,Anwara,400.0,4.74,0.82,"Bangladesh Rice Journal 21(2) 2017, 'Diversity of Cropping Systems in Chittagong Region', doi:10.3329/brj.v21i2.38199",Anowara,Chittagong,22.2026,91.8812
Chittagong,3,Boro-Fallow-Fallow,Raipur,300.0,1.81,0.06,"Bangladesh Rice Journal 21(2) 2017, 'Diversity of Cropping Systems in Chittagong Region', doi:10.3329/brj.v21i2.38199",,,,
Chittagong,3,Boro-Fallow-Fallow,Parshuram,250.0,3.75,0.05,"Bangladesh Rice Journal 21(2) 2017, 'Diversity of Cropping Systems in Chittagong Region', doi:10.3329/brj.v21i2.38199",Parshuram,Feni,23.2013,91.4397
Chittagong,3,Boro-Fallow-Fallow,Maheshkhali,160.0,1.54,0.03,"Bangladesh Rice Journal 21(2) 2017, 'Diversity of Cropping Systems in Chittagong Region', doi:10.3329/brj.v21i2.38199",Maheshkhali,Cox's Bazar,21.6094,91.9218
Chittagong,4,Grasspea-Fallow-T. Aman,Hatiya,8000.0,14.42,26.11,"Bangladesh Rice Journal 21(2) 2017, 'Diversity of Cropping Systems in Chittagong Region', doi:10.3329/brj.v21i2.38199",Hatiya,Noakhali,22.2431,91.1116
Chittagong,4,Grasspea-Fallow-T. Aman,Companiganj,7700.0,34.15,25.13,"Bangladesh Rice Journal 21(2) 2017, 'Diversity of Cropping Systems in Chittagong Region', doi:10.3329/brj.v21i2.38199",Companiganj,Noakhali,22.7825,91.2735
Chittagong,4,Grasspea-Fallow-T. Aman,Subarnachar,5700.0,15.01,18.6,"Bangladesh Rice Journal 21(2) 2017, 'Diversity of Cropping Systems in Chittagong Region', doi:10.3329/brj.v21i2.38199",Subarnachar,Noakhali,22.637,91.1277
Chittagong,4,Grasspea-Fallow-T. Aman,Sonagazi,5000.0,24.37,16.32,"Bangladesh Rice Journal 21(2) 2017, 'Diversity of Cropping Systems in Chittagong Region', doi:10.3329/brj.v21i2.38199",Sonagazi,Feni,22.8655,91.395
Chittagong,4,Grasspea-Fallow-T. Aman,Kabirhat,1600.0,13.48,5.22,"Bangladesh Rice Journal 21(2) 2017, 'Diversity of Cropping Systems in Chittagong Region', doi:10.3329/brj.v21i2.38199",Kabirhat,Noakhali,22.8133,91.1999
Chittagong,4,Grasspea-Fallow-T. Aman,Mirsharai,1100.0,4.75,3.59,"Bangladesh Rice Journal 21(2) 2017, 'Diversity of Cropping Systems in Chittagong Region', doi:10.3329/brj.v21i2.38199",Mirsharai,Chittagong,22.81,91.5502
Chittagong,4,Grasspea-Fallow-T. Aman,Feni,900.0,5.36,2.94,"Bangladesh Rice Journal 21(2) 2017, 'Diversity of Cropping Systems in Chittagong Region', doi:10.3329/brj.v21i2.38199",Feni Sadar,Feni,22.99,91.4159
Chittagong,4,Grasspea-Fallow-T. Aman,Noakhali,500.0,2.02,1.63,"Bangladesh Rice Journal 21(2) 2017, 'Diversity of Cropping Systems in Chittagong Region', doi:10.3329/brj.v21i2.38199",Boalkhali,Chittagong,22.377,91.9701
Chittagong,4,Grasspea-Fallow-T. Aman,Dagonbhuiyan,100.0,0.98,0.33,"Bangladesh Rice Journal 21(2) 2017, 'Diversity of Cropping Systems in Chittagong Region', doi:10.3329/brj.v21i2.38199",Daganbhuiyan,Feni,22.9706,91.2997
Chittagong,4,Grasspea-Fallow-T. Aman,Anwara,10.0,0.12,0.03,"Bangladesh Rice Journal 21(2) 2017, 'Diversity of Cropping Systems in Chittagong Region', doi:10.3329/brj.v21i2.38199",Anowara,Chittagong,22.2026,91.8812
Chittagong,4,Grasspea-Fallow-T. Aman,Patiya,10.0,0.07,0.03,"Bangladesh Rice Journal 21(2) 2017, 'Diversity of Cropping Systems in Chittagong Region', doi:10.3329/brj.v21i2.38199",Patiya,Chittagong,22.292,91.964
Chittagong,4,Grasspea-Fallow-T. Aman,Rauzan,10.0,0.08,0.03,"Bangladesh Rice Journal 21(2) 2017, 'Diversity of Cropping Systems in Chittagong Region', doi:10.3329/brj.v21i2.38199",Raozan,Chittagong,22.5208,91.917
Chittagong,4,Grasspea-Fallow-T. Aman,Senbag,10.0,0.1,0.03,"Bangladesh Rice Journal 21(2) 2017, 'Diversity of Cropping Systems in Chittagong Region', doi:10.3329/brj.v21i2.38199",Senbagh,Noakhali,22.9924,91.2121
Chittagong,5,Fallow-Aus-T. Aman,Hatiya,8000.0,14.42,29.48,"Bangladesh Rice Journal 21(2) 2017, 'Diversity of Cropping Systems in Chittagong Region', doi:10.3329/brj.v21i2.38199",Hatiya,Noakhali,22.2431,91.1116
Chittagong,5,Fallow-Aus-T. Aman,Sonagazi,3800.0,18.52,14.0,"Bangladesh Rice Journal 21(2) 2017, 'Diversity of Cropping Systems in Chittagong Region', doi:10.3329/brj.v21i2.38199",Sonagazi,Feni,22.8655,91.395
Chittagong,5,Fallow-Aus-T. Aman,Sandwip,2900.0,11.96,10.69,"Bangladesh Rice Journal 21(2) 2017, 'Diversity of Cropping Systems in Chittagong Region', doi:10.3329/brj.v21i2.38199",Sandwip,Chittagong,22.4912,91.491
Chittagong,5,Fallow-Aus-T. Aman,Sitakunda,2800.0,28.57,10.32,"Bangladesh Rice Journal 21(2) 2017, 'Diversity of Cropping Systems in Chittagong Region', doi:10.3329/brj.v21i2.38199",Sitakunda,Chittagong,22.5588,91.6828
Chittagong,5,Fallow-Aus-T. Aman,Noakhali,2800.0,11.34,10.32,"Bangladesh Rice Journal 21(2) 2017, 'Diversity of Cropping Systems in Chittagong Region', doi:10.3329/brj.v21i2.38199",Boalkhali,Chittagong,22.377,91.9701
Chittagong,5,Fallow-Aus-T. Aman,Banshkahli,2000.0,11.25,7.37,"Bangladesh Rice Journal 21(2) 2017, 'Diversity of Cropping Systems in Chittagong Region', doi:10.3329/brj.v21i2.38199",Banshkhali,Chittagong,22.0147,91.9402
Chittagong,5,Fallow-Aus-T. Aman,Ramganj,1200.0,10.62,4.42,"Bangladesh Rice Journal 21(2) 2017, 'Diversity of Cropping Systems in Chittagong Region', doi:10.3329/brj.v21i2.38199",Ramganj,Lakshmipur,23.0989,90.8726
Chittagong,5,Fallow-Aus-T. Aman,Kabirhat,700.0,5.9,2.58,"Bangladesh Rice Journal 21(2) 2017, 'Diversity of Cropping Systems in Chittagong Region', doi:10.3329/brj.v21i2.38199",Kabirhat,Noakhali,22.8133,91.1999
Chittagong,5,Fallow-Aus-T. Aman,Senbag,600.0,5.67,2.21,"Bangladesh Rice Journal 21(2) 2017, 'Diversity of Cropping Systems in Chittagong Region', doi:10.3329/brj.v21i2.38199",Senbagh,Noakhali,22.9924,91.2121
Chittagong,5,Fallow-Aus-T. Aman,Fatikchhari,400.0,1.81,1.47,"Bangladesh Rice Journal 21(2) 2017, 'Diversity of Cropping Systems in Chittagong Region', doi:10.3329/brj.v21i2.38199",Fatikchhari,Chittagong,22.7563,91.7472
Chittagong,5,Fallow-Aus-T. Aman,Satkania,350.0,2.75,1.29,"Bangladesh Rice Journal 21(2) 2017, 'Diversity of Cropping Systems in Chittagong Region', doi:10.3329/brj.v21i2.38199",Satkania,Chittagong,22.1045,92.0605
Chittagong,5,Fallow-Aus-T. Aman,Anwara,300.0,3.55,1.11,"Bangladesh Rice Journal 21(2) 2017, 'Diversity of Cropping Systems in Chittagong Region', doi:10.3329/brj.v21i2.38199",Anowara,Chittagong,22.2026,91.8812
Chittagong,5,Fallow-Aus-T. Aman,Kutubdia,250.0,7.35,0.92,"Bangladesh Rice Journal 21(2) 2017, 'Diversity of Cropping Systems in Chittagong Region', doi:10.3329/brj.v21i2.38199",Kutubdia,Cox's Bazar,21.8378,91.8625
Chittagong,5,Fallow-Aus-T. Aman,Chandanaish,200.0,2.03,0.74,"Bangladesh Rice Journal 21(2) 2017, 'Diversity of Cropping Systems in Chittagong Region', doi:10.3329/brj.v21i2.38199",Chandanaish,Chittagong,22.2122,92.0635
Chittagong,5,Fallow-Aus-T. Aman,Chhagalnaiya,200.0,1.9,0.74,"Bangladesh Rice Journal 21(2) 2017, 'Diversity of Cropping Systems in Chittagong Region', doi:10.3329/brj.v21i2.38199",Chhagalnaiya,Feni,23.017,91.507
Chittagong,5,Fallow-Aus-T. Aman,Dagonbhuiyan,200.0,1.96,0.74,"Bangladesh Rice Journal 21(2) 2017, 'Diversity of Cropping Systems in Chittagong Region', doi:10.3329/brj.v21i2.38199",Daganbhuiyan,Feni,22.9706,91.2997
Chittagong,5,Fallow-Aus-T. Aman,Mirsharai,150.0,0.65,0.55,"Bangladesh Rice Journal 21(2) 2017, 'Diversity of Cropping Systems in Chittagong Region', doi:10.3329/brj.v21i2.38199",Mirsharai,Chittagong,22.81,91.5502
Chittagong,5,Fallow-Aus-T. Aman,Patia,150.0,1.11,0.55,"Bangladesh Rice Journal 21(2) 2017, 'Diversity of Cropping Systems in Chittagong Region', doi:10.3329/brj.v21i2.38199",Patiya,Chittagong,22.292,91.964
Chittagong,5,Fallow-Aus-T. Aman,Companiganj,100.0,0.44,0.37,"Bangladesh Rice Journal 21(2) 2017, 'Diversity of Cropping Systems in Chittagong Region', doi:10.3329/brj.v21i2.38199",Companiganj,Noakhali,22.7825,91.2735
Chittagong,5,Fallow-Aus-T. Aman,Hathazari,40.0,0.41,0.15,"Bangladesh Rice Journal 21(2) 2017, 'Diversity of Cropping Systems in Chittagong Region', doi:10.3329/brj.v21i2.38199",Hathazari,Chittagong,22.5287,91.7971
Dhaka,1,Boro-Fallow-T. Aman,Ghatail,18000.0,60.91,12.18,"Bangladesh Rice Journal 21(2) 2017, 'Cropping Pattern, Intensity and Diversity in Dhaka Region', doi:10.3329/brj.v21i2.38200",Ghatail,Tangail,24.4735,90.0516
Dhaka,1,Boro-Fallow-T. Aman,Shakhipur,14000.0,63.78,9.47,"Bangladesh Rice Journal 21(2) 2017, 'Cropping Pattern, Intensity and Diversity in Dhaka Region', doi:10.3329/brj.v21i2.38200",Sakhipur,Tangail,24.3066,90.1728
Dhaka,1,Boro-Fallow-T. Aman,Madhupur,11500.0,45.73,7.78,"Bangladesh Rice Journal 21(2) 2017, 'Cropping Pattern, Intensity and Diversity in Dhaka Region', doi:10.3329/brj.v21i2.38200",Madhupur,Tangail,24.6502,90.0602
Dhaka,1,Boro-Fallow-T. Aman,Gopalpur,9400.0,63.26,6.36,"Bangladesh Rice Journal 21(2) 2017, 'Cropping Pattern, Intensity and Diversity in Dhaka Region', doi:10.3329/brj.v21i2.38200",Gopalpur,Tangail,24.572,89.9036
Dhaka,1,Boro-Fallow-T. Aman,Shibpur,8800.0,72.01,5.95,"Bangladesh Rice Journal 21(2) 2017, 'Cropping Pattern, Intensity and Diversity in Dhaka Region', doi:10.3329/brj.v21i2.38200",Shibpur,Narsingdi,24.026,90.7454
Dhaka,1,Boro-Fallow-T. Aman,Dhanbari,8700.0,79.16,5.89,"Bangladesh Rice Journal 21(2) 2017, 'Cropping Pattern, Intensity and Diversity in Dhaka Region', doi:10.3329/brj.v21i2.38200",Dhanbari,Tangail,24.6867,89.9333
Dhaka,1,Boro-Fallow-T. Aman,Monohardi,8400.0,71.19,5.68,"Bangladesh Rice Journal 21(2) 2017, 'Cropping Pattern, Intensity and Diversity in Dhaka Region', doi:10.3329/brj.v21i2.38200",Manohardi,Narsingdi,24.1607,90.7304
Dhaka,1,Boro-Fallow-T. Aman,Kapasia,8200.0,41.71,5.55,"Bangladesh Rice Journal 21(2) 2017, 'Cropping Pattern, Intensity and Diversity in Dhaka Region', doi:10.3329/brj.v21i2.38200",Kapasia,Gazipur,24.1472,90.5999
Dhaka,1,Boro-Fallow-T. Aman,Sreeppur,6500.0,30.85,4.4,"Bangladesh Rice Journal 21(2) 2017, 'Cropping Pattern, Intensity and Diversity in Dhaka Region', doi:10.3329/brj.v21i2.38200",Sreepur,Gazipur,24.2052,90.4431
Dhaka,1,Boro-Fallow-T. Aman,Kalihati,6500.0,31.31,4.4,"Bangladesh Rice Journal 21(2) 2017, 'Cropping Pattern, Intensity and Diversity in Dhaka Region', doi:10.3329/brj.v21i2.38200",Kalihati,Tangail,24.36,89.9448
Dhaka,1,Boro-Fallow-T. Aman,Gazipur,6100.0,32.28,4.13,"Bangladesh Rice Journal 21(2) 2017, 'Cropping Pattern, Intensity and Diversity in Dhaka Region', doi:10.3329/brj.v21i2.38200",Gazipur Sadar,Gazipur,24.0141,90.3962
Dhaka,1,Boro-Fallow-T. Aman,Raipur,5000.0,21.92,3.38,"Bangladesh Rice Journal 21(2) 2017, 'Cropping Pattern, Intensity and Diversity in Dhaka Region', doi:10.3329/brj.v21i2.38200",,,,
Dhaka,1,Boro-Fallow-T. Aman,Mirzapur,4500.0,16.73,3.04,"Bangladesh Rice Journal 21(2) 2017, 'Cropping Pattern, Intensity and Diversity in Dhaka Region', doi:10.3329/brj.v21i2.38200",Mirzapur,Tangail,24.1159,90.1072
Dhaka,1,Boro-Fallow-T. Aman,Belabo,4400.0,50.25,2.98,"Bangladesh Rice Journal 21(2) 2017, 'Cropping Pattern, Intensity and Diversity in Dhaka Region', doi:10.3329/brj.v21i2.38200",Belabo,Narsingdi,24.0986,90.8493
Dhaka,1,Boro-Fallow-T. Aman,Bhuanpur,3900.0,24.53,2.64,"Bangladesh Rice Journal 21(2) 2017, 'Cropping Pattern, Intensity and Diversity in Dhaka Region', doi:10.3329/brj.v21i2.38200",Bhuapur,Tangail,24.4767,89.8143
Dhaka,1,Boro-Fallow-T. Aman,Kaliakair,3800.0,28.48,2.57,"Bangladesh Rice Journal 21(2) 2017, 'Cropping Pattern, Intensity and Diversity in Dhaka Region', doi:10.3329/brj.v21i2.38200",Kaliakair,Gazipur,24.1033,90.2645
Dhaka,1,Boro-Fallow-T. Aman,Delduar,3500.0,26.66,2.37,"Bangladesh Rice Journal 21(2) 2017, 'Cropping Pattern, Intensity and Diversity in Dhaka Region', doi:10.3329/brj.v21i2.38200",Delduar,Tangail,24.142,89.9377
Dhaka,1,Boro-Fallow-T. Aman,Palash,3000.0,60.85,2.03,"Bangladesh Rice Journal 21(2) 2017, 'Cropping Pattern, Intensity and Diversity in Dhaka Region', doi:10.3329/brj.v21i2.38200",Palash,Narsingdi,23.9538,90.6494
Dhaka,1,Boro-Fallow-T. Aman,Kaliganj,2500.0,20.06,1.69,"Bangladesh Rice Journal 21(2) 2017, 'Cropping Pattern, Intensity and Diversity in Dhaka Region', doi:10.3329/brj.v21i2.38200",Kaliganj,Gazipur,23.9642,90.5549
Dhaka,1,Boro-Fallow-T. Aman,Narsingdi,1900.0,16.18,1.29,"Bangladesh Rice Journal 21(2) 2017, 'Cropping Pattern, Intensity and Diversity in Dhaka Region', doi:10.3329/brj.v21i2.38200",Narsingdi Sadar,Narsingdi,23.8667,90.7082
Dhaka,1,Boro-Fallow-T. Aman,Rupganj,1800.0,17.48,1.22,"Bangladesh Rice Journal 21(2) 2017, 'Cropping Pattern, Intensity and Diversity in Dhaka Region', doi:10.3329/brj.v21i2.38200",Rupganj,Narayanganj,23.8128,90.5388
Dhaka,1,Boro-Fallow-T. Aman,Nagarpur,1800.0,8.39,1.22,"Bangladesh Rice Journal 21(2) 2017, 'Cropping Pattern, Intensity and Diversity in Dhaka Region', doi:10.3329/brj.v21i2.38200",Nagarpur,Tangail,24.0477,89.8742
Dhaka,1,Boro-Fallow-T. Aman,Tangail,1700.0,8.47,1.15,"Bangladesh Rice Journal 21(2) 2017, 'Cropping Pattern, Intensity and Diversity in Dhaka Region', doi:10.3329/brj.v21i2.38200",Tangail Sadar,Tangail,24.2564,89.8661
Dhaka,1,Boro-Fallow-T. Aman,Savar,1400.0,9.88,0.95,"Bangladesh Rice Journal 21(2) 2017, 'Cropping Pattern, Intensity and Diversity in Dhaka Region', doi:10.3329/brj.v21i2.38200",Savar,Dhaka,23.8811,90.2807
Dhaka,1,Boro-Fallow-T. Aman,Dhamrai,530.0,2.38,0.36,"Bangladesh Rice Journal 21(2) 2017, 'Cropping Pattern, Intensity and Diversity in Dhaka Region', doi:10.3329/brj.v21i2.38200",Dhamrai,Dhaka,23.9371,90.1414
Dhaka,1,Boro-Fallow-T. Aman,Saturia,530.0,5.6,0.36,"Bangladesh Rice Journal 21(2) 2017, 'Cropping Pattern, Intensity and Diversity in Dhaka Region', doi:10.3329/brj.v21i2.38200",Saturia,Manikganj,23.9575,90.0016
Dhaka,1,Boro-Fallow-T. Aman,Bsail,500.0,3.89,0.34,"Bangladesh Rice Journal 21(2) 2017, 'Cropping Pattern, Intensity and Diversity in Dhaka Region', doi:10.3329/brj.v21i2.38200",Basail,Tangail,24.2311,90.0394
Dhaka,1,Boro-Fallow-T. Aman,Manikganj,450.0,2.61,0.3,"Bangladesh Rice Journal 21(2) 2017, 'Cropping Pattern, Intensity and Diversity in Dhaka Region', doi:10.3329/brj.v21i2.38200",Manikganj Sadar,Manikganj,23.8357,90.0305
Dhaka,1,Boro-Fallow-T. Aman,Araihazar,300.0,2.24,0.2,"Bangladesh Rice Journal 21(2) 2017, 'Cropping Pattern, Intensity and Diversity in Dhaka Region', doi:10.3329/brj.v21i2.38200",Araihazar,Narayanganj,23.761,90.6689
Dhaka,1,Boro-Fallow-T. Aman,Keranjganj,100.0,1.07,0.07,"Bangladesh Rice Journal 21(2) 2017, 'Cropping Pattern, Intensity and Diversity in Dhaka Region', doi:10.3329/brj.v21i2.38200",Keraniganj,Dhaka,23.6935,90.3443
Dhaka,1,Boro-Fallow-T. Aman,Narayanganj,100.0,2.76,0.07,"Bangladesh Rice Journal 21(2) 2017, 'Cropping Pattern, Intensity and Diversity in Dhaka Region', doi:10.3329/brj.v21i2.38200",Narayanganj Sadar,Narayanganj,23.6275,90.4811
Dhaka,1,Boro-Fallow-T. Aman,Dohar,10.0,0.16,0.01,"Bangladesh Rice Journal 21(2) 2017, 'Cropping Pattern, Intensity and Diversity in Dhaka Region', doi:10.3329/brj.v21i2.38200",Dohar,Dhaka,23.6009,90.1093
Dhaka,1,Boro-Fallow-Fallow,Sreenagar,9300.0,74.82,8.49,"Bangladesh Rice Journal 21(2) 2017, 'Cropping Pattern, Intensity and Diversity in Dhaka Region', doi:10.3329/brj.v21i2.38200",Sreenagar,Munshiganj,23.547,90.2632
Dhaka,1,Boro-Fallow-Fallow,Raipur,8400.0,36.82,7.67,"Bangladesh Rice Journal 21(2) 2017, 'Cropping Pattern, Intensity and Diversity in Dhaka Region', doi:10.3329/brj.v21i2.38200",,,,
Dhaka,1,Boro-Fallow-Fallow,Kaliganj,6950.0,55.76,6.35,"Bangladesh Rice Journal 21(2) 2017, 'Cropping Pattern, Intensity and Diversity in Dhaka Region', doi:10.3329/brj.v21i2.38200",Kaliganj,Gazipur,23.9642,90.5549
Dhaka,1,Boro-Fallow-Fallow,Nawabganj,6800.0,41.67,6.21,"Bangladesh Rice Journal 21(2) 2017, 'Cropping Pattern, Intensity and Diversity in Dhaka Region', doi:10.3329/brj.v21i2.38200",Nawabganj,Dhaka,23.6735,90.1608
Dhaka,1,Boro-Fallow-Fallow,Savar,6400.0,45.18,5.84,"Bangladesh Rice Journal 21(2) 2017, 'Cropping Pattern, Intensity and Diversity in Dhaka Region', doi:10.3329/brj.v21i2.38200",Savar,Dhaka,23.8811,90.2807
Dhaka,1,Boro-Fallow-Fallow,Sreepur,5800.0,27.53,5.3,"Bangladesh Rice Journal 21(2) 2017, 'Cropping Pattern, Intensity and Diversity in Dhaka Region', doi:10.3329/brj.v21i2.38200",Sreepur,Gazipur,24.2052,90.4431
Dhaka,1,Boro-Fallow-Fallow,Rupganj,5500.0,53.4,5.02,"Bangladesh Rice Journal 21(2) 2017, 'Cropping Pattern, Intensity and Diversity in Dhaka Region', doi:10.3329/brj.v21i2.38200",Rupganj,Narayanganj,23.8128,90.5388
Dhaka,1,Boro-Fallow-Fallow,Sonargaon,5400.0,60.61,4.93,"Bangladesh Rice Journal 21(2) 2017, 'Cropping Pattern, Intensity and Diversity in Dhaka Region', doi:10.3329/brj.v21i2.38200",Sonargaon,Narayanganj,23.6756,90.5933
Dhaka,1,Boro-Fallow-Fallow,Kaliakair,5200.0,38.97,4.75,"Bangladesh Rice Journal 21(2) 2017, 'Cropping Pattern, Intensity and Diversity in Dhaka Region', doi:10.3329/brj.v21i2.38200",Kaliakair,Gazipur,24.1033,90.2645
Dhaka,1,Boro-Fallow-Fallow,Narsingdi,5100.0,43.44,4.66,"Bangladesh Rice Journal 21(2) 2017, 'Cropping Pattern, Intensity and Diversity in Dhaka Region', doi:10.3329/brj.v21i2.38200",Narsingdi Sadar,Narsingdi,23.8667,90.7082
Dhaka,1,Boro-Fallow-Fallow,Kapasia,3700.0,18.82,3.38,"Bangladesh Rice Journal 21(2) 2017, 'Cropping Pattern, Intensity and Diversity in Dhaka Region', doi:10.3329/brj.v21i2.38200",Kapasia,Gazipur,24.1472,90.5999
Dhaka,1,Boro-Fallow-Fallow,Kalihati,3600.0,17.34,3.29,"Bangladesh Rice Journal 21(2) 2017, 'Cropping Pattern, Intensity and Diversity in Dhaka Region', doi:10.3329/brj.v21i2.38200",Kalihati,Tangail,24.36,89.9448
Dhaka,1,Boro-Fallow-Fallow,Gazipur,3500.0,18.52,3.2,"Bangladesh Rice Journal 21(2) 2017, 'Cropping Pattern, Intensity and Diversity in Dhaka Region', doi:10.3329/brj.v21i2.38200",Gazipur Sadar,Gazipur,24.0141,90.3962
Dhaka,1,Boro-Fallow-Fallow,Araihazar,3100.0,23.18,2.83,"Bangladesh Rice Journal 21(2) 2017, 'Cropping Pattern, Intensity and Diversity in Dhaka Region', doi:10.3329/brj.v21i2.38200",Araihazar,Narayanganj,23.761,90.6689
Dhaka,1,Boro-Fallow-Fallow,Dohar,2900.0,47.29,2.65,"Bangladesh Rice Journal 21(2) 2017, 'Cropping Pattern, Intensity and Diversity in Dhaka Region', doi:10.3329/brj.v21i2.38200",Dohar,Dhaka,23.6009,90.1093
Dhaka,1,Boro-Fallow-Fallow,Lohajang,2700.0,32.49,2.47,"Bangladesh Rice Journal 21(2) 2017, 'Cropping Pattern, Intensity and Diversity in Dhaka Region', doi:10.3329/brj.v21i2.38200",Lohajang,Munshiganj,23.4706,90.3413
Dhaka,1,Boro-Fallow-Fallow,Tangail,2500.0,12.45,2.28,"Bangladesh Rice Journal 21(2) 2017, 'Cropping Pattern, Intensity and Diversity in Dhaka Region', doi:10.3329/brj.v21i2.38200",Tangail Sadar,Tangail,24.2564,89.8661
Dhaka,1,Boro-Fallow-Fallow,Gazaria,2400.0,39.09,2.19,"Bangladesh Rice Journal 21(2) 2017, 'Cropping Pattern, Intensity and Diversity in Dhaka Region', doi:10.3329/brj.v21i2.38200",Gazaria,Munshiganj,23.5472,90.6297
Dhaka,1,Boro-Fallow-Fallow,Bandar,2100.0,60.34,1.92,"Bangladesh Rice Journal 21(2) 2017, 'Cropping Pattern, Intensity and Diversity in Dhaka Region', doi:10.3329/brj.v21i2.38200",Bandar,Narayanganj,23.6377,90.5378
Dhaka,1,Boro-Fallow-Fallow,Shibalaya,1900.0,16.38,1.73,"Bangladesh Rice Journal 21(2) 2017, 'Cropping Pattern, Intensity and Diversity in Dhaka Region', doi:10.3329/brj.v21i2.38200",Shibalaya,Manikganj,23.8383,89.8102
Dhaka,1,Boro-Fallow-Fallow,Gopalpur,1600.0,10.77,1.46,"Bangladesh Rice Journal 21(2) 2017, 'Cropping Pattern, Intensity and Diversity in Dhaka Region', doi:10.3329/brj.v21i2.38200",Gopalpur,Tangail,24.572,89.9036
Dhaka,1,Boro-Fallow-Fallow,Daulatpur,1450.0,10.18,1.32,"Bangladesh Rice Journal 21(2) 2017, 'Cropping Pattern, Intensity and Diversity in Dhaka Region', doi:10.3329/brj.v21i2.38200",Daulatpur,Manikganj,23.9558,89.7977
Dhaka,1,Boro-Fallow-Fallow,Mirzapur,1300.0,4.83,1.19,"Bangladesh Rice Journal 21(2) 2017, 'Cropping Pattern, Intensity and Diversity in Dhaka Region', doi:10.3329/brj.v21i2.38200",Mirzapur,Tangail,24.1159,90.1072
Dhaka,1,Boro-Fallow-Fallow,Serajdikhan,1200.0,8.74,1.1,"Bangladesh Rice Journal 21(2) 2017, 'Cropping Pattern, Intensity and Diversity in Dhaka Region', doi:10.3329/brj.v21i2.38200",Serajdikhan,Munshiganj,23.5978,90.3563
Dhaka,1,Boro-Fallow-Fallow,Bsail,1200.0,9.35,1.1,"Bangladesh Rice Journal 21(2) 2017, 'Cropping Pattern, Intensity and Diversity in Dhaka Region', doi:10.3329/brj.v21i2.38200",Basail,Tangail,24.2311,90.0394
Dhaka,1,Boro-Fallow-Fallow,Keraniganj,1150.0,12.33,1.05,"Bangladesh Rice Journal 21(2) 2017, 'Cropping Pattern, Intensity and Diversity in Dhaka Region', doi:10.3329/brj.v21i2.38200",Keraniganj,Dhaka,23.6935,90.3443
Dhaka,1,Boro-Fallow-Fallow,Shibpur,900.0,7.36,0.82,"Bangladesh Rice Journal 21(2) 2017, 'Cropping Pattern, Intensity and Diversity in Dhaka Region', doi:10.3329/brj.v21i2.38200",Shibpur,Narsingdi,24.026,90.7454
Dhaka,1,Boro-Fallow-Fallow,Palash,800.0,16.23,0.73,"Bangladesh Rice Journal 21(2) 2017, 'Cropping Pattern, Intensity and Diversity in Dhaka Region', doi:10.3329/brj.v21i2.38200",Palash,Narsingdi,23.9538,90.6494
Dhaka,1,Boro-Fallow-Fallow,Bhuanpur,800.0,5.03,0.73,"Bangladesh Rice Journal 21(2) 2017, 'Cropping Pattern, Intensity and Diversity in Dhaka Region', doi:10.3329/brj.v21i2.38200",Bhuapur,Tangail,24.4767,89.8143
Dhaka,1,Boro-Fallow-Fallow,Harirampur,600.0,4.2,0.55,"Bangladesh Rice Journal 21(2) 2017, 'Cropping Pattern, Intensity and Diversity in Dhaka Region', doi:10.3329/brj.v21i2.38200",Harirampur,Manikganj,23.7242,89.9478
Dhaka,1,Boro-Fallow-Fallow,Munsiganj,600.0,5.39,0.55,"Bangladesh Rice Journal 21(2) 2017, 'Cropping Pattern, Intensity and Diversity in Dhaka Region', doi:10.3329/brj.v21i2.38200",,,,
Dhaka,1,Boro-Fallow-Fallow,Ghior,550.0,5.3,0.5,"Bangladesh Rice Journal 21(2) 2017, 'Cropping Pattern, Intensity and Diversity in Dhaka Region', doi:10.3329/brj.v21i2.38200",Ghior,Manikganj,23.8732,89.9046
Dhaka,1,Boro-Fallow-Fallow,Dhamrai,500.0,2.25,0.46,"Bangladesh Rice Journal 21(2) 2017, 'Cropping Pattern, Intensity and Diversity in Dhaka Region', doi:10.3329/brj.v21i2.38200",Dhamrai,Dhaka,23.9371,90.1414
Dhaka,1,Boro-Fallow-Fallow,Belabo,500.0,5.71,0.46,"Bangladesh Rice Journal 21(2) 2017, 'Cropping Pattern, Intensity and Diversity in Dhaka Region', doi:10.3329/brj.v21i2.38200",Belabo,Narsingdi,24.0986,90.8493
Dhaka,1,Boro-Fallow-Fallow,Dhanbari,500.0,4.55,0.46,"Bangladesh Rice Journal 21(2) 2017, 'Cropping Pattern, Intensity and Diversity in Dhaka Region', doi:10.3329/brj.v21i2.38200",Dhanbari,Tangail,24.6867,89.9333
Dhaka,1,Boro-Fallow-Fallow,Ghatail,500.0,1.69,0.46,"Bangladesh Rice Journal 21(2) 2017, 'Cropping Pattern, Intensity and Diversity in Dhaka Region', doi:10.3329/brj.v21i2.38200",Ghatail,Tangail,24.4735,90.0516
Dhaka,1,Boro-Fallow-Fallow,Shakhipur,500.0,2.28,0.46,"Bangladesh Rice Journal 21(2) 2017, 'Cropping Pattern, Intensity and Diversity in Dhaka Region', doi:10.3329/brj.v21i2.38200",Sakhipur,Tangail,24.3066,90.1728
Dhaka,1,Boro-Fallow-Fallow,Monohardi,400.0,3.39,0.37,"Bangladesh Rice Journal 21(2) 2017, 'Cropping Pattern, Intensity and Diversity in Dhaka Region', doi:10.3329/brj.v21i2.38200",Manohardi,Narsingdi,24.1607,90.7304
Dhaka,1,Boro-Fallow-Fallow,Saturia,350.0,3.7,0.32,"Bangladesh Rice Journal 21(2) 2017, 'Cropping Pattern, Intensity and Diversity in Dhaka Region', doi:10.3329/brj.v21i2.38200",Saturia,Manikganj,23.9575,90.0016
Dhaka,1,Boro-Fallow-Fallow,Narayanganj,300.0,8.29,0.27,"Bangladesh Rice Journal 21(2) 2017, 'Cropping Pattern, Intensity and Diversity in Dhaka Region', doi:10.3329/brj.v21i2.38200",Narayanganj Sadar,Narayanganj,23.6275,90.4811
Dhaka,1,Boro-Fallow-Fallow,Manikganj,230.0,1.34,0.21,"Bangladesh Rice Journal 21(2) 2017, 'Cropping Pattern, Intensity and Diversity in Dhaka Region', doi:10.3329/brj.v21i2.38200",Manikganj Sadar,Manikganj,23.8357,90.0305
Dhaka,1,Boro-Fallow-Fallow,Tungbari,200.0,1.98,0.18,"Bangladesh Rice Journal 21(2) 2017, 'Cropping Pattern, Intensity and Diversity in Dhaka Region', doi:10.3329/brj.v21i2.38200",Tongibari,Munshiganj,23.4761,90.4527
Dhaka,1,Boro-Fallow-Fallow,Singair,100.0,0.62,0.09,"Bangladesh Rice Journal 21(2) 2017, 'Cropping Pattern, Intensity and Diversity in Dhaka Region', doi:10.3329/brj.v21i2.38200",Singair,Manikganj,23.7834,90.1543
Dhaka,1,Boro-Fallow-Fallow,Madhupur,50.0,0.2,0.05,"Bangladesh Rice Journal 21(2) 2017, 'Cropping Pattern, Intensity and Diversity in Dhaka Region', doi:10.3329/brj.v21i2.38200",Madhupur,Tangail,24.6502,90.0602
Dhaka,1,Mustard-Boro-Fallow,Manikganj,6100.0,35.42,11.89,"Bangladesh Rice Journal 21(2) 2017, 'Cropping Pattern, Intensity and Diversity in Dhaka Region', doi:10.3329/brj.v21i2.38200",Manikganj Sadar,Manikganj,23.8357,90.0305
Dhaka,1,Mustard-Boro-Fallow,Mirzapur,5100.0,18.97,9.94,"Bangladesh Rice Journal 21(2) 2017, 'Cropping Pattern, Intensity and Diversity in Dhaka Region', doi:10.3329/brj.v21i2.38200",Mirzapur,Tangail,24.1159,90.1072
Dhaka,1,Mustard-Boro-Fallow,Ghior,4300.0,41.44,8.38,"Bangladesh Rice Journal 21(2) 2017, 'Cropping Pattern, Intensity and Diversity in Dhaka Region', doi:10.3329/brj.v21i2.38200",Ghior,Manikganj,23.8732,89.9046
Dhaka,1,Mustard-Boro-Fallow,Nagarpur,4300.0,20.04,8.38,"Bangladesh Rice Journal 21(2) 2017, 'Cropping Pattern, Intensity and Diversity in Dhaka Region', doi:10.3329/brj.v21i2.38200",Nagarpur,Tangail,24.0477,89.8742
Dhaka,1,Mustard-Boro-Fallow,Dhamrai,3700.0,16.65,7.21,"Bangladesh Rice Journal 21(2) 2017, 'Cropping Pattern, Intensity and Diversity in Dhaka Region', doi:10.3329/brj.v21i2.38200",Dhamrai,Dhaka,23.9371,90.1414
Dhaka,1,Mustard-Boro-Fallow,Singair,3350.0,20.64,6.53,"Bangladesh Rice Journal 21(2) 2017, 'Cropping Pattern, Intensity and Diversity in Dhaka Region', doi:10.3329/brj.v21i2.38200",Singair,Manikganj,23.7834,90.1543
Dhaka,1,Mustard-Boro-Fallow,Daulatpur,3000.0,21.07,5.85,"Bangladesh Rice Journal 21(2) 2017, 'Cropping Pattern, Intensity and Diversity in Dhaka Region', doi:10.3329/brj.v21i2.38200",Daulatpur,Manikganj,23.9558,89.7977
Dhaka,1,Mustard-Boro-Fallow,Harirampur,2900.0,20.29,5.65,"Bangladesh Rice Journal 21(2) 2017, 'Cropping Pattern, Intensity and Diversity in Dhaka Region', doi:10.3329/brj.v21i2.38200",Harirampur,Manikganj,23.7242,89.9478
Dhaka,1,Mustard-Boro-Fallow,Bsail,2800.0,21.81,5.46,"Bangladesh Rice Journal 21(2) 2017, 'Cropping Pattern, Intensity and Diversity in Dhaka Region', doi:10.3329/brj.v21i2.38200",Basail,Tangail,24.2311,90.0394
Dhaka,1,Mustard-Boro-Fallow,Nawabganj,2700.0,16.54,5.26,"Bangladesh Rice Journal 21(2) 2017, 'Cropping Pattern, Intensity and Diversity in Dhaka Region', doi:10.3329/brj.v21i2.38200",Nawabganj,Dhaka,23.6735,90.1608
Dhaka,1,Mustard-Boro-Fallow,Tangail,2600.0,12.95,5.07,"Bangladesh Rice Journal 21(2) 2017, 'Cropping Pattern, Intensity and Diversity in Dhaka Region', doi:10.3329/brj.v21i2.38200",Tangail Sadar,Tangail,24.2564,89.8661
Dhaka,1,Mustard-Boro-Fallow,Serajdikhan,1500.0,10.92,2.92,"Bangladesh Rice Journal 21(2) 2017, 'Cropping Pattern, Intensity and Diversity in Dhaka Region', doi:10.3329/brj.v21i2.38200",Serajdikhan,Munshiganj,23.5978,90.3563
Dhaka,1,Mustard-Boro-Fallow,Keraniganj,1400.0,15.01,2.73,"Bangladesh Rice Journal 21(2) 2017, 'Cropping Pattern, Intensity and Diversity in Dhaka Region', doi:10.3329/brj.v21i2.38200",Keraniganj,Dhaka,23.6935,90.3443
Dhaka,1,Mustard-Boro-Fallow,Kaliakair,1400.0,10.49,2.73,"Bangladesh Rice Journal 21(2) 2017, 'Cropping Pattern, Intensity and Diversity in Dhaka Region', doi:10.3329/brj.v21i2.38200",Kaliakair,Gazipur,24.1033,90.2645
Dhaka,1,Mustard-Boro-Fallow,Shibalaya,800.0,6.9,1.56,"Bangladesh Rice Journal 21(2) 2017, 'Cropping Pattern, Intensity and Diversity in Dhaka Region', doi:10.3329/brj.v21i2.38200",Shibalaya,Manikganj,23.8383,89.8102
Dhaka,1,Mustard-Boro-Fallow,Savar,700.0,4.94,1.36,"Bangladesh Rice Journal 21(2) 2017, 'Cropping Pattern, Intensity and Diversity in Dhaka Region', doi:10.3329/brj.v21i2.38200",Savar,Dhaka,23.8811,90.2807
Dhaka,1,Mustard-Boro-Fallow,Delduar,700.0,5.33,1.36,"Bangladesh Rice Journal 21(2) 2017, 'Cropping Pattern, Intensity and Diversity in Dhaka Region', doi:10.3329/brj.v21i2.38200",Delduar,Tangail,24.142,89.9377
Dhaka,1,Mustard-Boro-Fallow,Bandar,500.0,14.37,0.97,"Bangladesh Rice Journal 21(2) 2017, 'Cropping Pattern, Intensity and Diversity in Dhaka Region', doi:10.3329/brj.v21i2.38200",Bandar,Narayanganj,23.6377,90.5378
Dhaka,1,Mustard-Boro-Fallow,Sonargaon,500.0,5.61,0.97,"Bangladesh Rice Journal 21(2) 2017, 'Cropping Pattern, Intensity and Diversity in Dhaka Region', doi:10.3329/brj.v21i2.38200",Sonargaon,Narayanganj,23.6756,90.5933
Dhaka,1,Mustard-Boro-Fallow,Narsingdi,500.0,4.26,0.97,"Bangladesh Rice Journal 21(2) 2017, 'Cropping Pattern, Intensity and Diversity in Dhaka Region', doi:10.3329/brj.v21i2.38200",Narsingdi Sadar,Narsingdi,23.8667,90.7082
Dhaka,1,Mustard-Boro-Fallow,Kalihati,450.0,2.17,0.88,"Bangladesh Rice Journal 21(2) 2017, 'Cropping Pattern, Intensity and Diversity in Dhaka Region', doi:10.3329/brj.v21i2.38200",Kalihati,Tangail,24.36,89.9448
Dhaka,1,Mustard-Boro-Fallow,Sreenagar,350.0,2.82,0.68,"Bangladesh Rice Journal 21(2) 2017, 'Cropping Pattern, Intensity and Diversity in Dhaka Region', doi:10.3329/brj.v21i2.38200",Sreenagar,Munshiganj,23.547,90.2632
Dhaka,1,Mustard-Boro-Fallow,Gazaria,300.0,4.89,0.58,"Bangladesh Rice Journal 21(2) 2017, 'Cropping Pattern, Intensity and Diversity in Dhaka Region', doi:10.3329/brj.v21i2.38200",Gazaria,Munshiganj,23.5472,90.6297
Dhaka,1,Mustard-Boro-Fallow,Araihazar,300.0,2.24,0.58,"Bangladesh Rice Journal 21(2) 2017, 'Cropping Pattern, Intensity and Diversity in Dhaka Region', doi:10.3329/brj.v21i2.38200",Araihazar,Narayanganj,23.761,90.6689
Dhaka,1,Mustard-Boro-Fallow,Rupganj,300.0,2.91,0.58,"Bangladesh Rice Journal 21(2) 2017, 'Cropping Pattern, Intensity and Diversity in Dhaka Region', doi:10.3329/brj.v21i2.38200",Rupganj,Narayanganj,23.8128,90.5388
Dhaka,1,Mustard-Boro-Fallow,Shakhipur,300.0,1.37,0.58,"Bangladesh Rice Journal 21(2) 2017, 'Cropping Pattern, Intensity and Diversity in Dhaka Region', doi:10.3329/brj.v21i2.38200",Sakhipur,Tangail,24.3066,90.1728
Dhaka,1,Mustard-Boro-Fallow,Dohar,150.0,2.45,0.29,"Bangladesh Rice Journal 21(2) 2017, 'Cropping Pattern, Intensity and Diversity in Dhaka Region', doi:10.3329/brj.v21i2.38200",Dohar,Dhaka,23.6009,90.1093
Dhaka,1,Mustard-Boro-Fallow,Lohajang,150.0,1.81,0.29,"Bangladesh Rice Journal 21(2) 2017, 'Cropping Pattern, Intensity and Diversity in Dhaka Region', doi:10.3329/brj.v21i2.38200",Lohajang,Munshiganj,23.4706,90.3413
Dhaka,1,Mustard-Boro-Fallow,Tungibari,70.0,0.69,0.14,"Bangladesh Rice Journal 21(2) 2017, 'Cropping Pattern, Intensity and Diversity in Dhaka Region', doi:10.3329/brj.v21i2.38200",Tongibari,Munshiganj,23.4761,90.4527
Dhaka,1,Mustard-Boro-Fallow,Kapasia,50.0,0.25,0.1,"Bangladesh Rice Journal 21(2) 2017, 'Cropping Pattern, Intensity and Diversity in Dhaka Region', doi:10.3329/brj.v21i2.38200",Kapasia,Gazipur,24.1472,90.5999
Dhaka,1,Mustard-Boro-Fallow,Shibpur,30.0,0.25,0.06,"Bangladesh Rice Journal 21(2) 2017, 'Cropping Pattern, Intensity and Diversity in Dhaka Region', doi:10.3329/brj.v21i2.38200",Shibpur,Narsingdi,24.026,90.7454
Dhaka,1,Boro-B. Aman,Mirzapur,6000.0,22.31,14.98,"Bangladesh Rice Journal 21(2) 2017, 'Cropping Pattern, Intensity and Diversity in Dhaka Region', doi:10.3329/brj.v21i2.38200",Mirzapur,Tangail,24.1159,90.1072
Dhaka,1,Boro-B. Aman,Dhamrai,5600.0,25.2,13.98,"Bangladesh Rice Journal 21(2) 2017, 'Cropping Pattern, Intensity and Diversity in Dhaka Region', doi:10.3329/brj.v21i2.38200",Dhamrai,Dhaka,23.9371,90.1414
Dhaka,1,Boro-B. Aman,Nagarpur,5500.0,25.63,13.73,"Bangladesh Rice Journal 21(2) 2017, 'Cropping Pattern, Intensity and Diversity in Dhaka Region', doi:10.3329/brj.v21i2.38200",Nagarpur,Tangail,24.0477,89.8742
Dhaka,1,Boro-B. Aman,Kalihati,4000.0,19.27,9.99,"Bangladesh Rice Journal 21(2) 2017, 'Cropping Pattern, Intensity and Diversity in Dhaka Region', doi:10.3329/brj.v21i2.38200",Kalihati,Tangail,24.36,89.9448
Dhaka,1,Boro-B. Aman,Delduar,3600.0,27.42,8.99,"Bangladesh Rice Journal 21(2) 2017, 'Cropping Pattern, Intensity and Diversity in Dhaka Region', doi:10.3329/brj.v21i2.38200",Delduar,Tangail,24.142,89.9377
Dhaka,1,Boro-B. Aman,Araihazar,3100.0,23.18,7.74,"Bangladesh Rice Journal 21(2) 2017, 'Cropping Pattern, Intensity and Diversity in Dhaka Region', doi:10.3329/brj.v21i2.38200",Araihazar,Narayanganj,23.761,90.6689
Dhaka,1,Boro-B. Aman,Bsail,2500.0,19.47,6.24,"Bangladesh Rice Journal 21(2) 2017, 'Cropping Pattern, Intensity and Diversity in Dhaka Region', doi:10.3329/brj.v21i2.38200",Basail,Tangail,24.2311,90.0394
Dhaka,1,Boro-B. Aman,Tangail,1600.0,7.97,4.0,"Bangladesh Rice Journal 21(2) 2017, 'Cropping Pattern, Intensity and Diversity in Dhaka Region', doi:10.3329/brj.v21i2.38200",Tangail Sadar,Tangail,24.2564,89.8661
Dhaka,1,Boro-B. Aman,Ghatail,1500.0,5.08,3.75,"Bangladesh Rice Journal 21(2) 2017, 'Cropping Pattern, Intensity and Diversity in Dhaka Region', doi:10.3329/brj.v21i2.38200",Ghatail,Tangail,24.4735,90.0516
Dhaka,1,Boro-B. Aman,Saturia,1400.0,14.8,3.5,"Bangladesh Rice Journal 21(2) 2017, 'Cropping Pattern, Intensity and Diversity in Dhaka Region', doi:10.3329/brj.v21i2.38200",Saturia,Manikganj,23.9575,90.0016
Dhaka,1,Boro-B. Aman,Bhuanpur,1150.0,7.23,2.87,"Bangladesh Rice Journal 21(2) 2017, 'Cropping Pattern, Intensity and Diversity in Dhaka Region', doi:10.3329/brj.v21i2.38200",Bhuapur,Tangail,24.4767,89.8143
Dhaka,1,Boro-B. Aman,Kapasia,700.0,3.56,1.75,"Bangladesh Rice Journal 21(2) 2017, 'Cropping Pattern, Intensity and Diversity in Dhaka Region', doi:10.3329/brj.v21i2.38200",Kapasia,Gazipur,24.1472,90.5999
Dhaka,1,Boro-B. Aman,Manikganj,500.0,2.9,1.25,"Bangladesh Rice Journal 21(2) 2017, 'Cropping Pattern, Intensity and Diversity in Dhaka Region', doi:10.3329/brj.v21i2.38200",Manikganj Sadar,Manikganj,23.8357,90.0305
Dhaka,1,Boro-B. Aman,Raipur,500.0,2.19,1.25,"Bangladesh Rice Journal 21(2) 2017, 'Cropping Pattern, Intensity and Diversity in Dhaka Region', doi:10.3329/brj.v21i2.38200",,,,
Dhaka,1,Boro-B. Aman,Shakhipur,500.0,2.28,1.25,"Bangladesh Rice Journal 21(2) 2017, 'Cropping Pattern, Intensity and Diversity in Dhaka Region', doi:10.3329/brj.v21i2.38200",Sakhipur,Tangail,24.3066,90.1728
Dhaka,1,Boro-B. Aman,Keraniganj,470.0,5.04,1.17,"Bangladesh Rice Journal 21(2) 2017, 'Cropping Pattern, Intensity and Diversity in Dhaka Region', doi:10.3329/brj.v21i2.38200",Keraniganj,Dhaka,23.6935,90.3443
Dhaka,1,Boro-B. Aman,Serajdikhan,400.0,2.91,1.0,"Bangladesh Rice Journal 21(2) 2017, 'Cropping Pattern, Intensity and Diversity in Dhaka Region', doi:10.3329/brj.v21i2.38200",Serajdikhan,Munshiganj,23.5978,90.3563
Dhaka,1,Boro-B. Aman,Sonargaon,400.0,4.49,1.0,"Bangladesh Rice Journal 21(2) 2017, 'Cropping Pattern, Intensity and Diversity in Dhaka Region', doi:10.3329/brj.v21i2.38200",Sonargaon,Narayanganj,23.6756,90.5933
Dhaka,1,Boro-B. Aman,Nawabganj,200.0,1.23,0.5,"Bangladesh Rice Journal 21(2) 2017, 'Cropping Pattern, Intensity and Diversity in Dhaka Region', doi:10.3329/brj.v21i2.38200",Nawabganj,Dhaka,23.6735,90.1608
Dhaka,1,Boro-B. Aman,Kaliakair,100.0,0.75,0.25,"Bangladesh Rice Journal 21(2) 2017, 'Cropping Pattern, Intensity and Diversity in Dhaka Region', doi:10.3329/brj.v21i2.38200",Kaliakair,Gazipur,24.1033,90.2645
Dhaka,1,Boro-B. Aman,Bandar,100.0,2.87,0.25,"Bangladesh Rice Journal 21(2) 2017, 'Cropping Pattern, Intensity and Diversity in Dhaka Region', doi:10.3329/brj.v21i2.38200",Bandar,Narayanganj,23.6377,90.5378
Dhaka,1,Boro-B. Aman,Rupganj,100.0,0.97,0.25,"Bangladesh Rice Journal 21(2) 2017, 'Cropping Pattern, Intensity and Diversity in Dhaka Region', doi:10.3329/brj.v21i2.38200",Rupganj,Narayanganj,23.8128,90.5388
Dhaka,1,Boro-B. Aman,Kaliganj,80.0,0.64,0.2,"Bangladesh Rice Journal 21(2) 2017, 'Cropping Pattern, Intensity and Diversity in Dhaka Region', doi:10.3329/brj.v21i2.38200",Kaliganj,Gazipur,23.9642,90.5549
Dhaka,1,Boro-B. Aman,Gopalpur,50.0,0.34,0.12,"Bangladesh Rice Journal 21(2) 2017, 'Cropping Pattern, Intensity and Diversity in Dhaka Region', doi:10.3329/brj.v21i2.38200",Gopalpur,Tangail,24.572,89.9036
Dhaka,1,Mustard-Boro-B. Aman,Shibalaya,4300.0,37.07,16.17,"Bangladesh Rice Journal 21(2) 2017, 'Cropping Pattern, Intensity and Diversity in Dhaka Region', doi:10.3329/brj.v21i2.38200",Shibalaya,Manikganj,23.8383,89.8102
Dhaka,1,Mustard-Boro-B. Aman,Singair,3800.0,23.41,14.29,"Bangladesh Rice Journal 21(2) 2017, 'Cropping Pattern, Intensity and Diversity in Dhaka Region', doi:10.3329/brj.v21i2.38200",Singair,Manikganj,23.7834,90.1543
Dhaka,1,Mustard-Boro-B. Aman,Bsail,2900.0,22.59,10.9,"Bangladesh Rice Journal 21(2) 2017, 'Cropping Pattern, Intensity and Diversity in Dhaka Region', doi:10.3329/brj.v21i2.38200",Basail,Tangail,24.2311,90.0394
Dhaka,1,Mustard-Boro-B. Aman,Nagarpur,2400.0,11.18,9.02,"Bangladesh Rice Journal 21(2) 2017, 'Cropping Pattern, Intensity and Diversity in Dhaka Region', doi:10.3329/brj.v21i2.38200",Nagarpur,Tangail,24.0477,89.8742
Dhaka,1,Mustard-Boro-B. Aman,Daulatpur,1900.0,13.34,7.14,"Bangladesh Rice Journal 21(2) 2017, 'Cropping Pattern, Intensity and Diversity in Dhaka Region', doi:10.3329/brj.v21i2.38200",Daulatpur,Manikganj,23.9558,89.7977
Dhaka,1,Mustard-Boro-B. Aman,Mirzapur,1900.0,7.07,7.14,"Bangladesh Rice Journal 21(2) 2017, 'Cropping Pattern, Intensity and Diversity in Dhaka Region', doi:10.3329/brj.v21i2.38200",Mirzapur,Tangail,24.1159,90.1072
Dhaka,1,Mustard-Boro-B. Aman,Ghior,1300.0,12.53,4.89,"Bangladesh Rice Journal 21(2) 2017, 'Cropping Pattern, Intensity and Diversity in Dhaka Region', doi:10.3329/brj.v21i2.38200",Ghior,Manikganj,23.8732,89.9046
Dhaka,1,Mustard-Boro-B. Aman,Manikganj,1300.0,7.55,4.89,"Bangladesh Rice Journal 21(2) 2017, 'Cropping Pattern, Intensity and Diversity in Dhaka Region', doi:10.3329/brj.v21i2.38200",Manikganj Sadar,Manikganj,23.8357,90.0305
Dhaka,1,Mustard-Boro-B. Aman,Narsingdi,1000.0,8.52,3.76,"Bangladesh Rice Journal 21(2) 2017, 'Cropping Pattern, Intensity and Diversity in Dhaka Region', doi:10.3329/brj.v21i2.38200",Narsingdi Sadar,Narsingdi,23.8667,90.7082
Dhaka,1,Mustard-Boro-B. Aman,Nawabganj,800.0,4.9,3.01,"Bangladesh Rice Journal 21(2) 2017, 'Cropping Pattern, Intensity and Diversity in Dhaka Region', doi:10.3329/brj.v21i2.38200",Nawabganj,Dhaka,23.6735,90.1608
Dhaka,1,Mustard-Boro-B. Aman,Delduar,800.0,6.09,3.01,"Bangladesh Rice Journal 21(2) 2017, 'Cropping Pattern, Intensity and Diversity in Dhaka Region', doi:10.3329/brj.v21i2.38200",Delduar,Tangail,24.142,89.9377
Dhaka,1,Mustard-Boro-B. Aman,Tangail,750.0,3.74,2.82,"Bangladesh Rice Journal 21(2) 2017, 'Cropping Pattern, Intensity and Diversity in Dhaka Region', doi:10.3329/brj.v21i2.38200",Tangail Sadar,Tangail,24.2564,89.8661
Dhaka,1,Mustard-Boro-B. Aman,Harirampur,700.0,4.9,2.63,"Bangladesh Rice Journal 21(2) 2017, 'Cropping Pattern, Intensity and Diversity in Dhaka Region', doi:10.3329/brj.v21i2.38200",Harirampur,Manikganj,23.7242,89.9478
Dhaka,1,Mustard-Boro-B. Aman,Araihazar,700.0,5.23,2.63,"Bangladesh Rice Journal 21(2) 2017, 'Cropping Pattern, Intensity and Diversity in Dhaka Region', doi:10.3329/brj.v21i2.38200",Araihazar,Narayanganj,23.761,90.6689
Dhaka,1,Mustard-Boro-B. Aman,Kalihati,600.0,2.89,2.26,"Bangladesh Rice Journal 21(2) 2017, 'Cropping Pattern, Intensity and Diversity in Dhaka Region', doi:10.3329/brj.v21i2.38200",Kalihati,Tangail,24.36,89.9448
Dhaka,1,Mustard-Boro-B. Aman,Gopalpur,500.0,3.36,1.88,"Bangladesh Rice Journal 21(2) 2017, 'Cropping Pattern, Intensity and Diversity in Dhaka Region', doi:10.3329/brj.v21i2.38200",Gopalpur,Tangail,24.572,89.9036
Dhaka,1,Mustard-Boro-B. Aman,Keraniganj,400.0,4.29,1.5,"Bangladesh Rice Journal 21(2) 2017, 'Cropping Pattern, Intensity and Diversity in Dhaka Region', doi:10.3329/brj.v21i2.38200",Keraniganj,Dhaka,23.6935,90.3443
Dhaka,1,Mustard-Boro-B. Aman,Serajdikhan,300.0,2.18,1.13,"Bangladesh Rice Journal 21(2) 2017, 'Cropping Pattern, Intensity and Diversity in Dhaka Region', doi:10.3329/brj.v21i2.38200",Serajdikhan,Munshiganj,23.5978,90.3563
Dhaka,1,Mustard-Boro-B. Aman,Dohar,100.0,1.63,0.38,"Bangladesh Rice Journal 21(2) 2017, 'Cropping Pattern, Intensity and Diversity in Dhaka Region', doi:10.3329/brj.v21i2.38200",Dohar,Dhaka,23.6009,90.1093
Dhaka,1,Mustard-Boro-B. Aman,Kaliakair,100.0,0.75,0.38,"Bangladesh Rice Journal 21(2) 2017, 'Cropping Pattern, Intensity and Diversity in Dhaka Region', doi:10.3329/brj.v21i2.38200",Kaliakair,Gazipur,24.1033,90.2645
Dhaka,1,Mustard-Boro-B. Aman,Savar,50.0,0.35,0.19,"Bangladesh Rice Journal 21(2) 2017, 'Cropping Pattern, Intensity and Diversity in Dhaka Region', doi:10.3329/brj.v21i2.38200",Savar,Dhaka,23.8811,90.2807
Dinajpur,1,Boro-Fallow-T. Aman,Parbatipur,20800.0,72.83,9.64,"Bangladesh Rice Journal 21(2) 2017, 'Crops and Cropping Systems in Dinajpur Region', doi:10.3329/brj.v21i2.38202",Parbatipur,Dinajpur,25.6188,88.9256
Dinajpur,1,Boro-Fallow-T. Aman,Thakurgaon,17500.0,32.84,8.11,"Bangladesh Rice Journal 21(2) 2017, 'Crops and Cropping Systems in Dinajpur Region', doi:10.3329/brj.v21i2.38202",Thakurgaon Sadar,Thakurgaon,26.0707,88.4644
Dinajpur,1,Boro-Fallow-T. Aman,Chirirbandar,17100.0,71.97,7.92,"Bangladesh Rice Journal 21(2) 2017, 'Crops and Cropping Systems in Dinajpur Region', doi:10.3329/brj.v21i2.38202",Chirirbandar,Dinajpur,25.6654,88.7865
Dinajpur,1,Boro-Fallow-T. Aman,Nawabganj,15900.0,61.23,7.37,"Bangladesh Rice Journal 21(2) 2017, 'Crops and Cropping Systems in Dinajpur Region', doi:10.3329/brj.v21i2.38202",Nawabganj,Dhaka,23.6735,90.1608
Dinajpur,1,Boro-Fallow-T. Aman,Birampur,14200.0,80.66,6.58,"Bangladesh Rice Journal 21(2) 2017, 'Crops and Cropping Systems in Dinajpur Region', doi:10.3329/brj.v21i2.38202",Birampur,Dinajpur,25.3791,88.9637
Dinajpur,1,Boro-Fallow-T. Aman,Phulbari,11500.0,61.33,5.33,"Bangladesh Rice Journal 21(2) 2017, 'Crops and Cropping Systems in Dinajpur Region', doi:10.3329/brj.v21i2.38202",Phulbari,Kurigram,25.9481,89.5713
Dinajpur,1,Boro-Fallow-T. Aman,Boda,11000.0,46.92,5.1,"Bangladesh Rice Journal 21(2) 2017, 'Crops and Cropping Systems in Dinajpur Region', doi:10.3329/brj.v21i2.38202",Boda,Panchagarh,26.2306,88.6127
Dinajpur,1,Boro-Fallow-T. Aman,Debiganj,11000.0,45.46,5.1,"Bangladesh Rice Journal 21(2) 2017, 'Crops and Cropping Systems in Dinajpur Region', doi:10.3329/brj.v21i2.38202",Debiganj,Panchagarh,26.1321,88.7194
Dinajpur,1,Boro-Fallow-T. Aman,Dinajpur,10400.0,37.86,4.82,"Bangladesh Rice Journal 21(2) 2017, 'Crops and Cropping Systems in Dinajpur Region', doi:10.3329/brj.v21i2.38202",Dinajpur Sadar,Dinajpur,25.6081,88.6774
Dinajpur,1,Boro-Fallow-T. Aman,Pirganj,9800.0,33.05,4.54,"Bangladesh Rice Journal 21(2) 2017, 'Crops and Cropping Systems in Dinajpur Region', doi:10.3329/brj.v21i2.38202",Pirganj,Rangpur,25.4237,89.2743
Dinajpur,1,Boro-Fallow-T. Aman,Ghoraghat,8700.0,72.71,4.03,"Bangladesh Rice Journal 21(2) 2017, 'Crops and Cropping Systems in Dinajpur Region', doi:10.3329/brj.v21i2.38202",Ghoraghat,Dinajpur,25.2844,89.2143
Dinajpur,1,Boro-Fallow-T. Aman,Birol,8200.0,27.13,3.8,"Bangladesh Rice Journal 21(2) 2017, 'Crops and Cropping Systems in Dinajpur Region', doi:10.3329/brj.v21i2.38202",Biral,Dinajpur,25.6467,88.5477
Dinajpur,1,Boro-Fallow-T. Aman,Birganj,8000.0,25.76,3.71,"Bangladesh Rice Journal 21(2) 2017, 'Crops and Cropping Systems in Dinajpur Region', doi:10.3329/brj.v21i2.38202",Birganj,Dinajpur,25.9279,88.6266
Dinajpur,1,Boro-Fallow-T. Aman,Bochaganj,7800.0,38.75,3.61,"Bangladesh Rice Journal 21(2) 2017, 'Crops and Cropping Systems in Dinajpur Region', doi:10.3329/brj.v21i2.38202",Bochaganj,Dinajpur,25.7857,88.4535
Dinajpur,1,Boro-Fallow-T. Aman,Haripur,6750.0,38.21,3.13,"Bangladesh Rice Journal 21(2) 2017, 'Crops and Cropping Systems in Dinajpur Region', doi:10.3329/brj.v21i2.38202",Haripur,Thakurgaon,25.8785,88.1549
Dinajpur,1,Boro-Fallow-T. Aman,Baliadangi,6600.0,27.87,3.06,"Bangladesh Rice Journal 21(2) 2017, 'Crops and Cropping Systems in Dinajpur Region', doi:10.3329/brj.v21i2.38202",Baliadangi,Thakurgaon,26.1085,88.2637
Dinajpur,1,Boro-Fallow-T. Aman,Hakimpur,6000.0,72.41,2.78,"Bangladesh Rice Journal 21(2) 2017, 'Crops and Cropping Systems in Dinajpur Region', doi:10.3329/brj.v21i2.38202",Hakimpur,Dinajpur,25.2921,89.062
Dinajpur,1,Boro-Fallow-T. Aman,Khansama,5100.0,33.49,2.36,"Bangladesh Rice Journal 21(2) 2017, 'Crops and Cropping Systems in Dinajpur Region', doi:10.3329/brj.v21i2.38202",Khansama,Dinajpur,25.8698,88.7652
Dinajpur,1,Boro-Fallow-T. Aman,Panchagarh,4900.0,19.96,2.27,"Bangladesh Rice Journal 21(2) 2017, 'Crops and Cropping Systems in Dinajpur Region', doi:10.3329/brj.v21i2.38202",Panchagarh Sadar,Panchagarh,26.3674,88.5818
Dinajpur,1,Boro-Fallow-T. Aman,Kaharol,4700.0,26.2,2.18,"Bangladesh Rice Journal 21(2) 2017, 'Crops and Cropping Systems in Dinajpur Region', doi:10.3329/brj.v21i2.38202",Kaharole,Dinajpur,25.8009,88.5988
Dinajpur,1,Boro-Fallow-T. Aman,Ranisonkail,4400.0,18.17,2.04,"Bangladesh Rice Journal 21(2) 2017, 'Crops and Cropping Systems in Dinajpur Region', doi:10.3329/brj.v21i2.38202",Ranisankail,Thakurgaon,25.9401,88.2458
Dinajpur,1,Boro-Fallow-T. Aman,Tetulia,3200.0,23.29,1.48,"Bangladesh Rice Journal 21(2) 2017, 'Crops and Cropping Systems in Dinajpur Region', doi:10.3329/brj.v21i2.38202",Tentulia,Panchagarh,26.5134,88.4298
Dinajpur,1,Boro-Fallow-T. Aman,Atwari,2300.0,14.11,1.07,"Bangladesh Rice Journal 21(2) 2017, 'Crops and Cropping Systems in Dinajpur Region', doi:10.3329/brj.v21i2.38202",Atwari,Panchagarh,26.2496,88.4264
Dinajpur,2,Wheat-Fallow-T. Aman,Thakurgaon,7500.0,14.07,16.07,"Bangladesh Rice Journal 21(2) 2017, 'Crops and Cropping Systems in Dinajpur Region', doi:10.3329/brj.v21i2.38202",Thakurgaon Sadar,Thakurgaon,26.0707,88.4644
Dinajpur,2,Wheat-Fallow-T. Aman,Pirganj,6600.0,22.26,14.14,"Bangladesh Rice Journal 21(2) 2017, 'Crops and Cropping Systems in Dinajpur Region', doi:10.3329/brj.v21i2.38202",Pirganj,Rangpur,25.4237,89.2743
Dinajpur,2,Wheat-Fallow-T. Aman,Ranisonkail,5000.0,20.64,10.72,"Bangladesh Rice Journal 21(2) 2017, 'Crops and Cropping Systems in Dinajpur Region', doi:10.3329/brj.v21i2.38202",Ranisankail,Thakurgaon,25.9401,88.2458
Dinajpur,2,Wheat-Fallow-T. Aman,Birganj,4850.0,15.62,10.39,"Bangladesh Rice Journal 21(2) 2017, 'Crops and Cropping Systems in Dinajpur Region', doi:10.3329/brj.v21i2.38202",Birganj,Dinajpur,25.9279,88.6266
Dinajpur,2,Wheat-Fallow-T. Aman,Baliadangi,3700.0,15.63,7.93,"Bangladesh Rice Journal 21(2) 2017, 'Crops and Cropping Systems in Dinajpur Region', doi:10.3329/brj.v21i2.38202",Baliadangi,Thakurgaon,26.1085,88.2637
Dinajpur,2,Wheat-Fallow-T. Aman,Kaharol,3150.0,17.56,6.75,"Bangladesh Rice Journal 21(2) 2017, 'Crops and Cropping Systems in Dinajpur Region', doi:10.3329/brj.v21i2.38202",Kaharole,Dinajpur,25.8009,88.5988
Dinajpur,2,Wheat-Fallow-T. Aman,Boda,3100.0,13.22,6.64,"Bangladesh Rice Journal 21(2) 2017, 'Crops and Cropping Systems in Dinajpur Region', doi:10.3329/brj.v21i2.38202",Boda,Panchagarh,26.2306,88.6127
Dinajpur,2,Wheat-Fallow-T. Aman,Atwari,3000.0,18.4,6.43,"Bangladesh Rice Journal 21(2) 2017, 'Crops and Cropping Systems in Dinajpur Region', doi:10.3329/brj.v21i2.38202",Atwari,Panchagarh,26.2496,88.4264
Dinajpur,2,Wheat-Fallow-T. Aman,Tetulia,3000.0,21.83,6.43,"Bangladesh Rice Journal 21(2) 2017, 'Crops and Cropping Systems in Dinajpur Region', doi:10.3329/brj.v21i2.38202",Tentulia,Panchagarh,26.5134,88.4298
Dinajpur,2,Wheat-Fallow-T. Aman,Birol,1700.0,5.63,3.64,"Bangladesh Rice Journal 21(2) 2017, 'Crops and Cropping Systems in Dinajpur Region', doi:10.3329/brj.v21i2.38202",Biral,Dinajpur,25.6467,88.5477
Dinajpur,2,Wheat-Fallow-T. Aman,Bochaganj,1600.0,7.95,3.43,"Bangladesh Rice Journal 21(2) 2017, 'Crops and Cropping Systems in Dinajpur Region', doi:10.3329/brj.v21i2.38202",Bochaganj,Dinajpur,25.7857,88.4535
Dinajpur,2,Wheat-Fallow-T. Aman,Haripur,1600.0,9.06,3.43,"Bangladesh Rice Journal 21(2) 2017, 'Crops and Cropping Systems in Dinajpur Region', doi:10.3329/brj.v21i2.38202",Haripur,Thakurgaon,25.8785,88.1549
Dinajpur,2,Wheat-Fallow-T. Aman,Chirirbandar,1000.0,4.21,2.14,"Bangladesh Rice Journal 21(2) 2017, 'Crops and Cropping Systems in Dinajpur Region', doi:10.3329/brj.v21i2.38202",Chirirbandar,Dinajpur,25.6654,88.7865
Dinajpur,2,Wheat-Fallow-T. Aman,Dinajpur sadar,400.0,1.52,0.86,"Bangladesh Rice Journal 21(2) 2017, 'Crops and Cropping Systems in Dinajpur Region', doi:10.3329/brj.v21i2.38202",Dinajpur Sadar,Dinajpur,25.6081,88.6774
Dinajpur,2,Wheat-Fallow-T. Aman,Debiganj,200.0,0.85,0.43,"Bangladesh Rice Journal 21(2) 2017, 'Crops and Cropping Systems in Dinajpur Region', doi:10.3329/brj.v21i2.38202",Debiganj,Panchagarh,26.1321,88.7194
Dinajpur,2,Wheat-Fallow-T. Aman,Nawabganj,120.0,0.47,0.26,"Bangladesh Rice Journal 21(2) 2017, 'Crops and Cropping Systems in Dinajpur Region', doi:10.3329/brj.v21i2.38202",Nawabganj,Dhaka,23.6735,90.1608
Dinajpur,2,Wheat-Fallow-T. Aman,Parbatipur,100.0,0.35,0.21,"Bangladesh Rice Journal 21(2) 2017, 'Crops and Cropping Systems in Dinajpur Region', doi:10.3329/brj.v21i2.38202",Parbatipur,Dinajpur,25.6188,88.9256
Dinajpur,2,Wheat-Fallow-T. Aman,Hakimpur,40.0,0.48,0.09,"Bangladesh Rice Journal 21(2) 2017, 'Crops and Cropping Systems in Dinajpur Region', doi:10.3329/brj.v21i2.38202",Hakimpur,Dinajpur,25.2921,89.062
Dinajpur,3,Maize-Fallow-T. Aman,Birol,5800.0,19.19,12.61,"Bangladesh Rice Journal 21(2) 2017, 'Crops and Cropping Systems in Dinajpur Region', doi:10.3329/brj.v21i2.38202",Biral,Dinajpur,25.6467,88.5477
Dinajpur,3,Maize-Fallow-T. Aman,Nowabganj,5500.0,21.18,11.96,"Bangladesh Rice Journal 21(2) 2017, 'Crops and Cropping Systems in Dinajpur Region', doi:10.3329/brj.v21i2.38202",Nawabganj,Dhaka,23.6735,90.1608
Dinajpur,3,Maize-Fallow-T. Aman,Panchagarh,5500.0,22.41,11.96,"Bangladesh Rice Journal 21(2) 2017, 'Crops and Cropping Systems in Dinajpur Region', doi:10.3329/brj.v21i2.38202",Panchagarh Sadar,Panchagarh,26.3674,88.5818
Dinajpur,3,Maize-Fallow-T. Aman,Kaharol,5400.0,30.1,11.74,"Bangladesh Rice Journal 21(2) 2017, 'Crops and Cropping Systems in Dinajpur Region', doi:10.3329/brj.v21i2.38202",Kaharole,Dinajpur,25.8009,88.5988
Dinajpur,3,Maize-Fallow-T. Aman,Birganj,4300.0,13.85,9.35,"Bangladesh Rice Journal 21(2) 2017, 'Crops and Cropping Systems in Dinajpur Region', doi:10.3329/brj.v21i2.38202",Birganj,Dinajpur,25.9279,88.6266
Dinajpur,3,Maize-Fallow-T. Aman,Dinajpur,3000.0,10.92,6.52,"Bangladesh Rice Journal 21(2) 2017, 'Crops and Cropping Systems in Dinajpur Region', doi:10.3329/brj.v21i2.38202",Dinajpur Sadar,Dinajpur,25.6081,88.6774
Dinajpur,3,Maize-Fallow-T. Aman,Atwari,2500.0,15.33,5.44,"Bangladesh Rice Journal 21(2) 2017, 'Crops and Cropping Systems in Dinajpur Region', doi:10.3329/brj.v21i2.38202",Atwari,Panchagarh,26.2496,88.4264
Dinajpur,3,Maize-Fallow-T. Aman,Thakurgaon,2400.0,4.5,5.22,"Bangladesh Rice Journal 21(2) 2017, 'Crops and Cropping Systems in Dinajpur Region', doi:10.3329/brj.v21i2.38202",Thakurgaon Sadar,Thakurgaon,26.0707,88.4644
Dinajpur,3,Maize-Fallow-T. Aman,Phulbari,2200.0,11.73,4.78,"Bangladesh Rice Journal 21(2) 2017, 'Crops and Cropping Systems in Dinajpur Region', doi:10.3329/brj.v21i2.38202",Phulbari,Kurigram,25.9481,89.5713
Dinajpur,3,Maize-Fallow-T. Aman,Bochaganj,2000.0,9.93,4.35,"Bangladesh Rice Journal 21(2) 2017, 'Crops and Cropping Systems in Dinajpur Region', doi:10.3329/brj.v21i2.38202",Bochaganj,Dinajpur,25.7857,88.4535
Dinajpur,3,Maize-Fallow-T. Aman,Parbatipur,1900.0,6.65,4.13,"Bangladesh Rice Journal 21(2) 2017, 'Crops and Cropping Systems in Dinajpur Region', doi:10.3329/brj.v21i2.38202",Parbatipur,Dinajpur,25.6188,88.9256
Dinajpur,3,Maize-Fallow-T. Aman,Boda,1550.0,6.61,3.37,"Bangladesh Rice Journal 21(2) 2017, 'Crops and Cropping Systems in Dinajpur Region', doi:10.3329/brj.v21i2.38202",Boda,Panchagarh,26.2306,88.6127
Dinajpur,3,Maize-Fallow-T. Aman,Debiganj,1500.0,6.2,3.26,"Bangladesh Rice Journal 21(2) 2017, 'Crops and Cropping Systems in Dinajpur Region', doi:10.3329/brj.v21i2.38202",Debiganj,Panchagarh,26.1321,88.7194
Dinajpur,3,Maize-Fallow-T. Aman,Khansama,1300.0,8.54,2.83,"Bangladesh Rice Journal 21(2) 2017, 'Crops and Cropping Systems in Dinajpur Region', doi:10.3329/brj.v21i2.38202",Khansama,Dinajpur,25.8698,88.7652
Dinajpur,3,Maize-Fallow-T. Aman,Ghoraghat,800.0,6.72,1.73,"Bangladesh Rice Journal 21(2) 2017, 'Crops and Cropping Systems in Dinajpur Region', doi:10.3329/brj.v21i2.38202",Ghoraghat,Dinajpur,25.2844,89.2143
Dinajpur,3,Maize-Fallow-T. Aman,Birampur,200.0,1.14,0.43,"Bangladesh Rice Journal 21(2) 2017, 'Crops and Cropping Systems in Dinajpur Region', doi:10.3329/brj.v21i2.38202",Birampur,Dinajpur,25.3791,88.9637
Dinajpur,3,Maize-Fallow-T. Aman,Chirirbandar,110.0,0.47,0.24,"Bangladesh Rice Journal 21(2) 2017, 'Crops and Cropping Systems in Dinajpur Region', doi:10.3329/brj.v21i2.38202",Chirirbandar,Dinajpur,25.6654,88.7865
Dinajpur,3,Maize-Fallow-T. Aman,Ranisonkail,20.0,0.08,0.04,"Bangladesh Rice Journal 21(2) 2017, 'Crops and Cropping Systems in Dinajpur Region', doi:10.3329/brj.v21i2.38202",Ranisankail,Thakurgaon,25.9401,88.2458
Dinajpur,4,Potato-Boro-T. Aman,Dinajpur,4530.0,16.49,17.04,"Bangladesh Rice Journal 21(2) 2017, 'Crops and Cropping Systems in Dinajpur Region', doi:10.3329/brj.v21i2.38202",Dinajpur Sadar,Dinajpur,25.6081,88.6774
Dinajpur,4,Potato-Boro-T. Aman,Birganj,4500.0,14.49,16.92,"Bangladesh Rice Journal 21(2) 2017, 'Crops and Cropping Systems in Dinajpur Region', doi:10.3329/brj.v21i2.38202",Birganj,Dinajpur,25.9279,88.6266
Dinajpur,4,Potato-Boro-T. Aman,Parbatipur,3300.0,11.55,12.41,"Bangladesh Rice Journal 21(2) 2017, 'Crops and Cropping Systems in Dinajpur Region', doi:10.3329/brj.v21i2.38202",Parbatipur,Dinajpur,25.6188,88.9256
Dinajpur,4,Potato-Boro-T. Aman,Thakurgaon,3200.0,6.0,12.03,"Bangladesh Rice Journal 21(2) 2017, 'Crops and Cropping Systems in Dinajpur Region', doi:10.3329/brj.v21i2.38202",Thakurgaon Sadar,Thakurgaon,26.0707,88.4644
Dinajpur,4,Potato-Boro-T. Aman,Birol,1800.0,5.96,6.77,"Bangladesh Rice Journal 21(2) 2017, 'Crops and Cropping Systems in Dinajpur Region', doi:10.3329/brj.v21i2.38202",Biral,Dinajpur,25.6467,88.5477
Dinajpur,4,Potato-Boro-T. Aman,Bochaganj,1300.0,6.46,4.89,"Bangladesh Rice Journal 21(2) 2017, 'Crops and Cropping Systems in Dinajpur Region', doi:10.3329/brj.v21i2.38202",Bochaganj,Dinajpur,25.7857,88.4535
Dinajpur,4,Potato-Boro-T. Aman,Birampur,1200.0,6.82,4.51,"Bangladesh Rice Journal 21(2) 2017, 'Crops and Cropping Systems in Dinajpur Region', doi:10.3329/brj.v21i2.38202",Birampur,Dinajpur,25.3791,88.9637
Dinajpur,4,Potato-Boro-T. Aman,Phulbari,1000.0,5.33,3.76,"Bangladesh Rice Journal 21(2) 2017, 'Crops and Cropping Systems in Dinajpur Region', doi:10.3329/brj.v21i2.38202",Phulbari,Kurigram,25.9481,89.5713
Dinajpur,4,Potato-Boro-T. Aman,Debiganj,1000.0,4.13,3.76,"Bangladesh Rice Journal 21(2) 2017, 'Crops and Cropping Systems in Dinajpur Region', doi:10.3329/brj.v21i2.38202",Debiganj,Panchagarh,26.1321,88.7194
Dinajpur,4,Potato-Boro-T. Aman,Hakimpur,800.0,9.65,3.01,"Bangladesh Rice Journal 21(2) 2017, 'Crops and Cropping Systems in Dinajpur Region', doi:10.3329/brj.v21i2.38202",Hakimpur,Dinajpur,25.2921,89.062
Dinajpur,4,Potato-Boro-T. Aman,Ranisonkail,800.0,3.3,3.01,"Bangladesh Rice Journal 21(2) 2017, 'Crops and Cropping Systems in Dinajpur Region', doi:10.3329/brj.v21i2.38202",Ranisankail,Thakurgaon,25.9401,88.2458
Dinajpur,4,Potato-Boro-T. Aman,Khansama,760.0,4.99,2.86,"Bangladesh Rice Journal 21(2) 2017, 'Crops and Cropping Systems in Dinajpur Region', doi:10.3329/brj.v21i2.38202",Khansama,Dinajpur,25.8698,88.7652
Dinajpur,4,Potato-Boro-T. Aman,Chirirbandar,700.0,2.95,2.63,"Bangladesh Rice Journal 21(2) 2017, 'Crops and Cropping Systems in Dinajpur Region', doi:10.3329/brj.v21i2.38202",Chirirbandar,Dinajpur,25.6654,88.7865
Dinajpur,4,Potato-Boro-T. Aman,Ghoraghat,600.0,5.01,2.26,"Bangladesh Rice Journal 21(2) 2017, 'Crops and Cropping Systems in Dinajpur Region', doi:10.3329/brj.v21i2.38202",Ghoraghat,Dinajpur,25.2844,89.2143
Dinajpur,4,Potato-Boro-T. Aman,Nawabganj,600.0,2.34,2.26,"Bangladesh Rice Journal 21(2) 2017, 'Crops and Cropping Systems in Dinajpur Region', doi:10.3329/brj.v21i2.38202",Nawabganj,Dhaka,23.6735,90.1608
Dinajpur,4,Potato-Boro-T. Aman,Pirganj,500.0,1.72,1.88,"Bangladesh Rice Journal 21(2) 2017, 'Crops and Cropping Systems in Dinajpur Region', doi:10.3329/brj.v21i2.38202",Pirganj,Rangpur,25.4237,89.2743
Dinajpur,5,Potato-Maize-T. Aman,Thakurgaon,6500.0,12.2,24.69,"Bangladesh Rice Journal 21(2) 2017, 'Crops and Cropping Systems in Dinajpur Region', doi:10.3329/brj.v21i2.38202",Thakurgaon Sadar,Thakurgaon,26.0707,88.4644
Dinajpur,5,Potato-Maize-T. Aman,Birganj,3550.0,11.43,13.48,"Bangladesh Rice Journal 21(2) 2017, 'Crops and Cropping Systems in Dinajpur Region', doi:10.3329/brj.v21i2.38202",Birganj,Dinajpur,25.9279,88.6266
Dinajpur,5,Potato-Maize-T. Aman,Birol,3000.0,9.93,11.39,"Bangladesh Rice Journal 21(2) 2017, 'Crops and Cropping Systems in Dinajpur Region', doi:10.3329/brj.v21i2.38202",Biral,Dinajpur,25.6467,88.5477
Dinajpur,5,Potato-Maize-T. Aman,Haripur,2500.0,14.15,9.49,"Bangladesh Rice Journal 21(2) 2017, 'Crops and Cropping Systems in Dinajpur Region', doi:10.3329/brj.v21i2.38202",Haripur,Thakurgaon,25.8785,88.1549
Dinajpur,5,Potato-Maize-T. Aman,Khansama,2300.0,15.1,8.74,"Bangladesh Rice Journal 21(2) 2017, 'Crops and Cropping Systems in Dinajpur Region', doi:10.3329/brj.v21i2.38202",Khansama,Dinajpur,25.8698,88.7652
Dinajpur,5,Potato-Maize-T. Aman,Kaharol,2100.0,11.71,7.98,"Bangladesh Rice Journal 21(2) 2017, 'Crops and Cropping Systems in Dinajpur Region', doi:10.3329/brj.v21i2.38202",Kaharole,Dinajpur,25.8009,88.5988
Dinajpur,5,Potato-Maize-T. Aman,Baliadangi,1550.0,6.55,5.89,"Bangladesh Rice Journal 21(2) 2017, 'Crops and Cropping Systems in Dinajpur Region', doi:10.3329/brj.v21i2.38202",Baliadangi,Thakurgaon,26.1085,88.2637
Dinajpur,5,Potato-Maize-T. Aman,Pirganj,1000.0,3.37,3.8,"Bangladesh Rice Journal 21(2) 2017, 'Crops and Cropping Systems in Dinajpur Region', doi:10.3329/brj.v21i2.38202",Pirganj,Rangpur,25.4237,89.2743
Dinajpur,5,Potato-Maize-T. Aman,Dinajpur,600.0,2.18,2.28,"Bangladesh Rice Journal 21(2) 2017, 'Crops and Cropping Systems in Dinajpur Region', doi:10.3329/brj.v21i2.38202",Dinajpur Sadar,Dinajpur,25.6081,88.6774
Dinajpur,5,Potato-Maize-T. Aman,Phulbari,600.0,3.2,2.28,"Bangladesh Rice Journal 21(2) 2017, 'Crops and Cropping Systems in Dinajpur Region', doi:10.3329/brj.v21i2.38202",Phulbari,Kurigram,25.9481,89.5713
Dinajpur,5,Potato-Maize-T. Aman,Ghoraghat,600.0,5.01,2.28,"Bangladesh Rice Journal 21(2) 2017, 'Crops and Cropping Systems in Dinajpur Region', doi:10.3329/brj.v21i2.38202",Ghoraghat,Dinajpur,25.2844,89.2143
Dinajpur,5,Potato-Maize-T. Aman,Chirirbandar,500.0,2.14,1.9,"Bangladesh Rice Journal 21(2) 2017, 'Crops and Cropping Systems in Dinajpur Region', doi:10.3329/brj.v21i2.38202",Chirirbandar,Dinajpur,25.6654,88.7865
Dinajpur,5,Potato-Maize-T. Aman,Parbatipur,500.0,1.76,1.9,"Bangladesh Rice Journal 21(2) 2017, 'Crops and Cropping Systems in Dinajpur Region', doi:10.3329/brj.v21i2.38202",Parbatipur,Dinajpur,25.6188,88.9256
Dinajpur,5,Potato-Maize-T. Aman,Nawabganj,380.0,1.48,1.44,"Bangladesh Rice Journal 21(2) 2017, 'Crops and Cropping Systems in Dinajpur Region', doi:10.3329/brj.v21i2.38202",Nawabganj,Dhaka,23.6735,90.1608
Dinajpur,5,Potato-Maize-T. Aman,Atwari,300.0,1.89,1.14,"Bangladesh Rice Journal 21(2) 2017, 'Crops and Cropping Systems in Dinajpur Region', doi:10.3329/brj.v21i2.38202",Atwari,Panchagarh,26.2496,88.4264
Dinajpur,5,Potato-Maize-T. Aman,Hakimpur,150.0,1.82,0.57,"Bangladesh Rice Journal 21(2) 2017, 'Crops and Cropping Systems in Dinajpur Region', doi:10.3329/brj.v21i2.38202",Hakimpur,Dinajpur,25.2921,89.062
Dinajpur,5,Potato-Maize-T. Aman,Birampur,100.0,0.57,0.4,"Bangladesh Rice Journal 21(2) 2017, 'Crops and Cropping Systems in Dinajpur Region', doi:10.3329/brj.v21i2.38202",Birampur,Dinajpur,25.3791,88.9637
Dinajpur,5,Potato-Maize-T. Aman,Debiganj,100.0,0.43,0.4,"Bangladesh Rice Journal 21(2) 2017, 'Crops and Cropping Systems in Dinajpur Region', doi:10.3329/brj.v21i2.38202",Debiganj,Panchagarh,26.1321,88.7194
Faridpur,1,Boro-Fallow-Fallow,Kotalipara,23000.0,83.18,19.21,"Bangladesh Rice Journal 21(2) 2017, 'Diversity of Cropping Patterns and Land Use Practices in Faridpur Region', doi:10.3329/brj.v21i2.38203",Kotali Para,Gopalganj,23.0111,90.0207
Faridpur,1,Boro-Fallow-Fallow,Gopalganj,17000.0,58.22,14.2,"Bangladesh Rice Journal 21(2) 2017, 'Diversity of Cropping Patterns and Land Use Practices in Faridpur Region', doi:10.3329/brj.v21i2.38203",Gopalganj Sadar,Gopalganj,23.0604,89.8489
Faridpur,1,Boro-Fallow-Fallow,Kasiani,11000.0,53.14,9.19,"Bangladesh Rice Journal 21(2) 2017, 'Diversity of Cropping Patterns and Land Use Practices in Faridpur Region', doi:10.3329/brj.v21i2.38203",Kashiani,Gopalganj,23.1907,89.7963
Faridpur,1,Boro-Fallow-Fallow,Tungipara,8300.0,77.93,6.93,"Bangladesh Rice Journal 21(2) 2017, 'Diversity of Cropping Patterns and Land Use Practices in Faridpur Region', doi:10.3329/brj.v21i2.38203",Tungi Para,Gopalganj,22.9256,89.9045
Faridpur,1,Boro-Fallow-Fallow,Kalkini,8100.0,40.5,6.76,"Bangladesh Rice Journal 21(2) 2017, 'Diversity of Cropping Patterns and Land Use Practices in Faridpur Region', doi:10.3329/brj.v21i2.38203",Kalkini,Madaripur,23.0709,90.2481
Faridpur,1,Boro-Fallow-Fallow,Muksudpur,7000.0,30.24,5.85,"Bangladesh Rice Journal 21(2) 2017, 'Diversity of Cropping Patterns and Land Use Practices in Faridpur Region', doi:10.3329/brj.v21i2.38203",Muksudpur,Gopalganj,23.2667,89.9144
Faridpur,1,Boro-Fallow-Fallow,Naria,5700.0,44.53,4.76,"Bangladesh Rice Journal 21(2) 2017, 'Diversity of Cropping Patterns and Land Use Practices in Faridpur Region', doi:10.3329/brj.v21i2.38203",Naria,Shariatpur,23.3046,90.4273
Faridpur,1,Boro-Fallow-Fallow,Shibchar,5200.0,22.22,4.34,"Bangladesh Rice Journal 21(2) 2017, 'Diversity of Cropping Patterns and Land Use Practices in Faridpur Region', doi:10.3329/brj.v21i2.38203",Shib Char,Madaripur,23.3754,90.1742
Faridpur,1,Boro-Fallow-Fallow,Goshairhat,4600.0,38.17,3.84,"Bangladesh Rice Journal 21(2) 2017, 'Diversity of Cropping Patterns and Land Use Practices in Faridpur Region', doi:10.3329/brj.v21i2.38203",Gosairhat,Shariatpur,23.0796,90.447
Faridpur,1,Boro-Fallow-Fallow,Shariatpur,4200.0,32.56,3.51,"Bangladesh Rice Journal 21(2) 2017, 'Diversity of Cropping Patterns and Land Use Practices in Faridpur Region', doi:10.3329/brj.v21i2.38203",Shariatpur Sadar,Shariatpur,23.2161,90.3159
Faridpur,1,Boro-Fallow-Fallow,Damudya,3800.0,55.88,3.17,"Bangladesh Rice Journal 21(2) 2017, 'Diversity of Cropping Patterns and Land Use Practices in Faridpur Region', doi:10.3329/brj.v21i2.38203",Damudya,Shariatpur,23.1368,90.4217
Faridpur,1,Boro-Fallow-Fallow,Rajbari,3200.0,15.31,2.67,"Bangladesh Rice Journal 21(2) 2017, 'Diversity of Cropping Patterns and Land Use Practices in Faridpur Region', doi:10.3329/brj.v21i2.38203",Rajbari Sadar,Rajbari,23.7175,89.6542
Faridpur,1,Boro-Fallow-Fallow,Bhedarganj,3000.0,16.67,2.51,"Bangladesh Rice Journal 21(2) 2017, 'Diversity of Cropping Patterns and Land Use Practices in Faridpur Region', doi:10.3329/brj.v21i2.38203",Bhedarganj,Shariatpur,23.2114,90.51
Faridpur,1,Boro-Fallow-Fallow,Rajoir,2800.0,15.91,2.34,"Bangladesh Rice Journal 21(2) 2017, 'Diversity of Cropping Patterns and Land Use Practices in Faridpur Region', doi:10.3329/brj.v21i2.38203",Rajoir,Madaripur,23.2013,90.037
Faridpur,1,Boro-Fallow-Fallow,Madaripur,2600.0,12.18,2.17,"Bangladesh Rice Journal 21(2) 2017, 'Diversity of Cropping Patterns and Land Use Practices in Faridpur Region', doi:10.3329/brj.v21i2.38203",Madaripur Sadar,Madaripur,23.1938,90.175
Faridpur,1,Boro-Fallow-Fallow,Nagarkanda,1700.0,12.69,1.42,"Bangladesh Rice Journal 21(2) 2017, 'Diversity of Cropping Patterns and Land Use Practices in Faridpur Region', doi:10.3329/brj.v21i2.38203",Nagarkanda,Faridpur,23.4373,89.8944
Faridpur,1,Boro-Fallow-Fallow,Faridpur,1500.0,6.41,1.25,"Bangladesh Rice Journal 21(2) 2017, 'Diversity of Cropping Patterns and Land Use Practices in Faridpur Region', doi:10.3329/brj.v21i2.38203",Faridpur,Pabna,24.1606,89.4488
Faridpur,1,Boro-Fallow-Fallow,Kalukhali,1500.0,12.4,1.25,"Bangladesh Rice Journal 21(2) 2017, 'Diversity of Cropping Patterns and Land Use Practices in Faridpur Region', doi:10.3329/brj.v21i2.38203",Kalukhali,Rajbari,23.741,89.4743
Faridpur,1,Boro-Fallow-Fallow,Charbhadrasan,1200.0,14.81,1.0,"Bangladesh Rice Journal 21(2) 2017, 'Diversity of Cropping Patterns and Land Use Practices in Faridpur Region', doi:10.3329/brj.v21i2.38203",Char Bhadrasan,Faridpur,23.5926,89.978
Faridpur,1,Boro-Fallow-Fallow,Bhanga,850.0,5.99,0.71,"Bangladesh Rice Journal 21(2) 2017, 'Diversity of Cropping Patterns and Land Use Practices in Faridpur Region', doi:10.3329/brj.v21i2.38203",Bhanga,Faridpur,23.3867,90.0098
Faridpur,1,Boro-Fallow-Fallow,Baliakandi,700.0,4.64,0.58,"Bangladesh Rice Journal 21(2) 2017, 'Diversity of Cropping Patterns and Land Use Practices in Faridpur Region', doi:10.3329/brj.v21i2.38203",Balia Kandi,Rajbari,23.6497,89.5507
Faridpur,1,Boro-Fallow-Fallow,Pangsa,700.0,4.27,0.58,"Bangladesh Rice Journal 21(2) 2017, 'Diversity of Cropping Patterns and Land Use Practices in Faridpur Region', doi:10.3329/brj.v21i2.38203",Pangsha,Rajbari,23.7878,89.3869
Faridpur,1,Boro-Fallow-Fallow,Madhukhali,600.0,4.26,0.5,"Bangladesh Rice Journal 21(2) 2017, 'Diversity of Cropping Patterns and Land Use Practices in Faridpur Region', doi:10.3329/brj.v21i2.38203",Madhukhali,Faridpur,23.5409,89.612
Faridpur,1,Boro-Fallow-Fallow,Alfadanga,550.0,5.82,0.46,"Bangladesh Rice Journal 21(2) 2017, 'Diversity of Cropping Patterns and Land Use Practices in Faridpur Region', doi:10.3329/brj.v21i2.38203",Alfadanga,Faridpur,23.2968,89.6699
Faridpur,1,Boro-Fallow-Fallow,Goalanda,450.0,4.95,0.38,"Bangladesh Rice Journal 21(2) 2017, 'Diversity of Cropping Patterns and Land Use Practices in Faridpur Region', doi:10.3329/brj.v21i2.38203",Goalandaghat,Rajbari,23.7564,89.7661
Faridpur,1,Boro-Fallow-Fallow,Saltha,200.0,1.59,0.17,"Bangladesh Rice Journal 21(2) 2017, 'Diversity of Cropping Patterns and Land Use Practices in Faridpur Region', doi:10.3329/brj.v21i2.38203",Saltha,Faridpur,23.42,89.7997
Faridpur,1,Boro-Fallow-Fallow,Janjira,200.0,1.41,0.17,"Bangladesh Rice Journal 21(2) 2017, 'Diversity of Cropping Patterns and Land Use Practices in Faridpur Region', doi:10.3329/brj.v21i2.38203",Zanjira,Shariatpur,23.3655,90.3183
Faridpur,1,Boro-Fallow-Fallow,Sadarpur,100.0,0.54,0.08,"Bangladesh Rice Journal 21(2) 2017, 'Diversity of Cropping Patterns and Land Use Practices in Faridpur Region', doi:10.3329/brj.v21i2.38203",Sadarpur,Faridpur,23.4959,90.0526
Faridpur,2,Boro-B. Aman,Muksudpur,6300.0,27.21,18.5,"Bangladesh Rice Journal 21(2) 2017, 'Diversity of Cropping Patterns and Land Use Practices in Faridpur Region', doi:10.3329/brj.v21i2.38203",Muksudpur,Gopalganj,23.2667,89.9144
Faridpur,2,Boro-B. Aman,Rajoir,6000.0,34.09,17.62,"Bangladesh Rice Journal 21(2) 2017, 'Diversity of Cropping Patterns and Land Use Practices in Faridpur Region', doi:10.3329/brj.v21i2.38203",Rajoir,Madaripur,23.2013,90.037
Faridpur,2,Boro-B. Aman,Madaripur,5000.0,23.42,14.68,"Bangladesh Rice Journal 21(2) 2017, 'Diversity of Cropping Patterns and Land Use Practices in Faridpur Region', doi:10.3329/brj.v21i2.38203",Madaripur Sadar,Madaripur,23.1938,90.175
Faridpur,2,Boro-B. Aman,Bhanga,2100.0,14.79,6.17,"Bangladesh Rice Journal 21(2) 2017, 'Diversity of Cropping Patterns and Land Use Practices in Faridpur Region', doi:10.3329/brj.v21i2.38203",Bhanga,Faridpur,23.3867,90.0098
Faridpur,2,Boro-B. Aman,Sadarpur,2000.0,10.78,5.87,"Bangladesh Rice Journal 21(2) 2017, 'Diversity of Cropping Patterns and Land Use Practices in Faridpur Region', doi:10.3329/brj.v21i2.38203",Sadarpur,Faridpur,23.4959,90.0526
Faridpur,2,Boro-B. Aman,Kasiani,1500.0,7.25,4.4,"Bangladesh Rice Journal 21(2) 2017, 'Diversity of Cropping Patterns and Land Use Practices in Faridpur Region', doi:10.3329/brj.v21i2.38203",Kashiani,Gopalganj,23.1907,89.7963
Faridpur,2,Boro-B. Aman,Kotalipara,1300.0,4.7,3.82,"Bangladesh Rice Journal 21(2) 2017, 'Diversity of Cropping Patterns and Land Use Practices in Faridpur Region', doi:10.3329/brj.v21i2.38203",Kotali Para,Gopalganj,23.0111,90.0207
Faridpur,2,Boro-B. Aman,Shariatpur,1300.0,10.08,3.82,"Bangladesh Rice Journal 21(2) 2017, 'Diversity of Cropping Patterns and Land Use Practices in Faridpur Region', doi:10.3329/brj.v21i2.38203",Shariatpur Sadar,Shariatpur,23.2161,90.3159
Faridpur,2,Boro-B. Aman,Faridpur,1000.0,4.27,2.94,"Bangladesh Rice Journal 21(2) 2017, 'Diversity of Cropping Patterns and Land Use Practices in Faridpur Region', doi:10.3329/brj.v21i2.38203",Faridpur,Pabna,24.1606,89.4488
Faridpur,2,Boro-B. Aman,Rajbari,1000.0,4.78,2.94,"Bangladesh Rice Journal 21(2) 2017, 'Diversity of Cropping Patterns and Land Use Practices in Faridpur Region', doi:10.3329/brj.v21i2.38203",Rajbari Sadar,Rajbari,23.7175,89.6542
Faridpur,2,Boro-B. Aman,Bhedarganj,900.0,5.0,2.64,"Bangladesh Rice Journal 21(2) 2017, 'Diversity of Cropping Patterns and Land Use Practices in Faridpur Region', doi:10.3329/brj.v21i2.38203",Bhedarganj,Shariatpur,23.2114,90.51
Faridpur,2,Boro-B. Aman,Naria,900.0,7.03,2.64,"Bangladesh Rice Journal 21(2) 2017, 'Diversity of Cropping Patterns and Land Use Practices in Faridpur Region', doi:10.3329/brj.v21i2.38203",Naria,Shariatpur,23.3046,90.4273
Faridpur,2,Boro-B. Aman,Kalkini,850.0,4.25,2.5,"Bangladesh Rice Journal 21(2) 2017, 'Diversity of Cropping Patterns and Land Use Practices in Faridpur Region', doi:10.3329/brj.v21i2.38203",Kalkini,Madaripur,23.0709,90.2481
Faridpur,2,Boro-B. Aman,Nagarkanda,800.0,5.97,2.35,"Bangladesh Rice Journal 21(2) 2017, 'Diversity of Cropping Patterns and Land Use Practices in Faridpur Region', doi:10.3329/brj.v21i2.38203",Nagarkanda,Faridpur,23.4373,89.8944
Faridpur,2,Boro-B. Aman,Gopalganj,800.0,2.74,2.35,"Bangladesh Rice Journal 21(2) 2017, 'Diversity of Cropping Patterns and Land Use Practices in Faridpur Region', doi:10.3329/brj.v21i2.38203",Gopalganj Sadar,Gopalganj,23.0604,89.8489
Faridpur,2,Boro-B. Aman,Alfadanga,700.0,7.41,2.06,"Bangladesh Rice Journal 21(2) 2017, 'Diversity of Cropping Patterns and Land Use Practices in Faridpur Region', doi:10.3329/brj.v21i2.38203",Alfadanga,Faridpur,23.2968,89.6699
Faridpur,2,Boro-B. Aman,Damudya,400.0,5.88,1.17,"Bangladesh Rice Journal 21(2) 2017, 'Diversity of Cropping Patterns and Land Use Practices in Faridpur Region', doi:10.3329/brj.v21i2.38203",Damudya,Shariatpur,23.1368,90.4217
Faridpur,2,Boro-B. Aman,Goshairhat,400.0,3.32,1.17,"Bangladesh Rice Journal 21(2) 2017, 'Diversity of Cropping Patterns and Land Use Practices in Faridpur Region', doi:10.3329/brj.v21i2.38203",Gosairhat,Shariatpur,23.0796,90.447
Faridpur,2,Boro-B. Aman,Madhukhali,280.0,1.99,0.82,"Bangladesh Rice Journal 21(2) 2017, 'Diversity of Cropping Patterns and Land Use Practices in Faridpur Region', doi:10.3329/brj.v21i2.38203",Madhukhali,Faridpur,23.5409,89.612
Faridpur,2,Boro-B. Aman,Saltha,200.0,1.59,0.59,"Bangladesh Rice Journal 21(2) 2017, 'Diversity of Cropping Patterns and Land Use Practices in Faridpur Region', doi:10.3329/brj.v21i2.38203",Saltha,Faridpur,23.42,89.7997
Faridpur,2,Boro-B. Aman,Kalukhali,200.0,1.65,0.59,"Bangladesh Rice Journal 21(2) 2017, 'Diversity of Cropping Patterns and Land Use Practices in Faridpur Region', doi:10.3329/brj.v21i2.38203",Kalukhali,Rajbari,23.741,89.4743
Faridpur,2,Boro-B. Aman,Tungipara,80.0,0.75,0.23,"Bangladesh Rice Journal 21(2) 2017, 'Diversity of Cropping Patterns and Land Use Practices in Faridpur Region', doi:10.3329/brj.v21i2.38203",Tungi Para,Gopalganj,22.9256,89.9045
Faridpur,2,Boro-B. Aman,Boalmari,50.0,0.24,0.15,"Bangladesh Rice Journal 21(2) 2017, 'Diversity of Cropping Patterns and Land Use Practices in Faridpur Region', doi:10.3329/brj.v21i2.38203",Boalmari,Faridpur,23.4045,89.6971
Faridpur,3,Wheat-Jute-T. Aman,Pangsa,5200.0,31.71,15.74,"Bangladesh Rice Journal 21(2) 2017, 'Diversity of Cropping Patterns and Land Use Practices in Faridpur Region', doi:10.3329/brj.v21i2.38203",Pangsha,Rajbari,23.7878,89.3869
Faridpur,3,Wheat-Jute-T. Aman,Faridpur,4000.0,17.09,12.1,"Bangladesh Rice Journal 21(2) 2017, 'Diversity of Cropping Patterns and Land Use Practices in Faridpur Region', doi:10.3329/brj.v21i2.38203",Faridpur,Pabna,24.1606,89.4488
Faridpur,3,Wheat-Jute-T. Aman,Boalmari,3300.0,16.02,9.99,"Bangladesh Rice Journal 21(2) 2017, 'Diversity of Cropping Patterns and Land Use Practices in Faridpur Region', doi:10.3329/brj.v21i2.38203",Boalmari,Faridpur,23.4045,89.6971
Faridpur,3,Wheat-Jute-T. Aman,Sadarpur,3000.0,16.17,9.08,"Bangladesh Rice Journal 21(2) 2017, 'Diversity of Cropping Patterns and Land Use Practices in Faridpur Region', doi:10.3329/brj.v21i2.38203",Sadarpur,Faridpur,23.4959,90.0526
Faridpur,3,Wheat-Jute-T. Aman,Bhanga,2500.0,17.61,7.57,"Bangladesh Rice Journal 21(2) 2017, 'Diversity of Cropping Patterns and Land Use Practices in Faridpur Region', doi:10.3329/brj.v21i2.38203",Bhanga,Faridpur,23.3867,90.0098
Faridpur,3,Wheat-Jute-T. Aman,Nagarkanda,2000.0,14.93,6.05,"Bangladesh Rice Journal 21(2) 2017, 'Diversity of Cropping Patterns and Land Use Practices in Faridpur Region', doi:10.3329/brj.v21i2.38203",Nagarkanda,Faridpur,23.4373,89.8944
Faridpur,3,Wheat-Jute-T. Aman,Rajbari,2000.0,9.57,6.05,"Bangladesh Rice Journal 21(2) 2017, 'Diversity of Cropping Patterns and Land Use Practices in Faridpur Region', doi:10.3329/brj.v21i2.38203",Rajbari Sadar,Rajbari,23.7175,89.6542
Faridpur,3,Wheat-Jute-T. Aman,Madhukhli,1900.0,13.48,5.75,"Bangladesh Rice Journal 21(2) 2017, 'Diversity of Cropping Patterns and Land Use Practices in Faridpur Region', doi:10.3329/brj.v21i2.38203",Madhukhali,Faridpur,23.5409,89.612
Faridpur,3,Wheat-Jute-T. Aman,Baliakandi,1600.0,10.6,4.84,"Bangladesh Rice Journal 21(2) 2017, 'Diversity of Cropping Patterns and Land Use Practices in Faridpur Region', doi:10.3329/brj.v21i2.38203",Balia Kandi,Rajbari,23.6497,89.5507
Faridpur,3,Wheat-Jute-T. Aman,Kalukhali,1400.0,11.57,4.24,"Bangladesh Rice Journal 21(2) 2017, 'Diversity of Cropping Patterns and Land Use Practices in Faridpur Region', doi:10.3329/brj.v21i2.38203",Kalukhali,Rajbari,23.741,89.4743
Faridpur,3,Wheat-Jute-T. Aman,Alfadanga,900.0,9.52,2.72,"Bangladesh Rice Journal 21(2) 2017, 'Diversity of Cropping Patterns and Land Use Practices in Faridpur Region', doi:10.3329/brj.v21i2.38203",Alfadanga,Faridpur,23.2968,89.6699
Faridpur,3,Wheat-Jute-T. Aman,Muksudpur,800.0,3.46,2.42,"Bangladesh Rice Journal 21(2) 2017, 'Diversity of Cropping Patterns and Land Use Practices in Faridpur Region', doi:10.3329/brj.v21i2.38203",Muksudpur,Gopalganj,23.2667,89.9144
Faridpur,3,Wheat-Jute-T. Aman,Shibchar,700.0,2.99,2.12,"Bangladesh Rice Journal 21(2) 2017, 'Diversity of Cropping Patterns and Land Use Practices in Faridpur Region', doi:10.3329/brj.v21i2.38203",Shib Char,Madaripur,23.3754,90.1742
Faridpur,3,Wheat-Jute-T. Aman,Goalanda,600.0,6.59,1.82,"Bangladesh Rice Journal 21(2) 2017, 'Diversity of Cropping Patterns and Land Use Practices in Faridpur Region', doi:10.3329/brj.v21i2.38203",Goalandaghat,Rajbari,23.7564,89.7661
Faridpur,3,Wheat-Jute-T. Aman,Madaripur,500.0,2.34,1.51,"Bangladesh Rice Journal 21(2) 2017, 'Diversity of Cropping Patterns and Land Use Practices in Faridpur Region', doi:10.3329/brj.v21i2.38203",Madaripur Sadar,Madaripur,23.1938,90.175
Faridpur,3,Wheat-Jute-T. Aman,Saltha,400.0,3.17,1.21,"Bangladesh Rice Journal 21(2) 2017, 'Diversity of Cropping Patterns and Land Use Practices in Faridpur Region', doi:10.3329/brj.v21i2.38203",Saltha,Faridpur,23.42,89.7997
Faridpur,3,Wheat-Jute-T. Aman,Naria,350.0,2.73,1.06,"Bangladesh Rice Journal 21(2) 2017, 'Diversity of Cropping Patterns and Land Use Practices in Faridpur Region', doi:10.3329/brj.v21i2.38203",Naria,Shariatpur,23.3046,90.4273
Faridpur,3,Wheat-Jute-T. Aman,Gopalganj,300.0,1.03,0.91,"Bangladesh Rice Journal 21(2) 2017, 'Diversity of Cropping Patterns and Land Use Practices in Faridpur Region', doi:10.3329/brj.v21i2.38203",Gopalganj Sadar,Gopalganj,23.0604,89.8489
Faridpur,3,Wheat-Jute-T. Aman,Kasiani,300.0,1.45,0.91,"Bangladesh Rice Journal 21(2) 2017, 'Diversity of Cropping Patterns and Land Use Practices in Faridpur Region', doi:10.3329/brj.v21i2.38203",Kashiani,Gopalganj,23.1907,89.7963
Faridpur,3,Wheat-Jute-T. Aman,Bhedarganj,250.0,1.39,0.76,"Bangladesh Rice Journal 21(2) 2017, 'Diversity of Cropping Patterns and Land Use Practices in Faridpur Region', doi:10.3329/brj.v21i2.38203",Bhedarganj,Shariatpur,23.2114,90.51
Faridpur,3,Wheat-Jute-T. Aman,Tungipara,230.0,2.16,0.7,"Bangladesh Rice Journal 21(2) 2017, 'Diversity of Cropping Patterns and Land Use Practices in Faridpur Region', doi:10.3329/brj.v21i2.38203",Tungi Para,Gopalganj,22.9256,89.9045
Faridpur,3,Wheat-Jute-T. Aman,Damudya,220.0,3.24,0.67,"Bangladesh Rice Journal 21(2) 2017, 'Diversity of Cropping Patterns and Land Use Practices in Faridpur Region', doi:10.3329/brj.v21i2.38203",Damudya,Shariatpur,23.1368,90.4217
Faridpur,3,Wheat-Jute-T. Aman,Goshairhat,220.0,1.83,0.67,"Bangladesh Rice Journal 21(2) 2017, 'Diversity of Cropping Patterns and Land Use Practices in Faridpur Region', doi:10.3329/brj.v21i2.38203",Gosairhat,Shariatpur,23.0796,90.447
Faridpur,3,Wheat-Jute-T. Aman,Kalkini,200.0,1.0,0.61,"Bangladesh Rice Journal 21(2) 2017, 'Diversity of Cropping Patterns and Land Use Practices in Faridpur Region', doi:10.3329/brj.v21i2.38203",Kalkini,Madaripur,23.0709,90.2481
Faridpur,3,Wheat-Jute-T. Aman,Shariatpur,100.0,0.78,0.3,"Bangladesh Rice Journal 21(2) 2017, 'Diversity of Cropping Patterns and Land Use Practices in Faridpur Region', doi:10.3329/brj.v21i2.38203",Shariatpur Sadar,Shariatpur,23.2161,90.3159
Faridpur,3,Wheat-Jute-T. Aman,Janjira,75.0,0.53,0.23,"Bangladesh Rice Journal 21(2) 2017, 'Diversity of Cropping Patterns and Land Use Practices in Faridpur Region', doi:10.3329/brj.v21i2.38203",Zanjira,Shariatpur,23.3655,90.3183
Faridpur,4,Onion-Jute-Fallow,Nagarkanda,5800.0,43.28,22.34,"Bangladesh Rice Journal 21(2) 2017, 'Diversity of Cropping Patterns and Land Use Practices in Faridpur Region', doi:10.3329/brj.v21i2.38203",Nagarkanda,Faridpur,23.4373,89.8944
Faridpur,4,Onion-Jute-Fallow,Boalmari,5350.0,25.97,20.61,"Bangladesh Rice Journal 21(2) 2017, 'Diversity of Cropping Patterns and Land Use Practices in Faridpur Region', doi:10.3329/brj.v21i2.38203",Boalmari,Faridpur,23.4045,89.6971
Faridpur,4,Onion-Jute-Fallow,Saltha,2300.0,18.25,8.86,"Bangladesh Rice Journal 21(2) 2017, 'Diversity of Cropping Patterns and Land Use Practices in Faridpur Region', doi:10.3329/brj.v21i2.38203",Saltha,Faridpur,23.42,89.7997
Faridpur,4,Onion-Jute-Fallow,Kalukhali,1800.0,14.88,6.93,"Bangladesh Rice Journal 21(2) 2017, 'Diversity of Cropping Patterns and Land Use Practices in Faridpur Region', doi:10.3329/brj.v21i2.38203",Kalukhali,Rajbari,23.741,89.4743
Faridpur,4,Onion-Jute-Fallow,Faridpur,1500.0,6.41,5.78,"Bangladesh Rice Journal 21(2) 2017, 'Diversity of Cropping Patterns and Land Use Practices in Faridpur Region', doi:10.3329/brj.v21i2.38203",Faridpur,Pabna,24.1606,89.4488
Faridpur,4,Onion-Jute-Fallow,Baliakandi,1500.0,9.93,5.78,"Bangladesh Rice Journal 21(2) 2017, 'Diversity of Cropping Patterns and Land Use Practices in Faridpur Region', doi:10.3329/brj.v21i2.38203",Balia Kandi,Rajbari,23.6497,89.5507
Faridpur,4,Onion-Jute-Fallow,Sadarpur,1300.0,7.01,5.01,"Bangladesh Rice Journal 21(2) 2017, 'Diversity of Cropping Patterns and Land Use Practices in Faridpur Region', doi:10.3329/brj.v21i2.38203",Sadarpur,Faridpur,23.4959,90.0526
Faridpur,4,Onion-Jute-Fallow,Janjira,1080.0,7.61,4.16,"Bangladesh Rice Journal 21(2) 2017, 'Diversity of Cropping Patterns and Land Use Practices in Faridpur Region', doi:10.3329/brj.v21i2.38203",Zanjira,Shariatpur,23.3655,90.3183
Faridpur,4,Onion-Jute-Fallow,Goalanda,850.0,9.34,3.27,"Bangladesh Rice Journal 21(2) 2017, 'Diversity of Cropping Patterns and Land Use Practices in Faridpur Region', doi:10.3329/brj.v21i2.38203",Goalandaghat,Rajbari,23.7564,89.7661
Faridpur,4,Onion-Jute-Fallow,Bhanga,800.0,5.63,3.08,"Bangladesh Rice Journal 21(2) 2017, 'Diversity of Cropping Patterns and Land Use Practices in Faridpur Region', doi:10.3329/brj.v21i2.38203",Bhanga,Faridpur,23.3867,90.0098
Faridpur,4,Onion-Jute-Fallow,Shibchar,800.0,3.42,3.08,"Bangladesh Rice Journal 21(2) 2017, 'Diversity of Cropping Patterns and Land Use Practices in Faridpur Region', doi:10.3329/brj.v21i2.38203",Shib Char,Madaripur,23.3754,90.1742
Faridpur,4,Onion-Jute-Fallow,Rajbari,550.0,2.63,2.12,"Bangladesh Rice Journal 21(2) 2017, 'Diversity of Cropping Patterns and Land Use Practices in Faridpur Region', doi:10.3329/brj.v21i2.38203",Rajbari Sadar,Rajbari,23.7175,89.6542
Faridpur,4,Onion-Jute-Fallow,Kasiani,500.0,2.42,1.93,"Bangladesh Rice Journal 21(2) 2017, 'Diversity of Cropping Patterns and Land Use Practices in Faridpur Region', doi:10.3329/brj.v21i2.38203",Kashiani,Gopalganj,23.1907,89.7963
Faridpur,4,Onion-Jute-Fallow,Alfadanga,470.0,4.97,1.81,"Bangladesh Rice Journal 21(2) 2017, 'Diversity of Cropping Patterns and Land Use Practices in Faridpur Region', doi:10.3329/brj.v21i2.38203",Alfadanga,Faridpur,23.2968,89.6699
Faridpur,4,Onion-Jute-Fallow,Muksudpur,400.0,1.73,1.54,"Bangladesh Rice Journal 21(2) 2017, 'Diversity of Cropping Patterns and Land Use Practices in Faridpur Region', doi:10.3329/brj.v21i2.38203",Muksudpur,Gopalganj,23.2667,89.9144
Faridpur,4,Onion-Jute-Fallow,Charbhadrasan,250.0,3.09,0.96,"Bangladesh Rice Journal 21(2) 2017, 'Diversity of Cropping Patterns and Land Use Practices in Faridpur Region', doi:10.3329/brj.v21i2.38203",Char Bhadrasan,Faridpur,23.5926,89.978
Faridpur,4,Onion-Jute-Fallow,Tungipara,200.0,1.88,0.77,"Bangladesh Rice Journal 21(2) 2017, 'Diversity of Cropping Patterns and Land Use Practices in Faridpur Region', doi:10.3329/brj.v21i2.38203",Tungi Para,Gopalganj,22.9256,89.9045
Faridpur,4,Onion-Jute-Fallow,Kalkini,120.0,0.6,0.46,"Bangladesh Rice Journal 21(2) 2017, 'Diversity of Cropping Patterns and Land Use Practices in Faridpur Region', doi:10.3329/brj.v21i2.38203",Kalkini,Madaripur,23.0709,90.2481
Faridpur,4,Onion-Jute-Fallow,Madaripur,100.0,0.47,0.39,"Bangladesh Rice Journal 21(2) 2017, 'Diversity of Cropping Patterns and Land Use Practices in Faridpur Region', doi:10.3329/brj.v21i2.38203",Madaripur Sadar,Madaripur,23.1938,90.175
Faridpur,4,Onion-Jute-Fallow,Bhedarganj,100.0,0.56,0.39,"Bangladesh Rice Journal 21(2) 2017, 'Diversity of Cropping Patterns and Land Use Practices in Faridpur Region', doi:10.3329/brj.v21i2.38203",Bhedarganj,Shariatpur,23.2114,90.51
Faridpur,4,Onion-Jute-Fallow,Shariatpur,70.0,0.54,0.27,"Bangladesh Rice Journal 21(2) 2017, 'Diversity of Cropping Patterns and Land Use Practices in Faridpur Region', doi:10.3329/brj.v21i2.38203",Shariatpur Sadar,Shariatpur,23.2161,90.3159
Faridpur,4,Onion-Jute-Fallow,Madhukhali,60.0,0.43,0.23,"Bangladesh Rice Journal 21(2) 2017, 'Diversity of Cropping Patterns and Land Use Practices in Faridpur Region', doi:10.3329/brj.v21i2.38203",Madhukhali,Faridpur,23.5409,89.612
Faridpur,4,Onion-Jute-Fallow,Rajoir,60.0,0.34,0.23,"Bangladesh Rice Journal 21(2) 2017, 'Diversity of Cropping Patterns and Land Use Practices in Faridpur Region', doi:10.3329/brj.v21i2.38203",Rajoir,Madaripur,23.2013,90.037
Faridpur,4,Onion-Jute-Fallow,Faridpur region,25960.0,5.29,100.0,"Bangladesh Rice Journal 21(2) 2017, 'Diversity of Cropping Patterns and Land Use Practices in Faridpur Region', doi:10.3329/brj.v21i2.38203",,,,
Faridpur,5,Onion-Jute-T. Aman,Saltha,7000.0,55.56,28.56,"Bangladesh Rice Journal 21(2) 2017, 'Diversity of Cropping Patterns and Land Use Practices in Faridpur Region', doi:10.3329/brj.v21i2.38203",Saltha,Faridpur,23.42,89.7997
Faridpur,5,Onion-Jute-T. Aman,Pangsa,3400.0,20.73,13.87,"Bangladesh Rice Journal 21(2) 2017, 'Diversity of Cropping Patterns and Land Use Practices in Faridpur Region', doi:10.3329/brj.v21i2.38203",Pangsha,Rajbari,23.7878,89.3869
Faridpur,5,Onion-Jute-T. Aman,Baliakandi,2800.0,18.54,11.42,"Bangladesh Rice Journal 21(2) 2017, 'Diversity of Cropping Patterns and Land Use Practices in Faridpur Region', doi:10.3329/brj.v21i2.38203",Balia Kandi,Rajbari,23.6497,89.5507
Faridpur,5,Onion-Jute-T. Aman,Kalukhali,2800.0,23.14,11.42,"Bangladesh Rice Journal 21(2) 2017, 'Diversity of Cropping Patterns and Land Use Practices in Faridpur Region', doi:10.3329/brj.v21i2.38203",Kalukhali,Rajbari,23.741,89.4743
Faridpur,5,Onion-Jute-T. Aman,Madhukhali,2000.0,14.18,8.16,"Bangladesh Rice Journal 21(2) 2017, 'Diversity of Cropping Patterns and Land Use Practices in Faridpur Region', doi:10.3329/brj.v21i2.38203",Madhukhali,Faridpur,23.5409,89.612
Faridpur,5,Onion-Jute-T. Aman,Shibchar,1800.0,7.69,7.34,"Bangladesh Rice Journal 21(2) 2017, 'Diversity of Cropping Patterns and Land Use Practices in Faridpur Region', doi:10.3329/brj.v21i2.38203",Shib Char,Madaripur,23.3754,90.1742
Faridpur,5,Onion-Jute-T. Aman,Faridpur,1000.0,4.27,4.08,"Bangladesh Rice Journal 21(2) 2017, 'Diversity of Cropping Patterns and Land Use Practices in Faridpur Region', doi:10.3329/brj.v21i2.38203",Faridpur,Pabna,24.1606,89.4488
Faridpur,5,Onion-Jute-T. Aman,Bhanga,900.0,6.34,3.67,"Bangladesh Rice Journal 21(2) 2017, 'Diversity of Cropping Patterns and Land Use Practices in Faridpur Region', doi:10.3329/brj.v21i2.38203",Bhanga,Faridpur,23.3867,90.0098
Faridpur,5,Onion-Jute-T. Aman,Sadarpur,900.0,4.85,3.67,"Bangladesh Rice Journal 21(2) 2017, 'Diversity of Cropping Patterns and Land Use Practices in Faridpur Region', doi:10.3329/brj.v21i2.38203",Sadarpur,Faridpur,23.4959,90.0526
Faridpur,5,Onion-Jute-T. Aman,Rajbari,600.0,2.87,2.45,"Bangladesh Rice Journal 21(2) 2017, 'Diversity of Cropping Patterns and Land Use Practices in Faridpur Region', doi:10.3329/brj.v21i2.38203",Rajbari Sadar,Rajbari,23.7175,89.6542
Faridpur,5,Onion-Jute-T. Aman,Nagarkanda,500.0,3.73,2.04,"Bangladesh Rice Journal 21(2) 2017, 'Diversity of Cropping Patterns and Land Use Practices in Faridpur Region', doi:10.3329/brj.v21i2.38203",Nagarkanda,Faridpur,23.4373,89.8944
Faridpur,5,Onion-Jute-T. Aman,Muksudpur,400.0,1.73,1.63,"Bangladesh Rice Journal 21(2) 2017, 'Diversity of Cropping Patterns and Land Use Practices in Faridpur Region', doi:10.3329/brj.v21i2.38203",Muksudpur,Gopalganj,23.2667,89.9144
Faridpur,5,Onion-Jute-T. Aman,Naria,360.0,2.81,1.47,"Bangladesh Rice Journal 21(2) 2017, 'Diversity of Cropping Patterns and Land Use Practices in Faridpur Region', doi:10.3329/brj.v21i2.38203",Naria,Shariatpur,23.3046,90.4273
Faridpur,5,Onion-Jute-T. Aman,Damudya,50.0,0.74,0.2,"Bangladesh Rice Journal 21(2) 2017, 'Diversity of Cropping Patterns and Land Use Practices in Faridpur Region', doi:10.3329/brj.v21i2.38203",Damudya,Shariatpur,23.1368,90.4217
Chittagong Hill Tracts,1,Boro-Fallow-T. Aman,Naikhongchhari,2000.0,31.25,10.31,"Bangladesh Rice Journal 21(2) 2017, 'Crops and Cropping Sequences in Chittagong Hill Tracts', doi:10.3329/brj.v21i2.38204",Naikhongchhari,Cox's Bazar,21.469,92.2287
Chittagong Hill Tracts,1,Boro-Fallow-T. Aman,Nannerchar,1630.0,35.05,8.4,"Bangladesh Rice Journal 21(2) 2017, 'Crops and Cropping Sequences in Chittagong Hill Tracts', doi:10.3329/brj.v21i2.38204",Naniarchar,Rangamati,22.8217,92.0694
Chittagong Hill Tracts,1,Boro-Fallow-T. Aman,Dighinala,1500.0,25.64,7.73,"Bangladesh Rice Journal 21(2) 2017, 'Crops and Cropping Sequences in Chittagong Hill Tracts', doi:10.3329/brj.v21i2.38204",Dighinala,Khagrachhari,23.3994,92.0498
Chittagong Hill Tracts,1,Boro-Fallow-T. Aman,Khagrachhari,1500.0,36.14,7.73,"Bangladesh Rice Journal 21(2) 2017, 'Crops and Cropping Sequences in Chittagong Hill Tracts', doi:10.3329/brj.v21i2.38204",Khagrachhari Sadar,Khagrachhari,23.1286,91.9861
Chittagong Hill Tracts,1,Boro-Fallow-T. Aman,Panchchhari,1500.0,58.82,7.73,"Bangladesh Rice Journal 21(2) 2017, 'Crops and Cropping Sequences in Chittagong Hill Tracts', doi:10.3329/brj.v21i2.38204",Panchhari,Khagrachhari,23.3197,91.9101
Chittagong Hill Tracts,1,Boro-Fallow-T. Aman,Matiranga,1300.0,25.24,6.7,"Bangladesh Rice Journal 21(2) 2017, 'Crops and Cropping Sequences in Chittagong Hill Tracts', doi:10.3329/brj.v21i2.38204",Matiranga,Khagrachhari,23.1044,91.8548
Chittagong Hill Tracts,1,Boro-Fallow-T. Aman,Baghaichhari,1300.0,16.05,6.7,"Bangladesh Rice Journal 21(2) 2017, 'Crops and Cropping Sequences in Chittagong Hill Tracts', doi:10.3329/brj.v21i2.38204",Baghai Chhari,Rangamati,23.3731,92.2294
Chittagong Hill Tracts,1,Boro-Fallow-T. Aman,Mohalchhari,1270.0,21.71,6.55,"Bangladesh Rice Journal 21(2) 2017, 'Crops and Cropping Sequences in Chittagong Hill Tracts', doi:10.3329/brj.v21i2.38204",Mahalchhari,Khagrachhari,22.9515,92.0232
Chittagong Hill Tracts,1,Boro-Fallow-T. Aman,Lama,1200.0,15.48,6.19,"Bangladesh Rice Journal 21(2) 2017, 'Crops and Cropping Sequences in Chittagong Hill Tracts', doi:10.3329/brj.v21i2.38204",Lama,Bandarban,21.8181,92.2076
Chittagong Hill Tracts,1,Boro-Fallow-T. Aman,Bandarban sadar,1000.0,26.67,5.15,"Bangladesh Rice Journal 21(2) 2017, 'Crops and Cropping Sequences in Chittagong Hill Tracts', doi:10.3329/brj.v21i2.38204",Bandarban Sadar,Bandarban,22.1711,92.2182
Chittagong Hill Tracts,1,Boro-Fallow-T. Aman,Manikchhari,900.0,24.32,4.64,"Bangladesh Rice Journal 21(2) 2017, 'Crops and Cropping Sequences in Chittagong Hill Tracts', doi:10.3329/brj.v21i2.38204",Manikchhari,Khagrachhari,22.8412,91.8191
Chittagong Hill Tracts,1,Boro-Fallow-T. Aman,Ramgarh,900.0,21.18,4.64,"Bangladesh Rice Journal 21(2) 2017, 'Crops and Cropping Sequences in Chittagong Hill Tracts', doi:10.3329/brj.v21i2.38204",Ramgarh,Khagrachhari,22.935,91.831
Chittagong Hill Tracts,1,Boro-Fallow-T. Aman,Alikadam,750.0,25.42,3.87,"Bangladesh Rice Journal 21(2) 2017, 'Crops and Cropping Sequences in Chittagong Hill Tracts', doi:10.3329/brj.v21i2.38204",Alikadam,Bandarban,21.6001,92.3846
Chittagong Hill Tracts,1,Boro-Fallow-T. Aman,Lakshmichhari,700.0,26.92,3.61,"Bangladesh Rice Journal 21(2) 2017, 'Crops and Cropping Sequences in Chittagong Hill Tracts', doi:10.3329/brj.v21i2.38204",Lakshmichhari,Khagrachhari,22.7849,91.929
Chittagong Hill Tracts,1,Boro-Fallow-T. Aman,Kawkhali,600.0,23.53,3.09,"Bangladesh Rice Journal 21(2) 2017, 'Crops and Cropping Sequences in Chittagong Hill Tracts', doi:10.3329/brj.v21i2.38204",Kawkhali,Pirojpur,22.6067,90.0585
Chittagong Hill Tracts,1,Boro-Fallow-T. Aman,Kaptai,300.0,18.75,1.55,"Bangladesh Rice Journal 21(2) 2017, 'Crops and Cropping Sequences in Chittagong Hill Tracts', doi:10.3329/brj.v21i2.38204",Kaptai,Rangamati,22.4599,92.1934
Chittagong Hill Tracts,1,Boro-Fallow-T. Aman,Rajasthali,300.0,17.65,1.55,"Bangladesh Rice Journal 21(2) 2017, 'Crops and Cropping Sequences in Chittagong Hill Tracts', doi:10.3329/brj.v21i2.38204",Rajasthali,Rangamati,22.3785,92.2416
Chittagong Hill Tracts,1,Boro-Fallow-T. Aman,Rangamati sadar,230.0,13.53,1.19,"Bangladesh Rice Journal 21(2) 2017, 'Crops and Cropping Sequences in Chittagong Hill Tracts', doi:10.3329/brj.v21i2.38204",Rangamati Sadar,Rangamati,22.6365,92.199
Chittagong Hill Tracts,1,Boro-Fallow-T. Aman,Langadu,200.0,6.35,1.03,"Bangladesh Rice Journal 21(2) 2017, 'Crops and Cropping Sequences in Chittagong Hill Tracts', doi:10.3329/brj.v21i2.38204",Langadu,Rangamati,22.9505,92.2089
Chittagong Hill Tracts,1,Boro-Fallow-T. Aman,Rowangchhari,190.0,15.83,0.98,"Bangladesh Rice Journal 21(2) 2017, 'Crops and Cropping Sequences in Chittagong Hill Tracts', doi:10.3329/brj.v21i2.38204",Rowangchhari,Bandarban,22.2091,92.3397
Chittagong Hill Tracts,1,Boro-Fallow-T. Aman,Juraichhari,60.0,5.0,0.31,"Bangladesh Rice Journal 21(2) 2017, 'Crops and Cropping Sequences in Chittagong Hill Tracts', doi:10.3329/brj.v21i2.38204",Jurai Chhari,Rangamati,22.6309,92.4225
Chittagong Hill Tracts,1,Boro-Fallow-T. Aman,Thanchi,30.0,1.15,0.15,"Bangladesh Rice Journal 21(2) 2017, 'Crops and Cropping Sequences in Chittagong Hill Tracts', doi:10.3329/brj.v21i2.38204",Thanchi,Bandarban,21.6372,92.531
Chittagong Hill Tracts,1,Boro-Fallow-T. Aman,Belaichhari,30.0,1.15,0.15,"Bangladesh Rice Journal 21(2) 2017, 'Crops and Cropping Sequences in Chittagong Hill Tracts', doi:10.3329/brj.v21i2.38204",Belai Chhari,Rangamati,22.3028,92.4852
Chittagong Hill Tracts,1,Boro-Fallow-T. Aman,Barkal,10.0,0.49,0.05,"Bangladesh Rice Journal 21(2) 2017, 'Crops and Cropping Sequences in Chittagong Hill Tracts', doi:10.3329/brj.v21i2.38204",Barkal,Rangamati,22.8454,92.3447
Chittagong Hill Tracts,1,Fallow-Fallow-T. Aman,Naikhongchhari,2000.0,31.25,11.36,"Bangladesh Rice Journal 21(2) 2017, 'Crops and Cropping Sequences in Chittagong Hill Tracts', doi:10.3329/brj.v21i2.38204",Naikhongchhari,Cox's Bazar,21.469,92.2287
Chittagong Hill Tracts,1,Fallow-Fallow-T. Aman,Dighinala,2000.0,34.19,11.36,"Bangladesh Rice Journal 21(2) 2017, 'Crops and Cropping Sequences in Chittagong Hill Tracts', doi:10.3329/brj.v21i2.38204",Dighinala,Khagrachhari,23.3994,92.0498
Chittagong Hill Tracts,1,Fallow-Fallow-T. Aman,Matiranga,1700.0,33.01,9.65,"Bangladesh Rice Journal 21(2) 2017, 'Crops and Cropping Sequences in Chittagong Hill Tracts', doi:10.3329/brj.v21i2.38204",Matiranga,Khagrachhari,23.1044,91.8548
Chittagong Hill Tracts,1,Fallow-Fallow-T. Aman,Mohalchhari,1500.0,25.64,8.52,"Bangladesh Rice Journal 21(2) 2017, 'Crops and Cropping Sequences in Chittagong Hill Tracts', doi:10.3329/brj.v21i2.38204",Mahalchhari,Khagrachhari,22.9515,92.0232
Chittagong Hill Tracts,1,Fallow-Fallow-T. Aman,Lama,1300.0,16.77,7.38,"Bangladesh Rice Journal 21(2) 2017, 'Crops and Cropping Sequences in Chittagong Hill Tracts', doi:10.3329/brj.v21i2.38204",Lama,Bandarban,21.8181,92.2076
Chittagong Hill Tracts,1,Fallow-Fallow-T. Aman,Ramgarh,1300.0,30.59,7.38,"Bangladesh Rice Journal 21(2) 2017, 'Crops and Cropping Sequences in Chittagong Hill Tracts', doi:10.3329/brj.v21i2.38204",Ramgarh,Khagrachhari,22.935,91.831
Chittagong Hill Tracts,1,Fallow-Fallow-T. Aman,Manikchhari,1150.0,31.08,6.53,"Bangladesh Rice Journal 21(2) 2017, 'Crops and Cropping Sequences in Chittagong Hill Tracts', doi:10.3329/brj.v21i2.38204",Manikchhari,Khagrachhari,22.8412,91.8191
Chittagong Hill Tracts,1,Fallow-Fallow-T. Aman,Baghaichhari,1000.0,12.35,5.68,"Bangladesh Rice Journal 21(2) 2017, 'Crops and Cropping Sequences in Chittagong Hill Tracts', doi:10.3329/brj.v21i2.38204",Baghai Chhari,Rangamati,23.3731,92.2294
Chittagong Hill Tracts,1,Fallow-Fallow-T. Aman,Bandarban sadar,950.0,25.33,5.39,"Bangladesh Rice Journal 21(2) 2017, 'Crops and Cropping Sequences in Chittagong Hill Tracts', doi:10.3329/brj.v21i2.38204",Bandarban Sadar,Bandarban,22.1711,92.2182
Chittagong Hill Tracts,1,Fallow-Fallow-T. Aman,Lakshmichari,800.0,30.77,4.54,"Bangladesh Rice Journal 21(2) 2017, 'Crops and Cropping Sequences in Chittagong Hill Tracts', doi:10.3329/brj.v21i2.38204",Lakshmichhari,Khagrachhari,22.7849,91.929
Chittagong Hill Tracts,1,Fallow-Fallow-T. Aman,Alikadam,700.0,23.73,3.98,"Bangladesh Rice Journal 21(2) 2017, 'Crops and Cropping Sequences in Chittagong Hill Tracts', doi:10.3329/brj.v21i2.38204",Alikadam,Bandarban,21.6001,92.3846
Chittagong Hill Tracts,1,Fallow-Fallow-T. Aman,Khagrachhari sadar,600.0,14.46,3.41,"Bangladesh Rice Journal 21(2) 2017, 'Crops and Cropping Sequences in Chittagong Hill Tracts', doi:10.3329/brj.v21i2.38204",Khagrachhari Sadar,Khagrachhari,23.1286,91.9861
Chittagong Hill Tracts,1,Fallow-Fallow-T. Aman,Kawkhali,600.0,23.53,3.41,"Bangladesh Rice Journal 21(2) 2017, 'Crops and Cropping Sequences in Chittagong Hill Tracts', doi:10.3329/brj.v21i2.38204",Kawkhali,Pirojpur,22.6067,90.0585
Chittagong Hill Tracts,1,Fallow-Fallow-T. Aman,Nannerchar,550.0,11.83,3.12,"Bangladesh Rice Journal 21(2) 2017, 'Crops and Cropping Sequences in Chittagong Hill Tracts', doi:10.3329/brj.v21i2.38204",Naniarchar,Rangamati,22.8217,92.0694
Chittagong Hill Tracts,1,Fallow-Fallow-T. Aman,Langadu,450.0,14.29,2.56,"Bangladesh Rice Journal 21(2) 2017, 'Crops and Cropping Sequences in Chittagong Hill Tracts', doi:10.3329/brj.v21i2.38204",Langadu,Rangamati,22.9505,92.2089
Chittagong Hill Tracts,1,Fallow-Fallow-T. Aman,Kaptai,320.0,20.0,1.82,"Bangladesh Rice Journal 21(2) 2017, 'Crops and Cropping Sequences in Chittagong Hill Tracts', doi:10.3329/brj.v21i2.38204",Kaptai,Rangamati,22.4599,92.1934
Chittagong Hill Tracts,1,Fallow-Fallow-T. Aman,Barkal,250.0,12.2,1.42,"Bangladesh Rice Journal 21(2) 2017, 'Crops and Cropping Sequences in Chittagong Hill Tracts', doi:10.3329/brj.v21i2.38204",Barkal,Rangamati,22.8454,92.3447
Chittagong Hill Tracts,1,Fallow-Fallow-T. Aman,Rajasthali,140.0,8.24,0.8,"Bangladesh Rice Journal 21(2) 2017, 'Crops and Cropping Sequences in Chittagong Hill Tracts', doi:10.3329/brj.v21i2.38204",Rajasthali,Rangamati,22.3785,92.2416
Chittagong Hill Tracts,1,Fallow-Fallow-T. Aman,Belaichhari,120.0,4.62,0.68,"Bangladesh Rice Journal 21(2) 2017, 'Crops and Cropping Sequences in Chittagong Hill Tracts', doi:10.3329/brj.v21i2.38204",Belai Chhari,Rangamati,22.3028,92.4852
Chittagong Hill Tracts,1,Fallow-Fallow-T. Aman,Juraichhari,100.0,8.33,0.57,"Bangladesh Rice Journal 21(2) 2017, 'Crops and Cropping Sequences in Chittagong Hill Tracts', doi:10.3329/brj.v21i2.38204",Jurai Chhari,Rangamati,22.6309,92.4225
Chittagong Hill Tracts,1,Fallow-Fallow-T. Aman,Rowangchhari,80.0,6.67,0.45,"Bangladesh Rice Journal 21(2) 2017, 'Crops and Cropping Sequences in Chittagong Hill Tracts', doi:10.3329/brj.v21i2.38204",Rowangchhari,Bandarban,22.2091,92.3397
Chittagong Hill Tracts,1,Fallow-Aus+non-rice (zhum),Ruma,1900.0,79.17,15.97,"Bangladesh Rice Journal 21(2) 2017, 'Crops and Cropping Sequences in Chittagong Hill Tracts', doi:10.3329/brj.v21i2.38204",Ruma,Bandarban,22.0126,92.4294
Chittagong Hill Tracts,1,Fallow-Aus+non-rice (zhum),Belaichhari,1850.0,71.15,15.55,"Bangladesh Rice Journal 21(2) 2017, 'Crops and Cropping Sequences in Chittagong Hill Tracts', doi:10.3329/brj.v21i2.38204",Belai Chhari,Rangamati,22.3028,92.4852
Chittagong Hill Tracts,1,Fallow-Aus+non-rice (zhum),Thanchi,1300.0,50.0,10.92,"Bangladesh Rice Journal 21(2) 2017, 'Crops and Cropping Sequences in Chittagong Hill Tracts', doi:10.3329/brj.v21i2.38204",Thanchi,Bandarban,21.6372,92.531
Chittagong Hill Tracts,1,Fallow-Aus+non-rice (zhum),Nannerchar,950.0,20.43,7.98,"Bangladesh Rice Journal 21(2) 2017, 'Crops and Cropping Sequences in Chittagong Hill Tracts', doi:10.3329/brj.v21i2.38204",Naniarchar,Rangamati,22.8217,92.0694
Chittagong Hill Tracts,1,Fallow-Aus+non-rice (zhum),Bndarban sadar,600.0,29.27,5.04,"Bangladesh Rice Journal 21(2) 2017, 'Crops and Cropping Sequences in Chittagong Hill Tracts', doi:10.3329/brj.v21i2.38204",Bandarban Sadar,Bandarban,22.1711,92.2182
Chittagong Hill Tracts,1,Fallow-Aus+non-rice (zhum),Barkal,600.0,16.0,5.04,"Bangladesh Rice Journal 21(2) 2017, 'Crops and Cropping Sequences in Chittagong Hill Tracts', doi:10.3329/brj.v21i2.38204",Barkal,Rangamati,22.8454,92.3447
Chittagong Hill Tracts,1,Fallow-Aus+non-rice (zhum),Mohalchhari,580.0,9.91,4.87,"Bangladesh Rice Journal 21(2) 2017, 'Crops and Cropping Sequences in Chittagong Hill Tracts', doi:10.3329/brj.v21i2.38204",Mahalchhari,Khagrachhari,22.9515,92.0232
Chittagong Hill Tracts,1,Fallow-Aus+non-rice (zhum),Langadu,550.0,17.46,4.62,"Bangladesh Rice Journal 21(2) 2017, 'Crops and Cropping Sequences in Chittagong Hill Tracts', doi:10.3329/brj.v21i2.38204",Langadu,Rangamati,22.9505,92.2089
Chittagong Hill Tracts,1,Fallow-Aus+non-rice (zhum),Juraichhari,500.0,41.67,4.2,"Bangladesh Rice Journal 21(2) 2017, 'Crops and Cropping Sequences in Chittagong Hill Tracts', doi:10.3329/brj.v21i2.38204",Jurai Chhari,Rangamati,22.6309,92.4225
Chittagong Hill Tracts,1,Fallow-Aus+non-rice (zhum),Rajasthali,500.0,29.41,4.2,"Bangladesh Rice Journal 21(2) 2017, 'Crops and Cropping Sequences in Chittagong Hill Tracts', doi:10.3329/brj.v21i2.38204",Rajasthali,Rangamati,22.3785,92.2416
Chittagong Hill Tracts,1,Fallow-Aus+non-rice (zhum),Rangamati sadar,470.0,27.65,3.95,"Bangladesh Rice Journal 21(2) 2017, 'Crops and Cropping Sequences in Chittagong Hill Tracts', doi:10.3329/brj.v21i2.38204",Rangamati Sadar,Rangamati,22.6365,92.199
Chittagong Hill Tracts,1,Fallow-Aus+non-rice (zhum),Kaptai,380.0,23.75,3.19,"Bangladesh Rice Journal 21(2) 2017, 'Crops and Cropping Sequences in Chittagong Hill Tracts', doi:10.3329/brj.v21i2.38204",Kaptai,Rangamati,22.4599,92.1934
Chittagong Hill Tracts,1,Fallow-Aus+non-rice (zhum),Khagrachhari,350.0,8.43,2.94,"Bangladesh Rice Journal 21(2) 2017, 'Crops and Cropping Sequences in Chittagong Hill Tracts', doi:10.3329/brj.v21i2.38204",Khagrachhari Sadar,Khagrachhari,23.1286,91.9861
Chittagong Hill Tracts,1,Fallow-Aus+non-rice (zhum),Dighinala,300.0,11.76,2.52,"Bangladesh Rice Journal 21(2) 2017, 'Crops and Cropping Sequences in Chittagong Hill Tracts', doi:10.3329/brj.v21i2.38204",Dighinala,Khagrachhari,23.3994,92.0498
Chittagong Hill Tracts,1,Fallow-Aus+non-rice (zhum),Panchhari,300.0,5.13,2.52,"Bangladesh Rice Journal 21(2) 2017, 'Crops and Cropping Sequences in Chittagong Hill Tracts', doi:10.3329/brj.v21i2.38204",Panchhari,Khagrachhari,23.3197,91.9101
Chittagong Hill Tracts,1,Fallow-Aus+non-rice (zhum),Matiranga,250.0,4.85,2.1,"Bangladesh Rice Journal 21(2) 2017, 'Crops and Cropping Sequences in Chittagong Hill Tracts', doi:10.3329/brj.v21i2.38204",Matiranga,Khagrachhari,23.1044,91.8548
Chittagong Hill Tracts,1,Fallow-Aus+non-rice (zhum),Ramgarh,150.0,3.53,1.26,"Bangladesh Rice Journal 21(2) 2017, 'Crops and Cropping Sequences in Chittagong Hill Tracts', doi:10.3329/brj.v21i2.38204",Ramgarh,Khagrachhari,22.935,91.831
Chittagong Hill Tracts,1,Fallow-Aus+non-rice (zhum),Kawkhali,140.0,5.49,1.18,"Bangladesh Rice Journal 21(2) 2017, 'Crops and Cropping Sequences in Chittagong Hill Tracts', doi:10.3329/brj.v21i2.38204",Kawkhali,Pirojpur,22.6067,90.0585
Chittagong Hill Tracts,1,Fallow-Aus+non-rice (zhum),Lakshmichhari,130.0,5.0,1.09,"Bangladesh Rice Journal 21(2) 2017, 'Crops and Cropping Sequences in Chittagong Hill Tracts', doi:10.3329/brj.v21i2.38204",Lakshmichhari,Khagrachhari,22.7849,91.929
Chittagong Hill Tracts,1,Fallow-Aus+non-rice (zhum),Lama,100.0,1.29,0.84,"Bangladesh Rice Journal 21(2) 2017, 'Crops and Cropping Sequences in Chittagong Hill Tracts', doi:10.3329/brj.v21i2.38204",Lama,Bandarban,21.8181,92.2076
Chittagong Hill Tracts,1,Vegetables-Fallow-Fallow,Baghaichhari,2000.0,24.69,31.7,"Bangladesh Rice Journal 21(2) 2017, 'Crops and Cropping Sequences in Chittagong Hill Tracts', doi:10.3329/brj.v21i2.38204",Baghai Chhari,Rangamati,23.3731,92.2294
Chittagong Hill Tracts,1,Vegetables-Fallow-Fallow,Mohalchhari,700.0,11.97,11.09,"Bangladesh Rice Journal 21(2) 2017, 'Crops and Cropping Sequences in Chittagong Hill Tracts', doi:10.3329/brj.v21i2.38204",Mahalchhari,Khagrachhari,22.9515,92.0232
Chittagong Hill Tracts,1,Vegetables-Fallow-Fallow,Kawkhali,600.0,23.53,9.51,"Bangladesh Rice Journal 21(2) 2017, 'Crops and Cropping Sequences in Chittagong Hill Tracts', doi:10.3329/brj.v21i2.38204",Kawkhali,Pirojpur,22.6067,90.0585
Chittagong Hill Tracts,1,Vegetables-Fallow-Fallow,Matiranga,580.0,11.26,9.19,"Bangladesh Rice Journal 21(2) 2017, 'Crops and Cropping Sequences in Chittagong Hill Tracts', doi:10.3329/brj.v21i2.38204",Matiranga,Khagrachhari,23.1044,91.8548
Chittagong Hill Tracts,1,Vegetables-Fallow-Fallow,Thanchi,540.0,20.77,8.56,"Bangladesh Rice Journal 21(2) 2017, 'Crops and Cropping Sequences in Chittagong Hill Tracts', doi:10.3329/brj.v21i2.38204",Thanchi,Bandarban,21.6372,92.531
Chittagong Hill Tracts,1,Vegetables-Fallow-Fallow,Ramgarh,300.0,7.06,4.75,"Bangladesh Rice Journal 21(2) 2017, 'Crops and Cropping Sequences in Chittagong Hill Tracts', doi:10.3329/brj.v21i2.38204",Ramgarh,Khagrachhari,22.935,91.831
Chittagong Hill Tracts,1,Vegetables-Fallow-Fallow,Barkal,300.0,14.63,4.75,"Bangladesh Rice Journal 21(2) 2017, 'Crops and Cropping Sequences in Chittagong Hill Tracts', doi:10.3329/brj.v21i2.38204",Barkal,Rangamati,22.8454,92.3447
Chittagong Hill Tracts,1,Vegetables-Fallow-Fallow,Rangamati sadar,250.0,14.71,3.96,"Bangladesh Rice Journal 21(2) 2017, 'Crops and Cropping Sequences in Chittagong Hill Tracts', doi:10.3329/brj.v21i2.38204",Rangamati Sadar,Rangamati,22.6365,92.199
Chittagong Hill Tracts,1,Vegetables-Fallow-Fallow,Ruma,240.0,10.0,3.8,"Bangladesh Rice Journal 21(2) 2017, 'Crops and Cropping Sequences in Chittagong Hill Tracts', doi:10.3329/brj.v21i2.38204",Ruma,Bandarban,22.0126,92.4294
Chittagong Hill Tracts,1,Vegetables-Fallow-Fallow,Lama,200.0,2.58,3.17,"Bangladesh Rice Journal 21(2) 2017, 'Crops and Cropping Sequences in Chittagong Hill Tracts', doi:10.3329/brj.v21i2.38204",Lama,Bandarban,21.8181,92.2076
Chittagong Hill Tracts,1,Vegetables-Fallow-Fallow,Belaichhari,200.0,7.69,3.17,"Bangladesh Rice Journal 21(2) 2017, 'Crops and Cropping Sequences in Chittagong Hill Tracts', doi:10.3329/brj.v21i2.38204",Belai Chhari,Rangamati,22.3028,92.4852
Chittagong Hill Tracts,1,Vegetables-Fallow-Fallow,Dighinala,100.0,1.71,1.58,"Bangladesh Rice Journal 21(2) 2017, 'Crops and Cropping Sequences in Chittagong Hill Tracts', doi:10.3329/brj.v21i2.38204",Dighinala,Khagrachhari,23.3994,92.0498
Chittagong Hill Tracts,1,Vegetables-Fallow-Fallow,Lakshmichhari,100.0,3.85,1.58,"Bangladesh Rice Journal 21(2) 2017, 'Crops and Cropping Sequences in Chittagong Hill Tracts', doi:10.3329/brj.v21i2.38204",Lakshmichhari,Khagrachhari,22.7849,91.929
Chittagong Hill Tracts,1,Vegetables-Fallow-Fallow,Kaptai,100.0,6.25,1.58,"Bangladesh Rice Journal 21(2) 2017, 'Crops and Cropping Sequences in Chittagong Hill Tracts', doi:10.3329/brj.v21i2.38204",Kaptai,Rangamati,22.4599,92.1934
Chittagong Hill Tracts,1,Vegetables-Fallow-Fallow,Khagra. sadar,60.0,1.45,0.95,"Bangladesh Rice Journal 21(2) 2017, 'Crops and Cropping Sequences in Chittagong Hill Tracts', doi:10.3329/brj.v21i2.38204",Magura Sadar,Magura,23.4519,89.4131
Chittagong Hill Tracts,1,Vegetables-Fallow-Fallow,Rowangchhari,30.0,2.5,0.48,"Bangladesh Rice Journal 21(2) 2017, 'Crops and Cropping Sequences in Chittagong Hill Tracts', doi:10.3329/brj.v21i2.38204",Rowangchhari,Bandarban,22.2091,92.3397
Chittagong Hill Tracts,1,Vegetables-Fallow-Fallow,Bandarban sadar,10.0,0.27,0.16,"Bangladesh Rice Journal 21(2) 2017, 'Crops and Cropping Sequences in Chittagong Hill Tracts', doi:10.3329/brj.v21i2.38204",Bandarban Sadar,Bandarban,22.1711,92.2182
Chittagong Hill Tracts,1,Vegetables-Fallow-T. Aman,Naikhongchhari,680.0,10.63,12.48,"Bangladesh Rice Journal 21(2) 2017, 'Crops and Cropping Sequences in Chittagong Hill Tracts', doi:10.3329/brj.v21i2.38204",Naikhongchhari,Cox's Bazar,21.469,92.2287
Chittagong Hill Tracts,1,Vegetables-Fallow-T. Aman,Khagrachhari sadar,500.0,12.05,9.17,"Bangladesh Rice Journal 21(2) 2017, 'Crops and Cropping Sequences in Chittagong Hill Tracts', doi:10.3329/brj.v21i2.38204",Khagrachhari Sadar,Khagrachhari,23.1286,91.9861
Chittagong Hill Tracts,1,Vegetables-Fallow-T. Aman,Lakshmichari,450.0,17.31,8.26,"Bangladesh Rice Journal 21(2) 2017, 'Crops and Cropping Sequences in Chittagong Hill Tracts', doi:10.3329/brj.v21i2.38204",Lakshmichhari,Khagrachhari,22.7849,91.929
Chittagong Hill Tracts,1,Vegetables-Fallow-T. Aman,Baghaichhari,400.0,4.94,7.34,"Bangladesh Rice Journal 21(2) 2017, 'Crops and Cropping Sequences in Chittagong Hill Tracts', doi:10.3329/brj.v21i2.38204",Baghai Chhari,Rangamati,23.3731,92.2294
Chittagong Hill Tracts,1,Vegetables-Fallow-T. Aman,Kawkhali,350.0,13.73,6.42,"Bangladesh Rice Journal 21(2) 2017, 'Crops and Cropping Sequences in Chittagong Hill Tracts', doi:10.3329/brj.v21i2.38204",Kawkhali,Pirojpur,22.6067,90.0585
Chittagong Hill Tracts,1,Vegetables-Fallow-T. Aman,Langadu,350.0,11.11,6.42,"Bangladesh Rice Journal 21(2) 2017, 'Crops and Cropping Sequences in Chittagong Hill Tracts', doi:10.3329/brj.v21i2.38204",Langadu,Rangamati,22.9505,92.2089
Chittagong Hill Tracts,1,Vegetables-Fallow-T. Aman,Rajasthali,330.0,19.41,6.06,"Bangladesh Rice Journal 21(2) 2017, 'Crops and Cropping Sequences in Chittagong Hill Tracts', doi:10.3329/brj.v21i2.38204",Rajasthali,Rangamati,22.3785,92.2416
Chittagong Hill Tracts,1,Vegetables-Fallow-T. Aman,Manikchhari,300.0,8.11,5.5,"Bangladesh Rice Journal 21(2) 2017, 'Crops and Cropping Sequences in Chittagong Hill Tracts', doi:10.3329/brj.v21i2.38204",Manikchhari,Khagrachhari,22.8412,91.8191
Chittagong Hill Tracts,1,Vegetables-Fallow-T. Aman,Bandarban sadar,260.0,6.93,4.77,"Bangladesh Rice Journal 21(2) 2017, 'Crops and Cropping Sequences in Chittagong Hill Tracts', doi:10.3329/brj.v21i2.38204",Bandarban Sadar,Bandarban,22.1711,92.2182
Chittagong Hill Tracts,1,Vegetables-Fallow-T. Aman,Barkal,250.0,12.2,4.59,"Bangladesh Rice Journal 21(2) 2017, 'Crops and Cropping Sequences in Chittagong Hill Tracts', doi:10.3329/brj.v21i2.38204",Barkal,Rangamati,22.8454,92.3447
Chittagong Hill Tracts,1,Vegetables-Fallow-T. Aman,Nannerchar,230.0,4.95,4.22,"Bangladesh Rice Journal 21(2) 2017, 'Crops and Cropping Sequences in Chittagong Hill Tracts', doi:10.3329/brj.v21i2.38204",Naniarchar,Rangamati,22.8217,92.0694
Chittagong Hill Tracts,1,Vegetables-Fallow-T. Aman,Mohalchhari,220.0,3.76,4.04,"Bangladesh Rice Journal 21(2) 2017, 'Crops and Cropping Sequences in Chittagong Hill Tracts', doi:10.3329/brj.v21i2.38204",Mahalchhari,Khagrachhari,22.9515,92.0232
Chittagong Hill Tracts,1,Vegetables-Fallow-T. Aman,Alikadam,200.0,6.78,3.67,"Bangladesh Rice Journal 21(2) 2017, 'Crops and Cropping Sequences in Chittagong Hill Tracts', doi:10.3329/brj.v21i2.38204",Alikadam,Bandarban,21.6001,92.3846
Chittagong Hill Tracts,1,Vegetables-Fallow-T. Aman,Lama,200.0,2.58,3.67,"Bangladesh Rice Journal 21(2) 2017, 'Crops and Cropping Sequences in Chittagong Hill Tracts', doi:10.3329/brj.v21i2.38204",Lama,Bandarban,21.8181,92.2076
Chittagong Hill Tracts,1,Vegetables-Fallow-T. Aman,Ramgarh,200.0,4.71,3.67,"Bangladesh Rice Journal 21(2) 2017, 'Crops and Cropping Sequences in Chittagong Hill Tracts', doi:10.3329/brj.v21i2.38204",Ramgarh,Khagrachhari,22.935,91.831
Chittagong Hill Tracts,1,Vegetables-Fallow-T. Aman,Kaptai,200.0,12.5,3.67,"Bangladesh Rice Journal 21(2) 2017, 'Crops and Cropping Sequences in Chittagong Hill Tracts', doi:10.3329/brj.v21i2.38204",Kaptai,Rangamati,22.4599,92.1934
Chittagong Hill Tracts,1,Vegetables-Fallow-T. Aman,Dighinala,120.0,2.05,2.2,"Bangladesh Rice Journal 21(2) 2017, 'Crops and Cropping Sequences in Chittagong Hill Tracts', doi:10.3329/brj.v21i2.38204",Dighinala,Khagrachhari,23.3994,92.0498
Chittagong Hill Tracts,1,Vegetables-Fallow-T. Aman,Rangamati sadar,100.0,5.88,1.83,"Bangladesh Rice Journal 21(2) 2017, 'Crops and Cropping Sequences in Chittagong Hill Tracts', doi:10.3329/brj.v21i2.38204",Rangamati Sadar,Rangamati,22.6365,92.199
Chittagong Hill Tracts,1,Vegetables-Fallow-T. Aman,Belaichhari,50.0,1.92,0.92,"Bangladesh Rice Journal 21(2) 2017, 'Crops and Cropping Sequences in Chittagong Hill Tracts', doi:10.3329/brj.v21i2.38204",Belai Chhari,Rangamati,22.3028,92.4852
Chittagong Hill Tracts,1,Vegetables-Fallow-T. Aman,Rowangchhari,30.0,2.5,0.55,"Bangladesh Rice Journal 21(2) 2017, 'Crops and Cropping Sequences in Chittagong Hill Tracts', doi:10.3329/brj.v21i2.38204",Rowangchhari,Bandarban,22.2091,92.3397
Chittagong Hill Tracts,1,Vegetables-Fallow-T. Aman,Matiranga,20.0,0.39,0.37,"Bangladesh Rice Journal 21(2) 2017, 'Crops and Cropping Sequences in Chittagong Hill Tracts', doi:10.3329/brj.v21i2.38204",Matiranga,Khagrachhari,23.1044,91.8548
Chittagong Hill Tracts,1,Vegetables-Fallow-T. Aman,Thanchi,10.0,0.38,0.18,"Bangladesh Rice Journal 21(2) 2017, 'Crops and Cropping Sequences in Chittagong Hill Tracts', doi:10.3329/brj.v21i2.38204",Thanchi,Bandarban,21.6372,92.531
Jessore,1,Boro-Fallow-T. Aman,Jessore sadar,17000.0,55.46,7.15,"Bangladesh Rice Journal 21(2) 2017, 'Diversity of Crops and Cropping Systems in Jessore Region', doi:10.3329/brj.v21i2.38206",,,,
Jessore,1,Boro-Fallow-T. Aman,Jhenaidaha sadar,14500.0,57.54,6.1,"Bangladesh Rice Journal 21(2) 2017, 'Diversity of Crops and Cropping Systems in Jessore Region', doi:10.3329/brj.v21i2.38206",Jhenaidah Sadar,Jhenaidah,23.5165,89.1577
Jessore,1,Boro-Fallow-T. Aman,Manirampur,13500.0,37.92,5.68,"Bangladesh Rice Journal 21(2) 2017, 'Diversity of Crops and Cropping Systems in Jessore Region', doi:10.3329/brj.v21i2.38206",Manirampur,Jessore,23.0062,89.2202
Jessore,1,Boro-Fallow-T. Aman,Sarsha,13000.0,50.78,5.47,"Bangladesh Rice Journal 21(2) 2017, 'Diversity of Crops and Cropping Systems in Jessore Region', doi:10.3329/brj.v21i2.38206",Sharsha,Jessore,23.0449,88.9407
Jessore,1,Boro-Fallow-T. Aman,Kalia,12900.0,56.09,5.42,"Bangladesh Rice Journal 21(2) 2017, 'Diversity of Crops and Cropping Systems in Jessore Region', doi:10.3329/brj.v21i2.38206",Kalia,Narail,23.028,89.644
Jessore,1,Boro-Fallow-T. Aman,Moheshpur,10700.0,32.92,4.5,"Bangladesh Rice Journal 21(2) 2017, 'Diversity of Crops and Cropping Systems in Jessore Region', doi:10.3329/brj.v21i2.38206",Maheshpur,Jhenaidah,23.3197,88.8578
Jessore,1,Boro-Fallow-T. Aman,Kaliganj,10300.0,51.5,4.33,"Bangladesh Rice Journal 21(2) 2017, 'Diversity of Crops and Cropping Systems in Jessore Region', doi:10.3329/brj.v21i2.38206",Kaliganj,Gazipur,23.9642,90.5549
Jessore,1,Boro-Fallow-T. Aman,Bagherpara,9800.0,52.69,4.12,"Bangladesh Rice Journal 21(2) 2017, 'Diversity of Crops and Cropping Systems in Jessore Region', doi:10.3329/brj.v21i2.38206",Bagher Para,Jessore,23.2424,89.3355
Jessore,1,Boro-Fallow-T. Aman,Jhikargachha,9800.0,42.15,4.12,"Bangladesh Rice Journal 21(2) 2017, 'Diversity of Crops and Cropping Systems in Jessore Region', doi:10.3329/brj.v21i2.38206",Jhikargachha,Jessore,23.0688,89.0542
Jessore,1,Boro-Fallow-T. Aman,Magura sadar,9500.0,33.93,3.99,"Bangladesh Rice Journal 21(2) 2017, 'Diversity of Crops and Cropping Systems in Jessore Region', doi:10.3329/brj.v21i2.38206",Magura Sadar,Magura,23.4519,89.4131
Jessore,1,Boro-Fallow-T. Aman,Narail sadar,9200.0,33.33,3.87,"Bangladesh Rice Journal 21(2) 2017, 'Diversity of Crops and Cropping Systems in Jessore Region', doi:10.3329/brj.v21i2.38206",Narail Sadar,Narail,23.1546,89.4948
Jessore,1,Boro-Fallow-T. Aman,Damurhuda,8900.0,39.82,3.74,"Bangladesh Rice Journal 21(2) 2017, 'Diversity of Crops and Cropping Systems in Jessore Region', doi:10.3329/brj.v21i2.38206",Damurhuda,Chuadanga,23.5931,88.7404
Jessore,1,Boro-Fallow-T. Aman,Shailkupa,8900.0,31.67,3.74,"Bangladesh Rice Journal 21(2) 2017, 'Diversity of Crops and Cropping Systems in Jessore Region', doi:10.3329/brj.v21i2.38206",Shailkupa,Jhenaidah,23.6634,89.2422
Jessore,1,Boro-Fallow-T. Aman,Chougachha,8300.0,47.43,3.49,"Bangladesh Rice Journal 21(2) 2017, 'Diversity of Crops and Cropping Systems in Jessore Region', doi:10.3329/brj.v21i2.38206",Chaugachha,Jessore,23.2634,89.0218
Jessore,1,Boro-Fallow-T. Aman,Kushtia sadar,8100.0,38.21,3.41,"Bangladesh Rice Journal 21(2) 2017, 'Diversity of Crops and Cropping Systems in Jessore Region', doi:10.3329/brj.v21i2.38206",Kushtia Sadar,Kushtia,23.8223,89.0896
Jessore,1,Boro-Fallow-T. Aman,Alamdanga,8000.0,39.8,3.36,"Bangladesh Rice Journal 21(2) 2017, 'Diversity of Crops and Cropping Systems in Jessore Region', doi:10.3329/brj.v21i2.38206",Alamdanga,Chuadanga,23.7293,88.9081
Jessore,1,Boro-Fallow-T. Aman,Shalikha,7800.0,45.22,3.28,"Bangladesh Rice Journal 21(2) 2017, 'Diversity of Crops and Cropping Systems in Jessore Region', doi:10.3329/brj.v21i2.38206",Shalikha,Magura,23.3481,89.3585
Jessore,1,Boro-Fallow-T. Aman,Harinakundu,6500.0,52.42,2.73,"Bangladesh Rice Journal 21(2) 2017, 'Diversity of Crops and Cropping Systems in Jessore Region', doi:10.3329/brj.v21i2.38206",Harinakunda,Jhenaidah,23.6428,89.0766
Jessore,1,Boro-Fallow-T. Aman,Jibannagar,6500.0,43.05,2.73,"Bangladesh Rice Journal 21(2) 2017, 'Diversity of Crops and Cropping Systems in Jessore Region', doi:10.3329/brj.v21i2.38206",Jiban Nagar,Chuadanga,23.4411,88.8491
Jessore,1,Boro-Fallow-T. Aman,Keshabpur,5600.0,29.4,2.35,"Bangladesh Rice Journal 21(2) 2017, 'Diversity of Crops and Cropping Systems in Jessore Region', doi:10.3329/brj.v21i2.38206",Keshabpur,Jessore,22.8801,89.2318
Jessore,1,Boro-Fallow-T. Aman,Chuadanga sadar,5400.0,27.69,2.27,"Bangladesh Rice Journal 21(2) 2017, 'Diversity of Crops and Cropping Systems in Jessore Region', doi:10.3329/brj.v21i2.38206",Chuadanga Sadar,Chuadanga,23.5886,88.8846
Jessore,1,Boro-Fallow-T. Aman,Meherpur sadar,4500.0,22.06,1.89,"Bangladesh Rice Journal 21(2) 2017, 'Diversity of Crops and Cropping Systems in Jessore Region', doi:10.3329/brj.v21i2.38206",Meherpur Sadar,Meherpur,23.7661,88.6611
Jessore,1,Boro-Fallow-T. Aman,Kotchandpur,4000.0,34.78,1.68,"Bangladesh Rice Journal 21(2) 2017, 'Diversity of Crops and Cropping Systems in Jessore Region', doi:10.3329/brj.v21i2.38206",Kotchandpur,Jhenaidah,23.4479,88.9987
Jessore,1,Boro-Fallow-T. Aman,Abhaynagar,3700.0,23.57,1.56,"Bangladesh Rice Journal 21(2) 2017, 'Diversity of Crops and Cropping Systems in Jessore Region', doi:10.3329/brj.v21i2.38206",Abhaynagar,Jessore,23.0177,89.4204
Jessore,1,Boro-Fallow-T. Aman,Mirpur,3500.0,15.28,1.47,"Bangladesh Rice Journal 21(2) 2017, 'Diversity of Crops and Cropping Systems in Jessore Region', doi:10.3329/brj.v21i2.38206",Mirpur,Dhaka,23.7942,90.3618
Jessore,1,Boro-Fallow-T. Aman,Gangni,3500.0,15.09,1.47,"Bangladesh Rice Journal 21(2) 2017, 'Diversity of Crops and Cropping Systems in Jessore Region', doi:10.3329/brj.v21i2.38206",Gangni,Meherpur,23.8576,88.771
Jessore,1,Boro-Fallow-T. Aman,Kumarkhali,3300.0,20.12,1.39,"Bangladesh Rice Journal 21(2) 2017, 'Diversity of Crops and Cropping Systems in Jessore Region', doi:10.3329/brj.v21i2.38206",Kumarkhali,Kushtia,23.8567,89.2096
Jessore,1,Boro-Fallow-T. Aman,Lohagara,2850.0,13.13,1.2,"Bangladesh Rice Journal 21(2) 2017, 'Diversity of Crops and Cropping Systems in Jessore Region', doi:10.3329/brj.v21i2.38206",Lohagara,Chittagong,21.9862,92.111
Jessore,1,Boro-Fallow-T. Aman,Mohammadpur,2200.0,14.1,0.92,"Bangladesh Rice Journal 21(2) 2017, 'Diversity of Crops and Cropping Systems in Jessore Region', doi:10.3329/brj.v21i2.38206",Mohammadpur,Dhaka,23.7586,90.3565
Jessore,1,Boro-Fallow-T. Aman,Mujibnagar,1800.0,22.09,0.76,"Bangladesh Rice Journal 21(2) 2017, 'Diversity of Crops and Cropping Systems in Jessore Region', doi:10.3329/brj.v21i2.38206",Mujib Nagar,Meherpur,23.6683,88.6213
Jessore,1,Boro-Fallow-T. Aman,Daulatpur,1600.0,4.86,0.67,"Bangladesh Rice Journal 21(2) 2017, 'Diversity of Crops and Cropping Systems in Jessore Region', doi:10.3329/brj.v21i2.38206",Daulatpur,Manikganj,23.9558,89.7977
Jessore,1,Boro-Fallow-T. Aman,Sreepur,1300.0,9.77,0.55,"Bangladesh Rice Journal 21(2) 2017, 'Diversity of Crops and Cropping Systems in Jessore Region', doi:10.3329/brj.v21i2.38206",Sreepur,Gazipur,24.2052,90.4431
Jessore,1,Boro-Fallow-T. Aman,Khoksa,1200.0,17.91,0.5,"Bangladesh Rice Journal 21(2) 2017, 'Diversity of Crops and Cropping Systems in Jessore Region', doi:10.3329/brj.v21i2.38206",Khoksa,Kushtia,23.8089,89.2998
Jessore,1,Boro-Fallow-T. Aman,Bheramara,200.0,2.7,0.08,"Bangladesh Rice Journal 21(2) 2017, 'Diversity of Crops and Cropping Systems in Jessore Region', doi:10.3329/brj.v21i2.38206",Bheramara,Kushtia,24.0568,88.9815
Jessore,2,Boro-Fallow-Fallow,Abhaynagar,7800.0,49.68,19.99,"Bangladesh Rice Journal 21(2) 2017, 'Diversity of Crops and Cropping Systems in Jessore Region', doi:10.3329/brj.v21i2.38206",Abhaynagar,Jessore,23.0177,89.4204
Jessore,2,Boro-Fallow-Fallow,Keshabpur,6000.0,31.5,15.38,"Bangladesh Rice Journal 21(2) 2017, 'Diversity of Crops and Cropping Systems in Jessore Region', doi:10.3329/brj.v21i2.38206",Keshabpur,Jessore,22.8801,89.2318
Jessore,2,Boro-Fallow-Fallow,Narail sadar,5000.0,18.12,12.82,"Bangladesh Rice Journal 21(2) 2017, 'Diversity of Crops and Cropping Systems in Jessore Region', doi:10.3329/brj.v21i2.38206",Narail Sadar,Narail,23.1546,89.4948
Jessore,2,Boro-Fallow-Fallow,Shailkupa,3000.0,10.68,7.69,"Bangladesh Rice Journal 21(2) 2017, 'Diversity of Crops and Cropping Systems in Jessore Region', doi:10.3329/brj.v21i2.38206",Shailkupa,Jhenaidah,23.6634,89.2422
Jessore,2,Boro-Fallow-Fallow,Manirampur,2500.0,7.02,6.41,"Bangladesh Rice Journal 21(2) 2017, 'Diversity of Crops and Cropping Systems in Jessore Region', doi:10.3329/brj.v21i2.38206",Manirampur,Jessore,23.0062,89.2202
Jessore,2,Boro-Fallow-Fallow,Alamdanga,2200.0,10.9,5.64,"Bangladesh Rice Journal 21(2) 2017, 'Diversity of Crops and Cropping Systems in Jessore Region', doi:10.3329/brj.v21i2.38206",Alamdanga,Chuadanga,23.7293,88.9081
Jessore,2,Boro-Fallow-Fallow,Moheshpur,1960.0,6.03,5.02,"Bangladesh Rice Journal 21(2) 2017, 'Diversity of Crops and Cropping Systems in Jessore Region', doi:10.3329/brj.v21i2.38206",Maheshpur,Jhenaidah,23.3197,88.8578
Jessore,2,Boro-Fallow-Fallow,Mohammadpur,1500.0,9.62,3.85,"Bangladesh Rice Journal 21(2) 2017, 'Diversity of Crops and Cropping Systems in Jessore Region', doi:10.3329/brj.v21i2.38206",Mohammadpur,Dhaka,23.7586,90.3565
Jessore,2,Boro-Fallow-Fallow,Chougachha,1300.0,7.43,3.33,"Bangladesh Rice Journal 21(2) 2017, 'Diversity of Crops and Cropping Systems in Jessore Region', doi:10.3329/brj.v21i2.38206",Chaugachha,Jessore,23.2634,89.0218
Jessore,2,Boro-Fallow-Fallow,Lohagara,1200.0,5.53,3.08,"Bangladesh Rice Journal 21(2) 2017, 'Diversity of Crops and Cropping Systems in Jessore Region', doi:10.3329/brj.v21i2.38206",Lohagara,Chittagong,21.9862,92.111
Jessore,2,Boro-Fallow-Fallow,Mirpur,1100.0,4.8,2.82,"Bangladesh Rice Journal 21(2) 2017, 'Diversity of Crops and Cropping Systems in Jessore Region', doi:10.3329/brj.v21i2.38206",Mirpur,Dhaka,23.7942,90.3618
Jessore,2,Boro-Fallow-Fallow,Kotchandpur,850.0,7.39,2.18,"Bangladesh Rice Journal 21(2) 2017, 'Diversity of Crops and Cropping Systems in Jessore Region', doi:10.3329/brj.v21i2.38206",Kotchandpur,Jhenaidah,23.4479,88.9987
Jessore,2,Boro-Fallow-Fallow,Sarsha,700.0,2.73,1.79,"Bangladesh Rice Journal 21(2) 2017, 'Diversity of Crops and Cropping Systems in Jessore Region', doi:10.3329/brj.v21i2.38206",Sharsha,Jessore,23.0449,88.9407
Jessore,2,Boro-Fallow-Fallow,Bagherpara,650.0,3.49,1.67,"Bangladesh Rice Journal 21(2) 2017, 'Diversity of Crops and Cropping Systems in Jessore Region', doi:10.3329/brj.v21i2.38206",Bagher Para,Jessore,23.2424,89.3355
Jessore,2,Boro-Fallow-Fallow,Mujibnagar,600.0,7.36,1.54,"Bangladesh Rice Journal 21(2) 2017, 'Diversity of Crops and Cropping Systems in Jessore Region', doi:10.3329/brj.v21i2.38206",Mujib Nagar,Meherpur,23.6683,88.6213
Jessore,2,Boro-Fallow-Fallow,Kumarkhali,600.0,3.66,1.54,"Bangladesh Rice Journal 21(2) 2017, 'Diversity of Crops and Cropping Systems in Jessore Region', doi:10.3329/brj.v21i2.38206",Kumarkhali,Kushtia,23.8567,89.2096
Jessore,2,Boro-Fallow-Fallow,Kaliganj,400.0,2.0,1.29,"Bangladesh Rice Journal 21(2) 2017, 'Diversity of Crops and Cropping Systems in Jessore Region', doi:10.3329/brj.v21i2.38206",Kaliganj,Gazipur,23.9642,90.5549
Jessore,2,Boro-Fallow-Fallow,Jhenaidaha sadar,350.0,1.39,1.13,"Bangladesh Rice Journal 21(2) 2017, 'Diversity of Crops and Cropping Systems in Jessore Region', doi:10.3329/brj.v21i2.38206",Jhenaidah Sadar,Jhenaidah,23.5165,89.1577
Jessore,2,Boro-Fallow-Fallow,Magura sadar,300.0,1.07,0.97,"Bangladesh Rice Journal 21(2) 2017, 'Diversity of Crops and Cropping Systems in Jessore Region', doi:10.3329/brj.v21i2.38206",Magura Sadar,Magura,23.4519,89.4131
Jessore,2,Boro-Fallow-Fallow,Bheramara,300.0,4.05,0.97,"Bangladesh Rice Journal 21(2) 2017, 'Diversity of Crops and Cropping Systems in Jessore Region', doi:10.3329/brj.v21i2.38206",Bheramara,Kushtia,24.0568,88.9815
Jessore,2,Boro-Fallow-Fallow,Daulatpur,250.0,0.76,0.81,"Bangladesh Rice Journal 21(2) 2017, 'Diversity of Crops and Cropping Systems in Jessore Region', doi:10.3329/brj.v21i2.38206",Daulatpur,Manikganj,23.9558,89.7977
Jessore,2,Boro-Fallow-Fallow,Kushtia sadar,200.0,0.94,0.65,"Bangladesh Rice Journal 21(2) 2017, 'Diversity of Crops and Cropping Systems in Jessore Region', doi:10.3329/brj.v21i2.38206",Kushtia Sadar,Kushtia,23.8223,89.0896
Jessore,2,Boro-Fallow-Fallow,Sreepur,170.0,1.28,0.55,"Bangladesh Rice Journal 21(2) 2017, 'Diversity of Crops and Cropping Systems in Jessore Region', doi:10.3329/brj.v21i2.38206",Sreepur,Gazipur,24.2052,90.4431
Jessore,2,Boro-Fallow-Fallow,Jessore sadar,80.0,0.26,0.26,"Bangladesh Rice Journal 21(2) 2017, 'Diversity of Crops and Cropping Systems in Jessore Region', doi:10.3329/brj.v21i2.38206",,,,
Jessore,3,Wheat-Jute-T. Aman,Shailkupa,3500.0,12.46,11.55,"Bangladesh Rice Journal 21(2) 2017, 'Diversity of Crops and Cropping Systems in Jessore Region', doi:10.3329/brj.v21i2.38206",Shailkupa,Jhenaidah,23.6634,89.2422
Jessore,3,Wheat-Jute-T. Aman,Meherpur sadar,3000.0,14.71,9.9,"Bangladesh Rice Journal 21(2) 2017, 'Diversity of Crops and Cropping Systems in Jessore Region', doi:10.3329/brj.v21i2.38206",Meherpur Sadar,Meherpur,23.7661,88.6611
Jessore,3,Wheat-Jute-T. Aman,Sreepur,2800.0,21.05,9.24,"Bangladesh Rice Journal 21(2) 2017, 'Diversity of Crops and Cropping Systems in Jessore Region', doi:10.3329/brj.v21i2.38206",Sreepur,Gazipur,24.2052,90.4431
Jessore,3,Wheat-Jute-T. Aman,Alamdanga,2700.0,13.4,8.91,"Bangladesh Rice Journal 21(2) 2017, 'Diversity of Crops and Cropping Systems in Jessore Region', doi:10.3329/brj.v21i2.38206",Alamdanga,Chuadanga,23.7293,88.9081
Jessore,3,Wheat-Jute-T. Aman,Mohammadpur,1900.0,12.18,6.27,"Bangladesh Rice Journal 21(2) 2017, 'Diversity of Crops and Cropping Systems in Jessore Region', doi:10.3329/brj.v21i2.38206",Mohammadpur,Dhaka,23.7586,90.3565
Jessore,3,Wheat-Jute-T. Aman,Daulatpur,1700.0,5.17,5.61,"Bangladesh Rice Journal 21(2) 2017, 'Diversity of Crops and Cropping Systems in Jessore Region', doi:10.3329/brj.v21i2.38206",Daulatpur,Manikganj,23.9558,89.7977
Jessore,3,Wheat-Jute-T. Aman,Gangni,1600.0,6.9,5.28,"Bangladesh Rice Journal 21(2) 2017, 'Diversity of Crops and Cropping Systems in Jessore Region', doi:10.3329/brj.v21i2.38206",Gangni,Meherpur,23.8576,88.771
Jessore,3,Wheat-Jute-T. Aman,Kalia,1500.0,6.52,4.95,"Bangladesh Rice Journal 21(2) 2017, 'Diversity of Crops and Cropping Systems in Jessore Region', doi:10.3329/brj.v21i2.38206",Kalia,Narail,23.028,89.644
Jessore,3,Wheat-Jute-T. Aman,Khoksa,1300.0,19.4,4.29,"Bangladesh Rice Journal 21(2) 2017, 'Diversity of Crops and Cropping Systems in Jessore Region', doi:10.3329/brj.v21i2.38206",Khoksa,Kushtia,23.8089,89.2998
Jessore,3,Wheat-Jute-T. Aman,Bheramara,1200.0,16.22,3.96,"Bangladesh Rice Journal 21(2) 2017, 'Diversity of Crops and Cropping Systems in Jessore Region', doi:10.3329/brj.v21i2.38206",Bheramara,Kushtia,24.0568,88.9815
Jessore,3,Wheat-Jute-T. Aman,Lohagara,1150.0,5.3,3.8,"Bangladesh Rice Journal 21(2) 2017, 'Diversity of Crops and Cropping Systems in Jessore Region', doi:10.3329/brj.v21i2.38206",Lohagara,Chittagong,21.9862,92.111
Jessore,3,Wheat-Jute-T. Aman,Magura sadar,1100.0,3.93,3.63,"Bangladesh Rice Journal 21(2) 2017, 'Diversity of Crops and Cropping Systems in Jessore Region', doi:10.3329/brj.v21i2.38206",Magura Sadar,Magura,23.4519,89.4131
Jessore,3,Wheat-Jute-T. Aman,Mirpur,860.0,3.76,2.84,"Bangladesh Rice Journal 21(2) 2017, 'Diversity of Crops and Cropping Systems in Jessore Region', doi:10.3329/brj.v21i2.38206",Mirpur,Dhaka,23.7942,90.3618
Jessore,3,Wheat-Jute-T. Aman,Harinakundu,650.0,5.24,2.15,"Bangladesh Rice Journal 21(2) 2017, 'Diversity of Crops and Cropping Systems in Jessore Region', doi:10.3329/brj.v21i2.38206",Harinakunda,Jhenaidah,23.6428,89.0766
Jessore,3,Wheat-Jute-T. Aman,Mujibnagar,600.0,7.36,1.98,"Bangladesh Rice Journal 21(2) 2017, 'Diversity of Crops and Cropping Systems in Jessore Region', doi:10.3329/brj.v21i2.38206",Mujib Nagar,Meherpur,23.6683,88.6213
Jessore,3,Wheat-Jute-T. Aman,Kushtia sadar,580.0,2.74,1.91,"Bangladesh Rice Journal 21(2) 2017, 'Diversity of Crops and Cropping Systems in Jessore Region', doi:10.3329/brj.v21i2.38206",Kushtia Sadar,Kushtia,23.8223,89.0896
Jessore,3,Wheat-Jute-T. Aman,Kumarkhali,500.0,3.05,1.65,"Bangladesh Rice Journal 21(2) 2017, 'Diversity of Crops and Cropping Systems in Jessore Region', doi:10.3329/brj.v21i2.38206",Kumarkhali,Kushtia,23.8567,89.2096
Jessore,3,Wheat-Jute-T. Aman,Damurhuda,500.0,2.24,1.65,"Bangladesh Rice Journal 21(2) 2017, 'Diversity of Crops and Cropping Systems in Jessore Region', doi:10.3329/brj.v21i2.38206",Damurhuda,Chuadanga,23.5931,88.7404
Jessore,3,Wheat-Jute-T. Aman,Sarsha,500.0,1.95,1.65,"Bangladesh Rice Journal 21(2) 2017, 'Diversity of Crops and Cropping Systems in Jessore Region', doi:10.3329/brj.v21i2.38206",Sharsha,Jessore,23.0449,88.9407
Jessore,3,Wheat-Jute-T. Aman,Manirampur,500.0,1.4,1.65,"Bangladesh Rice Journal 21(2) 2017, 'Diversity of Crops and Cropping Systems in Jessore Region', doi:10.3329/brj.v21i2.38206",Manirampur,Jessore,23.0062,89.2202
Jessore,3,Wheat-Jute-T. Aman,Jibannagar,400.0,2.65,1.32,"Bangladesh Rice Journal 21(2) 2017, 'Diversity of Crops and Cropping Systems in Jessore Region', doi:10.3329/brj.v21i2.38206",Jiban Nagar,Chuadanga,23.4411,88.8491
Jessore,3,Wheat-Jute-T. Aman,Jhenaidaha sadar,350.0,1.39,1.16,"Bangladesh Rice Journal 21(2) 2017, 'Diversity of Crops and Cropping Systems in Jessore Region', doi:10.3329/brj.v21i2.38206",Jhenaidah Sadar,Jhenaidah,23.5165,89.1577
Jessore,3,Wheat-Jute-T. Aman,Shalikha,350.0,2.03,1.16,"Bangladesh Rice Journal 21(2) 2017, 'Diversity of Crops and Cropping Systems in Jessore Region', doi:10.3329/brj.v21i2.38206",Shalikha,Magura,23.3481,89.3585
Jessore,3,Wheat-Jute-T. Aman,Keshabpur,320.0,1.68,1.06,"Bangladesh Rice Journal 21(2) 2017, 'Diversity of Crops and Cropping Systems in Jessore Region', doi:10.3329/brj.v21i2.38206",Keshabpur,Jessore,22.8801,89.2318
Jessore,3,Wheat-Jute-T. Aman,Bagherpara,200.0,1.08,0.66,"Bangladesh Rice Journal 21(2) 2017, 'Diversity of Crops and Cropping Systems in Jessore Region', doi:10.3329/brj.v21i2.38206",Bagher Para,Jessore,23.2424,89.3355
Jessore,3,Wheat-Jute-T. Aman,Moheshpur,200.0,0.62,0.66,"Bangladesh Rice Journal 21(2) 2017, 'Diversity of Crops and Cropping Systems in Jessore Region', doi:10.3329/brj.v21i2.38206",Maheshpur,Jhenaidah,23.3197,88.8578
Jessore,3,Wheat-Jute-T. Aman,Chougachha,140.0,0.8,0.46,"Bangladesh Rice Journal 21(2) 2017, 'Diversity of Crops and Cropping Systems in Jessore Region', doi:10.3329/brj.v21i2.38206",Chaugachha,Jessore,23.2634,89.0218
Jessore,3,Wheat-Jute-T. Aman,Jhikargachha,100.0,0.43,0.33,"Bangladesh Rice Journal 21(2) 2017, 'Diversity of Crops and Cropping Systems in Jessore Region', doi:10.3329/brj.v21i2.38206",Jhikargachha,Jessore,23.0688,89.0542
Jessore,3,Wheat-Jute-T. Aman,Kotchandpur,100.0,0.87,0.33,"Bangladesh Rice Journal 21(2) 2017, 'Diversity of Crops and Cropping Systems in Jessore Region', doi:10.3329/brj.v21i2.38206",Kotchandpur,Jhenaidah,23.4479,88.9987
Jessore,4,Lentil-Jute-T. Aman,Magura sadar,4400.0,15.71,14.84,"Bangladesh Rice Journal 21(2) 2017, 'Diversity of Crops and Cropping Systems in Jessore Region', doi:10.3329/brj.v21i2.38206",Magura Sadar,Magura,23.4519,89.4131
Jessore,4,Lentil-Jute-T. Aman,Mohammadpur,2700.0,17.31,9.11,"Bangladesh Rice Journal 21(2) 2017, 'Diversity of Crops and Cropping Systems in Jessore Region', doi:10.3329/brj.v21i2.38206",Mohammadpur,Dhaka,23.7586,90.3565
Jessore,4,Lentil-Jute-T. Aman,Shalikha,2400.0,13.91,8.09,"Bangladesh Rice Journal 21(2) 2017, 'Diversity of Crops and Cropping Systems in Jessore Region', doi:10.3329/brj.v21i2.38206",Shalikha,Magura,23.3481,89.3585
Jessore,4,Lentil-Jute-T. Aman,Sreepur,2300.0,17.29,7.76,"Bangladesh Rice Journal 21(2) 2017, 'Diversity of Crops and Cropping Systems in Jessore Region', doi:10.3329/brj.v21i2.38206",Sreepur,Gazipur,24.2052,90.4431
Jessore,4,Lentil-Jute-T. Aman,Lohagara,2200.0,10.14,7.42,"Bangladesh Rice Journal 21(2) 2017, 'Diversity of Crops and Cropping Systems in Jessore Region', doi:10.3329/brj.v21i2.38206",Lohagara,Chittagong,21.9862,92.111
Jessore,4,Lentil-Jute-T. Aman,Manirampur,2200.0,6.18,7.42,"Bangladesh Rice Journal 21(2) 2017, 'Diversity of Crops and Cropping Systems in Jessore Region', doi:10.3329/brj.v21i2.38206",Manirampur,Jessore,23.0062,89.2202
Jessore,4,Lentil-Jute-T. Aman,Bagherpara,1980.0,10.65,6.68,"Bangladesh Rice Journal 21(2) 2017, 'Diversity of Crops and Cropping Systems in Jessore Region', doi:10.3329/brj.v21i2.38206",Bagher Para,Jessore,23.2424,89.3355
Jessore,4,Lentil-Jute-T. Aman,Kaliganj,1600.0,8.0,5.4,"Bangladesh Rice Journal 21(2) 2017, 'Diversity of Crops and Cropping Systems in Jessore Region', doi:10.3329/brj.v21i2.38206",Kaliganj,Gazipur,23.9642,90.5549
Jessore,4,Lentil-Jute-T. Aman,Jhenaidaha sadar,1600.0,6.35,5.4,"Bangladesh Rice Journal 21(2) 2017, 'Diversity of Crops and Cropping Systems in Jessore Region', doi:10.3329/brj.v21i2.38206",Jhenaidah Sadar,Jhenaidah,23.5165,89.1577
Jessore,4,Lentil-Jute-T. Aman,Jhikargachha,1300.0,5.59,4.38,"Bangladesh Rice Journal 21(2) 2017, 'Diversity of Crops and Cropping Systems in Jessore Region', doi:10.3329/brj.v21i2.38206",Jhikargachha,Jessore,23.0688,89.0542
Jessore,4,Lentil-Jute-T. Aman,Gangni,1200.0,5.17,4.05,"Bangladesh Rice Journal 21(2) 2017, 'Diversity of Crops and Cropping Systems in Jessore Region', doi:10.3329/brj.v21i2.38206",Gangni,Meherpur,23.8576,88.771
Jessore,4,Lentil-Jute-T. Aman,Kumarkhali,1000.0,6.1,3.37,"Bangladesh Rice Journal 21(2) 2017, 'Diversity of Crops and Cropping Systems in Jessore Region', doi:10.3329/brj.v21i2.38206",Kumarkhali,Kushtia,23.8567,89.2096
Jessore,4,Lentil-Jute-T. Aman,Sarsha,800.0,3.13,2.7,"Bangladesh Rice Journal 21(2) 2017, 'Diversity of Crops and Cropping Systems in Jessore Region', doi:10.3329/brj.v21i2.38206",Sharsha,Jessore,23.0449,88.9407
Jessore,4,Lentil-Jute-T. Aman,Mirpur,750.0,3.28,2.53,"Bangladesh Rice Journal 21(2) 2017, 'Diversity of Crops and Cropping Systems in Jessore Region', doi:10.3329/brj.v21i2.38206",Mirpur,Dhaka,23.7942,90.3618
Jessore,4,Lentil-Jute-T. Aman,Khoksa,700.0,10.45,2.36,"Bangladesh Rice Journal 21(2) 2017, 'Diversity of Crops and Cropping Systems in Jessore Region', doi:10.3329/brj.v21i2.38206",Khoksa,Kushtia,23.8089,89.2998
Jessore,4,Lentil-Jute-T. Aman,Bheramara,600.0,8.11,2.02,"Bangladesh Rice Journal 21(2) 2017, 'Diversity of Crops and Cropping Systems in Jessore Region', doi:10.3329/brj.v21i2.38206",Bheramara,Kushtia,24.0568,88.9815
Jessore,4,Lentil-Jute-T. Aman,Chougachha,600.0,3.43,2.02,"Bangladesh Rice Journal 21(2) 2017, 'Diversity of Crops and Cropping Systems in Jessore Region', doi:10.3329/brj.v21i2.38206",Chaugachha,Jessore,23.2634,89.0218
Jessore,4,Lentil-Jute-T. Aman,Keshabpur,550.0,2.89,1.85,"Bangladesh Rice Journal 21(2) 2017, 'Diversity of Crops and Cropping Systems in Jessore Region', doi:10.3329/brj.v21i2.38206",Keshabpur,Jessore,22.8801,89.2318
Jessore,4,Lentil-Jute-T. Aman,Narail sadar,350.0,1.27,1.18,"Bangladesh Rice Journal 21(2) 2017, 'Diversity of Crops and Cropping Systems in Jessore Region', doi:10.3329/brj.v21i2.38206",Narail Sadar,Narail,23.1546,89.4948
Jessore,4,Lentil-Jute-T. Aman,Jessore sadar,200.0,0.65,0.67,"Bangladesh Rice Journal 21(2) 2017, 'Diversity of Crops and Cropping Systems in Jessore Region', doi:10.3329/brj.v21i2.38206",,,,
Jessore,4,Lentil-Jute-T. Aman,Alamdanga,100.0,0.36,0.34,"Bangladesh Rice Journal 21(2) 2017, 'Diversity of Crops and Cropping Systems in Jessore Region', doi:10.3329/brj.v21i2.38206",Alamdanga,Chuadanga,23.7293,88.9081
Jessore,4,Lentil-Jute-T. Aman,Mujibnagar,80.0,0.98,0.27,"Bangladesh Rice Journal 21(2) 2017, 'Diversity of Crops and Cropping Systems in Jessore Region', doi:10.3329/brj.v21i2.38206",Mujib Nagar,Meherpur,23.6683,88.6213
Jessore,4,Lentil-Jute-T. Aman,Chuadanga sadar,40.0,0.21,0.13,"Bangladesh Rice Journal 21(2) 2017, 'Diversity of Crops and Cropping Systems in Jessore Region', doi:10.3329/brj.v21i2.38206",Chuadanga Sadar,Chuadanga,23.5886,88.8846
Jessore,5,Mustard-Boro-T. Aman,Magura sadar,3500.0,12.5,15.49,"Bangladesh Rice Journal 21(2) 2017, 'Diversity of Crops and Cropping Systems in Jessore Region', doi:10.3329/brj.v21i2.38206",Magura Sadar,Magura,23.4519,89.4131
Jessore,5,Mustard-Boro-T. Aman,Jhenaidaha sadar,2400.0,9.52,10.62,"Bangladesh Rice Journal 21(2) 2017, 'Diversity of Crops and Cropping Systems in Jessore Region', doi:10.3329/brj.v21i2.38206",Jhenaidah Sadar,Jhenaidah,23.5165,89.1577
Jessore,5,Mustard-Boro-T. Aman,Jessore sadar,2200.0,7.18,9.73,"Bangladesh Rice Journal 21(2) 2017, 'Diversity of Crops and Cropping Systems in Jessore Region', doi:10.3329/brj.v21i2.38206",,,,
Jessore,5,Mustard-Boro-T. Aman,Moheshpur,2150.0,6.62,9.51,"Bangladesh Rice Journal 21(2) 2017, 'Diversity of Crops and Cropping Systems in Jessore Region', doi:10.3329/brj.v21i2.38206",Maheshpur,Jhenaidah,23.3197,88.8578
Jessore,5,Mustard-Boro-T. Aman,Bagherpara,1700.0,9.14,7.52,"Bangladesh Rice Journal 21(2) 2017, 'Diversity of Crops and Cropping Systems in Jessore Region', doi:10.3329/brj.v21i2.38206",Bagher Para,Jessore,23.2424,89.3355
Jessore,5,Mustard-Boro-T. Aman,Shalikha,1600.0,9.28,7.08,"Bangladesh Rice Journal 21(2) 2017, 'Diversity of Crops and Cropping Systems in Jessore Region', doi:10.3329/brj.v21i2.38206",Shalikha,Magura,23.3481,89.3585
Jessore,5,Mustard-Boro-T. Aman,Chougachha,1300.0,7.43,5.75,"Bangladesh Rice Journal 21(2) 2017, 'Diversity of Crops and Cropping Systems in Jessore Region', doi:10.3329/brj.v21i2.38206",Chaugachha,Jessore,23.2634,89.0218
Jessore,5,Mustard-Boro-T. Aman,Kaliganj,1000.0,5.0,4.42,"Bangladesh Rice Journal 21(2) 2017, 'Diversity of Crops and Cropping Systems in Jessore Region', doi:10.3329/brj.v21i2.38206",Kaliganj,Gazipur,23.9642,90.5549
Jessore,5,Mustard-Boro-T. Aman,Meherpur sadar,1000.0,4.9,4.42,"Bangladesh Rice Journal 21(2) 2017, 'Diversity of Crops and Cropping Systems in Jessore Region', doi:10.3329/brj.v21i2.38206",Meherpur Sadar,Meherpur,23.7661,88.6611
Jessore,5,Mustard-Boro-T. Aman,Gangni,1000.0,4.31,4.42,"Bangladesh Rice Journal 21(2) 2017, 'Diversity of Crops and Cropping Systems in Jessore Region', doi:10.3329/brj.v21i2.38206",Gangni,Meherpur,23.8576,88.771
Jessore,5,Mustard-Boro-T. Aman,Narail sadar,950.0,3.44,4.2,"Bangladesh Rice Journal 21(2) 2017, 'Diversity of Crops and Cropping Systems in Jessore Region', doi:10.3329/brj.v21i2.38206",Narail Sadar,Narail,23.1546,89.4948
Jessore,5,Mustard-Boro-T. Aman,Shailkupa,600.0,2.14,2.65,"Bangladesh Rice Journal 21(2) 2017, 'Diversity of Crops and Cropping Systems in Jessore Region', doi:10.3329/brj.v21i2.38206",Shailkupa,Jhenaidah,23.6634,89.2422
Jessore,5,Mustard-Boro-T. Aman,Kotchandpur,500.0,4.35,2.21,"Bangladesh Rice Journal 21(2) 2017, 'Diversity of Crops and Cropping Systems in Jessore Region', doi:10.3329/brj.v21i2.38206",Kotchandpur,Jhenaidah,23.4479,88.9987
Jessore,5,Mustard-Boro-T. Aman,Kushtia sadar,450.0,2.12,1.77,"Bangladesh Rice Journal 21(2) 2017, 'Diversity of Crops and Cropping Systems in Jessore Region', doi:10.3329/brj.v21i2.38206",Kushtia Sadar,Kushtia,23.8223,89.0896
Jessore,5,Mustard-Boro-T. Aman,Alamdanga,400.0,1.42,1.77,"Bangladesh Rice Journal 21(2) 2017, 'Diversity of Crops and Cropping Systems in Jessore Region', doi:10.3329/brj.v21i2.38206",Alamdanga,Chuadanga,23.7293,88.9081
Jessore,5,Mustard-Boro-T. Aman,Abhaynagar,400.0,2.55,1.77,"Bangladesh Rice Journal 21(2) 2017, 'Diversity of Crops and Cropping Systems in Jessore Region', doi:10.3329/brj.v21i2.38206",Abhaynagar,Jessore,23.0177,89.4204
Jessore,5,Mustard-Boro-T. Aman,Jhikargachha,400.0,1.72,1.77,"Bangladesh Rice Journal 21(2) 2017, 'Diversity of Crops and Cropping Systems in Jessore Region', doi:10.3329/brj.v21i2.38206",Jhikargachha,Jessore,23.0688,89.0542
Jessore,5,Mustard-Boro-T. Aman,Harinakundu,400.0,3.23,1.77,"Bangladesh Rice Journal 21(2) 2017, 'Diversity of Crops and Cropping Systems in Jessore Region', doi:10.3329/brj.v21i2.38206",Harinakunda,Jhenaidah,23.6428,89.0766
Jessore,5,Mustard-Boro-T. Aman,Mujibnagar,400.0,4.91,1.77,"Bangladesh Rice Journal 21(2) 2017, 'Diversity of Crops and Cropping Systems in Jessore Region', doi:10.3329/brj.v21i2.38206",Mujib Nagar,Meherpur,23.6683,88.6213
Jessore,5,Mustard-Boro-T. Aman,Khoksa,200.0,2.99,0.88,"Bangladesh Rice Journal 21(2) 2017, 'Diversity of Crops and Cropping Systems in Jessore Region', doi:10.3329/brj.v21i2.38206",Khoksa,Kushtia,23.8089,89.2998
Jessore,5,Mustard-Boro-T. Aman,Kumarkhali,50.0,0.3,0.22,"Bangladesh Rice Journal 21(2) 2017, 'Diversity of Crops and Cropping Systems in Jessore Region', doi:10.3329/brj.v21i2.38206",Kumarkhali,Kushtia,23.8567,89.2096
Khulna,1,Fallow-Fallow-T. Aman,Morrelganj,18700.0,67.5,19.3,"Bangladesh Rice Journal 21(2) 2017, 'Cropping Systems and their Diversity in Khulna Region', doi:10.3329/brj.v21i2.38207",Morrelganj,Bagerhat,22.4838,89.8336
Khulna,1,Fallow-Fallow-T. Aman,Dacope,16100.0,85.78,16.62,"Bangladesh Rice Journal 21(2) 2017, 'Cropping Systems and their Diversity in Khulna Region', doi:10.3329/brj.v21i2.38207",Dacope,Khulna,22.3889,89.5185
Khulna,1,Fallow-Fallow-T. Aman,Shyamnagar,12000.0,68.61,12.38,"Bangladesh Rice Journal 21(2) 2017, 'Cropping Systems and their Diversity in Khulna Region', doi:10.3329/brj.v21i2.38207",Shyamnagar,Satkhira,22.2236,89.1612
Khulna,1,Fallow-Fallow-T. Aman,Koyra,10500.0,67.36,10.84,"Bangladesh Rice Journal 21(2) 2017, 'Cropping Systems and their Diversity in Khulna Region', doi:10.3329/brj.v21i2.38207",Koyra,Khulna,22.3377,89.3466
Khulna,1,Fallow-Fallow-T. Aman,Batiaghata,5500.0,30.78,5.68,"Bangladesh Rice Journal 21(2) 2017, 'Cropping Systems and their Diversity in Khulna Region', doi:10.3329/brj.v21i2.38207",Batiaghata,Khulna,22.7143,89.5162
Khulna,1,Fallow-Fallow-T. Aman,Kaliganj,5000.0,27.09,5.16,"Bangladesh Rice Journal 21(2) 2017, 'Cropping Systems and their Diversity in Khulna Region', doi:10.3329/brj.v21i2.38207",Kaliganj,Gazipur,23.9642,90.5549
Khulna,1,Fallow-Fallow-T. Aman,Dumuria,4900.0,16.61,5.06,"Bangladesh Rice Journal 21(2) 2017, 'Cropping Systems and their Diversity in Khulna Region', doi:10.3329/brj.v21i2.38207",Dumuria,Khulna,22.8054,89.398
Khulna,1,Fallow-Fallow-T. Aman,Rampal,4400.0,46.81,4.54,"Bangladesh Rice Journal 21(2) 2017, 'Cropping Systems and their Diversity in Khulna Region', doi:10.3329/brj.v21i2.38207",Rampal,Bagerhat,22.5914,89.6522
Khulna,1,Fallow-Fallow-T. Aman,Assasuni,4100.0,35.65,4.23,"Bangladesh Rice Journal 21(2) 2017, 'Cropping Systems and their Diversity in Khulna Region', doi:10.3329/brj.v21i2.38207",Assasuni,Satkhira,22.5192,89.1874
Khulna,1,Fallow-Fallow-T. Aman,Bagerhat sadar,3800.0,22.82,3.92,"Bangladesh Rice Journal 21(2) 2017, 'Cropping Systems and their Diversity in Khulna Region', doi:10.3329/brj.v21i2.38207",Bagerhat Sadar,Bagerhat,22.6775,89.7632
Khulna,1,Fallow-Fallow-T. Aman,Sarankhola,3800.0,40.17,3.92,"Bangladesh Rice Journal 21(2) 2017, 'Cropping Systems and their Diversity in Khulna Region', doi:10.3329/brj.v21i2.38207",Sarankhola,Bagerhat,22.2253,89.8144
Khulna,1,Fallow-Fallow-T. Aman,Paikgachha,3000.0,17.53,3.1,"Bangladesh Rice Journal 21(2) 2017, 'Cropping Systems and their Diversity in Khulna Region', doi:10.3329/brj.v21i2.38207",Paikgachha,Khulna,22.5906,89.3403
Khulna,1,Fallow-Fallow-T. Aman,Mongla,2000.0,74.07,2.06,"Bangladesh Rice Journal 21(2) 2017, 'Cropping Systems and their Diversity in Khulna Region', doi:10.3329/brj.v21i2.38207",Mongla,Bagerhat,22.3313,89.6749
Khulna,1,Fallow-Fallow-T. Aman,Rupsha,2000.0,24.51,2.06,"Bangladesh Rice Journal 21(2) 2017, 'Cropping Systems and their Diversity in Khulna Region', doi:10.3329/brj.v21i2.38207",Rupsa,Khulna,22.8203,89.6364
Khulna,1,Fallow-Fallow-T. Aman,Kachua,700.0,7.67,0.72,"Bangladesh Rice Journal 21(2) 2017, 'Cropping Systems and their Diversity in Khulna Region', doi:10.3329/brj.v21i2.38207",Kachua,Chandpur,23.3627,90.8817
Khulna,1,Fallow-Fallow-T. Aman,Fakirhat,300.0,3.41,0.31,"Bangladesh Rice Journal 21(2) 2017, 'Cropping Systems and their Diversity in Khulna Region', doi:10.3329/brj.v21i2.38207",Fakirhat,Bagerhat,22.7425,89.6657
Khulna,1,Fallow-Fallow-T. Aman,Debhata,100.0,1.47,0.1,"Bangladesh Rice Journal 21(2) 2017, 'Cropping Systems and their Diversity in Khulna Region', doi:10.3329/brj.v21i2.38207",Debhata,Satkhira,22.5972,89.0153
Khulna,2,Boro-Fallow-T. Aman,Satkhira sadar,15000.0,55.73,18.65,"Bangladesh Rice Journal 21(2) 2017, 'Cropping Systems and their Diversity in Khulna Region', doi:10.3329/brj.v21i2.38207",Satkhira Sadar,Satkhira,22.721,89.0386
Khulna,2,Boro-Fallow-T. Aman,Dumuria,7400.0,25.09,9.2,"Bangladesh Rice Journal 21(2) 2017, 'Cropping Systems and their Diversity in Khulna Region', doi:10.3329/brj.v21i2.38207",Dumuria,Khulna,22.8054,89.398
Khulna,2,Boro-Fallow-T. Aman,Kalaroa,6850.0,39.06,8.52,"Bangladesh Rice Journal 21(2) 2017, 'Cropping Systems and their Diversity in Khulna Region', doi:10.3329/brj.v21i2.38207",Kalaroa,Satkhira,22.8807,89.0303
Khulna,2,Boro-Fallow-T. Aman,Assasuni,5600.0,48.7,6.96,"Bangladesh Rice Journal 21(2) 2017, 'Cropping Systems and their Diversity in Khulna Region', doi:10.3329/brj.v21i2.38207",Assasuni,Satkhira,22.5192,89.1874
Khulna,2,Boro-Fallow-T. Aman,Kaliganj,4600.0,24.92,5.72,"Bangladesh Rice Journal 21(2) 2017, 'Cropping Systems and their Diversity in Khulna Region', doi:10.3329/brj.v21i2.38207",Kaliganj,Gazipur,23.9642,90.5549
Khulna,2,Boro-Fallow-T. Aman,Bagerhat sadar,4500.0,27.02,5.6,"Bangladesh Rice Journal 21(2) 2017, 'Cropping Systems and their Diversity in Khulna Region', doi:10.3329/brj.v21i2.38207",Bagerhat Sadar,Bagerhat,22.6775,89.7632
Khulna,2,Boro-Fallow-T. Aman,Tala,4500.0,19.8,5.6,"Bangladesh Rice Journal 21(2) 2017, 'Cropping Systems and their Diversity in Khulna Region', doi:10.3329/brj.v21i2.38207",Tala,Satkhira,22.7401,89.2105
Khulna,2,Boro-Fallow-T. Aman,Chitalmari,3800.0,28.11,4.73,"Bangladesh Rice Journal 21(2) 2017, 'Cropping Systems and their Diversity in Khulna Region', doi:10.3329/brj.v21i2.38207",Chitalmari,Bagerhat,22.8123,89.8653
Khulna,2,Boro-Fallow-T. Aman,Batiaghata,2950.0,16.51,3.67,"Bangladesh Rice Journal 21(2) 2017, 'Cropping Systems and their Diversity in Khulna Region', doi:10.3329/brj.v21i2.38207",Batiaghata,Khulna,22.7143,89.5162
Khulna,2,Boro-Fallow-T. Aman,Fakirhat,2900.0,32.95,3.61,"Bangladesh Rice Journal 21(2) 2017, 'Cropping Systems and their Diversity in Khulna Region', doi:10.3329/brj.v21i2.38207",Fakirhat,Bagerhat,22.7425,89.6657
Khulna,2,Boro-Fallow-T. Aman,Kachua,2800.0,30.67,3.48,"Bangladesh Rice Journal 21(2) 2017, 'Cropping Systems and their Diversity in Khulna Region', doi:10.3329/brj.v21i2.38207",Kachua,Chandpur,23.3627,90.8817
Khulna,2,Boro-Fallow-T. Aman,Debhata,2800.0,41.09,3.48,"Bangladesh Rice Journal 21(2) 2017, 'Cropping Systems and their Diversity in Khulna Region', doi:10.3329/brj.v21i2.38207",Debhata,Satkhira,22.5972,89.0153
Khulna,2,Boro-Fallow-T. Aman,Mollahat,2500.0,15.45,3.11,"Bangladesh Rice Journal 21(2) 2017, 'Cropping Systems and their Diversity in Khulna Region', doi:10.3329/brj.v21i2.38207",Mollahat,Bagerhat,22.8827,89.7733
Khulna,2,Boro-Fallow-T. Aman,Koyra,2000.0,12.83,2.49,"Bangladesh Rice Journal 21(2) 2017, 'Cropping Systems and their Diversity in Khulna Region', doi:10.3329/brj.v21i2.38207",Koyra,Khulna,22.3377,89.3466
Khulna,2,Boro-Fallow-T. Aman,Rupsha,2000.0,24.51,2.49,"Bangladesh Rice Journal 21(2) 2017, 'Cropping Systems and their Diversity in Khulna Region', doi:10.3329/brj.v21i2.38207",Rupsa,Khulna,22.8203,89.6364
Khulna,2,Boro-Fallow-T. Aman,Phultala,1900.0,38.92,2.36,"Bangladesh Rice Journal 21(2) 2017, 'Cropping Systems and their Diversity in Khulna Region', doi:10.3329/brj.v21i2.38207",Phultala,Khulna,22.9565,89.4419
Khulna,2,Boro-Fallow-T. Aman,Morrelganj,1800.0,6.5,2.24,"Bangladesh Rice Journal 21(2) 2017, 'Cropping Systems and their Diversity in Khulna Region', doi:10.3329/brj.v21i2.38207",Morrelganj,Bagerhat,22.4838,89.8336
Khulna,2,Boro-Fallow-T. Aman,Dighalia,1700.0,29.72,2.11,"Bangladesh Rice Journal 21(2) 2017, 'Cropping Systems and their Diversity in Khulna Region', doi:10.3329/brj.v21i2.38207",Dighalia,Khulna,22.9252,89.5601
Khulna,2,Boro-Fallow-T. Aman,Shyamnagar,1600.0,9.15,1.99,"Bangladesh Rice Journal 21(2) 2017, 'Cropping Systems and their Diversity in Khulna Region', doi:10.3329/brj.v21i2.38207",Shyamnagar,Satkhira,22.2236,89.1612
Khulna,2,Boro-Fallow-T. Aman,Paikgachha,1500.0,8.76,1.87,"Bangladesh Rice Journal 21(2) 2017, 'Cropping Systems and their Diversity in Khulna Region', doi:10.3329/brj.v21i2.38207",Paikgachha,Khulna,22.5906,89.3403
Khulna,2,Boro-Fallow-T. Aman,Rampal,1200.0,12.77,1.49,"Bangladesh Rice Journal 21(2) 2017, 'Cropping Systems and their Diversity in Khulna Region', doi:10.3329/brj.v21i2.38207",Rampal,Bagerhat,22.5914,89.6522
Khulna,2,Boro-Fallow-T. Aman,Terokhada,400.0,4.21,0.5,"Bangladesh Rice Journal 21(2) 2017, 'Cropping Systems and their Diversity in Khulna Region', doi:10.3329/brj.v21i2.38207",Terokhada,Khulna,22.9126,89.6543
Khulna,2,Boro-Fallow-T. Aman,Sarankhola,100.0,1.06,0.12,"Bangladesh Rice Journal 21(2) 2017, 'Cropping Systems and their Diversity in Khulna Region', doi:10.3329/brj.v21i2.38207",Sarankhola,Bagerhat,22.2253,89.8144
Khulna,2,Boro-Fallow-T. Aman,Dacope,20.0,0.11,0.02,"Bangladesh Rice Journal 21(2) 2017, 'Cropping Systems and their Diversity in Khulna Region', doi:10.3329/brj.v21i2.38207",Dacope,Khulna,22.3889,89.5185
Khulna,3,Boro-Fish,Chitalmari,6800.0,50.3,21.66,"Bangladesh Rice Journal 21(2) 2017, 'Cropping Systems and their Diversity in Khulna Region', doi:10.3329/brj.v21i2.38207",Chitalmari,Bagerhat,22.8123,89.8653
Khulna,3,Boro-Fish,Dumuria,3900.0,13.22,12.42,"Bangladesh Rice Journal 21(2) 2017, 'Cropping Systems and their Diversity in Khulna Region', doi:10.3329/brj.v21i2.38207",Dumuria,Khulna,22.8054,89.398
Khulna,3,Boro-Fish,Rupsha,3400.0,41.67,10.83,"Bangladesh Rice Journal 21(2) 2017, 'Cropping Systems and their Diversity in Khulna Region', doi:10.3329/brj.v21i2.38207",Rupsa,Khulna,22.8203,89.6364
Khulna,3,Boro-Fish,Tala,3000.0,13.2,9.55,"Bangladesh Rice Journal 21(2) 2017, 'Cropping Systems and their Diversity in Khulna Region', doi:10.3329/brj.v21i2.38207",Tala,Satkhira,22.7401,89.2105
Khulna,3,Boro-Fish,Kalaroa,2600.0,14.82,8.28,"Bangladesh Rice Journal 21(2) 2017, 'Cropping Systems and their Diversity in Khulna Region', doi:10.3329/brj.v21i2.38207",Kalaroa,Satkhira,22.8807,89.0303
Khulna,3,Boro-Fish,Mollahat,1800.0,11.13,5.73,"Bangladesh Rice Journal 21(2) 2017, 'Cropping Systems and their Diversity in Khulna Region', doi:10.3329/brj.v21i2.38207",Mollahat,Bagerhat,22.8827,89.7733
Khulna,3,Boro-Fish,Terokhada,1700.0,17.9,5.41,"Bangladesh Rice Journal 21(2) 2017, 'Cropping Systems and their Diversity in Khulna Region', doi:10.3329/brj.v21i2.38207",Terokhada,Khulna,22.9126,89.6543
Khulna,3,Boro-Fish,Bagerhat sadar,1500.0,9.01,4.78,"Bangladesh Rice Journal 21(2) 2017, 'Cropping Systems and their Diversity in Khulna Region', doi:10.3329/brj.v21i2.38207",Bagerhat Sadar,Bagerhat,22.6775,89.7632
Khulna,3,Boro-Fish,Phultala,1500.0,30.73,4.78,"Bangladesh Rice Journal 21(2) 2017, 'Cropping Systems and their Diversity in Khulna Region', doi:10.3329/brj.v21i2.38207",Phultala,Khulna,22.9565,89.4419
Khulna,3,Boro-Fish,Rampal,1400.0,14.89,4.46,"Bangladesh Rice Journal 21(2) 2017, 'Cropping Systems and their Diversity in Khulna Region', doi:10.3329/brj.v21i2.38207",Rampal,Bagerhat,22.5914,89.6522
Khulna,3,Boro-Fish,Fakirhat,1300.0,14.77,4.14,"Bangladesh Rice Journal 21(2) 2017, 'Cropping Systems and their Diversity in Khulna Region', doi:10.3329/brj.v21i2.38207",Fakirhat,Bagerhat,22.7425,89.6657
Khulna,3,Boro-Fish,Dighalia,800.0,13.99,2.55,"Bangladesh Rice Journal 21(2) 2017, 'Cropping Systems and their Diversity in Khulna Region', doi:10.3329/brj.v21i2.38207",Dighalia,Khulna,22.9252,89.5601
Khulna,3,Boro-Fish,Batiaghata,500.0,2.8,1.59,"Bangladesh Rice Journal 21(2) 2017, 'Cropping Systems and their Diversity in Khulna Region', doi:10.3329/brj.v21i2.38207",Batiaghata,Khulna,22.7143,89.5162
Khulna,3,Boro-Fish,Debhata,500.0,7.34,1.59,"Bangladesh Rice Journal 21(2) 2017, 'Cropping Systems and their Diversity in Khulna Region', doi:10.3329/brj.v21i2.38207",Debhata,Satkhira,22.5972,89.0153
Khulna,3,Boro-Fish,Kachua,400.0,4.38,1.27,"Bangladesh Rice Journal 21(2) 2017, 'Cropping Systems and their Diversity in Khulna Region', doi:10.3329/brj.v21i2.38207",Kachua,Chandpur,23.3627,90.8817
Khulna,3,Boro-Fish,Satkhira sadar,200.0,0.74,0.64,"Bangladesh Rice Journal 21(2) 2017, 'Cropping Systems and their Diversity in Khulna Region', doi:10.3329/brj.v21i2.38207",Satkhira Sadar,Satkhira,22.721,89.0386
Khulna,3,Boro-Fish,Assasuni,100.0,0.87,0.32,"Bangladesh Rice Journal 21(2) 2017, 'Cropping Systems and their Diversity in Khulna Region', doi:10.3329/brj.v21i2.38207",Assasuni,Satkhira,22.5192,89.1874
Khulna,4,Boro-Fallow-Fallow,Dumuria,4400.0,14.92,15.8,"Bangladesh Rice Journal 21(2) 2017, 'Cropping Systems and their Diversity in Khulna Region', doi:10.3329/brj.v21i2.38207",Dumuria,Khulna,22.8054,89.398
Khulna,4,Boro-Fallow-Fallow,Mollahat,4200.0,25.96,15.08,"Bangladesh Rice Journal 21(2) 2017, 'Cropping Systems and their Diversity in Khulna Region', doi:10.3329/brj.v21i2.38207",Mollahat,Bagerhat,22.8827,89.7733
Khulna,4,Boro-Fallow-Fallow,Tala,4000.0,17.6,14.36,"Bangladesh Rice Journal 21(2) 2017, 'Cropping Systems and their Diversity in Khulna Region', doi:10.3329/brj.v21i2.38207",Tala,Satkhira,22.7401,89.2105
Khulna,4,Boro-Fallow-Fallow,Bagerhat sadar,2900.0,17.41,10.41,"Bangladesh Rice Journal 21(2) 2017, 'Cropping Systems and their Diversity in Khulna Region', doi:10.3329/brj.v21i2.38207",Bagerhat Sadar,Bagerhat,22.6775,89.7632
Khulna,4,Boro-Fallow-Fallow,Fakirhat,2800.0,31.82,10.05,"Bangladesh Rice Journal 21(2) 2017, 'Cropping Systems and their Diversity in Khulna Region', doi:10.3329/brj.v21i2.38207",Fakirhat,Bagerhat,22.7425,89.6657
Khulna,4,Boro-Fallow-Fallow,Rampal,1900.0,20.21,6.82,"Bangladesh Rice Journal 21(2) 2017, 'Cropping Systems and their Diversity in Khulna Region', doi:10.3329/brj.v21i2.38207",Rampal,Bagerhat,22.5914,89.6522
Khulna,4,Boro-Fallow-Fallow,Chitalmari,1000.0,7.4,3.59,"Bangladesh Rice Journal 21(2) 2017, 'Cropping Systems and their Diversity in Khulna Region', doi:10.3329/brj.v21i2.38207",Chitalmari,Bagerhat,22.8123,89.8653
Khulna,4,Boro-Fallow-Fallow,Kalaroa,1000.0,5.7,3.59,"Bangladesh Rice Journal 21(2) 2017, 'Cropping Systems and their Diversity in Khulna Region', doi:10.3329/brj.v21i2.38207",Kalaroa,Satkhira,22.8807,89.0303
Khulna,4,Boro-Fallow-Fallow,Satkhira,1000.0,3.72,3.59,"Bangladesh Rice Journal 21(2) 2017, 'Cropping Systems and their Diversity in Khulna Region', doi:10.3329/brj.v21i2.38207",Satkhira Sadar,Satkhira,22.721,89.0386
Khulna,4,Boro-Fallow-Fallow,Kachua,800.0,8.76,2.87,"Bangladesh Rice Journal 21(2) 2017, 'Cropping Systems and their Diversity in Khulna Region', doi:10.3329/brj.v21i2.38207",Kachua,Chandpur,23.3627,90.8817
Khulna,4,Boro-Fallow-Fallow,Dighalia,700.0,12.24,2.51,"Bangladesh Rice Journal 21(2) 2017, 'Cropping Systems and their Diversity in Khulna Region', doi:10.3329/brj.v21i2.38207",Dighalia,Khulna,22.9252,89.5601
Khulna,4,Boro-Fallow-Fallow,Paikgachha,700.0,4.09,2.51,"Bangladesh Rice Journal 21(2) 2017, 'Cropping Systems and their Diversity in Khulna Region', doi:10.3329/brj.v21i2.38207",Paikgachha,Khulna,22.5906,89.3403
Khulna,4,Boro-Fallow-Fallow,Terokhada,700.0,7.37,2.51,"Bangladesh Rice Journal 21(2) 2017, 'Cropping Systems and their Diversity in Khulna Region', doi:10.3329/brj.v21i2.38207",Terokhada,Khulna,22.9126,89.6543
Khulna,4,Boro-Fallow-Fallow,Debhata,600.0,8.8,2.15,"Bangladesh Rice Journal 21(2) 2017, 'Cropping Systems and their Diversity in Khulna Region', doi:10.3329/brj.v21i2.38207",Debhata,Satkhira,22.5972,89.0153
Khulna,4,Boro-Fallow-Fallow,Phultola,500.0,10.24,1.8,"Bangladesh Rice Journal 21(2) 2017, 'Cropping Systems and their Diversity in Khulna Region', doi:10.3329/brj.v21i2.38207",Phultala,Khulna,22.9565,89.4419
Khulna,4,Boro-Fallow-Fallow,Assasuni,400.0,3.48,1.44,"Bangladesh Rice Journal 21(2) 2017, 'Cropping Systems and their Diversity in Khulna Region', doi:10.3329/brj.v21i2.38207",Assasuni,Satkhira,22.5192,89.1874
Khulna,4,Boro-Fallow-Fallow,Koyra,150.0,0.96,0.54,"Bangladesh Rice Journal 21(2) 2017, 'Cropping Systems and their Diversity in Khulna Region', doi:10.3329/brj.v21i2.38207",Koyra,Khulna,22.3377,89.3466
Khulna,4,Boro-Fallow-Fallow,Morrelganj,100.0,0.36,0.36,"Bangladesh Rice Journal 21(2) 2017, 'Cropping Systems and their Diversity in Khulna Region', doi:10.3329/brj.v21i2.38207",Morrelganj,Bagerhat,22.4838,89.8336
Khulna,5,Fish-T. Aman,Paikgachha,8500.0,49.66,41.67,"Bangladesh Rice Journal 21(2) 2017, 'Cropping Systems and their Diversity in Khulna Region', doi:10.3329/brj.v21i2.38207",Paikgachha,Khulna,22.5906,89.3403
Khulna,5,Fish-T. Aman,Kaliganj,3500.0,18.96,17.16,"Bangladesh Rice Journal 21(2) 2017, 'Cropping Systems and their Diversity in Khulna Region', doi:10.3329/brj.v21i2.38207",Kaliganj,Gazipur,23.9642,90.5549
Khulna,5,Fish-T. Aman,Tala,2500.0,11.0,12.25,"Bangladesh Rice Journal 21(2) 2017, 'Cropping Systems and their Diversity in Khulna Region', doi:10.3329/brj.v21i2.38207",Tala,Satkhira,22.7401,89.2105
Khulna,5,Fish-T. Aman,Koyra,2000.0,12.83,9.8,"Bangladesh Rice Journal 21(2) 2017, 'Cropping Systems and their Diversity in Khulna Region', doi:10.3329/brj.v21i2.38207",Koyra,Khulna,22.3377,89.3466
Khulna,5,Fish-T. Aman,Shyamnagar,2000.0,11.44,9.8,"Bangladesh Rice Journal 21(2) 2017, 'Cropping Systems and their Diversity in Khulna Region', doi:10.3329/brj.v21i2.38207",Shyamnagar,Satkhira,22.2236,89.1612
Khulna,5,Fish-T. Aman,Morrelganj,1500.0,5.41,7.35,"Bangladesh Rice Journal 21(2) 2017, 'Cropping Systems and their Diversity in Khulna Region', doi:10.3329/brj.v21i2.38207",Morrelganj,Bagerhat,22.4838,89.8336
Khulna,5,Fish-T. Aman,Batiaghata,300.0,1.68,1.47,"Bangladesh Rice Journal 21(2) 2017, 'Cropping Systems and their Diversity in Khulna Region', doi:10.3329/brj.v21i2.38207",Batiaghata,Khulna,22.7143,89.5162
Khulna,5,Fish-T. Aman,Debhata,100.0,1.47,0.49,"Bangladesh Rice Journal 21(2) 2017, 'Cropping Systems and their Diversity in Khulna Region', doi:10.3329/brj.v21i2.38207",Debhata,Satkhira,22.5972,89.0153
Mymensingh,1,Boro-Fallow-T. Aman,Jamalpur sadar,25200.0,65.81,5.34,"Bangladesh Rice Journal 21(2) 2017, 'Cropping Patterns in Mymensingh Region: Diversity, Constraint and Potential', doi:10.3329/brj.v21i2.38208",Jamalpur Sadar,Jamalpur,24.8442,90.0125
Mymensingh,1,Boro-Fallow-T. Aman,Phulpur,20000.0,82.85,4.24,"Bangladesh Rice Journal 21(2) 2017, 'Cropping Patterns in Mymensingh Region: Diversity, Constraint and Potential', doi:10.3329/brj.v21i2.38208",Phulpur,Mymensingh,24.9085,90.4064
Mymensingh,1,Boro-Fallow-T. Aman,Purbadhala,20000.0,85.88,4.24,"Bangladesh Rice Journal 21(2) 2017, 'Cropping Patterns in Mymensingh Region: Diversity, Constraint and Potential', doi:10.3329/brj.v21i2.38208",Purbadhala,Netrakona,24.9338,90.602
Mymensingh,1,Boro-Fallow-T. Aman,Nalitabari,19500.0,81.47,4.14,"Bangladesh Rice Journal 21(2) 2017, 'Cropping Patterns in Mymensingh Region: Diversity, Constraint and Potential', doi:10.3329/brj.v21i2.38208",Nalitabari,Sherpur,25.1175,90.1835
Mymensingh,1,Boro-Fallow-T. Aman,Nandail,18900.0,79.45,4.01,"Bangladesh Rice Journal 21(2) 2017, 'Cropping Patterns in Mymensingh Region: Diversity, Constraint and Potential', doi:10.3329/brj.v21i2.38208",Nandail,Mymensingh,24.5502,90.677
Mymensingh,1,Boro-Fallow-T. Aman,Netrokona sadar,17800.0,77.9,3.77,"Bangladesh Rice Journal 21(2) 2017, 'Cropping Patterns in Mymensingh Region: Diversity, Constraint and Potential', doi:10.3329/brj.v21i2.38208",Netrokona Sadar,Netrakona,24.8868,90.7374
Mymensingh,1,Boro-Fallow-T. Aman,Gouripur,17500.0,77.28,3.71,"Bangladesh Rice Journal 21(2) 2017, 'Cropping Patterns in Mymensingh Region: Diversity, Constraint and Potential', doi:10.3329/brj.v21i2.38208",Gauripur,Mymensingh,24.756,90.5858
Mymensingh,1,Boro-Fallow-T. Aman,Kendua,17100.0,72.52,3.63,"Bangladesh Rice Journal 21(2) 2017, 'Cropping Patterns in Mymensingh Region: Diversity, Constraint and Potential', doi:10.3329/brj.v21i2.38208",Kendua,Netrakona,24.6773,90.8028
Mymensingh,1,Boro-Fallow-T. Aman,Muktagachha,16500.0,72.2,3.5,"Bangladesh Rice Journal 21(2) 2017, 'Cropping Patterns in Mymensingh Region: Diversity, Constraint and Potential', doi:10.3329/brj.v21i2.38208",Muktagachha,Mymensingh,24.743,90.2038
Mymensingh,1,Boro-Fallow-T. Aman,Bhaluka,16400.0,72.55,3.48,"Bangladesh Rice Journal 21(2) 2017, 'Cropping Patterns in Mymensingh Region: Diversity, Constraint and Potential', doi:10.3329/brj.v21i2.38208",Bhaluka,Mymensingh,24.3817,90.3535
Mymensingh,1,Boro-Fallow-T. Aman,Ishwarganj,16400.0,69.91,3.48,"Bangladesh Rice Journal 21(2) 2017, 'Cropping Patterns in Mymensingh Region: Diversity, Constraint and Potential', doi:10.3329/brj.v21i2.38208",Ishwarganj,Mymensingh,24.645,90.5994
Mymensingh,1,Boro-Fallow-T. Aman,Trisal,16200.0,62.67,3.44,"Bangladesh Rice Journal 21(2) 2017, 'Cropping Patterns in Mymensingh Region: Diversity, Constraint and Potential', doi:10.3329/brj.v21i2.38208",Trishal,Mymensingh,24.5639,90.4093
Mymensingh,1,Boro-Fallow-T. Aman,Mymensingh sadar,16100.0,62.07,3.41,"Bangladesh Rice Journal 21(2) 2017, 'Cropping Patterns in Mymensingh Region: Diversity, Constraint and Potential', doi:10.3329/brj.v21i2.38208",Mymensingh Sadar,Mymensingh,24.7746,90.3614
Mymensingh,1,Boro-Fallow-T. Aman,Sherpur sadar,16000.0,56.94,3.39,"Bangladesh Rice Journal 21(2) 2017, 'Cropping Patterns in Mymensingh Region: Diversity, Constraint and Potential', doi:10.3329/brj.v21i2.38208",Sherpur Sadar,Sherpur,24.9929,90.0199
Mymensingh,1,Boro-Fallow-T. Aman,Phulbaria,14000.0,52.24,2.97,"Bangladesh Rice Journal 21(2) 2017, 'Cropping Patterns in Mymensingh Region: Diversity, Constraint and Potential', doi:10.3329/brj.v21i2.38208",Phulbari,Kurigram,25.9481,89.5713
Mymensingh,1,Boro-Fallow-T. Aman,Gafargaon,14000.0,48.43,2.97,"Bangladesh Rice Journal 21(2) 2017, 'Cropping Patterns in Mymensingh Region: Diversity, Constraint and Potential', doi:10.3329/brj.v21i2.38208",Gaffargaon,Mymensingh,24.3935,90.5495
Mymensingh,1,Boro-Fallow-T. Aman,Sreebardi,13100.0,71.11,2.78,"Bangladesh Rice Journal 21(2) 2017, 'Cropping Patterns in Mymensingh Region: Diversity, Constraint and Potential', doi:10.3329/brj.v21i2.38208",Sreebardi,Sherpur,25.1656,89.9549
Mymensingh,1,Boro-Fallow-T. Aman,Barhatta,13000.0,82.15,2.76,"Bangladesh Rice Journal 21(2) 2017, 'Cropping Patterns in Mymensingh Region: Diversity, Constraint and Potential', doi:10.3329/brj.v21i2.38208",Barhatta,Netrakona,24.9196,90.8852
Mymensingh,1,Boro-Fallow-T. Aman,Haluaghat,12500.0,46.31,2.65,"Bangladesh Rice Journal 21(2) 2017, 'Cropping Patterns in Mymensingh Region: Diversity, Constraint and Potential', doi:10.3329/brj.v21i2.38208",Haluaghat,Mymensingh,25.0846,90.3513
Mymensingh,1,Boro-Fallow-T. Aman,Melandaha,11500.0,53.69,2.44,"Bangladesh Rice Journal 21(2) 2017, 'Cropping Patterns in Mymensingh Region: Diversity, Constraint and Potential', doi:10.3329/brj.v21i2.38208",Melandaha,Jamalpur,24.9574,89.8247
Mymensingh,1,Boro-Fallow-T. Aman,Jhenaigati,11400.0,74.34,2.42,"Bangladesh Rice Journal 21(2) 2017, 'Cropping Patterns in Mymensingh Region: Diversity, Constraint and Potential', doi:10.3329/brj.v21i2.38208",Jhenaigati,Sherpur,25.1818,90.053
Mymensingh,1,Boro-Fallow-T. Aman,Dhubaura,10150.0,64.65,2.15,"Bangladesh Rice Journal 21(2) 2017, 'Cropping Patterns in Mymensingh Region: Diversity, Constraint and Potential', doi:10.3329/brj.v21i2.38208",Dhobaura,Mymensingh,25.1012,90.5249
Mymensingh,1,Boro-Fallow-T. Aman,Islampur,10000.0,38.76,2.12,"Bangladesh Rice Journal 21(2) 2017, 'Cropping Patterns in Mymensingh Region: Diversity, Constraint and Potential', doi:10.3329/brj.v21i2.38208",Islampur,Jamalpur,25.0752,89.7613
Mymensingh,1,Boro-Fallow-T. Aman,Sarishabari,9200.0,42.74,1.95,"Bangladesh Rice Journal 21(2) 2017, 'Cropping Patterns in Mymensingh Region: Diversity, Constraint and Potential', doi:10.3329/brj.v21i2.38208",Sarishabari,Jamalpur,24.7186,89.8304
Mymensingh,1,Boro-Fallow-T. Aman,Nakla,9000.0,60.89,1.91,"Bangladesh Rice Journal 21(2) 2017, 'Cropping Patterns in Mymensingh Region: Diversity, Constraint and Potential', doi:10.3329/brj.v21i2.38208",Nakla,Sherpur,24.9568,90.1836
Mymensingh,1,Boro-Fallow-T. Aman,Katiadi,8500.0,53.56,1.8,"Bangladesh Rice Journal 21(2) 2017, 'Cropping Patterns in Mymensingh Region: Diversity, Constraint and Potential', doi:10.3329/brj.v21i2.38208",Katiadi,Kishoreganj,24.2911,90.824
Mymensingh,1,Boro-Fallow-T. Aman,Atpara,8000.0,57.85,1.7,"Bangladesh Rice Journal 21(2) 2017, 'Cropping Patterns in Mymensingh Region: Diversity, Constraint and Potential', doi:10.3329/brj.v21i2.38208",Atpara,Netrakona,24.7914,90.8762
Mymensingh,1,Boro-Fallow-T. Aman,Durgapur,7200.0,39.11,1.53,"Bangladesh Rice Journal 21(2) 2017, 'Cropping Patterns in Mymensingh Region: Diversity, Constraint and Potential', doi:10.3329/brj.v21i2.38208",Durgapur,Netrakona,25.0897,90.6821
Mymensingh,1,Boro-Fallow-T. Aman,Madarganj,7100.0,35.78,1.51,"Bangladesh Rice Journal 21(2) 2017, 'Cropping Patterns in Mymensingh Region: Diversity, Constraint and Potential', doi:10.3329/brj.v21i2.38208",Madarganj,Jamalpur,24.8819,89.7408
Mymensingh,1,Boro-Fallow-T. Aman,Dewanganj,6200.0,33.79,1.31,"Bangladesh Rice Journal 21(2) 2017, 'Cropping Patterns in Mymensingh Region: Diversity, Constraint and Potential', doi:10.3329/brj.v21i2.38208",Dewanganj,Jamalpur,25.2636,89.7659
Mymensingh,1,Boro-Fallow-T. Aman,Baksiganj,6100.0,39.13,1.29,"Bangladesh Rice Journal 21(2) 2017, 'Cropping Patterns in Mymensingh Region: Diversity, Constraint and Potential', doi:10.3329/brj.v21i2.38208",Bakshiganj,Jamalpur,25.2149,89.8527
Mymensingh,1,Boro-Fallow-T. Aman,Madan,6100.0,33.32,1.29,"Bangladesh Rice Journal 21(2) 2017, 'Cropping Patterns in Mymensingh Region: Diversity, Constraint and Potential', doi:10.3329/brj.v21i2.38208",Madan,Netrakona,24.6775,90.9669
Mymensingh,1,Boro-Fallow-T. Aman,Karimganj,5700.0,39.56,1.21,"Bangladesh Rice Journal 21(2) 2017, 'Cropping Patterns in Mymensingh Region: Diversity, Constraint and Potential', doi:10.3329/brj.v21i2.38208",Karimganj,Kishoreganj,24.4513,90.896
Mymensingh,1,Boro-Fallow-T. Aman,Bajitpur,5600.0,38.05,1.19,"Bangladesh Rice Journal 21(2) 2017, 'Cropping Patterns in Mymensingh Region: Diversity, Constraint and Potential', doi:10.3329/brj.v21i2.38208",Bajitpur,Kishoreganj,24.2245,90.9512
Mymensingh,1,Boro-Fallow-T. Aman,Mohanganj,5500.0,34.2,1.17,"Bangladesh Rice Journal 21(2) 2017, 'Cropping Patterns in Mymensingh Region: Diversity, Constraint and Potential', doi:10.3329/brj.v21i2.38208",Mohanganj,Netrakona,24.8268,91.0237
Mymensingh,1,Boro-Fallow-T. Aman,Pakundia,5400.0,44.55,1.15,"Bangladesh Rice Journal 21(2) 2017, 'Cropping Patterns in Mymensingh Region: Diversity, Constraint and Potential', doi:10.3329/brj.v21i2.38208",Pakundia,Kishoreganj,24.3206,90.6926
Mymensingh,1,Boro-Fallow-T. Aman,Kuliarchar,4550.0,48.84,0.96,"Bangladesh Rice Journal 21(2) 2017, 'Cropping Patterns in Mymensingh Region: Diversity, Constraint and Potential', doi:10.3329/brj.v21i2.38208",Kuliar Char,Kishoreganj,24.152,90.8881
Mymensingh,1,Boro-Fallow-T. Aman,Kishoreganj sadar,3800.0,28.32,0.81,"Bangladesh Rice Journal 21(2) 2017, 'Cropping Patterns in Mymensingh Region: Diversity, Constraint and Potential', doi:10.3329/brj.v21i2.38208",Kishoreganj Sadar,Kishoreganj,24.4238,90.7833
Mymensingh,1,Boro-Fallow-T. Aman,Kalmakanda,3500.0,12.3,0.74,"Bangladesh Rice Journal 21(2) 2017, 'Cropping Patterns in Mymensingh Region: Diversity, Constraint and Potential', doi:10.3329/brj.v21i2.38208",Kalmakanda,Netrakona,25.077,90.8573
Mymensingh,1,Boro-Fallow-T. Aman,Tarail,3100.0,23.7,0.66,"Bangladesh Rice Journal 21(2) 2017, 'Cropping Patterns in Mymensingh Region: Diversity, Constraint and Potential', doi:10.3329/brj.v21i2.38208",Tarail,Kishoreganj,24.5503,90.8908
Mymensingh,1,Boro-Fallow-T. Aman,Hossainpur,1800.0,19.91,0.38,"Bangladesh Rice Journal 21(2) 2017, 'Cropping Patterns in Mymensingh Region: Diversity, Constraint and Potential', doi:10.3329/brj.v21i2.38208",Hossainpur,Kishoreganj,24.4488,90.6628
Mymensingh,1,Boro-Fallow-T. Aman,Bhairab,1100.0,15.58,0.23,"Bangladesh Rice Journal 21(2) 2017, 'Cropping Patterns in Mymensingh Region: Diversity, Constraint and Potential', doi:10.3329/brj.v21i2.38208",Bhairab,Kishoreganj,24.0974,90.9816
Mymensingh,1,Boro-Fallow-T. Aman,Astogram,400.0,1.55,0.08,"Bangladesh Rice Journal 21(2) 2017, 'Cropping Patterns in Mymensingh Region: Diversity, Constraint and Potential', doi:10.3329/brj.v21i2.38208",Austagram,Kishoreganj,24.323,91.1215
Mymensingh,1,Boro-Fallow-T. Aman,Itna,250.0,0.81,0.05,"Bangladesh Rice Journal 21(2) 2017, 'Cropping Patterns in Mymensingh Region: Diversity, Constraint and Potential', doi:10.3329/brj.v21i2.38208",Itna,Kishoreganj,24.5491,91.0826
Mymensingh,1,Boro-Fallow-T. Aman,Nikli,100.0,0.58,0.02,"Bangladesh Rice Journal 21(2) 2017, 'Cropping Patterns in Mymensingh Region: Diversity, Constraint and Potential', doi:10.3329/brj.v21i2.38208",Nikli,Kishoreganj,24.3368,90.9631
Mymensingh,1,Boro-Fallow-T. Aman,Khaliajuri,100.0,0.52,0.02,"Bangladesh Rice Journal 21(2) 2017, 'Cropping Patterns in Mymensingh Region: Diversity, Constraint and Potential', doi:10.3329/brj.v21i2.38208",Khaliajuri,Netrakona,24.7023,91.1212
Mymensingh,2,Boro-Fallow-Fallow,Itna,27500.0,89.0,12.58,"Bangladesh Rice Journal 21(2) 2017, 'Cropping Patterns in Mymensingh Region: Diversity, Constraint and Potential', doi:10.3329/brj.v21i2.38208",Itna,Kishoreganj,24.5491,91.0826
Mymensingh,2,Boro-Fallow-Fallow,Astogram,23200.0,89.91,10.61,"Bangladesh Rice Journal 21(2) 2017, 'Cropping Patterns in Mymensingh Region: Diversity, Constraint and Potential', doi:10.3329/brj.v21i2.38208",Austagram,Kishoreganj,24.323,91.1215
Mymensingh,2,Boro-Fallow-Fallow,Khaliajuri,18200.0,95.24,8.32,"Bangladesh Rice Journal 21(2) 2017, 'Cropping Patterns in Mymensingh Region: Diversity, Constraint and Potential', doi:10.3329/brj.v21i2.38208",Khaliajuri,Netrakona,24.7023,91.1212
Mymensingh,2,Boro-Fallow-Fallow,Kalmakanda,16400.0,57.66,7.5,"Bangladesh Rice Journal 21(2) 2017, 'Cropping Patterns in Mymensingh Region: Diversity, Constraint and Potential', doi:10.3329/brj.v21i2.38208",Kalmakanda,Netrakona,25.077,90.8573
Mymensingh,2,Boro-Fallow-Fallow,Mithamoin,16000.0,94.67,7.32,"Bangladesh Rice Journal 21(2) 2017, 'Cropping Patterns in Mymensingh Region: Diversity, Constraint and Potential', doi:10.3329/brj.v21i2.38208",Mithamain,Kishoreganj,24.433,91.1107
Mymensingh,2,Boro-Fallow-Fallow,Nikli,14500.0,84.28,6.63,"Bangladesh Rice Journal 21(2) 2017, 'Cropping Patterns in Mymensingh Region: Diversity, Constraint and Potential', doi:10.3329/brj.v21i2.38208",Nikli,Kishoreganj,24.3368,90.9631
Mymensingh,2,Boro-Fallow-Fallow,Durgapur,10200.0,55.4,4.66,"Bangladesh Rice Journal 21(2) 2017, 'Cropping Patterns in Mymensingh Region: Diversity, Constraint and Potential', doi:10.3329/brj.v21i2.38208",Durgapur,Netrakona,25.0897,90.6821
Mymensingh,2,Boro-Fallow-Fallow,Madan,9200.0,50.25,4.21,"Bangladesh Rice Journal 21(2) 2017, 'Cropping Patterns in Mymensingh Region: Diversity, Constraint and Potential', doi:10.3329/brj.v21i2.38208",Madan,Netrakona,24.6775,90.9669
Mymensingh,2,Boro-Fallow-Fallow,Mohanganj,8700.0,54.1,3.98,"Bangladesh Rice Journal 21(2) 2017, 'Cropping Patterns in Mymensingh Region: Diversity, Constraint and Potential', doi:10.3329/brj.v21i2.38208",Mohanganj,Netrakona,24.8268,91.0237
Mymensingh,2,Boro-Fallow-Fallow,Haluaghat,8200.0,30.38,3.75,"Bangladesh Rice Journal 21(2) 2017, 'Cropping Patterns in Mymensingh Region: Diversity, Constraint and Potential', doi:10.3329/brj.v21i2.38208",Haluaghat,Mymensingh,25.0846,90.3513
Mymensingh,2,Boro-Fallow-Fallow,Tarail,6200.0,47.4,2.84,"Bangladesh Rice Journal 21(2) 2017, 'Cropping Patterns in Mymensingh Region: Diversity, Constraint and Potential', doi:10.3329/brj.v21i2.38208",Tarail,Kishoreganj,24.5503,90.8908
Mymensingh,2,Boro-Fallow-Fallow,Gafargaon,5800.0,20.06,2.65,"Bangladesh Rice Journal 21(2) 2017, 'Cropping Patterns in Mymensingh Region: Diversity, Constraint and Potential', doi:10.3329/brj.v21i2.38208",Gaffargaon,Mymensingh,24.3935,90.5495
Mymensingh,2,Boro-Fallow-Fallow,Bajitpur,5200.0,35.33,2.38,"Bangladesh Rice Journal 21(2) 2017, 'Cropping Patterns in Mymensingh Region: Diversity, Constraint and Potential', doi:10.3329/brj.v21i2.38208",Bajitpur,Kishoreganj,24.2245,90.9512
Mymensingh,2,Boro-Fallow-Fallow,Kendua,4500.0,19.08,2.06,"Bangladesh Rice Journal 21(2) 2017, 'Cropping Patterns in Mymensingh Region: Diversity, Constraint and Potential', doi:10.3329/brj.v21i2.38208",Kendua,Netrakona,24.6773,90.8028
Mymensingh,2,Boro-Fallow-Fallow,Atpara,4000.0,28.92,1.83,"Bangladesh Rice Journal 21(2) 2017, 'Cropping Patterns in Mymensingh Region: Diversity, Constraint and Potential', doi:10.3329/brj.v21i2.38208",Atpara,Netrakona,24.7914,90.8762
Mymensingh,2,Boro-Fallow-Fallow,Ishwarganj,3600.0,15.35,1.65,"Bangladesh Rice Journal 21(2) 2017, 'Cropping Patterns in Mymensingh Region: Diversity, Constraint and Potential', doi:10.3329/brj.v21i2.38208",Ishwarganj,Mymensingh,24.645,90.5994
Mymensingh,2,Boro-Fallow-Fallow,Netrokona sadar,3600.0,15.75,1.65,"Bangladesh Rice Journal 21(2) 2017, 'Cropping Patterns in Mymensingh Region: Diversity, Constraint and Potential', doi:10.3329/brj.v21i2.38208",Netrokona Sadar,Netrakona,24.8868,90.7374
Mymensingh,2,Boro-Fallow-Fallow,Phulbaria,3500.0,13.06,1.6,"Bangladesh Rice Journal 21(2) 2017, 'Cropping Patterns in Mymensingh Region: Diversity, Constraint and Potential', doi:10.3329/brj.v21i2.38208",Phulbari,Kurigram,25.9481,89.5713
Mymensingh,2,Boro-Fallow-Fallow,Gouripur,2800.0,12.36,1.28,"Bangladesh Rice Journal 21(2) 2017, 'Cropping Patterns in Mymensingh Region: Diversity, Constraint and Potential', doi:10.3329/brj.v21i2.38208",Gauripur,Mymensingh,24.756,90.5858
Mymensingh,2,Boro-Fallow-Fallow,Karimganj,2700.0,18.74,1.23,"Bangladesh Rice Journal 21(2) 2017, 'Cropping Patterns in Mymensingh Region: Diversity, Constraint and Potential', doi:10.3329/brj.v21i2.38208",Karimganj,Kishoreganj,24.4513,90.896
Mymensingh,2,Boro-Fallow-Fallow,Purbadhala,2000.0,8.59,0.91,"Bangladesh Rice Journal 21(2) 2017, 'Cropping Patterns in Mymensingh Region: Diversity, Constraint and Potential', doi:10.3329/brj.v21i2.38208",Purbadhala,Netrakona,24.9338,90.602
Mymensingh,2,Boro-Fallow-Fallow,Dhubaura,1900.0,12.1,0.87,"Bangladesh Rice Journal 21(2) 2017, 'Cropping Patterns in Mymensingh Region: Diversity, Constraint and Potential', doi:10.3329/brj.v21i2.38208",Dhobaura,Mymensingh,25.1012,90.5249
Mymensingh,2,Boro-Fallow-Fallow,Madarganj,1850.0,9.32,0.85,"Bangladesh Rice Journal 21(2) 2017, 'Cropping Patterns in Mymensingh Region: Diversity, Constraint and Potential', doi:10.3329/brj.v21i2.38208",Madarganj,Jamalpur,24.8819,89.7408
Mymensingh,2,Boro-Fallow-Fallow,Bhairab,1800.0,25.5,0.82,"Bangladesh Rice Journal 21(2) 2017, 'Cropping Patterns in Mymensingh Region: Diversity, Constraint and Potential', doi:10.3329/brj.v21i2.38208",Bhairab,Kishoreganj,24.0974,90.9816
Mymensingh,2,Boro-Fallow-Fallow,Katiadi,1800.0,11.34,0.82,"Bangladesh Rice Journal 21(2) 2017, 'Cropping Patterns in Mymensingh Region: Diversity, Constraint and Potential', doi:10.3329/brj.v21i2.38208",Katiadi,Kishoreganj,24.2911,90.824
Mymensingh,2,Boro-Fallow-Fallow,Sarishabari,1500.0,6.97,0.69,"Bangladesh Rice Journal 21(2) 2017, 'Cropping Patterns in Mymensingh Region: Diversity, Constraint and Potential', doi:10.3329/brj.v21i2.38208",Sarishabari,Jamalpur,24.7186,89.8304
Mymensingh,2,Boro-Fallow-Fallow,Kuliarchar,1500.0,16.1,0.69,"Bangladesh Rice Journal 21(2) 2017, 'Cropping Patterns in Mymensingh Region: Diversity, Constraint and Potential', doi:10.3329/brj.v21i2.38208",Kuliar Char,Kishoreganj,24.152,90.8881
Mymensingh,2,Boro-Fallow-Fallow,Sherpur sadar,1500.0,5.34,0.69,"Bangladesh Rice Journal 21(2) 2017, 'Cropping Patterns in Mymensingh Region: Diversity, Constraint and Potential', doi:10.3329/brj.v21i2.38208",Sherpur Sadar,Sherpur,24.9929,90.0199
Mymensingh,2,Boro-Fallow-Fallow,Barhatta,1400.0,8.85,0.64,"Bangladesh Rice Journal 21(2) 2017, 'Cropping Patterns in Mymensingh Region: Diversity, Constraint and Potential', doi:10.3329/brj.v21i2.38208",Barhatta,Netrakona,24.9196,90.8852
Mymensingh,2,Boro-Fallow-Fallow,Nandail,1300.0,5.46,0.59,"Bangladesh Rice Journal 21(2) 2017, 'Cropping Patterns in Mymensingh Region: Diversity, Constraint and Potential', doi:10.3329/brj.v21i2.38208",Nandail,Mymensingh,24.5502,90.677
Mymensingh,2,Boro-Fallow-Fallow,Muktagachha,1200.0,5.25,0.55,"Bangladesh Rice Journal 21(2) 2017, 'Cropping Patterns in Mymensingh Region: Diversity, Constraint and Potential', doi:10.3329/brj.v21i2.38208",Muktagachha,Mymensingh,24.743,90.2038
Mymensingh,2,Boro-Fallow-Fallow,Bhaluka,1100.0,4.87,0.5,"Bangladesh Rice Journal 21(2) 2017, 'Cropping Patterns in Mymensingh Region: Diversity, Constraint and Potential', doi:10.3329/brj.v21i2.38208",Bhaluka,Mymensingh,24.3817,90.3535
Mymensingh,2,Boro-Fallow-Fallow,Melandaha,830.0,3.87,0.38,"Bangladesh Rice Journal 21(2) 2017, 'Cropping Patterns in Mymensingh Region: Diversity, Constraint and Potential', doi:10.3329/brj.v21i2.38208",Melandaha,Jamalpur,24.9574,89.8247
Mymensingh,2,Boro-Fallow-Fallow,Kishoreganj sadar,800.0,5.96,0.37,"Bangladesh Rice Journal 21(2) 2017, 'Cropping Patterns in Mymensingh Region: Diversity, Constraint and Potential', doi:10.3329/brj.v21i2.38208",Kishoreganj Sadar,Kishoreganj,24.4238,90.7833
Mymensingh,2,Boro-Fallow-Fallow,Baksiganj,750.0,4.81,0.34,"Bangladesh Rice Journal 21(2) 2017, 'Cropping Patterns in Mymensingh Region: Diversity, Constraint and Potential', doi:10.3329/brj.v21i2.38208",Bakshiganj,Jamalpur,25.2149,89.8527
Mymensingh,2,Boro-Fallow-Fallow,Sreebardi,750.0,4.07,0.34,"Bangladesh Rice Journal 21(2) 2017, 'Cropping Patterns in Mymensingh Region: Diversity, Constraint and Potential', doi:10.3329/brj.v21i2.38208",Sreebardi,Sherpur,25.1656,89.9549
Mymensingh,2,Boro-Fallow-Fallow,Hossainpur,500.0,5.53,0.23,"Bangladesh Rice Journal 21(2) 2017, 'Cropping Patterns in Mymensingh Region: Diversity, Constraint and Potential', doi:10.3329/brj.v21i2.38208",Hossainpur,Kishoreganj,24.4488,90.6628
Mymensingh,2,Boro-Fallow-Fallow,Jhenaigati,500.0,3.26,0.23,"Bangladesh Rice Journal 21(2) 2017, 'Cropping Patterns in Mymensingh Region: Diversity, Constraint and Potential', doi:10.3329/brj.v21i2.38208",Jhenaigati,Sherpur,25.1818,90.053
Mymensingh,2,Boro-Fallow-Fallow,Phulpur,400.0,1.66,0.18,"Bangladesh Rice Journal 21(2) 2017, 'Cropping Patterns in Mymensingh Region: Diversity, Constraint and Potential', doi:10.3329/brj.v21i2.38208",Phulpur,Mymensingh,24.9085,90.4064
Mymensingh,2,Boro-Fallow-Fallow,Pakundia,300.0,2.47,0.14,"Bangladesh Rice Journal 21(2) 2017, 'Cropping Patterns in Mymensingh Region: Diversity, Constraint and Potential', doi:10.3329/brj.v21i2.38208",Pakundia,Kishoreganj,24.3206,90.6926
Mymensingh,2,Boro-Fallow-Fallow,Mymensingh sadar,260.0,1.0,0.12,"Bangladesh Rice Journal 21(2) 2017, 'Cropping Patterns in Mymensingh Region: Diversity, Constraint and Potential', doi:10.3329/brj.v21i2.38208",Mymensingh Sadar,Mymensingh,24.7746,90.3614
Mymensingh,2,Boro-Fallow-Fallow,Trisal,260.0,1.01,0.12,"Bangladesh Rice Journal 21(2) 2017, 'Cropping Patterns in Mymensingh Region: Diversity, Constraint and Potential', doi:10.3329/brj.v21i2.38208",Trishal,Mymensingh,24.5639,90.4093
Mymensingh,2,Boro-Fallow-Fallow,Nalitabari,200.0,0.84,0.09,"Bangladesh Rice Journal 21(2) 2017, 'Cropping Patterns in Mymensingh Region: Diversity, Constraint and Potential', doi:10.3329/brj.v21i2.38208",Nalitabari,Sherpur,25.1175,90.1835
Mymensingh,2,Boro-Fallow-Fallow,Islampur,150.0,0.58,0.07,"Bangladesh Rice Journal 21(2) 2017, 'Cropping Patterns in Mymensingh Region: Diversity, Constraint and Potential', doi:10.3329/brj.v21i2.38208",Islampur,Jamalpur,25.0752,89.7613
Mymensingh,2,Boro-Fallow-Fallow,Jamalpur sadar,100.0,0.26,0.05,"Bangladesh Rice Journal 21(2) 2017, 'Cropping Patterns in Mymensingh Region: Diversity, Constraint and Potential', doi:10.3329/brj.v21i2.38208",Jamalpur Sadar,Jamalpur,24.8442,90.0125
Mymensingh,3,Mustard-Boro-T. Aman,Jamalpur sadar,3300.0,8.62,14.82,"Bangladesh Rice Journal 21(2) 2017, 'Cropping Patterns in Mymensingh Region: Diversity, Constraint and Potential', doi:10.3329/brj.v21i2.38208",Jamalpur Sadar,Jamalpur,24.8442,90.0125
Mymensingh,3,Mustard-Boro-T. Aman,Sarishabari,2800.0,13.01,12.57,"Bangladesh Rice Journal 21(2) 2017, 'Cropping Patterns in Mymensingh Region: Diversity, Constraint and Potential', doi:10.3329/brj.v21i2.38208",Sarishabari,Jamalpur,24.7186,89.8304
Mymensingh,3,Mustard-Boro-T. Aman,Sherpur sadar,1900.0,6.76,8.53,"Bangladesh Rice Journal 21(2) 2017, 'Cropping Patterns in Mymensingh Region: Diversity, Constraint and Potential', doi:10.3329/brj.v21i2.38208",Sherpur Sadar,Sherpur,24.9929,90.0199
Mymensingh,3,Mustard-Boro-T. Aman,Madarganj,1800.0,9.07,8.08,"Bangladesh Rice Journal 21(2) 2017, 'Cropping Patterns in Mymensingh Region: Diversity, Constraint and Potential', doi:10.3329/brj.v21i2.38208",Madarganj,Jamalpur,24.8819,89.7408
Mymensingh,3,Mustard-Boro-T. Aman,Melandaha,1600.0,7.47,7.18,"Bangladesh Rice Journal 21(2) 2017, 'Cropping Patterns in Mymensingh Region: Diversity, Constraint and Potential', doi:10.3329/brj.v21i2.38208",Melandaha,Jamalpur,24.9574,89.8247
Mymensingh,3,Mustard-Boro-T. Aman,Nalitabari,1600.0,6.68,7.18,"Bangladesh Rice Journal 21(2) 2017, 'Cropping Patterns in Mymensingh Region: Diversity, Constraint and Potential', doi:10.3329/brj.v21i2.38208",Nalitabari,Sherpur,25.1175,90.1835
Mymensingh,3,Mustard-Boro-T. Aman,Dewanganj,1400.0,7.63,6.29,"Bangladesh Rice Journal 21(2) 2017, 'Cropping Patterns in Mymensingh Region: Diversity, Constraint and Potential', doi:10.3329/brj.v21i2.38208",Dewanganj,Jamalpur,25.2636,89.7659
Mymensingh,3,Mustard-Boro-T. Aman,Karimganj,1200.0,8.33,5.39,"Bangladesh Rice Journal 21(2) 2017, 'Cropping Patterns in Mymensingh Region: Diversity, Constraint and Potential', doi:10.3329/brj.v21i2.38208",Karimganj,Kishoreganj,24.4513,90.896
Mymensingh,3,Mustard-Boro-T. Aman,Nakla,1000.0,6.77,4.49,"Bangladesh Rice Journal 21(2) 2017, 'Cropping Patterns in Mymensingh Region: Diversity, Constraint and Potential', doi:10.3329/brj.v21i2.38208",Nakla,Sherpur,24.9568,90.1836
Mymensingh,3,Mustard-Boro-T. Aman,Phulpur,700.0,2.9,3.14,"Bangladesh Rice Journal 21(2) 2017, 'Cropping Patterns in Mymensingh Region: Diversity, Constraint and Potential', doi:10.3329/brj.v21i2.38208",Phulpur,Mymensingh,24.9085,90.4064
Mymensingh,3,Mustard-Boro-T. Aman,Mymensingh sadar,700.0,2.7,3.14,"Bangladesh Rice Journal 21(2) 2017, 'Cropping Patterns in Mymensingh Region: Diversity, Constraint and Potential', doi:10.3329/brj.v21i2.38208",Mymensingh Sadar,Mymensingh,24.7746,90.3614
Mymensingh,3,Mustard-Boro-T. Aman,Sreebardi,700.0,3.8,3.14,"Bangladesh Rice Journal 21(2) 2017, 'Cropping Patterns in Mymensingh Region: Diversity, Constraint and Potential', doi:10.3329/brj.v21i2.38208",Sreebardi,Sherpur,25.1656,89.9549
Mymensingh,3,Mustard-Boro-T. Aman,Baksiganj,600.0,3.85,2.69,"Bangladesh Rice Journal 21(2) 2017, 'Cropping Patterns in Mymensingh Region: Diversity, Constraint and Potential', doi:10.3329/brj.v21i2.38208",Bakshiganj,Jamalpur,25.2149,89.8527
Mymensingh,3,Mustard-Boro-T. Aman,Trisal,600.0,2.32,2.69,"Bangladesh Rice Journal 21(2) 2017, 'Cropping Patterns in Mymensingh Region: Diversity, Constraint and Potential', doi:10.3329/brj.v21i2.38208",Trishal,Mymensingh,24.5639,90.4093
Mymensingh,3,Mustard-Boro-T. Aman,Muktagachha,400.0,1.75,1.8,"Bangladesh Rice Journal 21(2) 2017, 'Cropping Patterns in Mymensingh Region: Diversity, Constraint and Potential', doi:10.3329/brj.v21i2.38208",Muktagachha,Mymensingh,24.743,90.2038
Mymensingh,3,Mustard-Boro-T. Aman,Netrokona sadar,300.0,1.31,1.35,"Bangladesh Rice Journal 21(2) 2017, 'Cropping Patterns in Mymensingh Region: Diversity, Constraint and Potential', doi:10.3329/brj.v21i2.38208",Netrokona Sadar,Netrakona,24.8868,90.7374
Mymensingh,3,Mustard-Boro-T. Aman,Gouripur,250.0,1.1,1.12,"Bangladesh Rice Journal 21(2) 2017, 'Cropping Patterns in Mymensingh Region: Diversity, Constraint and Potential', doi:10.3329/brj.v21i2.38208",Gauripur,Mymensingh,24.756,90.5858
Mymensingh,3,Mustard-Boro-T. Aman,Madan,250.0,1.37,1.12,"Bangladesh Rice Journal 21(2) 2017, 'Cropping Patterns in Mymensingh Region: Diversity, Constraint and Potential', doi:10.3329/brj.v21i2.38208",Madan,Netrakona,24.6775,90.9669
Mymensingh,3,Mustard-Boro-T. Aman,Jhenaigati,250.0,1.63,1.12,"Bangladesh Rice Journal 21(2) 2017, 'Cropping Patterns in Mymensingh Region: Diversity, Constraint and Potential', doi:10.3329/brj.v21i2.38208",Jhenaigati,Sherpur,25.1818,90.053
Mymensingh,3,Mustard-Boro-T. Aman,Barhatta,200.0,1.26,0.9,"Bangladesh Rice Journal 21(2) 2017, 'Cropping Patterns in Mymensingh Region: Diversity, Constraint and Potential', doi:10.3329/brj.v21i2.38208",Barhatta,Netrakona,24.9196,90.8852
Mymensingh,3,Mustard-Boro-T. Aman,Kuliarchar,150.0,1.61,0.67,"Bangladesh Rice Journal 21(2) 2017, 'Cropping Patterns in Mymensingh Region: Diversity, Constraint and Potential', doi:10.3329/brj.v21i2.38208",Kuliar Char,Kishoreganj,24.152,90.8881
Mymensingh,3,Mustard-Boro-T. Aman,Phulbaria,150.0,0.56,0.67,"Bangladesh Rice Journal 21(2) 2017, 'Cropping Patterns in Mymensingh Region: Diversity, Constraint and Potential', doi:10.3329/brj.v21i2.38208",Phulbari,Kurigram,25.9481,89.5713
Mymensingh,3,Mustard-Boro-T. Aman,Pakundia,100.0,0.82,0.45,"Bangladesh Rice Journal 21(2) 2017, 'Cropping Patterns in Mymensingh Region: Diversity, Constraint and Potential', doi:10.3329/brj.v21i2.38208",Pakundia,Kishoreganj,24.3206,90.6926
Mymensingh,3,Mustard-Boro-T. Aman,Purbadhala,100.0,0.43,0.45,"Bangladesh Rice Journal 21(2) 2017, 'Cropping Patterns in Mymensingh Region: Diversity, Constraint and Potential', doi:10.3329/brj.v21i2.38208",Purbadhala,Netrakona,24.9338,90.602
Mymensingh,3,Mustard-Boro-T. Aman,Dhubaura,80.0,0.51,0.36,"Bangladesh Rice Journal 21(2) 2017, 'Cropping Patterns in Mymensingh Region: Diversity, Constraint and Potential', doi:10.3329/brj.v21i2.38208",Dhobaura,Mymensingh,25.1012,90.5249
Mymensingh,3,Mustard-Boro-T. Aman,Atpara,50.0,0.36,0.22,"Bangladesh Rice Journal 21(2) 2017, 'Cropping Patterns in Mymensingh Region: Diversity, Constraint and Potential', doi:10.3329/brj.v21i2.38208",Atpara,Netrakona,24.7914,90.8762
Mymensingh,3,Mustard-Boro-T. Aman,Nandail,40.0,0.17,0.18,"Bangladesh Rice Journal 21(2) 2017, 'Cropping Patterns in Mymensingh Region: Diversity, Constraint and Potential', doi:10.3329/brj.v21i2.38208",Nandail,Mymensingh,24.5502,90.677
Mymensingh,3,Mustard-Boro-T. Aman,Durgapur,40.0,0.22,0.18,"Bangladesh Rice Journal 21(2) 2017, 'Cropping Patterns in Mymensingh Region: Diversity, Constraint and Potential', doi:10.3329/brj.v21i2.38208",Durgapur,Netrakona,25.0897,90.6821
Mymensingh,3,Mustard-Boro-T. Aman,Bhaluka,10.0,0.04,0.04,"Bangladesh Rice Journal 21(2) 2017, 'Cropping Patterns in Mymensingh Region: Diversity, Constraint and Potential', doi:10.3329/brj.v21i2.38208",Bhaluka,Mymensingh,24.3817,90.3535
Mymensingh,4,Boro-Aus-T. Aman,Hossainpur,4200.0,46.45,19.31,"Bangladesh Rice Journal 21(2) 2017, 'Cropping Patterns in Mymensingh Region: Diversity, Constraint and Potential', doi:10.3329/brj.v21i2.38208",Hossainpur,Kishoreganj,24.4488,90.6628
Mymensingh,4,Boro-Aus-T. Aman,Kishoreganj sadar,3800.0,28.32,17.47,"Bangladesh Rice Journal 21(2) 2017, 'Cropping Patterns in Mymensingh Region: Diversity, Constraint and Potential', doi:10.3329/brj.v21i2.38208",Kishoreganj Sadar,Kishoreganj,24.4238,90.7833
Mymensingh,4,Boro-Aus-T. Aman,Phulbaria,3300.0,12.31,15.17,"Bangladesh Rice Journal 21(2) 2017, 'Cropping Patterns in Mymensingh Region: Diversity, Constraint and Potential', doi:10.3329/brj.v21i2.38208",Phulbari,Kurigram,25.9481,89.5713
Mymensingh,4,Boro-Aus-T. Aman,Pakundia,2100.0,17.32,9.66,"Bangladesh Rice Journal 21(2) 2017, 'Cropping Patterns in Mymensingh Region: Diversity, Constraint and Potential', doi:10.3329/brj.v21i2.38208",Pakundia,Kishoreganj,24.3206,90.6926
Mymensingh,4,Boro-Aus-T. Aman,Katiadi,1700.0,10.71,7.82,"Bangladesh Rice Journal 21(2) 2017, 'Cropping Patterns in Mymensingh Region: Diversity, Constraint and Potential', doi:10.3329/brj.v21i2.38208",Katiadi,Kishoreganj,24.2911,90.824
Mymensingh,4,Boro-Aus-T. Aman,Gafargaon,1300.0,4.5,5.98,"Bangladesh Rice Journal 21(2) 2017, 'Cropping Patterns in Mymensingh Region: Diversity, Constraint and Potential', doi:10.3329/brj.v21i2.38208",Gaffargaon,Mymensingh,24.3935,90.5495
Mymensingh,4,Boro-Aus-T. Aman,Nandail,1200.0,5.04,5.52,"Bangladesh Rice Journal 21(2) 2017, 'Cropping Patterns in Mymensingh Region: Diversity, Constraint and Potential', doi:10.3329/brj.v21i2.38208",Nandail,Mymensingh,24.5502,90.677
Mymensingh,4,Boro-Aus-T. Aman,Haluaghat,1000.0,3.71,4.6,"Bangladesh Rice Journal 21(2) 2017, 'Cropping Patterns in Mymensingh Region: Diversity, Constraint and Potential', doi:10.3329/brj.v21i2.38208",Haluaghat,Mymensingh,25.0846,90.3513
Mymensingh,4,Boro-Aus-T. Aman,Sreebardi,700.0,3.8,3.22,"Bangladesh Rice Journal 21(2) 2017, 'Cropping Patterns in Mymensingh Region: Diversity, Constraint and Potential', doi:10.3329/brj.v21i2.38208",Sreebardi,Sherpur,25.1656,89.9549
Mymensingh,4,Boro-Aus-T. Aman,Muktagachha,600.0,2.63,2.76,"Bangladesh Rice Journal 21(2) 2017, 'Cropping Patterns in Mymensingh Region: Diversity, Constraint and Potential', doi:10.3329/brj.v21i2.38208",Muktagachha,Mymensingh,24.743,90.2038
Mymensingh,4,Boro-Aus-T. Aman,Ishwarganj,400.0,1.71,1.84,"Bangladesh Rice Journal 21(2) 2017, 'Cropping Patterns in Mymensingh Region: Diversity, Constraint and Potential', doi:10.3329/brj.v21i2.38208",Ishwarganj,Mymensingh,24.645,90.5994
Mymensingh,4,Boro-Aus-T. Aman,Nalitabari,400.0,1.67,1.84,"Bangladesh Rice Journal 21(2) 2017, 'Cropping Patterns in Mymensingh Region: Diversity, Constraint and Potential', doi:10.3329/brj.v21i2.38208",Nalitabari,Sherpur,25.1175,90.1835
Mymensingh,4,Boro-Aus-T. Aman,Karimganj,300.0,2.08,1.38,"Bangladesh Rice Journal 21(2) 2017, 'Cropping Patterns in Mymensingh Region: Diversity, Constraint and Potential', doi:10.3329/brj.v21i2.38208",Karimganj,Kishoreganj,24.4513,90.896
Mymensingh,4,Boro-Aus-T. Aman,Bajitpur,200.0,1.36,0.92,"Bangladesh Rice Journal 21(2) 2017, 'Cropping Patterns in Mymensingh Region: Diversity, Constraint and Potential', doi:10.3329/brj.v21i2.38208",Bajitpur,Kishoreganj,24.2245,90.9512
Mymensingh,4,Boro-Aus-T. Aman,Jhenaigati,200.0,1.3,0.92,"Bangladesh Rice Journal 21(2) 2017, 'Cropping Patterns in Mymensingh Region: Diversity, Constraint and Potential', doi:10.3329/brj.v21i2.38208",Jhenaigati,Sherpur,25.1818,90.053
Mymensingh,4,Boro-Aus-T. Aman,Madarganj,50.0,0.25,0.23,"Bangladesh Rice Journal 21(2) 2017, 'Cropping Patterns in Mymensingh Region: Diversity, Constraint and Potential', doi:10.3329/brj.v21i2.38208",Madarganj,Jamalpur,24.8819,89.7408
Mymensingh,4,Boro-Aus-T. Aman,Kuliarchar,50.0,0.54,0.23,"Bangladesh Rice Journal 21(2) 2017, 'Cropping Patterns in Mymensingh Region: Diversity, Constraint and Potential', doi:10.3329/brj.v21i2.38208",Kuliar Char,Kishoreganj,24.152,90.8881
Mymensingh,4,Boro-Aus-T. Aman,Bhaluka,50.0,0.22,0.23,"Bangladesh Rice Journal 21(2) 2017, 'Cropping Patterns in Mymensingh Region: Diversity, Constraint and Potential', doi:10.3329/brj.v21i2.38208",Bhaluka,Mymensingh,24.3817,90.3535
Mymensingh,4,Boro-Aus-T. Aman,Dhubaura,50.0,0.32,0.23,"Bangladesh Rice Journal 21(2) 2017, 'Cropping Patterns in Mymensingh Region: Diversity, Constraint and Potential', doi:10.3329/brj.v21i2.38208",Dhobaura,Mymensingh,25.1012,90.5249
Mymensingh,4,Boro-Aus-T. Aman,Mymensingh,50.0,0.19,0.23,"Bangladesh Rice Journal 21(2) 2017, 'Cropping Patterns in Mymensingh Region: Diversity, Constraint and Potential', doi:10.3329/brj.v21i2.38208",Mymensingh Sadar,Mymensingh,24.7746,90.3614
Mymensingh,4,Boro-Aus-T. Aman,Trisal,50.0,0.19,0.23,"Bangladesh Rice Journal 21(2) 2017, 'Cropping Patterns in Mymensingh Region: Diversity, Constraint and Potential', doi:10.3329/brj.v21i2.38208",Trishal,Mymensingh,24.5639,90.4093
Mymensingh,4,Boro-Aus-T. Aman,Nakla,50.0,0.34,0.23,"Bangladesh Rice Journal 21(2) 2017, 'Cropping Patterns in Mymensingh Region: Diversity, Constraint and Potential', doi:10.3329/brj.v21i2.38208",Nakla,Sherpur,24.9568,90.1836
Mymensingh,5,Boro-Jute-T. Aman,Madarganj,4300.0,21.67,23.69,"Bangladesh Rice Journal 21(2) 2017, 'Cropping Patterns in Mymensingh Region: Diversity, Constraint and Potential', doi:10.3329/brj.v21i2.38208",Madarganj,Jamalpur,24.8819,89.7408
Mymensingh,5,Boro-Jute-T. Aman,Melandaha,3000.0,14.01,16.53,"Bangladesh Rice Journal 21(2) 2017, 'Cropping Patterns in Mymensingh Region: Diversity, Constraint and Potential', doi:10.3329/brj.v21i2.38208",Melandaha,Jamalpur,24.9574,89.8247
Mymensingh,5,Boro-Jute-T. Aman,Baksiganj,2300.0,14.75,12.67,"Bangladesh Rice Journal 21(2) 2017, 'Cropping Patterns in Mymensingh Region: Diversity, Constraint and Potential', doi:10.3329/brj.v21i2.38208",Bakshiganj,Jamalpur,25.2149,89.8527
Mymensingh,5,Boro-Jute-T. Aman,Sarishabari,2300.0,10.68,12.67,"Bangladesh Rice Journal 21(2) 2017, 'Cropping Patterns in Mymensingh Region: Diversity, Constraint and Potential', doi:10.3329/brj.v21i2.38208",Sarishabari,Jamalpur,24.7186,89.8304
Mymensingh,5,Boro-Jute-T. Aman,Islampur,1300.0,5.04,7.16,"Bangladesh Rice Journal 21(2) 2017, 'Cropping Patterns in Mymensingh Region: Diversity, Constraint and Potential', doi:10.3329/brj.v21i2.38208",Islampur,Jamalpur,25.0752,89.7613
Mymensingh,5,Boro-Jute-T. Aman,Dewanganj,1200.0,6.54,6.61,"Bangladesh Rice Journal 21(2) 2017, 'Cropping Patterns in Mymensingh Region: Diversity, Constraint and Potential', doi:10.3329/brj.v21i2.38208",Dewanganj,Jamalpur,25.2636,89.7659
Mymensingh,5,Boro-Jute-T. Aman,Mymensingh sadar,1000.0,3.86,5.51,"Bangladesh Rice Journal 21(2) 2017, 'Cropping Patterns in Mymensingh Region: Diversity, Constraint and Potential', doi:10.3329/brj.v21i2.38208",Mymensingh Sadar,Mymensingh,24.7746,90.3614
Mymensingh,5,Boro-Jute-T. Aman,Trisal,950.0,3.68,5.23,"Bangladesh Rice Journal 21(2) 2017, 'Cropping Patterns in Mymensingh Region: Diversity, Constraint and Potential', doi:10.3329/brj.v21i2.38208",Trishal,Mymensingh,24.5639,90.4093
Mymensingh,5,Boro-Jute-T. Aman,Sherpur sadar,600.0,2.14,3.31,"Bangladesh Rice Journal 21(2) 2017, 'Cropping Patterns in Mymensingh Region: Diversity, Constraint and Potential', doi:10.3329/brj.v21i2.38208",Sherpur Sadar,Sherpur,24.9929,90.0199
Mymensingh,5,Boro-Jute-T. Aman,Sreebardi,550.0,2.99,3.03,"Bangladesh Rice Journal 21(2) 2017, 'Cropping Patterns in Mymensingh Region: Diversity, Constraint and Potential', doi:10.3329/brj.v21i2.38208",Sreebardi,Sherpur,25.1656,89.9549
Mymensingh,5,Boro-Jute-T. Aman,Bhaluka,200.0,0.88,1.1,"Bangladesh Rice Journal 21(2) 2017, 'Cropping Patterns in Mymensingh Region: Diversity, Constraint and Potential', doi:10.3329/brj.v21i2.38208",Bhaluka,Mymensingh,24.3817,90.3535
Mymensingh,5,Boro-Jute-T. Aman,Bajitpur,150.0,1.02,0.83,"Bangladesh Rice Journal 21(2) 2017, 'Cropping Patterns in Mymensingh Region: Diversity, Constraint and Potential', doi:10.3329/brj.v21i2.38208",Bajitpur,Kishoreganj,24.2245,90.9512
Mymensingh,5,Boro-Jute-T. Aman,Hossainpur,100.0,1.11,0.55,"Bangladesh Rice Journal 21(2) 2017, 'Cropping Patterns in Mymensingh Region: Diversity, Constraint and Potential', doi:10.3329/brj.v21i2.38208",Hossainpur,Kishoreganj,24.4488,90.6628
Mymensingh,5,Boro-Jute-T. Aman,Kuliarchar,100.0,1.07,0.55,"Bangladesh Rice Journal 21(2) 2017, 'Cropping Patterns in Mymensingh Region: Diversity, Constraint and Potential', doi:10.3329/brj.v21i2.38208",Kuliar Char,Kishoreganj,24.152,90.8881
Mymensingh,5,Boro-Jute-T. Aman,Nakla,100.0,0.68,0.55,"Bangladesh Rice Journal 21(2) 2017, 'Cropping Patterns in Mymensingh Region: Diversity, Constraint and Potential', doi:10.3329/brj.v21i2.38208",Nakla,Sherpur,24.9568,90.1836
Rajshahi,1,Boro-Fallow-T. Aman,Singra,19100.0,45.0,12.06,"Bangladesh Rice Journal 21(2) 2017, 'Cropping Systems and Land Use Pattern in Rajshahi Region', doi:10.3329/brj.v21i2.38209",Singra,Natore,24.5241,89.186
Rajshahi,1,Boro-Fallow-T. Aman,Dhamoirhat,13000.0,56.0,8.21,"Bangladesh Rice Journal 21(2) 2017, 'Cropping Systems and Land Use Pattern in Rajshahi Region', doi:10.3329/brj.v21i2.38209",Dhamoirhat,Naogaon,25.1304,88.823
Rajshahi,1,Boro-Fallow-T. Aman,Mohadebpur,12800.0,41.0,8.08,"Bangladesh Rice Journal 21(2) 2017, 'Cropping Systems and Land Use Pattern in Rajshahi Region', doi:10.3329/brj.v21i2.38209",Mahadebpur,Naogaon,24.9199,88.7647
Rajshahi,1,Boro-Fallow-T. Aman,Patnitala,12600.0,42.0,7.96,"Bangladesh Rice Journal 21(2) 2017, 'Cropping Systems and Land Use Pattern in Rajshahi Region', doi:10.3329/brj.v21i2.38209",Patnitala,Naogaon,25.0754,88.7165
Rajshahi,1,Boro-Fallow-T. Aman,Raninagar,12600.0,61.0,7.96,"Bangladesh Rice Journal 21(2) 2017, 'Cropping Systems and Land Use Pattern in Rajshahi Region', doi:10.3329/brj.v21i2.38209",Raninagar,Naogaon,24.7107,89.0218
Rajshahi,1,Boro-Fallow-T. Aman,Niamatpur,12000.0,37.0,7.58,"Bangladesh Rice Journal 21(2) 2017, 'Cropping Systems and Land Use Pattern in Rajshahi Region', doi:10.3329/brj.v21i2.38209",Niamatpur,Naogaon,24.8285,88.5515
Rajshahi,1,Boro-Fallow-T. Aman,Godagari,12000.0,30.0,7.58,"Bangladesh Rice Journal 21(2) 2017, 'Cropping Systems and Land Use Pattern in Rajshahi Region', doi:10.3329/brj.v21i2.38209",Godagari,Rajshahi,24.4836,88.4147
Rajshahi,1,Boro-Fallow-T. Aman,Badalgachhi,8500.0,53.0,5.37,"Bangladesh Rice Journal 21(2) 2017, 'Cropping Systems and Land Use Pattern in Rajshahi Region', doi:10.3329/brj.v21i2.38209",Badalgachhi,Naogaon,24.9659,88.9435
Rajshahi,1,Boro-Fallow-T. Aman,Tanor,7400.0,33.0,4.67,"Bangladesh Rice Journal 21(2) 2017, 'Cropping Systems and Land Use Pattern in Rajshahi Region', doi:10.3329/brj.v21i2.38209",Tanore,Rajshahi,24.6202,88.5312
Rajshahi,1,Boro-Fallow-T. Aman,Manda,6500.0,22.0,4.1,"Bangladesh Rice Journal 21(2) 2017, 'Cropping Systems and Land Use Pattern in Rajshahi Region', doi:10.3329/brj.v21i2.38209",Manda,Naogaon,24.7444,88.713
Rajshahi,1,Boro-Fallow-T. Aman,Naogan Sodar,6000.0,30.0,3.79,"Bangladesh Rice Journal 21(2) 2017, 'Cropping Systems and Land Use Pattern in Rajshahi Region', doi:10.3329/brj.v21i2.38209",Naogaon Sadar,Naogaon,24.811,88.8981
Rajshahi,1,Boro-Fallow-T. Aman,Gomastapur,5800.0,23.9,3.66,"Bangladesh Rice Journal 21(2) 2017, 'Cropping Systems and Land Use Pattern in Rajshahi Region', doi:10.3329/brj.v21i2.38209",Gomastapur,Nawabganj,24.8569,88.355
Rajshahi,1,Boro-Fallow-T. Aman,Atrai,5300.0,22.5,3.35,"Bangladesh Rice Journal 21(2) 2017, 'Cropping Systems and Land Use Pattern in Rajshahi Region', doi:10.3329/brj.v21i2.38209",Atrai,Naogaon,24.6252,88.9879
Rajshahi,1,Boro-Fallow-T. Aman,Nachol,5000.0,20.0,3.16,"Bangladesh Rice Journal 21(2) 2017, 'Cropping Systems and Land Use Pattern in Rajshahi Region', doi:10.3329/brj.v21i2.38209",Nachole,Nawabganj,24.7267,88.3964
Rajshahi,1,Boro-Fallow-T. Aman,Porsha,4100.0,19.0,2.59,"Bangladesh Rice Journal 21(2) 2017, 'Cropping Systems and Land Use Pattern in Rajshahi Region', doi:10.3329/brj.v21i2.38209",Porsha,Naogaon,24.9922,88.5177
Rajshahi,1,Boro-Fallow-T. Aman,Naldanga,3500.0,29.0,2.21,"Bangladesh Rice Journal 21(2) 2017, 'Cropping Systems and Land Use Pattern in Rajshahi Region', doi:10.3329/brj.v21i2.38209",Sonadanga,Khulna,22.8197,89.5425
Rajshahi,1,Boro-Fallow-T. Aman,Shapahar,3000.0,15.0,1.89,"Bangladesh Rice Journal 21(2) 2017, 'Cropping Systems and Land Use Pattern in Rajshahi Region', doi:10.3329/brj.v21i2.38209",Sapahar,Naogaon,25.1182,88.5303
Rajshahi,1,Boro-Fallow-T. Aman,Bholahat,1900.0,22.0,1.2,"Bangladesh Rice Journal 21(2) 2017, 'Cropping Systems and Land Use Pattern in Rajshahi Region', doi:10.3329/brj.v21i2.38209",Bholahat,Nawabganj,24.8963,88.2097
Rajshahi,1,Boro-Fallow-T. Aman,Natore,1700.0,15.0,1.07,"Bangladesh Rice Journal 21(2) 2017, 'Cropping Systems and Land Use Pattern in Rajshahi Region', doi:10.3329/brj.v21i2.38209",Natore Sadar,Natore,24.4432,88.9841
Rajshahi,1,Boro-Fallow-T. Aman,Puthia,1700.0,17.0,1.07,"Bangladesh Rice Journal 21(2) 2017, 'Cropping Systems and Land Use Pattern in Rajshahi Region', doi:10.3329/brj.v21i2.38209",Puthia,Rajshahi,24.411,88.8274
Rajshahi,1,Boro-Fallow-T. Aman,Chapainawabganj,1000.0,3.5,0.63,"Bangladesh Rice Journal 21(2) 2017, 'Cropping Systems and Land Use Pattern in Rajshahi Region', doi:10.3329/brj.v21i2.38209",,,,
Rajshahi,1,Boro-Fallow-T. Aman,Durgapur,1000.0,7.6,0.63,"Bangladesh Rice Journal 21(2) 2017, 'Cropping Systems and Land Use Pattern in Rajshahi Region', doi:10.3329/brj.v21i2.38209",Durgapur,Netrakona,25.0897,90.6821
Rajshahi,1,Boro-Fallow-T. Aman,Baraigram,700.0,3.1,0.44,"Bangladesh Rice Journal 21(2) 2017, 'Cropping Systems and Land Use Pattern in Rajshahi Region', doi:10.3329/brj.v21i2.38209",Baraigram,Natore,24.2737,89.1476
Rajshahi,1,Boro-Fallow-T. Aman,Bagatipara,490.0,10.9,0.31,"Bangladesh Rice Journal 21(2) 2017, 'Cropping Systems and Land Use Pattern in Rajshahi Region', doi:10.3329/brj.v21i2.38209",Bagati Para,Natore,24.3122,88.9467
Rajshahi,1,Boro-Fallow-T. Aman,Shibganj,400.0,1.8,0.25,"Bangladesh Rice Journal 21(2) 2017, 'Cropping Systems and Land Use Pattern in Rajshahi Region', doi:10.3329/brj.v21i2.38209",Shibganj,Bogra,25.0166,89.3067
Rajshahi,1,Boro-Fallow-T. Aman,Paba,200.0,1.4,0.13,"Bangladesh Rice Journal 21(2) 2017, 'Cropping Systems and Land Use Pattern in Rajshahi Region', doi:10.3329/brj.v21i2.38209",Paba,Rajshahi,24.4022,88.6004
Rajshahi,1,Boro-Fallow-T. Aman,Charghat,100.0,1.2,0.06,"Bangladesh Rice Journal 21(2) 2017, 'Cropping Systems and Land Use Pattern in Rajshahi Region', doi:10.3329/brj.v21i2.38209",Charghat,Rajshahi,24.3001,88.7754
Rajshahi,2,Boro-Fallow-Fallow,Singra,7200.0,16.72,14.36,"Bangladesh Rice Journal 21(2) 2017, 'Cropping Systems and Land Use Pattern in Rajshahi Region', doi:10.3329/brj.v21i2.38209",Singra,Natore,24.5241,89.186
Rajshahi,2,Boro-Fallow-Fallow,Atrai,5900.0,25.0,11.77,"Bangladesh Rice Journal 21(2) 2017, 'Cropping Systems and Land Use Pattern in Rajshahi Region', doi:10.3329/brj.v21i2.38209",Atrai,Naogaon,24.6252,88.9879
Rajshahi,2,Boro-Fallow-Fallow,Naogaon sadar,5500.0,27.23,10.97,"Bangladesh Rice Journal 21(2) 2017, 'Cropping Systems and Land Use Pattern in Rajshahi Region', doi:10.3329/brj.v21i2.38209",Naogaon Sadar,Naogaon,24.811,88.8981
Rajshahi,2,Boro-Fallow-Fallow,Manda,4000.0,13.27,7.98,"Bangladesh Rice Journal 21(2) 2017, 'Cropping Systems and Land Use Pattern in Rajshahi Region', doi:10.3329/brj.v21i2.38209",Manda,Naogaon,24.7444,88.713
Rajshahi,2,Boro-Fallow-Fallow,Naldanga,3500.0,28.57,6.98,"Bangladesh Rice Journal 21(2) 2017, 'Cropping Systems and Land Use Pattern in Rajshahi Region', doi:10.3329/brj.v21i2.38209",Sonadanga,Khulna,22.8197,89.5425
Rajshahi,2,Boro-Fallow-Fallow,Baghmara,2800.0,9.98,5.59,"Bangladesh Rice Journal 21(2) 2017, 'Cropping Systems and Land Use Pattern in Rajshahi Region', doi:10.3329/brj.v21i2.38209",Baghmara,Rajshahi,24.5911,88.8107
Rajshahi,2,Boro-Fallow-Fallow,Porsha,2500.0,11.63,4.99,"Bangladesh Rice Journal 21(2) 2017, 'Cropping Systems and Land Use Pattern in Rajshahi Region', doi:10.3329/brj.v21i2.38209",Porsha,Naogaon,24.9922,88.5177
Rajshahi,2,Boro-Fallow-Fallow,Shapahar,2500.0,12.69,4.99,"Bangladesh Rice Journal 21(2) 2017, 'Cropping Systems and Land Use Pattern in Rajshahi Region', doi:10.3329/brj.v21i2.38209",Sapahar,Naogaon,25.1182,88.5303
Rajshahi,2,Boro-Fallow-Fallow,Gomastapur,2300.0,9.47,4.59,"Bangladesh Rice Journal 21(2) 2017, 'Cropping Systems and Land Use Pattern in Rajshahi Region', doi:10.3329/brj.v21i2.38209",Gomastapur,Nawabganj,24.8569,88.355
Rajshahi,2,Boro-Fallow-Fallow,Mohanpur,2250.0,19.91,4.49,"Bangladesh Rice Journal 21(2) 2017, 'Cropping Systems and Land Use Pattern in Rajshahi Region', doi:10.3329/brj.v21i2.38209",Mohanpur,Rajshahi,24.5536,88.6403
Rajshahi,2,Boro-Fallow-Fallow,Raninagar,2100.0,10.19,4.19,"Bangladesh Rice Journal 21(2) 2017, 'Cropping Systems and Land Use Pattern in Rajshahi Region', doi:10.3329/brj.v21i2.38209",Raninagar,Naogaon,24.7107,89.0218
Rajshahi,2,Boro-Fallow-Fallow,Durgapur,1500.0,11.45,2.99,"Bangladesh Rice Journal 21(2) 2017, 'Cropping Systems and Land Use Pattern in Rajshahi Region', doi:10.3329/brj.v21i2.38209",Durgapur,Netrakona,25.0897,90.6821
Rajshahi,2,Boro-Fallow-Fallow,Paba,1100.0,7.41,2.19,"Bangladesh Rice Journal 21(2) 2017, 'Cropping Systems and Land Use Pattern in Rajshahi Region', doi:10.3329/brj.v21i2.38209",Paba,Rajshahi,24.4022,88.6004
Rajshahi,2,Boro-Fallow-Fallow,Baraigram,1000.0,4.46,1.99,"Bangladesh Rice Journal 21(2) 2017, 'Cropping Systems and Land Use Pattern in Rajshahi Region', doi:10.3329/brj.v21i2.38209",Baraigram,Natore,24.2737,89.1476
Rajshahi,2,Boro-Fallow-Fallow,Gurudaspur,1000.0,6.62,1.99,"Bangladesh Rice Journal 21(2) 2017, 'Cropping Systems and Land Use Pattern in Rajshahi Region', doi:10.3329/brj.v21i2.38209",Gurudaspur,Natore,24.3728,89.203
Rajshahi,2,Boro-Fallow-Fallow,Patnitala,800.0,2.66,1.6,"Bangladesh Rice Journal 21(2) 2017, 'Cropping Systems and Land Use Pattern in Rajshahi Region', doi:10.3329/brj.v21i2.38209",Patnitala,Naogaon,25.0754,88.7165
Rajshahi,2,Boro-Fallow-Fallow,Nachol,600.0,2.4,1.2,"Bangladesh Rice Journal 21(2) 2017, 'Cropping Systems and Land Use Pattern in Rajshahi Region', doi:10.3329/brj.v21i2.38209",Nachole,Nawabganj,24.7267,88.3964
Rajshahi,2,Boro-Fallow-Fallow,Shibganj,600.0,2.64,1.2,"Bangladesh Rice Journal 21(2) 2017, 'Cropping Systems and Land Use Pattern in Rajshahi Region', doi:10.3329/brj.v21i2.38209",Shibganj,Bogra,25.0166,89.3067
Rajshahi,2,Boro-Fallow-Fallow,Niamatpur,500.0,1.53,1.0,"Bangladesh Rice Journal 21(2) 2017, 'Cropping Systems and Land Use Pattern in Rajshahi Region', doi:10.3329/brj.v21i2.38209",Niamatpur,Naogaon,24.8285,88.5515
Rajshahi,2,Boro-Fallow-Fallow,Bagha,500.0,5.59,1.0,"Bangladesh Rice Journal 21(2) 2017, 'Cropping Systems and Land Use Pattern in Rajshahi Region', doi:10.3329/brj.v21i2.38209",Bagha,Rajshahi,24.2004,88.8283
Rajshahi,2,Boro-Fallow-Fallow,Bholahat,500.0,5.68,1.0,"Bangladesh Rice Journal 21(2) 2017, 'Cropping Systems and Land Use Pattern in Rajshahi Region', doi:10.3329/brj.v21i2.38209",Bholahat,Nawabganj,24.8963,88.2097
Rajshahi,2,Boro-Fallow-Fallow,Tanor,450.0,2.01,0.9,"Bangladesh Rice Journal 21(2) 2017, 'Cropping Systems and Land Use Pattern in Rajshahi Region', doi:10.3329/brj.v21i2.38209",Tanore,Rajshahi,24.6202,88.5312
Rajshahi,2,Boro-Fallow-Fallow,Puthia,400.0,3.86,0.8,"Bangladesh Rice Journal 21(2) 2017, 'Cropping Systems and Land Use Pattern in Rajshahi Region', doi:10.3329/brj.v21i2.38209",Puthia,Rajshahi,24.411,88.8274
Rajshahi,2,Boro-Fallow-Fallow,Dhamoirhat,300.0,1.29,0.6,"Bangladesh Rice Journal 21(2) 2017, 'Cropping Systems and Land Use Pattern in Rajshahi Region', doi:10.3329/brj.v21i2.38209",Dhamoirhat,Naogaon,25.1304,88.823
Rajshahi,2,Boro-Fallow-Fallow,Bagatipara,130.0,2.89,0.26,"Bangladesh Rice Journal 21(2) 2017, 'Cropping Systems and Land Use Pattern in Rajshahi Region', doi:10.3329/brj.v21i2.38209",Bagati Para,Natore,24.3122,88.9467
Rajshahi,2,Boro-Fallow-Fallow,Godagari,100.0,0.25,0.2,"Bangladesh Rice Journal 21(2) 2017, 'Cropping Systems and Land Use Pattern in Rajshahi Region', doi:10.3329/brj.v21i2.38209",Godagari,Rajshahi,24.4836,88.4147
Rajshahi,2,Boro-Fallow-Fallow,Chapai sadar,50.0,0.18,0.1,"Bangladesh Rice Journal 21(2) 2017, 'Cropping Systems and Land Use Pattern in Rajshahi Region', doi:10.3329/brj.v21i2.38209",,,,
Rajshahi,2,Boro-Fallow-Fallow,Charghat,50.0,0.61,0.1,"Bangladesh Rice Journal 21(2) 2017, 'Cropping Systems and Land Use Pattern in Rajshahi Region', doi:10.3329/brj.v21i2.38209",Charghat,Rajshahi,24.3001,88.7754
Rajshahi,3,Wheat-Fallow-T. Aman,Shapahar,7500.0,38.07,24.89,"Bangladesh Rice Journal 21(2) 2017, 'Cropping Systems and Land Use Pattern in Rajshahi Region', doi:10.3329/brj.v21i2.38209",Sapahar,Naogaon,25.1182,88.5303
Rajshahi,3,Wheat-Fallow-T. Aman,Godagari,6000.0,15.17,19.91,"Bangladesh Rice Journal 21(2) 2017, 'Cropping Systems and Land Use Pattern in Rajshahi Region', doi:10.3329/brj.v21i2.38209",Godagari,Rajshahi,24.4836,88.4147
Rajshahi,3,Wheat-Fallow-T. Aman,Nachol,5000.0,20.0,16.59,"Bangladesh Rice Journal 21(2) 2017, 'Cropping Systems and Land Use Pattern in Rajshahi Region', doi:10.3329/brj.v21i2.38209",Nachole,Nawabganj,24.7267,88.3964
Rajshahi,3,Wheat-Fallow-T. Aman,Gomastapur,4600.0,18.93,15.27,"Bangladesh Rice Journal 21(2) 2017, 'Cropping Systems and Land Use Pattern in Rajshahi Region', doi:10.3329/brj.v21i2.38209",Gomastapur,Nawabganj,24.8569,88.355
Rajshahi,3,Wheat-Fallow-T. Aman,Niamatpur,2500.0,7.67,8.3,"Bangladesh Rice Journal 21(2) 2017, 'Cropping Systems and Land Use Pattern in Rajshahi Region', doi:10.3329/brj.v21i2.38209",Niamatpur,Naogaon,24.8285,88.5515
Rajshahi,3,Wheat-Fallow-T. Aman,Paba,1100.0,7.41,3.65,"Bangladesh Rice Journal 21(2) 2017, 'Cropping Systems and Land Use Pattern in Rajshahi Region', doi:10.3329/brj.v21i2.38209",Paba,Rajshahi,24.4022,88.6004
Rajshahi,3,Wheat-Fallow-T. Aman,Bholahat,1100.0,12.5,3.65,"Bangladesh Rice Journal 21(2) 2017, 'Cropping Systems and Land Use Pattern in Rajshahi Region', doi:10.3329/brj.v21i2.38209",Bholahat,Nawabganj,24.8963,88.2097
Rajshahi,3,Wheat-Fallow-T. Aman,Durgapur,730.0,5.57,2.42,"Bangladesh Rice Journal 21(2) 2017, 'Cropping Systems and Land Use Pattern in Rajshahi Region', doi:10.3329/brj.v21i2.38209",Durgapur,Netrakona,25.0897,90.6821
Rajshahi,3,Wheat-Fallow-T. Aman,Manda,700.0,2.32,2.32,"Bangladesh Rice Journal 21(2) 2017, 'Cropping Systems and Land Use Pattern in Rajshahi Region', doi:10.3329/brj.v21i2.38209",Manda,Naogaon,24.7444,88.713
Rajshahi,3,Wheat-Fallow-T. Aman,Bagatipara,300.0,6.67,1.0,"Bangladesh Rice Journal 21(2) 2017, 'Cropping Systems and Land Use Pattern in Rajshahi Region', doi:10.3329/brj.v21i2.38209",Bagati Para,Natore,24.3122,88.9467
Rajshahi,3,Wheat-Fallow-T. Aman,Dhamoirhat,200.0,0.86,0.66,"Bangladesh Rice Journal 21(2) 2017, 'Cropping Systems and Land Use Pattern in Rajshahi Region', doi:10.3329/brj.v21i2.38209",Dhamoirhat,Naogaon,25.1304,88.823
Rajshahi,3,Wheat-Fallow-T. Aman,Raninagar,150.0,0.73,0.5,"Bangladesh Rice Journal 21(2) 2017, 'Cropping Systems and Land Use Pattern in Rajshahi Region', doi:10.3329/brj.v21i2.38209",Raninagar,Naogaon,24.7107,89.0218
Rajshahi,3,Wheat-Fallow-T. Aman,Porsha,150.0,0.7,0.5,"Bangladesh Rice Journal 21(2) 2017, 'Cropping Systems and Land Use Pattern in Rajshahi Region', doi:10.3329/brj.v21i2.38209",Porsha,Naogaon,24.9922,88.5177
Rajshahi,3,Wheat-Fallow-T. Aman,Chapai sadar,100.0,0.35,0.33,"Bangladesh Rice Journal 21(2) 2017, 'Cropping Systems and Land Use Pattern in Rajshahi Region', doi:10.3329/brj.v21i2.38209",,,,
Rajshahi,4,Mustard-Boro-T. Aman,Patnitala,4700.0,15.64,18.32,"Bangladesh Rice Journal 21(2) 2017, 'Cropping Systems and Land Use Pattern in Rajshahi Region', doi:10.3329/brj.v21i2.38209",Patnitala,Naogaon,25.0754,88.7165
Rajshahi,4,Mustard-Boro-T. Aman,Manda,4700.0,15.59,18.32,"Bangladesh Rice Journal 21(2) 2017, 'Cropping Systems and Land Use Pattern in Rajshahi Region', doi:10.3329/brj.v21i2.38209",Manda,Naogaon,24.7444,88.713
Rajshahi,4,Mustard-Boro-T. Aman,Dhamoirhat,3000.0,12.93,11.7,"Bangladesh Rice Journal 21(2) 2017, 'Cropping Systems and Land Use Pattern in Rajshahi Region', doi:10.3329/brj.v21i2.38209",Dhamoirhat,Naogaon,25.1304,88.823
Rajshahi,4,Mustard-Boro-T. Aman,Naogaon sadar,2500.0,12.38,9.75,"Bangladesh Rice Journal 21(2) 2017, 'Cropping Systems and Land Use Pattern in Rajshahi Region', doi:10.3329/brj.v21i2.38209",Naogaon Sadar,Naogaon,24.811,88.8981
Rajshahi,4,Mustard-Boro-T. Aman,Niamatpur,2100.0,6.44,8.19,"Bangladesh Rice Journal 21(2) 2017, 'Cropping Systems and Land Use Pattern in Rajshahi Region', doi:10.3329/brj.v21i2.38209",Niamatpur,Naogaon,24.8285,88.5515
Rajshahi,4,Mustard-Boro-T. Aman,Mohadebpur,1600.0,5.18,6.24,"Bangladesh Rice Journal 21(2) 2017, 'Cropping Systems and Land Use Pattern in Rajshahi Region', doi:10.3329/brj.v21i2.38209",Mahadebpur,Naogaon,24.9199,88.7647
Rajshahi,4,Mustard-Boro-T. Aman,Raninagar,1400.0,6.8,5.46,"Bangladesh Rice Journal 21(2) 2017, 'Cropping Systems and Land Use Pattern in Rajshahi Region', doi:10.3329/brj.v21i2.38209",Raninagar,Naogaon,24.7107,89.0218
Rajshahi,4,Mustard-Boro-T. Aman,Shapahar,1000.0,5.08,3.9,"Bangladesh Rice Journal 21(2) 2017, 'Cropping Systems and Land Use Pattern in Rajshahi Region', doi:10.3329/brj.v21i2.38209",Sapahar,Naogaon,25.1182,88.5303
Rajshahi,4,Mustard-Boro-T. Aman,Porsha,1000.0,4.65,3.9,"Bangladesh Rice Journal 21(2) 2017, 'Cropping Systems and Land Use Pattern in Rajshahi Region', doi:10.3329/brj.v21i2.38209",Porsha,Naogaon,24.9922,88.5177
Rajshahi,4,Mustard-Boro-T. Aman,Tanor,850.0,3.79,3.31,"Bangladesh Rice Journal 21(2) 2017, 'Cropping Systems and Land Use Pattern in Rajshahi Region', doi:10.3329/brj.v21i2.38209",Tanore,Rajshahi,24.6202,88.5312
Rajshahi,4,Mustard-Boro-T. Aman,Badalgachhi,600.0,3.77,2.34,"Bangladesh Rice Journal 21(2) 2017, 'Cropping Systems and Land Use Pattern in Rajshahi Region', doi:10.3329/brj.v21i2.38209",Badalgachhi,Naogaon,24.9659,88.9435
Rajshahi,4,Mustard-Boro-T. Aman,Nachol,600.0,2.4,2.34,"Bangladesh Rice Journal 21(2) 2017, 'Cropping Systems and Land Use Pattern in Rajshahi Region', doi:10.3329/brj.v21i2.38209",Nachole,Nawabganj,24.7267,88.3964
Rajshahi,4,Mustard-Boro-T. Aman,Naldanga,500.0,4.08,1.95,"Bangladesh Rice Journal 21(2) 2017, 'Cropping Systems and Land Use Pattern in Rajshahi Region', doi:10.3329/brj.v21i2.38209",Sonadanga,Khulna,22.8197,89.5425
Rajshahi,4,Mustard-Boro-T. Aman,Paba,400.0,2.69,1.56,"Bangladesh Rice Journal 21(2) 2017, 'Cropping Systems and Land Use Pattern in Rajshahi Region', doi:10.3329/brj.v21i2.38209",Paba,Rajshahi,24.4022,88.6004
Rajshahi,4,Mustard-Boro-T. Aman,Gomastapur,400.0,1.65,1.56,"Bangladesh Rice Journal 21(2) 2017, 'Cropping Systems and Land Use Pattern in Rajshahi Region', doi:10.3329/brj.v21i2.38209",Gomastapur,Nawabganj,24.8569,88.355
Rajshahi,4,Mustard-Boro-T. Aman,Shibganj,200.0,0.88,0.78,"Bangladesh Rice Journal 21(2) 2017, 'Cropping Systems and Land Use Pattern in Rajshahi Region', doi:10.3329/brj.v21i2.38209",Shibganj,Bogra,25.0166,89.3067
Rajshahi,4,Mustard-Boro-T. Aman,Bholahat,100.0,1.14,0.39,"Bangladesh Rice Journal 21(2) 2017, 'Cropping Systems and Land Use Pattern in Rajshahi Region', doi:10.3329/brj.v21i2.38209",Bholahat,Nawabganj,24.8963,88.2097
Rajshahi,5,Boro-Aus-T. Aman,Niamatpur,6000.0,18.4,23.72,"Bangladesh Rice Journal 21(2) 2017, 'Cropping Systems and Land Use Pattern in Rajshahi Region', doi:10.3329/brj.v21i2.38209",Niamatpur,Naogaon,24.8285,88.5515
Rajshahi,5,Boro-Aus-T. Aman,Gomastapur,3600.0,14.81,14.23,"Bangladesh Rice Journal 21(2) 2017, 'Cropping Systems and Land Use Pattern in Rajshahi Region', doi:10.3329/brj.v21i2.38209",Gomastapur,Nawabganj,24.8569,88.355
Rajshahi,5,Boro-Aus-T. Aman,Patnitala,2900.0,9.65,11.47,"Bangladesh Rice Journal 21(2) 2017, 'Cropping Systems and Land Use Pattern in Rajshahi Region', doi:10.3329/brj.v21i2.38209",Patnitala,Naogaon,25.0754,88.7165
Rajshahi,5,Boro-Aus-T. Aman,Singra,2800.0,6.5,11.07,"Bangladesh Rice Journal 21(2) 2017, 'Cropping Systems and Land Use Pattern in Rajshahi Region', doi:10.3329/brj.v21i2.38209",Singra,Natore,24.5241,89.186
Rajshahi,5,Boro-Aus-T. Aman,Raninagar,2500.0,12.14,9.89,"Bangladesh Rice Journal 21(2) 2017, 'Cropping Systems and Land Use Pattern in Rajshahi Region', doi:10.3329/brj.v21i2.38209",Raninagar,Naogaon,24.7107,89.0218
Rajshahi,5,Boro-Aus-T. Aman,Chapai sadar,2040.0,7.18,8.07,"Bangladesh Rice Journal 21(2) 2017, 'Cropping Systems and Land Use Pattern in Rajshahi Region', doi:10.3329/brj.v21i2.38209",,,,
Rajshahi,5,Boro-Aus-T. Aman,Shapahar,1000.0,5.08,3.95,"Bangladesh Rice Journal 21(2) 2017, 'Cropping Systems and Land Use Pattern in Rajshahi Region', doi:10.3329/brj.v21i2.38209",Sapahar,Naogaon,25.1182,88.5303
Rajshahi,5,Boro-Aus-T. Aman,Naogaon sadar,1000.0,4.95,3.95,"Bangladesh Rice Journal 21(2) 2017, 'Cropping Systems and Land Use Pattern in Rajshahi Region', doi:10.3329/brj.v21i2.38209",Naogaon Sadar,Naogaon,24.811,88.8981
Rajshahi,5,Boro-Aus-T. Aman,Godagari,900.0,2.28,3.56,"Bangladesh Rice Journal 21(2) 2017, 'Cropping Systems and Land Use Pattern in Rajshahi Region', doi:10.3329/brj.v21i2.38209",Godagari,Rajshahi,24.4836,88.4147
Rajshahi,5,Boro-Aus-T. Aman,Tanor,700.0,3.13,2.77,"Bangladesh Rice Journal 21(2) 2017, 'Cropping Systems and Land Use Pattern in Rajshahi Region', doi:10.3329/brj.v21i2.38209",Tanore,Rajshahi,24.6202,88.5312
Rajshahi,5,Boro-Aus-T. Aman,Nachol,700.0,2.8,2.77,"Bangladesh Rice Journal 21(2) 2017, 'Cropping Systems and Land Use Pattern in Rajshahi Region', doi:10.3329/brj.v21i2.38209",Nachole,Nawabganj,24.7267,88.3964
Rajshahi,5,Boro-Aus-T. Aman,Baraigram,500.0,2.23,1.98,"Bangladesh Rice Journal 21(2) 2017, 'Cropping Systems and Land Use Pattern in Rajshahi Region', doi:10.3329/brj.v21i2.38209",Baraigram,Natore,24.2737,89.1476
Rajshahi,5,Boro-Aus-T. Aman,Bholahat,300.0,3.41,1.19,"Bangladesh Rice Journal 21(2) 2017, 'Cropping Systems and Land Use Pattern in Rajshahi Region', doi:10.3329/brj.v21i2.38209",Bholahat,Nawabganj,24.8963,88.2097
Rajshahi,5,Boro-Aus-T. Aman,Natore sadar,100.0,0.85,0.4,"Bangladesh Rice Journal 21(2) 2017, 'Cropping Systems and Land Use Pattern in Rajshahi Region', doi:10.3329/brj.v21i2.38209",Natore Sadar,Natore,24.4432,88.9841
Rajshahi,5,Boro-Aus-T. Aman,Porsha,100.0,0.47,0.4,"Bangladesh Rice Journal 21(2) 2017, 'Cropping Systems and Land Use Pattern in Rajshahi Region', doi:10.3329/brj.v21i2.38209",Porsha,Naogaon,24.9922,88.5177
Rajshahi,5,Boro-Aus-T. Aman,Dhamoirhat,100.0,0.43,0.4,"Bangladesh Rice Journal 21(2) 2017, 'Cropping Systems and Land Use Pattern in Rajshahi Region', doi:10.3329/brj.v21i2.38209",Dhamoirhat,Naogaon,25.1304,88.823
Rajshahi,5,Boro-Aus-T. Aman,Mohanpur,50.0,0.44,0.2,"Bangladesh Rice Journal 21(2) 2017, 'Cropping Systems and Land Use Pattern in Rajshahi Region', doi:10.3329/brj.v21i2.38209",Mohanpur,Rajshahi,24.5536,88.6403
Rangpur,1,Boro-Fallow-T. Aman,Sundarganj,23200.0,74.91,6.25,"Bangladesh Rice Journal 21(2) 2017, 'Crop Diversification in Rangpur Region', doi:10.3329/brj.v21i2.38210",Sundarganj,Gaibandha,25.51,89.564
Rangpur,1,Boro-Fallow-T. Aman,Mithapukur,22500.0,50.53,6.06,"Bangladesh Rice Journal 21(2) 2017, 'Crop Diversification in Rangpur Region', doi:10.3329/brj.v21i2.38210",Mitha Pukur,Rangpur,25.5713,89.2612
Rangpur,1,Boro-Fallow-T. Aman,Gobindaganj,17800.0,48.89,4.79,"Bangladesh Rice Journal 21(2) 2017, 'Crop Diversification in Rangpur Region', doi:10.3329/brj.v21i2.38210",Gobindaganj,Gaibandha,25.1572,89.3691
Rangpur,1,Boro-Fallow-T. Aman,Nageswari,17400.0,62.46,4.69,"Bangladesh Rice Journal 21(2) 2017, 'Crop Diversification in Rangpur Region', doi:10.3329/brj.v21i2.38210",Nageshwari,Kurigram,25.9585,89.7401
Rangpur,1,Boro-Fallow-T. Aman,Ulipur,17200.0,70.9,4.63,"Bangladesh Rice Journal 21(2) 2017, 'Crop Diversification in Rangpur Region', doi:10.3329/brj.v21i2.38210",Ulipur,Kurigram,25.6891,89.6689
Rangpur,1,Boro-Fallow-T. Aman,Nilphamri sadar,16000.0,52.91,4.31,"Bangladesh Rice Journal 21(2) 2017, 'Crop Diversification in Rangpur Region', doi:10.3329/brj.v21i2.38210",Nilphamari Sadar,Nilphamari,25.9417,88.8548
Rangpur,1,Boro-Fallow-T. Aman,Gaibandha sadar,14600.0,74.76,3.93,"Bangladesh Rice Journal 21(2) 2017, 'Crop Diversification in Rangpur Region', doi:10.3329/brj.v21i2.38210",Gaibandha Sadar,Gaibandha,25.3497,89.5667
Rangpur,1,Boro-Fallow-T. Aman,Pirganj,14000.0,42.89,3.77,"Bangladesh Rice Journal 21(2) 2017, 'Crop Diversification in Rangpur Region', doi:10.3329/brj.v21i2.38210",Pirganj,Rangpur,25.4237,89.2743
Rangpur,1,Boro-Fallow-T. Aman,Domar,13100.0,65.3,3.53,"Bangladesh Rice Journal 21(2) 2017, 'Crop Diversification in Rangpur Region', doi:10.3329/brj.v21i2.38210",Domar,Nilphamari,26.1586,88.8252
Rangpur,1,Boro-Fallow-T. Aman,Kaliganj,12500.0,64.2,3.37,"Bangladesh Rice Journal 21(2) 2017, 'Crop Diversification in Rangpur Region', doi:10.3329/brj.v21i2.38210",Kaliganj,Gazipur,23.9642,90.5549
Rangpur,1,Boro-Fallow-T. Aman,Sadullapur,12300.0,71.59,3.31,"Bangladesh Rice Journal 21(2) 2017, 'Crop Diversification in Rangpur Region', doi:10.3329/brj.v21i2.38210",Sadullapur,Gaibandha,25.3948,89.4264
Rangpur,1,Boro-Fallow-T. Aman,Badarganj,12000.0,53.81,3.23,"Bangladesh Rice Journal 21(2) 2017, 'Crop Diversification in Rangpur Region', doi:10.3329/brj.v21i2.38210",Badarganj,Rangpur,25.6659,89.0564
Rangpur,1,Boro-Fallow-T. Aman,Jaldhaka,12000.0,50.65,3.23,"Bangladesh Rice Journal 21(2) 2017, 'Crop Diversification in Rangpur Region', doi:10.3329/brj.v21i2.38210",Jaldhaka,Nilphamari,26.0296,88.9933
Rangpur,1,Boro-Fallow-T. Aman,Saghata,11070.0,65.5,2.98,"Bangladesh Rice Journal 21(2) 2017, 'Crop Diversification in Rangpur Region', doi:10.3329/brj.v21i2.38210",Saghatta,Gaibandha,25.1234,89.5638
Rangpur,1,Boro-Fallow-T. Aman,Palasbari,11000.0,77.19,2.96,"Bangladesh Rice Journal 21(2) 2017, 'Crop Diversification in Rangpur Region', doi:10.3329/brj.v21i2.38210",Palashbari,Gaibandha,25.2636,89.3967
Rangpur,1,Boro-Fallow-T. Aman,Dimla,10700.0,45.65,2.88,"Bangladesh Rice Journal 21(2) 2017, 'Crop Diversification in Rangpur Region', doi:10.3329/brj.v21i2.38210",Dimla,Nilphamari,26.1721,88.9725
Rangpur,1,Boro-Fallow-T. Aman,Bhurungamari,10000.0,57.41,2.69,"Bangladesh Rice Journal 21(2) 2017, 'Crop Diversification in Rangpur Region', doi:10.3329/brj.v21i2.38210",Bhurungamari,Kurigram,26.1161,89.6935
Rangpur,1,Boro-Fallow-T. Aman,Rajarhat,9300.0,68.94,2.5,"Bangladesh Rice Journal 21(2) 2017, 'Crop Diversification in Rangpur Region', doi:10.3329/brj.v21i2.38210",Rajarhat,Kurigram,25.7861,89.5424
Rangpur,1,Boro-Fallow-T. Aman,Kurigram sadar,9300.0,48.69,2.5,"Bangladesh Rice Journal 21(2) 2017, 'Crop Diversification in Rangpur Region', doi:10.3329/brj.v21i2.38210",Kurigram Sadar,Kurigram,25.826,89.6907
Rangpur,1,Boro-Fallow-T. Aman,Phulbari,9200.0,73.31,2.48,"Bangladesh Rice Journal 21(2) 2017, 'Crop Diversification in Rangpur Region', doi:10.3329/brj.v21i2.38210",Phulbari,Kurigram,25.9481,89.5713
Rangpur,1,Boro-Fallow-T. Aman,Lal. sadar,9200.0,47.67,2.48,"Bangladesh Rice Journal 21(2) 2017, 'Crop Diversification in Rangpur Region', doi:10.3329/brj.v21i2.38210",,,,
Rangpur,1,Boro-Fallow-T. Aman,Hatibandha,8800.0,38.21,2.37,"Bangladesh Rice Journal 21(2) 2017, 'Crop Diversification in Rangpur Region', doi:10.3329/brj.v21i2.38210",Hatibandha,Lalmonirhat,26.1215,89.1409
Rangpur,1,Boro-Fallow-T. Aman,Aditmari,8400.0,52.08,2.26,"Bangladesh Rice Journal 21(2) 2017, 'Crop Diversification in Rangpur Region', doi:10.3329/brj.v21i2.38210",Aditmari,Lalmonirhat,25.9421,89.3687
Rangpur,1,Boro-Fallow-T. Aman,Pirgachha,8000.0,40.34,2.15,"Bangladesh Rice Journal 21(2) 2017, 'Crop Diversification in Rangpur Region', doi:10.3329/brj.v21i2.38210",Pirgachha,Rangpur,25.6652,89.42
Rangpur,1,Boro-Fallow-T. Aman,Kishoreganj,7000.0,46.3,1.88,"Bangladesh Rice Journal 21(2) 2017, 'Crop Diversification in Rangpur Region', doi:10.3329/brj.v21i2.38210",Kishoreganj,Nilphamari,25.8961,89.0328
Rangpur,1,Boro-Fallow-T. Aman,Gangachara,7000.0,33.59,1.88,"Bangladesh Rice Journal 21(2) 2017, 'Crop Diversification in Rangpur Region', doi:10.3329/brj.v21i2.38210",Gangachara,Rangpur,25.8742,89.1933
Rangpur,1,Boro-Fallow-T. Aman,Rangpur sadar,6800.0,58.67,1.83,"Bangladesh Rice Journal 21(2) 2017, 'Crop Diversification in Rangpur Region', doi:10.3329/brj.v21i2.38210",Rangpur Sadar,Rangpur,25.7459,89.2124
Rangpur,1,Boro-Fallow-T. Aman,Fulchhari,6700.0,41.56,1.8,"Bangladesh Rice Journal 21(2) 2017, 'Crop Diversification in Rangpur Region', doi:10.3329/brj.v21i2.38210",Fulchhari,Gaibandha,25.2543,89.6539
Rangpur,1,Boro-Fallow-T. Aman,Saidpur,6500.0,71.74,1.75,"Bangladesh Rice Journal 21(2) 2017, 'Crop Diversification in Rangpur Region', doi:10.3329/brj.v21i2.38210",Saidpur,Nilphamari,25.8028,88.9221
Rangpur,1,Boro-Fallow-T. Aman,Taraganj,6000.0,52.08,1.62,"Bangladesh Rice Journal 21(2) 2017, 'Crop Diversification in Rangpur Region', doi:10.3329/brj.v21i2.38210",Taraganj,Rangpur,25.7806,89.0334
Rangpur,1,Boro-Fallow-T. Aman,Patgram,5700.0,27.26,1.53,"Bangladesh Rice Journal 21(2) 2017, 'Crop Diversification in Rangpur Region', doi:10.3329/brj.v21i2.38210",Patgram,Lalmonirhat,26.347,89.0256
Rangpur,1,Boro-Fallow-T. Aman,Rowmari,5100.0,36.45,1.37,"Bangladesh Rice Journal 21(2) 2017, 'Crop Diversification in Rangpur Region', doi:10.3329/brj.v21i2.38210",,,,
Rangpur,1,Boro-Fallow-T. Aman,Kaunia,5000.0,41.67,1.35,"Bangladesh Rice Journal 21(2) 2017, 'Crop Diversification in Rangpur Region', doi:10.3329/brj.v21i2.38210",Kaunia,Rangpur,25.7639,89.395
Rangpur,1,Boro-Fallow-T. Aman,Razibpur,3000.0,34.32,0.81,"Bangladesh Rice Journal 21(2) 2017, 'Crop Diversification in Rangpur Region', doi:10.3329/brj.v21i2.38210",Kazipur,Sirajganj,24.6702,89.6872
Rangpur,1,Boro-Fallow-T. Aman,Chilmari,3000.0,25.1,0.81,"Bangladesh Rice Journal 21(2) 2017, 'Crop Diversification in Rangpur Region', doi:10.3329/brj.v21i2.38210",Chilmari,Kurigram,25.5663,89.7184
Rangpur,2,Maize-Fallow-T. Aman,Patgram,10200.0,49.04,27.11,"Bangladesh Rice Journal 21(2) 2017, 'Crop Diversification in Rangpur Region', doi:10.3329/brj.v21i2.38210",Patgram,Lalmonirhat,26.347,89.0256
Rangpur,2,Maize-Fallow-T. Aman,Hatibandha,6500.0,28.51,17.27,"Bangladesh Rice Journal 21(2) 2017, 'Crop Diversification in Rangpur Region', doi:10.3329/brj.v21i2.38210",Hatibandha,Lalmonirhat,26.1215,89.1409
Rangpur,2,Maize-Fallow-T. Aman,Dimla,5000.0,21.93,13.29,"Bangladesh Rice Journal 21(2) 2017, 'Crop Diversification in Rangpur Region', doi:10.3329/brj.v21i2.38210",Dimla,Nilphamari,26.1721,88.9725
Rangpur,2,Maize-Fallow-T. Aman,Kaliganj,2250.0,11.66,5.98,"Bangladesh Rice Journal 21(2) 2017, 'Crop Diversification in Rangpur Region', doi:10.3329/brj.v21i2.38210",Kaliganj,Gazipur,23.9642,90.5549
Rangpur,2,Maize-Fallow-T. Aman,Pirganj,2900.0,9.15,7.71,"Bangladesh Rice Journal 21(2) 2017, 'Crop Diversification in Rangpur Region', doi:10.3329/brj.v21i2.38210",Pirganj,Rangpur,25.4237,89.2743
Rangpur,2,Maize-Fallow-T. Aman,Mithapukur,3600.0,8.2,9.57,"Bangladesh Rice Journal 21(2) 2017, 'Crop Diversification in Rangpur Region', doi:10.3329/brj.v21i2.38210",Mitha Pukur,Rangpur,25.5713,89.2612
Rangpur,2,Maize-Fallow-T. Aman,Jaldhaka,1350.0,5.83,3.59,"Bangladesh Rice Journal 21(2) 2017, 'Crop Diversification in Rangpur Region', doi:10.3329/brj.v21i2.38210",Jaldhaka,Nilphamari,26.0296,88.9933
Rangpur,2,Maize-Fallow-T. Aman,Gobindaganj,1200.0,3.55,3.19,"Bangladesh Rice Journal 21(2) 2017, 'Crop Diversification in Rangpur Region', doi:10.3329/brj.v21i2.38210",Gobindaganj,Gaibandha,25.1572,89.3691
Rangpur,2,Maize-Fallow-T. Aman,Nilphamari sadar,1000.0,3.32,2.66,"Bangladesh Rice Journal 21(2) 2017, 'Crop Diversification in Rangpur Region', doi:10.3329/brj.v21i2.38210",Nilphamari Sadar,Nilphamari,25.9417,88.8548
Rangpur,2,Maize-Fallow-T. Aman,Badarganj,750.0,3.5,1.99,"Bangladesh Rice Journal 21(2) 2017, 'Crop Diversification in Rangpur Region', doi:10.3329/brj.v21i2.38210",Badarganj,Rangpur,25.6659,89.0564
Rangpur,2,Maize-Fallow-T. Aman,Lalmonirhat sadar,600.0,3.19,1.59,"Bangladesh Rice Journal 21(2) 2017, 'Crop Diversification in Rangpur Region', doi:10.3329/brj.v21i2.38210",Lalmonirhat Sadar,Lalmonirhat,25.8747,89.4527
Rangpur,2,Maize-Fallow-T. Aman,Palasbari,400.0,2.91,1.06,"Bangladesh Rice Journal 21(2) 2017, 'Crop Diversification in Rangpur Region', doi:10.3329/brj.v21i2.38210",Palashbari,Gaibandha,25.2636,89.3967
Rangpur,2,Maize-Fallow-T. Aman,Domar,370.0,1.87,0.98,"Bangladesh Rice Journal 21(2) 2017, 'Crop Diversification in Rangpur Region', doi:10.3329/brj.v21i2.38210",Domar,Nilphamari,26.1586,88.8252
Rangpur,2,Maize-Fallow-T. Aman,Pirgachha,300.0,1.56,0.8,"Bangladesh Rice Journal 21(2) 2017, 'Crop Diversification in Rangpur Region', doi:10.3329/brj.v21i2.38210",Pirgachha,Rangpur,25.6652,89.42
Rangpur,2,Maize-Fallow-T. Aman,Nageswari,200.0,0.72,0.53,"Bangladesh Rice Journal 21(2) 2017, 'Crop Diversification in Rangpur Region', doi:10.3329/brj.v21i2.38210",Nageshwari,Kurigram,25.9585,89.7401
Rangpur,2,Maize-Fallow-T. Aman,Rajarhat,200.0,1.49,0.53,"Bangladesh Rice Journal 21(2) 2017, 'Crop Diversification in Rangpur Region', doi:10.3329/brj.v21i2.38210",Rajarhat,Kurigram,25.7861,89.5424
Rangpur,2,Maize-Fallow-T. Aman,Kaunia,200.0,1.69,0.53,"Bangladesh Rice Journal 21(2) 2017, 'Crop Diversification in Rangpur Region', doi:10.3329/brj.v21i2.38210",Kaunia,Rangpur,25.7639,89.395
Rangpur,2,Maize-Fallow-T. Aman,Sundarganj,150.0,0.49,0.4,"Bangladesh Rice Journal 21(2) 2017, 'Crop Diversification in Rangpur Region', doi:10.3329/brj.v21i2.38210",Sundarganj,Gaibandha,25.51,89.564
Rangpur,2,Maize-Fallow-T. Aman,Ulipur,150.0,0.62,0.4,"Bangladesh Rice Journal 21(2) 2017, 'Crop Diversification in Rangpur Region', doi:10.3329/brj.v21i2.38210",Ulipur,Kurigram,25.6891,89.6689
Rangpur,2,Maize-Fallow-T. Aman,Kurigram sadar,100.0,0.54,0.27,"Bangladesh Rice Journal 21(2) 2017, 'Crop Diversification in Rangpur Region', doi:10.3329/brj.v21i2.38210",Kurigram Sadar,Kurigram,25.826,89.6907
Rangpur,2,Maize-Fallow-T. Aman,Saaidpur,90.0,1.01,0.24,"Bangladesh Rice Journal 21(2) 2017, 'Crop Diversification in Rangpur Region', doi:10.3329/brj.v21i2.38210",Saidpur,Nilphamari,25.8028,88.9221
Rangpur,2,Maize-Fallow-T. Aman,Sadullapur,60.0,0.36,0.16,"Bangladesh Rice Journal 21(2) 2017, 'Crop Diversification in Rangpur Region', doi:10.3329/brj.v21i2.38210",Sadullapur,Gaibandha,25.3948,89.4264
Rangpur,2,Maize-Fallow-T. Aman,Kishoreganj,50.0,0.34,0.13,"Bangladesh Rice Journal 21(2) 2017, 'Crop Diversification in Rangpur Region', doi:10.3329/brj.v21i2.38210",Kishoreganj,Nilphamari,25.8961,89.0328
Rangpur,3,Potato-Boro-T. Aman,Mithapukur,6300.0,14.35,17.52,"Bangladesh Rice Journal 21(2) 2017, 'Crop Diversification in Rangpur Region', doi:10.3329/brj.v21i2.38210",Mitha Pukur,Rangpur,25.5713,89.2612
Rangpur,3,Potato-Boro-T. Aman,Gobindaganj,4700.0,13.91,13.07,"Bangladesh Rice Journal 21(2) 2017, 'Crop Diversification in Rangpur Region', doi:10.3329/brj.v21i2.38210",Gobindaganj,Gaibandha,25.1572,89.3691
Rangpur,3,Potato-Boro-T. Aman,Nilphamari sadar,4000.0,13.29,11.12,"Bangladesh Rice Journal 21(2) 2017, 'Crop Diversification in Rangpur Region', doi:10.3329/brj.v21i2.38210",Nilphamari Sadar,Nilphamari,25.9417,88.8548
Rangpur,3,Potato-Boro-T. Aman,Pirganj,3000.0,15.63,8.34,"Bangladesh Rice Journal 21(2) 2017, 'Crop Diversification in Rangpur Region', doi:10.3329/brj.v21i2.38210",Pirganj,Rangpur,25.4237,89.2743
Rangpur,3,Potato-Boro-T. Aman,Kishoreganj,2100.0,14.38,5.84,"Bangladesh Rice Journal 21(2) 2017, 'Crop Diversification in Rangpur Region', doi:10.3329/brj.v21i2.38210",Kishoreganj,Nilphamari,25.8961,89.0328
Rangpur,3,Potato-Boro-T. Aman,Kaunia,1700.0,14.41,4.73,"Bangladesh Rice Journal 21(2) 2017, 'Crop Diversification in Rangpur Region', doi:10.3329/brj.v21i2.38210",Kaunia,Rangpur,25.7639,89.395
Rangpur,3,Potato-Boro-T. Aman,Badarganj,1500.0,7.01,4.17,"Bangladesh Rice Journal 21(2) 2017, 'Crop Diversification in Rangpur Region', doi:10.3329/brj.v21i2.38210",Badarganj,Rangpur,25.6659,89.0564
Rangpur,3,Potato-Boro-T. Aman,Gangachara,1500.0,7.25,4.17,"Bangladesh Rice Journal 21(2) 2017, 'Crop Diversification in Rangpur Region', doi:10.3329/brj.v21i2.38210",Gangachara,Rangpur,25.8742,89.1933
Rangpur,3,Potato-Boro-T. Aman,Pirgachha,1200.0,3.79,3.34,"Bangladesh Rice Journal 21(2) 2017, 'Crop Diversification in Rangpur Region', doi:10.3329/brj.v21i2.38210",Pirgachha,Rangpur,25.6652,89.42
Rangpur,3,Potato-Boro-T. Aman,Jaldhaka,1170.0,5.05,3.25,"Bangladesh Rice Journal 21(2) 2017, 'Crop Diversification in Rangpur Region', doi:10.3329/brj.v21i2.38210",Jaldhaka,Nilphamari,26.0296,88.9933
Rangpur,3,Potato-Boro-T. Aman,Sundarganj,1100.0,3.58,3.06,"Bangladesh Rice Journal 21(2) 2017, 'Crop Diversification in Rangpur Region', doi:10.3329/brj.v21i2.38210",Sundarganj,Gaibandha,25.51,89.564
Rangpur,3,Potato-Boro-T. Aman,Sadullapur,1000.0,6.02,2.78,"Bangladesh Rice Journal 21(2) 2017, 'Crop Diversification in Rangpur Region', doi:10.3329/brj.v21i2.38210",Sadullapur,Gaibandha,25.3948,89.4264
Rangpur,3,Potato-Boro-T. Aman,Dimla,1000.0,4.39,2.78,"Bangladesh Rice Journal 21(2) 2017, 'Crop Diversification in Rangpur Region', doi:10.3329/brj.v21i2.38210",Dimla,Nilphamari,26.1721,88.9725
Rangpur,3,Potato-Boro-T. Aman,Domar,1000.0,5.06,2.78,"Bangladesh Rice Journal 21(2) 2017, 'Crop Diversification in Rangpur Region', doi:10.3329/brj.v21i2.38210",Domar,Nilphamari,26.1586,88.8252
Rangpur,3,Potato-Boro-T. Aman,Saidpur,800.0,8.99,2.22,"Bangladesh Rice Journal 21(2) 2017, 'Crop Diversification in Rangpur Region', doi:10.3329/brj.v21i2.38210",Saidpur,Nilphamari,25.8028,88.9221
Rangpur,3,Potato-Boro-T. Aman,Palasbari,800.0,5.82,2.22,"Bangladesh Rice Journal 21(2) 2017, 'Crop Diversification in Rangpur Region', doi:10.3329/brj.v21i2.38210",Palashbari,Gaibandha,25.2636,89.3967
Rangpur,3,Potato-Boro-T. Aman,Kurigram sadar,780.0,4.19,2.17,"Bangladesh Rice Journal 21(2) 2017, 'Crop Diversification in Rangpur Region', doi:10.3329/brj.v21i2.38210",Kurigram Sadar,Kurigram,25.826,89.6907
Rangpur,3,Potato-Boro-T. Aman,Rajarhat,700.0,5.22,1.95,"Bangladesh Rice Journal 21(2) 2017, 'Crop Diversification in Rangpur Region', doi:10.3329/brj.v21i2.38210",Rajarhat,Kurigram,25.7861,89.5424
Rangpur,3,Potato-Boro-T. Aman,Lalmonirhat sadar,550.0,2.93,1.53,"Bangladesh Rice Journal 21(2) 2017, 'Crop Diversification in Rangpur Region', doi:10.3329/brj.v21i2.38210",Lalmonirhat Sadar,Lalmonirhat,25.8747,89.4527
Rangpur,3,Potato-Boro-T. Aman,Phulbari,500.0,4.07,1.39,"Bangladesh Rice Journal 21(2) 2017, 'Crop Diversification in Rangpur Region', doi:10.3329/brj.v21i2.38210",Phulbari,Kurigram,25.9481,89.5713
Rangpur,3,Potato-Boro-T. Aman,Saghata,400.0,2.38,1.11,"Bangladesh Rice Journal 21(2) 2017, 'Crop Diversification in Rangpur Region', doi:10.3329/brj.v21i2.38210",Saghatta,Gaibandha,25.1234,89.5638
Rangpur,3,Potato-Boro-T. Aman,Patgram,160.0,0.77,0.44,"Bangladesh Rice Journal 21(2) 2017, 'Crop Diversification in Rangpur Region', doi:10.3329/brj.v21i2.38210",Patgram,Lalmonirhat,26.347,89.0256
Rangpur,4,Boro-Fallow-Fallow,Pirgachha,4900.0,15.46,17.3,"Bangladesh Rice Journal 21(2) 2017, 'Crop Diversification in Rangpur Region', doi:10.3329/brj.v21i2.38210",Pirgachha,Rangpur,25.6652,89.42
Rangpur,4,Boro-Fallow-Fallow,Nageswari,4000.0,14.44,14.12,"Bangladesh Rice Journal 21(2) 2017, 'Crop Diversification in Rangpur Region', doi:10.3329/brj.v21i2.38210",Nageshwari,Kurigram,25.9585,89.7401
Rangpur,4,Boro-Fallow-Fallow,Gaibandha,2400.0,12.31,8.47,"Bangladesh Rice Journal 21(2) 2017, 'Crop Diversification in Rangpur Region', doi:10.3329/brj.v21i2.38210",Gaibandha Sadar,Gaibandha,25.3497,89.5667
Rangpur,4,Boro-Fallow-Fallow,Chilmari,1700.0,14.29,6.0,"Bangladesh Rice Journal 21(2) 2017, 'Crop Diversification in Rangpur Region', doi:10.3329/brj.v21i2.38210",Chilmari,Kurigram,25.5663,89.7184
Rangpur,4,Boro-Fallow-Fallow,Gobindaganj,1600.0,4.73,5.65,"Bangladesh Rice Journal 21(2) 2017, 'Crop Diversification in Rangpur Region', doi:10.3329/brj.v21i2.38210",Gobindaganj,Gaibandha,25.1572,89.3691
Rangpur,4,Boro-Fallow-Fallow,Mithapukur,1500.0,3.42,5.3,"Bangladesh Rice Journal 21(2) 2017, 'Crop Diversification in Rangpur Region', doi:10.3329/brj.v21i2.38210",Mitha Pukur,Rangpur,25.5713,89.2612
Rangpur,4,Boro-Fallow-Fallow,Razibpur,1450.0,17.06,5.12,"Bangladesh Rice Journal 21(2) 2017, 'Crop Diversification in Rangpur Region', doi:10.3329/brj.v21i2.38210",Kazipur,Sirajganj,24.6702,89.6872
Rangpur,4,Boro-Fallow-Fallow,Bhurungamari,1200.0,6.98,4.24,"Bangladesh Rice Journal 21(2) 2017, 'Crop Diversification in Rangpur Region', doi:10.3329/brj.v21i2.38210",Bhurungamari,Kurigram,26.1161,89.6935
Rangpur,4,Boro-Fallow-Fallow,Nilphamari sadar,1200.0,3.99,4.24,"Bangladesh Rice Journal 21(2) 2017, 'Crop Diversification in Rangpur Region', doi:10.3329/brj.v21i2.38210",Nilphamari Sadar,Nilphamari,25.9417,88.8548
Rangpur,4,Boro-Fallow-Fallow,Fulchhari,1100.0,6.83,3.88,"Bangladesh Rice Journal 21(2) 2017, 'Crop Diversification in Rangpur Region', doi:10.3329/brj.v21i2.38210",Fulchhari,Gaibandha,25.2543,89.6539
Rangpur,4,Boro-Fallow-Fallow,Saghata,1000.0,5.95,3.53,"Bangladesh Rice Journal 21(2) 2017, 'Crop Diversification in Rangpur Region', doi:10.3329/brj.v21i2.38210",Saghatta,Gaibandha,25.1234,89.5638
Rangpur,4,Boro-Fallow-Fallow,Aditmari,1000.0,6.31,3.53,"Bangladesh Rice Journal 21(2) 2017, 'Crop Diversification in Rangpur Region', doi:10.3329/brj.v21i2.38210",Aditmari,Lalmonirhat,25.9421,89.3687
Rangpur,4,Boro-Fallow-Fallow,Ulipur,750.0,3.1,2.65,"Bangladesh Rice Journal 21(2) 2017, 'Crop Diversification in Rangpur Region', doi:10.3329/brj.v21i2.38210",Ulipur,Kurigram,25.6891,89.6689
Rangpur,4,Boro-Fallow-Fallow,Kurigram sadar,750.0,4.03,2.65,"Bangladesh Rice Journal 21(2) 2017, 'Crop Diversification in Rangpur Region', doi:10.3329/brj.v21i2.38210",Kurigram Sadar,Kurigram,25.826,89.6907
Rangpur,4,Boro-Fallow-Fallow,Rajarhat,700.0,5.22,2.47,"Bangladesh Rice Journal 21(2) 2017, 'Crop Diversification in Rangpur Region', doi:10.3329/brj.v21i2.38210",Rajarhat,Kurigram,25.7861,89.5424
Rangpur,4,Boro-Fallow-Fallow,Kaunia,600.0,5.08,2.12,"Bangladesh Rice Journal 21(2) 2017, 'Crop Diversification in Rangpur Region', doi:10.3329/brj.v21i2.38210",Kaunia,Rangpur,25.7639,89.395
Rangpur,4,Boro-Fallow-Fallow,Sundarganj,600.0,1.95,2.12,"Bangladesh Rice Journal 21(2) 2017, 'Crop Diversification in Rangpur Region', doi:10.3329/brj.v21i2.38210",Sundarganj,Gaibandha,25.51,89.564
Rangpur,4,Boro-Fallow-Fallow,Lalmonirhat,500.0,2.66,1.77,"Bangladesh Rice Journal 21(2) 2017, 'Crop Diversification in Rangpur Region', doi:10.3329/brj.v21i2.38210",Lalmonirhat Sadar,Lalmonirhat,25.8747,89.4527
Rangpur,4,Boro-Fallow-Fallow,Kaliganj,250.0,1.3,0.88,"Bangladesh Rice Journal 21(2) 2017, 'Crop Diversification in Rangpur Region', doi:10.3329/brj.v21i2.38210",Kaliganj,Gazipur,23.9642,90.5549
Rangpur,4,Boro-Fallow-Fallow,Badarganj,200.0,0.93,0.71,"Bangladesh Rice Journal 21(2) 2017, 'Crop Diversification in Rangpur Region', doi:10.3329/brj.v21i2.38210",Badarganj,Rangpur,25.6659,89.0564
Rangpur,4,Boro-Fallow-Fallow,Kishoreganj,200.0,1.37,0.71,"Bangladesh Rice Journal 21(2) 2017, 'Crop Diversification in Rangpur Region', doi:10.3329/brj.v21i2.38210",Kishoreganj,Nilphamari,25.8961,89.0328
Rangpur,4,Boro-Fallow-Fallow,Patgram,200.0,0.96,0.71,"Bangladesh Rice Journal 21(2) 2017, 'Crop Diversification in Rangpur Region', doi:10.3329/brj.v21i2.38210",Patgram,Lalmonirhat,26.347,89.0256
Rangpur,4,Boro-Fallow-Fallow,Hatibandha,150.0,0.66,0.53,"Bangladesh Rice Journal 21(2) 2017, 'Crop Diversification in Rangpur Region', doi:10.3329/brj.v21i2.38210",Hatibandha,Lalmonirhat,26.1215,89.1409
Rangpur,4,Boro-Fallow-Fallow,Rangpur sadar,120.0,1.05,0.42,"Bangladesh Rice Journal 21(2) 2017, 'Crop Diversification in Rangpur Region', doi:10.3329/brj.v21i2.38210",Rangpur Sadar,Rangpur,25.7459,89.2124
Rangpur,4,Boro-Fallow-Fallow,Gangachara,100.0,0.48,0.35,"Bangladesh Rice Journal 21(2) 2017, 'Crop Diversification in Rangpur Region', doi:10.3329/brj.v21i2.38210",Gangachara,Rangpur,25.8742,89.1933
Rangpur,4,Boro-Fallow-Fallow,Taraganj,50.0,0.46,0.18,"Bangladesh Rice Journal 21(2) 2017, 'Crop Diversification in Rangpur Region', doi:10.3329/brj.v21i2.38210",Taraganj,Rangpur,25.7806,89.0334
Rangpur,4,Boro-Fallow-Fallow,Dimla,50.0,0.22,0.18,"Bangladesh Rice Journal 21(2) 2017, 'Crop Diversification in Rangpur Region', doi:10.3329/brj.v21i2.38210",Dimla,Nilphamari,26.1721,88.9725
Rangpur,4,Boro-Fallow-Fallow,Phulbari,50.0,0.41,0.18,"Bangladesh Rice Journal 21(2) 2017, 'Crop Diversification in Rangpur Region', doi:10.3329/brj.v21i2.38210",Phulbari,Kurigram,25.9481,89.5713
Rangpur,5,Mustard-Boro-T. Aman,Gobindaganj,3600.0,10.65,15.76,"Bangladesh Rice Journal 21(2) 2017, 'Crop Diversification in Rangpur Region', doi:10.3329/brj.v21i2.38210",Gobindaganj,Gaibandha,25.1572,89.3691
Rangpur,5,Mustard-Boro-T. Aman,Rowmari,2500.0,18.12,10.95,"Bangladesh Rice Journal 21(2) 2017, 'Crop Diversification in Rangpur Region', doi:10.3329/brj.v21i2.38210",,,,
Rangpur,5,Mustard-Boro-T. Aman,Badarganj,2000.0,9.35,8.76,"Bangladesh Rice Journal 21(2) 2017, 'Crop Diversification in Rangpur Region', doi:10.3329/brj.v21i2.38210",Badarganj,Rangpur,25.6659,89.0564
Rangpur,5,Mustard-Boro-T. Aman,Kurigram sadar,1500.0,8.06,6.57,"Bangladesh Rice Journal 21(2) 2017, 'Crop Diversification in Rangpur Region', doi:10.3329/brj.v21i2.38210",Kurigram Sadar,Kurigram,25.826,89.6907
Rangpur,5,Mustard-Boro-T. Aman,Nageswari,1500.0,5.42,6.57,"Bangladesh Rice Journal 21(2) 2017, 'Crop Diversification in Rangpur Region', doi:10.3329/brj.v21i2.38210",Nageshwari,Kurigram,25.9585,89.7401
Rangpur,5,Mustard-Boro-T. Aman,Nilphamari sadar,1500.0,4.98,6.57,"Bangladesh Rice Journal 21(2) 2017, 'Crop Diversification in Rangpur Region', doi:10.3329/brj.v21i2.38210",Nilphamari Sadar,Nilphamari,25.9417,88.8548
Rangpur,5,Mustard-Boro-T. Aman,Ulipr,1200.0,4.96,5.25,"Bangladesh Rice Journal 21(2) 2017, 'Crop Diversification in Rangpur Region', doi:10.3329/brj.v21i2.38210",Ulipur,Kurigram,25.6891,89.6689
Rangpur,5,Mustard-Boro-T. Aman,Fulchhari,1100.0,6.83,4.82,"Bangladesh Rice Journal 21(2) 2017, 'Crop Diversification in Rangpur Region', doi:10.3329/brj.v21i2.38210",Fulchhari,Gaibandha,25.2543,89.6539
Rangpur,5,Mustard-Boro-T. Aman,Sadullapur,700.0,4.22,3.06,"Bangladesh Rice Journal 21(2) 2017, 'Crop Diversification in Rangpur Region', doi:10.3329/brj.v21i2.38210",Sadullapur,Gaibandha,25.3948,89.4264
Rangpur,5,Mustard-Boro-T. Aman,Phulbari,700.0,5.69,3.06,"Bangladesh Rice Journal 21(2) 2017, 'Crop Diversification in Rangpur Region', doi:10.3329/brj.v21i2.38210",Phulbari,Kurigram,25.9481,89.5713
Rangpur,5,Mustard-Boro-T. Aman,Saghata,500.0,2.98,2.19,"Bangladesh Rice Journal 21(2) 2017, 'Crop Diversification in Rangpur Region', doi:10.3329/brj.v21i2.38210",Saghatta,Gaibandha,25.1234,89.5638
Rangpur,5,Mustard-Boro-T. Aman,Bhurungamari,500.0,2.91,2.19,"Bangladesh Rice Journal 21(2) 2017, 'Crop Diversification in Rangpur Region', doi:10.3329/brj.v21i2.38210",Bhurungamari,Kurigram,26.1161,89.6935
Rangpur,5,Mustard-Boro-T. Aman,Mithapukur,500.0,1.14,2.19,"Bangladesh Rice Journal 21(2) 2017, 'Crop Diversification in Rangpur Region', doi:10.3329/brj.v21i2.38210",Mitha Pukur,Rangpur,25.5713,89.2612
Rangpur,5,Mustard-Boro-T. Aman,Sundarganj,450.0,1.47,1.97,"Bangladesh Rice Journal 21(2) 2017, 'Crop Diversification in Rangpur Region', doi:10.3329/brj.v21i2.38210",Sundarganj,Gaibandha,25.51,89.564
Rangpur,5,Mustard-Boro-T. Aman,Hatibandha,450.0,1.97,1.97,"Bangladesh Rice Journal 21(2) 2017, 'Crop Diversification in Rangpur Region', doi:10.3329/brj.v21i2.38210",Hatibandha,Lalmonirhat,26.1215,89.1409
Rangpur,5,Mustard-Boro-T. Aman,Jaldhaka,450.0,1.94,1.97,"Bangladesh Rice Journal 21(2) 2017, 'Crop Diversification in Rangpur Region', doi:10.3329/brj.v21i2.38210",Jaldhaka,Nilphamari,26.0296,88.9933
Rangpur,5,Mustard-Boro-T. Aman,Pirgachha,400.0,2.08,1.75,"Bangladesh Rice Journal 21(2) 2017, 'Crop Diversification in Rangpur Region', doi:10.3329/brj.v21i2.38210",Pirgachha,Rangpur,25.6652,89.42
Rangpur,5,Mustard-Boro-T. Aman,Pirganj,350.0,1.1,1.53,"Bangladesh Rice Journal 21(2) 2017, 'Crop Diversification in Rangpur Region', doi:10.3329/brj.v21i2.38210",Pirganj,Rangpur,25.4237,89.2743
Rangpur,5,Mustard-Boro-T. Aman,Kaliganj,340.0,1.76,1.49,"Bangladesh Rice Journal 21(2) 2017, 'Crop Diversification in Rangpur Region', doi:10.3329/brj.v21i2.38210",Kaliganj,Gazipur,23.9642,90.5549
Rangpur,5,Mustard-Boro-T. Aman,Palasbari,300.0,2.18,1.31,"Bangladesh Rice Journal 21(2) 2017, 'Crop Diversification in Rangpur Region', doi:10.3329/brj.v21i2.38210",Palashbari,Gaibandha,25.2636,89.3967
Rangpur,5,Mustard-Boro-T. Aman,Lalmonirhat sadar,300.0,1.6,1.31,"Bangladesh Rice Journal 21(2) 2017, 'Crop Diversification in Rangpur Region', doi:10.3329/brj.v21i2.38210",Lalmonirhat Sadar,Lalmonirhat,25.8747,89.4527
Rangpur,5,Mustard-Boro-T. Aman,Patgram,300.0,1.44,1.31,"Bangladesh Rice Journal 21(2) 2017, 'Crop Diversification in Rangpur Region', doi:10.3329/brj.v21i2.38210",Patgram,Lalmonirhat,26.347,89.0256
Rangpur,5,Mustard-Boro-T. Aman,Dimla,300.0,1.32,1.31,"Bangladesh Rice Journal 21(2) 2017, 'Crop Diversification in Rangpur Region', doi:10.3329/brj.v21i2.38210",Dimla,Nilphamari,26.1721,88.9725
Rangpur,5,Mustard-Boro-T. Aman,Kishoreganj,300.0,2.05,1.31,"Bangladesh Rice Journal 21(2) 2017, 'Crop Diversification in Rangpur Region', doi:10.3329/brj.v21i2.38210",Kishoreganj,Nilphamari,25.8961,89.0328
Rangpur,5,Mustard-Boro-T. Aman,Kaunia,300.0,2.54,1.31,"Bangladesh Rice Journal 21(2) 2017, 'Crop Diversification in Rangpur Region', doi:10.3329/brj.v21i2.38210",Kaunia,Rangpur,25.7639,89.395
Rangpur,5,Mustard-Boro-T. Aman,Domar,200.0,1.01,0.88,"Bangladesh Rice Journal 21(2) 2017, 'Crop Diversification in Rangpur Region', doi:10.3329/brj.v21i2.38210",Domar,Nilphamari,26.1586,88.8252
Rangpur,5,Mustard-Boro-T. Aman,Rangpur sadar,200.0,1.75,0.88,"Bangladesh Rice Journal 21(2) 2017, 'Crop Diversification in Rangpur Region', doi:10.3329/brj.v21i2.38210",Rangpur Sadar,Rangpur,25.7459,89.2124
Rangpur,5,Mustard-Boro-T. Aman,Taraganj,200.0,1.85,0.88,"Bangladesh Rice Journal 21(2) 2017, 'Crop Diversification in Rangpur Region', doi:10.3329/brj.v21i2.38210",Taraganj,Rangpur,25.7806,89.0334
Rangpur,5,Mustard-Boro-T. Aman,Rajarhat,100.0,0.75,0.44,"Bangladesh Rice Journal 21(2) 2017, 'Crop Diversification in Rangpur Region', doi:10.3329/brj.v21i2.38210",Rajarhat,Kurigram,25.7861,89.5424
Rangpur,5,Mustard-Boro-T. Aman,Saidpur,100.0,1.12,0.44,"Bangladesh Rice Journal 21(2) 2017, 'Crop Diversification in Rangpur Region', doi:10.3329/brj.v21i2.38210",Saidpur,Nilphamari,25.8028,88.9221
Sylhet,1,Boro-Fallow-Fallow,Dharampasha,29500.0,83.1,9.68,"Bangladesh Rice Journal 21(2) 2017, 'Cropping Systems and Land Use in Sylhet Region', doi:10.3329/brj.v21i2.38211",Dharampasha,Sunamganj,25.0107,91.0407
Sylhet,1,Boro-Fallow-Fallow,Derai,27100.0,87.99,8.89,"Bangladesh Rice Journal 21(2) 2017, 'Cropping Systems and Land Use in Sylhet Region', doi:10.3329/brj.v21i2.38211",Derai,Sunamganj,24.7875,91.336
Sylhet,1,Boro-Fallow-Fallow,Jamalganj,21000.0,81.68,6.89,"Bangladesh Rice Journal 21(2) 2017, 'Cropping Systems and Land Use in Sylhet Region', doi:10.3329/brj.v21i2.38211",Jamalganj,Sunamganj,24.9542,91.203
Sylhet,1,Boro-Fallow-Fallow,Sunamganj South,19900.0,85.74,6.53,"Bangladesh Rice Journal 21(2) 2017, 'Cropping Systems and Land Use in Sylhet Region', doi:10.3329/brj.v21i2.38211",,,,
Sylhet,1,Boro-Fallow-Fallow,Baniachang,19200.0,51.2,6.3,"Bangladesh Rice Journal 21(2) 2017, 'Cropping Systems and Land Use in Sylhet Region', doi:10.3329/brj.v21i2.38211",Baniachong,Habiganj,24.4947,91.3654
Sylhet,1,Boro-Fallow-Fallow,Jagannathpur,18600.0,67.56,6.1,"Bangladesh Rice Journal 21(2) 2017, 'Cropping Systems and Land Use in Sylhet Region', doi:10.3329/brj.v21i2.38211",Jagannathpur,Sunamganj,24.7469,91.5558
Sylhet,1,Boro-Fallow-Fallow,Sulla,16200.0,69.53,5.31,"Bangladesh Rice Journal 21(2) 2017, 'Cropping Systems and Land Use in Sylhet Region', doi:10.3329/brj.v21i2.38211",Sulla,Sunamganj,24.6864,91.2569
Sylhet,1,Boro-Fallow-Fallow,Tahirpur,14000.0,61.08,4.59,"Bangladesh Rice Journal 21(2) 2017, 'Cropping Systems and Land Use in Sylhet Region', doi:10.3329/brj.v21i2.38211",Tahirpur,Sunamganj,25.1281,91.1633
Sylhet,1,Boro-Fallow-Fallow,Nabiganj,11000.0,43.98,3.61,"Bangladesh Rice Journal 21(2) 2017, 'Cropping Systems and Land Use in Sylhet Region', doi:10.3329/brj.v21i2.38211",Nabiganj,Habiganj,24.5696,91.5444
Sylhet,1,Boro-Fallow-Fallow,Chhatak,10000.0,50.23,3.28,"Bangladesh Rice Journal 21(2) 2017, 'Cropping Systems and Land Use in Sylhet Region', doi:10.3329/brj.v21i2.38211",Chhatak,Sunamganj,24.9439,91.6155
Sylhet,1,Boro-Fallow-Fallow,Ajmiriganj,9100.0,58.71,2.99,"Bangladesh Rice Journal 21(2) 2017, 'Cropping Systems and Land Use in Sylhet Region', doi:10.3329/brj.v21i2.38211",Ajmiriganj,Habiganj,24.5533,91.2843
Sylhet,1,Boro-Fallow-Fallow,Dowarabazar,8800.0,38.99,2.89,"Bangladesh Rice Journal 21(2) 2017, 'Cropping Systems and Land Use in Sylhet Region', doi:10.3329/brj.v21i2.38211",Dowarabazar,Sunamganj,25.0717,91.5625
Sylhet,1,Boro-Fallow-Fallow,Sunamganj,8500.0,44.95,2.79,"Bangladesh Rice Journal 21(2) 2017, 'Cropping Systems and Land Use in Sylhet Region', doi:10.3329/brj.v21i2.38211",Sunamganj Sadar,Sunamganj,25.0508,91.3955
Sylhet,1,Boro-Fallow-Fallow,Balaganj,8200.0,29.66,2.69,"Bangladesh Rice Journal 21(2) 2017, 'Cropping Systems and Land Use in Sylhet Region', doi:10.3329/brj.v21i2.38211",Balaganj,Sylhet,24.6954,91.7734
Sylhet,1,Boro-Fallow-Fallow,Biswambarpur,8000.0,46.92,2.62,"Bangladesh Rice Journal 21(2) 2017, 'Cropping Systems and Land Use in Sylhet Region', doi:10.3329/brj.v21i2.38211",Bishwambarpur,Sunamganj,25.1098,91.3151
Sylhet,1,Boro-Fallow-Fallow,Lakhai,7600.0,49.0,2.49,"Bangladesh Rice Journal 21(2) 2017, 'Cropping Systems and Land Use in Sylhet Region', doi:10.3329/brj.v21i2.38211",Lakhai,Habiganj,24.2981,91.2603
Sylhet,1,Boro-Fallow-Fallow,Companiganj,7500.0,40.09,2.46,"Bangladesh Rice Journal 21(2) 2017, 'Cropping Systems and Land Use in Sylhet Region', doi:10.3329/brj.v21i2.38211",Companiganj,Noakhali,22.7825,91.2735
Sylhet,1,Boro-Fallow-Fallow,Maulvibazar,6000.0,23.47,1.97,"Bangladesh Rice Journal 21(2) 2017, 'Cropping Systems and Land Use in Sylhet Region', doi:10.3329/brj.v21i2.38211",Maulvi Bazar Sadar,Maulvibazar,24.4995,91.7123
Sylhet,1,Boro-Fallow-Fallow,Rajnagar,6000.0,29.56,1.97,"Bangladesh Rice Journal 21(2) 2017, 'Cropping Systems and Land Use in Sylhet Region', doi:10.3329/brj.v21i2.38211",Rajnagar,Maulvibazar,24.5653,91.8608
Sylhet,1,Boro-Fallow-Fallow,Bahubal,5000.0,30.4,1.64,"Bangladesh Rice Journal 21(2) 2017, 'Cropping Systems and Land Use in Sylhet Region', doi:10.3329/brj.v21i2.38211",Bahubal,Habiganj,24.3606,91.5464
Sylhet,1,Boro-Fallow-Fallow,Jaintapur,4500.0,31.06,1.48,"Bangladesh Rice Journal 21(2) 2017, 'Cropping Systems and Land Use in Sylhet Region', doi:10.3329/brj.v21i2.38211",Jaintiapur,Sylhet,25.0565,92.1014
Sylhet,1,Boro-Fallow-Fallow,Habiganj,4000.0,20.27,1.31,"Bangladesh Rice Journal 21(2) 2017, 'Cropping Systems and Land Use in Sylhet Region', doi:10.3329/brj.v21i2.38211",Habiganj Sadar,Habiganj,24.3359,91.4143
Sylhet,1,Boro-Fallow-Fallow,Goainghat,4000.0,16.8,1.31,"Bangladesh Rice Journal 21(2) 2017, 'Cropping Systems and Land Use in Sylhet Region', doi:10.3329/brj.v21i2.38211",Gowainghat,Sylhet,25.0831,91.9583
Sylhet,1,Boro-Fallow-Fallow,Kulaura,3600.0,16.06,1.18,"Bangladesh Rice Journal 21(2) 2017, 'Cropping Systems and Land Use in Sylhet Region', doi:10.3329/brj.v21i2.38211",Kulaura,Maulvibazar,24.4903,92.0123
Sylhet,1,Boro-Fallow-Fallow,Fenchuganj,3600.0,42.35,1.18,"Bangladesh Rice Journal 21(2) 2017, 'Cropping Systems and Land Use in Sylhet Region', doi:10.3329/brj.v21i2.38211",Fenchuganj,Sylhet,24.6938,91.9617
Sylhet,1,Boro-Fallow-Fallow,Biswanath,3500.0,21.15,1.15,"Bangladesh Rice Journal 21(2) 2017, 'Cropping Systems and Land Use in Sylhet Region', doi:10.3329/brj.v21i2.38211",Bishwanath,Sylhet,24.8349,91.7292
Sylhet,1,Boro-Fallow-Fallow,Sreemangal,3400.0,17.99,1.12,"Bangladesh Rice Journal 21(2) 2017, 'Cropping Systems and Land Use in Sylhet Region', doi:10.3329/brj.v21i2.38211",Sreemangal,Maulvibazar,24.301,91.698
Sylhet,1,Boro-Fallow-Fallow,Baanibazar,3400.0,24.37,1.12,"Bangladesh Rice Journal 21(2) 2017, 'Cropping Systems and Land Use in Sylhet Region', doi:10.3329/brj.v21i2.38211",Beani Bazar,Sylhet,24.8489,92.1591
Sylhet,1,Boro-Fallow-Fallow,Surma,2500.0,16.61,0.82,"Bangladesh Rice Journal 21(2) 2017, 'Cropping Systems and Land Use in Sylhet Region', doi:10.3329/brj.v21i2.38211",,,,
Sylhet,1,Boro-Fallow-Fallow,Golapganj,2300.0,13.76,0.75,"Bangladesh Rice Journal 21(2) 2017, 'Cropping Systems and Land Use in Sylhet Region', doi:10.3329/brj.v21i2.38211",Golabganj,Sylhet,24.812,92.017
Sylhet,1,Boro-Fallow-Fallow,Barlekha,2100.0,18.03,0.69,"Bangladesh Rice Journal 21(2) 2017, 'Cropping Systems and Land Use in Sylhet Region', doi:10.3329/brj.v21i2.38211",Barlekha,Maulvibazar,24.7082,92.1756
Sylhet,1,Boro-Fallow-Fallow,Sylhet,1750.0,14.94,0.57,"Bangladesh Rice Journal 21(2) 2017, 'Cropping Systems and Land Use in Sylhet Region', doi:10.3329/brj.v21i2.38211",Sylhet Sadar,Sylhet,24.9413,91.8474
Sylhet,1,Boro-Fallow-Fallow,Juri,1700.0,16.08,0.56,"Bangladesh Rice Journal 21(2) 2017, 'Cropping Systems and Land Use in Sylhet Region', doi:10.3329/brj.v21i2.38211",Juri,Maulvibazar,24.5532,92.1432
Sylhet,1,Boro-Fallow-Fallow,Zakiganj,1700.0,8.58,0.56,"Bangladesh Rice Journal 21(2) 2017, 'Cropping Systems and Land Use in Sylhet Region', doi:10.3329/brj.v21i2.38211",Zakiganj,Sylhet,24.926,92.3671
Sylhet,1,Boro-Fallow-Fallow,Kanaighat,1500.0,6.46,0.49,"Bangladesh Rice Journal 21(2) 2017, 'Cropping Systems and Land Use in Sylhet Region', doi:10.3329/brj.v21i2.38211",Kanaighat,Sylhet,24.9935,92.218
Sylhet,1,Boro-Fallow-Fallow,Kamalganj,50.0,0.28,0.02,"Bangladesh Rice Journal 21(2) 2017, 'Cropping Systems and Land Use in Sylhet Region', doi:10.3329/brj.v21i2.38211",Kamalganj,Maulvibazar,24.3157,91.8592
Sylhet,2,Boro-Fallow-T. Aman,Sunamganj,7000.0,37.02,5.78,"Bangladesh Rice Journal 21(2) 2017, 'Cropping Systems and Land Use in Sylhet Region', doi:10.3329/brj.v21i2.38211",Sunamganj Sadar,Sunamganj,25.0508,91.3955
Sylhet,2,Boro-Fallow-T. Aman,Tahirpur,6000.0,26.18,4.96,"Bangladesh Rice Journal 21(2) 2017, 'Cropping Systems and Land Use in Sylhet Region', doi:10.3329/brj.v21i2.38211",Tahirpur,Sunamganj,25.1281,91.1633
Sylhet,2,Boro-Fallow-T. Aman,Balaganj,6000.0,21.7,4.96,"Bangladesh Rice Journal 21(2) 2017, 'Cropping Systems and Land Use in Sylhet Region', doi:10.3329/brj.v21i2.38211",Balaganj,Sylhet,24.6954,91.7734
Sylhet,2,Boro-Fallow-T. Aman,Rajnagar,5400.0,26.6,4.46,"Bangladesh Rice Journal 21(2) 2017, 'Cropping Systems and Land Use in Sylhet Region', doi:10.3329/brj.v21i2.38211",Rajnagar,Maulvibazar,24.5653,91.8608
Sylhet,2,Boro-Fallow-T. Aman,Sulla,5400.0,23.18,4.46,"Bangladesh Rice Journal 21(2) 2017, 'Cropping Systems and Land Use in Sylhet Region', doi:10.3329/brj.v21i2.38211",Sulla,Sunamganj,24.6864,91.2569
Sylhet,2,Boro-Fallow-T. Aman,Sreemangal,5300.0,28.04,4.38,"Bangladesh Rice Journal 21(2) 2017, 'Cropping Systems and Land Use in Sylhet Region', doi:10.3329/brj.v21i2.38211",Sreemangal,Maulvibazar,24.301,91.698
Sylhet,2,Boro-Fallow-T. Aman,Biswambarpur,5000.0,29.33,4.13,"Bangladesh Rice Journal 21(2) 2017, 'Cropping Systems and Land Use in Sylhet Region', doi:10.3329/brj.v21i2.38211",Bishwambarpur,Sunamganj,25.1098,91.3151
Sylhet,2,Boro-Fallow-T. Aman,Companiganj,5000.0,26.72,4.13,"Bangladesh Rice Journal 21(2) 2017, 'Cropping Systems and Land Use in Sylhet Region', doi:10.3329/brj.v21i2.38211",Companiganj,Noakhali,22.7825,91.2735
Sylhet,2,Boro-Fallow-T. Aman,Dowarabazar,4900.0,21.71,4.05,"Bangladesh Rice Journal 21(2) 2017, 'Cropping Systems and Land Use in Sylhet Region', doi:10.3329/brj.v21i2.38211",Dowarabazar,Sunamganj,25.0717,91.5625
Sylhet,2,Boro-Fallow-T. Aman,Golapganj,4500.0,26.93,3.72,"Bangladesh Rice Journal 21(2) 2017, 'Cropping Systems and Land Use in Sylhet Region', doi:10.3329/brj.v21i2.38211",Golabganj,Sylhet,24.812,92.017
Sylhet,2,Boro-Fallow-T. Aman,Maulvibazar,4200.0,16.43,3.47,"Bangladesh Rice Journal 21(2) 2017, 'Cropping Systems and Land Use in Sylhet Region', doi:10.3329/brj.v21i2.38211",Maulvi Bazar Sadar,Maulvibazar,24.4995,91.7123
Sylhet,2,Boro-Fallow-T. Aman,Madhabpur,4000.0,24.78,3.31,"Bangladesh Rice Journal 21(2) 2017, 'Cropping Systems and Land Use in Sylhet Region', doi:10.3329/brj.v21i2.38211",Madhabpur,Habiganj,24.1205,91.3415
Sylhet,2,Boro-Fallow-T. Aman,Jamalganj,3900.0,15.17,3.22,"Bangladesh Rice Journal 21(2) 2017, 'Cropping Systems and Land Use in Sylhet Region', doi:10.3329/brj.v21i2.38211",Jamalganj,Sunamganj,24.9542,91.203
Sylhet,2,Boro-Fallow-T. Aman,Kamalganj,3600.0,19.92,2.97,"Bangladesh Rice Journal 21(2) 2017, 'Cropping Systems and Land Use in Sylhet Region', doi:10.3329/brj.v21i2.38211",Kamalganj,Maulvibazar,24.3157,91.8592
Sylhet,2,Boro-Fallow-T. Aman,Surma,3500.0,23.26,2.89,"Bangladesh Rice Journal 21(2) 2017, 'Cropping Systems and Land Use in Sylhet Region', doi:10.3329/brj.v21i2.38211",,,,
Sylhet,2,Boro-Fallow-T. Aman,Baniachang,3000.0,8.0,2.48,"Bangladesh Rice Journal 21(2) 2017, 'Cropping Systems and Land Use in Sylhet Region', doi:10.3329/brj.v21i2.38211",Baniachong,Habiganj,24.4947,91.3654
Sylhet,2,Boro-Fallow-T. Aman,Chunarughat,3000.0,13.27,2.48,"Bangladesh Rice Journal 21(2) 2017, 'Cropping Systems and Land Use in Sylhet Region', doi:10.3329/brj.v21i2.38211",Chunarughat,Habiganj,24.1816,91.5174
Sylhet,2,Boro-Fallow-T. Aman,Juri,3000.0,28.38,2.48,"Bangladesh Rice Journal 21(2) 2017, 'Cropping Systems and Land Use in Sylhet Region', doi:10.3329/brj.v21i2.38211",Juri,Maulvibazar,24.5532,92.1432
Sylhet,2,Boro-Fallow-T. Aman,Biswanath,3000.0,18.13,2.48,"Bangladesh Rice Journal 21(2) 2017, 'Cropping Systems and Land Use in Sylhet Region', doi:10.3329/brj.v21i2.38211",Bishwanath,Sylhet,24.8349,91.7292
Sylhet,2,Boro-Fallow-T. Aman,Goainghat,3000.0,12.6,2.48,"Bangladesh Rice Journal 21(2) 2017, 'Cropping Systems and Land Use in Sylhet Region', doi:10.3329/brj.v21i2.38211",Gowainghat,Sylhet,25.0831,91.9583
Sylhet,2,Boro-Fallow-T. Aman,Sylhet,2700.0,23.06,2.23,"Bangladesh Rice Journal 21(2) 2017, 'Cropping Systems and Land Use in Sylhet Region', doi:10.3329/brj.v21i2.38211",Sylhet Sadar,Sylhet,24.9413,91.8474
Sylhet,2,Boro-Fallow-T. Aman,Habiganj,2500.0,12.67,2.07,"Bangladesh Rice Journal 21(2) 2017, 'Cropping Systems and Land Use in Sylhet Region', doi:10.3329/brj.v21i2.38211",Habiganj Sadar,Habiganj,24.3359,91.4143
Sylhet,2,Boro-Fallow-T. Aman,Dharampasha,2500.0,7.04,2.07,"Bangladesh Rice Journal 21(2) 2017, 'Cropping Systems and Land Use in Sylhet Region', doi:10.3329/brj.v21i2.38211",Dharampasha,Sunamganj,25.0107,91.0407
Sylhet,2,Boro-Fallow-T. Aman,Kanaighat,2500.0,10.77,2.07,"Bangladesh Rice Journal 21(2) 2017, 'Cropping Systems and Land Use in Sylhet Region', doi:10.3329/brj.v21i2.38211",Kanaighat,Sylhet,24.9935,92.218
Sylhet,2,Boro-Fallow-T. Aman,Baanibazar,2400.0,17.2,1.98,"Bangladesh Rice Journal 21(2) 2017, 'Cropping Systems and Land Use in Sylhet Region', doi:10.3329/brj.v21i2.38211",Beani Bazar,Sylhet,24.8489,92.1591
Sylhet,2,Boro-Fallow-T. Aman,Chhatak,2200.0,11.05,1.82,"Bangladesh Rice Journal 21(2) 2017, 'Cropping Systems and Land Use in Sylhet Region', doi:10.3329/brj.v21i2.38211",Chhatak,Sunamganj,24.9439,91.6155
Sylhet,2,Boro-Fallow-T. Aman,Derai,2200.0,7.14,1.82,"Bangladesh Rice Journal 21(2) 2017, 'Cropping Systems and Land Use in Sylhet Region', doi:10.3329/brj.v21i2.38211",Derai,Sunamganj,24.7875,91.336
Sylhet,2,Boro-Fallow-T. Aman,Jagannathpur,2100.0,7.63,1.74,"Bangladesh Rice Journal 21(2) 2017, 'Cropping Systems and Land Use in Sylhet Region', doi:10.3329/brj.v21i2.38211",Jagannathpur,Sunamganj,24.7469,91.5558
Sylhet,2,Boro-Fallow-T. Aman,Ajmiriganj,2050.0,13.23,1.69,"Bangladesh Rice Journal 21(2) 2017, 'Cropping Systems and Land Use in Sylhet Region', doi:10.3329/brj.v21i2.38211",Ajmiriganj,Habiganj,24.5533,91.2843
Sylhet,2,Boro-Fallow-T. Aman,Barlekha,2000.0,17.17,1.65,"Bangladesh Rice Journal 21(2) 2017, 'Cropping Systems and Land Use in Sylhet Region', doi:10.3329/brj.v21i2.38211",Barlekha,Maulvibazar,24.7082,92.1756
Sylhet,2,Boro-Fallow-T. Aman,Nabiganj,1900.0,7.6,1.57,"Bangladesh Rice Journal 21(2) 2017, 'Cropping Systems and Land Use in Sylhet Region', doi:10.3329/brj.v21i2.38211",Nabiganj,Habiganj,24.5696,91.5444
Sylhet,2,Boro-Fallow-T. Aman,Sunamganj South,1900.0,8.19,1.57,"Bangladesh Rice Journal 21(2) 2017, 'Cropping Systems and Land Use in Sylhet Region', doi:10.3329/brj.v21i2.38211",,,,
Sylhet,2,Boro-Fallow-T. Aman,Lakhai,1620.0,10.44,1.34,"Bangladesh Rice Journal 21(2) 2017, 'Cropping Systems and Land Use in Sylhet Region', doi:10.3329/brj.v21i2.38211",Lakhai,Habiganj,24.2981,91.2603
Sylhet,2,Boro-Fallow-T. Aman,Jaintapur,1500.0,10.35,1.24,"Bangladesh Rice Journal 21(2) 2017, 'Cropping Systems and Land Use in Sylhet Region', doi:10.3329/brj.v21i2.38211",Jaintiapur,Sylhet,25.0565,92.1014
Sylhet,2,Boro-Fallow-T. Aman,Kulaura,1150.0,5.13,0.95,"Bangladesh Rice Journal 21(2) 2017, 'Cropping Systems and Land Use in Sylhet Region', doi:10.3329/brj.v21i2.38211",Kulaura,Maulvibazar,24.4903,92.0123
Sylhet,2,Boro-Fallow-T. Aman,Bahubal,1000.0,6.08,0.83,"Bangladesh Rice Journal 21(2) 2017, 'Cropping Systems and Land Use in Sylhet Region', doi:10.3329/brj.v21i2.38211",Bahubal,Habiganj,24.3606,91.5464
Sylhet,2,Boro-Fallow-T. Aman,Fenchuganj,100.0,1.18,0.08,"Bangladesh Rice Journal 21(2) 2017, 'Cropping Systems and Land Use in Sylhet Region', doi:10.3329/brj.v21i2.38211",Fenchuganj,Sylhet,24.6938,91.9617
Sylhet,3,Fallow-Fallow-T. Aman,Maulvibazar,8700.0,34.04,7.4,"Bangladesh Rice Journal 21(2) 2017, 'Cropping Systems and Land Use in Sylhet Region', doi:10.3329/brj.v21i2.38211",Maulvi Bazar Sadar,Maulvibazar,24.4995,91.7123
Sylhet,3,Fallow-Fallow-T. Aman,Kanaighat,8500.0,36.62,7.23,"Bangladesh Rice Journal 21(2) 2017, 'Cropping Systems and Land Use in Sylhet Region', doi:10.3329/brj.v21i2.38211",Kanaighat,Sylhet,24.9935,92.218
Sylhet,3,Fallow-Fallow-T. Aman,Kulaura,8400.0,37.47,7.15,"Bangladesh Rice Journal 21(2) 2017, 'Cropping Systems and Land Use in Sylhet Region', doi:10.3329/brj.v21i2.38211",Kulaura,Maulvibazar,24.4903,92.0123
Sylhet,3,Fallow-Fallow-T. Aman,Jaintapur,8300.0,57.28,7.06,"Bangladesh Rice Journal 21(2) 2017, 'Cropping Systems and Land Use in Sylhet Region', doi:10.3329/brj.v21i2.38211",Jaintiapur,Sylhet,25.0565,92.1014
Sylhet,3,Fallow-Fallow-T. Aman,Goainghat,8000.0,33.6,6.81,"Bangladesh Rice Journal 21(2) 2017, 'Cropping Systems and Land Use in Sylhet Region', doi:10.3329/brj.v21i2.38211",Gowainghat,Sylhet,25.0831,91.9583
Sylhet,3,Fallow-Fallow-T. Aman,Nabiganj,7780.0,31.11,6.62,"Bangladesh Rice Journal 21(2) 2017, 'Cropping Systems and Land Use in Sylhet Region', doi:10.3329/brj.v21i2.38211",Nabiganj,Habiganj,24.5696,91.5444
Sylhet,3,Fallow-Fallow-T. Aman,Chhatak,6000.0,35.19,5.1,"Bangladesh Rice Journal 21(2) 2017, 'Cropping Systems and Land Use in Sylhet Region', doi:10.3329/brj.v21i2.38211",Chhatak,Sunamganj,24.9439,91.6155
Sylhet,3,Fallow-Fallow-T. Aman,Jagannathpur,6000.0,26.58,5.1,"Bangladesh Rice Journal 21(2) 2017, 'Cropping Systems and Land Use in Sylhet Region', doi:10.3329/brj.v21i2.38211",Jagannathpur,Sunamganj,24.7469,91.5558
Sylhet,3,Fallow-Fallow-T. Aman,Balaganj,5700.0,20.61,4.85,"Bangladesh Rice Journal 21(2) 2017, 'Cropping Systems and Land Use in Sylhet Region', doi:10.3329/brj.v21i2.38211",Balaganj,Sylhet,24.6954,91.7734
Sylhet,3,Fallow-Fallow-T. Aman,Beanibazar,5000.0,35.84,4.25,"Bangladesh Rice Journal 21(2) 2017, 'Cropping Systems and Land Use in Sylhet Region', doi:10.3329/brj.v21i2.38211",Beani Bazar,Sylhet,24.8489,92.1591
Sylhet,3,Fallow-Fallow-T. Aman,Zakiganj,5000.0,25.24,4.25,"Bangladesh Rice Journal 21(2) 2017, 'Cropping Systems and Land Use in Sylhet Region', doi:10.3329/brj.v21i2.38211",Zakiganj,Sylhet,24.926,92.3671
Sylhet,3,Fallow-Fallow-T. Aman,Dowarabazar,4700.0,15.26,4.0,"Bangladesh Rice Journal 21(2) 2017, 'Cropping Systems and Land Use in Sylhet Region', doi:10.3329/brj.v21i2.38211",Dowarabazar,Sunamganj,25.0717,91.5625
Sylhet,3,Fallow-Fallow-T. Aman,Companiganj,4500.0,24.05,3.83,"Bangladesh Rice Journal 21(2) 2017, 'Cropping Systems and Land Use in Sylhet Region', doi:10.3329/brj.v21i2.38211",Companiganj,Noakhali,22.7825,91.2735
Sylhet,3,Fallow-Fallow-T. Aman,Biswanath,3800.0,22.96,3.23,"Bangladesh Rice Journal 21(2) 2017, 'Cropping Systems and Land Use in Sylhet Region', doi:10.3329/brj.v21i2.38211",Bishwanath,Sylhet,24.8349,91.7292
Sylhet,3,Fallow-Fallow-T. Aman,Baniachang,3500.0,9.33,2.98,"Bangladesh Rice Journal 21(2) 2017, 'Cropping Systems and Land Use in Sylhet Region', doi:10.3329/brj.v21i2.38211",Baniachong,Habiganj,24.4947,91.3654
Sylhet,3,Fallow-Fallow-T. Aman,Surma,3500.0,23.26,2.98,"Bangladesh Rice Journal 21(2) 2017, 'Cropping Systems and Land Use in Sylhet Region', doi:10.3329/brj.v21i2.38211",,,,
Sylhet,3,Fallow-Fallow-T. Aman,Barlekha,2700.0,23.18,2.3,"Bangladesh Rice Journal 21(2) 2017, 'Cropping Systems and Land Use in Sylhet Region', doi:10.3329/brj.v21i2.38211",Barlekha,Maulvibazar,24.7082,92.1756
Sylhet,3,Fallow-Fallow-T. Aman,Golapganj,2400.0,14.36,2.04,"Bangladesh Rice Journal 21(2) 2017, 'Cropping Systems and Land Use in Sylhet Region', doi:10.3329/brj.v21i2.38211",Golabganj,Sylhet,24.812,92.017
Sylhet,3,Fallow-Fallow-T. Aman,Sunamganj,2000.0,10.58,1.7,"Bangladesh Rice Journal 21(2) 2017, 'Cropping Systems and Land Use in Sylhet Region', doi:10.3329/brj.v21i2.38211",Sunamganj Sadar,Sunamganj,25.0508,91.3955
Sylhet,3,Fallow-Fallow-T. Aman,Kamalganj,1800.0,9.96,1.53,"Bangladesh Rice Journal 21(2) 2017, 'Cropping Systems and Land Use in Sylhet Region', doi:10.3329/brj.v21i2.38211",Kamalganj,Maulvibazar,24.3157,91.8592
Sylhet,3,Fallow-Fallow-T. Aman,Fenchuganj,1800.0,21.18,1.53,"Bangladesh Rice Journal 21(2) 2017, 'Cropping Systems and Land Use in Sylhet Region', doi:10.3329/brj.v21i2.38211",Fenchuganj,Sylhet,24.6938,91.9617
Sylhet,3,Fallow-Fallow-T. Aman,Sylhet,1750.0,14.94,1.49,"Bangladesh Rice Journal 21(2) 2017, 'Cropping Systems and Land Use in Sylhet Region', doi:10.3329/brj.v21i2.38211",Sylhet Sadar,Sylhet,24.9413,91.8474
Sylhet,3,Fallow-Fallow-T. Aman,Juri,1650.0,15.61,1.4,"Bangladesh Rice Journal 21(2) 2017, 'Cropping Systems and Land Use in Sylhet Region', doi:10.3329/brj.v21i2.38211",Juri,Maulvibazar,24.5532,92.1432
Sylhet,3,Fallow-Fallow-T. Aman,Rajnagar,1650.0,8.13,1.4,"Bangladesh Rice Journal 21(2) 2017, 'Cropping Systems and Land Use in Sylhet Region', doi:10.3329/brj.v21i2.38211",Rajnagar,Maulvibazar,24.5653,91.8608
Sylhet,3,Fallow-Fallow-T. Aman,Dharampasha,1100.0,5.52,0.94,"Bangladesh Rice Journal 21(2) 2017, 'Cropping Systems and Land Use in Sylhet Region', doi:10.3329/brj.v21i2.38211",Dharampasha,Sunamganj,25.0107,91.0407
Sylhet,3,Fallow-Fallow-T. Aman,Sunamganj South,1100.0,4.74,0.94,"Bangladesh Rice Journal 21(2) 2017, 'Cropping Systems and Land Use in Sylhet Region', doi:10.3329/brj.v21i2.38211",,,,
Sylhet,3,Fallow-Fallow-T. Aman,Derai,1000.0,2.82,0.85,"Bangladesh Rice Journal 21(2) 2017, 'Cropping Systems and Land Use in Sylhet Region', doi:10.3329/brj.v21i2.38211",Derai,Sunamganj,24.7875,91.336
Sylhet,3,Fallow-Fallow-T. Aman,Bahubal,600.0,3.65,0.51,"Bangladesh Rice Journal 21(2) 2017, 'Cropping Systems and Land Use in Sylhet Region', doi:10.3329/brj.v21i2.38211",Bahubal,Habiganj,24.3606,91.5464
Sylhet,3,Fallow-Fallow-T. Aman,Chunarughat,460.0,2.03,0.39,"Bangladesh Rice Journal 21(2) 2017, 'Cropping Systems and Land Use in Sylhet Region', doi:10.3329/brj.v21i2.38211",Chunarughat,Habiganj,24.1816,91.5174
Sylhet,3,Fallow-Fallow-T. Aman,Sreemangal,170.0,0.9,0.14,"Bangladesh Rice Journal 21(2) 2017, 'Cropping Systems and Land Use in Sylhet Region', doi:10.3329/brj.v21i2.38211",Sreemangal,Maulvibazar,24.301,91.698
Sylhet,4,Fallow-Aus-T. Aman,Chunarughat,10500.0,46.44,10.82,"Bangladesh Rice Journal 21(2) 2017, 'Cropping Systems and Land Use in Sylhet Region', doi:10.3329/brj.v21i2.38211",Chunarughat,Habiganj,24.1816,91.5174
Sylhet,4,Fallow-Aus-T. Aman,Kamalganj,8800.0,48.7,9.07,"Bangladesh Rice Journal 21(2) 2017, 'Cropping Systems and Land Use in Sylhet Region', doi:10.3329/brj.v21i2.38211",Kamalganj,Maulvibazar,24.3157,91.8592
Sylhet,4,Fallow-Aus-T. Aman,Sreemangal,7700.0,40.74,7.93,"Bangladesh Rice Journal 21(2) 2017, 'Cropping Systems and Land Use in Sylhet Region', doi:10.3329/brj.v21i2.38211",Sreemangal,Maulvibazar,24.301,91.698
Sylhet,4,Fallow-Aus-T. Aman,Bahubal,6000.0,36.47,6.18,"Bangladesh Rice Journal 21(2) 2017, 'Cropping Systems and Land Use in Sylhet Region', doi:10.3329/brj.v21i2.38211",Bahubal,Habiganj,24.3606,91.5464
Sylhet,4,Fallow-Aus-T. Aman,Kulaura,5600.0,24.98,5.77,"Bangladesh Rice Journal 21(2) 2017, 'Cropping Systems and Land Use in Sylhet Region', doi:10.3329/brj.v21i2.38211",Kulaura,Maulvibazar,24.4903,92.0123
Sylhet,4,Fallow-Aus-T. Aman,Habiganj,5000.0,25.34,5.15,"Bangladesh Rice Journal 21(2) 2017, 'Cropping Systems and Land Use in Sylhet Region', doi:10.3329/brj.v21i2.38211",Habiganj Sadar,Habiganj,24.3359,91.4143
Sylhet,4,Fallow-Aus-T. Aman,Kanaighat,5000.0,21.54,5.15,"Bangladesh Rice Journal 21(2) 2017, 'Cropping Systems and Land Use in Sylhet Region', doi:10.3329/brj.v21i2.38211",Kanaighat,Sylhet,24.9935,92.218
Sylhet,4,Fallow-Aus-T. Aman,Rajnagar,4700.0,23.15,4.84,"Bangladesh Rice Journal 21(2) 2017, 'Cropping Systems and Land Use in Sylhet Region', doi:10.3329/brj.v21i2.38211",Rajnagar,Maulvibazar,24.5653,91.8608
Sylhet,4,Fallow-Aus-T. Aman,Jaintapur,4500.0,31.06,4.64,"Bangladesh Rice Journal 21(2) 2017, 'Cropping Systems and Land Use in Sylhet Region', doi:10.3329/brj.v21i2.38211",Jaintiapur,Sylhet,25.0565,92.1014
Sylhet,4,Fallow-Aus-T. Aman,Golapganj,4200.0,25.13,4.33,"Bangladesh Rice Journal 21(2) 2017, 'Cropping Systems and Land Use in Sylhet Region', doi:10.3329/brj.v21i2.38211",Golabganj,Sylhet,24.812,92.017
Sylhet,4,Fallow-Aus-T. Aman,Maulvibazar,3700.0,14.48,3.81,"Bangladesh Rice Journal 21(2) 2017, 'Cropping Systems and Land Use in Sylhet Region', doi:10.3329/brj.v21i2.38211",Maulvi Bazar Sadar,Maulvibazar,24.4995,91.7123
Sylhet,4,Fallow-Aus-T. Aman,Biswanath,3600.0,21.75,3.71,"Bangladesh Rice Journal 21(2) 2017, 'Cropping Systems and Land Use in Sylhet Region', doi:10.3329/brj.v21i2.38211",Bishwanath,Sylhet,24.8349,91.7292
Sylhet,4,Fallow-Aus-T. Aman,Goainghat,3500.0,14.7,3.61,"Bangladesh Rice Journal 21(2) 2017, 'Cropping Systems and Land Use in Sylhet Region', doi:10.3329/brj.v21i2.38211",Gowainghat,Sylhet,25.0831,91.9583
Sylhet,4,Fallow-Aus-T. Aman,Zakiganj,3500.0,17.67,3.61,"Bangladesh Rice Journal 21(2) 2017, 'Cropping Systems and Land Use in Sylhet Region', doi:10.3329/brj.v21i2.38211",Zakiganj,Sylhet,24.926,92.3671
Sylhet,4,Fallow-Aus-T. Aman,Surma,3000.0,19.93,3.09,"Bangladesh Rice Journal 21(2) 2017, 'Cropping Systems and Land Use in Sylhet Region', doi:10.3329/brj.v21i2.38211",,,,
Sylhet,4,Fallow-Aus-T. Aman,Balaganj,2750.0,9.95,2.83,"Bangladesh Rice Journal 21(2) 2017, 'Cropping Systems and Land Use in Sylhet Region', doi:10.3329/brj.v21i2.38211",Balaganj,Sylhet,24.6954,91.7734
Sylhet,4,Fallow-Aus-T. Aman,Sylhet,2500.0,21.35,2.58,"Bangladesh Rice Journal 21(2) 2017, 'Cropping Systems and Land Use in Sylhet Region', doi:10.3329/brj.v21i2.38211",Sylhet Sadar,Sylhet,24.9413,91.8474
Sylhet,4,Fallow-Aus-T. Aman,Dowarabazar,2200.0,9.75,2.27,"Bangladesh Rice Journal 21(2) 2017, 'Cropping Systems and Land Use in Sylhet Region', doi:10.3329/brj.v21i2.38211",Dowarabazar,Sunamganj,25.0717,91.5625
Sylhet,4,Fallow-Aus-T. Aman,Barlekha,2100.0,18.03,2.16,"Bangladesh Rice Journal 21(2) 2017, 'Cropping Systems and Land Use in Sylhet Region', doi:10.3329/brj.v21i2.38211",Barlekha,Maulvibazar,24.7082,92.1756
Sylhet,4,Fallow-Aus-T. Aman,Fenchuganj,2100.0,24.71,2.16,"Bangladesh Rice Journal 21(2) 2017, 'Cropping Systems and Land Use in Sylhet Region', doi:10.3329/brj.v21i2.38211",Fenchuganj,Sylhet,24.6938,91.9617
Sylhet,4,Fallow-Aus-T. Aman,Madhabpur,1400.0,8.67,1.44,"Bangladesh Rice Journal 21(2) 2017, 'Cropping Systems and Land Use in Sylhet Region', doi:10.3329/brj.v21i2.38211",Madhabpur,Habiganj,24.1205,91.3415
Sylhet,4,Fallow-Aus-T. Aman,Juri,1300.0,12.3,1.34,"Bangladesh Rice Journal 21(2) 2017, 'Cropping Systems and Land Use in Sylhet Region', doi:10.3329/brj.v21i2.38211",Juri,Maulvibazar,24.5532,92.1432
Sylhet,4,Fallow-Aus-T. Aman,Biswambarpur,1100.0,6.45,1.13,"Bangladesh Rice Journal 21(2) 2017, 'Cropping Systems and Land Use in Sylhet Region', doi:10.3329/brj.v21i2.38211",Bishwambarpur,Sunamganj,25.1098,91.3151
Sylhet,4,Fallow-Aus-T. Aman,Beanibazar,900.0,6.45,0.93,"Bangladesh Rice Journal 21(2) 2017, 'Cropping Systems and Land Use in Sylhet Region', doi:10.3329/brj.v21i2.38211",Beani Bazar,Sylhet,24.8489,92.1591
Sylhet,4,Fallow-Aus-T. Aman,Lakhai,525.0,3.38,0.54,"Bangladesh Rice Journal 21(2) 2017, 'Cropping Systems and Land Use in Sylhet Region', doi:10.3329/brj.v21i2.38211",Lakhai,Habiganj,24.2981,91.2603
Sylhet,4,Fallow-Aus-T. Aman,Nabiganj,400.0,1.6,0.41,"Bangladesh Rice Journal 21(2) 2017, 'Cropping Systems and Land Use in Sylhet Region', doi:10.3329/brj.v21i2.38211",Nabiganj,Habiganj,24.5696,91.5444
Sylhet,4,Fallow-Aus-T. Aman,Sunamganj,230.0,1.22,0.24,"Bangladesh Rice Journal 21(2) 2017, 'Cropping Systems and Land Use in Sylhet Region', doi:10.3329/brj.v21i2.38211",Sunamganj Sadar,Sunamganj,25.0508,91.3955
Sylhet,4,Fallow-Aus-T. Aman,Chhatak,200.0,1.0,0.21,"Bangladesh Rice Journal 21(2) 2017, 'Cropping Systems and Land Use in Sylhet Region', doi:10.3329/brj.v21i2.38211",Chhatak,Sunamganj,24.9439,91.6155
Sylhet,4,Fallow-Aus-T. Aman,Companiganj,50.0,0.27,0.05,"Bangladesh Rice Journal 21(2) 2017, 'Cropping Systems and Land Use in Sylhet Region', doi:10.3329/brj.v21i2.38211",Companiganj,Noakhali,22.7825,91.2735
Sylhet,5,Boro-B. Aman,Baniachang,9300.0,24.8,39.03,"Bangladesh Rice Journal 21(2) 2017, 'Cropping Systems and Land Use in Sylhet Region', doi:10.3329/brj.v21i2.38211",Baniachong,Habiganj,24.4947,91.3654
Sylhet,5,Boro-B. Aman,Madhabpur,3800.0,23.54,15.95,"Bangladesh Rice Journal 21(2) 2017, 'Cropping Systems and Land Use in Sylhet Region', doi:10.3329/brj.v21i2.38211",Madhabpur,Habiganj,24.1205,91.3415
Sylhet,5,Boro-B. Aman,Nabiganj,3300.0,13.19,13.85,"Bangladesh Rice Journal 21(2) 2017, 'Cropping Systems and Land Use in Sylhet Region', doi:10.3329/brj.v21i2.38211",Nabiganj,Habiganj,24.5696,91.5444
Sylhet,5,Boro-B. Aman,Ajmiriganj,2200.0,14.19,9.23,"Bangladesh Rice Journal 21(2) 2017, 'Cropping Systems and Land Use in Sylhet Region', doi:10.3329/brj.v21i2.38211",Ajmiriganj,Habiganj,24.5533,91.2843
Sylhet,5,Boro-B. Aman,Lakhai,2000.0,12.89,8.39,"Bangladesh Rice Journal 21(2) 2017, 'Cropping Systems and Land Use in Sylhet Region', doi:10.3329/brj.v21i2.38211",Lakhai,Habiganj,24.2981,91.2603
Sylhet,5,Boro-B. Aman,Rajnagar,1000.0,4.93,4.2,"Bangladesh Rice Journal 21(2) 2017, 'Cropping Systems and Land Use in Sylhet Region', doi:10.3329/brj.v21i2.38211",Rajnagar,Maulvibazar,24.5653,91.8608
Sylhet,5,Boro-B. Aman,Balaganj,900.0,3.25,3.78,"Bangladesh Rice Journal 21(2) 2017, 'Cropping Systems and Land Use in Sylhet Region', doi:10.3329/brj.v21i2.38211",Balaganj,Sylhet,24.6954,91.7734
Sylhet,5,Boro-B. Aman,Habiganj,800.0,4.05,3.36,"Bangladesh Rice Journal 21(2) 2017, 'Cropping Systems and Land Use in Sylhet Region', doi:10.3329/brj.v21i2.38211",Habiganj Sadar,Habiganj,24.3359,91.4143
Sylhet,5,Boro-B. Aman,Bahubal,500.0,3.04,2.1,"Bangladesh Rice Journal 21(2) 2017, 'Cropping Systems and Land Use in Sylhet Region', doi:10.3329/brj.v21i2.38211",Bahubal,Habiganj,24.3606,91.5464
Sylhet,5,Boro-B. Aman,Companiganj,20.0,0.11,0.08,"Bangladesh Rice Journal 21(2) 2017, 'Cropping Systems and Land Use in Sylhet Region', doi:10.3329/brj.v21i2.38211",Companiganj,Noakhali,22.7825,91.2735
Sylhet,5,Boro-B. Aman,Kanaighat,10.0,0.04,0.04,"Bangladesh Rice Journal 21(2) 2017, 'Cropping Systems and Land Use in Sylhet Region', doi:10.3329/brj.v21i2.38211",Kanaighat,Sylhet,24.9935,92.218
Sylhet,6,Boro-Aus-T. Aman,Chunarughat,5500.0,24.33,30.83,"Bangladesh Rice Journal 21(2) 2017, 'Cropping Systems and Land Use in Sylhet Region', doi:10.3329/brj.v21i2.38211",Chunarughat,Habiganj,24.1816,91.5174
Sylhet,6,Boro-Aus-T. Aman,Habiganj,4500.0,22.81,25.22,"Bangladesh Rice Journal 21(2) 2017, 'Cropping Systems and Land Use in Sylhet Region', doi:10.3329/brj.v21i2.38211",Habiganj Sadar,Habiganj,24.3359,91.4143
Sylhet,6,Boro-Aus-T. Aman,Madhabpur,3400.0,21.07,19.06,"Bangladesh Rice Journal 21(2) 2017, 'Cropping Systems and Land Use in Sylhet Region', doi:10.3329/brj.v21i2.38211",Madhabpur,Habiganj,24.1205,91.3415
Sylhet,6,Boro-Aus-T. Aman,Kulaura,1600.0,7.14,8.97,"Bangladesh Rice Journal 21(2) 2017, 'Cropping Systems and Land Use in Sylhet Region', doi:10.3329/brj.v21i2.38211",Kulaura,Maulvibazar,24.4903,92.0123
Sylhet,6,Boro-Aus-T. Aman,Bahubal,700.0,4.26,3.92,"Bangladesh Rice Journal 21(2) 2017, 'Cropping Systems and Land Use in Sylhet Region', doi:10.3329/brj.v21i2.38211",Bahubal,Habiganj,24.3606,91.5464
Sylhet,6,Boro-Aus-T. Aman,Juri,500.0,4.73,2.8,"Bangladesh Rice Journal 21(2) 2017, 'Cropping Systems and Land Use in Sylhet Region', doi:10.3329/brj.v21i2.38211",Juri,Maulvibazar,24.5532,92.1432
Sylhet,6,Boro-Aus-T. Aman,Kamalganj,490.0,2.71,2.75,"Bangladesh Rice Journal 21(2) 2017, 'Cropping Systems and Land Use in Sylhet Region', doi:10.3329/brj.v21i2.38211",Kamalganj,Maulvibazar,24.3157,91.8592
Sylhet,6,Boro-Aus-T. Aman,Sreemangal,350.0,1.85,1.96,"Bangladesh Rice Journal 21(2) 2017, 'Cropping Systems and Land Use in Sylhet Region', doi:10.3329/brj.v21i2.38211",Sreemangal,Maulvibazar,24.301,91.698
Sylhet,6,Boro-Aus-T. Aman,Biswanath,300.0,1.81,1.68,"Bangladesh Rice Journal 21(2) 2017, 'Cropping Systems and Land Use in Sylhet Region', doi:10.3329/brj.v21i2.38211",Bishwanath,Sylhet,24.8349,91.7292
Sylhet,6,Boro-Aus-T. Aman,Jaintapur,300.0,2.07,1.68,"Bangladesh Rice Journal 21(2) 2017, 'Cropping Systems and Land Use in Sylhet Region', doi:10.3329/brj.v21i2.38211",Jaintiapur,Sylhet,25.0565,92.1014
Sylhet,6,Boro-Aus-T. Aman,Nabiganj,100.0,0.4,0.56,"Bangladesh Rice Journal 21(2) 2017, 'Cropping Systems and Land Use in Sylhet Region', doi:10.3329/brj.v21i2.38211",Nabiganj,Habiganj,24.5696,91.5444
Sylhet,6,Boro-Aus-T. Aman,Maulvibazar,100.0,0.39,0.56,"Bangladesh Rice Journal 21(2) 2017, 'Cropping Systems and Land Use in Sylhet Region', doi:10.3329/brj.v21i2.38211",Maulvi Bazar Sadar,Maulvibazar,24.4995,91.7123
